timestamp,open,high,low,close,volume
2026-07-01 09:15:00+05:30,57573.35,57664.75,57487.85,57602.2,0
2026-07-01 09:20:00+05:30,57605.9,57612.85,57539.85,57564.05,0
2026-07-01 09:25:00+05:30,57561.8,57574.65,57505.85,57523.1,0
2026-07-01 09:30:00+05:30,57518.4,57573.6,57505.75,57531.55,0
2026-07-01 09:35:00+05:30,57531.15,57612.75,57530.3,57600.1,0
2026-07-01 09:40:00+05:30,57597.55,57671.6,57592.85,57668.1,0
2026-07-01 09:45:00+05:30,57667.95,57721.9,57647.3,57648.3,0
2026-07-01 09:50:00+05:30,57649.85,57662.15,57577.45,57645.05,0
2026-07-01 09:55:00+05:30,57645.5,57687.55,57630.3,57654.05,0
2026-07-01 10:00:00+05:30,57655.8,57685.0,57592.8,57616.05,0
2026-07-01 10:05:00+05:30,57605.1,57669.1,57579.95,57665.75,0
2026-07-01 10:10:00+05:30,57662.45,57744.95,57653.15,57731.75,0
2026-07-01 10:15:00+05:30,57731.05,57829.15,57725.1,57826.5,0
2026-07-01 10:20:00+05:30,57830.3,57877.9,57790.35,57851.4,0
2026-07-01 10:25:00+05:30,57851.95,57857.5,57784.65,57826.75,0
2026-07-01 10:30:00+05:30,57824.0,57845.45,57757.5,57764.55,0
2026-07-01 10:35:00+05:30,57760.35,57795.65,57712.55,57721.35,0
2026-07-01 10:40:00+05:30,57716.35,57732.05,57673.6,57694.6,0
2026-07-01 10:45:00+05:30,57697.65,57749.8,57694.95,57725.2,0
2026-07-01 10:50:00+05:30,57726.8,57755.05,57688.3,57737.35,0
2026-07-01 10:55:00+05:30,57738.75,57747.25,57712.9,57733.45,0
2026-07-01 11:00:00+05:30,57732.45,57801.7,57728.35,57789.2,0
2026-07-01 11:05:00+05:30,57787.1,57826.45,57775.15,57826.1,0
2026-07-01 11:10:00+05:30,57820.05,57885.25,57814.65,57883.0,0
2026-07-01 11:15:00+05:30,57882.35,57927.7,57881.6,57903.55,0
2026-07-01 11:20:00+05:30,57904.75,57913.15,57865.95,57866.8,0
2026-07-01 11:25:00+05:30,57865.5,57874.3,57846.25,57868.65,0
2026-07-01 11:30:00+05:30,57869.4,57883.15,57839.6,57842.9,0
2026-07-01 11:35:00+05:30,57841.3,57850.9,57815.75,57830.75,0
2026-07-01 11:40:00+05:30,57829.9,57887.2,57822.7,57884.4,0
2026-07-01 11:45:00+05:30,57884.75,57930.1,57880.85,57926.0,0
2026-07-01 11:50:00+05:30,57926.3,57939.65,57888.75,57919.95,0
2026-07-01 11:55:00+05:30,57914.9,57986.25,57889.55,57984.0,0
2026-07-01 12:00:00+05:30,57985.55,57994.65,57932.35,57940.15,0
2026-07-01 12:05:00+05:30,57940.85,57984.9,57938.7,57973.05,0
2026-07-01 12:10:00+05:30,57969.65,57991.4,57948.4,57972.6,0
2026-07-01 12:15:00+05:30,57974.2,58012.5,57964.4,57997.7,0
2026-07-01 12:20:00+05:30,57996.45,58030.2,57952.15,58015.5,0
2026-07-01 12:25:00+05:30,58012.5,58065.0,57926.85,57934.35,0
2026-07-01 12:30:00+05:30,57934.8,58037.95,57934.8,58027.15,0
2026-07-01 12:35:00+05:30,58025.15,58036.95,58011.65,58026.6,0
2026-07-01 12:40:00+05:30,58026.15,58027.8,57946.95,57963.7,0
2026-07-01 12:45:00+05:30,57964.35,57979.45,57953.95,57953.95,0
2026-07-01 12:50:00+05:30,57954.1,57975.2,57946.4,57954.7,0
2026-07-01 12:55:00+05:30,57952.0,57978.4,57941.15,57968.0,0
2026-07-01 13:00:00+05:30,57966.25,57978.75,57926.05,57943.55,0
2026-07-01 13:05:00+05:30,57942.05,57966.35,57939.55,57956.6,0
2026-07-01 13:10:00+05:30,57956.05,58011.8,57951.25,58002.5,0
2026-07-01 13:15:00+05:30,58008.0,58018.2,57982.7,57995.85,0
2026-07-01 13:20:00+05:30,57996.7,58013.9,57971.25,57983.05,0
2026-07-01 13:25:00+05:30,57981.7,58012.85,57951.85,57955.85,0
2026-07-01 13:30:00+05:30,57956.5,58003.0,57919.5,57987.4,0
2026-07-01 13:35:00+05:30,57985.25,58070.1,57985.25,58045.35,0
2026-07-01 13:40:00+05:30,58043.85,58049.35,57995.25,58016.25,0
2026-07-01 13:45:00+05:30,58013.25,58019.9,57954.5,57969.85,0
2026-07-01 13:50:00+05:30,57968.15,57984.2,57962.6,57967.95,0
2026-07-01 13:55:00+05:30,57966.75,57991.1,57958.5,57965.85,0
2026-07-01 14:00:00+05:30,57962.5,57976.55,57931.9,57964.8,0
2026-07-01 14:05:00+05:30,57965.5,58015.6,57954.0,58011.4,0
2026-07-01 14:10:00+05:30,58011.8,58039.95,58003.55,58019.6,0
2026-07-01 14:15:00+05:30,58020.5,58026.0,57957.7,57959.1,0
2026-07-01 14:20:00+05:30,57959.45,58002.7,57959.05,58000.65,0
2026-07-01 14:25:00+05:30,58001.75,58005.85,57952.75,57959.05,0
2026-07-01 14:30:00+05:30,57959.2,57973.25,57937.2,57938.1,0
2026-07-01 14:35:00+05:30,57934.95,57958.2,57879.7,57884.85,0
2026-07-01 14:40:00+05:30,57880.8,57929.6,57850.65,57916.95,0
2026-07-01 14:45:00+05:30,57915.15,57940.85,57902.6,57907.05,0
2026-07-01 14:50:00+05:30,57907.6,58036.85,57907.6,58032.45,0
2026-07-01 14:55:00+05:30,58032.85,58122.95,58029.4,58107.9,0
2026-07-01 15:00:00+05:30,58112.55,58134.15,58061.1,58068.8,0
2026-07-01 15:05:00+05:30,58066.95,58072.15,58022.95,58039.3,0
2026-07-01 15:10:00+05:30,58038.15,58113.4,58035.85,58037.0,0
2026-07-01 15:15:00+05:30,58040.3,58046.55,57978.9,57987.15,0
2026-07-01 15:20:00+05:30,57986.0,58014.5,57971.15,57993.05,0
2026-07-01 15:25:00+05:30,57992.05,57999.15,57896.35,57918.3,0
2026-07-02 09:15:00+05:30,58134.5,58185.85,58086.6,58123.3,0
2026-07-02 09:20:00+05:30,58127.6,58202.15,58074.7,58197.4,0
2026-07-02 09:25:00+05:30,58200.4,58209.0,58140.5,58157.5,0
2026-07-02 09:30:00+05:30,58157.35,58220.85,58142.35,58203.4,0
2026-07-02 09:35:00+05:30,58206.0,58338.1,58199.55,58333.9,0
2026-07-02 09:40:00+05:30,58335.7,58396.1,58314.7,58361.95,0
2026-07-02 09:45:00+05:30,58360.45,58387.3,58331.3,58350.05,0
2026-07-02 09:50:00+05:30,58354.35,58369.2,58275.8,58285.55,0
2026-07-02 09:55:00+05:30,58284.1,58287.65,58206.75,58241.5,0
2026-07-02 10:00:00+05:30,58239.55,58252.85,58188.1,58201.85,0
2026-07-02 10:05:00+05:30,58200.4,58213.9,58110.4,58159.25,0
2026-07-02 10:10:00+05:30,58154.0,58209.95,58107.6,58107.6,0
2026-07-02 10:15:00+05:30,58109.2,58149.5,58077.6,58125.35,0
2026-07-02 10:20:00+05:30,58124.0,58152.25,58111.3,58134.1,0
2026-07-02 10:25:00+05:30,58133.05,58168.9,58119.7,58144.35,0
2026-07-02 10:30:00+05:30,58141.15,58153.35,58097.35,58133.3,0
2026-07-02 10:35:00+05:30,58127.95,58194.35,58114.6,58186.25,0
2026-07-02 10:40:00+05:30,58184.2,58188.75,58158.15,58185.1,0
2026-07-02 10:45:00+05:30,58184.3,58201.95,58159.05,58168.7,0
2026-07-02 10:50:00+05:30,58166.8,58174.45,58141.55,58148.6,0
2026-07-02 10:55:00+05:30,58150.15,58155.2,58108.15,58140.35,0
2026-07-02 11:00:00+05:30,58142.05,58147.15,58072.25,58105.75,0
2026-07-02 11:05:00+05:30,58105.6,58111.45,58066.25,58066.25,0
2026-07-02 11:10:00+05:30,58072.65,58085.8,58032.15,58084.35,0
2026-07-02 11:15:00+05:30,58084.0,58087.95,58039.2,58043.4,0
2026-07-02 11:20:00+05:30,58043.25,58078.4,58005.65,58074.5,0
2026-07-02 11:25:00+05:30,58074.1,58090.65,58023.4,58036.2,0
2026-07-02 11:30:00+05:30,58036.9,58052.65,58013.85,58037.7,0
2026-07-02 11:35:00+05:30,58036.2,58037.45,57959.9,57961.9,0
2026-07-02 11:40:00+05:30,57959.7,57970.65,57930.15,57969.7,0
2026-07-02 11:45:00+05:30,57969.85,57999.1,57964.2,57977.4,0
2026-07-02 11:50:00+05:30,57979.55,58070.3,57972.5,58047.05,0
2026-07-02 11:55:00+05:30,58044.7,58072.2,58012.75,58014.25,0
2026-07-02 12:00:00+05:30,58017.5,58054.4,58005.25,58020.0,0
2026-07-02 12:05:00+05:30,58023.25,58058.35,58017.45,58039.05,0
2026-07-02 12:10:00+05:30,58039.3,58050.6,58001.5,58041.6,0
2026-07-02 12:15:00+05:30,58043.7,58105.0,58004.95,58078.65,0
2026-07-02 12:20:00+05:30,58077.9,58146.4,58070.0,58121.4,0
2026-07-02 12:25:00+05:30,58120.7,58184.25,58110.95,58168.4,0
2026-07-02 12:30:00+05:30,58170.9,58172.5,58117.8,58135.05,0
2026-07-02 12:35:00+05:30,58136.7,58165.25,58124.75,58152.05,0
2026-07-02 12:40:00+05:30,58152.45,58155.55,58080.55,58092.8,0
2026-07-02 12:45:00+05:30,58094.45,58118.1,58073.2,58099.4,0
2026-07-02 12:50:00+05:30,58095.65,58097.55,58063.25,58073.75,0
2026-07-02 12:55:00+05:30,58073.1,58076.65,58037.05,58056.75,0
2026-07-02 13:00:00+05:30,58055.65,58090.45,58044.5,58077.45,0
2026-07-02 13:05:00+05:30,58078.85,58111.7,58068.55,58096.7,0
2026-07-02 13:10:00+05:30,58099.4,58106.2,58069.95,58094.2,0
2026-07-02 13:15:00+05:30,58084.35,58114.4,58082.45,58109.35,0
2026-07-02 13:20:00+05:30,58109.05,58111.6,58077.0,58097.15,0
2026-07-02 13:25:00+05:30,58101.65,58106.4,58054.45,58057.05,0
2026-07-02 13:30:00+05:30,58059.05,58079.95,58041.15,58073.4,0
2026-07-02 13:35:00+05:30,58070.35,58082.55,58014.15,58040.05,0
2026-07-02 13:40:00+05:30,58041.6,58059.55,58022.0,58032.5,0
2026-07-02 13:45:00+05:30,58032.05,58039.3,58004.15,58018.9,0
2026-07-02 13:50:00+05:30,58017.5,58042.1,58005.25,58009.75,0
2026-07-02 13:55:00+05:30,58010.45,58014.9,57984.3,58006.3,0
2026-07-02 14:00:00+05:30,58006.65,58051.25,57999.4,58047.2,0
2026-07-02 14:05:00+05:30,58045.65,58066.4,58011.8,58020.75,0
2026-07-02 14:10:00+05:30,58021.85,58028.0,57892.15,57910.3,0
2026-07-02 14:15:00+05:30,57912.4,57994.1,57884.6,57955.65,0
2026-07-02 14:20:00+05:30,57956.2,57993.7,57928.85,57957.85,0
2026-07-02 14:25:00+05:30,57957.4,57959.1,57899.75,57932.15,0
2026-07-02 14:30:00+05:30,57934.1,57967.2,57922.05,57929.95,0
2026-07-02 14:35:00+05:30,57929.9,58066.55,57925.6,58049.8,0
2026-07-02 14:40:00+05:30,58050.7,58052.0,58008.4,58012.35,0
2026-07-02 14:45:00+05:30,58011.1,58053.25,58004.15,58038.95,0
2026-07-02 14:50:00+05:30,58038.75,58073.15,58028.35,58044.7,0
2026-07-02 14:55:00+05:30,58044.35,58097.8,58020.05,58091.15,0
2026-07-02 15:00:00+05:30,58093.45,58107.35,58037.85,58059.5,0
2026-07-02 15:05:00+05:30,58060.05,58096.35,58033.5,58072.55,0
2026-07-02 15:10:00+05:30,58072.95,58079.3,58033.0,58043.7,0
2026-07-02 15:15:00+05:30,58047.0,58057.7,57973.15,57980.45,0
2026-07-02 15:20:00+05:30,57978.6,58013.9,57965.1,57981.3,0
2026-07-02 15:25:00+05:30,57982.0,57992.4,57948.45,57967.85,0
2026-07-03 09:15:00+05:30,58343.25,58343.25,57978.55,58017.8,0
2026-07-03 09:20:00+05:30,58015.85,58130.75,57996.7,58076.85,0
2026-07-03 09:25:00+05:30,58076.0,58136.75,58071.9,58111.15,0
2026-07-03 09:30:00+05:30,58109.25,58170.1,58100.45,58121.65,0
2026-07-03 09:35:00+05:30,58125.15,58138.0,58073.95,58104.2,0
2026-07-03 09:40:00+05:30,58107.5,58117.0,58036.2,58044.4,0
2026-07-03 09:45:00+05:30,58044.8,58081.4,58015.85,58057.15,0
2026-07-03 09:50:00+05:30,58057.75,58117.25,58052.0,58090.35,0
2026-07-03 09:55:00+05:30,58089.55,58097.1,58043.8,58075.7,0
2026-07-03 10:00:00+05:30,58077.35,58114.7,58055.85,58097.75,0
2026-07-03 10:05:00+05:30,58103.25,58139.1,58082.6,58131.5,0
2026-07-03 10:10:00+05:30,58133.5,58151.1,58074.2,58075.85,0
2026-07-03 10:15:00+05:30,58081.15,58148.35,58065.4,58091.95,0
2026-07-03 10:20:00+05:30,58087.2,58193.0,58070.55,58150.05,0
2026-07-03 10:25:00+05:30,58151.95,58193.85,58120.05,58141.25,0
2026-07-03 10:30:00+05:30,58143.9,58148.65,58072.1,58098.75,0
2026-07-03 10:35:00+05:30,58100.0,58140.5,58081.6,58109.4,0
2026-07-03 10:40:00+05:30,58115.0,58128.85,58075.2,58085.4,0
2026-07-03 10:45:00+05:30,58086.75,58098.2,58065.4,58086.8,0
2026-07-03 10:50:00+05:30,58086.35,58100.8,58051.7,58056.95,0
2026-07-03 10:55:00+05:30,58057.1,58057.1,58021.45,58025.0,0
2026-07-03 11:00:00+05:30,58025.4,58055.45,58016.55,58036.95,0
2026-07-03 11:05:00+05:30,58038.85,58047.0,57977.8,57984.9,0
2026-07-03 11:10:00+05:30,57986.15,57998.25,57953.15,57956.95,0
2026-07-03 11:15:00+05:30,57959.2,57983.8,57928.05,57942.5,0
2026-07-03 11:20:00+05:30,57945.55,57971.45,57916.6,57942.55,0
2026-07-03 11:25:00+05:30,57944.05,57991.95,57935.45,57988.35,0
2026-07-03 11:30:00+05:30,57992.05,58049.4,57961.2,58002.1,0
2026-07-03 11:35:00+05:30,58004.25,58015.45,57971.95,58007.85,0
2026-07-03 11:40:00+05:30,58009.5,58052.3,58003.85,58035.75,0
2026-07-03 11:45:00+05:30,58035.05,58092.6,58029.4,58072.35,0
2026-07-03 11:50:00+05:30,58072.55,58100.15,58041.15,58055.95,0
2026-07-03 11:55:00+05:30,58060.05,58067.1,58020.45,58038.1,0
2026-07-03 12:00:00+05:30,58044.25,58052.6,58018.7,58032.8,0
2026-07-03 12:05:00+05:30,58033.15,58037.0,58001.15,58014.8,0
2026-07-03 12:10:00+05:30,58015.45,58036.7,57985.65,58023.05,0
2026-07-03 12:15:00+05:30,58019.55,58049.6,58011.4,58038.8,0
2026-07-03 12:20:00+05:30,58043.0,58047.55,57997.65,58004.35,0
2026-07-03 12:25:00+05:30,58004.8,58023.8,57983.45,58005.6,0
2026-07-03 12:30:00+05:30,58006.0,58015.45,57975.25,57986.0,0
2026-07-03 12:35:00+05:30,57984.35,57993.95,57959.45,57987.35,0
2026-07-03 12:40:00+05:30,57990.1,57992.4,57957.95,57971.5,0
2026-07-03 12:45:00+05:30,57973.45,57978.65,57933.15,57956.1,0
2026-07-03 12:50:00+05:30,57957.9,57979.0,57943.55,57959.1,0
2026-07-03 12:55:00+05:30,57958.0,57963.05,57929.3,57951.35,0
2026-07-03 13:00:00+05:30,57953.7,57961.95,57884.65,57893.55,0
2026-07-03 13:05:00+05:30,57895.4,57896.1,57837.65,57871.95,0
2026-07-03 13:10:00+05:30,57874.2,57918.25,57860.95,57897.95,0
2026-07-03 13:15:00+05:30,57898.9,57898.9,57843.4,57865.5,0
2026-07-03 13:20:00+05:30,57869.7,57896.3,57865.85,57882.1,0
2026-07-03 13:25:00+05:30,57885.45,57897.35,57865.9,57880.2,0
2026-07-03 13:30:00+05:30,57881.85,57882.15,57825.8,57836.25,0
2026-07-03 13:35:00+05:30,57837.35,57850.6,57799.05,57845.35,0
2026-07-03 13:40:00+05:30,57845.1,57889.4,57839.75,57871.9,0
2026-07-03 13:45:00+05:30,57871.85,57887.8,57854.65,57886.1,0
2026-07-03 13:50:00+05:30,57884.9,57909.75,57875.35,57888.05,0
2026-07-03 13:55:00+05:30,57890.55,57890.55,57854.5,57860.6,0
2026-07-03 14:00:00+05:30,57857.6,57888.2,57825.7,57834.6,0
2026-07-03 14:05:00+05:30,57835.1,57880.8,57834.3,57865.5,0
2026-07-03 14:10:00+05:30,57867.4,57910.8,57853.0,57900.85,0
2026-07-03 14:15:00+05:30,57901.35,57924.05,57877.0,57881.8,0
2026-07-03 14:20:00+05:30,57882.75,57900.0,57832.55,57888.75,0
2026-07-03 14:25:00+05:30,57885.7,57892.3,57844.15,57880.95,0
2026-07-03 14:30:00+05:30,57883.05,57960.3,57875.0,57948.15,0
2026-07-03 14:35:00+05:30,57950.15,57962.0,57905.45,57950.9,0
2026-07-03 14:40:00+05:30,57952.2,57956.55,57915.25,57924.6,0
2026-07-03 14:45:00+05:30,57927.0,57958.5,57893.55,57958.5,0
2026-07-03 14:50:00+05:30,57960.2,57960.65,57897.0,57907.75,0
2026-07-03 14:55:00+05:30,57908.0,57923.95,57863.85,57878.95,0
2026-07-03 15:00:00+05:30,57881.9,57951.25,57881.9,57924.35,0
2026-07-03 15:05:00+05:30,57926.9,57952.3,57917.65,57931.55,0
2026-07-03 15:10:00+05:30,57930.75,57962.4,57924.2,57947.95,0
2026-07-03 15:15:00+05:30,57947.55,57957.35,57928.9,57939.9,0
2026-07-03 15:20:00+05:30,57943.85,57973.85,57934.95,57947.25,0
2026-07-03 15:25:00+05:30,57956.05,57977.55,57932.85,57973.2,0
2026-07-06 09:15:00+05:30,57983.9,58352.75,57938.65,58303.2,0
2026-07-06 09:20:00+05:30,58308.95,58315.25,58166.55,58166.55,0
2026-07-06 09:25:00+05:30,58172.25,58178.85,58111.25,58137.4,0
2026-07-06 09:30:00+05:30,58139.6,58226.95,58131.05,58173.5,0
2026-07-06 09:35:00+05:30,58174.2,58214.15,58136.9,58154.3,0
2026-07-06 09:40:00+05:30,58157.35,58190.45,58134.4,58171.6,0
2026-07-06 09:45:00+05:30,58173.35,58312.45,58163.8,58273.2,0
2026-07-06 09:50:00+05:30,58281.25,58326.55,58271.3,58289.15,0
2026-07-06 09:55:00+05:30,58293.9,58305.55,58246.4,58300.55,0
2026-07-06 10:00:00+05:30,58301.25,58328.85,58275.7,58313.8,0
2026-07-06 10:05:00+05:30,58317.7,58355.2,58276.45,58346.05,0
2026-07-06 10:10:00+05:30,58344.05,58376.35,58270.3,58278.05,0
2026-07-06 10:15:00+05:30,58279.2,58317.25,58268.9,58294.45,0
2026-07-06 10:20:00+05:30,58294.3,58334.65,58275.6,58313.6,0
2026-07-06 10:25:00+05:30,58316.0,58374.25,58307.7,58338.1,0
2026-07-06 10:30:00+05:30,58339.85,58359.4,58290.7,58301.75,0
2026-07-06 10:35:00+05:30,58295.2,58305.5,58248.85,58259.25,0
2026-07-06 10:40:00+05:30,58261.2,58294.75,58250.35,58290.05,0
2026-07-06 10:45:00+05:30,58291.5,58343.2,58282.6,58336.25,0
2026-07-06 10:50:00+05:30,58338.35,58355.45,58272.3,58279.95,0
2026-07-06 10:55:00+05:30,58283.1,58323.05,58248.9,58323.05,0
2026-07-06 11:00:00+05:30,58325.55,58334.85,58284.15,58295.15,0
2026-07-06 11:05:00+05:30,58298.75,58329.35,58290.3,58308.2,0
2026-07-06 11:10:00+05:30,58307.45,58322.35,58285.2,58287.9,0
2026-07-06 11:15:00+05:30,58288.85,58290.3,58255.0,58273.95,0
2026-07-06 11:20:00+05:30,58288.55,58376.55,58273.4,58372.1,0
2026-07-06 11:25:00+05:30,58369.75,58388.8,58316.05,58329.6,0
2026-07-06 11:30:00+05:30,58328.7,58332.95,58299.0,58308.75,0
2026-07-06 11:35:00+05:30,58309.75,58314.55,58258.2,58258.2,0
2026-07-06 11:40:00+05:30,58257.2,58266.5,58219.4,58221.9,0
2026-07-06 11:45:00+05:30,58222.15,58256.9,58213.55,58241.6,0
2026-07-06 11:50:00+05:30,58238.85,58249.0,58215.6,58228.15,0
2026-07-06 11:55:00+05:30,58228.55,58283.6,58226.2,58282.4,0
2026-07-06 12:00:00+05:30,58284.45,58302.35,58265.45,58297.35,0
2026-07-06 12:05:00+05:30,58294.3,58361.15,58289.2,58358.8,0
2026-07-06 12:10:00+05:30,58348.8,58472.65,58340.65,58453.55,0
2026-07-06 12:15:00+05:30,58451.9,58473.35,58423.8,58443.7,0
2026-07-06 12:20:00+05:30,58438.9,58457.5,58421.6,58429.65,0
2026-07-06 12:25:00+05:30,58430.05,58447.6,58419.4,58430.2,0
2026-07-06 12:30:00+05:30,58428.35,58477.3,58418.35,58453.65,0
2026-07-06 12:35:00+05:30,58457.65,58462.65,58413.35,58417.0,0
2026-07-06 12:40:00+05:30,58416.7,58436.75,58383.3,58417.15,0
2026-07-06 12:45:00+05:30,58417.75,58418.25,58355.85,58375.4,0
2026-07-06 12:50:00+05:30,58383.65,58397.35,58339.6,58346.0,0
2026-07-06 12:55:00+05:30,58347.7,58415.2,58339.25,58412.9,0
2026-07-06 13:00:00+05:30,58411.15,58424.3,58372.7,58418.35,0
2026-07-06 13:05:00+05:30,58419.9,58456.95,58413.8,58456.95,0
2026-07-06 13:10:00+05:30,58443.6,58463.1,58432.0,58450.35,0
2026-07-06 13:15:00+05:30,58450.6,58458.2,58408.0,58411.5,0
2026-07-06 13:20:00+05:30,58416.05,58424.1,58395.3,58411.8,0
2026-07-06 13:25:00+05:30,58410.15,58419.7,58381.1,58416.7,0
2026-07-06 13:30:00+05:30,58408.05,58430.15,58397.35,58414.9,0
2026-07-06 13:35:00+05:30,58416.15,58454.15,58407.2,58429.25,0
2026-07-06 13:40:00+05:30,58432.7,58448.25,58387.9,58389.9,0
2026-07-06 13:45:00+05:30,58391.9,58411.95,58377.7,58389.9,0
2026-07-06 13:50:00+05:30,58392.8,58412.95,58367.85,58380.95,0
2026-07-06 13:55:00+05:30,58378.75,58382.5,58350.25,58361.7,0
2026-07-06 14:00:00+05:30,58362.05,58394.35,58350.9,58391.25,0
2026-07-06 14:05:00+05:30,58393.4,58404.5,58319.65,58337.2,0
2026-07-06 14:10:00+05:30,58337.25,58370.05,58321.05,58327.45,0
2026-07-06 14:15:00+05:30,58326.15,58353.5,58324.6,58339.9,0
2026-07-06 14:20:00+05:30,58342.2,58352.05,58324.85,58338.95,0
2026-07-06 14:25:00+05:30,58338.0,58355.95,58301.85,58311.7,0
2026-07-06 14:30:00+05:30,58314.8,58337.65,58304.4,58320.65,0
2026-07-06 14:35:00+05:30,58320.85,58346.4,58314.95,58334.5,0
2026-07-06 14:40:00+05:30,58337.75,58338.05,58285.2,58295.0,0
2026-07-06 14:45:00+05:30,58295.85,58305.8,58244.85,58249.55,0
2026-07-06 14:50:00+05:30,58249.45,58307.85,58246.6,58304.1,0
2026-07-06 14:55:00+05:30,58303.95,58309.85,58267.8,58281.3,0
2026-07-06 15:00:00+05:30,58279.5,58321.2,58275.35,58288.25,0
2026-07-06 15:05:00+05:30,58287.9,58335.75,58285.05,58318.75,0
2026-07-06 15:10:00+05:30,58316.45,58321.8,58293.5,58309.45,0
2026-07-06 15:15:00+05:30,58309.85,58312.15,58280.25,58289.85,0
2026-07-06 15:20:00+05:30,58292.65,58303.95,58270.9,58285.3,0
2026-07-06 15:25:00+05:30,58284.3,58301.05,58234.15,58263.0,0
2026-07-07 09:15:00+05:30,58567.85,58581.1,58320.75,58446.5,0
2026-07-07 09:20:00+05:30,58446.15,58514.6,58407.85,58492.0,0
2026-07-07 09:25:00+05:30,58493.35,58519.0,58451.2,58497.7,0
2026-07-07 09:30:00+05:30,58497.4,58505.9,58373.0,58377.2,0
2026-07-07 09:35:00+05:30,58376.65,58482.05,58361.6,58364.3,0
2026-07-07 09:40:00+05:30,58366.45,58426.65,58366.1,58408.2,0
2026-07-07 09:45:00+05:30,58407.55,58436.1,58377.45,58419.65,0
2026-07-07 09:50:00+05:30,58422.45,58457.0,58389.9,58395.95,0
2026-07-07 09:55:00+05:30,58397.45,58429.1,58393.8,58425.4,0
2026-07-07 10:00:00+05:30,58425.7,58441.05,58402.25,58424.4,0
2026-07-07 10:05:00+05:30,58423.7,58437.45,58392.05,58415.1,0
2026-07-07 10:10:00+05:30,58412.2,58425.3,58397.2,58410.1,0
2026-07-07 10:15:00+05:30,58410.4,58464.9,58400.45,58455.55,0
2026-07-07 10:20:00+05:30,58461.5,58461.5,58390.65,58406.05,0
2026-07-07 10:25:00+05:30,58405.65,58413.7,58363.65,58393.25,0
2026-07-07 10:30:00+05:30,58393.4,58422.0,58392.5,58398.9,0
2026-07-07 10:35:00+05:30,58400.1,58438.75,58387.75,58416.1,0
2026-07-07 10:40:00+05:30,58417.3,58438.9,58381.65,58388.35,0
2026-07-07 10:45:00+05:30,58389.2,58431.1,58367.0,58430.9,0
2026-07-07 10:50:00+05:30,58430.3,58430.3,58376.1,58388.75,0
2026-07-07 10:55:00+05:30,58380.5,58392.35,58348.9,58375.95,0
2026-07-07 11:00:00+05:30,58376.75,58403.3,58365.25,58390.3,0
2026-07-07 11:05:00+05:30,58392.7,58430.8,58384.1,58427.5,0
2026-07-07 11:10:00+05:30,58427.6,58450.1,58415.2,58430.35,0
2026-07-07 11:15:00+05:30,58431.95,58431.95,58381.1,58395.4,0
2026-07-07 11:20:00+05:30,58397.45,58435.2,58389.9,58401.55,0
2026-07-07 11:25:00+05:30,58399.6,58447.8,58399.6,58427.55,0
2026-07-07 11:30:00+05:30,58428.55,58454.45,58421.05,58430.6,0
2026-07-07 11:35:00+05:30,58431.0,58454.95,58410.15,58436.2,0
2026-07-07 11:40:00+05:30,58438.4,58453.9,58425.35,58449.75,0
2026-07-07 11:45:00+05:30,58446.1,58462.2,58418.55,58432.1,0
2026-07-07 11:50:00+05:30,58429.35,58468.85,58427.4,58466.25,0
2026-07-07 11:55:00+05:30,58466.0,58486.6,58452.55,58467.05,0
2026-07-07 12:00:00+05:30,58467.65,58480.8,58447.0,58451.95,0
2026-07-07 12:05:00+05:30,58450.0,58475.9,58446.1,58459.8,0
2026-07-07 12:10:00+05:30,58459.7,58468.35,58393.2,58407.8,0
2026-07-07 12:15:00+05:30,58407.65,58423.6,58355.35,58361.65,0
2026-07-07 12:20:00+05:30,58364.55,58413.85,58364.55,58396.25,0
2026-07-07 12:25:00+05:30,58396.6,58425.05,58387.5,58401.4,0
2026-07-07 12:30:00+05:30,58402.4,58407.2,58315.35,58338.65,0
2026-07-07 12:35:00+05:30,58339.25,58340.6,58289.8,58319.9,0
2026-07-07 12:40:00+05:30,58320.85,58341.75,58307.45,58325.3,0
2026-07-07 12:45:00+05:30,58325.05,58343.7,58292.9,58335.7,0
2026-07-07 12:50:00+05:30,58336.6,58361.65,58317.6,58319.3,0
2026-07-07 12:55:00+05:30,58318.7,58339.6,58282.15,58331.75,0
2026-07-07 13:00:00+05:30,58330.2,58333.85,58297.7,58326.0,0
2026-07-07 13:05:00+05:30,58327.25,58331.05,58270.45,58283.65,0
2026-07-07 13:10:00+05:30,58284.8,58297.35,58214.6,58244.95,0
2026-07-07 13:15:00+05:30,58247.7,58258.25,58213.15,58236.45,0
2026-07-07 13:20:00+05:30,58235.15,58263.9,58228.05,58244.75,0
2026-07-07 13:25:00+05:30,58245.35,58289.5,58240.75,58284.2,0
2026-07-07 13:30:00+05:30,58281.75,58291.55,58243.9,58260.65,0
2026-07-07 13:35:00+05:30,58262.25,58269.65,58227.3,58256.4,0
2026-07-07 13:40:00+05:30,58255.55,58312.95,58249.5,58287.2,0
2026-07-07 13:45:00+05:30,58288.75,58324.55,58263.0,58264.1,0
2026-07-07 13:50:00+05:30,58263.6,58275.7,58232.3,58232.3,0
2026-07-07 13:55:00+05:30,58232.85,58278.45,58225.25,58268.25,0
2026-07-07 14:00:00+05:30,58270.15,58295.95,58241.3,58283.5,0
2026-07-07 14:05:00+05:30,58285.6,58313.4,58276.4,58308.4,0
2026-07-07 14:10:00+05:30,58311.65,58326.6,58288.6,58298.8,0
2026-07-07 14:15:00+05:30,58298.65,58312.7,58277.4,58296.9,0
2026-07-07 14:20:00+05:30,58299.0,58309.45,58280.3,58283.4,0
2026-07-07 14:25:00+05:30,58286.1,58318.9,58274.15,58315.55,0
2026-07-07 14:30:00+05:30,58315.25,58326.35,58304.8,58320.05,0
2026-07-07 14:35:00+05:30,58322.1,58364.55,58322.1,58344.8,0
2026-07-07 14:40:00+05:30,58344.35,58349.9,58314.05,58331.25,0
2026-07-07 14:45:00+05:30,58331.85,58348.4,58309.65,58327.4,0
2026-07-07 14:50:00+05:30,58324.9,58352.7,58321.25,58340.7,0
2026-07-07 14:55:00+05:30,58339.85,58374.3,58315.55,58319.4,0
2026-07-07 15:00:00+05:30,58320.15,58328.7,58202.15,58227.9,0
2026-07-07 15:05:00+05:30,58231.2,58275.4,58210.85,58232.9,0
2026-07-07 15:10:00+05:30,58230.3,58232.6,58180.95,58202.8,0
2026-07-07 15:15:00+05:30,58199.3,58214.25,58174.05,58190.25,0
2026-07-07 15:20:00+05:30,58187.5,58190.5,58146.3,58158.4,0
2026-07-07 15:25:00+05:30,58159.85,58166.4,58110.1,58134.5,0
2026-07-08 09:15:00+05:30,57918.25,58007.25,57797.4,57938.9,0
2026-07-08 09:20:00+05:30,57937.95,57960.7,57835.55,57837.95,0
2026-07-08 09:25:00+05:30,57844.9,57860.0,57816.15,57851.15,0
2026-07-08 09:30:00+05:30,57853.5,57853.5,57706.75,57741.35,0
2026-07-08 09:35:00+05:30,57744.0,57776.95,57730.15,57756.0,0
2026-07-08 09:40:00+05:30,57757.6,57829.15,57740.2,57829.15,0
2026-07-08 09:45:00+05:30,57824.25,57865.6,57802.8,57865.6,0
2026-07-08 09:50:00+05:30,57867.15,57958.45,57859.85,57891.55,0
2026-07-08 09:55:00+05:30,57897.0,57944.25,57845.45,57858.7,0
2026-07-08 10:00:00+05:30,57854.35,57867.95,57829.25,57845.35,0
2026-07-08 10:05:00+05:30,57841.95,57926.15,57836.45,57923.3,0
2026-07-08 10:10:00+05:30,57920.65,57977.35,57908.25,57928.15,0
2026-07-08 10:15:00+05:30,57925.05,57974.5,57909.1,57965.85,0
2026-07-08 10:20:00+05:30,57961.3,57968.5,57868.3,57874.9,0
2026-07-08 10:25:00+05:30,57875.05,57938.95,57855.7,57926.85,0
2026-07-08 10:30:00+05:30,57926.4,57984.85,57925.85,57963.85,0
2026-07-08 10:35:00+05:30,57968.25,58064.0,57955.9,58053.35,0
2026-07-08 10:40:00+05:30,58056.15,58075.6,58013.9,58014.45,0
2026-07-08 10:45:00+05:30,58017.8,58041.15,57984.9,58002.95,0
2026-07-08 10:50:00+05:30,58001.8,58012.95,57955.9,57962.15,0
2026-07-08 10:55:00+05:30,57959.5,57980.65,57935.15,57979.95,0
2026-07-08 11:00:00+05:30,57981.3,57994.8,57962.85,57980.9,0
2026-07-08 11:05:00+05:30,57983.15,57989.0,57947.2,57965.75,0
2026-07-08 11:10:00+05:30,57969.4,57997.7,57941.85,57990.1,0
2026-07-08 11:15:00+05:30,57989.15,57993.15,57907.05,57921.55,0
2026-07-08 11:20:00+05:30,57923.4,57961.4,57913.8,57959.95,0
2026-07-08 11:25:00+05:30,57963.25,58003.8,57951.55,57965.45,0
2026-07-08 11:30:00+05:30,57969.75,57973.85,57925.5,57944.85,0
2026-07-08 11:35:00+05:30,57947.55,57947.55,57914.45,57927.05,0
2026-07-08 11:40:00+05:30,57927.55,57937.1,57866.55,57879.9,0
2026-07-08 11:45:00+05:30,57881.8,57897.45,57843.55,57846.65,0
2026-07-08 11:50:00+05:30,57849.0,57879.8,57831.9,57862.65,0
2026-07-08 11:55:00+05:30,57866.65,57881.5,57804.95,57837.2,0
2026-07-08 12:00:00+05:30,57841.15,57856.5,57814.75,57831.75,0
2026-07-08 12:05:00+05:30,57832.9,57842.15,57804.05,57808.45,0
2026-07-08 12:10:00+05:30,57810.3,57835.75,57788.55,57792.2,0
2026-07-08 12:15:00+05:30,57796.1,57842.65,57751.2,57818.25,0
2026-07-08 12:20:00+05:30,57823.4,57837.5,57786.55,57792.15,0
2026-07-08 12:25:00+05:30,57796.85,57805.9,57760.65,57771.15,0
2026-07-08 12:30:00+05:30,57771.45,57775.3,57726.9,57749.3,0
2026-07-08 12:35:00+05:30,57748.6,57778.45,57733.45,57744.85,0
2026-07-08 12:40:00+05:30,57748.45,57769.65,57722.35,57765.45,0
2026-07-08 12:45:00+05:30,57768.8,57786.65,57746.5,57761.95,0
2026-07-08 12:50:00+05:30,57761.6,57823.95,57759.6,57812.55,0
2026-07-08 12:55:00+05:30,57813.55,57834.6,57800.9,57815.1,0
2026-07-08 13:00:00+05:30,57816.25,57883.7,57810.8,57866.7,0
2026-07-08 13:05:00+05:30,57869.1,57899.0,57850.95,57856.2,0
2026-07-08 13:10:00+05:30,57857.1,57861.45,57837.7,57842.95,0
2026-07-08 13:15:00+05:30,57845.05,57870.05,57815.8,57866.15,0
2026-07-08 13:20:00+05:30,57865.25,57874.65,57839.0,57860.0,0
2026-07-08 13:25:00+05:30,57864.05,57864.05,57829.3,57837.55,0
2026-07-08 13:30:00+05:30,57839.75,57850.9,57814.25,57829.75,0
2026-07-08 13:35:00+05:30,57833.25,57856.15,57811.65,57842.75,0
2026-07-08 13:40:00+05:30,57845.3,57852.4,57803.3,57820.25,0
2026-07-08 13:45:00+05:30,57820.95,57851.05,57567.75,57604.4,0
2026-07-08 13:50:00+05:30,57606.85,57613.0,57393.55,57405.7,0
2026-07-08 13:55:00+05:30,57405.8,57420.5,57197.7,57200.9,0
2026-07-08 14:00:00+05:30,57206.45,57255.5,57072.2,57097.35,0
2026-07-08 14:05:00+05:30,57095.05,57107.45,56925.3,56944.35,0
2026-07-08 14:10:00+05:30,56947.7,56983.35,56811.55,56852.65,0
2026-07-08 14:15:00+05:30,56854.15,57005.55,56816.0,56859.65,0
2026-07-08 14:20:00+05:30,56861.5,56927.25,56797.45,56848.85,0
2026-07-08 14:25:00+05:30,56849.95,56884.65,56721.0,56729.85,0
2026-07-08 14:30:00+05:30,56736.3,56856.25,56708.35,56755.75,0
2026-07-08 14:35:00+05:30,56757.85,56810.2,56703.45,56753.8,0
2026-07-08 14:40:00+05:30,56753.25,56761.3,56685.05,56710.4,0
2026-07-08 14:45:00+05:30,56715.35,56715.35,56607.7,56632.95,0
2026-07-08 14:50:00+05:30,56634.15,56670.45,56549.4,56595.2,0
2026-07-08 14:55:00+05:30,56596.6,56679.4,56582.4,56631.75,0
2026-07-08 15:00:00+05:30,56632.9,56749.15,56632.9,56666.9,0
2026-07-08 15:05:00+05:30,56669.2,56728.75,56622.45,56714.55,0
2026-07-08 15:10:00+05:30,56715.45,56758.0,56682.5,56722.6,0
2026-07-08 15:15:00+05:30,56720.95,56815.7,56718.65,56794.95,0
2026-07-08 15:20:00+05:30,56792.6,56857.25,56789.15,56806.55,0
2026-07-08 15:25:00+05:30,56803.7,56832.9,56760.6,56826.8,0
2026-07-09 09:15:00+05:30,56871.0,57240.0,56867.3,57212.75,0
2026-07-09 09:20:00+05:30,57215.75,57239.55,57104.3,57239.5,0
2026-07-09 09:25:00+05:30,57238.85,57246.5,57143.6,57143.6,0
2026-07-09 09:30:00+05:30,57146.4,57197.7,57094.55,57194.2,0
2026-07-09 09:35:00+05:30,57192.1,57209.25,57115.3,57203.7,0
2026-07-09 09:40:00+05:30,57206.35,57241.9,57149.1,57212.3,0
2026-07-09 09:45:00+05:30,57216.35,57299.0,57194.3,57246.5,0
2026-07-09 09:50:00+05:30,57246.25,57300.75,57240.3,57260.05,0
2026-07-09 09:55:00+05:30,57264.4,57289.9,57223.35,57251.25,0
2026-07-09 10:00:00+05:30,57254.0,57379.5,57242.05,57305.05,0
2026-07-09 10:05:00+05:30,57304.4,57339.5,57281.85,57327.0,0
2026-07-09 10:10:00+05:30,57328.4,57337.1,57290.1,57309.0,0
2026-07-09 10:15:00+05:30,57309.75,57321.9,57225.45,57225.45,0
2026-07-09 10:20:00+05:30,57231.05,57288.6,57213.3,57263.85,0
2026-07-09 10:25:00+05:30,57263.7,57270.15,57195.6,57212.55,0
2026-07-09 10:30:00+05:30,57213.95,57221.95,57183.2,57200.75,0
2026-07-09 10:35:00+05:30,57199.45,57203.9,57091.9,57169.5,0
2026-07-09 10:40:00+05:30,57171.6,57464.2,57157.9,57308.95,0
2026-07-09 10:45:00+05:30,57309.65,57309.9,57085.6,57090.0,0
2026-07-09 10:50:00+05:30,57087.9,57180.1,57049.7,57178.5,0
2026-07-09 10:55:00+05:30,57178.2,57210.4,57154.9,57155.85,0
2026-07-09 11:00:00+05:30,57157.75,57183.45,57075.85,57179.6,0
2026-07-09 11:05:00+05:30,57178.8,57202.05,57138.05,57183.4,0
2026-07-09 11:10:00+05:30,57186.8,57219.6,57158.65,57202.15,0
2026-07-09 11:15:00+05:30,57199.4,57229.7,57157.55,57222.05,0
2026-07-09 11:20:00+05:30,57222.85,57266.8,57176.25,57250.3,0
2026-07-09 11:25:00+05:30,57247.55,57434.6,57237.1,57403.5,0
2026-07-09 11:30:00+05:30,57403.1,57403.1,57305.4,57362.85,0
2026-07-09 11:35:00+05:30,57363.25,57366.5,57306.15,57332.25,0
2026-07-09 11:40:00+05:30,57331.5,57337.5,57273.65,57301.65,0
2026-07-09 11:45:00+05:30,57309.35,57309.35,57239.85,57275.25,0
2026-07-09 11:50:00+05:30,57279.65,57291.65,57243.3,57253.8,0
2026-07-09 11:55:00+05:30,57253.65,57271.5,57228.9,57242.05,0
2026-07-09 12:00:00+05:30,57246.3,57331.8,57220.3,57325.55,0
2026-07-09 12:05:00+05:30,57324.55,57329.6,57265.0,57278.0,0
2026-07-09 12:10:00+05:30,57279.6,57292.65,57245.4,57275.25,0
2026-07-09 12:15:00+05:30,57278.25,57294.55,57245.45,57245.45,0
2026-07-09 12:20:00+05:30,57249.75,57282.1,57222.4,57270.0,0
2026-07-09 12:25:00+05:30,57272.3,57318.65,57267.55,57291.95,0
2026-07-09 12:30:00+05:30,57293.5,57307.75,57247.6,57248.9,0
2026-07-09 12:35:00+05:30,57254.85,57270.65,57248.6,57257.85,0
2026-07-09 12:40:00+05:30,57259.55,57260.15,57196.2,57219.6,0
2026-07-09 12:45:00+05:30,57220.3,57236.05,57187.5,57213.75,0
2026-07-09 12:50:00+05:30,57215.0,57286.65,57194.75,57281.55,0
2026-07-09 12:55:00+05:30,57280.85,57311.9,57275.65,57286.8,0
2026-07-09 13:00:00+05:30,57289.1,57356.4,57261.1,57340.8,0
2026-07-09 13:05:00+05:30,57342.5,57355.5,57295.5,57344.9,0
2026-07-09 13:10:00+05:30,57344.6,57363.65,57318.7,57338.25,0
2026-07-09 13:15:00+05:30,57339.0,57340.5,57303.65,57310.85,0
2026-07-09 13:20:00+05:30,57312.2,57323.35,57268.95,57273.45,0
2026-07-09 13:25:00+05:30,57273.7,57286.65,57240.1,57283.15,0
2026-07-09 13:30:00+05:30,57281.7,57348.65,57279.0,57336.5,0
2026-07-09 13:35:00+05:30,57335.4,57421.65,57331.65,57391.7,0
2026-07-09 13:40:00+05:30,57389.0,57402.15,57344.05,57377.0,0
2026-07-09 13:45:00+05:30,57377.25,57406.55,57351.7,57378.45,0
2026-07-09 13:50:00+05:30,57377.75,57381.7,57346.6,57371.15,0
2026-07-09 13:55:00+05:30,57371.7,57373.4,57339.95,57353.75,0
2026-07-09 14:00:00+05:30,57354.25,57371.6,57319.8,57330.7,0
2026-07-09 14:05:00+05:30,57331.1,57351.0,57309.7,57319.9,0
2026-07-09 14:10:00+05:30,57320.5,57334.75,57268.35,57330.55,0
2026-07-09 14:15:00+05:30,57331.55,57362.85,57293.15,57315.8,0
2026-07-09 14:20:00+05:30,57316.5,57347.1,57272.6,57344.2,0
2026-07-09 14:25:00+05:30,57344.8,57381.45,57305.55,57368.65,0
2026-07-09 14:30:00+05:30,57365.75,57418.05,57355.55,57383.45,0
2026-07-09 14:35:00+05:30,57383.4,57391.4,57314.8,57336.3,0
2026-07-09 14:40:00+05:30,57335.9,57347.95,57219.2,57310.95,0
2026-07-09 14:45:00+05:30,57310.1,57341.85,57265.95,57306.75,0
2026-07-09 14:50:00+05:30,57307.25,57377.2,57301.9,57369.95,0
2026-07-09 14:55:00+05:30,57368.35,57407.25,57347.3,57391.65,0
2026-07-09 15:00:00+05:30,57388.05,57389.75,57220.15,57221.25,0
2026-07-09 15:05:00+05:30,57219.0,57243.7,57125.6,57232.25,0
2026-07-09 15:10:00+05:30,57222.65,57251.4,57199.15,57223.25,0
2026-07-09 15:15:00+05:30,57224.15,57280.35,57222.45,57275.8,0
2026-07-09 15:20:00+05:30,57274.3,57329.25,57267.45,57309.05,0
2026-07-09 15:25:00+05:30,57308.9,57330.75,57296.55,57322.7,0
2026-07-10 09:15:00+05:30,57592.5,57820.2,57576.7,57735.35,0
2026-07-10 09:20:00+05:30,57735.95,57882.4,57730.1,57847.05,0
2026-07-10 09:25:00+05:30,57849.15,57878.8,57796.05,57847.65,0
2026-07-10 09:30:00+05:30,57848.9,57908.65,57831.25,57898.95,0
2026-07-10 09:35:00+05:30,57905.15,57928.55,57863.0,57896.95,0
2026-07-10 09:40:00+05:30,57900.05,57928.15,57882.35,57891.15,0
2026-07-10 09:45:00+05:30,57889.7,57954.2,57889.4,57920.8,0
2026-07-10 09:50:00+05:30,57920.6,57931.0,57857.75,57890.3,0
2026-07-10 09:55:00+05:30,57889.75,57903.75,57872.85,57898.4,0
2026-07-10 10:00:00+05:30,57899.8,57910.85,57841.7,57850.75,0
2026-07-10 10:05:00+05:30,57851.25,57895.5,57846.95,57886.7,0
2026-07-10 10:10:00+05:30,57885.25,57916.85,57879.05,57911.5,0
2026-07-10 10:15:00+05:30,57913.9,57941.55,57894.7,57933.65,0
2026-07-10 10:20:00+05:30,57938.1,57969.45,57928.15,57961.9,0
2026-07-10 10:25:00+05:30,57966.75,57981.55,57934.55,57939.45,0
2026-07-10 10:30:00+05:30,57941.7,57948.2,57873.4,57899.2,0
2026-07-10 10:35:00+05:30,57898.5,57929.6,57892.9,57912.1,0
2026-07-10 10:40:00+05:30,57916.15,57948.2,57907.05,57933.35,0
2026-07-10 10:45:00+05:30,57935.95,57956.6,57930.55,57947.75,0
2026-07-10 10:50:00+05:30,57949.6,57989.35,57945.4,57953.95,0
2026-07-10 10:55:00+05:30,57954.95,57971.15,57933.4,57946.25,0
2026-07-10 11:00:00+05:30,57951.55,57993.15,57944.35,57965.2,0
2026-07-10 11:05:00+05:30,57972.15,57975.95,57929.65,57941.35,0
2026-07-10 11:10:00+05:30,57940.25,57952.05,57914.05,57944.0,0
2026-07-10 11:15:00+05:30,57949.65,57958.0,57903.0,57913.95,0
2026-07-10 11:20:00+05:30,57914.8,57924.3,57900.6,57915.65,0
2026-07-10 11:25:00+05:30,57913.95,57919.15,57840.4,57845.7,0
2026-07-10 11:30:00+05:30,57847.8,57887.95,57831.1,57864.4,0
2026-07-10 11:35:00+05:30,57866.5,57876.05,57832.85,57875.8,0
2026-07-10 11:40:00+05:30,57873.55,57877.15,57817.6,57845.8,0
2026-07-10 11:45:00+05:30,57848.75,57890.95,57840.6,57880.05,0
2026-07-10 11:50:00+05:30,57880.95,57893.0,57842.3,57849.55,0
2026-07-10 11:55:00+05:30,57853.7,57873.4,57830.65,57860.05,0
2026-07-10 12:00:00+05:30,57858.2,57910.9,57857.2,57887.85,0
2026-07-10 12:05:00+05:30,57890.8,57895.35,57863.95,57873.05,0
2026-07-10 12:10:00+05:30,57873.2,57874.8,57830.9,57855.9,0
2026-07-10 12:15:00+05:30,57857.05,57865.45,57841.95,57857.4,0
2026-07-10 12:20:00+05:30,57858.45,57876.65,57852.7,57873.5,0
2026-07-10 12:25:00+05:30,57874.5,57926.55,57870.35,57893.75,0
2026-07-10 12:30:00+05:30,57894.25,57917.0,57880.55,57905.6,0
2026-07-10 12:35:00+05:30,57906.2,57922.6,57858.8,57921.75,0
2026-07-10 12:40:00+05:30,57923.6,58049.3,57920.6,58013.3,0
2026-07-10 12:45:00+05:30,58017.65,58039.85,57986.65,58015.95,0
2026-07-10 12:50:00+05:30,58013.35,58042.45,58000.45,58010.3,0
2026-07-10 12:55:00+05:30,58012.7,58071.05,58009.75,58048.4,0
2026-07-10 13:00:00+05:30,58049.15,58131.4,58038.85,58115.3,0
2026-07-10 13:05:00+05:30,58115.25,58251.95,58095.25,58146.15,0
2026-07-10 13:10:00+05:30,58145.55,58154.15,58065.25,58078.9,0
2026-07-10 13:15:00+05:30,58079.9,58089.9,58026.8,58045.9,0
2026-07-10 13:20:00+05:30,58047.9,58049.15,57964.15,57993.2,0
2026-07-10 13:25:00+05:30,57996.35,58036.3,57986.65,58033.9,0
2026-07-10 13:30:00+05:30,58037.25,58057.3,58000.9,58053.45,0
2026-07-10 13:35:00+05:30,58056.15,58100.25,58030.25,58092.45,0
2026-07-10 13:40:00+05:30,58093.0,58141.1,58087.8,58126.05,0
2026-07-10 13:45:00+05:30,58131.0,58154.8,58096.15,58106.2,0
2026-07-10 13:50:00+05:30,58106.65,58117.0,58070.2,58114.15,0
2026-07-10 13:55:00+05:30,58116.85,58138.75,58099.7,58108.4,0
2026-07-10 14:00:00+05:30,58109.95,58136.45,58052.95,58110.0,0
2026-07-10 14:05:00+05:30,58109.1,58111.05,58062.25,58064.3,0
2026-07-10 14:10:00+05:30,58067.6,58108.9,58051.15,58096.4,0
2026-07-10 14:15:00+05:30,58095.2,58107.85,58049.65,58063.25,0
2026-07-10 14:20:00+05:30,58064.7,58118.25,58050.05,58109.35,0
2026-07-10 14:25:00+05:30,58109.4,58147.35,58106.4,58130.8,0
2026-07-10 14:30:00+05:30,58134.1,58141.8,58066.7,58098.25,0
2026-07-10 14:35:00+05:30,58100.7,58109.4,58069.25,58095.15,0
2026-07-10 14:40:00+05:30,58095.95,58104.65,58053.9,58059.95,0
2026-07-10 14:45:00+05:30,58060.9,58128.6,58038.45,58101.3,0
2026-07-10 14:50:00+05:30,58105.4,58106.7,58040.05,58043.65,0
2026-07-10 14:55:00+05:30,58046.4,58089.5,58040.0,58055.25,0
2026-07-10 15:00:00+05:30,58056.35,58114.45,58028.15,58046.8,0
2026-07-10 15:05:00+05:30,58045.65,58073.55,58042.6,58070.4,0
2026-07-10 15:10:00+05:30,58072.9,58090.1,58044.6,58044.6,0
2026-07-10 15:15:00+05:30,58046.2,58050.5,58018.95,58038.35,0
2026-07-10 15:20:00+05:30,58036.85,58055.05,58011.7,58033.15,0
2026-07-10 15:25:00+05:30,58034.9,58072.85,58007.2,58052.15,0
2026-07-13 09:15:00+05:30,57616.7,57651.1,57492.05,57567.15,0
2026-07-13 09:20:00+05:30,57565.7,57599.35,57523.5,57574.9,0
2026-07-13 09:25:00+05:30,57573.2,57642.25,57567.85,57596.3,0
2026-07-13 09:30:00+05:30,57595.1,57634.8,57561.7,57628.0,0
2026-07-13 09:35:00+05:30,57630.9,57764.85,57613.3,57737.05,0
2026-07-13 09:40:00+05:30,57736.55,57775.25,57717.85,57758.15,0
2026-07-13 09:45:00+05:30,57764.5,57908.55,57748.75,57898.95,0
2026-07-13 09:50:00+05:30,57896.8,57917.1,57840.45,57911.15,0
2026-07-13 09:55:00+05:30,57913.7,57930.0,57861.1,57900.8,0
2026-07-13 10:00:00+05:30,57901.15,57922.3,57848.35,57855.35,0
2026-07-13 10:05:00+05:30,57860.6,57901.05,57834.8,57877.65,0
2026-07-13 10:10:00+05:30,57875.55,57932.95,57869.2,57902.3,0
2026-07-13 10:15:00+05:30,57906.1,57915.05,57847.15,57897.55,0
2026-07-13 10:20:00+05:30,57897.7,58006.55,57896.05,57965.8,0
2026-07-13 10:25:00+05:30,57962.75,58045.55,57951.0,58015.35,0
2026-07-13 10:30:00+05:30,58016.2,58070.15,57979.4,58062.65,0
2026-07-13 10:35:00+05:30,58062.95,58065.5,57976.05,57979.75,0
2026-07-13 10:40:00+05:30,57980.9,58043.15,57977.8,58015.0,0
2026-07-13 10:45:00+05:30,58019.85,58026.95,57960.55,57983.95,0
2026-07-13 10:50:00+05:30,57983.8,58020.55,57918.2,57941.2,0
2026-07-13 10:55:00+05:30,57942.1,58038.65,57916.75,57996.7,0
2026-07-13 11:00:00+05:30,57997.5,58004.7,57942.65,57993.5,0
2026-07-13 11:05:00+05:30,57993.8,58013.8,57941.05,57943.35,0
2026-07-13 11:10:00+05:30,57943.5,57981.65,57923.7,57935.2,0
2026-07-13 11:15:00+05:30,57932.85,57945.9,57871.0,57872.45,0
2026-07-13 11:20:00+05:30,57874.4,57954.75,57871.35,57902.75,0
2026-07-13 11:25:00+05:30,57902.2,57925.4,57870.25,57883.15,0
2026-07-13 11:30:00+05:30,57883.55,57891.3,57855.1,57882.5,0
2026-07-13 11:35:00+05:30,57882.9,57891.35,57852.7,57861.25,0
2026-07-13 11:40:00+05:30,57861.95,57873.95,57815.55,57830.8,0
2026-07-13 11:45:00+05:30,57830.85,57890.75,57827.75,57869.7,0
2026-07-13 11:50:00+05:30,57870.55,57886.7,57835.55,57846.3,0
2026-07-13 11:55:00+05:30,57853.9,57853.9,57760.0,57779.75,0
2026-07-13 12:00:00+05:30,57776.75,57830.05,57772.85,57816.0,0
2026-07-13 12:05:00+05:30,57815.15,57826.85,57808.35,57817.8,0
2026-07-13 12:10:00+05:30,57818.05,57941.95,57797.65,57900.2,0
2026-07-13 12:15:00+05:30,57900.5,57970.8,57858.1,57955.35,0
2026-07-13 12:20:00+05:30,57956.3,57956.3,57893.4,57915.65,0
2026-07-13 12:25:00+05:30,57916.85,57977.5,57903.0,57975.95,0
2026-07-13 12:30:00+05:30,57974.2,57990.1,57948.0,57979.75,0
2026-07-13 12:35:00+05:30,57979.15,57989.3,57941.5,57959.15,0
2026-07-13 12:40:00+05:30,57953.8,57995.25,57952.9,57981.0,0
2026-07-13 12:45:00+05:30,57978.4,58002.6,57969.55,57987.3,0
2026-07-13 12:50:00+05:30,57990.35,58103.4,57981.85,58047.6,0
2026-07-13 12:55:00+05:30,58046.75,58047.55,57972.0,57979.15,0
2026-07-13 13:00:00+05:30,57979.1,57981.4,57935.0,57941.95,0
2026-07-13 13:05:00+05:30,57934.8,57998.0,57932.65,57980.0,0
2026-07-13 13:10:00+05:30,57979.45,58006.0,57962.45,58000.9,0
2026-07-13 13:15:00+05:30,57997.9,58009.85,57949.8,58004.3,0
2026-07-13 13:20:00+05:30,58003.75,58014.6,57929.45,57954.95,0
2026-07-13 13:25:00+05:30,57953.9,57963.85,57868.7,57892.35,0
2026-07-13 13:30:00+05:30,57893.0,57964.45,57889.2,57943.0,0
2026-07-13 13:35:00+05:30,57939.8,57981.65,57928.25,57979.2,0
2026-07-13 13:40:00+05:30,57980.45,57981.9,57948.95,57955.05,0
2026-07-13 13:45:00+05:30,57954.4,58006.95,57950.9,58005.1,0
2026-07-13 13:50:00+05:30,58003.4,58016.85,57981.65,57993.65,0
2026-07-13 13:55:00+05:30,57992.8,58019.75,57975.0,58010.35,0
2026-07-13 14:00:00+05:30,58011.5,58056.35,57993.95,58020.5,0
2026-07-13 14:05:00+05:30,58023.3,58061.45,58008.85,58027.4,0
2026-07-13 14:10:00+05:30,58025.3,58101.75,58021.2,58093.25,0
2026-07-13 14:15:00+05:30,58094.35,58175.25,58089.5,58173.3,0
2026-07-13 14:20:00+05:30,58173.0,58211.4,58155.8,58184.85,0
2026-07-13 14:25:00+05:30,58184.65,58187.05,58138.2,58180.35,0
2026-07-13 14:30:00+05:30,58179.4,58181.9,58134.6,58165.55,0
2026-07-13 14:35:00+05:30,58163.4,58170.05,58098.2,58114.35,0
2026-07-13 14:40:00+05:30,58116.45,58172.6,58105.85,58162.9,0
2026-07-13 14:45:00+05:30,58161.55,58191.9,58153.0,58174.85,0
2026-07-13 14:50:00+05:30,58175.75,58219.9,58171.75,58215.25,0
2026-07-13 14:55:00+05:30,58215.55,58218.6,58145.0,58165.6,0
2026-07-13 15:00:00+05:30,58163.6,58203.25,58144.65,58202.35,0
2026-07-13 15:05:00+05:30,58199.95,58204.85,58147.7,58151.65,0
2026-07-13 15:10:00+05:30,58152.2,58152.3,58089.7,58116.2,0
2026-07-13 15:15:00+05:30,58115.15,58117.9,58078.35,58083.45,0
2026-07-13 15:20:00+05:30,58086.55,58126.95,58076.05,58119.0,0
2026-07-13 15:25:00+05:30,58119.6,58139.1,58105.2,58117.6,0
2026-07-14 09:15:00+05:30,57832.55,57839.15,57670.4,57682.9,0
2026-07-14 09:20:00+05:30,57676.55,57805.95,57644.7,57792.0,0
2026-07-14 09:25:00+05:30,57787.35,57840.05,57724.05,57727.9,0
2026-07-14 09:30:00+05:30,57718.15,57743.55,57684.6,57692.1,0
2026-07-14 09:35:00+05:30,57695.1,57695.4,57512.45,57575.65,0
2026-07-14 09:40:00+05:30,57578.15,57578.15,57489.65,57563.75,0
2026-07-14 09:45:00+05:30,57565.55,57565.55,57462.6,57506.95,0
2026-07-14 09:50:00+05:30,57507.55,57516.0,57472.4,57480.15,0
2026-07-14 09:55:00+05:30,57481.9,57525.35,57481.4,57516.95,0
2026-07-14 10:00:00+05:30,57513.0,57518.45,57463.2,57508.15,0
2026-07-14 10:05:00+05:30,57509.05,57544.2,57498.5,57532.75,0
2026-07-14 10:10:00+05:30,57538.2,57541.7,57495.15,57503.5,0
2026-07-14 10:15:00+05:30,57502.25,57505.9,57377.75,57392.65,0
2026-07-14 10:20:00+05:30,57390.55,57442.25,57389.8,57402.6,0
2026-07-14 10:25:00+05:30,57403.9,57433.5,57398.25,57423.2,0
2026-07-14 10:30:00+05:30,57424.35,57491.9,57416.35,57481.65,0
2026-07-14 10:35:00+05:30,57486.85,57498.25,57416.3,57455.0,0
2026-07-14 10:40:00+05:30,57458.15,57495.45,57421.45,57492.3,0
2026-07-14 10:45:00+05:30,57492.85,57574.0,57473.3,57571.75,0
2026-07-14 10:50:00+05:30,57571.1,57604.35,57539.65,57556.15,0
2026-07-14 10:55:00+05:30,57560.2,57614.3,57544.5,57570.3,0
2026-07-14 11:00:00+05:30,57570.95,57625.2,57570.95,57601.5,0
2026-07-14 11:05:00+05:30,57602.05,57625.25,57583.25,57615.9,0
2026-07-14 11:10:00+05:30,57618.25,57667.15,57588.55,57646.75,0
2026-07-14 11:15:00+05:30,57647.2,57658.9,57591.6,57626.75,0
2026-07-14 11:20:00+05:30,57631.45,57649.35,57584.4,57637.5,0
2026-07-14 11:25:00+05:30,57639.25,57643.7,57608.55,57636.55,0
2026-07-14 11:30:00+05:30,57636.25,57656.3,57622.15,57632.4,0
2026-07-14 11:35:00+05:30,57632.85,57642.8,57571.9,57592.25,0
2026-07-14 11:40:00+05:30,57592.4,57596.1,57508.5,57531.65,0
2026-07-14 11:45:00+05:30,57534.65,57572.5,57510.6,57566.4,0
2026-07-14 11:50:00+05:30,57570.5,57600.05,57544.35,57547.2,0
2026-07-14 11:55:00+05:30,57547.35,57550.1,57510.85,57517.6,0
2026-07-14 12:00:00+05:30,57518.4,57537.9,57506.3,57520.45,0
2026-07-14 12:05:00+05:30,57521.75,57524.6,57471.7,57489.35,0
2026-07-14 12:10:00+05:30,57488.55,57512.85,57466.35,57495.65,0
2026-07-14 12:15:00+05:30,57496.85,57496.85,57440.1,57475.0,0
2026-07-14 12:20:00+05:30,57472.9,57478.95,57440.25,57451.8,0
2026-07-14 12:25:00+05:30,57454.05,57457.45,57388.3,57401.25,0
2026-07-14 12:30:00+05:30,57402.1,57428.6,57400.9,57412.4,0
2026-07-14 12:35:00+05:30,57423.25,57449.95,57404.25,57424.85,0
2026-07-14 12:40:00+05:30,57426.05,57445.35,57408.05,57443.35,0
2026-07-14 12:45:00+05:30,57442.65,57476.25,57406.0,57463.0,0
2026-07-14 12:50:00+05:30,57463.7,57490.05,57448.9,57484.9,0
2026-07-14 12:55:00+05:30,57481.3,57503.6,57446.4,57452.15,0
2026-07-14 13:00:00+05:30,57455.95,57466.15,57410.2,57457.9,0
2026-07-14 13:05:00+05:30,57458.65,57474.35,57443.0,57457.5,0
2026-07-14 13:10:00+05:30,57456.65,57476.1,57444.55,57469.3,0
2026-07-14 13:15:00+05:30,57468.5,57472.85,57410.25,57446.45,0
2026-07-14 13:20:00+05:30,57450.25,57482.4,57446.7,57473.55,0
2026-07-14 13:25:00+05:30,57474.2,57488.4,57410.2,57484.45,0
2026-07-14 13:30:00+05:30,57483.65,57485.25,57390.75,57410.8,0
2026-07-14 13:35:00+05:30,57412.9,57417.95,57313.65,57339.7,0
2026-07-14 13:40:00+05:30,57340.3,57351.15,57286.9,57329.55,0
2026-07-14 13:45:00+05:30,57331.05,57400.25,57327.75,57397.1,0
2026-07-14 13:50:00+05:30,57398.95,57413.75,57361.6,57405.3,0
2026-07-14 13:55:00+05:30,57401.0,57443.3,57401.0,57427.15,0
2026-07-14 14:00:00+05:30,57429.9,57446.5,57420.2,57438.7,0
2026-07-14 14:05:00+05:30,57440.5,57445.3,57402.3,57407.25,0
2026-07-14 14:10:00+05:30,57407.95,57470.4,57402.2,57457.35,0
2026-07-14 14:15:00+05:30,57454.6,57476.5,57422.15,57428.7,0
2026-07-14 14:20:00+05:30,57424.2,57445.3,57387.35,57420.55,0
2026-07-14 14:25:00+05:30,57416.5,57431.65,57388.4,57394.9,0
2026-07-14 14:30:00+05:30,57398.2,57431.2,57382.25,57430.35,0
2026-07-14 14:35:00+05:30,57431.3,57455.85,57394.3,57422.7,0
2026-07-14 14:40:00+05:30,57424.85,57448.95,57409.75,57441.8,0
2026-07-14 14:45:00+05:30,57443.6,57446.9,57338.25,57345.0,0
2026-07-14 14:50:00+05:30,57344.15,57381.3,57331.3,57363.65,0
2026-07-14 14:55:00+05:30,57370.15,57440.75,57346.75,57416.85,0
2026-07-14 15:00:00+05:30,57420.45,57508.4,57419.0,57501.0,0
2026-07-14 15:05:00+05:30,57502.3,57532.8,57482.65,57506.55,0
2026-07-14 15:10:00+05:30,57512.0,57544.95,57461.4,57471.15,0
2026-07-14 15:15:00+05:30,57474.4,57483.05,57420.0,57426.95,0
2026-07-14 15:20:00+05:30,57432.3,57432.3,57387.8,57420.1,0
2026-07-14 15:25:00+05:30,57415.95,57448.5,57404.3,57448.5,0
2026-07-15 09:15:00+05:30,57643.75,57900.0,57616.95,57897.85,0
2026-07-15 09:20:00+05:30,57896.95,58010.75,57896.95,57965.85,0
2026-07-15 09:25:00+05:30,57964.6,58060.35,57959.15,58015.15,0
2026-07-15 09:30:00+05:30,58016.45,58121.4,58010.85,58059.55,0
2026-07-15 09:35:00+05:30,58060.9,58100.85,58046.2,58064.2,0
2026-07-15 09:40:00+05:30,58071.65,58105.5,58033.8,58059.95,0
2026-07-15 09:45:00+05:30,58060.3,58123.2,58060.3,58090.85,0
2026-07-15 09:50:00+05:30,58091.95,58128.1,58088.25,58112.15,0
2026-07-15 09:55:00+05:30,58110.45,58148.8,58055.5,58058.5,0
2026-07-15 10:00:00+05:30,58058.85,58087.45,58023.35,58070.75,0
2026-07-15 10:05:00+05:30,58068.85,58127.8,58061.35,58104.05,0
2026-07-15 10:10:00+05:30,58105.25,58111.15,58071.6,58083.35,0
2026-07-15 10:15:00+05:30,58082.85,58104.6,58060.4,58073.55,0
2026-07-15 10:20:00+05:30,58069.85,58090.9,58033.5,58074.7,0
2026-07-15 10:25:00+05:30,58075.1,58110.0,58065.75,58097.05,0
2026-07-15 10:30:00+05:30,58096.85,58110.05,58066.05,58081.5,0
2026-07-15 10:35:00+05:30,58083.3,58084.75,58040.05,58058.7,0
2026-07-15 10:40:00+05:30,58057.15,58107.8,58056.9,58089.6,0
2026-07-15 10:45:00+05:30,58089.65,58104.1,58066.35,58073.9,0
2026-07-15 10:50:00+05:30,58077.6,58085.2,58042.0,58061.25,0
2026-07-15 10:55:00+05:30,58061.3,58086.55,58037.6,58039.9,0
2026-07-15 11:00:00+05:30,58042.1,58066.2,58022.9,58057.7,0
2026-07-15 11:05:00+05:30,58058.0,58072.6,58032.2,58065.3,0
2026-07-15 11:10:00+05:30,58066.4,58102.5,58027.3,58035.3,0
2026-07-15 11:15:00+05:30,58034.25,58092.0,58032.75,58070.6,0
2026-07-15 11:20:00+05:30,58072.2,58086.95,58048.8,58065.05,0
2026-07-15 11:25:00+05:30,58067.9,58087.55,58046.25,58075.15,0
2026-07-15 11:30:00+05:30,58076.05,58098.35,58063.5,58091.5,0
2026-07-15 11:35:00+05:30,58091.4,58103.6,57985.55,57995.55,0
2026-07-15 11:40:00+05:30,57998.4,58005.9,57835.85,57841.0,0
2026-07-15 11:45:00+05:30,57839.1,57902.25,57838.7,57891.7,0
2026-07-15 11:50:00+05:30,57892.25,57948.0,57852.3,57940.4,0
2026-07-15 11:55:00+05:30,57937.65,57981.9,57932.6,57980.8,0
2026-07-15 12:00:00+05:30,57983.0,58000.65,57945.7,57975.25,0
2026-07-15 12:05:00+05:30,57972.6,57985.6,57958.75,57971.55,0
2026-07-15 12:10:00+05:30,57972.95,58091.95,57951.3,58079.85,0
2026-07-15 12:15:00+05:30,58084.7,58118.6,58033.85,58039.25,0
2026-07-15 12:20:00+05:30,58041.6,58067.45,57939.3,57986.9,0
2026-07-15 12:25:00+05:30,57986.6,58075.75,57985.65,57993.35,0
2026-07-15 12:30:00+05:30,57994.45,58048.25,57944.25,58041.4,0
2026-07-15 12:35:00+05:30,58039.25,58043.1,57962.9,57981.9,0
2026-07-15 12:40:00+05:30,57983.5,58016.05,57967.55,57987.8,0
2026-07-15 12:45:00+05:30,57989.55,57993.45,57941.8,57948.15,0
2026-07-15 12:50:00+05:30,57947.95,57972.95,57885.2,57894.75,0
2026-07-15 12:55:00+05:30,57894.85,57898.85,57604.9,57720.9,0
2026-07-15 13:00:00+05:30,57719.4,57814.5,57666.85,57799.9,0
2026-07-15 13:05:00+05:30,57800.8,57809.05,57572.75,57574.05,0
2026-07-15 13:10:00+05:30,57574.45,57633.05,57545.2,57616.05,0
2026-07-15 13:15:00+05:30,57615.6,57794.45,57597.0,57770.95,0
2026-07-15 13:20:00+05:30,57769.35,57790.9,57698.7,57708.55,0
2026-07-15 13:25:00+05:30,57710.65,57726.35,57678.45,57692.85,0
2026-07-15 13:30:00+05:30,57694.85,57701.2,57636.15,57661.95,0
2026-07-15 13:35:00+05:30,57659.7,57696.75,57654.25,57666.2,0
2026-07-15 13:40:00+05:30,57663.8,57676.65,57621.65,57674.05,0
2026-07-15 13:45:00+05:30,57676.6,57720.3,57643.7,57696.85,0
2026-07-15 13:50:00+05:30,57701.5,57715.2,57598.5,57624.9,0
2026-07-15 13:55:00+05:30,57626.35,57707.25,57613.5,57694.75,0
2026-07-15 14:00:00+05:30,57697.25,57711.0,57673.75,57693.05,0
2026-07-15 14:05:00+05:30,57693.6,57758.1,57662.05,57729.7,0
2026-07-15 14:10:00+05:30,57727.55,57734.15,57694.25,57721.1,0
2026-07-15 14:15:00+05:30,57723.75,57754.7,57650.8,57685.2,0
2026-07-15 14:20:00+05:30,57686.75,57698.25,57639.2,57650.9,0
2026-07-15 14:25:00+05:30,57650.8,57668.7,57622.45,57653.55,0
2026-07-15 14:30:00+05:30,57656.25,57696.6,57645.1,57665.7,0
2026-07-15 14:35:00+05:30,57666.4,57758.3,57663.35,57750.65,0
2026-07-15 14:40:00+05:30,57750.35,57753.75,57709.3,57735.65,0
2026-07-15 14:45:00+05:30,57731.15,57774.95,57703.55,57707.5,0
2026-07-15 14:50:00+05:30,57708.95,57713.0,57680.1,57700.4,0
2026-07-15 14:55:00+05:30,57701.75,57707.4,57641.45,57646.1,0
2026-07-15 15:00:00+05:30,57645.8,57732.8,57625.1,57711.65,0
2026-07-15 15:05:00+05:30,57708.6,57765.7,57694.25,57750.3,0
2026-07-15 15:10:00+05:30,57750.95,57779.1,57746.65,57774.0,0
2026-07-15 15:15:00+05:30,57772.3,57785.25,57750.1,57784.35,0
2026-07-15 15:20:00+05:30,57782.15,57810.85,57764.75,57785.8,0
2026-07-15 15:25:00+05:30,57786.3,57808.0,57716.05,57719.1,0
2026-07-16 09:15:00+05:30,57831.1,57931.3,57737.0,57754.5,0
2026-07-16 09:20:00+05:30,57753.95,57771.1,57670.85,57687.3,0
2026-07-16 09:25:00+05:30,57692.05,57705.15,57645.1,57672.4,0
2026-07-16 09:30:00+05:30,57676.45,57711.5,57667.0,57688.55,0
2026-07-16 09:35:00+05:30,57685.2,57721.6,57637.0,57650.45,0
2026-07-16 09:40:00+05:30,57651.6,57722.6,57647.25,57721.45,0
2026-07-16 09:45:00+05:30,57726.7,57736.3,57675.35,57683.9,0
2026-07-16 09:50:00+05:30,57686.35,57695.05,57658.85,57680.45,0
2026-07-16 09:55:00+05:30,57681.6,57719.05,57676.55,57681.75,0
2026-07-16 10:00:00+05:30,57682.35,57683.45,57643.4,57646.5,0
2026-07-16 10:05:00+05:30,57649.65,57701.3,57624.05,57687.85,0
2026-07-16 10:10:00+05:30,57694.95,57701.1,57658.5,57658.5,0
2026-07-16 10:15:00+05:30,57664.45,57708.35,57654.4,57680.15,0
2026-07-16 10:20:00+05:30,57681.4,57691.45,57650.35,57659.65,0
2026-07-16 10:25:00+05:30,57661.05,57662.15,57579.3,57622.85,0
2026-07-16 10:30:00+05:30,57624.25,57625.85,57564.2,57579.7,0
2026-07-16 10:35:00+05:30,57583.7,57609.15,57568.85,57587.05,0
2026-07-16 10:40:00+05:30,57590.3,57652.7,57576.75,57652.55,0
2026-07-16 10:45:00+05:30,57654.35,57719.4,57646.55,57692.05,0
2026-07-16 10:50:00+05:30,57692.5,57715.95,57674.85,57706.95,0
2026-07-16 10:55:00+05:30,57705.75,57786.0,57705.75,57785.85,0
2026-07-16 11:00:00+05:30,57798.65,57839.75,57779.1,57782.0,0
2026-07-16 11:05:00+05:30,57787.5,57787.5,57708.2,57734.4,0
2026-07-16 11:10:00+05:30,57741.2,57748.75,57694.5,57701.85,0
2026-07-16 11:15:00+05:30,57703.65,57729.55,57657.7,57675.9,0
2026-07-16 11:20:00+05:30,57675.4,57705.35,57667.95,57686.95,0
2026-07-16 11:25:00+05:30,57686.65,57701.85,57651.7,57662.8,0
2026-07-16 11:30:00+05:30,57671.0,57715.95,57654.35,57691.9,0
2026-07-16 11:35:00+05:30,57696.5,57719.25,57646.05,57694.6,0
2026-07-16 11:40:00+05:30,57695.0,57700.15,57637.15,57646.0,0
2026-07-16 11:45:00+05:30,57648.05,57676.05,57639.15,57639.55,0
2026-07-16 11:50:00+05:30,57643.4,57655.4,57605.5,57634.25,0
2026-07-16 11:55:00+05:30,57636.3,57643.9,57616.15,57627.55,0
2026-07-16 12:00:00+05:30,57633.6,57634.2,57575.75,57589.45,0
2026-07-16 12:05:00+05:30,57592.9,57632.65,57587.8,57605.3,0
2026-07-16 12:10:00+05:30,57607.25,57629.2,57599.15,57612.55,0
2026-07-16 12:15:00+05:30,57618.8,57628.7,57587.95,57613.0,0
2026-07-16 12:20:00+05:30,57615.35,57633.0,57594.0,57619.85,0
2026-07-16 12:25:00+05:30,57620.55,57704.45,57620.55,57696.45,0
2026-07-16 12:30:00+05:30,57696.3,57697.95,57633.4,57654.4,0
2026-07-16 12:35:00+05:30,57655.95,57665.7,57620.9,57632.4,0
2026-07-16 12:40:00+05:30,57636.9,57637.5,57565.5,57592.5,0
2026-07-16 12:45:00+05:30,57593.6,57613.55,57586.9,57599.75,0
2026-07-16 12:50:00+05:30,57599.35,57614.45,57569.4,57584.3,0
2026-07-16 12:55:00+05:30,57585.3,57598.8,57575.15,57591.7,0
2026-07-16 13:00:00+05:30,57592.85,57602.2,57563.35,57601.5,0
2026-07-16 13:05:00+05:30,57604.5,57610.9,57579.6,57592.15,0
2026-07-16 13:10:00+05:30,57591.95,57599.4,57571.9,57574.4,0
2026-07-16 13:15:00+05:30,57573.55,57580.1,57544.55,57556.45,0
2026-07-16 13:20:00+05:30,57560.95,57584.85,57542.75,57552.15,0
2026-07-16 13:25:00+05:30,57551.9,57551.9,57511.0,57544.7,0
2026-07-16 13:30:00+05:30,57545.35,57546.6,57495.5,57507.55,0
2026-07-16 13:35:00+05:30,57509.5,57514.7,57434.7,57458.15,0
2026-07-16 13:40:00+05:30,57454.4,57466.25,57420.15,57422.65,0
2026-07-16 13:45:00+05:30,57428.0,57481.75,57421.2,57455.1,0
2026-07-16 13:50:00+05:30,57461.65,57507.95,57458.15,57486.7,0
2026-07-16 13:55:00+05:30,57486.0,57551.65,57484.55,57546.15,0
2026-07-16 14:00:00+05:30,57543.8,57577.45,57528.65,57558.9,0
2026-07-16 14:05:00+05:30,57554.05,57572.75,57516.85,57529.4,0
2026-07-16 14:10:00+05:30,57532.9,57545.9,57513.15,57525.35,0
2026-07-16 14:15:00+05:30,57528.4,57569.5,57514.9,57549.7,0
2026-07-16 14:20:00+05:30,57547.4,57554.05,57488.1,57497.65,0
2026-07-16 14:25:00+05:30,57498.2,57514.75,57473.9,57495.35,0
2026-07-16 14:30:00+05:30,57504.8,57550.0,57495.2,57527.2,0
2026-07-16 14:35:00+05:30,57529.6,57540.85,57512.0,57540.4,0
2026-07-16 14:40:00+05:30,57538.65,57559.95,57499.35,57543.4,0
2026-07-16 14:45:00+05:30,57546.55,57553.35,57520.75,57530.85,0
2026-07-16 14:50:00+05:30,57535.7,57555.75,57525.1,57546.55,0
2026-07-16 14:55:00+05:30,57552.8,57633.85,57547.95,57605.9,0
2026-07-16 15:00:00+05:30,57610.75,57661.35,57553.1,57562.65,0
2026-07-16 15:05:00+05:30,57561.0,57622.75,57561.0,57599.45,0
2026-07-16 15:10:00+05:30,57595.85,57613.25,57575.1,57590.15,0
2026-07-16 15:15:00+05:30,57588.75,57606.2,57564.45,57580.45,0
2026-07-16 15:20:00+05:30,57577.7,57585.1,57553.15,57564.15,0
2026-07-16 15:25:00+05:30,57564.4,57629.6,57547.45,57602.0,0
2026-07-17 09:15:00+05:30,57662.0,57805.85,57542.15,57794.05,0
2026-07-17 09:20:00+05:30,57788.9,57819.8,57749.2,57797.5,0
2026-07-17 09:25:00+05:30,57798.7,57833.35,57778.4,57825.0,0
2026-07-17 09:30:00+05:30,57829.85,57921.2,57820.3,57895.9,0
2026-07-17 09:35:00+05:30,57897.6,57919.4,57864.4,57906.7,0
2026-07-17 09:40:00+05:30,57908.4,57931.6,57888.35,57912.0,0
2026-07-17 09:45:00+05:30,57911.8,57965.3,57911.8,57929.5,0
2026-07-17 09:50:00+05:30,57930.85,57936.55,57895.15,57926.0,0
2026-07-17 09:55:00+05:30,57927.85,57946.25,57842.15,57934.7,0
2026-07-17 10:00:00+05:30,57938.0,57953.55,57890.95,57910.55,0
2026-07-17 10:05:00+05:30,57911.25,57949.95,57882.55,57940.1,0
2026-07-17 10:10:00+05:30,57942.05,58001.2,57918.35,57966.4,0
2026-07-17 10:15:00+05:30,57967.65,58090.05,57953.6,58083.9,0
2026-07-17 10:20:00+05:30,58082.2,58085.6,58039.05,58051.8,0
2026-07-17 10:25:00+05:30,58051.65,58139.8,58047.85,58127.3,0
2026-07-17 10:30:00+05:30,58127.65,58184.9,58093.4,58176.45,0
2026-07-17 10:35:00+05:30,58181.25,58185.85,58088.35,58098.5,0
2026-07-17 10:40:00+05:30,58099.35,58119.8,58036.45,58075.3,0
2026-07-17 10:45:00+05:30,58072.35,58078.7,58031.0,58054.2,0
2026-07-17 10:50:00+05:30,58055.45,58126.1,58049.15,58120.25,0
2026-07-17 10:55:00+05:30,58115.7,58139.7,58088.3,58103.95,0
2026-07-17 11:00:00+05:30,58104.0,58129.65,58063.0,58086.0,0
2026-07-17 11:05:00+05:30,58085.65,58099.95,58035.1,58047.6,0
2026-07-17 11:10:00+05:30,58046.4,58075.1,58036.3,58062.6,0
2026-07-17 11:15:00+05:30,58061.5,58083.3,58042.1,58065.8,0
2026-07-17 11:20:00+05:30,58069.75,58101.25,58052.55,58077.45,0
2026-07-17 11:25:00+05:30,58081.75,58082.7,58045.95,58059.15,0
2026-07-17 11:30:00+05:30,58062.65,58090.4,58049.95,58080.35,0
2026-07-17 11:35:00+05:30,58080.2,58099.9,58032.35,58063.0,0
2026-07-17 11:40:00+05:30,58063.8,58082.25,58049.25,58071.25,0
2026-07-17 11:45:00+05:30,58073.15,58102.85,58072.45,58096.1,0
2026-07-17 11:50:00+05:30,58096.95,58123.35,58094.5,58112.15,0
2026-07-17 11:55:00+05:30,58112.75,58137.5,58098.9,58107.4,0
2026-07-17 12:00:00+05:30,58107.65,58122.65,58079.7,58098.85,0
2026-07-17 12:05:00+05:30,58101.3,58107.25,58048.2,58083.25,0
2026-07-17 12:10:00+05:30,58085.85,58110.6,58074.3,58103.8,0
2026-07-17 12:15:00+05:30,58104.15,58131.4,58080.3,58099.65,0
2026-07-17 12:20:00+05:30,58102.45,58121.4,58072.7,58109.05,0
2026-07-17 12:25:00+05:30,58108.35,58135.4,58104.85,58118.35,0
2026-07-17 12:30:00+05:30,58120.15,58120.15,58075.75,58099.6,0
2026-07-17 12:35:00+05:30,58103.15,58103.15,58073.8,58081.1,0
2026-07-17 12:40:00+05:30,58082.5,58107.15,58068.15,58083.85,0
2026-07-17 12:45:00+05:30,58084.1,58145.8,58082.2,58142.55,0
2026-07-17 12:50:00+05:30,58143.7,58147.2,58065.3,58072.0,0
2026-07-17 12:55:00+05:30,58071.55,58116.6,58066.95,58113.6,0
2026-07-17 13:00:00+05:30,58113.95,58128.5,58083.45,58088.2,0
2026-07-17 13:05:00+05:30,58090.1,58111.4,58076.15,58089.0,0
2026-07-17 13:10:00+05:30,58086.95,58121.05,58078.7,58109.45,0
2026-07-17 13:15:00+05:30,58104.75,58117.45,58075.85,58083.55,0
2026-07-17 13:20:00+05:30,58086.5,58099.25,58032.4,58035.85,0
2026-07-17 13:25:00+05:30,58035.55,58063.6,58025.55,58057.4,0
2026-07-17 13:30:00+05:30,58055.4,58072.6,57916.1,58010.05,0
2026-07-17 13:35:00+05:30,58011.85,58102.7,58011.85,58049.5,0
2026-07-17 13:40:00+05:30,58043.95,58047.8,57918.95,57995.7,0
2026-07-17 13:45:00+05:30,57994.6,58021.25,57955.65,57985.3,0
2026-07-17 13:50:00+05:30,57984.6,58062.4,57940.65,58046.8,0
2026-07-17 13:55:00+05:30,58045.6,58108.7,58032.3,58105.85,0
2026-07-17 14:00:00+05:30,58097.85,58099.4,58051.1,58089.75,0
2026-07-17 14:05:00+05:30,58090.4,58101.4,58062.35,58090.35,0
2026-07-17 14:10:00+05:30,58090.4,58234.1,58089.15,58221.25,0
2026-07-17 14:15:00+05:30,58226.75,58515.1,58222.6,58340.95,0
2026-07-17 14:20:00+05:30,58339.35,58391.25,58294.1,58356.6,0
2026-07-17 14:25:00+05:30,58358.1,58476.5,58348.4,58394.55,0
2026-07-17 14:30:00+05:30,58393.8,58452.8,58392.5,58407.75,0
2026-07-17 14:35:00+05:30,58411.35,58433.15,58368.25,58427.95,0
2026-07-17 14:40:00+05:30,58430.7,58468.2,58410.25,58452.4,0
2026-07-17 14:45:00+05:30,58449.45,58478.7,58412.2,58461.2,0
2026-07-17 14:50:00+05:30,58460.8,58487.2,58440.45,58462.85,0
2026-07-17 14:55:00+05:30,58461.55,58498.25,58453.35,58489.6,0
2026-07-17 15:00:00+05:30,58487.95,58529.1,58441.5,58445.25,0
2026-07-17 15:05:00+05:30,58444.25,58506.35,58444.25,58480.85,0
2026-07-17 15:10:00+05:30,58480.5,58530.85,58473.5,58481.15,0
2026-07-17 15:15:00+05:30,58477.45,58544.65,58451.85,58538.7,0
2026-07-17 15:20:00+05:30,58532.2,58589.8,58525.45,58586.35,0
2026-07-17 15:25:00+05:30,58583.75,58596.85,58538.9,58576.0,0
2026-07-20 09:15:00+05:30,57738.25,57963.55,57597.55,57843.0,0
2026-07-20 09:20:00+05:30,57830.25,57832.5,57724.75,57796.85,0
2026-07-20 09:25:00+05:30,57793.75,57801.7,57643.5,57675.35,0
2026-07-20 09:30:00+05:30,57673.2,57685.6,57610.6,57619.3,0
2026-07-20 09:35:00+05:30,57622.25,57687.15,57581.15,57582.2,0
2026-07-20 09:40:00+05:30,57583.0,57620.7,57560.5,57590.8,0
2026-07-20 09:45:00+05:30,57587.9,57624.3,57562.55,57576.95,0
2026-07-20 09:50:00+05:30,57574.85,57619.15,57557.3,57614.15,0
2026-07-20 09:55:00+05:30,57613.65,57679.9,57602.9,57652.5,0
2026-07-20 10:00:00+05:30,57652.45,57702.2,57618.2,57681.5,0
2026-07-20 10:05:00+05:30,57680.3,57708.7,57658.45,57687.85,0
2026-07-20 10:10:00+05:30,57690.55,57715.7,57676.1,57697.6,0
2026-07-20 10:15:00+05:30,57696.8,57805.2,57685.85,57797.9,0
2026-07-20 10:20:00+05:30,57798.95,57830.2,57741.3,57768.15,0
2026-07-20 10:25:00+05:30,57767.75,57833.8,57758.25,57795.8,0
2026-07-20 10:30:00+05:30,57794.45,57837.95,57738.25,57742.15,0
2026-07-20 10:35:00+05:30,57743.0,57792.35,57734.05,57774.55,0
2026-07-20 10:40:00+05:30,57775.15,57799.75,57748.35,57762.3,0
2026-07-20 10:45:00+05:30,57762.55,57770.8,57749.35,57769.6,0
2026-07-20 10:50:00+05:30,57771.15,57790.25,57689.85,57692.05,0
2026-07-20 10:55:00+05:30,57691.9,57713.0,57666.65,57686.45,0
2026-07-20 11:00:00+05:30,57685.05,57708.8,57665.1,57682.2,0
2026-07-20 11:05:00+05:30,57682.55,57756.15,57659.8,57740.8,0
2026-07-20 11:10:00+05:30,57740.05,57749.9,57665.25,57669.2,0
2026-07-20 11:15:00+05:30,57669.7,57695.1,57643.4,57656.55,0
2026-07-20 11:20:00+05:30,57658.25,57697.1,57651.25,57683.0,0
2026-07-20 11:25:00+05:30,57685.15,57712.25,57677.15,57690.35,0
2026-07-20 11:30:00+05:30,57690.55,57694.0,57647.25,57666.3,0
2026-07-20 11:35:00+05:30,57662.5,57671.2,57640.95,57650.6,0
2026-07-20 11:40:00+05:30,57649.45,57672.55,57643.35,57659.2,0
2026-07-20 11:45:00+05:30,57659.05,57666.05,57636.1,57647.25,0
2026-07-20 11:50:00+05:30,57647.5,57678.45,57635.55,57640.55,0
2026-07-20 11:55:00+05:30,57639.05,57676.8,57633.05,57664.2,0
2026-07-20 12:00:00+05:30,57663.6,57679.4,57648.65,57668.9,0
2026-07-20 12:05:00+05:30,57667.2,57687.7,57632.4,57640.4,0
2026-07-20 12:10:00+05:30,57640.7,57692.3,57632.55,57673.25,0
2026-07-20 12:15:00+05:30,57673.45,57702.25,57658.6,57690.25,0
2026-07-20 12:20:00+05:30,57692.0,57714.15,57646.05,57650.8,0
2026-07-20 12:25:00+05:30,57651.4,57675.25,57632.85,57660.05,0
2026-07-20 12:30:00+05:30,57662.75,57696.15,57658.3,57665.35,0
2026-07-20 12:35:00+05:30,57667.2,57676.15,57608.55,57624.55,0
2026-07-20 12:40:00+05:30,57624.75,57649.65,57595.75,57601.4,0
2026-07-20 12:45:00+05:30,57604.05,57617.25,57533.1,57568.9,0
2026-07-20 12:50:00+05:30,57570.95,57649.0,57567.45,57644.6,0
2026-07-20 12:55:00+05:30,57643.9,57692.6,57634.8,57681.15,0
2026-07-20 13:00:00+05:30,57678.8,57697.75,57662.2,57686.4,0
2026-07-20 13:05:00+05:30,57689.7,57723.0,57676.85,57710.35,0
2026-07-20 13:10:00+05:30,57712.4,57785.8,57683.3,57784.05,0
2026-07-20 13:15:00+05:30,57787.25,57815.6,57757.05,57805.1,0
2026-07-20 13:20:00+05:30,57808.75,57880.4,57797.55,57869.05,0
2026-07-20 13:25:00+05:30,57868.15,57875.5,57828.5,57867.15,0
2026-07-20 13:30:00+05:30,57864.8,57885.65,57845.2,57845.2,0
2026-07-20 13:35:00+05:30,57849.45,57878.05,57841.85,57876.8,0
2026-07-20 13:40:00+05:30,57877.2,57877.55,57845.05,57852.45,0
2026-07-20 13:45:00+05:30,57847.7,57923.4,57845.05,57904.05,0
2026-07-20 13:50:00+05:30,57904.75,57911.55,57868.0,57895.4,0
2026-07-20 13:55:00+05:30,57897.65,57979.6,57896.45,57971.45,0
2026-07-20 14:00:00+05:30,57970.75,57986.0,57951.65,57983.4,0
2026-07-20 14:05:00+05:30,57980.45,58036.75,57974.9,58018.25,0
2026-07-20 14:10:00+05:30,58016.45,58111.0,58016.1,58072.6,0
2026-07-20 14:15:00+05:30,58068.3,58075.75,58002.4,58041.9,0
2026-07-20 14:20:00+05:30,58043.2,58054.6,58027.05,58048.55,0
2026-07-20 14:25:00+05:30,58048.0,58081.15,58036.3,58059.6,0
2026-07-20 14:30:00+05:30,58058.9,58066.8,58024.9,58025.1,0
2026-07-20 14:35:00+05:30,58027.55,58031.65,57975.75,57982.55,0
2026-07-20 14:40:00+05:30,57981.8,58009.4,57959.55,57970.3,0
2026-07-20 14:45:00+05:30,57971.3,57987.0,57953.05,57958.25,0
2026-07-20 14:50:00+05:30,57957.4,57981.35,57953.55,57959.95,0
2026-07-20 14:55:00+05:30,57961.55,57964.6,57934.45,57940.45,0
2026-07-20 15:00:00+05:30,57940.4,57963.75,57925.3,57931.95,0
2026-07-20 15:05:00+05:30,57927.85,57953.0,57906.25,57946.3,0
2026-07-20 15:10:00+05:30,57947.2,57966.4,57940.05,57953.35,0
2026-07-20 15:15:00+05:30,57955.2,57970.25,57921.95,57950.95,0
2026-07-20 15:20:00+05:30,57956.75,57972.0,57936.65,57962.75,0
2026-07-20 15:25:00+05:30,57966.6,57975.35,57950.85,57975.35,0
2026-07-21 09:15:00+05:30,57853.75,58228.65,57820.9,58211.95,0
2026-07-21 09:20:00+05:30,58214.5,58214.5,58084.35,58097.2,0
2026-07-21 09:25:00+05:30,58096.5,58119.5,58032.4,58070.45,0
2026-07-21 09:30:00+05:30,58070.15,58092.0,58022.95,58044.1,0
2026-07-21 09:35:00+05:30,58046.75,58051.75,57986.1,58009.05,0
2026-07-21 09:40:00+05:30,58011.0,58046.15,57999.05,58025.15,0
2026-07-21 09:45:00+05:30,58024.2,58028.95,57969.15,57978.15,0
2026-07-21 09:50:00+05:30,57984.75,58013.5,57946.45,57970.7,0
2026-07-21 09:55:00+05:30,57976.5,58012.55,57936.75,57990.6,0
2026-07-21 10:00:00+05:30,57992.15,58000.65,57912.55,57940.0,0
2026-07-21 10:05:00+05:30,57942.85,58026.3,57934.3,58019.25,0
2026-07-21 10:10:00+05:30,58017.0,58026.6,57972.55,57980.85,0
2026-07-21 10:15:00+05:30,57987.55,57988.4,57943.3,57958.2,0
2026-07-21 10:20:00+05:30,57962.0,57983.75,57937.25,57945.2,0
2026-07-21 10:25:00+05:30,57946.75,57987.0,57935.05,57981.8,0
2026-07-21 10:30:00+05:30,57988.15,58006.7,57941.1,57953.05,0
2026-07-21 10:35:00+05:30,57956.45,57961.5,57893.5,57909.3,0
2026-07-21 10:40:00+05:30,57909.95,57962.05,57896.0,57940.45,0
2026-07-21 10:45:00+05:30,57946.25,57952.25,57902.05,57916.9,0
2026-07-21 10:50:00+05:30,57918.8,57922.5,57868.2,57875.1,0
2026-07-21 10:55:00+05:30,57879.95,57922.3,57867.15,57875.2,0
2026-07-21 11:00:00+05:30,57876.45,57957.75,57848.85,57943.3,0
2026-07-21 11:05:00+05:30,57949.05,57960.25,57908.35,57908.35,0
2026-07-21 11:10:00+05:30,57913.65,57946.0,57905.95,57917.8,0
2026-07-21 11:15:00+05:30,57916.9,57936.35,57894.45,57910.95,0
2026-07-21 11:20:00+05:30,57916.4,57925.4,57876.3,57918.95,0
2026-07-21 11:25:00+05:30,57921.05,57940.8,57885.55,57902.95,0
2026-07-21 11:30:00+05:30,57903.4,57942.35,57892.15,57923.1,0
2026-07-21 11:35:00+05:30,57924.8,57933.05,57864.95,57867.35,0
2026-07-21 11:40:00+05:30,57870.1,57886.8,57849.9,57861.2,0
2026-07-21 11:45:00+05:30,57862.3,57863.55,57835.45,57859.25,0
2026-07-21 11:50:00+05:30,57862.3,57863.9,57831.0,57850.3,0
2026-07-21 11:55:00+05:30,57851.7,57875.6,57840.3,57862.1,0
2026-07-21 12:00:00+05:30,57870.4,57907.05,57862.05,57900.65,0
2026-07-21 12:05:00+05:30,57903.45,57913.7,57882.45,57886.1,0
2026-07-21 12:10:00+05:30,57887.25,57908.6,57879.05,57887.2,0
2026-07-21 12:15:00+05:30,57891.6,57911.7,57873.6,57903.45,0
2026-07-21 12:20:00+05:30,57902.35,57938.8,57901.45,57915.7,0
2026-07-21 12:25:00+05:30,57916.15,57931.2,57899.75,57923.15,0
2026-07-21 12:30:00+05:30,57925.1,57976.85,57918.8,57951.15,0
2026-07-21 12:35:00+05:30,57959.35,57984.0,57941.6,57950.6,0
2026-07-21 12:40:00+05:30,57954.25,57954.25,57889.4,57921.9,0
2026-07-21 12:45:00+05:30,57930.4,57931.3,57890.15,57903.65,0
2026-07-21 12:50:00+05:30,57902.95,57903.65,57863.8,57886.95,0
2026-07-21 12:55:00+05:30,57891.65,57904.25,57845.1,57851.2,0
2026-07-21 13:00:00+05:30,57855.15,57879.45,57830.55,57849.75,0
2026-07-21 13:05:00+05:30,57851.15,57890.1,57842.5,57884.45,0
2026-07-21 13:10:00+05:30,57888.25,57911.45,57881.6,57891.6,0
2026-07-21 13:15:00+05:30,57892.25,57905.7,57882.45,57898.7,0
2026-07-21 13:20:00+05:30,57903.45,57940.35,57888.5,57918.7,0
2026-07-21 13:25:00+05:30,57922.8,57930.7,57898.75,57919.75,0
2026-07-21 13:30:00+05:30,57924.25,57932.65,57912.5,57932.05,0
2026-07-21 13:35:00+05:30,57933.55,57950.0,57925.7,57941.0,0
2026-07-21 13:40:00+05:30,57944.5,57948.55,57892.05,57913.8,0
2026-07-21 13:45:00+05:30,57915.8,57916.9,57872.85,57910.75,0
2026-07-21 13:50:00+05:30,57908.45,57934.5,57890.35,57913.65,0
2026-07-21 13:55:00+05:30,57913.05,57918.3,57861.15,57872.0,0
2026-07-21 14:00:00+05:30,57873.1,57925.75,57872.85,57915.0,0
2026-07-21 14:05:00+05:30,57916.15,57926.05,57876.15,57879.4,0
2026-07-21 14:10:00+05:30,57881.7,57885.2,57859.9,57865.55,0
2026-07-21 14:15:00+05:30,57868.45,57914.8,57824.1,57908.25,0
2026-07-21 14:20:00+05:30,57913.6,57917.35,57877.7,57892.1,0
2026-07-21 14:25:00+05:30,57893.25,57893.45,57858.75,57858.75,0
2026-07-21 14:30:00+05:30,57863.35,57880.65,57844.6,57853.4,0
2026-07-21 14:35:00+05:30,57854.9,57873.0,57816.0,57822.9,0
2026-07-21 14:40:00+05:30,57823.85,57849.4,57813.9,57838.85,0
2026-07-21 14:45:00+05:30,57841.9,57861.2,57817.55,57855.5,0
2026-07-21 14:50:00+05:30,57857.05,57859.6,57809.15,57837.95,0
2026-07-21 14:55:00+05:30,57838.55,57877.7,57827.55,57851.15,0
2026-07-21 15:00:00+05:30,57854.45,57890.25,57840.5,57845.9,0
2026-07-21 15:05:00+05:30,57846.4,57863.85,57830.45,57833.5,0
2026-07-21 15:10:00+05:30,57835.2,57848.7,57806.75,57814.85,0
2026-07-21 15:15:00+05:30,57816.8,57838.7,57803.85,57820.05,0
2026-07-21 15:20:00+05:30,57823.0,57849.05,57817.55,57825.4,0
2026-07-21 15:25:00+05:30,57827.75,57853.55,57813.05,57817.6,0
2026-07-22 09:15:00+05:30,57768.4,57824.0,57459.65,57474.75,0
2026-07-22 09:20:00+05:30,57481.4,57503.15,57425.35,57456.2,0
2026-07-22 09:25:00+05:30,57457.3,57458.15,57332.3,57334.3,0
2026-07-22 09:30:00+05:30,57328.65,57351.0,57263.3,57296.35,0
2026-07-22 09:35:00+05:30,57296.3,57305.45,57248.9,57285.85,0
2026-07-22 09:40:00+05:30,57289.3,57350.0,57270.15,57327.65,0
2026-07-22 09:45:00+05:30,57332.4,57335.0,57253.8,57292.3,0
2026-07-22 09:50:00+05:30,57295.65,57338.25,57288.75,57324.45,0
2026-07-22 09:55:00+05:30,57325.45,57325.45,57269.3,57286.1,0
2026-07-22 10:00:00+05:30,57285.0,57335.4,57262.2,57322.35,0
2026-07-22 10:05:00+05:30,57326.35,57394.3,57308.95,57389.2,0
2026-07-22 10:10:00+05:30,57393.25,57393.9,57315.55,57320.4,0
2026-07-22 10:15:00+05:30,57325.75,57346.7,57294.2,57339.1,0
2026-07-22 10:20:00+05:30,57341.5,57351.8,57272.4,57277.5,0
2026-07-22 10:25:00+05:30,57277.8,57286.9,57188.9,57256.9,0
2026-07-22 10:30:00+05:30,57258.55,57275.75,57215.1,57253.75,0
2026-07-22 10:35:00+05:30,57255.2,57281.55,57227.5,57233.85,0
2026-07-22 10:40:00+05:30,57233.4,57237.05,57204.65,57221.75,0
2026-07-22 10:45:00+05:30,57222.95,57256.7,57205.9,57232.0,0
2026-07-22 10:50:00+05:30,57232.05,57258.05,57228.6,57234.55,0
2026-07-22 10:55:00+05:30,57237.95,57265.75,57235.5,57259.05,0
2026-07-22 11:00:00+05:30,57262.15,57279.8,57232.65,57272.8,0
2026-07-22 11:05:00+05:30,57275.4,57276.1,57232.35,57260.05,0
2026-07-22 11:10:00+05:30,57261.15,57266.8,57230.9,57232.65,0
2026-07-22 11:15:00+05:30,57236.5,57273.0,57221.35,57265.05,0
2026-07-22 11:20:00+05:30,57268.6,57323.95,57259.1,57307.0,0
2026-07-22 11:25:00+05:30,57312.6,57327.0,57293.05,57299.95,0
2026-07-22 11:30:00+05:30,57300.5,57309.2,57286.25,57306.65,0
2026-07-22 11:35:00+05:30,57304.7,57307.7,57270.25,57292.65,0
2026-07-22 11:40:00+05:30,57296.15,57297.35,57257.05,57267.45,0
2026-07-22 11:45:00+05:30,57268.35,57282.9,57244.9,57244.9,0
2026-07-22 11:50:00+05:30,57249.55,57262.25,57214.9,57214.9,0
2026-07-22 11:55:00+05:30,57216.75,57218.95,57192.0,57193.4,0
2026-07-22 12:00:00+05:30,57192.25,57199.45,57105.7,57125.05,0
2026-07-22 12:05:00+05:30,57124.0,57148.3,57112.4,57117.05,0
2026-07-22 12:10:00+05:30,57120.55,57131.8,57091.6,57091.6,0
2026-07-22 12:15:00+05:30,57094.95,57109.1,57053.8,57056.55,0
2026-07-22 12:20:00+05:30,57055.4,57116.3,57020.4,57111.9,0
2026-07-22 12:25:00+05:30,57110.3,57119.7,57056.0,57058.3,0
2026-07-22 12:30:00+05:30,57056.1,57060.0,57017.85,57029.25,0
2026-07-22 12:35:00+05:30,57031.55,57031.75,56974.65,56980.6,0
2026-07-22 12:40:00+05:30,56983.3,57070.95,56970.6,57068.2,0
2026-07-22 12:45:00+05:30,57070.3,57134.7,57042.8,57133.55,0
2026-07-22 12:50:00+05:30,57135.5,57156.45,57099.95,57121.9,0
2026-07-22 12:55:00+05:30,57120.6,57133.15,57099.3,57099.3,0
2026-07-22 13:00:00+05:30,57090.3,57090.7,57025.7,57031.05,0
2026-07-22 13:05:00+05:30,57031.25,57071.8,57024.75,57062.45,0
2026-07-22 13:10:00+05:30,57063.05,57085.65,57019.6,57052.1,0
2026-07-22 13:15:00+05:30,57055.0,57089.85,57050.7,57074.55,0
2026-07-22 13:20:00+05:30,57078.0,57102.65,57064.9,57092.5,0
2026-07-22 13:25:00+05:30,57091.9,57098.7,57067.5,57087.6,0
2026-07-22 13:30:00+05:30,57089.4,57115.3,57064.6,57111.65,0
2026-07-22 13:35:00+05:30,57113.6,57164.05,57102.1,57121.4,0
2026-07-22 13:40:00+05:30,57124.2,57126.45,57054.85,57096.7,0
2026-07-22 13:45:00+05:30,57096.85,57104.75,57045.0,57048.1,0
2026-07-22 13:50:00+05:30,57051.8,57072.55,57036.3,57041.35,0
2026-07-22 13:55:00+05:30,57039.7,57062.55,57036.65,57036.65,0
2026-07-22 14:00:00+05:30,57036.0,57059.0,57025.5,57035.6,0
2026-07-22 14:05:00+05:30,57038.0,57053.3,57013.1,57025.2,0
2026-07-22 14:10:00+05:30,57024.05,57029.1,56994.35,57022.35,0
2026-07-22 14:15:00+05:30,57023.8,57078.25,57010.35,57071.05,0
2026-07-22 14:20:00+05:30,57077.05,57084.6,57036.45,57054.0,0
2026-07-22 14:25:00+05:30,57058.95,57067.45,57037.25,57042.65,0
2026-07-22 14:30:00+05:30,57043.0,57068.25,57027.15,57061.1,0
2026-07-22 14:35:00+05:30,57064.2,57118.0,57059.2,57074.45,0
2026-07-22 14:40:00+05:30,57076.25,57085.5,57058.35,57075.5,0
2026-07-22 14:45:00+05:30,57078.45,57099.2,57067.6,57088.0,0
2026-07-22 14:50:00+05:30,57089.0,57123.5,57082.3,57104.25,0
2026-07-22 14:55:00+05:30,57110.15,57111.0,57056.0,57077.85,0
2026-07-22 15:00:00+05:30,57079.6,57102.25,57048.9,57067.25,0
2026-07-22 15:05:00+05:30,57065.35,57138.15,57060.15,57127.2,0
2026-07-22 15:10:00+05:30,57125.65,57175.15,57104.3,57158.15,0
2026-07-22 15:15:00+05:30,57162.6,57178.9,57134.75,57149.05,0
2026-07-22 15:20:00+05:30,57152.3,57169.3,57118.3,57132.05,0
2026-07-22 15:25:00+05:30,57134.4,57157.55,57115.4,57122.1,0
2026-07-23 09:15:00+05:30,56796.95,56829.0,56643.45,56779.65,0
2026-07-23 09:20:00+05:30,56776.65,56930.15,56772.15,56920.2,0
2026-07-23 09:25:00+05:30,56921.1,56921.1,56798.75,56815.85,0
2026-07-23 09:30:00+05:30,56818.35,56834.45,56740.45,56748.8,0
2026-07-23 09:35:00+05:30,56751.1,56751.1,56661.1,56731.35,0
2026-07-23 09:40:00+05:30,56730.45,56741.7,56669.15,56712.25,0
2026-07-23 09:45:00+05:30,56713.7,56764.0,56695.0,56726.8,0
2026-07-23 09:50:00+05:30,56729.95,56767.25,56700.55,56759.4,0
2026-07-23 09:55:00+05:30,56764.2,56796.25,56741.3,56794.5,0
2026-07-23 10:00:00+05:30,56796.25,56867.85,56774.15,56853.05,0
2026-07-23 10:05:00+05:30,56849.35,56886.05,56815.85,56874.35,0
2026-07-23 10:10:00+05:30,56878.25,56882.2,56821.75,56832.3,0
2026-07-23 10:15:00+05:30,56830.7,56853.05,56803.5,56826.25,0
2026-07-23 10:20:00+05:30,56828.1,56844.7,56807.25,56824.15,0
2026-07-23 10:25:00+05:30,56817.1,56874.6,56797.35,56860.1,0
2026-07-23 10:30:00+05:30,56859.8,56873.95,56810.2,56824.25,0
2026-07-23 10:35:00+05:30,56822.95,56879.65,56821.3,56847.05,0
2026-07-23 10:40:00+05:30,56848.2,56859.3,56830.9,56838.45,0
2026-07-23 10:45:00+05:30,56836.7,56842.3,56799.9,56828.7,0
2026-07-23 10:50:00+05:30,56830.6,56842.9,56798.0,56807.4,0
2026-07-23 10:55:00+05:30,56807.85,56865.65,56806.65,56853.35,0
2026-07-23 11:00:00+05:30,56856.6,56873.45,56845.85,56866.15,0
2026-07-23 11:05:00+05:30,56869.2,56873.3,56829.95,56840.6,0
2026-07-23 11:10:00+05:30,56840.1,56849.95,56797.65,56800.75,0
2026-07-23 11:15:00+05:30,56803.5,56803.5,56729.8,56730.0,0
2026-07-23 11:20:00+05:30,56732.55,56755.95,56712.2,56721.9,0
2026-07-23 11:25:00+05:30,56720.0,56725.3,56661.05,56682.8,0
2026-07-23 11:30:00+05:30,56683.9,56714.45,56662.15,56679.45,0
2026-07-23 11:35:00+05:30,56682.0,56702.65,56647.65,56655.1,0
2026-07-23 11:40:00+05:30,56655.7,56663.8,56630.6,56660.2,0
2026-07-23 11:45:00+05:30,56661.85,56662.25,56615.9,56631.5,0
2026-07-23 11:50:00+05:30,56630.4,56641.2,56603.1,56611.0,0
2026-07-23 11:55:00+05:30,56611.05,56657.0,56595.95,56639.25,0
2026-07-23 12:00:00+05:30,56643.5,56692.15,56639.3,56658.9,0
2026-07-23 12:05:00+05:30,56659.6,56667.75,56624.45,56663.0,0
2026-07-23 12:10:00+05:30,56664.5,56664.5,56616.9,56621.0,0
2026-07-23 12:15:00+05:30,56623.6,56653.9,56607.35,56633.0,0
2026-07-23 12:20:00+05:30,56634.65,56635.65,56583.25,56586.85,0
2026-07-23 12:25:00+05:30,56589.7,56589.7,56548.65,56551.85,0
2026-07-23 12:30:00+05:30,56553.05,56557.85,56466.3,56516.75,0
2026-07-23 12:35:00+05:30,56516.85,56532.35,56483.15,56516.45,0
2026-07-23 12:40:00+05:30,56518.1,56518.65,56421.0,56423.95,0
2026-07-23 12:45:00+05:30,56424.55,56442.55,56390.1,56395.5,0
2026-07-23 12:50:00+05:30,56395.25,56436.3,56381.05,56427.95,0
2026-07-23 12:55:00+05:30,56428.65,56462.1,56405.15,56435.3,0
2026-07-23 13:00:00+05:30,56433.1,56440.05,56391.0,56401.2,0
2026-07-23 13:05:00+05:30,56399.8,56410.75,56374.75,56389.65,0
2026-07-23 13:10:00+05:30,56390.35,56425.5,56377.65,56407.0,0
2026-07-23 13:15:00+05:30,56407.75,56418.05,56381.4,56405.35,0
2026-07-23 13:20:00+05:30,56402.9,56445.05,56402.9,56445.05,0
2026-07-23 13:25:00+05:30,56445.6,56477.35,56439.8,56450.9,0
2026-07-23 13:30:00+05:30,56450.05,56454.4,56412.55,56430.1,0
2026-07-23 13:35:00+05:30,56431.9,56500.3,56422.9,56490.1,0
2026-07-23 13:40:00+05:30,56489.55,56494.4,56452.4,56474.1,0
2026-07-23 13:45:00+05:30,56475.0,56543.8,56473.95,56519.2,0
2026-07-23 13:50:00+05:30,56519.1,56544.3,56516.3,56523.0,0
2026-07-23 13:55:00+05:30,56523.7,56544.4,56500.1,56525.15,0
2026-07-23 14:00:00+05:30,56527.05,56546.3,56517.0,56535.65,0
2026-07-23 14:05:00+05:30,56538.05,56551.2,56511.6,56514.7,0
2026-07-23 14:10:00+05:30,56514.5,56528.25,56500.35,56513.2,0
2026-07-23 14:15:00+05:30,56511.7,56542.75,56497.65,56516.2,0
2026-07-23 14:20:00+05:30,56515.5,56589.0,56514.55,56571.1,0
2026-07-23 14:25:00+05:30,56578.0,56578.0,56533.45,56540.2,0
2026-07-23 14:30:00+05:30,56542.7,56607.1,56520.85,56603.45,0
2026-07-23 14:35:00+05:30,56601.3,56612.6,56527.65,56536.4,0
2026-07-23 14:40:00+05:30,56536.0,56539.85,56451.9,56477.15,0
2026-07-23 14:45:00+05:30,56476.0,56479.45,56431.7,56437.65,0
2026-07-23 14:50:00+05:30,56436.05,56492.35,56426.0,56471.25,0
2026-07-23 14:55:00+05:30,56470.85,56548.15,56465.3,56548.15,0
2026-07-23 15:00:00+05:30,56547.45,56619.95,56508.05,56555.65,0
2026-07-23 15:05:00+05:30,56557.3,56619.35,56547.4,56574.75,0
2026-07-23 15:10:00+05:30,56582.9,56600.05,56553.75,56573.85,0
2026-07-23 15:15:00+05:30,56574.6,56589.55,56537.4,56577.75,0
2026-07-23 15:20:00+05:30,56577.9,56607.6,56559.25,56587.0,0
2026-07-23 15:25:00+05:30,56590.05,56606.2,56543.25,56563.35,0
2026-07-24 09:15:00+05:30,56169.4,56327.8,56088.95,56314.7,0
2026-07-24 09:20:00+05:30,56314.2,56343.05,56264.0,56268.65,0
2026-07-24 09:25:00+05:30,56270.65,56270.65,56192.3,56225.9,0
2026-07-24 09:30:00+05:30,56226.45,56268.85,56171.9,56173.85,0
2026-07-24 09:35:00+05:30,56174.45,56217.15,56142.55,56147.1,0
2026-07-24 09:40:00+05:30,56150.7,56171.85,56096.25,56112.4,0
2026-07-24 09:45:00+05:30,56114.0,56126.05,56059.2,56063.8,0
2026-07-24 09:50:00+05:30,56062.85,56119.8,56023.6,56119.7,0
2026-07-24 09:55:00+05:30,56120.65,56173.4,56092.7,56115.45,0
2026-07-24 10:00:00+05:30,56119.5,56123.8,56073.4,56088.3,0
2026-07-24 10:05:00+05:30,56089.65,56121.45,56075.85,56099.2,0
2026-07-24 10:10:00+05:30,56098.95,56106.4,56060.9,56073.5,0
2026-07-24 10:15:00+05:30,56075.4,56139.8,56067.0,56094.05,0
2026-07-24 10:20:00+05:30,56094.6,56145.5,56089.15,56136.85,0
2026-07-24 10:25:00+05:30,56138.0,56140.65,56113.4,56133.05,0
2026-07-24 10:30:00+05:30,56132.25,56145.65,56082.8,56100.9,0
2026-07-24 10:35:00+05:30,56100.0,56166.75,56090.0,56161.2,0
2026-07-24 10:40:00+05:30,56161.5,56207.4,56149.05,56195.75,0
2026-07-24 10:45:00+05:30,56195.2,56214.95,56189.95,56210.8,0
2026-07-24 10:50:00+05:30,56211.85,56216.0,56138.55,56151.65,0
2026-07-24 10:55:00+05:30,56151.05,56152.35,56113.5,56128.3,0
2026-07-24 11:00:00+05:30,56129.15,56142.55,56100.15,56128.0,0
2026-07-24 11:05:00+05:30,56132.7,56156.55,56097.45,56122.1,0
2026-07-24 11:10:00+05:30,56121.25,56132.15,56074.4,56081.8,0
2026-07-24 11:15:00+05:30,56081.75,56149.15,56077.65,56142.9,0
2026-07-24 11:20:00+05:30,56143.6,56221.15,56143.35,56211.25,0
2026-07-24 11:25:00+05:30,56215.0,56226.55,56185.95,56189.65,0
2026-07-24 11:30:00+05:30,56191.1,56201.0,56169.0,56183.8,0
2026-07-24 11:35:00+05:30,56182.95,56199.4,56158.4,56195.65,0
2026-07-24 11:40:00+05:30,56197.05,56235.25,56181.4,56220.85,0
2026-07-24 11:45:00+05:30,56221.55,56296.1,56217.0,56286.35,0
2026-07-24 11:50:00+05:30,56287.1,56296.9,56244.7,56275.3,0
2026-07-24 11:55:00+05:30,56276.0,56285.7,56241.0,56250.25,0
2026-07-24 12:00:00+05:30,56251.35,56388.5,56242.5,56387.65,0
2026-07-24 12:05:00+05:30,56388.5,56401.1,56344.5,56363.3,0
2026-07-24 12:10:00+05:30,56363.25,56371.2,56322.35,56337.05,0
2026-07-24 12:15:00+05:30,56336.5,56397.2,56334.05,56366.55,0
2026-07-24 12:20:00+05:30,56366.5,56448.6,56363.45,56432.65,0
2026-07-24 12:25:00+05:30,56432.9,56733.4,56432.9,56694.35,0
2026-07-24 12:30:00+05:30,56692.6,56723.0,56575.95,56603.6,0
2026-07-24 12:35:00+05:30,56607.9,56634.05,56556.6,56608.75,0
2026-07-24 12:40:00+05:30,56614.6,56687.6,56599.05,56672.85,0
2026-07-24 12:45:00+05:30,56674.15,56753.2,56668.65,56743.9,0
2026-07-24 12:50:00+05:30,56743.3,56769.65,56709.15,56732.5,0
2026-07-24 12:55:00+05:30,56729.65,56772.55,56708.15,56714.8,0
2026-07-24 13:00:00+05:30,56713.4,56718.65,56627.2,56641.85,0
2026-07-24 13:05:00+05:30,56641.15,56653.7,56610.05,56627.8,0
2026-07-24 13:10:00+05:30,56627.7,56689.95,56623.65,56687.65,0
2026-07-24 13:15:00+05:30,56689.9,56718.8,56670.65,56715.65,0
2026-07-24 13:20:00+05:30,56717.5,56737.95,56687.7,56715.4,0
2026-07-24 13:25:00+05:30,56712.25,56769.15,56707.45,56739.45,0
2026-07-24 13:30:00+05:30,56739.7,56744.55,56677.9,56679.85,0
2026-07-24 13:35:00+05:30,56681.65,56684.0,56650.95,56672.3,0
2026-07-24 13:40:00+05:30,56667.95,56672.85,56557.5,56612.4,0
2026-07-24 13:45:00+05:30,56613.9,56665.9,56597.25,56661.7,0
2026-07-24 13:50:00+05:30,56661.15,56721.8,56661.15,56719.25,0
2026-07-24 13:55:00+05:30,56721.3,56743.95,56689.45,56742.35,0
2026-07-24 14:00:00+05:30,56740.6,56831.45,56711.3,56807.55,0
2026-07-24 14:05:00+05:30,56806.35,56809.95,56755.0,56785.95,0
2026-07-24 14:10:00+05:30,56784.15,56808.35,56752.75,56783.4,0
2026-07-24 14:15:00+05:30,56782.85,56795.05,56742.45,56750.75,0
2026-07-24 14:20:00+05:30,56751.6,56757.1,56704.85,56708.55,0
2026-07-24 14:25:00+05:30,56708.45,56737.95,56701.25,56725.95,0
2026-07-24 14:30:00+05:30,56727.8,56750.25,56703.85,56706.7,0
2026-07-24 14:35:00+05:30,56705.85,56726.3,56681.85,56695.5,0
2026-07-24 14:40:00+05:30,56695.85,56718.6,56663.35,56686.4,0
2026-07-24 14:45:00+05:30,56685.75,56699.15,56661.85,56696.8,0
2026-07-24 14:50:00+05:30,56693.3,56753.65,56685.35,56741.4,0
2026-07-24 14:55:00+05:30,56748.75,56749.95,56710.65,56723.15,0
2026-07-24 15:00:00+05:30,56726.4,56740.05,56649.5,56665.8,0
2026-07-24 15:05:00+05:30,56664.95,56697.85,56642.0,56666.25,0
2026-07-24 15:10:00+05:30,56663.55,56683.05,56632.45,56682.65,0
2026-07-24 15:15:00+05:30,56681.15,56736.6,56674.45,56694.5,0
2026-07-24 15:20:00+05:30,56696.4,56732.4,56692.55,56715.4,0
2026-07-24 15:25:00+05:30,56717.8,56763.05,56704.85,56755.4,0
2026-07-27 09:15:00+05:30,57116.8,57303.9,57111.1,57265.55,0
2026-07-27 09:20:00+05:30,57263.05,57330.05,57250.55,57261.2,0
2026-07-27 09:25:00+05:30,57262.1,57272.0,57201.25,57249.9,0
2026-07-27 09:30:00+05:30,57249.05,57276.55,57203.2,57221.55,0
2026-07-27 09:35:00+05:30,57225.65,57227.6,57165.5,57180.9,0
2026-07-27 09:40:00+05:30,57181.45,57211.7,57169.65,57189.9,0
2026-07-27 09:45:00+05:30,57188.65,57204.65,57167.45,57186.8,0
2026-07-27 09:50:00+05:30,57187.1,57189.25,57104.0,57121.8,0
2026-07-27 09:55:00+05:30,57124.5,57124.5,57079.85,57107.65,0
2026-07-27 10:00:00+05:30,57105.2,57112.65,57048.1,57064.25,0
2026-07-27 10:05:00+05:30,57064.35,57104.3,57056.4,57065.25,0
2026-07-27 10:10:00+05:30,57065.9,57124.95,57050.9,57121.4,0
2026-07-27 10:15:00+05:30,57121.0,57135.6,57067.4,57074.15,0
2026-07-27 10:20:00+05:30,57072.7,57077.05,57025.45,57041.9,0
2026-07-27 10:25:00+05:30,57041.3,57063.75,57032.7,57046.9,0
2026-07-27 10:30:00+05:30,57050.05,57065.3,57031.15,57040.5,0
2026-07-27 10:35:00+05:30,57042.3,57042.3,56969.2,56973.35,0
2026-07-27 10:40:00+05:30,56976.35,57035.95,56972.1,57032.95,0
2026-07-27 10:45:00+05:30,57036.6,57047.6,57009.5,57029.95,0
2026-07-27 10:50:00+05:30,57029.2,57080.05,57017.6,57061.05,0
2026-07-27 10:55:00+05:30,57062.3,57083.95,57035.4,57070.0,0
2026-07-27 11:00:00+05:30,57077.25,57087.6,57061.0,57075.2,0
2026-07-27 11:05:00+05:30,57074.3,57076.3,57036.15,57060.35,0
2026-07-27 11:10:00+05:30,57067.6,57071.85,57026.65,57035.35,0
2026-07-27 11:15:00+05:30,57036.9,57066.55,57008.6,57062.7,0
2026-07-27 11:20:00+05:30,57066.7,57074.0,57038.9,57063.35,0
2026-07-27 11:25:00+05:30,57069.0,57084.2,57041.5,57044.6,0
2026-07-27 11:30:00+05:30,57045.3,57062.25,57025.6,57044.45,0
2026-07-27 11:35:00+05:30,57045.65,57045.65,57009.55,57027.5,0
2026-07-27 11:40:00+05:30,57028.7,57057.95,57015.9,57047.45,0
2026-07-27 11:45:00+05:30,57050.8,57050.8,56993.5,57003.85,0
2026-07-27 11:50:00+05:30,57004.8,57006.1,56980.6,57003.25,0
2026-07-27 11:55:00+05:30,57006.8,57018.7,56972.05,56975.3,0
2026-07-27 12:00:00+05:30,56976.95,56989.0,56954.3,56967.85,0
2026-07-27 12:05:00+05:30,56968.65,56982.25,56946.45,56969.8,0
2026-07-27 12:10:00+05:30,56973.15,57142.65,56964.85,57076.35,0
2026-07-27 12:15:00+05:30,57076.95,57118.15,57064.15,57096.75,0
2026-07-27 12:20:00+05:30,57100.2,57108.9,57054.7,57068.65,0
2026-07-27 12:25:00+05:30,57069.4,57101.25,57052.2,57054.75,0
2026-07-27 12:30:00+05:30,57058.65,57087.6,57036.05,57069.35,0
2026-07-27 12:35:00+05:30,57075.2,57075.2,57010.65,57030.35,0
2026-07-27 12:40:00+05:30,57032.35,57057.9,57015.05,57052.5,0
2026-07-27 12:45:00+05:30,57056.65,57096.55,57047.2,57076.85,0
2026-07-27 12:50:00+05:30,57082.45,57084.95,57046.8,57056.0,0
2026-07-27 12:55:00+05:30,57061.1,57078.55,57039.4,57050.85,0
2026-07-27 13:00:00+05:30,57051.95,57063.05,57033.65,57042.9,0
2026-07-27 13:05:00+05:30,57051.15,57064.7,57032.8,57037.3,0
2026-07-27 13:10:00+05:30,57040.2,57059.8,57032.65,57056.1,0
2026-07-27 13:15:00+05:30,57058.45,57086.3,57048.7,57049.9,0
2026-07-27 13:20:00+05:30,57052.05,57068.25,57029.3,57061.3,0
2026-07-27 13:25:00+05:30,57061.55,57063.5,57000.25,57005.55,0
2026-07-27 13:30:00+05:30,57007.35,57017.55,56946.0,56947.15,0
2026-07-27 13:35:00+05:30,56950.65,56990.75,56928.65,56982.35,0
2026-07-27 13:40:00+05:30,56984.45,56994.6,56949.8,56979.6,0
2026-07-27 13:45:00+05:30,56976.45,57019.9,56966.0,56994.55,0
2026-07-27 13:50:00+05:30,56995.45,57004.15,56977.95,56996.8,0
2026-07-27 13:55:00+05:30,56999.15,57030.95,56993.0,57026.7,0
2026-07-27 14:00:00+05:30,57031.05,57064.3,57025.1,57048.65,0
2026-07-27 14:05:00+05:30,57053.95,57104.2,57041.8,57100.05,0
2026-07-27 14:10:00+05:30,57101.25,57124.0,57074.7,57123.4,0
2026-07-27 14:15:00+05:30,57122.75,57126.6,57069.15,57087.3,0
2026-07-27 14:20:00+05:30,57088.9,57142.0,57074.3,57140.35,0
2026-07-27 14:25:00+05:30,57141.95,57176.15,57119.35,57161.15,0
2026-07-27 14:30:00+05:30,57164.65,57177.95,57110.0,57130.65,0
2026-07-27 14:35:00+05:30,57134.75,57144.2,57093.65,57125.1,0
2026-07-27 14:40:00+05:30,57124.9,57147.55,57094.05,57114.5,0
2026-07-27 14:45:00+05:30,57118.7,57129.1,57089.0,57101.3,0
2026-07-27 14:50:00+05:30,57108.8,57136.55,57096.15,57099.7,0
2026-07-27 14:55:00+05:30,57100.85,57143.95,57092.45,57097.1,0
2026-07-27 15:00:00+05:30,57099.6,57113.4,57083.65,57091.95,0
2026-07-27 15:05:00+05:30,57092.5,57124.0,57089.25,57094.5,0
2026-07-27 15:10:00+05:30,57097.55,57115.75,57074.35,57082.9,0
2026-07-27 15:15:00+05:30,57082.1,57093.05,57065.95,57091.85,0
2026-07-27 15:20:00+05:30,57086.45,57121.1,57079.7,57105.2,0
2026-07-27 15:25:00+05:30,57097.9,57123.8,57080.25,57115.95,0
2026-07-28 09:15:00+05:30,56883.55,57054.2,56883.55,57010.5,0
2026-07-28 09:20:00+05:30,57010.8,57047.5,56950.95,56954.65,0
2026-07-28 09:25:00+05:30,56953.35,56954.55,56889.75,56931.7,0
2026-07-28 09:30:00+05:30,56932.95,56932.95,56858.35,56898.95,0
2026-07-28 09:35:00+05:30,56898.45,56954.65,56898.45,56928.0,0
2026-07-28 09:40:00+05:30,56926.35,56929.7,56875.85,56881.55,0
2026-07-28 09:45:00+05:30,56880.6,56881.9,56854.8,56873.35,0
2026-07-28 09:50:00+05:30,56872.75,56872.75,56790.9,56818.25,0
2026-07-28 09:55:00+05:30,56822.2,56853.55,56812.15,56847.4,0
2026-07-28 10:00:00+05:30,56847.1,56863.9,56828.85,56834.7,0
2026-07-28 10:05:00+05:30,56835.2,56880.4,56826.55,56849.75,0
2026-07-28 10:10:00+05:30,56845.2,56909.55,56842.5,56894.65,0
2026-07-28 10:15:00+05:30,56895.8,56953.9,56891.9,56928.5,0
2026-07-28 10:20:00+05:30,56929.05,56931.45,56898.1,56919.65,0
2026-07-28 10:25:00+05:30,56918.95,56945.15,56879.95,56880.8,0
2026-07-28 10:30:00+05:30,56882.85,56953.15,56878.8,56947.45,0
2026-07-28 10:35:00+05:30,56948.6,56970.4,56915.1,56951.1,0
2026-07-28 10:40:00+05:30,56951.65,57010.3,56945.65,56997.4,0
2026-07-28 10:45:00+05:30,56999.25,57015.05,56975.7,57002.8,0
2026-07-28 10:50:00+05:30,57002.1,57025.7,56978.6,56999.15,0
2026-07-28 10:55:00+05:30,56998.0,57016.0,56969.4,56971.5,0
2026-07-28 11:00:00+05:30,56971.15,56998.35,56941.55,56998.25,0
2026-07-28 11:05:00+05:30,56996.35,57001.45,56963.35,56994.45,0
2026-07-28 11:10:00+05:30,56995.0,56998.55,56958.2,56970.45,0
2026-07-28 11:15:00+05:30,56971.15,57005.75,56966.25,56991.85,0
2026-07-28 11:20:00+05:30,56992.3,56993.5,56966.2,56978.25,0
2026-07-28 11:25:00+05:30,56977.8,57006.25,56963.6,56990.25,0
2026-07-28 11:30:00+05:30,56993.05,56998.9,56964.75,56975.15,0
2026-07-28 11:35:00+05:30,56975.75,56994.25,56965.95,56992.2,0
2026-07-28 11:40:00+05:30,56992.45,57039.85,56985.0,57022.5,0
2026-07-28 11:45:00+05:30,57022.6,57028.6,57003.45,57006.6,0
2026-07-28 11:50:00+05:30,57005.4,57014.75,56953.2,56972.85,0
2026-07-28 11:55:00+05:30,56973.0,56982.4,56952.4,56965.3,0
2026-07-28 12:00:00+05:30,56965.95,56982.3,56950.15,56980.8,0
2026-07-28 12:05:00+05:30,56979.5,56992.4,56963.1,56987.05,0
2026-07-28 12:10:00+05:30,56984.25,56990.5,56963.3,56976.25,0
2026-07-28 12:15:00+05:30,56976.0,56988.85,56935.8,56942.2,0
2026-07-28 12:20:00+05:30,56939.15,56965.0,56922.55,56961.9,0
2026-07-28 12:25:00+05:30,56962.45,56998.25,56943.15,56985.4,0
2026-07-28 12:30:00+05:30,56984.5,56998.7,56962.45,56970.3,0
2026-07-28 12:35:00+05:30,56969.6,56974.4,56941.0,56941.55,0
2026-07-28 12:40:00+05:30,56940.95,56941.75,56908.8,56916.4,0
2026-07-28 12:45:00+05:30,56917.1,56931.4,56882.3,56902.6,0
2026-07-28 12:50:00+05:30,56905.2,56913.2,56888.7,56904.25,0
2026-07-28 12:55:00+05:30,56903.85,56923.9,56850.15,56861.8,0
2026-07-28 13:00:00+05:30,56862.3,56884.4,56851.95,56864.85,0
2026-07-28 13:05:00+05:30,56864.05,56881.35,56859.75,56881.35,0
2026-07-28 13:10:00+05:30,56879.55,56884.6,56820.9,56821.0,0
2026-07-28 13:15:00+05:30,56819.3,56823.55,56786.45,56801.2,0
2026-07-28 13:20:00+05:30,56799.45,56844.4,56783.6,56837.55,0
2026-07-28 13:25:00+05:30,56834.75,56836.4,56806.8,56826.95,0
2026-07-28 13:30:00+05:30,56827.6,56830.9,56811.05,56818.55,0
2026-07-28 13:35:00+05:30,56817.85,56838.85,56793.7,56814.5,0
2026-07-28 13:40:00+05:30,56815.2,56817.05,56778.8,56800.75,0
2026-07-28 13:45:00+05:30,56799.45,56811.6,56773.9,56793.5,0
2026-07-28 13:50:00+05:30,56791.5,56857.9,56791.5,56810.7,0
2026-07-28 13:55:00+05:30,56810.95,56826.5,56800.4,56826.05,0
2026-07-28 14:00:00+05:30,56823.35,56843.7,56810.55,56832.5,0
2026-07-28 14:05:00+05:30,56841.7,56854.2,56820.35,56828.45,0
2026-07-28 14:10:00+05:30,56828.25,56831.25,56793.05,56807.45,0
2026-07-28 14:15:00+05:30,56805.9,56829.25,56782.75,56800.35,0
2026-07-28 14:20:00+05:30,56797.0,56821.2,56783.35,56785.1,0
2026-07-28 14:25:00+05:30,56788.4,56820.1,56781.85,56795.1,0
2026-07-28 14:30:00+05:30,56795.8,56797.7,56744.65,56755.2,0
2026-07-28 14:35:00+05:30,56754.2,56805.3,56750.4,56800.8,0
2026-07-28 14:40:00+05:30,56789.1,56830.9,56786.5,56818.25,0
2026-07-28 14:45:00+05:30,56804.35,56815.3,56777.05,56796.5,0
2026-07-28 14:50:00+05:30,56794.8,56820.85,56769.65,56814.65,0
2026-07-28 14:55:00+05:30,56814.15,56817.45,56782.6,56797.6,0
2026-07-28 15:00:00+05:30,56802.4,56805.85,56691.9,56699.2,0
2026-07-28 15:05:00+05:30,56703.15,56718.75,56694.0,56698.05,0
2026-07-28 15:10:00+05:30,56697.9,56703.85,56686.35,56698.55,0
2026-07-28 15:15:00+05:30,56699.7,56867.1,56672.4,56851.45,0
2026-07-28 15:20:00+05:30,56853.25,56864.5,56722.75,56735.1,0
2026-07-28 15:25:00+05:30,56734.6,56754.9,56703.35,56718.75,0
2026-07-29 09:15:00+05:30,57126.6,57155.6,56978.05,57028.95,0
2026-07-29 09:20:00+05:30,57029.9,57082.1,56964.3,56985.05,0
2026-07-29 09:25:00+05:30,56985.15,57051.85,56984.25,57006.0,0
2026-07-29 09:30:00+05:30,57004.4,57039.25,56978.0,57005.4,0
2026-07-29 09:35:00+05:30,57001.4,57014.65,56939.35,57004.95,0
2026-07-29 09:40:00+05:30,57011.45,57071.95,56984.55,57071.35,0
2026-07-29 09:45:00+05:30,57070.1,57075.45,57019.4,57043.05,0
2026-07-29 09:50:00+05:30,57043.9,57054.65,56981.9,57031.9,0
2026-07-29 09:55:00+05:30,57033.15,57068.9,57021.0,57051.5,0
2026-07-29 10:00:00+05:30,57050.6,57119.6,57043.8,57101.2,0
2026-07-29 10:05:00+05:30,57101.0,57190.0,57097.6,57173.45,0
2026-07-29 10:10:00+05:30,57172.75,57183.65,57155.2,57172.35,0
2026-07-29 10:15:00+05:30,57173.5,57186.95,57137.0,57137.0,0
2026-07-29 10:20:00+05:30,57136.1,57161.95,57125.3,57144.2,0
2026-07-29 10:25:00+05:30,57145.9,57167.45,57095.85,57099.65,0
2026-07-29 10:30:00+05:30,57104.55,57140.2,57094.9,57138.8,0
2026-07-29 10:35:00+05:30,57137.95,57142.8,57106.05,57112.05,0
2026-07-29 10:40:00+05:30,57113.3,57145.8,57106.85,57138.45,0
2026-07-29 10:45:00+05:30,57140.7,57141.7,57046.65,57066.85,0
2026-07-29 10:50:00+05:30,57067.7,57089.15,57057.45,57083.65,0
2026-07-29 10:55:00+05:30,57085.45,57108.65,57075.6,57107.15,0
2026-07-29 11:00:00+05:30,57108.3,57149.9,57094.5,57139.6,0
2026-07-29 11:05:00+05:30,57138.15,57175.0,57123.65,57174.6,0
2026-07-29 11:10:00+05:30,57172.35,57182.65,57152.5,57157.25,0
2026-07-29 11:15:00+05:30,57156.5,57167.05,57123.45,57130.45,0
2026-07-29 11:20:00+05:30,57133.95,57166.05,57122.85,57153.05,0
2026-07-29 11:25:00+05:30,57153.15,57165.75,57137.85,57141.15,0
2026-07-29 11:30:00+05:30,57142.0,57162.55,57123.2,57145.85,0
2026-07-29 11:35:00+05:30,57148.2,57166.25,57123.45,57152.65,0
2026-07-29 11:40:00+05:30,57152.45,57181.6,57150.1,57168.7,0
2026-07-29 11:45:00+05:30,57171.65,57184.5,57153.85,57159.6,0
2026-07-29 11:50:00+05:30,57160.2,57176.25,57147.65,57170.75,0
2026-07-29 11:55:00+05:30,57171.95,57193.95,57146.15,57181.4,0
2026-07-29 12:00:00+05:30,57183.1,57197.85,57164.4,57187.9,0
2026-07-29 12:05:00+05:30,57190.05,57259.2,57182.65,57251.15,0
2026-07-29 12:10:00+05:30,57250.55,57264.3,57243.45,57255.2,0
2026-07-29 12:15:00+05:30,57255.95,57263.45,57213.5,57228.45,0
2026-07-29 12:20:00+05:30,57228.0,57242.7,57221.75,57229.95,0
2026-07-29 12:25:00+05:30,57229.9,57242.5,57197.6,57205.8,0
2026-07-29 12:30:00+05:30,57207.45,57222.3,57188.9,57214.65,0
2026-07-29 12:35:00+05:30,57215.3,57237.4,57212.9,57223.8,0
2026-07-29 12:40:00+05:30,57224.35,57245.75,57204.65,57209.8,0
2026-07-29 12:45:00+05:30,57210.05,57229.5,57181.7,57183.1,0
2026-07-29 12:50:00+05:30,57185.9,57219.2,57168.85,57211.65,0
2026-07-29 12:55:00+05:30,57214.7,57219.15,57178.6,57188.85,0
2026-07-29 13:00:00+05:30,57194.05,57222.45,57190.55,57196.85,0
2026-07-29 13:05:00+05:30,57198.4,57221.3,57186.4,57215.35,0
2026-07-29 13:10:00+05:30,57218.45,57253.9,57214.2,57238.2,0
2026-07-29 13:15:00+05:30,57239.05,57241.15,57200.25,57233.15,0
2026-07-29 13:20:00+05:30,57231.95,57238.65,57195.45,57195.6,0
2026-07-29 13:25:00+05:30,57199.65,57224.25,57195.3,57205.35,0
2026-07-29 13:30:00+05:30,57203.9,57223.0,57202.6,57205.1,0
2026-07-29 13:35:00+05:30,57205.5,57217.25,57175.6,57192.85,0
2026-07-29 13:40:00+05:30,57196.75,57215.35,57142.75,57151.3,0
2026-07-29 13:45:00+05:30,57146.65,57203.35,57137.05,57183.8,0
2026-07-29 13:50:00+05:30,57184.05,57211.75,57181.4,57198.1,0
2026-07-29 13:55:00+05:30,57199.55,57219.9,57191.0,57197.7,0
2026-07-29 14:00:00+05:30,57198.15,57263.0,57194.7,57254.1,0
2026-07-29 14:05:00+05:30,57253.3,57266.35,57230.0,57243.25,0
2026-07-29 14:10:00+05:30,57244.45,57274.85,57239.4,57258.05,0
2026-07-29 14:15:00+05:30,57258.35,57312.05,57252.8,57298.8,0
2026-07-29 14:20:00+05:30,57299.95,57315.95,57272.05,57285.6,0
2026-07-29 14:25:00+05:30,57286.8,57299.6,57279.1,57291.65,0
2026-07-29 14:30:00+05:30,57292.45,57300.8,57253.8,57265.85,0
2026-07-29 14:35:00+05:30,57264.05,57275.75,57252.15,57261.7,0
2026-07-29 14:40:00+05:30,57262.95,57267.75,57235.2,57261.1,0
2026-07-29 14:45:00+05:30,57260.25,57309.4,57260.25,57270.55,0
2026-07-29 14:50:00+05:30,57269.55,57290.35,57261.3,57285.95,0
2026-07-29 14:55:00+05:30,57284.75,57314.4,57275.0,57281.2,0
2026-07-29 15:00:00+05:30,57281.15,57306.55,57209.8,57215.5,0
2026-07-29 15:05:00+05:30,57215.85,57237.95,57196.55,57236.2,0
2026-07-29 15:10:00+05:30,57237.2,57237.2,57206.5,57215.25,0
2026-07-29 15:15:00+05:30,57212.9,57219.85,57167.45,57190.9,0
2026-07-29 15:20:00+05:30,57195.95,57207.3,57179.0,57186.5,0
2026-07-29 15:25:00+05:30,57188.35,57215.75,57161.6,57193.6,0
2026-07-30 09:15:00+05:30,57127.05,57129.3,56868.85,56948.55,0
2026-07-30 09:20:00+05:30,56951.0,56973.75,56900.95,56939.75,0
2026-07-30 09:25:00+05:30,56938.8,56954.25,56926.7,56946.85,0
2026-07-30 09:30:00+05:30,56946.1,56986.65,56911.25,56937.35,0
2026-07-30 09:35:00+05:30,56935.75,56941.95,56861.9,56864.75,0
2026-07-30 09:40:00+05:30,56864.1,56865.2,56819.5,56835.35,0
2026-07-30 09:45:00+05:30,56834.55,56894.05,56801.4,56864.65,0
2026-07-30 09:50:00+05:30,56868.0,56923.95,56867.65,56882.5,0
2026-07-30 09:55:00+05:30,56883.2,56935.95,56878.7,56923.1,0
2026-07-30 10:00:00+05:30,56926.2,56935.9,56894.7,56921.95,0
2026-07-30 10:05:00+05:30,56920.9,56940.05,56884.85,56887.75,0
2026-07-30 10:10:00+05:30,56889.4,56891.65,56832.2,56835.9,0
2026-07-30 10:15:00+05:30,56837.05,56855.8,56815.8,56817.45,0
2026-07-30 10:20:00+05:30,56816.85,56852.95,56805.95,56845.25,0
2026-07-30 10:25:00+05:30,56847.25,56858.5,56797.55,56798.15,0
2026-07-30 10:30:00+05:30,56799.25,56804.85,56768.6,56789.7,0
2026-07-30 10:35:00+05:30,56790.5,56834.65,56786.15,56826.0,0
2026-07-30 10:40:00+05:30,56825.15,56869.8,56796.7,56861.95,0
2026-07-30 10:45:00+05:30,56862.55,56886.55,56848.05,56884.45,0
2026-07-30 10:50:00+05:30,56885.0,56902.85,56872.05,56875.4,0
2026-07-30 10:55:00+05:30,56878.35,56896.25,56865.55,56878.95,0
2026-07-30 11:00:00+05:30,56877.25,56905.15,56859.85,56901.05,0
2026-07-30 11:05:00+05:30,56901.7,56907.45,56861.25,56895.05,0
2026-07-30 11:10:00+05:30,56894.35,56918.6,56885.5,56899.05,0
2026-07-30 11:15:00+05:30,56900.75,56936.6,56884.5,56893.4,0
2026-07-30 11:20:00+05:30,56895.05,56907.9,56883.6,56895.65,0
2026-07-30 11:25:00+05:30,56897.9,56930.7,56876.95,56912.45,0
2026-07-30 11:30:00+05:30,56915.25,56935.5,56893.35,56930.55,0
2026-07-30 11:35:00+05:30,56930.25,56932.65,56898.3,56899.9,0
2026-07-30 11:40:00+05:30,56898.2,56912.5,56886.55,56890.05,0
2026-07-30 11:45:00+05:30,56892.45,56894.5,56847.25,56850.45,0
2026-07-30 11:50:00+05:30,56852.85,56864.6,56834.45,56838.9,0
2026-07-30 11:55:00+05:30,56840.75,56858.8,56821.5,56842.9,0
2026-07-30 12:00:00+05:30,56844.4,56853.1,56828.35,56841.95,0
2026-07-30 12:05:00+05:30,56841.15,56874.1,56833.7,56853.25,0
2026-07-30 12:10:00+05:30,56853.85,56884.75,56837.6,56869.35,0
2026-07-30 12:15:00+05:30,56869.4,56905.0,56861.05,56904.25,0
2026-07-30 12:20:00+05:30,56903.15,56921.4,56882.7,56888.5,0
2026-07-30 12:25:00+05:30,56890.15,56920.0,56887.0,56909.25,0
2026-07-30 12:30:00+05:30,56909.95,57136.75,56899.35,57030.2,0
2026-07-30 12:35:00+05:30,57030.5,57072.1,56972.55,57001.4,0
2026-07-30 12:40:00+05:30,57003.05,57054.5,56985.2,57041.25,0
2026-07-30 12:45:00+05:30,57042.35,57092.65,57026.05,57063.65,0
2026-07-30 12:50:00+05:30,57064.95,57074.5,57036.35,57058.85,0
2026-07-30 12:55:00+05:30,57056.1,57063.35,57022.55,57035.6,0
2026-07-30 13:00:00+05:30,57036.2,57041.65,56993.2,57009.4,0
2026-07-30 13:05:00+05:30,57007.85,57042.55,56997.25,57020.45,0
2026-07-30 13:10:00+05:30,57022.15,57025.55,56964.85,57017.4,0
2026-07-30 13:15:00+05:30,57020.05,57022.75,57003.85,57010.4,0
2026-07-30 13:20:00+05:30,57011.5,57052.65,57007.45,57031.95,0
2026-07-30 13:25:00+05:30,57034.7,57050.3,56997.75,56999.05,0
2026-07-30 13:30:00+05:30,57000.3,57012.95,56978.65,56999.6,0
2026-07-30 13:35:00+05:30,56999.0,57046.05,56992.7,57016.8,0
2026-07-30 13:40:00+05:30,57017.15,57039.65,57016.55,57031.05,0
2026-07-30 13:45:00+05:30,57029.65,57030.35,56984.05,56985.8,0
2026-07-30 13:50:00+05:30,56988.6,57022.8,56967.9,57012.8,0
2026-07-30 13:55:00+05:30,57011.7,57036.9,56989.0,57000.65,0
2026-07-30 14:00:00+05:30,56999.95,57018.1,56998.75,57014.7,0
2026-07-30 14:05:00+05:30,57012.1,57013.85,56948.95,56962.4,0
2026-07-30 14:10:00+05:30,56964.95,56976.1,56951.6,56960.9,0
2026-07-30 14:15:00+05:30,56962.75,56986.2,56953.8,56979.3,0
2026-07-30 14:20:00+05:30,56978.9,56979.65,56935.85,56942.75,0
2026-07-30 14:25:00+05:30,56942.3,56961.9,56930.45,56958.45,0
2026-07-30 14:30:00+05:30,56960.2,57018.9,56949.45,56995.15,0
2026-07-30 14:35:00+05:30,56993.1,57019.35,56970.25,57016.2,0
2026-07-30 14:40:00+05:30,57018.3,57026.35,56989.4,57024.6,0
2026-07-30 14:45:00+05:30,57023.95,57066.8,57013.2,57048.3,0
2026-07-30 14:50:00+05:30,57047.6,57055.9,57031.05,57038.55,0
2026-07-30 14:55:00+05:30,57039.85,57062.75,57025.3,57035.9,0
2026-07-30 15:00:00+05:30,57036.35,57122.65,57024.6,57120.6,0
2026-07-30 15:05:00+05:30,57118.75,57193.15,57099.85,57162.8,0
2026-07-30 15:10:00+05:30,57157.65,57183.35,57149.1,57151.9,0
2026-07-30 15:15:00+05:30,57152.1,57157.75,57111.7,57135.9,0
2026-07-30 15:20:00+05:30,57135.85,57224.1,57131.55,57203.3,0
2026-07-30 15:25:00+05:30,57208.5,57236.65,57071.9,57102.9,0
2026-07-31 09:15:00+05:30,57225.9,57411.25,57225.9,57353.45,0
2026-07-31 09:20:00+05:30,57349.4,57388.45,57317.4,57370.75,0
2026-07-31 09:25:00+05:30,57368.7,57374.8,57310.0,57315.7,0
2026-07-31 09:30:00+05:30,57319.45,57322.45,57225.5,57257.9,0
2026-07-31 09:35:00+05:30,57259.85,57267.3,57152.95,57192.25,0
2026-07-31 09:40:00+05:30,57194.75,57249.95,57191.85,57233.35,0
2026-07-31 09:45:00+05:30,57231.15,57242.4,57159.0,57183.25,0
2026-07-31 09:50:00+05:30,57183.6,57224.9,57167.35,57222.8,0
2026-07-31 09:55:00+05:30,57224.6,57230.5,57198.05,57223.35,0
2026-07-31 10:00:00+05:30,57229.1,57265.5,57211.3,57240.65,0
2026-07-31 10:05:00+05:30,57243.0,57244.35,57178.45,57190.25,0
2026-07-31 10:10:00+05:30,57190.4,57228.25,57185.95,57201.9,0
2026-07-31 10:15:00+05:30,57203.5,57218.95,57172.25,57217.75,0
2026-07-31 10:20:00+05:30,57217.2,57227.2,57208.8,57226.95,0
2026-07-31 10:25:00+05:30,57227.1,57240.7,57216.45,57221.2,0
2026-07-31 10:30:00+05:30,57223.3,57223.8,57168.3,57179.95,0
2026-07-31 10:35:00+05:30,57179.5,57243.55,57164.7,57236.6,0
2026-07-31 10:40:00+05:30,57235.25,57242.05,57201.2,57218.75,0
2026-07-31 10:45:00+05:30,57220.8,57223.55,57208.2,57218.55,0
2026-07-31 10:50:00+05:30,57219.1,57219.95,57180.55,57200.55,0
2026-07-31 10:55:00+05:30,57201.55,57225.55,57187.2,57211.7,0
2026-07-31 11:00:00+05:30,57213.15,57226.2,57203.25,57221.3,0
2026-07-31 11:05:00+05:30,57220.5,57227.2,57151.35,57158.9,0
2026-07-31 11:10:00+05:30,57159.7,57188.85,57139.6,57188.85,0
2026-07-31 11:15:00+05:30,57189.25,57212.15,57175.55,57198.45,0
2026-07-31 11:20:00+05:30,57201.55,57207.55,57189.55,57205.8,0
2026-07-31 11:25:00+05:30,57203.7,57207.45,57170.35,57181.25,0
2026-07-31 11:30:00+05:30,57181.45,57186.75,57166.45,57177.45,0
2026-07-31 11:35:00+05:30,57177.7,57188.95,57161.15,57170.65,0
2026-07-31 11:40:00+05:30,57171.3,57176.55,57146.25,57156.2,0
2026-07-31 11:45:00+05:30,57155.5,57172.0,57149.55,57168.7,0
2026-07-31 11:50:00+05:30,57171.75,57174.4,57147.55,57154.15,0
2026-07-31 11:55:00+05:30,57154.3,57169.95,57144.7,57166.1,0
2026-07-31 12:00:00+05:30,57169.7,57184.1,57154.7,57176.2,0
2026-07-31 12:05:00+05:30,57177.8,57192.15,57167.5,57190.55,0
2026-07-31 12:10:00+05:30,57192.8,57237.75,57184.85,57237.75,0
2026-07-31 12:15:00+05:30,57235.55,57242.55,57202.25,57212.4,0
2026-07-31 12:20:00+05:30,57213.15,57236.75,57208.3,57214.8,0
2026-07-31 12:25:00+05:30,57216.5,57261.85,57205.5,57238.15,0
2026-07-31 12:30:00+05:30,57241.15,57243.2,57208.35,57237.5,0
2026-07-31 12:35:00+05:30,57236.7,57258.55,57232.15,57238.15,0
2026-07-31 12:40:00+05:30,57237.45,57252.6,57229.6,57240.05,0
2026-07-31 12:45:00+05:30,57242.6,57249.95,57229.85,57245.05,0
2026-07-31 12:50:00+05:30,57250.05,57250.45,57209.7,57222.15,0
2026-07-31 12:55:00+05:30,57226.9,57258.35,57214.85,57237.45,0
2026-07-31 13:00:00+05:30,57238.7,57293.8,57235.1,57288.85,0
2026-07-31 13:05:00+05:30,57287.7,57360.85,57287.7,57333.85,0
2026-07-31 13:10:00+05:30,57338.15,57343.9,57304.15,57308.85,0
2026-07-31 13:15:00+05:30,57309.65,57317.8,57295.95,57313.1,0
2026-07-31 13:20:00+05:30,57317.4,57344.95,57307.7,57341.75,0
2026-07-31 13:25:00+05:30,57342.85,57382.15,57341.3,57368.25,0
2026-07-31 13:30:00+05:30,57368.45,57376.4,57308.15,57316.2,0
2026-07-31 13:35:00+05:30,57319.25,57347.6,57318.05,57327.55,0
2026-07-31 13:40:00+05:30,57330.1,57331.5,57299.3,57315.45,0
2026-07-31 13:45:00+05:30,57320.6,57322.4,57296.9,57318.35,0
2026-07-31 13:50:00+05:30,57319.45,57332.35,57311.3,57317.45,0
2026-07-31 13:55:00+05:30,57316.9,57336.0,57315.2,57331.95,0
2026-07-31 14:00:00+05:30,57333.0,57335.3,57277.1,57284.2,0
2026-07-31 14:05:00+05:30,57284.65,57286.45,57260.6,57267.45,0
2026-07-31 14:10:00+05:30,57271.05,57306.8,57267.25,57302.6,0
2026-07-31 14:15:00+05:30,57300.8,57304.95,57264.55,57277.55,0
2026-07-31 14:20:00+05:30,57277.0,57320.3,57271.1,57319.4,0
2026-07-31 14:25:00+05:30,57321.4,57332.5,57297.85,57304.3,0
2026-07-31 14:30:00+05:30,57304.45,57314.0,57282.8,57291.15,0
2026-07-31 14:35:00+05:30,57294.75,57312.7,57281.75,57297.45,0
2026-07-31 14:40:00+05:30,57298.25,57303.6,57253.15,57264.1,0
2026-07-31 14:45:00+05:30,57262.7,57274.7,57252.2,57268.5,0
2026-07-31 14:50:00+05:30,57269.95,57280.0,57244.4,57264.7,0
2026-07-31 14:55:00+05:30,57264.3,57265.45,57223.1,57234.95,0
2026-07-31 15:00:00+05:30,57242.3,57300.9,57236.4,57299.9,0
2026-07-31 15:05:00+05:30,57299.0,57302.4,57273.85,57297.4,0
2026-07-31 15:10:00+05:30,57297.2,57301.0,57269.8,57276.2,0
2026-07-31 15:15:00+05:30,57272.7,57276.75,57248.95,57256.85,0
2026-07-31 15:20:00+05:30,57256.1,57263.8,57243.45,57251.45,0
2026-07-31 15:25:00+05:30,57255.8,57259.75,57196.45,57214.1,0
2026-08-03 09:15:00+05:30,57569.6,57628.1,57465.95,57535.2,0
2026-08-03 09:20:00+05:30,57538.45,57561.55,57489.3,57547.4,0
2026-08-03 09:25:00+05:30,57548.1,57605.45,57536.2,57587.15,0
2026-08-03 09:30:00+05:30,57586.5,57611.55,57574.35,57606.65,0
2026-08-03 09:35:00+05:30,57608.45,57705.0,57603.75,57702.0,0
2026-08-03 09:40:00+05:30,57699.2,57771.9,57684.65,57768.95,0
2026-08-03 09:45:00+05:30,57766.35,57800.4,57750.6,57755.25,0
2026-08-03 09:50:00+05:30,57754.95,57801.9,57749.4,57796.85,0
2026-08-03 09:55:00+05:30,57796.15,57822.3,57788.3,57798.95,0
2026-08-03 10:00:00+05:30,57798.85,57818.45,57758.3,57814.85,0
2026-08-03 10:05:00+05:30,57815.85,57835.6,57759.9,57788.75,0
2026-08-03 10:10:00+05:30,57788.05,57797.7,57765.45,57780.7,0
2026-08-03 10:15:00+05:30,57782.75,57790.95,57744.65,57784.0,0
2026-08-03 10:20:00+05:30,57786.05,57786.65,57737.7,57755.05,0
2026-08-03 10:25:00+05:30,57756.0,57785.65,57746.4,57776.15,0
2026-08-03 10:30:00+05:30,57776.7,57801.2,57736.85,57758.2,0
2026-08-03 10:35:00+05:30,57758.75,57760.15,57710.7,57729.0,0
2026-08-03 10:40:00+05:30,57728.35,57768.75,57720.25,57757.05,0
2026-08-03 10:45:00+05:30,57757.75,57781.1,57751.1,57773.4,0
2026-08-03 10:50:00+05:30,57775.05,57787.15,57765.9,57774.9,0
2026-08-03 10:55:00+05:30,57777.65,57795.95,57740.95,57764.1,0
2026-08-03 11:00:00+05:30,57766.75,57795.3,57761.0,57791.05,0
2026-08-03 11:05:00+05:30,57791.15,57853.3,57785.4,57827.7,0
2026-08-03 11:10:00+05:30,57826.2,57848.95,57804.55,57814.35,0
2026-08-03 11:15:00+05:30,57812.35,57842.0,57812.35,57826.6,0
2026-08-03 11:20:00+05:30,57828.05,57837.55,57804.6,57812.4,0
2026-08-03 11:25:00+05:30,57812.8,57829.5,57787.3,57827.6,0
2026-08-03 11:30:00+05:30,57828.95,57836.0,57798.95,57804.65,0
2026-08-03 11:35:00+05:30,57803.55,57821.5,57790.85,57813.0,0
2026-08-03 11:40:00+05:30,57814.1,57831.55,57780.25,57791.0,0
2026-08-03 11:45:00+05:30,57791.6,57804.2,57768.75,57802.7,0
2026-08-03 11:50:00+05:30,57804.4,57825.3,57786.4,57798.9,0
2026-08-03 11:55:00+05:30,57800.8,57803.6,57780.25,57790.55,0
2026-08-03 12:00:00+05:30,57791.7,57799.45,57772.5,57796.1,0
2026-08-03 12:05:00+05:30,57797.55,57809.8,57786.75,57802.4,0
2026-08-03 12:10:00+05:30,57799.5,57816.6,57786.65,57809.85,0
2026-08-03 12:15:00+05:30,57812.8,57823.2,57787.0,57790.15,0
2026-08-03 12:20:00+05:30,57789.55,57796.1,57760.5,57778.1,0
2026-08-03 12:25:00+05:30,57779.2,57785.25,57766.05,57776.35,0
2026-08-03 12:30:00+05:30,57774.25,57781.7,57734.65,57736.9,0
2026-08-03 12:35:00+05:30,57737.3,57743.6,57693.85,57695.0,0
2026-08-03 12:40:00+05:30,57697.5,57735.0,57694.35,57723.75,0
2026-08-03 12:45:00+05:30,57725.0,57741.15,57644.7,57670.75,0
2026-08-03 12:50:00+05:30,57673.5,57700.4,57663.5,57695.5,0
2026-08-03 12:55:00+05:30,57694.55,57706.3,57680.35,57691.25,0
2026-08-03 13:00:00+05:30,57690.7,57692.6,57654.85,57669.15,0
2026-08-03 13:05:00+05:30,57668.3,57686.95,57660.2,57682.95,0
2026-08-03 13:10:00+05:30,57685.75,57695.2,57671.2,57689.7,0
2026-08-03 13:15:00+05:30,57690.0,57703.35,57680.65,57694.75,0
2026-08-03 13:20:00+05:30,57699.95,57701.15,57675.9,57678.65,0
2026-08-03 13:25:00+05:30,57677.95,57697.0,57675.55,57694.5,0
2026-08-03 13:30:00+05:30,57691.0,57733.9,57684.0,57728.35,0
2026-08-03 13:35:00+05:30,57728.55,57757.2,57712.6,57722.1,0
2026-08-03 13:40:00+05:30,57721.4,57728.9,57688.8,57720.25,0
2026-08-03 13:45:00+05:30,57720.6,57735.05,57708.95,57712.6,0
2026-08-03 13:50:00+05:30,57713.35,57723.1,57704.45,57717.35,0
2026-08-03 13:55:00+05:30,57715.0,57745.25,57707.9,57729.95,0
2026-08-03 14:00:00+05:30,57730.9,57746.1,57721.3,57742.25,0
2026-08-03 14:05:00+05:30,57742.95,57754.15,57732.65,57745.0,0
2026-08-03 14:10:00+05:30,57743.85,57754.65,57722.85,57748.65,0
2026-08-03 14:15:00+05:30,57748.25,57753.6,57716.75,57734.0,0
2026-08-03 14:20:00+05:30,57735.75,57755.6,57717.0,57733.7,0
2026-08-03 14:25:00+05:30,57733.3,57761.0,57730.15,57739.4,0
2026-08-03 14:30:00+05:30,57740.0,57750.95,57721.65,57740.0,0
2026-08-03 14:35:00+05:30,57740.85,57766.5,57724.7,57754.4,0
2026-08-03 14:40:00+05:30,57756.05,57776.15,57739.25,57749.0,0
2026-08-03 14:45:00+05:30,57753.3,57786.35,57740.8,57785.0,0
2026-08-03 14:50:00+05:30,57785.1,57792.1,57741.95,57746.55,0
2026-08-03 14:55:00+05:30,57751.25,57775.4,57746.75,57753.3,0
2026-08-03 15:00:00+05:30,57757.6,57763.95,57701.7,57712.4,0
2026-08-03 15:05:00+05:30,57708.3,57710.3,57638.65,57674.0,0
2026-08-03 15:10:00+05:30,57674.25,57720.5,57629.7,57680.9,0
2026-08-03 15:15:00+05:30,57683.7,57683.7,57683.7,57683.7,0
2026-08-03 15:25:00+05:30,58247.95,58247.95,58247.95,58247.95,0
2026-08-04 09:15:00+05:30,58068.95,58068.95,57651.15,57810.6,0
2026-08-04 09:20:00+05:30,57816.35,57843.6,57786.15,57810.8,0
2026-08-04 09:25:00+05:30,57817.5,57826.75,57744.7,57754.05,0
2026-08-04 09:30:00+05:30,57754.45,57798.05,57735.4,57739.4,0
2026-08-04 09:35:00+05:30,57737.2,57780.85,57737.2,57778.0,0
2026-08-04 09:40:00+05:30,57778.65,57834.15,57773.1,57827.4,0
2026-08-04 09:45:00+05:30,57829.65,57866.45,57825.75,57859.85,0
2026-08-04 09:50:00+05:30,57862.4,57894.4,57848.55,57862.85,0
2026-08-04 09:55:00+05:30,57863.9,57884.0,57848.9,57870.2,0
2026-08-04 10:00:00+05:30,57869.6,57925.4,57869.6,57902.2,0
2026-08-04 10:05:00+05:30,57899.9,57926.45,57859.5,57861.9,0
2026-08-04 10:10:00+05:30,57861.75,57877.3,57826.4,57831.15,0
2026-08-04 10:15:00+05:30,57835.55,57879.15,57821.5,57863.75,0
2026-08-04 10:20:00+05:30,57866.95,57871.55,57785.6,57788.8,0
2026-08-04 10:25:00+05:30,57790.75,57800.65,57769.55,57774.6,0
2026-08-04 10:30:00+05:30,57774.65,57780.1,57722.9,57740.4,0
2026-08-04 10:35:00+05:30,57741.0,57762.2,57733.0,57747.95,0
2026-08-04 10:40:00+05:30,57754.1,57769.55,57742.55,57749.95,0
2026-08-04 10:45:00+05:30,57752.9,57767.45,57724.35,57728.0,0
2026-08-04 10:50:00+05:30,57731.4,57753.7,57704.4,57707.25,0
2026-08-04 10:55:00+05:30,57708.35,57715.1,57682.8,57698.3,0
2026-08-04 11:00:00+05:30,57702.75,57732.35,57689.8,57729.35,0
2026-08-04 11:05:00+05:30,57733.75,57735.15,57685.55,57689.3,0
2026-08-04 11:10:00+05:30,57695.1,57705.45,57684.4,57696.85,0
2026-08-04 11:15:00+05:30,57698.1,57701.9,57670.7,57677.45,0
2026-08-04 11:20:00+05:30,57677.1,57680.35,57646.25,57652.2,0
2026-08-04 11:25:00+05:30,57654.7,57667.9,57645.55,57657.2,0
2026-08-04 11:30:00+05:30,57660.6,57664.65,57597.35,57607.65,0
2026-08-04 11:35:00+05:30,57613.15,57617.85,57574.5,57590.7,0
2026-08-04 11:40:00+05:30,57589.3,57595.95,57558.55,57588.95,0
2026-08-04 11:45:00+05:30,57588.3,57590.75,57519.75,57525.75,0
2026-08-04 11:50:00+05:30,57533.2,57570.25,57524.0,57557.1,0
2026-08-04 11:55:00+05:30,57559.9,57566.75,57530.9,57537.55,0
2026-08-04 12:00:00+05:30,57531.15,57550.95,57487.05,57539.4,0
2026-08-04 12:05:00+05:30,57540.0,57558.7,57500.65,57512.65,0
2026-08-04 12:10:00+05:30,57512.8,57548.05,57498.95,57542.65,0
2026-08-04 12:15:00+05:30,57547.15,57589.95,57530.7,57582.4,0
2026-08-04 12:20:00+05:30,57585.55,57588.0,57533.9,57557.5,0
2026-08-04 12:25:00+05:30,57557.2,57563.6,57541.0,57556.95,0
2026-08-04 12:30:00+05:30,57559.4,57567.75,57539.95,57543.4,0
2026-08-04 12:35:00+05:30,57542.55,57547.15,57476.55,57514.7,0
2026-08-04 12:40:00+05:30,57517.5,57521.45,57462.2,57476.85,0
2026-08-04 12:45:00+05:30,57478.05,57504.75,57472.0,57488.9,0
2026-08-04 12:50:00+05:30,57491.65,57511.7,57483.65,57497.75,0
2026-08-04 12:55:00+05:30,57498.3,57498.3,57441.85,57444.65,0
2026-08-04 13:00:00+05:30,57444.85,57480.9,57425.3,57475.4,0
2026-08-04 13:05:00+05:30,57477.2,57487.35,57452.5,57460.0,0
2026-08-04 13:10:00+05:30,57462.95,57474.55,57443.65,57452.95,0
2026-08-04 13:15:00+05:30,57457.55,57463.15,57426.9,57452.75,0
2026-08-04 13:20:00+05:30,57458.8,57460.05,57407.0,57453.05,0
2026-08-04 13:25:00+05:30,57453.85,57454.1,57402.75,57405.45,0
2026-08-04 13:30:00+05:30,57410.4,57411.8,57381.9,57398.35,0
2026-08-04 13:35:00+05:30,57399.6,57431.75,57384.9,57425.35,0
2026-08-04 13:40:00+05:30,57423.95,57434.95,57397.75,57397.75,0
2026-08-04 13:45:00+05:30,57397.8,57428.1,57377.6,57422.2,0
2026-08-04 13:50:00+05:30,57423.45,57439.85,57376.2,57390.5,0
2026-08-04 13:55:00+05:30,57390.15,57406.8,57352.65,57400.4,0
2026-08-04 14:00:00+05:30,57403.5,57404.2,57369.8,57397.95,0
2026-08-04 14:05:00+05:30,57398.8,57449.15,57390.45,57431.95,0
2026-08-04 14:10:00+05:30,57434.45,57476.25,57428.4,57475.15,0
2026-08-04 14:15:00+05:30,57477.0,57524.05,57472.1,57521.15,0
2026-08-04 14:20:00+05:30,57520.9,57531.8,57486.25,57511.3,0
2026-08-04 14:25:00+05:30,57513.45,57522.2,57463.55,57491.65,0
2026-08-04 14:30:00+05:30,57489.75,57542.0,57468.85,57489.5,0
2026-08-04 14:35:00+05:30,57493.55,57520.2,57469.05,57493.2,0
2026-08-04 14:40:00+05:30,57495.9,57503.5,57464.1,57465.8,0
2026-08-04 14:45:00+05:30,57470.4,57506.15,57461.8,57496.65,0
2026-08-04 14:50:00+05:30,57497.1,57515.1,57491.55,57506.25,0
2026-08-04 14:55:00+05:30,57511.0,57524.6,57486.85,57496.85,0
2026-08-04 15:00:00+05:30,57500.45,57516.35,57464.35,57475.9,0
2026-08-04 15:05:00+05:30,57480.15,57483.4,57454.75,57463.25,0
2026-08-04 15:10:00+05:30,57470.25,57495.6,57433.35,57492.75,0
2026-08-04 15:25:00+05:30,57907.2,57907.2,57907.2,57907.2,0
2026-08-05 09:15:00+05:30,57810.05,57925.8,57603.95,57859.95,0
2026-08-05 09:20:00+05:30,57860.45,57922.35,57851.6,57875.25,0
2026-08-05 09:25:00+05:30,57871.65,57881.7,57825.5,57835.45,0
2026-08-05 09:30:00+05:30,57837.5,57920.45,57826.7,57879.15,0
2026-08-05 09:35:00+05:30,57885.5,57912.7,57840.4,57906.35,0
2026-08-05 09:40:00+05:30,57909.75,57916.5,57879.85,57891.45,0
2026-08-05 09:45:00+05:30,57895.6,57931.85,57881.85,57908.65,0
2026-08-05 09:50:00+05:30,57899.6,57920.4,57812.05,57813.3,0
2026-08-05 09:55:00+05:30,57816.15,57857.05,57792.6,57853.9,0
2026-08-05 10:00:00+05:30,57856.8,57926.15,57840.75,57921.05,0
2026-08-05 10:05:00+05:30,57920.5,57920.6,57810.45,57847.45,0
2026-08-05 10:10:00+05:30,57849.65,57885.8,57834.85,57881.4,0
2026-08-05 10:15:00+05:30,57881.3,57881.85,57832.75,57863.55,0
2026-08-05 10:20:00+05:30,57865.5,57921.5,57864.55,57879.15,0
2026-08-05 10:25:00+05:30,57878.85,57879.5,57702.25,57705.2,0
2026-08-05 10:30:00+05:30,57705.0,57705.0,57593.9,57690.0,0
2026-08-05 10:35:00+05:30,57690.85,57746.35,57685.8,57710.85,0
2026-08-05 10:40:00+05:30,57716.75,57755.95,57707.05,57735.8,0
2026-08-05 10:45:00+05:30,57735.45,57823.0,57732.3,57817.5,0
2026-08-05 10:50:00+05:30,57820.95,57853.1,57779.0,57816.15,0
2026-08-05 10:55:00+05:30,57817.85,57853.35,57806.45,57845.75,0
2026-08-05 11:00:00+05:30,57846.9,57875.65,57832.1,57845.85,0
2026-08-05 11:05:00+05:30,57849.85,57867.1,57789.55,57791.85,0
2026-08-05 11:10:00+05:30,57793.95,57828.8,57756.15,57800.55,0
2026-08-05 11:15:00+05:30,57803.45,57815.1,57767.4,57773.6,0
2026-08-05 11:20:00+05:30,57775.05,57796.8,57751.9,57763.85,0
2026-08-05 11:25:00+05:30,57766.05,57767.6,57731.3,57743.0,0
2026-08-05 11:30:00+05:30,57737.9,57754.55,57702.7,57710.45,0
2026-08-05 11:35:00+05:30,57710.15,57728.4,57696.3,57722.7,0
2026-08-05 11:40:00+05:30,57724.5,57730.85,57694.8,57699.5,0
2026-08-05 11:45:00+05:30,57700.45,57707.25,57663.95,57678.6,0
2026-08-05 11:50:00+05:30,57679.85,57683.3,57631.9,57643.75,0
2026-08-05 11:55:00+05:30,57647.0,57670.55,57620.3,57657.05,0
2026-08-05 12:00:00+05:30,57656.6,57683.6,57647.6,57681.4,0
2026-08-05 12:05:00+05:30,57683.0,57703.35,57660.4,57691.0,0
2026-08-05 12:10:00+05:30,57692.75,57695.15,57647.65,57685.45,0
2026-08-05 12:15:00+05:30,57686.45,57696.5,57639.65,57639.65,0
2026-08-05 12:20:00+05:30,57642.8,57697.55,57637.2,57688.8,0
2026-08-05 12:25:00+05:30,57686.7,57697.55,57655.2,57661.6,0
2026-08-05 12:30:00+05:30,57664.7,57668.3,57596.9,57602.3,0
2026-08-05 12:35:00+05:30,57601.45,57605.75,57566.35,57599.8,0
2026-08-05 12:40:00+05:30,57600.1,57619.75,57556.9,57579.85,0
2026-08-05 12:45:00+05:30,57580.25,57592.1,57553.5,57560.6,0
2026-08-05 12:50:00+05:30,57562.8,57566.4,57537.75,57555.05,0
2026-08-05 12:55:00+05:30,57557.7,57571.85,57540.5,57545.5,0
2026-08-05 13:00:00+05:30,57549.2,57595.1,57529.2,57580.05,0
2026-08-05 13:05:00+05:30,57583.75,57583.75,57509.15,57561.15,0
2026-08-05 13:10:00+05:30,57563.45,57569.9,57512.35,57544.8,0
2026-08-05 13:15:00+05:30,57543.15,57586.4,57528.6,57582.8,0
2026-08-05 13:20:00+05:30,57583.5,57604.0,57526.55,57533.15,0
2026-08-05 13:25:00+05:30,57534.15,57535.3,57492.15,57532.0,0
2026-08-05 13:30:00+05:30,57531.8,57550.7,57506.1,57517.05,0
2026-08-05 13:35:00+05:30,57519.0,57538.95,57505.55,57515.35,0
2026-08-05 13:40:00+05:30,57516.4,57526.8,57456.35,57472.9,0
2026-08-05 13:45:00+05:30,57472.6,57570.6,57459.35,57568.4,0
2026-08-05 13:50:00+05:30,57570.15,57589.1,57508.7,57540.25,0
2026-08-05 13:55:00+05:30,57540.5,57543.75,57515.1,57540.7,0
2026-08-05 14:00:00+05:30,57541.8,57569.8,57538.0,57562.35,0
2026-08-05 14:05:00+05:30,57563.45,57582.25,57547.0,57556.75,0
2026-08-05 14:10:00+05:30,57557.55,57599.85,57551.6,57559.05,0
2026-08-05 14:15:00+05:30,57561.9,57566.55,57510.8,57541.4,0
2026-08-05 14:20:00+05:30,57541.7,57561.35,57522.85,57533.6,0
2026-08-05 14:25:00+05:30,57531.05,57542.65,57509.35,57523.05,0
2026-08-05 14:30:00+05:30,57528.55,57538.85,57507.15,57509.3,0
2026-08-05 14:35:00+05:30,57509.0,57552.75,57499.15,57532.9,0
2026-08-05 14:40:00+05:30,57531.8,57532.75,57496.3,57502.65,0
2026-08-05 14:45:00+05:30,57500.6,57541.15,57496.1,57535.7,0
2026-08-05 14:50:00+05:30,57535.6,57540.35,57501.15,57507.8,0
2026-08-05 14:55:00+05:30,57509.75,57557.45,57486.85,57543.6,0
2026-08-05 15:00:00+05:30,57542.1,57580.15,57524.05,57561.65,0
2026-08-05 15:05:00+05:30,57564.7,57591.8,57535.45,57584.7,0
2026-08-05 15:10:00+05:30,57589.8,57655.25,57567.85,57631.25,0
2026-08-05 15:15:00+05:30,57629.75,57629.75,57629.75,57629.75,0
2026-08-05 15:25:00+05:30,57739.95,57739.95,57739.95,57739.95,0
2026-08-06 09:15:00+05:30,57815.0,57816.75,57714.7,57751.05,0
2026-08-06 09:20:00+05:30,57753.75,57812.4,57733.45,57799.8,0
2026-08-06 09:25:00+05:30,57799.2,57858.4,57784.95,57793.25,0
2026-08-06 09:30:00+05:30,57798.7,57816.5,57743.9,57752.15,0
2026-08-06 09:35:00+05:30,57753.85,57840.7,57748.35,57820.95,0
2026-08-06 09:40:00+05:30,57823.35,57835.85,57798.75,57828.9,0
2026-08-06 09:45:00+05:30,57833.05,57878.05,57828.6,57861.05,0
2026-08-06 09:50:00+05:30,57861.25,57869.95,57835.2,57852.45,0
2026-08-06 09:55:00+05:30,57852.65,57853.0,57784.6,57796.5,0
2026-08-06 10:00:00+05:30,57793.9,57795.05,57718.65,57746.15,0
2026-08-06 10:05:00+05:30,57743.2,57787.7,57727.3,57776.15,0
2026-08-06 10:10:00+05:30,57777.55,57808.7,57770.2,57796.75,0
2026-08-06 10:15:00+05:30,57797.15,57802.4,57779.75,57782.8,0
2026-08-06 10:20:00+05:30,57782.7,57862.9,57780.2,57861.65,0
2026-08-06 10:25:00+05:30,57862.2,57864.25,57827.9,57857.9,0
2026-08-06 10:30:00+05:30,57857.5,57894.4,57852.75,57857.65,0
2026-08-06 10:35:00+05:30,57855.05,57874.45,57828.4,57868.3,0
2026-08-06 10:40:00+05:30,57866.25,57879.85,57850.55,57876.9,0
2026-08-06 10:45:00+05:30,57879.6,57881.9,57849.6,57876.85,0
2026-08-06 10:50:00+05:30,57873.35,57886.25,57848.6,57870.3,0
2026-08-06 10:55:00+05:30,57873.6,57913.1,57863.75,57899.65,0
2026-08-06 11:00:00+05:30,57900.1,57924.35,57885.95,57914.55,0
2026-08-06 11:05:00+05:30,57913.4,57924.65,57886.95,57894.4,0
2026-08-06 11:10:00+05:30,57895.85,57915.7,57880.45,57905.15,0
2026-08-06 11:15:00+05:30,57910.6,57917.95,57880.55,57914.35,0
2026-08-06 11:20:00+05:30,57915.3,57926.05,57902.4,57918.2,0
2026-08-06 11:25:00+05:30,57919.9,57929.15,57896.05,57911.9,0
2026-08-06 11:30:00+05:30,57912.05,57929.25,57893.1,57902.65,0
2026-08-06 11:35:00+05:30,57901.8,57908.6,57872.1,57901.75,0
2026-08-06 11:40:00+05:30,57902.55,57912.05,57855.1,57859.95,0
2026-08-06 11:45:00+05:30,57859.4,57873.55,57850.9,57863.35,0
2026-08-06 11:50:00+05:30,57864.15,57917.1,57861.4,57914.85,0
2026-08-06 11:55:00+05:30,57916.1,57958.4,57908.45,57944.0,0
2026-08-06 12:00:00+05:30,57941.8,57956.2,57931.25,57942.5,0
2026-08-06 12:05:00+05:30,57942.3,57960.3,57932.5,57939.9,0
2026-08-06 12:10:00+05:30,57941.15,57953.45,57920.8,57936.85,0
2026-08-06 12:15:00+05:30,57937.95,58004.65,57934.75,57947.35,0
2026-08-06 12:20:00+05:30,57948.35,57962.6,57935.9,57949.65,0
2026-08-06 12:25:00+05:30,57949.85,57962.1,57942.0,57958.95,0
2026-08-06 12:30:00+05:30,57961.2,57966.05,57931.1,57958.55,0
2026-08-06 12:35:00+05:30,57958.7,57963.4,57935.35,57947.65,0
2026-08-06 12:40:00+05:30,57946.95,57965.6,57932.2,57950.65,0
2026-08-06 12:45:00+05:30,57947.45,57956.6,57904.25,57909.1,0
2026-08-06 12:50:00+05:30,57909.6,57920.25,57889.05,57905.65,0
2026-08-06 12:55:00+05:30,57906.65,57948.1,57883.3,57934.9,0
2026-08-06 13:00:00+05:30,57937.15,57963.45,57928.35,57938.05,0
2026-08-06 13:05:00+05:30,57940.4,57959.2,57905.25,57919.7,0
2026-08-06 13:10:00+05:30,57918.75,57971.05,57907.55,57932.6,0
2026-08-06 13:15:00+05:30,57933.9,57993.95,57907.75,57979.85,0
2026-08-06 13:20:00+05:30,57981.6,58001.85,57930.9,57936.15,0
2026-08-06 13:25:00+05:30,57935.2,57974.3,57925.15,57956.5,0
2026-08-06 13:30:00+05:30,57959.15,57988.45,57942.75,57956.4,0
2026-08-06 13:35:00+05:30,57958.1,58005.65,57941.85,57972.3,0
2026-08-06 13:40:00+05:30,57970.8,58015.65,57955.55,57996.95,0
2026-08-06 13:45:00+05:30,57997.85,58007.0,57970.15,57975.95,0
2026-08-06 13:50:00+05:30,57976.1,58021.55,57962.8,58002.4,0
2026-08-06 13:55:00+05:30,58006.25,58053.95,57980.85,58042.5,0
2026-08-06 14:00:00+05:30,58038.05,58048.5,58006.95,58027.8,0
2026-08-06 14:05:00+05:30,58025.0,58069.25,58020.35,58032.55,0
2026-08-06 14:10:00+05:30,58031.95,58076.85,58028.65,58054.15,0
2026-08-06 14:15:00+05:30,58054.2,58072.2,58049.0,58059.2,0
2026-08-06 14:20:00+05:30,58055.65,58065.85,58033.0,58050.75,0
2026-08-06 14:25:00+05:30,58051.7,58068.65,58030.1,58035.95,0
2026-08-06 14:30:00+05:30,58034.8,58046.55,57971.75,58023.6,0
2026-08-06 14:35:00+05:30,58023.15,58041.8,58014.7,58020.75,0
2026-08-06 14:40:00+05:30,58019.2,58050.5,58004.2,58032.45,0
2026-08-06 14:45:00+05:30,58036.75,58045.9,58016.85,58031.15,0
2026-08-06 14:50:00+05:30,58030.85,58049.95,58012.9,58019.35,0
2026-08-06 14:55:00+05:30,58015.8,58015.95,57981.65,58010.5,0
2026-08-06 15:00:00+05:30,58008.65,58036.45,57984.4,58003.35,0
2026-08-06 15:05:00+05:30,58005.5,58054.05,57998.4,58016.0,0
2026-08-06 15:10:00+05:30,58016.9,58044.05,57983.35,58014.7,0
2026-08-06 15:15:00+05:30,58007.95,58007.95,58007.95,58007.95,0
2026-08-06 15:25:00+05:30,58063.65,58063.65,58063.65,58063.65,0
2026-08-07 09:15:00+05:30,57882.0,57954.2,57794.7,57863.55,0
2026-08-07 09:20:00+05:30,57861.05,57913.65,57840.2,57874.85,0
2026-08-07 09:25:00+05:30,57878.6,57908.5,57853.45,57888.7,0
2026-08-07 09:30:00+05:30,57889.25,57906.45,57869.55,57885.35,0
2026-08-07 09:35:00+05:30,57887.15,57910.6,57879.55,57886.85,0
2026-08-07 09:40:00+05:30,57888.25,57899.1,57855.25,57898.15,0
2026-08-07 09:45:00+05:30,57898.85,57899.2,57856.9,57873.7,0
2026-08-07 09:50:00+05:30,57874.4,57956.75,57872.75,57939.6,0
2026-08-07 09:55:00+05:30,57944.75,57952.0,57922.4,57928.25,0
2026-08-07 10:00:00+05:30,57928.4,57936.7,57907.15,57929.95,0
2026-08-07 10:05:00+05:30,57930.35,57964.2,57911.05,57947.3,0
2026-08-07 10:10:00+05:30,57945.75,57962.05,57904.9,57921.2,0
2026-08-07 10:15:00+05:30,57922.05,57928.7,57861.6,57872.7,0
2026-08-07 10:20:00+05:30,57873.8,57907.45,57863.9,57868.1,0
2026-08-07 10:25:00+05:30,57870.2,57880.25,57823.6,57836.25,0
2026-08-07 10:30:00+05:30,57839.3,57839.3,57788.3,57825.05,0
2026-08-07 10:35:00+05:30,57826.5,57856.4,57818.8,57852.5,0
2026-08-07 10:40:00+05:30,57852.2,57853.35,57803.95,57812.1,0
2026-08-07 10:45:00+05:30,57814.25,57860.4,57794.5,57842.2,0
2026-08-07 10:50:00+05:30,57840.1,57848.3,57813.7,57839.55,0
2026-08-07 10:55:00+05:30,57841.4,57861.25,57800.25,57803.25,0
2026-08-07 11:00:00+05:30,57806.15,57813.85,57740.6,57749.4,0
2026-08-07 11:05:00+05:30,57747.45,57807.55,57747.45,57800.8,0
2026-08-07 11:10:00+05:30,57804.15,57829.05,57794.55,57810.05,0
2026-08-07 11:15:00+05:30,57813.65,57813.65,57783.05,57805.8,0
2026-08-07 11:20:00+05:30,57813.2,57847.35,57809.3,57840.5,0
2026-08-07 11:25:00+05:30,57842.2,57853.25,57830.4,57838.65,0
2026-08-07 11:30:00+05:30,57842.7,57842.85,57786.2,57790.85,0
2026-08-07 11:35:00+05:30,57791.45,57794.8,57766.85,57794.8,0
2026-08-07 11:40:00+05:30,57796.9,57798.8,57767.45,57779.0,0
2026-08-07 11:45:00+05:30,57784.65,57788.55,57762.45,57768.15,0
2026-08-07 11:50:00+05:30,57772.9,57772.9,57735.4,57749.85,0
2026-08-07 11:55:00+05:30,57747.1,57773.45,57745.0,57770.75,0
2026-08-07 12:00:00+05:30,57771.85,57790.0,57757.95,57759.3,0
2026-08-07 12:05:00+05:30,57764.65,57768.0,57744.35,57747.5,0
2026-08-07 12:10:00+05:30,57749.7,57757.8,57720.5,57726.95,0
2026-08-07 12:15:00+05:30,57731.0,57731.0,57697.8,57707.75,0
2026-08-07 12:20:00+05:30,57709.0,57752.0,57701.55,57725.5,0
2026-08-07 12:25:00+05:30,57724.35,57794.9,57714.3,57776.75,0
2026-08-07 12:30:00+05:30,57780.05,57797.75,57758.35,57791.4,0
2026-08-07 12:35:00+05:30,57794.9,57796.3,57775.15,57786.85,0
2026-08-07 12:40:00+05:30,57788.25,57791.7,57775.8,57782.0,0
2026-08-07 12:45:00+05:30,57787.25,57812.75,57778.2,57804.45,0
2026-08-07 12:50:00+05:30,57806.1,57813.7,57777.5,57787.45,0
2026-08-07 12:55:00+05:30,57786.6,57792.7,57755.8,57770.8,0
2026-08-07 13:00:00+05:30,57776.55,57784.15,57759.9,57773.65,0
2026-08-07 13:05:00+05:30,57776.55,57806.25,57758.35,57764.1,0
2026-08-07 13:10:00+05:30,57766.05,57789.35,57747.4,57751.7,0
2026-08-07 13:15:00+05:30,57754.45,57772.15,57746.75,57757.85,0
2026-08-07 13:20:00+05:30,57760.4,57791.0,57752.45,57786.25,0
2026-08-07 13:25:00+05:30,57787.3,57801.35,57778.65,57782.2,0
2026-08-07 13:30:00+05:30,57786.25,57792.5,57705.95,57722.75,0
2026-08-07 13:35:00+05:30,57725.15,57745.45,57719.05,57728.45,0
2026-08-07 13:40:00+05:30,57731.0,57731.45,57703.95,57714.8,0
2026-08-07 13:45:00+05:30,57717.05,57904.15,57708.35,57901.75,0
2026-08-07 13:50:00+05:30,57900.45,57994.45,57876.35,57878.55,0
2026-08-07 13:55:00+05:30,57887.15,57912.75,57762.9,57859.75,0
2026-08-07 14:00:00+05:30,57862.6,57945.8,57825.55,57838.3,0
2026-08-07 14:05:00+05:30,57835.75,57862.7,57769.95,57800.6,0
2026-08-07 14:10:00+05:30,57801.95,57832.5,57793.35,57818.0,0
2026-08-07 14:15:00+05:30,57816.85,57868.45,57801.85,57832.25,0
2026-08-07 14:20:00+05:30,57834.3,57884.9,57828.7,57877.35,0
2026-08-07 14:25:00+05:30,57878.95,57900.15,57863.3,57879.5,0
2026-08-07 14:30:00+05:30,57879.25,57884.2,57812.7,57859.85,0
2026-08-07 14:35:00+05:30,57859.15,57895.65,57831.4,57836.7,0
2026-08-07 14:40:00+05:30,57835.45,57846.95,57807.55,57827.3,0
2026-08-07 14:45:00+05:30,57829.65,57836.8,57787.9,57810.5,0
2026-08-07 14:50:00+05:30,57812.4,57813.25,57686.55,57704.4,0
2026-08-07 14:55:00+05:30,57711.25,57761.8,57706.6,57754.05,0
2026-08-07 15:00:00+05:30,57757.95,57805.75,57754.45,57789.4,0
2026-08-07 15:05:00+05:30,57789.15,57814.85,57780.05,57812.1,0
2026-08-07 15:10:00+05:30,57810.95,57865.35,57782.95,57782.95,0
2026-08-07 15:15:00+05:30,57801.15,57801.15,57801.15,57801.15,0
2026-08-07 15:25:00+05:30,57746.45,57746.45,57746.45,57746.45,0
2026-08-10 09:15:00+05:30,57812.3,58015.85,57809.15,57884.2,0
2026-08-10 09:20:00+05:30,57882.35,57937.25,57810.1,57810.1,0
2026-08-10 09:25:00+05:30,57808.9,57814.75,57710.8,57717.2,0
2026-08-10 09:30:00+05:30,57715.1,57730.85,57585.25,57588.6,0
2026-08-10 09:35:00+05:30,57587.55,57624.35,57539.5,57613.85,0
2026-08-10 09:40:00+05:30,57615.95,57633.55,57580.85,57631.85,0
2026-08-10 09:45:00+05:30,57629.2,57672.65,57609.0,57615.1,0
2026-08-10 09:50:00+05:30,57617.9,57633.0,57540.8,57563.1,0
2026-08-10 09:55:00+05:30,57564.55,57587.25,57527.75,57584.95,0
2026-08-10 10:00:00+05:30,57588.45,57663.95,57579.9,57621.05,0
2026-08-10 10:05:00+05:30,57628.2,57645.0,57581.3,57587.55,0
2026-08-10 10:10:00+05:30,57590.05,57638.8,57571.8,57624.8,0
2026-08-10 10:15:00+05:30,57626.05,57710.5,57624.15,57709.45,0
2026-08-10 10:20:00+05:30,57710.2,57727.7,57673.35,57704.45,0
2026-08-10 10:25:00+05:30,57709.3,57719.7,57673.8,57716.45,0
2026-08-10 10:30:00+05:30,57717.95,57727.2,57680.15,57695.65,0
2026-08-10 10:35:00+05:30,57694.05,57721.75,57687.15,57707.15,0
2026-08-10 10:40:00+05:30,57708.85,57741.65,57699.2,57728.55,0
2026-08-10 10:45:00+05:30,57730.7,57776.85,57717.7,57748.15,0
2026-08-10 10:50:00+05:30,57746.45,57751.95,57688.0,57698.65,0
2026-08-10 10:55:00+05:30,57697.2,57710.2,57674.75,57689.15,0
2026-08-10 11:00:00+05:30,57691.2,57706.65,57676.15,57695.3,0
2026-08-10 11:05:00+05:30,57693.65,57714.5,57670.2,57692.2,0
2026-08-10 11:10:00+05:30,57683.75,57720.2,57678.2,57716.0,0
2026-08-10 11:15:00+05:30,57718.6,57723.3,57675.0,57693.2,0
2026-08-10 11:20:00+05:30,57696.7,57711.55,57646.7,57664.1,0
2026-08-10 11:25:00+05:30,57662.95,57688.75,57646.25,57678.2,0
2026-08-10 11:30:00+05:30,57677.15,57683.3,57616.8,57636.65,0
2026-08-10 11:35:00+05:30,57637.15,57666.95,57619.4,57662.45,0
2026-08-10 11:40:00+05:30,57663.9,57677.85,57638.0,57645.2,0
2026-08-10 11:45:00+05:30,57641.95,57679.45,57612.7,57658.45,0
2026-08-10 11:50:00+05:30,57659.0,57683.7,57637.45,57637.85,0
2026-08-10 11:55:00+05:30,57639.4,57661.05,57614.1,57643.55,0
2026-08-10 12:00:00+05:30,57645.9,57654.8,57615.7,57649.75,0
2026-08-10 12:05:00+05:30,57651.8,57674.65,57631.8,57670.6,0
2026-08-10 12:10:00+05:30,57668.7,57693.7,57641.9,57682.1,0
2026-08-10 12:15:00+05:30,57683.0,57709.0,57656.6,57667.3,0
2026-08-10 12:20:00+05:30,57670.25,57682.95,57638.0,57647.7,0
2026-08-10 12:25:00+05:30,57650.35,57698.75,57640.8,57688.75,0
2026-08-10 12:30:00+05:30,57688.8,57711.05,57680.9,57693.6,0
2026-08-10 12:35:00+05:30,57692.35,57708.15,57667.15,57698.15,0
2026-08-10 12:40:00+05:30,57699.25,57714.5,57663.65,57668.15,0
2026-08-10 12:45:00+05:30,57670.5,57682.05,57637.25,57644.8,0
2026-08-10 12:50:00+05:30,57651.25,57660.25,57625.6,57629.75,0
2026-08-10 12:55:00+05:30,57633.45,57638.3,57602.35,57626.95,0
2026-08-10 13:00:00+05:30,57623.75,57643.55,57596.85,57634.4,0
2026-08-10 13:05:00+05:30,57637.55,57640.8,57579.5,57589.4,0
2026-08-10 13:10:00+05:30,57591.55,57600.5,57560.55,57578.9,0
2026-08-10 13:15:00+05:30,57580.0,57618.7,57579.65,57605.3,0
2026-08-10 13:20:00+05:30,57611.1,57620.1,57587.25,57607.2,0
2026-08-10 13:25:00+05:30,57606.5,57618.8,57593.65,57601.15,0
2026-08-10 13:30:00+05:30,57602.95,57624.2,57583.1,57613.7,0
2026-08-10 13:35:00+05:30,57616.4,57630.5,57608.95,57625.1,0
2026-08-10 13:40:00+05:30,57627.15,57651.9,57617.65,57647.2,0
2026-08-10 13:45:00+05:30,57646.75,57666.4,57604.8,57631.05,0
2026-08-10 13:50:00+05:30,57631.15,57645.3,57621.35,57629.1,0
2026-08-10 13:55:00+05:30,57631.15,57640.5,57591.8,57608.4,0
2026-08-10 14:00:00+05:30,57600.2,57617.8,57568.3,57597.2,0
2026-08-10 14:05:00+05:30,57599.4,57651.75,57591.8,57635.75,0
2026-08-10 14:10:00+05:30,57634.6,57648.8,57619.3,57630.9,0
2026-08-10 14:15:00+05:30,57632.6,57650.9,57617.75,57620.85,0
2026-08-10 14:20:00+05:30,57622.55,57645.5,57617.9,57640.45,0
2026-08-10 14:25:00+05:30,57641.05,57650.55,57621.15,57644.1,0
2026-08-10 14:30:00+05:30,57646.05,57655.1,57631.25,57641.15,0
2026-08-10 14:35:00+05:30,57641.8,57642.45,57608.7,57621.6,0
2026-08-10 14:40:00+05:30,57620.2,57627.2,57587.95,57607.15,0
2026-08-10 14:45:00+05:30,57606.45,57609.4,57554.0,57561.8,0
2026-08-10 14:50:00+05:30,57561.45,57583.3,57542.4,57571.55,0
2026-08-10 14:55:00+05:30,57577.85,57598.75,57565.15,57593.0,0
2026-08-10 15:00:00+05:30,57591.25,57612.7,57559.35,57607.95,0
2026-08-10 15:05:00+05:30,57607.4,57608.35,57563.1,57571.05,0
2026-08-10 15:10:00+05:30,57575.2,57619.8,57543.2,57606.1,0
2026-08-10 15:25:00+05:30,57686.95,57686.95,57686.95,57686.95,0
2026-08-11 09:15:00+05:30,57604.35,57607.25,57282.0,57339.95,0
2026-08-11 09:20:00+05:30,57336.85,57348.2,57311.9,57336.05,0
2026-08-11 09:25:00+05:30,57333.9,57354.1,57287.45,57297.75,0
2026-08-11 09:30:00+05:30,57297.3,57298.5,57226.95,57250.05,0
2026-08-11 09:35:00+05:30,57248.8,57276.65,57218.05,57225.5,0
2026-08-11 09:40:00+05:30,57226.6,57230.05,57177.2,57218.4,0
2026-08-11 09:45:00+05:30,57217.6,57233.8,57158.5,57172.75,0
2026-08-11 09:50:00+05:30,57172.3,57203.7,57159.0,57166.7,0
2026-08-11 09:55:00+05:30,57173.8,57225.45,57158.1,57209.85,0
2026-08-11 10:00:00+05:30,57209.7,57237.85,57194.5,57232.45,0
2026-08-11 10:05:00+05:30,57234.3,57255.15,57199.5,57210.5,0
2026-08-11 10:10:00+05:30,57211.3,57246.2,57193.7,57214.8,0
2026-08-11 10:15:00+05:30,57215.75,57216.7,57180.5,57188.0,0
2026-08-11 10:20:00+05:30,57187.3,57208.35,57176.05,57196.15,0
2026-08-11 10:25:00+05:30,57196.05,57285.2,57181.8,57262.5,0
2026-08-11 10:30:00+05:30,57262.1,57273.6,57240.15,57263.4,0
2026-08-11 10:35:00+05:30,57262.65,57280.95,57241.75,57267.15,0
2026-08-11 10:40:00+05:30,57268.55,57308.95,57261.4,57273.65,0
2026-08-11 10:45:00+05:30,57273.1,57273.1,57236.7,57246.5,0
2026-08-11 10:50:00+05:30,57247.95,57318.95,57245.85,57301.8,0
2026-08-11 10:55:00+05:30,57301.1,57326.5,57286.25,57292.5,0
2026-08-11 11:00:00+05:30,57294.45,57319.15,57257.4,57273.05,0
2026-08-11 11:05:00+05:30,57272.45,57300.35,57260.9,57264.25,0
2026-08-11 11:10:00+05:30,57263.15,57305.8,57249.35,57297.95,0
2026-08-11 11:15:00+05:30,57297.7,57332.2,57287.1,57293.4,0
2026-08-11 11:20:00+05:30,57292.75,57299.3,57267.65,57277.45,0
2026-08-11 11:25:00+05:30,57278.15,57286.0,57260.05,57260.05,0
2026-08-11 11:30:00+05:30,57260.6,57276.8,57259.9,57270.2,0
2026-08-11 11:35:00+05:30,57269.7,57292.55,57258.8,57290.55,0
2026-08-11 11:40:00+05:30,57288.7,57322.05,57288.65,57289.65,0
2026-08-11 11:45:00+05:30,57289.2,57307.65,57280.4,57300.1,0
2026-08-11 11:50:00+05:30,57300.8,57305.25,57268.4,57272.55,0
2026-08-11 11:55:00+05:30,57271.05,57285.85,57257.9,57285.45,0
2026-08-11 12:00:00+05:30,57286.05,57289.55,57246.1,57258.0,0
2026-08-11 12:05:00+05:30,57259.7,57282.05,57245.95,57262.55,0
2026-08-11 12:10:00+05:30,57259.7,57314.4,57259.7,57280.0,0
2026-08-11 12:15:00+05:30,57279.95,57292.55,57265.25,57276.8,0
2026-08-11 12:20:00+05:30,57276.7,57286.9,57253.45,57257.45,0
2026-08-11 12:25:00+05:30,57259.9,57308.1,57256.75,57304.7,0
2026-08-11 12:30:00+05:30,57302.2,57311.05,57274.45,57291.9,0
2026-08-11 12:35:00+05:30,57291.2,57297.2,57273.2,57282.55,0
2026-08-11 12:40:00+05:30,57280.8,57331.5,57266.05,57328.8,0
2026-08-11 12:45:00+05:30,57326.5,57378.65,57317.7,57356.75,0
2026-08-11 12:50:00+05:30,57357.0,57375.45,57340.0,57341.45,0
2026-08-11 12:55:00+05:30,57340.0,57349.5,57320.75,57327.9,0
2026-08-11 13:00:00+05:30,57329.7,57380.2,57319.95,57376.35,0
2026-08-11 13:05:00+05:30,57377.8,57412.25,57350.6,57403.95,0
2026-08-11 13:10:00+05:30,57403.25,57411.8,57351.45,57366.4,0
2026-08-11 13:15:00+05:30,57369.25,57376.35,57318.65,57328.85,0
2026-08-11 13:20:00+05:30,57329.9,57349.9,57311.95,57346.7,0
2026-08-11 13:25:00+05:30,57348.5,57397.15,57338.65,57392.95,0
2026-08-11 13:30:00+05:30,57391.8,57450.85,57386.15,57439.7,0
2026-08-11 13:35:00+05:30,57438.15,57447.5,57370.25,57373.4,0
2026-08-11 13:40:00+05:30,57374.05,57408.5,57371.4,57381.2,0
2026-08-11 13:45:00+05:30,57381.35,57410.65,57376.95,57378.05,0
2026-08-11 13:50:00+05:30,57377.0,57395.35,57365.15,57378.25,0
2026-08-11 13:55:00+05:30,57376.15,57386.45,57357.45,57370.5,0
2026-08-11 14:00:00+05:30,57372.35,57394.25,57363.65,57379.3,0
2026-08-11 14:05:00+05:30,57379.2,57408.25,57359.25,57397.05,0
2026-08-11 14:10:00+05:30,57400.85,57417.8,57379.15,57412.2,0
2026-08-11 14:15:00+05:30,57410.45,57434.1,57388.25,57392.45,0
2026-08-11 14:20:00+05:30,57394.2,57400.8,57369.3,57384.0,0
2026-08-11 14:25:00+05:30,57389.25,57417.0,57360.85,57368.75,0
2026-08-11 14:30:00+05:30,57373.3,57392.05,57338.05,57353.3,0
2026-08-11 14:35:00+05:30,57355.0,57362.75,57315.15,57327.7,0
2026-08-11 14:40:00+05:30,57326.35,57356.6,57326.05,57344.8,0
2026-08-11 14:45:00+05:30,57353.5,57353.95,57332.4,57340.65,0
2026-08-11 14:50:00+05:30,57352.1,57370.4,57337.9,57358.4,0
2026-08-11 14:55:00+05:30,57365.2,57378.55,57345.7,57355.65,0
2026-08-11 15:00:00+05:30,57354.35,57390.8,57346.0,57389.65,0
2026-08-11 15:05:00+05:30,57391.25,57405.8,57337.65,57368.95,0
2026-08-11 15:10:00+05:30,57369.3,57385.85,57324.25,57368.15,0
2026-08-11 15:15:00+05:30,57366.05,57366.05,57366.05,57366.05,0
2026-08-11 15:25:00+05:30,57446.25,57446.25,57446.25,57446.25,0
2026-08-12 09:15:00+05:30,57391.8,57421.0,57254.0,57336.2,0
2026-08-12 09:20:00+05:30,57336.5,57552.85,57336.1,57535.8,0
2026-08-12 09:25:00+05:30,57541.8,57754.25,57538.25,57707.85,0
2026-08-12 09:30:00+05:30,57708.2,57716.25,57607.05,57668.4,0
2026-08-12 09:35:00+05:30,57670.7,57740.3,57646.85,57673.8,0
2026-08-12 09:40:00+05:30,57676.6,57740.75,57668.75,57687.55,0
2026-08-12 09:45:00+05:30,57689.95,57692.05,57608.3,57633.4,0
2026-08-12 09:50:00+05:30,57637.45,57669.9,57597.1,57667.25,0
2026-08-12 09:55:00+05:30,57669.55,57669.55,57594.5,57613.05,0
2026-08-12 10:00:00+05:30,57614.65,57624.15,57582.6,57609.25,0
2026-08-12 10:05:00+05:30,57613.35,57637.45,57609.95,57636.7,0
2026-08-12 10:10:00+05:30,57637.95,57671.95,57629.2,57665.8,0
2026-08-12 10:15:00+05:30,57671.25,57705.5,57639.45,57688.65,0
2026-08-12 10:20:00+05:30,57694.95,57734.25,57683.05,57715.2,0
2026-08-12 10:25:00+05:30,57717.4,57719.4,57676.35,57694.25,0
2026-08-12 10:30:00+05:30,57699.95,57783.7,57688.7,57746.0,0
2026-08-12 10:35:00+05:30,57751.2,57752.35,57705.25,57721.1,0
2026-08-12 10:40:00+05:30,57725.75,57726.1,57669.1,57690.5,0
2026-08-12 10:45:00+05:30,57693.5,57693.5,57637.1,57661.15,0
2026-08-12 10:50:00+05:30,57665.35,57676.95,57652.45,57675.35,0
2026-08-12 10:55:00+05:30,57676.45,57676.45,57583.4,57605.75,0
2026-08-12 11:00:00+05:30,57608.65,57614.1,57566.45,57584.25,0
2026-08-12 11:05:00+05:30,57583.25,57622.55,57581.0,57616.35,0
2026-08-12 11:10:00+05:30,57619.35,57623.1,57562.75,57574.85,0
2026-08-12 11:15:00+05:30,57574.75,57580.85,57551.95,57573.85,0
2026-08-12 11:20:00+05:30,57572.1,57642.25,57558.25,57587.55,0
2026-08-12 11:25:00+05:30,57590.05,57601.15,57553.15,57554.15,0
2026-08-12 11:30:00+05:30,57554.35,57584.75,57516.75,57572.2,0
2026-08-12 11:35:00+05:30,57575.75,57578.5,57523.9,57526.95,0
2026-08-12 11:40:00+05:30,57529.95,57555.4,57496.8,57552.35,0
2026-08-12 11:45:00+05:30,57548.8,57556.6,57515.95,57529.85,0
2026-08-12 11:50:00+05:30,57531.15,57545.85,57494.2,57528.15,0
2026-08-12 11:55:00+05:30,57532.95,57543.6,57500.4,57537.7,0
2026-08-12 12:00:00+05:30,57541.75,57550.45,57517.0,57523.6,0
2026-08-12 12:05:00+05:30,57525.15,57547.75,57515.8,57531.25,0
2026-08-12 12:10:00+05:30,57526.65,57533.05,57470.4,57498.65,0
2026-08-12 12:15:00+05:30,57503.6,57523.05,57492.95,57495.85,0
2026-08-12 12:20:00+05:30,57499.2,57500.75,57470.0,57488.25,0
2026-08-12 12:25:00+05:30,57490.5,57519.15,57480.1,57516.5,0
2026-08-12 12:30:00+05:30,57516.25,57545.05,57495.4,57543.4,0
2026-08-12 12:35:00+05:30,57544.45,57545.85,57513.55,57539.45,0
2026-08-12 12:40:00+05:30,57541.35,57588.2,57522.1,57526.55,0
2026-08-12 12:45:00+05:30,57530.85,57549.9,57514.5,57531.25,0
2026-08-12 12:50:00+05:30,57531.2,57554.85,57500.95,57500.95,0
2026-08-12 12:55:00+05:30,57499.4,57523.2,57496.25,57514.05,0
2026-08-12 13:00:00+05:30,57512.65,57523.3,57504.55,57517.1,0
2026-08-12 13:05:00+05:30,57518.35,57528.05,57496.05,57503.55,0
2026-08-12 13:10:00+05:30,57506.15,57506.55,57482.65,57499.85,0
2026-08-12 13:15:00+05:30,57500.7,57526.7,57491.5,57510.25,0
2026-08-12 13:20:00+05:30,57507.75,57526.05,57496.0,57517.65,0
2026-08-12 13:25:00+05:30,57518.35,57521.8,57471.5,57507.7,0
2026-08-12 13:30:00+05:30,57518.0,57525.95,57505.2,57516.8,0
2026-08-12 13:35:00+05:30,57517.7,57557.6,57512.3,57538.9,0
2026-08-12 13:40:00+05:30,57538.85,57556.9,57506.05,57515.7,0
2026-08-12 13:45:00+05:30,57515.95,57527.9,57511.85,57516.7,0
2026-08-12 13:50:00+05:30,57522.1,57543.3,57515.35,57527.45,0
2026-08-12 13:55:00+05:30,57525.85,57534.95,57507.45,57520.3,0
2026-08-12 14:00:00+05:30,57519.1,57527.1,57490.15,57495.9,0
2026-08-12 14:05:00+05:30,57496.1,57516.75,57491.6,57500.05,0
2026-08-12 14:10:00+05:30,57501.45,57504.95,57478.35,57482.5,0
2026-08-12 14:15:00+05:30,57487.45,57512.8,57478.95,57508.1,0
2026-08-12 14:20:00+05:30,57509.2,57525.35,57497.65,57501.65,0
2026-08-12 14:25:00+05:30,57505.75,57533.05,57495.5,57529.0,0
2026-08-12 14:30:00+05:30,57530.6,57654.7,57527.05,57645.65,0
2026-08-12 14:35:00+05:30,57648.75,57662.6,57607.45,57631.05,0
2026-08-12 14:40:00+05:30,57633.7,57678.75,57624.55,57663.85,0
2026-08-12 14:45:00+05:30,57666.2,57719.9,57659.15,57682.3,0
2026-08-12 14:50:00+05:30,57686.7,57775.05,57659.95,57774.85,0
2026-08-12 14:55:00+05:30,57772.1,57839.7,57743.95,57832.0,0
2026-08-12 15:00:00+05:30,57833.0,57850.75,57813.3,57823.05,0
2026-08-12 15:05:00+05:30,57819.7,57823.1,57767.0,57806.25,0
2026-08-12 15:10:00+05:30,57806.35,57833.8,57770.3,57772.0,0
2026-08-12 15:15:00+05:30,57771.35,57771.35,57771.35,57771.35,0
2026-08-12 15:25:00+05:30,57885.85,57885.85,57885.85,57885.85,0
2026-08-13 09:15:00+05:30,57799.15,57799.15,57590.85,57635.35,0
2026-08-13 09:20:00+05:30,57636.15,57654.15,57565.35,57592.2,0
2026-08-13 09:25:00+05:30,57597.5,57600.0,57554.75,57594.2,0
2026-08-13 09:30:00+05:30,57598.35,57619.55,57550.25,57567.55,0
2026-08-13 09:35:00+05:30,57566.85,57605.9,57555.5,57604.1,0
2026-08-13 09:40:00+05:30,57606.95,57644.95,57602.5,57628.95,0
2026-08-13 09:45:00+05:30,57631.15,57725.35,57615.75,57686.15,0
2026-08-13 09:50:00+05:30,57687.05,57729.9,57667.45,57704.4,0
2026-08-13 09:55:00+05:30,57707.4,57715.85,57669.55,57698.0,0
2026-08-13 10:00:00+05:30,57698.55,57702.45,57667.0,57668.75,0
2026-08-13 10:05:00+05:30,57672.85,57686.1,57643.2,57660.15,0
2026-08-13 10:10:00+05:30,57663.65,57673.45,57603.95,57611.7,0
2026-08-13 10:15:00+05:30,57613.4,57620.05,57574.7,57586.55,0
2026-08-13 10:20:00+05:30,57588.6,57608.45,57572.05,57588.35,0
2026-08-13 10:25:00+05:30,57590.35,57605.15,57577.9,57581.85,0
2026-08-13 10:30:00+05:30,57582.75,57601.0,57554.05,57589.7,0
2026-08-13 10:35:00+05:30,57590.0,57593.55,57566.45,57574.45,0
2026-08-13 10:40:00+05:30,57574.55,57602.45,57565.9,57601.3,0
2026-08-13 10:45:00+05:30,57602.45,57632.4,57587.55,57629.9,0
2026-08-13 10:50:00+05:30,57631.55,57651.65,57621.9,57645.6,0
2026-08-13 10:55:00+05:30,57647.1,57656.15,57632.1,57634.2,0
2026-08-13 11:00:00+05:30,57638.75,57639.8,57578.8,57583.25,0
2026-08-13 11:05:00+05:30,57583.7,57600.5,57563.35,57595.45,0
2026-08-13 11:10:00+05:30,57599.2,57601.05,57571.3,57573.45,0
2026-08-13 11:15:00+05:30,57574.15,57575.9,57551.95,57570.7,0
2026-08-13 11:20:00+05:30,57572.95,57584.25,57548.6,57576.0,0
2026-08-13 11:25:00+05:30,57574.0,57601.75,57571.65,57595.0,0
2026-08-13 11:30:00+05:30,57596.3,57605.35,57588.4,57594.55,0
2026-08-13 11:35:00+05:30,57598.0,57628.2,57595.25,57624.4,0
2026-08-13 11:40:00+05:30,57627.85,57634.8,57593.9,57610.15,0
2026-08-13 11:45:00+05:30,57611.35,57631.8,57581.9,57592.15,0
2026-08-13 11:50:00+05:30,57594.0,57616.65,57585.4,57604.6,0
2026-08-13 11:55:00+05:30,57606.35,57648.3,57585.15,57646.05,0
2026-08-13 12:00:00+05:30,57648.8,57706.5,57639.55,57688.95,0
2026-08-13 12:05:00+05:30,57692.3,57692.3,57663.35,57667.3,0
2026-08-13 12:10:00+05:30,57669.85,57673.1,57635.95,57658.8,0
2026-08-13 12:15:00+05:30,57660.65,57675.35,57609.6,57622.85,0
2026-08-13 12:20:00+05:30,57624.95,57648.5,57612.25,57642.15,0
2026-08-13 12:25:00+05:30,57643.9,57668.7,57640.5,57661.85,0
2026-08-13 12:30:00+05:30,57666.55,57671.15,57650.6,57662.5,0
2026-08-13 12:35:00+05:30,57664.9,57669.2,57638.35,57643.55,0
2026-08-13 12:40:00+05:30,57645.4,57671.0,57643.15,57654.4,0
2026-08-13 12:45:00+05:30,57655.95,57656.65,57629.15,57643.35,0
2026-08-13 12:50:00+05:30,57644.3,57645.95,57615.3,57627.85,0
2026-08-13 12:55:00+05:30,57629.8,57634.45,57601.85,57615.25,0
2026-08-13 13:00:00+05:30,57617.65,57622.7,57592.3,57599.7,0
2026-08-13 13:05:00+05:30,57602.3,57619.8,57594.55,57617.9,0
2026-08-13 13:10:00+05:30,57618.3,57627.7,57574.05,57589.65,0
2026-08-13 13:15:00+05:30,57592.5,57602.7,57557.45,57564.25,0
2026-08-13 13:20:00+05:30,57565.95,57587.75,57560.5,57586.95,0
2026-08-13 13:25:00+05:30,57587.3,57587.3,57563.85,57576.9,0
2026-08-13 13:30:00+05:30,57579.8,57602.2,57553.25,57573.25,0
2026-08-13 13:35:00+05:30,57575.15,57601.05,57568.65,57597.0,0
2026-08-13 13:40:00+05:30,57597.95,57636.65,57586.85,57623.15,0
2026-08-13 13:45:00+05:30,57625.5,57649.35,57592.05,57616.1,0
2026-08-13 13:50:00+05:30,57618.6,57626.5,57597.45,57618.3,0
2026-08-13 13:55:00+05:30,57622.75,57653.2,57617.25,57650.3,0
2026-08-13 14:00:00+05:30,57650.65,57654.35,57610.4,57627.1,0
2026-08-13 14:05:00+05:30,57629.45,57631.8,57580.7,57589.2,0
2026-08-13 14:10:00+05:30,57591.75,57596.9,57567.3,57583.3,0
2026-08-13 14:15:00+05:30,57583.55,57588.45,57554.15,57584.5,0
2026-08-13 14:20:00+05:30,57588.95,57619.85,57586.0,57608.25,0
2026-08-13 14:25:00+05:30,57608.45,57624.0,57593.65,57613.4,0
2026-08-13 14:30:00+05:30,57616.3,57645.1,57594.1,57600.1,0
2026-08-13 14:35:00+05:30,57603.9,57613.7,57584.55,57607.65,0
2026-08-13 14:40:00+05:30,57608.3,57619.85,57592.7,57597.5,0
2026-08-13 14:45:00+05:30,57602.25,57614.65,57589.8,57600.75,0
2026-08-13 14:50:00+05:30,57605.0,57625.75,57589.2,57601.7,0
2026-08-13 14:55:00+05:30,57603.1,57612.2,57570.2,57584.9,0
2026-08-13 15:00:00+05:30,57587.6,57619.25,57580.1,57596.7,0
2026-08-13 15:05:00+05:30,57598.95,57605.6,57569.0,57599.0,0
2026-08-13 15:10:00+05:30,57596.0,57621.6,57578.0,57591.0,0
2026-08-13 15:25:00+05:30,57635.25,57635.25,57635.25,57635.25,0
2026-08-14 09:15:00+05:30,57589.75,57604.7,57494.9,57544.25,0
2026-08-14 09:20:00+05:30,57542.25,57553.5,57490.15,57516.3,0
2026-08-14 09:25:00+05:30,57517.25,57539.35,57482.1,57489.9,0
2026-08-14 09:30:00+05:30,57493.45,57561.5,57460.6,57514.4,0
2026-08-14 09:35:00+05:30,57517.3,57562.95,57506.05,57549.1,0
2026-08-14 09:40:00+05:30,57549.25,57568.6,57534.05,57562.3,0
2026-08-14 09:45:00+05:30,57562.05,57617.3,57548.95,57606.15,0
2026-08-14 09:50:00+05:30,57606.4,57619.2,57540.65,57547.9,0
2026-08-14 09:55:00+05:30,57546.6,57608.95,57536.35,57604.7,0
2026-08-14 10:00:00+05:30,57602.75,57605.75,57575.0,57592.05,0
2026-08-14 10:05:00+05:30,57591.1,57644.55,57573.3,57637.25,0
2026-08-14 10:10:00+05:30,57636.45,57681.45,57620.1,57633.5,0
2026-08-14 10:15:00+05:30,57630.4,57634.55,57553.3,57556.95,0
2026-08-14 10:20:00+05:30,57555.6,57571.05,57528.8,57534.1,0
2026-08-14 10:25:00+05:30,57536.8,57543.6,57519.9,57527.65,0
2026-08-14 10:30:00+05:30,57528.75,57531.65,57438.7,57476.9,0
2026-08-14 10:35:00+05:30,57478.2,57518.45,57474.6,57514.4,0
2026-08-14 10:40:00+05:30,57517.05,57520.8,57488.3,57507.4,0
2026-08-14 10:45:00+05:30,57507.7,57517.65,57484.9,57502.35,0
2026-08-14 10:50:00+05:30,57502.4,57529.1,57495.1,57513.15,0
2026-08-14 10:55:00+05:30,57506.9,57510.8,57470.4,57475.15,0
2026-08-14 11:00:00+05:30,57476.2,57476.5,57444.85,57469.05,0
2026-08-14 11:05:00+05:30,57469.95,57478.45,57454.9,57466.45,0
2026-08-14 11:10:00+05:30,57465.1,57476.25,57444.2,57457.05,0
2026-08-14 11:15:00+05:30,57458.25,57469.85,57441.8,57465.5,0
2026-08-14 11:20:00+05:30,57468.5,57479.45,57438.55,57448.8,0
2026-08-14 11:25:00+05:30,57453.9,57459.45,57398.2,57409.0,0
2026-08-14 11:30:00+05:30,57408.3,57437.55,57380.45,57431.4,0
2026-08-14 11:35:00+05:30,57429.95,57443.25,57396.7,57433.4,0
2026-08-14 11:40:00+05:30,57439.8,57462.45,57431.95,57454.85,0
2026-08-14 11:45:00+05:30,57456.3,57460.7,57424.75,57430.45,0
2026-08-14 11:50:00+05:30,57428.4,57459.2,57417.8,57424.25,0
2026-08-14 11:55:00+05:30,57421.35,57432.9,57406.4,57421.8,0
2026-08-14 12:00:00+05:30,57426.7,57428.95,57385.45,57388.9,0
2026-08-14 12:05:00+05:30,57389.5,57430.75,57385.45,57413.25,0
2026-08-14 12:10:00+05:30,57414.8,57457.9,57409.05,57457.55,0
2026-08-14 12:15:00+05:30,57459.15,57467.1,57443.4,57463.2,0
2026-08-14 12:20:00+05:30,57462.1,57492.5,57456.0,57487.55,0
2026-08-14 12:25:00+05:30,57488.45,57495.15,57455.95,57466.4,0
2026-08-14 12:30:00+05:30,57466.65,57470.1,57443.3,57466.45,0
2026-08-14 12:35:00+05:30,57465.35,57466.05,57432.35,57443.85,0
2026-08-14 12:40:00+05:30,57444.15,57447.15,57411.35,57422.7,0
2026-08-14 12:45:00+05:30,57423.2,57444.75,57416.6,57431.5,0
2026-08-14 12:50:00+05:30,57430.4,57449.65,57415.55,57449.2,0
2026-08-14 12:55:00+05:30,57448.05,57455.25,57424.85,57439.25,0
2026-08-14 13:00:00+05:30,57440.1,57453.75,57431.25,57439.85,0
2026-08-14 13:05:00+05:30,57441.4,57454.8,57432.7,57437.95,0
2026-08-14 13:10:00+05:30,57436.6,57473.55,57434.1,57469.85,0
2026-08-14 13:15:00+05:30,57469.2,57472.8,57441.0,57455.15,0
2026-08-14 13:20:00+05:30,57451.45,57466.15,57443.4,57451.05,0
2026-08-14 13:25:00+05:30,57452.15,57455.5,57419.8,57434.9,0
2026-08-14 13:30:00+05:30,57435.75,57442.0,57381.3,57394.05,0
2026-08-14 13:35:00+05:30,57393.2,57430.25,57389.1,57424.5,0
2026-08-14 13:40:00+05:30,57425.7,57452.35,57420.5,57444.85,0
2026-08-14 13:45:00+05:30,57446.05,57541.7,57444.05,57501.8,0
2026-08-14 13:50:00+05:30,57500.4,57531.75,57499.2,57522.15,0
2026-08-14 13:55:00+05:30,57525.15,57554.75,57515.55,57547.05,0
2026-08-14 14:00:00+05:30,57545.95,57601.45,57543.2,57570.5,0
2026-08-14 14:05:00+05:30,57573.45,57608.8,57557.35,57598.45,0
2026-08-14 14:10:00+05:30,57601.4,57605.55,57565.45,57583.2,0
2026-08-14 14:15:00+05:30,57581.5,57594.9,57547.7,57555.85,0
2026-08-14 14:20:00+05:30,57553.6,57562.85,57525.95,57538.6,0
2026-08-14 14:25:00+05:30,57539.0,57547.3,57516.05,57530.7,0
2026-08-14 14:30:00+05:30,57528.65,57559.25,57518.6,57537.9,0
2026-08-14 14:35:00+05:30,57539.3,57543.3,57516.85,57522.9,0
2026-08-14 14:40:00+05:30,57522.3,57546.9,57517.65,57518.75,0
2026-08-14 14:45:00+05:30,57519.1,57534.55,57498.35,57503.0,0
2026-08-14 14:50:00+05:30,57500.0,57535.55,57498.9,57530.2,0
2026-08-14 14:55:00+05:30,57527.35,57546.95,57511.8,57514.95,0
2026-08-14 15:00:00+05:30,57518.85,57531.05,57511.1,57527.2,0
2026-08-14 15:05:00+05:30,57525.35,57535.0,57494.45,57505.4,0
2026-08-14 15:10:00+05:30,57503.65,57525.55,57459.1,57459.1,0
2026-08-14 15:25:00+05:30,57491.1,57491.1,57491.1,57491.1,0
2026-08-17 09:15:00+05:30,57418.3,57482.05,57162.15,57290.85,0
2026-08-17 09:20:00+05:30,57285.75,57287.8,57196.0,57271.1,0
2026-08-17 09:25:00+05:30,57265.95,57306.7,57249.95,57265.85,0
2026-08-17 09:30:00+05:30,57267.25,57272.45,57213.6,57235.25,0
2026-08-17 09:35:00+05:30,57233.25,57299.65,57229.0,57274.95,0
2026-08-17 09:40:00+05:30,57274.0,57363.6,57271.95,57319.3,0
2026-08-17 09:45:00+05:30,57319.2,57332.25,57288.25,57321.5,0
2026-08-17 09:50:00+05:30,57319.4,57340.05,57280.7,57307.15,0
2026-08-17 09:55:00+05:30,57306.4,57322.1,57286.05,57287.85,0
2026-08-17 10:00:00+05:30,57290.1,57324.85,57278.05,57296.15,0
2026-08-17 10:05:00+05:30,57292.8,57309.0,57281.4,57300.45,0
2026-08-17 10:10:00+05:30,57301.7,57304.55,57254.65,57269.85,0
2026-08-17 10:15:00+05:30,57270.15,57278.65,57174.95,57187.0,0
2026-08-17 10:20:00+05:30,57184.6,57191.0,57122.0,57123.5,0
2026-08-17 10:25:00+05:30,57119.95,57170.35,57119.6,57158.3,0
2026-08-17 10:30:00+05:30,57159.45,57164.25,57131.55,57151.85,0
2026-08-17 10:35:00+05:30,57147.85,57162.05,57137.05,57150.2,0
2026-08-17 10:40:00+05:30,57148.5,57173.5,57135.1,57148.1,0
2026-08-17 10:45:00+05:30,57144.15,57182.65,57132.4,57175.6,0
2026-08-17 10:50:00+05:30,57175.4,57198.75,57165.0,57185.45,0
2026-08-17 10:55:00+05:30,57185.35,57204.65,57173.0,57195.0,0
2026-08-17 11:00:00+05:30,57189.0,57196.05,57168.15,57168.15,0
2026-08-17 11:05:00+05:30,57167.6,57172.65,57137.45,57152.8,0
2026-08-17 11:10:00+05:30,57150.75,57159.9,57131.7,57134.45,0
2026-08-17 11:15:00+05:30,57134.2,57164.2,57123.3,57152.0,0
2026-08-17 11:20:00+05:30,57151.85,57155.05,57129.2,57137.6,0
2026-08-17 11:25:00+05:30,57134.55,57168.55,57132.15,57151.75,0
2026-08-17 11:30:00+05:30,57150.9,57177.5,57128.4,57166.2,0
2026-08-17 11:35:00+05:30,57164.95,57175.5,57134.9,57140.15,0
2026-08-17 11:40:00+05:30,57139.8,57164.45,57137.55,57151.4,0
2026-08-17 11:45:00+05:30,57147.95,57170.3,57142.85,57160.75,0
2026-08-17 11:50:00+05:30,57161.1,57220.1,57156.05,57179.8,0
2026-08-17 11:55:00+05:30,57177.9,57220.65,57176.8,57214.05,0
2026-08-17 12:00:00+05:30,57215.7,57235.45,57208.55,57216.35,0
2026-08-17 12:05:00+05:30,57218.55,57225.05,57189.1,57201.65,0
2026-08-17 12:10:00+05:30,57199.3,57227.55,57193.05,57220.55,0
2026-08-17 12:15:00+05:30,57219.6,57289.6,57212.75,57283.5,0
2026-08-17 12:20:00+05:30,57284.6,57290.6,57269.3,57278.8,0
2026-08-17 12:25:00+05:30,57278.9,57302.75,57267.45,57296.1,0
2026-08-17 12:30:00+05:30,57290.85,57379.9,57290.85,57356.5,0
2026-08-17 12:35:00+05:30,57357.65,57373.25,57339.25,57353.3,0
2026-08-17 12:40:00+05:30,57352.6,57388.5,57350.45,57367.05,0
2026-08-17 12:45:00+05:30,57368.65,57461.6,57367.05,57428.25,0
2026-08-17 12:50:00+05:30,57429.6,57486.45,57429.05,57477.65,0
2026-08-17 12:55:00+05:30,57478.4,57574.9,57478.4,57574.25,0
2026-08-17 13:00:00+05:30,57574.0,57675.7,57569.9,57621.05,0
2026-08-17 13:05:00+05:30,57619.5,57658.05,57607.2,57617.75,0
2026-08-17 13:10:00+05:30,57618.15,57683.3,57612.9,57656.35,0
2026-08-17 13:15:00+05:30,57656.55,57676.9,57639.25,57657.95,0
2026-08-17 13:20:00+05:30,57659.65,57675.0,57626.65,57628.4,0
2026-08-17 13:25:00+05:30,57627.25,57648.0,57618.5,57635.95,0
2026-08-17 13:30:00+05:30,57637.25,57658.95,57621.6,57631.15,0
2026-08-17 13:35:00+05:30,57631.3,57645.1,57613.0,57635.9,0
2026-08-17 13:40:00+05:30,57637.15,57665.9,57617.2,57655.05,0
2026-08-17 13:45:00+05:30,57656.45,57672.25,57610.65,57613.25,0
2026-08-17 13:50:00+05:30,57613.7,57614.8,57573.9,57579.6,0
2026-08-17 13:55:00+05:30,57582.85,57605.65,57560.0,57600.85,0
2026-08-17 14:00:00+05:30,57600.65,57605.25,57582.25,57593.4,0
2026-08-17 14:05:00+05:30,57595.65,57603.05,57585.75,57588.55,0
2026-08-17 14:10:00+05:30,57590.8,57595.2,57568.35,57572.4,0
2026-08-17 14:15:00+05:30,57570.9,57619.4,57560.7,57611.8,0
2026-08-17 14:20:00+05:30,57609.3,57613.25,57542.95,57548.5,0
2026-08-17 14:25:00+05:30,57547.3,57588.35,57539.95,57585.35,0
2026-08-17 14:30:00+05:30,57587.75,57597.25,57573.8,57588.2,0
2026-08-17 14:35:00+05:30,57588.7,57595.15,57559.7,57588.1,0
2026-08-17 14:40:00+05:30,57587.45,57632.7,57578.4,57629.1,0
2026-08-17 14:45:00+05:30,57631.45,57640.25,57608.1,57630.85,0
2026-08-17 14:50:00+05:30,57628.55,57689.55,57614.15,57688.7,0
2026-08-17 14:55:00+05:30,57689.15,57690.75,57668.65,57677.5,0
2026-08-17 15:00:00+05:30,57674.85,57714.3,57648.65,57705.1,0
2026-08-17 15:05:00+05:30,57706.45,57717.35,57669.95,57700.25,0
2026-08-17 15:10:00+05:30,57698.6,57757.25,57668.2,57711.95,0
2026-08-17 15:15:00+05:30,57716.05,57716.05,57716.05,57716.05,0
2026-08-17 15:25:00+05:30,57497.8,57497.8,57497.8,57497.8,0
2026-08-18 09:15:00+05:30,57325.55,57584.7,57322.2,57450.5,0
2026-08-18 09:20:00+05:30,57447.45,57448.65,57400.7,57405.3,0
2026-08-18 09:25:00+05:30,57410.3,57424.25,57373.4,57379.5,0
2026-08-18 09:30:00+05:30,57381.15,57382.9,57331.45,57372.25,0
2026-08-18 09:35:00+05:30,57370.85,57418.75,57359.0,57418.75,0
2026-08-18 09:40:00+05:30,57418.6,57419.45,57339.95,57339.95,0
2026-08-18 09:45:00+05:30,57342.05,57377.4,57324.9,57375.6,0
2026-08-18 09:50:00+05:30,57376.4,57379.6,57345.95,57359.4,0
2026-08-18 09:55:00+05:30,57355.9,57360.9,57323.7,57332.7,0
2026-08-18 10:00:00+05:30,57330.65,57331.1,57280.2,57310.1,0
2026-08-18 10:05:00+05:30,57309.4,57331.35,57308.0,57314.1,0
2026-08-18 10:10:00+05:30,57315.7,57320.1,57299.65,57305.05,0
2026-08-18 10:15:00+05:30,57306.25,57306.25,57274.4,57298.2,0
2026-08-18 10:20:00+05:30,57299.5,57315.9,57288.8,57299.15,0
2026-08-18 10:25:00+05:30,57304.95,57366.5,57285.2,57345.5,0
2026-08-18 10:30:00+05:30,57349.0,57362.5,57333.8,57357.9,0
2026-08-18 10:35:00+05:30,57357.45,57370.75,57343.25,57343.25,0
2026-08-18 10:40:00+05:30,57347.0,57347.0,57294.25,57310.55,0
2026-08-18 10:45:00+05:30,57309.3,57309.95,57261.3,57281.6,0
2026-08-18 10:50:00+05:30,57283.5,57292.15,57230.95,57258.25,0
2026-08-18 10:55:00+05:30,57259.9,57268.95,57244.55,57267.7,0
2026-08-18 11:00:00+05:30,57267.05,57274.0,57253.4,57273.3,0
2026-08-18 11:05:00+05:30,57274.0,57308.05,57262.95,57303.25,0
2026-08-18 11:10:00+05:30,57304.2,57307.4,57269.3,57301.2,0
2026-08-18 11:15:00+05:30,57302.9,57313.05,57273.8,57284.05,0
2026-08-18 11:20:00+05:30,57285.05,57287.7,57261.5,57272.3,0
2026-08-18 11:25:00+05:30,57272.85,57282.7,57237.25,57247.0,0
2026-08-18 11:30:00+05:30,57249.7,57257.25,57217.6,57255.5,0
2026-08-18 11:35:00+05:30,57256.35,57303.75,57249.05,57286.95,0
2026-08-18 11:40:00+05:30,57290.05,57294.2,57267.25,57282.2,0
2026-08-18 11:45:00+05:30,57282.05,57295.5,57271.35,57287.35,0
2026-08-18 11:50:00+05:30,57289.1,57324.9,57285.4,57314.5,0
2026-08-18 11:55:00+05:30,57317.95,57346.5,57306.35,57341.4,0
2026-08-18 12:00:00+05:30,57343.45,57377.05,57329.45,57370.8,0
2026-08-18 12:05:00+05:30,57373.15,57387.0,57363.3,57369.45,0
2026-08-18 12:10:00+05:30,57370.9,57374.7,57333.25,57350.55,0
2026-08-18 12:15:00+05:30,57350.25,57360.0,57326.45,57341.1,0
2026-08-18 12:20:00+05:30,57340.4,57354.75,57333.8,57341.75,0
2026-08-18 12:25:00+05:30,57344.9,57375.15,57336.4,57356.95,0
2026-08-18 12:30:00+05:30,57358.95,57375.55,57346.05,57358.15,0
2026-08-18 12:35:00+05:30,57356.45,57367.6,57338.65,57346.0,0
2026-08-18 12:40:00+05:30,57347.25,57349.05,57304.5,57310.8,0
2026-08-18 12:45:00+05:30,57311.5,57329.8,57300.45,57324.85,0
2026-08-18 12:50:00+05:30,57326.1,57346.05,57317.4,57338.05,0
2026-08-18 12:55:00+05:30,57338.9,57353.6,57325.45,57331.05,0
2026-08-18 13:00:00+05:30,57333.7,57334.05,57290.95,57311.6,0
2026-08-18 13:05:00+05:30,57306.25,57320.25,57286.7,57314.95,0
2026-08-18 13:10:00+05:30,57316.8,57337.65,57313.95,57322.95,0
2026-08-18 13:15:00+05:30,57323.3,57326.2,57305.85,57323.95,0
2026-08-18 13:20:00+05:30,57323.45,57324.3,57279.05,57301.75,0
2026-08-18 13:25:00+05:30,57305.8,57311.35,57277.35,57306.05,0
2026-08-18 13:30:00+05:30,57305.7,57327.95,57300.4,57314.75,0
2026-08-18 13:35:00+05:30,57316.15,57328.05,57275.75,57285.25,0
2026-08-18 13:40:00+05:30,57283.35,57317.1,57281.45,57308.45,0
2026-08-18 13:45:00+05:30,57308.4,57320.9,57299.1,57314.9,0
2026-08-18 13:50:00+05:30,57317.85,57323.1,57288.8,57296.75,0
2026-08-18 13:55:00+05:30,57301.6,57307.8,57276.15,57280.4,0
2026-08-18 14:00:00+05:30,57286.05,57361.3,57281.45,57357.9,0
2026-08-18 14:05:00+05:30,57357.15,57366.75,57330.05,57342.85,0
2026-08-18 14:10:00+05:30,57344.5,57354.95,57328.65,57348.75,0
2026-08-18 14:15:00+05:30,57351.3,57353.55,57316.8,57320.1,0
2026-08-18 14:20:00+05:30,57320.25,57361.35,57302.3,57345.0,0
2026-08-18 14:25:00+05:30,57344.2,57359.45,57289.8,57337.35,0
2026-08-18 14:30:00+05:30,57340.35,57368.95,57323.15,57343.35,0
2026-08-18 14:35:00+05:30,57347.2,57353.85,57314.75,57332.7,0
2026-08-18 14:40:00+05:30,57333.15,57361.85,57319.3,57359.45,0
2026-08-18 14:45:00+05:30,57358.05,57361.0,57339.9,57357.8,0
2026-08-18 14:50:00+05:30,57362.05,57384.4,57355.0,57368.3,0
2026-08-18 14:55:00+05:30,57371.2,57410.45,57361.05,57387.1,0
2026-08-18 15:00:00+05:30,57385.7,57414.9,57368.45,57374.25,0
2026-08-18 15:05:00+05:30,57379.05,57382.55,57346.75,57360.15,0
2026-08-18 15:10:00+05:30,57360.75,57368.8,57291.9,57314.55,0
2026-08-18 15:15:00+05:30,57308.15,57308.15,57308.15,57308.15,0
2026-08-18 15:25:00+05:30,57262.4,57262.4,57262.4,57262.4,0
2026-08-19 09:15:00+05:30,57260.65,57356.85,57126.7,57154.4,0
2026-08-19 09:20:00+05:30,57156.2,57171.6,57106.9,57121.4,0
2026-08-19 09:25:00+05:30,57130.8,57147.0,57094.5,57106.4,0
2026-08-19 09:30:00+05:30,57107.5,57111.3,57031.5,57036.3,0
2026-08-19 09:35:00+05:30,57045.8,57045.8,57001.75,57037.4,0
2026-08-19 09:40:00+05:30,57043.2,57112.8,57023.4,57099.25,0
2026-08-19 09:45:00+05:30,57102.05,57128.45,57067.95,57126.95,0
2026-08-19 09:50:00+05:30,57128.05,57213.0,57114.95,57200.5,0
2026-08-19 09:55:00+05:30,57199.65,57204.6,57152.5,57162.95,0
2026-08-19 10:00:00+05:30,57159.2,57217.85,57151.6,57189.95,0
2026-08-19 10:05:00+05:30,57194.6,57232.15,57189.2,57218.55,0
2026-08-19 10:10:00+05:30,57215.55,57244.95,57179.0,57210.65,0
2026-08-19 10:15:00+05:30,57214.7,57222.5,57129.95,57145.45,0
2026-08-19 10:20:00+05:30,57150.85,57157.55,57093.9,57102.75,0
2026-08-19 10:25:00+05:30,57104.05,57123.05,57098.7,57103.9,0
2026-08-19 10:30:00+05:30,57104.65,57125.2,57074.5,57096.55,0
2026-08-19 10:35:00+05:30,57097.7,57104.0,57064.2,57086.05,0
2026-08-19 10:40:00+05:30,57089.7,57090.95,57052.85,57083.55,0
2026-08-19 10:45:00+05:30,57089.15,57089.55,57062.5,57065.15,0
2026-08-19 10:50:00+05:30,57068.0,57080.85,57054.7,57079.55,0
2026-08-19 10:55:00+05:30,57082.4,57098.3,57069.45,57070.45,0
2026-08-19 11:00:00+05:30,57077.55,57083.6,57049.1,57072.5,0
2026-08-19 11:05:00+05:30,57072.95,57082.2,57014.75,57043.3,0
2026-08-19 11:10:00+05:30,57040.9,57070.75,57038.0,57049.9,0
2026-08-19 11:15:00+05:30,57055.35,57073.25,57052.85,57065.3,0
2026-08-19 11:20:00+05:30,57076.85,57085.45,57050.2,57051.3,0
2026-08-19 11:25:00+05:30,57056.85,57061.35,57028.5,57045.6,0
2026-08-19 11:30:00+05:30,57049.9,57078.95,57048.4,57070.8,0
2026-08-19 11:35:00+05:30,57076.05,57078.35,57048.6,57060.35,0
2026-08-19 11:40:00+05:30,57063.4,57068.9,57044.75,57064.45,0
2026-08-19 11:45:00+05:30,57068.9,57136.0,57058.05,57128.7,0
2026-08-19 11:50:00+05:30,57130.25,57218.9,57124.7,57202.8,0
2026-08-19 11:55:00+05:30,57204.25,57207.45,57180.45,57185.45,0
2026-08-19 12:00:00+05:30,57188.4,57192.75,57091.65,57098.25,0
2026-08-19 12:05:00+05:30,57098.15,57127.5,57081.25,57094.15,0
2026-08-19 12:10:00+05:30,57100.45,57101.0,57064.15,57065.2,0
2026-08-19 12:15:00+05:30,57065.7,57102.6,57062.65,57093.75,0
2026-08-19 12:20:00+05:30,57093.15,57116.8,57083.15,57112.1,0
2026-08-19 12:25:00+05:30,57112.45,57113.85,57076.55,57093.8,0
2026-08-19 12:30:00+05:30,57096.3,57098.15,57061.55,57065.3,0
2026-08-19 12:35:00+05:30,57068.6,57098.35,57046.55,57072.1,0
2026-08-19 12:40:00+05:30,57075.1,57084.65,57051.65,57064.6,0
2026-08-19 12:45:00+05:30,57067.1,57076.4,57048.3,57067.7,0
2026-08-19 12:50:00+05:30,57071.45,57097.95,57062.65,57080.35,0
2026-08-19 12:55:00+05:30,57085.25,57091.65,57056.9,57082.5,0
2026-08-19 13:00:00+05:30,57084.3,57113.55,57066.9,57104.8,0
2026-08-19 13:05:00+05:30,57106.85,57123.55,57087.25,57120.6,0
2026-08-19 13:10:00+05:30,57120.9,57126.7,57060.0,57063.1,0
2026-08-19 13:15:00+05:30,57064.35,57078.5,57042.25,57048.3,0
2026-08-19 13:20:00+05:30,57054.0,57068.8,57037.55,57061.6,0
2026-08-19 13:25:00+05:30,57060.2,57082.5,57052.95,57074.3,0
2026-08-19 13:30:00+05:30,57071.3,57080.75,57055.4,57066.3,0
2026-08-19 13:35:00+05:30,57069.45,57105.2,57057.45,57098.95,0
2026-08-19 13:40:00+05:30,57103.3,57124.4,57092.25,57102.05,0
2026-08-19 13:45:00+05:30,57106.65,57133.4,57077.0,57092.8,0
2026-08-19 13:50:00+05:30,57094.95,57103.85,57063.2,57086.25,0
2026-08-19 13:55:00+05:30,57088.85,57121.15,57079.4,57116.0,0
2026-08-19 14:00:00+05:30,57118.7,57180.1,57108.9,57168.75,0
2026-08-19 14:05:00+05:30,57171.2,57194.45,57152.15,57164.65,0
2026-08-19 14:10:00+05:30,57168.65,57177.8,57136.05,57139.85,0
2026-08-19 14:15:00+05:30,57139.3,57151.6,57116.25,57129.15,0
2026-08-19 14:20:00+05:30,57127.95,57139.6,57096.85,57113.55,0
2026-08-19 14:25:00+05:30,57113.45,57144.7,57101.25,57142.6,0
2026-08-19 14:30:00+05:30,57143.2,57184.5,57138.45,57174.05,0
2026-08-19 14:35:00+05:30,57176.1,57304.35,57161.65,57196.4,0
2026-08-19 14:40:00+05:30,57202.15,57245.85,57183.55,57227.2,0
2026-08-19 14:45:00+05:30,57229.8,57250.95,57195.5,57199.15,0
2026-08-19 14:50:00+05:30,57204.65,57220.2,57183.4,57202.05,0
2026-08-19 14:55:00+05:30,57206.2,57228.2,57187.35,57211.2,0
2026-08-19 15:00:00+05:30,57209.25,57227.6,57200.8,57206.15,0
2026-08-19 15:05:00+05:30,57205.35,57205.35,57155.8,57179.35,0
2026-08-19 15:10:00+05:30,57177.45,57195.5,57147.25,57156.9,0
2026-08-20 09:15:00+05:30,57507.65,57601.9,57475.7,57537.15,0
2026-08-20 09:20:00+05:30,57530.95,57561.05,57511.1,57511.1,0
2026-08-20 09:25:00+05:30,57512.65,57591.55,57505.6,57585.3,0
2026-08-20 09:30:00+05:30,57586.7,57594.5,57543.4,57549.9,0
2026-08-20 09:35:00+05:30,57544.85,57589.65,57540.6,57589.65,0
2026-08-20 09:40:00+05:30,57590.9,57668.3,57585.5,57665.2,0
2026-08-20 09:45:00+05:30,57666.55,57675.3,57614.2,57619.5,0
2026-08-20 09:50:00+05:30,57625.0,57641.65,57598.15,57636.7,0
2026-08-20 09:55:00+05:30,57636.9,57685.5,57634.5,57662.8,0
2026-08-20 10:00:00+05:30,57667.35,57676.1,57634.9,57649.15,0
2026-08-20 10:05:00+05:30,57648.45,57662.05,57635.65,57647.5,0
2026-08-20 10:10:00+05:30,57649.2,57677.2,57646.5,57669.75,0
2026-08-20 10:15:00+05:30,57664.05,57698.85,57663.75,57667.3,0
2026-08-20 10:20:00+05:30,57667.5,57690.5,57656.0,57673.9,0
2026-08-20 10:25:00+05:30,57674.9,57685.25,57639.4,57639.4,0
2026-08-20 10:30:00+05:30,57636.4,57654.65,57620.6,57630.5,0
2026-08-20 10:35:00+05:30,57631.4,57647.35,57613.8,57629.7,0
2026-08-20 10:40:00+05:30,57630.2,57664.45,57620.5,57656.4,0
2026-08-20 10:45:00+05:30,57658.15,57686.6,57642.1,57679.85,0
2026-08-20 10:50:00+05:30,57679.95,57684.6,57651.2,57659.25,0
2026-08-20 10:55:00+05:30,57658.45,57691.25,57656.1,57683.15,0
2026-08-20 11:00:00+05:30,57686.25,57702.95,57664.65,57677.2,0
2026-08-20 11:05:00+05:30,57679.7,57686.9,57663.75,57681.0,0
2026-08-20 11:10:00+05:30,57682.25,57686.6,57664.85,57679.6,0
2026-08-20 11:15:00+05:30,57681.95,57681.95,57641.15,57642.3,0
2026-08-20 11:20:00+05:30,57642.55,57651.4,57608.65,57617.1,0
2026-08-20 11:25:00+05:30,57615.85,57623.05,57596.45,57618.3,0
2026-08-20 11:30:00+05:30,57615.4,57653.6,57613.6,57641.8,0
2026-08-20 11:35:00+05:30,57638.8,57658.7,57628.25,57634.6,0
2026-08-20 11:40:00+05:30,57634.35,57642.8,57625.7,57631.65,0
2026-08-20 11:45:00+05:30,57631.25,57648.65,57616.35,57618.85,0
2026-08-20 11:50:00+05:30,57618.8,57631.3,57602.2,57609.7,0
2026-08-20 11:55:00+05:30,57611.85,57627.65,57598.7,57620.85,0
2026-08-20 12:00:00+05:30,57622.8,57625.9,57604.2,57609.4,0
2026-08-20 12:05:00+05:30,57609.85,57633.8,57606.75,57624.05,0
2026-08-20 12:10:00+05:30,57625.45,57630.8,57607.7,57613.25,0
2026-08-20 12:15:00+05:30,57613.95,57615.8,57595.95,57600.3,0
2026-08-20 12:20:00+05:30,57601.95,57603.75,57572.45,57576.4,0
2026-08-20 12:25:00+05:30,57575.45,57579.6,57558.4,57568.8,0
2026-08-20 12:30:00+05:30,57570.35,57572.3,57550.35,57558.15,0
2026-08-20 12:35:00+05:30,57558.45,57567.85,57538.55,57564.25,0
2026-08-20 12:40:00+05:30,57565.05,57590.3,57565.05,57580.2,0
2026-08-20 12:45:00+05:30,57583.65,57641.95,57572.9,57634.7,0
2026-08-20 12:50:00+05:30,57636.6,57680.55,57626.1,57634.45,0
2026-08-20 12:55:00+05:30,57634.25,57668.1,57612.4,57656.7,0
2026-08-20 13:00:00+05:30,57656.6,57657.3,57627.85,57637.8,0
2026-08-20 13:05:00+05:30,57637.15,57666.55,57632.8,57661.8,0
2026-08-20 13:10:00+05:30,57660.75,57671.05,57640.5,57645.85,0
2026-08-20 13:15:00+05:30,57648.0,57657.0,57624.4,57634.3,0
2026-08-20 13:20:00+05:30,57631.15,57641.7,57622.15,57634.15,0
2026-08-20 13:25:00+05:30,57631.4,57633.35,57605.25,57612.9,0
2026-08-20 13:30:00+05:30,57609.8,57619.2,57594.75,57617.35,0
2026-08-20 13:35:00+05:30,57614.8,57618.35,57565.4,57576.0,0
2026-08-20 13:40:00+05:30,57576.7,57582.15,57552.35,57570.7,0
2026-08-20 13:45:00+05:30,57566.6,57602.9,57559.3,57595.5,0
2026-08-20 13:50:00+05:30,57594.35,57600.35,57570.7,57577.2,0
2026-08-20 13:55:00+05:30,57576.7,57589.85,57548.45,57561.5,0
2026-08-20 14:00:00+05:30,57560.9,57570.75,57546.2,57557.65,0
2026-08-20 14:05:00+05:30,57558.35,57565.05,57531.5,57554.8,0
2026-08-20 14:10:00+05:30,57550.9,57568.8,57538.05,57548.35,0
2026-08-20 14:15:00+05:30,57547.75,57551.85,57496.75,57535.8,0
2026-08-20 14:20:00+05:30,57533.0,57547.25,57513.8,57542.4,0
2026-08-20 14:25:00+05:30,57537.95,57547.35,57507.5,57533.9,0
2026-08-20 14:30:00+05:30,57534.0,57542.25,57521.15,57540.7,0
2026-08-20 14:35:00+05:30,57540.5,57560.3,57521.9,57553.5,0
2026-08-20 14:40:00+05:30,57554.2,57565.25,57522.95,57526.7,0
2026-08-20 14:45:00+05:30,57525.95,57542.75,57504.1,57534.5,0
2026-08-20 14:50:00+05:30,57536.15,57544.85,57512.0,57527.5,0
2026-08-20 14:55:00+05:30,57528.0,57542.65,57511.35,57536.45,0
2026-08-20 15:00:00+05:30,57535.9,57535.9,57486.2,57509.55,0
2026-08-20 15:05:00+05:30,57506.2,57508.25,57457.15,57473.2,0
2026-08-20 15:10:00+05:30,57470.2,57494.8,57431.8,57448.6,0
2026-08-20 15:25:00+05:30,57498.05,57498.65,57495.1,57495.9,0
2026-08-21 09:15:00+05:30,57613.2,57625.05,57508.25,57564.55,0
2026-08-21 09:20:00+05:30,57565.5,57567.75,57481.55,57504.15,0
2026-08-21 09:25:00+05:30,57505.1,57599.35,57500.25,57594.8,0
2026-08-21 09:30:00+05:30,57595.65,57595.65,57542.4,57552.95,0
2026-08-21 09:35:00+05:30,57551.0,57634.0,57548.4,57631.3,0
2026-08-21 09:40:00+05:30,57631.4,57729.9,57620.55,57711.65,0
2026-08-21 09:45:00+05:30,57704.85,57741.1,57699.3,57728.9,0
2026-08-21 09:50:00+05:30,57727.55,57772.45,57718.0,57734.8,0
2026-08-21 09:55:00+05:30,57732.05,57739.9,57703.8,57708.6,0
2026-08-21 10:00:00+05:30,57706.9,57722.3,57655.6,57665.6,0
2026-08-21 10:05:00+05:30,57663.2,57670.0,57626.35,57626.65,0
2026-08-21 10:10:00+05:30,57624.65,57662.05,57622.55,57648.8,0
2026-08-21 10:15:00+05:30,57648.7,57677.7,57644.2,57652.1,0
2026-08-21 10:20:00+05:30,57649.15,57677.7,57630.1,57668.2,0
2026-08-21 10:25:00+05:30,57669.5,57698.4,57660.25,57697.2,0
2026-08-21 10:30:00+05:30,57693.75,57699.35,57662.6,57670.3,0
2026-08-21 10:35:00+05:30,57673.85,57716.6,57659.55,57707.9,0
2026-08-21 10:40:00+05:30,57706.45,57737.3,57702.3,57735.75,0
2026-08-21 10:45:00+05:30,57736.45,57758.5,57726.85,57728.5,0
2026-08-21 10:50:00+05:30,57727.95,57743.25,57711.5,57732.3,0
2026-08-21 10:55:00+05:30,57730.8,57738.55,57694.55,57711.05,0
2026-08-21 11:00:00+05:30,57712.35,57733.6,57703.7,57727.05,0
2026-08-21 11:05:00+05:30,57724.75,57731.7,57700.15,57701.65,0
2026-08-21 11:10:00+05:30,57703.4,57719.1,57683.95,57709.2,0
2026-08-21 11:15:00+05:30,57707.95,57729.1,57680.9,57697.95,0
2026-08-21 11:20:00+05:30,57698.55,57706.6,57678.0,57701.7,0
2026-08-21 11:25:00+05:30,57701.0,57733.5,57693.75,57723.6,0
2026-08-21 11:30:00+05:30,57724.85,57735.15,57707.5,57712.4,0
2026-08-21 11:35:00+05:30,57712.55,57721.9,57694.95,57704.65,0
2026-08-21 11:40:00+05:30,57704.35,57718.65,57685.55,57707.3,0
2026-08-21 11:45:00+05:30,57708.6,57720.25,57695.0,57704.8,0
2026-08-21 11:50:00+05:30,57704.3,57717.25,57677.75,57678.75,0
2026-08-21 11:55:00+05:30,57679.45,57693.25,57655.2,57661.25,0
2026-08-21 12:00:00+05:30,57657.45,57691.7,57657.45,57676.0,0
2026-08-21 12:05:00+05:30,57674.75,57697.85,57652.85,57659.25,0
2026-08-21 12:10:00+05:30,57659.65,57684.05,57649.7,57654.0,0
2026-08-21 12:15:00+05:30,57655.2,57668.75,57622.2,57659.2,0
2026-08-21 12:20:00+05:30,57658.8,57684.9,57648.45,57677.9,0
2026-08-21 12:25:00+05:30,57673.7,57689.0,57659.85,57676.85,0
2026-08-21 12:30:00+05:30,57677.8,57692.3,57659.75,57677.2,0
2026-08-21 12:35:00+05:30,57677.3,57690.8,57663.75,57676.5,0
2026-08-21 12:40:00+05:30,57677.0,57677.0,57640.4,57661.85,0
2026-08-21 12:45:00+05:30,57658.55,57670.9,57652.15,57656.55,0
2026-08-21 12:50:00+05:30,57657.0,57683.9,57657.0,57679.55,0
2026-08-21 12:55:00+05:30,57678.85,57688.9,57656.95,57674.15,0
2026-08-21 13:00:00+05:30,57674.55,57685.35,57667.95,57676.3,0
2026-08-21 13:05:00+05:30,57677.45,57716.9,57673.2,57707.6,0
2026-08-21 13:10:00+05:30,57708.6,57723.35,57677.55,57686.7,0
2026-08-21 13:15:00+05:30,57687.25,57708.05,57670.9,57677.65,0
2026-08-21 13:20:00+05:30,57677.5,57685.1,57657.9,57672.45,0
2026-08-21 13:25:00+05:30,57673.75,57687.35,57659.35,57687.35,0
2026-08-21 13:30:00+05:30,57689.4,57692.2,57653.9,57660.25,0
2026-08-21 13:35:00+05:30,57657.35,57673.25,57635.95,57666.4,0
2026-08-21 13:40:00+05:30,57667.7,57672.55,57640.9,57656.1,0
2026-08-21 13:45:00+05:30,57657.8,57667.7,57632.0,57642.8,0
2026-08-21 13:50:00+05:30,57643.65,57673.95,57626.85,57648.95,0
2026-08-21 13:55:00+05:30,57650.95,57684.3,57644.0,57660.65,0
2026-08-21 14:00:00+05:30,57658.35,57670.1,57629.0,57640.6,0
2026-08-21 14:05:00+05:30,57640.55,57653.7,57625.2,57634.25,0
2026-08-21 14:10:00+05:30,57633.8,57675.25,57625.6,57664.5,0
2026-08-21 14:15:00+05:30,57664.45,57684.75,57655.95,57668.85,0
2026-08-21 14:20:00+05:30,57667.45,57684.7,57656.75,57676.1,0
2026-08-21 14:25:00+05:30,57675.65,57681.25,57647.2,57679.85,0
2026-08-21 14:30:00+05:30,57679.5,57700.3,57663.7,57676.35,0
2026-08-21 14:35:00+05:30,57674.25,57678.3,57642.3,57648.65,0
2026-08-21 14:40:00+05:30,57647.55,57657.7,57638.75,57650.65,0
2026-08-21 14:45:00+05:30,57651.2,57676.15,57646.95,57664.2,0
2026-08-21 14:50:00+05:30,57664.75,57678.8,57657.1,57666.3,0
2026-08-21 14:55:00+05:30,57664.2,57674.05,57650.85,57667.55,0
2026-08-21 15:00:00+05:30,57666.8,57676.3,57645.55,57665.8,0
2026-08-21 15:05:00+05:30,57665.9,57665.9,57635.35,57652.6,0
2026-08-21 15:10:00+05:30,57648.0,57672.6,57619.95,57647.65,0
2026-08-21 15:25:00+05:30,57761.95,57761.95,57761.95,57761.95,0
2026-08-24 09:15:00+05:30,57828.15,57873.75,57774.25,57807.0,0
2026-08-24 09:20:00+05:30,57805.0,57826.55,57789.25,57816.45,0
2026-08-24 09:25:00+05:30,57822.75,57854.45,57794.15,57796.3,0
2026-08-24 09:30:00+05:30,57802.65,57805.15,57744.65,57776.7,0
2026-08-24 09:35:00+05:30,57782.65,57788.0,57754.85,57769.3,0
2026-08-24 09:40:00+05:30,57770.45,57770.45,57726.6,57743.55,0
2026-08-24 09:45:00+05:30,57744.0,57753.95,57712.2,57728.1,0
2026-08-24 09:50:00+05:30,57727.85,57732.7,57685.55,57688.5,0
2026-08-24 09:55:00+05:30,57693.0,57707.1,57671.3,57685.95,0
2026-08-24 10:00:00+05:30,57693.2,57736.0,57689.3,57705.05,0
2026-08-24 10:05:00+05:30,57707.4,57716.2,57694.65,57704.25,0
2026-08-24 10:10:00+05:30,57702.15,57708.05,57682.8,57683.9,0
2026-08-24 10:15:00+05:30,57687.4,57704.3,57675.7,57689.1,0
2026-08-24 10:20:00+05:30,57696.0,57700.95,57664.1,57665.3,0
2026-08-24 10:25:00+05:30,57666.95,57676.35,57644.75,57663.4,0
2026-08-24 10:30:00+05:30,57663.75,57687.95,57659.15,57667.0,0
2026-08-24 10:35:00+05:30,57672.5,57684.2,57648.15,57650.65,0
2026-08-24 10:40:00+05:30,57651.65,57658.45,57638.2,57650.2,0
2026-08-24 10:45:00+05:30,57653.5,57655.05,57620.15,57630.75,0
2026-08-24 10:50:00+05:30,57630.9,57630.9,57583.6,57598.1,0
2026-08-24 10:55:00+05:30,57598.4,57606.0,57533.85,57545.3,0
2026-08-24 11:00:00+05:30,57543.95,57571.2,57500.9,57508.05,0
2026-08-24 11:05:00+05:30,57511.9,57511.9,57434.5,57448.2,0
2026-08-24 11:10:00+05:30,57449.45,57453.05,57405.65,57410.55,0
2026-08-24 11:15:00+05:30,57415.95,57421.7,57394.9,57413.95,0
2026-08-24 11:20:00+05:30,57416.7,57428.65,57359.3,57373.6,0
2026-08-24 11:25:00+05:30,57378.25,57398.55,57359.25,57386.35,0
2026-08-24 11:30:00+05:30,57387.05,57389.85,57331.5,57344.75,0
2026-08-24 11:35:00+05:30,57346.45,57352.05,57322.9,57340.3,0
2026-08-24 11:40:00+05:30,57339.45,57391.65,57332.8,57374.1,0
2026-08-24 11:45:00+05:30,57377.45,57422.9,57376.1,57420.1,0
2026-08-24 11:50:00+05:30,57420.7,57423.65,57382.65,57402.8,0
2026-08-24 11:55:00+05:30,57403.9,57411.25,57367.6,57367.6,0
2026-08-24 12:00:00+05:30,57372.0,57408.55,57362.2,57384.0,0
2026-08-24 12:05:00+05:30,57383.3,57393.05,57358.25,57389.7,0
2026-08-24 12:10:00+05:30,57384.3,57395.7,57373.2,57379.75,0
2026-08-24 12:15:00+05:30,57383.6,57388.65,57357.0,57362.25,0
2026-08-24 12:20:00+05:30,57369.8,57394.45,57352.8,57376.45,0
2026-08-24 12:25:00+05:30,57383.15,57385.3,57320.3,57326.3,0
2026-08-24 12:30:00+05:30,57326.45,57355.5,57321.75,57342.35,0
2026-08-24 12:35:00+05:30,57346.35,57373.85,57334.25,57345.3,0
2026-08-24 12:40:00+05:30,57345.75,57354.4,57328.4,57335.95,0
2026-08-24 12:45:00+05:30,57339.55,57368.65,57331.45,57349.65,0
2026-08-24 12:50:00+05:30,57357.6,57360.2,57324.25,57333.2,0
2026-08-24 12:55:00+05:30,57335.75,57352.95,57329.4,57343.25,0
2026-08-24 13:00:00+05:30,57350.15,57353.4,57274.1,57291.45,0
2026-08-24 13:05:00+05:30,57296.3,57300.5,57245.95,57279.4,0
2026-08-24 13:10:00+05:30,57278.25,57291.95,57259.3,57276.35,0
2026-08-24 13:15:00+05:30,57280.35,57318.4,57269.8,57311.45,0
2026-08-24 13:20:00+05:30,57317.8,57329.55,57305.4,57316.2,0
2026-08-24 13:25:00+05:30,57319.5,57349.05,57310.4,57344.55,0
2026-08-24 13:30:00+05:30,57347.4,57357.3,57329.3,57342.1,0
2026-08-24 13:35:00+05:30,57345.0,57366.4,57325.1,57364.0,0
2026-08-24 13:40:00+05:30,57364.8,57386.7,57352.75,57352.75,0
2026-08-24 13:45:00+05:30,57359.15,57361.55,57330.55,57335.75,0
2026-08-24 13:50:00+05:30,57342.0,57346.3,57320.75,57327.75,0
2026-08-24 13:55:00+05:30,57330.6,57350.15,57318.85,57337.0,0
2026-08-24 14:00:00+05:30,57340.05,57354.3,57316.45,57342.8,0
2026-08-24 14:05:00+05:30,57346.25,57354.25,57326.75,57345.3,0
2026-08-24 14:10:00+05:30,57350.5,57355.35,57329.0,57339.95,0
2026-08-24 14:15:00+05:30,57345.7,57348.4,57281.5,57310.55,0
2026-08-24 14:20:00+05:30,57318.15,57340.3,57285.0,57316.2,0
2026-08-24 14:25:00+05:30,57317.4,57358.4,57309.55,57345.4,0
2026-08-24 14:30:00+05:30,57348.05,57391.6,57340.75,57378.4,0
2026-08-24 14:35:00+05:30,57384.9,57390.95,57354.4,57363.65,0
2026-08-24 14:40:00+05:30,57367.3,57367.3,57334.45,57354.4,0
2026-08-24 14:45:00+05:30,57356.5,57367.5,57337.85,57362.8,0
2026-08-24 14:50:00+05:30,57367.5,57367.65,57345.25,57362.2,0
2026-08-24 14:55:00+05:30,57362.5,57377.15,57355.95,57365.15,0
2026-08-24 15:00:00+05:30,57364.35,57411.55,57359.15,57399.5,0
2026-08-24 15:05:00+05:30,57401.4,57401.4,57355.85,57382.2,0
2026-08-24 15:10:00+05:30,57379.85,57437.6,57352.0,57419.45,0
2026-08-24 15:25:00+05:30,57525.95,57525.95,57525.95,57525.95,0
2026-08-25 09:15:00+05:30,57360.65,57458.3,57231.25,57456.0,0
2026-08-25 09:20:00+05:30,57451.85,57561.95,57446.2,57495.35,0
2026-08-25 09:25:00+05:30,57493.55,57568.45,57487.5,57550.6,0
2026-08-25 09:30:00+05:30,57550.55,57653.85,57549.3,57620.55,0
2026-08-25 09:35:00+05:30,57623.45,57630.45,57513.9,57544.3,0
2026-08-25 09:40:00+05:30,57547.85,57557.65,57494.1,57517.7,0
2026-08-25 09:45:00+05:30,57519.95,57545.95,57500.5,57506.65,0
2026-08-25 09:50:00+05:30,57509.6,57520.85,57456.6,57481.55,0
2026-08-25 09:55:00+05:30,57483.25,57511.3,57473.6,57493.8,0
2026-08-25 10:00:00+05:30,57497.9,57520.4,57474.9,57503.8,0
2026-08-25 10:05:00+05:30,57505.05,57523.15,57474.95,57479.3,0
2026-08-25 10:10:00+05:30,57477.2,57500.05,57464.0,57478.3,0
2026-08-25 10:15:00+05:30,57479.0,57479.0,57432.6,57433.75,0
2026-08-25 10:20:00+05:30,57439.05,57439.1,57382.9,57395.45,0
2026-08-25 10:25:00+05:30,57398.85,57417.3,57374.35,57417.3,0
2026-08-25 10:30:00+05:30,57416.0,57464.1,57402.35,57444.7,0
2026-08-25 10:35:00+05:30,57446.15,57450.4,57414.1,57433.25,0
2026-08-25 10:40:00+05:30,57434.9,57476.45,57416.55,57463.8,0
2026-08-25 10:45:00+05:30,57469.4,57513.8,57451.55,57509.2,0
2026-08-25 10:50:00+05:30,57511.65,57589.0,57505.4,57567.35,0
2026-08-25 10:55:00+05:30,57570.25,57584.65,57515.2,57515.2,0
2026-08-25 11:00:00+05:30,57521.4,57533.55,57449.1,57456.7,0
2026-08-25 11:05:00+05:30,57457.0,57475.2,57437.55,57453.15,0
2026-08-25 11:10:00+05:30,57456.1,57484.5,57438.25,57478.1,0
2026-08-25 11:15:00+05:30,57478.65,57488.75,57416.45,57432.05,0
2026-08-25 11:20:00+05:30,57436.3,57449.5,57404.85,57420.15,0
2026-08-25 11:25:00+05:30,57429.7,57467.9,57406.55,57450.3,0
2026-08-25 11:30:00+05:30,57450.95,57474.55,57435.65,57445.3,0
2026-08-25 11:35:00+05:30,57440.1,57440.3,57386.2,57432.8,0
2026-08-25 11:40:00+05:30,57432.45,57433.5,57383.55,57408.55,0
2026-08-25 11:45:00+05:30,57418.1,57425.85,57379.4,57409.7,0
2026-08-25 11:50:00+05:30,57410.4,57436.5,57393.25,57424.2,0
2026-08-25 11:55:00+05:30,57424.15,57478.0,57414.55,57446.3,0
2026-08-25 12:00:00+05:30,57451.55,57492.2,57417.5,57478.65,0
2026-08-25 12:05:00+05:30,57482.35,57490.7,57454.3,57463.65,0
2026-08-25 12:10:00+05:30,57471.4,57490.75,57452.75,57462.35,0
2026-08-25 12:15:00+05:30,57469.85,57476.6,57441.15,57457.35,0
2026-08-25 12:20:00+05:30,57455.8,57467.65,57419.7,57434.7,0
2026-08-25 12:25:00+05:30,57442.35,57447.3,57392.0,57404.9,0
2026-08-25 12:30:00+05:30,57414.6,57438.5,57386.05,57425.7,0
2026-08-25 12:35:00+05:30,57429.25,57443.0,57374.9,57418.2,0
2026-08-25 12:40:00+05:30,57423.85,57435.85,57389.95,57432.65,0
2026-08-25 12:45:00+05:30,57431.5,57446.65,57398.35,57415.05,0
2026-08-25 12:50:00+05:30,57422.6,57431.7,57380.55,57408.4,0
2026-08-25 12:55:00+05:30,57417.0,57425.55,57395.55,57411.55,0
2026-08-25 13:00:00+05:30,57412.45,57419.0,57348.5,57377.65,0
2026-08-25 13:05:00+05:30,57380.55,57382.05,57343.45,57347.45,0
2026-08-25 13:10:00+05:30,57351.7,57367.8,57285.65,57300.1,0
2026-08-25 13:15:00+05:30,57296.85,57349.1,57286.55,57304.45,0
2026-08-25 13:20:00+05:30,57310.75,57312.6,57276.15,57280.1,0
2026-08-25 13:25:00+05:30,57283.8,57293.25,57251.65,57284.55,0
2026-08-25 13:30:00+05:30,57284.95,57303.05,57277.25,57289.25,0
2026-08-25 13:35:00+05:30,57288.55,57318.4,57273.1,57312.55,0
2026-08-25 13:40:00+05:30,57315.15,57344.35,57302.7,57316.0,0
2026-08-25 13:45:00+05:30,57321.7,57321.75,57282.2,57287.05,0
2026-08-25 13:50:00+05:30,57289.5,57412.3,57278.15,57412.3,0
2026-08-25 13:55:00+05:30,57417.4,57419.6,57355.7,57370.0,0
2026-08-25 14:00:00+05:30,57373.45,57379.3,57297.75,57345.75,0
2026-08-25 14:05:00+05:30,57353.8,57357.3,57322.55,57338.5,0
2026-08-25 14:10:00+05:30,57339.35,57360.1,57315.1,57321.6,0
2026-08-25 14:15:00+05:30,57320.5,57360.8,57311.15,57352.2,0
2026-08-25 14:20:00+05:30,57351.8,57383.4,57330.6,57345.2,0
2026-08-25 14:25:00+05:30,57348.85,57390.4,57337.6,57381.8,0
2026-08-25 14:30:00+05:30,57384.8,57444.15,57361.85,57385.5,0
2026-08-25 14:35:00+05:30,57389.3,57422.9,57378.4,57411.25,0
2026-08-25 14:40:00+05:30,57415.9,57435.6,57387.6,57415.3,0
2026-08-25 14:45:00+05:30,57414.3,57434.4,57386.9,57412.35,0
2026-08-25 14:50:00+05:30,57420.25,57462.45,57396.4,57457.9,0
2026-08-25 14:55:00+05:30,57452.05,57481.0,57426.9,57468.1,0
2026-08-25 15:00:00+05:30,57465.6,57489.2,57440.4,57453.7,0
2026-08-25 15:05:00+05:30,57452.05,57468.0,57401.9,57429.1,0
2026-08-25 15:10:00+05:30,57428.9,57483.6,57417.8,57455.8,0
2026-08-25 15:25:00+05:30,57514.2,57514.2,57514.2,57514.2,0
2026-08-26 09:15:00+05:30,57628.65,57883.25,57611.85,57812.7,0
2026-08-26 09:20:00+05:30,57809.15,57922.15,57806.75,57913.95,0
2026-08-26 09:25:00+05:30,57908.7,57996.05,57902.5,57966.35,0
2026-08-26 09:30:00+05:30,57959.5,57990.4,57932.35,57951.65,0
2026-08-26 09:35:00+05:30,57951.85,57967.6,57906.45,57953.8,0
2026-08-26 09:40:00+05:30,57951.15,57992.0,57943.75,57955.5,0
2026-08-26 09:45:00+05:30,57952.7,57976.4,57920.15,57928.75,0
2026-08-26 09:50:00+05:30,57926.5,57948.35,57922.75,57933.25,0
2026-08-26 09:55:00+05:30,57931.3,57992.0,57928.4,57976.3,0
2026-08-26 10:00:00+05:30,57978.5,57983.4,57926.7,57952.95,0
2026-08-26 10:05:00+05:30,57954.7,57957.35,57890.4,57923.3,0
2026-08-26 10:10:00+05:30,57921.2,57926.3,57893.25,57903.55,0
2026-08-26 10:15:00+05:30,57903.25,57922.45,57876.85,57890.05,0
2026-08-26 10:20:00+05:30,57892.1,57895.7,57824.35,57843.4,0
2026-08-26 10:25:00+05:30,57842.9,57935.05,57836.05,57930.85,0
2026-08-26 10:30:00+05:30,57930.4,57978.5,57920.3,57962.6,0
2026-08-26 10:35:00+05:30,57962.15,57974.25,57936.1,57960.0,0
2026-08-26 10:40:00+05:30,57960.75,57967.15,57912.75,57939.55,0
2026-08-26 10:45:00+05:30,57943.3,57950.05,57919.75,57923.85,0
2026-08-26 10:50:00+05:30,57922.9,57938.35,57878.25,57892.5,0
2026-08-26 10:55:00+05:30,57889.1,57918.35,57889.1,57897.95,0
2026-08-26 11:00:00+05:30,57894.75,57899.55,57852.5,57867.35,0
2026-08-26 11:05:00+05:30,57868.65,57900.15,57850.55,57900.15,0
2026-08-26 11:10:00+05:30,57901.95,57964.35,57895.35,57954.45,0
2026-08-26 11:15:00+05:30,57952.45,57961.05,57900.25,57908.5,0
2026-08-26 11:20:00+05:30,57909.7,57931.05,57889.15,57913.2,0
2026-08-26 11:25:00+05:30,57914.1,57928.05,57897.8,57907.3,0
2026-08-26 11:30:00+05:30,57907.45,57907.45,57874.95,57906.45,0
2026-08-26 11:35:00+05:30,57906.55,57943.6,57898.95,57936.65,0
2026-08-26 11:40:00+05:30,57933.45,57943.75,57899.15,57909.5,0
2026-08-26 11:45:00+05:30,57907.6,57920.5,57884.05,57893.5,0
2026-08-26 11:50:00+05:30,57894.2,57900.6,57864.4,57874.95,0
2026-08-26 11:55:00+05:30,57874.65,57900.4,57865.6,57882.2,0
2026-08-26 12:00:00+05:30,57882.4,57887.25,57848.7,57880.3,0
2026-08-26 12:05:00+05:30,57880.4,57899.2,57863.9,57870.75,0
2026-08-26 12:10:00+05:30,57869.4,57944.0,57863.2,57937.6,0
2026-08-26 12:15:00+05:30,57942.1,57960.7,57925.05,57950.2,0
2026-08-26 12:20:00+05:30,57948.3,57960.8,57926.3,57955.8,0
2026-08-26 12:25:00+05:30,57954.45,57966.05,57907.35,57920.3,0
2026-08-26 12:30:00+05:30,57917.65,57939.9,57906.0,57935.45,0
2026-08-26 12:35:00+05:30,57936.3,57953.45,57924.9,57933.65,0
2026-08-26 12:40:00+05:30,57928.55,57971.0,57916.5,57968.0,0
2026-08-26 12:45:00+05:30,57966.7,57973.35,57938.4,57952.95,0
2026-08-26 12:50:00+05:30,57954.3,57959.0,57935.55,57957.3,0
2026-08-26 12:55:00+05:30,57957.2,57975.35,57942.5,57958.65,0
2026-08-26 13:00:00+05:30,57957.65,57962.75,57909.9,57933.35,0
2026-08-26 13:05:00+05:30,57937.1,57951.75,57917.75,57925.7,0
2026-08-26 13:10:00+05:30,57924.4,57932.85,57904.8,57915.5,0
2026-08-26 13:15:00+05:30,57918.6,57921.25,57855.3,57886.6,0
2026-08-26 13:20:00+05:30,57888.35,57889.0,57851.6,57867.7,0
2026-08-26 13:25:00+05:30,57869.45,57881.4,57856.1,57878.25,0
2026-08-26 13:30:00+05:30,57878.3,57893.65,57863.95,57887.85,0
2026-08-26 13:35:00+05:30,57887.9,57893.75,57870.95,57886.55,0
2026-08-26 13:40:00+05:30,57887.3,57907.15,57872.05,57886.9,0
2026-08-26 13:45:00+05:30,57885.25,57890.25,57859.8,57878.85,0
2026-08-26 13:50:00+05:30,57879.45,57900.0,57870.65,57889.85,0
2026-08-26 13:55:00+05:30,57891.65,57900.65,57875.25,57884.05,0
2026-08-26 14:00:00+05:30,57884.9,57904.2,57870.45,57901.9,0
2026-08-26 14:05:00+05:30,57900.85,57903.1,57860.25,57879.15,0
2026-08-26 14:10:00+05:30,57878.9,57913.15,57861.35,57890.1,0
2026-08-26 14:15:00+05:30,57887.15,57910.55,57860.7,57879.5,0
2026-08-26 14:20:00+05:30,57879.7,57891.9,57862.5,57867.05,0
2026-08-26 14:25:00+05:30,57867.35,57880.95,57831.4,57856.85,0
2026-08-26 14:30:00+05:30,57857.2,57889.3,57847.9,57884.5,0
2026-08-26 14:35:00+05:30,57885.1,57885.1,57860.0,57883.8,0
2026-08-26 14:40:00+05:30,57880.9,57893.5,57865.45,57879.0,0
2026-08-26 14:45:00+05:30,57878.55,57915.7,57869.55,57913.35,0
2026-08-26 14:50:00+05:30,57910.0,57955.8,57909.7,57942.2,0
2026-08-26 14:55:00+05:30,57941.85,57948.2,57915.65,57925.6,0
2026-08-26 15:00:00+05:30,57929.9,57929.9,57888.65,57914.7,0
2026-08-26 15:05:00+05:30,57918.7,57918.7,57860.65,57882.45,0
2026-08-26 15:10:00+05:30,57889.1,57901.8,57862.7,57880.25,0
2026-08-26 15:25:00+05:30,57783.75,57783.75,57783.75,57783.75,0
2026-08-27 09:15:00+05:30,57985.0,58012.4,57756.45,57871.6,0
2026-08-27 09:20:00+05:30,57870.25,57877.8,57808.3,57814.7,0
2026-08-27 09:25:00+05:30,57815.35,57874.5,57773.35,57786.6,0
2026-08-27 09:30:00+05:30,57786.2,57827.05,57743.8,57820.2,0
2026-08-27 09:35:00+05:30,57818.85,57844.65,57750.1,57797.15,0
2026-08-27 09:40:00+05:30,57795.65,57847.35,57772.25,57839.6,0
2026-08-27 09:45:00+05:30,57832.55,57879.15,57807.65,57863.6,0
2026-08-27 09:50:00+05:30,57865.75,57869.95,57807.5,57858.25,0
2026-08-27 09:55:00+05:30,57858.75,57862.75,57796.45,57822.4,0
2026-08-27 10:00:00+05:30,57823.85,57845.1,57798.05,57832.1,0
2026-08-27 10:05:00+05:30,57832.45,57838.25,57799.05,57831.15,0
2026-08-27 10:10:00+05:30,57827.45,57840.3,57794.7,57797.15,0
2026-08-27 10:15:00+05:30,57798.0,57818.7,57787.25,57814.8,0
2026-08-27 10:20:00+05:30,57814.2,57825.3,57781.65,57788.85,0
2026-08-27 10:25:00+05:30,57790.55,57819.55,57775.55,57796.2,0
2026-08-27 10:30:00+05:30,57798.4,57820.8,57779.9,57790.05,0
2026-08-27 10:35:00+05:30,57782.9,57801.2,57777.3,57792.65,0
2026-08-27 10:40:00+05:30,57789.5,57802.5,57754.7,57756.05,0
2026-08-27 10:45:00+05:30,57761.05,57778.25,57747.7,57757.35,0
2026-08-27 10:50:00+05:30,57756.5,57758.75,57707.05,57718.85,0
2026-08-27 10:55:00+05:30,57716.85,57738.15,57702.85,57732.65,0
2026-08-27 11:00:00+05:30,57728.55,57747.3,57698.1,57736.85,0
2026-08-27 11:05:00+05:30,57732.95,57762.45,57732.75,57736.65,0
2026-08-27 11:10:00+05:30,57737.3,57741.4,57716.45,57718.1,0
2026-08-27 11:15:00+05:30,57717.1,57734.65,57707.35,57718.75,0
2026-08-27 11:20:00+05:30,57716.15,57740.7,57704.0,57723.45,0
2026-08-27 11:25:00+05:30,57718.85,57738.5,57685.1,57705.15,0
2026-08-27 11:30:00+05:30,57706.1,57754.9,57704.4,57750.9,0
2026-08-27 11:35:00+05:30,57752.55,57757.9,57734.05,57742.15,0
2026-08-27 11:40:00+05:30,57737.1,57746.25,57714.55,57723.5,0
2026-08-27 11:45:00+05:30,57721.4,57743.95,57707.35,57717.3,0
2026-08-27 11:50:00+05:30,57716.3,57739.95,57706.9,57722.45,0
2026-08-27 11:55:00+05:30,57727.2,57756.2,57716.9,57750.0,0
2026-08-27 12:00:00+05:30,57750.95,57756.9,57674.25,57698.65,0
2026-08-27 12:05:00+05:30,57698.25,57705.3,57660.25,57680.2,0
2026-08-27 12:10:00+05:30,57675.2,57691.2,57646.85,57677.6,0
2026-08-27 12:15:00+05:30,57676.0,57688.0,57619.0,57621.9,0
2026-08-27 12:20:00+05:30,57621.7,57628.65,57581.05,57583.05,0
2026-08-27 12:25:00+05:30,57583.1,57632.9,57571.3,57623.1,0
2026-08-27 12:30:00+05:30,57620.4,57626.35,57571.5,57592.25,0
2026-08-27 12:35:00+05:30,57592.35,57653.35,57578.3,57637.65,0
2026-08-27 12:40:00+05:30,57637.1,57652.7,57612.5,57621.45,0
2026-08-27 12:45:00+05:30,57622.85,57625.3,57598.05,57612.15,0
2026-08-27 12:50:00+05:30,57610.15,57648.5,57586.25,57641.95,0
2026-08-27 12:55:00+05:30,57639.05,57690.6,57639.05,57664.35,0
2026-08-27 13:00:00+05:30,57666.2,57698.35,57648.4,57671.9,0
2026-08-27 13:05:00+05:30,57672.15,57709.3,57657.35,57700.0,0
2026-08-27 13:10:00+05:30,57699.75,57788.5,57696.1,57782.1,0
2026-08-27 13:15:00+05:30,57780.85,57796.95,57735.25,57744.55,0
2026-08-27 13:20:00+05:30,57742.85,57770.2,57728.55,57761.15,0
2026-08-27 13:25:00+05:30,57759.1,57768.45,57706.7,57737.9,0
2026-08-27 13:30:00+05:30,57733.25,57749.45,57697.4,57717.75,0
2026-08-27 13:35:00+05:30,57713.05,57746.35,57709.45,57729.55,0
2026-08-27 13:40:00+05:30,57729.2,57734.7,57684.3,57689.6,0
2026-08-27 13:45:00+05:30,57688.35,57692.0,57623.75,57644.25,0
2026-08-27 13:50:00+05:30,57640.8,57651.75,57625.1,57634.05,0
2026-08-27 13:55:00+05:30,57634.3,57636.65,57575.8,57587.75,0
2026-08-27 14:00:00+05:30,57586.6,57598.4,57569.1,57582.65,0
2026-08-27 14:05:00+05:30,57581.9,57592.2,57535.85,57550.7,0
2026-08-27 14:10:00+05:30,57553.9,57618.85,57537.6,57577.7,0
2026-08-27 14:15:00+05:30,57576.95,57626.45,57576.95,57625.1,0
2026-08-27 14:20:00+05:30,57625.2,57653.75,57608.75,57650.2,0
2026-08-27 14:25:00+05:30,57651.15,57654.2,57616.05,57643.85,0
2026-08-27 14:30:00+05:30,57642.7,57658.2,57565.05,57610.25,0
2026-08-27 14:35:00+05:30,57608.05,57615.8,57571.5,57613.55,0
2026-08-27 14:40:00+05:30,57613.65,57617.5,57575.5,57592.9,0
2026-08-27 14:45:00+05:30,57593.55,57614.5,57578.85,57586.25,0
2026-08-27 14:50:00+05:30,57590.15,57613.8,57570.85,57595.15,0
2026-08-27 14:55:00+05:30,57595.05,57618.3,57578.2,57614.5,0
2026-08-27 15:00:00+05:30,57612.2,57641.1,57604.35,57622.95,0
2026-08-27 15:05:00+05:30,57626.85,57628.9,57585.55,57599.05,0
2026-08-27 15:10:00+05:30,57602.3,57609.8,57534.9,57569.5,0
2026-08-27 15:25:00+05:30,57509.95,57509.95,57509.95,57509.95,0
2026-08-28 09:15:00+05:30,57429.75,57499.35,57343.9,57393.1,0
2026-08-28 09:20:00+05:30,57392.55,57392.65,57264.0,57360.35,0
2026-08-28 09:25:00+05:30,57368.6,57481.75,57364.05,57441.0,0
2026-08-28 09:30:00+05:30,57437.45,57437.45,57372.15,57385.95,0
2026-08-28 09:35:00+05:30,57389.45,57408.45,57354.45,57400.6,0
2026-08-28 09:40:00+05:30,57400.2,57459.85,57388.1,57437.4,0
2026-08-28 09:45:00+05:30,57441.25,57452.1,57405.85,57418.65,0
2026-08-28 09:50:00+05:30,57418.25,57461.1,57392.9,57457.9,0
2026-08-28 09:55:00+05:30,57461.1,57481.3,57438.25,57449.0,0
2026-08-28 10:00:00+05:30,57450.7,57480.6,57439.7,57454.65,0
2026-08-28 10:05:00+05:30,57455.65,57479.4,57424.3,57444.2,0
2026-08-28 10:10:00+05:30,57446.25,57494.5,57439.7,57488.0,0
2026-08-28 10:15:00+05:30,57489.55,57577.65,57489.55,57515.85,0
2026-08-28 10:20:00+05:30,57520.5,57533.2,57496.35,57527.2,0
2026-08-28 10:25:00+05:30,57526.9,57531.85,57494.55,57525.5,0
2026-08-28 10:30:00+05:30,57529.35,57531.35,57491.95,57492.65,0
2026-08-28 10:35:00+05:30,57496.35,57525.5,57466.25,57521.95,0
2026-08-28 10:40:00+05:30,57522.75,57554.5,57512.5,57532.2,0
2026-08-28 10:45:00+05:30,57534.2,57585.5,57532.7,57581.2,0
2026-08-28 10:50:00+05:30,57581.9,57596.4,57561.8,57565.25,0
2026-08-28 10:55:00+05:30,57566.15,57567.7,57537.2,57544.2,0
2026-08-28 11:00:00+05:30,57544.95,57551.15,57522.75,57533.4,0
2026-08-28 11:05:00+05:30,57537.95,57543.9,57472.9,57482.4,0
2026-08-28 11:10:00+05:30,57479.9,57540.35,57474.55,57522.35,0
2026-08-28 11:15:00+05:30,57523.3,57527.95,57473.95,57478.55,0
2026-08-28 11:20:00+05:30,57481.25,57495.35,57466.05,57467.7,0
2026-08-28 11:25:00+05:30,57468.05,57475.0,57420.9,57426.5,0
2026-08-28 11:30:00+05:30,57429.0,57449.6,57411.25,57417.05,0
2026-08-28 11:35:00+05:30,57418.85,57437.9,57377.8,57424.35,0
2026-08-28 11:40:00+05:30,57424.9,57444.65,57408.35,57435.05,0
2026-08-28 11:45:00+05:30,57436.85,57439.5,57412.9,57423.45,0
2026-08-28 11:50:00+05:30,57427.25,57436.6,57394.85,57407.25,0
2026-08-28 11:55:00+05:30,57410.8,57412.25,57345.35,57362.25,0
2026-08-28 12:00:00+05:30,57362.35,57384.1,57351.25,57373.0,0
2026-08-28 12:05:00+05:30,57377.65,57391.75,57354.15,57354.5,0
2026-08-28 12:10:00+05:30,57351.4,57358.9,57333.05,57356.15,0
2026-08-28 12:15:00+05:30,57357.9,57368.85,57346.2,57354.35,0
2026-08-28 12:20:00+05:30,57358.7,57363.25,57338.85,57344.45,0
2026-08-28 12:25:00+05:30,57347.3,57372.15,57334.0,57368.15,0
2026-08-28 12:30:00+05:30,57370.65,57388.5,57367.9,57383.0,0
2026-08-28 12:35:00+05:30,57387.3,57394.45,57366.15,57389.9,0
2026-08-28 12:40:00+05:30,57390.6,57405.1,57385.65,57399.65,0
2026-08-28 12:45:00+05:30,57397.95,57426.45,57390.05,57415.85,0
2026-08-28 12:50:00+05:30,57414.9,57416.35,57379.45,57382.1,0
2026-08-28 12:55:00+05:30,57384.6,57390.05,57347.85,57352.7,0
2026-08-28 13:00:00+05:30,57353.3,57356.35,57328.25,57336.3,0
2026-08-28 13:05:00+05:30,57338.5,57357.1,57321.9,57346.05,0
2026-08-28 13:10:00+05:30,57351.1,57351.4,57311.5,57323.3,0
2026-08-28 13:15:00+05:30,57328.55,57337.8,57307.95,57324.85,0
2026-08-28 13:20:00+05:30,57325.85,57349.65,57316.55,57338.9,0
2026-08-28 13:25:00+05:30,57341.2,57364.75,57310.95,57318.6,0
2026-08-28 13:30:00+05:30,57320.15,57367.2,57316.5,57362.7,0
2026-08-28 13:35:00+05:30,57359.9,57387.6,57352.0,57380.4,0
2026-08-28 13:40:00+05:30,57382.85,57404.75,57376.1,57392.9,0
2026-08-28 13:45:00+05:30,57395.1,57398.9,57358.5,57358.75,0
2026-08-28 13:50:00+05:30,57362.1,57373.8,57344.35,57353.8,0
2026-08-28 13:55:00+05:30,57354.4,57380.7,57333.3,57376.95,0
2026-08-28 14:00:00+05:30,57379.5,57411.75,57374.6,57382.65,0
2026-08-28 14:05:00+05:30,57382.75,57411.25,57365.35,57408.3,0
2026-08-28 14:10:00+05:30,57408.6,57437.25,57402.2,57416.3,0
2026-08-28 14:15:00+05:30,57421.15,57436.8,57394.65,57409.3,0
2026-08-28 14:20:00+05:30,57408.1,57451.8,57408.1,57445.8,0
2026-08-28 14:25:00+05:30,57442.55,57448.6,57424.4,57429.75,0
2026-08-28 14:30:00+05:30,57432.25,57444.75,57408.0,57435.25,0
2026-08-28 14:35:00+05:30,57437.35,57440.4,57403.35,57404.45,0
2026-08-28 14:40:00+05:30,57403.75,57419.3,57386.05,57408.25,0
2026-08-28 14:45:00+05:30,57408.6,57440.8,57393.55,57436.7,0
2026-08-28 14:50:00+05:30,57441.6,57464.75,57432.25,57460.75,0
2026-08-28 14:55:00+05:30,57461.8,57466.1,57440.55,57454.15,0
2026-08-28 15:00:00+05:30,57456.0,57456.0,57397.2,57409.2,0
2026-08-28 15:05:00+05:30,57411.05,57435.3,57399.3,57430.3,0
2026-08-28 15:10:00+05:30,57427.2,57479.2,57421.45,57434.55,0
2026-08-28 15:25:00+05:30,57496.3,57496.3,57496.3,57496.3,0
2026-08-31 09:15:00+05:30,57353.75,57505.25,57238.5,57485.65,0
2026-08-31 09:20:00+05:30,57488.65,57572.55,57468.45,57548.0,0
2026-08-31 09:25:00+05:30,57551.45,57576.25,57408.3,57427.45,0
2026-08-31 09:30:00+05:30,57428.9,57500.05,57422.0,57444.45,0
2026-08-31 09:35:00+05:30,57447.6,57461.8,57403.25,57406.9,0
2026-08-31 09:40:00+05:30,57413.9,57433.3,57339.7,57359.7,0
2026-08-31 09:45:00+05:30,57365.75,57388.05,57335.15,57350.7,0
2026-08-31 09:50:00+05:30,57350.1,57382.6,57322.4,57328.1,0
2026-08-31 09:55:00+05:30,57330.9,57337.95,57286.5,57316.4,0
2026-08-31 10:00:00+05:30,57322.1,57350.95,57312.5,57342.25,0
2026-08-31 10:05:00+05:30,57346.65,57376.65,57305.75,57311.5,0
2026-08-31 10:10:00+05:30,57315.45,57320.8,57271.6,57284.65,0
2026-08-31 10:15:00+05:30,57280.15,57289.4,57259.95,57274.8,0
2026-08-31 10:20:00+05:30,57274.5,57292.65,57245.75,57250.95,0
2026-08-31 10:25:00+05:30,57251.5,57276.35,57218.6,57262.35,0
2026-08-31 10:30:00+05:30,57257.4,57270.65,57207.95,57207.95,0
2026-08-31 10:35:00+05:30,57218.65,57225.1,57187.35,57204.65,0
2026-08-31 10:40:00+05:30,57209.95,57217.75,57188.5,57210.9,0
2026-08-31 10:45:00+05:30,57210.8,57232.1,57197.75,57208.25,0
2026-08-31 10:50:00+05:30,57206.15,57238.3,57190.8,57219.9,0
2026-08-31 10:55:00+05:30,57224.2,57245.3,57205.4,57229.1,0
2026-08-31 11:00:00+05:30,57234.4,57273.55,57226.9,57250.85,0
2026-08-31 11:05:00+05:30,57247.9,57260.45,57206.65,57212.1,0
2026-08-31 11:10:00+05:30,57211.45,57244.1,57203.95,57236.9,0
2026-08-31 11:15:00+05:30,57240.05,57267.05,57235.05,57259.75,0
2026-08-31 11:20:00+05:30,57264.65,57284.1,57245.15,57267.65,0
2026-08-31 11:25:00+05:30,57272.25,57292.6,57257.4,57287.45,0
2026-08-31 11:30:00+05:30,57289.75,57318.4,57281.75,57299.2,0
2026-08-31 11:35:00+05:30,57302.15,57350.55,57294.0,57332.7,0
2026-08-31 11:40:00+05:30,57341.25,57363.55,57327.65,57347.8,0
2026-08-31 11:45:00+05:30,57354.3,57369.4,57331.55,57354.5,0
2026-08-31 11:50:00+05:30,57358.75,57449.9,57341.85,57441.3,0
2026-08-31 11:55:00+05:30,57445.45,57477.5,57419.3,57427.3,0
2026-08-31 12:00:00+05:30,57418.6,57428.75,57384.9,57419.3,0
2026-08-31 12:05:00+05:30,57422.95,57422.95,57380.9,57395.95,0
2026-08-31 12:10:00+05:30,57402.6,57451.6,57389.1,57395.35,0
2026-08-31 12:15:00+05:30,57397.05,57428.45,57374.85,57419.35,0
2026-08-31 12:20:00+05:30,57420.2,57430.6,57386.15,57391.0,0
2026-08-31 12:25:00+05:30,57395.2,57400.2,57376.6,57378.0,0
2026-08-31 12:30:00+05:30,57385.45,57385.45,57338.3,57351.75,0
2026-08-31 12:35:00+05:30,57359.45,57381.55,57351.4,57377.15,0
2026-08-31 12:40:00+05:30,57375.0,57393.7,57363.2,57381.4,0
2026-08-31 12:45:00+05:30,57384.9,57386.95,57329.5,57340.4,0
2026-08-31 12:50:00+05:30,57340.05,57376.6,57332.95,57369.65,0
2026-08-31 12:55:00+05:30,57373.1,57378.45,57350.65,57363.0,0
2026-08-31 13:00:00+05:30,57364.1,57375.0,57340.1,57354.75,0
2026-08-31 13:05:00+05:30,57364.35,57383.5,57355.1,57362.0,0
2026-08-31 13:10:00+05:30,57360.7,57426.2,57352.25,57419.85,0
2026-08-31 13:15:00+05:30,57424.25,57427.1,57389.25,57399.05,0
2026-08-31 13:20:00+05:30,57402.55,57409.95,57384.3,57393.35,0
2026-08-31 13:25:00+05:30,57399.15,57445.05,57393.55,57423.45,0
2026-08-31 13:30:00+05:30,57425.1,57429.65,57397.75,57416.2,0
2026-08-31 13:35:00+05:30,57419.5,57420.4,57382.6,57406.15,0
2026-08-31 13:40:00+05:30,57406.3,57409.15,57361.9,57362.6,0
2026-08-31 13:45:00+05:30,57366.15,57401.35,57356.6,57396.65,0
2026-08-31 13:50:00+05:30,57398.85,57402.95,57368.95,57377.85,0
2026-08-31 13:55:00+05:30,57378.2,57381.55,57333.45,57338.7,0
2026-08-31 14:00:00+05:30,57342.85,57359.5,57320.6,57328.25,0
2026-08-31 14:05:00+05:30,57334.85,57376.3,57303.0,57333.05,0
2026-08-31 14:10:00+05:30,57334.7,57337.6,57301.15,57309.8,0
2026-08-31 14:15:00+05:30,57315.7,57346.05,57294.1,57312.9,0
2026-08-31 14:20:00+05:30,57312.8,57314.75,57231.3,57280.45,0
2026-08-31 14:25:00+05:30,57283.5,57301.0,57263.05,57275.6,0
2026-08-31 14:30:00+05:30,57281.3,57350.65,57272.4,57348.6,0
2026-08-31 14:35:00+05:30,57349.3,57385.1,57329.65,57380.1,0
2026-08-31 14:40:00+05:30,57376.5,57448.1,57376.5,57416.95,0
2026-08-31 14:45:00+05:30,57423.25,57546.4,57409.7,57417.2,0
2026-08-31 14:50:00+05:30,57417.75,57472.7,57410.35,57472.4,0
2026-08-31 14:55:00+05:30,57470.25,57484.6,57426.9,57437.65,0
2026-08-31 15:00:00+05:30,57436.6,57443.05,57386.65,57396.6,0
2026-08-31 15:05:00+05:30,57397.6,57431.1,57374.2,57411.95,0
2026-08-31 15:10:00+05:30,57409.25,57429.7,57381.35,57402.45,0
2026-08-31 15:25:00+05:30,58024.95,58024.95,58024.95,58024.95,0
2026-09-01 09:15:00+05:30,57560.3,57572.7,57413.7,57502.6,0
2026-09-01 09:20:00+05:30,57501.9,57507.05,57365.65,57371.6,0
2026-09-01 09:25:00+05:30,57370.2,57462.9,57343.5,57440.35,0
2026-09-01 09:30:00+05:30,57439.45,57471.25,57411.15,57454.1,0
2026-09-01 09:35:00+05:30,57457.25,57469.85,57403.4,57406.05,0
2026-09-01 09:40:00+05:30,57411.6,57411.6,57342.15,57355.55,0
2026-09-01 09:45:00+05:30,57357.5,57372.15,57316.6,57362.6,0
2026-09-01 09:50:00+05:30,57361.95,57385.95,57342.1,57361.15,0
2026-09-01 09:55:00+05:30,57363.0,57375.75,57348.65,57359.1,0
2026-09-01 10:00:00+05:30,57361.3,57400.75,57353.3,57391.85,0
2026-09-01 10:05:00+05:30,57394.6,57397.35,57338.75,57369.05,0
2026-09-01 10:10:00+05:30,57369.65,57418.7,57360.7,57408.15,0
2026-09-01 10:15:00+05:30,57410.2,57443.65,57404.05,57436.05,0
2026-09-01 10:20:00+05:30,57439.1,57480.7,57424.75,57476.55,0
2026-09-01 10:25:00+05:30,57479.35,57485.2,57435.15,57464.1,0
2026-09-01 10:30:00+05:30,57467.65,57511.8,57454.0,57459.9,0
2026-09-01 10:35:00+05:30,57464.55,57485.7,57434.95,57460.6,0
2026-09-01 10:40:00+05:30,57461.2,57466.75,57412.35,57438.4,0
2026-09-01 10:45:00+05:30,57439.4,57468.2,57431.05,57461.35,0
2026-09-01 10:50:00+05:30,57463.25,57536.3,57450.05,57512.6,0
2026-09-01 10:55:00+05:30,57513.7,57532.05,57481.4,57498.45,0
2026-09-01 11:00:00+05:30,57498.6,57513.5,57481.6,57506.8,0
2026-09-01 11:05:00+05:30,57509.05,57584.3,57489.05,57568.6,0
2026-09-01 11:10:00+05:30,57573.2,57650.85,57563.55,57648.75,0
2026-09-01 11:15:00+05:30,57652.25,57716.5,57647.45,57712.6,0
2026-09-01 11:20:00+05:30,57716.6,57747.65,57684.55,57714.85,0
2026-09-01 11:25:00+05:30,57715.2,57738.7,57699.8,57725.3,0
2026-09-01 11:30:00+05:30,57728.65,57766.25,57711.95,57717.5,0
2026-09-01 11:35:00+05:30,57716.1,57720.9,57642.4,57647.15,0
2026-09-01 11:40:00+05:30,57648.65,57671.35,57627.25,57651.5,0
2026-09-01 11:45:00+05:30,57648.85,57668.35,57627.25,57632.15,0
2026-09-01 11:50:00+05:30,57633.25,57653.1,57622.5,57643.9,0
2026-09-01 11:55:00+05:30,57645.8,57669.75,57624.95,57632.5,0
2026-09-01 12:00:00+05:30,57635.8,57638.8,57608.55,57626.9,0
2026-09-01 12:05:00+05:30,57630.7,57645.5,57620.15,57642.25,0
2026-09-01 12:10:00+05:30,57644.5,57665.4,57630.55,57635.9,0
2026-09-01 12:15:00+05:30,57637.65,57642.85,57608.25,57632.05,0
2026-09-01 12:20:00+05:30,57635.45,57641.2,57608.25,57610.2,0
2026-09-01 12:25:00+05:30,57608.75,57626.2,57593.3,57607.75,0
2026-09-01 12:30:00+05:30,57610.05,57635.35,57600.45,57616.6,0
2026-09-01 12:35:00+05:30,57619.65,57625.7,57601.95,57619.55,0
2026-09-01 12:40:00+05:30,57621.65,57665.55,57614.8,57658.85,0
2026-09-01 12:45:00+05:30,57662.0,57668.2,57638.55,57655.5,0
2026-09-01 12:50:00+05:30,57657.55,57659.8,57592.15,57599.25,0
2026-09-01 12:55:00+05:30,57600.6,57602.3,57572.45,57592.3,0
2026-09-01 13:00:00+05:30,57596.75,57597.3,57548.95,57560.25,0
2026-09-01 13:05:00+05:30,57562.4,57562.4,57535.55,57552.25,0
2026-09-01 13:10:00+05:30,57553.05,57555.5,57498.6,57500.35,0
2026-09-01 13:15:00+05:30,57501.45,57501.45,57436.3,57441.25,0
2026-09-01 13:20:00+05:30,57447.25,57473.35,57444.8,57459.2,0
2026-09-01 13:25:00+05:30,57462.9,57463.0,57400.05,57424.15,0
2026-09-01 13:30:00+05:30,57424.7,57463.45,57422.4,57440.7,0
2026-09-01 13:35:00+05:30,57438.55,57447.95,57371.9,57376.9,0
2026-09-01 13:40:00+05:30,57377.9,57380.4,57331.3,57361.45,0
2026-09-01 13:45:00+05:30,57363.7,57365.25,57305.8,57310.9,0
2026-09-01 13:50:00+05:30,57311.75,57316.25,57221.85,57252.25,0
2026-09-01 13:55:00+05:30,57252.1,57292.05,57240.35,57258.9,0
2026-09-01 14:00:00+05:30,57261.65,57264.7,57194.65,57211.55,0
2026-09-01 14:05:00+05:30,57216.15,57242.85,57150.7,57162.95,0
2026-09-01 14:10:00+05:30,57169.1,57195.55,57158.75,57178.5,0
2026-09-01 14:15:00+05:30,57181.0,57199.25,57151.7,57172.25,0
2026-09-01 14:20:00+05:30,57175.1,57192.4,57159.4,57190.0,0
2026-09-01 14:25:00+05:30,57190.7,57241.15,57173.7,57239.55,0
2026-09-01 14:30:00+05:30,57242.0,57284.4,57220.5,57251.3,0
2026-09-01 14:35:00+05:30,57251.1,57277.65,57228.45,57232.75,0
2026-09-01 14:40:00+05:30,57233.05,57262.25,57213.4,57232.6,0
2026-09-01 14:45:00+05:30,57235.7,57282.3,57209.7,57239.0,0
2026-09-01 14:50:00+05:30,57240.0,57272.2,57235.95,57249.05,0
2026-09-01 14:55:00+05:30,57251.1,57289.0,57247.95,57252.65,0
2026-09-01 15:00:00+05:30,57253.1,57269.85,57214.4,57241.55,0
2026-09-01 15:05:00+05:30,57244.2,57258.1,57221.75,57233.45,0
2026-09-01 15:10:00+05:30,57233.6,57287.15,57191.75,57261.4,0
2026-09-01 15:25:00+05:30,57409.6,57409.6,57409.6,57409.6,0
2026-09-02 09:15:00+05:30,57006.45,57079.9,56823.2,56950.7,0
2026-09-02 09:20:00+05:30,56951.9,57003.5,56916.0,57003.5,0
2026-09-02 09:25:00+05:30,57002.1,57065.6,56993.6,57010.9,0
2026-09-02 09:30:00+05:30,57009.9,57083.35,56972.65,57083.35,0
2026-09-02 09:35:00+05:30,57079.75,57098.9,57040.7,57053.4,0
2026-09-02 09:40:00+05:30,57052.3,57109.7,57050.5,57082.9,0
2026-09-02 09:45:00+05:30,57085.2,57086.2,57001.8,57041.85,0
2026-09-02 09:50:00+05:30,57039.8,57070.0,57021.6,57038.5,0
2026-09-02 09:55:00+05:30,57037.9,57096.3,57019.2,57066.9,0
2026-09-02 10:00:00+05:30,57065.6,57128.6,57051.45,57091.1,0
2026-09-02 10:05:00+05:30,57091.3,57122.15,57057.35,57065.75,0
2026-09-02 10:10:00+05:30,57064.85,57117.45,57054.95,57089.3,0
2026-09-02 10:15:00+05:30,57088.3,57150.9,57073.35,57131.25,0
2026-09-02 10:20:00+05:30,57134.15,57221.1,57130.75,57176.3,0
2026-09-02 10:25:00+05:30,57179.35,57202.05,57156.0,57187.5,0
2026-09-02 10:30:00+05:30,57189.95,57211.15,57157.95,57163.65,0
2026-09-02 10:35:00+05:30,57164.75,57174.9,57149.75,57157.85,0
2026-09-02 10:40:00+05:30,57154.75,57195.25,57136.7,57141.05,0
2026-09-02 10:45:00+05:30,57144.35,57171.05,57128.95,57165.45,0
2026-09-02 10:50:00+05:30,57161.5,57169.55,57098.45,57128.25,0
2026-09-02 10:55:00+05:30,57128.05,57145.5,57106.9,57127.75,0
2026-09-02 11:00:00+05:30,57126.8,57133.65,57047.75,57050.5,0
2026-09-02 11:05:00+05:30,57048.85,57051.15,57012.3,57030.05,0
2026-09-02 11:10:00+05:30,57029.7,57053.9,57022.65,57032.0,0
2026-09-02 11:15:00+05:30,57031.9,57040.1,57005.5,57031.75,0
2026-09-02 11:20:00+05:30,57032.15,57043.2,57008.4,57015.55,0
2026-09-02 11:25:00+05:30,57014.2,57026.35,56983.45,56992.1,0
2026-09-02 11:30:00+05:30,56988.45,56992.4,56952.55,56968.35,0
2026-09-02 11:35:00+05:30,56967.8,56984.9,56946.6,56978.2,0
2026-09-02 11:40:00+05:30,56977.75,56989.35,56949.05,56969.25,0
2026-09-02 11:45:00+05:30,56971.0,56972.3,56938.45,56941.25,0
2026-09-02 11:50:00+05:30,56945.4,57031.25,56940.05,57020.75,0
2026-09-02 11:55:00+05:30,57021.15,57045.75,56996.1,57010.7,0
2026-09-02 12:00:00+05:30,57014.3,57043.95,56972.25,56980.4,0
2026-09-02 12:05:00+05:30,56981.75,57002.1,56975.7,56989.8,0
2026-09-02 12:10:00+05:30,56991.3,57082.9,56983.25,57080.1,0
2026-09-02 12:15:00+05:30,57080.35,57098.55,57029.7,57038.15,0
2026-09-02 12:20:00+05:30,57038.7,57038.7,56984.05,56997.25,0
2026-09-02 12:25:00+05:30,56994.85,57039.3,56993.1,57033.45,0
2026-09-02 12:30:00+05:30,57030.2,57083.05,57016.8,57061.35,0
2026-09-02 12:35:00+05:30,57064.0,57089.5,57056.95,57070.85,0
2026-09-02 12:40:00+05:30,57072.15,57149.3,57059.4,57121.65,0
2026-09-02 12:45:00+05:30,57125.45,57126.75,57081.85,57111.5,0
2026-09-02 12:50:00+05:30,57113.0,57122.55,57095.5,57120.15,0
2026-09-02 12:55:00+05:30,57120.25,57121.1,57085.2,57107.55,0
2026-09-02 13:00:00+05:30,57105.35,57127.1,57100.25,57102.35,0
2026-09-02 13:05:00+05:30,57105.4,57105.4,57056.7,57060.2,0
2026-09-02 13:10:00+05:30,57061.75,57101.0,57056.05,57095.4,0
2026-09-02 13:15:00+05:30,57092.05,57095.95,57059.85,57075.8,0
2026-09-02 13:20:00+05:30,57080.25,57084.65,57055.3,57073.9,0
2026-09-02 13:25:00+05:30,57075.15,57092.55,57063.25,57070.15,0
2026-09-02 13:30:00+05:30,57072.65,57075.1,57048.85,57065.15,0
2026-09-02 13:35:00+05:30,57065.8,57089.2,57016.15,57021.9,0
2026-09-02 13:40:00+05:30,57018.8,57051.65,57013.8,57039.5,0
2026-09-02 13:45:00+05:30,57036.75,57070.85,57032.8,57043.2,0
2026-09-02 13:50:00+05:30,57044.45,57063.9,57022.25,57054.95,0
2026-09-02 13:55:00+05:30,57056.1,57080.5,57044.65,57078.0,0
2026-09-02 14:00:00+05:30,57078.25,57129.5,57077.4,57095.3,0
2026-09-02 14:05:00+05:30,57096.45,57162.45,57083.3,57144.6,0
2026-09-02 14:10:00+05:30,57143.35,57153.25,57115.05,57129.05,0
2026-09-02 14:15:00+05:30,57131.15,57141.15,57107.55,57117.3,0
2026-09-02 14:20:00+05:30,57116.0,57121.2,57068.25,57072.85,0
2026-09-02 14:25:00+05:30,57074.35,57094.9,57059.85,57091.8,0
2026-09-02 14:30:00+05:30,57091.6,57136.05,57086.05,57123.65,0
2026-09-02 14:35:00+05:30,57124.6,57138.15,57096.05,57126.15,0
2026-09-02 14:40:00+05:30,57126.55,57140.4,57074.6,57086.65,0
2026-09-02 14:45:00+05:30,57086.85,57137.95,57076.9,57118.45,0
2026-09-02 14:50:00+05:30,57119.9,57120.0,57071.1,57072.5,0
2026-09-02 14:55:00+05:30,57079.3,57084.45,57026.7,57050.25,0
2026-09-02 15:00:00+05:30,57048.6,57051.95,57026.45,57038.75,0
2026-09-02 15:05:00+05:30,57037.85,57072.6,57023.95,57070.05,0
2026-09-02 15:10:00+05:30,57075.25,57111.6,57063.55,57087.4,0
2026-09-02 15:25:00+05:30,57172.0,57172.0,57172.0,57172.0,0
2026-09-03 09:15:00+05:30,57497.85,57661.4,57467.05,57577.15,0
2026-09-03 09:20:00+05:30,57581.75,57631.7,57546.8,57610.95,0
2026-09-03 09:25:00+05:30,57612.5,57625.75,57552.15,57571.25,0
2026-09-03 09:30:00+05:30,57574.3,57673.8,57567.85,57652.65,0
2026-09-03 09:35:00+05:30,57656.15,57687.35,57624.15,57675.6,0
2026-09-03 09:40:00+05:30,57676.4,57741.5,57669.7,57713.35,0
2026-09-03 09:45:00+05:30,57715.85,57753.6,57701.05,57703.55,0
2026-09-03 09:50:00+05:30,57705.95,57726.7,57670.45,57674.3,0
2026-09-03 09:55:00+05:30,57676.1,57694.05,57644.4,57690.7,0
2026-09-03 10:00:00+05:30,57688.4,57717.1,57681.45,57714.9,0
2026-09-03 10:05:00+05:30,57716.3,57717.75,57659.95,57678.7,0
2026-09-03 10:10:00+05:30,57681.1,57704.9,57650.0,57654.8,0
2026-09-03 10:15:00+05:30,57657.95,57698.25,57647.3,57688.55,0
2026-09-03 10:20:00+05:30,57692.1,57740.0,57681.15,57738.65,0
2026-09-03 10:25:00+05:30,57738.5,57739.0,57656.05,57661.45,0
2026-09-03 10:30:00+05:30,57664.95,57669.8,57601.85,57604.7,0
2026-09-03 10:35:00+05:30,57610.25,57616.25,57556.4,57591.05,0
2026-09-03 10:40:00+05:30,57592.25,57602.05,57553.05,57595.9,0
2026-09-03 10:45:00+05:30,57592.8,57596.3,57566.1,57571.45,0
2026-09-03 10:50:00+05:30,57570.65,57584.75,57553.75,57569.2,0
2026-09-03 10:55:00+05:30,57572.6,57612.75,57568.2,57593.85,0
2026-09-03 11:00:00+05:30,57596.0,57611.4,57577.5,57579.9,0
2026-09-03 11:05:00+05:30,57582.7,57589.25,57488.55,57491.5,0
2026-09-03 11:10:00+05:30,57490.9,57547.05,57490.1,57527.65,0
2026-09-03 11:15:00+05:30,57525.35,57567.0,57488.65,57567.0,0
2026-09-03 11:20:00+05:30,57560.25,57597.8,57557.25,57569.9,0
2026-09-03 11:25:00+05:30,57572.65,57604.15,57557.35,57596.6,0
2026-09-03 11:30:00+05:30,57604.2,57624.8,57591.65,57620.3,0
2026-09-03 11:35:00+05:30,57621.65,57642.8,57600.0,57616.35,0
2026-09-03 11:40:00+05:30,57617.75,57629.85,57586.9,57594.55,0
2026-09-03 11:45:00+05:30,57599.8,57637.5,57576.9,57614.45,0
2026-09-03 11:50:00+05:30,57617.75,57641.05,57589.0,57612.55,0
2026-09-03 11:55:00+05:30,57613.35,57629.85,57592.45,57610.05,0
2026-09-03 12:00:00+05:30,57611.6,57616.0,57553.7,57559.9,0
2026-09-03 12:05:00+05:30,57559.05,57587.8,57559.05,57563.35,0
2026-09-03 12:10:00+05:30,57568.85,57610.25,57563.4,57597.25,0
2026-09-03 12:15:00+05:30,57600.45,57604.0,57560.05,57567.2,0
2026-09-03 12:20:00+05:30,57571.2,57580.05,57526.5,57527.05,0
2026-09-03 12:25:00+05:30,57536.2,57553.6,57523.1,57536.9,0
2026-09-03 12:30:00+05:30,57534.4,57556.85,57523.05,57530.0,0
2026-09-03 12:35:00+05:30,57533.8,57542.6,57504.25,57533.95,0
2026-09-03 12:40:00+05:30,57541.05,57549.7,57514.2,57529.35,0
2026-09-03 12:45:00+05:30,57534.1,57554.45,57527.1,57539.2,0
2026-09-03 12:50:00+05:30,57541.55,57571.15,57535.9,57554.45,0
2026-09-03 12:55:00+05:30,57556.85,57562.7,57506.9,57511.2,0
2026-09-03 13:00:00+05:30,57517.4,57528.35,57503.0,57514.4,0
2026-09-03 13:05:00+05:30,57513.9,57529.35,57505.95,57525.55,0
2026-09-03 13:10:00+05:30,57527.65,57554.0,57514.65,57549.8,0
2026-09-03 13:15:00+05:30,57555.7,57578.5,57544.55,57548.05,0
2026-09-03 13:20:00+05:30,57548.5,57553.75,57509.45,57512.15,0
2026-09-03 13:25:00+05:30,57515.35,57542.55,57472.5,57517.25,0
2026-09-03 13:30:00+05:30,57521.0,57613.05,57514.6,57585.95,0
2026-09-03 13:35:00+05:30,57590.25,57599.9,57536.65,57551.95,0
2026-09-03 13:40:00+05:30,57557.8,57572.3,57539.2,57565.4,0
2026-09-03 13:45:00+05:30,57565.85,57572.95,57538.4,57567.05,0
2026-09-03 13:50:00+05:30,57568.9,57582.95,57539.3,57564.55,0
2026-09-03 13:55:00+05:30,57567.4,57611.8,57535.95,57583.25,0
2026-09-03 14:00:00+05:30,57589.9,57601.15,57538.65,57551.25,0
2026-09-03 14:05:00+05:30,57552.05,57561.4,57517.2,57531.15,0
2026-09-03 14:10:00+05:30,57533.7,57536.5,57496.2,57508.25,0
2026-09-03 14:15:00+05:30,57509.7,57520.25,57487.45,57511.9,0
2026-09-03 14:20:00+05:30,57512.25,57532.8,57489.9,57506.85,0
2026-09-03 14:25:00+05:30,57508.7,57566.9,57495.8,57552.0,0
2026-09-03 14:30:00+05:30,57549.95,57554.8,57523.55,57551.75,0
2026-09-03 14:35:00+05:30,57557.45,57557.45,57526.65,57530.9,0
2026-09-03 14:40:00+05:30,57533.6,57549.3,57512.45,57535.5,0
2026-09-03 14:45:00+05:30,57539.4,57553.55,57506.0,57538.55,0
2026-09-03 14:50:00+05:30,57543.3,57547.7,57500.95,57507.2,0
2026-09-03 14:55:00+05:30,57507.0,57511.15,57463.3,57472.35,0
2026-09-03 15:00:00+05:30,57471.05,57471.05,57428.55,57458.55,0
2026-09-03 15:05:00+05:30,57459.4,57460.95,57396.95,57418.7,0
2026-09-03 15:10:00+05:30,57416.5,57470.55,57405.45,57427.4,0
2026-09-03 15:25:00+05:30,57380.6,57380.6,57380.6,57380.6,0
2026-09-04 09:15:00+05:30,57492.65,57545.5,57367.85,57427.2,0
2026-09-04 09:20:00+05:30,57426.05,57431.35,57369.65,57419.85,0
2026-09-04 09:25:00+05:30,57426.15,57435.2,57324.55,57350.9,0
2026-09-04 09:30:00+05:30,57355.25,57443.2,57347.8,57392.05,0
2026-09-04 09:35:00+05:30,57393.65,57399.45,57376.3,57394.65,0
2026-09-04 09:40:00+05:30,57396.0,57409.1,57355.1,57375.4,0
2026-09-04 09:45:00+05:30,57380.75,57418.0,57365.4,57374.2,0
2026-09-04 09:50:00+05:30,57374.95,57406.7,57367.8,57382.45,0
2026-09-04 09:55:00+05:30,57385.05,57425.25,57381.4,57406.9,0
2026-09-04 10:00:00+05:30,57410.15,57458.95,57405.7,57437.4,0
2026-09-04 10:05:00+05:30,57443.3,57446.1,57420.15,57427.35,0
2026-09-04 10:10:00+05:30,57427.25,57434.7,57394.6,57410.5,0
2026-09-04 10:15:00+05:30,57410.85,57421.45,57382.15,57410.15,0
2026-09-04 10:20:00+05:30,57407.65,57454.85,57405.5,57445.9,0
2026-09-04 10:25:00+05:30,57449.3,57464.75,57440.05,57457.95,0
2026-09-04 10:30:00+05:30,57458.5,57495.8,57447.75,57453.8,0
2026-09-04 10:35:00+05:30,57454.7,57492.7,57446.0,57474.7,0
2026-09-04 10:40:00+05:30,57473.1,57493.35,57463.9,57467.7,0
2026-09-04 10:45:00+05:30,57474.95,57489.4,57461.6,57488.0,0
2026-09-04 10:50:00+05:30,57490.95,57495.0,57474.9,57483.95,0
2026-09-04 10:55:00+05:30,57483.05,57494.35,57463.35,57476.15,0
2026-09-04 11:00:00+05:30,57482.2,57498.45,57464.8,57488.1,0
2026-09-04 11:05:00+05:30,57488.35,57558.3,57482.35,57542.15,0
2026-09-04 11:10:00+05:30,57549.5,57571.5,57524.2,57535.8,0
2026-09-04 11:15:00+05:30,57539.55,57577.1,57523.95,57575.75,0
2026-09-04 11:20:00+05:30,57574.0,57618.0,57560.9,57596.95,0
2026-09-04 11:25:00+05:30,57598.5,57630.55,57582.6,57584.15,0
2026-09-04 11:30:00+05:30,57588.75,57611.6,57577.8,57590.5,0
2026-09-04 11:35:00+05:30,57593.15,57677.15,57578.2,57656.35,0
2026-09-04 11:40:00+05:30,57660.2,57661.95,57559.55,57561.9,0
2026-09-04 11:45:00+05:30,57563.1,57593.7,57553.25,57581.25,0
2026-09-04 11:50:00+05:30,57579.95,57616.85,57579.95,57602.05,0
2026-09-04 11:55:00+05:30,57605.1,57615.25,57587.0,57598.05,0
2026-09-04 12:00:00+05:30,57600.5,57603.3,57545.35,57552.5,0
2026-09-04 12:05:00+05:30,57551.75,57580.8,57541.35,57574.95,0
2026-09-04 12:10:00+05:30,57577.5,57581.6,57542.05,57555.35,0
2026-09-04 12:15:00+05:30,57555.25,57573.4,57534.15,57559.95,0
2026-09-04 12:20:00+05:30,57560.45,57567.6,57529.55,57550.9,0
2026-09-04 12:25:00+05:30,57550.1,57577.0,57541.4,57575.2,0
2026-09-04 12:30:00+05:30,57576.25,57582.85,57556.75,57565.05,0
2026-09-04 12:35:00+05:30,57568.4,57574.7,57543.0,57547.6,0
2026-09-04 12:40:00+05:30,57549.6,57557.05,57536.3,57549.9,0
2026-09-04 12:45:00+05:30,57551.2,57554.15,57527.5,57550.05,0
2026-09-04 12:50:00+05:30,57551.85,57556.3,57537.35,57553.05,0
2026-09-04 12:55:00+05:30,57552.7,57554.65,57514.35,57552.55,0
2026-09-04 13:00:00+05:30,57554.4,57578.35,57538.85,57550.25,0
2026-09-04 13:05:00+05:30,57551.1,57582.0,57547.25,57575.85,0
2026-09-04 13:10:00+05:30,57576.7,57594.45,57571.45,57580.5,0
2026-09-04 13:15:00+05:30,57580.55,57630.0,57575.45,57619.55,0
2026-09-04 13:20:00+05:30,57621.55,57639.75,57614.6,57625.2,0
2026-09-04 13:25:00+05:30,57621.65,57627.95,57573.65,57586.55,0
2026-09-04 13:30:00+05:30,57590.15,57599.95,57572.4,57578.3,0
2026-09-04 13:35:00+05:30,57581.75,57610.05,57576.6,57605.4,0
2026-09-04 13:40:00+05:30,57608.25,57609.1,57576.7,57583.25,0
2026-09-04 13:45:00+05:30,57583.35,57586.95,57572.8,57583.1,0
2026-09-04 13:50:00+05:30,57581.2,57586.85,57533.75,57541.4,0
2026-09-04 13:55:00+05:30,57543.45,57559.75,57537.05,57542.6,0
2026-09-04 14:00:00+05:30,57544.45,57548.3,57526.65,57530.6,0
2026-09-04 14:05:00+05:30,57534.4,57556.55,57532.5,57534.75,0
2026-09-04 14:10:00+05:30,57539.75,57556.85,57533.45,57546.1,0
2026-09-04 14:15:00+05:30,57547.35,57549.15,57503.8,57515.1,0
2026-09-04 14:20:00+05:30,57516.15,57544.15,57512.4,57531.9,0
2026-09-04 14:25:00+05:30,57535.5,57567.9,57528.35,57559.85,0
2026-09-04 14:30:00+05:30,57563.15,57581.6,57555.3,57564.9,0
2026-09-04 14:35:00+05:30,57564.6,57565.65,57526.75,57531.85,0
2026-09-04 14:40:00+05:30,57533.5,57542.5,57504.2,57509.15,0
2026-09-04 14:45:00+05:30,57506.1,57523.55,57502.95,57514.15,0
2026-09-04 14:50:00+05:30,57512.5,57523.6,57494.25,57501.05,0
2026-09-04 14:55:00+05:30,57503.2,57503.2,57469.3,57472.0,0
2026-09-04 15:00:00+05:30,57469.8,57484.2,57439.15,57446.6,0
2026-09-04 15:05:00+05:30,57442.55,57472.5,57428.9,57456.1,0
2026-09-04 15:10:00+05:30,57455.15,57475.8,57411.05,57437.35,0
2026-09-04 15:25:00+05:30,57369.65,57369.65,57369.65,57369.65,0
2026-09-07 09:15:00+05:30,57343.3,57426.85,57148.7,57221.55,0
2026-09-07 09:20:00+05:30,57221.8,57250.85,57181.95,57201.15,0
2026-09-07 09:25:00+05:30,57207.95,57208.65,57118.0,57118.1,0
2026-09-07 09:30:00+05:30,57121.6,57184.0,57117.7,57180.15,0
2026-09-07 09:35:00+05:30,57182.3,57218.55,57167.95,57190.4,0
2026-09-07 09:40:00+05:30,57192.3,57219.2,57169.45,57178.95,0
2026-09-07 09:45:00+05:30,57181.85,57210.45,57144.65,57173.25,0
2026-09-07 09:50:00+05:30,57172.25,57191.75,57153.05,57153.05,0
2026-09-07 09:55:00+05:30,57160.2,57187.2,57135.35,57139.55,0
2026-09-07 10:00:00+05:30,57135.8,57193.0,57134.2,57152.35,0
2026-09-07 10:05:00+05:30,57155.7,57157.15,57127.95,57138.6,0
2026-09-07 10:10:00+05:30,57139.8,57144.65,57098.8,57098.8,0
2026-09-07 10:15:00+05:30,57101.9,57113.85,57063.4,57099.35,0
2026-09-07 10:20:00+05:30,57098.35,57107.7,57078.2,57089.3,0
2026-09-07 10:25:00+05:30,57085.45,57091.0,57051.7,57062.2,0
2026-09-07 10:30:00+05:30,57063.8,57089.3,57050.3,57083.25,0
2026-09-07 10:35:00+05:30,57084.1,57116.65,57077.7,57089.25,0
2026-09-07 10:40:00+05:30,57090.55,57099.25,57058.2,57069.5,0
2026-09-07 10:45:00+05:30,57067.45,57076.3,57045.95,57058.9,0
2026-09-07 10:50:00+05:30,57062.6,57091.7,57056.8,57074.95,0
2026-09-07 10:55:00+05:30,57074.1,57087.65,57061.2,57073.25,0
2026-09-07 11:00:00+05:30,57072.6,57084.4,57057.1,57057.1,0
2026-09-07 11:05:00+05:30,57059.9,57068.15,57037.0,57050.55,0
2026-09-07 11:10:00+05:30,57049.15,57063.15,57018.6,57049.8,0
2026-09-07 11:15:00+05:30,57046.7,57065.4,57029.25,57057.85,0
2026-09-07 11:20:00+05:30,57054.0,57096.55,57050.4,57080.55,0
2026-09-07 11:25:00+05:30,57082.1,57098.55,57067.1,57075.1,0
2026-09-07 11:30:00+05:30,57077.95,57088.1,57060.3,57074.75,0
2026-09-07 11:35:00+05:30,57077.65,57084.85,57060.25,57071.0,0
2026-09-07 11:40:00+05:30,57071.65,57086.7,57060.25,57080.7,0
2026-09-07 11:45:00+05:30,57081.55,57097.65,57063.2,57075.0,0
2026-09-07 11:50:00+05:30,57080.65,57115.8,57065.35,57104.05,0
2026-09-07 11:55:00+05:30,57107.4,57113.95,57077.2,57085.75,0
2026-09-07 12:00:00+05:30,57086.45,57092.25,57063.0,57071.2,0
2026-09-07 12:05:00+05:30,57071.85,57103.45,57051.55,57096.9,0
2026-09-07 12:10:00+05:30,57094.7,57111.35,57080.15,57106.7,0
2026-09-07 12:15:00+05:30,57104.15,57117.85,57059.3,57067.9,0
2026-09-07 12:20:00+05:30,57060.65,57072.15,57039.85,57047.0,0
2026-09-07 12:25:00+05:30,57045.75,57059.0,57035.2,57042.5,0
2026-09-07 12:30:00+05:30,57039.3,57078.8,57017.25,57065.4,0
2026-09-07 12:35:00+05:30,57065.3,57077.8,57023.95,57065.0,0
2026-09-07 12:40:00+05:30,57066.45,57079.35,57050.9,57055.7,0
2026-09-07 12:45:00+05:30,57058.6,57060.25,57023.8,57038.95,0
2026-09-07 12:50:00+05:30,57039.95,57043.4,57002.95,57023.3,0
2026-09-07 12:55:00+05:30,57018.0,57063.85,57009.25,57058.6,0
2026-09-07 13:00:00+05:30,57058.9,57064.55,57043.65,57051.35,0
2026-09-07 13:05:00+05:30,57053.6,57070.6,57044.3,57051.0,0
2026-09-07 13:10:00+05:30,57049.4,57060.35,57037.5,57042.0,0
2026-09-07 13:15:00+05:30,57043.1,57054.35,57032.85,57054.35,0
2026-09-07 13:20:00+05:30,57054.45,57070.55,57044.85,57056.75,0
2026-09-07 13:25:00+05:30,57059.6,57081.9,57051.65,57064.7,0
2026-09-07 13:30:00+05:30,57067.5,57072.3,57049.2,57060.25,0
2026-09-07 13:35:00+05:30,57061.2,57103.0,57048.45,57081.5,0
2026-09-07 13:40:00+05:30,57081.95,57089.55,57068.75,57078.6,0
2026-09-07 13:45:00+05:30,57079.15,57105.95,57071.0,57089.0,0
2026-09-07 13:50:00+05:30,57091.25,57125.9,57082.45,57114.6,0
2026-09-07 13:55:00+05:30,57116.2,57122.7,57099.7,57103.7,0
2026-09-07 14:00:00+05:30,57106.75,57133.95,57101.3,57126.7,0
2026-09-07 14:05:00+05:30,57124.05,57129.35,57078.35,57087.3,0
2026-09-07 14:10:00+05:30,57087.95,57108.6,57086.65,57098.55,0
2026-09-07 14:15:00+05:30,57099.15,57113.45,57092.25,57106.4,0
2026-09-07 14:20:00+05:30,57109.7,57136.2,57107.1,57129.45,0
2026-09-07 14:25:00+05:30,57131.4,57176.45,57124.75,57171.4,0
2026-09-07 14:30:00+05:30,57171.1,57184.95,57134.05,57136.0,0
2026-09-07 14:35:00+05:30,57139.6,57154.75,57087.5,57092.5,0
2026-09-07 14:40:00+05:30,57092.2,57101.6,57065.85,57073.3,0
2026-09-07 14:45:00+05:30,57072.7,57076.5,57051.45,57067.55,0
2026-09-07 14:50:00+05:30,57077.55,57100.2,57045.5,57051.35,0
2026-09-07 14:55:00+05:30,57052.05,57066.6,57030.8,57056.15,0
2026-09-07 15:00:00+05:30,57058.6,57105.15,57044.5,57091.4,0
2026-09-07 15:05:00+05:30,57089.5,57091.55,57051.7,57064.25,0
2026-09-07 15:10:00+05:30,57065.8,57084.5,57003.6,57056.75,0
2026-09-07 15:25:00+05:30,57088.3,57088.3,57088.3,57088.3,0
2026-09-08 09:15:00+05:30,56990.4,57044.0,56855.8,56932.0,0
2026-09-08 09:20:00+05:30,56934.75,56947.7,56916.95,56925.15,0
2026-09-08 09:25:00+05:30,56926.35,56976.3,56918.0,56935.85,0
2026-09-08 09:30:00+05:30,56931.25,56944.4,56896.6,56935.1,0
2026-09-08 09:35:00+05:30,56933.4,56965.45,56928.75,56946.05,0
2026-09-08 09:40:00+05:30,56951.75,56951.75,56889.4,56899.75,0
2026-09-08 09:45:00+05:30,56894.25,56915.25,56869.7,56913.45,0
2026-09-08 09:50:00+05:30,56915.45,56927.05,56887.05,56890.15,0
2026-09-08 09:55:00+05:30,56891.9,56893.55,56867.55,56874.6,0
2026-09-08 10:00:00+05:30,56874.5,56915.5,56865.95,56872.05,0
2026-09-08 10:05:00+05:30,56870.25,56914.1,56850.25,56909.6,0
2026-09-08 10:10:00+05:30,56908.5,56988.9,56901.0,56987.4,0
2026-09-08 10:15:00+05:30,56988.2,57019.6,56976.1,56994.75,0
2026-09-08 10:20:00+05:30,56994.3,56995.5,56943.6,56951.9,0
2026-09-08 10:25:00+05:30,56951.0,56951.4,56907.05,56916.85,0
2026-09-08 10:30:00+05:30,56920.8,56945.1,56911.45,56932.4,0
2026-09-08 10:35:00+05:30,56933.6,56933.6,56873.9,56889.45,0
2026-09-08 10:40:00+05:30,56888.7,56920.5,56881.2,56907.95,0
2026-09-08 10:45:00+05:30,56907.35,56968.85,56905.55,56956.85,0
2026-09-08 10:50:00+05:30,56958.3,56982.05,56933.35,56937.6,0
2026-09-08 10:55:00+05:30,56938.75,56940.55,56906.35,56929.45,0
2026-09-08 11:00:00+05:30,56933.8,56939.05,56906.8,56910.3,0
2026-09-08 11:05:00+05:30,56908.9,56938.2,56900.0,56917.8,0
2026-09-08 11:10:00+05:30,56918.6,56939.2,56889.2,56915.75,0
2026-09-08 11:15:00+05:30,56917.3,56940.55,56896.9,56934.4,0
2026-09-08 11:20:00+05:30,56933.3,56941.6,56915.05,56925.65,0
2026-09-08 11:25:00+05:30,56925.7,56959.55,56898.3,56903.4,0
2026-09-08 11:30:00+05:30,56900.4,56925.1,56882.35,56886.3,0
2026-09-08 11:35:00+05:30,56889.05,56900.55,56872.0,56874.8,0
2026-09-08 11:40:00+05:30,56881.6,56887.35,56852.35,56864.0,0
2026-09-08 11:45:00+05:30,56865.6,56888.45,56858.15,56864.45,0
2026-09-08 11:50:00+05:30,56867.9,56898.25,56833.3,56893.95,0
2026-09-08 11:55:00+05:30,56894.6,56899.7,56860.25,56860.9,0
2026-09-08 12:00:00+05:30,56861.55,56874.95,56835.85,56836.75,0
2026-09-08 12:05:00+05:30,56838.75,56838.75,56781.65,56799.75,0
2026-09-08 12:10:00+05:30,56802.75,56849.2,56796.85,56844.3,0
2026-09-08 12:15:00+05:30,56846.4,56855.2,56827.9,56837.35,0
2026-09-08 12:20:00+05:30,56839.1,56856.2,56825.5,56840.75,0
2026-09-08 12:25:00+05:30,56841.7,56854.2,56825.35,56839.3,0
2026-09-08 12:30:00+05:30,56840.7,56873.3,56837.1,56845.8,0
2026-09-08 12:35:00+05:30,56849.4,56877.6,56842.7,56847.55,0
2026-09-08 12:40:00+05:30,56848.8,56852.25,56797.65,56802.75,0
2026-09-08 12:45:00+05:30,56802.65,56807.9,56787.85,56803.0,0
2026-09-08 12:50:00+05:30,56803.8,56805.35,56779.3,56802.95,0
2026-09-08 12:55:00+05:30,56802.1,56825.75,56783.2,56783.2,0
2026-09-08 13:00:00+05:30,56785.55,56803.3,56765.75,56768.35,0
2026-09-08 13:05:00+05:30,56769.55,56784.85,56753.95,56759.4,0
2026-09-08 13:10:00+05:30,56759.8,56792.35,56751.5,56785.2,0
2026-09-08 13:15:00+05:30,56785.8,56786.7,56755.95,56759.1,0
2026-09-08 13:20:00+05:30,56762.25,56770.55,56748.95,56751.7,0
2026-09-08 13:25:00+05:30,56752.85,56775.45,56734.7,56751.15,0
2026-09-08 13:30:00+05:30,56752.8,56764.15,56720.45,56734.25,0
2026-09-08 13:35:00+05:30,56733.15,56776.9,56733.15,56752.7,0
2026-09-08 13:40:00+05:30,56751.15,56764.7,56728.6,56730.6,0
2026-09-08 13:45:00+05:30,56731.6,56769.9,56724.95,56755.6,0
2026-09-08 13:50:00+05:30,56760.65,56771.65,56734.5,56754.65,0
2026-09-08 13:55:00+05:30,56756.0,56780.6,56742.8,56762.0,0
2026-09-08 14:00:00+05:30,56761.2,56806.45,56759.85,56798.6,0
2026-09-08 14:05:00+05:30,56799.45,56822.45,56767.15,56778.75,0
2026-09-08 14:10:00+05:30,56778.6,56830.9,56771.85,56806.8,0
2026-09-08 14:15:00+05:30,56810.2,56835.95,56800.8,56810.65,0
2026-09-08 14:20:00+05:30,56810.8,56828.25,56780.15,56795.6,0
2026-09-08 14:25:00+05:30,56797.8,56819.95,56776.2,56807.45,0
2026-09-08 14:30:00+05:30,56807.5,56831.6,56798.1,56822.95,0
2026-09-08 14:35:00+05:30,56820.65,56827.35,56783.0,56794.0,0
2026-09-08 14:40:00+05:30,56795.7,56805.15,56780.4,56786.45,0
2026-09-08 14:45:00+05:30,56789.65,56789.65,56759.95,56766.15,0
2026-09-08 14:50:00+05:30,56763.4,56771.85,56742.95,56768.75,0
2026-09-08 14:55:00+05:30,56769.75,56772.55,56750.95,56764.0,0
2026-09-08 15:00:00+05:30,56761.05,56792.25,56752.15,56766.4,0
2026-09-08 15:05:00+05:30,56764.85,56797.85,56763.5,56781.4,0
2026-09-08 15:10:00+05:30,56778.3,56822.9,56749.1,56765.85,0
2026-09-08 15:25:00+05:30,56777.55,56777.55,56777.55,56777.55,0
2026-09-09 09:15:00+05:30,56498.85,56630.45,56414.9,56499.45,0
2026-09-09 09:20:00+05:30,56495.5,56512.05,56440.95,56479.95,0
2026-09-09 09:25:00+05:30,56479.05,56511.3,56430.35,56504.05,0
2026-09-09 09:30:00+05:30,56505.6,56524.2,56463.5,56501.25,0
2026-09-09 09:35:00+05:30,56497.8,56537.15,56482.8,56521.6,0
2026-09-09 09:40:00+05:30,56527.5,56553.05,56491.7,56496.35,0
2026-09-09 09:45:00+05:30,56498.6,56501.75,56463.65,56478.55,0
2026-09-09 09:50:00+05:30,56482.7,56482.7,56448.5,56462.5,0
2026-09-09 09:55:00+05:30,56461.25,56507.3,56438.55,56483.0,0
2026-09-09 10:00:00+05:30,56485.35,56487.6,56430.35,56456.35,0
2026-09-09 10:05:00+05:30,56455.15,56474.7,56431.35,56456.6,0
2026-09-09 10:10:00+05:30,56464.05,56495.5,56446.65,56491.05,0
2026-09-09 10:15:00+05:30,56491.75,56549.65,56457.75,56539.75,0
2026-09-09 10:20:00+05:30,56540.1,56617.25,56532.95,56580.25,0
2026-09-09 10:25:00+05:30,56583.2,56592.9,56534.25,56585.3,0
2026-09-09 10:30:00+05:30,56588.05,56618.8,56556.3,56557.9,0
2026-09-09 10:35:00+05:30,56560.25,56567.4,56502.45,56521.05,0
2026-09-09 10:40:00+05:30,56526.6,56550.1,56508.9,56528.95,0
2026-09-09 10:45:00+05:30,56532.65,56564.5,56524.1,56532.1,0
2026-09-09 10:50:00+05:30,56535.2,56556.15,56524.15,56556.15,0
2026-09-09 10:55:00+05:30,56554.45,56584.05,56548.5,56582.0,0
2026-09-09 11:00:00+05:30,56580.2,56615.45,56570.95,56594.95,0
2026-09-09 11:05:00+05:30,56597.05,56602.2,56562.2,56578.75,0
2026-09-09 11:10:00+05:30,56576.65,56600.0,56574.6,56582.7,0
2026-09-09 11:15:00+05:30,56585.55,56594.15,56540.2,56566.2,0
2026-09-09 11:20:00+05:30,56570.95,56585.35,56544.9,56554.25,0
2026-09-09 11:25:00+05:30,56555.4,56574.4,56549.25,56563.5,0
2026-09-09 11:30:00+05:30,56565.05,56595.2,56561.35,56579.3,0
2026-09-09 11:35:00+05:30,56580.15,56588.65,56556.8,56562.05,0
2026-09-09 11:40:00+05:30,56563.1,56599.05,56551.4,56586.55,0
2026-09-09 11:45:00+05:30,56590.25,56598.3,56562.45,56578.45,0
2026-09-09 11:50:00+05:30,56577.65,56582.6,56539.6,56550.4,0
2026-09-09 11:55:00+05:30,56553.05,56563.35,56516.45,56527.2,0
2026-09-09 12:00:00+05:30,56529.6,56541.55,56483.0,56496.2,0
2026-09-09 12:05:00+05:30,56496.35,56498.15,56445.05,56461.05,0
2026-09-09 12:10:00+05:30,56460.5,56489.95,56454.9,56483.25,0
2026-09-09 12:15:00+05:30,56486.9,56494.1,56451.2,56457.75,0
2026-09-09 12:20:00+05:30,56460.6,56464.95,56434.6,56456.9,0
2026-09-09 12:25:00+05:30,56459.45,56511.2,56452.1,56505.85,0
2026-09-09 12:30:00+05:30,56509.2,56667.85,56509.2,56640.0,0
2026-09-09 12:35:00+05:30,56638.75,56720.05,56632.75,56680.7,0
2026-09-09 12:40:00+05:30,56680.0,56737.4,56657.95,56709.5,0
2026-09-09 12:45:00+05:30,56708.8,56730.4,56678.65,56684.65,0
2026-09-09 12:50:00+05:30,56690.55,56720.3,56671.85,56679.9,0
2026-09-09 12:55:00+05:30,56676.1,56706.35,56654.45,56694.25,0
2026-09-09 13:00:00+05:30,56685.5,56700.2,56648.65,56675.05,0
2026-09-09 13:05:00+05:30,56677.45,56697.4,56654.45,56659.95,0
2026-09-09 13:10:00+05:30,56660.75,56663.75,56614.3,56640.95,0
2026-09-09 13:15:00+05:30,56641.05,56647.75,56614.0,56628.25,0
2026-09-09 13:20:00+05:30,56629.8,56665.45,56610.25,56640.7,0
2026-09-09 13:25:00+05:30,56638.65,56660.45,56630.8,56645.5,0
2026-09-09 13:30:00+05:30,56648.45,56662.45,56620.4,56638.1,0
2026-09-09 13:35:00+05:30,56638.15,56671.0,56626.25,56663.25,0
2026-09-09 13:40:00+05:30,56664.45,56695.3,56653.65,56671.8,0
2026-09-09 13:45:00+05:30,56671.7,56683.3,56638.8,56655.65,0
2026-09-09 13:50:00+05:30,56657.1,56671.35,56631.15,56639.8,0
2026-09-09 13:55:00+05:30,56639.1,56671.05,56613.9,56667.85,0
2026-09-09 14:00:00+05:30,56669.1,56728.75,56669.1,56711.15,0
2026-09-09 14:05:00+05:30,56712.3,56743.05,56692.35,56697.5,0
2026-09-09 14:10:00+05:30,56700.9,56700.9,56627.95,56659.15,0
2026-09-09 14:15:00+05:30,56659.65,56667.5,56630.6,56660.5,0
2026-09-09 14:20:00+05:30,56661.2,56689.95,56644.5,56653.65,0
2026-09-09 14:25:00+05:30,56653.7,56665.2,56626.4,56641.0,0
2026-09-09 14:30:00+05:30,56648.7,56649.55,56577.8,56579.55,0
2026-09-09 14:35:00+05:30,56578.2,56597.05,56527.15,56538.55,0
2026-09-09 14:40:00+05:30,56540.2,56543.55,56489.75,56496.3,0
2026-09-09 14:45:00+05:30,56504.05,56504.3,56457.1,56494.1,0
2026-09-09 14:50:00+05:30,56491.4,56528.4,56479.2,56487.7,0
2026-09-09 14:55:00+05:30,56485.0,56497.9,56457.95,56476.0,0
2026-09-09 15:00:00+05:30,56475.8,56485.8,56382.7,56383.95,0
2026-09-09 15:05:00+05:30,56385.15,56406.85,56343.65,56399.45,0
2026-09-09 15:10:00+05:30,56399.1,56430.6,56371.9,56379.6,0
2026-09-09 15:25:00+05:30,56295.55,56295.55,56295.55,56295.55,0
2026-09-10 09:15:00+05:30,56262.75,56513.6,56252.05,56487.05,0
2026-09-10 09:20:00+05:30,56485.45,56503.85,56381.4,56470.75,0
2026-09-10 09:25:00+05:30,56468.1,56575.15,56431.5,56547.6,0
2026-09-10 09:30:00+05:30,56551.65,56552.85,56452.95,56487.85,0
2026-09-10 09:35:00+05:30,56490.0,56505.75,56457.75,56500.5,0
2026-09-10 09:40:00+05:30,56503.55,56517.0,56460.2,56464.0,0
2026-09-10 09:45:00+05:30,56464.1,56483.7,56431.45,56468.9,0
2026-09-10 09:50:00+05:30,56473.55,56499.55,56452.8,56469.85,0
2026-09-10 09:55:00+05:30,56468.7,56475.55,56429.2,56435.35,0
2026-09-10 10:00:00+05:30,56439.65,56444.55,56372.15,56383.95,0
2026-09-10 10:05:00+05:30,56387.45,56399.75,56334.35,56364.85,0
2026-09-10 10:10:00+05:30,56365.75,56382.7,56338.25,56382.7,0
2026-09-10 10:15:00+05:30,56385.5,56481.5,56379.55,56458.4,0
2026-09-10 10:20:00+05:30,56459.0,56484.6,56429.45,56472.6,0
2026-09-10 10:25:00+05:30,56474.25,56491.95,56456.55,56484.0,0
2026-09-10 10:30:00+05:30,56482.6,56491.75,56445.75,56466.5,0
2026-09-10 10:35:00+05:30,56467.3,56487.1,56461.45,56482.65,0
2026-09-10 10:40:00+05:30,56483.9,56515.75,56463.85,56512.0,0
2026-09-10 10:45:00+05:30,56513.65,56516.25,56448.65,56454.05,0
2026-09-10 10:50:00+05:30,56455.3,56459.55,56409.65,56412.65,0
2026-09-10 10:55:00+05:30,56416.1,56429.0,56393.2,56417.2,0
2026-09-10 11:00:00+05:30,56419.65,56451.6,56415.05,56443.45,0
2026-09-10 11:05:00+05:30,56445.55,56464.85,56427.45,56452.9,0
2026-09-10 11:10:00+05:30,56455.2,56501.85,56443.25,56501.85,0
2026-09-10 11:15:00+05:30,56501.4,56525.8,56467.8,56473.0,0
2026-09-10 11:20:00+05:30,56477.2,56482.1,56440.4,56465.9,0
2026-09-10 11:25:00+05:30,56469.25,56470.9,56442.95,56446.85,0
2026-09-10 11:30:00+05:30,56447.0,56496.5,56433.25,56439.05,0
2026-09-10 11:35:00+05:30,56440.15,56457.75,56419.5,56432.5,0
2026-09-10 11:40:00+05:30,56437.5,56440.75,56403.1,56438.2,0
2026-09-10 11:45:00+05:30,56438.8,56475.15,56436.15,56471.05,0
2026-09-10 11:50:00+05:30,56476.0,56480.5,56421.3,56435.1,0
2026-09-10 11:55:00+05:30,56436.05,56479.35,56425.0,56476.8,0
2026-09-10 12:00:00+05:30,56480.5,56510.7,56464.15,56500.45,0
2026-09-10 12:05:00+05:30,56502.35,56505.65,56440.65,56446.3,0
2026-09-10 12:10:00+05:30,56447.55,56515.05,56433.75,56502.2,0
2026-09-10 12:15:00+05:30,56503.85,56526.15,56494.65,56507.85,0
2026-09-10 12:20:00+05:30,56510.4,56517.15,56470.45,56475.45,0
2026-09-10 12:25:00+05:30,56477.0,56492.25,56452.9,56453.5,0
2026-09-10 12:30:00+05:30,56457.6,56462.0,56432.35,56444.75,0
2026-09-10 12:35:00+05:30,56447.45,56455.3,56418.7,56450.25,0
2026-09-10 12:40:00+05:30,56452.05,56499.8,56443.65,56467.75,0
2026-09-10 12:45:00+05:30,56472.1,56485.55,56446.25,56460.6,0
2026-09-10 12:50:00+05:30,56463.35,56464.2,56424.0,56433.25,0
2026-09-10 12:55:00+05:30,56436.05,56447.6,56371.9,56374.65,0
2026-09-10 13:00:00+05:30,56374.3,56387.95,56336.25,56367.45,0
2026-09-10 13:05:00+05:30,56372.5,56393.8,56335.1,56385.8,0
2026-09-10 13:10:00+05:30,56387.7,56433.75,56378.95,56428.1,0
2026-09-10 13:15:00+05:30,56435.15,56435.15,56390.35,56408.9,0
2026-09-10 13:20:00+05:30,56409.65,56422.1,56392.7,56407.75,0
2026-09-10 13:25:00+05:30,56408.2,56421.85,56378.05,56388.6,0
2026-09-10 13:30:00+05:30,56392.5,56399.7,56369.55,56385.55,0
2026-09-10 13:35:00+05:30,56389.65,56405.15,56356.75,56402.25,0
2026-09-10 13:40:00+05:30,56403.5,56422.05,56393.55,56412.3,0
2026-09-10 13:45:00+05:30,56413.15,56416.2,56369.7,56396.85,0
2026-09-10 13:50:00+05:30,56400.35,56404.9,56378.75,56388.75,0
2026-09-10 13:55:00+05:30,56394.0,56396.25,56363.15,56386.0,0
2026-09-10 14:00:00+05:30,56388.35,56404.8,56359.15,56365.8,0
2026-09-10 14:05:00+05:30,56369.1,56383.0,56337.45,56349.6,0
2026-09-10 14:10:00+05:30,56351.95,56363.8,56331.75,56348.85,0
2026-09-10 14:15:00+05:30,56352.3,56352.7,56297.55,56310.15,0
2026-09-10 14:20:00+05:30,56313.5,56360.8,56306.85,56349.25,0
2026-09-10 14:25:00+05:30,56355.45,56369.9,56322.8,56338.35,0
2026-09-10 14:30:00+05:30,56346.7,56352.75,56314.75,56319.65,0
2026-09-10 14:35:00+05:30,56320.9,56320.9,56263.25,56275.6,0
2026-09-10 14:40:00+05:30,56275.8,56333.5,56258.05,56324.55,0
2026-09-10 14:45:00+05:30,56327.8,56389.4,56316.85,56386.35,0
2026-09-10 14:50:00+05:30,56389.7,56403.55,56331.85,56353.1,0
2026-09-10 14:55:00+05:30,56355.75,56356.35,56300.15,56312.25,0
2026-09-10 15:00:00+05:30,56311.1,56313.3,56240.0,56267.3,0
2026-09-10 15:05:00+05:30,56266.7,56266.7,56231.85,56260.15,0
2026-09-10 15:10:00+05:30,56256.3,56300.8,56243.5,56255.85,0
2026-09-10 15:25:00+05:30,56471.95,56471.95,56471.95,56471.95,0
2026-09-11 09:15:00+05:30,55970.15,55996.65,55699.45,55777.5,0
2026-09-11 09:20:00+05:30,55777.05,55827.5,55742.8,55822.8,0
2026-09-11 09:25:00+05:30,55820.2,55949.25,55807.85,55927.2,0
2026-09-11 09:30:00+05:30,55924.85,55934.05,55857.25,55874.6,0
2026-09-11 09:35:00+05:30,55876.15,55885.6,55856.9,55870.5,0
2026-09-11 09:40:00+05:30,55872.6,55889.7,55830.6,55878.7,0
2026-09-11 09:45:00+05:30,55879.35,55885.7,55826.85,55843.2,0
2026-09-11 09:50:00+05:30,55845.45,55872.05,55827.85,55862.6,0
2026-09-11 09:55:00+05:30,55863.2,55925.65,55859.25,55908.4,0
2026-09-11 10:00:00+05:30,55906.6,55972.15,55890.35,55953.9,0
2026-09-11 10:05:00+05:30,55957.3,55988.25,55950.35,55980.7,0
2026-09-11 10:10:00+05:30,55981.05,56024.85,55968.3,56022.25,0
2026-09-11 10:15:00+05:30,56022.0,56036.45,56004.9,56016.85,0
2026-09-11 10:20:00+05:30,56020.6,56092.45,56010.5,56050.1,0
2026-09-11 10:25:00+05:30,56055.3,56055.3,55975.6,55982.05,0
2026-09-11 10:30:00+05:30,55981.05,56000.95,55954.5,55992.95,0
2026-09-11 10:35:00+05:30,55996.75,56038.45,55988.1,56033.4,0
2026-09-11 10:40:00+05:30,56034.5,56043.4,56019.0,56041.15,0
2026-09-11 10:45:00+05:30,56045.05,56075.35,56002.5,56007.95,0
2026-09-11 10:50:00+05:30,56010.2,56010.2,55968.3,55977.2,0
2026-09-11 10:55:00+05:30,55979.15,55981.0,55947.7,55957.95,0
2026-09-11 11:00:00+05:30,55958.45,55997.1,55952.05,55974.75,0
2026-09-11 11:05:00+05:30,55976.65,56041.65,55963.7,56040.45,0
2026-09-11 11:10:00+05:30,56043.0,56220.7,56035.3,56203.05,0
2026-09-11 11:15:00+05:30,56202.3,56241.45,56142.35,56192.45,0
2026-09-11 11:20:00+05:30,56195.15,56263.05,56157.5,56236.9,0
2026-09-11 11:25:00+05:30,56243.25,56245.5,56174.0,56174.5,0
2026-09-11 11:30:00+05:30,56176.25,56198.55,56148.25,56189.65,0
2026-09-11 11:35:00+05:30,56190.2,56210.15,56159.15,56159.5,0
2026-09-11 11:40:00+05:30,56162.2,56218.4,56157.85,56207.6,0
2026-09-11 11:45:00+05:30,56211.9,56230.0,56178.9,56187.1,0
2026-09-11 11:50:00+05:30,56190.55,56207.0,56154.85,56176.15,0
2026-09-11 11:55:00+05:30,56178.5,56195.95,56142.25,56165.6,0
2026-09-11 12:00:00+05:30,56169.35,56188.8,56144.8,56151.1,0
2026-09-11 12:05:00+05:30,56152.65,56164.2,56129.75,56134.2,0
2026-09-11 12:10:00+05:30,56136.8,56140.25,56073.9,56095.25,0
2026-09-11 12:15:00+05:30,56099.6,56121.85,56075.5,56117.75,0
2026-09-11 12:20:00+05:30,56123.8,56162.8,56110.05,56158.05,0
2026-09-11 12:25:00+05:30,56161.9,56165.05,56132.45,56140.65,0
2026-09-11 12:30:00+05:30,56144.1,56192.75,56136.75,56183.25,0
2026-09-11 12:35:00+05:30,56187.9,56251.8,56176.35,56211.95,0
2026-09-11 12:40:00+05:30,56215.65,56263.75,56198.8,56234.8,0
2026-09-11 12:45:00+05:30,56237.4,56249.0,56210.6,56246.6,0
2026-09-11 12:50:00+05:30,56247.7,56309.25,56234.4,56281.95,0
2026-09-11 12:55:00+05:30,56285.45,56311.5,56271.65,56288.6,0
2026-09-11 13:00:00+05:30,56291.8,56294.15,56213.45,56216.7,0
2026-09-11 13:05:00+05:30,56216.15,56227.5,56193.7,56200.2,0
2026-09-11 13:10:00+05:30,56201.35,56237.45,56171.65,56230.65,0
2026-09-11 13:15:00+05:30,56234.5,56245.2,56205.5,56210.55,0
2026-09-11 13:20:00+05:30,56212.7,56259.45,56198.0,56255.35,0
2026-09-11 13:25:00+05:30,56257.05,56342.45,56234.05,56334.1,0
2026-09-11 13:30:00+05:30,56336.75,56357.55,56303.1,56348.6,0
2026-09-11 13:35:00+05:30,56351.05,56351.05,56290.5,56295.35,0
2026-09-11 13:40:00+05:30,56298.0,56336.15,56234.35,56324.95,0
2026-09-11 13:45:00+05:30,56328.05,56352.4,56263.25,56350.25,0
2026-09-11 13:50:00+05:30,56348.7,56467.4,56346.5,56353.2,0
2026-09-11 13:55:00+05:30,56354.15,56497.7,56348.35,56478.8,0
2026-09-11 14:00:00+05:30,56476.6,56628.1,56445.95,56586.4,0
2026-09-11 14:05:00+05:30,56590.55,56592.6,56489.7,56524.8,0
2026-09-11 14:10:00+05:30,56531.05,56551.8,56506.75,56547.45,0
2026-09-11 14:15:00+05:30,56550.25,56559.4,56465.8,56474.3,0
2026-09-11 14:20:00+05:30,56470.9,56519.15,56461.25,56514.3,0
2026-09-11 14:25:00+05:30,56515.15,56555.85,56503.75,56544.35,0
2026-09-11 14:30:00+05:30,56544.45,56583.15,56524.8,56559.25,0
2026-09-11 14:35:00+05:30,56561.25,56635.35,56538.2,56580.4,0
2026-09-11 14:40:00+05:30,56584.3,56615.5,56558.1,56596.85,0
2026-09-11 14:45:00+05:30,56598.1,56626.75,56575.6,56615.05,0
2026-09-11 14:50:00+05:30,56615.0,56640.25,56584.9,56596.95,0
2026-09-11 14:55:00+05:30,56597.6,56625.85,56573.35,56580.05,0
2026-09-11 15:00:00+05:30,56577.55,56611.4,56525.2,56533.0,0
2026-09-11 15:05:00+05:30,56538.55,56593.8,56503.2,56586.35,0
2026-09-11 15:10:00+05:30,56583.75,56645.85,56579.0,56625.9,0
2026-09-11 15:25:00+05:30,56606.55,56606.55,56606.55,56606.55,0
2026-09-15 09:15:00+05:30,56884.25,56996.35,56631.7,56660.0,0
2026-09-15 09:20:00+05:30,56653.6,56694.5,56562.6,56564.65,0
2026-09-15 09:25:00+05:30,56558.95,56582.5,56506.9,56533.0,0
2026-09-15 09:30:00+05:30,56528.5,56544.9,56459.9,56475.1,0
2026-09-15 09:35:00+05:30,56476.2,56487.95,56401.65,56478.8,0
2026-09-15 09:40:00+05:30,56474.85,56515.6,56461.1,56469.1,0
2026-09-15 09:45:00+05:30,56467.55,56468.05,56395.1,56402.25,0
2026-09-15 09:50:00+05:30,56400.65,56431.95,56344.15,56353.3,0
2026-09-15 09:55:00+05:30,56351.75,56369.9,56323.45,56356.6,0
2026-09-15 10:00:00+05:30,56358.0,56375.95,56323.25,56342.8,0
2026-09-15 10:05:00+05:30,56348.45,56355.9,56282.65,56284.85,0
2026-09-15 10:10:00+05:30,56284.3,56369.85,56279.5,56344.3,0
2026-09-15 10:15:00+05:30,56343.65,56343.8,56294.7,56307.15,0
2026-09-15 10:20:00+05:30,56307.7,56309.25,56266.5,56283.35,0
2026-09-15 10:25:00+05:30,56286.6,56307.95,56242.15,56249.5,0
2026-09-15 10:30:00+05:30,56249.4,56280.95,56223.25,56260.45,0
2026-09-15 10:35:00+05:30,56258.35,56305.1,56256.45,56302.8,0
2026-09-15 10:40:00+05:30,56302.55,56308.2,56212.95,56218.15,0
2026-09-15 10:45:00+05:30,56215.35,56224.65,56168.5,56176.85,0
2026-09-15 10:50:00+05:30,56180.55,56199.0,56148.55,56192.0,0
2026-09-15 10:55:00+05:30,56192.3,56197.85,56145.95,56169.25,0
2026-09-15 11:00:00+05:30,56167.7,56244.15,56153.65,56226.15,0
2026-09-15 11:05:00+05:30,56222.05,56224.5,56135.0,56143.15,0
2026-09-15 11:10:00+05:30,56142.55,56200.7,56111.2,56182.9,0
2026-09-15 11:15:00+05:30,56185.25,56222.4,56162.55,56166.4,0
2026-09-15 11:20:00+05:30,56164.35,56183.3,56142.05,56171.25,0
2026-09-15 11:25:00+05:30,56167.35,56178.05,56117.8,56124.1,0
2026-09-15 11:30:00+05:30,56123.7,56178.25,56110.8,56160.0,0
2026-09-15 11:35:00+05:30,56161.65,56207.6,56152.65,56200.55,0
2026-09-15 11:40:00+05:30,56201.85,56205.15,56134.65,56158.1,0
2026-09-15 11:45:00+05:30,56156.7,56161.15,56133.5,56139.75,0
2026-09-15 11:50:00+05:30,56139.95,56154.75,56112.6,56124.35,0
2026-09-15 11:55:00+05:30,56124.25,56173.05,56120.2,56156.6,0
2026-09-15 12:00:00+05:30,56156.95,56178.7,56136.1,56154.15,0
2026-09-15 12:05:00+05:30,56156.15,56181.7,56152.15,56167.45,0
2026-09-15 12:10:00+05:30,56166.8,56180.8,56134.5,56153.05,0
2026-09-15 12:15:00+05:30,56152.15,56154.65,56115.4,56121.85,0
2026-09-15 12:20:00+05:30,56118.0,56147.85,56117.35,56136.75,0
2026-09-15 12:25:00+05:30,56137.95,56152.25,56124.7,56146.1,0
2026-09-15 12:30:00+05:30,56146.85,56179.85,56131.65,56176.25,0
2026-09-15 12:35:00+05:30,56175.6,56217.8,56165.25,56184.65,0
2026-09-15 12:40:00+05:30,56183.35,56221.55,56178.55,56197.6,0
2026-09-15 12:45:00+05:30,56203.05,56220.3,56182.85,56219.1,0
2026-09-15 12:50:00+05:30,56217.7,56248.05,56198.4,56227.7,0
2026-09-15 12:55:00+05:30,56226.35,56228.95,56148.6,56167.15,0
2026-09-15 13:00:00+05:30,56170.2,56184.5,56156.75,56179.45,0
2026-09-15 13:05:00+05:30,56180.75,56206.35,56178.1,56195.25,0
2026-09-15 13:10:00+05:30,56194.25,56202.3,56144.95,56184.5,0
2026-09-15 13:15:00+05:30,56193.85,56216.15,56162.45,56200.7,0
2026-09-15 13:20:00+05:30,56198.6,56206.3,56153.8,56160.4,0
2026-09-15 13:25:00+05:30,56155.9,56199.55,56150.0,56162.2,0
2026-09-15 13:30:00+05:30,56164.4,56170.8,56109.75,56131.55,0
2026-09-15 13:35:00+05:30,56132.25,56166.75,56118.1,56127.45,0
2026-09-15 13:40:00+05:30,56125.55,56126.8,56065.35,56118.8,0
2026-09-15 13:45:00+05:30,56119.8,56143.25,56116.45,56141.2,0
2026-09-15 13:50:00+05:30,56139.15,56149.2,56128.0,56136.1,0
2026-09-15 13:55:00+05:30,56135.8,56148.5,56111.95,56131.65,0
2026-09-15 14:00:00+05:30,56134.3,56140.95,56093.35,56103.75,0
2026-09-15 14:05:00+05:30,56103.05,56105.55,56049.8,56057.05,0
2026-09-15 14:10:00+05:30,56057.15,56057.6,55958.85,56000.3,0
2026-09-15 14:15:00+05:30,55995.35,55999.05,55942.85,55949.15,0
2026-09-15 14:20:00+05:30,55949.8,56024.0,55948.95,55985.65,0
2026-09-15 14:25:00+05:30,55988.65,56005.9,55968.5,55981.6,0
2026-09-15 14:30:00+05:30,55981.15,56015.2,55974.2,56008.95,0
2026-09-15 14:35:00+05:30,56010.45,56029.9,55999.1,56013.4,0
2026-09-15 14:40:00+05:30,56008.05,56036.05,56002.45,56019.3,0
2026-09-15 14:45:00+05:30,56018.25,56027.9,55868.05,55880.3,0
2026-09-15 14:50:00+05:30,55881.55,55955.05,55878.65,55897.15,0
2026-09-15 14:55:00+05:30,55895.0,55916.55,55872.05,55877.35,0
2026-09-15 15:00:00+05:30,55878.9,55964.1,55876.6,55955.35,0
2026-09-15 15:05:00+05:30,55960.6,55960.6,55867.6,55897.5,0
2026-09-15 15:10:00+05:30,55899.45,55947.65,55888.9,55908.95,0
2026-09-15 15:25:00+05:30,55794.75,55794.75,55794.75,55794.75,0
2026-09-16 09:15:00+05:30,56007.65,56206.7,55925.45,56144.4,0
2026-09-16 09:20:00+05:30,56139.1,56156.15,56035.25,56048.25,0
2026-09-16 09:25:00+05:30,56047.95,56064.7,55935.85,55983.1,0
2026-09-16 09:30:00+05:30,55982.2,56029.05,55909.15,56018.2,0
2026-09-16 09:35:00+05:30,56017.0,56017.0,55879.95,55892.3,0
2026-09-16 09:40:00+05:30,55893.4,55896.5,55819.05,55829.8,0
2026-09-16 09:45:00+05:30,55829.75,55909.45,55812.2,55905.8,0
2026-09-16 09:50:00+05:30,55903.4,56040.35,55898.1,56037.5,0
2026-09-16 09:55:00+05:30,56039.1,56078.95,55995.45,56035.2,0
2026-09-16 10:00:00+05:30,56032.6,56043.45,55947.6,55960.75,0
2026-09-16 10:05:00+05:30,55961.7,55988.9,55923.2,55971.45,0
2026-09-16 10:10:00+05:30,55971.35,55999.25,55929.75,55947.4,0
2026-09-16 10:15:00+05:30,55948.55,56068.6,55941.2,56004.6,0
2026-09-16 10:20:00+05:30,56005.75,56095.4,55997.8,56095.4,0
2026-09-16 10:25:00+05:30,56093.7,56129.25,56076.35,56106.1,0
2026-09-16 10:30:00+05:30,56103.45,56175.95,56103.45,56167.75,0
2026-09-16 10:35:00+05:30,56166.6,56223.2,56164.6,56184.6,0
2026-09-16 10:40:00+05:30,56183.6,56234.35,56182.55,56209.3,0
2026-09-16 10:45:00+05:30,56210.65,56250.8,56201.45,56241.25,0
2026-09-16 10:50:00+05:30,56241.55,56285.3,56210.75,56269.15,0
2026-09-16 10:55:00+05:30,56270.05,56270.05,56204.6,56243.6,0
2026-09-16 11:00:00+05:30,56244.85,56316.1,56242.85,56294.35,0
2026-09-16 11:05:00+05:30,56292.65,56294.25,56217.6,56238.0,0
2026-09-16 11:10:00+05:30,56237.6,56248.8,56179.3,56182.05,0
2026-09-16 11:15:00+05:30,56183.0,56216.5,56167.15,56174.05,0
2026-09-16 11:20:00+05:30,56173.65,56235.0,56145.8,56174.95,0
2026-09-16 11:25:00+05:30,56175.05,56180.3,56085.85,56088.15,0
2026-09-16 11:30:00+05:30,56089.2,56190.85,56084.8,56152.55,0
2026-09-16 11:35:00+05:30,56152.8,56181.0,56124.25,56142.35,0
2026-09-16 11:40:00+05:30,56141.1,56156.3,56129.5,56142.05,0
2026-09-16 11:45:00+05:30,56141.65,56161.95,56130.9,56149.75,0
2026-09-16 11:50:00+05:30,56150.45,56197.5,56137.9,56146.7,0
2026-09-16 11:55:00+05:30,56147.3,56151.7,56100.4,56113.95,0
2026-09-16 12:00:00+05:30,56116.95,56125.55,56071.1,56117.05,0
2026-09-16 12:05:00+05:30,56115.45,56156.6,56115.3,56131.95,0
2026-09-16 12:10:00+05:30,56131.75,56220.1,56129.95,56180.8,0
2026-09-16 12:15:00+05:30,56180.4,56203.5,56139.8,56193.65,0
2026-09-16 12:20:00+05:30,56192.05,56193.3,56152.65,56175.15,0
2026-09-16 12:25:00+05:30,56176.95,56190.05,56162.4,56184.6,0
2026-09-16 12:30:00+05:30,56189.1,56247.25,56175.05,56218.3,0
2026-09-16 12:35:00+05:30,56216.9,56233.8,56194.55,56214.0,0
2026-09-16 12:40:00+05:30,56215.95,56255.25,56211.25,56251.45,0
2026-09-16 12:45:00+05:30,56250.9,56264.4,56208.6,56248.15,0
2026-09-16 12:50:00+05:30,56247.45,56251.85,56219.95,56230.5,0
2026-09-16 12:55:00+05:30,56232.8,56259.85,56219.7,56219.7,0
2026-09-16 13:00:00+05:30,56222.6,56273.4,56215.75,56271.95,0
2026-09-16 13:05:00+05:30,56270.15,56368.7,56263.65,56343.7,0
2026-09-16 13:10:00+05:30,56343.25,56356.65,56293.8,56300.2,0
2026-09-16 13:15:00+05:30,56299.45,56345.0,56288.7,56339.45,0
2026-09-16 13:20:00+05:30,56339.0,56339.25,56286.5,56292.85,0
2026-09-16 13:25:00+05:30,56293.65,56296.95,56203.35,56203.35,0
2026-09-16 13:30:00+05:30,56206.1,56239.65,56202.65,56225.05,0
2026-09-16 13:35:00+05:30,56224.4,56255.6,56201.5,56224.2,0
2026-09-16 13:40:00+05:30,56225.1,56230.8,56184.15,56190.2,0
2026-09-16 13:45:00+05:30,56188.5,56239.15,56188.5,56206.55,0
2026-09-16 13:50:00+05:30,56205.5,56218.6,56177.95,56204.95,0
2026-09-16 13:55:00+05:30,56204.2,56220.55,56192.3,56218.05,0
2026-09-16 14:00:00+05:30,56215.95,56263.5,56212.05,56258.45,0
2026-09-16 14:05:00+05:30,56257.55,56268.55,56222.95,56231.95,0
2026-09-16 14:10:00+05:30,56230.45,56285.3,56220.85,56284.25,0
2026-09-16 14:15:00+05:30,56283.75,56312.45,56267.7,56271.25,0
2026-09-16 14:20:00+05:30,56267.2,56312.3,56260.85,56289.55,0
2026-09-16 14:25:00+05:30,56292.45,56308.9,56260.85,56286.3,0
2026-09-16 14:30:00+05:30,56286.05,56298.45,56271.4,56296.9,0
2026-09-16 14:35:00+05:30,56298.95,56314.3,56281.55,56298.4,0
2026-09-16 14:40:00+05:30,56297.5,56326.85,56273.95,56286.75,0
2026-09-16 14:45:00+05:30,56286.6,56302.3,56272.65,56298.8,0
2026-09-16 14:50:00+05:30,56301.1,56308.95,56275.2,56297.55,0
2026-09-16 14:55:00+05:30,56294.5,56357.35,56265.7,56270.0,0
2026-09-16 15:00:00+05:30,56272.55,56273.25,56236.05,56243.0,0
2026-09-16 15:05:00+05:30,56241.85,56251.8,56211.15,56236.65,0
2026-09-16 15:10:00+05:30,56234.25,56259.05,56213.45,56230.15,0
2026-09-16 15:25:00+05:30,56292.45,56292.45,56292.45,56292.45,0
2026-09-17 09:15:00+05:30,56126.6,56328.7,56072.6,56321.45,0
2026-09-17 09:20:00+05:30,56318.1,56327.15,56250.35,56281.0,0
2026-09-17 09:25:00+05:30,56276.65,56312.35,56249.85,56294.9,0
2026-09-17 09:30:00+05:30,56296.1,56509.1,56296.1,56501.0,0
2026-09-17 09:35:00+05:30,56497.6,56570.45,56450.65,56453.05,0
2026-09-17 09:40:00+05:30,56448.45,56460.85,56360.8,56431.9,0
2026-09-17 09:45:00+05:30,56432.5,56445.9,56392.3,56431.5,0
2026-09-17 09:50:00+05:30,56427.65,56456.2,56381.7,56444.15,0
2026-09-17 09:55:00+05:30,56440.2,56453.1,56403.8,56405.8,0
2026-09-17 10:00:00+05:30,56406.65,56444.35,56386.65,56435.1,0
2026-09-17 10:05:00+05:30,56434.85,56484.45,56433.15,56452.8,0
2026-09-17 10:10:00+05:30,56455.65,56500.15,56453.4,56474.4,0
2026-09-17 10:15:00+05:30,56477.55,56494.6,56421.4,56434.2,0
2026-09-17 10:20:00+05:30,56433.4,56466.35,56392.8,56399.6,0
2026-09-17 10:25:00+05:30,56399.3,56411.9,56380.9,56389.25,0
2026-09-17 10:30:00+05:30,56386.5,56394.45,56302.4,56305.1,0
2026-09-17 10:35:00+05:30,56302.7,56361.65,56287.1,56326.95,0
2026-09-17 10:40:00+05:30,56325.9,56339.65,56277.75,56284.25,0
2026-09-17 10:45:00+05:30,56283.3,56289.7,56236.3,56253.9,0
2026-09-17 10:50:00+05:30,56248.55,56290.8,56248.55,56272.65,0
2026-09-17 10:55:00+05:30,56269.35,56293.7,56233.2,56239.6,0
2026-09-17 11:00:00+05:30,56238.25,56241.45,56132.1,56136.6,0
2026-09-17 11:05:00+05:30,56133.65,56139.35,56056.1,56073.2,0
2026-09-17 11:10:00+05:30,56073.95,56123.35,56055.45,56099.35,0
2026-09-17 11:15:00+05:30,56102.95,56143.35,56081.25,56138.65,0
2026-09-17 11:20:00+05:30,56142.5,56167.2,56095.55,56099.0,0
2026-09-17 11:25:00+05:30,56100.6,56109.4,56086.3,56104.85,0
2026-09-17 11:30:00+05:30,56105.55,56128.75,56067.4,56109.55,0
2026-09-17 11:35:00+05:30,56112.2,56155.25,56088.55,56152.05,0
2026-09-17 11:40:00+05:30,56153.55,56207.75,56137.75,56203.95,0
2026-09-17 11:45:00+05:30,56202.7,56221.65,56157.0,56160.6,0
2026-09-17 11:50:00+05:30,56158.15,56220.65,56146.85,56186.25,0
2026-09-17 11:55:00+05:30,56184.25,56258.15,56181.1,56257.1,0
2026-09-17 12:00:00+05:30,56258.1,56277.0,56223.9,56233.9,0
2026-09-17 12:05:00+05:30,56232.75,56351.65,56222.3,56346.1,0
2026-09-17 12:10:00+05:30,56347.8,56387.0,56337.75,56357.25,0
2026-09-17 12:15:00+05:30,56367.65,56397.25,56352.15,56373.15,0
2026-09-17 12:20:00+05:30,56375.35,56404.55,56354.7,56370.6,0
2026-09-17 12:25:00+05:30,56370.0,56372.05,56301.7,56321.9,0
2026-09-17 12:30:00+05:30,56319.45,56343.7,56302.4,56336.55,0
2026-09-17 12:35:00+05:30,56334.2,56381.6,56332.15,56369.4,0
2026-09-17 12:40:00+05:30,56369.15,56383.7,56326.9,56335.95,0
2026-09-17 12:45:00+05:30,56334.65,56348.8,56298.2,56301.6,0
2026-09-17 12:50:00+05:30,56304.2,56325.8,56282.0,56295.4,0
2026-09-17 12:55:00+05:30,56292.2,56313.45,56280.2,56302.45,0
2026-09-17 13:00:00+05:30,56301.75,56320.35,56280.95,56292.5,0
2026-09-17 13:05:00+05:30,56290.75,56297.8,56249.5,56290.55,0
2026-09-17 13:10:00+05:30,56291.7,56298.3,56235.6,56238.5,0
2026-09-17 13:15:00+05:30,56236.5,56249.2,56202.6,56241.2,0
2026-09-17 13:20:00+05:30,56241.95,56253.0,56195.65,56199.0,0
2026-09-17 13:25:00+05:30,56202.5,56206.4,56098.25,56114.8,0
2026-09-17 13:30:00+05:30,56112.2,56118.5,56065.25,56074.25,0
2026-09-17 13:35:00+05:30,56072.85,56087.0,56038.5,56078.9,0
2026-09-17 13:40:00+05:30,56078.7,56151.8,56069.65,56073.85,0
2026-09-17 13:45:00+05:30,56076.8,56105.3,56070.65,56097.95,0
2026-09-17 13:50:00+05:30,56097.6,56136.6,56069.0,56091.2,0
2026-09-17 13:55:00+05:30,56096.35,56127.55,56078.0,56104.5,0
2026-09-17 14:00:00+05:30,56107.8,56135.05,56092.25,56113.05,0
2026-09-17 14:05:00+05:30,56112.6,56160.5,56110.15,56138.5,0
2026-09-17 14:10:00+05:30,56139.8,56155.75,56124.55,56124.55,0
2026-09-17 14:15:00+05:30,56123.7,56140.75,56093.25,56120.35,0
2026-09-17 14:20:00+05:30,56117.55,56153.3,56117.55,56147.1,0
2026-09-17 14:25:00+05:30,56150.9,56151.05,56101.65,56149.7,0
2026-09-17 14:30:00+05:30,56148.45,56166.3,56125.35,56132.65,0
2026-09-17 14:35:00+05:30,56132.55,56215.15,56129.2,56164.3,0
2026-09-17 14:40:00+05:30,56166.85,56168.55,56112.3,56119.8,0
2026-09-17 14:45:00+05:30,56120.05,56129.55,56093.05,56101.45,0
2026-09-17 14:50:00+05:30,56102.25,56113.65,56086.65,56098.85,0
2026-09-17 14:55:00+05:30,56094.8,56104.15,56077.15,56090.55,0
2026-09-17 15:00:00+05:30,56088.0,56114.95,56075.35,56097.4,0
2026-09-17 15:05:00+05:30,56097.95,56134.55,56095.6,56119.5,0
2026-09-17 15:10:00+05:30,56121.7,56147.85,56089.5,56141.15,0
2026-09-17 15:25:00+05:30,56055.75,56055.75,56055.75,56055.75,0
2026-09-18 09:15:00+05:30,56172.85,56326.95,56145.55,56239.25,0
2026-09-18 09:20:00+05:30,56235.75,56243.65,56161.65,56200.7,0
2026-09-18 09:25:00+05:30,56198.2,56206.8,56147.8,56182.3,0
2026-09-18 09:30:00+05:30,56181.05,56191.75,56135.95,56153.65,0
2026-09-18 09:35:00+05:30,56153.9,56251.75,56145.25,56240.0,0
2026-09-18 09:40:00+05:30,56236.15,56240.4,56164.95,56185.25,0
2026-09-18 09:45:00+05:30,56183.45,56204.3,56153.0,56183.5,0
2026-09-18 09:50:00+05:30,56182.95,56231.4,56174.45,56228.6,0
2026-09-18 09:55:00+05:30,56227.45,56277.3,56203.45,56231.95,0
2026-09-18 10:00:00+05:30,56232.35,56256.2,56219.0,56225.65,0
2026-09-18 10:05:00+05:30,56224.8,56249.4,56182.9,56223.9,0
2026-09-18 10:10:00+05:30,56221.3,56254.35,56219.5,56234.95,0
2026-09-18 10:15:00+05:30,56231.1,56246.65,56187.15,56198.25,0
2026-09-18 10:20:00+05:30,56197.0,56220.8,56151.35,56156.6,0
2026-09-18 10:25:00+05:30,56153.05,56172.6,56134.15,56155.65,0
2026-09-18 10:30:00+05:30,56158.9,56172.6,56133.95,56148.85,0
2026-09-18 10:35:00+05:30,56147.7,56158.4,56127.75,56134.15,0
2026-09-18 10:40:00+05:30,56132.9,56135.3,56105.25,56125.7,0
2026-09-18 10:45:00+05:30,56120.35,56123.35,56098.2,56118.7,0
2026-09-18 10:50:00+05:30,56115.0,56143.8,56114.25,56121.5,0
2026-09-18 10:55:00+05:30,56120.7,56143.1,56100.75,56103.15,0
2026-09-18 11:00:00+05:30,56101.55,56141.0,56099.45,56129.45,0
2026-09-18 11:05:00+05:30,56127.25,56129.45,56089.35,56106.3,0
2026-09-18 11:10:00+05:30,56107.65,56120.7,56087.55,56097.05,0
2026-09-18 11:15:00+05:30,56097.9,56112.0,56073.55,56084.9,0
2026-09-18 11:20:00+05:30,56084.15,56165.85,56084.05,56162.6,0
2026-09-18 11:25:00+05:30,56162.45,56164.95,56124.35,56146.55,0
2026-09-18 11:30:00+05:30,56146.6,56191.45,56145.3,56171.55,0
2026-09-18 11:35:00+05:30,56170.4,56183.15,56148.0,56153.2,0
2026-09-18 11:40:00+05:30,56157.35,56181.9,56147.35,56154.3,0
2026-09-18 11:45:00+05:30,56156.05,56188.9,56139.6,56179.65,0
2026-09-18 11:50:00+05:30,56180.45,56192.3,56151.7,56180.55,0
2026-09-18 11:55:00+05:30,56179.95,56233.7,56159.2,56190.3,0
2026-09-18 12:00:00+05:30,56187.65,56234.7,56174.4,56182.3,0
2026-09-18 12:05:00+05:30,56182.45,56186.75,56134.2,56161.4,0
2026-09-18 12:10:00+05:30,56162.0,56205.45,56158.6,56199.9,0
2026-09-18 12:15:00+05:30,56203.9,56226.8,56174.9,56179.2,0
2026-09-18 12:20:00+05:30,56181.5,56235.85,56173.55,56209.3,0
2026-09-18 12:25:00+05:30,56210.05,56231.2,56189.55,56221.85,0
2026-09-18 12:30:00+05:30,56223.25,56261.65,56220.0,56244.05,0
2026-09-18 12:35:00+05:30,56241.25,56287.05,56239.15,56264.9,0
2026-09-18 12:40:00+05:30,56265.5,56343.0,56259.55,56331.0,0
2026-09-18 12:45:00+05:30,56329.25,56358.5,56311.0,56325.75,0
2026-09-18 12:50:00+05:30,56324.3,56351.8,56321.6,56341.05,0
2026-09-18 12:55:00+05:30,56341.35,56348.05,56270.8,56334.05,0
2026-09-18 13:00:00+05:30,56333.9,56391.35,56330.5,56380.95,0
2026-09-18 13:05:00+05:30,56383.4,56393.85,56340.6,56361.7,0
2026-09-18 13:10:00+05:30,56359.55,56381.4,56350.9,56360.7,0
2026-09-18 13:15:00+05:30,56359.95,56363.2,56293.8,56307.1,0
2026-09-18 13:20:00+05:30,56305.75,56339.4,56290.05,56301.2,0
2026-09-18 13:25:00+05:30,56305.0,56329.15,56276.35,56294.45,0
2026-09-18 13:30:00+05:30,56296.45,56329.45,56290.65,56307.0,0
2026-09-18 13:35:00+05:30,56308.6,56311.65,56283.9,56291.0,0
2026-09-18 13:40:00+05:30,56290.9,56303.5,56260.75,56262.2,0
2026-09-18 13:45:00+05:30,56259.2,56296.85,56229.1,56282.3,0
2026-09-18 13:50:00+05:30,56280.4,56339.25,56278.85,56330.05,0
2026-09-18 13:55:00+05:30,56327.9,56338.4,56296.15,56310.45,0
2026-09-18 14:00:00+05:30,56311.0,56344.95,56295.85,56342.4,0
2026-09-18 14:05:00+05:30,56339.7,56415.15,56338.65,56405.65,0
2026-09-18 14:10:00+05:30,56406.6,56427.05,56388.15,56401.85,0
2026-09-18 14:15:00+05:30,56397.85,56432.9,56390.8,56420.95,0
2026-09-18 14:20:00+05:30,56419.45,56434.65,56402.45,56409.45,0
2026-09-18 14:25:00+05:30,56408.6,56446.65,56387.05,56444.2,0
2026-09-18 14:30:00+05:30,56432.1,56478.6,56432.1,56470.3,0
2026-09-18 14:35:00+05:30,56465.0,56469.75,56450.2,56453.1,0
2026-09-18 14:40:00+05:30,56448.5,56458.05,56421.0,56424.8,0
2026-09-18 14:45:00+05:30,56423.7,56458.35,56413.95,56456.8,0
2026-09-18 14:50:00+05:30,56456.75,56497.45,56452.55,56481.55,0
2026-09-18 14:55:00+05:30,56475.0,56482.8,56452.5,56455.55,0
2026-09-18 15:00:00+05:30,56456.55,56456.55,56354.85,56367.35,0
2026-09-18 15:05:00+05:30,56363.45,56381.2,56328.25,56347.05,0
2026-09-18 15:10:00+05:30,56347.3,56405.95,56311.85,56360.2,0
2026-09-18 15:25:00+05:30,56358.7,56358.7,56358.7,56358.7,0
2026-09-21 09:15:00+05:30,56361.9,56497.7,56269.55,56424.15,0
2026-09-21 09:20:00+05:30,56425.0,56484.8,56388.6,56449.4,0
2026-09-21 09:25:00+05:30,56451.35,56510.95,56442.0,56498.5,0
2026-09-21 09:30:00+05:30,56496.8,56503.75,56441.05,56453.35,0
2026-09-21 09:35:00+05:30,56451.75,56499.0,56421.65,56426.6,0
2026-09-21 09:40:00+05:30,56427.9,56494.2,56412.9,56477.8,0
2026-09-21 09:45:00+05:30,56478.55,56478.55,56426.95,56440.8,0
2026-09-21 09:50:00+05:30,56438.15,56462.2,56407.05,56408.3,0
2026-09-21 09:55:00+05:30,56408.25,56447.75,56400.1,56432.55,0
2026-09-21 10:00:00+05:30,56432.8,56440.1,56370.3,56376.45,0
2026-09-21 10:05:00+05:30,56372.6,56386.45,56342.7,56371.9,0
2026-09-21 10:10:00+05:30,56367.8,56390.5,56328.05,56332.4,0
2026-09-21 10:15:00+05:30,56329.9,56382.55,56328.85,56357.5,0
2026-09-21 10:20:00+05:30,56354.7,56396.9,56351.95,56375.65,0
2026-09-21 10:25:00+05:30,56375.75,56387.8,56356.9,56380.2,0
2026-09-21 10:30:00+05:30,56381.1,56383.1,56338.45,56346.4,0
2026-09-21 10:35:00+05:30,56345.4,56380.75,56345.4,56348.35,0
2026-09-21 10:40:00+05:30,56346.15,56398.1,56344.2,56389.55,0
2026-09-21 10:45:00+05:30,56389.35,56437.15,56388.2,56402.75,0
2026-09-21 10:50:00+05:30,56402.15,56423.0,56397.35,56417.8,0
2026-09-21 10:55:00+05:30,56418.2,56448.45,56394.7,56446.45,0
2026-09-21 11:00:00+05:30,56448.45,56464.95,56426.5,56452.15,0
2026-09-21 11:05:00+05:30,56446.5,56491.9,56439.9,56477.0,0
2026-09-21 11:10:00+05:30,56476.6,56491.35,56470.6,56480.95,0
2026-09-21 11:15:00+05:30,56480.6,56492.5,56441.35,56447.85,0
2026-09-21 11:20:00+05:30,56446.85,56464.85,56432.3,56456.25,0
2026-09-21 11:25:00+05:30,56455.55,56477.65,56448.05,56465.25,0
2026-09-21 11:30:00+05:30,56462.55,56475.75,56447.7,56461.85,0
2026-09-21 11:35:00+05:30,56459.15,56464.2,56436.15,56455.0,0
2026-09-21 11:40:00+05:30,56454.25,56476.95,56447.6,56466.6,0
2026-09-21 11:45:00+05:30,56459.95,56471.15,56439.4,56444.8,0
2026-09-21 11:50:00+05:30,56446.9,56471.6,56445.8,56461.75,0
2026-09-21 11:55:00+05:30,56460.85,56493.4,56453.95,56471.05,0
2026-09-21 12:00:00+05:30,56473.4,56496.3,56471.85,56485.35,0
2026-09-21 12:05:00+05:30,56484.4,56494.0,56450.9,56455.85,0
2026-09-21 12:10:00+05:30,56454.1,56467.75,56442.0,56453.1,0
2026-09-21 12:15:00+05:30,56453.2,56465.25,56428.15,56444.2,0
2026-09-21 12:20:00+05:30,56441.45,56448.3,56394.25,56418.65,0
2026-09-21 12:25:00+05:30,56417.85,56433.75,56406.1,56426.65,0
2026-09-21 12:30:00+05:30,56425.45,56448.6,56406.0,56423.0,0
2026-09-21 12:35:00+05:30,56424.25,56445.55,56415.55,56431.85,0
2026-09-21 12:40:00+05:30,56432.95,56470.0,56430.05,56467.9,0
2026-09-21 12:45:00+05:30,56468.85,56471.4,56455.65,56458.7,0
2026-09-21 12:50:00+05:30,56457.5,56468.6,56444.65,56459.75,0
2026-09-21 12:55:00+05:30,56461.5,56468.9,56439.45,56440.0,0
2026-09-21 13:00:00+05:30,56439.35,56466.9,56427.3,56438.0,0
2026-09-21 13:05:00+05:30,56433.8,56466.1,56430.5,56454.9,0
2026-09-21 13:10:00+05:30,56454.35,56474.8,56447.65,56464.6,0
2026-09-21 13:15:00+05:30,56461.35,56529.25,56461.35,56524.1,0
2026-09-21 13:20:00+05:30,56524.9,56537.5,56493.15,56508.95,0
2026-09-21 13:25:00+05:30,56507.15,56532.7,56505.75,56523.15,0
2026-09-21 13:30:00+05:30,56523.65,56567.45,56510.4,56561.9,0
2026-09-21 13:35:00+05:30,56565.1,56584.3,56561.25,56579.6,0
2026-09-21 13:40:00+05:30,56577.4,56593.35,56559.3,56583.0,0
2026-09-21 13:45:00+05:30,56580.25,56594.45,56562.0,56591.0,0
2026-09-21 13:50:00+05:30,56585.6,56619.8,56584.25,56605.05,0
2026-09-21 13:55:00+05:30,56604.95,56662.85,56604.95,56646.05,0
2026-09-21 14:00:00+05:30,56645.1,56668.2,56632.8,56638.6,0
2026-09-21 14:05:00+05:30,56638.25,56645.7,56615.75,56617.85,0
2026-09-21 14:10:00+05:30,56615.6,56624.85,56597.25,56599.4,0
2026-09-21 14:15:00+05:30,56596.45,56636.7,56596.45,56625.45,0
2026-09-21 14:20:00+05:30,56625.7,56638.35,56600.4,56614.35,0
2026-09-21 14:25:00+05:30,56616.1,56618.2,56587.95,56597.95,0
2026-09-21 14:30:00+05:30,56594.3,56598.05,56560.2,56574.05,0
2026-09-21 14:35:00+05:30,56572.95,56584.1,56561.9,56578.0,0
2026-09-21 14:40:00+05:30,56573.85,56612.1,56573.85,56589.4,0
2026-09-21 14:45:00+05:30,56585.8,56595.15,56564.0,56571.95,0
2026-09-21 14:50:00+05:30,56570.55,56583.8,56542.0,56555.65,0
2026-09-21 14:55:00+05:30,56554.95,56570.4,56539.3,56546.2,0
2026-09-21 15:00:00+05:30,56548.3,56548.3,56500.4,56520.7,0
2026-09-21 15:05:00+05:30,56518.6,56541.95,56513.25,56531.8,0
2026-09-21 15:10:00+05:30,56531.65,56535.65,56473.05,56494.9,0
2026-09-21 15:25:00+05:30,56470.65,56470.65,56470.65,56470.65,0
2026-09-22 09:15:00+05:30,56489.9,56647.6,56483.55,56571.75,0
2026-09-22 09:20:00+05:30,56572.55,56631.1,56558.95,56618.5,0
2026-09-22 09:25:00+05:30,56623.2,56655.9,56551.05,56651.85,0
2026-09-22 09:30:00+05:30,56655.4,56671.1,56574.55,56587.7,0
2026-09-22 09:35:00+05:30,56584.4,56629.15,56580.95,56625.85,0
2026-09-22 09:40:00+05:30,56626.85,56626.95,56587.1,56620.05,0
2026-09-22 09:45:00+05:30,56622.05,56643.6,56596.6,56618.8,0
2026-09-22 09:50:00+05:30,56620.15,56660.25,56610.1,56616.25,0
2026-09-22 09:55:00+05:30,56615.9,56617.8,56586.95,56607.25,0
2026-09-22 10:00:00+05:30,56607.4,56622.85,56570.2,56587.7,0
2026-09-22 10:05:00+05:30,56589.45,56600.95,56550.45,56598.95,0
2026-09-22 10:10:00+05:30,56598.6,56610.25,56577.5,56599.3,0
2026-09-22 10:15:00+05:30,56600.4,56603.35,56561.5,56563.25,0
2026-09-22 10:20:00+05:30,56565.9,56567.4,56494.55,56515.8,0
2026-09-22 10:25:00+05:30,56515.55,56533.3,56498.15,56514.9,0
2026-09-22 10:30:00+05:30,56510.35,56516.05,56422.9,56445.65,0
2026-09-22 10:35:00+05:30,56444.45,56444.45,56390.75,56407.75,0
2026-09-22 10:40:00+05:30,56405.05,56424.7,56339.3,56373.55,0
2026-09-22 10:45:00+05:30,56373.1,56393.7,56357.55,56359.9,0
2026-09-22 10:50:00+05:30,56361.3,56361.65,56318.25,56354.7,0
2026-09-22 10:55:00+05:30,56352.6,56396.55,56347.8,56388.85,0
2026-09-22 11:00:00+05:30,56390.6,56392.2,56326.1,56329.7,0
2026-09-22 11:05:00+05:30,56329.8,56332.4,56291.65,56318.7,0
2026-09-22 11:10:00+05:30,56317.15,56367.65,56315.05,56362.05,0
2026-09-22 11:15:00+05:30,56362.65,56363.25,56328.3,56330.7,0
2026-09-22 11:20:00+05:30,56332.55,56361.4,56325.4,56354.65,0
2026-09-22 11:25:00+05:30,56356.3,56371.65,56337.8,56344.2,0
2026-09-22 11:30:00+05:30,56345.8,56349.95,56296.6,56296.6,0
2026-09-22 11:35:00+05:30,56295.2,56298.7,56262.25,56263.85,0
2026-09-22 11:40:00+05:30,56268.45,56276.3,56250.1,56259.4,0
2026-09-22 11:45:00+05:30,56260.7,56262.2,56225.1,56255.35,0
2026-09-22 11:50:00+05:30,56257.15,56271.4,56228.25,56228.25,0
2026-09-22 11:55:00+05:30,56228.95,56269.0,56215.25,56265.75,0
2026-09-22 12:00:00+05:30,56264.15,56289.95,56253.8,56277.1,0
2026-09-22 12:05:00+05:30,56278.25,56296.7,56267.05,56294.2,0
2026-09-22 12:10:00+05:30,56293.9,56298.55,56259.9,56265.6,0
2026-09-22 12:15:00+05:30,56266.2,56298.15,56247.7,56294.05,0
2026-09-22 12:20:00+05:30,56293.3,56298.55,56276.5,56279.3,0
2026-09-22 12:25:00+05:30,56277.3,56299.4,56269.75,56276.0,0
2026-09-22 12:30:00+05:30,56276.6,56294.5,56255.5,56293.6,0
2026-09-22 12:35:00+05:30,56290.15,56299.0,56259.05,56263.7,0
2026-09-22 12:40:00+05:30,56266.8,56273.0,56208.75,56209.3,0
2026-09-22 12:45:00+05:30,56208.85,56245.4,56194.8,56213.75,0
2026-09-22 12:50:00+05:30,56214.05,56223.1,56189.25,56201.35,0
2026-09-22 12:55:00+05:30,56204.15,56214.45,56181.95,56194.2,0
2026-09-22 13:00:00+05:30,56195.95,56198.7,56154.35,56165.5,0
2026-09-22 13:05:00+05:30,56165.35,56204.6,56163.45,56199.85,0
2026-09-22 13:10:00+05:30,56200.6,56214.1,56179.3,56198.95,0
2026-09-22 13:15:00+05:30,56200.1,56210.65,56175.95,56195.35,0
2026-09-22 13:20:00+05:30,56195.6,56195.6,56162.5,56177.75,0
2026-09-22 13:25:00+05:30,56175.85,56195.45,56164.35,56187.05,0
2026-09-22 13:30:00+05:30,56185.4,56207.85,56183.35,56194.5,0
2026-09-22 13:35:00+05:30,56197.8,56215.75,56190.75,56207.35,0
2026-09-22 13:40:00+05:30,56209.7,56221.45,56187.95,56193.6,0
2026-09-22 13:45:00+05:30,56193.7,56193.7,56160.5,56180.95,0
2026-09-22 13:50:00+05:30,56181.5,56188.15,56112.2,56130.15,0
2026-09-22 13:55:00+05:30,56132.85,56165.3,56127.45,56146.0,0
2026-09-22 14:00:00+05:30,56147.2,56158.65,56106.95,56150.05,0
2026-09-22 14:05:00+05:30,56153.25,56170.05,56132.7,56169.5,0
2026-09-22 14:10:00+05:30,56172.3,56364.25,56170.0,56352.7,0
2026-09-22 14:15:00+05:30,56358.85,56394.95,56289.55,56327.05,0
2026-09-22 14:20:00+05:30,56323.35,56372.45,56307.55,56313.1,0
2026-09-22 14:25:00+05:30,56313.75,56359.2,56308.3,56344.6,0
2026-09-22 14:30:00+05:30,56346.1,56364.05,56304.5,56312.95,0
2026-09-22 14:35:00+05:30,56313.55,56342.3,56290.55,56296.5,0
2026-09-22 14:40:00+05:30,56302.5,56310.1,56233.1,56263.45,0
2026-09-22 14:45:00+05:30,56264.0,56300.0,56260.15,56272.6,0
2026-09-22 14:50:00+05:30,56272.2,56297.2,56256.05,56273.75,0
2026-09-22 14:55:00+05:30,56279.45,56283.05,56224.05,56243.3,0
2026-09-22 15:00:00+05:30,56245.15,56287.45,56231.95,56277.05,0
2026-09-22 15:05:00+05:30,56275.2,56286.15,56245.8,56268.65,0
2026-09-22 15:10:00+05:30,56271.25,56306.05,56250.1,56280.95,0
2026-09-22 15:25:00+05:30,56215.55,56215.55,56215.55,56215.55,0
2026-09-23 09:15:00+05:30,56209.65,56424.7,56209.65,56377.05,0
2026-09-23 09:20:00+05:30,56379.6,56437.15,56338.7,56349.0,0
2026-09-23 09:25:00+05:30,56344.45,56361.5,56296.55,56345.45,0
2026-09-23 09:30:00+05:30,56346.3,56397.8,56346.05,56393.35,0
2026-09-23 09:35:00+05:30,56392.9,56411.5,56364.75,56371.95,0
2026-09-23 09:40:00+05:30,56374.15,56409.15,56372.8,56401.65,0
2026-09-23 09:45:00+05:30,56407.8,56429.1,56375.7,56385.65,0
2026-09-23 09:50:00+05:30,56388.9,56404.9,56338.5,56352.9,0
2026-09-23 09:55:00+05:30,56353.45,56457.85,56353.45,56455.65,0
2026-09-23 10:00:00+05:30,56454.95,56503.35,56453.9,56479.8,0
2026-09-23 10:05:00+05:30,56479.85,56484.8,56445.5,56469.45,0
2026-09-23 10:10:00+05:30,56471.2,56478.9,56441.6,56475.3,0
2026-09-23 10:15:00+05:30,56478.25,56516.5,56473.4,56505.7,0
2026-09-23 10:20:00+05:30,56504.85,56520.2,56477.55,56484.45,0
2026-09-23 10:25:00+05:30,56485.65,56529.1,56482.45,56523.15,0
2026-09-23 10:30:00+05:30,56524.9,56535.85,56500.15,56510.6,0
2026-09-23 10:35:00+05:30,56510.1,56552.05,56488.1,56537.35,0
2026-09-23 10:40:00+05:30,56539.9,56548.85,56513.05,56545.85,0
2026-09-23 10:45:00+05:30,56548.4,56569.3,56527.5,56535.55,0
2026-09-23 10:50:00+05:30,56536.4,56581.6,56531.3,56558.75,0
2026-09-23 10:55:00+05:30,56560.0,56606.2,56555.2,56593.35,0
2026-09-23 11:00:00+05:30,56591.7,56597.0,56559.75,56569.8,0
2026-09-23 11:05:00+05:30,56571.8,56615.65,56560.65,56605.75,0
2026-09-23 11:10:00+05:30,56607.45,56623.8,56588.75,56609.85,0
2026-09-23 11:15:00+05:30,56609.7,56611.6,56542.5,56545.5,0
2026-09-23 11:20:00+05:30,56546.15,56574.1,56542.55,56571.85,0
2026-09-23 11:25:00+05:30,56572.55,56587.55,56549.3,56561.6,0
2026-09-23 11:30:00+05:30,56561.9,56586.45,56544.35,56579.4,0
2026-09-23 11:35:00+05:30,56580.05,56580.05,56554.45,56572.0,0
2026-09-23 11:40:00+05:30,56573.85,56597.6,56571.85,56581.0,0
2026-09-23 11:45:00+05:30,56584.1,56588.1,56541.95,56543.15,0
2026-09-23 11:50:00+05:30,56544.0,56561.4,56523.75,56546.95,0
2026-09-23 11:55:00+05:30,56549.75,56549.75,56515.3,56529.0,0
2026-09-23 12:00:00+05:30,56531.55,56572.85,56520.75,56567.55,0
2026-09-23 12:05:00+05:30,56565.45,56599.8,56548.6,56560.65,0
2026-09-23 12:10:00+05:30,56560.8,56585.2,56555.65,56573.4,0
2026-09-23 12:15:00+05:30,56574.4,56584.1,56555.65,56578.5,0
2026-09-23 12:20:00+05:30,56585.85,56592.25,56548.0,56562.2,0
2026-09-23 12:25:00+05:30,56564.85,56582.1,56544.8,56567.8,0
2026-09-23 12:30:00+05:30,56571.45,56605.95,56560.9,56590.05,0
2026-09-23 12:35:00+05:30,56590.0,56603.65,56567.7,56571.15,0
2026-09-23 12:40:00+05:30,56569.35,56586.75,56566.7,56575.85,0
2026-09-23 12:45:00+05:30,56577.7,56579.05,56541.65,56550.6,0
2026-09-23 12:50:00+05:30,56552.55,56566.45,56524.95,56533.7,0
2026-09-23 12:55:00+05:30,56535.8,56564.35,56526.0,56557.95,0
2026-09-23 13:00:00+05:30,56559.95,56606.1,56548.35,56601.0,0
2026-09-23 13:05:00+05:30,56601.15,56623.05,56578.0,56593.65,0
2026-09-23 13:10:00+05:30,56596.0,56599.9,56564.85,56572.05,0
2026-09-23 13:15:00+05:30,56572.9,56590.45,56557.5,56564.4,0
2026-09-23 13:20:00+05:30,56563.45,56587.0,56555.45,56577.25,0
2026-09-23 13:25:00+05:30,56579.75,56586.9,56557.1,56559.1,0
2026-09-23 13:30:00+05:30,56560.25,56564.35,56524.3,56536.85,0
2026-09-23 13:35:00+05:30,56540.95,56550.15,56512.7,56541.55,0
2026-09-23 13:40:00+05:30,56543.2,56570.45,56532.4,56567.5,0
2026-09-23 13:45:00+05:30,56570.25,56574.25,56553.95,56569.5,0
2026-09-23 13:50:00+05:30,56567.5,56574.15,56548.3,56571.3,0
2026-09-23 13:55:00+05:30,56570.9,56577.1,56545.4,56548.25,0
2026-09-23 14:00:00+05:30,56549.35,56574.55,56545.45,56565.65,0
2026-09-23 14:05:00+05:30,56566.0,56596.05,56560.55,56594.35,0
2026-09-23 14:10:00+05:30,56595.9,56612.8,56592.4,56603.25,0
2026-09-23 14:15:00+05:30,56603.95,56608.85,56581.9,56584.2,0
2026-09-23 14:20:00+05:30,56585.65,56608.1,56566.7,56595.65,0
2026-09-23 14:25:00+05:30,56598.8,56613.2,56588.55,56610.9,0
2026-09-23 14:30:00+05:30,56612.1,56618.9,56569.65,56573.75,0
2026-09-23 14:35:00+05:30,56574.7,56577.05,56550.05,56571.3,0
2026-09-23 14:40:00+05:30,56575.2,56583.9,56546.35,56553.65,0
2026-09-23 14:45:00+05:30,56557.7,56563.5,56526.35,56541.85,0
2026-09-23 14:50:00+05:30,56541.65,56551.65,56525.7,56532.55,0
2026-09-23 14:55:00+05:30,56531.4,56537.15,56497.85,56514.2,0
2026-09-23 15:00:00+05:30,56513.45,56521.35,56465.4,56477.2,0
2026-09-23 15:05:00+05:30,56480.4,56512.7,56478.55,56498.35,0
2026-09-23 15:10:00+05:30,56495.2,56552.35,56486.05,56542.85,0
2026-09-23 15:25:00+05:30,56548.9,56548.9,56548.9,56548.9,0
2026-09-24 09:15:00+05:30,55710.6,55918.4,55621.45,55659.5,0
2026-09-24 09:20:00+05:30,55655.85,55779.55,55641.5,55742.55,0
2026-09-24 09:25:00+05:30,55739.7,55748.1,55678.25,55712.0,0
2026-09-24 09:30:00+05:30,55707.8,55709.15,55641.75,55680.95,0
2026-09-24 09:35:00+05:30,55680.25,55696.85,55601.25,55609.75,0
2026-09-24 09:40:00+05:30,55614.85,55634.55,55523.7,55529.25,0
2026-09-24 09:45:00+05:30,55528.15,55593.55,55505.85,55588.4,0
2026-09-24 09:50:00+05:30,55587.85,55602.75,55540.85,55551.15,0
2026-09-24 09:55:00+05:30,55550.9,55592.25,55532.25,55586.9,0
2026-09-24 10:00:00+05:30,55587.75,55663.0,55578.45,55644.5,0
2026-09-24 10:05:00+05:30,55642.05,55676.65,55608.3,55669.6,0
2026-09-24 10:10:00+05:30,55669.9,55675.9,55580.4,55594.6,0
2026-09-24 10:15:00+05:30,55592.25,55601.45,55545.65,55587.25,0
2026-09-24 10:20:00+05:30,55586.95,55593.1,55529.15,55547.0,0
2026-09-24 10:25:00+05:30,55547.95,55566.65,55523.5,55551.15,0
2026-09-24 10:30:00+05:30,55551.5,55598.4,55543.4,55583.9,0
2026-09-24 10:35:00+05:30,55581.7,55613.05,55563.8,55594.55,0
2026-09-24 10:40:00+05:30,55590.55,55596.15,55547.7,55565.85,0
2026-09-24 10:45:00+05:30,55566.1,55592.15,55563.9,55584.25,0
2026-09-24 10:50:00+05:30,55585.2,55624.5,55571.95,55614.8,0
2026-09-24 10:55:00+05:30,55608.15,55629.35,55597.55,55621.6,0
2026-09-24 11:00:00+05:30,55623.75,55632.35,55606.85,55622.4,0
2026-09-24 11:05:00+05:30,55622.45,55624.6,55574.8,55578.4,0
2026-09-24 11:10:00+05:30,55578.2,55601.0,55550.95,55588.25,0
2026-09-24 11:15:00+05:30,55585.9,55665.35,55578.8,55665.35,0
2026-09-24 11:20:00+05:30,55666.35,55670.75,55599.1,55600.85,0
2026-09-24 11:25:00+05:30,55599.9,55620.6,55588.1,55600.35,0
2026-09-24 11:30:00+05:30,55598.95,55606.45,55553.1,55564.05,0
2026-09-24 11:35:00+05:30,55560.65,55611.5,55559.05,55611.5,0
2026-09-24 11:40:00+05:30,55610.5,55616.95,55587.4,55591.7,0
2026-09-24 11:45:00+05:30,55593.45,55613.0,55580.3,55595.15,0
2026-09-24 11:50:00+05:30,55593.85,55605.8,55579.05,55598.3,0
2026-09-24 11:55:00+05:30,55596.6,55601.8,55570.75,55601.8,0
2026-09-24 12:00:00+05:30,55599.4,55628.75,55584.75,55613.6,0
2026-09-24 12:05:00+05:30,55610.75,55611.0,55580.95,55595.05,0
2026-09-24 12:10:00+05:30,55594.6,55610.25,55567.8,55572.9,0
2026-09-24 12:15:00+05:30,55566.75,55595.25,55566.75,55591.25,0
2026-09-24 12:20:00+05:30,55593.55,55620.05,55575.8,55596.65,0
2026-09-24 12:25:00+05:30,55598.05,55616.7,55549.0,55598.85,0
2026-09-24 12:30:00+05:30,55599.3,55625.65,55561.8,55597.0,0
2026-09-24 12:35:00+05:30,55597.15,55618.05,55564.2,55600.55,0
2026-09-24 12:40:00+05:30,55599.45,55634.15,55591.25,55596.2,0
2026-09-24 12:45:00+05:30,55596.55,55611.95,55580.2,55589.35,0
2026-09-24 12:50:00+05:30,55587.65,55613.85,55560.15,55565.35,0
2026-09-24 12:55:00+05:30,55563.4,55592.45,55560.05,55586.3,0
2026-09-24 13:00:00+05:30,55584.95,55625.2,55582.1,55616.6,0
2026-09-24 13:05:00+05:30,55615.7,55633.7,55589.1,55612.2,0
2026-09-24 13:10:00+05:30,55608.85,55656.5,55602.95,55647.5,0
2026-09-24 13:15:00+05:30,55647.55,55661.6,55634.05,55641.45,0
2026-09-24 13:20:00+05:30,55642.2,55644.15,55619.75,55640.5,0
2026-09-24 13:25:00+05:30,55637.5,55644.0,55542.8,55570.05,0
2026-09-24 13:30:00+05:30,55567.45,55615.25,55566.25,55588.2,0
2026-09-24 13:35:00+05:30,55584.1,55591.3,55549.05,55555.85,0
2026-09-24 13:40:00+05:30,55550.5,55567.1,55443.95,55455.35,0
2026-09-24 13:45:00+05:30,55458.2,55486.5,55377.45,55467.0,0
2026-09-24 13:50:00+05:30,55468.1,55483.9,55388.6,55402.0,0
2026-09-24 13:55:00+05:30,55401.95,55422.1,55341.2,55368.05,0
2026-09-24 14:00:00+05:30,55366.3,55484.25,55362.3,55400.95,0
2026-09-24 14:05:00+05:30,55401.05,55447.45,55401.05,55440.65,0
2026-09-24 14:10:00+05:30,55441.1,55455.1,55418.65,55452.0,0
2026-09-24 14:15:00+05:30,55452.65,55474.0,55422.9,55430.95,0
2026-09-24 14:20:00+05:30,55431.5,55457.45,55375.2,55403.45,0
2026-09-24 14:25:00+05:30,55403.1,55451.45,55401.7,55432.3,0
2026-09-24 14:30:00+05:30,55430.8,55467.35,55412.3,55453.95,0
2026-09-24 14:35:00+05:30,55453.4,55564.3,55453.35,55559.05,0
2026-09-24 14:40:00+05:30,55558.5,55569.9,55498.25,55521.0,0
2026-09-24 14:45:00+05:30,55520.1,55570.7,55513.5,55561.95,0
2026-09-24 14:50:00+05:30,55556.9,55613.75,55556.9,55605.3,0
2026-09-24 14:55:00+05:30,55603.55,55627.8,55552.05,55559.55,0
2026-09-24 15:00:00+05:30,55560.5,55598.05,55536.05,55591.75,0
2026-09-24 15:05:00+05:30,55591.3,55591.9,55514.3,55547.25,0
2026-09-24 15:10:00+05:30,55539.65,55553.45,55442.25,55464.45,0
2026-09-24 15:25:00+05:30,55438.5,55438.5,55438.5,55438.5,0
2026-09-25 09:15:00+05:30,55373.75,55645.2,55373.75,55578.4,0
2026-09-25 09:20:00+05:30,55572.55,55604.4,55528.55,55559.1,0
2026-09-25 09:25:00+05:30,55561.85,55619.5,55552.8,55599.5,0
2026-09-25 09:30:00+05:30,55597.45,55610.6,55543.25,55572.6,0
2026-09-25 09:35:00+05:30,55575.85,55579.7,55473.3,55476.8,0
2026-09-25 09:40:00+05:30,55477.05,55494.7,55404.05,55437.75,0
2026-09-25 09:45:00+05:30,55436.6,55480.5,55428.35,55433.35,0
2026-09-25 09:50:00+05:30,55436.2,55459.45,55400.8,55439.1,0
2026-09-25 09:55:00+05:30,55439.0,55460.9,55412.3,55456.5,0
2026-09-25 10:00:00+05:30,55456.9,55517.9,55448.3,55512.9,0
2026-09-25 10:05:00+05:30,55511.75,55625.5,55497.55,55616.55,0
2026-09-25 10:10:00+05:30,55621.45,55653.4,55576.45,55591.45,0
2026-09-25 10:15:00+05:30,55589.0,55610.3,55565.55,55574.9,0
2026-09-25 10:20:00+05:30,55570.1,55595.6,55541.3,55541.3,0
2026-09-25 10:25:00+05:30,55541.2,55564.85,55509.7,55542.55,0
2026-09-25 10:30:00+05:30,55537.15,55576.6,55504.1,55504.1,0
2026-09-25 10:35:00+05:30,55508.0,55539.9,55486.15,55526.6,0
2026-09-25 10:40:00+05:30,55525.65,55539.9,55502.9,55508.1,0
2026-09-25 10:45:00+05:30,55509.45,55511.1,55475.25,55504.15,0
2026-09-25 10:50:00+05:30,55504.2,55517.95,55491.2,55509.15,0
2026-09-25 10:55:00+05:30,55512.25,55531.6,55503.85,55521.1,0
2026-09-25 11:00:00+05:30,55522.45,55585.55,55514.25,55568.55,0
2026-09-25 11:05:00+05:30,55570.05,55614.75,55567.65,55604.35,0
2026-09-25 11:10:00+05:30,55603.75,55622.35,55582.9,55606.35,0
2026-09-25 11:15:00+05:30,55607.8,55629.9,55592.7,55612.15,0
2026-09-25 11:20:00+05:30,55613.95,55639.0,55581.95,55582.4,0
2026-09-25 11:25:00+05:30,55581.4,55585.55,55557.1,55582.85,0
2026-09-25 11:30:00+05:30,55585.9,55612.6,55571.85,55593.0,0
2026-09-25 11:35:00+05:30,55592.55,55609.65,55574.25,55607.95,0
2026-09-25 11:40:00+05:30,55609.4,55617.3,55588.55,55604.9,0
2026-09-25 11:45:00+05:30,55603.3,55615.75,55590.9,55600.95,0
2026-09-25 11:50:00+05:30,55600.1,55618.3,55596.6,55614.05,0
2026-09-25 11:55:00+05:30,55615.85,55621.3,55594.25,55603.9,0
2026-09-25 12:00:00+05:30,55603.1,55612.1,55547.1,55572.35,0
2026-09-25 12:05:00+05:30,55568.9,55597.85,55552.65,55595.3,0
2026-09-25 12:10:00+05:30,55597.2,55615.95,55579.75,55594.65,0
2026-09-25 12:15:00+05:30,55594.2,55604.85,55575.9,55584.45,0
2026-09-25 12:20:00+05:30,55583.6,55585.7,55554.8,55559.7,0
2026-09-25 12:25:00+05:30,55563.15,55580.65,55549.15,55570.9,0
2026-09-25 12:30:00+05:30,55577.2,55609.6,55568.1,55579.05,0
2026-09-25 12:35:00+05:30,55582.75,55587.05,55543.25,55575.5,0
2026-09-25 12:40:00+05:30,55579.25,55581.0,55531.65,55539.85,0
2026-09-25 12:45:00+05:30,55539.45,55549.2,55512.95,55516.35,0
2026-09-25 12:50:00+05:30,55516.85,55518.55,55476.75,55481.75,0
2026-09-25 12:55:00+05:30,55482.85,55500.7,55424.3,55496.05,0
2026-09-25 13:00:00+05:30,55497.35,55527.2,55488.3,55492.85,0
2026-09-25 13:05:00+05:30,55494.4,55531.4,55486.65,55531.4,0
2026-09-25 13:10:00+05:30,55529.7,55546.95,55510.45,55519.25,0
2026-09-25 13:15:00+05:30,55514.95,55527.05,55499.05,55511.65,0
2026-09-25 13:20:00+05:30,55512.95,55522.4,55490.15,55503.3,0
2026-09-25 13:25:00+05:30,55503.6,55526.6,55494.85,55508.0,0
2026-09-25 13:30:00+05:30,55510.4,55515.35,55462.3,55468.9,0
2026-09-25 13:35:00+05:30,55467.1,55485.5,55449.6,55462.45,0
2026-09-25 13:40:00+05:30,55466.3,55508.65,55461.1,55492.8,0
2026-09-25 13:45:00+05:30,55489.4,55534.35,55484.4,55505.8,0
2026-09-25 13:50:00+05:30,55504.95,55509.05,55487.0,55503.85,0
2026-09-25 13:55:00+05:30,55504.55,55542.7,55492.75,55542.1,0
2026-09-25 14:00:00+05:30,55543.45,55762.6,55541.1,55707.6,0
2026-09-25 14:05:00+05:30,55709.75,55721.2,55608.35,55618.2,0
2026-09-25 14:10:00+05:30,55621.8,55671.55,55618.7,55629.55,0
2026-09-25 14:15:00+05:30,55630.9,55693.2,55630.3,55665.65,0
2026-09-25 14:20:00+05:30,55664.25,55694.05,55649.25,55662.45,0
2026-09-25 14:25:00+05:30,55666.95,55709.7,55624.2,55651.7,0
2026-09-25 14:30:00+05:30,55658.15,55708.6,55650.85,55690.6,0
2026-09-25 14:35:00+05:30,55693.4,55711.05,55668.85,55700.4,0
2026-09-25 14:40:00+05:30,55702.55,55705.2,55632.4,55655.2,0
2026-09-25 14:45:00+05:30,55653.95,55666.25,55565.65,55596.8,0
2026-09-25 14:50:00+05:30,55600.7,55646.45,55572.1,55640.35,0
2026-09-25 14:55:00+05:30,55641.6,55645.3,55543.0,55569.65,0
2026-09-25 15:00:00+05:30,55565.35,55576.4,55506.05,55522.6,0
2026-09-25 15:05:00+05:30,55527.05,55528.45,55447.35,55459.7,0
2026-09-25 15:10:00+05:30,55459.15,55535.4,55459.15,55522.5,0
2026-09-25 15:25:00+05:30,55580.4,55580.4,55580.4,55580.4,0
2026-09-28 09:15:00+05:30,55347.8,55390.1,54939.0,54942.0,0
2026-09-28 09:20:00+05:30,54941.4,54957.15,54867.7,54927.3,0
2026-09-28 09:25:00+05:30,54928.25,54930.35,54854.0,54906.3,0
2026-09-28 09:30:00+05:30,54908.75,54912.3,54800.5,54814.85,0
2026-09-28 09:35:00+05:30,54818.05,54820.55,54697.45,54716.05,0
2026-09-28 09:40:00+05:30,54717.55,54764.35,54697.35,54705.0,0
2026-09-28 09:45:00+05:30,54707.8,54767.55,54705.55,54739.0,0
2026-09-28 09:50:00+05:30,54739.65,54751.2,54695.05,54700.05,0
2026-09-28 09:55:00+05:30,54702.25,54750.15,54691.55,54738.85,0
2026-09-28 10:00:00+05:30,54738.9,54744.05,54686.85,54697.3,0
2026-09-28 10:05:00+05:30,54699.75,54704.2,54600.1,54604.0,0
2026-09-28 10:10:00+05:30,54603.0,54663.7,54601.25,54642.55,0
2026-09-28 10:15:00+05:30,54639.65,54644.85,54592.5,54640.25,0
2026-09-28 10:20:00+05:30,54638.55,54671.6,54609.75,54622.75,0
2026-09-28 10:25:00+05:30,54621.9,54640.1,54583.85,54631.25,0
2026-09-28 10:30:00+05:30,54630.65,54650.85,54614.25,54620.9,0
2026-09-28 10:35:00+05:30,54620.65,54641.25,54586.35,54589.15,0
2026-09-28 10:40:00+05:30,54589.0,54599.65,54551.9,54567.8,0
2026-09-28 10:45:00+05:30,54568.7,54587.15,54544.3,54551.6,0
2026-09-28 10:50:00+05:30,54552.1,54580.8,54531.75,54576.5,0
2026-09-28 10:55:00+05:30,54580.25,54626.15,54578.65,54604.25,0
2026-09-28 11:00:00+05:30,54604.75,54607.85,54555.7,54562.5,0
2026-09-28 11:05:00+05:30,54564.55,54571.95,54517.05,54532.05,0
2026-09-28 11:10:00+05:30,54531.75,54532.75,54506.7,54520.65,0
2026-09-28 11:15:00+05:30,54522.85,54552.6,54494.4,54546.9,0
2026-09-28 11:20:00+05:30,54550.05,54570.45,54535.6,54545.3,0
2026-09-28 11:25:00+05:30,54545.05,54577.45,54525.9,54572.8,0
2026-09-28 11:30:00+05:30,54573.75,54599.75,54541.9,54553.3,0
2026-09-28 11:35:00+05:30,54553.6,54610.55,54542.45,54605.25,0
2026-09-28 11:40:00+05:30,54605.4,54653.55,54602.1,54639.9,0
2026-09-28 11:45:00+05:30,54639.25,54660.55,54608.95,54615.7,0
2026-09-28 11:50:00+05:30,54619.65,54621.4,54579.4,54591.5,0
2026-09-28 11:55:00+05:30,54593.55,54613.85,54553.05,54599.2,0
2026-09-28 12:00:00+05:30,54598.05,54610.65,54568.8,54576.9,0
2026-09-28 12:05:00+05:30,54575.55,54616.25,54569.3,54592.8,0
2026-09-28 12:10:00+05:30,54591.8,54614.4,54572.75,54592.0,0
2026-09-28 12:15:00+05:30,54594.25,54598.85,54563.55,54596.85,0
2026-09-28 12:20:00+05:30,54595.4,54610.1,54578.45,54608.75,0
2026-09-28 12:25:00+05:30,54608.1,54647.7,54599.95,54642.85,0
2026-09-28 12:30:00+05:30,54641.7,54651.85,54594.6,54611.4,0
2026-09-28 12:35:00+05:30,54612.3,54612.7,54578.4,54584.5,0
2026-09-28 12:40:00+05:30,54585.6,54619.4,54573.6,54593.15,0
2026-09-28 12:45:00+05:30,54593.65,54608.0,54575.0,54602.85,0
2026-09-28 12:50:00+05:30,54602.25,54612.5,54565.2,54594.55,0
2026-09-28 12:55:00+05:30,54593.35,54596.0,54558.3,54572.8,0
2026-09-28 13:00:00+05:30,54572.75,54595.05,54547.0,54548.9,0
2026-09-28 13:05:00+05:30,54552.35,54574.6,54523.6,54562.2,0
2026-09-28 13:10:00+05:30,54563.25,54599.1,54560.2,54571.4,0
2026-09-28 13:15:00+05:30,54570.1,54589.7,54561.15,54578.95,0
2026-09-28 13:20:00+05:30,54579.6,54611.55,54559.65,54601.9,0
2026-09-28 13:25:00+05:30,54602.05,54627.55,54592.8,54623.65,0
2026-09-28 13:30:00+05:30,54622.35,54628.55,54561.45,54564.5,0
2026-09-28 13:35:00+05:30,54565.85,54582.8,54544.65,54578.8,0
2026-09-28 13:40:00+05:30,54577.6,54593.1,54553.5,54579.2,0
2026-09-28 13:45:00+05:30,54580.0,54600.5,54543.8,54566.3,0
2026-09-28 13:50:00+05:30,54566.65,54599.5,54557.5,54561.85,0
2026-09-28 13:55:00+05:30,54564.55,54591.7,54552.75,54581.55,0
2026-09-28 14:00:00+05:30,54582.6,54593.25,54552.35,54566.65,0
2026-09-28 14:05:00+05:30,54567.2,54581.55,54540.65,54551.95,0
2026-09-28 14:10:00+05:30,54554.5,54581.25,54535.7,54560.95,0
2026-09-28 14:15:00+05:30,54563.95,54571.4,54474.3,54488.25,0
2026-09-28 14:20:00+05:30,54490.95,54529.8,54487.6,54515.55,0
2026-09-28 14:25:00+05:30,54518.9,54543.25,54513.55,54518.25,0
2026-09-28 14:30:00+05:30,54516.65,54547.95,54477.75,54489.2,0
2026-09-28 14:35:00+05:30,54491.2,54509.05,54437.7,54453.35,0
2026-09-28 14:40:00+05:30,54454.75,54484.0,54441.55,54457.2,0
2026-09-28 14:45:00+05:30,54456.55,54529.1,54451.55,54521.25,0
2026-09-28 14:50:00+05:30,54523.65,54530.05,54499.05,54512.1,0
2026-09-28 14:55:00+05:30,54513.8,54516.6,54479.7,54492.85,0
2026-09-28 15:00:00+05:30,54494.25,54512.75,54470.3,54499.3,0
2026-09-28 15:05:00+05:30,54501.1,54501.1,54462.45,54480.5,0
2026-09-28 15:10:00+05:30,54478.85,54512.6,54447.4,54467.7,0
2026-09-28 15:25:00+05:30,54471.65,54471.65,54471.65,54471.65,0
