timestamp,open,high,low,close,volume
2026-08-25 09:15:00,57360.65,57418.1,57231.25,57287.85,0
2026-08-25 09:16:00,57290.2,57304.0,57241.05,57299.0,0
2026-08-25 09:17:00,57297.9,57336.5,57283.3,57300.4,0
2026-08-25 09:18:00,57301.25,57383.15,57301.25,57382.0,0
2026-08-25 09:19:00,57381.7,57458.3,57363.35,57456.0,0
2026-08-25 09:20:00,57451.85,57508.6,57446.2,57505.9,0
2026-08-25 09:21:00,57503.85,57561.95,57492.0,57552.7,0
2026-08-25 09:22:00,57555.6,57555.6,57489.35,57496.35,0
2026-08-25 09:23:00,57494.05,57514.35,57470.8,57503.2,0
2026-08-25 09:24:00,57511.35,57512.45,57487.05,57495.35,0
2026-08-25 09:25:00,57493.55,57533.1,57487.5,57520.45,0
2026-08-25 09:26:00,57520.1,57536.6,57514.2,57518.15,0
2026-08-25 09:27:00,57522.2,57568.45,57518.05,57560.2,0
2026-08-25 09:28:00,57561.75,57561.75,57540.15,57551.05,0
2026-08-25 09:29:00,57549.8,57559.9,57538.15,57550.6,0
2026-08-25 09:30:00,57550.55,57576.0,57549.3,57572.3,0
2026-08-25 09:31:00,57575.9,57607.1,57573.65,57604.65,0
2026-08-25 09:32:00,57605.35,57613.7,57595.25,57607.15,0
2026-08-25 09:33:00,57608.5,57631.6,57599.45,57616.35,0
2026-08-25 09:34:00,57618.65,57653.85,57617.95,57620.55,0
2026-08-25 09:35:00,57623.45,57630.45,57589.95,57590.4,0
2026-08-25 09:36:00,57594.3,57594.3,57560.4,57560.4,0
2026-08-25 09:37:00,57567.75,57567.75,57531.05,57534.05,0
2026-08-25 09:38:00,57539.4,57555.25,57532.9,57534.7,0
2026-08-25 09:39:00,57532.85,57569.75,57513.9,57544.3,0
2026-08-25 09:40:00,57547.85,57557.65,57521.75,57524.1,0
2026-08-25 09:41:00,57527.75,57531.9,57500.55,57501.5,0
2026-08-25 09:42:00,57499.45,57522.8,57494.1,57511.0,0
2026-08-25 09:43:00,57514.95,57530.55,57511.9,57524.15,0
2026-08-25 09:44:00,57527.35,57529.9,57511.05,57517.7,0
2026-08-25 09:45:00,57519.95,57521.5,57502.1,57506.5,0
2026-08-25 09:46:00,57510.7,57539.9,57503.9,57536.95,0
2026-08-25 09:47:00,57536.4,57544.6,57529.75,57537.35,0
2026-08-25 09:48:00,57542.85,57545.95,57515.4,57517.55,0
2026-08-25 09:49:00,57522.7,57527.6,57500.5,57506.65,0
2026-08-25 09:50:00,57509.6,57520.85,57492.85,57499.55,0
2026-08-25 09:51:00,57501.75,57503.5,57485.6,57495.9,0
2026-08-25 09:52:00,57499.2,57499.9,57465.7,57469.65,0
2026-08-25 09:53:00,57472.2,57478.4,57457.85,57460.6,0
2026-08-25 09:54:00,57462.85,57496.5,57456.6,57481.55,0
2026-08-25 09:55:00,57483.25,57492.35,57477.7,57485.55,0
2026-08-25 09:56:00,57488.5,57501.4,57479.95,57501.35,0
2026-08-25 09:57:00,57503.65,57511.3,57496.5,57508.0,0
2026-08-25 09:58:00,57507.3,57510.55,57473.6,57489.65,0
2026-08-25 09:59:00,57493.15,57506.15,57487.35,57493.8,0
2026-08-25 10:00:00,57497.9,57510.55,57485.25,57503.25,0
2026-08-25 10:01:00,57507.8,57520.4,57486.45,57487.15,0
2026-08-25 10:02:00,57492.05,57493.0,57479.7,57493.0,0
2026-08-25 10:03:00,57495.25,57498.1,57483.95,57490.7,0
2026-08-25 10:04:00,57494.9,57507.55,57474.9,57503.8,0
2026-08-25 10:05:00,57505.05,57523.15,57496.9,57505.9,0
2026-08-25 10:06:00,57508.6,57511.6,57492.35,57492.75,0
2026-08-25 10:07:00,57500.3,57503.1,57486.75,57488.55,0
2026-08-25 10:08:00,57492.85,57494.95,57477.05,57480.65,0
2026-08-25 10:09:00,57487.1,57488.1,57474.95,57479.3,0
2026-08-25 10:10:00,57477.2,57494.55,57475.25,57488.35,0
2026-08-25 10:11:00,57495.35,57500.05,57483.95,57487.05,0
2026-08-25 10:12:00,57493.1,57493.1,57470.3,57472.85,0
2026-08-25 10:13:00,57474.9,57483.25,57464.0,57480.75,0
2026-08-25 10:14:00,57483.2,57484.5,57465.55,57478.3,0
2026-08-25 10:15:00,57479.0,57479.0,57457.15,57465.1,0
2026-08-25 10:16:00,57468.5,57468.85,57452.0,57464.6,0
2026-08-25 10:17:00,57461.95,57462.75,57442.45,57451.25,0
2026-08-25 10:18:00,57453.65,57454.95,57436.05,57451.95,0
2026-08-25 10:19:00,57451.25,57451.25,57432.6,57433.75,0
2026-08-25 10:20:00,57439.05,57439.1,57409.0,57414.35,0
2026-08-25 10:21:00,57416.7,57422.7,57407.6,57410.95,0
2026-08-25 10:22:00,57409.0,57412.3,57395.55,57398.55,0
2026-08-25 10:23:00,57400.9,57401.45,57382.9,57388.2,0
2026-08-25 10:24:00,57394.0,57408.2,57386.9,57395.45,0
2026-08-25 10:25:00,57398.85,57398.85,57379.75,57385.75,0
2026-08-25 10:26:00,57386.45,57390.05,57374.35,57382.35,0
2026-08-25 10:27:00,57386.2,57414.2,57380.9,57382.05,0
2026-08-25 10:28:00,57394.15,57407.9,57375.6,57404.55,0
2026-08-25 10:29:00,57406.45,57417.3,57392.3,57417.3,0
2026-08-25 10:30:00,57416.0,57423.0,57402.35,57411.6,0
2026-08-25 10:31:00,57419.45,57438.0,57404.35,57432.05,0
2026-08-25 10:32:00,57433.15,57442.65,57425.85,57438.0,0
2026-08-25 10:33:00,57441.7,57464.1,57435.05,57463.3,0
2026-08-25 10:34:00,57462.4,57463.2,57439.65,57444.7,0
2026-08-25 10:35:00,57446.15,57450.4,57436.9,57443.2,0
2026-08-25 10:36:00,57448.4,57449.85,57437.8,57440.75,0
2026-08-25 10:37:00,57441.85,57442.3,57422.7,57427.55,0
2026-08-25 10:38:00,57433.45,57436.4,57414.1,57420.05,0
2026-08-25 10:39:00,57425.1,57437.45,57418.25,57433.25,0
2026-08-25 10:40:00,57434.9,57437.1,57417.6,57420.4,0
2026-08-25 10:41:00,57421.95,57432.45,57416.55,57426.2,0
2026-08-25 10:42:00,57432.25,57443.85,57419.55,57441.15,0
2026-08-25 10:43:00,57447.7,57469.15,57436.4,57461.0,0
2026-08-25 10:44:00,57463.45,57476.45,57454.1,57463.8,0
2026-08-25 10:45:00,57469.4,57474.4,57454.35,57459.0,0
2026-08-25 10:46:00,57462.05,57481.35,57451.55,57472.45,0
2026-08-25 10:47:00,57467.0,57492.05,57464.6,57490.65,0
2026-08-25 10:48:00,57492.05,57503.3,57478.85,57497.0,0
2026-08-25 10:49:00,57501.9,57513.8,57495.1,57509.2,0
2026-08-25 10:50:00,57511.65,57549.65,57505.4,57548.2,0
2026-08-25 10:51:00,57550.0,57582.95,57540.5,57582.95,0
2026-08-25 10:52:00,57584.1,57584.35,57565.0,57576.5,0
2026-08-25 10:53:00,57580.2,57589.0,57575.1,57581.4,0
2026-08-25 10:54:00,57583.8,57583.8,57554.0,57567.35,0
2026-08-25 10:55:00,57570.25,57584.65,57561.2,57575.55,0
2026-08-25 10:56:00,57583.2,57583.2,57537.85,57540.3,0
2026-08-25 10:57:00,57542.1,57545.65,57528.95,57544.3,0
2026-08-25 10:58:00,57546.5,57546.5,57516.5,57521.35,0
2026-08-25 10:59:00,57525.0,57534.6,57515.2,57515.2,0
2026-08-25 11:00:00,57521.4,57533.55,57498.15,57498.15,0
2026-08-25 11:01:00,57497.6,57502.3,57470.45,57471.85,0
2026-08-25 11:02:00,57473.15,57474.4,57453.6,57472.2,0
2026-08-25 11:03:00,57472.35,57474.15,57454.5,57458.35,0
2026-08-25 11:04:00,57458.25,57463.35,57449.1,57456.7,0
2026-08-25 11:05:00,57457.0,57461.5,57444.25,57448.3,0
2026-08-25 11:06:00,57450.35,57458.3,57437.55,57458.0,0
2026-08-25 11:07:00,57458.5,57475.2,57454.05,57464.5,0
2026-08-25 11:08:00,57464.35,57469.75,57456.6,57469.75,0
2026-08-25 11:09:00,57468.9,57468.9,57449.4,57453.15,0
2026-08-25 11:10:00,57456.1,57464.65,57443.35,57444.65,0
2026-08-25 11:11:00,57448.1,57469.0,57438.25,57467.2,0
2026-08-25 11:12:00,57467.0,57467.7,57444.5,57451.25,0
2026-08-25 11:13:00,57453.9,57459.2,57441.7,57455.55,0
2026-08-25 11:14:00,57459.25,57484.5,57452.8,57478.1,0
2026-08-25 11:15:00,57478.65,57488.75,57457.35,57469.4,0
2026-08-25 11:16:00,57472.2,57475.75,57455.05,57460.3,0
2026-08-25 11:17:00,57462.0,57466.2,57443.3,57446.35,0
2026-08-25 11:18:00,57453.3,57462.7,57436.9,57440.05,0
2026-08-25 11:19:00,57447.2,57447.2,57416.45,57432.05,0
2026-08-25 11:20:00,57436.3,57438.8,57408.2,57433.65,0
2026-08-25 11:21:00,57432.75,57449.5,57429.05,57445.3,0
2026-08-25 11:22:00,57441.05,57445.25,57422.95,57443.35,0
2026-08-25 11:23:00,57446.95,57449.15,57432.25,57438.65,0
2026-08-25 11:24:00,57441.85,57442.15,57404.85,57420.15,0
2026-08-25 11:25:00,57429.7,57442.55,57418.6,57426.65,0
2026-08-25 11:26:00,57425.85,57433.95,57406.55,57431.9,0
2026-08-25 11:27:00,57431.85,57447.15,57411.95,57442.6,0
2026-08-25 11:28:00,57446.3,57453.95,57433.6,57451.05,0
2026-08-25 11:29:00,57452.15,57467.9,57447.55,57450.3,0
2026-08-25 11:30:00,57450.95,57456.4,57435.65,57454.7,0
2026-08-25 11:31:00,57455.65,57469.55,57445.85,57456.35,0
2026-08-25 11:32:00,57456.15,57465.45,57448.75,57458.9,0
2026-08-25 11:33:00,57460.2,57474.55,57453.35,57460.85,0
2026-08-25 11:34:00,57461.25,57471.15,57440.45,57445.3,0
2026-08-25 11:35:00,57440.1,57440.3,57420.7,57422.4,0
2026-08-25 11:36:00,57426.1,57426.65,57403.05,57403.6,0
2026-08-25 11:37:00,57408.9,57408.9,57387.65,57402.05,0
2026-08-25 11:38:00,57400.5,57417.5,57386.2,57400.9,0
2026-08-25 11:39:00,57410.35,57435.25,57400.8,57432.8,0
2026-08-25 11:40:00,57432.45,57433.5,57401.3,57410.9,0
2026-08-25 11:41:00,57417.7,57417.8,57405.1,57412.4,0
2026-08-25 11:42:00,57417.85,57417.85,57387.1,57390.3,0
2026-08-25 11:43:00,57396.55,57421.45,57383.55,57411.25,0
2026-08-25 11:44:00,57412.3,57420.6,57397.95,57408.55,0
2026-08-25 11:45:00,57418.1,57425.85,57393.1,57397.7,0
2026-08-25 11:46:00,57399.65,57419.75,57386.15,57394.3,0
2026-08-25 11:47:00,57399.95,57406.65,57383.0,57399.8,0
2026-08-25 11:48:00,57401.2,57405.75,57379.4,57391.3,0
2026-08-25 11:49:00,57398.35,57411.55,57386.85,57409.7,0
2026-08-25 11:50:00,57410.4,57429.55,57394.15,57407.35,0
2026-08-25 11:51:00,57402.4,57420.4,57393.25,57419.35,0
2026-08-25 11:52:00,57423.4,57434.3,57410.65,57421.55,0
2026-08-25 11:53:00,57423.6,57436.5,57408.75,57423.65,0
2026-08-25 11:54:00,57423.2,57434.05,57407.7,57424.2,0
2026-08-25 11:55:00,57424.15,57470.6,57414.55,57452.95,0
2026-08-25 11:56:00,57453.6,57467.85,57431.8,57457.85,0
2026-08-25 11:57:00,57456.3,57471.6,57450.95,57463.55,0
2026-08-25 11:58:00,57464.2,57478.0,57459.2,57470.0,0
2026-08-25 11:59:00,57468.3,57477.2,57443.1,57446.3,0
2026-08-25 12:00:00,57451.55,57452.15,57430.25,57431.05,0
2026-08-25 12:01:00,57439.75,57440.3,57425.2,57434.15,0
2026-08-25 12:02:00,57435.8,57459.95,57417.5,57454.2,0
2026-08-25 12:03:00,57456.7,57479.85,57437.6,57475.5,0
2026-08-25 12:04:00,57478.95,57492.2,57470.05,57478.65,0
2026-08-25 12:05:00,57482.35,57482.35,57456.75,57464.25,0
2026-08-25 12:06:00,57469.45,57479.85,57455.0,57467.4,0
2026-08-25 12:07:00,57472.95,57488.1,57462.3,57480.35,0
2026-08-25 12:08:00,57487.5,57490.7,57454.3,57467.3,0
2026-08-25 12:09:00,57470.3,57477.15,57459.05,57463.65,0
2026-08-25 12:10:00,57471.4,57471.9,57453.9,57454.65,0
2026-08-25 12:11:00,57462.75,57477.0,57452.75,57471.25,0
2026-08-25 12:12:00,57477.95,57490.75,57467.9,57482.8,0
2026-08-25 12:13:00,57488.8,57490.15,57467.95,57470.4,0
2026-08-25 12:14:00,57473.85,57489.65,57459.85,57462.35,0
2026-08-25 12:15:00,57469.85,57476.6,57453.65,57462.6,0
2026-08-25 12:16:00,57470.6,57472.4,57441.15,57445.55,0
2026-08-25 12:17:00,57450.7,57460.5,57442.4,57458.95,0
2026-08-25 12:18:00,57460.6,57469.75,57453.15,57462.25,0
2026-08-25 12:19:00,57468.7,57472.3,57448.7,57457.35,0
2026-08-25 12:20:00,57455.8,57465.95,57449.7,57460.35,0
2026-08-25 12:21:00,57461.65,57467.65,57438.4,57441.75,0
2026-08-25 12:22:00,57449.05,57449.05,57419.7,57419.7,0
2026-08-25 12:23:00,57424.95,57440.95,57420.8,57430.4,0
2026-08-25 12:24:00,57437.8,57442.2,57422.6,57434.7,0
2026-08-25 12:25:00,57442.35,57447.3,57428.85,57431.75,0
2026-08-25 12:26:00,57440.05,57442.8,57412.85,57421.9,0
2026-08-25 12:27:00,57424.0,57424.0,57392.0,57410.8,0
2026-08-25 12:28:00,57413.7,57423.35,57404.35,57413.8,0
2026-08-25 12:29:00,57420.7,57420.7,57399.55,57404.9,0
2026-08-25 12:30:00,57414.6,57415.85,57386.05,57392.1,0
2026-08-25 12:31:00,57398.5,57438.5,57392.45,57429.25,0
2026-08-25 12:32:00,57433.25,57434.45,57407.15,57424.5,0
2026-08-25 12:33:00,57430.6,57435.4,57408.6,57425.1,0
2026-08-25 12:34:00,57426.9,57434.3,57415.35,57425.7,0
2026-08-25 12:35:00,57429.25,57429.25,57405.8,57422.5,0
2026-08-25 12:36:00,57411.55,57443.0,57407.05,57417.4,0
2026-08-25 12:37:00,57425.8,57432.25,57392.95,57432.25,0
2026-08-25 12:38:00,57433.4,57434.8,57381.85,57396.8,0
2026-08-25 12:39:00,57402.6,57422.2,57374.9,57418.2,0
2026-08-25 12:40:00,57423.85,57423.85,57389.95,57407.2,0
2026-08-25 12:41:00,57414.15,57414.35,57395.25,57404.45,0
2026-08-25 12:42:00,57409.45,57435.85,57400.4,57425.4,0
2026-08-25 12:43:00,57427.55,57427.55,57394.65,57423.65,0
2026-08-25 12:44:00,57421.85,57434.85,57410.0,57432.65,0
2026-08-25 12:45:00,57431.5,57446.65,57424.9,57436.45,0
2026-08-25 12:46:00,57439.45,57444.3,57423.55,57429.25,0
2026-08-25 12:47:00,57435.45,57435.55,57408.05,57422.7,0
2026-08-25 12:48:00,57425.25,57428.45,57398.35,57410.65,0
2026-08-25 12:49:00,57413.65,57430.1,57404.5,57415.05,0
2026-08-25 12:50:00,57422.6,57425.25,57382.7,57417.6,0
2026-08-25 12:51:00,57423.5,57426.15,57380.55,57394.85,0
2026-08-25 12:52:00,57406.35,57429.85,57384.1,57413.95,0
2026-08-25 12:53:00,57419.1,57429.75,57409.5,57423.7,0
2026-08-25 12:54:00,57426.65,57431.7,57391.3,57408.4,0
2026-08-25 12:55:00,57417.0,57417.2,57395.65,57411.4,0
2026-08-25 12:56:00,57413.95,57425.55,57404.15,57410.2,0
2026-08-25 12:57:00,57412.15,57418.3,57395.55,57409.3,0
2026-08-25 12:58:00,57412.3,57412.9,57399.95,57403.95,0
2026-08-25 12:59:00,57410.35,57417.45,57398.25,57411.55,0
2026-08-25 13:00:00,57412.45,57419.0,57400.25,57407.1,0
2026-08-25 13:01:00,57410.5,57410.5,57348.5,57359.7,0
2026-08-25 13:02:00,57364.15,57370.9,57354.65,57367.2,0
2026-08-25 13:03:00,57373.1,57375.1,57360.25,57368.15,0
2026-08-25 13:04:00,57367.25,57385.05,57361.9,57377.65,0
2026-08-25 13:05:00,57380.55,57382.05,57362.25,57368.9,0
2026-08-25 13:06:00,57373.4,57373.4,57352.6,57356.85,0
2026-08-25 13:07:00,57359.05,57366.4,57348.65,57353.2,0
2026-08-25 13:08:00,57352.55,57366.55,57346.45,57354.2,0
2026-08-25 13:09:00,57356.05,57361.1,57343.45,57347.45,0
2026-08-25 13:10:00,57351.7,57353.3,57337.8,57341.55,0
2026-08-25 13:11:00,57343.0,57367.8,57340.8,57356.75,0
2026-08-25 13:12:00,57358.7,57361.65,57330.75,57330.75,0
2026-08-25 13:13:00,57337.5,57339.65,57310.6,57312.95,0
2026-08-25 13:14:00,57321.25,57321.25,57285.65,57300.1,0
2026-08-25 13:15:00,57296.85,57303.4,57286.55,57294.5,0
2026-08-25 13:16:00,57301.7,57319.45,57294.35,57318.9,0
2026-08-25 13:17:00,57321.45,57349.1,57316.3,57341.9,0
2026-08-25 13:18:00,57344.4,57347.5,57321.0,57321.85,0
2026-08-25 13:19:00,57325.9,57325.9,57296.3,57304.45,0
2026-08-25 13:20:00,57310.75,57312.6,57290.95,57290.95,0
2026-08-25 13:21:00,57296.3,57309.65,57289.3,57299.55,0
2026-08-25 13:22:00,57306.7,57306.7,57290.8,57296.3,0
2026-08-25 13:23:00,57293.45,57302.7,57286.5,57292.75,0
2026-08-25 13:24:00,57291.85,57296.2,57276.15,57280.1,0
2026-08-25 13:25:00,57283.8,57283.8,57256.5,57265.8,0
2026-08-25 13:26:00,57260.4,57275.75,57251.65,57268.5,0
2026-08-25 13:27:00,57272.65,57290.05,57267.6,57286.5,0
2026-08-25 13:28:00,57290.45,57293.25,57274.55,57282.1,0
2026-08-25 13:29:00,57283.2,57286.15,57269.55,57284.55,0
2026-08-25 13:30:00,57284.95,57296.15,57278.7,57280.65,0
2026-08-25 13:31:00,57289.6,57302.8,57280.75,57300.35,0
2026-08-25 13:32:00,57303.05,57303.05,57280.25,57284.8,0
2026-08-25 13:33:00,57284.7,57296.55,57277.25,57285.75,0
2026-08-25 13:34:00,57284.9,57292.75,57278.8,57289.25,0
2026-08-25 13:35:00,57288.55,57296.7,57273.1,57282.75,0
2026-08-25 13:36:00,57286.5,57309.55,57278.75,57301.35,0
2026-08-25 13:37:00,57301.5,57309.35,57290.7,57301.35,0
2026-08-25 13:38:00,57302.75,57314.45,57301.05,57307.4,0
2026-08-25 13:39:00,57311.15,57318.4,57305.1,57312.55,0
2026-08-25 13:40:00,57315.15,57320.8,57302.7,57312.0,0
2026-08-25 13:41:00,57314.65,57337.4,57306.6,57332.0,0
2026-08-25 13:42:00,57340.4,57343.1,57324.8,57336.25,0
2026-08-25 13:43:00,57339.1,57344.35,57309.7,57315.65,0
2026-08-25 13:44:00,57319.5,57325.25,57305.85,57316.0,0
2026-08-25 13:45:00,57321.7,57321.75,57308.4,57313.75,0
2026-08-25 13:46:00,57317.0,57319.9,57298.3,57300.75,0
2026-08-25 13:47:00,57305.1,57305.8,57291.5,57298.2,0
2026-08-25 13:48:00,57298.9,57301.35,57286.5,57297.75,0
2026-08-25 13:49:00,57301.55,57301.55,57282.2,57287.05,0
2026-08-25 13:50:00,57289.5,57298.5,57278.15,57294.0,0
2026-08-25 13:51:00,57302.2,57306.1,57290.15,57303.35,0
2026-08-25 13:52:00,57305.5,57333.7,57294.85,57329.8,0
2026-08-25 13:53:00,57332.9,57383.3,57319.9,57379.7,0
2026-08-25 13:54:00,57378.8,57412.3,57366.45,57412.3,0
2026-08-25 13:55:00,57417.4,57419.6,57378.75,57384.6,0
2026-08-25 13:56:00,57383.6,57388.05,57355.7,57370.65,0
2026-08-25 13:57:00,57375.55,57387.4,57362.15,57379.65,0
2026-08-25 13:58:00,57379.85,57385.45,57361.8,57373.7,0
2026-08-25 13:59:00,57370.7,57378.45,57363.4,57370.0,0
2026-08-25 14:00:00,57373.45,57379.3,57346.75,57347.5,0
2026-08-25 14:01:00,57351.75,57353.25,57306.6,57310.95,0
2026-08-25 14:02:00,57317.7,57340.0,57311.35,57335.8,0
2026-08-25 14:03:00,57338.2,57342.7,57297.75,57310.25,0
2026-08-25 14:04:00,57314.9,57349.55,57306.15,57345.75,0
2026-08-25 14:05:00,57353.8,57357.3,57334.2,57345.15,0
2026-08-25 14:06:00,57346.65,57356.45,57342.8,57349.25,0
2026-08-25 14:07:00,57352.2,57355.95,57336.7,57346.6,0
2026-08-25 14:08:00,57350.05,57355.0,57330.2,57339.25,0
2026-08-25 14:09:00,57340.3,57341.7,57322.55,57338.5,0
2026-08-25 14:10:00,57339.35,57349.4,57334.9,57341.95,0
2026-08-25 14:11:00,57343.4,57360.1,57337.15,57354.65,0
2026-08-25 14:12:00,57356.55,57356.85,57331.8,57340.6,0
2026-08-25 14:13:00,57342.35,57343.25,57319.7,57326.35,0
2026-08-25 14:14:00,57326.75,57329.2,57315.1,57321.6,0
2026-08-25 14:15:00,57320.5,57330.75,57311.15,57325.45,0
2026-08-25 14:16:00,57326.75,57334.05,57312.5,57329.55,0
2026-08-25 14:17:00,57335.45,57335.45,57317.7,57329.15,0
2026-08-25 14:18:00,57330.05,57346.8,57327.6,57340.15,0
2026-08-25 14:19:00,57340.75,57360.8,57338.25,57352.2,0
2026-08-25 14:20:00,57351.8,57377.5,57349.85,57376.7,0
2026-08-25 14:21:00,57376.3,57383.4,57339.2,57342.15,0
2026-08-25 14:22:00,57343.95,57357.65,57337.7,57348.15,0
2026-08-25 14:23:00,57352.6,57365.5,57330.6,57355.0,0
2026-08-25 14:24:00,57359.95,57364.7,57341.35,57345.2,0
2026-08-25 14:25:00,57348.85,57358.75,57337.6,57348.5,0
2026-08-25 14:26:00,57351.5,57362.15,57345.35,57358.65,0
2026-08-25 14:27:00,57355.75,57363.3,57338.15,57359.05,0
2026-08-25 14:28:00,57361.15,57378.8,57356.55,57378.8,0
2026-08-25 14:29:00,57377.95,57390.4,57365.6,57381.8,0
2026-08-25 14:30:00,57384.8,57388.35,57363.65,57373.65,0
2026-08-25 14:31:00,57373.5,57435.05,57361.85,57424.1,0
2026-08-25 14:32:00,57428.45,57444.15,57399.6,57425.8,0
2026-08-25 14:33:00,57430.35,57435.7,57406.45,57429.2,0
2026-08-25 14:34:00,57429.6,57429.6,57364.8,57385.5,0
2026-08-25 14:35:00,57389.3,57414.75,57385.8,57405.65,0
2026-08-25 14:36:00,57409.45,57414.85,57392.3,57397.6,0
2026-08-25 14:37:00,57402.35,57406.0,57378.4,57389.3,0
2026-08-25 14:38:00,57390.25,57410.0,57384.05,57408.8,0
2026-08-25 14:39:00,57411.5,57422.9,57401.2,57411.25,0
2026-08-25 14:40:00,57415.9,57418.55,57392.05,57399.7,0
2026-08-25 14:41:00,57400.95,57427.15,57387.6,57415.55,0
2026-08-25 14:42:00,57417.2,57435.6,57403.25,57421.1,0
2026-08-25 14:43:00,57425.75,57431.65,57410.95,57416.75,0
2026-08-25 14:44:00,57416.65,57431.8,57407.8,57415.3,0
2026-08-25 14:45:00,57414.3,57426.25,57405.75,57413.1,0
2026-08-25 14:46:00,57416.35,57432.4,57386.9,57422.7,0
2026-08-25 14:47:00,57424.65,57434.4,57406.2,57417.0,0
2026-08-25 14:48:00,57415.95,57430.2,57398.6,57404.85,0
2026-08-25 14:49:00,57409.35,57422.1,57396.5,57412.35,0
2026-08-25 14:50:00,57420.25,57423.15,57396.4,57407.3,0
2026-08-25 14:51:00,57409.2,57443.05,57402.9,57431.1,0
2026-08-25 14:52:00,57429.9,57462.45,57429.9,57447.7,0
2026-08-25 14:53:00,57455.85,57459.7,57436.5,57448.75,0
2026-08-25 14:54:00,57457.3,57457.9,57433.3,57457.9,0
2026-08-25 14:55:00,57452.05,57460.6,57439.45,57446.2,0
2026-08-25 14:56:00,57451.45,57454.95,57426.9,57447.15,0
2026-08-25 14:57:00,57450.8,57463.85,57443.15,57449.0,0
2026-08-25 14:58:00,57457.65,57475.0,57441.55,57462.45,0
2026-08-25 14:59:00,57473.8,57481.0,57454.45,57468.1,0
2026-08-25 15:00:00,57465.6,57488.05,57441.45,57476.9,0
2026-08-25 15:01:00,57477.0,57489.2,57455.8,57458.2,0
2026-08-25 15:02:00,57455.55,57488.9,57455.55,57470.75,0
2026-08-25 15:03:00,57469.2,57475.45,57446.7,57450.1,0
2026-08-25 15:04:00,57445.3,57473.6,57440.4,57453.7,0
2026-08-25 15:05:00,57452.05,57468.0,57444.6,57453.7,0
2026-08-25 15:06:00,57450.1,57467.4,57432.5,57439.2,0
2026-08-25 15:07:00,57439.0,57451.25,57435.1,57443.25,0
2026-08-25 15:08:00,57445.0,57449.0,57401.9,57408.85,0
2026-08-25 15:09:00,57411.55,57439.25,57405.4,57429.1,0
2026-08-25 15:10:00,57428.9,57440.85,57423.35,57429.1,0
2026-08-25 15:11:00,57425.5,57483.4,57417.8,57467.65,0
2026-08-25 15:12:00,57462.75,57482.1,57446.0,57457.9,0
2026-08-25 15:13:00,57456.35,57477.8,57448.9,57469.3,0
2026-08-25 15:14:00,57470.1,57483.6,57427.1,57455.8,0
2026-08-25 15:29:00,57514.2,57514.2,57514.2,57514.2,0
2026-08-26 09:15:00,57628.65,57846.45,57611.85,57833.15,0
2026-08-26 09:16:00,57830.95,57883.25,57824.55,57850.65,0
2026-08-26 09:17:00,57853.25,57854.3,57825.95,57842.45,0
2026-08-26 09:18:00,57841.1,57850.3,57776.05,57776.05,0
2026-08-26 09:19:00,57775.3,57814.8,57764.45,57812.7,0
2026-08-26 09:20:00,57809.15,57848.1,57806.75,57834.95,0
2026-08-26 09:21:00,57834.2,57903.95,57823.35,57895.55,0
2026-08-26 09:22:00,57893.75,57910.3,57870.3,57899.2,0
2026-08-26 09:23:00,57899.9,57922.15,57892.0,57899.3,0
2026-08-26 09:24:00,57899.9,57914.55,57884.75,57913.95,0
2026-08-26 09:25:00,57908.7,57923.95,57902.5,57915.2,0
2026-08-26 09:26:00,57916.9,57974.1,57912.35,57965.75,0
2026-08-26 09:27:00,57966.45,57996.05,57931.45,57931.45,0
2026-08-26 09:28:00,57932.0,57939.85,57917.5,57939.2,0
2026-08-26 09:29:00,57936.6,57966.65,57923.75,57966.35,0
2026-08-26 09:30:00,57959.5,57986.2,57945.65,57951.55,0
2026-08-26 09:31:00,57950.85,57971.25,57932.35,57967.0,0
2026-08-26 09:32:00,57969.75,57973.65,57956.45,57964.8,0
2026-08-26 09:33:00,57966.25,57990.4,57956.7,57958.35,0
2026-08-26 09:34:00,57959.8,57963.1,57947.0,57951.65,0
2026-08-26 09:35:00,57951.85,57967.6,57948.8,57954.0,0
2026-08-26 09:36:00,57953.75,57956.1,57907.4,57910.7,0
2026-08-26 09:37:00,57911.05,57945.6,57906.45,57928.6,0
2026-08-26 09:38:00,57927.6,57960.85,57919.5,57955.25,0
2026-08-26 09:39:00,57955.8,57956.55,57945.1,57953.8,0
2026-08-26 09:40:00,57951.15,57982.2,57951.15,57977.15,0
2026-08-26 09:41:00,57978.55,57992.0,57966.0,57985.9,0
2026-08-26 09:42:00,57983.0,57987.9,57954.0,57961.8,0
2026-08-26 09:43:00,57961.05,57961.05,57943.75,57959.55,0
2026-08-26 09:44:00,57958.95,57974.9,57946.35,57955.5,0
2026-08-26 09:45:00,57952.7,57969.65,57944.3,57967.4,0
2026-08-26 09:46:00,57968.15,57976.4,57949.65,57956.85,0
2026-08-26 09:47:00,57953.05,57957.2,57927.7,57935.65,0
2026-08-26 09:48:00,57931.35,57945.15,57922.1,57926.65,0
2026-08-26 09:49:00,57928.6,57939.2,57920.15,57928.75,0
2026-08-26 09:50:00,57926.5,57943.15,57922.75,57941.25,0
2026-08-26 09:51:00,57940.85,57942.75,57929.6,57930.15,0
2026-08-26 09:52:00,57930.55,57937.7,57925.9,57932.8,0
2026-08-26 09:53:00,57932.9,57948.35,57926.6,57939.95,0
2026-08-26 09:54:00,57938.65,57942.2,57928.95,57933.25,0
2026-08-26 09:55:00,57931.3,57958.5,57928.4,57957.85,0
2026-08-26 09:56:00,57960.0,57978.1,57945.55,57972.9,0
2026-08-26 09:57:00,57971.85,57989.0,57970.95,57985.8,0
2026-08-26 09:58:00,57986.55,57989.3,57978.8,57984.8,0
2026-08-26 09:59:00,57984.2,57992.0,57967.7,57976.3,0
2026-08-26 10:00:00,57978.5,57983.4,57968.35,57972.65,0
2026-08-26 10:01:00,57975.15,57980.95,57950.7,57957.35,0
2026-08-26 10:02:00,57956.6,57960.8,57926.7,57936.2,0
2026-08-26 10:03:00,57934.55,57953.85,57928.25,57950.6,0
2026-08-26 10:04:00,57949.55,57961.8,57942.85,57952.95,0
2026-08-26 10:05:00,57954.7,57957.35,57929.3,57936.85,0
2026-08-26 10:06:00,57935.55,57943.95,57924.2,57928.05,0
2026-08-26 10:07:00,57925.4,57926.15,57890.4,57897.6,0
2026-08-26 10:08:00,57900.9,57915.35,57897.75,57913.65,0
2026-08-26 10:09:00,57915.4,57923.65,57908.15,57923.3,0
2026-08-26 10:10:00,57921.2,57926.05,57910.35,57916.9,0
2026-08-26 10:11:00,57915.65,57916.45,57893.25,57898.3,0
2026-08-26 10:12:00,57898.6,57914.45,57893.7,57910.95,0
2026-08-26 10:13:00,57912.35,57912.35,57899.55,57908.35,0
2026-08-26 10:14:00,57910.35,57926.3,57899.8,57903.55,0
2026-08-26 10:15:00,57903.25,57922.45,57896.8,57913.5,0
2026-08-26 10:16:00,57915.3,57921.6,57894.2,57894.85,0
2026-08-26 10:17:00,57899.15,57906.1,57883.55,57887.2,0
2026-08-26 10:18:00,57887.75,57901.75,57878.5,57882.95,0
2026-08-26 10:19:00,57884.45,57893.05,57876.85,57890.05,0
2026-08-26 10:20:00,57892.1,57895.7,57858.6,57866.15,0
2026-08-26 10:21:00,57866.0,57872.55,57833.45,57840.0,0
2026-08-26 10:22:00,57839.15,57852.15,57830.6,57851.45,0
2026-08-26 10:23:00,57852.45,57866.2,57825.15,57826.45,0
2026-08-26 10:24:00,57829.25,57850.75,57824.35,57843.4,0
2026-08-26 10:25:00,57842.9,57862.75,57836.05,57862.65,0
2026-08-26 10:26:00,57860.2,57867.65,57842.8,57853.0,0
2026-08-26 10:27:00,57850.45,57888.7,57850.45,57884.85,0
2026-08-26 10:28:00,57886.25,57904.9,57880.1,57903.5,0
2026-08-26 10:29:00,57904.65,57935.05,57899.8,57930.85,0
2026-08-26 10:30:00,57930.4,57945.05,57920.3,57936.1,0
2026-08-26 10:31:00,57936.85,57956.0,57932.65,57948.05,0
2026-08-26 10:32:00,57946.0,57960.9,57937.6,57960.9,0
2026-08-26 10:33:00,57958.85,57978.5,57949.75,57958.8,0
2026-08-26 10:34:00,57959.2,57965.55,57946.55,57962.6,0
2026-08-26 10:35:00,57962.15,57974.25,57954.55,57968.8,0
2026-08-26 10:36:00,57967.7,57969.25,57956.45,57960.8,0
2026-08-26 10:37:00,57958.75,57961.05,57936.1,57951.1,0
2026-08-26 10:38:00,57952.95,57964.55,57945.9,57947.1,0
2026-08-26 10:39:00,57950.05,57966.55,57943.95,57960.0,0
2026-08-26 10:40:00,57960.75,57963.75,57949.15,57952.25,0
2026-08-26 10:41:00,57953.5,57956.3,57931.2,57931.55,0
2026-08-26 10:42:00,57934.85,57937.7,57912.75,57927.85,0
2026-08-26 10:43:00,57929.7,57957.5,57921.0,57951.15,0
2026-08-26 10:44:00,57953.25,57967.15,57936.7,57939.55,0
2026-08-26 10:45:00,57943.3,57945.15,57919.75,57929.0,0
2026-08-26 10:46:00,57928.1,57941.3,57925.85,57935.25,0
2026-08-26 10:47:00,57936.55,57945.3,57929.35,57939.55,0
2026-08-26 10:48:00,57943.4,57950.05,57927.85,57939.05,0
2026-08-26 10:49:00,57936.7,57941.75,57921.7,57923.85,0
2026-08-26 10:50:00,57922.9,57930.2,57913.75,57920.85,0
2026-08-26 10:51:00,57918.3,57925.45,57914.6,57921.35,0
2026-08-26 10:52:00,57921.2,57938.35,57917.95,57926.6,0
2026-08-26 10:53:00,57921.85,57929.4,57902.05,57914.95,0
2026-08-26 10:54:00,57916.55,57925.7,57878.25,57892.5,0
2026-08-26 10:55:00,57889.1,57909.05,57889.1,57903.8,0
2026-08-26 10:56:00,57904.1,57915.4,57899.2,57914.65,0
2026-08-26 10:57:00,57912.85,57918.35,57899.9,57917.45,0
2026-08-26 10:58:00,57914.2,57914.2,57895.55,57900.4,0
2026-08-26 10:59:00,57901.05,57907.5,57889.15,57897.95,0
2026-08-26 11:00:00,57894.75,57899.55,57876.95,57880.6,0
2026-08-26 11:01:00,57880.4,57883.15,57855.9,57878.65,0
2026-08-26 11:02:00,57877.25,57882.9,57868.7,57871.15,0
2026-08-26 11:03:00,57872.8,57880.4,57856.75,57862.0,0
2026-08-26 11:04:00,57861.25,57873.05,57852.5,57867.35,0
2026-08-26 11:05:00,57868.65,57875.75,57860.85,57873.95,0
2026-08-26 11:06:00,57870.7,57874.9,57850.55,57860.0,0
2026-08-26 11:07:00,57859.35,57874.45,57856.9,57865.65,0
2026-08-26 11:08:00,57866.5,57879.5,57863.6,57872.15,0
2026-08-26 11:09:00,57873.0,57900.15,57867.2,57900.15,0
2026-08-26 11:10:00,57901.95,57932.3,57895.35,57927.95,0
2026-08-26 11:11:00,57925.9,57938.75,57924.4,57935.95,0
2026-08-26 11:12:00,57937.4,57956.85,57933.7,57953.05,0
2026-08-26 11:13:00,57953.45,57964.35,57943.25,57949.05,0
2026-08-26 11:14:00,57947.7,57957.55,57927.85,57954.45,0
2026-08-26 11:15:00,57952.45,57961.05,57944.1,57957.75,0
2026-08-26 11:16:00,57953.2,57957.6,57944.95,57950.5,0
2026-08-26 11:17:00,57947.0,57955.45,57928.1,57929.0,0
2026-08-26 11:18:00,57930.05,57930.05,57900.25,57906.35,0
2026-08-26 11:19:00,57907.3,57920.2,57900.65,57908.5,0
2026-08-26 11:20:00,57909.7,57919.55,57898.2,57919.55,0
2026-08-26 11:21:00,57920.75,57931.05,57915.7,57926.7,0
2026-08-26 11:22:00,57926.1,57927.6,57894.15,57896.6,0
2026-08-26 11:23:00,57897.8,57906.5,57889.15,57900.55,0
2026-08-26 11:24:00,57904.75,57921.1,57899.2,57913.2,0
2026-08-26 11:25:00,57914.1,57928.05,57902.6,57907.15,0
2026-08-26 11:26:00,57905.6,57917.45,57897.8,57913.45,0
2026-08-26 11:27:00,57913.35,57916.3,57904.6,57910.75,0
2026-08-26 11:28:00,57910.3,57918.3,57902.5,57906.35,0
2026-08-26 11:29:00,57906.2,57913.85,57901.4,57907.3,0
2026-08-26 11:30:00,57907.45,57907.45,57890.8,57899.25,0
2026-08-26 11:31:00,57897.25,57906.2,57893.75,57899.3,0
2026-08-26 11:32:00,57897.65,57900.1,57874.95,57894.75,0
2026-08-26 11:33:00,57896.0,57904.4,57885.05,57899.05,0
2026-08-26 11:34:00,57899.2,57906.7,57889.4,57906.45,0
2026-08-26 11:35:00,57906.55,57924.7,57898.95,57919.3,0
2026-08-26 11:36:00,57918.05,57928.45,57916.1,57923.8,0
2026-08-26 11:37:00,57922.65,57940.7,57918.35,57938.4,0
2026-08-26 11:38:00,57935.6,57943.6,57926.95,57936.9,0
2026-08-26 11:39:00,57936.6,57943.55,57929.85,57936.65,0
2026-08-26 11:40:00,57933.45,57943.75,57930.95,57936.1,0
2026-08-26 11:41:00,57934.2,57940.15,57907.7,57919.35,0
2026-08-26 11:42:00,57918.0,57918.8,57905.5,57915.85,0
2026-08-26 11:43:00,57915.35,57917.65,57902.9,57907.3,0
2026-08-26 11:44:00,57905.95,57913.3,57899.15,57909.5,0
2026-08-26 11:45:00,57907.6,57920.5,57903.0,57911.0,0
2026-08-26 11:46:00,57910.55,57914.95,57898.9,57906.7,0
2026-08-26 11:47:00,57907.2,57907.2,57893.1,57903.15,0
2026-08-26 11:48:00,57901.05,57902.45,57884.05,57889.1,0
2026-08-26 11:49:00,57887.6,57897.6,57885.85,57893.5,0
2026-08-26 11:50:00,57894.2,57900.6,57888.45,57894.55,0
2026-08-26 11:51:00,57895.4,57896.3,57873.55,57874.65,0
2026-08-26 11:52:00,57876.9,57891.2,57873.1,57888.2,0
2026-08-26 11:53:00,57886.7,57894.25,57878.95,57886.25,0
2026-08-26 11:54:00,57886.45,57886.45,57864.4,57874.95,0
2026-08-26 11:55:00,57874.65,57892.3,57865.6,57891.35,0
2026-08-26 11:56:00,57891.15,57895.65,57886.45,57892.25,0
2026-08-26 11:57:00,57889.65,57895.05,57876.2,57888.8,0
2026-08-26 11:58:00,57889.95,57900.4,57886.4,57894.2,0
2026-08-26 11:59:00,57894.8,57899.9,57882.2,57882.2,0
2026-08-26 12:00:00,57882.4,57887.25,57869.95,57870.7,0
2026-08-26 12:01:00,57874.25,57884.85,57869.15,57877.05,0
2026-08-26 12:02:00,57878.2,57881.65,57864.3,57872.3,0
2026-08-26 12:03:00,57873.45,57875.85,57858.6,57864.1,0
2026-08-26 12:04:00,57864.25,57880.55,57848.7,57880.3,0
2026-08-26 12:05:00,57880.4,57896.3,57869.8,57896.3,0
2026-08-26 12:06:00,57899.2,57899.2,57885.0,57892.05,0
2026-08-26 12:07:00,57891.6,57895.6,57874.25,57874.5,0
2026-08-26 12:08:00,57874.4,57882.25,57870.5,57874.15,0
2026-08-26 12:09:00,57872.75,57882.95,57863.9,57870.75,0
2026-08-26 12:10:00,57869.4,57875.5,57863.2,57871.55,0
2026-08-26 12:11:00,57871.2,57883.95,57867.0,57879.75,0
2026-08-26 12:12:00,57879.8,57895.2,57872.7,57892.2,0
2026-08-26 12:13:00,57889.05,57919.4,57883.35,57919.2,0
2026-08-26 12:14:00,57917.5,57944.0,57910.2,57937.6,0
2026-08-26 12:15:00,57942.1,57946.7,57925.25,57936.15,0
2026-08-26 12:16:00,57936.55,57941.9,57931.5,57931.5,0
2026-08-26 12:17:00,57931.8,57948.35,57925.05,57945.75,0
2026-08-26 12:18:00,57946.7,57955.5,57935.2,57952.9,0
2026-08-26 12:19:00,57949.95,57960.7,57940.0,57950.2,0
2026-08-26 12:20:00,57948.3,57954.6,57931.65,57944.9,0
2026-08-26 12:21:00,57947.5,57949.45,57926.3,57939.95,0
2026-08-26 12:22:00,57939.45,57946.2,57927.75,57930.8,0
2026-08-26 12:23:00,57935.1,57946.9,57928.15,57943.0,0
2026-08-26 12:24:00,57941.7,57960.8,57929.4,57955.8,0
2026-08-26 12:25:00,57954.45,57966.05,57925.0,57939.85,0
2026-08-26 12:26:00,57939.65,57949.25,57929.15,57935.85,0
2026-08-26 12:27:00,57935.15,57935.85,57915.4,57920.15,0
2026-08-26 12:28:00,57919.4,57923.3,57907.35,57919.1,0
2026-08-26 12:29:00,57913.95,57929.75,57909.8,57920.3,0
2026-08-26 12:30:00,57917.65,57933.0,57906.0,57925.45,0
2026-08-26 12:31:00,57922.9,57936.0,57917.9,57934.95,0
2026-08-26 12:32:00,57932.2,57936.75,57916.25,57917.65,0
2026-08-26 12:33:00,57917.6,57926.6,57913.0,57921.2,0
2026-08-26 12:34:00,57920.65,57939.9,57918.7,57935.45,0
2026-08-26 12:35:00,57936.3,57939.15,57924.9,57933.85,0
2026-08-26 12:36:00,57933.25,57948.8,57927.55,57947.3,0
2026-08-26 12:37:00,57944.55,57953.45,57936.45,57941.5,0
2026-08-26 12:38:00,57941.15,57950.3,57937.35,57950.3,0
2026-08-26 12:39:00,57949.65,57950.0,57929.75,57933.65,0
2026-08-26 12:40:00,57928.55,57935.25,57916.5,57921.95,0
2026-08-26 12:41:00,57924.0,57930.05,57917.25,57925.9,0
2026-08-26 12:42:00,57926.25,57944.9,57920.25,57942.45,0
2026-08-26 12:43:00,57942.9,57956.6,57935.2,57955.75,0
2026-08-26 12:44:00,57955.05,57971.0,57949.5,57968.0,0
2026-08-26 12:45:00,57966.7,57973.35,57954.8,57960.0,0
2026-08-26 12:46:00,57960.55,57966.0,57952.15,57954.25,0
2026-08-26 12:47:00,57955.9,57959.3,57940.75,57943.85,0
2026-08-26 12:48:00,57939.95,57965.3,57938.4,57962.65,0
2026-08-26 12:49:00,57961.7,57963.75,57951.8,57952.95,0
2026-08-26 12:50:00,57954.3,57959.0,57940.7,57949.65,0
2026-08-26 12:51:00,57947.6,57956.5,57946.1,57951.0,0
2026-08-26 12:52:00,57949.45,57952.45,57940.45,57948.5,0
2026-08-26 12:53:00,57950.5,57950.7,57936.4,57946.65,0
2026-08-26 12:54:00,57943.9,57958.85,57935.55,57957.3,0
2026-08-26 12:55:00,57957.2,57958.55,57942.5,57952.05,0
2026-08-26 12:56:00,57952.4,57966.7,57950.1,57961.7,0
2026-08-26 12:57:00,57963.15,57970.85,57954.15,57960.6,0
2026-08-26 12:58:00,57960.25,57972.35,57954.15,57965.1,0
2026-08-26 12:59:00,57970.1,57975.35,57954.9,57958.65,0
2026-08-26 13:00:00,57957.65,57962.75,57954.25,57956.85,0
2026-08-26 13:01:00,57957.95,57958.05,57922.2,57933.85,0
2026-08-26 13:02:00,57932.2,57934.05,57909.9,57918.5,0
2026-08-26 13:03:00,57917.8,57933.95,57914.05,57932.95,0
2026-08-26 13:04:00,57932.15,57941.75,57928.45,57933.35,0
2026-08-26 13:05:00,57937.1,57948.6,57929.45,57944.25,0
2026-08-26 13:06:00,57946.45,57951.75,57935.05,57947.4,0
2026-08-26 13:07:00,57946.1,57947.8,57931.35,57940.45,0
2026-08-26 13:08:00,57939.2,57951.4,57931.85,57941.65,0
2026-08-26 13:09:00,57941.0,57947.5,57917.75,57925.7,0
2026-08-26 13:10:00,57924.4,57924.6,57905.8,57910.8,0
2026-08-26 13:11:00,57907.25,57924.45,57904.8,57921.3,0
2026-08-26 13:12:00,57921.0,57932.85,57920.2,57926.65,0
2026-08-26 13:13:00,57926.85,57930.6,57920.85,57925.3,0
2026-08-26 13:14:00,57925.4,57925.8,57911.15,57915.5,0
2026-08-26 13:15:00,57918.6,57921.25,57907.1,57909.35,0
2026-08-26 13:16:00,57909.7,57912.25,57890.45,57894.0,0
2026-08-26 13:17:00,57892.8,57895.35,57855.3,57869.8,0
2026-08-26 13:18:00,57870.8,57880.3,57866.5,57880.3,0
2026-08-26 13:19:00,57880.7,57890.85,57878.5,57886.6,0
2026-08-26 13:20:00,57888.35,57889.0,57855.85,57866.8,0
2026-08-26 13:21:00,57865.6,57875.65,57859.35,57868.95,0
2026-08-26 13:22:00,57869.9,57882.05,57863.65,57876.2,0
2026-08-26 13:23:00,57877.05,57878.55,57860.75,57861.1,0
2026-08-26 13:24:00,57862.3,57870.3,57851.6,57867.7,0
2026-08-26 13:25:00,57869.45,57881.4,57867.8,57877.75,0
2026-08-26 13:26:00,57878.5,57878.5,57862.8,57873.45,0
2026-08-26 13:27:00,57872.85,57876.8,57859.95,57859.95,0
2026-08-26 13:28:00,57862.1,57874.5,57856.1,57874.05,0
2026-08-26 13:29:00,57872.65,57879.05,57862.65,57878.25,0
2026-08-26 13:30:00,57878.3,57888.35,57875.85,57886.2,0
2026-08-26 13:31:00,57883.95,57885.9,57870.9,57877.8,0
2026-08-26 13:32:00,57876.2,57883.7,57863.95,57878.8,0
2026-08-26 13:33:00,57884.1,57890.8,57875.5,57880.8,0
2026-08-26 13:34:00,57882.05,57893.65,57876.1,57887.85,0
2026-08-26 13:35:00,57887.9,57893.75,57873.55,57874.4,0
2026-08-26 13:36:00,57875.0,57886.2,57870.95,57882.25,0
2026-08-26 13:37:00,57879.8,57887.2,57874.85,57884.75,0
2026-08-26 13:38:00,57884.35,57891.6,57878.8,57888.6,0
2026-08-26 13:39:00,57889.0,57892.25,57878.1,57886.55,0
2026-08-26 13:40:00,57887.3,57901.8,57881.85,57895.3,0
2026-08-26 13:41:00,57895.45,57901.6,57886.65,57901.35,0
2026-08-26 13:42:00,57902.2,57907.15,57872.05,57878.7,0
2026-08-26 13:43:00,57880.15,57896.8,57880.05,57891.45,0
2026-08-26 13:44:00,57893.95,57898.9,57884.85,57886.9,0
2026-08-26 13:45:00,57885.25,57890.25,57871.65,57880.45,0
2026-08-26 13:46:00,57878.25,57888.15,57873.6,57886.75,0
2026-08-26 13:47:00,57882.55,57887.35,57870.95,57879.15,0
2026-08-26 13:48:00,57878.5,57880.55,57867.0,57872.9,0
2026-08-26 13:49:00,57871.95,57878.85,57859.8,57878.85,0
2026-08-26 13:50:00,57879.45,57882.0,57872.5,57878.6,0
2026-08-26 13:51:00,57880.05,57881.0,57870.65,57875.8,0
2026-08-26 13:52:00,57874.55,57894.5,57873.2,57889.55,0
2026-08-26 13:53:00,57890.25,57900.0,57886.75,57892.55,0
2026-08-26 13:54:00,57892.0,57895.65,57884.55,57889.85,0
2026-08-26 13:55:00,57891.65,57893.35,57882.3,57889.5,0
2026-08-26 13:56:00,57888.35,57890.8,57875.25,57881.75,0
2026-08-26 13:57:00,57882.05,57888.55,57875.95,57886.95,0
2026-08-26 13:58:00,57884.85,57900.65,57883.8,57887.05,0
2026-08-26 13:59:00,57885.65,57894.65,57877.35,57884.05,0
2026-08-26 14:00:00,57884.9,57884.9,57873.95,57874.45,0
2026-08-26 14:01:00,57873.35,57889.2,57873.35,57886.3,0
2026-08-26 14:02:00,57884.25,57889.15,57870.45,57879.1,0
2026-08-26 14:03:00,57877.35,57901.45,57872.5,57893.5,0
2026-08-26 14:04:00,57891.7,57904.2,57890.2,57901.9,0
2026-08-26 14:05:00,57900.85,57903.1,57887.7,57896.75,0
2026-08-26 14:06:00,57897.15,57899.25,57877.9,57885.9,0
2026-08-26 14:07:00,57882.95,57888.65,57860.25,57865.65,0
2026-08-26 14:08:00,57865.05,57880.8,57862.15,57880.2,0
2026-08-26 14:09:00,57881.1,57885.7,57871.95,57879.15,0
2026-08-26 14:10:00,57878.9,57881.15,57861.35,57867.9,0
2026-08-26 14:11:00,57868.05,57877.3,57864.15,57872.05,0
2026-08-26 14:12:00,57871.15,57908.95,57869.25,57907.55,0
2026-08-26 14:13:00,57909.65,57913.15,57895.05,57901.0,0
2026-08-26 14:14:00,57900.3,57900.3,57879.9,57890.1,0
2026-08-26 14:15:00,57887.15,57907.15,57886.2,57899.1,0
2026-08-26 14:16:00,57901.8,57910.55,57868.3,57868.3,0
2026-08-26 14:17:00,57874.65,57881.35,57862.4,57866.9,0
2026-08-26 14:18:00,57867.4,57880.35,57860.7,57873.05,0
2026-08-26 14:19:00,57873.35,57883.8,57873.35,57879.5,0
2026-08-26 14:20:00,57879.7,57891.9,57877.1,57886.35,0
2026-08-26 14:21:00,57886.95,57888.9,57873.6,57876.15,0
2026-08-26 14:22:00,57875.65,57886.2,57870.2,57884.1,0
2026-08-26 14:23:00,57883.5,57890.25,57876.2,57888.9,0
2026-08-26 14:24:00,57886.15,57889.6,57862.5,57867.05,0
2026-08-26 14:25:00,57867.35,57878.5,57862.25,57878.5,0
2026-08-26 14:26:00,57879.05,57880.95,57865.65,57872.5,0
2026-08-26 14:27:00,57870.8,57875.0,57837.9,57857.4,0
2026-08-26 14:28:00,57855.6,57859.45,57831.4,57841.05,0
2026-08-26 14:29:00,57835.2,57857.8,57832.05,57856.85,0
2026-08-26 14:30:00,57857.2,57866.6,57847.9,57856.95,0
2026-08-26 14:31:00,57857.6,57871.7,57848.4,57864.85,0
2026-08-26 14:32:00,57867.9,57873.6,57855.7,57857.65,0
2026-08-26 14:33:00,57859.9,57869.65,57852.3,57865.55,0
2026-08-26 14:34:00,57869.2,57889.3,57860.4,57884.5,0
2026-08-26 14:35:00,57885.1,57885.1,57860.0,57879.6,0
2026-08-26 14:36:00,57879.3,57880.95,57867.4,57876.9,0
2026-08-26 14:37:00,57880.25,57880.4,57866.7,57873.3,0
2026-08-26 14:38:00,57874.85,57877.55,57863.35,57871.75,0
2026-08-26 14:39:00,57872.95,57884.5,57865.3,57883.8,0
2026-08-26 14:40:00,57880.9,57882.65,57865.45,57873.05,0
2026-08-26 14:41:00,57874.05,57893.5,57870.85,57890.6,0
2026-08-26 14:42:00,57886.85,57889.15,57865.8,57875.25,0
2026-08-26 14:43:00,57875.45,57877.75,57867.05,57875.65,0
2026-08-26 14:44:00,57873.7,57884.4,57866.55,57879.0,0
2026-08-26 14:45:00,57878.55,57887.95,57869.55,57883.05,0
2026-08-26 14:46:00,57882.8,57892.0,57877.85,57889.1,0
2026-08-26 14:47:00,57895.0,57909.55,57885.7,57902.6,0
2026-08-26 14:48:00,57903.45,57915.6,57892.7,57915.6,0
2026-08-26 14:49:00,57910.8,57915.7,57903.3,57913.35,0
2026-08-26 14:50:00,57910.0,57935.95,57909.7,57922.9,0
2026-08-26 14:51:00,57925.05,57943.5,57913.4,57942.2,0
2026-08-26 14:52:00,57941.05,57955.8,57931.9,57938.1,0
2026-08-26 14:53:00,57936.55,57948.35,57931.45,57940.85,0
2026-08-26 14:54:00,57940.75,57953.3,57931.45,57942.2,0
2026-08-26 14:55:00,57941.85,57948.2,57931.35,57931.35,0
2026-08-26 14:56:00,57934.05,57941.3,57925.1,57932.05,0
2026-08-26 14:57:00,57933.1,57946.75,57924.9,57930.85,0
2026-08-26 14:58:00,57931.85,57937.3,57922.85,57927.8,0
2026-08-26 14:59:00,57932.6,57933.85,57915.65,57925.6,0
2026-08-26 15:00:00,57929.9,57929.9,57888.65,57891.1,0
2026-08-26 15:01:00,57900.65,57914.0,57891.25,57913.0,0
2026-08-26 15:02:00,57915.5,57918.75,57907.6,57911.3,0
2026-08-26 15:03:00,57911.5,57912.35,57890.6,57907.6,0
2026-08-26 15:04:00,57909.6,57916.25,57901.2,57914.7,0
2026-08-26 15:05:00,57918.7,57918.7,57879.5,57893.65,0
2026-08-26 15:06:00,57893.6,57897.2,57868.55,57870.3,0
2026-08-26 15:07:00,57880.0,57881.2,57860.9,57870.3,0
2026-08-26 15:08:00,57874.75,57885.6,57860.65,57882.25,0
2026-08-26 15:09:00,57881.0,57889.6,57870.0,57882.45,0
2026-08-26 15:10:00,57889.1,57894.8,57877.15,57880.65,0
2026-08-26 15:11:00,57885.55,57889.55,57872.55,57885.1,0
2026-08-26 15:12:00,57886.1,57901.8,57862.7,57888.8,0
2026-08-26 15:13:00,57898.95,57900.55,57882.85,57895.55,0
2026-08-26 15:14:00,57891.9,57895.25,57867.05,57880.25,0
2026-08-26 15:28:00,57783.75,57783.75,57783.75,57783.75,0
2026-08-27 09:15:00,57985.0,58012.4,57889.95,57914.45,0
2026-08-27 09:16:00,57917.7,57934.6,57859.35,57890.25,0
2026-08-27 09:17:00,57888.5,57889.1,57756.45,57780.9,0
2026-08-27 09:18:00,57779.25,57860.5,57773.15,57856.8,0
2026-08-27 09:19:00,57855.6,57889.9,57855.6,57871.6,0
2026-08-27 09:20:00,57870.25,57877.8,57836.75,57838.5,0
2026-08-27 09:21:00,57840.85,57865.75,57816.85,57849.95,0
2026-08-27 09:22:00,57850.6,57864.7,57833.0,57845.5,0
2026-08-27 09:23:00,57848.2,57848.2,57812.0,57821.9,0
2026-08-27 09:24:00,57821.05,57824.5,57808.3,57814.7,0
2026-08-27 09:25:00,57815.35,57824.1,57797.55,57822.45,0
2026-08-27 09:26:00,57825.9,57874.5,57816.15,57861.45,0
2026-08-27 09:27:00,57861.0,57870.8,57830.35,57837.55,0
2026-08-27 09:28:00,57839.65,57844.95,57796.2,57798.95,0
2026-08-27 09:29:00,57799.15,57803.25,57773.35,57786.6,0
2026-08-27 09:30:00,57786.2,57806.15,57765.0,57767.75,0
2026-08-27 09:31:00,57769.75,57779.15,57749.5,57753.0,0
2026-08-27 09:32:00,57755.15,57779.1,57743.8,57769.15,0
2026-08-27 09:33:00,57765.4,57789.6,57762.25,57787.55,0
2026-08-27 09:34:00,57785.7,57827.05,57784.7,57820.2,0
2026-08-27 09:35:00,57818.85,57844.65,57808.3,57808.55,0
2026-08-27 09:36:00,57806.3,57816.55,57784.4,57786.65,0
2026-08-27 09:37:00,57786.55,57786.55,57750.1,57773.3,0
2026-08-27 09:38:00,57771.95,57793.5,57768.75,57778.8,0
2026-08-27 09:39:00,57777.45,57800.15,57768.55,57797.15,0
2026-08-27 09:40:00,57795.65,57817.25,57792.75,57815.2,0
2026-08-27 09:41:00,57811.6,57818.9,57781.6,57785.3,0
2026-08-27 09:42:00,57784.1,57801.35,57772.25,57801.35,0
2026-08-27 09:43:00,57797.5,57833.55,57791.1,57831.65,0
2026-08-27 09:44:00,57829.7,57847.35,57825.1,57839.6,0
2026-08-27 09:45:00,57832.55,57839.0,57807.65,57835.05,0
2026-08-27 09:46:00,57834.3,57850.35,57824.4,57841.2,0
2026-08-27 09:47:00,57839.4,57867.6,57828.9,57832.5,0
2026-08-27 09:48:00,57835.8,57861.1,57825.3,57858.85,0
2026-08-27 09:49:00,57862.8,57879.15,57855.65,57863.6,0
2026-08-27 09:50:00,57865.75,57866.35,57823.95,57825.05,0
2026-08-27 09:51:00,57827.8,57831.45,57807.5,57813.55,0
2026-08-27 09:52:00,57817.9,57838.9,57817.9,57836.2,0
2026-08-27 09:53:00,57838.2,57866.5,57822.5,57863.3,0
2026-08-27 09:54:00,57864.6,57869.95,57854.15,57858.25,0
2026-08-27 09:55:00,57858.75,57862.75,57839.85,57845.8,0
2026-08-27 09:56:00,57848.85,57857.8,57840.0,57844.55,0
2026-08-27 09:57:00,57848.45,57848.45,57833.8,57837.1,0
2026-08-27 09:58:00,57841.8,57842.95,57796.45,57810.55,0
2026-08-27 09:59:00,57818.5,57832.65,57804.05,57822.4,0
2026-08-27 10:00:00,57823.85,57828.2,57798.05,57816.6,0
2026-08-27 10:01:00,57820.75,57822.25,57799.95,57818.8,0
2026-08-27 10:02:00,57818.0,57837.1,57814.9,57826.25,0
2026-08-27 10:03:00,57825.2,57835.7,57809.5,57827.75,0
2026-08-27 10:04:00,57829.7,57845.1,57825.6,57832.1,0
2026-08-27 10:05:00,57832.45,57837.7,57819.6,57833.65,0
2026-08-27 10:06:00,57835.75,57838.25,57820.85,57824.25,0
2026-08-27 10:07:00,57828.05,57836.2,57812.9,57820.7,0
2026-08-27 10:08:00,57823.55,57826.45,57806.2,57806.2,0
2026-08-27 10:09:00,57802.75,57834.3,57799.05,57831.15,0
2026-08-27 10:10:00,57827.45,57840.3,57817.7,57820.6,0
2026-08-27 10:11:00,57819.6,57825.5,57799.5,57815.2,0
2026-08-27 10:12:00,57810.75,57824.4,57808.85,57819.65,0
2026-08-27 10:13:00,57816.55,57827.9,57815.1,57821.3,0
2026-08-27 10:14:00,57819.15,57825.95,57794.7,57797.15,0
2026-08-27 10:15:00,57798.0,57818.35,57787.25,57816.45,0
2026-08-27 10:16:00,57810.75,57816.05,57792.2,57800.45,0
2026-08-27 10:17:00,57798.6,57811.1,57795.0,57803.1,0
2026-08-27 10:18:00,57803.95,57812.15,57794.35,57811.25,0
2026-08-27 10:19:00,57809.1,57818.7,57804.25,57814.8,0
2026-08-27 10:20:00,57814.2,57824.5,57810.45,57816.95,0
2026-08-27 10:21:00,57817.75,57825.3,57796.1,57797.55,0
2026-08-27 10:22:00,57798.65,57808.65,57781.65,57785.2,0
2026-08-27 10:23:00,57784.4,57808.0,57781.8,57802.3,0
2026-08-27 10:24:00,57803.55,57807.0,57785.15,57788.85,0
2026-08-27 10:25:00,57790.55,57794.2,57775.55,57788.75,0
2026-08-27 10:26:00,57786.55,57795.5,57782.1,57792.4,0
2026-08-27 10:27:00,57790.85,57814.25,57787.5,57809.55,0
2026-08-27 10:28:00,57809.0,57819.55,57794.0,57799.55,0
2026-08-27 10:29:00,57800.05,57813.9,57789.15,57796.2,0
2026-08-27 10:30:00,57798.4,57820.8,57789.3,57799.15,0
2026-08-27 10:31:00,57796.1,57807.95,57789.05,57805.75,0
2026-08-27 10:32:00,57808.0,57819.8,57797.55,57798.4,0
2026-08-27 10:33:00,57799.6,57813.4,57791.8,57794.45,0
2026-08-27 10:34:00,57793.15,57797.1,57779.9,57790.05,0
2026-08-27 10:35:00,57782.9,57798.25,57780.1,57790.85,0
2026-08-27 10:36:00,57783.05,57798.6,57780.5,57785.1,0
2026-08-27 10:37:00,57791.65,57793.95,57779.15,57788.3,0
2026-08-27 10:38:00,57787.25,57798.9,57779.55,57783.0,0
2026-08-27 10:39:00,57780.4,57801.2,57777.3,57792.65,0
2026-08-27 10:40:00,57789.5,57802.5,57785.2,57790.05,0
2026-08-27 10:41:00,57790.0,57793.65,57767.85,57772.5,0
2026-08-27 10:42:00,57770.1,57784.0,57767.7,57782.3,0
2026-08-27 10:43:00,57774.65,57786.75,57771.4,57781.4,0
2026-08-27 10:44:00,57782.95,57787.4,57754.7,57756.05,0
2026-08-27 10:45:00,57761.05,57771.75,57757.5,57762.0,0
2026-08-27 10:46:00,57762.65,57778.25,57752.25,57766.4,0
2026-08-27 10:47:00,57765.4,57770.1,57753.75,57760.75,0
2026-08-27 10:48:00,57761.15,57764.45,57747.7,57761.35,0
2026-08-27 10:49:00,57763.4,57763.65,57748.65,57757.35,0
2026-08-27 10:50:00,57756.5,57758.75,57722.75,57724.45,0
2026-08-27 10:51:00,57724.55,57725.9,57709.9,57725.25,0
2026-08-27 10:52:00,57722.55,57730.45,57708.95,57721.4,0
2026-08-27 10:53:00,57716.35,57730.75,57711.5,57724.3,0
2026-08-27 10:54:00,57723.2,57726.9,57707.05,57718.85,0
2026-08-27 10:55:00,57716.85,57728.45,57702.85,57712.45,0
2026-08-27 10:56:00,57708.75,57723.3,57703.95,57723.3,0
2026-08-27 10:57:00,57719.35,57727.95,57711.8,57725.25,0
2026-08-27 10:58:00,57726.15,57727.6,57714.95,57725.85,0
2026-08-27 10:59:00,57722.85,57738.15,57716.5,57732.65,0
2026-08-27 11:00:00,57728.55,57735.45,57718.55,57730.85,0
2026-08-27 11:01:00,57723.95,57731.3,57698.1,57708.5,0
2026-08-27 11:02:00,57706.45,57741.9,57704.0,57741.9,0
2026-08-27 11:03:00,57737.1,57747.3,57735.0,57737.7,0
2026-08-27 11:04:00,57734.8,57742.7,57729.45,57736.85,0
2026-08-27 11:05:00,57732.95,57757.35,57732.75,57750.35,0
2026-08-27 11:06:00,57750.6,57762.45,57748.6,57748.6,0
2026-08-27 11:07:00,57752.2,57760.4,57747.3,57753.75,0
2026-08-27 11:08:00,57756.95,57760.0,57735.65,57752.35,0
2026-08-27 11:09:00,57753.15,57757.6,57732.8,57736.65,0
2026-08-27 11:10:00,57737.3,57741.4,57729.1,57735.4,0
2026-08-27 11:11:00,57732.25,57733.5,57721.4,57730.5,0
2026-08-27 11:12:00,57729.45,57730.15,57719.0,57720.05,0
2026-08-27 11:13:00,57722.1,57734.75,57718.05,57732.6,0
2026-08-27 11:14:00,57734.05,57740.5,57716.45,57718.1,0
2026-08-27 11:15:00,57717.1,57725.1,57708.9,57722.25,0
2026-08-27 11:16:00,57715.3,57733.25,57715.3,57723.95,0
2026-08-27 11:17:00,57719.9,57734.65,57711.5,57723.8,0
2026-08-27 11:18:00,57724.2,57729.3,57707.35,57723.95,0
2026-08-27 11:19:00,57716.85,57727.4,57711.4,57718.75,0
2026-08-27 11:20:00,57716.15,57732.6,57704.0,57728.3,0
2026-08-27 11:21:00,57727.0,57740.7,57726.1,57733.5,0
2026-08-27 11:22:00,57725.1,57737.65,57723.85,57735.4,0
2026-08-27 11:23:00,57730.75,57734.4,57717.1,57724.45,0
2026-08-27 11:24:00,57722.0,57731.4,57720.35,57723.45,0
2026-08-27 11:25:00,57718.85,57738.5,57718.85,57726.3,0
2026-08-27 11:26:00,57725.55,57733.15,57705.45,57714.75,0
2026-08-27 11:27:00,57711.95,57720.25,57704.85,57710.25,0
2026-08-27 11:28:00,57711.2,57715.45,57685.1,57693.55,0
2026-08-27 11:29:00,57693.3,57712.7,57693.3,57705.15,0
2026-08-27 11:30:00,57706.1,57713.2,57704.4,57708.7,0
2026-08-27 11:31:00,57709.25,57736.1,57709.25,57730.85,0
2026-08-27 11:32:00,57732.0,57741.75,57712.8,57731.95,0
2026-08-27 11:33:00,57737.95,57741.1,57725.75,57731.15,0
2026-08-27 11:34:00,57735.1,57754.9,57730.55,57750.9,0
2026-08-27 11:35:00,57752.55,57757.9,57743.45,57745.8,0
2026-08-27 11:36:00,57746.25,57755.2,57742.1,57743.7,0
2026-08-27 11:37:00,57746.3,57756.9,57743.25,57746.85,0
2026-08-27 11:38:00,57751.1,57755.15,57734.05,57739.6,0
2026-08-27 11:39:00,57743.4,57747.75,57736.15,57742.15,0
2026-08-27 11:40:00,57737.1,57746.25,57726.2,57736.35,0
2026-08-27 11:41:00,57733.15,57745.5,57721.9,57728.85,0
2026-08-27 11:42:00,57726.05,57744.9,57718.65,57726.3,0
2026-08-27 11:43:00,57729.65,57743.25,57714.55,57726.25,0
2026-08-27 11:44:00,57724.6,57733.7,57716.85,57723.5,0
2026-08-27 11:45:00,57721.4,57739.6,57713.35,57725.05,0
2026-08-27 11:46:00,57721.45,57733.3,57714.1,57725.3,0
2026-08-27 11:47:00,57726.5,57743.95,57720.7,57732.85,0
2026-08-27 11:48:00,57730.85,57742.8,57723.9,57727.8,0
2026-08-27 11:49:00,57726.45,57733.35,57707.35,57717.3,0
2026-08-27 11:50:00,57716.3,57723.5,57708.65,57713.7,0
2026-08-27 11:51:00,57713.45,57730.15,57706.9,57727.45,0
2026-08-27 11:52:00,57730.95,57737.7,57713.65,57731.0,0
2026-08-27 11:53:00,57732.8,57739.95,57717.4,57725.8,0
2026-08-27 11:54:00,57726.7,57738.85,57722.45,57722.45,0
2026-08-27 11:55:00,57727.2,57740.15,57718.3,57731.35,0
2026-08-27 11:56:00,57730.95,57739.8,57722.5,57731.05,0
2026-08-27 11:57:00,57735.85,57737.8,57723.15,57727.5,0
2026-08-27 11:58:00,57729.1,57747.8,57716.9,57740.9,0
2026-08-27 11:59:00,57741.35,57756.2,57740.3,57750.0,0
2026-08-27 12:00:00,57750.95,57756.9,57713.4,57721.6,0
2026-08-27 12:01:00,57717.2,57733.35,57708.1,57715.75,0
2026-08-27 12:02:00,57716.1,57723.05,57698.9,57711.2,0
2026-08-27 12:03:00,57708.05,57722.1,57677.85,57697.0,0
2026-08-27 12:04:00,57695.6,57702.35,57674.25,57698.65,0
2026-08-27 12:05:00,57698.25,57705.3,57674.9,57685.1,0
2026-08-27 12:06:00,57682.6,57694.45,57676.4,57690.45,0
2026-08-27 12:07:00,57688.7,57695.2,57667.65,57682.35,0
2026-08-27 12:08:00,57679.4,57685.4,57660.25,57678.3,0
2026-08-27 12:09:00,57675.5,57692.35,57670.85,57680.2,0
2026-08-27 12:10:00,57675.2,57687.25,57668.2,57682.45,0
2026-08-27 12:11:00,57685.25,57691.2,57661.5,57666.8,0
2026-08-27 12:12:00,57669.45,57673.05,57648.95,57655.15,0
2026-08-27 12:13:00,57655.45,57670.45,57646.85,57667.85,0
2026-08-27 12:14:00,57668.0,57683.0,57667.45,57677.6,0
2026-08-27 12:15:00,57676.0,57686.5,57665.25,57672.05,0
2026-08-27 12:16:00,57673.8,57688.0,57665.2,57682.1,0
2026-08-27 12:17:00,57680.55,57686.35,57665.15,57676.1,0
2026-08-27 12:18:00,57676.45,57682.25,57640.65,57641.9,0
2026-08-27 12:19:00,57640.0,57643.6,57619.0,57621.9,0
2026-08-27 12:20:00,57621.7,57628.65,57594.65,57598.65,0
2026-08-27 12:21:00,57599.45,57607.8,57584.55,57599.5,0
2026-08-27 12:22:00,57600.25,57605.6,57592.45,57596.95,0
2026-08-27 12:23:00,57595.9,57606.0,57590.4,57591.5,0
2026-08-27 12:24:00,57594.45,57599.35,57581.05,57583.05,0
2026-08-27 12:25:00,57583.1,57594.65,57571.3,57586.45,0
2026-08-27 12:26:00,57584.95,57607.35,57584.95,57594.8,0
2026-08-27 12:27:00,57594.35,57627.45,57594.35,57618.95,0
2026-08-27 12:28:00,57622.05,57629.7,57611.15,57611.95,0
2026-08-27 12:29:00,57613.35,57632.9,57613.35,57623.1,0
2026-08-27 12:30:00,57620.4,57625.55,57605.15,57617.45,0
2026-08-27 12:31:00,57612.5,57626.35,57604.7,57609.5,0
2026-08-27 12:32:00,57607.0,57611.9,57589.4,57597.65,0
2026-08-27 12:33:00,57598.95,57608.8,57586.15,57586.75,0
2026-08-27 12:34:00,57586.95,57601.8,57571.5,57592.25,0
2026-08-27 12:35:00,57592.35,57603.6,57583.05,57588.65,0
2026-08-27 12:36:00,57587.25,57600.05,57578.3,57595.6,0
2026-08-27 12:37:00,57595.35,57613.5,57592.45,57608.7,0
2026-08-27 12:38:00,57608.2,57643.8,57604.75,57635.65,0
2026-08-27 12:39:00,57632.2,57653.35,57627.55,57637.65,0
2026-08-27 12:40:00,57637.1,57652.7,57635.85,57638.55,0
2026-08-27 12:41:00,57637.2,57645.3,57630.05,57637.65,0
2026-08-27 12:42:00,57640.75,57644.9,57624.5,57626.2,0
2026-08-27 12:43:00,57627.15,57628.15,57612.5,57614.55,0
2026-08-27 12:44:00,57613.05,57630.85,57612.5,57621.45,0
2026-08-27 12:45:00,57622.85,57624.9,57608.4,57612.8,0
2026-08-27 12:46:00,57615.3,57625.3,57602.45,57602.55,0
2026-08-27 12:47:00,57603.45,57613.55,57598.05,57604.25,0
2026-08-27 12:48:00,57608.2,57615.0,57602.1,57613.45,0
2026-08-27 12:49:00,57615.1,57621.95,57600.8,57612.15,0
2026-08-27 12:50:00,57610.15,57620.85,57586.25,57591.35,0
2026-08-27 12:51:00,57589.0,57627.2,57589.0,57607.05,0
2026-08-27 12:52:00,57604.8,57632.95,57601.2,57602.55,0
2026-08-27 12:53:00,57602.45,57633.85,57602.15,57618.65,0
2026-08-27 12:54:00,57619.4,57648.5,57616.7,57641.95,0
2026-08-27 12:55:00,57639.05,57663.1,57639.05,57656.85,0
2026-08-27 12:56:00,57652.4,57669.3,57646.1,57665.05,0
2026-08-27 12:57:00,57661.05,57690.6,57661.05,57672.5,0
2026-08-27 12:58:00,57672.35,57689.3,57672.15,57678.1,0
2026-08-27 12:59:00,57675.6,57681.95,57663.3,57664.35,0
2026-08-27 13:00:00,57666.2,57685.25,57656.8,57668.35,0
2026-08-27 13:01:00,57667.2,57673.1,57656.4,57661.8,0
2026-08-27 13:02:00,57662.6,57686.4,57648.4,57680.4,0
2026-08-27 13:03:00,57679.8,57698.35,57672.35,57684.2,0
2026-08-27 13:04:00,57678.7,57685.15,57668.3,57671.9,0
2026-08-27 13:05:00,57672.15,57681.4,57659.2,57664.2,0
2026-08-27 13:06:00,57667.2,57687.65,57657.35,57676.45,0
2026-08-27 13:07:00,57670.7,57690.15,57669.8,57684.6,0
2026-08-27 13:08:00,57683.5,57692.6,57664.15,57681.8,0
2026-08-27 13:09:00,57681.5,57709.3,57677.8,57700.0,0
2026-08-27 13:10:00,57699.75,57717.0,57696.1,57713.9,0
2026-08-27 13:11:00,57712.3,57743.1,57712.3,57732.4,0
2026-08-27 13:12:00,57734.85,57784.9,57731.85,57781.8,0
2026-08-27 13:13:00,57782.7,57788.5,57758.15,57770.7,0
2026-08-27 13:14:00,57772.5,57782.9,57762.35,57782.1,0
2026-08-27 13:15:00,57780.85,57796.95,57775.55,57788.05,0
2026-08-27 13:16:00,57784.05,57790.95,57762.75,57765.65,0
2026-08-27 13:17:00,57763.8,57768.0,57746.0,57755.05,0
2026-08-27 13:18:00,57756.55,57773.55,57742.2,57770.5,0
2026-08-27 13:19:00,57770.85,57774.35,57735.25,57744.55,0
2026-08-27 13:20:00,57742.85,57760.55,57737.4,57752.45,0
2026-08-27 13:21:00,57750.35,57761.15,57728.55,57741.05,0
2026-08-27 13:22:00,57739.4,57764.55,57732.8,57753.6,0
2026-08-27 13:23:00,57752.35,57762.75,57735.7,57752.65,0
2026-08-27 13:24:00,57752.3,57770.2,57750.35,57761.15,0
2026-08-27 13:25:00,57759.1,57768.45,57734.3,57743.9,0
2026-08-27 13:26:00,57743.5,57761.65,57730.8,57746.05,0
2026-08-27 13:27:00,57740.6,57751.05,57726.8,57736.6,0
2026-08-27 13:28:00,57736.85,57742.95,57714.3,57719.65,0
2026-08-27 13:29:00,57716.2,57738.85,57706.7,57737.9,0
2026-08-27 13:30:00,57733.25,57749.45,57706.65,57713.5,0
2026-08-27 13:31:00,57712.75,57714.8,57698.2,57705.25,0
2026-08-27 13:32:00,57706.65,57717.35,57697.95,57702.55,0
2026-08-27 13:33:00,57704.05,57724.3,57697.4,57722.0,0
2026-08-27 13:34:00,57723.75,57725.95,57700.45,57717.75,0
2026-08-27 13:35:00,57713.05,57725.35,57712.9,57722.0,0
2026-08-27 13:36:00,57719.8,57729.4,57709.45,57723.55,0
2026-08-27 13:37:00,57722.95,57728.45,57715.95,57724.45,0
2026-08-27 13:38:00,57723.25,57736.35,57719.9,57734.75,0
2026-08-27 13:39:00,57731.85,57746.35,57724.4,57729.55,0
2026-08-27 13:40:00,57729.2,57734.7,57711.3,57716.5,0
2026-08-27 13:41:00,57714.3,57722.3,57697.35,57721.85,0
2026-08-27 13:42:00,57708.25,57720.3,57705.5,57713.45,0
2026-08-27 13:43:00,57713.1,57718.1,57692.55,57694.45,0
2026-08-27 13:44:00,57696.05,57708.05,57684.3,57689.6,0
2026-08-27 13:45:00,57688.35,57692.0,57670.6,57673.25,0
2026-08-27 13:46:00,57674.4,57687.7,57667.5,57680.2,0
2026-08-27 13:47:00,57680.45,57684.15,57657.85,57669.1,0
2026-08-27 13:48:00,57667.25,57669.0,57623.75,57642.15,0
2026-08-27 13:49:00,57638.6,57661.15,57633.1,57644.25,0
2026-08-27 13:50:00,57640.8,57648.15,57629.05,57644.0,0
2026-08-27 13:51:00,57645.55,57651.75,57627.65,57630.55,0
2026-08-27 13:52:00,57634.55,57649.1,57628.4,57641.05,0
2026-08-27 13:53:00,57640.75,57646.35,57625.1,57633.2,0
2026-08-27 13:54:00,57634.25,57641.7,57626.25,57634.05,0
2026-08-27 13:55:00,57634.3,57636.15,57615.55,57622.6,0
2026-08-27 13:56:00,57624.3,57636.65,57613.4,57619.65,0
2026-08-27 13:57:00,57619.4,57622.05,57598.15,57599.55,0
2026-08-27 13:58:00,57598.55,57603.15,57575.8,57586.5,0
2026-08-27 13:59:00,57585.0,57596.8,57580.55,57587.75,0
2026-08-27 14:00:00,57586.6,57596.95,57579.5,57589.8,0
2026-08-27 14:01:00,57592.75,57596.55,57574.25,57587.3,0
2026-08-27 14:02:00,57584.55,57598.4,57584.35,57590.3,0
2026-08-27 14:03:00,57590.45,57593.65,57569.1,57577.3,0
2026-08-27 14:04:00,57576.8,57591.15,57570.15,57582.65,0
2026-08-27 14:05:00,57581.9,57589.95,57571.45,57584.65,0
2026-08-27 14:06:00,57583.95,57592.2,57568.2,57576.35,0
2026-08-27 14:07:00,57575.55,57580.75,57557.3,57559.3,0
2026-08-27 14:08:00,57558.8,57561.95,57539.8,57553.95,0
2026-08-27 14:09:00,57553.6,57559.8,57535.85,57550.7,0
2026-08-27 14:10:00,57553.9,57565.2,57537.6,57561.8,0
2026-08-27 14:11:00,57562.85,57586.6,57548.9,57583.45,0
2026-08-27 14:12:00,57582.65,57598.2,57575.4,57593.35,0
2026-08-27 14:13:00,57595.9,57618.85,57587.75,57610.3,0
2026-08-27 14:14:00,57609.05,57609.05,57565.7,57577.7,0
2026-08-27 14:15:00,57576.95,57593.3,57576.95,57587.95,0
2026-08-27 14:16:00,57591.5,57598.55,57582.6,57595.55,0
2026-08-27 14:17:00,57596.1,57610.6,57591.45,57606.85,0
2026-08-27 14:18:00,57604.45,57618.25,57589.75,57606.0,0
2026-08-27 14:19:00,57604.05,57626.45,57601.45,57625.1,0
2026-08-27 14:20:00,57625.2,57632.25,57609.25,57619.55,0
2026-08-27 14:21:00,57622.45,57632.15,57608.75,57632.15,0
2026-08-27 14:22:00,57632.8,57641.15,57618.7,57629.15,0
2026-08-27 14:23:00,57629.2,57645.0,57622.95,57635.15,0
2026-08-27 14:24:00,57632.85,57653.75,57632.85,57650.2,0
2026-08-27 14:25:00,57651.15,57654.2,57616.05,57624.05,0
2026-08-27 14:26:00,57621.4,57637.3,57617.55,57629.85,0
2026-08-27 14:27:00,57629.95,57641.75,57619.1,57637.4,0
2026-08-27 14:28:00,57635.35,57650.0,57623.3,57638.1,0
2026-08-27 14:29:00,57638.2,57647.6,57625.1,57643.85,0
2026-08-27 14:30:00,57642.7,57658.2,57629.3,57636.3,0
2026-08-27 14:31:00,57637.15,57638.5,57605.35,57613.05,0
2026-08-27 14:32:00,57612.6,57616.55,57565.05,57580.05,0
2026-08-27 14:33:00,57579.35,57607.95,57578.95,57607.95,0
2026-08-27 14:34:00,57606.35,57633.25,57598.05,57610.25,0
2026-08-27 14:35:00,57608.05,57610.0,57576.75,57581.7,0
2026-08-27 14:36:00,57582.4,57600.3,57579.55,57583.5,0
2026-08-27 14:37:00,57583.45,57608.5,57571.5,57595.15,0
2026-08-27 14:38:00,57594.6,57608.2,57577.35,57601.7,0
2026-08-27 14:39:00,57598.65,57615.8,57597.05,57613.55,0
2026-08-27 14:40:00,57613.65,57617.5,57586.15,57600.9,0
2026-08-27 14:41:00,57602.85,57607.9,57592.8,57597.15,0
2026-08-27 14:42:00,57601.2,57616.4,57597.0,57602.05,0
2026-08-27 14:43:00,57602.65,57614.85,57575.65,57575.65,0
2026-08-27 14:44:00,57578.7,57592.9,57575.5,57592.9,0
2026-08-27 14:45:00,57593.55,57604.05,57578.85,57591.45,0
2026-08-27 14:46:00,57594.65,57604.35,57582.0,57599.8,0
2026-08-27 14:47:00,57599.55,57614.5,57588.7,57602.3,0
2026-08-27 14:48:00,57606.4,57610.25,57596.1,57608.15,0
2026-08-27 14:49:00,57609.5,57611.95,57585.8,57586.25,0
2026-08-27 14:50:00,57590.15,57613.8,57590.15,57607.75,0
2026-08-27 14:51:00,57605.15,57609.35,57579.35,57583.05,0
2026-08-27 14:52:00,57584.25,57597.3,57570.85,57596.2,0
2026-08-27 14:53:00,57595.55,57599.1,57583.15,57599.1,0
2026-08-27 14:54:00,57600.8,57602.05,57584.75,57595.15,0
2026-08-27 14:55:00,57595.05,57602.15,57578.2,57601.6,0
2026-08-27 14:56:00,57605.75,57618.3,57594.75,57611.7,0
2026-08-27 14:57:00,57616.4,57618.15,57596.6,57605.3,0
2026-08-27 14:58:00,57609.75,57611.75,57592.45,57600.7,0
2026-08-27 14:59:00,57602.7,57615.5,57599.35,57614.5,0
2026-08-27 15:00:00,57612.2,57634.5,57604.35,57629.6,0
2026-08-27 15:01:00,57632.4,57640.65,57622.9,57634.1,0
2026-08-27 15:02:00,57636.2,57641.1,57628.15,57631.05,0
2026-08-27 15:03:00,57632.0,57635.4,57621.9,57632.95,0
2026-08-27 15:04:00,57633.1,57635.8,57620.0,57622.95,0
2026-08-27 15:05:00,57626.85,57628.9,57606.8,57617.05,0
2026-08-27 15:06:00,57621.5,57621.55,57599.25,57607.5,0
2026-08-27 15:07:00,57611.5,57628.85,57598.55,57624.3,0
2026-08-27 15:08:00,57624.2,57626.1,57607.7,57612.95,0
2026-08-27 15:09:00,57616.2,57616.9,57585.55,57599.05,0
2026-08-27 15:10:00,57602.3,57607.8,57590.05,57598.65,0
2026-08-27 15:11:00,57599.3,57609.8,57573.0,57587.3,0
2026-08-27 15:12:00,57594.95,57596.0,57534.9,57563.1,0
2026-08-27 15:13:00,57564.4,57591.05,57559.65,57576.7,0
2026-08-27 15:14:00,57573.85,57596.3,57553.65,57569.5,0
2026-08-27 15:28:00,57509.95,57509.95,57509.95,57509.95,0
2026-08-28 09:15:00,57429.75,57499.35,57343.9,57412.35,0
2026-08-28 09:16:00,57411.05,57456.55,57365.45,57420.4,0
2026-08-28 09:17:00,57421.9,57466.65,57421.25,57433.35,0
2026-08-28 09:18:00,57432.5,57463.5,57401.05,57461.65,0
2026-08-28 09:19:00,57459.95,57461.75,57391.4,57393.1,0
2026-08-28 09:20:00,57392.55,57392.65,57293.9,57301.95,0
2026-08-28 09:21:00,57300.7,57327.75,57297.15,57313.65,0
2026-08-28 09:22:00,57312.3,57330.6,57264.0,57276.95,0
2026-08-28 09:23:00,57273.8,57318.6,57273.55,57313.5,0
2026-08-28 09:24:00,57314.4,57367.85,57309.7,57360.35,0
2026-08-28 09:25:00,57368.6,57425.15,57364.05,57425.15,0
2026-08-28 09:26:00,57423.8,57478.15,57423.8,57474.65,0
2026-08-28 09:27:00,57478.15,57481.75,57458.65,57474.15,0
2026-08-28 09:28:00,57474.05,57474.05,57429.9,57434.35,0
2026-08-28 09:29:00,57437.15,57447.7,57430.95,57441.0,0
2026-08-28 09:30:00,57437.45,57437.45,57388.35,57399.05,0
2026-08-28 09:31:00,57399.8,57424.85,57372.15,57388.05,0
2026-08-28 09:32:00,57386.9,57416.25,57382.45,57416.2,0
2026-08-28 09:33:00,57419.7,57430.8,57406.8,57410.25,0
2026-08-28 09:34:00,57409.8,57413.05,57379.4,57385.95,0
2026-08-28 09:35:00,57389.45,57397.5,57379.85,57386.0,0
2026-08-28 09:36:00,57384.4,57395.15,57368.85,57375.5,0
2026-08-28 09:37:00,57373.35,57393.1,57358.8,57389.05,0
2026-08-28 09:38:00,57390.15,57391.8,57354.45,57360.55,0
2026-08-28 09:39:00,57359.4,57408.45,57356.9,57400.6,0
2026-08-28 09:40:00,57400.2,57441.95,57388.1,57433.55,0
2026-08-28 09:41:00,57437.4,57443.35,57417.95,57428.95,0
2026-08-28 09:42:00,57432.0,57449.65,57419.0,57447.05,0
2026-08-28 09:43:00,57445.95,57459.85,57442.4,57446.55,0
2026-08-28 09:44:00,57445.7,57447.65,57428.05,57437.4,0
2026-08-28 09:45:00,57441.25,57444.7,57428.8,57437.8,0
2026-08-28 09:46:00,57441.35,57450.55,57432.0,57444.7,0
2026-08-28 09:47:00,57446.15,57452.1,57436.5,57446.0,0
2026-08-28 09:48:00,57446.2,57448.8,57415.3,57420.45,0
2026-08-28 09:49:00,57419.5,57430.95,57405.85,57418.65,0
2026-08-28 09:50:00,57418.25,57429.1,57404.45,57418.2,0
2026-08-28 09:51:00,57422.2,57426.2,57410.1,57414.1,0
2026-08-28 09:52:00,57411.95,57431.4,57392.9,57430.4,0
2026-08-28 09:53:00,57432.25,57450.05,57424.0,57447.4,0
2026-08-28 09:54:00,57450.75,57461.1,57443.95,57457.9,0
2026-08-28 09:55:00,57461.1,57478.45,57458.0,57473.6,0
2026-08-28 09:56:00,57479.6,57481.3,57462.95,57474.25,0
2026-08-28 09:57:00,57472.5,57472.5,57441.9,57464.75,0
2026-08-28 09:58:00,57467.15,57476.85,57452.95,57464.95,0
2026-08-28 09:59:00,57464.6,57464.6,57438.25,57449.0,0
2026-08-28 10:00:00,57450.7,57460.4,57442.0,57446.6,0
2026-08-28 10:01:00,57448.2,57456.95,57439.7,57452.55,0
2026-08-28 10:02:00,57452.2,57467.5,57446.25,57458.6,0
2026-08-28 10:03:00,57456.6,57477.35,57456.6,57475.75,0
2026-08-28 10:04:00,57476.75,57480.6,57454.65,57454.65,0
2026-08-28 10:05:00,57455.65,57463.65,57441.5,57443.45,0
2026-08-28 10:06:00,57444.15,57444.15,57424.3,57430.0,0
2026-08-28 10:07:00,57428.9,57456.5,57424.9,57452.65,0
2026-08-28 10:08:00,57458.3,57476.75,57444.0,57470.6,0
2026-08-28 10:09:00,57475.2,57479.4,57442.7,57444.2,0
2026-08-28 10:10:00,57446.25,57452.8,57439.7,57447.5,0
2026-08-28 10:11:00,57451.1,57458.6,57442.95,57458.6,0
2026-08-28 10:12:00,57455.95,57470.6,57452.75,57461.9,0
2026-08-28 10:13:00,57465.75,57478.0,57454.75,57470.9,0
2026-08-28 10:14:00,57477.45,57494.5,57474.5,57488.0,0
2026-08-28 10:15:00,57489.55,57543.9,57489.55,57532.45,0
2026-08-28 10:16:00,57538.35,57558.3,57527.4,57552.7,0
2026-08-28 10:17:00,57547.9,57577.65,57543.1,57543.1,0
2026-08-28 10:18:00,57545.4,57545.4,57510.65,57519.75,0
2026-08-28 10:19:00,57521.0,57532.9,57514.1,57515.85,0
2026-08-28 10:20:00,57520.5,57525.15,57504.75,57520.55,0
2026-08-28 10:21:00,57521.75,57523.2,57496.35,57509.6,0
2026-08-28 10:22:00,57508.6,57521.6,57503.8,57519.25,0
2026-08-28 10:23:00,57517.05,57533.2,57511.25,57522.85,0
2026-08-28 10:24:00,57521.75,57533.1,57517.0,57527.2,0
2026-08-28 10:25:00,57526.9,57531.85,57502.15,57507.15,0
2026-08-28 10:26:00,57509.5,57516.5,57494.55,57514.2,0
2026-08-28 10:27:00,57514.0,57528.65,57512.15,57526.45,0
2026-08-28 10:28:00,57528.7,57528.7,57509.9,57519.8,0
2026-08-28 10:29:00,57523.7,57526.7,57514.5,57525.5,0
2026-08-28 10:30:00,57529.35,57531.35,57510.5,57515.8,0
2026-08-28 10:31:00,57518.0,57518.85,57500.55,57501.85,0
2026-08-28 10:32:00,57503.85,57527.3,57503.55,57522.1,0
2026-08-28 10:33:00,57521.5,57524.85,57496.5,57498.75,0
2026-08-28 10:34:00,57504.35,57507.0,57491.95,57492.65,0
2026-08-28 10:35:00,57496.35,57497.9,57466.25,57466.25,0
2026-08-28 10:36:00,57469.1,57489.95,57468.35,57479.5,0
2026-08-28 10:37:00,57482.8,57488.9,57473.65,57484.9,0
2026-08-28 10:38:00,57488.85,57500.75,57484.9,57498.2,0
2026-08-28 10:39:00,57499.3,57525.5,57486.1,57521.95,0
2026-08-28 10:40:00,57522.75,57549.2,57521.15,57542.85,0
2026-08-28 10:41:00,57543.2,57554.5,57539.2,57547.1,0
2026-08-28 10:42:00,57548.8,57550.15,57533.15,57537.4,0
2026-08-28 10:43:00,57536.6,57544.25,57512.5,57541.4,0
2026-08-28 10:44:00,57543.25,57548.75,57523.8,57532.2,0
2026-08-28 10:45:00,57534.2,57546.35,57532.7,57540.85,0
2026-08-28 10:46:00,57543.45,57555.2,57535.2,57547.85,0
2026-08-28 10:47:00,57550.35,57568.25,57546.55,57567.05,0
2026-08-28 10:48:00,57566.6,57579.75,57561.05,57569.5,0
2026-08-28 10:49:00,57568.4,57585.5,57562.4,57581.2,0
2026-08-28 10:50:00,57581.9,57591.05,57577.85,57587.2,0
2026-08-28 10:51:00,57588.8,57596.4,57574.5,57580.15,0
2026-08-28 10:52:00,57578.3,57588.4,57575.95,57580.7,0
2026-08-28 10:53:00,57582.2,57586.35,57573.7,57575.4,0
2026-08-28 10:54:00,57575.8,57577.65,57561.8,57565.25,0
2026-08-28 10:55:00,57566.15,57567.7,57547.5,57552.05,0
2026-08-28 10:56:00,57555.25,57562.55,57538.4,57560.45,0
2026-08-28 10:57:00,57560.3,57560.3,57537.2,57543.45,0
2026-08-28 10:58:00,57546.85,57551.45,57540.7,57547.75,0
2026-08-28 10:59:00,57550.6,57552.05,57540.55,57544.2,0
2026-08-28 11:00:00,57544.95,57550.5,57531.4,57538.75,0
2026-08-28 11:01:00,57539.4,57543.7,57530.4,57540.55,0
2026-08-28 11:02:00,57541.75,57551.15,57539.05,57545.8,0
2026-08-28 11:03:00,57544.4,57546.55,57527.75,57527.75,0
2026-08-28 11:04:00,57528.6,57536.3,57522.75,57533.4,0
2026-08-28 11:05:00,57537.95,57543.9,57530.95,57535.9,0
2026-08-28 11:06:00,57530.65,57536.6,57522.6,57529.25,0
2026-08-28 11:07:00,57532.2,57532.2,57507.85,57515.6,0
2026-08-28 11:08:00,57514.25,57521.75,57506.2,57509.95,0
2026-08-28 11:09:00,57508.35,57510.05,57472.9,57482.4,0
2026-08-28 11:10:00,57479.9,57489.45,57474.55,57483.45,0
2026-08-28 11:11:00,57486.8,57492.35,57477.95,57491.15,0
2026-08-28 11:12:00,57491.35,57516.15,57486.05,57513.25,0
2026-08-28 11:13:00,57511.8,57526.3,57510.6,57517.5,0
2026-08-28 11:14:00,57519.95,57540.35,57518.35,57522.35,0
2026-08-28 11:15:00,57523.3,57527.95,57516.2,57525.55,0
2026-08-28 11:16:00,57523.75,57523.75,57495.45,57497.8,0
2026-08-28 11:17:00,57499.8,57502.05,57487.25,57489.7,0
2026-08-28 11:18:00,57488.65,57489.0,57473.95,57483.3,0
2026-08-28 11:19:00,57482.2,57486.3,57476.5,57478.55,0
2026-08-28 11:20:00,57481.25,57488.05,57478.75,57484.65,0
2026-08-28 11:21:00,57483.35,57495.35,57479.9,57489.55,0
2026-08-28 11:22:00,57489.15,57491.7,57474.95,57482.3,0
2026-08-28 11:23:00,57479.5,57485.0,57469.35,57469.8,0
2026-08-28 11:24:00,57470.95,57477.05,57466.05,57467.7,0
2026-08-28 11:25:00,57468.05,57475.0,57458.05,57464.75,0
2026-08-28 11:26:00,57466.0,57470.55,57443.7,57445.85,0
2026-08-28 11:27:00,57445.7,57456.1,57439.75,57452.25,0
2026-08-28 11:28:00,57451.65,57454.35,57442.3,57446.15,0
2026-08-28 11:29:00,57445.35,57451.95,57420.9,57426.5,0
2026-08-28 11:30:00,57429.0,57434.6,57417.25,57432.85,0
2026-08-28 11:31:00,57431.45,57439.4,57425.7,57435.55,0
2026-08-28 11:32:00,57436.8,57449.6,57425.25,57447.9,0
2026-08-28 11:33:00,57445.05,57446.35,57414.55,57417.65,0
2026-08-28 11:34:00,57416.6,57422.35,57411.25,57417.05,0
2026-08-28 11:35:00,57418.85,57426.6,57377.8,57381.5,0
2026-08-28 11:36:00,57380.8,57390.75,57379.4,57389.9,0
2026-08-28 11:37:00,57386.75,57418.25,57384.95,57411.2,0
2026-08-28 11:38:00,57418.4,57433.4,57412.45,57430.3,0
2026-08-28 11:39:00,57430.35,57437.9,57423.35,57424.35,0
2026-08-28 11:40:00,57424.9,57437.05,57419.4,57434.55,0
2026-08-28 11:41:00,57435.0,57444.65,57430.7,57436.2,0
2026-08-28 11:42:00,57433.9,57433.9,57409.7,57414.4,0
2026-08-28 11:43:00,57414.25,57422.55,57408.35,57422.0,0
2026-08-28 11:44:00,57419.4,57438.2,57414.4,57435.05,0
2026-08-28 11:45:00,57436.85,57439.5,57413.1,57429.15,0
2026-08-28 11:46:00,57425.35,57430.65,57416.7,57423.55,0
2026-08-28 11:47:00,57422.3,57428.75,57412.9,57422.15,0
2026-08-28 11:48:00,57421.2,57430.45,57418.5,57430.45,0
2026-08-28 11:49:00,57431.9,57435.0,57415.1,57423.45,0
2026-08-28 11:50:00,57427.25,57432.65,57420.1,57432.6,0
2026-08-28 11:51:00,57434.7,57436.6,57410.1,57416.9,0
2026-08-28 11:52:00,57418.0,57425.2,57404.1,57411.65,0
2026-08-28 11:53:00,57414.25,57416.25,57394.85,57397.65,0
2026-08-28 11:54:00,57398.9,57413.65,57396.4,57407.25,0
2026-08-28 11:55:00,57410.8,57412.25,57395.7,57403.05,0
2026-08-28 11:56:00,57402.05,57402.8,57352.95,57363.5,0
2026-08-28 11:57:00,57362.55,57365.05,57346.8,57349.0,0
2026-08-28 11:58:00,57350.4,57362.5,57345.35,57359.4,0
2026-08-28 11:59:00,57360.2,57368.3,57351.45,57362.25,0
2026-08-28 12:00:00,57362.35,57371.35,57358.2,57362.0,0
2026-08-28 12:01:00,57363.3,57368.95,57357.65,57363.2,0
2026-08-28 12:02:00,57362.75,57371.05,57360.1,57368.8,0
2026-08-28 12:03:00,57368.0,57370.6,57351.25,57353.35,0
2026-08-28 12:04:00,57355.0,57384.1,57352.05,57373.0,0
2026-08-28 12:05:00,57377.65,57379.75,57364.75,57367.25,0
2026-08-28 12:06:00,57367.6,57372.65,57358.85,57372.45,0
2026-08-28 12:07:00,57369.95,57384.25,57369.95,57383.5,0
2026-08-28 12:08:00,57384.9,57391.75,57381.0,57383.6,0
2026-08-28 12:09:00,57383.1,57384.5,57354.15,57354.5,0
2026-08-28 12:10:00,57351.4,57358.9,57342.75,57354.35,0
2026-08-28 12:11:00,57351.8,57357.6,57335.65,57339.15,0
2026-08-28 12:12:00,57340.3,57345.45,57333.05,57341.7,0
2026-08-28 12:13:00,57343.1,57353.2,57339.85,57352.8,0
2026-08-28 12:14:00,57351.25,57357.75,57340.7,57356.15,0
2026-08-28 12:15:00,57357.9,57368.8,57353.3,57367.95,0
2026-08-28 12:16:00,57366.2,57368.85,57349.55,57352.95,0
2026-08-28 12:17:00,57354.55,57358.25,57346.2,57352.45,0
2026-08-28 12:18:00,57353.2,57357.05,57349.1,57355.6,0
2026-08-28 12:19:00,57351.5,57360.85,57346.8,57354.35,0
2026-08-28 12:20:00,57358.7,57363.25,57348.85,57350.75,0
2026-08-28 12:21:00,57352.9,57358.35,57346.65,57355.1,0
2026-08-28 12:22:00,57357.05,57357.5,57344.35,57344.45,0
2026-08-28 12:23:00,57346.95,57351.2,57338.85,57347.45,0
2026-08-28 12:24:00,57346.15,57353.15,57340.55,57344.45,0
2026-08-28 12:25:00,57347.3,57349.4,57334.0,57342.35,0
2026-08-28 12:26:00,57342.5,57354.6,57340.9,57354.45,0
2026-08-28 12:27:00,57353.3,57358.1,57345.85,57356.05,0
2026-08-28 12:28:00,57354.75,57360.95,57351.6,57356.75,0
2026-08-28 12:29:00,57358.65,57372.15,57353.6,57368.15,0
2026-08-28 12:30:00,57370.65,57381.0,57368.9,57373.15,0
2026-08-28 12:31:00,57374.0,57385.6,57372.75,57376.45,0
2026-08-28 12:32:00,57378.4,57381.2,57369.75,57376.75,0
2026-08-28 12:33:00,57377.8,57383.35,57367.9,57367.9,0
2026-08-28 12:34:00,57373.55,57388.5,57371.7,57383.0,0
2026-08-28 12:35:00,57387.3,57392.15,57371.15,57380.15,0
2026-08-28 12:36:00,57375.65,57383.25,57366.15,57381.75,0
2026-08-28 12:37:00,57380.65,57382.75,57371.85,57375.9,0
2026-08-28 12:38:00,57376.0,57384.05,57371.9,57380.3,0
2026-08-28 12:39:00,57380.45,57394.45,57378.65,57389.9,0
2026-08-28 12:40:00,57390.6,57401.65,57388.4,57394.45,0
2026-08-28 12:41:00,57398.3,57398.9,57390.05,57391.65,0
2026-08-28 12:42:00,57390.4,57396.75,57385.65,57392.2,0
2026-08-28 12:43:00,57395.1,57400.25,57389.35,57395.65,0
2026-08-28 12:44:00,57396.05,57405.1,57393.2,57399.65,0
2026-08-28 12:45:00,57397.95,57405.8,57390.05,57397.65,0
2026-08-28 12:46:00,57400.2,57426.45,57396.45,57422.25,0
2026-08-28 12:47:00,57422.4,57422.4,57400.7,57403.85,0
2026-08-28 12:48:00,57408.2,57423.35,57401.7,57418.7,0
2026-08-28 12:49:00,57419.25,57419.35,57409.0,57415.85,0
2026-08-28 12:50:00,57414.9,57416.35,57396.95,57399.25,0
2026-08-28 12:51:00,57406.0,57416.2,57399.5,57404.65,0
2026-08-28 12:52:00,57405.05,57405.3,57385.5,57389.25,0
2026-08-28 12:53:00,57393.45,57401.1,57386.2,57390.25,0
2026-08-28 12:54:00,57388.1,57393.65,57379.45,57382.1,0
2026-08-28 12:55:00,57384.6,57390.05,57376.4,57385.5,0
2026-08-28 12:56:00,57385.1,57389.95,57377.25,57380.7,0
2026-08-28 12:57:00,57381.05,57387.5,57371.3,57376.8,0
2026-08-28 12:58:00,57377.0,57385.4,57368.85,57370.7,0
2026-08-28 12:59:00,57372.25,57373.15,57347.85,57352.7,0
2026-08-28 13:00:00,57353.3,57356.35,57339.25,57341.45,0
2026-08-28 13:01:00,57343.95,57348.4,57340.0,57345.05,0
2026-08-28 13:02:00,57346.85,57347.3,57335.25,57341.05,0
2026-08-28 13:03:00,57340.95,57346.5,57328.25,57338.65,0
2026-08-28 13:04:00,57340.25,57345.85,57333.85,57336.3,0
2026-08-28 13:05:00,57338.5,57343.1,57329.5,57332.6,0
2026-08-28 13:06:00,57333.05,57335.05,57321.9,57329.45,0
2026-08-28 13:07:00,57333.15,57350.25,57328.8,57346.75,0
2026-08-28 13:08:00,57344.15,57357.1,57336.65,57341.75,0
2026-08-28 13:09:00,57344.8,57351.05,57337.85,57346.05,0
2026-08-28 13:10:00,57351.1,57351.4,57324.55,57331.15,0
2026-08-28 13:11:00,57330.6,57338.65,57326.25,57336.85,0
2026-08-28 13:12:00,57337.6,57339.75,57311.5,57319.9,0
2026-08-28 13:13:00,57319.25,57324.0,57311.7,57316.25,0
2026-08-28 13:14:00,57318.5,57328.05,57315.0,57323.3,0
2026-08-28 13:15:00,57328.55,57328.6,57310.55,57314.1,0
2026-08-28 13:16:00,57317.75,57325.35,57314.0,57318.2,0
2026-08-28 13:17:00,57321.0,57322.45,57307.95,57313.7,0
2026-08-28 13:18:00,57316.15,57328.05,57310.85,57321.35,0
2026-08-28 13:19:00,57320.35,57337.8,57320.0,57324.85,0
2026-08-28 13:20:00,57325.85,57334.1,57316.55,57324.8,0
2026-08-28 13:21:00,57326.2,57332.15,57316.8,57324.0,0
2026-08-28 13:22:00,57325.95,57349.65,57322.15,57339.15,0
2026-08-28 13:23:00,57339.65,57348.85,57336.75,57339.35,0
2026-08-28 13:24:00,57342.85,57348.1,57334.25,57338.9,0
2026-08-28 13:25:00,57341.2,57348.95,57335.05,57344.5,0
2026-08-28 13:26:00,57344.15,57356.45,57343.4,57352.0,0
2026-08-28 13:27:00,57355.75,57364.75,57318.5,57322.45,0
2026-08-28 13:28:00,57323.3,57328.25,57310.95,57316.25,0
2026-08-28 13:29:00,57318.1,57321.45,57311.25,57318.6,0
2026-08-28 13:30:00,57320.15,57332.9,57316.5,57330.85,0
2026-08-28 13:31:00,57332.85,57338.3,57329.9,57333.8,0
2026-08-28 13:32:00,57334.5,57354.6,57332.75,57348.95,0
2026-08-28 13:33:00,57350.4,57362.7,57335.65,57362.4,0
2026-08-28 13:34:00,57363.0,57367.2,57354.8,57362.7,0
2026-08-28 13:35:00,57359.9,57367.3,57353.3,57356.95,0
2026-08-28 13:36:00,57360.7,57365.15,57352.0,57363.85,0
2026-08-28 13:37:00,57365.75,57387.6,57360.65,57385.35,0
2026-08-28 13:38:00,57386.35,57387.15,57376.2,57380.8,0
2026-08-28 13:39:00,57382.65,57386.45,57374.75,57380.4,0
2026-08-28 13:40:00,57382.85,57402.6,57377.85,57397.95,0
2026-08-28 13:41:00,57400.85,57404.75,57381.4,57385.7,0
2026-08-28 13:42:00,57387.65,57393.95,57376.1,57393.8,0
2026-08-28 13:43:00,57390.6,57397.85,57384.0,57397.85,0
2026-08-28 13:44:00,57396.35,57400.0,57389.65,57392.9,0
2026-08-28 13:45:00,57395.1,57398.9,57387.65,57398.9,0
2026-08-28 13:46:00,57398.2,57398.3,57388.0,57395.4,0
2026-08-28 13:47:00,57393.6,57395.7,57378.55,57379.95,0
2026-08-28 13:48:00,57380.5,57381.45,57362.35,57378.7,0
2026-08-28 13:49:00,57377.45,57382.1,57358.5,57358.75,0
2026-08-28 13:50:00,57362.1,57373.8,57354.45,57369.05,0
2026-08-28 13:51:00,57369.9,57370.7,57344.35,57351.4,0
2026-08-28 13:52:00,57352.6,57362.0,57349.7,57357.45,0
2026-08-28 13:53:00,57358.4,57360.8,57350.1,57355.2,0
2026-08-28 13:54:00,57354.95,57359.5,57347.65,57353.8,0
2026-08-28 13:55:00,57354.4,57356.7,57333.3,57341.3,0
2026-08-28 13:56:00,57346.1,57354.8,57336.3,57354.3,0
2026-08-28 13:57:00,57348.3,57363.9,57348.3,57359.75,0
2026-08-28 13:58:00,57359.25,57370.85,57351.75,57368.2,0
2026-08-28 13:59:00,57370.5,57380.7,57364.85,57376.95,0
2026-08-28 14:00:00,57379.5,57391.55,57375.5,57387.45,0
2026-08-28 14:01:00,57387.65,57393.85,57381.95,57386.05,0
2026-08-28 14:02:00,57387.9,57411.75,57387.4,57402.35,0
2026-08-28 14:03:00,57407.8,57408.4,57387.7,57393.15,0
2026-08-28 14:04:00,57391.65,57393.2,57374.6,57382.65,0
2026-08-28 14:05:00,57382.75,57386.9,57369.6,57370.1,0
2026-08-28 14:06:00,57373.0,57375.5,57365.5,57369.8,0
2026-08-28 14:07:00,57368.6,57395.5,57365.35,57395.5,0
2026-08-28 14:08:00,57392.7,57410.3,57388.65,57404.85,0
2026-08-28 14:09:00,57404.15,57411.25,57399.7,57408.3,0
2026-08-28 14:10:00,57408.6,57415.65,57402.2,57414.8,0
2026-08-28 14:11:00,57414.0,57437.25,57412.6,57427.4,0
2026-08-28 14:12:00,57425.9,57435.0,57422.45,57424.35,0
2026-08-28 14:13:00,57426.3,57426.3,57408.9,57420.7,0
2026-08-28 14:14:00,57420.55,57423.9,57413.35,57416.3,0
2026-08-28 14:15:00,57421.15,57423.35,57398.55,57398.55,0
2026-08-28 14:16:00,57396.9,57424.65,57394.65,57420.6,0
2026-08-28 14:17:00,57421.95,57434.8,57418.55,57431.15,0
2026-08-28 14:18:00,57431.3,57436.8,57417.05,57424.05,0
2026-08-28 14:19:00,57422.4,57425.55,57404.2,57409.3,0
2026-08-28 14:20:00,57408.1,57433.8,57408.1,57431.85,0
2026-08-28 14:21:00,57430.3,57451.8,57429.05,57448.6,0
2026-08-28 14:22:00,57449.3,57449.3,57434.15,57438.1,0
2026-08-28 14:23:00,57436.45,57445.05,57427.7,57441.1,0
2026-08-28 14:24:00,57442.35,57447.8,57434.4,57445.8,0
2026-08-28 14:25:00,57442.55,57448.6,57426.1,57430.25,0
2026-08-28 14:26:00,57432.55,57438.4,57424.4,57429.9,0
2026-08-28 14:27:00,57435.55,57446.35,57431.55,57445.0,0
2026-08-28 14:28:00,57445.25,57445.25,57431.25,57438.65,0
2026-08-28 14:29:00,57442.2,57443.25,57429.75,57429.75,0
2026-08-28 14:30:00,57432.25,57441.2,57431.6,57435.4,0
2026-08-28 14:31:00,57434.4,57439.35,57411.6,57412.9,0
2026-08-28 14:32:00,57415.6,57429.1,57410.2,57426.45,0
2026-08-28 14:33:00,57427.0,57429.6,57408.0,57426.95,0
2026-08-28 14:34:00,57427.35,57444.75,57426.45,57435.25,0
2026-08-28 14:35:00,57437.35,57440.4,57423.05,57428.45,0
2026-08-28 14:36:00,57431.0,57435.55,57423.05,57427.6,0
2026-08-28 14:37:00,57426.15,57433.0,57417.9,57426.15,0
2026-08-28 14:38:00,57422.95,57430.35,57416.3,57417.35,0
2026-08-28 14:39:00,57418.7,57422.6,57403.35,57404.45,0
2026-08-28 14:40:00,57403.75,57406.5,57386.05,57396.45,0
2026-08-28 14:41:00,57397.05,57412.45,57396.55,57411.7,0
2026-08-28 14:42:00,57408.3,57410.75,57401.2,57410.1,0
2026-08-28 14:43:00,57407.25,57414.4,57402.65,57411.1,0
2026-08-28 14:44:00,57411.65,57419.3,57407.25,57408.25,0
2026-08-28 14:45:00,57408.6,57412.1,57401.4,57408.5,0
2026-08-28 14:46:00,57407.0,57409.4,57395.6,57402.3,0
2026-08-28 14:47:00,57400.85,57404.0,57393.55,57396.65,0
2026-08-28 14:48:00,57398.7,57426.05,57396.75,57418.65,0
2026-08-28 14:49:00,57420.05,57440.8,57414.3,57436.7,0
2026-08-28 14:50:00,57441.6,57459.05,57432.25,57448.85,0
2026-08-28 14:51:00,57453.45,57464.75,57434.6,57436.8,0
2026-08-28 14:52:00,57440.75,57455.75,57433.9,57448.25,0
2026-08-28 14:53:00,57453.6,57462.55,57445.75,57452.95,0
2026-08-28 14:54:00,57456.7,57463.95,57447.7,57460.75,0
2026-08-28 14:55:00,57461.8,57466.1,57452.3,57457.1,0
2026-08-28 14:56:00,57457.45,57457.75,57440.55,57444.8,0
2026-08-28 14:57:00,57446.5,57462.1,57441.15,57454.3,0
2026-08-28 14:58:00,57455.0,57462.05,57448.35,57455.2,0
2026-08-28 14:59:00,57458.15,57463.95,57450.1,57454.15,0
2026-08-28 15:00:00,57456.0,57456.0,57424.65,57434.6,0
2026-08-28 15:01:00,57429.9,57440.3,57421.2,57432.15,0
2026-08-28 15:02:00,57435.1,57435.1,57407.6,57416.1,0
2026-08-28 15:03:00,57410.9,57418.85,57400.05,57403.45,0
2026-08-28 15:04:00,57401.7,57409.9,57397.2,57409.2,0
2026-08-28 15:05:00,57411.05,57419.8,57405.9,57410.15,0
2026-08-28 15:06:00,57407.8,57415.55,57403.1,57404.4,0
2026-08-28 15:07:00,57406.45,57410.75,57399.3,57405.85,0
2026-08-28 15:08:00,57405.0,57420.15,57402.25,57419.75,0
2026-08-28 15:09:00,57417.25,57435.3,57410.3,57430.3,0
2026-08-28 15:10:00,57427.2,57435.75,57423.8,57431.15,0
2026-08-28 15:11:00,57427.05,57466.85,57421.45,57458.7,0
2026-08-28 15:12:00,57460.7,57479.2,57439.3,57463.7,0
2026-08-28 15:13:00,57460.05,57477.6,57455.95,57466.6,0
2026-08-28 15:14:00,57466.0,57467.45,57429.1,57434.55,0
2026-08-28 15:29:00,57496.3,57496.3,57496.3,57496.3,0
2026-08-31 09:15:00,57353.75,57469.75,57238.5,57282.7,0
2026-08-31 09:16:00,57287.0,57377.2,57263.6,57359.2,0
2026-08-31 09:17:00,57348.75,57435.35,57338.45,57428.05,0
2026-08-31 09:18:00,57431.5,57438.2,57373.9,57436.55,0
2026-08-31 09:19:00,57437.65,57505.25,57423.3,57485.65,0
2026-08-31 09:20:00,57488.65,57539.1,57468.45,57534.25,0
2026-08-31 09:21:00,57534.75,57539.4,57473.25,57521.5,0
2026-08-31 09:22:00,57522.35,57526.45,57500.15,57508.05,0
2026-08-31 09:23:00,57510.05,57572.55,57500.95,57541.3,0
2026-08-31 09:24:00,57544.5,57553.6,57512.35,57548.0,0
2026-08-31 09:25:00,57551.45,57576.25,57539.2,57546.35,0
2026-08-31 09:26:00,57551.85,57551.85,57470.2,57471.65,0
2026-08-31 09:27:00,57471.75,57487.45,57424.45,57425.7,0
2026-08-31 09:28:00,57430.3,57451.2,57425.3,57447.05,0
2026-08-31 09:29:00,57447.9,57447.9,57408.3,57427.45,0
2026-08-31 09:30:00,57428.9,57459.95,57424.3,57456.0,0
2026-08-31 09:31:00,57455.4,57461.3,57422.0,57426.65,0
2026-08-31 09:32:00,57428.05,57500.05,57425.95,57480.55,0
2026-08-31 09:33:00,57482.35,57498.5,57457.5,57471.25,0
2026-08-31 09:34:00,57481.0,57494.85,57442.6,57444.45,0
2026-08-31 09:35:00,57447.6,57452.8,57424.25,57425.8,0
2026-08-31 09:36:00,57429.3,57454.3,57419.1,57448.55,0
2026-08-31 09:37:00,57452.4,57461.8,57438.35,57453.4,0
2026-08-31 09:38:00,57452.05,57457.7,57415.85,57418.0,0
2026-08-31 09:39:00,57420.75,57426.75,57403.25,57406.9,0
2026-08-31 09:40:00,57413.9,57433.3,57387.85,57422.8,0
2026-08-31 09:41:00,57425.6,57430.0,57383.1,57387.75,0
2026-08-31 09:42:00,57397.6,57398.05,57356.45,57362.85,0
2026-08-31 09:43:00,57366.55,57374.8,57345.7,57345.7,0
2026-08-31 09:44:00,57350.75,57365.8,57339.7,57359.7,0
2026-08-31 09:45:00,57365.75,57365.75,57338.9,57343.9,0
2026-08-31 09:46:00,57345.0,57381.3,57335.15,57381.3,0
2026-08-31 09:47:00,57384.35,57388.05,57366.55,57379.2,0
2026-08-31 09:48:00,57384.8,57384.9,57340.95,57353.8,0
2026-08-31 09:49:00,57358.25,57361.7,57342.9,57350.7,0
2026-08-31 09:50:00,57350.1,57366.5,57348.65,57356.65,0
2026-08-31 09:51:00,57359.65,57382.6,57358.7,57372.6,0
2026-08-31 09:52:00,57370.95,57378.2,57333.1,57334.95,0
2026-08-31 09:53:00,57337.9,57346.85,57322.4,57336.0,0
2026-08-31 09:54:00,57339.8,57347.8,57325.1,57328.1,0
2026-08-31 09:55:00,57330.9,57337.95,57311.9,57318.9,0
2026-08-31 09:56:00,57319.85,57321.65,57302.45,57303.85,0
2026-08-31 09:57:00,57306.3,57310.85,57286.5,57303.05,0
2026-08-31 09:58:00,57302.2,57322.45,57299.8,57312.4,0
2026-08-31 09:59:00,57313.8,57323.65,57290.4,57316.4,0
2026-08-31 10:00:00,57322.1,57350.95,57319.3,57342.8,0
2026-08-31 10:01:00,57339.9,57343.75,57315.2,57320.15,0
2026-08-31 10:02:00,57323.25,57336.0,57316.2,57319.6,0
2026-08-31 10:03:00,57318.75,57330.75,57312.5,57322.1,0
2026-08-31 10:04:00,57327.7,57348.8,57324.35,57342.25,0
2026-08-31 10:05:00,57346.65,57374.2,57335.85,57374.2,0
2026-08-31 10:06:00,57376.65,57376.65,57350.75,57372.2,0
2026-08-31 10:07:00,57376.0,57376.55,57352.4,57359.7,0
2026-08-31 10:08:00,57354.7,57360.45,57344.8,57350.0,0
2026-08-31 10:09:00,57350.5,57352.7,57305.75,57311.5,0
2026-08-31 10:10:00,57315.45,57320.8,57282.95,57292.7,0
2026-08-31 10:11:00,57298.4,57298.4,57282.55,57289.75,0
2026-08-31 10:12:00,57294.2,57297.45,57271.6,57282.95,0
2026-08-31 10:13:00,57288.45,57302.45,57282.2,57294.1,0
2026-08-31 10:14:00,57292.4,57300.6,57276.25,57284.65,0
2026-08-31 10:15:00,57280.15,57289.4,57271.9,57281.25,0
2026-08-31 10:16:00,57281.65,57282.6,57263.65,57266.65,0
2026-08-31 10:17:00,57270.4,57283.15,57259.95,57274.2,0
2026-08-31 10:18:00,57272.55,57283.55,57270.75,57277.1,0
2026-08-31 10:19:00,57275.85,57283.05,57265.75,57274.8,0
2026-08-31 10:20:00,57274.5,57281.25,57264.75,57272.25,0
2026-08-31 10:21:00,57274.5,57277.9,57264.3,57271.7,0
2026-08-31 10:22:00,57272.4,57292.65,57268.8,57292.65,0
2026-08-31 10:23:00,57284.95,57288.7,57265.7,57269.25,0
2026-08-31 10:24:00,57268.55,57272.45,57245.75,57250.95,0
2026-08-31 10:25:00,57251.5,57252.9,57218.6,57226.35,0
2026-08-31 10:26:00,57229.9,57269.15,57224.85,57259.35,0
2026-08-31 10:27:00,57261.65,57270.35,57255.0,57265.35,0
2026-08-31 10:28:00,57263.65,57276.35,57262.75,57270.35,0
2026-08-31 10:29:00,57270.95,57272.9,57257.95,57262.35,0
2026-08-31 10:30:00,57257.4,57268.65,57251.9,57262.4,0
2026-08-31 10:31:00,57270.65,57270.65,57244.6,57259.35,0
2026-08-31 10:32:00,57262.25,57266.4,57247.15,57249.9,0
2026-08-31 10:33:00,57253.85,57255.85,57222.75,57228.7,0
2026-08-31 10:34:00,57231.15,57231.15,57207.95,57207.95,0
2026-08-31 10:35:00,57218.65,57225.1,57201.8,57215.35,0
2026-08-31 10:36:00,57218.1,57219.95,57200.8,57206.7,0
2026-08-31 10:37:00,57212.65,57212.65,57187.55,57196.7,0
2026-08-31 10:38:00,57199.25,57205.85,57187.35,57199.35,0
2026-08-31 10:39:00,57201.95,57216.35,57195.65,57204.65,0
2026-08-31 10:40:00,57209.95,57217.75,57198.35,57206.9,0
2026-08-31 10:41:00,57201.75,57209.4,57194.95,57201.55,0
2026-08-31 10:42:00,57200.65,57206.3,57188.5,57190.6,0
2026-08-31 10:43:00,57195.25,57210.35,57189.3,57203.4,0
2026-08-31 10:44:00,57206.2,57217.2,57198.9,57210.9,0
2026-08-31 10:45:00,57210.8,57232.1,57199.8,57223.85,0
2026-08-31 10:46:00,57220.6,57227.4,57211.4,57212.7,0
2026-08-31 10:47:00,57214.15,57222.35,57197.75,57206.15,0
2026-08-31 10:48:00,57207.2,57212.25,57200.4,57207.7,0
2026-08-31 10:49:00,57207.4,57213.8,57200.0,57208.25,0
2026-08-31 10:50:00,57206.15,57216.5,57190.95,57201.0,0
2026-08-31 10:51:00,57199.15,57204.2,57190.8,57196.4,0
2026-08-31 10:52:00,57196.75,57219.2,57192.25,57211.4,0
2026-08-31 10:53:00,57212.25,57234.05,57208.35,57223.9,0
2026-08-31 10:54:00,57228.75,57238.3,57211.8,57219.9,0
2026-08-31 10:55:00,57224.2,57224.2,57205.4,57218.55,0
2026-08-31 10:56:00,57222.0,57225.7,57205.8,57207.95,0
2026-08-31 10:57:00,57213.95,57233.05,57207.4,57226.65,0
2026-08-31 10:58:00,57231.15,57241.55,57223.45,57232.35,0
2026-08-31 10:59:00,57236.4,57245.3,57223.2,57229.1,0
2026-08-31 11:00:00,57234.4,57261.5,57226.9,57260.1,0
2026-08-31 11:01:00,57262.05,57273.55,57252.45,57260.5,0
2026-08-31 11:02:00,57264.55,57272.45,57259.05,57271.15,0
2026-08-31 11:03:00,57271.95,57271.95,57253.2,57259.35,0
2026-08-31 11:04:00,57262.3,57262.55,57248.15,57250.85,0
2026-08-31 11:05:00,57247.9,57260.45,57235.2,57238.25,0
2026-08-31 11:06:00,57240.15,57243.95,57215.3,57226.8,0
2026-08-31 11:07:00,57224.95,57238.5,57210.55,57221.9,0
2026-08-31 11:08:00,57222.1,57230.9,57214.1,57215.0,0
2026-08-31 11:09:00,57215.75,57220.6,57206.65,57212.1,0
2026-08-31 11:10:00,57211.45,57226.35,57203.95,57221.1,0
2026-08-31 11:11:00,57219.9,57226.8,57206.95,57211.3,0
2026-08-31 11:12:00,57215.4,57217.75,57206.7,57210.75,0
2026-08-31 11:13:00,57211.4,57234.55,57207.25,57226.25,0
2026-08-31 11:14:00,57223.3,57244.1,57222.2,57236.9,0
2026-08-31 11:15:00,57240.05,57257.1,57235.05,57247.6,0
2026-08-31 11:16:00,57244.3,57254.1,57238.5,57245.8,0
2026-08-31 11:17:00,57245.05,57261.15,57242.55,57254.35,0
2026-08-31 11:18:00,57256.75,57267.05,57250.9,57260.4,0
2026-08-31 11:19:00,57258.3,57266.2,57250.1,57259.75,0
2026-08-31 11:20:00,57264.65,57272.5,57248.65,57270.15,0
2026-08-31 11:21:00,57272.5,57272.5,57245.15,57252.35,0
2026-08-31 11:22:00,57253.35,57284.1,57246.75,57276.95,0
2026-08-31 11:23:00,57280.05,57283.75,57269.45,57271.2,0
2026-08-31 11:24:00,57273.05,57276.9,57262.55,57267.65,0
2026-08-31 11:25:00,57272.25,57272.45,57259.8,57264.0,0
2026-08-31 11:26:00,57265.25,57273.2,57257.4,57264.35,0
2026-08-31 11:27:00,57262.65,57279.55,57262.2,57278.35,0
2026-08-31 11:28:00,57277.65,57287.15,57271.75,57271.75,0
2026-08-31 11:29:00,57276.95,57292.6,57270.7,57287.45,0
2026-08-31 11:30:00,57289.75,57308.8,57281.75,57301.9,0
2026-08-31 11:31:00,57303.8,57318.4,57288.55,57289.55,0
2026-08-31 11:32:00,57297.65,57303.9,57283.45,57298.75,0
2026-08-31 11:33:00,57296.15,57300.25,57288.1,57296.0,0
2026-08-31 11:34:00,57295.1,57308.95,57289.4,57299.2,0
2026-08-31 11:35:00,57302.15,57322.2,57294.0,57315.15,0
2026-08-31 11:36:00,57315.9,57348.2,57312.6,57333.25,0
2026-08-31 11:37:00,57335.4,57339.0,57307.1,57315.95,0
2026-08-31 11:38:00,57319.3,57337.1,57311.85,57337.1,0
2026-08-31 11:39:00,57336.55,57350.55,57325.9,57332.7,0
2026-08-31 11:40:00,57341.25,57347.95,57329.6,57343.75,0
2026-08-31 11:41:00,57339.7,57344.35,57327.65,57331.3,0
2026-08-31 11:42:00,57333.85,57348.85,57331.25,57343.35,0
2026-08-31 11:43:00,57346.35,57363.55,57339.3,57352.25,0
2026-08-31 11:44:00,57355.85,57360.95,57337.4,57347.8,0
2026-08-31 11:45:00,57354.3,57363.75,57347.7,57354.05,0
2026-08-31 11:46:00,57358.55,57361.85,57348.85,57352.25,0
2026-08-31 11:47:00,57357.7,57357.7,57331.8,57339.8,0
2026-08-31 11:48:00,57341.5,57348.3,57331.55,57344.5,0
2026-08-31 11:49:00,57354.1,57369.4,57344.7,57354.5,0
2026-08-31 11:50:00,57358.75,57364.65,57350.95,57359.2,0
2026-08-31 11:51:00,57367.0,57373.25,57341.85,57346.5,0
2026-08-31 11:52:00,57350.4,57359.0,57346.5,57349.3,0
2026-08-31 11:53:00,57352.85,57377.8,57345.2,57369.05,0
2026-08-31 11:54:00,57377.9,57449.9,57366.65,57441.3,0
2026-08-31 11:55:00,57445.45,57451.55,57422.85,57448.3,0
2026-08-31 11:56:00,57450.1,57477.5,57426.8,57455.8,0
2026-08-31 11:57:00,57457.95,57464.55,57447.8,57460.95,0
2026-08-31 11:58:00,57463.4,57475.2,57438.15,57438.15,0
2026-08-31 11:59:00,57444.25,57444.25,57419.3,57427.3,0
2026-08-31 12:00:00,57418.6,57428.75,57406.7,57408.25,0
2026-08-31 12:01:00,57407.7,57415.25,57387.6,57391.65,0
2026-08-31 12:02:00,57392.7,57411.4,57384.9,57407.0,0
2026-08-31 12:03:00,57408.35,57420.2,57394.9,57404.5,0
2026-08-31 12:04:00,57406.55,57426.35,57398.95,57419.3,0
2026-08-31 12:05:00,57422.95,57422.95,57388.3,57391.35,0
2026-08-31 12:06:00,57399.5,57401.25,57380.9,57388.4,0
2026-08-31 12:07:00,57390.6,57401.6,57383.1,57393.75,0
2026-08-31 12:08:00,57399.2,57405.0,57389.05,57398.1,0
2026-08-31 12:09:00,57402.25,57402.7,57386.6,57395.95,0
2026-08-31 12:10:00,57402.6,57417.7,57396.8,57406.5,0
2026-08-31 12:11:00,57407.2,57423.5,57404.2,57414.25,0
2026-08-31 12:12:00,57415.05,57430.0,57411.75,57428.55,0
2026-08-31 12:13:00,57428.45,57451.6,57425.05,57427.25,0
2026-08-31 12:14:00,57425.5,57425.5,57389.1,57395.35,0
2026-08-31 12:15:00,57397.05,57397.05,57374.85,57387.75,0
2026-08-31 12:16:00,57389.2,57410.9,57386.2,57396.95,0
2026-08-31 12:17:00,57407.3,57424.2,57394.65,57417.5,0
2026-08-31 12:18:00,57414.6,57428.45,57402.9,57409.85,0
2026-08-31 12:19:00,57417.1,57422.65,57406.65,57419.35,0
2026-08-31 12:20:00,57420.2,57429.35,57415.5,57419.95,0
2026-08-31 12:21:00,57423.35,57430.6,57416.3,57422.55,0
2026-08-31 12:22:00,57429.55,57430.5,57413.05,57414.95,0
2026-08-31 12:23:00,57416.9,57423.4,57401.15,57403.3,0
2026-08-31 12:24:00,57401.35,57407.75,57386.15,57391.0,0
2026-08-31 12:25:00,57395.2,57399.6,57383.35,57395.0,0
2026-08-31 12:26:00,57396.45,57397.9,57377.85,57381.8,0
2026-08-31 12:27:00,57387.5,57393.8,57377.5,57387.05,0
2026-08-31 12:28:00,57391.35,57400.2,57383.95,57383.95,0
2026-08-31 12:29:00,57390.3,57398.35,57376.6,57378.0,0
2026-08-31 12:30:00,57385.45,57385.45,57338.3,57352.45,0
2026-08-31 12:31:00,57357.05,57365.2,57345.9,57358.6,0
2026-08-31 12:32:00,57364.25,57372.85,57357.35,57368.1,0
2026-08-31 12:33:00,57372.7,57375.4,57360.45,57371.2,0
2026-08-31 12:34:00,57372.6,57380.95,57349.6,57351.75,0
2026-08-31 12:35:00,57359.45,57373.6,57351.4,57367.9,0
2026-08-31 12:36:00,57371.95,57375.7,57357.25,57367.55,0
2026-08-31 12:37:00,57373.5,57379.4,57353.55,57365.5,0
2026-08-31 12:38:00,57369.65,57374.3,57362.05,57368.7,0
2026-08-31 12:39:00,57367.75,57381.55,57364.3,57377.15,0
2026-08-31 12:40:00,57375.0,57389.85,57373.5,57381.35,0
2026-08-31 12:41:00,57387.3,57393.7,57367.75,57389.15,0
2026-08-31 12:42:00,57386.8,57393.4,57373.4,57382.05,0
2026-08-31 12:43:00,57381.8,57382.1,57363.2,57369.4,0
2026-08-31 12:44:00,57373.4,57387.25,57368.3,57381.4,0
2026-08-31 12:45:00,57384.9,57386.95,57355.7,57356.7,0
2026-08-31 12:46:00,57359.2,57363.9,57335.45,57339.75,0
2026-08-31 12:47:00,57341.05,57344.55,57330.05,57336.75,0
2026-08-31 12:48:00,57340.65,57345.55,57329.5,57335.85,0
2026-08-31 12:49:00,57339.65,57346.1,57330.75,57340.4,0
2026-08-31 12:50:00,57340.05,57352.05,57335.65,57345.0,0
2026-08-31 12:51:00,57346.1,57349.0,57332.95,57341.05,0
2026-08-31 12:52:00,57344.7,57356.3,57338.9,57351.7,0
2026-08-31 12:53:00,57356.8,57361.75,57347.55,57350.15,0
2026-08-31 12:54:00,57356.95,57376.6,57349.6,57369.65,0
2026-08-31 12:55:00,57373.1,57374.1,57350.65,57354.95,0
2026-08-31 12:56:00,57357.65,57362.6,57351.35,57360.85,0
2026-08-31 12:57:00,57368.0,57378.45,57357.5,57364.5,0
2026-08-31 12:58:00,57366.5,57372.55,57357.65,57362.35,0
2026-08-31 12:59:00,57369.25,57371.85,57359.7,57363.0,0
2026-08-31 13:00:00,57364.1,57365.3,57340.1,57345.15,0
2026-08-31 13:01:00,57347.95,57365.95,57341.8,57365.95,0
2026-08-31 13:02:00,57358.6,57375.0,57348.5,57348.5,0
2026-08-31 13:03:00,57351.4,57365.9,57347.25,57352.15,0
2026-08-31 13:04:00,57353.8,57369.2,57348.7,57354.75,0
2026-08-31 13:05:00,57364.35,57377.0,57356.85,57370.9,0
2026-08-31 13:06:00,57374.7,57380.15,57363.1,57370.6,0
2026-08-31 13:07:00,57374.9,57382.4,57362.9,57367.7,0
2026-08-31 13:08:00,57376.3,57383.5,57368.45,57376.1,0
2026-08-31 13:09:00,57378.55,57379.4,57355.1,57362.0,0
2026-08-31 13:10:00,57360.7,57371.35,57353.4,57359.75,0
2026-08-31 13:11:00,57364.05,57388.65,57352.25,57371.25,0
2026-08-31 13:12:00,57366.9,57385.25,57365.9,57384.15,0
2026-08-31 13:13:00,57383.75,57399.0,57368.55,57393.8,0
2026-08-31 13:14:00,57399.5,57426.2,57395.7,57419.85,0
2026-08-31 13:15:00,57424.25,57427.1,57401.1,57404.9,0
2026-08-31 13:16:00,57408.3,57411.75,57397.65,57402.6,0
2026-08-31 13:17:00,57404.45,57410.85,57393.7,57400.6,0
2026-08-31 13:18:00,57405.3,57409.65,57389.25,57402.8,0
2026-08-31 13:19:00,57408.7,57408.9,57393.0,57399.05,0
2026-08-31 13:20:00,57402.55,57409.95,57387.55,57392.35,0
2026-08-31 13:21:00,57394.75,57400.4,57388.35,57395.7,0
2026-08-31 13:22:00,57400.75,57407.0,57388.9,57391.4,0
2026-08-31 13:23:00,57393.35,57402.8,57384.3,57398.55,0
2026-08-31 13:24:00,57399.8,57409.55,57389.2,57393.35,0
2026-08-31 13:25:00,57399.15,57413.0,57393.55,57407.65,0
2026-08-31 13:26:00,57405.25,57415.35,57398.65,57408.7,0
2026-08-31 13:27:00,57410.45,57445.05,57400.85,57424.2,0
2026-08-31 13:28:00,57429.95,57429.95,57411.5,57415.2,0
2026-08-31 13:29:00,57420.25,57432.6,57412.35,57423.45,0
2026-08-31 13:30:00,57425.1,57426.05,57409.55,57413.35,0
2026-08-31 13:31:00,57420.6,57420.6,57397.75,57408.65,0
2026-08-31 13:32:00,57404.8,57427.1,57400.05,57419.4,0
2026-08-31 13:33:00,57429.65,57429.65,57410.35,57422.5,0
2026-08-31 13:34:00,57427.35,57428.3,57410.1,57416.2,0
2026-08-31 13:35:00,57419.5,57419.5,57404.8,57409.1,0
2026-08-31 13:36:00,57409.8,57415.15,57398.25,57402.9,0
2026-08-31 13:37:00,57404.05,57409.25,57382.6,57401.15,0
2026-08-31 13:38:00,57402.9,57416.55,57395.3,57413.55,0
2026-08-31 13:39:00,57415.85,57420.4,57398.3,57406.15,0
2026-08-31 13:40:00,57406.3,57409.15,57397.15,57399.65,0
2026-08-31 13:41:00,57404.65,57404.65,57376.65,57390.7,0
2026-08-31 13:42:00,57394.75,57394.85,57372.8,57379.4,0
2026-08-31 13:43:00,57383.85,57391.2,57362.85,57371.35,0
2026-08-31 13:44:00,57372.4,57385.75,57361.9,57362.6,0
2026-08-31 13:45:00,57366.15,57376.3,57356.6,57367.2,0
2026-08-31 13:46:00,57372.85,57378.55,57357.75,57371.65,0
2026-08-31 13:47:00,57373.5,57381.35,57365.8,57368.95,0
2026-08-31 13:48:00,57372.7,57387.2,57367.7,57383.15,0
2026-08-31 13:49:00,57386.2,57401.35,57378.25,57396.65,0
2026-08-31 13:50:00,57398.85,57401.4,57388.4,57390.9,0
2026-08-31 13:51:00,57397.05,57402.95,57384.6,57388.8,0
2026-08-31 13:52:00,57389.6,57396.0,57379.75,57383.9,0
2026-08-31 13:53:00,57382.35,57397.15,57375.2,57375.25,0
2026-08-31 13:54:00,57381.5,57388.7,57368.95,57377.85,0
2026-08-31 13:55:00,57378.2,57381.55,57358.55,57358.55,0
2026-08-31 13:56:00,57365.8,57366.3,57345.8,57360.05,0
2026-08-31 13:57:00,57366.95,57372.35,57351.75,57358.65,0
2026-08-31 13:58:00,57361.5,57369.45,57348.8,57352.35,0
2026-08-31 13:59:00,57355.95,57359.75,57333.45,57338.7,0
2026-08-31 14:00:00,57342.85,57351.25,57320.9,57345.25,0
2026-08-31 14:01:00,57347.7,57359.5,57336.3,57348.6,0
2026-08-31 14:02:00,57348.2,57356.35,57333.4,57336.5,0
2026-08-31 14:03:00,57335.85,57344.4,57328.35,57329.8,0
2026-08-31 14:04:00,57331.85,57343.9,57320.6,57328.25,0
2026-08-31 14:05:00,57334.85,57335.0,57303.0,57303.0,0
2026-08-31 14:06:00,57308.25,57342.3,57307.0,57337.7,0
2026-08-31 14:07:00,57342.1,57368.25,57331.35,57356.95,0
2026-08-31 14:08:00,57364.05,57376.3,57339.95,57341.1,0
2026-08-31 14:09:00,57343.85,57348.35,57314.65,57333.05,0
2026-08-31 14:10:00,57334.7,57337.6,57324.25,57332.4,0
2026-08-31 14:11:00,57332.6,57333.35,57309.35,57313.45,0
2026-08-31 14:12:00,57317.4,57323.05,57304.1,57308.7,0
2026-08-31 14:13:00,57311.75,57326.0,57308.5,57314.3,0
2026-08-31 14:14:00,57318.5,57322.9,57301.15,57309.8,0
2026-08-31 14:15:00,57315.7,57340.65,57311.45,57337.6,0
2026-08-31 14:16:00,57337.0,57337.0,57298.2,57327.65,0
2026-08-31 14:17:00,57329.65,57346.05,57322.55,57325.6,0
2026-08-31 14:18:00,57325.55,57332.15,57313.6,57317.0,0
2026-08-31 14:19:00,57324.5,57327.1,57294.1,57312.9,0
2026-08-31 14:20:00,57312.8,57314.75,57284.6,57286.0,0
2026-08-31 14:21:00,57287.35,57290.25,57267.4,57276.95,0
2026-08-31 14:22:00,57280.75,57285.75,57253.95,57258.3,0
2026-08-31 14:23:00,57261.2,57261.2,57231.3,57245.4,0
2026-08-31 14:24:00,57249.65,57286.65,57236.25,57280.45,0
2026-08-31 14:25:00,57283.5,57294.4,57265.6,57282.35,0
2026-08-31 14:26:00,57288.0,57301.0,57284.2,57290.55,0
2026-08-31 14:27:00,57290.0,57298.8,57274.45,57284.95,0
2026-08-31 14:28:00,57286.25,57288.7,57263.05,57277.15,0
2026-08-31 14:29:00,57281.05,57292.55,57270.4,57275.6,0
2026-08-31 14:30:00,57281.3,57296.7,57272.4,57296.7,0
2026-08-31 14:31:00,57294.25,57320.55,57291.3,57315.5,0
2026-08-31 14:32:00,57321.65,57345.65,57318.55,57339.8,0
2026-08-31 14:33:00,57340.35,57340.35,57319.2,57323.95,0
2026-08-31 14:34:00,57328.8,57350.65,57312.6,57348.6,0
2026-08-31 14:35:00,57349.3,57364.1,57339.65,57343.4,0
2026-08-31 14:36:00,57347.4,57355.9,57329.65,57333.95,0
2026-08-31 14:37:00,57334.1,57347.9,57330.5,57341.05,0
2026-08-31 14:38:00,57343.9,57346.75,57332.25,57341.75,0
2026-08-31 14:39:00,57343.4,57385.1,57340.85,57380.1,0
2026-08-31 14:40:00,57376.5,57409.0,57376.5,57407.85,0
2026-08-31 14:41:00,57404.9,57416.25,57397.95,57408.05,0
2026-08-31 14:42:00,57409.85,57435.1,57403.55,57422.95,0
2026-08-31 14:43:00,57423.1,57431.45,57415.85,57417.55,0
2026-08-31 14:44:00,57420.1,57448.1,57414.75,57416.95,0
2026-08-31 14:45:00,57423.25,57451.45,57414.4,57447.65,0
2026-08-31 14:46:00,57454.6,57546.4,57454.6,57534.75,0
2026-08-31 14:47:00,57539.85,57539.85,57459.0,57464.05,0
2026-08-31 14:48:00,57465.4,57465.4,57416.4,57436.6,0
2026-08-31 14:49:00,57437.65,57437.65,57409.7,57417.2,0
2026-08-31 14:50:00,57417.75,57445.4,57410.35,57435.15,0
2026-08-31 14:51:00,57438.55,57448.9,57429.7,57433.15,0
2026-08-31 14:52:00,57434.8,57455.35,57432.15,57452.5,0
2026-08-31 14:53:00,57453.45,57457.7,57441.05,57450.75,0
2026-08-31 14:54:00,57452.0,57472.7,57440.4,57472.4,0
2026-08-31 14:55:00,57470.25,57484.6,57460.65,57482.55,0
2026-08-31 14:56:00,57480.8,57482.7,57446.45,57450.9,0
2026-08-31 14:57:00,57456.75,57466.6,57444.1,57451.05,0
2026-08-31 14:58:00,57452.95,57459.35,57442.05,57450.4,0
2026-08-31 14:59:00,57450.85,57450.85,57426.9,57437.65,0
2026-08-31 15:00:00,57436.6,57436.7,57386.65,57409.5,0
2026-08-31 15:01:00,57407.55,57433.0,57405.7,57427.2,0
2026-08-31 15:02:00,57427.7,57443.05,57414.95,57430.7,0
2026-08-31 15:03:00,57431.8,57434.75,57398.05,57403.65,0
2026-08-31 15:04:00,57406.75,57412.5,57386.75,57396.6,0
2026-08-31 15:05:00,57397.6,57397.6,57375.7,57382.1,0
2026-08-31 15:06:00,57376.85,57406.15,57374.2,57400.2,0
2026-08-31 15:07:00,57401.25,57430.65,57400.95,57425.15,0
2026-08-31 15:08:00,57425.9,57431.1,57404.9,57409.3,0
2026-08-31 15:09:00,57414.95,57420.45,57399.6,57411.95,0
2026-08-31 15:10:00,57409.25,57415.9,57393.75,57397.35,0
2026-08-31 15:11:00,57400.4,57418.8,57389.15,57409.4,0
2026-08-31 15:12:00,57408.0,57429.7,57402.05,57415.4,0
2026-08-31 15:13:00,57419.45,57422.2,57396.45,57399.6,0
2026-08-31 15:14:00,57402.1,57427.0,57381.35,57402.45,0
2026-08-31 15:29:00,58024.95,58024.95,58024.95,58024.95,0
2026-09-01 09:15:00,57560.3,57572.7,57413.7,57462.05,0
2026-09-01 09:16:00,57469.95,57494.95,57442.8,57446.9,0
2026-09-01 09:17:00,57452.9,57501.05,57439.6,57491.55,0
2026-09-01 09:18:00,57490.4,57519.95,57475.75,57503.25,0
2026-09-01 09:19:00,57505.95,57524.65,57496.4,57502.6,0
2026-09-01 09:20:00,57501.9,57507.05,57472.65,57476.7,0
2026-09-01 09:21:00,57476.65,57499.3,57467.75,57484.65,0
2026-09-01 09:22:00,57488.1,57493.55,57447.85,57474.05,0
2026-09-01 09:23:00,57471.75,57475.05,57432.5,57432.5,0
2026-09-01 09:24:00,57429.95,57432.4,57365.65,57371.6,0
2026-09-01 09:25:00,57370.2,57391.9,57343.5,57386.9,0
2026-09-01 09:26:00,57388.0,57460.3,57388.0,57447.95,0
2026-09-01 09:27:00,57447.25,57460.65,57428.8,57429.55,0
2026-09-01 09:28:00,57431.8,57444.95,57424.1,57441.2,0
2026-09-01 09:29:00,57443.05,57462.9,57437.45,57440.35,0
2026-09-01 09:30:00,57439.45,57444.05,57411.15,57437.2,0
2026-09-01 09:31:00,57440.6,57449.6,57418.85,57425.4,0
2026-09-01 09:32:00,57421.8,57441.65,57416.4,57437.8,0
2026-09-01 09:33:00,57440.7,57471.25,57436.25,57464.35,0
2026-09-01 09:34:00,57465.55,57465.55,57442.05,57454.1,0
2026-09-01 09:35:00,57457.25,57469.85,57445.1,57466.0,0
2026-09-01 09:36:00,57469.0,57469.0,57432.1,57434.1,0
2026-09-01 09:37:00,57434.9,57435.85,57418.2,57426.85,0
2026-09-01 09:38:00,57430.05,57435.45,57422.0,57423.2,0
2026-09-01 09:39:00,57426.4,57426.4,57403.4,57406.05,0
2026-09-01 09:40:00,57411.6,57411.6,57386.85,57388.35,0
2026-09-01 09:41:00,57393.45,57408.65,57387.25,57398.65,0
2026-09-01 09:42:00,57401.75,57402.6,57375.25,57377.65,0
2026-09-01 09:43:00,57379.4,57384.4,57359.55,57364.55,0
2026-09-01 09:44:00,57366.45,57366.75,57342.15,57355.55,0
2026-09-01 09:45:00,57357.5,57369.15,57347.8,57357.15,0
2026-09-01 09:46:00,57359.25,57372.15,57352.9,57369.65,0
2026-09-01 09:47:00,57371.5,57371.5,57338.45,57341.7,0
2026-09-01 09:48:00,57341.9,57349.35,57316.6,57333.25,0
2026-09-01 09:49:00,57334.4,57362.8,57330.75,57362.6,0
2026-09-01 09:50:00,57361.95,57382.4,57350.35,57382.4,0
2026-09-01 09:51:00,57384.65,57385.95,57342.1,57349.45,0
2026-09-01 09:52:00,57351.85,57369.5,57344.4,57366.1,0
2026-09-01 09:53:00,57365.4,57385.0,57363.95,57376.45,0
2026-09-01 09:54:00,57375.9,57382.3,57359.05,57361.15,0
2026-09-01 09:55:00,57363.0,57368.1,57357.5,57363.85,0
2026-09-01 09:56:00,57364.55,57375.75,57353.1,57360.65,0
2026-09-01 09:57:00,57365.15,57369.4,57354.7,57367.1,0
2026-09-01 09:58:00,57368.45,57371.55,57348.65,57353.5,0
2026-09-01 09:59:00,57357.75,57363.1,57348.65,57359.1,0
2026-09-01 10:00:00,57361.3,57380.8,57361.3,57371.85,0
2026-09-01 10:01:00,57372.55,57373.45,57353.3,57358.55,0
2026-09-01 10:02:00,57363.55,57375.9,57358.35,57372.85,0
2026-09-01 10:03:00,57375.5,57389.6,57370.0,57384.05,0
2026-09-01 10:04:00,57384.75,57400.75,57382.2,57391.85,0
2026-09-01 10:05:00,57394.6,57397.35,57375.6,57380.65,0
2026-09-01 10:06:00,57380.4,57380.4,57338.75,57341.5,0
2026-09-01 10:07:00,57348.45,57368.4,57343.2,57360.0,0
2026-09-01 10:08:00,57364.7,57369.2,57357.5,57366.7,0
2026-09-01 10:09:00,57368.65,57374.95,57360.45,57369.05,0
2026-09-01 10:10:00,57369.65,57384.5,57360.7,57367.65,0
2026-09-01 10:11:00,57369.6,57404.9,57366.2,57398.7,0
2026-09-01 10:12:00,57395.2,57409.6,57391.85,57402.25,0
2026-09-01 10:13:00,57406.2,57406.2,57387.8,57397.1,0
2026-09-01 10:14:00,57399.05,57418.7,57395.05,57408.15,0
2026-09-01 10:15:00,57410.2,57430.55,57404.05,57426.25,0
2026-09-01 10:16:00,57427.85,57443.65,57414.4,57414.4,0
2026-09-01 10:17:00,57420.8,57432.85,57410.95,57429.8,0
2026-09-01 10:18:00,57434.35,57441.15,57426.2,57434.6,0
2026-09-01 10:19:00,57437.35,57440.45,57419.25,57436.05,0
2026-09-01 10:20:00,57439.1,57440.6,57424.75,57433.45,0
2026-09-01 10:21:00,57436.5,57443.4,57431.05,57436.0,0
2026-09-01 10:22:00,57440.45,57452.2,57433.0,57444.3,0
2026-09-01 10:23:00,57447.5,57462.3,57445.8,57458.45,0
2026-09-01 10:24:00,57463.7,57480.7,57453.15,57476.55,0
2026-09-01 10:25:00,57479.35,57481.3,57461.25,57470.7,0
2026-09-01 10:26:00,57471.35,57476.95,57463.95,57474.8,0
2026-09-01 10:27:00,57473.8,57485.2,57455.6,57459.45,0
2026-09-01 10:28:00,57464.35,57473.7,57435.15,57467.05,0
2026-09-01 10:29:00,57466.2,57472.1,57456.25,57464.1,0
2026-09-01 10:30:00,57467.65,57511.2,57461.25,57499.25,0
2026-09-01 10:31:00,57501.45,57511.8,57485.15,57487.65,0
2026-09-01 10:32:00,57490.0,57501.5,57482.95,57485.75,0
2026-09-01 10:33:00,57492.75,57493.9,57465.8,57470.35,0
2026-09-01 10:34:00,57470.8,57476.05,57454.0,57459.9,0
2026-09-01 10:35:00,57464.55,57467.35,57442.85,57442.85,0
2026-09-01 10:36:00,57448.65,57460.7,57434.95,57454.55,0
2026-09-01 10:37:00,57458.2,57474.35,57456.7,57472.9,0
2026-09-01 10:38:00,57471.75,57479.15,57461.35,57470.7,0
2026-09-01 10:39:00,57473.9,57485.7,57459.5,57460.6,0
2026-09-01 10:40:00,57461.2,57466.75,57451.6,57456.3,0
2026-09-01 10:41:00,57456.85,57457.65,57416.1,57424.4,0
2026-09-01 10:42:00,57427.3,57440.8,57412.35,57432.1,0
2026-09-01 10:43:00,57438.0,57443.45,57430.0,57436.15,0
2026-09-01 10:44:00,57438.65,57444.2,57429.0,57438.4,0
2026-09-01 10:45:00,57439.4,57443.3,57431.05,57435.95,0
2026-09-01 10:46:00,57437.1,57448.7,57432.5,57446.95,0
2026-09-01 10:47:00,57448.25,57456.05,57442.25,57453.95,0
2026-09-01 10:48:00,57459.25,57468.2,57439.8,57448.85,0
2026-09-01 10:49:00,57454.7,57461.85,57441.9,57461.35,0
2026-09-01 10:50:00,57463.25,57484.55,57450.05,57484.55,0
2026-09-01 10:51:00,57484.0,57488.15,57458.15,57459.85,0
2026-09-01 10:52:00,57464.75,57496.35,57464.75,57488.8,0
2026-09-01 10:53:00,57495.25,57528.75,57488.3,57521.7,0
2026-09-01 10:54:00,57530.25,57536.3,57510.85,57512.6,0
2026-09-01 10:55:00,57513.7,57523.2,57511.2,57521.5,0
2026-09-01 10:56:00,57522.6,57530.85,57496.05,57500.0,0
2026-09-01 10:57:00,57501.95,57529.9,57481.4,57524.3,0
2026-09-01 10:58:00,57526.7,57532.05,57499.3,57500.1,0
2026-09-01 10:59:00,57506.85,57508.1,57491.55,57498.45,0
2026-09-01 11:00:00,57498.6,57513.5,57493.4,57496.8,0
2026-09-01 11:01:00,57503.65,57503.65,57482.35,57485.8,0
2026-09-01 11:02:00,57488.65,57498.2,57481.65,57493.55,0
2026-09-01 11:03:00,57494.2,57500.4,57481.6,57494.95,0
2026-09-01 11:04:00,57495.75,57510.2,57492.4,57506.8,0
2026-09-01 11:05:00,57509.05,57509.05,57489.05,57498.7,0
2026-09-01 11:06:00,57496.2,57509.35,57491.05,57499.9,0
2026-09-01 11:07:00,57501.65,57549.05,57496.1,57543.7,0
2026-09-01 11:08:00,57548.4,57579.25,57538.95,57578.4,0
2026-09-01 11:09:00,57579.05,57584.3,57565.35,57568.6,0
2026-09-01 11:10:00,57573.2,57575.35,57563.55,57571.1,0
2026-09-01 11:11:00,57574.1,57586.85,57568.5,57579.15,0
2026-09-01 11:12:00,57575.55,57593.05,57566.35,57591.35,0
2026-09-01 11:13:00,57594.25,57625.1,57589.1,57623.65,0
2026-09-01 11:14:00,57623.95,57650.85,57618.6,57648.75,0
2026-09-01 11:15:00,57652.25,57692.35,57647.45,57681.25,0
2026-09-01 11:16:00,57681.8,57707.1,57676.95,57700.5,0
2026-09-01 11:17:00,57701.85,57710.5,57689.55,57699.45,0
2026-09-01 11:18:00,57704.3,57716.5,57698.4,57704.15,0
2026-09-01 11:19:00,57704.5,57714.15,57693.05,57712.6,0
2026-09-01 11:20:00,57716.6,57747.65,57710.55,57734.7,0
2026-09-01 11:21:00,57734.75,57736.15,57701.3,57703.5,0
2026-09-01 11:22:00,57706.3,57726.2,57698.65,57721.65,0
2026-09-01 11:23:00,57723.05,57726.0,57684.7,57690.55,0
2026-09-01 11:24:00,57689.6,57719.35,57684.55,57714.85,0
2026-09-01 11:25:00,57715.2,57716.65,57699.8,57712.85,0
2026-09-01 11:26:00,57712.05,57734.4,57702.6,57731.7,0
2026-09-01 11:27:00,57731.9,57737.2,57718.95,57732.35,0
2026-09-01 11:28:00,57736.6,57738.7,57721.05,57730.3,0
2026-09-01 11:29:00,57732.1,57736.9,57715.2,57725.3,0
2026-09-01 11:30:00,57728.65,57766.25,57728.65,57758.1,0
2026-09-01 11:31:00,57762.95,57765.95,57731.8,57740.65,0
2026-09-01 11:32:00,57744.9,57746.55,57724.85,57732.0,0
2026-09-01 11:33:00,57733.1,57750.85,57725.7,57743.9,0
2026-09-01 11:34:00,57748.45,57748.45,57711.95,57717.5,0
2026-09-01 11:35:00,57716.1,57720.9,57695.45,57700.2,0
2026-09-01 11:36:00,57701.3,57710.4,57690.75,57701.15,0
2026-09-01 11:37:00,57701.65,57704.05,57688.45,57700.0,0
2026-09-01 11:38:00,57702.45,57702.45,57661.2,57672.3,0
2026-09-01 11:39:00,57672.45,57676.05,57642.4,57647.15,0
2026-09-01 11:40:00,57648.65,57651.25,57631.5,57633.65,0
2026-09-01 11:41:00,57636.4,57659.5,57627.25,57657.35,0
2026-09-01 11:42:00,57658.75,57671.35,57646.15,57654.6,0
2026-09-01 11:43:00,57657.1,57658.9,57633.3,57641.1,0
2026-09-01 11:44:00,57641.05,57658.3,57637.35,57651.5,0
2026-09-01 11:45:00,57648.85,57668.35,57643.5,57648.15,0
2026-09-01 11:46:00,57648.0,57654.3,57639.85,57645.7,0
2026-09-01 11:47:00,57649.05,57653.25,57641.0,57646.9,0
2026-09-01 11:48:00,57647.15,57651.65,57633.1,57637.15,0
2026-09-01 11:49:00,57638.35,57639.7,57627.25,57632.15,0
2026-09-01 11:50:00,57633.25,57639.4,57622.5,57635.7,0
2026-09-01 11:51:00,57636.2,57639.25,57627.85,57635.0,0
2026-09-01 11:52:00,57631.4,57648.15,57631.4,57640.8,0
2026-09-01 11:53:00,57642.95,57647.85,57629.9,57636.25,0
2026-09-01 11:54:00,57637.75,57653.1,57633.15,57643.9,0
2026-09-01 11:55:00,57645.8,57658.6,57642.55,57657.75,0
2026-09-01 11:56:00,57658.3,57666.15,57640.5,57666.15,0
2026-09-01 11:57:00,57667.55,57669.75,57653.2,57655.8,0
2026-09-01 11:58:00,57662.35,57662.35,57644.55,57646.4,0
2026-09-01 11:59:00,57648.15,57651.2,57624.95,57632.5,0
2026-09-01 12:00:00,57635.8,57638.8,57621.35,57626.2,0
2026-09-01 12:01:00,57630.65,57631.1,57617.15,57622.55,0
2026-09-01 12:02:00,57621.15,57629.65,57610.85,57612.5,0
2026-09-01 12:03:00,57614.6,57622.35,57608.55,57617.75,0
2026-09-01 12:04:00,57619.45,57633.65,57616.25,57626.9,0
2026-09-01 12:05:00,57630.7,57633.5,57620.9,57629.75,0
2026-09-01 12:06:00,57629.8,57635.7,57620.15,57628.25,0
2026-09-01 12:07:00,57631.45,57641.3,57624.5,57639.65,0
2026-09-01 12:08:00,57638.8,57641.9,57633.45,57638.05,0
2026-09-01 12:09:00,57638.75,57645.5,57634.15,57642.25,0
2026-09-01 12:10:00,57644.5,57659.8,57641.35,57655.35,0
2026-09-01 12:11:00,57657.0,57664.45,57654.45,57663.6,0
2026-09-01 12:12:00,57665.4,57665.4,57652.9,57660.95,0
2026-09-01 12:13:00,57661.25,57661.25,57649.05,57654.55,0
2026-09-01 12:14:00,57656.35,57656.35,57630.55,57635.9,0
2026-09-01 12:15:00,57637.65,57642.85,57625.95,57630.85,0
2026-09-01 12:16:00,57633.65,57636.35,57614.5,57622.0,0
2026-09-01 12:17:00,57621.0,57627.0,57608.25,57613.75,0
2026-09-01 12:18:00,57621.8,57634.95,57615.8,57632.3,0
2026-09-01 12:19:00,57632.6,57637.55,57626.15,57632.05,0
2026-09-01 12:20:00,57635.45,57640.05,57620.5,57637.0,0
2026-09-01 12:21:00,57640.6,57641.2,57622.15,57627.4,0
2026-09-01 12:22:00,57630.65,57637.85,57619.25,57624.6,0
2026-09-01 12:23:00,57628.4,57632.15,57613.2,57618.65,0
2026-09-01 12:24:00,57623.2,57625.9,57608.25,57610.2,0
2026-09-01 12:25:00,57608.75,57617.8,57593.3,57611.55,0
2026-09-01 12:26:00,57613.55,57624.1,57609.3,57615.5,0
2026-09-01 12:27:00,57618.6,57622.3,57609.95,57617.45,0
2026-09-01 12:28:00,57621.45,57626.2,57597.7,57600.1,0
2026-09-01 12:29:00,57606.5,57622.6,57594.8,57607.75,0
2026-09-01 12:30:00,57610.05,57614.3,57600.45,57612.25,0
2026-09-01 12:31:00,57613.55,57628.6,57610.5,57623.55,0
2026-09-01 12:32:00,57624.8,57634.95,57623.25,57630.85,0
2026-09-01 12:33:00,57630.2,57635.35,57613.2,57618.15,0
2026-09-01 12:34:00,57618.5,57618.5,57607.35,57616.6,0
2026-09-01 12:35:00,57619.65,57620.45,57609.35,57611.15,0
2026-09-01 12:36:00,57614.8,57624.15,57604.55,57609.65,0
2026-09-01 12:37:00,57610.55,57614.9,57601.95,57606.3,0
2026-09-01 12:38:00,57608.4,57619.0,57604.7,57611.75,0
2026-09-01 12:39:00,57614.4,57625.7,57608.5,57619.55,0
2026-09-01 12:40:00,57621.65,57628.8,57614.8,57628.25,0
2026-09-01 12:41:00,57628.5,57638.95,57624.05,57638.95,0
2026-09-01 12:42:00,57637.25,57660.5,57637.25,57656.5,0
2026-09-01 12:43:00,57655.0,57665.25,57652.85,57659.35,0
2026-09-01 12:44:00,57660.2,57665.55,57654.75,57658.85,0
2026-09-01 12:45:00,57662.0,57668.2,57648.3,57655.55,0
2026-09-01 12:46:00,57658.25,57660.7,57638.55,57646.95,0
2026-09-01 12:47:00,57645.3,57655.95,57640.65,57654.85,0
2026-09-01 12:48:00,57657.9,57666.55,57656.15,57661.25,0
2026-09-01 12:49:00,57658.5,57663.55,57650.05,57655.5,0
2026-09-01 12:50:00,57657.55,57659.8,57643.35,57645.3,0
2026-09-01 12:51:00,57645.05,57647.95,57619.7,57630.55,0
2026-09-01 12:52:00,57629.65,57635.9,57620.3,57631.5,0
2026-09-01 12:53:00,57633.4,57637.0,57616.7,57619.3,0
2026-09-01 12:54:00,57619.4,57629.1,57592.15,57599.25,0
2026-09-01 12:55:00,57600.6,57602.25,57583.05,57586.75,0
2026-09-01 12:56:00,57590.2,57592.0,57572.45,57576.3,0
2026-09-01 12:57:00,57579.5,57584.75,57574.3,57580.8,0
2026-09-01 12:58:00,57582.0,57597.1,57580.85,57592.5,0
2026-09-01 12:59:00,57594.4,57602.3,57588.35,57592.3,0
2026-09-01 13:00:00,57596.75,57597.3,57578.35,57587.55,0
2026-09-01 13:01:00,57590.35,57590.35,57551.6,57556.95,0
2026-09-01 13:02:00,57561.3,57563.25,57553.0,57561.55,0
2026-09-01 13:03:00,57561.25,57564.9,57548.95,57548.95,0
2026-09-01 13:04:00,57549.25,57564.2,57549.25,57560.25,0
2026-09-01 13:05:00,57562.4,57562.4,57543.35,57548.05,0
2026-09-01 13:06:00,57550.3,57556.7,57541.05,57543.35,0
2026-09-01 13:07:00,57542.8,57546.95,57535.55,57545.6,0
2026-09-01 13:08:00,57546.25,57551.0,57541.3,57545.8,0
2026-09-01 13:09:00,57548.5,57556.35,57544.45,57552.25,0
2026-09-01 13:10:00,57553.05,57555.5,57542.75,57546.05,0
2026-09-01 13:11:00,57544.5,57545.15,57514.55,57515.45,0
2026-09-01 13:12:00,57517.65,57520.7,57503.8,57513.0,0
2026-09-01 13:13:00,57513.15,57515.3,57502.4,57509.7,0
2026-09-01 13:14:00,57509.0,57511.65,57498.6,57500.35,0
2026-09-01 13:15:00,57501.45,57501.45,57467.25,57467.25,0
2026-09-01 13:16:00,57469.9,57473.1,57459.3,57460.45,0
2026-09-01 13:17:00,57460.1,57466.3,57436.95,57443.4,0
2026-09-01 13:18:00,57444.35,57448.4,57436.3,57444.45,0
2026-09-01 13:19:00,57445.7,57452.0,57438.95,57441.25,0
2026-09-01 13:20:00,57447.25,57455.95,57444.8,57448.6,0
2026-09-01 13:21:00,57447.65,57471.55,57446.55,57471.2,0
2026-09-01 13:22:00,57471.15,57473.35,57459.85,57462.6,0
2026-09-01 13:23:00,57463.1,57463.1,57445.55,57452.45,0
2026-09-01 13:24:00,57454.5,57461.65,57450.6,57459.2,0
2026-09-01 13:25:00,57462.9,57463.0,57451.8,57460.35,0
2026-09-01 13:26:00,57460.25,57463.0,57446.25,57454.15,0
2026-09-01 13:27:00,57456.2,57458.05,57420.75,57429.2,0
2026-09-01 13:28:00,57429.65,57432.35,57400.05,57406.05,0
2026-09-01 13:29:00,57404.8,57429.2,57401.6,57424.15,0
2026-09-01 13:30:00,57424.7,57447.75,57422.4,57442.9,0
2026-09-01 13:31:00,57443.15,57461.45,57442.8,57453.9,0
2026-09-01 13:32:00,57454.95,57463.45,57447.6,57449.95,0
2026-09-01 13:33:00,57449.4,57453.9,57438.2,57440.85,0
2026-09-01 13:34:00,57436.75,57442.4,57431.25,57440.7,0
2026-09-01 13:35:00,57438.55,57447.95,57429.9,57430.6,0
2026-09-01 13:36:00,57432.85,57435.5,57400.45,57402.7,0
2026-09-01 13:37:00,57404.4,57418.85,57396.85,57404.2,0
2026-09-01 13:38:00,57406.5,57418.65,57395.3,57402.25,0
2026-09-01 13:39:00,57402.85,57404.55,57371.9,57376.9,0
2026-09-01 13:40:00,57377.9,57380.4,57339.9,57348.3,0
2026-09-01 13:41:00,57349.1,57354.25,57338.5,57344.05,0
2026-09-01 13:42:00,57342.05,57351.15,57331.3,57340.1,0
2026-09-01 13:43:00,57337.95,57363.0,57334.45,57356.9,0
2026-09-01 13:44:00,57356.75,57370.3,57348.9,57361.45,0
2026-09-01 13:45:00,57363.7,57365.25,57339.6,57352.25,0
2026-09-01 13:46:00,57353.65,57355.9,57330.45,57330.45,0
2026-09-01 13:47:00,57334.15,57336.45,57310.65,57318.05,0
2026-09-01 13:48:00,57316.45,57326.15,57305.8,57319.9,0
2026-09-01 13:49:00,57322.4,57324.15,57307.7,57310.9,0
2026-09-01 13:50:00,57311.75,57316.25,57254.9,57260.7,0
2026-09-01 13:51:00,57265.15,57267.8,57221.85,57234.4,0
2026-09-01 13:52:00,57232.3,57257.15,57232.3,57253.85,0
2026-09-01 13:53:00,57254.25,57264.2,57247.25,57251.45,0
2026-09-01 13:54:00,57257.3,57257.3,57243.25,57252.25,0
2026-09-01 13:55:00,57252.1,57254.0,57240.35,57246.35,0
2026-09-01 13:56:00,57248.05,57267.15,57241.7,57267.15,0
2026-09-01 13:57:00,57268.9,57282.2,57264.0,57282.15,0
2026-09-01 13:58:00,57284.25,57292.05,57278.9,57287.2,0
2026-09-01 13:59:00,57288.8,57291.35,57258.9,57258.9,0
2026-09-01 14:00:00,57261.65,57264.7,57232.4,57240.6,0
2026-09-01 14:01:00,57246.3,57253.1,57235.35,57237.6,0
2026-09-01 14:02:00,57242.7,57243.5,57217.3,57217.3,0
2026-09-01 14:03:00,57221.0,57221.0,57197.75,57201.6,0
2026-09-01 14:04:00,57201.1,57224.0,57194.65,57211.55,0
2026-09-01 14:05:00,57216.15,57241.3,57201.4,57237.0,0
2026-09-01 14:06:00,57239.35,57242.85,57226.95,57233.1,0
2026-09-01 14:07:00,57235.65,57235.65,57206.25,57206.25,0
2026-09-01 14:08:00,57211.9,57213.45,57179.25,57185.25,0
2026-09-01 14:09:00,57186.25,57186.25,57150.7,57162.95,0
2026-09-01 14:10:00,57169.1,57184.85,57158.75,57181.85,0
2026-09-01 14:11:00,57182.45,57195.55,57176.05,57181.9,0
2026-09-01 14:12:00,57184.05,57184.8,57160.8,57166.15,0
2026-09-01 14:13:00,57167.3,57178.15,57164.1,57170.05,0
2026-09-01 14:14:00,57172.9,57186.9,57165.95,57178.5,0
2026-09-01 14:15:00,57181.0,57195.8,57175.75,57192.5,0
2026-09-01 14:16:00,57193.65,57199.25,57186.85,57187.65,0
2026-09-01 14:17:00,57187.5,57188.5,57164.45,57168.25,0
2026-09-01 14:18:00,57168.05,57171.2,57151.7,57156.35,0
2026-09-01 14:19:00,57156.95,57173.0,57155.2,57172.25,0
2026-09-01 14:20:00,57175.1,57191.3,57172.5,57178.05,0
2026-09-01 14:21:00,57181.6,57188.05,57171.45,57174.8,0
2026-09-01 14:22:00,57179.1,57180.35,57159.4,57168.1,0
2026-09-01 14:23:00,57167.35,57177.2,57164.45,57170.95,0
2026-09-01 14:24:00,57177.85,57192.4,57170.8,57190.0,0
2026-09-01 14:25:00,57190.7,57207.55,57186.3,57200.3,0
2026-09-01 14:26:00,57201.55,57201.55,57188.15,57188.15,0
2026-09-01 14:27:00,57193.0,57193.25,57175.55,57181.15,0
2026-09-01 14:28:00,57182.45,57188.4,57173.7,57185.5,0
2026-09-01 14:29:00,57185.95,57241.15,57183.15,57239.55,0
2026-09-01 14:30:00,57242.0,57254.55,57228.15,57246.1,0
2026-09-01 14:31:00,57248.2,57273.95,57238.75,57267.95,0
2026-09-01 14:32:00,57273.3,57284.4,57257.35,57262.55,0
2026-09-01 14:33:00,57263.1,57267.35,57232.75,57234.65,0
2026-09-01 14:34:00,57234.2,57253.55,57220.5,57251.3,0
2026-09-01 14:35:00,57251.1,57277.65,57249.4,57253.65,0
2026-09-01 14:36:00,57255.55,57262.1,57242.55,57244.85,0
2026-09-01 14:37:00,57246.1,57246.45,57230.1,57242.7,0
2026-09-01 14:38:00,57243.95,57253.05,57231.15,57239.05,0
2026-09-01 14:39:00,57241.9,57246.9,57228.45,57232.75,0
2026-09-01 14:40:00,57233.05,57235.9,57213.4,57222.8,0
2026-09-01 14:41:00,57222.2,57228.05,57221.05,57224.35,0
2026-09-01 14:42:00,57223.65,57262.25,57223.65,57247.85,0
2026-09-01 14:43:00,57247.5,57249.0,57223.8,57225.7,0
2026-09-01 14:44:00,57227.1,57237.65,57223.2,57232.6,0
2026-09-01 14:45:00,57235.7,57282.3,57226.05,57269.65,0
2026-09-01 14:46:00,57273.8,57273.85,57257.25,57262.95,0
2026-09-01 14:47:00,57265.7,57267.75,57238.35,57238.45,0
2026-09-01 14:48:00,57240.15,57250.2,57233.3,57234.85,0
2026-09-01 14:49:00,57235.95,57239.1,57209.7,57239.0,0
2026-09-01 14:50:00,57240.0,57255.25,57235.95,57251.9,0
2026-09-01 14:51:00,57251.35,57269.95,57247.85,57269.55,0
2026-09-01 14:52:00,57272.2,57272.2,57238.55,57256.65,0
2026-09-01 14:53:00,57263.15,57266.75,57242.2,57242.55,0
2026-09-01 14:54:00,57243.85,57256.5,57241.65,57249.05,0
2026-09-01 14:55:00,57251.1,57275.3,57250.55,57262.35,0
2026-09-01 14:56:00,57264.6,57289.0,57262.7,57266.25,0
2026-09-01 14:57:00,57266.15,57271.65,57255.7,57258.55,0
2026-09-01 14:58:00,57258.9,57258.9,57248.3,57253.65,0
2026-09-01 14:59:00,57254.45,57264.25,57247.95,57252.65,0
2026-09-01 15:00:00,57253.1,57256.5,57233.1,57248.35,0
2026-09-01 15:01:00,57248.65,57269.85,57243.1,57260.2,0
2026-09-01 15:02:00,57262.75,57262.75,57232.05,57234.4,0
2026-09-01 15:03:00,57237.65,57240.55,57214.4,57218.9,0
2026-09-01 15:04:00,57221.6,57245.95,57219.55,57241.55,0
2026-09-01 15:05:00,57244.2,57253.9,57221.75,57251.25,0
2026-09-01 15:06:00,57253.35,57258.1,57234.75,57245.85,0
2026-09-01 15:07:00,57248.05,57248.05,57224.2,57236.75,0
2026-09-01 15:08:00,57237.35,57250.4,57230.55,57244.35,0
2026-09-01 15:09:00,57244.65,57248.45,57230.3,57233.45,0
2026-09-01 15:10:00,57233.6,57253.85,57224.5,57250.2,0
2026-09-01 15:11:00,57250.3,57250.3,57209.8,57223.6,0
2026-09-01 15:12:00,57226.3,57257.3,57191.75,57228.45,0
2026-09-01 15:13:00,57236.4,57258.0,57235.85,57252.15,0
2026-09-01 15:14:00,57252.6,57287.15,57228.75,57261.4,0
2026-09-01 15:29:00,57409.6,57409.6,57409.6,57409.6,0
2026-09-02 09:15:00,57006.45,57079.9,56823.2,56918.15,0
2026-09-02 09:16:00,56919.8,56935.05,56892.5,56900.25,0
2026-09-02 09:17:00,56895.65,56935.8,56884.3,56931.85,0
2026-09-02 09:18:00,56939.35,56970.95,56934.15,56935.55,0
2026-09-02 09:19:00,56936.4,56950.7,56928.25,56950.7,0
2026-09-02 09:20:00,56951.9,56960.1,56923.1,56946.4,0
2026-09-02 09:21:00,56948.75,56977.15,56916.0,56975.7,0
2026-09-02 09:22:00,56975.4,56979.65,56946.35,56958.25,0
2026-09-02 09:23:00,56959.95,56987.2,56952.05,56965.95,0
2026-09-02 09:24:00,56967.7,57003.5,56958.85,57003.5,0
2026-09-02 09:25:00,57002.1,57043.15,56993.6,57020.6,0
2026-09-02 09:26:00,57025.25,57065.6,57018.25,57061.05,0
2026-09-02 09:27:00,57059.25,57062.3,57030.95,57031.45,0
2026-09-02 09:28:00,57034.35,57034.35,57005.35,57020.7,0
2026-09-02 09:29:00,57019.15,57030.15,57004.55,57010.9,0
2026-09-02 09:30:00,57009.9,57032.3,56985.65,56986.45,0
2026-09-02 09:31:00,56989.75,56996.25,56973.3,56974.2,0
2026-09-02 09:32:00,56975.6,57002.05,56972.65,56992.75,0
2026-09-02 09:33:00,56993.8,57052.45,56993.8,57052.45,0
2026-09-02 09:34:00,57050.0,57083.35,57046.95,57083.35,0
2026-09-02 09:35:00,57079.75,57098.9,57055.55,57070.95,0
2026-09-02 09:36:00,57072.65,57073.75,57040.7,57052.65,0
2026-09-02 09:37:00,57052.9,57082.2,57044.85,57069.25,0
2026-09-02 09:38:00,57066.45,57077.8,57061.2,57076.15,0
2026-09-02 09:39:00,57075.7,57083.85,57052.75,57053.4,0
2026-09-02 09:40:00,57052.3,57072.8,57050.5,57069.2,0
2026-09-02 09:41:00,57065.4,57094.55,57064.4,57090.15,0
2026-09-02 09:42:00,57085.5,57093.85,57067.05,57077.15,0
2026-09-02 09:43:00,57077.1,57077.1,57057.7,57062.35,0
2026-09-02 09:44:00,57061.75,57109.7,57061.75,57082.9,0
2026-09-02 09:45:00,57085.2,57086.2,57039.6,57042.75,0
2026-09-02 09:46:00,57042.8,57043.45,57015.25,57018.6,0
2026-09-02 09:47:00,57019.05,57022.4,57001.8,57022.4,0
2026-09-02 09:48:00,57020.3,57020.3,57002.25,57017.45,0
2026-09-02 09:49:00,57018.2,57043.5,57014.5,57041.85,0
2026-09-02 09:50:00,57039.8,57070.0,57025.25,57062.05,0
2026-09-02 09:51:00,57063.6,57067.15,57037.8,57038.9,0
2026-09-02 09:52:00,57040.1,57049.2,57021.6,57029.35,0
2026-09-02 09:53:00,57029.0,57044.95,57022.75,57039.95,0
2026-09-02 09:54:00,57039.4,57043.95,57025.15,57038.5,0
2026-09-02 09:55:00,57037.9,57041.45,57022.1,57028.0,0
2026-09-02 09:56:00,57029.65,57079.15,57019.2,57078.05,0
2026-09-02 09:57:00,57083.0,57091.3,57059.15,57067.45,0
2026-09-02 09:58:00,57066.55,57096.3,57066.55,57085.6,0
2026-09-02 09:59:00,57082.5,57085.15,57064.25,57066.9,0
2026-09-02 10:00:00,57065.6,57074.6,57051.45,57060.85,0
2026-09-02 10:01:00,57059.9,57073.95,57057.95,57067.7,0
2026-09-02 10:02:00,57068.35,57128.6,57065.9,57115.4,0
2026-09-02 10:03:00,57115.5,57116.7,57086.65,57099.2,0
2026-09-02 10:04:00,57100.85,57104.55,57085.25,57091.1,0
2026-09-02 10:05:00,57091.3,57120.0,57084.8,57098.8,0
2026-09-02 10:06:00,57098.7,57116.45,57096.8,57111.95,0
2026-09-02 10:07:00,57112.1,57122.15,57107.05,57117.05,0
2026-09-02 10:08:00,57114.95,57118.55,57073.25,57078.7,0
2026-09-02 10:09:00,57078.15,57084.15,57057.35,57065.75,0
2026-09-02 10:10:00,57064.85,57082.75,57062.7,57082.75,0
2026-09-02 10:11:00,57081.35,57088.7,57054.95,57056.85,0
2026-09-02 10:12:00,57056.3,57077.3,57056.3,57076.4,0
2026-09-02 10:13:00,57075.35,57117.45,57070.6,57112.45,0
2026-09-02 10:14:00,57114.5,57117.25,57085.3,57089.3,0
2026-09-02 10:15:00,57088.3,57098.35,57073.35,57096.1,0
2026-09-02 10:16:00,57096.9,57111.95,57092.25,57109.15,0
2026-09-02 10:17:00,57110.2,57113.55,57097.95,57103.85,0
2026-09-02 10:18:00,57104.1,57120.45,57092.8,57120.45,0
2026-09-02 10:19:00,57119.6,57150.9,57117.65,57131.25,0
2026-09-02 10:20:00,57134.15,57172.25,57130.75,57154.9,0
2026-09-02 10:21:00,57157.45,57202.1,57138.65,57199.3,0
2026-09-02 10:22:00,57200.0,57221.1,57196.6,57199.75,0
2026-09-02 10:23:00,57200.9,57206.1,57181.9,57183.85,0
2026-09-02 10:24:00,57180.35,57183.45,57167.9,57176.3,0
2026-09-02 10:25:00,57179.35,57181.35,57157.7,57163.8,0
2026-09-02 10:26:00,57164.15,57180.75,57156.0,57179.2,0
2026-09-02 10:27:00,57175.25,57194.05,57171.8,57186.9,0
2026-09-02 10:28:00,57189.45,57202.05,57180.5,57180.5,0
2026-09-02 10:29:00,57182.9,57189.95,57175.2,57187.5,0
2026-09-02 10:30:00,57189.95,57202.15,57183.7,57201.55,0
2026-09-02 10:31:00,57201.65,57211.15,57181.35,57188.5,0
2026-09-02 10:32:00,57191.8,57197.25,57178.65,57184.95,0
2026-09-02 10:33:00,57185.75,57186.7,57169.75,57173.65,0
2026-09-02 10:34:00,57174.15,57175.2,57157.95,57163.65,0
2026-09-02 10:35:00,57164.75,57174.9,57160.45,57170.5,0
2026-09-02 10:36:00,57169.65,57171.7,57158.0,57162.65,0
2026-09-02 10:37:00,57156.35,57168.65,57155.45,57166.6,0
2026-09-02 10:38:00,57165.8,57174.8,57157.8,57171.15,0
2026-09-02 10:39:00,57170.15,57172.7,57149.75,57157.85,0
2026-09-02 10:40:00,57154.75,57193.2,57153.85,57190.6,0
2026-09-02 10:41:00,57188.5,57195.25,57176.3,57183.0,0
2026-09-02 10:42:00,57182.6,57185.1,57159.0,57162.55,0
2026-09-02 10:43:00,57164.3,57165.7,57147.5,57154.7,0
2026-09-02 10:44:00,57154.45,57158.15,57136.7,57141.05,0
2026-09-02 10:45:00,57144.35,57152.35,57136.85,57145.7,0
2026-09-02 10:46:00,57146.85,57148.95,57128.95,57133.75,0
2026-09-02 10:47:00,57134.15,57155.2,57130.65,57151.3,0
2026-09-02 10:48:00,57151.15,57165.4,57150.55,57164.35,0
2026-09-02 10:49:00,57163.35,57171.05,57155.65,57165.45,0
2026-09-02 10:50:00,57161.5,57169.0,57153.75,57167.0,0
2026-09-02 10:51:00,57164.05,57169.55,57154.15,57157.8,0
2026-09-02 10:52:00,57157.1,57158.0,57125.95,57134.35,0
2026-09-02 10:53:00,57133.0,57134.85,57105.6,57109.0,0
2026-09-02 10:54:00,57110.2,57139.45,57098.45,57128.25,0
2026-09-02 10:55:00,57128.05,57133.05,57106.9,57119.8,0
2026-09-02 10:56:00,57119.1,57145.5,57111.75,57135.85,0
2026-09-02 10:57:00,57137.65,57145.2,57119.1,57123.35,0
2026-09-02 10:58:00,57123.7,57128.55,57116.1,57124.5,0
2026-09-02 10:59:00,57124.65,57137.8,57118.0,57127.75,0
2026-09-02 11:00:00,57126.8,57133.65,57114.85,57115.85,0
2026-09-02 11:01:00,57115.4,57122.35,57095.5,57095.5,0
2026-09-02 11:02:00,57097.1,57106.2,57091.25,57095.3,0
2026-09-02 11:03:00,57093.55,57098.3,57069.65,57072.75,0
2026-09-02 11:04:00,57070.95,57074.7,57047.75,57050.5,0
2026-09-02 11:05:00,57048.85,57051.15,57016.9,57033.1,0
2026-09-02 11:06:00,57034.9,57037.15,57012.3,57022.55,0
2026-09-02 11:07:00,57018.55,57045.15,57017.4,57033.4,0
2026-09-02 11:08:00,57036.1,57042.45,57029.75,57034.95,0
2026-09-02 11:09:00,57036.35,57037.05,57025.75,57030.05,0
2026-09-02 11:10:00,57029.7,57051.5,57027.0,57044.25,0
2026-09-02 11:11:00,57042.75,57053.5,57033.45,57040.15,0
2026-09-02 11:12:00,57043.8,57053.9,57036.8,57040.4,0
2026-09-02 11:13:00,57039.65,57044.3,57022.65,57034.05,0
2026-09-02 11:14:00,57034.55,57038.8,57023.65,57032.0,0
2026-09-02 11:15:00,57031.9,57036.95,57017.2,57017.2,0
2026-09-02 11:16:00,57022.1,57023.55,57007.35,57010.6,0
2026-09-02 11:17:00,57011.1,57026.6,57005.5,57020.5,0
2026-09-02 11:18:00,57017.65,57039.4,57010.75,57032.4,0
2026-09-02 11:19:00,57036.55,57040.1,57025.55,57031.75,0
2026-09-02 11:20:00,57032.15,57040.5,57029.5,57035.95,0
2026-09-02 11:21:00,57035.8,57043.2,57021.0,57029.65,0
2026-09-02 11:22:00,57030.15,57031.95,57011.8,57019.0,0
2026-09-02 11:23:00,57020.25,57042.45,57019.25,57027.85,0
2026-09-02 11:24:00,57027.0,57028.75,57008.4,57015.55,0
2026-09-02 11:25:00,57014.2,57022.55,57006.6,57021.85,0
2026-09-02 11:26:00,57021.15,57026.35,57009.3,57011.4,0
2026-09-02 11:27:00,57009.75,57017.9,57005.2,57008.8,0
2026-09-02 11:28:00,57009.95,57019.0,57008.15,57014.05,0
2026-09-02 11:29:00,57010.75,57019.95,56983.45,56992.1,0
2026-09-02 11:30:00,56988.45,56992.4,56975.0,56978.95,0
2026-09-02 11:31:00,56980.8,56980.9,56968.3,56972.35,0
2026-09-02 11:32:00,56973.95,56976.9,56965.4,56974.65,0
2026-09-02 11:33:00,56976.3,56978.4,56955.5,56964.4,0
2026-09-02 11:34:00,56962.85,56973.3,56952.55,56968.35,0
2026-09-02 11:35:00,56967.8,56973.7,56960.05,56967.1,0
2026-09-02 11:36:00,56966.0,56970.4,56946.6,56958.75,0
2026-09-02 11:37:00,56960.8,56972.8,56959.05,56963.65,0
2026-09-02 11:38:00,56962.85,56970.9,56951.9,56965.1,0
2026-09-02 11:39:00,56965.5,56984.9,56963.8,56978.2,0
2026-09-02 11:40:00,56977.75,56989.35,56964.4,56970.3,0
2026-09-02 11:41:00,56970.05,56971.85,56956.4,56958.15,0
2026-09-02 11:42:00,56957.65,56962.95,56949.05,56954.15,0
2026-09-02 11:43:00,56954.35,56971.9,56949.1,56966.4,0
2026-09-02 11:44:00,56968.8,56974.7,56962.0,56969.25,0
2026-09-02 11:45:00,56971.0,56972.3,56953.65,56965.0,0
2026-09-02 11:46:00,56966.1,56968.25,56952.25,56967.45,0
2026-09-02 11:47:00,56966.5,56968.3,56942.15,56953.8,0
2026-09-02 11:48:00,56950.6,56970.1,56944.6,56954.55,0
2026-09-02 11:49:00,56953.2,56960.05,56938.45,56941.25,0
2026-09-02 11:50:00,56945.4,56954.75,56940.05,56943.75,0
2026-09-02 11:51:00,56946.9,56955.75,56942.3,56954.2,0
2026-09-02 11:52:00,56954.3,56993.05,56946.85,56987.75,0
2026-09-02 11:53:00,56985.15,57018.2,56978.65,57018.1,0
2026-09-02 11:54:00,57018.35,57031.25,57014.25,57020.75,0
2026-09-02 11:55:00,57021.15,57045.75,57017.9,57024.0,0
2026-09-02 11:56:00,57024.5,57036.7,57006.8,57016.25,0
2026-09-02 11:57:00,57015.3,57019.65,57004.4,57009.4,0
2026-09-02 11:58:00,57010.65,57011.7,56996.1,57000.4,0
2026-09-02 11:59:00,57000.45,57014.35,56998.15,57010.7,0
2026-09-02 12:00:00,57014.3,57026.1,57006.1,57016.7,0
2026-09-02 12:01:00,57016.8,57043.95,57012.3,57026.25,0
2026-09-02 12:02:00,57024.05,57029.0,56991.8,56999.95,0
2026-09-02 12:03:00,57005.35,57009.4,56976.25,56979.25,0
2026-09-02 12:04:00,56983.85,56986.95,56972.25,56980.4,0
2026-09-02 12:05:00,56981.75,56990.2,56975.7,56983.05,0
2026-09-02 12:06:00,56984.3,56995.05,56983.05,56991.8,0
2026-09-02 12:07:00,56991.15,56993.25,56978.75,56985.1,0
2026-09-02 12:08:00,56984.55,56998.05,56981.9,56987.25,0
2026-09-02 12:09:00,56988.9,57002.1,56980.9,56989.8,0
2026-09-02 12:10:00,56991.3,57009.95,56983.25,57007.15,0
2026-09-02 12:11:00,57006.45,57045.0,57001.1,57036.65,0
2026-09-02 12:12:00,57041.3,57074.55,57041.3,57073.1,0
2026-09-02 12:13:00,57074.1,57082.9,57069.2,57076.7,0
2026-09-02 12:14:00,57075.9,57080.1,57062.85,57080.1,0
2026-09-02 12:15:00,57080.35,57098.55,57078.25,57082.25,0
2026-09-02 12:16:00,57082.5,57086.95,57067.15,57072.6,0
2026-09-02 12:17:00,57071.2,57084.4,57068.7,57075.9,0
2026-09-02 12:18:00,57075.75,57077.6,57048.9,57049.55,0
2026-09-02 12:19:00,57049.7,57059.0,57029.7,57038.15,0
2026-09-02 12:20:00,57038.7,57038.7,57007.45,57013.5,0
2026-09-02 12:21:00,57012.6,57013.9,56984.05,56987.0,0
2026-09-02 12:22:00,56990.05,57016.5,56986.95,56991.0,0
2026-09-02 12:23:00,56991.45,57002.8,56987.55,56994.3,0
2026-09-02 12:24:00,56999.2,57001.1,56988.85,56997.25,0
2026-09-02 12:25:00,56994.85,57013.3,56993.1,57005.05,0
2026-09-02 12:26:00,57003.3,57022.0,56999.55,57018.75,0
2026-09-02 12:27:00,57018.45,57028.4,57012.7,57018.1,0
2026-09-02 12:28:00,57015.25,57022.4,57009.3,57016.45,0
2026-09-02 12:29:00,57018.45,57039.3,57015.9,57033.45,0
2026-09-02 12:30:00,57030.2,57048.8,57016.8,57043.65,0
2026-09-02 12:31:00,57045.95,57061.75,57042.3,57061.75,0
2026-09-02 12:32:00,57061.55,57083.05,57057.6,57071.55,0
2026-09-02 12:33:00,57071.15,57079.1,57067.35,57072.05,0
2026-09-02 12:34:00,57073.0,57076.95,57057.9,57061.35,0
2026-09-02 12:35:00,57064.0,57080.4,57057.1,57060.85,0
2026-09-02 12:36:00,57060.3,57072.55,57056.95,57069.2,0
2026-09-02 12:37:00,57066.75,57082.95,57062.2,57074.5,0
2026-09-02 12:38:00,57076.3,57089.5,57068.45,57076.0,0
2026-09-02 12:39:00,57075.1,57078.5,57065.6,57070.85,0
2026-09-02 12:40:00,57072.15,57077.7,57063.4,57068.2,0
2026-09-02 12:41:00,57067.7,57099.7,57059.4,57095.45,0
2026-09-02 12:42:00,57097.85,57106.75,57092.65,57100.45,0
2026-09-02 12:43:00,57101.0,57141.45,57090.85,57135.45,0
2026-09-02 12:44:00,57138.4,57149.3,57119.1,57121.65,0
2026-09-02 12:45:00,57125.45,57126.75,57082.7,57082.7,0
2026-09-02 12:46:00,57084.65,57110.35,57081.85,57106.5,0
2026-09-02 12:47:00,57105.1,57118.6,57096.1,57098.65,0
2026-09-02 12:48:00,57100.3,57105.25,57095.45,57097.4,0
2026-09-02 12:49:00,57099.6,57124.1,57099.6,57111.5,0
2026-09-02 12:50:00,57113.0,57118.0,57104.0,57104.9,0
2026-09-02 12:51:00,57105.0,57109.5,57095.5,57097.15,0
2026-09-02 12:52:00,57099.2,57114.2,57098.85,57107.1,0
2026-09-02 12:53:00,57109.55,57122.55,57107.25,57117.35,0
2026-09-02 12:54:00,57116.05,57121.65,57108.45,57120.15,0
2026-09-02 12:55:00,57120.25,57121.1,57089.3,57090.75,0
2026-09-02 12:56:00,57089.05,57113.1,57089.05,57108.95,0
2026-09-02 12:57:00,57108.6,57119.95,57103.85,57105.85,0
2026-09-02 12:58:00,57105.2,57111.5,57085.2,57095.35,0
2026-09-02 12:59:00,57094.2,57109.85,57092.85,57107.55,0
2026-09-02 13:00:00,57105.35,57116.15,57105.35,57109.15,0
2026-09-02 13:01:00,57113.1,57127.1,57111.7,57121.35,0
2026-09-02 13:02:00,57121.2,57124.05,57115.2,57118.6,0
2026-09-02 13:03:00,57118.85,57121.45,57103.8,57112.25,0
2026-09-02 13:04:00,57113.65,57116.7,57100.25,57102.35,0
2026-09-02 13:05:00,57105.4,57105.4,57085.1,57089.8,0
2026-09-02 13:06:00,57091.6,57098.55,57079.65,57080.7,0
2026-09-02 13:07:00,57083.85,57086.65,57071.5,57074.3,0
2026-09-02 13:08:00,57076.45,57076.45,57056.7,57069.95,0
2026-09-02 13:09:00,57070.55,57070.55,57057.7,57060.2,0
2026-09-02 13:10:00,57061.75,57070.45,57056.05,57069.65,0
2026-09-02 13:11:00,57070.9,57090.25,57065.55,57085.0,0
2026-09-02 13:12:00,57086.6,57092.2,57080.65,57084.55,0
2026-09-02 13:13:00,57085.25,57101.0,57083.55,57094.35,0
2026-09-02 13:14:00,57095.2,57100.55,57086.15,57095.4,0
2026-09-02 13:15:00,57092.05,57095.95,57066.9,57069.1,0
2026-09-02 13:16:00,57068.4,57083.55,57059.85,57079.1,0
2026-09-02 13:17:00,57080.4,57089.3,57077.95,57085.9,0
2026-09-02 13:18:00,57083.75,57089.25,57080.05,57085.2,0
2026-09-02 13:19:00,57084.95,57086.5,57069.55,57075.8,0
2026-09-02 13:20:00,57080.25,57081.5,57069.65,57076.15,0
2026-09-02 13:21:00,57076.8,57079.6,57066.9,57069.3,0
2026-09-02 13:22:00,57072.05,57081.35,57067.15,57072.3,0
2026-09-02 13:23:00,57073.45,57073.45,57055.3,57057.4,0
2026-09-02 13:24:00,57061.2,57084.65,57057.6,57073.9,0
2026-09-02 13:25:00,57075.15,57081.15,57070.5,57072.0,0
2026-09-02 13:26:00,57073.9,57091.55,57072.3,57087.05,0
2026-09-02 13:27:00,57088.9,57092.55,57080.8,57084.4,0
2026-09-02 13:28:00,57084.95,57088.1,57063.25,57064.7,0
2026-09-02 13:29:00,57065.95,57073.25,57065.25,57070.15,0
2026-09-02 13:30:00,57072.65,57075.1,57061.65,57068.85,0
2026-09-02 13:31:00,57068.65,57073.4,57048.85,57051.4,0
2026-09-02 13:32:00,57052.1,57066.3,57050.35,57052.45,0
2026-09-02 13:33:00,57054.25,57060.55,57050.55,57057.6,0
2026-09-02 13:34:00,57059.75,57066.6,57050.6,57065.15,0
2026-09-02 13:35:00,57065.8,57073.1,57060.45,57070.75,0
2026-09-02 13:36:00,57072.9,57084.45,57070.75,57079.35,0
2026-09-02 13:37:00,57080.4,57089.2,57075.05,57081.95,0
2026-09-02 13:38:00,57081.8,57082.05,57046.65,57047.75,0
2026-09-02 13:39:00,57049.4,57049.8,57016.15,57021.9,0
2026-09-02 13:40:00,57018.8,57025.8,57013.8,57021.9,0
2026-09-02 13:41:00,57020.95,57046.15,57020.45,57042.8,0
2026-09-02 13:42:00,57042.9,57049.05,57032.8,57048.35,0
2026-09-02 13:43:00,57047.65,57051.65,57033.3,57036.6,0
2026-09-02 13:44:00,57036.3,57044.95,57030.4,57039.5,0
2026-09-02 13:45:00,57036.75,57052.2,57032.8,57048.15,0
2026-09-02 13:46:00,57047.95,57051.1,57033.0,57037.4,0
2026-09-02 13:47:00,57040.4,57070.85,57035.3,57066.3,0
2026-09-02 13:48:00,57068.25,57069.0,57042.15,57060.1,0
2026-09-02 13:49:00,57066.95,57069.2,57039.25,57043.2,0
2026-09-02 13:50:00,57044.45,57056.7,57038.8,57045.65,0
2026-09-02 13:51:00,57047.05,57050.35,57022.25,57025.15,0
2026-09-02 13:52:00,57027.65,57035.85,57022.3,57027.8,0
2026-09-02 13:53:00,57033.05,57059.95,57031.4,57054.0,0
2026-09-02 13:54:00,57058.75,57063.9,57052.05,57054.95,0
2026-09-02 13:55:00,57056.1,57063.65,57049.05,57051.0,0
2026-09-02 13:56:00,57052.8,57056.55,57045.55,57048.5,0
2026-09-02 13:57:00,57050.9,57065.35,57044.65,57052.95,0
2026-09-02 13:58:00,57054.2,57068.6,57052.0,57064.3,0
2026-09-02 13:59:00,57066.5,57080.5,57061.05,57078.0,0
2026-09-02 14:00:00,57078.25,57109.15,57077.4,57105.95,0
2026-09-02 14:01:00,57109.55,57115.75,57105.65,57112.35,0
2026-09-02 14:02:00,57112.25,57129.5,57109.8,57114.75,0
2026-09-02 14:03:00,57115.6,57125.8,57110.8,57110.8,0
2026-09-02 14:04:00,57114.95,57115.8,57095.3,57095.3,0
2026-09-02 14:05:00,57096.45,57098.25,57083.3,57097.6,0
2026-09-02 14:06:00,57095.95,57139.2,57094.3,57135.95,0
2026-09-02 14:07:00,57140.45,57162.45,57138.3,57155.4,0
2026-09-02 14:08:00,57156.85,57158.85,57146.65,57150.95,0
2026-09-02 14:09:00,57151.0,57154.5,57141.0,57144.6,0
2026-09-02 14:10:00,57143.35,57153.25,57141.3,57143.65,0
2026-09-02 14:11:00,57144.5,57144.5,57128.5,57131.15,0
2026-09-02 14:12:00,57132.55,57150.7,57122.55,57150.7,0
2026-09-02 14:13:00,57150.65,57152.1,57121.55,57125.15,0
2026-09-02 14:14:00,57125.85,57135.3,57115.05,57129.05,0
2026-09-02 14:15:00,57131.15,57135.8,57123.45,57134.2,0
2026-09-02 14:16:00,57136.8,57141.15,57117.95,57124.6,0
2026-09-02 14:17:00,57121.4,57129.45,57107.55,57118.1,0
2026-09-02 14:18:00,57116.75,57121.2,57108.85,57117.05,0
2026-09-02 14:19:00,57118.45,57122.65,57107.65,57117.3,0
2026-09-02 14:20:00,57116.0,57121.2,57087.4,57093.7,0
2026-09-02 14:21:00,57093.15,57099.2,57087.65,57089.75,0
2026-09-02 14:22:00,57088.35,57097.35,57086.3,57096.1,0
2026-09-02 14:23:00,57096.9,57100.4,57091.65,57096.5,0
2026-09-02 14:24:00,57094.4,57097.1,57068.25,57072.85,0
2026-09-02 14:25:00,57074.35,57075.05,57062.2,57063.1,0
2026-09-02 14:26:00,57064.35,57077.55,57059.85,57072.2,0
2026-09-02 14:27:00,57074.35,57075.55,57060.6,57065.45,0
2026-09-02 14:28:00,57066.7,57082.75,57060.8,57080.4,0
2026-09-02 14:29:00,57080.55,57094.9,57076.7,57091.8,0
2026-09-02 14:30:00,57091.6,57111.6,57086.05,57107.4,0
2026-09-02 14:31:00,57110.05,57121.3,57100.05,57105.05,0
2026-09-02 14:32:00,57104.15,57120.5,57099.35,57114.65,0
2026-09-02 14:33:00,57114.3,57133.5,57108.65,57130.95,0
2026-09-02 14:34:00,57131.8,57136.05,57119.85,57123.65,0
2026-09-02 14:35:00,57124.6,57138.15,57117.7,57124.95,0
2026-09-02 14:36:00,57123.9,57128.3,57114.7,57125.6,0
2026-09-02 14:37:00,57126.55,57130.45,57114.2,57117.05,0
2026-09-02 14:38:00,57122.35,57122.35,57096.05,57103.05,0
2026-09-02 14:39:00,57103.15,57126.5,57103.15,57126.15,0
2026-09-02 14:40:00,57126.55,57139.95,57124.7,57137.2,0
2026-09-02 14:41:00,57136.6,57140.4,57114.25,57116.2,0
2026-09-02 14:42:00,57116.05,57121.2,57106.15,57110.15,0
2026-09-02 14:43:00,57109.15,57110.9,57094.1,57096.2,0
2026-09-02 14:44:00,57093.5,57096.0,57074.6,57086.65,0
2026-09-02 14:45:00,57086.85,57098.65,57076.9,57095.2,0
2026-09-02 14:46:00,57097.4,57101.15,57092.45,57097.15,0
2026-09-02 14:47:00,57097.95,57123.25,57096.9,57118.4,0
2026-09-02 14:48:00,57118.7,57129.75,57113.9,57125.55,0
2026-09-02 14:49:00,57127.1,57137.95,57115.8,57118.45,0
2026-09-02 14:50:00,57119.9,57120.0,57092.4,57094.85,0
2026-09-02 14:51:00,57093.9,57109.1,57087.15,57091.6,0
2026-09-02 14:52:00,57091.45,57107.6,57089.55,57098.05,0
2026-09-02 14:53:00,57096.85,57101.85,57076.9,57081.2,0
2026-09-02 14:54:00,57082.4,57085.0,57071.1,57072.5,0
2026-09-02 14:55:00,57079.3,57084.45,57045.2,57048.85,0
2026-09-02 14:56:00,57050.25,57055.2,57041.5,57042.45,0
2026-09-02 14:57:00,57045.7,57045.7,57030.15,57033.0,0
2026-09-02 14:58:00,57034.6,57056.25,57026.7,57051.65,0
2026-09-02 14:59:00,57053.4,57062.2,57049.6,57050.25,0
2026-09-02 15:00:00,57048.6,57051.95,57041.65,57045.45,0
2026-09-02 15:01:00,57047.45,57049.8,57027.2,57029.0,0
2026-09-02 15:02:00,57032.45,57041.6,57026.45,57039.05,0
2026-09-02 15:03:00,57038.4,57047.75,57033.45,57036.15,0
2026-09-02 15:04:00,57037.85,57043.85,57028.75,57038.75,0
2026-09-02 15:05:00,57037.85,57042.8,57024.4,57037.8,0
2026-09-02 15:06:00,57036.35,57044.35,57029.95,57042.45,0
2026-09-02 15:07:00,57040.0,57042.35,57027.65,57034.9,0
2026-09-02 15:08:00,57035.3,57044.55,57032.25,57040.65,0
2026-09-02 15:09:00,57044.4,57072.6,57023.95,57070.05,0
2026-09-02 15:10:00,57075.25,57084.2,57068.35,57081.7,0
2026-09-02 15:11:00,57083.2,57104.35,57078.3,57083.15,0
2026-09-02 15:12:00,57083.4,57093.1,57069.35,57080.7,0
2026-09-02 15:13:00,57086.95,57095.25,57063.55,57083.75,0
2026-09-02 15:14:00,57080.8,57111.6,57075.15,57087.4,0
2026-09-02 15:29:00,57172.0,57172.0,57172.0,57172.0,0
2026-09-03 09:15:00,57497.85,57570.75,57467.05,57555.55,0
2026-09-03 09:16:00,57564.45,57647.5,57556.15,57622.7,0
2026-09-03 09:17:00,57628.65,57661.4,57623.35,57627.65,0
2026-09-03 09:18:00,57631.45,57644.7,57578.15,57578.15,0
2026-09-03 09:19:00,57585.65,57585.65,57556.95,57577.15,0
2026-09-03 09:20:00,57581.75,57594.2,57546.8,57552.8,0
2026-09-03 09:21:00,57557.45,57596.75,57553.55,57584.9,0
2026-09-03 09:22:00,57585.4,57621.55,57568.05,57616.75,0
2026-09-03 09:23:00,57621.95,57631.7,57613.1,57614.5,0
2026-09-03 09:24:00,57615.6,57622.2,57597.05,57610.95,0
2026-09-03 09:25:00,57612.5,57625.75,57586.0,57588.25,0
2026-09-03 09:26:00,57591.25,57624.15,57567.4,57572.35,0
2026-09-03 09:27:00,57571.3,57593.0,57552.15,57588.15,0
2026-09-03 09:28:00,57581.9,57606.95,57569.85,57569.85,0
2026-09-03 09:29:00,57571.65,57588.3,57561.8,57571.25,0
2026-09-03 09:30:00,57574.3,57607.05,57567.85,57592.0,0
2026-09-03 09:31:00,57595.35,57611.25,57576.75,57593.7,0
2026-09-03 09:32:00,57593.15,57613.05,57589.4,57607.45,0
2026-09-03 09:33:00,57606.1,57642.5,57604.2,57638.0,0
2026-09-03 09:34:00,57638.5,57673.8,57629.4,57652.65,0
2026-09-03 09:35:00,57656.15,57660.75,57627.5,57627.5,0
2026-09-03 09:36:00,57627.2,57644.55,57624.15,57638.7,0
2026-09-03 09:37:00,57635.95,57665.1,57630.15,57660.3,0
2026-09-03 09:38:00,57663.35,57687.35,57658.5,57683.25,0
2026-09-03 09:39:00,57678.75,57687.2,57665.15,57675.6,0
2026-09-03 09:40:00,57676.4,57707.5,57669.7,57704.1,0
2026-09-03 09:41:00,57706.9,57714.8,57692.55,57711.15,0
2026-09-03 09:42:00,57711.05,57723.85,57700.45,57706.05,0
2026-09-03 09:43:00,57707.4,57725.25,57695.0,57718.95,0
2026-09-03 09:44:00,57722.15,57741.5,57711.05,57713.35,0
2026-09-03 09:45:00,57715.85,57749.55,57714.65,57742.0,0
2026-09-03 09:46:00,57744.05,57746.6,57716.45,57716.45,0
2026-09-03 09:47:00,57720.95,57753.6,57712.35,57740.85,0
2026-09-03 09:48:00,57743.7,57751.2,57710.15,57710.15,0
2026-09-03 09:49:00,57714.9,57719.85,57701.05,57703.55,0
2026-09-03 09:50:00,57705.95,57708.95,57674.5,57686.95,0
2026-09-03 09:51:00,57688.6,57726.7,57686.25,57714.7,0
2026-09-03 09:52:00,57725.1,57725.1,57710.8,57717.15,0
2026-09-03 09:53:00,57717.2,57724.65,57688.0,57690.6,0
2026-09-03 09:54:00,57697.4,57698.7,57670.45,57674.3,0
2026-09-03 09:55:00,57676.1,57688.2,57667.7,57685.25,0
2026-09-03 09:56:00,57686.85,57694.05,57644.4,57644.4,0
2026-09-03 09:57:00,57652.7,57682.75,57648.95,57674.9,0
2026-09-03 09:58:00,57678.6,57689.55,57666.15,57679.65,0
2026-09-03 09:59:00,57682.6,57691.6,57665.8,57690.7,0
2026-09-03 10:00:00,57688.4,57701.35,57681.45,57698.7,0
2026-09-03 10:01:00,57700.1,57707.05,57692.25,57704.1,0
2026-09-03 10:02:00,57703.45,57714.05,57694.45,57714.0,0
2026-09-03 10:03:00,57714.25,57717.0,57692.65,57702.55,0
2026-09-03 10:04:00,57703.15,57717.1,57701.45,57714.9,0
2026-09-03 10:05:00,57716.3,57717.75,57692.7,57695.15,0
2026-09-03 10:06:00,57695.7,57703.0,57669.7,57669.7,0
2026-09-03 10:07:00,57670.75,57675.5,57659.95,57669.0,0
2026-09-03 10:08:00,57677.05,57698.5,57672.6,57688.0,0
2026-09-03 10:09:00,57687.35,57691.3,57671.35,57678.7,0
2026-09-03 10:10:00,57681.1,57692.9,57671.55,57690.35,0
2026-09-03 10:11:00,57694.35,57704.9,57674.15,57674.15,0
2026-09-03 10:12:00,57676.3,57681.35,57659.3,57663.5,0
2026-09-03 10:13:00,57669.95,57669.95,57650.0,57662.7,0
2026-09-03 10:14:00,57663.65,57671.15,57653.35,57654.8,0
2026-09-03 10:15:00,57657.95,57671.1,57647.3,57665.15,0
2026-09-03 10:16:00,57665.25,57674.75,57657.9,57663.05,0
2026-09-03 10:17:00,57664.7,57679.15,57650.35,57674.8,0
2026-09-03 10:18:00,57679.95,57680.25,57665.8,57674.85,0
2026-09-03 10:19:00,57675.95,57698.25,57672.2,57688.55,0
2026-09-03 10:20:00,57692.1,57699.7,57687.6,57697.5,0
2026-09-03 10:21:00,57697.8,57702.65,57681.15,57695.5,0
2026-09-03 10:22:00,57696.65,57712.95,57691.1,57706.35,0
2026-09-03 10:23:00,57708.95,57731.3,57697.15,57725.0,0
2026-09-03 10:24:00,57723.5,57740.0,57717.9,57738.65,0
2026-09-03 10:25:00,57738.5,57739.0,57704.25,57709.45,0
2026-09-03 10:26:00,57709.85,57715.2,57682.85,57688.5,0
2026-09-03 10:27:00,57686.95,57686.95,57666.6,57672.2,0
2026-09-03 10:28:00,57679.35,57683.75,57660.8,57666.45,0
2026-09-03 10:29:00,57666.15,57672.4,57656.05,57661.45,0
2026-09-03 10:30:00,57664.95,57669.8,57647.75,57663.3,0
2026-09-03 10:31:00,57669.35,57669.35,57624.55,57634.65,0
2026-09-03 10:32:00,57635.85,57640.65,57617.35,57638.55,0
2026-09-03 10:33:00,57639.85,57644.9,57621.1,57621.85,0
2026-09-03 10:34:00,57624.2,57624.2,57601.85,57604.7,0
2026-09-03 10:35:00,57610.25,57616.25,57598.85,57607.5,0
2026-09-03 10:36:00,57611.55,57612.65,57569.05,57573.65,0
2026-09-03 10:37:00,57573.9,57581.35,57556.4,57575.8,0
2026-09-03 10:38:00,57576.05,57599.15,57572.3,57590.75,0
2026-09-03 10:39:00,57593.35,57595.4,57578.2,57591.05,0
2026-09-03 10:40:00,57592.25,57601.55,57581.1,57589.3,0
2026-09-03 10:41:00,57593.5,57602.05,57575.95,57576.5,0
2026-09-03 10:42:00,57580.8,57583.4,57564.55,57569.4,0
2026-09-03 10:43:00,57568.4,57581.4,57553.05,57579.6,0
2026-09-03 10:44:00,57584.5,57595.9,57570.1,57595.9,0
2026-09-03 10:45:00,57592.8,57596.3,57578.1,57586.1,0
2026-09-03 10:46:00,57585.5,57590.1,57575.3,57582.6,0
2026-09-03 10:47:00,57583.55,57590.2,57570.45,57575.65,0
2026-09-03 10:48:00,57578.85,57594.75,57574.95,57582.55,0
2026-09-03 10:49:00,57587.1,57590.85,57566.1,57571.45,0
2026-09-03 10:50:00,57570.65,57573.2,57558.6,57567.15,0
2026-09-03 10:51:00,57566.85,57584.75,57563.0,57579.0,0
2026-09-03 10:52:00,57579.4,57580.5,57561.5,57569.4,0
2026-09-03 10:53:00,57574.7,57581.8,57553.75,57570.7,0
2026-09-03 10:54:00,57574.75,57577.25,57561.85,57569.2,0
2026-09-03 10:55:00,57572.6,57586.9,57568.2,57585.35,0
2026-09-03 10:56:00,57590.05,57599.75,57577.25,57599.75,0
2026-09-03 10:57:00,57599.8,57601.1,57586.1,57598.9,0
2026-09-03 10:58:00,57600.85,57604.05,57591.2,57599.1,0
2026-09-03 10:59:00,57597.75,57612.75,57587.1,57593.85,0
2026-09-03 11:00:00,57596.0,57611.4,57584.75,57605.25,0
2026-09-03 11:01:00,57606.3,57611.1,57593.7,57599.25,0
2026-09-03 11:02:00,57603.9,57605.2,57584.6,57588.15,0
2026-09-03 11:03:00,57596.15,57598.9,57580.05,57585.6,0
2026-09-03 11:04:00,57581.65,57592.2,57577.5,57579.9,0
2026-09-03 11:05:00,57582.7,57589.25,57557.7,57567.15,0
2026-09-03 11:06:00,57568.7,57580.1,57554.3,57564.8,0
2026-09-03 11:07:00,57570.15,57570.35,57550.15,57556.35,0
2026-09-03 11:08:00,57559.2,57563.35,57539.05,57541.4,0
2026-09-03 11:09:00,57545.25,57547.95,57488.55,57491.5,0
2026-09-03 11:10:00,57490.9,57520.55,57490.1,57508.8,0
2026-09-03 11:11:00,57506.55,57513.35,57494.55,57511.85,0
2026-09-03 11:12:00,57513.9,57542.75,57507.75,57540.3,0
2026-09-03 11:13:00,57543.35,57546.6,57522.75,57530.4,0
2026-09-03 11:14:00,57531.0,57547.05,57518.3,57527.65,0
2026-09-03 11:15:00,57525.35,57528.0,57488.65,57505.2,0
2026-09-03 11:16:00,57509.5,57523.1,57495.25,57518.9,0
2026-09-03 11:17:00,57522.6,57541.8,57519.85,57527.55,0
2026-09-03 11:18:00,57531.55,57545.75,57526.25,57541.65,0
2026-09-03 11:19:00,57543.3,57567.0,57536.4,57567.0,0
2026-09-03 11:20:00,57560.25,57576.35,57557.25,57560.35,0
2026-09-03 11:21:00,57566.05,57575.75,57562.25,57572.05,0
2026-09-03 11:22:00,57577.0,57584.4,57569.1,57574.6,0
2026-09-03 11:23:00,57580.4,57597.8,57575.3,57589.8,0
2026-09-03 11:24:00,57591.65,57591.65,57568.2,57569.9,0
2026-09-03 11:25:00,57572.65,57575.05,57557.35,57562.4,0
2026-09-03 11:26:00,57564.9,57578.5,57561.95,57578.35,0
2026-09-03 11:27:00,57581.65,57594.1,57572.25,57594.1,0
2026-09-03 11:28:00,57597.15,57604.15,57579.35,57588.85,0
2026-09-03 11:29:00,57589.35,57601.1,57582.55,57596.6,0
2026-09-03 11:30:00,57604.2,57620.65,57593.1,57619.3,0
2026-09-03 11:31:00,57622.95,57624.8,57604.25,57604.3,0
2026-09-03 11:32:00,57607.15,57624.45,57593.6,57600.35,0
2026-09-03 11:33:00,57599.55,57609.1,57591.65,57599.1,0
2026-09-03 11:34:00,57600.5,57623.55,57599.6,57620.3,0
2026-09-03 11:35:00,57621.65,57638.25,57615.25,57632.5,0
2026-09-03 11:36:00,57638.0,57642.8,57624.75,57630.8,0
2026-09-03 11:37:00,57637.3,57638.75,57614.2,57619.35,0
2026-09-03 11:38:00,57618.7,57621.95,57601.55,57605.4,0
2026-09-03 11:39:00,57610.45,57616.95,57600.0,57616.35,0
2026-09-03 11:40:00,57617.75,57629.85,57609.85,57623.35,0
2026-09-03 11:41:00,57623.8,57625.5,57601.8,57606.25,0
2026-09-03 11:42:00,57606.45,57609.5,57588.4,57601.3,0
2026-09-03 11:43:00,57607.25,57608.45,57586.9,57595.45,0
2026-09-03 11:44:00,57599.3,57608.45,57590.9,57594.55,0
2026-09-03 11:45:00,57599.8,57629.35,57596.45,57626.45,0
2026-09-03 11:46:00,57633.1,57633.1,57593.35,57593.35,0
2026-09-03 11:47:00,57596.4,57598.2,57576.9,57581.05,0
2026-09-03 11:48:00,57582.9,57618.25,57581.15,57616.95,0
2026-09-03 11:49:00,57619.25,57637.5,57603.35,57614.45,0
2026-09-03 11:50:00,57617.75,57632.2,57607.05,57613.1,0
2026-09-03 11:51:00,57615.05,57616.6,57589.0,57597.95,0
2026-09-03 11:52:00,57603.2,57638.15,57595.2,57635.0,0
2026-09-03 11:53:00,57640.55,57641.05,57602.65,57606.3,0
2026-09-03 11:54:00,57607.8,57619.45,57600.1,57612.55,0
2026-09-03 11:55:00,57613.35,57620.6,57594.15,57600.25,0
2026-09-03 11:56:00,57603.9,57618.8,57592.45,57615.3,0
2026-09-03 11:57:00,57615.25,57625.95,57603.4,57624.8,0
2026-09-03 11:58:00,57626.2,57629.85,57610.0,57613.35,0
2026-09-03 11:59:00,57615.05,57623.65,57609.45,57610.05,0
2026-09-03 12:00:00,57611.6,57616.0,57600.75,57605.9,0
2026-09-03 12:01:00,57605.95,57605.95,57562.05,57578.55,0
2026-09-03 12:02:00,57579.5,57591.2,57570.75,57575.75,0
2026-09-03 12:03:00,57581.05,57586.9,57564.2,57565.7,0
2026-09-03 12:04:00,57564.7,57572.3,57553.7,57559.9,0
2026-09-03 12:05:00,57559.05,57585.15,57559.05,57572.9,0
2026-09-03 12:06:00,57573.75,57586.7,57565.15,57569.05,0
2026-09-03 12:07:00,57571.45,57584.1,57562.55,57575.05,0
2026-09-03 12:08:00,57574.65,57587.8,57567.9,57573.65,0
2026-09-03 12:09:00,57574.5,57577.9,57559.7,57563.35,0
2026-09-03 12:10:00,57568.85,57587.45,57563.4,57581.05,0
2026-09-03 12:11:00,57585.35,57590.45,57573.8,57584.9,0
2026-09-03 12:12:00,57586.55,57597.6,57580.95,57588.25,0
2026-09-03 12:13:00,57592.8,57606.75,57577.05,57605.25,0
2026-09-03 12:14:00,57607.5,57610.25,57595.0,57597.25,0
2026-09-03 12:15:00,57600.45,57600.45,57572.3,57597.95,0
2026-09-03 12:16:00,57600.55,57604.0,57572.35,57585.85,0
2026-09-03 12:17:00,57586.45,57587.8,57573.2,57575.05,0
2026-09-03 12:18:00,57580.3,57584.65,57562.45,57566.25,0
2026-09-03 12:19:00,57571.95,57581.1,57560.05,57567.2,0
2026-09-03 12:20:00,57571.2,57580.05,57557.9,57566.6,0
2026-09-03 12:21:00,57568.8,57573.5,57550.2,57556.65,0
2026-09-03 12:22:00,57559.9,57562.45,57542.5,57542.5,0
2026-09-03 12:23:00,57542.85,57558.15,57537.95,57539.3,0
2026-09-03 12:24:00,57544.6,57544.6,57526.5,57527.05,0
2026-09-03 12:25:00,57536.2,57540.2,57524.0,57532.3,0
2026-09-03 12:26:00,57537.6,57553.6,57537.6,57541.2,0
2026-09-03 12:27:00,57546.65,57549.25,57523.1,57525.35,0
2026-09-03 12:28:00,57532.1,57549.2,57524.1,57540.55,0
2026-09-03 12:29:00,57546.35,57547.65,57533.95,57536.9,0
2026-09-03 12:30:00,57534.4,57543.5,57529.85,57537.9,0
2026-09-03 12:31:00,57547.05,57556.85,57541.25,57546.5,0
2026-09-03 12:32:00,57554.3,57556.75,57526.35,57531.35,0
2026-09-03 12:33:00,57533.7,57547.95,57523.05,57523.05,0
2026-09-03 12:34:00,57527.7,57538.2,57523.2,57530.0,0
2026-09-03 12:35:00,57533.8,57538.4,57518.05,57522.55,0
2026-09-03 12:36:00,57529.85,57529.85,57508.8,57511.25,0
2026-09-03 12:37:00,57515.75,57520.25,57504.25,57505.55,0
2026-09-03 12:38:00,57512.25,57542.6,57506.55,57535.25,0
2026-09-03 12:39:00,57539.9,57541.8,57525.3,57533.95,0
2026-09-03 12:40:00,57541.05,57547.35,57526.2,57540.95,0
2026-09-03 12:41:00,57544.95,57549.7,57531.9,57536.95,0
2026-09-03 12:42:00,57540.85,57541.75,57514.2,57514.2,0
2026-09-03 12:43:00,57517.55,57532.55,57514.3,57521.75,0
2026-09-03 12:44:00,57529.5,57540.8,57519.25,57529.35,0
2026-09-03 12:45:00,57534.1,57546.6,57527.1,57538.75,0
2026-09-03 12:46:00,57545.4,57551.35,57538.25,57540.65,0
2026-09-03 12:47:00,57542.0,57550.75,57527.25,57537.9,0
2026-09-03 12:48:00,57543.1,57550.25,57535.25,57539.6,0
2026-09-03 12:49:00,57543.15,57554.45,57536.0,57539.2,0
2026-09-03 12:50:00,57541.55,57555.2,57535.9,57553.6,0
2026-09-03 12:51:00,57552.6,57561.25,57543.65,57555.95,0
2026-09-03 12:52:00,57560.0,57568.9,57552.0,57561.45,0
2026-09-03 12:53:00,57562.05,57570.1,57555.9,57560.2,0
2026-09-03 12:54:00,57559.45,57571.15,57549.6,57554.45,0
2026-09-03 12:55:00,57556.85,57562.7,57538.5,57545.5,0
2026-09-03 12:56:00,57544.65,57551.45,57510.0,57516.5,0
2026-09-03 12:57:00,57522.95,57543.5,57518.95,57535.35,0
2026-09-03 12:58:00,57535.9,57542.4,57514.2,57525.8,0
2026-09-03 12:59:00,57523.7,57527.0,57506.9,57511.2,0
2026-09-03 13:00:00,57517.4,57528.35,57507.7,57523.35,0
2026-09-03 13:01:00,57523.25,57524.45,57508.35,57513.75,0
2026-09-03 13:02:00,57514.45,57521.6,57503.0,57506.1,0
2026-09-03 13:03:00,57513.4,57520.15,57505.6,57510.05,0
2026-09-03 13:04:00,57513.4,57519.45,57506.45,57514.4,0
2026-09-03 13:05:00,57513.9,57526.25,57506.95,57518.0,0
2026-09-03 13:06:00,57520.5,57529.35,57513.65,57522.8,0
2026-09-03 13:07:00,57526.05,57526.35,57510.15,57512.2,0
2026-09-03 13:08:00,57516.65,57520.6,57508.6,57513.2,0
2026-09-03 13:09:00,57517.55,57529.0,57505.95,57525.55,0
2026-09-03 13:10:00,57527.65,57529.3,57514.65,57527.65,0
2026-09-03 13:11:00,57526.85,57544.8,57521.05,57543.95,0
2026-09-03 13:12:00,57544.45,57552.65,57536.0,57550.4,0
2026-09-03 13:13:00,57551.9,57554.0,57533.3,57546.95,0
2026-09-03 13:14:00,57547.25,57551.5,57535.7,57549.8,0
2026-09-03 13:15:00,57555.7,57566.8,57548.95,57561.0,0
2026-09-03 13:16:00,57567.1,57567.1,57547.85,57556.05,0
2026-09-03 13:17:00,57554.9,57572.95,57547.8,57564.55,0
2026-09-03 13:18:00,57567.95,57578.5,57551.45,57554.35,0
2026-09-03 13:19:00,57557.85,57558.55,57544.55,57548.05,0
2026-09-03 13:20:00,57548.5,57553.75,57542.05,57545.0,0
2026-09-03 13:21:00,57547.75,57551.1,57539.25,57543.95,0
2026-09-03 13:22:00,57549.4,57550.7,57537.95,57538.25,0
2026-09-03 13:23:00,57543.8,57553.35,57534.95,57538.85,0
2026-09-03 13:24:00,57544.35,57545.6,57509.45,57512.15,0
2026-09-03 13:25:00,57515.35,57517.8,57472.5,57481.1,0
2026-09-03 13:26:00,57485.85,57511.45,57480.55,57507.2,0
2026-09-03 13:27:00,57510.8,57529.35,57508.0,57526.2,0
2026-09-03 13:28:00,57530.6,57542.55,57518.15,57527.95,0
2026-09-03 13:29:00,57527.35,57527.85,57513.6,57517.25,0
2026-09-03 13:30:00,57521.0,57542.3,57514.6,57541.55,0
2026-09-03 13:31:00,57542.75,57562.9,57538.4,57560.35,0
2026-09-03 13:32:00,57563.8,57563.8,57542.4,57560.05,0
2026-09-03 13:33:00,57559.1,57602.9,57555.05,57602.9,0
2026-09-03 13:34:00,57606.55,57613.05,57579.0,57585.95,0
2026-09-03 13:35:00,57590.25,57599.9,57581.4,57588.9,0
2026-09-03 13:36:00,57591.7,57594.3,57564.6,57568.25,0
2026-09-03 13:37:00,57567.55,57573.65,57550.8,57557.7,0
2026-09-03 13:38:00,57563.45,57568.5,57551.95,57563.6,0
2026-09-03 13:39:00,57567.65,57573.15,57536.65,57551.95,0
2026-09-03 13:40:00,57557.8,57568.05,57542.2,57565.35,0
2026-09-03 13:41:00,57562.35,57572.15,57539.2,57539.2,0
2026-09-03 13:42:00,57540.6,57558.5,57540.6,57552.85,0
2026-09-03 13:43:00,57556.6,57568.65,57551.05,57554.95,0
2026-09-03 13:44:00,57557.0,57572.3,57549.6,57565.4,0
2026-09-03 13:45:00,57565.85,57572.1,57556.45,57560.6,0
2026-09-03 13:46:00,57561.95,57572.95,57553.1,57556.25,0
2026-09-03 13:47:00,57558.1,57563.9,57538.4,57543.85,0
2026-09-03 13:48:00,57545.7,57562.2,57541.8,57555.45,0
2026-09-03 13:49:00,57557.3,57572.05,57554.3,57567.05,0
2026-09-03 13:50:00,57568.9,57582.95,57556.55,57574.05,0
2026-09-03 13:51:00,57576.75,57577.2,57560.2,57567.95,0
2026-09-03 13:52:00,57570.3,57576.55,57550.9,57557.85,0
2026-09-03 13:53:00,57561.5,57561.5,57539.3,57553.7,0
2026-09-03 13:54:00,57556.5,57573.05,57554.75,57564.55,0
2026-09-03 13:55:00,57567.4,57569.9,57539.0,57542.7,0
2026-09-03 13:56:00,57547.65,57551.6,57535.95,57549.4,0
2026-09-03 13:57:00,57552.05,57575.05,57550.95,57572.2,0
2026-09-03 13:58:00,57573.65,57611.8,57563.95,57601.25,0
2026-09-03 13:59:00,57603.9,57608.0,57575.1,57583.25,0
2026-09-03 14:00:00,57589.9,57601.15,57577.45,57596.55,0
2026-09-03 14:01:00,57599.4,57599.8,57563.0,57567.45,0
2026-09-03 14:02:00,57570.25,57574.55,57543.15,57545.25,0
2026-09-03 14:03:00,57546.1,57578.15,57538.65,57576.6,0
2026-09-03 14:04:00,57576.1,57579.4,57548.0,57551.25,0
2026-09-03 14:05:00,57552.05,57561.4,57548.3,57554.9,0
2026-09-03 14:06:00,57560.3,57560.3,57546.65,57556.0,0
2026-09-03 14:07:00,57554.35,57558.5,57538.75,57543.15,0
2026-09-03 14:08:00,57541.95,57548.9,57526.25,57541.95,0
2026-09-03 14:09:00,57543.75,57545.25,57517.2,57531.15,0
2026-09-03 14:10:00,57533.7,57536.5,57521.1,57522.5,0
2026-09-03 14:11:00,57524.55,57530.35,57503.35,57507.5,0
2026-09-03 14:12:00,57510.2,57511.65,57496.95,57500.15,0
2026-09-03 14:13:00,57503.5,57512.55,57496.2,57505.15,0
2026-09-03 14:14:00,57506.55,57513.55,57499.5,57508.25,0
2026-09-03 14:15:00,57509.7,57515.85,57487.45,57500.05,0
2026-09-03 14:16:00,57505.0,57510.8,57493.2,57510.8,0
2026-09-03 14:17:00,57512.75,57516.6,57501.75,57515.05,0
2026-09-03 14:18:00,57514.2,57520.25,57497.05,57504.95,0
2026-09-03 14:19:00,57508.9,57520.25,57500.4,57511.9,0
2026-09-03 14:20:00,57512.25,57531.9,57510.15,57529.85,0
2026-09-03 14:21:00,57531.35,57532.8,57508.2,57511.25,0
2026-09-03 14:22:00,57512.45,57523.6,57489.9,57505.35,0
2026-09-03 14:23:00,57508.6,57526.15,57504.4,57517.6,0
2026-09-03 14:24:00,57519.3,57524.6,57504.1,57506.85,0
2026-09-03 14:25:00,57508.7,57527.65,57502.6,57518.85,0
2026-09-03 14:26:00,57521.95,57523.85,57498.2,57511.05,0
2026-09-03 14:27:00,57511.9,57520.1,57495.8,57517.6,0
2026-09-03 14:28:00,57520.55,57552.3,57511.0,57550.7,0
2026-09-03 14:29:00,57553.0,57566.9,57544.6,57552.0,0
2026-09-03 14:30:00,57549.95,57552.0,57523.55,57532.65,0
2026-09-03 14:31:00,57532.4,57554.65,57529.3,57544.3,0
2026-09-03 14:32:00,57546.85,57551.7,57525.25,57529.05,0
2026-09-03 14:33:00,57532.25,57544.45,57525.45,57536.3,0
2026-09-03 14:34:00,57536.25,57554.8,57533.45,57551.75,0
2026-09-03 14:35:00,57557.45,57557.45,57531.7,57542.05,0
2026-09-03 14:36:00,57544.8,57551.2,57533.6,57537.5,0
2026-09-03 14:37:00,57540.2,57552.9,57534.35,57537.8,0
2026-09-03 14:38:00,57540.85,57550.45,57529.6,57535.85,0
2026-09-03 14:39:00,57541.8,57542.15,57526.65,57530.9,0
2026-09-03 14:40:00,57533.6,57539.3,57512.45,57523.15,0
2026-09-03 14:41:00,57524.75,57545.7,57513.65,57539.6,0
2026-09-03 14:42:00,57538.15,57549.3,57529.85,57539.75,0
2026-09-03 14:43:00,57543.15,57543.15,57521.65,57527.65,0
2026-09-03 14:44:00,57534.2,57542.1,57528.05,57535.5,0
2026-09-03 14:45:00,57539.4,57545.25,57529.6,57543.65,0
2026-09-03 14:46:00,57546.95,57547.2,57518.25,57520.0,0
2026-09-03 14:47:00,57524.5,57526.6,57506.0,57517.85,0
2026-09-03 14:48:00,57522.9,57543.15,57516.55,57527.0,0
2026-09-03 14:49:00,57530.0,57553.55,57529.8,57538.55,0
2026-09-03 14:50:00,57543.3,57547.7,57534.6,57536.95,0
2026-09-03 14:51:00,57541.75,57546.15,57518.85,57518.85,0
2026-09-03 14:52:00,57523.0,57538.75,57519.1,57524.85,0
2026-09-03 14:53:00,57528.95,57528.95,57513.35,57517.45,0
2026-09-03 14:54:00,57518.8,57522.75,57500.95,57507.2,0
2026-09-03 14:55:00,57507.0,57511.15,57501.5,57504.75,0
2026-09-03 14:56:00,57510.25,57510.25,57490.05,57493.9,0
2026-09-03 14:57:00,57501.25,57501.65,57472.2,57480.95,0
2026-09-03 14:58:00,57482.5,57485.15,57465.05,57466.65,0
2026-09-03 14:59:00,57468.8,57483.75,57463.3,57472.35,0
2026-09-03 15:00:00,57471.05,57471.05,57432.1,57440.9,0
2026-09-03 15:01:00,57440.05,57468.25,57428.55,57460.1,0
2026-09-03 15:02:00,57458.55,57461.5,57440.9,57456.8,0
2026-09-03 15:03:00,57457.25,57462.5,57450.8,57453.75,0
2026-09-03 15:04:00,57453.8,57462.1,57437.95,57458.55,0
2026-09-03 15:05:00,57459.4,57460.95,57415.7,57427.4,0
2026-09-03 15:06:00,57427.7,57430.9,57407.65,57409.8,0
2026-09-03 15:07:00,57411.25,57427.2,57406.45,57412.8,0
2026-09-03 15:08:00,57412.15,57416.1,57396.95,57409.45,0
2026-09-03 15:09:00,57409.0,57425.3,57403.15,57418.7,0
2026-09-03 15:10:00,57416.5,57422.55,57405.65,57416.0,0
2026-09-03 15:11:00,57415.35,57434.95,57409.1,57429.35,0
2026-09-03 15:12:00,57422.95,57438.3,57405.45,57412.5,0
2026-09-03 15:13:00,57422.85,57454.5,57406.75,57444.35,0
2026-09-03 15:14:00,57454.15,57470.55,57419.6,57427.4,0
2026-09-03 15:28:00,57380.6,57380.6,57380.6,57380.6,0
2026-09-04 09:15:00,57492.65,57545.5,57456.7,57462.5,0
2026-09-04 09:16:00,57465.75,57499.5,57455.85,57477.9,0
2026-09-04 09:17:00,57475.35,57484.2,57389.9,57400.85,0
2026-09-04 09:18:00,57397.65,57440.9,57367.85,57440.9,0
2026-09-04 09:19:00,57441.3,57451.15,57417.85,57427.2,0
2026-09-04 09:20:00,57426.05,57429.9,57380.0,57380.3,0
2026-09-04 09:21:00,57381.65,57403.35,57369.65,57403.3,0
2026-09-04 09:22:00,57404.3,57417.45,57386.85,57400.35,0
2026-09-04 09:23:00,57404.0,57418.45,57395.9,57415.65,0
2026-09-04 09:24:00,57418.9,57431.35,57410.55,57419.85,0
2026-09-04 09:25:00,57426.15,57435.2,57418.5,57419.15,0
2026-09-04 09:26:00,57425.35,57425.35,57384.5,57385.75,0
2026-09-04 09:27:00,57388.55,57390.55,57350.75,57352.8,0
2026-09-04 09:28:00,57354.6,57356.6,57324.55,57346.4,0
2026-09-04 09:29:00,57349.85,57362.4,57335.1,57350.9,0
2026-09-04 09:30:00,57355.25,57383.75,57354.85,57374.35,0
2026-09-04 09:31:00,57380.0,57380.0,57347.8,57374.8,0
2026-09-04 09:32:00,57382.2,57398.5,57376.05,57381.0,0
2026-09-04 09:33:00,57386.05,57408.2,57375.45,57407.5,0
2026-09-04 09:34:00,57408.75,57443.2,57389.85,57392.05,0
2026-09-04 09:35:00,57393.65,57393.75,57376.3,57388.85,0
2026-09-04 09:36:00,57388.5,57391.55,57376.9,57386.35,0
2026-09-04 09:37:00,57388.55,57399.1,57381.95,57384.9,0
2026-09-04 09:38:00,57387.45,57393.95,57379.5,57386.25,0
2026-09-04 09:39:00,57384.7,57399.45,57381.15,57394.65,0
2026-09-04 09:40:00,57396.0,57409.1,57391.35,57402.85,0
2026-09-04 09:41:00,57403.4,57403.4,57367.75,57376.35,0
2026-09-04 09:42:00,57378.2,57381.55,57355.1,57363.5,0
2026-09-04 09:43:00,57370.3,57377.2,57358.65,57373.35,0
2026-09-04 09:44:00,57379.95,57384.1,57369.9,57375.4,0
2026-09-04 09:45:00,57380.75,57411.15,57373.95,57405.05,0
2026-09-04 09:46:00,57406.25,57418.0,57399.6,57402.0,0
2026-09-04 09:47:00,57403.95,57407.2,57377.95,57380.8,0
2026-09-04 09:48:00,57382.1,57386.25,57366.65,57370.85,0
2026-09-04 09:49:00,57370.75,57380.55,57365.4,57374.2,0
2026-09-04 09:50:00,57374.95,57381.0,57367.8,57374.15,0
2026-09-04 09:51:00,57373.85,57392.8,57370.8,57385.65,0
2026-09-04 09:52:00,57395.5,57406.7,57386.1,57398.35,0
2026-09-04 09:53:00,57402.85,57402.85,57385.25,57393.55,0
2026-09-04 09:54:00,57395.8,57396.55,57372.35,57382.45,0
2026-09-04 09:55:00,57385.05,57405.75,57381.4,57396.3,0
2026-09-04 09:56:00,57400.9,57401.65,57383.5,57385.55,0
2026-09-04 09:57:00,57394.85,57411.5,57383.8,57403.0,0
2026-09-04 09:58:00,57412.65,57425.25,57404.35,57411.75,0
2026-09-04 09:59:00,57414.75,57418.6,57401.9,57406.9,0
2026-09-04 10:00:00,57410.15,57425.3,57405.7,57421.05,0
2026-09-04 10:01:00,57422.15,57442.4,57418.4,57440.35,0
2026-09-04 10:02:00,57439.55,57445.25,57431.35,57441.65,0
2026-09-04 10:03:00,57442.5,57456.35,57439.45,57453.05,0
2026-09-04 10:04:00,57457.3,57458.95,57436.65,57437.4,0
2026-09-04 10:05:00,57443.3,57445.4,57432.75,57434.45,0
2026-09-04 10:06:00,57438.75,57440.6,57428.0,57431.0,0
2026-09-04 10:07:00,57435.7,57438.05,57420.15,57431.7,0
2026-09-04 10:08:00,57434.05,57446.1,57425.15,57439.85,0
2026-09-04 10:09:00,57442.6,57445.4,57427.35,57427.35,0
2026-09-04 10:10:00,57427.25,57434.7,57415.7,57417.6,0
2026-09-04 10:11:00,57420.4,57424.75,57400.9,57406.1,0
2026-09-04 10:12:00,57407.25,57420.05,57403.15,57411.25,0
2026-09-04 10:13:00,57411.45,57413.55,57399.65,57401.55,0
2026-09-04 10:14:00,57399.2,57416.6,57394.6,57410.5,0
2026-09-04 10:15:00,57410.85,57411.5,57383.3,57387.8,0
2026-09-04 10:16:00,57391.3,57398.5,57382.15,57398.5,0
2026-09-04 10:17:00,57400.05,57415.2,57391.8,57407.95,0
2026-09-04 10:18:00,57410.05,57421.45,57401.05,57417.75,0
2026-09-04 10:19:00,57420.2,57420.2,57403.35,57410.15,0
2026-09-04 10:20:00,57407.65,57426.05,57405.5,57425.05,0
2026-09-04 10:21:00,57426.5,57432.6,57415.6,57426.0,0
2026-09-04 10:22:00,57429.75,57453.45,57422.8,57446.7,0
2026-09-04 10:23:00,57454.85,57454.85,57434.9,57444.85,0
2026-09-04 10:24:00,57445.5,57452.6,57436.5,57445.9,0
2026-09-04 10:25:00,57449.3,57462.95,57440.15,57457.55,0
2026-09-04 10:26:00,57464.75,57464.75,57446.15,57446.4,0
2026-09-04 10:27:00,57454.95,57454.95,57440.05,57440.9,0
2026-09-04 10:28:00,57448.9,57454.15,57440.6,57450.05,0
2026-09-04 10:29:00,57451.8,57458.65,57446.8,57457.95,0
2026-09-04 10:30:00,57458.5,57495.8,57455.9,57485.55,0
2026-09-04 10:31:00,57488.6,57488.6,57471.7,57480.15,0
2026-09-04 10:32:00,57478.35,57481.2,57468.05,57469.5,0
2026-09-04 10:33:00,57470.75,57473.2,57450.5,57455.45,0
2026-09-04 10:34:00,57458.05,57458.05,57447.75,57453.8,0
2026-09-04 10:35:00,57454.7,57457.6,57448.4,57452.75,0
2026-09-04 10:36:00,57454.4,57459.8,57446.0,57457.25,0
2026-09-04 10:37:00,57458.25,57482.25,57455.75,57477.95,0
2026-09-04 10:38:00,57477.1,57492.7,57470.05,57470.85,0
2026-09-04 10:39:00,57471.4,57481.15,57470.05,57474.7,0
2026-09-04 10:40:00,57473.1,57493.35,57473.1,57490.7,0
2026-09-04 10:41:00,57489.05,57490.0,57474.8,57483.45,0
2026-09-04 10:42:00,57482.0,57489.05,57477.1,57484.15,0
2026-09-04 10:43:00,57487.45,57488.95,57468.05,57478.2,0
2026-09-04 10:44:00,57475.85,57476.15,57463.9,57467.7,0
2026-09-04 10:45:00,57474.95,57476.75,57463.4,57471.05,0
2026-09-04 10:46:00,57473.95,57476.8,57461.6,57474.15,0
2026-09-04 10:47:00,57473.95,57476.15,57467.5,57469.9,0
2026-09-04 10:48:00,57472.2,57482.45,57465.5,57479.9,0
2026-09-04 10:49:00,57484.6,57489.4,57478.55,57488.0,0
2026-09-04 10:50:00,57490.95,57491.3,57475.15,57481.65,0
2026-09-04 10:51:00,57485.85,57486.25,57475.25,57486.25,0
2026-09-04 10:52:00,57486.35,57495.0,57481.4,57491.1,0
2026-09-04 10:53:00,57491.95,57491.95,57474.9,57481.85,0
2026-09-04 10:54:00,57484.65,57487.75,57477.2,57483.95,0
2026-09-04 10:55:00,57483.05,57494.35,57482.2,57488.1,0
2026-09-04 10:56:00,57491.4,57491.4,57470.0,57471.1,0
2026-09-04 10:57:00,57472.4,57479.55,57464.1,57473.65,0
2026-09-04 10:58:00,57479.0,57479.55,57466.0,57466.1,0
2026-09-04 10:59:00,57471.35,57483.2,57463.35,57476.15,0
2026-09-04 11:00:00,57482.2,57488.15,57471.7,57483.15,0
2026-09-04 11:01:00,57482.05,57485.75,57472.9,57474.45,0
2026-09-04 11:02:00,57472.65,57484.0,57464.8,57478.0,0
2026-09-04 11:03:00,57477.4,57483.8,57472.9,57480.1,0
2026-09-04 11:04:00,57481.5,57498.45,57477.8,57488.1,0
2026-09-04 11:05:00,57488.35,57496.4,57482.35,57493.2,0
2026-09-04 11:06:00,57489.8,57505.85,57487.8,57504.7,0
2026-09-04 11:07:00,57506.6,57535.9,57501.0,57532.6,0
2026-09-04 11:08:00,57533.85,57558.3,57531.5,57541.4,0
2026-09-04 11:09:00,57542.0,57551.05,57533.65,57542.15,0
2026-09-04 11:10:00,57549.5,57565.45,57541.25,57562.4,0
2026-09-04 11:11:00,57565.85,57571.5,57552.8,57552.8,0
2026-09-04 11:12:00,57560.3,57563.15,57536.2,57542.45,0
2026-09-04 11:13:00,57546.65,57546.65,57524.2,57531.5,0
2026-09-04 11:14:00,57531.4,57539.25,57529.05,57535.8,0
2026-09-04 11:15:00,57539.55,57539.55,57530.0,57533.1,0
2026-09-04 11:16:00,57535.6,57542.75,57523.95,57532.55,0
2026-09-04 11:17:00,57530.75,57539.9,57528.55,57534.6,0
2026-09-04 11:18:00,57542.45,57567.55,57539.15,57562.1,0
2026-09-04 11:19:00,57567.3,57577.1,57559.45,57575.75,0
2026-09-04 11:20:00,57574.0,57583.2,57560.9,57568.05,0
2026-09-04 11:21:00,57570.8,57588.8,57564.85,57579.7,0
2026-09-04 11:22:00,57588.85,57615.95,57581.1,57614.1,0
2026-09-04 11:23:00,57616.9,57618.0,57596.3,57599.85,0
2026-09-04 11:24:00,57603.0,57610.9,57582.75,57596.95,0
2026-09-04 11:25:00,57598.5,57626.85,57594.9,57622.7,0
2026-09-04 11:26:00,57624.65,57630.55,57606.9,57610.05,0
2026-09-04 11:27:00,57612.15,57619.6,57592.75,57598.0,0
2026-09-04 11:28:00,57600.25,57601.95,57582.6,57597.2,0
2026-09-04 11:29:00,57594.6,57597.9,57582.75,57584.15,0
2026-09-04 11:30:00,57588.75,57594.75,57578.25,57580.1,0
2026-09-04 11:31:00,57585.75,57595.25,57577.8,57586.45,0
2026-09-04 11:32:00,57595.65,57603.5,57585.95,57602.95,0
2026-09-04 11:33:00,57605.35,57611.6,57593.9,57603.3,0
2026-09-04 11:34:00,57604.3,57604.3,57589.45,57590.5,0
2026-09-04 11:35:00,57593.15,57598.45,57589.7,57591.8,0
2026-09-04 11:36:00,57590.05,57595.1,57578.4,57581.5,0
2026-09-04 11:37:00,57580.85,57589.6,57578.2,57586.7,0
2026-09-04 11:38:00,57589.55,57638.75,57581.8,57632.5,0
2026-09-04 11:39:00,57636.55,57677.15,57632.05,57656.35,0
2026-09-04 11:40:00,57660.2,57661.95,57638.4,57642.95,0
2026-09-04 11:41:00,57647.35,57647.35,57624.4,57625.6,0
2026-09-04 11:42:00,57629.6,57629.6,57592.35,57594.45,0
2026-09-04 11:43:00,57598.5,57600.55,57585.45,57590.95,0
2026-09-04 11:44:00,57594.2,57594.2,57559.55,57561.9,0
2026-09-04 11:45:00,57563.1,57566.8,57553.25,57562.4,0
2026-09-04 11:46:00,57562.7,57577.3,57559.7,57572.8,0
2026-09-04 11:47:00,57571.05,57580.65,57568.5,57573.75,0
2026-09-04 11:48:00,57584.5,57593.7,57564.3,57573.35,0
2026-09-04 11:49:00,57577.85,57590.5,57573.3,57581.25,0
2026-09-04 11:50:00,57579.95,57605.85,57579.95,57599.75,0
2026-09-04 11:51:00,57595.8,57611.55,57595.8,57609.05,0
2026-09-04 11:52:00,57608.45,57615.9,57593.35,57596.05,0
2026-09-04 11:53:00,57595.1,57609.85,57588.4,57608.0,0
2026-09-04 11:54:00,57605.8,57616.85,57600.35,57602.05,0
2026-09-04 11:55:00,57605.1,57611.55,57596.35,57609.55,0
2026-09-04 11:56:00,57610.4,57615.25,57601.65,57605.15,0
2026-09-04 11:57:00,57609.25,57609.25,57590.4,57596.75,0
2026-09-04 11:58:00,57601.0,57608.15,57587.0,57594.1,0
2026-09-04 11:59:00,57597.9,57601.35,57588.35,57598.05,0
2026-09-04 12:00:00,57600.5,57603.3,57580.6,57587.05,0
2026-09-04 12:01:00,57586.55,57591.35,57580.0,57582.95,0
2026-09-04 12:02:00,57584.65,57589.15,57572.6,57581.4,0
2026-09-04 12:03:00,57583.8,57588.95,57562.55,57568.1,0
2026-09-04 12:04:00,57569.95,57575.0,57545.35,57552.5,0
2026-09-04 12:05:00,57551.75,57564.25,57544.95,57559.2,0
2026-09-04 12:06:00,57560.6,57564.85,57548.25,57550.7,0
2026-09-04 12:07:00,57549.9,57552.85,57541.35,57551.85,0
2026-09-04 12:08:00,57551.9,57575.15,57549.35,57573.45,0
2026-09-04 12:09:00,57574.2,57580.8,57567.95,57574.95,0
2026-09-04 12:10:00,57577.5,57581.6,57564.45,57566.5,0
2026-09-04 12:11:00,57570.45,57570.45,57555.9,57565.25,0
2026-09-04 12:12:00,57568.3,57577.2,57559.8,57567.05,0
2026-09-04 12:13:00,57565.05,57565.5,57542.2,57544.9,0
2026-09-04 12:14:00,57548.15,57557.6,57542.05,57555.35,0
2026-09-04 12:15:00,57555.25,57560.65,57546.25,57551.25,0
2026-09-04 12:16:00,57553.35,57553.35,57534.15,57543.65,0
2026-09-04 12:17:00,57541.7,57553.4,57538.05,57552.55,0
2026-09-04 12:18:00,57551.9,57573.4,57550.35,57569.25,0
2026-09-04 12:19:00,57568.65,57572.4,57557.65,57559.95,0
2026-09-04 12:20:00,57560.45,57567.6,57541.75,57541.75,0
2026-09-04 12:21:00,57545.95,57546.7,57535.5,57536.75,0
2026-09-04 12:22:00,57540.3,57545.25,57532.5,57536.6,0
2026-09-04 12:23:00,57539.8,57549.35,57529.55,57545.1,0
2026-09-04 12:24:00,57547.9,57561.95,57543.2,57550.9,0
2026-09-04 12:25:00,57550.1,57561.4,57541.4,57559.65,0
2026-09-04 12:26:00,57560.35,57565.4,57549.45,57555.85,0
2026-09-04 12:27:00,57557.85,57557.85,57547.4,57553.3,0
2026-09-04 12:28:00,57556.35,57576.15,57550.45,57569.9,0
2026-09-04 12:29:00,57569.3,57577.0,57565.25,57575.2,0
2026-09-04 12:30:00,57576.25,57577.0,57557.25,57560.2,0
2026-09-04 12:31:00,57561.5,57576.5,57560.8,57566.05,0
2026-09-04 12:32:00,57569.7,57580.0,57562.15,57575.7,0
2026-09-04 12:33:00,57577.85,57582.85,57569.8,57573.3,0
2026-09-04 12:34:00,57573.5,57575.9,57556.75,57565.05,0
2026-09-04 12:35:00,57568.4,57574.7,57562.7,57570.0,0
2026-09-04 12:36:00,57573.3,57573.3,57560.0,57562.1,0
2026-09-04 12:37:00,57560.1,57562.6,57543.0,57546.8,0
2026-09-04 12:38:00,57551.7,57557.45,57544.25,57549.45,0
2026-09-04 12:39:00,57552.0,57556.5,57544.9,57547.6,0
2026-09-04 12:40:00,57549.6,57555.9,57545.75,57555.35,0
2026-09-04 12:41:00,57554.65,57557.05,57545.15,57547.1,0
2026-09-04 12:42:00,57549.15,57552.0,57539.3,57541.3,0
2026-09-04 12:43:00,57539.9,57555.25,57536.3,57550.5,0
2026-09-04 12:44:00,57551.2,57554.5,57542.25,57549.9,0
2026-09-04 12:45:00,57551.2,57551.2,57541.5,57543.65,0
2026-09-04 12:46:00,57544.35,57547.65,57527.8,57530.0,0
2026-09-04 12:47:00,57533.25,57536.65,57527.5,57530.25,0
2026-09-04 12:48:00,57531.55,57545.6,57527.7,57545.6,0
2026-09-04 12:49:00,57547.55,57554.15,57542.6,57550.05,0
2026-09-04 12:50:00,57551.85,57554.25,57539.95,57545.5,0
2026-09-04 12:51:00,57547.75,57548.1,57537.45,57539.65,0
2026-09-04 12:52:00,57544.4,57554.5,57537.35,57549.4,0
2026-09-04 12:53:00,57552.1,57555.2,57547.15,57552.05,0
2026-09-04 12:54:00,57552.65,57556.3,57541.7,57553.05,0
2026-09-04 12:55:00,57552.7,57554.65,57526.7,57533.7,0
2026-09-04 12:56:00,57534.35,57537.05,57525.4,57525.55,0
2026-09-04 12:57:00,57527.4,57528.95,57514.35,57519.7,0
2026-09-04 12:58:00,57521.55,57538.3,57515.6,57535.9,0
2026-09-04 12:59:00,57537.15,57552.9,57533.9,57552.55,0
2026-09-04 13:00:00,57554.4,57571.45,57547.5,57568.95,0
2026-09-04 13:01:00,57569.45,57578.35,57550.7,57556.65,0
2026-09-04 13:02:00,57558.6,57558.7,57546.65,57556.3,0
2026-09-04 13:03:00,57559.5,57559.5,57538.85,57552.05,0
2026-09-04 13:04:00,57549.95,57555.6,57540.75,57550.25,0
2026-09-04 13:05:00,57551.1,57558.75,57547.25,57557.0,0
2026-09-04 13:06:00,57556.85,57565.45,57548.3,57559.2,0
2026-09-04 13:07:00,57560.0,57567.45,57554.2,57559.5,0
2026-09-04 13:08:00,57562.55,57570.55,57558.75,57565.05,0
2026-09-04 13:09:00,57562.85,57582.0,57562.75,57575.85,0
2026-09-04 13:10:00,57576.7,57594.45,57571.45,57588.6,0
2026-09-04 13:11:00,57589.6,57591.6,57575.8,57575.8,0
2026-09-04 13:12:00,57581.6,57589.2,57574.55,57582.15,0
2026-09-04 13:13:00,57585.0,57592.45,57579.4,57586.2,0
2026-09-04 13:14:00,57588.5,57593.75,57574.1,57580.5,0
2026-09-04 13:15:00,57580.55,57602.2,57575.45,57593.55,0
2026-09-04 13:16:00,57599.25,57610.95,57591.35,57609.25,0
2026-09-04 13:17:00,57611.4,57630.0,57608.8,57623.95,0
2026-09-04 13:18:00,57626.25,57627.3,57610.2,57612.3,0
2026-09-04 13:19:00,57619.0,57624.95,57612.35,57619.55,0
2026-09-04 13:20:00,57621.55,57633.65,57619.1,57625.45,0
2026-09-04 13:21:00,57629.95,57635.3,57614.6,57618.15,0
2026-09-04 13:22:00,57620.25,57639.75,57617.35,57634.3,0
2026-09-04 13:23:00,57637.6,57639.15,57619.05,57626.85,0
2026-09-04 13:24:00,57625.5,57634.35,57619.85,57625.2,0
2026-09-04 13:25:00,57621.65,57627.95,57598.1,57600.35,0
2026-09-04 13:26:00,57606.15,57619.85,57600.2,57606.4,0
2026-09-04 13:27:00,57616.5,57617.7,57588.8,57590.95,0
2026-09-04 13:28:00,57593.35,57595.75,57584.0,57587.9,0
2026-09-04 13:29:00,57589.15,57592.8,57573.65,57586.55,0
2026-09-04 13:30:00,57590.15,57594.0,57580.25,57589.05,0
2026-09-04 13:31:00,57590.15,57599.95,57590.15,57591.3,0
2026-09-04 13:32:00,57590.75,57594.25,57577.55,57580.75,0
2026-09-04 13:33:00,57577.6,57590.1,57576.05,57586.95,0
2026-09-04 13:34:00,57588.15,57589.25,57572.4,57578.3,0
2026-09-04 13:35:00,57581.75,57595.9,57576.6,57589.8,0
2026-09-04 13:36:00,57592.9,57599.75,57589.1,57594.15,0
2026-09-04 13:37:00,57598.9,57610.05,57591.8,57601.2,0
2026-09-04 13:38:00,57604.95,57607.4,57583.85,57594.75,0
2026-09-04 13:39:00,57596.85,57606.3,57591.7,57605.4,0
2026-09-04 13:40:00,57608.25,57608.85,57595.9,57595.9,0
2026-09-04 13:41:00,57603.05,57603.05,57577.4,57597.05,0
2026-09-04 13:42:00,57595.7,57598.35,57583.1,57597.15,0
2026-09-04 13:43:00,57600.8,57609.1,57585.15,57587.0,0
2026-09-04 13:44:00,57590.45,57590.45,57576.7,57583.25,0
2026-09-04 13:45:00,57583.35,57586.3,57575.05,57584.15,0
2026-09-04 13:46:00,57583.95,57586.95,57578.4,57579.15,0
2026-09-04 13:47:00,57581.3,57585.45,57575.5,57581.25,0
2026-09-04 13:48:00,57583.6,57586.4,57575.55,57579.6,0
2026-09-04 13:49:00,57580.15,57584.5,57572.8,57583.1,0
2026-09-04 13:50:00,57581.2,57586.85,57567.4,57574.95,0
2026-09-04 13:51:00,57577.75,57577.75,57540.0,57544.3,0
2026-09-04 13:52:00,57547.5,57549.55,57533.85,57540.1,0
2026-09-04 13:53:00,57538.2,57549.85,57538.2,57542.45,0
2026-09-04 13:54:00,57543.55,57546.4,57533.75,57541.4,0
2026-09-04 13:55:00,57543.45,57550.05,57537.9,57542.3,0
2026-09-04 13:56:00,57541.7,57552.35,57539.85,57549.65,0
2026-09-04 13:57:00,57550.0,57559.75,57544.2,57546.4,0
2026-09-04 13:58:00,57548.05,57550.85,57537.05,57540.55,0
2026-09-04 13:59:00,57545.8,57548.7,57538.1,57542.6,0
2026-09-04 14:00:00,57544.45,57548.3,57532.2,57534.95,0
2026-09-04 14:01:00,57539.55,57541.95,57526.65,57533.1,0
2026-09-04 14:02:00,57533.55,57540.55,57528.6,57532.5,0
2026-09-04 14:03:00,57536.65,57540.4,57528.15,57535.8,0
2026-09-04 14:04:00,57537.4,57537.5,57526.75,57530.6,0
2026-09-04 14:05:00,57534.4,57549.75,57532.55,57544.45,0
2026-09-04 14:06:00,57547.35,57555.4,57541.45,57548.9,0
2026-09-04 14:07:00,57552.55,57556.55,57545.0,57549.05,0
2026-09-04 14:08:00,57552.65,57552.9,57535.55,57540.7,0
2026-09-04 14:09:00,57542.5,57543.65,57532.5,57534.75,0
2026-09-04 14:10:00,57539.75,57544.0,57533.45,57538.25,0
2026-09-04 14:11:00,57538.4,57553.25,57535.45,57547.2,0
2026-09-04 14:12:00,57547.65,57554.1,57540.9,57548.35,0
2026-09-04 14:13:00,57550.05,57555.0,57545.1,57550.9,0
2026-09-04 14:14:00,57555.25,57556.85,57544.5,57546.1,0
2026-09-04 14:15:00,57547.35,57549.15,57528.6,57531.95,0
2026-09-04 14:16:00,57531.05,57531.05,57505.15,57505.9,0
2026-09-04 14:17:00,57507.5,57515.25,57503.8,57511.0,0
2026-09-04 14:18:00,57509.15,57522.3,57506.5,57516.0,0
2026-09-04 14:19:00,57518.4,57521.65,57510.8,57515.1,0
2026-09-04 14:20:00,57516.15,57532.25,57512.4,57529.25,0
2026-09-04 14:21:00,57528.75,57540.5,57524.7,57534.85,0
2026-09-04 14:22:00,57533.45,57544.15,57531.4,57532.9,0
2026-09-04 14:23:00,57533.0,57536.0,57519.65,57526.7,0
2026-09-04 14:24:00,57527.9,57537.85,57517.95,57531.9,0
2026-09-04 14:25:00,57535.5,57550.8,57528.35,57544.0,0
2026-09-04 14:26:00,57546.7,57551.95,57539.05,57547.95,0
2026-09-04 14:27:00,57551.05,57561.45,57544.9,57550.4,0
2026-09-04 14:28:00,57551.7,57567.2,57542.9,57560.0,0
2026-09-04 14:29:00,57563.1,57567.9,57556.55,57559.85,0
2026-09-04 14:30:00,57563.15,57569.8,57560.9,57564.3,0
2026-09-04 14:31:00,57564.0,57567.6,57555.3,57563.65,0
2026-09-04 14:32:00,57565.4,57581.6,57559.55,57579.35,0
2026-09-04 14:33:00,57580.7,57581.3,57567.1,57567.1,0
2026-09-04 14:34:00,57569.95,57571.6,57562.35,57564.9,0
2026-09-04 14:35:00,57564.6,57565.65,57544.5,57554.8,0
2026-09-04 14:36:00,57556.8,57563.6,57542.95,57546.65,0
2026-09-04 14:37:00,57548.0,57552.9,57539.9,57547.85,0
2026-09-04 14:38:00,57551.0,57558.85,57539.25,57551.4,0
2026-09-04 14:39:00,57548.0,57551.6,57526.75,57531.85,0
2026-09-04 14:40:00,57533.5,57540.55,57528.6,57536.85,0
2026-09-04 14:41:00,57541.85,57542.5,57517.9,57523.85,0
2026-09-04 14:42:00,57525.9,57526.5,57516.9,57525.25,0
2026-09-04 14:43:00,57524.7,57527.6,57509.35,57514.5,0
2026-09-04 14:44:00,57514.35,57516.5,57504.2,57509.15,0
2026-09-04 14:45:00,57506.1,57515.7,57502.95,57509.0,0
2026-09-04 14:46:00,57506.5,57514.45,57503.4,57509.05,0
2026-09-04 14:47:00,57507.95,57514.85,57504.25,57511.05,0
2026-09-04 14:48:00,57513.0,57523.55,57507.45,57509.4,0
2026-09-04 14:49:00,57511.8,57519.7,57508.1,57514.15,0
2026-09-04 14:50:00,57512.5,57523.05,57499.9,57504.95,0
2026-09-04 14:51:00,57502.1,57523.6,57502.1,57514.7,0
2026-09-04 14:52:00,57511.55,57514.95,57494.25,57501.35,0
2026-09-04 14:53:00,57503.55,57506.0,57494.95,57504.0,0
2026-09-04 14:54:00,57504.7,57510.75,57497.85,57501.05,0
2026-09-04 14:55:00,57503.2,57503.2,57476.85,57479.6,0
2026-09-04 14:56:00,57484.75,57488.45,57477.95,57479.65,0
2026-09-04 14:57:00,57480.7,57482.05,57474.7,57477.55,0
2026-09-04 14:58:00,57478.8,57490.4,57471.85,57482.3,0
2026-09-04 14:59:00,57486.35,57486.7,57469.3,57472.0,0
2026-09-04 15:00:00,57469.8,57484.2,57462.55,57483.35,0
2026-09-04 15:01:00,57482.45,57484.2,57461.7,57465.15,0
2026-09-04 15:02:00,57464.05,57476.4,57462.05,57473.05,0
2026-09-04 15:03:00,57472.9,57476.75,57457.45,57461.6,0
2026-09-04 15:04:00,57460.15,57465.2,57439.15,57446.6,0
2026-09-04 15:05:00,57442.55,57459.4,57428.9,57458.75,0
2026-09-04 15:06:00,57456.45,57472.5,57452.85,57462.8,0
2026-09-04 15:07:00,57463.3,57467.95,57452.5,57457.65,0
2026-09-04 15:08:00,57457.1,57464.5,57447.25,57453.85,0
2026-09-04 15:09:00,57451.3,57463.8,57442.3,57456.1,0
2026-09-04 15:10:00,57455.15,57465.35,57451.8,57461.5,0
2026-09-04 15:11:00,57460.95,57462.55,57446.0,57455.25,0
2026-09-04 15:12:00,57455.85,57475.8,57443.05,57444.85,0
2026-09-04 15:13:00,57447.5,57474.55,57435.95,57451.4,0
2026-09-04 15:14:00,57449.2,57456.5,57411.05,57437.35,0
2026-09-04 15:28:00,57369.65,57369.65,57369.65,57369.65,0
2026-09-07 09:15:00,57343.3,57426.85,57256.1,57256.7,0
2026-09-07 09:16:00,57254.25,57257.35,57148.7,57242.8,0
2026-09-07 09:17:00,57238.1,57269.0,57193.5,57217.35,0
2026-09-07 09:18:00,57219.55,57261.1,57212.05,57253.85,0
2026-09-07 09:19:00,57257.4,57263.55,57210.2,57221.55,0
2026-09-07 09:20:00,57221.8,57249.8,57204.0,57219.95,0
2026-09-07 09:21:00,57222.35,57250.85,57200.25,57206.1,0
2026-09-07 09:22:00,57207.9,57210.05,57181.95,57207.1,0
2026-09-07 09:23:00,57207.35,57221.45,57201.1,57207.15,0
2026-09-07 09:24:00,57208.0,57218.8,57192.95,57201.15,0
2026-09-07 09:25:00,57207.95,57208.65,57168.55,57180.1,0
2026-09-07 09:26:00,57186.75,57195.9,57170.4,57170.4,0
2026-09-07 09:27:00,57167.45,57176.0,57137.65,57141.35,0
2026-09-07 09:28:00,57143.25,57143.25,57126.85,57135.5,0
2026-09-07 09:29:00,57139.6,57149.0,57118.0,57118.1,0
2026-09-07 09:30:00,57121.6,57176.7,57117.7,57165.55,0
2026-09-07 09:31:00,57166.4,57175.0,57139.2,57142.45,0
2026-09-07 09:32:00,57149.0,57161.05,57147.7,57153.35,0
2026-09-07 09:33:00,57155.85,57170.75,57146.55,57164.0,0
2026-09-07 09:34:00,57168.15,57184.0,57157.0,57180.15,0
2026-09-07 09:35:00,57182.3,57188.85,57167.95,57188.8,0
2026-09-07 09:36:00,57192.5,57218.55,57187.75,57204.65,0
2026-09-07 09:37:00,57207.35,57218.15,57199.45,57204.05,0
2026-09-07 09:38:00,57207.35,57212.05,57182.45,57185.95,0
2026-09-07 09:39:00,57189.2,57202.95,57172.35,57190.4,0
2026-09-07 09:40:00,57192.3,57219.2,57192.25,57205.2,0
2026-09-07 09:41:00,57206.2,57208.6,57181.05,57189.25,0
2026-09-07 09:42:00,57189.15,57196.9,57177.0,57188.65,0
2026-09-07 09:43:00,57188.7,57200.45,57181.2,57187.65,0
2026-09-07 09:44:00,57189.1,57190.3,57169.45,57178.95,0
2026-09-07 09:45:00,57181.85,57205.6,57176.35,57194.9,0
2026-09-07 09:46:00,57194.6,57210.45,57187.75,57190.0,0
2026-09-07 09:47:00,57189.4,57192.95,57162.1,57162.1,0
2026-09-07 09:48:00,57169.0,57173.25,57144.65,57156.1,0
2026-09-07 09:49:00,57155.0,57173.25,57149.65,57173.25,0
2026-09-07 09:50:00,57172.25,57186.6,57172.25,57181.8,0
2026-09-07 09:51:00,57182.25,57191.75,57169.7,57179.4,0
2026-09-07 09:52:00,57180.95,57189.15,57174.35,57185.4,0
2026-09-07 09:53:00,57187.8,57187.8,57173.65,57180.2,0
2026-09-07 09:54:00,57181.1,57184.1,57153.05,57153.05,0
2026-09-07 09:55:00,57160.2,57165.1,57145.7,57154.3,0
2026-09-07 09:56:00,57154.65,57175.65,57150.35,57174.8,0
2026-09-07 09:57:00,57174.5,57187.2,57159.6,57163.7,0
2026-09-07 09:58:00,57163.05,57165.85,57139.4,57144.35,0
2026-09-07 09:59:00,57144.95,57149.0,57135.35,57139.55,0
2026-09-07 10:00:00,57135.8,57157.45,57134.45,57140.45,0
2026-09-07 10:01:00,57142.65,57160.5,57134.2,57158.15,0
2026-09-07 10:02:00,57160.6,57193.0,57155.05,57161.8,0
2026-09-07 10:03:00,57160.5,57172.7,57158.1,57166.2,0
2026-09-07 10:04:00,57165.3,57171.15,57147.7,57152.35,0
2026-09-07 10:05:00,57155.7,57157.15,57141.3,57145.7,0
2026-09-07 10:06:00,57147.45,57150.0,57136.9,57145.25,0
2026-09-07 10:07:00,57145.5,57149.5,57132.1,57142.65,0
2026-09-07 10:08:00,57142.75,57144.3,57127.95,57139.7,0
2026-09-07 10:09:00,57143.6,57154.55,57134.25,57138.6,0
2026-09-07 10:10:00,57139.8,57139.8,57123.1,57125.9,0
2026-09-07 10:11:00,57129.95,57134.75,57123.85,57129.85,0
2026-09-07 10:12:00,57131.7,57144.65,57128.9,57133.15,0
2026-09-07 10:13:00,57132.85,57138.6,57106.85,57111.1,0
2026-09-07 10:14:00,57108.2,57114.4,57098.8,57098.8,0
2026-09-07 10:15:00,57101.9,57113.85,57090.5,57108.45,0
2026-09-07 10:16:00,57104.55,57108.9,57076.5,57082.95,0
2026-09-07 10:17:00,57082.9,57084.75,57063.4,57083.3,0
2026-09-07 10:18:00,57084.95,57107.2,57079.85,57103.15,0
2026-09-07 10:19:00,57103.0,57109.6,57098.85,57099.35,0
2026-09-07 10:20:00,57098.35,57106.05,57087.05,57090.0,0
2026-09-07 10:21:00,57086.4,57093.65,57078.2,57082.25,0
2026-09-07 10:22:00,57079.0,57106.85,57079.0,57095.4,0
2026-09-07 10:23:00,57099.35,57107.7,57087.2,57089.85,0
2026-09-07 10:24:00,57089.65,57093.55,57083.5,57089.3,0
2026-09-07 10:25:00,57085.45,57091.0,57081.25,57083.75,0
2026-09-07 10:26:00,57084.0,57086.15,57069.65,57071.4,0
2026-09-07 10:27:00,57076.75,57078.75,57065.5,57076.0,0
2026-09-07 10:28:00,57073.2,57076.5,57059.9,57062.05,0
2026-09-07 10:29:00,57062.1,57076.05,57051.7,57062.2,0
2026-09-07 10:30:00,57063.8,57067.8,57050.3,57060.95,0
2026-09-07 10:31:00,57061.5,57083.15,57060.35,57077.95,0
2026-09-07 10:32:00,57078.3,57081.2,57072.25,57078.55,0
2026-09-07 10:33:00,57078.4,57083.15,57072.5,57080.55,0
2026-09-07 10:34:00,57081.0,57089.3,57078.15,57083.25,0
2026-09-07 10:35:00,57084.1,57093.45,57077.7,57087.85,0
2026-09-07 10:36:00,57089.95,57102.7,57085.25,57100.95,0
2026-09-07 10:37:00,57102.55,57113.4,57096.95,57112.5,0
2026-09-07 10:38:00,57106.7,57116.65,57099.95,57103.45,0
2026-09-07 10:39:00,57101.75,57103.85,57083.75,57089.25,0
2026-09-07 10:40:00,57090.55,57099.25,57085.55,57089.7,0
2026-09-07 10:41:00,57090.8,57095.95,57081.35,57089.1,0
2026-09-07 10:42:00,57087.55,57089.5,57077.85,57088.25,0
2026-09-07 10:43:00,57088.1,57095.3,57080.1,57083.45,0
2026-09-07 10:44:00,57083.95,57085.7,57058.2,57069.5,0
2026-09-07 10:45:00,57067.45,57076.3,57052.6,57061.4,0
2026-09-07 10:46:00,57060.1,57066.55,57055.3,57063.55,0
2026-09-07 10:47:00,57063.8,57064.5,57053.3,57054.35,0
2026-09-07 10:48:00,57054.5,57058.35,57046.35,57049.4,0
2026-09-07 10:49:00,57050.55,57062.2,57045.95,57058.9,0
2026-09-07 10:50:00,57062.6,57083.15,57056.8,57078.4,0
2026-09-07 10:51:00,57076.6,57084.15,57063.05,57076.95,0
2026-09-07 10:52:00,57075.0,57089.3,57073.2,57086.3,0
2026-09-07 10:53:00,57087.35,57091.7,57074.95,57079.75,0
2026-09-07 10:54:00,57079.5,57081.7,57071.35,57074.95,0
2026-09-07 10:55:00,57074.1,57075.25,57061.2,57065.7,0
2026-09-07 10:56:00,57065.65,57087.65,57064.1,57076.65,0
2026-09-07 10:57:00,57073.2,57077.1,57062.75,57072.55,0
2026-09-07 10:58:00,57070.6,57080.3,57068.15,57078.6,0
2026-09-07 10:59:00,57076.1,57081.7,57070.45,57073.25,0
2026-09-07 11:00:00,57072.6,57077.0,57062.55,57071.15,0
2026-09-07 11:01:00,57071.2,57083.6,57066.4,57077.7,0
2026-09-07 11:02:00,57081.25,57084.35,57065.1,57078.05,0
2026-09-07 11:03:00,57078.55,57084.4,57072.5,57078.05,0
2026-09-07 11:04:00,57077.8,57078.3,57057.1,57057.1,0
2026-09-07 11:05:00,57059.9,57068.15,57054.2,57055.7,0
2026-09-07 11:06:00,57056.8,57060.1,57046.5,57047.9,0
2026-09-07 11:07:00,57049.75,57054.2,57037.0,57044.95,0
2026-09-07 11:08:00,57049.1,57051.0,57040.35,57048.7,0
2026-09-07 11:09:00,57050.15,57062.3,57045.45,57050.55,0
2026-09-07 11:10:00,57049.15,57063.15,57043.35,57046.1,0
2026-09-07 11:11:00,57047.5,57056.3,57040.75,57053.85,0
2026-09-07 11:12:00,57052.2,57056.5,57035.9,57041.5,0
2026-09-07 11:13:00,57046.25,57050.65,57018.6,57033.2,0
2026-09-07 11:14:00,57028.2,57049.8,57028.2,57049.8,0
2026-09-07 11:15:00,57046.7,57048.25,57035.5,57040.15,0
2026-09-07 11:16:00,57038.2,57044.25,57029.25,57044.15,0
2026-09-07 11:17:00,57041.9,57062.8,57038.3,57060.2,0
2026-09-07 11:18:00,57058.35,57064.85,57050.45,57056.55,0
2026-09-07 11:19:00,57054.2,57065.4,57048.6,57057.85,0
2026-09-07 11:20:00,57054.0,57071.7,57050.4,57071.7,0
2026-09-07 11:21:00,57069.2,57074.65,57064.15,57067.2,0
2026-09-07 11:22:00,57067.45,57096.55,57065.95,57088.1,0
2026-09-07 11:23:00,57087.95,57094.0,57082.65,57089.5,0
2026-09-07 11:24:00,57088.0,57090.3,57076.1,57080.55,0
2026-09-07 11:25:00,57082.1,57098.55,57076.85,57095.75,0
2026-09-07 11:26:00,57092.55,57094.35,57078.65,57084.5,0
2026-09-07 11:27:00,57087.5,57087.5,57068.6,57081.0,0
2026-09-07 11:28:00,57079.0,57086.3,57067.1,57073.95,0
2026-09-07 11:29:00,57079.75,57081.7,57067.3,57075.1,0
2026-09-07 11:30:00,57077.95,57088.1,57067.85,57079.1,0
2026-09-07 11:31:00,57076.55,57082.6,57060.3,57074.15,0
2026-09-07 11:32:00,57077.55,57084.5,57072.95,57076.05,0
2026-09-07 11:33:00,57075.65,57083.75,57061.45,57078.0,0
2026-09-07 11:34:00,57070.75,57080.5,57068.7,57074.75,0
2026-09-07 11:35:00,57077.65,57084.85,57071.55,57074.5,0
2026-09-07 11:36:00,57076.4,57081.7,57066.35,57068.9,0
2026-09-07 11:37:00,57072.6,57080.55,57063.2,57068.8,0
2026-09-07 11:38:00,57068.55,57077.65,57060.25,57075.75,0
2026-09-07 11:39:00,57074.2,57076.75,57065.45,57071.0,0
2026-09-07 11:40:00,57071.65,57073.2,57060.5,57061.35,0
2026-09-07 11:41:00,57065.1,57072.15,57060.25,57064.6,0
2026-09-07 11:42:00,57065.6,57079.1,57064.45,57074.25,0
2026-09-07 11:43:00,57073.45,57081.4,57068.7,57080.1,0
2026-09-07 11:44:00,57079.6,57086.7,57076.05,57080.7,0
2026-09-07 11:45:00,57081.55,57086.2,57068.15,57070.25,0
2026-09-07 11:46:00,57069.05,57080.7,57063.2,57078.0,0
2026-09-07 11:47:00,57077.95,57089.35,57073.05,57078.95,0
2026-09-07 11:48:00,57081.3,57084.95,57070.3,57083.05,0
2026-09-07 11:49:00,57083.65,57097.65,57074.4,57075.0,0
2026-09-07 11:50:00,57080.65,57087.8,57070.6,57071.2,0
2026-09-07 11:51:00,57072.45,57081.55,57065.35,57075.8,0
2026-09-07 11:52:00,57079.85,57097.95,57078.4,57097.7,0
2026-09-07 11:53:00,57096.65,57110.25,57089.45,57102.8,0
2026-09-07 11:54:00,57104.2,57115.8,57101.65,57104.05,0
2026-09-07 11:55:00,57107.4,57113.95,57095.7,57110.4,0
2026-09-07 11:56:00,57109.75,57110.7,57079.75,57086.4,0
2026-09-07 11:57:00,57088.8,57102.0,57079.95,57087.15,0
2026-09-07 11:58:00,57086.5,57092.2,57077.2,57089.2,0
2026-09-07 11:59:00,57091.9,57093.9,57081.8,57085.75,0
2026-09-07 12:00:00,57086.45,57092.25,57076.9,57081.75,0
2026-09-07 12:01:00,57081.2,57085.15,57063.55,57076.55,0
2026-09-07 12:02:00,57075.85,57081.1,57069.1,57069.6,0
2026-09-07 12:03:00,57072.6,57083.35,57064.45,57068.5,0
2026-09-07 12:04:00,57072.65,57075.2,57063.0,57071.2,0
2026-09-07 12:05:00,57071.85,57072.3,57051.55,57063.15,0
2026-09-07 12:06:00,57065.1,57071.15,57057.55,57066.4,0
2026-09-07 12:07:00,57066.35,57078.45,57063.85,57076.7,0
2026-09-07 12:08:00,57078.05,57090.45,57071.8,57083.25,0
2026-09-07 12:09:00,57083.8,57103.45,57079.05,57096.9,0
2026-09-07 12:10:00,57094.7,57100.5,57081.45,57083.6,0
2026-09-07 12:11:00,57085.1,57094.2,57080.15,57087.05,0
2026-09-07 12:12:00,57093.3,57106.85,57089.65,57098.8,0
2026-09-07 12:13:00,57102.0,57107.4,57083.6,57088.0,0
2026-09-07 12:14:00,57085.9,57111.35,57084.0,57106.7,0
2026-09-07 12:15:00,57104.15,57117.85,57102.4,57104.95,0
2026-09-07 12:16:00,57106.45,57113.85,57098.4,57098.4,0
2026-09-07 12:17:00,57098.1,57102.0,57088.1,57093.1,0
2026-09-07 12:18:00,57092.5,57098.4,57080.6,57081.4,0
2026-09-07 12:19:00,57082.5,57088.05,57059.3,57067.9,0
2026-09-07 12:20:00,57060.65,57072.15,57051.0,57065.55,0
2026-09-07 12:21:00,57066.35,57071.25,57050.65,57050.65,0
2026-09-07 12:22:00,57052.65,57056.85,57039.85,57041.4,0
2026-09-07 12:23:00,57041.6,57050.75,57040.7,57046.9,0
2026-09-07 12:24:00,57045.9,57050.15,57040.65,57047.0,0
2026-09-07 12:25:00,57045.75,57052.25,57042.1,57044.5,0
2026-09-07 12:26:00,57044.8,57053.5,57039.45,57046.25,0
2026-09-07 12:27:00,57048.45,57053.15,57042.3,57047.6,0
2026-09-07 12:28:00,57047.8,57050.1,57035.2,57041.65,0
2026-09-07 12:29:00,57048.0,57059.0,57037.05,57042.5,0
2026-09-07 12:30:00,57039.3,57039.35,57025.4,57028.1,0
2026-09-07 12:31:00,57027.8,57041.4,57017.25,57035.8,0
2026-09-07 12:32:00,57036.5,57057.85,57034.65,57056.6,0
2026-09-07 12:33:00,57059.2,57073.1,57050.7,57071.35,0
2026-09-07 12:34:00,57072.05,57078.8,57058.0,57065.4,0
2026-09-07 12:35:00,57065.3,57068.9,57023.95,57038.25,0
2026-09-07 12:36:00,57038.1,57047.8,57024.4,57036.15,0
2026-09-07 12:37:00,57037.4,57074.35,57033.6,57070.6,0
2026-09-07 12:38:00,57065.0,57077.8,57057.2,57070.95,0
2026-09-07 12:39:00,57069.35,57076.3,57055.15,57065.0,0
2026-09-07 12:40:00,57066.45,57071.9,57058.05,57062.2,0
2026-09-07 12:41:00,57070.1,57079.35,57058.65,57075.7,0
2026-09-07 12:42:00,57076.75,57078.9,57056.3,57059.15,0
2026-09-07 12:43:00,57064.55,57072.95,57055.3,57060.55,0
2026-09-07 12:44:00,57060.95,57065.9,57050.9,57055.7,0
2026-09-07 12:45:00,57058.6,57060.25,57039.7,57056.7,0
2026-09-07 12:46:00,57055.55,57058.15,57042.35,57051.05,0
2026-09-07 12:47:00,57048.85,57054.45,57023.8,57036.85,0
2026-09-07 12:48:00,57037.95,57045.65,57030.85,57039.7,0
2026-09-07 12:49:00,57040.85,57047.45,57031.9,57038.95,0
2026-09-07 12:50:00,57039.95,57043.4,57019.45,57024.8,0
2026-09-07 12:51:00,57028.85,57030.1,57015.1,57028.55,0
2026-09-07 12:52:00,57028.5,57031.95,57020.15,57024.35,0
2026-09-07 12:53:00,57024.1,57026.55,57010.45,57014.15,0
2026-09-07 12:54:00,57013.6,57025.2,57002.95,57023.3,0
2026-09-07 12:55:00,57018.0,57025.25,57013.05,57015.95,0
2026-09-07 12:56:00,57013.8,57026.8,57009.25,57025.5,0
2026-09-07 12:57:00,57025.7,57042.9,57019.25,57040.6,0
2026-09-07 12:58:00,57034.35,57056.75,57034.35,57054.5,0
2026-09-07 12:59:00,57047.85,57063.85,57043.85,57058.6,0
2026-09-07 13:00:00,57058.9,57064.35,57046.55,57049.8,0
2026-09-07 13:01:00,57047.35,57058.15,57043.65,57055.35,0
2026-09-07 13:02:00,57053.95,57064.55,57053.95,57059.3,0
2026-09-07 13:03:00,57058.1,57062.8,57047.3,57049.65,0
2026-09-07 13:04:00,57052.0,57058.55,57044.95,57051.35,0
2026-09-07 13:05:00,57053.6,57063.6,57045.9,57059.05,0
2026-09-07 13:06:00,57062.75,57068.85,57056.75,57063.45,0
2026-09-07 13:07:00,57066.95,57070.6,57055.6,57061.1,0
2026-09-07 13:08:00,57060.9,57064.6,57052.05,57058.5,0
2026-09-07 13:09:00,57057.45,57059.65,57044.3,57051.0,0
2026-09-07 13:10:00,57049.4,57059.25,57039.45,57050.65,0
2026-09-07 13:11:00,57051.25,57053.8,57041.15,57043.85,0
2026-09-07 13:12:00,57049.85,57057.05,57037.5,57052.8,0
2026-09-07 13:13:00,57053.4,57060.35,57039.85,57049.7,0
2026-09-07 13:14:00,57050.0,57050.7,57038.85,57042.0,0
2026-09-07 13:15:00,57043.1,57046.2,57033.4,57037.6,0
2026-09-07 13:16:00,57041.25,57047.65,57034.1,57035.5,0
2026-09-07 13:17:00,57039.2,57051.25,57034.95,57044.8,0
2026-09-07 13:18:00,57049.0,57049.0,57032.85,57032.85,0
2026-09-07 13:19:00,57036.2,57054.35,57034.0,57054.35,0
2026-09-07 13:20:00,57054.45,57069.5,57052.85,57061.45,0
2026-09-07 13:21:00,57062.85,57070.55,57056.15,57057.95,0
2026-09-07 13:22:00,57059.9,57068.0,57055.1,57058.6,0
2026-09-07 13:23:00,57061.4,57064.8,57052.05,57053.8,0
2026-09-07 13:24:00,57053.25,57060.9,57044.85,57056.75,0
2026-09-07 13:25:00,57059.6,57076.9,57051.65,57068.7,0
2026-09-07 13:26:00,57070.35,57081.9,57064.6,57073.7,0
2026-09-07 13:27:00,57075.85,57080.1,57064.45,57064.65,0
2026-09-07 13:28:00,57067.1,57069.8,57059.3,57066.35,0
2026-09-07 13:29:00,57068.5,57071.95,57061.4,57064.7,0
2026-09-07 13:30:00,57067.5,57072.3,57057.3,57060.4,0
2026-09-07 13:31:00,57058.4,57066.0,57053.85,57060.65,0
2026-09-07 13:32:00,57062.0,57064.75,57051.85,57053.85,0
2026-09-07 13:33:00,57056.35,57062.35,57049.2,57058.8,0
2026-09-07 13:34:00,57060.45,57065.9,57054.65,57060.25,0
2026-09-07 13:35:00,57061.2,57066.95,57048.45,57048.75,0
2026-09-07 13:36:00,57051.65,57066.3,57049.3,57061.8,0
2026-09-07 13:37:00,57064.4,57097.95,57054.0,57096.2,0
2026-09-07 13:38:00,57097.75,57103.0,57080.8,57087.15,0
2026-09-07 13:39:00,57088.6,57091.4,57077.65,57081.5,0
2026-09-07 13:40:00,57081.95,57089.0,57077.95,57079.45,0
2026-09-07 13:41:00,57082.95,57089.45,57076.7,57086.2,0
2026-09-07 13:42:00,57088.45,57089.55,57078.95,57081.25,0
2026-09-07 13:43:00,57083.55,57083.55,57068.75,57070.3,0
2026-09-07 13:44:00,57073.35,57083.85,57071.35,57078.6,0
2026-09-07 13:45:00,57079.15,57086.95,57071.0,57076.8,0
2026-09-07 13:46:00,57080.65,57093.0,57079.65,57091.4,0
2026-09-07 13:47:00,57092.2,57105.95,57082.5,57100.6,0
2026-09-07 13:48:00,57098.15,57101.65,57085.5,57095.3,0
2026-09-07 13:49:00,57097.1,57100.3,57084.55,57089.0,0
2026-09-07 13:50:00,57091.25,57096.6,57085.05,57095.55,0
2026-09-07 13:51:00,57096.25,57097.4,57082.45,57090.25,0
2026-09-07 13:52:00,57088.95,57105.35,57083.0,57100.9,0
2026-09-07 13:53:00,57102.35,57125.9,57093.65,57119.3,0
2026-09-07 13:54:00,57118.8,57122.65,57106.85,57114.6,0
2026-09-07 13:55:00,57116.2,57121.5,57107.35,57115.15,0
2026-09-07 13:56:00,57112.55,57122.7,57107.0,57112.55,0
2026-09-07 13:57:00,57109.75,57122.7,57104.0,57112.45,0
2026-09-07 13:58:00,57112.8,57119.05,57101.8,57111.5,0
2026-09-07 13:59:00,57114.45,57116.2,57099.7,57103.7,0
2026-09-07 14:00:00,57106.75,57123.5,57101.3,57121.75,0
2026-09-07 14:01:00,57126.0,57133.95,57116.05,57122.0,0
2026-09-07 14:02:00,57120.6,57133.8,57114.05,57128.4,0
2026-09-07 14:03:00,57128.35,57131.75,57116.25,57125.55,0
2026-09-07 14:04:00,57126.5,57128.5,57115.05,57126.7,0
2026-09-07 14:05:00,57124.05,57129.35,57109.75,57114.85,0
2026-09-07 14:06:00,57114.25,57114.75,57100.3,57106.6,0
2026-09-07 14:07:00,57105.6,57108.4,57096.75,57102.75,0
2026-09-07 14:08:00,57102.2,57105.05,57078.35,57078.35,0
2026-09-07 14:09:00,57083.8,57095.35,57083.8,57087.3,0
2026-09-07 14:10:00,57087.95,57098.5,57087.95,57097.6,0
2026-09-07 14:11:00,57097.25,57098.3,57086.65,57095.6,0
2026-09-07 14:12:00,57095.25,57103.85,57089.4,57100.2,0
2026-09-07 14:13:00,57098.3,57108.6,57095.95,57103.95,0
2026-09-07 14:14:00,57103.2,57105.8,57094.2,57098.55,0
2026-09-07 14:15:00,57099.15,57113.45,57092.25,57099.65,0
2026-09-07 14:16:00,57103.1,57110.8,57097.75,57104.65,0
2026-09-07 14:17:00,57106.2,57111.85,57096.7,57102.15,0
2026-09-07 14:18:00,57105.65,57111.05,57093.75,57107.25,0
2026-09-07 14:19:00,57108.95,57112.6,57100.45,57106.4,0
2026-09-07 14:20:00,57109.7,57124.9,57107.1,57118.05,0
2026-09-07 14:21:00,57116.55,57127.7,57114.9,57118.8,0
2026-09-07 14:22:00,57121.8,57126.35,57113.9,57120.95,0
2026-09-07 14:23:00,57121.6,57133.45,57118.8,57126.5,0
2026-09-07 14:24:00,57132.15,57136.2,57124.0,57129.45,0
2026-09-07 14:25:00,57131.4,57141.25,57124.75,57136.6,0
2026-09-07 14:26:00,57136.0,57151.7,57135.2,57142.0,0
2026-09-07 14:27:00,57138.05,57149.25,57133.7,57144.95,0
2026-09-07 14:28:00,57143.75,57155.7,57142.55,57149.45,0
2026-09-07 14:29:00,57150.5,57176.45,57148.6,57171.4,0
2026-09-07 14:30:00,57171.1,57184.95,57162.65,57165.95,0
2026-09-07 14:31:00,57168.7,57171.6,57143.0,57146.7,0
2026-09-07 14:32:00,57147.95,57164.25,57145.55,57162.8,0
2026-09-07 14:33:00,57163.55,57165.2,57149.0,57153.0,0
2026-09-07 14:34:00,57153.35,57156.35,57134.05,57136.0,0
2026-09-07 14:35:00,57139.6,57154.75,57131.75,57133.1,0
2026-09-07 14:36:00,57133.95,57139.1,57126.05,57131.15,0
2026-09-07 14:37:00,57131.65,57133.8,57119.65,57123.25,0
2026-09-07 14:38:00,57122.75,57123.45,57102.05,57106.0,0
2026-09-07 14:39:00,57106.2,57115.8,57087.5,57092.5,0
2026-09-07 14:40:00,57092.2,57101.6,57077.9,57077.9,0
2026-09-07 14:41:00,57080.1,57089.65,57069.35,57086.7,0
2026-09-07 14:42:00,57087.75,57092.45,57076.1,57081.7,0
2026-09-07 14:43:00,57082.6,57086.8,57071.5,57080.55,0
2026-09-07 14:44:00,57082.3,57082.3,57065.85,57073.3,0
2026-09-07 14:45:00,57072.7,57076.5,57058.75,57067.1,0
2026-09-07 14:46:00,57069.3,57073.85,57058.3,57067.85,0
2026-09-07 14:47:00,57071.55,57073.95,57054.05,57059.85,0
2026-09-07 14:48:00,57064.45,57070.55,57058.8,57062.95,0
2026-09-07 14:49:00,57064.8,57072.35,57051.45,57067.55,0
2026-09-07 14:50:00,57077.55,57093.65,57061.45,57082.9,0
2026-09-07 14:51:00,57089.45,57100.2,57075.6,57089.2,0
2026-09-07 14:52:00,57092.8,57094.15,57057.1,57059.9,0
2026-09-07 14:53:00,57061.85,57061.85,57045.5,57048.25,0
2026-09-07 14:54:00,57051.95,57065.6,57046.2,57051.35,0
2026-09-07 14:55:00,57052.05,57066.6,57047.1,57052.25,0
2026-09-07 14:56:00,57060.75,57064.3,57046.85,57054.2,0
2026-09-07 14:57:00,57056.6,57064.55,57044.8,57049.95,0
2026-09-07 14:58:00,57053.8,57058.15,57041.5,57043.75,0
2026-09-07 14:59:00,57050.4,57059.1,57030.8,57056.15,0
2026-09-07 15:00:00,57058.6,57071.65,57044.5,57061.6,0
2026-09-07 15:01:00,57063.5,57072.7,57062.1,57066.4,0
2026-09-07 15:02:00,57066.8,57080.2,57060.35,57079.85,0
2026-09-07 15:03:00,57080.1,57094.15,57071.0,57091.5,0
2026-09-07 15:04:00,57090.45,57105.15,57087.5,57091.4,0
2026-09-07 15:05:00,57089.5,57091.55,57068.6,57076.0,0
2026-09-07 15:06:00,57076.45,57081.65,57062.8,57071.4,0
2026-09-07 15:07:00,57070.45,57090.25,57067.05,57081.45,0
2026-09-07 15:08:00,57084.55,57090.8,57068.3,57069.45,0
2026-09-07 15:09:00,57074.2,57077.1,57051.7,57064.25,0
2026-09-07 15:10:00,57065.8,57084.5,57065.5,57067.4,0
2026-09-07 15:11:00,57072.15,57072.15,57036.95,57046.4,0
2026-09-07 15:12:00,57049.0,57067.25,57019.8,57033.9,0
2026-09-07 15:13:00,57041.2,57057.45,57034.25,57051.8,0
2026-09-07 15:14:00,57050.75,57072.0,57003.6,57056.75,0
2026-09-07 15:29:00,57088.3,57088.3,57088.3,57088.3,0
2026-09-08 09:15:00,56990.4,57044.0,56855.8,56895.4,0
2026-09-08 09:16:00,56893.15,56918.8,56871.25,56911.9,0
2026-09-08 09:17:00,56911.55,56957.05,56904.65,56935.6,0
2026-09-08 09:18:00,56933.75,56961.1,56931.85,56932.7,0
2026-09-08 09:19:00,56937.4,56944.45,56926.7,56932.0,0
2026-09-08 09:20:00,56934.75,56945.15,56917.6,56925.6,0
2026-09-08 09:21:00,56926.6,56938.05,56917.55,56937.4,0
2026-09-08 09:22:00,56935.7,56947.7,56921.6,56928.65,0
2026-09-08 09:23:00,56926.85,56936.3,56917.0,56921.05,0
2026-09-08 09:24:00,56919.7,56930.75,56916.95,56925.15,0
2026-09-08 09:25:00,56926.35,56952.15,56918.0,56949.5,0
2026-09-08 09:26:00,56949.45,56974.8,56947.65,56972.2,0
2026-09-08 09:27:00,56974.0,56976.3,56958.05,56965.9,0
2026-09-08 09:28:00,56969.75,56972.6,56951.25,56964.95,0
2026-09-08 09:29:00,56965.1,56965.1,56923.6,56935.85,0
2026-09-08 09:30:00,56931.25,56934.45,56918.1,56922.35,0
2026-09-08 09:31:00,56918.7,56921.6,56896.6,56896.6,0
2026-09-08 09:32:00,56899.3,56930.25,56899.3,56929.0,0
2026-09-08 09:33:00,56927.05,56939.6,56916.35,56939.6,0
2026-09-08 09:34:00,56940.3,56944.4,56926.8,56935.1,0
2026-09-08 09:35:00,56933.4,56958.85,56928.75,56956.15,0
2026-09-08 09:36:00,56959.55,56964.95,56946.35,56961.45,0
2026-09-08 09:37:00,56961.8,56961.8,56945.05,56957.65,0
2026-09-08 09:38:00,56960.45,56965.45,56945.8,56945.8,0
2026-09-08 09:39:00,56953.3,56956.5,56936.65,56946.05,0
2026-09-08 09:40:00,56951.75,56951.75,56929.9,56934.65,0
2026-09-08 09:41:00,56932.95,56941.55,56925.15,56933.1,0
2026-09-08 09:42:00,56931.15,56933.0,56902.45,56907.25,0
2026-09-08 09:43:00,56906.55,56916.05,56899.15,56902.3,0
2026-09-08 09:44:00,56902.9,56906.6,56889.4,56899.75,0
2026-09-08 09:45:00,56894.25,56902.5,56884.75,56891.15,0
2026-09-08 09:46:00,56890.65,56904.6,56887.3,56895.0,0
2026-09-08 09:47:00,56893.9,56898.35,56869.7,56874.95,0
2026-09-08 09:48:00,56877.3,56892.6,56870.5,56876.9,0
2026-09-08 09:49:00,56874.6,56915.25,56871.7,56913.45,0
2026-09-08 09:50:00,56915.45,56926.2,56910.4,56922.3,0
2026-09-08 09:51:00,56922.1,56927.05,56894.95,56904.5,0
2026-09-08 09:52:00,56905.0,56917.65,56896.25,56917.65,0
2026-09-08 09:53:00,56920.1,56920.7,56900.85,56902.45,0
2026-09-08 09:54:00,56900.3,56907.35,56887.05,56890.15,0
2026-09-08 09:55:00,56891.9,56893.55,56882.4,56890.05,0
2026-09-08 09:56:00,56892.75,56892.75,56877.25,56883.95,0
2026-09-08 09:57:00,56885.7,56890.35,56876.8,56881.0,0
2026-09-08 09:58:00,56881.75,56890.8,56872.35,56878.35,0
2026-09-08 09:59:00,56876.05,56881.8,56867.55,56874.6,0
2026-09-08 10:00:00,56874.5,56900.45,56874.5,56900.45,0
2026-09-08 10:01:00,56901.9,56915.5,56895.7,56904.0,0
2026-09-08 10:02:00,56905.55,56905.55,56885.55,56888.1,0
2026-09-08 10:03:00,56886.35,56889.35,56868.55,56870.75,0
2026-09-08 10:04:00,56872.55,56882.4,56865.95,56872.05,0
2026-09-08 10:05:00,56870.25,56874.5,56850.25,56856.15,0
2026-09-08 10:06:00,56857.85,56871.95,56851.25,56866.95,0
2026-09-08 10:07:00,56866.1,56892.15,56864.05,56884.95,0
2026-09-08 10:08:00,56887.1,56894.15,56880.65,56890.5,0
2026-09-08 10:09:00,56891.3,56914.1,56884.35,56909.6,0
2026-09-08 10:10:00,56908.5,56915.6,56901.0,56907.15,0
2026-09-08 10:11:00,56905.4,56918.0,56902.9,56915.55,0
2026-09-08 10:12:00,56913.05,56943.3,56909.3,56943.3,0
2026-09-08 10:13:00,56940.8,56970.25,56935.9,56959.15,0
2026-09-08 10:14:00,56956.65,56988.9,56951.8,56987.4,0
2026-09-08 10:15:00,56988.2,57019.6,56988.2,56993.7,0
2026-09-08 10:16:00,56995.15,57004.2,56990.75,57004.2,0
2026-09-08 10:17:00,57003.85,57014.65,56995.8,56996.15,0
2026-09-08 10:18:00,56995.3,56995.3,56976.1,56980.95,0
2026-09-08 10:19:00,56981.45,57001.05,56980.65,56994.75,0
2026-09-08 10:20:00,56994.3,56995.5,56980.15,56983.9,0
2026-09-08 10:21:00,56983.85,56987.8,56965.8,56975.7,0
2026-09-08 10:22:00,56975.4,56982.6,56968.3,56976.4,0
2026-09-08 10:23:00,56976.35,56980.0,56966.45,56969.6,0
2026-09-08 10:24:00,56974.8,56974.8,56943.6,56951.9,0
2026-09-08 10:25:00,56951.0,56951.4,56917.8,56925.85,0
2026-09-08 10:26:00,56928.75,56928.75,56914.35,56918.7,0
2026-09-08 10:27:00,56920.05,56946.3,56916.75,56936.8,0
2026-09-08 10:28:00,56938.9,56940.8,56916.9,56920.7,0
2026-09-08 10:29:00,56923.6,56923.6,56907.05,56916.85,0
2026-09-08 10:30:00,56920.8,56935.95,56919.35,56927.7,0
2026-09-08 10:31:00,56927.65,56945.1,56912.2,56912.2,0
2026-09-08 10:32:00,56912.85,56925.4,56911.45,56922.45,0
2026-09-08 10:33:00,56926.85,56936.85,56920.95,56923.7,0
2026-09-08 10:34:00,56925.35,56937.5,56923.5,56932.4,0
2026-09-08 10:35:00,56933.6,56933.6,56915.7,56916.7,0
2026-09-08 10:36:00,56917.05,56917.45,56889.3,56892.5,0
2026-09-08 10:37:00,56893.0,56902.5,56884.65,56894.85,0
2026-09-08 10:38:00,56898.45,56907.95,56881.1,56884.0,0
2026-09-08 10:39:00,56880.05,56890.9,56873.9,56889.45,0
2026-09-08 10:40:00,56888.7,56896.05,56881.2,56895.15,0
2026-09-08 10:41:00,56892.7,56920.5,56886.0,56910.95,0
2026-09-08 10:42:00,56910.45,56916.45,56904.65,56916.25,0
2026-09-08 10:43:00,56913.25,56917.8,56908.65,56913.7,0
2026-09-08 10:44:00,56912.7,56919.55,56900.2,56907.95,0
2026-09-08 10:45:00,56907.35,56924.25,56905.55,56913.85,0
2026-09-08 10:46:00,56918.65,56946.35,56914.35,56945.25,0
2026-09-08 10:47:00,56947.65,56960.1,56942.7,56954.45,0
2026-09-08 10:48:00,56956.6,56968.0,56951.55,56961.7,0
2026-09-08 10:49:00,56963.65,56968.85,56949.95,56956.85,0
2026-09-08 10:50:00,56958.3,56982.05,56952.4,56965.7,0
2026-09-08 10:51:00,56965.4,56969.45,56942.25,56948.25,0
2026-09-08 10:52:00,56950.55,56954.4,56942.3,56952.5,0
2026-09-08 10:53:00,56953.4,56960.25,56948.25,56955.4,0
2026-09-08 10:54:00,56958.45,56963.9,56933.35,56937.6,0
2026-09-08 10:55:00,56938.75,56940.25,56906.35,56929.45,0
2026-09-08 10:56:00,56926.25,56933.8,56914.85,56917.85,0
2026-09-08 10:57:00,56923.65,56936.65,56916.8,56931.9,0
2026-09-08 10:58:00,56932.5,56940.3,56927.05,56938.2,0
2026-09-08 10:59:00,56939.75,56940.55,56926.45,56929.45,0
2026-09-08 11:00:00,56933.8,56939.05,56923.3,56928.75,0
2026-09-08 11:01:00,56922.95,56937.55,56915.1,56927.75,0
2026-09-08 11:02:00,56927.0,56934.2,56923.55,56932.95,0
2026-09-08 11:03:00,56933.0,56935.0,56920.05,56926.15,0
2026-09-08 11:04:00,56927.7,56934.05,56906.8,56910.3,0
2026-09-08 11:05:00,56908.9,56918.9,56900.0,56913.85,0
2026-09-08 11:06:00,56910.8,56923.95,56908.9,56919.55,0
2026-09-08 11:07:00,56920.25,56937.2,56909.25,56928.95,0
2026-09-08 11:08:00,56927.8,56938.2,56918.9,56921.5,0
2026-09-08 11:09:00,56920.2,56928.1,56911.5,56917.8,0
2026-09-08 11:10:00,56918.6,56939.2,56907.9,56909.9,0
2026-09-08 11:11:00,56910.0,56921.6,56899.4,56921.6,0
2026-09-08 11:12:00,56920.1,56923.1,56897.55,56900.75,0
2026-09-08 11:13:00,56905.15,56930.75,56889.2,56928.0,0
2026-09-08 11:14:00,56929.25,56929.25,56906.6,56915.75,0
2026-09-08 11:15:00,56917.3,56921.7,56909.35,56914.1,0
2026-09-08 11:16:00,56915.75,56933.05,56896.9,56926.4,0
2026-09-08 11:17:00,56925.2,56928.5,56912.45,56918.3,0
2026-09-08 11:18:00,56919.45,56933.75,56914.9,56929.65,0
2026-09-08 11:19:00,56932.95,56940.55,56927.4,56934.4,0
2026-09-08 11:20:00,56933.3,56941.6,56925.95,56933.9,0
2026-09-08 11:21:00,56934.8,56938.85,56928.65,56934.85,0
2026-09-08 11:22:00,56933.35,56934.75,56918.35,56926.3,0
2026-09-08 11:23:00,56927.25,56940.1,56922.6,56925.7,0
2026-09-08 11:24:00,56931.15,56933.5,56915.05,56925.65,0
2026-09-08 11:25:00,56925.7,56949.15,56917.45,56945.35,0
2026-09-08 11:26:00,56949.85,56959.55,56943.4,56951.65,0
2026-09-08 11:27:00,56954.0,56957.1,56933.3,56939.3,0
2026-09-08 11:28:00,56939.4,56944.2,56914.15,56915.5,0
2026-09-08 11:29:00,56918.6,56919.45,56898.3,56903.4,0
2026-09-08 11:30:00,56900.4,56925.1,56887.7,56891.95,0
2026-09-08 11:31:00,56894.6,56900.15,56882.35,56898.75,0
2026-09-08 11:32:00,56902.15,56917.75,56900.05,56905.15,0
2026-09-08 11:33:00,56906.45,56910.7,56888.6,56897.2,0
2026-09-08 11:34:00,56897.65,56899.1,56882.9,56886.3,0
2026-09-08 11:35:00,56889.05,56900.55,56880.35,56883.85,0
2026-09-08 11:36:00,56885.1,56894.6,56879.15,56887.95,0
2026-09-08 11:37:00,56889.15,56892.7,56872.0,56878.9,0
2026-09-08 11:38:00,56883.05,56892.8,56875.2,56884.7,0
2026-09-08 11:39:00,56887.25,56887.9,56874.2,56874.8,0
2026-09-08 11:40:00,56881.6,56887.35,56868.25,56871.75,0
2026-09-08 11:41:00,56875.2,56876.75,56864.6,56865.65,0
2026-09-08 11:42:00,56865.3,56866.55,56852.35,56857.4,0
2026-09-08 11:43:00,56858.95,56869.35,56854.05,56858.1,0
2026-09-08 11:44:00,56854.9,56872.8,56853.25,56864.0,0
2026-09-08 11:45:00,56865.6,56881.65,56858.15,56879.45,0
2026-09-08 11:46:00,56883.9,56883.9,56866.2,56874.8,0
2026-09-08 11:47:00,56881.25,56888.0,56869.6,56873.15,0
2026-09-08 11:48:00,56875.75,56888.45,56866.05,56878.9,0
2026-09-08 11:49:00,56880.15,56882.75,56861.4,56864.45,0
2026-09-08 11:50:00,56867.9,56869.4,56833.3,56850.3,0
2026-09-08 11:51:00,56851.25,56875.15,56846.85,56869.35,0
2026-09-08 11:52:00,56870.55,56887.8,56860.15,56886.1,0
2026-09-08 11:53:00,56885.6,56893.1,56873.15,56880.85,0
2026-09-08 11:54:00,56882.3,56898.25,56878.55,56893.95,0
2026-09-08 11:55:00,56894.6,56899.7,56883.3,56885.9,0
2026-09-08 11:56:00,56888.6,56894.3,56878.55,56882.3,0
2026-09-08 11:57:00,56882.05,56891.9,56874.8,56882.75,0
2026-09-08 11:58:00,56883.5,56884.4,56867.1,56875.75,0
2026-09-08 11:59:00,56873.9,56876.15,56860.25,56860.9,0
2026-09-08 12:00:00,56861.55,56869.95,56859.25,56863.05,0
2026-09-08 12:01:00,56861.15,56869.6,56853.9,56860.25,0
2026-09-08 12:02:00,56863.35,56874.95,56858.65,56868.55,0
2026-09-08 12:03:00,56873.05,56873.05,56854.75,56859.85,0
2026-09-08 12:04:00,56861.0,56861.0,56835.85,56836.75,0
2026-09-08 12:05:00,56838.75,56838.75,56818.55,56822.55,0
2026-09-08 12:06:00,56824.4,56825.7,56805.9,56813.45,0
2026-09-08 12:07:00,56813.2,56821.9,56810.45,56818.15,0
2026-09-08 12:08:00,56818.65,56823.15,56795.35,56798.95,0
2026-09-08 12:09:00,56799.2,56809.55,56781.65,56799.75,0
2026-09-08 12:10:00,56802.75,56822.6,56796.85,56820.0,0
2026-09-08 12:11:00,56822.4,56830.1,56815.2,56819.1,0
2026-09-08 12:12:00,56819.9,56840.7,56816.35,56838.5,0
2026-09-08 12:13:00,56837.85,56846.75,56829.3,56839.25,0
2026-09-08 12:14:00,56841.65,56849.2,56836.2,56844.3,0
2026-09-08 12:15:00,56846.4,56850.25,56838.6,56843.25,0
2026-09-08 12:16:00,56843.0,56855.2,56840.1,56849.25,0
2026-09-08 12:17:00,56849.55,56853.9,56834.05,56834.05,0
2026-09-08 12:18:00,56836.8,56842.2,56830.9,56836.65,0
2026-09-08 12:19:00,56836.0,56846.15,56827.9,56837.35,0
2026-09-08 12:20:00,56839.1,56845.95,56825.5,56843.65,0
2026-09-08 12:21:00,56844.25,56845.95,56835.4,56841.9,0
2026-09-08 12:22:00,56840.9,56850.05,56837.0,56847.35,0
2026-09-08 12:23:00,56849.5,56852.35,56838.9,56846.35,0
2026-09-08 12:24:00,56847.1,56856.2,56837.65,56840.75,0
2026-09-08 12:25:00,56841.7,56854.15,56836.95,56850.65,0
2026-09-08 12:26:00,56854.2,56854.2,56840.4,56840.7,0
2026-09-08 12:27:00,56841.55,56848.0,56834.45,56836.9,0
2026-09-08 12:28:00,56839.05,56841.85,56828.2,56829.25,0
2026-09-08 12:29:00,56833.15,56843.3,56825.35,56839.3,0
2026-09-08 12:30:00,56840.7,56851.2,56839.05,56842.35,0
2026-09-08 12:31:00,56845.05,56873.3,56845.05,56847.9,0
2026-09-08 12:32:00,56848.9,56857.0,56837.1,56845.25,0
2026-09-08 12:33:00,56848.9,56853.75,56841.05,56846.25,0
2026-09-08 12:34:00,56847.2,56854.3,56842.75,56845.8,0
2026-09-08 12:35:00,56849.4,56874.95,56845.65,56860.8,0
2026-09-08 12:36:00,56860.05,56877.6,56859.8,56864.6,0
2026-09-08 12:37:00,56862.9,56872.55,56861.0,56869.5,0
2026-09-08 12:38:00,56871.9,56874.45,56855.3,56858.0,0
2026-09-08 12:39:00,56860.95,56862.65,56842.7,56847.55,0
2026-09-08 12:40:00,56848.8,56852.25,56826.3,56829.5,0
2026-09-08 12:41:00,56834.7,56844.95,56826.9,56833.25,0
2026-09-08 12:42:00,56831.4,56839.75,56818.5,56821.75,0
2026-09-08 12:43:00,56824.65,56827.65,56802.65,56809.7,0
2026-09-08 12:44:00,56811.8,56816.15,56797.65,56802.75,0
2026-09-08 12:45:00,56802.65,56807.6,56787.85,56802.9,0
2026-09-08 12:46:00,56802.5,56807.2,56796.8,56801.3,0
2026-09-08 12:47:00,56801.65,56807.8,56796.6,56802.35,0
2026-09-08 12:48:00,56801.55,56804.75,56792.65,56799.5,0
2026-09-08 12:49:00,56798.35,56807.9,56793.85,56803.0,0
2026-09-08 12:50:00,56803.8,56805.15,56792.9,56793.65,0
2026-09-08 12:51:00,56795.45,56805.35,56790.85,56794.75,0
2026-09-08 12:52:00,56793.2,56801.65,56783.55,56785.45,0
2026-09-08 12:53:00,56784.4,56796.2,56779.3,56787.4,0
2026-09-08 12:54:00,56786.85,56802.95,56784.15,56802.95,0
2026-09-08 12:55:00,56802.1,56814.9,56796.1,56812.6,0
2026-09-08 12:56:00,56808.15,56817.6,56805.25,56813.65,0
2026-09-08 12:57:00,56813.45,56824.45,56809.45,56816.4,0
2026-09-08 12:58:00,56815.6,56825.75,56810.75,56817.1,0
2026-09-08 12:59:00,56817.2,56822.95,56783.2,56783.2,0
2026-09-08 13:00:00,56785.55,56801.2,56778.6,56783.3,0
2026-09-08 13:01:00,56780.65,56793.55,56777.15,56788.75,0
2026-09-08 13:02:00,56788.7,56803.3,56786.2,56796.5,0
2026-09-08 13:03:00,56797.6,56802.75,56779.6,56783.65,0
2026-09-08 13:04:00,56782.85,56784.15,56765.75,56768.35,0
2026-09-08 13:05:00,56769.55,56776.95,56756.2,56758.3,0
2026-09-08 13:06:00,56759.05,56772.3,56756.85,56771.15,0
2026-09-08 13:07:00,56774.95,56783.55,56771.0,56777.85,0
2026-09-08 13:08:00,56779.2,56784.85,56758.75,56761.5,0
2026-09-08 13:09:00,56763.45,56764.85,56753.95,56759.4,0
2026-09-08 13:10:00,56759.8,56764.1,56753.4,56758.7,0
2026-09-08 13:11:00,56761.0,56767.05,56755.15,56763.75,0
2026-09-08 13:12:00,56763.95,56767.9,56751.5,56760.7,0
2026-09-08 13:13:00,56763.0,56772.5,56759.9,56768.5,0
2026-09-08 13:14:00,56769.65,56792.35,56767.2,56785.2,0
2026-09-08 13:15:00,56785.8,56786.7,56774.15,56774.8,0
2026-09-08 13:16:00,56776.95,56781.05,56764.15,56781.05,0
2026-09-08 13:17:00,56782.3,56782.75,56772.0,56776.15,0
2026-09-08 13:18:00,56780.85,56780.85,56764.1,56767.6,0
2026-09-08 13:19:00,56765.85,56767.75,56755.95,56759.1,0
2026-09-08 13:20:00,56762.25,56769.15,56756.4,56767.2,0
2026-09-08 13:21:00,56765.8,56770.55,56758.25,56767.8,0
2026-09-08 13:22:00,56767.95,56768.55,56748.95,56755.9,0
2026-09-08 13:23:00,56757.75,56760.2,56750.75,56755.9,0
2026-09-08 13:24:00,56756.65,56761.45,56751.0,56751.7,0
2026-09-08 13:25:00,56752.85,56756.85,56734.7,56747.3,0
2026-09-08 13:26:00,56748.4,56751.4,56739.95,56746.25,0
2026-09-08 13:27:00,56747.5,56775.45,56738.85,56770.75,0
2026-09-08 13:28:00,56771.25,56775.2,56761.65,56763.9,0
2026-09-08 13:29:00,56761.05,56768.1,56748.4,56751.15,0
2026-09-08 13:30:00,56752.8,56762.95,56749.2,56755.3,0
2026-09-08 13:31:00,56758.35,56764.15,56749.15,56753.15,0
2026-09-08 13:32:00,56754.95,56755.55,56730.85,56732.3,0
2026-09-08 13:33:00,56737.45,56741.7,56720.45,56730.25,0
2026-09-08 13:34:00,56731.75,56740.95,56725.8,56734.25,0
2026-09-08 13:35:00,56733.15,56765.1,56733.15,56751.05,0
2026-09-08 13:36:00,56756.55,56772.3,56748.8,56764.25,0
2026-09-08 13:37:00,56767.2,56775.25,56756.75,56767.65,0
2026-09-08 13:38:00,56768.2,56776.9,56747.85,56751.05,0
2026-09-08 13:39:00,56754.55,56758.2,56740.8,56752.7,0
2026-09-08 13:40:00,56751.15,56764.7,56742.5,56751.7,0
2026-09-08 13:41:00,56750.75,56755.5,56734.7,56743.3,0
2026-09-08 13:42:00,56746.05,56747.45,56728.9,56731.55,0
2026-09-08 13:43:00,56734.4,56745.2,56731.5,56740.55,0
2026-09-08 13:44:00,56741.7,56745.4,56728.6,56730.6,0
2026-09-08 13:45:00,56731.6,56756.35,56724.95,56749.3,0
2026-09-08 13:46:00,56753.2,56760.75,56742.75,56749.1,0
2026-09-08 13:47:00,56756.8,56763.35,56745.6,56756.85,0
2026-09-08 13:48:00,56758.7,56765.0,56750.9,56756.7,0
2026-09-08 13:49:00,56760.65,56769.9,56753.65,56755.6,0
2026-09-08 13:50:00,56760.65,56771.65,56749.35,56751.5,0
2026-09-08 13:51:00,56752.55,56759.7,56734.5,56742.1,0
2026-09-08 13:52:00,56744.2,56757.8,56742.0,56746.95,0
2026-09-08 13:53:00,56746.5,56768.6,56742.45,56755.25,0
2026-09-08 13:54:00,56758.05,56767.0,56748.0,56754.65,0
2026-09-08 13:55:00,56756.0,56766.0,56742.8,56758.2,0
2026-09-08 13:56:00,56757.65,56771.9,56754.2,56768.85,0
2026-09-08 13:57:00,56768.9,56780.6,56760.0,56773.1,0
2026-09-08 13:58:00,56771.95,56777.7,56759.3,56770.45,0
2026-09-08 13:59:00,56768.55,56771.7,56753.65,56762.0,0
2026-09-08 14:00:00,56761.2,56776.45,56759.85,56765.6,0
2026-09-08 14:01:00,56766.75,56782.55,56762.05,56775.85,0
2026-09-08 14:02:00,56780.6,56784.35,56766.4,56766.55,0
2026-09-08 14:03:00,56768.3,56794.45,56765.0,56787.95,0
2026-09-08 14:04:00,56788.6,56806.45,56783.45,56798.6,0
2026-09-08 14:05:00,56799.45,56822.45,56797.35,56817.95,0
2026-09-08 14:06:00,56816.1,56822.25,56789.35,56798.95,0
2026-09-08 14:07:00,56802.5,56808.0,56781.35,56787.8,0
2026-09-08 14:08:00,56787.85,56795.05,56771.65,56778.65,0
2026-09-08 14:09:00,56780.05,56787.95,56767.15,56778.75,0
2026-09-08 14:10:00,56778.6,56791.35,56771.85,56784.85,0
2026-09-08 14:11:00,56784.65,56795.5,56780.3,56789.6,0
2026-09-08 14:12:00,56790.2,56820.8,56787.1,56809.6,0
2026-09-08 14:13:00,56812.5,56830.9,56804.3,56818.15,0
2026-09-08 14:14:00,56819.9,56826.5,56803.9,56806.8,0
2026-09-08 14:15:00,56810.2,56822.55,56800.8,56816.65,0
2026-09-08 14:16:00,56821.15,56823.45,56807.2,56813.55,0
2026-09-08 14:17:00,56811.6,56830.35,56811.05,56828.75,0
2026-09-08 14:18:00,56829.8,56835.95,56811.55,56811.55,0
2026-09-08 14:19:00,56814.05,56820.75,56805.65,56810.65,0
2026-09-08 14:20:00,56810.8,56828.25,56806.05,56812.55,0
2026-09-08 14:21:00,56816.15,56817.15,56801.25,56805.95,0
2026-09-08 14:22:00,56806.2,56811.0,56795.45,56803.1,0
2026-09-08 14:23:00,56805.5,56812.65,56780.65,56783.8,0
2026-09-08 14:24:00,56787.65,56800.6,56780.15,56795.6,0
2026-09-08 14:25:00,56797.8,56798.1,56780.95,56783.25,0
2026-09-08 14:26:00,56784.95,56802.0,56776.2,56795.15,0
2026-09-08 14:27:00,56798.15,56815.9,56797.2,56809.65,0
2026-09-08 14:28:00,56811.25,56819.95,56799.0,56807.2,0
2026-09-08 14:29:00,56808.2,56814.7,56802.55,56807.45,0
2026-09-08 14:30:00,56807.5,56812.45,56800.25,56804.75,0
2026-09-08 14:31:00,56807.55,56821.5,56798.1,56811.85,0
2026-09-08 14:32:00,56813.15,56826.1,56807.2,56822.6,0
2026-09-08 14:33:00,56821.9,56831.6,56814.4,56820.55,0
2026-09-08 14:34:00,56825.15,56831.05,56809.4,56822.95,0
2026-09-08 14:35:00,56820.65,56827.35,56812.5,56820.2,0
2026-09-08 14:36:00,56820.7,56826.85,56811.95,56819.65,0
2026-09-08 14:37:00,56819.85,56824.75,56811.3,56812.55,0
2026-09-08 14:38:00,56813.55,56818.7,56788.9,56793.75,0
2026-09-08 14:39:00,56793.8,56800.95,56783.0,56794.0,0
2026-09-08 14:40:00,56795.7,56797.25,56780.4,56783.7,0
2026-09-08 14:41:00,56787.15,56799.65,56780.55,56799.05,0
2026-09-08 14:42:00,56794.75,56805.15,56788.3,56789.4,0
2026-09-08 14:43:00,56793.0,56794.4,56780.5,56790.15,0
2026-09-08 14:44:00,56786.45,56802.4,56786.45,56786.45,0
2026-09-08 14:45:00,56789.65,56789.65,56771.15,56781.55,0
2026-09-08 14:46:00,56783.35,56787.45,56772.65,56781.55,0
2026-09-08 14:47:00,56780.85,56788.65,56772.5,56781.05,0
2026-09-08 14:48:00,56782.35,56783.7,56768.6,56768.6,0
2026-09-08 14:49:00,56771.65,56777.2,56759.95,56766.15,0
2026-09-08 14:50:00,56763.4,56767.05,56752.9,56758.0,0
2026-09-08 14:51:00,56758.15,56769.3,56756.1,56768.5,0
2026-09-08 14:52:00,56767.65,56768.9,56753.0,56753.7,0
2026-09-08 14:53:00,56758.35,56758.35,56742.95,56749.35,0
2026-09-08 14:54:00,56750.95,56771.85,56744.4,56768.75,0
2026-09-08 14:55:00,56769.75,56770.7,56758.15,56762.05,0
2026-09-08 14:56:00,56766.95,56770.3,56757.8,56760.4,0
2026-09-08 14:57:00,56764.05,56765.5,56755.4,56755.4,0
2026-09-08 14:58:00,56759.1,56768.05,56754.25,56757.05,0
2026-09-08 14:59:00,56758.35,56772.55,56750.95,56764.0,0
2026-09-08 15:00:00,56761.05,56769.35,56752.15,56767.5,0
2026-09-08 15:01:00,56768.15,56786.35,56764.35,56784.7,0
2026-09-08 15:02:00,56785.6,56792.25,56773.35,56774.75,0
2026-09-08 15:03:00,56773.8,56779.7,56764.95,56771.2,0
2026-09-08 15:04:00,56770.9,56777.0,56765.6,56766.4,0
2026-09-08 15:05:00,56764.85,56773.35,56763.5,56771.15,0
2026-09-08 15:06:00,56769.0,56785.5,56769.0,56779.4,0
2026-09-08 15:07:00,56777.85,56797.85,56774.3,56776.05,0
2026-09-08 15:08:00,56775.7,56777.7,56764.3,56767.75,0
2026-09-08 15:09:00,56769.7,56782.6,56769.1,56781.4,0
2026-09-08 15:10:00,56778.3,56820.6,56774.55,56811.9,0
2026-09-08 15:11:00,56811.7,56820.05,56802.8,56816.8,0
2026-09-08 15:12:00,56814.3,56822.9,56799.9,56806.6,0
2026-09-08 15:13:00,56811.9,56815.4,56777.15,56792.45,0
2026-09-08 15:14:00,56795.95,56808.95,56749.1,56765.85,0
2026-09-08 15:29:00,56777.55,56777.55,56777.55,56777.55,0
2026-09-09 09:15:00,56498.85,56630.45,56483.2,56530.7,0
2026-09-09 09:16:00,56526.55,56534.0,56414.9,56455.0,0
2026-09-09 09:17:00,56455.9,56463.0,56423.35,56445.5,0
2026-09-09 09:18:00,56441.55,56496.1,56421.65,56496.1,0
2026-09-09 09:19:00,56500.2,56521.4,56489.4,56499.45,0
2026-09-09 09:20:00,56495.5,56512.05,56474.8,56499.4,0
2026-09-09 09:21:00,56500.4,56500.4,56474.95,56483.55,0
2026-09-09 09:22:00,56484.6,56494.0,56444.6,56455.55,0
2026-09-09 09:23:00,56452.45,56460.95,56440.95,56457.6,0
2026-09-09 09:24:00,56453.8,56487.95,56450.7,56479.95,0
2026-09-09 09:25:00,56479.05,56506.3,56464.25,56496.85,0
2026-09-09 09:26:00,56498.9,56509.4,56468.9,56472.35,0
2026-09-09 09:27:00,56471.65,56499.5,56430.35,56496.9,0
2026-09-09 09:28:00,56495.0,56496.55,56469.8,56482.1,0
2026-09-09 09:29:00,56487.4,56511.3,56479.65,56504.05,0
2026-09-09 09:30:00,56505.6,56520.45,56500.9,56508.85,0
2026-09-09 09:31:00,56515.2,56524.2,56497.6,56497.85,0
2026-09-09 09:32:00,56503.3,56503.3,56463.5,56486.75,0
2026-09-09 09:33:00,56487.8,56501.1,56482.8,56489.5,0
2026-09-09 09:34:00,56491.5,56503.9,56472.3,56501.25,0
2026-09-09 09:35:00,56497.8,56500.55,56483.25,56488.0,0
2026-09-09 09:36:00,56490.7,56504.45,56482.8,56491.3,0
2026-09-09 09:37:00,56491.1,56513.2,56491.1,56507.6,0
2026-09-09 09:38:00,56511.45,56522.85,56492.6,56513.35,0
2026-09-09 09:39:00,56515.95,56537.15,56503.35,56521.6,0
2026-09-09 09:40:00,56527.5,56553.05,56518.75,56547.85,0
2026-09-09 09:41:00,56546.15,56546.15,56513.9,56515.85,0
2026-09-09 09:42:00,56518.5,56539.65,56512.0,56534.55,0
2026-09-09 09:43:00,56533.0,56535.45,56513.9,56516.15,0
2026-09-09 09:44:00,56517.05,56518.55,56491.7,56496.35,0
2026-09-09 09:45:00,56498.6,56498.6,56479.75,56498.1,0
2026-09-09 09:46:00,56497.1,56499.5,56478.5,56481.1,0
2026-09-09 09:47:00,56482.95,56501.75,56480.75,56491.3,0
2026-09-09 09:48:00,56492.3,56496.5,56471.85,56475.3,0
2026-09-09 09:49:00,56480.3,56487.5,56463.65,56478.55,0
2026-09-09 09:50:00,56482.7,56482.7,56452.4,56457.15,0
2026-09-09 09:51:00,56468.35,56471.45,56448.9,56453.9,0
2026-09-09 09:52:00,56457.6,56474.4,56453.3,56465.95,0
2026-09-09 09:53:00,56468.25,56470.75,56451.4,56452.1,0
2026-09-09 09:54:00,56454.15,56470.55,56448.5,56462.5,0
2026-09-09 09:55:00,56461.25,56462.1,56449.4,56449.4,0
2026-09-09 09:56:00,56457.9,56461.05,56448.05,56456.85,0
2026-09-09 09:57:00,56458.8,56480.65,56449.8,56464.7,0
2026-09-09 09:58:00,56463.35,56472.85,56438.55,56450.0,0
2026-09-09 09:59:00,56454.3,56507.3,56450.3,56483.0,0
2026-09-09 10:00:00,56485.35,56487.6,56439.8,56444.2,0
2026-09-09 10:01:00,56447.9,56459.05,56430.35,56452.0,0
2026-09-09 10:02:00,56455.05,56464.05,56448.1,56449.8,0
2026-09-09 10:03:00,56452.15,56465.3,56437.35,56452.7,0
2026-09-09 10:04:00,56453.0,56461.1,56440.6,56456.35,0
2026-09-09 10:05:00,56455.15,56465.65,56445.2,56448.5,0
2026-09-09 10:06:00,56450.3,56454.6,56440.25,56446.7,0
2026-09-09 10:07:00,56447.65,56458.0,56431.35,56454.55,0
2026-09-09 10:08:00,56457.4,56474.7,56449.25,56455.75,0
2026-09-09 10:09:00,56461.15,56471.3,56455.15,56456.6,0
2026-09-09 10:10:00,56464.05,56464.05,56446.65,56455.8,0
2026-09-09 10:11:00,56456.15,56482.9,56447.55,56478.3,0
2026-09-09 10:12:00,56481.85,56490.0,56473.25,56478.45,0
2026-09-09 10:13:00,56476.1,56495.5,56476.1,56489.15,0
2026-09-09 10:14:00,56491.8,56493.65,56465.85,56491.05,0
2026-09-09 10:15:00,56491.75,56494.0,56464.7,56468.95,0
2026-09-09 10:16:00,56470.95,56494.05,56457.75,56486.6,0
2026-09-09 10:17:00,56489.6,56505.45,56486.1,56496.75,0
2026-09-09 10:18:00,56498.2,56539.3,56494.85,56532.9,0
2026-09-09 10:19:00,56534.35,56549.65,56524.85,56539.75,0
2026-09-09 10:20:00,56540.1,56563.1,56532.95,56557.0,0
2026-09-09 10:21:00,56553.2,56558.9,56539.6,56547.05,0
2026-09-09 10:22:00,56549.25,56558.0,56544.0,56554.0,0
2026-09-09 10:23:00,56552.8,56567.85,56547.0,56567.5,0
2026-09-09 10:24:00,56568.05,56617.25,56568.05,56580.25,0
2026-09-09 10:25:00,56583.2,56583.2,56535.3,56539.25,0
2026-09-09 10:26:00,56540.85,56561.7,56534.25,56551.4,0
2026-09-09 10:27:00,56554.7,56580.35,56549.9,56575.8,0
2026-09-09 10:28:00,56577.85,56582.5,56569.5,56580.25,0
2026-09-09 10:29:00,56583.6,56592.9,56577.25,56585.3,0
2026-09-09 10:30:00,56588.05,56618.8,56584.7,56597.55,0
2026-09-09 10:31:00,56598.7,56602.2,56584.55,56592.6,0
2026-09-09 10:32:00,56592.3,56592.3,56567.85,56567.85,0
2026-09-09 10:33:00,56572.0,56581.35,56558.2,56572.4,0
2026-09-09 10:34:00,56575.0,56575.6,56556.3,56557.9,0
2026-09-09 10:35:00,56560.25,56560.25,56520.0,56522.4,0
2026-09-09 10:36:00,56527.05,56563.3,56516.55,56557.95,0
2026-09-09 10:37:00,56555.25,56567.4,56530.9,56538.75,0
2026-09-09 10:38:00,56539.7,56541.1,56510.4,56513.95,0
2026-09-09 10:39:00,56514.7,56521.55,56502.45,56521.05,0
2026-09-09 10:40:00,56526.6,56529.15,56508.9,56520.15,0
2026-09-09 10:41:00,56524.5,56543.75,56518.35,56539.55,0
2026-09-09 10:42:00,56543.95,56550.1,56526.35,56528.6,0
2026-09-09 10:43:00,56532.65,56536.65,56517.25,56517.25,0
2026-09-09 10:44:00,56524.2,56536.25,56516.5,56528.95,0
2026-09-09 10:45:00,56532.65,56549.05,56524.1,56539.5,0
2026-09-09 10:46:00,56541.95,56563.5,56540.8,56554.55,0
2026-09-09 10:47:00,56553.35,56564.5,56549.25,56554.65,0
2026-09-09 10:48:00,56558.65,56560.8,56543.55,56551.45,0
2026-09-09 10:49:00,56555.3,56558.25,56527.0,56532.1,0
2026-09-09 10:50:00,56535.2,56542.25,56528.8,56535.4,0
2026-09-09 10:51:00,56540.65,56540.65,56524.15,56531.35,0
2026-09-09 10:52:00,56531.5,56543.35,56526.35,56532.0,0
2026-09-09 10:53:00,56534.7,56537.7,56525.8,56533.45,0
2026-09-09 10:54:00,56536.25,56556.15,56525.3,56556.15,0
2026-09-09 10:55:00,56554.45,56565.7,56548.5,56562.1,0
2026-09-09 10:56:00,56563.9,56569.6,56549.3,56555.05,0
2026-09-09 10:57:00,56557.55,56565.65,56550.6,56561.45,0
2026-09-09 10:58:00,56566.2,56576.2,56554.2,56568.75,0
2026-09-09 10:59:00,56571.3,56584.05,56564.65,56582.0,0
2026-09-09 11:00:00,56580.2,56592.4,56570.95,56590.5,0
2026-09-09 11:01:00,56589.75,56615.45,56574.65,56586.7,0
2026-09-09 11:02:00,56586.3,56599.35,56579.15,56579.15,0
2026-09-09 11:03:00,56584.6,56614.3,56578.45,56603.7,0
2026-09-09 11:04:00,56605.1,56605.1,56589.45,56594.95,0
2026-09-09 11:05:00,56597.05,56602.2,56583.75,56585.95,0
2026-09-09 11:06:00,56592.95,56597.65,56562.2,56568.4,0
2026-09-09 11:07:00,56570.8,56586.15,56568.25,56579.45,0
2026-09-09 11:08:00,56579.35,56586.5,56574.75,56580.8,0
2026-09-09 11:09:00,56580.5,56590.1,56574.8,56578.75,0
2026-09-09 11:10:00,56576.65,56590.4,56574.6,56586.4,0
2026-09-09 11:11:00,56586.35,56596.6,56579.4,56592.45,0
2026-09-09 11:12:00,56598.85,56600.0,56578.7,56588.95,0
2026-09-09 11:13:00,56587.7,56591.15,56574.8,56578.65,0
2026-09-09 11:14:00,56578.55,56598.25,56578.2,56582.7,0
2026-09-09 11:15:00,56585.55,56594.15,56576.75,56583.25,0
2026-09-09 11:16:00,56586.5,56589.6,56566.95,56570.7,0
2026-09-09 11:17:00,56573.6,56579.0,56555.5,56555.5,0
2026-09-09 11:18:00,56560.9,56573.5,56540.2,56557.1,0
2026-09-09 11:19:00,56562.95,56576.1,56551.3,56566.2,0
2026-09-09 11:20:00,56570.95,56585.35,56561.15,56568.4,0
2026-09-09 11:21:00,56567.45,56574.95,56559.0,56559.15,0
2026-09-09 11:22:00,56558.65,56570.9,56554.4,56567.8,0
2026-09-09 11:23:00,56564.6,56569.9,56554.4,56556.65,0
2026-09-09 11:24:00,56560.5,56561.1,56544.9,56554.25,0
2026-09-09 11:25:00,56555.4,56574.4,56549.25,56565.1,0
2026-09-09 11:26:00,56569.85,56570.35,56552.3,56562.05,0
2026-09-09 11:27:00,56563.15,56568.35,56553.8,56563.7,0
2026-09-09 11:28:00,56563.55,56569.85,56557.1,56565.2,0
2026-09-09 11:29:00,56568.0,56571.65,56557.7,56563.5,0
2026-09-09 11:30:00,56565.05,56581.85,56561.35,56572.0,0
2026-09-09 11:31:00,56573.85,56577.95,56564.25,56571.2,0
2026-09-09 11:32:00,56572.7,56580.95,56567.75,56574.5,0
2026-09-09 11:33:00,56575.7,56595.2,56570.3,56587.6,0
2026-09-09 11:34:00,56586.65,56590.75,56574.95,56579.3,0
2026-09-09 11:35:00,56580.15,56588.65,56567.5,56573.65,0
2026-09-09 11:36:00,56576.8,56586.6,56571.65,56579.7,0
2026-09-09 11:37:00,56581.1,56581.1,56562.1,56569.0,0
2026-09-09 11:38:00,56570.2,56581.25,56567.4,56570.3,0
2026-09-09 11:39:00,56570.9,56574.55,56556.8,56562.05,0
2026-09-09 11:40:00,56563.1,56570.45,56551.4,56565.5,0
2026-09-09 11:41:00,56566.8,56576.35,56560.25,56569.55,0
2026-09-09 11:42:00,56570.25,56585.0,56567.9,56578.65,0
2026-09-09 11:43:00,56576.95,56586.75,56573.0,56581.65,0
2026-09-09 11:44:00,56583.8,56599.05,56574.85,56586.55,0
2026-09-09 11:45:00,56590.25,56598.3,56579.55,56596.05,0
2026-09-09 11:46:00,56595.15,56595.15,56562.45,56568.5,0
2026-09-09 11:47:00,56568.25,56583.25,56566.7,56581.75,0
2026-09-09 11:48:00,56578.25,56596.3,56570.75,56592.2,0
2026-09-09 11:49:00,56589.8,56591.1,56565.45,56578.45,0
2026-09-09 11:50:00,56577.65,56582.6,56561.65,56569.1,0
2026-09-09 11:51:00,56568.4,56575.95,56555.55,56555.95,0
2026-09-09 11:52:00,56558.3,56562.15,56542.35,56543.2,0
2026-09-09 11:53:00,56546.25,56565.2,56539.6,56563.25,0
2026-09-09 11:54:00,56564.6,56564.6,56548.4,56550.4,0
2026-09-09 11:55:00,56553.05,56553.7,56533.25,56543.85,0
2026-09-09 11:56:00,56550.4,56563.35,56540.75,56546.75,0
2026-09-09 11:57:00,56550.7,56561.0,56544.65,56553.1,0
2026-09-09 11:58:00,56556.1,56557.95,56535.0,56539.1,0
2026-09-09 11:59:00,56539.65,56541.25,56516.45,56527.2,0
2026-09-09 12:00:00,56529.6,56541.55,56522.85,56528.7,0
2026-09-09 12:01:00,56530.35,56532.4,56505.9,56514.75,0
2026-09-09 12:02:00,56510.55,56515.45,56487.55,56493.0,0
2026-09-09 12:03:00,56496.0,56499.05,56483.0,56492.8,0
2026-09-09 12:04:00,56493.65,56504.6,56483.95,56496.2,0
2026-09-09 12:05:00,56496.35,56498.15,56465.4,56466.05,0
2026-09-09 12:06:00,56466.75,56469.55,56449.35,56455.9,0
2026-09-09 12:07:00,56455.95,56464.2,56446.45,56448.55,0
2026-09-09 12:08:00,56452.7,56464.1,56445.05,56457.05,0
2026-09-09 12:09:00,56459.95,56470.55,56452.05,56461.05,0
2026-09-09 12:10:00,56460.5,56466.7,56454.9,56458.95,0
2026-09-09 12:11:00,56457.65,56468.05,56457.35,56463.2,0
2026-09-09 12:12:00,56461.65,56476.45,56456.5,56476.05,0
2026-09-09 12:13:00,56476.7,56485.25,56470.8,56484.1,0
2026-09-09 12:14:00,56484.65,56489.95,56475.2,56483.25,0
2026-09-09 12:15:00,56486.9,56494.1,56474.7,56479.2,0
2026-09-09 12:16:00,56478.0,56482.05,56452.05,56455.0,0
2026-09-09 12:17:00,56456.3,56472.6,56453.0,56470.6,0
2026-09-09 12:18:00,56470.65,56474.7,56452.8,56462.85,0
2026-09-09 12:19:00,56464.0,56470.05,56451.2,56457.75,0
2026-09-09 12:20:00,56460.6,56462.9,56448.8,56454.25,0
2026-09-09 12:21:00,56456.6,56458.85,56438.6,56441.9,0
2026-09-09 12:22:00,56443.55,56448.45,56437.15,56438.25,0
2026-09-09 12:23:00,56439.65,56451.1,56434.6,56445.6,0
2026-09-09 12:24:00,56447.6,56464.95,56446.65,56456.9,0
2026-09-09 12:25:00,56459.45,56465.95,56452.1,56458.7,0
2026-09-09 12:26:00,56463.95,56481.7,56458.2,56476.35,0
2026-09-09 12:27:00,56477.45,56500.4,56473.9,56484.15,0
2026-09-09 12:28:00,56487.5,56499.75,56475.55,56493.6,0
2026-09-09 12:29:00,56495.15,56511.2,56489.75,56505.85,0
2026-09-09 12:30:00,56509.2,56524.25,56509.2,56514.25,0
2026-09-09 12:31:00,56520.45,56526.25,56512.35,56522.65,0
2026-09-09 12:32:00,56521.95,56531.55,56517.3,56530.85,0
2026-09-09 12:33:00,56531.6,56626.65,56528.2,56611.45,0
2026-09-09 12:34:00,56613.2,56667.85,56606.35,56640.0,0
2026-09-09 12:35:00,56638.75,56720.05,56632.75,56675.3,0
2026-09-09 12:36:00,56673.6,56682.45,56661.6,56663.9,0
2026-09-09 12:37:00,56663.6,56690.5,56656.6,56675.2,0
2026-09-09 12:38:00,56680.7,56705.65,56676.15,56683.1,0
2026-09-09 12:39:00,56687.95,56694.55,56674.15,56680.7,0
2026-09-09 12:40:00,56680.0,56691.1,56672.9,56682.5,0
2026-09-09 12:41:00,56682.95,56690.45,56657.95,56684.15,0
2026-09-09 12:42:00,56686.9,56732.75,56680.9,56724.4,0
2026-09-09 12:43:00,56727.95,56737.4,56703.9,56708.2,0
2026-09-09 12:44:00,56712.35,56722.0,56700.95,56709.5,0
2026-09-09 12:45:00,56708.8,56715.3,56687.25,56695.1,0
2026-09-09 12:46:00,56698.55,56709.15,56678.65,56705.85,0
2026-09-09 12:47:00,56709.35,56730.4,56702.0,56718.05,0
2026-09-09 12:48:00,56717.25,56724.2,56700.65,56713.15,0
2026-09-09 12:49:00,56712.15,56726.0,56683.85,56684.65,0
2026-09-09 12:50:00,56690.55,56701.7,56678.7,56687.95,0
2026-09-09 12:51:00,56686.45,56699.35,56682.9,56695.1,0
2026-09-09 12:52:00,56694.65,56720.3,56694.65,56708.65,0
2026-09-09 12:53:00,56711.8,56718.5,56690.2,56696.5,0
2026-09-09 12:54:00,56699.0,56702.85,56671.85,56679.9,0
2026-09-09 12:55:00,56676.1,56683.95,56654.45,56675.8,0
2026-09-09 12:56:00,56673.65,56697.4,56673.65,56695.7,0
2026-09-09 12:57:00,56694.9,56706.35,56684.55,56701.35,0
2026-09-09 12:58:00,56703.1,56705.0,56689.3,56693.25,0
2026-09-09 12:59:00,56694.6,56702.1,56688.2,56694.25,0
2026-09-09 13:00:00,56685.5,56700.2,56676.55,56681.0,0
2026-09-09 13:01:00,56683.95,56689.15,56674.15,56688.35,0
2026-09-09 13:02:00,56686.5,56689.2,56656.1,56668.6,0
2026-09-09 13:03:00,56667.1,56675.4,56652.7,56671.0,0
2026-09-09 13:04:00,56669.4,56677.25,56648.65,56675.05,0
2026-09-09 13:05:00,56677.45,56681.3,56663.9,56672.05,0
2026-09-09 13:06:00,56676.85,56677.9,56660.3,56665.55,0
2026-09-09 13:07:00,56669.05,56694.8,56667.2,56692.75,0
2026-09-09 13:08:00,56692.9,56697.4,56670.0,56674.85,0
2026-09-09 13:09:00,56675.55,56678.1,56654.45,56659.95,0
2026-09-09 13:10:00,56660.75,56663.75,56631.2,56640.7,0
2026-09-09 13:11:00,56643.35,56657.7,56637.0,56645.1,0
2026-09-09 13:12:00,56646.7,56655.35,56614.3,56639.3,0
2026-09-09 13:13:00,56647.35,56647.35,56628.35,56637.2,0
2026-09-09 13:14:00,56640.35,56642.3,56627.3,56640.95,0
2026-09-09 13:15:00,56641.05,56647.75,56624.0,56632.2,0
2026-09-09 13:16:00,56637.1,56646.6,56627.7,56634.3,0
2026-09-09 13:17:00,56631.25,56635.85,56614.0,56623.6,0
2026-09-09 13:18:00,56626.35,56641.35,56617.2,56635.55,0
2026-09-09 13:19:00,56636.5,56643.95,56623.05,56628.25,0
2026-09-09 13:20:00,56629.8,56635.0,56610.25,56631.0,0
2026-09-09 13:21:00,56633.85,56663.3,56630.3,56653.8,0
2026-09-09 13:22:00,56658.05,56665.45,56638.3,56644.7,0
2026-09-09 13:23:00,56647.4,56655.45,56639.05,56652.15,0
2026-09-09 13:24:00,56654.85,56654.85,56633.4,56640.7,0
2026-09-09 13:25:00,56638.65,56649.15,56630.8,56643.45,0
2026-09-09 13:26:00,56643.65,56660.45,56640.1,56647.25,0
2026-09-09 13:27:00,56650.9,56653.05,56634.5,56645.75,0
2026-09-09 13:28:00,56648.15,56650.35,56633.9,56641.1,0
2026-09-09 13:29:00,56646.45,56655.2,56634.0,56645.5,0
2026-09-09 13:30:00,56648.45,56661.3,56639.85,56655.6,0
2026-09-09 13:31:00,56654.1,56659.65,56637.25,56653.8,0
2026-09-09 13:32:00,56651.95,56662.45,56646.45,56651.9,0
2026-09-09 13:33:00,56653.3,56656.35,56632.65,56635.95,0
2026-09-09 13:34:00,56640.3,56641.65,56620.4,56638.1,0
2026-09-09 13:35:00,56638.15,56645.55,56626.25,56638.8,0
2026-09-09 13:36:00,56641.25,56651.45,56626.25,56639.85,0
2026-09-09 13:37:00,56640.05,56652.5,56631.1,56650.95,0
2026-09-09 13:38:00,56652.15,56660.2,56640.75,56657.0,0
2026-09-09 13:39:00,56659.85,56671.0,56655.05,56663.25,0
2026-09-09 13:40:00,56664.45,56667.55,56653.65,56666.2,0
2026-09-09 13:41:00,56669.3,56682.9,56658.1,56682.9,0
2026-09-09 13:42:00,56684.3,56692.85,56680.2,56684.8,0
2026-09-09 13:43:00,56685.5,56690.0,56668.7,56687.6,0
2026-09-09 13:44:00,56689.9,56695.3,56663.75,56671.8,0
2026-09-09 13:45:00,56671.7,56683.3,56660.95,56662.1,0
2026-09-09 13:46:00,56666.4,56667.2,56644.2,56653.55,0
2026-09-09 13:47:00,56652.6,56655.45,56638.8,56647.35,0
2026-09-09 13:48:00,56646.8,56652.65,56640.55,56645.05,0
2026-09-09 13:49:00,56649.65,56659.4,56645.0,56655.65,0
2026-09-09 13:50:00,56657.1,56657.75,56636.4,56647.8,0
2026-09-09 13:51:00,56649.3,56664.15,56645.15,56659.2,0
2026-09-09 13:52:00,56660.65,56665.65,56642.05,56663.95,0
2026-09-09 13:53:00,56665.2,56671.35,56650.85,56656.85,0
2026-09-09 13:54:00,56658.85,56659.35,56631.15,56639.8,0
2026-09-09 13:55:00,56639.1,56645.15,56623.4,56626.35,0
2026-09-09 13:56:00,56628.35,56634.0,56613.9,56631.4,0
2026-09-09 13:57:00,56633.05,56639.25,56618.3,56639.25,0
2026-09-09 13:58:00,56637.6,56653.15,56628.8,56650.75,0
2026-09-09 13:59:00,56653.15,56671.05,56645.3,56667.85,0
2026-09-09 14:00:00,56669.1,56704.1,56669.1,56684.8,0
2026-09-09 14:01:00,56686.25,56721.7,56680.55,56714.05,0
2026-09-09 14:02:00,56715.15,56728.5,56710.25,56726.5,0
2026-09-09 14:03:00,56726.65,56728.75,56700.75,56706.95,0
2026-09-09 14:04:00,56704.75,56715.05,56694.2,56711.15,0
2026-09-09 14:05:00,56712.3,56727.0,56710.1,56724.2,0
2026-09-09 14:06:00,56726.05,56743.05,56721.65,56738.05,0
2026-09-09 14:07:00,56735.75,56738.45,56717.0,56718.45,0
2026-09-09 14:08:00,56725.25,56725.25,56702.35,56716.15,0
2026-09-09 14:09:00,56717.75,56720.7,56692.35,56697.5,0
2026-09-09 14:10:00,56700.9,56700.9,56673.75,56674.0,0
2026-09-09 14:11:00,56677.35,56699.0,56668.75,56683.7,0
2026-09-09 14:12:00,56683.65,56684.95,56666.8,56672.15,0
2026-09-09 14:13:00,56674.1,56681.9,56643.85,56647.85,0
2026-09-09 14:14:00,56648.3,56666.15,56627.95,56659.15,0
2026-09-09 14:15:00,56659.65,56667.5,56643.2,56649.7,0
2026-09-09 14:16:00,56650.35,56667.1,56630.6,56642.55,0
2026-09-09 14:17:00,56644.2,56662.95,56640.85,56651.7,0
2026-09-09 14:18:00,56656.2,56662.05,56643.15,56655.9,0
2026-09-09 14:19:00,56657.2,56667.35,56651.25,56660.5,0
2026-09-09 14:20:00,56661.2,56675.65,56645.25,56664.0,0
2026-09-09 14:21:00,56670.7,56686.6,56662.1,56677.65,0
2026-09-09 14:22:00,56685.1,56689.95,56670.4,56670.65,0
2026-09-09 14:23:00,56678.45,56681.5,56656.85,56661.1,0
2026-09-09 14:24:00,56663.2,56664.5,56644.5,56653.65,0
2026-09-09 14:25:00,56653.7,56665.2,56643.7,56652.85,0
2026-09-09 14:26:00,56654.8,56658.8,56641.7,56647.9,0
2026-09-09 14:27:00,56649.55,56652.6,56627.1,56628.05,0
2026-09-09 14:28:00,56630.45,56660.45,56626.4,56645.4,0
2026-09-09 14:29:00,56651.9,56651.9,56635.2,56641.0,0
2026-09-09 14:30:00,56648.7,56649.55,56612.35,56623.7,0
2026-09-09 14:31:00,56622.85,56636.45,56617.95,56623.9,0
2026-09-09 14:32:00,56630.6,56632.2,56616.65,56617.3,0
2026-09-09 14:33:00,56622.6,56622.6,56596.05,56600.1,0
2026-09-09 14:34:00,56606.25,56606.25,56577.8,56579.55,0
2026-09-09 14:35:00,56578.2,56597.05,56571.45,56577.5,0
2026-09-09 14:36:00,56583.35,56585.55,56561.35,56565.75,0
2026-09-09 14:37:00,56571.95,56571.95,56529.05,56546.8,0
2026-09-09 14:38:00,56548.05,56559.05,56529.65,56539.45,0
2026-09-09 14:39:00,56538.6,56550.75,56527.15,56538.55,0
2026-09-09 14:40:00,56540.2,56543.55,56499.5,56501.8,0
2026-09-09 14:41:00,56504.75,56526.8,56498.9,56507.55,0
2026-09-09 14:42:00,56511.95,56513.9,56494.1,56501.5,0
2026-09-09 14:43:00,56507.7,56516.2,56499.6,56507.05,0
2026-09-09 14:44:00,56509.45,56509.45,56489.75,56496.3,0
2026-09-09 14:45:00,56504.05,56504.3,56463.25,56467.55,0
2026-09-09 14:46:00,56466.2,56477.6,56462.45,56467.4,0
2026-09-09 14:47:00,56467.95,56496.9,56457.1,56486.95,0
2026-09-09 14:48:00,56484.75,56496.95,56480.8,56483.6,0
2026-09-09 14:49:00,56486.95,56496.45,56474.3,56494.1,0
2026-09-09 14:50:00,56491.4,56524.9,56479.2,56509.35,0
2026-09-09 14:51:00,56510.75,56528.4,56490.6,56495.0,0
2026-09-09 14:52:00,56492.85,56503.65,56482.0,56487.65,0
2026-09-09 14:53:00,56483.85,56503.6,56482.75,56502.8,0
2026-09-09 14:54:00,56504.2,56508.75,56482.9,56487.7,0
2026-09-09 14:55:00,56485.0,56497.9,56479.25,56483.35,0
2026-09-09 14:56:00,56485.2,56487.7,56458.3,56461.05,0
2026-09-09 14:57:00,56464.15,56476.75,56462.1,56474.25,0
2026-09-09 14:58:00,56474.75,56478.5,56460.85,56469.15,0
2026-09-09 14:59:00,56472.25,56476.8,56457.95,56476.0,0
2026-09-09 15:00:00,56475.8,56479.1,56467.0,56471.7,0
2026-09-09 15:01:00,56477.15,56485.8,56459.4,56462.8,0
2026-09-09 15:02:00,56462.95,56463.05,56444.2,56446.2,0
2026-09-09 15:03:00,56446.15,56447.2,56418.45,56421.95,0
2026-09-09 15:04:00,56426.05,56426.05,56382.7,56383.95,0
2026-09-09 15:05:00,56385.15,56385.15,56352.7,56375.6,0
2026-09-09 15:06:00,56376.25,56377.7,56347.0,56351.75,0
2026-09-09 15:07:00,56348.5,56378.9,56343.65,56377.55,0
2026-09-09 15:08:00,56374.75,56398.45,56371.8,56397.95,0
2026-09-09 15:09:00,56396.55,56406.85,56389.2,56399.45,0
2026-09-09 15:10:00,56399.1,56405.8,56384.55,56403.55,0
2026-09-09 15:11:00,56402.5,56412.0,56384.85,56396.3,0
2026-09-09 15:12:00,56393.9,56407.2,56381.55,56402.6,0
2026-09-09 15:13:00,56399.45,56408.1,56371.9,56392.15,0
2026-09-09 15:14:00,56390.1,56430.6,56373.9,56379.6,0
2026-09-09 15:28:00,56295.55,56295.55,56295.55,56295.55,0
2026-09-10 09:15:00,56262.75,56467.55,56252.05,56426.5,0
2026-09-10 09:16:00,56426.0,56430.55,56323.85,56329.8,0
2026-09-10 09:17:00,56335.05,56407.9,56331.25,56400.7,0
2026-09-10 09:18:00,56408.45,56509.25,56405.9,56505.75,0
2026-09-10 09:19:00,56511.4,56513.6,56466.85,56487.05,0
2026-09-10 09:20:00,56485.45,56486.95,56438.6,56443.65,0
2026-09-10 09:21:00,56447.5,56503.85,56436.85,56484.45,0
2026-09-10 09:22:00,56491.05,56491.05,56411.8,56415.9,0
2026-09-10 09:23:00,56421.2,56421.2,56381.4,56417.25,0
2026-09-10 09:24:00,56415.45,56477.1,56414.45,56470.75,0
2026-09-10 09:25:00,56468.1,56470.55,56433.75,56443.4,0
2026-09-10 09:26:00,56438.85,56500.8,56431.5,56500.8,0
2026-09-10 09:27:00,56500.9,56531.9,56490.5,56498.0,0
2026-09-10 09:28:00,56502.55,56529.05,56480.5,56523.8,0
2026-09-10 09:29:00,56525.4,56575.15,56522.05,56547.6,0
2026-09-10 09:30:00,56551.65,56552.85,56491.5,56498.35,0
2026-09-10 09:31:00,56499.2,56513.6,56452.95,56506.8,0
2026-09-10 09:32:00,56506.65,56507.3,56482.5,56492.1,0
2026-09-10 09:33:00,56490.45,56513.55,56485.85,56512.5,0
2026-09-10 09:34:00,56512.15,56512.15,56468.15,56487.85,0
2026-09-10 09:35:00,56490.0,56490.0,56460.45,56467.65,0
2026-09-10 09:36:00,56468.35,56492.25,56457.75,56491.0,0
2026-09-10 09:37:00,56489.8,56498.45,56479.25,56488.35,0
2026-09-10 09:38:00,56490.4,56493.25,56470.45,56484.4,0
2026-09-10 09:39:00,56490.7,56505.75,56483.7,56500.5,0
2026-09-10 09:40:00,56503.55,56503.55,56480.6,56492.55,0
2026-09-10 09:41:00,56498.65,56517.0,56481.9,56487.4,0
2026-09-10 09:42:00,56486.05,56509.55,56481.8,56496.65,0
2026-09-10 09:43:00,56501.95,56509.05,56474.65,56477.2,0
2026-09-10 09:44:00,56480.0,56480.0,56460.2,56464.0,0
2026-09-10 09:45:00,56464.1,56483.7,56454.4,56458.4,0
2026-09-10 09:46:00,56456.15,56456.15,56431.45,56444.95,0
2026-09-10 09:47:00,56446.15,56470.35,56433.1,56466.75,0
2026-09-10 09:48:00,56465.95,56474.4,56451.25,56467.15,0
2026-09-10 09:49:00,56468.8,56472.35,56448.6,56468.9,0
2026-09-10 09:50:00,56473.55,56489.9,56469.35,56486.1,0
2026-09-10 09:51:00,56485.9,56499.55,56480.2,56481.65,0
2026-09-10 09:52:00,56484.2,56495.5,56473.35,56483.0,0
2026-09-10 09:53:00,56485.6,56485.6,56454.3,56460.65,0
2026-09-10 09:54:00,56462.0,56473.95,56452.8,56469.85,0
2026-09-10 09:55:00,56468.7,56470.3,56445.9,56451.35,0
2026-09-10 09:56:00,56466.3,56475.55,56451.55,56466.3,0
2026-09-10 09:57:00,56468.75,56474.55,56450.45,56452.75,0
2026-09-10 09:58:00,56458.25,56462.55,56448.35,56456.3,0
2026-09-10 09:59:00,56459.8,56459.8,56429.2,56435.35,0
2026-09-10 10:00:00,56439.65,56444.55,56411.15,56412.6,0
2026-09-10 10:01:00,56417.3,56417.85,56389.8,56390.95,0
2026-09-10 10:02:00,56395.7,56397.45,56374.85,56374.85,0
2026-09-10 10:03:00,56378.3,56391.7,56373.3,56373.3,0
2026-09-10 10:04:00,56378.7,56395.75,56372.15,56383.95,0
2026-09-10 10:05:00,56387.45,56399.75,56380.75,56391.25,0
2026-09-10 10:06:00,56395.65,56398.1,56362.15,56366.85,0
2026-09-10 10:07:00,56369.4,56372.8,56357.0,56360.0,0
2026-09-10 10:08:00,56365.0,56369.65,56346.25,56348.75,0
2026-09-10 10:09:00,56349.05,56377.15,56334.35,56364.85,0
2026-09-10 10:10:00,56365.75,56367.0,56344.0,56352.4,0
2026-09-10 10:11:00,56356.3,56359.6,56338.3,56355.9,0
2026-09-10 10:12:00,56356.8,56363.9,56344.55,56349.95,0
2026-09-10 10:13:00,56350.5,56356.25,56338.25,56347.35,0
2026-09-10 10:14:00,56349.75,56382.7,56340.9,56382.7,0
2026-09-10 10:15:00,56385.5,56438.15,56379.55,56438.05,0
2026-09-10 10:16:00,56441.95,56463.05,56432.8,56460.15,0
2026-09-10 10:17:00,56460.9,56481.5,56453.65,56455.2,0
2026-09-10 10:18:00,56454.3,56477.8,56453.0,56461.1,0
2026-09-10 10:19:00,56461.5,56471.6,56452.75,56458.4,0
2026-09-10 10:20:00,56459.0,56469.4,56455.3,56460.65,0
2026-09-10 10:21:00,56461.5,56463.4,56432.0,56435.65,0
2026-09-10 10:22:00,56438.05,56439.55,56429.45,56439.5,0
2026-09-10 10:23:00,56439.75,56483.05,56435.45,56483.05,0
2026-09-10 10:24:00,56484.6,56484.6,56453.6,56472.6,0
2026-09-10 10:25:00,56474.25,56486.5,56456.55,56485.2,0
2026-09-10 10:26:00,56486.9,56488.75,56467.3,56481.4,0
2026-09-10 10:27:00,56483.7,56491.95,56477.05,56481.0,0
2026-09-10 10:28:00,56479.9,56484.5,56473.35,56476.55,0
2026-09-10 10:29:00,56477.7,56490.7,56471.65,56484.0,0
2026-09-10 10:30:00,56482.6,56491.75,56471.55,56477.6,0
2026-09-10 10:31:00,56478.3,56479.3,56448.4,56452.2,0
2026-09-10 10:32:00,56448.75,56458.5,56445.75,56452.6,0
2026-09-10 10:33:00,56460.1,56477.85,56451.5,56467.85,0
2026-09-10 10:34:00,56471.85,56477.05,56464.35,56466.5,0
2026-09-10 10:35:00,56467.3,56475.0,56461.45,56473.65,0
2026-09-10 10:36:00,56476.1,56482.6,56472.3,56480.95,0
2026-09-10 10:37:00,56481.85,56485.25,56473.7,56475.3,0
2026-09-10 10:38:00,56479.85,56482.15,56469.6,56477.45,0
2026-09-10 10:39:00,56480.2,56487.1,56475.95,56482.65,0
2026-09-10 10:40:00,56483.9,56504.2,56479.45,56493.4,0
2026-09-10 10:41:00,56492.7,56504.95,56470.85,56480.2,0
2026-09-10 10:42:00,56482.5,56484.6,56463.85,56481.65,0
2026-09-10 10:43:00,56483.45,56492.35,56470.1,56475.7,0
2026-09-10 10:44:00,56479.45,56515.75,56472.95,56512.0,0
2026-09-10 10:45:00,56513.65,56516.25,56485.35,56490.65,0
2026-09-10 10:46:00,56491.35,56500.45,56477.05,56483.1,0
2026-09-10 10:47:00,56485.9,56488.0,56458.0,56469.35,0
2026-09-10 10:48:00,56472.05,56473.15,56454.1,56459.35,0
2026-09-10 10:49:00,56460.75,56465.85,56448.65,56454.05,0
2026-09-10 10:50:00,56455.3,56455.75,56418.85,56433.1,0
2026-09-10 10:51:00,56432.2,56447.35,56428.1,56447.35,0
2026-09-10 10:52:00,56448.4,56459.55,56441.9,56442.15,0
2026-09-10 10:53:00,56445.1,56445.7,56421.9,56429.85,0
2026-09-10 10:54:00,56430.1,56432.2,56409.65,56412.65,0
2026-09-10 10:55:00,56416.1,56422.35,56402.5,56403.8,0
2026-09-10 10:56:00,56405.05,56408.5,56394.5,56396.65,0
2026-09-10 10:57:00,56398.95,56425.25,56393.2,56421.8,0
2026-09-10 10:58:00,56429.0,56429.0,56409.55,56419.6,0
2026-09-10 10:59:00,56417.35,56421.15,56410.65,56417.2,0
2026-09-10 11:00:00,56419.65,56440.65,56415.05,56429.25,0
2026-09-10 11:01:00,56431.9,56433.05,56422.1,56426.05,0
2026-09-10 11:02:00,56425.35,56432.55,56418.85,56429.3,0
2026-09-10 11:03:00,56431.8,56448.35,56428.6,56433.3,0
2026-09-10 11:04:00,56432.85,56451.6,56430.4,56443.45,0
2026-09-10 11:05:00,56445.55,56448.45,56427.45,56430.5,0
2026-09-10 11:06:00,56433.25,56457.65,56427.85,56456.25,0
2026-09-10 11:07:00,56454.8,56458.5,56435.3,56446.25,0
2026-09-10 11:08:00,56447.0,56464.85,56443.6,56454.5,0
2026-09-10 11:09:00,56456.35,56456.35,56442.5,56452.9,0
2026-09-10 11:10:00,56455.2,56472.65,56443.25,56461.85,0
2026-09-10 11:11:00,56466.85,56466.85,56449.75,56461.55,0
2026-09-10 11:12:00,56461.35,56476.7,56457.9,56460.95,0
2026-09-10 11:13:00,56466.35,56493.45,56463.25,56486.8,0
2026-09-10 11:14:00,56489.2,56501.85,56477.45,56501.85,0
2026-09-10 11:15:00,56501.4,56525.8,56493.6,56522.6,0
2026-09-10 11:16:00,56523.5,56523.5,56507.6,56508.35,0
2026-09-10 11:17:00,56510.8,56516.3,56504.9,56516.3,0
2026-09-10 11:18:00,56516.15,56520.3,56500.45,56502.1,0
2026-09-10 11:19:00,56503.45,56510.9,56467.8,56473.0,0
2026-09-10 11:20:00,56477.2,56477.2,56440.4,56449.55,0
2026-09-10 11:21:00,56453.8,56463.05,56450.9,56458.65,0
2026-09-10 11:22:00,56455.7,56476.7,56452.2,56475.4,0
2026-09-10 11:23:00,56477.0,56482.1,56465.9,56470.6,0
2026-09-10 11:24:00,56473.1,56478.5,56458.0,56465.9,0
2026-09-10 11:25:00,56469.25,56470.9,56461.5,56468.3,0
2026-09-10 11:26:00,56469.25,56469.8,56461.45,56464.7,0
2026-09-10 11:27:00,56466.9,56467.6,56447.8,56461.55,0
2026-09-10 11:28:00,56462.25,56463.0,56443.5,56448.7,0
2026-09-10 11:29:00,56449.35,56458.25,56442.95,56446.85,0
2026-09-10 11:30:00,56447.0,56466.1,56439.3,56465.4,0
2026-09-10 11:31:00,56466.65,56496.5,56458.4,56486.65,0
2026-09-10 11:32:00,56487.5,56488.75,56452.0,56457.6,0
2026-09-10 11:33:00,56458.7,56458.7,56441.5,56447.3,0
2026-09-10 11:34:00,56448.7,56448.7,56433.25,56439.05,0
2026-09-10 11:35:00,56440.15,56446.95,56427.65,56446.4,0
2026-09-10 11:36:00,56446.65,56448.85,56427.95,56433.35,0
2026-09-10 11:37:00,56430.65,56433.35,56419.5,56424.3,0
2026-09-10 11:38:00,56429.45,56457.75,56426.6,56440.1,0
2026-09-10 11:39:00,56442.9,56450.2,56427.25,56432.5,0
2026-09-10 11:40:00,56437.5,56437.95,56425.5,56434.3,0
2026-09-10 11:41:00,56434.5,56437.35,56419.2,56423.2,0
2026-09-10 11:42:00,56423.4,56426.8,56403.1,56408.6,0
2026-09-10 11:43:00,56409.4,56423.25,56403.75,56420.75,0
2026-09-10 11:44:00,56422.3,56440.75,56415.85,56438.2,0
2026-09-10 11:45:00,56438.8,56452.9,56436.15,56448.1,0
2026-09-10 11:46:00,56449.05,56468.75,56443.65,56457.25,0
2026-09-10 11:47:00,56455.25,56466.45,56451.9,56462.4,0
2026-09-10 11:48:00,56462.2,56469.7,56445.45,56466.3,0
2026-09-10 11:49:00,56469.6,56475.15,56465.3,56471.05,0
2026-09-10 11:50:00,56476.0,56480.5,56464.9,56465.55,0
2026-09-10 11:51:00,56467.65,56468.25,56453.25,56453.25,0
2026-09-10 11:52:00,56456.6,56456.6,56427.35,56443.65,0
2026-09-10 11:53:00,56444.2,56459.4,56439.3,56443.4,0
2026-09-10 11:54:00,56449.4,56450.75,56421.3,56435.1,0
2026-09-10 11:55:00,56436.05,56447.45,56425.0,56440.9,0
2026-09-10 11:56:00,56444.15,56449.35,56430.25,56439.4,0
2026-09-10 11:57:00,56441.3,56461.2,56439.95,56454.7,0
2026-09-10 11:58:00,56456.4,56466.65,56448.3,56462.0,0
2026-09-10 11:59:00,56466.65,56479.35,56456.5,56476.8,0
2026-09-10 12:00:00,56480.5,56483.7,56470.5,56480.65,0
2026-09-10 12:01:00,56482.6,56485.15,56464.15,56467.25,0
2026-09-10 12:02:00,56469.25,56498.4,56467.8,56497.6,0
2026-09-10 12:03:00,56498.2,56500.8,56479.05,56486.15,0
2026-09-10 12:04:00,56484.6,56510.7,56482.25,56500.45,0
2026-09-10 12:05:00,56502.35,56503.8,56486.15,56495.85,0
2026-09-10 12:06:00,56498.9,56505.65,56473.55,56480.95,0
2026-09-10 12:07:00,56484.2,56485.4,56465.4,56474.35,0
2026-09-10 12:08:00,56476.1,56478.9,56454.1,56457.55,0
2026-09-10 12:09:00,56460.6,56461.3,56440.65,56446.3,0
2026-09-10 12:10:00,56447.55,56449.2,56433.75,56444.7,0
2026-09-10 12:11:00,56448.0,56465.25,56442.15,56462.6,0
2026-09-10 12:12:00,56462.75,56490.6,56461.85,56481.2,0
2026-09-10 12:13:00,56485.35,56495.5,56472.65,56487.55,0
2026-09-10 12:14:00,56490.2,56515.05,56489.55,56502.2,0
2026-09-10 12:15:00,56503.85,56517.45,56500.95,56510.8,0
2026-09-10 12:16:00,56520.05,56526.15,56505.8,56519.2,0
2026-09-10 12:17:00,56522.15,56524.6,56499.2,56503.05,0
2026-09-10 12:18:00,56506.45,56508.5,56494.65,56497.45,0
2026-09-10 12:19:00,56499.85,56512.05,56499.85,56507.85,0
2026-09-10 12:20:00,56510.4,56511.55,56483.7,56494.35,0
2026-09-10 12:21:00,56493.05,56516.7,56481.15,56512.3,0
2026-09-10 12:22:00,56515.45,56517.15,56491.6,56499.35,0
2026-09-10 12:23:00,56501.35,56509.1,56474.35,56481.95,0
2026-09-10 12:24:00,56482.15,56491.95,56470.45,56475.45,0
2026-09-10 12:25:00,56477.0,56480.65,56460.9,56478.15,0
2026-09-10 12:26:00,56479.8,56492.25,56473.15,56486.85,0
2026-09-10 12:27:00,56488.8,56490.4,56463.5,56463.5,0
2026-09-10 12:28:00,56468.85,56471.85,56464.05,56471.35,0
2026-09-10 12:29:00,56473.95,56474.45,56452.9,56453.5,0
2026-09-10 12:30:00,56457.6,56462.0,56440.6,56445.5,0
2026-09-10 12:31:00,56448.15,56449.95,56432.35,56438.55,0
2026-09-10 12:32:00,56440.6,56457.7,56434.8,56438.0,0
2026-09-10 12:33:00,56441.15,56451.95,56432.5,56451.55,0
2026-09-10 12:34:00,56453.45,56461.95,56435.6,56444.75,0
2026-09-10 12:35:00,56447.45,56447.45,56424.75,56432.05,0
2026-09-10 12:36:00,56432.65,56441.15,56424.6,56424.6,0
2026-09-10 12:37:00,56430.25,56438.35,56423.0,56437.2,0
2026-09-10 12:38:00,56439.1,56442.4,56432.1,56434.7,0
2026-09-10 12:39:00,56436.25,56455.3,56418.7,56450.25,0
2026-09-10 12:40:00,56452.05,56468.5,56444.4,56462.6,0
2026-09-10 12:41:00,56466.7,56469.55,56443.65,56443.65,0
2026-09-10 12:42:00,56446.7,56493.05,56444.15,56482.0,0
2026-09-10 12:43:00,56481.2,56499.8,56479.7,56485.9,0
2026-09-10 12:44:00,56489.9,56492.2,56467.75,56467.75,0
2026-09-10 12:45:00,56472.1,56485.55,56470.95,56480.6,0
2026-09-10 12:46:00,56483.6,56483.9,56462.15,56466.45,0
2026-09-10 12:47:00,56470.45,56471.15,56446.25,56449.5,0
2026-09-10 12:48:00,56456.0,56457.35,56446.25,56456.45,0
2026-09-10 12:49:00,56461.1,56468.75,56452.25,56460.6,0
2026-09-10 12:50:00,56463.35,56464.2,56446.95,56456.35,0
2026-09-10 12:51:00,56455.0,56456.95,56444.25,56448.7,0
2026-09-10 12:52:00,56449.4,56458.2,56439.7,56439.7,0
2026-09-10 12:53:00,56443.4,56448.75,56436.8,56443.15,0
2026-09-10 12:54:00,56446.95,56448.95,56424.0,56433.25,0
2026-09-10 12:55:00,56436.05,56447.6,56419.95,56429.65,0
2026-09-10 12:56:00,56437.05,56438.1,56411.45,56429.9,0
2026-09-10 12:57:00,56432.6,56435.25,56418.9,56422.15,0
2026-09-10 12:58:00,56425.65,56431.0,56406.6,56412.35,0
2026-09-10 12:59:00,56412.75,56415.65,56371.9,56374.65,0
2026-09-10 13:00:00,56374.3,56387.95,56369.65,56375.15,0
2026-09-10 13:01:00,56374.4,56374.4,56336.25,56358.05,0
2026-09-10 13:02:00,56360.6,56380.75,56348.5,56371.85,0
2026-09-10 13:03:00,56375.9,56381.15,56363.5,56372.6,0
2026-09-10 13:04:00,56374.35,56379.75,56362.65,56367.45,0
2026-09-10 13:05:00,56372.5,56380.25,56343.05,56352.1,0
2026-09-10 13:06:00,56358.0,56359.85,56335.1,56341.4,0
2026-09-10 13:07:00,56348.25,56381.5,56341.4,56364.8,0
2026-09-10 13:08:00,56368.9,56375.85,56359.1,56368.2,0
2026-09-10 13:09:00,56373.4,56393.8,56367.55,56385.8,0
2026-09-10 13:10:00,56387.7,56404.85,56378.95,56398.2,0
2026-09-10 13:11:00,56402.4,56408.8,56387.2,56393.9,0
2026-09-10 13:12:00,56397.7,56402.05,56379.25,56392.85,0
2026-09-10 13:13:00,56396.35,56404.0,56383.35,56399.95,0
2026-09-10 13:14:00,56403.5,56433.75,56396.5,56428.1,0
2026-09-10 13:15:00,56435.15,56435.15,56390.35,56408.1,0
2026-09-10 13:16:00,56406.6,56412.0,56391.25,56392.7,0
2026-09-10 13:17:00,56398.9,56409.7,56390.6,56401.65,0
2026-09-10 13:18:00,56407.65,56421.85,56401.65,56416.55,0
2026-09-10 13:19:00,56419.0,56423.7,56402.0,56408.9,0
2026-09-10 13:20:00,56409.65,56412.65,56393.6,56399.35,0
2026-09-10 13:21:00,56400.85,56422.1,56394.6,56406.35,0
2026-09-10 13:22:00,56410.5,56417.55,56397.3,56401.15,0
2026-09-10 13:23:00,56402.4,56407.15,56392.7,56400.9,0
2026-09-10 13:24:00,56403.05,56411.05,56394.25,56407.75,0
2026-09-10 13:25:00,56408.2,56421.85,56405.8,56409.7,0
2026-09-10 13:26:00,56414.35,56418.15,56398.6,56406.8,0
2026-09-10 13:27:00,56408.9,56413.7,56387.55,56391.1,0
2026-09-10 13:28:00,56395.35,56403.2,56382.45,56399.45,0
2026-09-10 13:29:00,56401.7,56402.3,56378.05,56388.6,0
2026-09-10 13:30:00,56392.5,56394.65,56373.55,56390.5,0
2026-09-10 13:31:00,56393.8,56399.05,56382.4,56391.25,0
2026-09-10 13:32:00,56393.3,56399.7,56385.05,56385.3,0
2026-09-10 13:33:00,56385.4,56390.5,56369.55,56387.2,0
2026-09-10 13:34:00,56388.7,56395.8,56374.3,56385.55,0
2026-09-10 13:35:00,56389.65,56394.15,56368.3,56375.0,0
2026-09-10 13:36:00,56377.85,56385.5,56360.65,56376.6,0
2026-09-10 13:37:00,56374.4,56381.05,56356.75,56364.25,0
2026-09-10 13:38:00,56368.45,56392.85,56364.1,56386.55,0
2026-09-10 13:39:00,56391.3,56405.15,56369.65,56402.25,0
2026-09-10 13:40:00,56403.5,56421.0,56393.55,56413.45,0
2026-09-10 13:41:00,56416.45,56421.2,56402.2,56411.95,0
2026-09-10 13:42:00,56416.0,56422.05,56404.15,56409.5,0
2026-09-10 13:43:00,56414.5,56419.6,56401.0,56409.35,0
2026-09-10 13:44:00,56407.8,56414.75,56394.8,56412.3,0
2026-09-10 13:45:00,56413.15,56416.2,56391.2,56395.65,0
2026-09-10 13:46:00,56400.0,56408.2,56381.1,56395.0,0
2026-09-10 13:47:00,56400.2,56408.45,56387.45,56391.2,0
2026-09-10 13:48:00,56392.75,56396.75,56369.7,56377.5,0
2026-09-10 13:49:00,56381.1,56413.55,56378.5,56396.85,0
2026-09-10 13:50:00,56400.35,56404.9,56381.8,56387.0,0
2026-09-10 13:51:00,56387.9,56396.45,56378.75,56391.8,0
2026-09-10 13:52:00,56392.8,56400.95,56381.35,56393.45,0
2026-09-10 13:53:00,56398.0,56404.15,56384.35,56391.05,0
2026-09-10 13:54:00,56395.0,56396.95,56379.35,56388.75,0
2026-09-10 13:55:00,56394.0,56396.25,56377.35,56381.2,0
2026-09-10 13:56:00,56385.2,56385.85,56366.45,56374.25,0
2026-09-10 13:57:00,56377.7,56383.05,56363.15,56382.6,0
2026-09-10 13:58:00,56383.75,56388.65,56376.45,56383.15,0
2026-09-10 13:59:00,56380.1,56388.8,56373.8,56386.0,0
2026-09-10 14:00:00,56388.35,56404.8,56384.35,56397.05,0
2026-09-10 14:01:00,56401.4,56402.6,56381.65,56388.5,0
2026-09-10 14:02:00,56389.1,56393.6,56370.6,56375.05,0
2026-09-10 14:03:00,56377.6,56388.5,56370.05,56379.15,0
2026-09-10 14:04:00,56382.4,56384.75,56359.15,56365.8,0
2026-09-10 14:05:00,56369.1,56371.45,56349.45,56363.55,0
2026-09-10 14:06:00,56366.65,56383.0,56362.75,56375.4,0
2026-09-10 14:07:00,56377.75,56380.65,56352.6,56363.3,0
2026-09-10 14:08:00,56366.0,56369.65,56345.55,56346.95,0
2026-09-10 14:09:00,56352.75,56361.5,56337.45,56349.6,0
2026-09-10 14:10:00,56351.95,56363.8,56338.75,56344.0,0
2026-09-10 14:11:00,56349.1,56354.2,56331.75,56350.75,0
2026-09-10 14:12:00,56354.2,56358.35,56337.7,56341.45,0
2026-09-10 14:13:00,56344.25,56358.1,56339.85,56355.8,0
2026-09-10 14:14:00,56355.9,56362.65,56342.6,56348.85,0
2026-09-10 14:15:00,56352.3,56352.7,56333.9,56341.35,0
2026-09-10 14:16:00,56342.1,56345.15,56326.55,56338.5,0
2026-09-10 14:17:00,56343.7,56345.85,56321.55,56330.95,0
2026-09-10 14:18:00,56336.75,56336.75,56305.7,56308.75,0
2026-09-10 14:19:00,56312.3,56313.85,56297.55,56310.15,0
2026-09-10 14:20:00,56313.5,56333.25,56306.85,56331.7,0
2026-09-10 14:21:00,56333.65,56355.7,56332.3,56350.2,0
2026-09-10 14:22:00,56353.5,56360.8,56338.5,56344.95,0
2026-09-10 14:23:00,56352.05,56356.05,56337.35,56343.5,0
2026-09-10 14:24:00,56345.35,56355.9,56333.55,56349.25,0
2026-09-10 14:25:00,56355.45,56369.9,56350.3,56362.3,0
2026-09-10 14:26:00,56364.4,56367.75,56335.55,56344.95,0
2026-09-10 14:27:00,56346.4,56352.7,56339.5,56350.15,0
2026-09-10 14:28:00,56352.05,56352.3,56322.8,56332.5,0
2026-09-10 14:29:00,56338.55,56342.35,56328.25,56338.35,0
2026-09-10 14:30:00,56346.7,56352.75,56336.7,56342.7,0
2026-09-10 14:31:00,56344.05,56350.0,56321.95,56331.0,0
2026-09-10 14:32:00,56334.15,56339.15,56324.95,56332.85,0
2026-09-10 14:33:00,56335.35,56338.2,56315.2,56324.0,0
2026-09-10 14:34:00,56323.6,56328.8,56314.75,56319.65,0
2026-09-10 14:35:00,56320.9,56320.9,56294.8,56305.55,0
2026-09-10 14:36:00,56306.5,56307.65,56280.95,56283.4,0
2026-09-10 14:37:00,56287.85,56296.7,56265.65,56270.0,0
2026-09-10 14:38:00,56275.7,56282.65,56263.25,56274.5,0
2026-09-10 14:39:00,56277.35,56288.1,56268.2,56275.6,0
2026-09-10 14:40:00,56275.8,56284.35,56258.05,56269.6,0
2026-09-10 14:41:00,56272.55,56297.1,56267.6,56294.6,0
2026-09-10 14:42:00,56296.0,56312.35,56291.5,56304.4,0
2026-09-10 14:43:00,56308.5,56314.6,56293.4,56299.1,0
2026-09-10 14:44:00,56304.7,56333.5,56303.3,56324.55,0
2026-09-10 14:45:00,56327.8,56336.35,56316.85,56331.15,0
2026-09-10 14:46:00,56329.5,56344.85,56325.35,56341.2,0
2026-09-10 14:47:00,56343.3,56386.15,56335.05,56365.8,0
2026-09-10 14:48:00,56368.5,56373.25,56353.1,56367.35,0
2026-09-10 14:49:00,56369.3,56389.4,56354.8,56386.35,0
2026-09-10 14:50:00,56389.7,56403.55,56382.05,56386.5,0
2026-09-10 14:51:00,56387.45,56392.6,56362.95,56370.95,0
2026-09-10 14:52:00,56370.7,56379.05,56335.7,56344.45,0
2026-09-10 14:53:00,56345.95,56359.5,56331.85,56359.5,0
2026-09-10 14:54:00,56357.0,56358.25,56338.95,56353.1,0
2026-09-10 14:55:00,56355.75,56356.35,56324.75,56334.05,0
2026-09-10 14:56:00,56332.9,56340.15,56314.15,56337.35,0
2026-09-10 14:57:00,56339.65,56343.75,56310.35,56314.95,0
2026-09-10 14:58:00,56315.65,56316.95,56300.15,56310.9,0
2026-09-10 14:59:00,56308.3,56318.7,56304.15,56312.25,0
2026-09-10 15:00:00,56311.1,56313.3,56247.55,56248.15,0
2026-09-10 15:01:00,56249.3,56290.25,56240.0,56279.15,0
2026-09-10 15:02:00,56279.75,56285.65,56262.05,56278.2,0
2026-09-10 15:03:00,56280.75,56287.3,56263.2,56273.85,0
2026-09-10 15:04:00,56274.35,56282.9,56256.7,56267.3,0
2026-09-10 15:05:00,56266.7,56266.7,56247.9,56253.15,0
2026-09-10 15:06:00,56252.45,56254.75,56231.85,56249.6,0
2026-09-10 15:07:00,56242.75,56252.15,56236.1,56243.2,0
2026-09-10 15:08:00,56242.2,56247.7,56232.9,56247.7,0
2026-09-10 15:09:00,56246.45,56261.25,56238.25,56260.15,0
2026-09-10 15:10:00,56256.3,56258.55,56243.5,56254.3,0
2026-09-10 15:11:00,56253.55,56281.2,56249.9,56279.1,0
2026-09-10 15:12:00,56285.75,56289.7,56256.15,56287.1,0
2026-09-10 15:13:00,56294.3,56300.8,56265.4,56282.75,0
2026-09-10 15:14:00,56289.65,56298.35,56255.85,56255.85,0
2026-09-10 15:29:00,56471.95,56471.95,56471.95,56471.95,0
2026-09-11 09:15:00,55970.15,55996.65,55780.1,55802.55,0
2026-09-11 09:16:00,55803.35,55803.35,55710.65,55767.7,0
2026-09-11 09:17:00,55764.35,55769.65,55699.45,55714.05,0
2026-09-11 09:18:00,55714.4,55753.25,55711.75,55742.2,0
2026-09-11 09:19:00,55740.95,55791.7,55738.45,55777.5,0
2026-09-11 09:20:00,55777.05,55784.4,55742.8,55776.9,0
2026-09-11 09:21:00,55784.4,55800.7,55766.85,55787.35,0
2026-09-11 09:22:00,55786.15,55789.95,55770.45,55782.7,0
2026-09-11 09:23:00,55786.85,55796.3,55775.15,55786.2,0
2026-09-11 09:24:00,55788.6,55827.5,55783.3,55822.8,0
2026-09-11 09:25:00,55820.2,55888.65,55807.85,55881.65,0
2026-09-11 09:26:00,55883.85,55948.85,55879.65,55939.55,0
2026-09-11 09:27:00,55941.3,55949.25,55907.05,55944.2,0
2026-09-11 09:28:00,55939.8,55945.8,55904.6,55918.75,0
2026-09-11 09:29:00,55921.8,55935.8,55911.15,55927.2,0
2026-09-11 09:30:00,55924.85,55934.05,55893.85,55893.85,0
2026-09-11 09:31:00,55899.95,55906.2,55888.85,55892.75,0
2026-09-11 09:32:00,55895.7,55898.55,55878.85,55881.95,0
2026-09-11 09:33:00,55880.6,55881.4,55857.25,55861.2,0
2026-09-11 09:34:00,55863.65,55890.55,55862.25,55874.6,0
2026-09-11 09:35:00,55876.15,55880.5,55863.85,55869.7,0
2026-09-11 09:36:00,55867.05,55880.15,55856.9,55873.55,0
2026-09-11 09:37:00,55875.0,55882.05,55859.5,55861.65,0
2026-09-11 09:38:00,55862.25,55880.2,55860.45,55879.65,0
2026-09-11 09:39:00,55880.9,55885.6,55870.4,55870.5,0
2026-09-11 09:40:00,55872.6,55872.6,55848.8,55855.45,0
2026-09-11 09:41:00,55858.0,55858.0,55835.4,55840.2,0
2026-09-11 09:42:00,55842.5,55860.95,55830.6,55833.65,0
2026-09-11 09:43:00,55835.3,55877.45,55835.15,55877.45,0
2026-09-11 09:44:00,55878.75,55889.7,55875.55,55878.7,0
2026-09-11 09:45:00,55879.35,55885.7,55869.1,55874.65,0
2026-09-11 09:46:00,55877.5,55879.05,55854.05,55866.35,0
2026-09-11 09:47:00,55867.85,55869.0,55847.1,55856.5,0
2026-09-11 09:48:00,55857.65,55859.3,55827.2,55831.35,0
2026-09-11 09:49:00,55832.65,55847.65,55826.85,55843.2,0
2026-09-11 09:50:00,55845.45,55872.05,55844.05,55867.8,0
2026-09-11 09:51:00,55868.5,55868.5,55842.15,55844.65,0
2026-09-11 09:52:00,55847.65,55852.25,55827.85,55844.8,0
2026-09-11 09:53:00,55848.95,55852.85,55832.85,55835.75,0
2026-09-11 09:54:00,55837.6,55867.0,55833.15,55862.6,0
2026-09-11 09:55:00,55863.2,55900.6,55859.25,55889.3,0
2026-09-11 09:56:00,55895.4,55925.65,55892.7,55911.25,0
2026-09-11 09:57:00,55914.35,55925.0,55906.0,55915.95,0
2026-09-11 09:58:00,55919.2,55919.2,55903.25,55915.7,0
2026-09-11 09:59:00,55915.95,55917.3,55904.1,55908.4,0
2026-09-11 10:00:00,55906.6,55912.95,55898.0,55901.7,0
2026-09-11 10:01:00,55900.1,55903.35,55890.35,55898.0,0
2026-09-11 10:02:00,55900.7,55908.5,55894.3,55907.4,0
2026-09-11 10:03:00,55903.2,55955.0,55903.2,55950.85,0
2026-09-11 10:04:00,55953.6,55972.15,55943.6,55953.9,0
2026-09-11 10:05:00,55957.3,55976.65,55957.25,55976.55,0
2026-09-11 10:06:00,55974.35,55976.9,55954.1,55956.0,0
2026-09-11 10:07:00,55958.65,55968.4,55950.4,55953.6,0
2026-09-11 10:08:00,55953.55,55975.75,55950.35,55973.15,0
2026-09-11 10:09:00,55971.3,55988.25,55971.0,55980.7,0
2026-09-11 10:10:00,55981.05,55983.95,55968.3,55978.6,0
2026-09-11 10:11:00,55979.2,55985.45,55969.7,55974.75,0
2026-09-11 10:12:00,55976.05,55981.9,55968.3,55981.4,0
2026-09-11 10:13:00,55981.65,56015.45,55973.55,56009.3,0
2026-09-11 10:14:00,56010.65,56024.85,56006.3,56022.25,0
2026-09-11 10:15:00,56022.0,56031.25,56004.9,56014.85,0
2026-09-11 10:16:00,56014.25,56026.2,56007.95,56010.5,0
2026-09-11 10:17:00,56015.55,56026.4,56007.75,56023.95,0
2026-09-11 10:18:00,56026.95,56036.45,56014.45,56022.35,0
2026-09-11 10:19:00,56027.45,56028.5,56013.95,56016.85,0
2026-09-11 10:20:00,56020.6,56027.4,56010.5,56027.4,0
2026-09-11 10:21:00,56031.45,56057.25,56025.7,56043.95,0
2026-09-11 10:22:00,56047.25,56088.1,56038.55,56081.35,0
2026-09-11 10:23:00,56085.95,56092.45,56069.85,56069.85,0
2026-09-11 10:24:00,56074.15,56076.75,56048.55,56050.1,0
2026-09-11 10:25:00,56055.3,56055.3,56033.8,56037.95,0
2026-09-11 10:26:00,56038.75,56041.95,56031.6,56036.25,0
2026-09-11 10:27:00,56039.1,56039.1,56001.15,56002.1,0
2026-09-11 10:28:00,56002.8,56006.35,55975.6,55980.75,0
2026-09-11 10:29:00,55981.85,55996.1,55978.85,55982.05,0
2026-09-11 10:30:00,55981.05,55984.25,55962.8,55963.45,0
2026-09-11 10:31:00,55964.9,55985.55,55963.1,55981.05,0
2026-09-11 10:32:00,55982.95,55991.3,55974.65,55979.75,0
2026-09-11 10:33:00,55980.05,55981.05,55963.1,55963.65,0
2026-09-11 10:34:00,55965.35,56000.95,55954.5,55992.95,0
2026-09-11 10:35:00,55996.75,56008.05,55988.1,56001.95,0
2026-09-11 10:36:00,56002.65,56017.6,56001.45,56015.9,0
2026-09-11 10:37:00,56014.4,56031.5,56005.1,56021.55,0
2026-09-11 10:38:00,56027.05,56030.75,56016.55,56028.1,0
2026-09-11 10:39:00,56030.0,56038.45,56023.15,56033.4,0
2026-09-11 10:40:00,56034.5,56038.3,56021.9,56035.2,0
2026-09-11 10:41:00,56035.35,56043.4,56019.0,56032.9,0
2026-09-11 10:42:00,56034.3,56035.55,56025.2,56034.45,0
2026-09-11 10:43:00,56035.8,56039.4,56020.85,56028.65,0
2026-09-11 10:44:00,56028.75,56043.05,56023.8,56041.15,0
2026-09-11 10:45:00,56045.05,56075.35,56034.85,56034.85,0
2026-09-11 10:46:00,56037.75,56040.45,56021.35,56030.75,0
2026-09-11 10:47:00,56029.75,56032.65,56022.25,56031.45,0
2026-09-11 10:48:00,56028.65,56031.0,56002.5,56009.95,0
2026-09-11 10:49:00,56015.05,56019.05,56006.25,56007.95,0
2026-09-11 10:50:00,56010.2,56010.2,55981.7,55988.6,0
2026-09-11 10:51:00,55985.15,56005.05,55984.3,55999.6,0
2026-09-11 10:52:00,56001.85,56001.85,55987.2,55988.75,0
2026-09-11 10:53:00,55987.9,55992.2,55968.3,55981.0,0
2026-09-11 10:54:00,55977.65,55984.6,55975.1,55977.2,0
2026-09-11 10:55:00,55979.15,55981.0,55957.65,55959.15,0
2026-09-11 10:56:00,55959.1,55963.05,55950.2,55952.05,0
2026-09-11 10:57:00,55950.9,55963.75,55947.7,55954.8,0
2026-09-11 10:58:00,55957.2,55959.0,55947.85,55955.2,0
2026-09-11 10:59:00,55959.25,55965.75,55953.0,55957.95,0
2026-09-11 11:00:00,55958.45,55979.9,55952.05,55969.0,0
2026-09-11 11:01:00,55973.45,55979.1,55967.2,55973.35,0
2026-09-11 11:02:00,55976.6,55986.35,55971.5,55986.35,0
2026-09-11 11:03:00,55983.85,55997.1,55970.1,55974.45,0
2026-09-11 11:04:00,55977.4,55981.45,55973.1,55974.75,0
2026-09-11 11:05:00,55976.65,55979.5,55963.7,55971.7,0
2026-09-11 11:06:00,55974.0,55987.1,55966.3,55984.65,0
2026-09-11 11:07:00,55986.5,56014.35,55985.4,56008.4,0
2026-09-11 11:08:00,56004.8,56019.6,55986.8,55993.65,0
2026-09-11 11:09:00,55995.15,56041.65,55990.9,56040.45,0
2026-09-11 11:10:00,56043.0,56058.9,56035.3,56051.9,0
2026-09-11 11:11:00,56060.25,56071.55,56055.3,56061.5,0
2026-09-11 11:12:00,56062.9,56108.7,56059.55,56099.95,0
2026-09-11 11:13:00,56102.8,56176.05,56099.55,56165.7,0
2026-09-11 11:14:00,56167.45,56220.7,56167.05,56203.05,0
2026-09-11 11:15:00,56202.3,56205.65,56142.35,56142.35,0
2026-09-11 11:16:00,56151.5,56187.3,56143.05,56187.15,0
2026-09-11 11:17:00,56188.9,56241.45,56187.6,56200.1,0
2026-09-11 11:18:00,56206.4,56208.45,56188.3,56191.95,0
2026-09-11 11:19:00,56195.5,56195.95,56174.4,56192.45,0
2026-09-11 11:20:00,56195.15,56199.1,56159.75,56164.9,0
2026-09-11 11:21:00,56166.15,56199.75,56157.5,56194.95,0
2026-09-11 11:22:00,56196.3,56213.85,56191.4,56206.55,0
2026-09-11 11:23:00,56209.55,56243.75,56202.4,56237.8,0
2026-09-11 11:24:00,56238.75,56263.05,56235.45,56236.9,0
2026-09-11 11:25:00,56243.25,56245.5,56210.9,56211.65,0
2026-09-11 11:26:00,56211.55,56211.85,56189.5,56196.65,0
2026-09-11 11:27:00,56197.75,56200.65,56178.1,56197.2,0
2026-09-11 11:28:00,56193.6,56198.75,56180.35,56185.65,0
2026-09-11 11:29:00,56191.35,56191.35,56174.0,56174.5,0
2026-09-11 11:30:00,56176.25,56181.8,56160.2,56161.3,0
2026-09-11 11:31:00,56166.7,56170.35,56156.5,56158.0,0
2026-09-11 11:32:00,56159.9,56176.9,56148.25,56169.25,0
2026-09-11 11:33:00,56173.4,56192.7,56166.9,56191.75,0
2026-09-11 11:34:00,56193.8,56198.55,56181.85,56189.65,0
2026-09-11 11:35:00,56190.2,56195.55,56161.9,56163.2,0
2026-09-11 11:36:00,56165.15,56203.5,56163.2,56194.9,0
2026-09-11 11:37:00,56199.25,56200.25,56183.9,56190.4,0
2026-09-11 11:38:00,56191.1,56210.15,56182.35,56187.35,0
2026-09-11 11:39:00,56185.55,56192.15,56159.15,56159.5,0
2026-09-11 11:40:00,56162.2,56184.85,56157.85,56178.65,0
2026-09-11 11:41:00,56178.95,56199.7,56176.0,56181.4,0
2026-09-11 11:42:00,56184.15,56187.75,56171.2,56175.25,0
2026-09-11 11:43:00,56176.45,56190.65,56173.1,56186.95,0
2026-09-11 11:44:00,56191.05,56218.4,56189.0,56207.6,0
2026-09-11 11:45:00,56211.9,56221.3,56190.9,56191.7,0
2026-09-11 11:46:00,56191.55,56230.0,56191.55,56203.7,0
2026-09-11 11:47:00,56207.15,56211.75,56198.55,56201.85,0
2026-09-11 11:48:00,56205.65,56209.2,56185.45,56188.35,0
2026-09-11 11:49:00,56189.25,56191.25,56178.9,56187.1,0
2026-09-11 11:50:00,56190.55,56197.7,56179.9,56189.55,0
2026-09-11 11:51:00,56192.55,56207.0,56187.25,56195.7,0
2026-09-11 11:52:00,56198.4,56200.55,56169.45,56174.85,0
2026-09-11 11:53:00,56177.2,56185.55,56154.85,56162.35,0
2026-09-11 11:54:00,56166.3,56181.05,56166.3,56176.15,0
2026-09-11 11:55:00,56178.5,56180.75,56158.55,56164.2,0
2026-09-11 11:56:00,56168.25,56195.95,56165.85,56189.0,0
2026-09-11 11:57:00,56192.85,56195.85,56148.6,56148.6,0
2026-09-11 11:58:00,56152.65,56159.05,56142.25,56151.3,0
2026-09-11 11:59:00,56155.45,56173.15,56153.65,56165.6,0
2026-09-11 12:00:00,56169.35,56188.8,56164.8,56177.2,0
2026-09-11 12:01:00,56181.35,56182.9,56162.0,56166.1,0
2026-09-11 12:02:00,56168.8,56173.6,56153.0,56155.95,0
2026-09-11 12:03:00,56157.4,56163.85,56145.1,56146.15,0
2026-09-11 12:04:00,56150.15,56161.85,56144.8,56151.1,0
2026-09-11 12:05:00,56152.65,56164.2,56150.75,56153.2,0
2026-09-11 12:06:00,56160.45,56162.3,56147.8,56150.55,0
2026-09-11 12:07:00,56156.7,56156.9,56141.05,56146.2,0
2026-09-11 12:08:00,56145.55,56154.85,56142.75,56143.4,0
2026-09-11 12:09:00,56147.3,56147.3,56129.75,56134.2,0
2026-09-11 12:10:00,56136.8,56140.25,56097.7,56101.0,0
2026-09-11 12:11:00,56102.35,56114.2,56093.75,56108.7,0
2026-09-11 12:12:00,56112.45,56114.7,56087.0,56087.0,0
2026-09-11 12:13:00,56093.9,56096.85,56073.9,56077.3,0
2026-09-11 12:14:00,56083.5,56103.75,56080.05,56095.25,0
2026-09-11 12:15:00,56099.6,56107.7,56075.5,56076.35,0
2026-09-11 12:16:00,56080.6,56095.65,56076.9,56086.95,0
2026-09-11 12:17:00,56091.9,56110.45,56089.65,56098.9,0
2026-09-11 12:18:00,56102.35,56120.45,56100.2,56115.35,0
2026-09-11 12:19:00,56114.1,56121.85,56106.0,56117.75,0
2026-09-11 12:20:00,56123.8,56127.0,56110.05,56117.9,0
2026-09-11 12:21:00,56122.0,56128.8,56115.4,56119.75,0
2026-09-11 12:22:00,56124.6,56129.55,56116.05,56116.05,0
2026-09-11 12:23:00,56120.6,56140.8,56117.1,56134.0,0
2026-09-11 12:24:00,56137.85,56162.8,56131.55,56158.05,0
2026-09-11 12:25:00,56161.9,56165.05,56136.0,56136.5,0
2026-09-11 12:26:00,56140.15,56146.65,56132.45,56136.65,0
2026-09-11 12:27:00,56138.85,56152.7,56137.35,56145.7,0
2026-09-11 12:28:00,56148.85,56151.1,56138.2,56139.65,0
2026-09-11 12:29:00,56143.15,56154.5,56138.7,56140.65,0
2026-09-11 12:30:00,56144.1,56167.8,56136.75,56157.2,0
2026-09-11 12:31:00,56154.8,56165.25,56148.4,56151.5,0
2026-09-11 12:32:00,56150.8,56165.3,56150.8,56160.1,0
2026-09-11 12:33:00,56163.9,56169.85,56155.6,56160.8,0
2026-09-11 12:34:00,56165.1,56192.75,56161.2,56183.25,0
2026-09-11 12:35:00,56187.9,56204.7,56176.35,56203.9,0
2026-09-11 12:36:00,56205.95,56221.35,56193.75,56195.55,0
2026-09-11 12:37:00,56197.8,56239.0,56197.3,56231.25,0
2026-09-11 12:38:00,56234.35,56251.8,56219.1,56228.95,0
2026-09-11 12:39:00,56230.85,56230.85,56208.15,56211.95,0
2026-09-11 12:40:00,56215.65,56223.05,56200.9,56210.55,0
2026-09-11 12:41:00,56214.55,56226.15,56198.8,56219.05,0
2026-09-11 12:42:00,56221.0,56245.85,56218.5,56243.75,0
2026-09-11 12:43:00,56234.45,56263.75,56234.45,56246.05,0
2026-09-11 12:44:00,56251.3,56251.3,56233.05,56234.8,0
2026-09-11 12:45:00,56237.4,56247.65,56219.15,56219.15,0
2026-09-11 12:46:00,56226.95,56230.9,56213.65,56220.05,0
2026-09-11 12:47:00,56223.95,56236.85,56215.5,56220.5,0
2026-09-11 12:48:00,56223.85,56233.95,56210.6,56230.55,0
2026-09-11 12:49:00,56234.25,56249.0,56232.8,56246.6,0
2026-09-11 12:50:00,56247.7,56256.15,56234.4,56242.2,0
2026-09-11 12:51:00,56245.3,56251.55,56241.15,56247.65,0
2026-09-11 12:52:00,56248.95,56304.4,56242.65,56297.25,0
2026-09-11 12:53:00,56297.4,56309.25,56287.8,56302.3,0
2026-09-11 12:54:00,56305.5,56305.5,56279.05,56281.95,0
2026-09-11 12:55:00,56285.45,56299.4,56279.2,56296.1,0
2026-09-11 12:56:00,56297.95,56299.25,56271.65,56279.55,0
2026-09-11 12:57:00,56276.45,56296.25,56275.85,56288.4,0
2026-09-11 12:58:00,56289.7,56311.5,56288.15,56301.65,0
2026-09-11 12:59:00,56304.85,56307.9,56284.05,56288.6,0
2026-09-11 13:00:00,56291.8,56294.15,56261.9,56263.15,0
2026-09-11 13:01:00,56266.3,56267.5,56242.35,56249.65,0
2026-09-11 13:02:00,56254.85,56269.1,56232.75,56257.15,0
2026-09-11 13:03:00,56256.55,56260.1,56229.4,56236.35,0
2026-09-11 13:04:00,56241.15,56242.2,56213.45,56216.7,0
2026-09-11 13:05:00,56216.15,56217.7,56195.9,56205.3,0
2026-09-11 13:06:00,56207.55,56214.7,56195.8,56202.55,0
2026-09-11 13:07:00,56208.7,56217.2,56200.4,56216.6,0
2026-09-11 13:08:00,56218.8,56227.5,56210.95,56222.95,0
2026-09-11 13:09:00,56222.7,56226.35,56193.7,56200.2,0
2026-09-11 13:10:00,56201.35,56207.3,56190.1,56192.65,0
2026-09-11 13:11:00,56196.95,56196.95,56171.65,56189.9,0
2026-09-11 13:12:00,56192.5,56203.7,56186.25,56190.85,0
2026-09-11 13:13:00,56196.05,56214.7,56193.7,56206.9,0
2026-09-11 13:14:00,56209.85,56237.45,56205.85,56230.65,0
2026-09-11 13:15:00,56234.5,56237.35,56219.45,56221.9,0
2026-09-11 13:16:00,56222.65,56236.95,56219.9,56230.5,0
2026-09-11 13:17:00,56228.8,56245.2,56222.45,56238.5,0
2026-09-11 13:18:00,56236.95,56238.45,56218.1,56220.35,0
2026-09-11 13:19:00,56217.25,56222.7,56205.5,56210.55,0
2026-09-11 13:20:00,56212.7,56219.0,56198.0,56204.2,0
2026-09-11 13:21:00,56208.3,56224.2,56200.65,56216.4,0
2026-09-11 13:22:00,56220.15,56229.85,56208.75,56227.3,0
2026-09-11 13:23:00,56227.75,56255.75,56218.4,56251.5,0
2026-09-11 13:24:00,56252.1,56259.45,56241.65,56255.35,0
2026-09-11 13:25:00,56257.05,56257.05,56234.05,56245.05,0
2026-09-11 13:26:00,56251.2,56259.05,56237.5,56252.55,0
2026-09-11 13:27:00,56256.55,56289.65,56248.15,56279.0,0
2026-09-11 13:28:00,56280.2,56298.1,56277.5,56291.65,0
2026-09-11 13:29:00,56298.45,56342.45,56292.55,56334.1,0
2026-09-11 13:30:00,56336.75,56336.75,56303.1,56322.4,0
2026-09-11 13:31:00,56325.5,56332.35,56306.05,56328.35,0
2026-09-11 13:32:00,56329.8,56356.15,56328.2,56353.55,0
2026-09-11 13:33:00,56355.5,56357.4,56333.8,56350.1,0
2026-09-11 13:34:00,56352.15,56357.55,56337.7,56348.6,0
2026-09-11 13:35:00,56351.05,56351.05,56315.75,56325.4,0
2026-09-11 13:36:00,56332.25,56332.25,56309.45,56314.6,0
2026-09-11 13:37:00,56319.8,56322.6,56298.05,56306.8,0
2026-09-11 13:38:00,56309.45,56333.3,56305.7,56316.9,0
2026-09-11 13:39:00,56320.3,56333.8,56290.5,56295.35,0
2026-09-11 13:40:00,56298.0,56320.9,56295.95,56309.6,0
2026-09-11 13:41:00,56310.45,56322.8,56234.35,56251.8,0
2026-09-11 13:42:00,56253.6,56323.6,56248.05,56321.55,0
2026-09-11 13:43:00,56326.85,56328.9,56302.95,56321.1,0
2026-09-11 13:44:00,56323.7,56336.15,56314.35,56324.95,0
2026-09-11 13:45:00,56328.05,56330.05,56263.25,56267.25,0
2026-09-11 13:46:00,56269.95,56294.9,56263.6,56292.95,0
2026-09-11 13:47:00,56296.65,56326.85,56287.15,56323.35,0
2026-09-11 13:48:00,56324.6,56345.7,56314.75,56323.2,0
2026-09-11 13:49:00,56328.0,56352.4,56314.85,56350.25,0
2026-09-11 13:50:00,56348.7,56376.0,56346.5,56370.9,0
2026-09-11 13:51:00,56382.75,56403.25,56361.7,56390.25,0
2026-09-11 13:52:00,56392.95,56396.75,56355.25,56367.45,0
2026-09-11 13:53:00,56367.75,56376.95,56359.55,56369.25,0
2026-09-11 13:54:00,56370.45,56467.4,56347.95,56353.2,0
2026-09-11 13:55:00,56354.15,56454.4,56348.35,56436.45,0
2026-09-11 13:56:00,56439.2,56456.8,56404.75,56450.15,0
2026-09-11 13:57:00,56472.65,56497.7,56450.25,56479.4,0
2026-09-11 13:58:00,56483.55,56486.6,56421.15,56454.45,0
2026-09-11 13:59:00,56455.5,56485.2,56452.6,56478.8,0
2026-09-11 14:00:00,56476.6,56500.0,56445.95,56485.85,0
2026-09-11 14:01:00,56491.55,56491.55,56455.3,56468.4,0
2026-09-11 14:02:00,56470.95,56606.45,56466.05,56581.35,0
2026-09-11 14:03:00,56581.55,56628.1,56577.6,56588.7,0
2026-09-11 14:04:00,56590.9,56598.75,56561.75,56586.4,0
2026-09-11 14:05:00,56590.55,56592.6,56540.45,56547.2,0
2026-09-11 14:06:00,56552.85,56557.3,56505.65,56545.65,0
2026-09-11 14:07:00,56546.35,56546.35,56516.85,56527.2,0
2026-09-11 14:08:00,56529.45,56536.5,56492.25,56495.55,0
2026-09-11 14:09:00,56502.4,56543.2,56489.7,56524.8,0
2026-09-11 14:10:00,56531.05,56531.05,56513.25,56520.9,0
2026-09-11 14:11:00,56525.05,56542.9,56506.75,56540.0,0
2026-09-11 14:12:00,56543.7,56544.75,56525.1,56534.1,0
2026-09-11 14:13:00,56536.65,56539.55,56518.6,56525.45,0
2026-09-11 14:14:00,56526.45,56551.8,56508.7,56547.45,0
2026-09-11 14:15:00,56550.25,56559.4,56524.15,56528.75,0
2026-09-11 14:16:00,56530.45,56530.45,56482.9,56500.35,0
2026-09-11 14:17:00,56506.7,56507.05,56479.35,56493.55,0
2026-09-11 14:18:00,56499.3,56499.65,56468.7,56474.95,0
2026-09-11 14:19:00,56475.85,56482.65,56465.8,56474.3,0
2026-09-11 14:20:00,56470.9,56487.05,56461.25,56467.0,0
2026-09-11 14:21:00,56470.0,56501.15,56465.75,56491.5,0
2026-09-11 14:22:00,56491.1,56511.75,56484.0,56492.1,0
2026-09-11 14:23:00,56499.4,56515.95,56480.2,56488.55,0
2026-09-11 14:24:00,56491.2,56519.15,56480.8,56514.3,0
2026-09-11 14:25:00,56515.15,56519.05,56503.75,56513.85,0
2026-09-11 14:26:00,56514.7,56539.05,56511.05,56539.05,0
2026-09-11 14:27:00,56538.6,56542.65,56512.45,56529.05,0
2026-09-11 14:28:00,56528.15,56555.85,56517.3,56539.9,0
2026-09-11 14:29:00,56539.0,56548.75,56530.35,56544.35,0
2026-09-11 14:30:00,56544.45,56557.25,56531.2,56548.0,0
2026-09-11 14:31:00,56555.65,56579.7,56543.75,56569.65,0
2026-09-11 14:32:00,56576.05,56583.15,56538.3,56545.2,0
2026-09-11 14:33:00,56549.65,56554.95,56524.8,56550.0,0
2026-09-11 14:34:00,56547.2,56568.45,56537.35,56559.25,0
2026-09-11 14:35:00,56561.25,56635.35,56561.25,56628.9,0
2026-09-11 14:36:00,56628.2,56628.9,56590.2,56614.6,0
2026-09-11 14:37:00,56619.25,56629.2,56575.9,56579.4,0
2026-09-11 14:38:00,56580.1,56586.7,56555.8,56559.0,0
2026-09-11 14:39:00,56560.65,56587.65,56538.2,56580.4,0
2026-09-11 14:40:00,56584.3,56589.9,56558.1,56558.1,0
2026-09-11 14:41:00,56564.55,56604.75,56558.45,56585.7,0
2026-09-11 14:42:00,56589.35,56615.5,56580.9,56606.0,0
2026-09-11 14:43:00,56608.75,56611.2,56591.6,56602.95,0
2026-09-11 14:44:00,56597.7,56603.95,56583.6,56596.85,0
2026-09-11 14:45:00,56598.1,56604.1,56579.9,56591.05,0
2026-09-11 14:46:00,56597.7,56600.45,56583.1,56586.4,0
2026-09-11 14:47:00,56591.45,56606.35,56575.6,56602.75,0
2026-09-11 14:48:00,56607.55,56626.75,56584.15,56617.55,0
2026-09-11 14:49:00,56615.35,56621.45,56595.55,56615.05,0
2026-09-11 14:50:00,56615.0,56640.25,56610.1,56626.4,0
2026-09-11 14:51:00,56628.85,56634.1,56599.2,56607.15,0
2026-09-11 14:52:00,56608.0,56613.35,56586.9,56602.4,0
2026-09-11 14:53:00,56603.95,56621.55,56593.05,56605.4,0
2026-09-11 14:54:00,56606.55,56608.45,56584.9,56596.95,0
2026-09-11 14:55:00,56597.6,56620.7,56589.15,56617.2,0
2026-09-11 14:56:00,56618.85,56625.85,56606.5,56606.5,0
2026-09-11 14:57:00,56609.85,56609.85,56583.1,56587.2,0
2026-09-11 14:58:00,56593.0,56612.35,56587.1,56597.3,0
2026-09-11 14:59:00,56600.4,56600.4,56573.35,56580.05,0
2026-09-11 15:00:00,56577.55,56592.75,56575.25,56592.1,0
2026-09-11 15:01:00,56591.95,56611.4,56558.15,56561.05,0
2026-09-11 15:02:00,56568.35,56573.4,56557.2,56565.3,0
2026-09-11 15:03:00,56571.15,56577.7,56539.5,56539.5,0
2026-09-11 15:04:00,56544.15,56544.95,56525.2,56533.0,0
2026-09-11 15:05:00,56538.55,56538.55,56503.2,56515.5,0
2026-09-11 15:06:00,56518.8,56543.8,56504.25,56539.3,0
2026-09-11 15:07:00,56542.15,56580.35,56534.75,56578.3,0
2026-09-11 15:08:00,56580.15,56587.05,56563.15,56568.45,0
2026-09-11 15:09:00,56572.5,56593.8,56565.4,56586.35,0
2026-09-11 15:10:00,56583.75,56596.7,56579.0,56595.85,0
2026-09-11 15:11:00,56594.55,56604.6,56585.45,56595.4,0
2026-09-11 15:12:00,56604.05,56626.25,56593.75,56609.45,0
2026-09-11 15:13:00,56610.85,56635.55,56603.2,56618.45,0
2026-09-11 15:14:00,56615.55,56645.85,56604.55,56625.9,0
2026-09-11 15:29:00,56606.55,56606.55,56606.55,56606.55,0
2026-09-15 09:15:00,56884.25,56996.35,56684.7,56705.8,0
2026-09-15 09:16:00,56700.3,56744.6,56686.8,56706.95,0
2026-09-15 09:17:00,56713.1,56747.5,56691.2,56705.2,0
2026-09-15 09:18:00,56685.15,56726.05,56631.7,56720.45,0
2026-09-15 09:19:00,56718.85,56725.25,56636.55,56660.0,0
2026-09-15 09:20:00,56653.6,56653.9,56602.2,56637.9,0
2026-09-15 09:21:00,56632.95,56694.5,56625.6,56682.9,0
2026-09-15 09:22:00,56681.65,56682.9,56616.75,56621.9,0
2026-09-15 09:23:00,56618.75,56633.6,56608.8,56627.2,0
2026-09-15 09:24:00,56625.85,56643.4,56562.6,56564.65,0
2026-09-15 09:25:00,56558.95,56571.55,56541.2,56557.8,0
2026-09-15 09:26:00,56555.85,56570.55,56546.5,56560.05,0
2026-09-15 09:27:00,56556.3,56582.5,56517.1,56529.25,0
2026-09-15 09:28:00,56527.9,56533.25,56515.95,56518.95,0
2026-09-15 09:29:00,56521.85,56533.0,56506.9,56533.0,0
2026-09-15 09:30:00,56528.5,56530.15,56488.1,56526.55,0
2026-09-15 09:31:00,56526.15,56544.9,56490.65,56492.35,0
2026-09-15 09:32:00,56497.05,56511.1,56463.5,56494.4,0
2026-09-15 09:33:00,56496.15,56499.1,56459.9,56486.05,0
2026-09-15 09:34:00,56484.85,56493.15,56469.85,56475.1,0
2026-09-15 09:35:00,56476.2,56487.95,56444.55,56452.75,0
2026-09-15 09:36:00,56451.4,56451.4,56401.65,56416.6,0
2026-09-15 09:37:00,56412.45,56453.5,56410.9,56430.55,0
2026-09-15 09:38:00,56424.65,56441.7,56415.65,56423.95,0
2026-09-15 09:39:00,56423.9,56478.8,56422.9,56478.8,0
2026-09-15 09:40:00,56474.85,56497.8,56466.3,56482.8,0
2026-09-15 09:41:00,56485.9,56497.6,56474.15,56491.4,0
2026-09-15 09:42:00,56488.8,56497.75,56477.9,56479.0,0
2026-09-15 09:43:00,56481.3,56506.8,56473.25,56495.65,0
2026-09-15 09:44:00,56495.05,56515.6,56461.1,56469.1,0
2026-09-15 09:45:00,56467.55,56467.55,56434.45,56454.4,0
2026-09-15 09:46:00,56454.95,56468.05,56430.3,56436.4,0
2026-09-15 09:47:00,56434.85,56453.25,56422.5,56429.05,0
2026-09-15 09:48:00,56430.7,56444.25,56415.1,56428.85,0
2026-09-15 09:49:00,56430.1,56432.0,56395.1,56402.25,0
2026-09-15 09:50:00,56400.65,56430.35,56390.2,56413.0,0
2026-09-15 09:51:00,56417.3,56431.95,56379.7,56387.8,0
2026-09-15 09:52:00,56386.2,56386.6,56344.15,56356.15,0
2026-09-15 09:53:00,56351.45,56389.45,56348.2,56381.15,0
2026-09-15 09:54:00,56377.3,56393.4,56348.75,56353.3,0
2026-09-15 09:55:00,56351.75,56353.35,56327.3,56351.95,0
2026-09-15 09:56:00,56348.2,56361.05,56338.4,56355.85,0
2026-09-15 09:57:00,56353.9,56369.9,56332.0,56336.55,0
2026-09-15 09:58:00,56334.35,56343.2,56323.45,56340.9,0
2026-09-15 09:59:00,56345.55,56360.75,56341.0,56356.6,0
2026-09-15 10:00:00,56358.0,56362.75,56339.35,56362.35,0
2026-09-15 10:01:00,56357.35,56365.4,56346.45,56357.65,0
2026-09-15 10:02:00,56357.0,56375.95,56352.1,56369.45,0
2026-09-15 10:03:00,56371.35,56371.65,56337.75,56337.75,0
2026-09-15 10:04:00,56336.35,56348.8,56323.25,56342.8,0
2026-09-15 10:05:00,56348.45,56355.9,56338.15,56343.95,0
2026-09-15 10:06:00,56347.3,56348.6,56325.25,56325.25,0
2026-09-15 10:07:00,56324.6,56332.2,56302.85,56315.2,0
2026-09-15 10:08:00,56316.5,56323.1,56297.4,56304.5,0
2026-09-15 10:09:00,56303.85,56305.05,56282.65,56284.85,0
2026-09-15 10:10:00,56284.3,56298.65,56279.5,56295.6,0
2026-09-15 10:11:00,56297.0,56364.0,56295.2,56359.7,0
2026-09-15 10:12:00,56359.15,56365.1,56333.35,56355.15,0
2026-09-15 10:13:00,56355.95,56369.2,56352.85,56363.9,0
2026-09-15 10:14:00,56362.25,56369.85,56343.5,56344.3,0
2026-09-15 10:15:00,56343.65,56343.8,56299.1,56314.55,0
2026-09-15 10:16:00,56316.2,56331.4,56302.55,56308.65,0
2026-09-15 10:17:00,56304.2,56325.1,56294.7,56319.75,0
2026-09-15 10:18:00,56318.1,56330.75,56311.3,56324.1,0
2026-09-15 10:19:00,56324.15,56325.5,56303.9,56307.15,0
2026-09-15 10:20:00,56307.7,56309.25,56286.45,56287.1,0
2026-09-15 10:21:00,56288.3,56288.3,56266.5,56282.9,0
2026-09-15 10:22:00,56280.95,56305.75,56280.95,56300.6,0
2026-09-15 10:23:00,56298.55,56300.1,56269.8,56284.65,0
2026-09-15 10:24:00,56287.45,56294.5,56280.2,56283.35,0
2026-09-15 10:25:00,56286.6,56290.05,56262.15,56273.65,0
2026-09-15 10:26:00,56269.0,56302.25,56259.4,56296.8,0
2026-09-15 10:27:00,56294.2,56307.95,56289.85,56299.45,0
2026-09-15 10:28:00,56285.05,56293.1,56254.6,56262.25,0
2026-09-15 10:29:00,56259.85,56267.1,56242.15,56249.5,0
2026-09-15 10:30:00,56249.4,56274.4,56223.25,56273.7,0
2026-09-15 10:31:00,56272.15,56280.95,56259.65,56266.2,0
2026-09-15 10:32:00,56264.95,56269.9,56254.05,56267.1,0
2026-09-15 10:33:00,56266.0,56275.5,56260.0,56263.5,0
2026-09-15 10:34:00,56260.9,56269.5,56251.45,56260.45,0
2026-09-15 10:35:00,56258.35,56279.55,56256.45,56273.85,0
2026-09-15 10:36:00,56275.55,56294.1,56271.7,56288.45,0
2026-09-15 10:37:00,56285.7,56299.8,56281.2,56284.6,0
2026-09-15 10:38:00,56287.75,56301.45,56278.45,56282.3,0
2026-09-15 10:39:00,56282.4,56305.1,56279.8,56302.8,0
2026-09-15 10:40:00,56302.55,56308.2,56283.75,56283.75,0
2026-09-15 10:41:00,56285.15,56295.95,56277.8,56289.6,0
2026-09-15 10:42:00,56289.15,56292.75,56268.7,56281.5,0
2026-09-15 10:43:00,56281.25,56281.25,56220.95,56232.05,0
2026-09-15 10:44:00,56229.35,56241.3,56212.95,56218.15,0
2026-09-15 10:45:00,56215.35,56224.65,56212.1,56224.2,0
2026-09-15 10:46:00,56222.5,56223.7,56168.5,56171.55,0
2026-09-15 10:47:00,56169.4,56207.55,56169.05,56194.1,0
2026-09-15 10:48:00,56193.45,56220.85,56192.0,56206.2,0
2026-09-15 10:49:00,56206.7,56211.05,56176.85,56176.85,0
2026-09-15 10:50:00,56180.55,56199.0,56177.5,56181.95,0
2026-09-15 10:51:00,56183.8,56184.55,56160.5,56165.75,0
2026-09-15 10:52:00,56161.65,56173.7,56148.55,56172.35,0
2026-09-15 10:53:00,56170.9,56183.35,56165.95,56183.15,0
2026-09-15 10:54:00,56180.6,56196.05,56177.45,56192.0,0
2026-09-15 10:55:00,56192.3,56197.85,56162.75,56169.45,0
2026-09-15 10:56:00,56167.7,56175.05,56153.0,56156.25,0
2026-09-15 10:57:00,56156.75,56168.55,56155.15,56161.9,0
2026-09-15 10:58:00,56161.55,56169.9,56145.95,56157.25,0
2026-09-15 10:59:00,56156.4,56176.0,56156.4,56169.25,0
2026-09-15 11:00:00,56167.7,56173.95,56158.35,56160.85,0
2026-09-15 11:01:00,56159.9,56205.3,56153.65,56202.6,0
2026-09-15 11:02:00,56204.45,56242.35,56193.55,56242.35,0
2026-09-15 11:03:00,56243.55,56244.15,56210.45,56219.85,0
2026-09-15 11:04:00,56217.45,56228.25,56202.6,56226.15,0
2026-09-15 11:05:00,56222.05,56224.5,56186.1,56190.95,0
2026-09-15 11:06:00,56192.3,56200.6,56188.85,56198.05,0
2026-09-15 11:07:00,56194.5,56197.55,56146.65,56150.7,0
2026-09-15 11:08:00,56146.6,56157.1,56139.9,56154.55,0
2026-09-15 11:09:00,56154.95,56163.4,56135.0,56143.15,0
2026-09-15 11:10:00,56142.55,56155.65,56111.2,56149.8,0
2026-09-15 11:11:00,56152.4,56200.7,56150.6,56198.25,0
2026-09-15 11:12:00,56199.0,56199.75,56174.6,56190.75,0
2026-09-15 11:13:00,56190.3,56195.8,56165.35,56172.45,0
2026-09-15 11:14:00,56172.75,56190.8,56169.15,56182.9,0
2026-09-15 11:15:00,56185.25,56222.4,56182.2,56215.1,0
2026-09-15 11:16:00,56216.7,56220.8,56199.6,56205.35,0
2026-09-15 11:17:00,56199.9,56212.55,56191.95,56202.15,0
2026-09-15 11:18:00,56200.95,56205.7,56182.55,56183.45,0
2026-09-15 11:19:00,56182.5,56187.6,56162.55,56166.4,0
2026-09-15 11:20:00,56164.35,56171.45,56148.05,56155.75,0
2026-09-15 11:21:00,56156.9,56159.85,56142.05,56151.1,0
2026-09-15 11:22:00,56149.45,56175.15,56149.45,56163.1,0
2026-09-15 11:23:00,56162.75,56180.3,56159.0,56177.15,0
2026-09-15 11:24:00,56171.0,56183.3,56165.05,56171.25,0
2026-09-15 11:25:00,56167.35,56178.05,56148.25,56150.9,0
2026-09-15 11:26:00,56150.2,56157.95,56142.05,56148.15,0
2026-09-15 11:27:00,56143.15,56147.8,56134.55,56146.55,0
2026-09-15 11:28:00,56144.55,56146.75,56121.95,56123.7,0
2026-09-15 11:29:00,56123.15,56130.8,56117.8,56124.1,0
2026-09-15 11:30:00,56123.7,56133.35,56110.8,56113.35,0
2026-09-15 11:31:00,56117.3,56132.3,56113.45,56122.3,0
2026-09-15 11:32:00,56122.9,56177.15,56121.9,56173.05,0
2026-09-15 11:33:00,56174.45,56178.25,56163.15,56171.05,0
2026-09-15 11:34:00,56170.65,56174.65,56154.2,56160.0,0
2026-09-15 11:35:00,56161.65,56172.9,56152.65,56168.95,0
2026-09-15 11:36:00,56166.4,56184.35,56163.35,56174.25,0
2026-09-15 11:37:00,56176.05,56191.9,56174.4,56189.4,0
2026-09-15 11:38:00,56189.75,56205.45,56183.75,56203.75,0
2026-09-15 11:39:00,56201.1,56207.6,56194.1,56200.55,0
2026-09-15 11:40:00,56201.85,56205.15,56152.95,56155.25,0
2026-09-15 11:41:00,56153.4,56167.05,56153.4,56163.25,0
2026-09-15 11:42:00,56160.95,56164.25,56144.65,56147.5,0
2026-09-15 11:43:00,56145.8,56153.35,56134.65,56149.05,0
2026-09-15 11:44:00,56147.65,56162.45,56146.25,56158.1,0
2026-09-15 11:45:00,56156.7,56161.15,56146.95,56152.25,0
2026-09-15 11:46:00,56150.05,56159.1,56148.4,56153.0,0
2026-09-15 11:47:00,56151.25,56157.8,56146.55,56151.95,0
2026-09-15 11:48:00,56153.6,56154.15,56141.85,56149.2,0
2026-09-15 11:49:00,56150.05,56155.65,56133.5,56139.75,0
2026-09-15 11:50:00,56139.95,56143.5,56130.95,56143.35,0
2026-09-15 11:51:00,56141.4,56154.75,56139.3,56143.65,0
2026-09-15 11:52:00,56147.2,56147.85,56115.8,56117.7,0
2026-09-15 11:53:00,56118.4,56128.7,56113.15,56118.2,0
2026-09-15 11:54:00,56122.35,56127.3,56112.6,56124.35,0
2026-09-15 11:55:00,56124.25,56136.55,56120.2,56132.25,0
2026-09-15 11:56:00,56134.85,56151.95,56127.05,56148.1,0
2026-09-15 11:57:00,56144.55,56155.55,56139.55,56155.15,0
2026-09-15 11:58:00,56157.55,56173.05,56148.0,56161.25,0
2026-09-15 11:59:00,56161.8,56162.75,56149.65,56156.6,0
2026-09-15 12:00:00,56156.95,56163.7,56147.9,56152.45,0
2026-09-15 12:01:00,56152.55,56160.75,56136.1,56144.55,0
2026-09-15 12:02:00,56144.8,56164.5,56139.9,56158.65,0
2026-09-15 12:03:00,56158.1,56178.7,56155.2,56174.7,0
2026-09-15 12:04:00,56173.45,56176.4,56154.15,56154.15,0
2026-09-15 12:05:00,56156.15,56181.25,56152.55,56181.0,0
2026-09-15 12:06:00,56181.7,56181.7,56153.6,56158.8,0
2026-09-15 12:07:00,56159.6,56177.95,56152.15,56165.2,0
2026-09-15 12:08:00,56166.6,56179.2,56157.3,56171.55,0
2026-09-15 12:09:00,56173.85,56175.9,56164.05,56167.45,0
2026-09-15 12:10:00,56166.8,56180.8,56161.75,56169.35,0
2026-09-15 12:11:00,56169.9,56180.25,56162.4,56168.45,0
2026-09-15 12:12:00,56168.35,56173.7,56150.0,56150.0,0
2026-09-15 12:13:00,56151.4,56155.3,56134.5,56140.7,0
2026-09-15 12:14:00,56140.85,56155.0,56140.85,56153.05,0
2026-09-15 12:15:00,56152.15,56154.65,56128.95,56141.8,0
2026-09-15 12:16:00,56140.0,56151.1,56131.15,56137.1,0
2026-09-15 12:17:00,56139.8,56145.9,56133.05,56142.7,0
2026-09-15 12:18:00,56139.65,56141.15,56116.4,56127.7,0
2026-09-15 12:19:00,56124.5,56137.8,56115.4,56121.85,0
2026-09-15 12:20:00,56118.0,56136.35,56117.35,56129.95,0
2026-09-15 12:21:00,56129.35,56146.65,56124.95,56146.05,0
2026-09-15 12:22:00,56144.4,56145.1,56125.5,56132.05,0
2026-09-15 12:23:00,56135.35,56147.85,56123.45,56141.4,0
2026-09-15 12:24:00,56140.8,56143.75,56129.0,56136.75,0
2026-09-15 12:25:00,56137.95,56142.0,56128.65,56133.8,0
2026-09-15 12:26:00,56133.15,56136.05,56124.7,56131.65,0
2026-09-15 12:27:00,56132.15,56144.95,56126.7,56141.35,0
2026-09-15 12:28:00,56142.25,56149.6,56136.65,56147.3,0
2026-09-15 12:29:00,56147.7,56152.25,56138.75,56146.1,0
2026-09-15 12:30:00,56146.85,56164.55,56136.55,56163.95,0
2026-09-15 12:31:00,56162.8,56164.2,56131.65,56144.4,0
2026-09-15 12:32:00,56143.1,56169.65,56138.8,56163.7,0
2026-09-15 12:33:00,56163.6,56173.3,56159.9,56172.45,0
2026-09-15 12:34:00,56170.6,56179.85,56165.4,56176.25,0
2026-09-15 12:35:00,56175.6,56217.8,56165.25,56208.7,0
2026-09-15 12:36:00,56211.35,56216.25,56203.9,56209.25,0
2026-09-15 12:37:00,56210.9,56211.6,56195.8,56197.0,0
2026-09-15 12:38:00,56198.5,56198.9,56176.4,56189.1,0
2026-09-15 12:39:00,56189.75,56191.5,56178.1,56184.65,0
2026-09-15 12:40:00,56183.35,56212.05,56178.55,56211.8,0
2026-09-15 12:41:00,56213.75,56221.1,56203.0,56210.95,0
2026-09-15 12:42:00,56211.75,56215.5,56203.75,56210.75,0
2026-09-15 12:43:00,56212.0,56219.4,56200.85,56214.05,0
2026-09-15 12:44:00,56217.15,56221.55,56197.6,56197.6,0
2026-09-15 12:45:00,56203.05,56204.05,56182.85,56191.85,0
2026-09-15 12:46:00,56194.4,56210.0,56184.45,56202.1,0
2026-09-15 12:47:00,56201.7,56204.85,56187.65,56199.55,0
2026-09-15 12:48:00,56203.2,56217.7,56198.55,56206.4,0
2026-09-15 12:49:00,56213.85,56220.3,56206.5,56219.1,0
2026-09-15 12:50:00,56217.7,56242.35,56213.65,56239.95,0
2026-09-15 12:51:00,56242.75,56248.05,56233.65,56237.65,0
2026-09-15 12:52:00,56235.3,56239.2,56214.9,56215.95,0
2026-09-15 12:53:00,56217.95,56217.95,56198.4,56209.45,0
2026-09-15 12:54:00,56211.55,56227.7,56210.75,56227.7,0
2026-09-15 12:55:00,56226.35,56228.95,56211.05,56214.15,0
2026-09-15 12:56:00,56212.8,56217.9,56199.1,56206.35,0
2026-09-15 12:57:00,56206.15,56215.65,56196.9,56208.75,0
2026-09-15 12:58:00,56207.85,56210.8,56152.95,56155.5,0
2026-09-15 12:59:00,56156.8,56170.45,56148.6,56167.15,0
2026-09-15 13:00:00,56170.2,56181.3,56163.35,56171.25,0
2026-09-15 13:01:00,56168.45,56176.95,56157.6,56163.75,0
2026-09-15 13:02:00,56161.95,56178.5,56161.05,56171.9,0
2026-09-15 13:03:00,56171.55,56175.85,56156.75,56168.4,0
2026-09-15 13:04:00,56166.7,56184.5,56166.7,56179.45,0
2026-09-15 13:05:00,56180.75,56205.55,56178.15,56200.8,0
2026-09-15 13:06:00,56202.15,56206.35,56178.1,56183.55,0
2026-09-15 13:07:00,56183.85,56201.2,56180.35,56190.4,0
2026-09-15 13:08:00,56188.35,56194.7,56181.55,56190.7,0
2026-09-15 13:09:00,56191.65,56199.0,56186.45,56195.25,0
2026-09-15 13:10:00,56194.25,56202.3,56185.05,56185.05,0
2026-09-15 13:11:00,56187.1,56189.25,56144.95,56152.3,0
2026-09-15 13:12:00,56157.9,56169.1,56151.0,56164.9,0
2026-09-15 13:13:00,56166.3,56189.8,56161.75,56185.45,0
2026-09-15 13:14:00,56186.05,56198.9,56178.9,56184.5,0
2026-09-15 13:15:00,56193.85,56193.85,56170.65,56175.75,0
2026-09-15 13:16:00,56175.7,56186.35,56166.65,56167.3,0
2026-09-15 13:17:00,56167.15,56194.0,56162.45,56193.05,0
2026-09-15 13:18:00,56191.05,56198.65,56181.3,56197.7,0
2026-09-15 13:19:00,56196.85,56216.15,56194.7,56200.7,0
2026-09-15 13:20:00,56198.6,56206.3,56190.35,56194.0,0
2026-09-15 13:21:00,56196.0,56201.3,56183.2,56187.4,0
2026-09-15 13:22:00,56188.25,56194.9,56173.45,56173.45,0
2026-09-15 13:23:00,56172.2,56175.3,56159.2,56160.7,0
2026-09-15 13:24:00,56163.05,56170.2,56153.8,56160.4,0
2026-09-15 13:25:00,56155.9,56165.85,56150.0,56163.15,0
2026-09-15 13:26:00,56162.05,56185.25,56156.75,56183.6,0
2026-09-15 13:27:00,56183.3,56199.55,56182.15,56188.05,0
2026-09-15 13:28:00,56186.7,56195.35,56184.15,56189.0,0
2026-09-15 13:29:00,56186.35,56191.95,56160.35,56162.2,0
2026-09-15 13:30:00,56164.4,56170.8,56143.05,56143.75,0
2026-09-15 13:31:00,56148.25,56148.25,56111.55,56114.2,0
2026-09-15 13:32:00,56114.5,56130.7,56109.75,56124.6,0
2026-09-15 13:33:00,56128.35,56134.05,56125.1,56130.7,0
2026-09-15 13:34:00,56131.5,56137.8,56126.3,56131.55,0
2026-09-15 13:35:00,56132.25,56145.4,56130.05,56141.2,0
2026-09-15 13:36:00,56143.3,56166.75,56143.3,56161.8,0
2026-09-15 13:37:00,56160.25,56164.7,56143.5,56144.05,0
2026-09-15 13:38:00,56142.85,56146.8,56118.1,56125.8,0
2026-09-15 13:39:00,56126.7,56138.35,56122.45,56127.45,0
2026-09-15 13:40:00,56125.55,56126.75,56107.45,56113.2,0
2026-09-15 13:41:00,56114.6,56116.05,56065.35,56099.75,0
2026-09-15 13:42:00,56100.85,56104.75,56084.5,56087.4,0
2026-09-15 13:43:00,56087.65,56120.6,56085.95,56114.8,0
2026-09-15 13:44:00,56113.35,56126.8,56109.4,56118.8,0
2026-09-15 13:45:00,56119.8,56142.25,56116.45,56137.25,0
2026-09-15 13:46:00,56138.45,56143.25,56122.95,56132.75,0
2026-09-15 13:47:00,56134.35,56135.05,56123.25,56126.45,0
2026-09-15 13:48:00,56126.9,56132.75,56117.0,56120.95,0
2026-09-15 13:49:00,56123.5,56142.65,56122.9,56141.2,0
2026-09-15 13:50:00,56139.15,56149.2,56133.85,56141.8,0
2026-09-15 13:51:00,56143.35,56148.1,56129.6,56138.2,0
2026-09-15 13:52:00,56138.0,56142.65,56129.75,56135.45,0
2026-09-15 13:53:00,56140.15,56141.65,56128.0,56133.95,0
2026-09-15 13:54:00,56138.15,56144.1,56132.1,56136.1,0
2026-09-15 13:55:00,56135.8,56136.8,56115.0,56123.25,0
2026-09-15 13:56:00,56124.4,56136.9,56111.95,56133.55,0
2026-09-15 13:57:00,56128.1,56148.5,56126.5,56132.9,0
2026-09-15 13:58:00,56135.15,56143.1,56128.75,56134.45,0
2026-09-15 13:59:00,56135.85,56140.25,56128.95,56131.65,0
2026-09-15 14:00:00,56134.3,56140.95,56122.65,56122.65,0
2026-09-15 14:01:00,56124.9,56132.15,56099.45,56102.9,0
2026-09-15 14:02:00,56102.45,56119.0,56100.25,56101.35,0
2026-09-15 14:03:00,56100.4,56109.4,56093.35,56106.85,0
2026-09-15 14:04:00,56108.55,56115.05,56098.4,56103.75,0
2026-09-15 14:05:00,56103.05,56105.5,56083.7,56089.05,0
2026-09-15 14:06:00,56089.2,56105.55,56089.2,56100.75,0
2026-09-15 14:07:00,56097.45,56100.6,56080.55,56080.55,0
2026-09-15 14:08:00,56080.15,56083.45,56051.0,56066.2,0
2026-09-15 14:09:00,56070.7,56074.4,56049.8,56057.05,0
2026-09-15 14:10:00,56057.15,56057.6,56023.05,56023.8,0
2026-09-15 14:11:00,56024.85,56032.35,55991.55,55996.7,0
2026-09-15 14:12:00,55997.85,55999.4,55958.85,55983.25,0
2026-09-15 14:13:00,55986.5,56018.45,55978.05,56011.25,0
2026-09-15 14:14:00,56013.1,56015.85,55995.2,56000.3,0
2026-09-15 14:15:00,55995.35,55999.05,55948.5,55956.45,0
2026-09-15 14:16:00,55954.8,55989.05,55950.7,55978.05,0
2026-09-15 14:17:00,55982.55,55984.45,55962.5,55975.6,0
2026-09-15 14:18:00,55973.8,55983.95,55960.7,55961.8,0
2026-09-15 14:19:00,55959.6,55966.8,55942.85,55949.15,0
2026-09-15 14:20:00,55949.8,55991.75,55948.95,55972.7,0
2026-09-15 14:21:00,55972.85,56007.85,55969.95,55987.9,0
2026-09-15 14:22:00,55990.4,56011.35,55986.15,56009.05,0
2026-09-15 14:23:00,56006.15,56024.0,56001.45,56005.55,0
2026-09-15 14:24:00,56004.05,56007.8,55984.35,55985.65,0
2026-09-15 14:25:00,55988.65,56005.9,55978.4,55988.35,0
2026-09-15 14:26:00,55984.95,55994.85,55978.15,55987.05,0
2026-09-15 14:27:00,55983.65,56003.45,55981.65,55993.75,0
2026-09-15 14:28:00,55991.05,55995.55,55969.65,55970.55,0
2026-09-15 14:29:00,55969.9,55991.1,55968.5,55981.6,0
2026-09-15 14:30:00,55981.15,55995.5,55977.7,55985.25,0
2026-09-15 14:31:00,55985.9,56002.45,55974.2,55996.15,0
2026-09-15 14:32:00,55994.05,56005.85,55977.1,55993.0,0
2026-09-15 14:33:00,55991.3,56011.7,55989.85,56007.9,0
2026-09-15 14:34:00,56011.5,56015.2,55995.7,56008.95,0
2026-09-15 14:35:00,56010.45,56024.5,56006.9,56014.05,0
2026-09-15 14:36:00,56015.55,56023.5,56003.0,56019.25,0
2026-09-15 14:37:00,56021.5,56027.05,55999.1,56005.0,0
2026-09-15 14:38:00,56006.4,56015.1,56001.05,56014.1,0
2026-09-15 14:39:00,56015.0,56029.9,56005.4,56013.4,0
2026-09-15 14:40:00,56008.05,56022.4,56002.45,56011.15,0
2026-09-15 14:41:00,56017.6,56030.65,56014.2,56017.3,0
2026-09-15 14:42:00,56020.55,56034.95,56011.55,56017.25,0
2026-09-15 14:43:00,56018.9,56030.75,56013.65,56024.35,0
2026-09-15 14:44:00,56025.5,56036.05,56014.95,56019.3,0
2026-09-15 14:45:00,56018.25,56027.9,56007.15,56014.95,0
2026-09-15 14:46:00,56014.9,56014.9,55968.25,55970.65,0
2026-09-15 14:47:00,55969.2,55970.0,55916.75,55921.0,0
2026-09-15 14:48:00,55917.1,55920.95,55868.05,55891.8,0
2026-09-15 14:49:00,55890.55,55906.65,55875.95,55880.3,0
2026-09-15 14:50:00,55881.55,55932.25,55878.65,55931.7,0
2026-09-15 14:51:00,55924.5,55955.05,55923.65,55948.6,0
2026-09-15 14:52:00,55946.95,55951.4,55923.95,55929.5,0
2026-09-15 14:53:00,55929.45,55934.8,55905.1,55908.05,0
2026-09-15 14:54:00,55910.2,55914.85,55890.0,55897.15,0
2026-09-15 14:55:00,55895.0,55916.55,55888.1,55889.35,0
2026-09-15 14:56:00,55892.5,55909.45,55885.9,55901.65,0
2026-09-15 14:57:00,55902.2,55902.55,55889.95,55901.8,0
2026-09-15 14:58:00,55901.9,55909.0,55889.8,55891.65,0
2026-09-15 14:59:00,55892.35,55892.35,55872.05,55877.35,0
2026-09-15 15:00:00,55878.9,55892.8,55876.6,55889.75,0
2026-09-15 15:01:00,55892.35,55939.45,55882.8,55923.9,0
2026-09-15 15:02:00,55924.4,55939.15,55906.5,55914.7,0
2026-09-15 15:03:00,55911.85,55932.9,55902.1,55930.25,0
2026-09-15 15:04:00,55929.9,55964.1,55924.15,55955.35,0
2026-09-15 15:05:00,55960.6,55960.6,55904.95,55914.0,0
2026-09-15 15:06:00,55913.1,55922.85,55896.7,55915.2,0
2026-09-15 15:07:00,55918.2,55941.5,55912.55,55915.95,0
2026-09-15 15:08:00,55915.7,55927.0,55898.15,55907.8,0
2026-09-15 15:09:00,55906.35,55906.35,55867.6,55897.5,0
2026-09-15 15:10:00,55899.45,55909.2,55888.9,55904.85,0
2026-09-15 15:11:00,55907.1,55947.65,55901.0,55937.55,0
2026-09-15 15:12:00,55936.1,55938.1,55897.8,55914.85,0
2026-09-15 15:13:00,55911.6,55937.4,55900.05,55920.55,0
2026-09-15 15:14:00,55911.8,55931.95,55893.35,55908.95,0
2026-09-15 15:29:00,55794.75,55794.75,55794.75,55794.75,0
2026-09-16 09:15:00,56007.65,56164.2,55925.45,56147.0,0
2026-09-16 09:16:00,56145.4,56206.7,56026.8,56200.05,0
2026-09-16 09:17:00,56198.8,56203.85,56146.85,56183.2,0
2026-09-16 09:18:00,56183.3,56184.75,56076.85,56094.35,0
2026-09-16 09:19:00,56094.4,56150.7,56092.75,56144.4,0
2026-09-16 09:20:00,56139.1,56149.1,56104.55,56133.05,0
2026-09-16 09:21:00,56137.05,56156.15,56125.5,56136.5,0
2026-09-16 09:22:00,56135.75,56145.45,56105.55,56143.9,0
2026-09-16 09:23:00,56137.7,56144.05,56095.2,56097.3,0
2026-09-16 09:24:00,56100.5,56100.5,56035.25,56048.25,0
2026-09-16 09:25:00,56047.95,56052.45,56014.45,56026.75,0
2026-09-16 09:26:00,56024.6,56064.7,56007.85,56047.55,0
2026-09-16 09:27:00,56050.2,56058.25,56009.55,56026.75,0
2026-09-16 09:28:00,56025.4,56027.95,55953.65,55954.15,0
2026-09-16 09:29:00,55956.35,55990.65,55935.85,55983.1,0
2026-09-16 09:30:00,55982.2,55982.2,55909.15,55922.95,0
2026-09-16 09:31:00,55929.1,55971.85,55925.6,55936.8,0
2026-09-16 09:32:00,55936.3,55952.25,55913.7,55924.45,0
2026-09-16 09:33:00,55923.55,55977.75,55917.6,55973.9,0
2026-09-16 09:34:00,55975.85,56029.05,55972.7,56018.2,0
2026-09-16 09:35:00,56017.0,56017.0,55949.1,55949.95,0
2026-09-16 09:36:00,55949.3,55977.45,55943.85,55966.8,0
2026-09-16 09:37:00,55967.05,55977.7,55924.35,55927.5,0
2026-09-16 09:38:00,55925.75,55941.7,55879.95,55903.85,0
2026-09-16 09:39:00,55904.95,55933.15,55889.85,55892.3,0
2026-09-16 09:40:00,55893.4,55896.5,55866.65,55882.75,0
2026-09-16 09:41:00,55881.95,55894.8,55851.7,55863.95,0
2026-09-16 09:42:00,55863.5,55864.4,55819.05,55860.05,0
2026-09-16 09:43:00,55861.8,55870.3,55835.5,55855.3,0
2026-09-16 09:44:00,55853.35,55872.35,55829.8,55829.8,0
2026-09-16 09:45:00,55829.75,55854.85,55822.6,55849.25,0
2026-09-16 09:46:00,55846.5,55884.7,55841.55,55879.05,0
2026-09-16 09:47:00,55879.3,55883.25,55812.2,55826.65,0
2026-09-16 09:48:00,55826.4,55891.95,55826.4,55870.0,0
2026-09-16 09:49:00,55872.75,55909.45,55868.85,55905.8,0
2026-09-16 09:50:00,55903.4,55962.95,55900.85,55932.25,0
2026-09-16 09:51:00,55931.25,55937.9,55898.1,55934.15,0
2026-09-16 09:52:00,55935.05,55983.05,55935.05,55965.35,0
2026-09-16 09:53:00,55966.25,55987.85,55940.45,55987.0,0
2026-09-16 09:54:00,55988.85,56040.35,55986.5,56037.5,0
2026-09-16 09:55:00,56039.1,56056.5,56004.55,56051.75,0
2026-09-16 09:56:00,56058.1,56078.95,56028.9,56046.65,0
2026-09-16 09:57:00,56047.85,56075.4,56032.75,56061.7,0
2026-09-16 09:58:00,56063.95,56063.95,55995.45,56000.8,0
2026-09-16 09:59:00,56000.3,56037.0,55995.75,56035.2,0
2026-09-16 10:00:00,56032.6,56043.45,55992.4,56018.55,0
2026-09-16 10:01:00,56017.5,56025.8,55981.35,55981.55,0
2026-09-16 10:02:00,55983.05,55992.25,55947.6,55962.15,0
2026-09-16 10:03:00,55960.65,55992.15,55960.65,55980.0,0
2026-09-16 10:04:00,55979.15,55981.35,55958.2,55960.75,0
2026-09-16 10:05:00,55961.7,55963.45,55929.95,55939.2,0
2026-09-16 10:06:00,55936.2,55974.5,55923.2,55964.95,0
2026-09-16 10:07:00,55969.25,55980.4,55939.95,55980.3,0
2026-09-16 10:08:00,55983.0,55988.9,55950.15,55957.0,0
2026-09-16 10:09:00,55957.4,55972.25,55949.2,55971.45,0
2026-09-16 10:10:00,55971.35,55983.15,55962.55,55965.6,0
2026-09-16 10:11:00,55964.75,55983.35,55942.6,55978.15,0
2026-09-16 10:12:00,55978.75,55999.25,55978.75,55989.15,0
2026-09-16 10:13:00,55988.9,55994.95,55933.55,55936.05,0
2026-09-16 10:14:00,55936.65,55948.85,55929.75,55947.4,0
2026-09-16 10:15:00,55948.55,55977.4,55941.2,55974.8,0
2026-09-16 10:16:00,55974.4,56010.95,55967.95,56008.35,0
2026-09-16 10:17:00,56006.25,56059.6,56005.75,56055.8,0
2026-09-16 10:18:00,56058.8,56068.6,56019.7,56028.95,0
2026-09-16 10:19:00,56029.7,56041.4,56004.6,56004.6,0
2026-09-16 10:20:00,56005.75,56023.95,56005.05,56020.0,0
2026-09-16 10:21:00,56018.55,56025.2,55997.8,56014.8,0
2026-09-16 10:22:00,56015.95,56052.8,56015.95,56051.25,0
2026-09-16 10:23:00,56049.0,56081.85,56049.0,56080.05,0
2026-09-16 10:24:00,56082.9,56095.4,56051.3,56095.4,0
2026-09-16 10:25:00,56093.7,56111.45,56080.05,56103.55,0
2026-09-16 10:26:00,56105.95,56124.1,56077.2,56083.3,0
2026-09-16 10:27:00,56080.45,56091.3,56076.35,56088.85,0
2026-09-16 10:28:00,56082.9,56116.15,56077.3,56110.0,0
2026-09-16 10:29:00,56109.15,56129.25,56106.1,56106.1,0
2026-09-16 10:30:00,56103.45,56154.9,56103.45,56139.65,0
2026-09-16 10:31:00,56141.6,56146.75,56116.75,56130.05,0
2026-09-16 10:32:00,56129.25,56170.3,56129.25,56167.7,0
2026-09-16 10:33:00,56166.75,56167.7,56151.1,56156.1,0
2026-09-16 10:34:00,56156.8,56175.95,56147.85,56167.75,0
2026-09-16 10:35:00,56166.6,56203.3,56164.6,56187.85,0
2026-09-16 10:36:00,56185.75,56223.2,56185.6,56222.85,0
2026-09-16 10:37:00,56221.75,56221.75,56169.8,56173.15,0
2026-09-16 10:38:00,56173.1,56206.25,56170.45,56181.7,0
2026-09-16 10:39:00,56181.8,56187.45,56169.9,56184.6,0
2026-09-16 10:40:00,56183.6,56221.1,56182.55,56220.15,0
2026-09-16 10:41:00,56219.6,56234.35,56208.7,56210.95,0
2026-09-16 10:42:00,56210.2,56213.75,56197.95,56203.4,0
2026-09-16 10:43:00,56203.1,56224.65,56197.05,56221.95,0
2026-09-16 10:44:00,56222.8,56227.5,56195.2,56209.3,0
2026-09-16 10:45:00,56210.65,56239.3,56201.45,56218.8,0
2026-09-16 10:46:00,56218.3,56241.35,56210.65,56220.65,0
2026-09-16 10:47:00,56220.0,56234.1,56204.4,56211.65,0
2026-09-16 10:48:00,56210.25,56238.25,56207.05,56236.55,0
2026-09-16 10:49:00,56238.1,56250.8,56224.65,56241.25,0
2026-09-16 10:50:00,56241.55,56249.7,56210.75,56213.3,0
2026-09-16 10:51:00,56215.4,56241.0,56213.4,56229.8,0
2026-09-16 10:52:00,56230.65,56276.05,56227.35,56272.9,0
2026-09-16 10:53:00,56273.5,56273.5,56231.05,56241.9,0
2026-09-16 10:54:00,56242.65,56285.3,56237.0,56269.15,0
2026-09-16 10:55:00,56270.05,56270.05,56205.3,56205.3,0
2026-09-16 10:56:00,56204.6,56239.1,56204.6,56239.1,0
2026-09-16 10:57:00,56237.0,56263.7,56236.35,56259.8,0
2026-09-16 10:58:00,56259.35,56263.25,56232.55,56238.75,0
2026-09-16 10:59:00,56237.1,56254.15,56237.1,56243.6,0
2026-09-16 11:00:00,56244.85,56268.3,56242.85,56266.7,0
2026-09-16 11:01:00,56268.3,56275.4,56258.9,56269.3,0
2026-09-16 11:02:00,56270.7,56286.7,56264.6,56286.25,0
2026-09-16 11:03:00,56285.0,56316.0,56280.65,56312.45,0
2026-09-16 11:04:00,56311.6,56316.1,56291.2,56294.35,0
2026-09-16 11:05:00,56292.65,56294.25,56245.8,56253.3,0
2026-09-16 11:06:00,56253.55,56258.0,56244.6,56246.9,0
2026-09-16 11:07:00,56248.75,56248.75,56218.8,56219.1,0
2026-09-16 11:08:00,56219.55,56247.0,56217.6,56243.95,0
2026-09-16 11:09:00,56244.9,56250.35,56232.8,56238.0,0
2026-09-16 11:10:00,56237.6,56248.8,56233.25,56242.75,0
2026-09-16 11:11:00,56242.05,56242.05,56221.45,56223.25,0
2026-09-16 11:12:00,56224.45,56235.8,56220.9,56226.8,0
2026-09-16 11:13:00,56227.65,56229.75,56213.0,56215.4,0
2026-09-16 11:14:00,56213.7,56215.5,56179.3,56182.05,0
2026-09-16 11:15:00,56183.0,56195.55,56179.55,56186.15,0
2026-09-16 11:16:00,56185.95,56216.5,56184.6,56201.55,0
2026-09-16 11:17:00,56199.75,56205.75,56175.25,56181.5,0
2026-09-16 11:18:00,56180.65,56200.3,56173.95,56182.35,0
2026-09-16 11:19:00,56180.65,56186.35,56167.15,56174.05,0
2026-09-16 11:20:00,56173.65,56176.55,56158.3,56170.45,0
2026-09-16 11:21:00,56169.15,56171.25,56145.8,56153.2,0
2026-09-16 11:22:00,56151.1,56187.2,56149.85,56187.2,0
2026-09-16 11:23:00,56187.55,56235.0,56187.55,56214.6,0
2026-09-16 11:24:00,56213.7,56213.7,56172.9,56174.95,0
2026-09-16 11:25:00,56175.05,56180.3,56150.5,56155.95,0
2026-09-16 11:26:00,56158.25,56158.25,56128.6,56134.95,0
2026-09-16 11:27:00,56136.1,56140.0,56113.8,56113.8,0
2026-09-16 11:28:00,56115.5,56126.9,56103.75,56108.5,0
2026-09-16 11:29:00,56108.4,56113.2,56085.85,56088.15,0
2026-09-16 11:30:00,56089.2,56131.65,56084.8,56126.65,0
2026-09-16 11:31:00,56125.15,56132.35,56113.2,56125.05,0
2026-09-16 11:32:00,56126.15,56167.05,56122.3,56166.65,0
2026-09-16 11:33:00,56162.8,56190.85,56161.4,56177.0,0
2026-09-16 11:34:00,56177.85,56177.85,56146.15,56152.55,0
2026-09-16 11:35:00,56152.8,56162.9,56130.05,56137.5,0
2026-09-16 11:36:00,56139.45,56142.5,56124.25,56142.2,0
2026-09-16 11:37:00,56143.0,56143.0,56125.65,56138.65,0
2026-09-16 11:38:00,56138.4,56181.0,56136.85,56165.35,0
2026-09-16 11:39:00,56164.15,56167.4,56136.9,56142.35,0
2026-09-16 11:40:00,56141.1,56152.65,56132.15,56151.55,0
2026-09-16 11:41:00,56152.25,56154.65,56129.5,56133.8,0
2026-09-16 11:42:00,56133.5,56149.9,56131.6,56139.65,0
2026-09-16 11:43:00,56138.95,56156.3,56136.45,56140.9,0
2026-09-16 11:44:00,56140.1,56150.55,56136.0,56142.05,0
2026-09-16 11:45:00,56141.65,56152.65,56139.45,56142.1,0
2026-09-16 11:46:00,56142.95,56148.65,56131.9,56137.9,0
2026-09-16 11:47:00,56137.4,56140.6,56130.9,56136.85,0
2026-09-16 11:48:00,56135.5,56152.2,56132.65,56147.9,0
2026-09-16 11:49:00,56146.5,56161.95,56146.5,56149.75,0
2026-09-16 11:50:00,56150.45,56195.1,56149.0,56190.2,0
2026-09-16 11:51:00,56190.7,56197.5,56165.95,56173.1,0
2026-09-16 11:52:00,56174.0,56183.7,56152.75,56157.8,0
2026-09-16 11:53:00,56157.1,56157.8,56137.9,56145.35,0
2026-09-16 11:54:00,56144.8,56156.1,56141.8,56146.7,0
2026-09-16 11:55:00,56147.3,56151.7,56137.25,56137.8,0
2026-09-16 11:56:00,56135.85,56140.35,56100.4,56107.95,0
2026-09-16 11:57:00,56107.3,56127.35,56105.8,56119.0,0
2026-09-16 11:58:00,56116.25,56129.45,56110.6,56119.0,0
2026-09-16 11:59:00,56115.8,56122.75,56109.95,56113.95,0
2026-09-16 12:00:00,56116.95,56125.55,56111.9,56115.25,0
2026-09-16 12:01:00,56115.0,56121.9,56109.85,56113.25,0
2026-09-16 12:02:00,56113.95,56115.8,56071.1,56092.5,0
2026-09-16 12:03:00,56094.85,56103.45,56087.2,56100.2,0
2026-09-16 12:04:00,56100.9,56121.0,56096.85,56117.05,0
2026-09-16 12:05:00,56115.45,56132.45,56115.3,56132.45,0
2026-09-16 12:06:00,56129.25,56139.05,56128.3,56130.3,0
2026-09-16 12:07:00,56129.7,56156.6,56128.6,56150.05,0
2026-09-16 12:08:00,56147.25,56152.6,56130.45,56131.45,0
2026-09-16 12:09:00,56131.75,56135.9,56124.8,56131.95,0
2026-09-16 12:10:00,56131.75,56172.45,56129.95,56172.45,0
2026-09-16 12:11:00,56172.0,56183.5,56159.0,56170.65,0
2026-09-16 12:12:00,56171.7,56189.65,56169.8,56173.55,0
2026-09-16 12:13:00,56172.9,56217.55,56172.55,56217.55,0
2026-09-16 12:14:00,56215.8,56220.1,56179.75,56180.8,0
2026-09-16 12:15:00,56180.4,56181.2,56139.8,56145.65,0
2026-09-16 12:16:00,56144.55,56182.6,56141.4,56179.9,0
2026-09-16 12:17:00,56180.9,56203.5,56175.0,56192.1,0
2026-09-16 12:18:00,56192.5,56197.4,56181.65,56195.05,0
2026-09-16 12:19:00,56198.15,56203.0,56191.35,56193.65,0
2026-09-16 12:20:00,56192.05,56193.3,56161.8,56163.1,0
2026-09-16 12:21:00,56165.05,56175.65,56159.8,56164.4,0
2026-09-16 12:22:00,56164.9,56166.05,56152.65,56161.35,0
2026-09-16 12:23:00,56162.1,56180.0,56159.0,56173.0,0
2026-09-16 12:24:00,56170.4,56175.15,56156.35,56175.15,0
2026-09-16 12:25:00,56176.95,56186.0,56173.45,56178.75,0
2026-09-16 12:26:00,56180.0,56183.1,56173.05,56175.4,0
2026-09-16 12:27:00,56175.75,56180.25,56162.4,56165.25,0
2026-09-16 12:28:00,56167.6,56186.35,56164.55,56185.65,0
2026-09-16 12:29:00,56182.2,56190.05,56181.15,56184.6,0
2026-09-16 12:30:00,56189.1,56193.0,56175.05,56182.8,0
2026-09-16 12:31:00,56183.05,56230.1,56180.7,56228.0,0
2026-09-16 12:32:00,56226.05,56231.15,56217.55,56222.1,0
2026-09-16 12:33:00,56221.5,56247.25,56215.2,56241.05,0
2026-09-16 12:34:00,56239.45,56240.85,56215.95,56218.3,0
2026-09-16 12:35:00,56216.9,56233.7,56214.65,56229.95,0
2026-09-16 12:36:00,56229.55,56233.8,56194.55,56215.1,0
2026-09-16 12:37:00,56211.35,56213.4,56198.3,56200.6,0
2026-09-16 12:38:00,56200.3,56217.75,56197.65,56217.15,0
2026-09-16 12:39:00,56215.65,56224.9,56206.25,56214.0,0
2026-09-16 12:40:00,56215.95,56229.8,56211.25,56225.4,0
2026-09-16 12:41:00,56224.9,56233.25,56214.55,56217.45,0
2026-09-16 12:42:00,56215.5,56226.55,56213.55,56216.2,0
2026-09-16 12:43:00,56218.2,56252.05,56216.35,56244.15,0
2026-09-16 12:44:00,56244.85,56255.25,56241.45,56251.45,0
2026-09-16 12:45:00,56250.9,56251.85,56215.6,56217.8,0
2026-09-16 12:46:00,56221.3,56233.65,56208.6,56230.85,0
2026-09-16 12:47:00,56231.25,56257.55,56229.65,56255.95,0
2026-09-16 12:48:00,56255.3,56264.4,56250.4,56260.15,0
2026-09-16 12:49:00,56258.25,56258.55,56246.3,56248.15,0
2026-09-16 12:50:00,56247.45,56251.85,56242.0,56245.5,0
2026-09-16 12:51:00,56246.8,56247.45,56230.55,56232.85,0
2026-09-16 12:52:00,56230.2,56237.8,56219.95,56223.95,0
2026-09-16 12:53:00,56224.25,56235.35,56221.8,56232.5,0
2026-09-16 12:54:00,56231.35,56245.0,56226.1,56230.5,0
2026-09-16 12:55:00,56232.8,56241.25,56228.6,56234.65,0
2026-09-16 12:56:00,56233.8,56255.75,56227.9,56248.8,0
2026-09-16 12:57:00,56248.25,56255.05,56243.55,56254.2,0
2026-09-16 12:58:00,56253.65,56259.85,56233.0,56243.15,0
2026-09-16 12:59:00,56242.9,56245.75,56219.7,56219.7,0
2026-09-16 13:00:00,56222.6,56236.3,56215.75,56235.8,0
2026-09-16 13:01:00,56236.5,56260.5,56231.2,56245.65,0
2026-09-16 13:02:00,56246.2,56253.95,56242.6,56246.95,0
2026-09-16 13:03:00,56248.15,56252.55,56239.65,56242.3,0
2026-09-16 13:04:00,56240.75,56273.4,56240.75,56271.95,0
2026-09-16 13:05:00,56270.15,56277.0,56263.65,56271.8,0
2026-09-16 13:06:00,56270.45,56296.6,56268.75,56291.35,0
2026-09-16 13:07:00,56290.8,56321.4,56290.8,56310.5,0
2026-09-16 13:08:00,56316.25,56347.35,56310.55,56346.65,0
2026-09-16 13:09:00,56347.6,56368.7,56335.1,56343.7,0
2026-09-16 13:10:00,56343.25,56356.65,56339.95,56342.9,0
2026-09-16 13:11:00,56341.3,56350.7,56330.45,56330.45,0
2026-09-16 13:12:00,56331.75,56332.55,56318.05,56319.45,0
2026-09-16 13:13:00,56319.9,56323.95,56298.0,56298.95,0
2026-09-16 13:14:00,56299.55,56308.1,56293.8,56300.2,0
2026-09-16 13:15:00,56299.45,56300.65,56288.7,56294.8,0
2026-09-16 13:16:00,56299.1,56311.25,56294.95,56300.15,0
2026-09-16 13:17:00,56298.65,56311.4,56291.2,56311.25,0
2026-09-16 13:18:00,56310.95,56320.3,56310.95,56317.5,0
2026-09-16 13:19:00,56318.45,56345.0,56316.8,56339.45,0
2026-09-16 13:20:00,56339.0,56339.25,56315.0,56325.85,0
2026-09-16 13:21:00,56325.7,56326.45,56311.0,56316.05,0
2026-09-16 13:22:00,56315.45,56316.5,56305.75,56312.35,0
2026-09-16 13:23:00,56312.0,56321.45,56295.55,56297.95,0
2026-09-16 13:24:00,56297.5,56300.15,56286.5,56292.85,0
2026-09-16 13:25:00,56293.65,56296.95,56285.05,56292.45,0
2026-09-16 13:26:00,56291.05,56296.0,56275.75,56283.95,0
2026-09-16 13:27:00,56280.6,56285.25,56258.05,56260.25,0
2026-09-16 13:28:00,56259.4,56259.4,56217.65,56221.15,0
2026-09-16 13:29:00,56217.7,56226.4,56203.35,56203.35,0
2026-09-16 13:30:00,56206.1,56220.95,56202.65,56220.95,0
2026-09-16 13:31:00,56221.25,56239.2,56217.3,56232.9,0
2026-09-16 13:32:00,56231.5,56239.65,56226.5,56226.55,0
2026-09-16 13:33:00,56226.85,56231.25,56218.2,56220.3,0
2026-09-16 13:34:00,56219.6,56227.2,56203.05,56225.05,0
2026-09-16 13:35:00,56224.4,56255.6,56221.25,56253.05,0
2026-09-16 13:36:00,56252.45,56255.6,56223.35,56228.8,0
2026-09-16 13:37:00,56226.25,56234.85,56221.1,56226.85,0
2026-09-16 13:38:00,56224.05,56240.55,56201.5,56236.5,0
2026-09-16 13:39:00,56237.35,56241.05,56219.35,56224.2,0
2026-09-16 13:40:00,56225.1,56229.2,56203.9,56211.5,0
2026-09-16 13:41:00,56211.4,56228.25,56207.95,56227.2,0
2026-09-16 13:42:00,56230.8,56230.8,56213.85,56217.95,0
2026-09-16 13:43:00,56214.85,56224.7,56208.6,56212.65,0
2026-09-16 13:44:00,56212.95,56215.35,56184.15,56190.2,0
2026-09-16 13:45:00,56188.5,56235.65,56188.5,56225.5,0
2026-09-16 13:46:00,56226.2,56231.9,56205.8,56215.8,0
2026-09-16 13:47:00,56216.3,56230.4,56212.5,56230.2,0
2026-09-16 13:48:00,56229.6,56239.15,56214.35,56214.35,0
2026-09-16 13:49:00,56214.3,56219.45,56198.45,56206.55,0
2026-09-16 13:50:00,56205.5,56211.8,56198.7,56204.05,0
2026-09-16 13:51:00,56204.55,56208.05,56177.95,56190.25,0
2026-09-16 13:52:00,56188.85,56197.3,56179.2,56188.05,0
2026-09-16 13:53:00,56187.35,56212.1,56187.25,56206.2,0
2026-09-16 13:54:00,56205.95,56218.6,56204.45,56204.95,0
2026-09-16 13:55:00,56204.2,56206.8,56192.3,56205.4,0
2026-09-16 13:56:00,56204.2,56216.8,56200.0,56216.5,0
2026-09-16 13:57:00,56217.5,56220.55,56208.95,56215.75,0
2026-09-16 13:58:00,56215.35,56218.9,56196.4,56199.0,0
2026-09-16 13:59:00,56201.0,56218.05,56195.9,56218.05,0
2026-09-16 14:00:00,56215.95,56242.45,56212.05,56239.1,0
2026-09-16 14:01:00,56238.2,56259.9,56238.0,56253.75,0
2026-09-16 14:02:00,56254.35,56261.2,56240.95,56247.8,0
2026-09-16 14:03:00,56250.45,56263.5,56243.2,56255.75,0
2026-09-16 14:04:00,56255.15,56261.25,56251.8,56258.45,0
2026-09-16 14:05:00,56257.55,56268.55,56255.25,56261.35,0
2026-09-16 14:06:00,56262.2,56264.4,56244.4,56250.05,0
2026-09-16 14:07:00,56248.0,56250.95,56229.2,56236.35,0
2026-09-16 14:08:00,56234.8,56239.15,56222.95,56229.8,0
2026-09-16 14:09:00,56229.45,56235.6,56226.9,56231.95,0
2026-09-16 14:10:00,56230.45,56235.05,56220.85,56227.15,0
2026-09-16 14:11:00,56227.45,56240.05,56226.7,56239.7,0
2026-09-16 14:12:00,56239.25,56254.45,56233.7,56254.45,0
2026-09-16 14:13:00,56257.15,56278.7,56253.15,56272.2,0
2026-09-16 14:14:00,56271.9,56285.3,56267.85,56284.25,0
2026-09-16 14:15:00,56283.75,56293.4,56280.25,56291.1,0
2026-09-16 14:16:00,56289.6,56294.3,56279.2,56285.1,0
2026-09-16 14:17:00,56287.3,56303.35,56286.15,56297.75,0
2026-09-16 14:18:00,56297.3,56312.45,56294.65,56305.95,0
2026-09-16 14:19:00,56305.1,56309.0,56267.7,56271.25,0
2026-09-16 14:20:00,56267.2,56276.1,56260.85,56267.25,0
2026-09-16 14:21:00,56268.05,56291.3,56263.3,56291.15,0
2026-09-16 14:22:00,56291.4,56312.3,56287.15,56308.9,0
2026-09-16 14:23:00,56307.35,56312.2,56291.8,56299.55,0
2026-09-16 14:24:00,56299.9,56301.65,56285.85,56289.55,0
2026-09-16 14:25:00,56292.45,56301.2,56288.85,56300.4,0
2026-09-16 14:26:00,56297.45,56308.9,56290.0,56290.7,0
2026-09-16 14:27:00,56291.6,56295.2,56276.55,56280.45,0
2026-09-16 14:28:00,56281.15,56282.6,56260.85,56274.05,0
2026-09-16 14:29:00,56272.95,56296.0,56270.4,56286.3,0
2026-09-16 14:30:00,56286.05,56291.0,56277.0,56277.55,0
2026-09-16 14:31:00,56276.95,56282.4,56271.4,56282.0,0
2026-09-16 14:32:00,56279.25,56285.8,56274.2,56283.8,0
2026-09-16 14:33:00,56285.45,56292.65,56278.65,56291.95,0
2026-09-16 14:34:00,56292.5,56298.45,56285.45,56296.9,0
2026-09-16 14:35:00,56298.95,56314.3,56294.25,56307.3,0
2026-09-16 14:36:00,56306.9,56311.85,56295.85,56299.95,0
2026-09-16 14:37:00,56299.8,56302.0,56288.2,56296.3,0
2026-09-16 14:38:00,56295.75,56304.4,56281.55,56284.5,0
2026-09-16 14:39:00,56284.75,56304.95,56281.85,56298.4,0
2026-09-16 14:40:00,56297.5,56312.0,56295.3,56309.4,0
2026-09-16 14:41:00,56308.6,56326.85,56305.8,56317.4,0
2026-09-16 14:42:00,56319.8,56320.85,56280.85,56292.8,0
2026-09-16 14:43:00,56287.35,56292.45,56273.95,56291.5,0
2026-09-16 14:44:00,56292.05,56299.35,56281.1,56286.75,0
2026-09-16 14:45:00,56286.6,56291.45,56278.75,56288.4,0
2026-09-16 14:46:00,56288.55,56298.35,56285.5,56289.1,0
2026-09-16 14:47:00,56293.7,56295.3,56286.05,56291.7,0
2026-09-16 14:48:00,56289.7,56294.05,56272.65,56279.9,0
2026-09-16 14:49:00,56283.05,56302.3,56279.2,56298.8,0
2026-09-16 14:50:00,56301.1,56302.5,56275.8,56295.35,0
2026-09-16 14:51:00,56296.25,56308.95,56276.3,56278.45,0
2026-09-16 14:52:00,56279.3,56289.85,56275.2,56285.5,0
2026-09-16 14:53:00,56284.3,56300.0,56282.8,56291.5,0
2026-09-16 14:54:00,56290.9,56299.8,56284.25,56297.55,0
2026-09-16 14:55:00,56294.5,56298.65,56286.7,56294.95,0
2026-09-16 14:56:00,56295.2,56313.6,56291.95,56309.8,0
2026-09-16 14:57:00,56310.05,56357.35,56308.55,56342.1,0
2026-09-16 14:58:00,56343.05,56343.05,56296.85,56298.6,0
2026-09-16 14:59:00,56296.35,56303.0,56265.7,56270.0,0
2026-09-16 15:00:00,56272.55,56273.25,56240.25,56248.3,0
2026-09-16 15:01:00,56249.95,56270.8,56242.15,56262.4,0
2026-09-16 15:02:00,56261.7,56271.4,56256.85,56257.25,0
2026-09-16 15:03:00,56254.35,56268.7,56248.55,56256.35,0
2026-09-16 15:04:00,56254.35,56263.45,56236.05,56243.0,0
2026-09-16 15:05:00,56241.85,56247.05,56231.85,56233.25,0
2026-09-16 15:06:00,56231.3,56237.7,56211.15,56222.0,0
2026-09-16 15:07:00,56223.1,56243.95,56219.3,56241.3,0
2026-09-16 15:08:00,56240.35,56251.8,56237.65,56246.55,0
2026-09-16 15:09:00,56245.6,56246.0,56230.15,56236.65,0
2026-09-16 15:10:00,56234.25,56255.2,56231.7,56243.9,0
2026-09-16 15:11:00,56238.1,56254.4,56227.45,56240.35,0
2026-09-16 15:12:00,56237.5,56248.8,56215.55,56232.3,0
2026-09-16 15:13:00,56228.8,56244.85,56219.05,56231.7,0
2026-09-16 15:14:00,56230.1,56259.05,56213.45,56230.15,0
2026-09-16 15:29:00,56292.45,56292.45,56292.45,56292.45,0
2026-09-17 09:15:00,56126.6,56216.45,56072.6,56153.35,0
2026-09-17 09:16:00,56154.65,56262.55,56121.3,56244.25,0
2026-09-17 09:17:00,56250.85,56272.45,56221.2,56269.5,0
2026-09-17 09:18:00,56270.75,56324.6,56265.2,56272.55,0
2026-09-17 09:19:00,56271.95,56328.7,56265.2,56321.45,0
2026-09-17 09:20:00,56318.1,56327.15,56271.25,56302.25,0
2026-09-17 09:21:00,56302.4,56315.9,56266.0,56286.15,0
2026-09-17 09:22:00,56289.55,56302.6,56256.15,56262.25,0
2026-09-17 09:23:00,56260.45,56280.15,56250.35,56271.85,0
2026-09-17 09:24:00,56270.15,56300.55,56265.6,56281.0,0
2026-09-17 09:25:00,56276.65,56290.7,56254.25,56265.7,0
2026-09-17 09:26:00,56259.8,56294.6,56256.15,56276.9,0
2026-09-17 09:27:00,56276.95,56287.6,56249.85,56283.6,0
2026-09-17 09:28:00,56281.1,56312.35,56281.1,56309.4,0
2026-09-17 09:29:00,56309.7,56311.6,56290.4,56294.9,0
2026-09-17 09:30:00,56296.1,56357.8,56296.1,56344.7,0
2026-09-17 09:31:00,56345.5,56400.3,56338.95,56399.45,0
2026-09-17 09:32:00,56396.55,56471.25,56393.95,56459.05,0
2026-09-17 09:33:00,56457.45,56473.9,56431.15,56448.15,0
2026-09-17 09:34:00,56446.7,56509.1,56444.25,56501.0,0
2026-09-17 09:35:00,56497.6,56568.05,56494.2,56562.35,0
2026-09-17 09:36:00,56561.25,56570.45,56513.05,56518.6,0
2026-09-17 09:37:00,56520.05,56542.2,56508.65,56523.05,0
2026-09-17 09:38:00,56519.2,56538.9,56494.65,56494.65,0
2026-09-17 09:39:00,56490.0,56490.85,56450.65,56453.05,0
2026-09-17 09:40:00,56448.45,56451.45,56411.45,56451.3,0
2026-09-17 09:41:00,56450.55,56460.85,56436.9,56449.9,0
2026-09-17 09:42:00,56449.0,56449.0,56380.45,56380.8,0
2026-09-17 09:43:00,56378.8,56433.3,56360.8,56425.4,0
2026-09-17 09:44:00,56422.8,56433.55,56401.35,56431.9,0
2026-09-17 09:45:00,56432.5,56444.75,56397.5,56406.15,0
2026-09-17 09:46:00,56402.15,56415.0,56392.3,56410.4,0
2026-09-17 09:47:00,56408.15,56425.8,56408.15,56425.8,0
2026-09-17 09:48:00,56418.6,56445.9,56405.55,56421.35,0
2026-09-17 09:49:00,56416.85,56443.25,56416.85,56431.5,0
2026-09-17 09:50:00,56427.65,56428.8,56381.7,56397.4,0
2026-09-17 09:51:00,56396.45,56410.15,56392.9,56403.85,0
2026-09-17 09:52:00,56399.75,56438.0,56391.85,56428.85,0
2026-09-17 09:53:00,56428.8,56439.35,56419.45,56434.9,0
2026-09-17 09:54:00,56429.35,56456.2,56426.2,56444.15,0
2026-09-17 09:55:00,56440.2,56453.1,56425.3,56442.05,0
2026-09-17 09:56:00,56438.9,56442.45,56416.45,56422.95,0
2026-09-17 09:57:00,56418.05,56450.3,56417.0,56449.5,0
2026-09-17 09:58:00,56450.85,56450.85,56428.5,56431.3,0
2026-09-17 09:59:00,56432.45,56432.8,56403.8,56405.8,0
2026-09-17 10:00:00,56406.65,56406.65,56386.65,56394.15,0
2026-09-17 10:01:00,56395.05,56427.2,56389.25,56427.2,0
2026-09-17 10:02:00,56425.5,56440.25,56417.85,56437.4,0
2026-09-17 10:03:00,56434.45,56444.1,56420.1,56435.2,0
2026-09-17 10:04:00,56433.05,56444.35,56430.4,56435.1,0
2026-09-17 10:05:00,56434.85,56484.45,56433.15,56471.7,0
2026-09-17 10:06:00,56471.85,56480.3,56467.35,56469.35,0
2026-09-17 10:07:00,56468.4,56471.05,56443.65,56456.85,0
2026-09-17 10:08:00,56456.6,56461.2,56445.75,56458.9,0
2026-09-17 10:09:00,56451.5,56461.9,56443.05,56452.8,0
2026-09-17 10:10:00,56455.65,56473.15,56453.4,56473.15,0
2026-09-17 10:11:00,56472.5,56496.85,56470.1,56491.3,0
2026-09-17 10:12:00,56488.15,56500.15,56483.6,56492.5,0
2026-09-17 10:13:00,56486.9,56497.6,56483.55,56492.65,0
2026-09-17 10:14:00,56491.25,56495.6,56470.9,56474.4,0
2026-09-17 10:15:00,56477.55,56494.6,56472.95,56478.9,0
2026-09-17 10:16:00,56480.75,56480.75,56460.9,56461.7,0
2026-09-17 10:17:00,56463.2,56468.8,56431.85,56433.8,0
2026-09-17 10:18:00,56430.8,56444.2,56421.4,56444.15,0
2026-09-17 10:19:00,56438.3,56443.55,56427.25,56434.2,0
2026-09-17 10:20:00,56433.4,56455.95,56424.85,56444.7,0
2026-09-17 10:21:00,56449.7,56466.35,56448.2,56462.75,0
2026-09-17 10:22:00,56459.05,56466.35,56429.8,56430.65,0
2026-09-17 10:23:00,56437.0,56438.2,56401.4,56402.4,0
2026-09-17 10:24:00,56406.6,56422.75,56392.8,56399.6,0
2026-09-17 10:25:00,56399.3,56401.85,56382.95,56388.75,0
2026-09-17 10:26:00,56389.0,56405.65,56388.85,56403.95,0
2026-09-17 10:27:00,56404.85,56411.9,56395.55,56395.55,0
2026-09-17 10:28:00,56400.55,56405.15,56383.05,56389.0,0
2026-09-17 10:29:00,56389.05,56396.5,56380.9,56389.25,0
2026-09-17 10:30:00,56386.5,56394.45,56364.95,56371.5,0
2026-09-17 10:31:00,56369.9,56371.65,56326.05,56332.15,0
2026-09-17 10:32:00,56336.4,56348.6,56328.6,56336.05,0
2026-09-17 10:33:00,56333.4,56343.45,56328.0,56336.2,0
2026-09-17 10:34:00,56329.5,56336.2,56302.4,56305.1,0
2026-09-17 10:35:00,56302.7,56326.65,56287.1,56325.7,0
2026-09-17 10:36:00,56324.35,56357.15,56321.0,56353.75,0
2026-09-17 10:37:00,56354.25,56361.65,56338.75,56344.25,0
2026-09-17 10:38:00,56338.05,56343.05,56306.35,56313.75,0
2026-09-17 10:39:00,56314.2,56328.55,56311.65,56326.95,0
2026-09-17 10:40:00,56325.9,56333.4,56314.75,56325.8,0
2026-09-17 10:41:00,56327.8,56339.65,56323.3,56324.8,0
2026-09-17 10:42:00,56327.2,56327.2,56284.1,56293.1,0
2026-09-17 10:43:00,56291.75,56308.15,56278.05,56280.1,0
2026-09-17 10:44:00,56280.35,56291.1,56277.75,56284.25,0
2026-09-17 10:45:00,56283.3,56283.3,56236.3,56255.7,0
2026-09-17 10:46:00,56256.05,56281.4,56254.55,56275.7,0
2026-09-17 10:47:00,56276.65,56289.7,56274.8,56284.5,0
2026-09-17 10:48:00,56283.75,56285.8,56254.4,56261.7,0
2026-09-17 10:49:00,56260.05,56264.3,56246.3,56253.9,0
2026-09-17 10:50:00,56248.55,56279.25,56248.55,56277.05,0
2026-09-17 10:51:00,56279.4,56285.05,56266.1,56278.55,0
2026-09-17 10:52:00,56282.15,56290.8,56259.45,56268.05,0
2026-09-17 10:53:00,56264.0,56273.6,56258.75,56266.45,0
2026-09-17 10:54:00,56265.9,56272.95,56260.5,56272.65,0
2026-09-17 10:55:00,56269.35,56283.0,56261.0,56266.45,0
2026-09-17 10:56:00,56265.85,56273.9,56260.35,56273.35,0
2026-09-17 10:57:00,56272.0,56293.7,56262.4,56266.5,0
2026-09-17 10:58:00,56264.2,56269.0,56250.9,56251.85,0
2026-09-17 10:59:00,56248.8,56249.8,56233.2,56239.6,0
2026-09-17 11:00:00,56238.25,56241.45,56197.0,56203.2,0
2026-09-17 11:01:00,56200.25,56211.6,56168.3,56184.2,0
2026-09-17 11:02:00,56185.6,56196.6,56172.15,56175.65,0
2026-09-17 11:03:00,56169.35,56170.95,56137.45,56150.9,0
2026-09-17 11:04:00,56149.5,56153.45,56132.1,56136.6,0
2026-09-17 11:05:00,56133.65,56139.35,56111.45,56121.4,0
2026-09-17 11:06:00,56115.0,56120.9,56079.55,56092.95,0
2026-09-17 11:07:00,56094.55,56095.05,56073.9,56082.75,0
2026-09-17 11:08:00,56080.6,56080.6,56065.55,56070.15,0
2026-09-17 11:09:00,56067.85,56081.55,56056.1,56073.2,0
2026-09-17 11:10:00,56073.95,56082.3,56057.3,56060.4,0
2026-09-17 11:11:00,56060.95,56082.6,56055.45,56073.1,0
2026-09-17 11:12:00,56071.4,56099.8,56068.85,56096.0,0
2026-09-17 11:13:00,56097.75,56117.2,56097.4,56108.85,0
2026-09-17 11:14:00,56110.2,56123.35,56097.8,56099.35,0
2026-09-17 11:15:00,56102.95,56113.25,56095.3,56106.95,0
2026-09-17 11:16:00,56109.85,56109.85,56081.25,56090.3,0
2026-09-17 11:17:00,56090.25,56109.65,56083.7,56108.35,0
2026-09-17 11:18:00,56105.5,56133.65,56103.0,56133.0,0
2026-09-17 11:19:00,56132.35,56143.35,56127.65,56138.65,0
2026-09-17 11:20:00,56142.5,56150.95,56134.75,56148.65,0
2026-09-17 11:21:00,56148.55,56167.2,56145.95,56151.5,0
2026-09-17 11:22:00,56148.5,56148.85,56106.0,56108.15,0
2026-09-17 11:23:00,56110.2,56111.85,56095.65,56101.85,0
2026-09-17 11:24:00,56102.45,56107.45,56095.55,56099.0,0
2026-09-17 11:25:00,56100.6,56108.45,56095.8,56098.6,0
2026-09-17 11:26:00,56098.75,56109.4,56096.7,56099.45,0
2026-09-17 11:27:00,56099.85,56102.1,56086.3,56091.6,0
2026-09-17 11:28:00,56091.25,56108.25,56088.45,56095.45,0
2026-09-17 11:29:00,56097.25,56106.2,56092.25,56104.85,0
2026-09-17 11:30:00,56105.55,56108.25,56067.4,56082.6,0
2026-09-17 11:31:00,56080.9,56098.7,56076.1,56085.65,0
2026-09-17 11:32:00,56085.5,56118.0,56079.6,56113.25,0
2026-09-17 11:33:00,56115.35,56128.75,56099.55,56105.7,0
2026-09-17 11:34:00,56109.55,56117.0,56102.3,56109.55,0
2026-09-17 11:35:00,56112.2,56116.35,56088.55,56098.8,0
2026-09-17 11:36:00,56097.7,56126.6,56095.8,56124.6,0
2026-09-17 11:37:00,56123.2,56137.9,56118.55,56132.0,0
2026-09-17 11:38:00,56133.6,56148.45,56125.8,56139.35,0
2026-09-17 11:39:00,56142.25,56155.25,56138.0,56152.05,0
2026-09-17 11:40:00,56153.55,56153.55,56142.25,56151.25,0
2026-09-17 11:41:00,56151.95,56151.95,56137.75,56145.5,0
2026-09-17 11:42:00,56145.95,56169.5,56143.05,56169.5,0
2026-09-17 11:43:00,56170.7,56200.85,56167.2,56195.95,0
2026-09-17 11:44:00,56191.45,56207.75,56185.75,56203.95,0
2026-09-17 11:45:00,56202.7,56221.65,56182.6,56187.25,0
2026-09-17 11:46:00,56187.75,56190.0,56166.35,56174.95,0
2026-09-17 11:47:00,56173.05,56173.35,56157.0,56169.65,0
2026-09-17 11:48:00,56166.4,56179.6,56157.9,56163.7,0
2026-09-17 11:49:00,56165.5,56169.85,56158.45,56160.6,0
2026-09-17 11:50:00,56158.15,56162.45,56146.85,56158.1,0
2026-09-17 11:51:00,56156.05,56182.75,56156.05,56177.9,0
2026-09-17 11:52:00,56177.45,56220.65,56177.45,56214.0,0
2026-09-17 11:53:00,56213.55,56215.65,56156.35,56167.4,0
2026-09-17 11:54:00,56160.95,56186.9,56157.1,56186.25,0
2026-09-17 11:55:00,56184.25,56195.7,56181.1,56191.65,0
2026-09-17 11:56:00,56190.45,56224.0,56190.45,56224.0,0
2026-09-17 11:57:00,56222.25,56238.05,56217.25,56235.0,0
2026-09-17 11:58:00,56234.75,56240.5,56219.8,56232.9,0
2026-09-17 11:59:00,56233.2,56258.15,56221.85,56257.1,0
2026-09-17 12:00:00,56258.1,56277.0,56255.8,56264.75,0
2026-09-17 12:01:00,56268.4,56268.4,56238.8,56242.05,0
2026-09-17 12:02:00,56247.5,56257.55,56236.1,56248.7,0
2026-09-17 12:03:00,56248.1,56250.4,56225.1,56228.9,0
2026-09-17 12:04:00,56231.05,56240.1,56223.9,56233.9,0
2026-09-17 12:05:00,56232.75,56238.9,56222.3,56236.3,0
2026-09-17 12:06:00,56236.35,56276.1,56234.45,56273.0,0
2026-09-17 12:07:00,56274.75,56334.55,56274.75,56333.45,0
2026-09-17 12:08:00,56330.5,56347.35,56326.4,56346.1,0
2026-09-17 12:09:00,56345.95,56351.65,56336.75,56346.1,0
2026-09-17 12:10:00,56347.8,56360.45,56341.65,56354.3,0
2026-09-17 12:11:00,56358.1,56361.85,56337.75,56357.95,0
2026-09-17 12:12:00,56355.85,56361.5,56341.45,56350.05,0
2026-09-17 12:13:00,56350.2,56369.35,56340.75,56367.95,0
2026-09-17 12:14:00,56369.85,56387.0,56353.8,56357.25,0
2026-09-17 12:15:00,56367.65,56378.2,56352.15,56368.95,0
2026-09-17 12:16:00,56365.55,56379.8,56363.2,56379.7,0
2026-09-17 12:17:00,56376.95,56391.55,56374.45,56384.75,0
2026-09-17 12:18:00,56380.8,56397.25,56377.1,56385.8,0
2026-09-17 12:19:00,56382.85,56386.45,56371.4,56373.15,0
2026-09-17 12:20:00,56375.35,56378.45,56364.3,56369.8,0
2026-09-17 12:21:00,56367.75,56375.75,56358.7,56361.5,0
2026-09-17 12:22:00,56361.65,56375.75,56354.7,56374.55,0
2026-09-17 12:23:00,56374.7,56404.55,56374.0,56392.15,0
2026-09-17 12:24:00,56394.15,56395.25,56364.9,56370.6,0
2026-09-17 12:25:00,56370.0,56372.05,56348.05,56352.6,0
2026-09-17 12:26:00,56348.8,56355.7,56326.75,56328.5,0
2026-09-17 12:27:00,56330.3,56330.3,56310.9,56314.35,0
2026-09-17 12:28:00,56321.5,56323.4,56301.7,56316.8,0
2026-09-17 12:29:00,56320.1,56329.55,56310.55,56321.9,0
2026-09-17 12:30:00,56319.45,56324.35,56308.8,56317.3,0
2026-09-17 12:31:00,56318.9,56321.3,56302.4,56314.95,0
2026-09-17 12:32:00,56313.8,56325.3,56309.65,56320.9,0
2026-09-17 12:33:00,56317.9,56343.0,56317.1,56341.25,0
2026-09-17 12:34:00,56340.3,56343.7,56331.35,56336.55,0
2026-09-17 12:35:00,56334.2,56363.25,56332.15,56359.45,0
2026-09-17 12:36:00,56359.0,56367.35,56352.05,56363.25,0
2026-09-17 12:37:00,56361.85,56377.0,56357.7,56368.3,0
2026-09-17 12:38:00,56371.25,56381.6,56369.0,56374.4,0
2026-09-17 12:39:00,56373.75,56379.4,56362.6,56369.4,0
2026-09-17 12:40:00,56369.15,56381.4,56367.0,56369.5,0
2026-09-17 12:41:00,56370.3,56382.7,56368.2,56373.7,0
2026-09-17 12:42:00,56372.6,56383.7,56369.45,56380.8,0
2026-09-17 12:43:00,56379.75,56382.05,56365.95,56369.7,0
2026-09-17 12:44:00,56367.9,56368.75,56326.9,56335.95,0
2026-09-17 12:45:00,56334.65,56342.3,56327.55,56338.1,0
2026-09-17 12:46:00,56333.4,56348.8,56330.5,56337.2,0
2026-09-17 12:47:00,56339.0,56341.7,56316.15,56319.35,0
2026-09-17 12:48:00,56320.9,56321.7,56305.9,56313.5,0
2026-09-17 12:49:00,56313.65,56313.65,56298.2,56301.6,0
2026-09-17 12:50:00,56304.2,56315.0,56297.15,56312.85,0
2026-09-17 12:51:00,56315.6,56319.0,56282.0,56293.15,0
2026-09-17 12:52:00,56293.5,56307.95,56289.2,56296.9,0
2026-09-17 12:53:00,56294.1,56317.45,56290.35,56306.7,0
2026-09-17 12:54:00,56310.85,56325.8,56289.3,56295.4,0
2026-09-17 12:55:00,56292.2,56297.4,56280.2,56289.3,0
2026-09-17 12:56:00,56286.4,56295.55,56281.2,56284.45,0
2026-09-17 12:57:00,56282.0,56303.75,56280.9,56302.65,0
2026-09-17 12:58:00,56301.1,56313.45,56298.7,56300.15,0
2026-09-17 12:59:00,56296.05,56306.55,56293.45,56302.45,0
2026-09-17 13:00:00,56301.75,56314.95,56295.6,56312.0,0
2026-09-17 13:01:00,56310.85,56320.35,56296.1,56302.0,0
2026-09-17 13:02:00,56301.4,56307.25,56292.95,56304.4,0
2026-09-17 13:03:00,56300.85,56309.95,56291.85,56294.7,0
2026-09-17 13:04:00,56297.6,56302.0,56280.95,56292.5,0
2026-09-17 13:05:00,56290.75,56297.8,56286.8,56292.2,0
2026-09-17 13:06:00,56290.05,56294.6,56264.35,56264.65,0
2026-09-17 13:07:00,56262.15,56272.2,56249.5,56257.65,0
2026-09-17 13:08:00,56257.35,56273.3,56253.85,56269.9,0
2026-09-17 13:09:00,56271.4,56295.15,56267.5,56290.55,0
2026-09-17 13:10:00,56291.7,56298.3,56278.25,56280.95,0
2026-09-17 13:11:00,56281.85,56291.05,56279.8,56283.3,0
2026-09-17 13:12:00,56288.15,56291.7,56273.35,56278.0,0
2026-09-17 13:13:00,56280.65,56280.65,56253.8,56264.75,0
2026-09-17 13:14:00,56265.7,56267.7,56235.6,56238.5,0
2026-09-17 13:15:00,56236.5,56240.5,56202.6,56208.4,0
2026-09-17 13:16:00,56208.5,56246.7,56208.5,56245.4,0
2026-09-17 13:17:00,56247.15,56248.0,56220.35,56225.8,0
2026-09-17 13:18:00,56228.35,56241.7,56225.35,56240.55,0
2026-09-17 13:19:00,56243.0,56249.2,56229.75,56241.2,0
2026-09-17 13:20:00,56241.95,56243.0,56227.35,56240.7,0
2026-09-17 13:21:00,56238.0,56253.0,56238.0,56240.8,0
2026-09-17 13:22:00,56241.6,56248.65,56207.3,56212.5,0
2026-09-17 13:23:00,56209.7,56213.05,56195.65,56207.25,0
2026-09-17 13:24:00,56205.75,56213.9,56197.55,56199.0,0
2026-09-17 13:25:00,56202.5,56206.4,56173.7,56175.15,0
2026-09-17 13:26:00,56173.4,56183.25,56161.7,56162.9,0
2026-09-17 13:27:00,56161.8,56171.65,56115.25,56115.25,0
2026-09-17 13:28:00,56110.65,56153.5,56098.25,56126.4,0
2026-09-17 13:29:00,56123.55,56137.75,56114.55,56114.8,0
2026-09-17 13:30:00,56112.2,56118.5,56085.25,56093.5,0
2026-09-17 13:31:00,56094.55,56110.95,56093.2,56101.9,0
2026-09-17 13:32:00,56104.45,56115.7,56089.5,56104.95,0
2026-09-17 13:33:00,56103.5,56109.3,56071.45,56076.8,0
2026-09-17 13:34:00,56080.35,56087.65,56065.25,56074.25,0
2026-09-17 13:35:00,56072.85,56075.8,56041.05,56066.95,0
2026-09-17 13:36:00,56070.25,56071.7,56038.5,56054.55,0
2026-09-17 13:37:00,56056.1,56072.4,56048.45,56066.4,0
2026-09-17 13:38:00,56066.0,56068.5,56047.25,56062.15,0
2026-09-17 13:39:00,56060.0,56087.0,56058.8,56078.9,0
2026-09-17 13:40:00,56078.7,56116.85,56078.7,56112.55,0
2026-09-17 13:41:00,56110.45,56150.35,56107.35,56145.7,0
2026-09-17 13:42:00,56143.35,56151.8,56102.45,56102.45,0
2026-09-17 13:43:00,56104.05,56109.6,56092.75,56099.1,0
2026-09-17 13:44:00,56102.85,56103.3,56069.65,56073.85,0
2026-09-17 13:45:00,56076.8,56089.9,56070.65,56083.4,0
2026-09-17 13:46:00,56085.3,56105.3,56082.5,56098.9,0
2026-09-17 13:47:00,56101.55,56105.3,56086.95,56100.45,0
2026-09-17 13:48:00,56097.9,56104.7,56081.25,56085.15,0
2026-09-17 13:49:00,56086.45,56104.5,56083.65,56097.95,0
2026-09-17 13:50:00,56097.6,56103.1,56092.5,56101.7,0
2026-09-17 13:51:00,56100.4,56111.85,56098.05,56110.5,0
2026-09-17 13:52:00,56114.4,56136.6,56109.15,56113.3,0
2026-09-17 13:53:00,56114.9,56116.25,56085.3,56085.3,0
2026-09-17 13:54:00,56084.3,56095.85,56069.0,56091.2,0
2026-09-17 13:55:00,56096.35,56115.85,56078.0,56111.0,0
2026-09-17 13:56:00,56112.9,56115.4,56099.8,56103.45,0
2026-09-17 13:57:00,56112.35,56124.0,56101.6,56118.4,0
2026-09-17 13:58:00,56124.95,56127.55,56103.8,56110.8,0
2026-09-17 13:59:00,56112.7,56120.3,56100.95,56104.5,0
2026-09-17 14:00:00,56107.8,56121.25,56103.4,56110.5,0
2026-09-17 14:01:00,56111.7,56135.05,56109.1,56128.7,0
2026-09-17 14:02:00,56127.4,56134.35,56092.25,56095.0,0
2026-09-17 14:03:00,56096.8,56102.7,56092.25,56099.1,0
2026-09-17 14:04:00,56102.05,56121.65,56099.85,56113.05,0
2026-09-17 14:05:00,56112.6,56122.4,56110.15,56118.4,0
2026-09-17 14:06:00,56118.15,56134.5,56113.55,56129.75,0
2026-09-17 14:07:00,56129.2,56157.3,56127.45,56151.7,0
2026-09-17 14:08:00,56149.2,56160.5,56138.05,56138.3,0
2026-09-17 14:09:00,56140.8,56145.1,56132.95,56138.5,0
2026-09-17 14:10:00,56139.8,56155.75,56138.1,56145.4,0
2026-09-17 14:11:00,56143.6,56149.95,56124.55,56128.55,0
2026-09-17 14:12:00,56128.5,56137.95,56125.0,56130.1,0
2026-09-17 14:13:00,56131.15,56135.5,56124.55,56130.0,0
2026-09-17 14:14:00,56128.85,56138.6,56124.55,56124.55,0
2026-09-17 14:15:00,56123.7,56129.15,56109.6,56109.6,0
2026-09-17 14:16:00,56106.7,56113.2,56099.55,56104.8,0
2026-09-17 14:17:00,56102.95,56107.7,56093.25,56105.2,0
2026-09-17 14:18:00,56104.35,56121.75,56103.9,56116.3,0
2026-09-17 14:19:00,56115.7,56140.75,56112.6,56120.35,0
2026-09-17 14:20:00,56117.55,56129.55,56117.55,56125.05,0
2026-09-17 14:21:00,56126.55,56142.3,56124.35,56139.9,0
2026-09-17 14:22:00,56137.95,56152.15,56137.65,56140.55,0
2026-09-17 14:23:00,56142.25,56152.05,56142.05,56146.15,0
2026-09-17 14:24:00,56148.15,56153.3,56143.5,56147.1,0
2026-09-17 14:25:00,56150.9,56150.9,56122.25,56124.75,0
2026-09-17 14:26:00,56122.25,56126.35,56110.45,56117.65,0
2026-09-17 14:27:00,56117.95,56128.85,56112.5,56117.4,0
2026-09-17 14:28:00,56114.95,56120.65,56101.65,56105.8,0
2026-09-17 14:29:00,56102.6,56151.05,56102.6,56149.7,0
2026-09-17 14:30:00,56148.45,56166.3,56140.0,56158.6,0
2026-09-17 14:31:00,56153.35,56161.55,56144.9,56155.9,0
2026-09-17 14:32:00,56147.0,56153.3,56136.0,56138.2,0
2026-09-17 14:33:00,56140.45,56152.35,56127.3,56143.05,0
2026-09-17 14:34:00,56142.6,56146.95,56125.35,56132.65,0
2026-09-17 14:35:00,56132.55,56144.0,56129.2,56141.95,0
2026-09-17 14:36:00,56139.45,56152.65,56137.35,56141.1,0
2026-09-17 14:37:00,56140.1,56215.15,56138.9,56198.25,0
2026-09-17 14:38:00,56190.05,56199.95,56157.85,56162.6,0
2026-09-17 14:39:00,56159.2,56175.6,56154.05,56164.3,0
2026-09-17 14:40:00,56166.85,56168.55,56139.4,56155.05,0
2026-09-17 14:41:00,56153.9,56164.9,56150.4,56153.65,0
2026-09-17 14:42:00,56152.05,56160.65,56129.6,56130.85,0
2026-09-17 14:43:00,56132.35,56135.15,56121.55,56130.25,0
2026-09-17 14:44:00,56127.5,56131.35,56112.3,56119.8,0
2026-09-17 14:45:00,56120.05,56129.55,56114.85,56119.85,0
2026-09-17 14:46:00,56117.65,56125.7,56098.4,56106.4,0
2026-09-17 14:47:00,56105.6,56118.2,56097.9,56097.9,0
2026-09-17 14:48:00,56096.7,56115.35,56095.45,56108.85,0
2026-09-17 14:49:00,56108.05,56110.05,56093.05,56101.45,0
2026-09-17 14:50:00,56102.25,56113.65,56093.15,56104.65,0
2026-09-17 14:51:00,56111.7,56112.5,56093.35,56096.15,0
2026-09-17 14:52:00,56094.25,56103.5,56092.1,56096.15,0
2026-09-17 14:53:00,56097.5,56109.15,56092.95,56101.9,0
2026-09-17 14:54:00,56101.45,56106.1,56086.65,56098.85,0
2026-09-17 14:55:00,56094.8,56104.15,56079.3,56079.8,0
2026-09-17 14:56:00,56078.9,56096.8,56077.15,56089.2,0
2026-09-17 14:57:00,56088.0,56103.3,56085.15,56098.4,0
2026-09-17 14:58:00,56095.9,56103.55,56086.9,56098.05,0
2026-09-17 14:59:00,56093.6,56100.55,56085.4,56090.55,0
2026-09-17 15:00:00,56088.0,56097.4,56075.35,56097.4,0
2026-09-17 15:01:00,56093.8,56110.65,56091.35,56106.6,0
2026-09-17 15:02:00,56106.95,56110.2,56100.95,56105.7,0
2026-09-17 15:03:00,56101.55,56114.95,56100.7,56105.95,0
2026-09-17 15:04:00,56105.8,56112.9,56096.45,56097.4,0
2026-09-17 15:05:00,56097.95,56110.55,56095.6,56105.9,0
2026-09-17 15:06:00,56107.15,56113.85,56099.0,56110.65,0
2026-09-17 15:07:00,56114.2,56131.25,56112.0,56119.85,0
2026-09-17 15:08:00,56119.9,56134.55,56115.05,56127.05,0
2026-09-17 15:09:00,56128.8,56131.05,56113.7,56119.5,0
2026-09-17 15:10:00,56121.7,56123.4,56109.0,56116.25,0
2026-09-17 15:11:00,56118.05,56118.05,56102.75,56115.9,0
2026-09-17 15:12:00,56114.55,56136.7,56092.2,56095.0,0
2026-09-17 15:13:00,56100.2,56122.5,56089.5,56116.0,0
2026-09-17 15:14:00,56112.7,56147.85,56105.6,56141.15,0
2026-09-17 15:28:00,56055.75,56055.75,56055.75,56055.75,0
2026-09-18 09:15:00,56172.85,56324.2,56145.55,56264.65,0
2026-09-18 09:16:00,56258.4,56296.15,56242.3,56281.65,0
2026-09-18 09:17:00,56279.05,56326.95,56275.75,56323.15,0
2026-09-18 09:18:00,56317.1,56324.25,56240.9,56247.5,0
2026-09-18 09:19:00,56246.2,56254.7,56225.1,56239.25,0
2026-09-18 09:20:00,56235.75,56243.65,56173.6,56193.4,0
2026-09-18 09:21:00,56190.25,56194.3,56168.05,56180.4,0
2026-09-18 09:22:00,56180.55,56213.65,56168.45,56169.75,0
2026-09-18 09:23:00,56170.35,56205.05,56161.65,56204.6,0
2026-09-18 09:24:00,56199.0,56216.0,56187.0,56200.7,0
2026-09-18 09:25:00,56198.2,56206.8,56187.95,56203.8,0
2026-09-18 09:26:00,56200.4,56206.25,56181.65,56188.85,0
2026-09-18 09:27:00,56185.3,56190.6,56159.65,56166.15,0
2026-09-18 09:28:00,56165.45,56176.25,56147.8,56167.55,0
2026-09-18 09:29:00,56166.5,56194.7,56158.8,56182.3,0
2026-09-18 09:30:00,56181.05,56185.35,56141.15,56155.15,0
2026-09-18 09:31:00,56152.5,56188.15,56135.95,56183.4,0
2026-09-18 09:32:00,56182.35,56185.1,56167.9,56174.25,0
2026-09-18 09:33:00,56174.95,56187.7,56146.75,56183.1,0
2026-09-18 09:34:00,56179.65,56191.75,56153.65,56153.65,0
2026-09-18 09:35:00,56153.9,56181.1,56145.25,56179.95,0
2026-09-18 09:36:00,56179.9,56231.0,56178.95,56221.85,0
2026-09-18 09:37:00,56220.75,56222.45,56200.05,56220.9,0
2026-09-18 09:38:00,56219.85,56241.3,56218.0,56220.15,0
2026-09-18 09:39:00,56219.1,56251.75,56207.65,56240.0,0
2026-09-18 09:40:00,56236.15,56240.4,56207.15,56212.95,0
2026-09-18 09:41:00,56210.05,56213.2,56190.8,56202.55,0
2026-09-18 09:42:00,56196.9,56207.6,56193.6,56195.6,0
2026-09-18 09:43:00,56191.0,56206.35,56168.7,56178.3,0
2026-09-18 09:44:00,56177.0,56190.25,56164.95,56185.25,0
2026-09-18 09:45:00,56183.45,56187.0,56162.0,56172.55,0
2026-09-18 09:46:00,56168.75,56168.75,56154.0,56167.15,0
2026-09-18 09:47:00,56164.55,56171.25,56153.0,56168.15,0
2026-09-18 09:48:00,56167.85,56191.25,56167.45,56190.1,0
2026-09-18 09:49:00,56187.05,56204.3,56178.85,56183.5,0
2026-09-18 09:50:00,56182.95,56193.0,56174.45,56185.5,0
2026-09-18 09:51:00,56182.75,56203.0,56176.05,56198.9,0
2026-09-18 09:52:00,56197.4,56212.25,56195.0,56200.75,0
2026-09-18 09:53:00,56199.2,56219.95,56199.2,56213.5,0
2026-09-18 09:54:00,56213.9,56231.4,56213.35,56228.6,0
2026-09-18 09:55:00,56227.45,56240.6,56216.9,56217.45,0
2026-09-18 09:56:00,56217.85,56236.3,56203.45,56232.85,0
2026-09-18 09:57:00,56232.55,56277.3,56230.7,56251.3,0
2026-09-18 09:58:00,56252.0,56257.4,56234.2,56240.5,0
2026-09-18 09:59:00,56237.95,56252.1,56229.95,56231.95,0
2026-09-18 10:00:00,56232.35,56241.15,56219.0,56238.35,0
2026-09-18 10:01:00,56237.8,56243.85,56233.5,56234.45,0
2026-09-18 10:02:00,56232.8,56256.2,56229.4,56247.25,0
2026-09-18 10:03:00,56248.4,56255.6,56234.15,56235.6,0
2026-09-18 10:04:00,56237.05,56240.15,56220.35,56225.65,0
2026-09-18 10:05:00,56224.8,56249.4,56222.7,56232.65,0
2026-09-18 10:06:00,56232.2,56242.5,56198.25,56203.5,0
2026-09-18 10:07:00,56203.6,56209.2,56182.9,56205.25,0
2026-09-18 10:08:00,56205.75,56230.05,56205.45,56227.75,0
2026-09-18 10:09:00,56226.9,56239.55,56209.3,56223.9,0
2026-09-18 10:10:00,56221.3,56251.6,56219.5,56249.6,0
2026-09-18 10:11:00,56247.3,56254.35,56242.9,56247.25,0
2026-09-18 10:12:00,56246.3,56250.8,56228.65,56232.1,0
2026-09-18 10:13:00,56233.0,56248.85,56230.45,56243.1,0
2026-09-18 10:14:00,56241.3,56249.35,56230.75,56234.95,0
2026-09-18 10:15:00,56231.1,56246.65,56225.25,56226.65,0
2026-09-18 10:16:00,56227.65,56227.9,56193.4,56196.95,0
2026-09-18 10:17:00,56195.75,56206.05,56187.15,56201.7,0
2026-09-18 10:18:00,56200.7,56206.9,56195.25,56200.1,0
2026-09-18 10:19:00,56199.7,56204.65,56191.95,56198.25,0
2026-09-18 10:20:00,56197.0,56211.6,56194.55,56210.15,0
2026-09-18 10:21:00,56207.05,56220.8,56198.25,56203.65,0
2026-09-18 10:22:00,56201.1,56207.95,56172.5,56187.05,0
2026-09-18 10:23:00,56187.65,56191.65,56178.7,56180.1,0
2026-09-18 10:24:00,56177.15,56183.15,56151.35,56156.6,0
2026-09-18 10:25:00,56153.05,56172.2,56151.3,56163.85,0
2026-09-18 10:26:00,56160.35,56164.05,56140.75,56151.65,0
2026-09-18 10:27:00,56149.55,56156.75,56134.15,56154.3,0
2026-09-18 10:28:00,56152.7,56172.6,56148.65,56158.1,0
2026-09-18 10:29:00,56154.9,56160.95,56147.8,56155.65,0
2026-09-18 10:30:00,56158.9,56172.6,56154.75,56169.55,0
2026-09-18 10:31:00,56168.8,56170.4,56149.45,56151.8,0
2026-09-18 10:32:00,56150.35,56154.4,56133.95,56140.45,0
2026-09-18 10:33:00,56139.85,56160.4,56138.95,56152.75,0
2026-09-18 10:34:00,56149.35,56156.95,56146.45,56148.85,0
2026-09-18 10:35:00,56147.7,56152.45,56131.3,56138.95,0
2026-09-18 10:36:00,56140.45,56146.6,56127.75,56134.6,0
2026-09-18 10:37:00,56133.35,56144.15,56130.65,56142.15,0
2026-09-18 10:38:00,56142.3,56158.4,56136.95,56136.95,0
2026-09-18 10:39:00,56137.2,56146.0,56131.95,56134.15,0
2026-09-18 10:40:00,56132.9,56135.3,56109.3,56118.55,0
2026-09-18 10:41:00,56115.55,56119.7,56105.25,56113.2,0
2026-09-18 10:42:00,56111.9,56132.0,56109.8,56113.6,0
2026-09-18 10:43:00,56113.9,56128.2,56113.9,56121.8,0
2026-09-18 10:44:00,56118.85,56130.1,56110.75,56125.7,0
2026-09-18 10:45:00,56120.35,56120.75,56105.35,56109.8,0
2026-09-18 10:46:00,56109.95,56115.85,56098.45,56101.65,0
2026-09-18 10:47:00,56100.6,56116.85,56098.2,56116.85,0
2026-09-18 10:48:00,56114.65,56123.35,56110.1,56115.9,0
2026-09-18 10:49:00,56113.85,56119.4,56108.1,56118.7,0
2026-09-18 10:50:00,56115.0,56133.15,56114.25,56130.4,0
2026-09-18 10:51:00,56127.95,56143.8,56125.25,56134.75,0
2026-09-18 10:52:00,56132.65,56143.6,56129.1,56131.75,0
2026-09-18 10:53:00,56124.5,56134.8,56117.65,56123.6,0
2026-09-18 10:54:00,56123.55,56130.35,56120.1,56121.5,0
2026-09-18 10:55:00,56120.7,56143.1,56118.6,56130.4,0
2026-09-18 10:56:00,56130.25,56138.15,56120.85,56128.8,0
2026-09-18 10:57:00,56127.1,56135.2,56121.85,56129.2,0
2026-09-18 10:58:00,56126.15,56130.15,56104.35,56110.3,0
2026-09-18 10:59:00,56108.35,56118.4,56100.75,56103.15,0
2026-09-18 11:00:00,56101.55,56118.35,56099.45,56113.55,0
2026-09-18 11:01:00,56114.9,56126.3,56103.9,56112.85,0
2026-09-18 11:02:00,56108.65,56139.9,56100.2,56127.45,0
2026-09-18 11:03:00,56126.75,56136.45,56112.15,56123.8,0
2026-09-18 11:04:00,56122.45,56141.0,56121.05,56129.45,0
2026-09-18 11:05:00,56127.25,56129.45,56093.2,56099.85,0
2026-09-18 11:06:00,56097.5,56119.55,56094.35,56108.4,0
2026-09-18 11:07:00,56110.3,56118.7,56101.15,56106.5,0
2026-09-18 11:08:00,56102.45,56110.95,56089.35,56093.1,0
2026-09-18 11:09:00,56090.65,56111.35,56090.65,56106.3,0
2026-09-18 11:10:00,56107.65,56120.7,56099.4,56111.45,0
2026-09-18 11:11:00,56111.0,56116.55,56102.05,56102.9,0
2026-09-18 11:12:00,56104.7,56115.8,56095.05,56100.0,0
2026-09-18 11:13:00,56098.9,56103.2,56087.9,56089.3,0
2026-09-18 11:14:00,56089.25,56101.2,56087.55,56097.05,0
2026-09-18 11:15:00,56097.9,56111.8,56095.5,56105.6,0
2026-09-18 11:16:00,56104.65,56112.0,56100.35,56107.25,0
2026-09-18 11:17:00,56103.6,56110.3,56086.6,56089.25,0
2026-09-18 11:18:00,56085.85,56088.7,56073.55,56080.35,0
2026-09-18 11:19:00,56079.55,56091.25,56078.55,56084.9,0
2026-09-18 11:20:00,56084.15,56107.55,56084.05,56103.1,0
2026-09-18 11:21:00,56100.65,56117.75,56100.65,56113.35,0
2026-09-18 11:22:00,56109.25,56131.0,56108.45,56124.95,0
2026-09-18 11:23:00,56122.2,56133.75,56121.5,56126.7,0
2026-09-18 11:24:00,56125.9,56165.85,56122.45,56162.6,0
2026-09-18 11:25:00,56162.45,56164.95,56138.75,56143.65,0
2026-09-18 11:26:00,56138.75,56145.05,56131.2,56134.55,0
2026-09-18 11:27:00,56132.2,56139.5,56127.55,56132.4,0
2026-09-18 11:28:00,56133.05,56141.95,56124.35,56129.6,0
2026-09-18 11:29:00,56130.5,56148.25,56124.5,56146.55,0
2026-09-18 11:30:00,56146.6,56191.45,56145.3,56182.75,0
2026-09-18 11:31:00,56181.95,56184.75,56153.15,56158.7,0
2026-09-18 11:32:00,56158.4,56186.3,56158.35,56177.8,0
2026-09-18 11:33:00,56179.1,56187.35,56147.35,56159.55,0
2026-09-18 11:34:00,56159.0,56175.75,56157.1,56171.55,0
2026-09-18 11:35:00,56170.4,56183.15,56164.0,56172.1,0
2026-09-18 11:36:00,56171.85,56176.8,56148.0,56174.05,0
2026-09-18 11:37:00,56175.75,56180.3,56159.2,56160.7,0
2026-09-18 11:38:00,56159.8,56168.5,56148.8,56152.95,0
2026-09-18 11:39:00,56154.05,56163.1,56148.5,56153.2,0
2026-09-18 11:40:00,56157.35,56167.75,56151.15,56160.55,0
2026-09-18 11:41:00,56162.65,56176.55,56150.35,56173.75,0
2026-09-18 11:42:00,56172.4,56181.9,56166.3,56171.8,0
2026-09-18 11:43:00,56171.35,56181.25,56147.35,56162.35,0
2026-09-18 11:44:00,56160.05,56165.55,56153.05,56154.3,0
2026-09-18 11:45:00,56156.05,56168.3,56139.6,56167.0,0
2026-09-18 11:46:00,56158.75,56180.6,56158.75,56167.35,0
2026-09-18 11:47:00,56168.45,56177.45,56148.6,56167.0,0
2026-09-18 11:48:00,56166.15,56175.85,56163.05,56168.55,0
2026-09-18 11:49:00,56168.0,56188.9,56166.5,56179.65,0
2026-09-18 11:50:00,56180.45,56192.3,56175.7,56179.55,0
2026-09-18 11:51:00,56179.3,56181.35,56151.7,56170.95,0
2026-09-18 11:52:00,56171.35,56182.8,56168.25,56177.6,0
2026-09-18 11:53:00,56178.45,56185.75,56164.95,56169.6,0
2026-09-18 11:54:00,56164.9,56189.85,56164.9,56180.55,0
2026-09-18 11:55:00,56179.95,56187.15,56174.75,56183.65,0
2026-09-18 11:56:00,56184.8,56186.75,56159.2,56177.75,0
2026-09-18 11:57:00,56176.9,56207.55,56172.45,56198.8,0
2026-09-18 11:58:00,56200.85,56233.7,56198.85,56202.1,0
2026-09-18 11:59:00,56204.9,56209.65,56182.65,56190.3,0
2026-09-18 12:00:00,56187.65,56234.7,56179.75,56209.65,0
2026-09-18 12:01:00,56215.25,56228.95,56210.45,56222.55,0
2026-09-18 12:02:00,56220.25,56231.5,56210.6,56218.15,0
2026-09-18 12:03:00,56216.9,56219.1,56196.0,56197.85,0
2026-09-18 12:04:00,56200.1,56207.65,56174.4,56182.3,0
2026-09-18 12:05:00,56182.45,56186.75,56160.95,56164.45,0
2026-09-18 12:06:00,56160.5,56169.0,56137.0,56158.3,0
2026-09-18 12:07:00,56156.4,56175.55,56150.6,56169.55,0
2026-09-18 12:08:00,56163.65,56172.3,56153.1,56160.2,0
2026-09-18 12:09:00,56159.25,56169.45,56134.2,56161.4,0
2026-09-18 12:10:00,56162.0,56177.6,56158.6,56164.75,0
2026-09-18 12:11:00,56164.3,56192.05,56160.55,56191.0,0
2026-09-18 12:12:00,56190.7,56204.2,56172.75,56190.45,0
2026-09-18 12:13:00,56187.05,56203.6,56180.75,56200.7,0
2026-09-18 12:14:00,56200.1,56205.45,56190.95,56199.9,0
2026-09-18 12:15:00,56203.9,56219.9,56200.0,56218.05,0
2026-09-18 12:16:00,56214.95,56226.8,56211.35,56215.1,0
2026-09-18 12:17:00,56214.55,56222.15,56174.9,56190.7,0
2026-09-18 12:18:00,56191.25,56207.85,56190.3,56201.05,0
2026-09-18 12:19:00,56200.8,56202.35,56175.25,56179.2,0
2026-09-18 12:20:00,56181.5,56190.8,56173.55,56189.5,0
2026-09-18 12:21:00,56193.5,56199.5,56181.05,56194.4,0
2026-09-18 12:22:00,56192.1,56202.7,56175.55,56193.65,0
2026-09-18 12:23:00,56192.9,56218.25,56192.25,56210.15,0
2026-09-18 12:24:00,56210.0,56235.85,56199.45,56209.3,0
2026-09-18 12:25:00,56210.05,56219.1,56202.2,56207.3,0
2026-09-18 12:26:00,56204.85,56210.95,56195.85,56196.9,0
2026-09-18 12:27:00,56196.05,56208.35,56189.55,56196.75,0
2026-09-18 12:28:00,56197.6,56231.2,56196.9,56205.8,0
2026-09-18 12:29:00,56206.4,56223.45,56192.25,56221.85,0
2026-09-18 12:30:00,56223.25,56253.05,56220.0,56249.5,0
2026-09-18 12:31:00,56249.25,56258.35,56242.35,56252.45,0
2026-09-18 12:32:00,56253.9,56259.4,56248.9,56252.45,0
2026-09-18 12:33:00,56250.1,56261.65,56228.25,56241.85,0
2026-09-18 12:34:00,56241.15,56249.8,56239.55,56244.05,0
2026-09-18 12:35:00,56241.25,56262.0,56241.25,56256.7,0
2026-09-18 12:36:00,56255.15,56279.45,56254.8,56274.9,0
2026-09-18 12:37:00,56274.2,56284.3,56271.45,56280.85,0
2026-09-18 12:38:00,56277.1,56287.05,56269.9,56272.4,0
2026-09-18 12:39:00,56271.7,56280.2,56239.15,56264.9,0
2026-09-18 12:40:00,56265.5,56274.6,56259.55,56271.6,0
2026-09-18 12:41:00,56268.8,56288.2,56267.25,56285.2,0
2026-09-18 12:42:00,56283.1,56307.3,56283.1,56305.05,0
2026-09-18 12:43:00,56307.3,56334.85,56297.85,56329.0,0
2026-09-18 12:44:00,56328.6,56343.0,56322.8,56331.0,0
2026-09-18 12:45:00,56329.25,56341.05,56321.85,56337.5,0
2026-09-18 12:46:00,56335.5,56346.15,56311.0,56342.1,0
2026-09-18 12:47:00,56341.05,56350.65,56332.3,56343.85,0
2026-09-18 12:48:00,56343.5,56358.5,56333.4,56333.75,0
2026-09-18 12:49:00,56333.05,56339.95,56319.6,56325.75,0
2026-09-18 12:50:00,56324.3,56339.8,56323.35,56327.3,0
2026-09-18 12:51:00,56325.35,56339.2,56321.6,56328.35,0
2026-09-18 12:52:00,56328.25,56335.3,56325.65,56331.75,0
2026-09-18 12:53:00,56331.0,56344.65,56329.0,56330.4,0
2026-09-18 12:54:00,56331.0,56351.8,56330.25,56341.05,0
2026-09-18 12:55:00,56341.35,56345.65,56331.6,56341.9,0
2026-09-18 12:56:00,56342.15,56348.05,56333.55,56339.6,0
2026-09-18 12:57:00,56339.05,56340.7,56311.05,56320.6,0
2026-09-18 12:58:00,56320.15,56329.15,56286.25,56286.65,0
2026-09-18 12:59:00,56300.7,56341.35,56270.8,56334.05,0
2026-09-18 13:00:00,56333.9,56344.1,56330.5,56336.7,0
2026-09-18 13:01:00,56334.95,56348.6,56334.15,56344.95,0
2026-09-18 13:02:00,56339.9,56364.1,56338.9,56363.3,0
2026-09-18 13:03:00,56363.25,56373.3,56358.0,56366.6,0
2026-09-18 13:04:00,56369.15,56391.35,56369.15,56380.95,0
2026-09-18 13:05:00,56383.4,56393.85,56340.6,56361.75,0
2026-09-18 13:06:00,56361.1,56379.85,56359.0,56371.95,0
2026-09-18 13:07:00,56371.55,56375.25,56360.05,56369.3,0
2026-09-18 13:08:00,56369.35,56373.05,56359.3,56365.7,0
2026-09-18 13:09:00,56366.8,56371.8,56356.75,56361.7,0
2026-09-18 13:10:00,56359.55,56369.35,56355.2,56364.35,0
2026-09-18 13:11:00,56364.95,56372.6,56352.75,56354.2,0
2026-09-18 13:12:00,56355.7,56380.35,56350.9,56375.25,0
2026-09-18 13:13:00,56375.5,56381.4,56366.8,56368.2,0
2026-09-18 13:14:00,56366.2,56372.7,56354.75,56360.7,0
2026-09-18 13:15:00,56359.95,56363.2,56321.0,56326.55,0
2026-09-18 13:16:00,56321.05,56338.5,56321.0,56330.6,0
2026-09-18 13:17:00,56330.35,56337.65,56321.95,56321.95,0
2026-09-18 13:18:00,56321.05,56321.05,56301.4,56310.55,0
2026-09-18 13:19:00,56310.0,56311.4,56293.8,56307.1,0
2026-09-18 13:20:00,56305.75,56309.65,56290.5,56290.55,0
2026-09-18 13:21:00,56291.55,56313.6,56290.05,56312.0,0
2026-09-18 13:22:00,56311.6,56318.4,56306.6,56316.7,0
2026-09-18 13:23:00,56314.95,56322.0,56308.3,56313.05,0
2026-09-18 13:24:00,56314.3,56339.4,56291.8,56301.2,0
2026-09-18 13:25:00,56305.0,56311.95,56276.35,56300.1,0
2026-09-18 13:26:00,56298.75,56316.65,56296.9,56309.8,0
2026-09-18 13:27:00,56307.55,56313.75,56299.9,56300.9,0
2026-09-18 13:28:00,56300.4,56329.15,56277.0,56297.75,0
2026-09-18 13:29:00,56293.9,56299.7,56287.85,56294.45,0
2026-09-18 13:30:00,56296.45,56305.5,56291.7,56301.8,0
2026-09-18 13:31:00,56301.1,56310.05,56290.65,56302.2,0
2026-09-18 13:32:00,56301.2,56315.55,56301.2,56307.45,0
2026-09-18 13:33:00,56307.5,56317.15,56306.35,56314.05,0
2026-09-18 13:34:00,56314.45,56329.45,56307.0,56307.0,0
2026-09-18 13:35:00,56308.6,56311.1,56288.3,56295.3,0
2026-09-18 13:36:00,56295.65,56300.1,56283.9,56290.6,0
2026-09-18 13:37:00,56289.3,56299.35,56286.45,56294.5,0
2026-09-18 13:38:00,56293.35,56303.65,56291.85,56299.85,0
2026-09-18 13:39:00,56298.65,56311.65,56290.8,56291.0,0
2026-09-18 13:40:00,56290.9,56303.5,56281.65,56299.5,0
2026-09-18 13:41:00,56297.8,56298.75,56274.75,56286.2,0
2026-09-18 13:42:00,56284.2,56301.5,56283.8,56287.8,0
2026-09-18 13:43:00,56286.1,56288.6,56266.45,56273.4,0
2026-09-18 13:44:00,56271.95,56279.85,56260.75,56262.2,0
2026-09-18 13:45:00,56259.2,56259.4,56229.1,56246.55,0
2026-09-18 13:46:00,56244.15,56268.9,56244.15,56266.35,0
2026-09-18 13:47:00,56264.7,56296.85,56255.35,56288.9,0
2026-09-18 13:48:00,56286.65,56294.1,56277.05,56278.75,0
2026-09-18 13:49:00,56278.4,56286.45,56275.55,56282.3,0
2026-09-18 13:50:00,56280.4,56302.1,56278.85,56301.4,0
2026-09-18 13:51:00,56299.75,56339.25,56284.9,56331.6,0
2026-09-18 13:52:00,56330.6,56336.05,56322.3,56326.4,0
2026-09-18 13:53:00,56324.7,56329.35,56315.4,56321.6,0
2026-09-18 13:54:00,56321.45,56338.25,56321.05,56330.05,0
2026-09-18 13:55:00,56327.9,56338.4,56305.3,56319.35,0
2026-09-18 13:56:00,56320.2,56331.05,56312.6,56326.3,0
2026-09-18 13:57:00,56327.05,56335.25,56308.7,56327.5,0
2026-09-18 13:58:00,56326.25,56332.75,56318.35,56323.1,0
2026-09-18 13:59:00,56319.45,56323.45,56296.15,56310.45,0
2026-09-18 14:00:00,56311.0,56321.35,56305.1,56318.0,0
2026-09-18 14:01:00,56319.55,56322.9,56295.85,56313.8,0
2026-09-18 14:02:00,56315.0,56315.35,56299.95,56311.35,0
2026-09-18 14:03:00,56313.7,56334.05,56308.4,56328.8,0
2026-09-18 14:04:00,56329.0,56344.95,56311.05,56342.4,0
2026-09-18 14:05:00,56339.7,56370.9,56338.65,56369.05,0
2026-09-18 14:06:00,56365.55,56368.35,56342.85,56362.7,0
2026-09-18 14:07:00,56360.85,56375.9,56360.7,56375.9,0
2026-09-18 14:08:00,56373.4,56385.5,56352.75,56375.35,0
2026-09-18 14:09:00,56372.05,56415.15,56369.7,56405.65,0
2026-09-18 14:10:00,56406.6,56424.95,56401.0,56421.4,0
2026-09-18 14:11:00,56421.35,56427.05,56411.9,56420.5,0
2026-09-18 14:12:00,56417.45,56423.1,56391.55,56407.85,0
2026-09-18 14:13:00,56407.15,56409.0,56388.15,56393.3,0
2026-09-18 14:14:00,56393.35,56414.1,56391.85,56401.85,0
2026-09-18 14:15:00,56397.85,56419.4,56390.8,56408.25,0
2026-09-18 14:16:00,56412.3,56431.95,56393.35,56427.3,0
2026-09-18 14:17:00,56423.5,56432.9,56406.5,56423.9,0
2026-09-18 14:18:00,56421.75,56429.1,56402.3,56418.3,0
2026-09-18 14:19:00,56416.55,56426.9,56408.15,56420.95,0
2026-09-18 14:20:00,56419.45,56433.2,56417.55,56421.1,0
2026-09-18 14:21:00,56419.4,56434.65,56410.85,56421.4,0
2026-09-18 14:22:00,56417.45,56433.6,56416.05,56428.4,0
2026-09-18 14:23:00,56421.85,56430.85,56402.45,56411.85,0
2026-09-18 14:24:00,56410.2,56421.35,56406.0,56409.45,0
2026-09-18 14:25:00,56408.6,56424.55,56387.05,56404.9,0
2026-09-18 14:26:00,56404.15,56406.8,56389.8,56404.35,0
2026-09-18 14:27:00,56402.3,56428.3,56397.6,56416.25,0
2026-09-18 14:28:00,56415.7,56435.15,56410.45,56433.25,0
2026-09-18 14:29:00,56430.0,56446.65,56429.4,56444.2,0
2026-09-18 14:30:00,56432.1,56463.4,56432.1,56461.5,0
2026-09-18 14:31:00,56459.35,56465.95,56451.2,56455.2,0
2026-09-18 14:32:00,56453.7,56464.0,56450.65,56458.75,0
2026-09-18 14:33:00,56457.8,56478.6,56456.15,56460.85,0
2026-09-18 14:34:00,56458.5,56473.3,56448.4,56470.3,0
2026-09-18 14:35:00,56465.0,56469.75,56457.55,56464.6,0
2026-09-18 14:36:00,56465.0,56468.25,56459.35,56463.75,0
2026-09-18 14:37:00,56457.45,56467.4,56454.4,56459.5,0
2026-09-18 14:38:00,56457.65,56461.85,56450.2,56451.75,0
2026-09-18 14:39:00,56453.5,56467.6,56451.4,56453.1,0
2026-09-18 14:40:00,56448.5,56458.05,56437.05,56447.65,0
2026-09-18 14:41:00,56444.4,56451.0,56438.9,56439.85,0
2026-09-18 14:42:00,56441.85,56446.35,56432.65,56435.1,0
2026-09-18 14:43:00,56431.15,56444.0,56430.65,56437.4,0
2026-09-18 14:44:00,56437.7,56442.7,56421.0,56424.8,0
2026-09-18 14:45:00,56423.7,56436.35,56413.95,56431.8,0
2026-09-18 14:46:00,56430.6,56432.65,56418.75,56426.05,0
2026-09-18 14:47:00,56426.75,56443.9,56422.1,56443.9,0
2026-09-18 14:48:00,56441.8,56446.55,56426.0,56435.3,0
2026-09-18 14:49:00,56439.85,56458.35,56435.15,56456.8,0
2026-09-18 14:50:00,56456.75,56465.35,56452.55,56460.75,0
2026-09-18 14:51:00,56458.9,56472.1,56457.65,56459.75,0
2026-09-18 14:52:00,56458.85,56488.0,56458.85,56487.05,0
2026-09-18 14:53:00,56489.5,56497.45,56482.3,56486.0,0
2026-09-18 14:54:00,56485.2,56495.7,56475.5,56481.55,0
2026-09-18 14:55:00,56475.0,56482.8,56465.4,56466.75,0
2026-09-18 14:56:00,56467.75,56474.15,56463.15,56467.7,0
2026-09-18 14:57:00,56466.25,56466.25,56455.4,56462.6,0
2026-09-18 14:58:00,56461.5,56478.85,56452.5,56471.85,0
2026-09-18 14:59:00,56469.45,56475.05,56455.1,56455.55,0
2026-09-18 15:00:00,56456.55,56456.55,56409.75,56412.1,0
2026-09-18 15:01:00,56409.05,56409.85,56369.25,56380.5,0
2026-09-18 15:02:00,56370.9,56376.65,56354.85,56362.45,0
2026-09-18 15:03:00,56361.95,56391.35,56358.6,56384.15,0
2026-09-18 15:04:00,56381.35,56391.85,56363.2,56367.35,0
2026-09-18 15:05:00,56363.45,56373.15,56354.75,56371.05,0
2026-09-18 15:06:00,56365.95,56381.2,56364.0,56367.15,0
2026-09-18 15:07:00,56363.7,56370.7,56348.55,56356.9,0
2026-09-18 15:08:00,56351.35,56357.15,56333.6,56343.75,0
2026-09-18 15:09:00,56338.8,56351.7,56328.25,56347.05,0
2026-09-18 15:10:00,56347.3,56356.15,56342.1,56352.15,0
2026-09-18 15:11:00,56348.55,56387.65,56347.8,56384.5,0
2026-09-18 15:12:00,56382.05,56383.5,56346.85,56355.65,0
2026-09-18 15:13:00,56354.3,56405.95,56346.75,56395.95,0
2026-09-18 15:14:00,56390.7,56398.75,56311.85,56360.2,0
2026-09-18 15:28:00,56358.7,56358.7,56358.7,56358.7,0
2026-09-21 09:15:00,56361.9,56497.7,56311.7,56371.3,0
2026-09-21 09:16:00,56369.0,56372.85,56269.55,56367.5,0
2026-09-21 09:17:00,56368.75,56465.15,56368.75,56460.0,0
2026-09-21 09:18:00,56465.55,56473.55,56416.0,56441.3,0
2026-09-21 09:19:00,56442.9,56445.95,56416.05,56424.15,0
2026-09-21 09:20:00,56425.0,56451.4,56399.55,56409.15,0
2026-09-21 09:21:00,56405.75,56425.85,56389.75,56395.8,0
2026-09-21 09:22:00,56396.1,56427.8,56388.6,56422.15,0
2026-09-21 09:23:00,56421.95,56484.8,56420.45,56468.85,0
2026-09-21 09:24:00,56468.1,56471.65,56433.1,56449.4,0
2026-09-21 09:25:00,56451.35,56476.9,56446.8,56458.0,0
2026-09-21 09:26:00,56459.85,56491.9,56454.05,56490.7,0
2026-09-21 09:27:00,56488.2,56493.3,56454.65,56456.9,0
2026-09-21 09:28:00,56452.25,56467.0,56442.0,56454.9,0
2026-09-21 09:29:00,56453.75,56510.95,56453.75,56498.5,0
2026-09-21 09:30:00,56496.8,56503.75,56478.65,56480.15,0
2026-09-21 09:31:00,56476.85,56494.5,56469.85,56473.95,0
2026-09-21 09:32:00,56471.7,56479.3,56460.5,56463.5,0
2026-09-21 09:33:00,56464.9,56478.7,56461.15,56461.15,0
2026-09-21 09:34:00,56459.8,56463.0,56441.05,56453.35,0
2026-09-21 09:35:00,56451.75,56490.2,56451.35,56488.75,0
2026-09-21 09:36:00,56484.45,56499.0,56445.05,56449.1,0
2026-09-21 09:37:00,56448.35,56456.15,56424.3,56429.55,0
2026-09-21 09:38:00,56427.65,56448.85,56421.65,56434.7,0
2026-09-21 09:39:00,56435.85,56461.0,56424.15,56426.6,0
2026-09-21 09:40:00,56427.9,56429.75,56412.9,56418.6,0
2026-09-21 09:41:00,56416.45,56460.1,56415.5,56448.8,0
2026-09-21 09:42:00,56450.3,56465.45,56445.95,56452.25,0
2026-09-21 09:43:00,56451.05,56473.0,56451.05,56464.3,0
2026-09-21 09:44:00,56463.05,56494.2,56461.3,56477.8,0
2026-09-21 09:45:00,56478.55,56478.55,56467.3,56473.0,0
2026-09-21 09:46:00,56473.45,56474.0,56462.0,56468.15,0
2026-09-21 09:47:00,56465.85,56470.75,56429.6,56432.05,0
2026-09-21 09:48:00,56429.4,56453.8,56426.95,56443.5,0
2026-09-21 09:49:00,56442.8,56463.4,56437.95,56440.8,0
2026-09-21 09:50:00,56438.15,56455.1,56438.0,56447.4,0
2026-09-21 09:51:00,56449.5,56462.2,56445.7,56454.45,0
2026-09-21 09:52:00,56454.3,56457.5,56434.9,56438.75,0
2026-09-21 09:53:00,56435.7,56440.6,56412.2,56418.7,0
2026-09-21 09:54:00,56418.55,56419.8,56407.05,56408.3,0
2026-09-21 09:55:00,56408.25,56414.25,56401.0,56403.5,0
2026-09-21 09:56:00,56402.35,56417.75,56400.1,56415.7,0
2026-09-21 09:57:00,56412.5,56447.75,56411.55,56443.2,0
2026-09-21 09:58:00,56435.4,56443.45,56421.1,56424.75,0
2026-09-21 09:59:00,56423.2,56434.6,56418.4,56432.55,0
2026-09-21 10:00:00,56432.8,56440.1,56417.4,56426.65,0
2026-09-21 10:01:00,56424.25,56424.65,56403.0,56405.35,0
2026-09-21 10:02:00,56404.25,56409.2,56391.45,56393.45,0
2026-09-21 10:03:00,56392.1,56394.2,56373.65,56379.4,0
2026-09-21 10:04:00,56378.65,56384.25,56370.3,56376.45,0
2026-09-21 10:05:00,56372.6,56386.45,56364.2,56368.35,0
2026-09-21 10:06:00,56364.85,56371.5,56342.7,56348.15,0
2026-09-21 10:07:00,56347.6,56364.95,56346.55,56353.2,0
2026-09-21 10:08:00,56352.8,56357.9,56348.05,56354.9,0
2026-09-21 10:09:00,56354.3,56375.5,56354.3,56371.9,0
2026-09-21 10:10:00,56367.8,56383.7,56367.8,56380.8,0
2026-09-21 10:11:00,56381.8,56389.7,56376.4,56382.1,0
2026-09-21 10:12:00,56379.75,56390.5,56374.15,56378.3,0
2026-09-21 10:13:00,56375.65,56380.15,56345.65,56351.95,0
2026-09-21 10:14:00,56348.45,56354.8,56328.05,56332.4,0
2026-09-21 10:15:00,56329.9,56339.2,56328.85,56337.3,0
2026-09-21 10:16:00,56334.35,56374.05,56334.35,56371.3,0
2026-09-21 10:17:00,56372.75,56382.55,56364.95,56368.05,0
2026-09-21 10:18:00,56365.45,56376.75,56363.75,56364.45,0
2026-09-21 10:19:00,56364.8,56365.65,56350.75,56357.5,0
2026-09-21 10:20:00,56354.7,56373.55,56351.95,56359.5,0
2026-09-21 10:21:00,56359.6,56389.3,56354.15,56386.4,0
2026-09-21 10:22:00,56384.55,56390.7,56372.85,56378.35,0
2026-09-21 10:23:00,56379.8,56392.6,56378.8,56390.65,0
2026-09-21 10:24:00,56388.1,56396.9,56372.4,56375.65,0
2026-09-21 10:25:00,56375.75,56376.15,56357.6,56367.65,0
2026-09-21 10:26:00,56369.4,56387.8,56366.45,56381.5,0
2026-09-21 10:27:00,56380.3,56382.15,56356.9,56359.25,0
2026-09-21 10:28:00,56359.45,56379.15,56358.3,56373.25,0
2026-09-21 10:29:00,56371.95,56382.85,56368.15,56380.2,0
2026-09-21 10:30:00,56381.1,56383.1,56366.0,56367.3,0
2026-09-21 10:31:00,56366.5,56376.5,56365.55,56374.95,0
2026-09-21 10:32:00,56374.45,56378.1,56362.45,56364.6,0
2026-09-21 10:33:00,56364.45,56376.45,56353.15,56357.15,0
2026-09-21 10:34:00,56353.65,56358.35,56338.45,56346.4,0
2026-09-21 10:35:00,56345.4,56364.95,56345.4,56362.8,0
2026-09-21 10:36:00,56361.6,56380.75,56360.75,56369.75,0
2026-09-21 10:37:00,56368.4,56371.4,56350.15,56353.9,0
2026-09-21 10:38:00,56348.9,56364.75,56348.9,56362.05,0
2026-09-21 10:39:00,56356.9,56366.1,56346.1,56348.35,0
2026-09-21 10:40:00,56346.15,56357.05,56344.2,56344.2,0
2026-09-21 10:41:00,56347.4,56374.05,56345.9,56365.65,0
2026-09-21 10:42:00,56366.6,56387.3,56362.35,56371.4,0
2026-09-21 10:43:00,56370.9,56386.45,56368.9,56383.7,0
2026-09-21 10:44:00,56382.5,56398.1,56382.5,56389.55,0
2026-09-21 10:45:00,56389.35,56410.0,56388.2,56402.4,0
2026-09-21 10:46:00,56403.25,56421.45,56403.25,56414.15,0
2026-09-21 10:47:00,56417.8,56437.15,56401.4,56404.95,0
2026-09-21 10:48:00,56404.5,56415.95,56392.95,56397.35,0
2026-09-21 10:49:00,56399.6,56418.05,56399.6,56402.75,0
2026-09-21 10:50:00,56402.15,56415.15,56402.15,56404.25,0
2026-09-21 10:51:00,56404.95,56412.75,56397.35,56403.5,0
2026-09-21 10:52:00,56400.95,56406.3,56397.85,56402.05,0
2026-09-21 10:53:00,56403.25,56413.25,56400.5,56411.0,0
2026-09-21 10:54:00,56413.25,56423.0,56405.85,56417.8,0
2026-09-21 10:55:00,56418.2,56424.1,56394.7,56398.05,0
2026-09-21 10:56:00,56395.6,56421.65,56395.6,56421.65,0
2026-09-21 10:57:00,56415.85,56441.5,56414.85,56425.3,0
2026-09-21 10:58:00,56424.45,56434.25,56413.1,56418.4,0
2026-09-21 10:59:00,56415.8,56448.45,56415.8,56446.45,0
2026-09-21 11:00:00,56448.45,56454.25,56428.25,56429.55,0
2026-09-21 11:01:00,56427.4,56438.3,56426.5,56430.15,0
2026-09-21 11:02:00,56434.95,56452.2,56434.95,56440.25,0
2026-09-21 11:03:00,56439.55,56455.9,56437.8,56449.65,0
2026-09-21 11:04:00,56454.15,56464.95,56437.95,56452.15,0
2026-09-21 11:05:00,56446.5,56461.9,56439.9,56443.4,0
2026-09-21 11:06:00,56443.75,56479.55,56443.75,56470.35,0
2026-09-21 11:07:00,56468.2,56489.15,56461.4,56482.6,0
2026-09-21 11:08:00,56477.6,56491.9,56474.75,56479.3,0
2026-09-21 11:09:00,56477.6,56487.0,56470.95,56477.0,0
2026-09-21 11:10:00,56476.6,56484.0,56470.9,56476.85,0
2026-09-21 11:11:00,56474.8,56488.25,56470.6,56479.7,0
2026-09-21 11:12:00,56477.0,56488.35,56471.0,56474.45,0
2026-09-21 11:13:00,56476.5,56491.35,56472.4,56479.25,0
2026-09-21 11:14:00,56475.55,56487.8,56473.55,56480.95,0
2026-09-21 11:15:00,56480.6,56492.5,56474.4,56483.25,0
2026-09-21 11:16:00,56481.45,56485.95,56461.05,56466.7,0
2026-09-21 11:17:00,56468.65,56473.05,56449.0,56458.65,0
2026-09-21 11:18:00,56456.35,56465.2,56441.35,56448.95,0
2026-09-21 11:19:00,56446.2,56458.8,56442.5,56447.85,0
2026-09-21 11:20:00,56446.85,56460.0,56444.75,56446.8,0
2026-09-21 11:21:00,56447.9,56455.6,56432.3,56444.2,0
2026-09-21 11:22:00,56440.85,56454.35,56439.5,56449.85,0
2026-09-21 11:23:00,56448.15,56464.85,56447.25,56457.0,0
2026-09-21 11:24:00,56456.2,56463.85,56448.2,56456.25,0
2026-09-21 11:25:00,56455.55,56459.65,56448.9,56457.55,0
2026-09-21 11:26:00,56452.95,56463.5,56451.05,56455.15,0
2026-09-21 11:27:00,56450.9,56465.75,56448.05,56464.85,0
2026-09-21 11:28:00,56456.85,56477.65,56456.85,56468.55,0
2026-09-21 11:29:00,56465.55,56473.35,56460.5,56465.25,0
2026-09-21 11:30:00,56462.55,56475.75,56462.55,56467.35,0
2026-09-21 11:31:00,56462.75,56471.65,56456.35,56459.6,0
2026-09-21 11:32:00,56459.55,56462.9,56447.7,56456.95,0
2026-09-21 11:33:00,56453.5,56469.25,56452.05,56467.8,0
2026-09-21 11:34:00,56465.6,56471.3,56458.55,56461.85,0
2026-09-21 11:35:00,56459.15,56464.15,56438.8,56440.8,0
2026-09-21 11:36:00,56436.7,56460.3,56436.15,56454.6,0
2026-09-21 11:37:00,56455.0,56462.6,56446.8,56454.5,0
2026-09-21 11:38:00,56451.75,56464.2,56449.7,56455.85,0
2026-09-21 11:39:00,56453.05,56461.05,56450.15,56455.0,0
2026-09-21 11:40:00,56454.25,56460.9,56450.2,56456.4,0
2026-09-21 11:41:00,56453.95,56468.2,56452.95,56466.1,0
2026-09-21 11:42:00,56464.0,56475.65,56461.35,56466.0,0
2026-09-21 11:43:00,56468.95,56476.95,56457.3,56458.25,0
2026-09-21 11:44:00,56458.55,56469.25,56447.6,56466.6,0
2026-09-21 11:45:00,56459.95,56471.15,56454.65,56460.05,0
2026-09-21 11:46:00,56462.85,56469.65,56440.65,56452.0,0
2026-09-21 11:47:00,56448.5,56457.8,56439.4,56445.0,0
2026-09-21 11:48:00,56447.2,56462.05,56444.3,56447.35,0
2026-09-21 11:49:00,56447.1,56457.05,56444.8,56444.8,0
2026-09-21 11:50:00,56446.9,56459.55,56446.9,56454.1,0
2026-09-21 11:51:00,56452.6,56459.4,56445.8,56451.1,0
2026-09-21 11:52:00,56448.2,56462.0,56448.2,56452.25,0
2026-09-21 11:53:00,56449.95,56466.1,56449.95,56459.45,0
2026-09-21 11:54:00,56456.7,56471.6,56456.7,56461.75,0
2026-09-21 11:55:00,56460.85,56467.85,56453.95,56459.5,0
2026-09-21 11:56:00,56460.1,56474.35,56455.35,56474.35,0
2026-09-21 11:57:00,56470.0,56484.55,56466.85,56482.05,0
2026-09-21 11:58:00,56479.35,56493.4,56476.95,56487.05,0
2026-09-21 11:59:00,56481.95,56492.2,56467.5,56471.05,0
2026-09-21 12:00:00,56473.4,56487.75,56473.05,56477.75,0
2026-09-21 12:01:00,56479.5,56490.4,56475.7,56490.4,0
2026-09-21 12:02:00,56488.75,56496.3,56477.2,56479.2,0
2026-09-21 12:03:00,56481.5,56489.2,56472.7,56479.6,0
2026-09-21 12:04:00,56477.6,56490.7,56471.85,56485.35,0
2026-09-21 12:05:00,56484.4,56494.0,56475.45,56477.35,0
2026-09-21 12:06:00,56480.85,56490.95,56475.45,56481.25,0
2026-09-21 12:07:00,56479.6,56490.1,56469.9,56469.9,0
2026-09-21 12:08:00,56471.1,56480.7,56465.5,56468.3,0
2026-09-21 12:09:00,56468.55,56468.55,56450.9,56455.85,0
2026-09-21 12:10:00,56454.1,56461.5,56442.0,56446.1,0
2026-09-21 12:11:00,56449.65,56460.85,56447.25,56454.0,0
2026-09-21 12:12:00,56452.45,56457.8,56450.85,56453.05,0
2026-09-21 12:13:00,56451.8,56464.05,56450.65,56460.7,0
2026-09-21 12:14:00,56460.65,56467.75,56443.4,56453.1,0
2026-09-21 12:15:00,56453.2,56464.9,56445.2,56457.85,0
2026-09-21 12:16:00,56456.75,56465.25,56452.8,56455.95,0
2026-09-21 12:17:00,56452.9,56457.4,56441.25,56443.35,0
2026-09-21 12:18:00,56441.4,56455.35,56428.15,56434.05,0
2026-09-21 12:19:00,56428.25,56446.1,56428.25,56444.2,0
2026-09-21 12:20:00,56441.45,56448.3,56430.0,56433.25,0
2026-09-21 12:21:00,56435.65,56446.7,56433.65,56437.35,0
2026-09-21 12:22:00,56435.8,56441.85,56412.6,56417.75,0
2026-09-21 12:23:00,56416.2,56426.0,56394.25,56399.05,0
2026-09-21 12:24:00,56400.5,56419.25,56399.9,56418.65,0
2026-09-21 12:25:00,56417.85,56424.2,56407.5,56409.5,0
2026-09-21 12:26:00,56406.1,56431.6,56406.1,56414.35,0
2026-09-21 12:27:00,56412.4,56430.15,56410.95,56423.05,0
2026-09-21 12:28:00,56421.35,56430.5,56412.75,56423.25,0
2026-09-21 12:29:00,56427.0,56433.75,56422.4,56426.65,0
2026-09-21 12:30:00,56425.45,56448.6,56421.25,56445.3,0
2026-09-21 12:31:00,56447.45,56448.15,56433.65,56443.35,0
2026-09-21 12:32:00,56443.3,56445.55,56426.05,56434.1,0
2026-09-21 12:33:00,56432.7,56435.95,56406.0,56410.05,0
2026-09-21 12:34:00,56410.15,56424.45,56407.15,56423.0,0
2026-09-21 12:35:00,56424.25,56431.55,56415.55,56428.75,0
2026-09-21 12:36:00,56428.3,56433.0,56422.7,56430.0,0
2026-09-21 12:37:00,56426.15,56445.45,56424.05,56432.05,0
2026-09-21 12:38:00,56430.75,56443.15,56430.75,56438.5,0
2026-09-21 12:39:00,56438.05,56445.55,56430.6,56431.85,0
2026-09-21 12:40:00,56432.95,56443.85,56430.65,56441.3,0
2026-09-21 12:41:00,56437.55,56443.05,56430.05,56438.35,0
2026-09-21 12:42:00,56434.75,56446.0,56434.15,56443.4,0
2026-09-21 12:43:00,56444.1,56458.2,56439.95,56451.1,0
2026-09-21 12:44:00,56453.6,56470.0,56447.9,56467.9,0
2026-09-21 12:45:00,56468.85,56471.4,56458.4,56463.45,0
2026-09-21 12:46:00,56462.7,56468.25,56458.05,56458.05,0
2026-09-21 12:47:00,56462.15,56467.6,56455.65,56465.2,0
2026-09-21 12:48:00,56459.6,56468.15,56457.2,56462.35,0
2026-09-21 12:49:00,56461.2,56470.15,56456.9,56458.7,0
2026-09-21 12:50:00,56457.5,56464.1,56449.35,56454.75,0
2026-09-21 12:51:00,56454.05,56460.0,56444.65,56458.6,0
2026-09-21 12:52:00,56458.2,56463.15,56447.5,56452.65,0
2026-09-21 12:53:00,56449.0,56459.1,56444.9,56455.2,0
2026-09-21 12:54:00,56456.9,56468.6,56455.6,56459.75,0
2026-09-21 12:55:00,56461.5,56468.9,56453.35,56455.4,0
2026-09-21 12:56:00,56453.3,56461.0,56446.9,56455.35,0
2026-09-21 12:57:00,56455.65,56462.15,56447.5,56451.3,0
2026-09-21 12:58:00,56450.05,56458.75,56449.05,56455.35,0
2026-09-21 12:59:00,56452.7,56456.45,56439.45,56440.0,0
2026-09-21 13:00:00,56439.35,56451.5,56439.35,56441.45,0
2026-09-21 13:01:00,56439.4,56454.85,56439.4,56453.9,0
2026-09-21 13:02:00,56449.9,56466.9,56449.9,56459.35,0
2026-09-21 13:03:00,56456.75,56463.65,56443.7,56446.55,0
2026-09-21 13:04:00,56445.35,56454.05,56427.3,56438.0,0
2026-09-21 13:05:00,56433.8,56455.55,56430.5,56451.05,0
2026-09-21 13:06:00,56449.85,56459.5,56444.5,56456.5,0
2026-09-21 13:07:00,56455.4,56461.0,56442.85,56450.0,0
2026-09-21 13:08:00,56448.65,56466.1,56443.2,56457.75,0
2026-09-21 13:09:00,56459.4,56465.35,56452.5,56454.9,0
2026-09-21 13:10:00,56454.35,56462.9,56447.65,56458.35,0
2026-09-21 13:11:00,56460.0,56463.55,56449.25,56454.8,0
2026-09-21 13:12:00,56453.95,56466.55,56453.7,56457.3,0
2026-09-21 13:13:00,56457.15,56460.25,56449.0,56458.8,0
2026-09-21 13:14:00,56457.85,56474.8,56455.15,56464.6,0
2026-09-21 13:15:00,56461.35,56487.9,56461.35,56485.25,0
2026-09-21 13:16:00,56481.95,56506.15,56481.55,56500.05,0
2026-09-21 13:17:00,56495.7,56502.3,56490.95,56493.9,0
2026-09-21 13:18:00,56493.4,56514.75,56491.85,56512.1,0
2026-09-21 13:19:00,56513.35,56529.25,56510.2,56524.1,0
2026-09-21 13:20:00,56524.9,56537.5,56510.0,56512.8,0
2026-09-21 13:21:00,56510.85,56518.35,56493.15,56509.5,0
2026-09-21 13:22:00,56507.1,56524.6,56507.1,56516.8,0
2026-09-21 13:23:00,56515.15,56527.55,56513.0,56515.8,0
2026-09-21 13:24:00,56512.75,56520.2,56496.85,56508.95,0
2026-09-21 13:25:00,56507.15,56518.5,56505.75,56518.5,0
2026-09-21 13:26:00,56511.4,56527.95,56511.4,56523.4,0
2026-09-21 13:27:00,56523.75,56532.7,56521.35,56525.1,0
2026-09-21 13:28:00,56524.45,56531.3,56522.1,56529.85,0
2026-09-21 13:29:00,56530.25,56531.25,56517.4,56523.15,0
2026-09-21 13:30:00,56523.65,56531.3,56513.95,56516.9,0
2026-09-21 13:31:00,56520.4,56524.1,56510.4,56523.3,0
2026-09-21 13:32:00,56520.1,56538.0,56518.15,56534.45,0
2026-09-21 13:33:00,56532.0,56550.0,56532.0,56549.4,0
2026-09-21 13:34:00,56545.45,56567.45,56543.15,56561.9,0
2026-09-21 13:35:00,56565.1,56572.1,56561.25,56568.65,0
2026-09-21 13:36:00,56567.45,56577.2,56563.9,56575.75,0
2026-09-21 13:37:00,56576.25,56584.3,56572.05,56578.45,0
2026-09-21 13:38:00,56576.05,56578.7,56562.95,56567.2,0
2026-09-21 13:39:00,56569.05,56580.55,56566.1,56579.6,0
2026-09-21 13:40:00,56577.4,56582.9,56572.45,56574.95,0
2026-09-21 13:41:00,56573.85,56585.7,56570.7,56580.2,0
2026-09-21 13:42:00,56578.35,56593.35,56570.65,56571.85,0
2026-09-21 13:43:00,56573.1,56579.0,56559.3,56570.3,0
2026-09-21 13:44:00,56569.7,56585.95,56565.8,56583.0,0
2026-09-21 13:45:00,56580.25,56586.95,56568.05,56574.3,0
2026-09-21 13:46:00,56570.6,56573.75,56562.0,56569.75,0
2026-09-21 13:47:00,56568.65,56584.4,56567.85,56582.3,0
2026-09-21 13:48:00,56580.35,56591.45,56573.25,56577.55,0
2026-09-21 13:49:00,56575.15,56594.45,56567.25,56591.0,0
2026-09-21 13:50:00,56585.6,56596.3,56584.25,56594.7,0
2026-09-21 13:51:00,56591.15,56619.8,56590.4,56604.55,0
2026-09-21 13:52:00,56601.5,56615.3,56599.3,56604.45,0
2026-09-21 13:53:00,56601.5,56615.85,56600.7,56608.9,0
2026-09-21 13:54:00,56603.95,56611.55,56596.55,56605.05,0
2026-09-21 13:55:00,56604.95,56619.7,56604.95,56612.5,0
2026-09-21 13:56:00,56612.05,56618.3,56605.6,56611.7,0
2026-09-21 13:57:00,56609.85,56621.35,56608.1,56618.2,0
2026-09-21 13:58:00,56617.5,56639.75,56615.75,56633.5,0
2026-09-21 13:59:00,56631.1,56662.85,56627.3,56646.05,0
2026-09-21 14:00:00,56645.1,56657.95,56632.8,56642.8,0
2026-09-21 14:01:00,56644.5,56655.4,56640.8,56645.75,0
2026-09-21 14:02:00,56648.3,56661.1,56641.05,56660.1,0
2026-09-21 14:03:00,56657.8,56668.2,56644.95,56649.4,0
2026-09-21 14:04:00,56647.75,56654.25,56638.1,56638.6,0
2026-09-21 14:05:00,56638.25,56639.2,56623.0,56630.2,0
2026-09-21 14:06:00,56630.5,56644.9,56624.2,56638.1,0
2026-09-21 14:07:00,56638.05,56645.7,56628.7,56631.15,0
2026-09-21 14:08:00,56632.6,56639.75,56623.85,56626.85,0
2026-09-21 14:09:00,56624.95,56634.05,56615.75,56617.85,0
2026-09-21 14:10:00,56615.6,56623.8,56600.85,56605.35,0
2026-09-21 14:11:00,56605.55,56622.7,56602.85,56617.05,0
2026-09-21 14:12:00,56615.05,56624.85,56613.7,56618.85,0
2026-09-21 14:13:00,56618.05,56624.6,56606.05,56616.65,0
2026-09-21 14:14:00,56613.2,56622.15,56597.25,56599.4,0
2026-09-21 14:15:00,56596.45,56611.55,56596.45,56608.25,0
2026-09-21 14:16:00,56606.45,56616.2,56600.9,56611.45,0
2026-09-21 14:17:00,56609.95,56623.5,56607.9,56619.45,0
2026-09-21 14:18:00,56617.25,56630.6,56614.8,56628.35,0
2026-09-21 14:19:00,56626.45,56636.7,56619.8,56625.45,0
2026-09-21 14:20:00,56625.7,56638.35,56621.8,56626.85,0
2026-09-21 14:21:00,56627.7,56631.8,56611.8,56615.0,0
2026-09-21 14:22:00,56612.95,56614.45,56600.4,56610.55,0
2026-09-21 14:23:00,56609.4,56625.7,56607.05,56625.0,0
2026-09-21 14:24:00,56624.45,56629.1,56612.6,56614.35,0
2026-09-21 14:25:00,56616.1,56618.2,56598.5,56604.3,0
2026-09-21 14:26:00,56604.9,56614.2,56592.35,56604.25,0
2026-09-21 14:27:00,56604.2,56610.2,56598.85,56608.9,0
2026-09-21 14:28:00,56610.2,56612.0,56595.4,56600.05,0
2026-09-21 14:29:00,56599.9,56601.05,56587.95,56597.95,0
2026-09-21 14:30:00,56594.3,56598.05,56560.2,56568.1,0
2026-09-21 14:31:00,56566.45,56583.4,56566.45,56575.95,0
2026-09-21 14:32:00,56573.25,56586.35,56573.25,56581.95,0
2026-09-21 14:33:00,56578.35,56584.85,56571.6,56575.2,0
2026-09-21 14:34:00,56574.75,56584.15,56566.25,56574.05,0
2026-09-21 14:35:00,56572.95,56578.95,56561.9,56572.0,0
2026-09-21 14:36:00,56570.6,56582.9,56570.4,56573.25,0
2026-09-21 14:37:00,56568.7,56579.05,56568.7,56577.9,0
2026-09-21 14:38:00,56575.8,56582.6,56573.05,56579.6,0
2026-09-21 14:39:00,56575.5,56584.1,56569.9,56578.0,0
2026-09-21 14:40:00,56573.85,56590.75,56573.85,56588.9,0
2026-09-21 14:41:00,56585.1,56588.25,56575.85,56583.4,0
2026-09-21 14:42:00,56582.25,56594.2,56576.45,56592.95,0
2026-09-21 14:43:00,56594.35,56612.1,56589.8,56597.45,0
2026-09-21 14:44:00,56598.8,56601.25,56587.5,56589.4,0
2026-09-21 14:45:00,56585.8,56595.15,56584.8,56589.25,0
2026-09-21 14:46:00,56589.85,56591.55,56581.0,56584.55,0
2026-09-21 14:47:00,56584.6,56589.55,56577.4,56584.05,0
2026-09-21 14:48:00,56580.75,56591.35,56565.75,56570.25,0
2026-09-21 14:49:00,56568.85,56573.5,56564.0,56571.95,0
2026-09-21 14:50:00,56570.55,56583.8,56561.05,56565.45,0
2026-09-21 14:51:00,56565.55,56568.0,56552.35,56557.95,0
2026-09-21 14:52:00,56557.9,56562.3,56543.35,56552.5,0
2026-09-21 14:53:00,56552.0,56556.8,56542.0,56547.25,0
2026-09-21 14:54:00,56545.75,56558.35,56542.0,56555.65,0
2026-09-21 14:55:00,56554.95,56555.05,56539.3,56547.75,0
2026-09-21 14:56:00,56545.6,56558.5,56542.45,56553.1,0
2026-09-21 14:57:00,56550.7,56570.4,56550.7,56563.05,0
2026-09-21 14:58:00,56559.65,56563.1,56542.1,56544.9,0
2026-09-21 14:59:00,56543.55,56555.05,56540.35,56546.2,0
2026-09-21 15:00:00,56548.3,56548.3,56508.1,56523.95,0
2026-09-21 15:01:00,56524.3,56532.1,56514.9,56524.2,0
2026-09-21 15:02:00,56527.05,56527.05,56506.9,56511.7,0
2026-09-21 15:03:00,56512.05,56517.9,56503.7,56510.5,0
2026-09-21 15:04:00,56511.9,56520.7,56500.4,56520.7,0
2026-09-21 15:05:00,56518.6,56531.8,56513.25,56531.0,0
2026-09-21 15:06:00,56528.0,56538.15,56520.7,56527.4,0
2026-09-21 15:07:00,56527.15,56531.4,56513.65,56525.9,0
2026-09-21 15:08:00,56524.3,56530.45,56515.15,56524.1,0
2026-09-21 15:09:00,56523.55,56541.95,56520.45,56531.8,0
2026-09-21 15:10:00,56531.65,56535.65,56517.85,56518.8,0
2026-09-21 15:11:00,56519.15,56531.6,56515.8,56521.2,0
2026-09-21 15:12:00,56517.5,56529.55,56495.6,56500.3,0
2026-09-21 15:13:00,56509.1,56526.3,56488.55,56517.55,0
2026-09-21 15:14:00,56509.65,56522.2,56473.05,56494.9,0
2026-09-21 15:28:00,56470.65,56470.65,56470.65,56470.65,0
2026-09-22 09:15:00,56489.9,56647.6,56483.55,56587.9,0
2026-09-22 09:16:00,56593.65,56612.75,56521.85,56523.7,0
2026-09-22 09:17:00,56530.1,56560.45,56520.1,56549.3,0
2026-09-22 09:18:00,56549.65,56581.95,56542.7,56572.1,0
2026-09-22 09:19:00,56567.3,56581.5,56558.3,56571.75,0
2026-09-22 09:20:00,56572.55,56599.0,56564.55,56565.45,0
2026-09-22 09:21:00,56569.0,56596.0,56558.95,56591.25,0
2026-09-22 09:22:00,56593.65,56601.6,56580.6,56583.7,0
2026-09-22 09:23:00,56585.9,56613.85,56577.05,56606.6,0
2026-09-22 09:24:00,56609.75,56631.1,56606.45,56618.5,0
2026-09-22 09:25:00,56623.2,56623.2,56596.4,56604.05,0
2026-09-22 09:26:00,56602.25,56605.85,56564.85,56566.05,0
2026-09-22 09:27:00,56570.05,56577.1,56551.05,56575.95,0
2026-09-22 09:28:00,56578.65,56618.1,56572.15,56608.2,0
2026-09-22 09:29:00,56612.05,56655.9,56606.7,56651.85,0
2026-09-22 09:30:00,56655.4,56671.1,56646.35,56655.35,0
2026-09-22 09:31:00,56661.75,56661.75,56633.65,56651.5,0
2026-09-22 09:32:00,56652.35,56654.75,56593.0,56595.7,0
2026-09-22 09:33:00,56601.55,56610.15,56581.5,56581.5,0
2026-09-22 09:34:00,56584.25,56591.75,56574.55,56587.7,0
2026-09-22 09:35:00,56584.4,56606.7,56584.3,56591.8,0
2026-09-22 09:36:00,56592.15,56594.3,56580.95,56592.6,0
2026-09-22 09:37:00,56594.0,56618.7,56585.05,56618.65,0
2026-09-22 09:38:00,56620.75,56629.15,56607.35,56614.1,0
2026-09-22 09:39:00,56615.05,56628.55,56610.6,56625.85,0
2026-09-22 09:40:00,56626.85,56626.95,56587.1,56595.35,0
2026-09-22 09:41:00,56600.2,56614.85,56595.1,56613.6,0
2026-09-22 09:42:00,56615.65,56624.9,56606.15,56624.2,0
2026-09-22 09:43:00,56623.55,56626.55,56607.85,56619.0,0
2026-09-22 09:44:00,56618.3,56622.45,56605.45,56620.05,0
2026-09-22 09:45:00,56622.05,56625.1,56596.6,56603.8,0
2026-09-22 09:46:00,56602.65,56621.0,56598.5,56617.3,0
2026-09-22 09:47:00,56615.25,56631.8,56613.05,56628.9,0
2026-09-22 09:48:00,56629.2,56643.6,56615.8,56618.9,0
2026-09-22 09:49:00,56619.85,56628.0,56613.35,56618.8,0
2026-09-22 09:50:00,56620.15,56660.25,56613.75,56654.25,0
2026-09-22 09:51:00,56652.2,56657.7,56622.85,56628.25,0
2026-09-22 09:52:00,56629.45,56634.1,56617.8,56627.65,0
2026-09-22 09:53:00,56625.4,56632.4,56616.35,56622.45,0
2026-09-22 09:54:00,56624.5,56629.9,56610.1,56616.25,0
2026-09-22 09:55:00,56615.9,56616.35,56592.25,56596.6,0
2026-09-22 09:56:00,56597.55,56609.45,56590.2,56599.9,0
2026-09-22 09:57:00,56600.65,56606.3,56586.95,56592.2,0
2026-09-22 09:58:00,56591.55,56604.95,56590.1,56604.95,0
2026-09-22 09:59:00,56606.6,56617.8,56599.95,56607.25,0
2026-09-22 10:00:00,56607.4,56622.85,56605.0,56621.7,0
2026-09-22 10:01:00,56621.0,56621.0,56578.75,56586.6,0
2026-09-22 10:02:00,56584.25,56586.05,56570.2,56575.9,0
2026-09-22 10:03:00,56577.95,56591.6,56574.95,56585.85,0
2026-09-22 10:04:00,56586.15,56597.35,56580.3,56587.7,0
2026-09-22 10:05:00,56589.45,56595.6,56577.55,56580.15,0
2026-09-22 10:06:00,56578.0,56580.75,56558.65,56558.85,0
2026-09-22 10:07:00,56557.15,56571.35,56550.45,56567.9,0
2026-09-22 10:08:00,56567.5,56588.7,56563.2,56586.95,0
2026-09-22 10:09:00,56586.75,56600.95,56578.65,56598.95,0
2026-09-22 10:10:00,56598.6,56606.6,56585.9,56593.25,0
2026-09-22 10:11:00,56592.05,56610.25,56587.9,56603.4,0
2026-09-22 10:12:00,56601.15,56609.2,56585.35,56596.0,0
2026-09-22 10:13:00,56595.3,56599.4,56577.5,56590.4,0
2026-09-22 10:14:00,56593.0,56604.65,56588.3,56599.3,0
2026-09-22 10:15:00,56600.4,56603.35,56578.35,56587.75,0
2026-09-22 10:16:00,56586.75,56588.25,56566.45,56579.35,0
2026-09-22 10:17:00,56578.05,56587.95,56571.6,56582.35,0
2026-09-22 10:18:00,56579.35,56582.5,56561.5,56578.0,0
2026-09-22 10:19:00,56578.7,56580.3,56563.25,56563.25,0
2026-09-22 10:20:00,56565.9,56567.4,56544.2,56544.2,0
2026-09-22 10:21:00,56546.75,56555.75,56524.35,56528.75,0
2026-09-22 10:22:00,56529.35,56529.35,56494.55,56500.6,0
2026-09-22 10:23:00,56499.9,56521.85,56494.95,56515.1,0
2026-09-22 10:24:00,56513.35,56525.55,56510.55,56515.8,0
2026-09-22 10:25:00,56515.55,56519.05,56506.05,56513.2,0
2026-09-22 10:26:00,56513.45,56516.35,56502.1,56507.05,0
2026-09-22 10:27:00,56502.85,56522.9,56498.15,56515.65,0
2026-09-22 10:28:00,56516.7,56527.8,56510.55,56525.65,0
2026-09-22 10:29:00,56527.7,56533.3,56510.35,56514.9,0
2026-09-22 10:30:00,56510.35,56516.05,56478.1,56480.35,0
2026-09-22 10:31:00,56480.95,56481.1,56457.05,56467.55,0
2026-09-22 10:32:00,56465.5,56470.7,56446.75,56448.2,0
2026-09-22 10:33:00,56449.05,56454.75,56424.1,56428.2,0
2026-09-22 10:34:00,56428.75,56449.5,56422.9,56445.65,0
2026-09-22 10:35:00,56444.45,56444.45,56399.05,56399.05,0
2026-09-22 10:36:00,56400.7,56405.4,56390.75,56403.55,0
2026-09-22 10:37:00,56401.5,56411.0,56396.15,56408.4,0
2026-09-22 10:38:00,56407.55,56422.8,56399.35,56409.45,0
2026-09-22 10:39:00,56408.75,56409.7,56394.05,56407.75,0
2026-09-22 10:40:00,56405.05,56424.7,56403.3,56417.65,0
2026-09-22 10:41:00,56419.4,56420.4,56381.3,56381.3,0
2026-09-22 10:42:00,56383.65,56384.8,56339.3,56383.6,0
2026-09-22 10:43:00,56385.0,56400.05,56382.4,56394.05,0
2026-09-22 10:44:00,56394.6,56397.35,56372.4,56373.55,0
2026-09-22 10:45:00,56373.1,56373.1,56357.55,56362.15,0
2026-09-22 10:46:00,56363.25,56384.15,56361.25,56378.9,0
2026-09-22 10:47:00,56377.35,56393.7,56375.0,56385.55,0
2026-09-22 10:48:00,56382.1,56391.4,56366.25,56366.25,0
2026-09-22 10:49:00,56365.65,56375.5,56359.6,56359.9,0
2026-09-22 10:50:00,56361.3,56361.65,56328.95,56337.1,0
2026-09-22 10:51:00,56334.25,56354.05,56328.15,56348.95,0
2026-09-22 10:52:00,56348.7,56350.5,56318.25,56324.45,0
2026-09-22 10:53:00,56325.05,56334.3,56323.3,56331.55,0
2026-09-22 10:54:00,56332.1,56354.95,56330.7,56354.7,0
2026-09-22 10:55:00,56352.6,56365.25,56347.8,56363.8,0
2026-09-22 10:56:00,56364.75,56370.2,56359.4,56366.4,0
2026-09-22 10:57:00,56364.1,56380.65,56361.6,56377.85,0
2026-09-22 10:58:00,56377.25,56384.85,56364.95,56383.55,0
2026-09-22 10:59:00,56382.0,56396.55,56377.6,56388.85,0
2026-09-22 11:00:00,56390.6,56392.2,56358.7,56365.4,0
2026-09-22 11:01:00,56362.7,56366.55,56330.45,56339.15,0
2026-09-22 11:02:00,56338.8,56349.5,56335.65,56340.3,0
2026-09-22 11:03:00,56342.9,56344.6,56329.05,56335.75,0
2026-09-22 11:04:00,56335.85,56338.8,56326.1,56329.7,0
2026-09-22 11:05:00,56329.8,56332.4,56306.55,56314.1,0
2026-09-22 11:06:00,56313.4,56325.25,56312.75,56325.0,0
2026-09-22 11:07:00,56322.7,56327.3,56304.5,56318.8,0
2026-09-22 11:08:00,56319.4,56321.75,56291.65,56302.8,0
2026-09-22 11:09:00,56302.2,56322.85,56299.35,56318.7,0
2026-09-22 11:10:00,56317.15,56338.8,56315.05,56330.25,0
2026-09-22 11:11:00,56327.6,56340.8,56324.3,56330.5,0
2026-09-22 11:12:00,56329.1,56339.05,56327.9,56331.8,0
2026-09-22 11:13:00,56330.55,56350.1,56329.55,56340.0,0
2026-09-22 11:14:00,56339.85,56367.65,56339.2,56362.05,0
2026-09-22 11:15:00,56362.65,56363.25,56343.5,56349.4,0
2026-09-22 11:16:00,56348.15,56357.5,56342.2,56353.1,0
2026-09-22 11:17:00,56354.25,56362.35,56347.55,56356.75,0
2026-09-22 11:18:00,56359.4,56359.4,56347.5,56347.5,0
2026-09-22 11:19:00,56349.6,56349.75,56328.3,56330.7,0
2026-09-22 11:20:00,56332.55,56340.25,56329.65,56336.6,0
2026-09-22 11:21:00,56334.85,56334.85,56325.4,56332.6,0
2026-09-22 11:22:00,56331.1,56337.3,56327.85,56332.1,0
2026-09-22 11:23:00,56333.75,56352.3,56331.95,56343.45,0
2026-09-22 11:24:00,56345.9,56361.4,56342.4,56354.65,0
2026-09-22 11:25:00,56356.3,56371.65,56352.5,56359.0,0
2026-09-22 11:26:00,56360.2,56360.8,56343.55,56346.9,0
2026-09-22 11:27:00,56346.55,56352.25,56337.95,56347.85,0
2026-09-22 11:28:00,56349.25,56361.2,56343.45,56355.45,0
2026-09-22 11:29:00,56358.9,56361.35,56337.8,56344.2,0
2026-09-22 11:30:00,56345.8,56349.95,56326.85,56330.35,0
2026-09-22 11:31:00,56330.15,56334.2,56311.2,56313.95,0
2026-09-22 11:32:00,56313.0,56316.5,56297.2,56316.5,0
2026-09-22 11:33:00,56315.1,56322.7,56312.3,56314.7,0
2026-09-22 11:34:00,56312.55,56316.65,56296.6,56296.6,0
2026-09-22 11:35:00,56295.2,56298.7,56276.6,56284.8,0
2026-09-22 11:36:00,56283.45,56298.1,56278.6,56292.5,0
2026-09-22 11:37:00,56294.95,56296.85,56286.25,56290.1,0
2026-09-22 11:38:00,56288.7,56298.5,56287.15,56291.15,0
2026-09-22 11:39:00,56289.05,56292.0,56262.25,56263.85,0
2026-09-22 11:40:00,56268.45,56274.25,56255.05,56267.9,0
2026-09-22 11:41:00,56269.95,56276.3,56266.2,56271.45,0
2026-09-22 11:42:00,56273.45,56276.25,56253.35,56254.7,0
2026-09-22 11:43:00,56255.7,56262.9,56250.1,56254.25,0
2026-09-22 11:44:00,56255.6,56264.7,56251.95,56259.4,0
2026-09-22 11:45:00,56260.7,56261.85,56253.6,56255.75,0
2026-09-22 11:46:00,56257.95,56257.95,56225.1,56230.7,0
2026-09-22 11:47:00,56230.4,56243.4,56225.45,56240.6,0
2026-09-22 11:48:00,56240.2,56262.2,56237.3,56258.25,0
2026-09-22 11:49:00,56258.85,56261.3,56249.1,56255.35,0
2026-09-22 11:50:00,56257.15,56259.15,56250.85,56255.05,0
2026-09-22 11:51:00,56255.1,56259.7,56235.5,56242.0,0
2026-09-22 11:52:00,56243.45,56271.4,56237.75,56271.4,0
2026-09-22 11:53:00,56269.55,56271.0,56247.45,56255.9,0
2026-09-22 11:54:00,56255.8,56259.95,56228.25,56228.25,0
2026-09-22 11:55:00,56228.95,56231.8,56215.25,56227.3,0
2026-09-22 11:56:00,56225.55,56248.6,56216.3,56248.1,0
2026-09-22 11:57:00,56249.2,56255.95,56237.25,56255.95,0
2026-09-22 11:58:00,56256.8,56263.95,56247.7,56262.7,0
2026-09-22 11:59:00,56261.45,56269.0,56257.6,56265.75,0
2026-09-22 12:00:00,56264.15,56274.6,56258.1,56261.85,0
2026-09-22 12:01:00,56262.45,56265.45,56253.8,56259.45,0
2026-09-22 12:02:00,56263.65,56278.8,56262.6,56269.25,0
2026-09-22 12:03:00,56268.7,56289.95,56263.35,56285.15,0
2026-09-22 12:04:00,56285.75,56285.95,56275.25,56277.1,0
2026-09-22 12:05:00,56278.25,56286.75,56276.95,56286.3,0
2026-09-22 12:06:00,56286.15,56287.25,56275.7,56280.65,0
2026-09-22 12:07:00,56279.4,56279.65,56267.05,56275.7,0
2026-09-22 12:08:00,56275.45,56292.45,56271.1,56287.8,0
2026-09-22 12:09:00,56288.7,56296.7,56286.95,56294.2,0
2026-09-22 12:10:00,56293.9,56298.55,56285.95,56289.0,0
2026-09-22 12:11:00,56290.3,56290.3,56273.95,56279.25,0
2026-09-22 12:12:00,56278.8,56279.35,56271.0,56274.1,0
2026-09-22 12:13:00,56273.3,56276.85,56260.2,56263.4,0
2026-09-22 12:14:00,56265.15,56273.45,56259.9,56265.6,0
2026-09-22 12:15:00,56266.2,56267.35,56247.7,56250.8,0
2026-09-22 12:16:00,56252.1,56269.7,56250.35,56264.65,0
2026-09-22 12:17:00,56265.2,56281.3,56265.0,56280.75,0
2026-09-22 12:18:00,56278.3,56283.3,56270.9,56272.0,0
2026-09-22 12:19:00,56270.95,56298.15,56270.95,56294.05,0
2026-09-22 12:20:00,56293.3,56293.3,56276.5,56277.65,0
2026-09-22 12:21:00,56276.55,56297.25,56276.55,56297.25,0
2026-09-22 12:22:00,56295.4,56298.55,56287.35,56287.35,0
2026-09-22 12:23:00,56285.55,56292.8,56283.45,56289.65,0
2026-09-22 12:24:00,56285.9,56295.15,56278.45,56279.3,0
2026-09-22 12:25:00,56277.3,56285.6,56269.75,56274.1,0
2026-09-22 12:26:00,56273.45,56293.45,56272.75,56283.9,0
2026-09-22 12:27:00,56284.05,56291.1,56270.7,56281.7,0
2026-09-22 12:28:00,56282.0,56299.4,56271.65,56289.35,0
2026-09-22 12:29:00,56292.3,56297.6,56270.45,56276.0,0
2026-09-22 12:30:00,56276.6,56276.6,56258.65,56260.95,0
2026-09-22 12:31:00,56261.25,56273.9,56255.5,56272.9,0
2026-09-22 12:32:00,56274.6,56287.05,56270.15,56283.3,0
2026-09-22 12:33:00,56283.9,56290.6,56275.3,56277.55,0
2026-09-22 12:34:00,56276.1,56294.5,56273.5,56293.6,0
2026-09-22 12:35:00,56290.15,56299.0,56289.1,56293.2,0
2026-09-22 12:36:00,56292.5,56292.5,56276.95,56283.05,0
2026-09-22 12:37:00,56283.45,56287.6,56274.4,56280.4,0
2026-09-22 12:38:00,56277.5,56285.85,56274.5,56276.2,0
2026-09-22 12:39:00,56276.35,56278.25,56259.05,56263.7,0
2026-09-22 12:40:00,56266.8,56273.0,56254.95,56269.2,0
2026-09-22 12:41:00,56270.35,56271.75,56246.55,56252.75,0
2026-09-22 12:42:00,56253.85,56261.5,56249.5,56255.8,0
2026-09-22 12:43:00,56256.45,56263.15,56233.55,56236.25,0
2026-09-22 12:44:00,56235.7,56241.45,56208.75,56209.3,0
2026-09-22 12:45:00,56208.85,56216.85,56194.8,56206.0,0
2026-09-22 12:46:00,56204.1,56221.8,56202.6,56213.45,0
2026-09-22 12:47:00,56214.0,56229.9,56209.85,56224.5,0
2026-09-22 12:48:00,56223.4,56239.2,56222.9,56236.65,0
2026-09-22 12:49:00,56236.1,56245.4,56207.9,56213.75,0
2026-09-22 12:50:00,56214.05,56216.7,56197.5,56198.65,0
2026-09-22 12:51:00,56205.5,56212.45,56189.25,56193.2,0
2026-09-22 12:52:00,56194.35,56223.1,56189.95,56214.6,0
2026-09-22 12:53:00,56215.4,56216.25,56202.7,56206.95,0
2026-09-22 12:54:00,56207.5,56215.5,56196.1,56201.35,0
2026-09-22 12:55:00,56204.15,56205.3,56183.05,56183.05,0
2026-09-22 12:56:00,56186.55,56213.15,56181.95,56213.15,0
2026-09-22 12:57:00,56212.85,56214.45,56193.45,56196.55,0
2026-09-22 12:58:00,56194.0,56202.9,56184.4,56192.8,0
2026-09-22 12:59:00,56191.25,56197.0,56187.4,56194.2,0
2026-09-22 13:00:00,56195.95,56198.7,56154.35,56164.15,0
2026-09-22 13:01:00,56164.65,56184.95,56157.15,56184.2,0
2026-09-22 13:02:00,56184.55,56190.8,56166.55,56171.55,0
2026-09-22 13:03:00,56170.85,56170.85,56160.4,56161.0,0
2026-09-22 13:04:00,56165.2,56174.25,56163.0,56165.5,0
2026-09-22 13:05:00,56165.35,56180.95,56163.45,56180.5,0
2026-09-22 13:06:00,56178.6,56189.9,56175.65,56183.95,0
2026-09-22 13:07:00,56183.4,56201.4,56181.2,56189.2,0
2026-09-22 13:08:00,56187.15,56200.05,56184.3,56199.65,0
2026-09-22 13:09:00,56196.95,56204.6,56191.25,56199.85,0
2026-09-22 13:10:00,56200.6,56214.1,56200.0,56204.85,0
2026-09-22 13:11:00,56204.75,56207.85,56188.15,56189.8,0
2026-09-22 13:12:00,56189.55,56201.25,56184.2,56200.0,0
2026-09-22 13:13:00,56198.2,56198.8,56179.3,56190.35,0
2026-09-22 13:14:00,56189.75,56205.2,56186.6,56198.95,0
2026-09-22 13:15:00,56200.1,56210.65,56197.95,56202.7,0
2026-09-22 13:16:00,56201.65,56205.05,56193.0,56200.95,0
2026-09-22 13:17:00,56202.4,56203.8,56182.3,56185.85,0
2026-09-22 13:18:00,56187.05,56188.05,56175.95,56184.8,0
2026-09-22 13:19:00,56185.35,56202.4,56183.9,56195.35,0
2026-09-22 13:20:00,56195.6,56195.6,56170.95,56170.95,0
2026-09-22 13:21:00,56171.3,56177.75,56164.05,56170.4,0
2026-09-22 13:22:00,56171.05,56173.3,56162.5,56171.45,0
2026-09-22 13:23:00,56172.65,56179.0,56166.25,56171.8,0
2026-09-22 13:24:00,56168.7,56180.3,56165.7,56177.75,0
2026-09-22 13:25:00,56175.85,56182.45,56174.55,56175.5,0
2026-09-22 13:26:00,56176.2,56182.35,56164.35,56172.2,0
2026-09-22 13:27:00,56170.75,56188.25,56166.6,56181.25,0
2026-09-22 13:28:00,56184.25,56195.45,56181.65,56189.0,0
2026-09-22 13:29:00,56189.7,56194.1,56186.45,56187.05,0
2026-09-22 13:30:00,56185.4,56192.65,56183.35,56189.95,0
2026-09-22 13:31:00,56191.95,56198.65,56183.9,56193.45,0
2026-09-22 13:32:00,56193.6,56196.1,56184.8,56189.9,0
2026-09-22 13:33:00,56189.3,56204.4,56185.0,56199.75,0
2026-09-22 13:34:00,56204.25,56207.85,56193.95,56194.5,0
2026-09-22 13:35:00,56197.8,56208.0,56190.75,56201.7,0
2026-09-22 13:36:00,56202.85,56215.55,56200.2,56206.15,0
2026-09-22 13:37:00,56207.5,56215.75,56202.15,56208.95,0
2026-09-22 13:38:00,56209.65,56213.15,56196.4,56202.0,0
2026-09-22 13:39:00,56201.95,56212.3,56195.0,56207.35,0
2026-09-22 13:40:00,56209.7,56215.6,56204.4,56212.85,0
2026-09-22 13:41:00,56213.15,56220.45,56201.8,56203.05,0
2026-09-22 13:42:00,56205.5,56221.45,56201.1,56216.9,0
2026-09-22 13:43:00,56216.1,56216.85,56196.6,56202.1,0
2026-09-22 13:44:00,56201.55,56202.3,56187.95,56193.6,0
2026-09-22 13:45:00,56193.7,56193.7,56162.95,56170.15,0
2026-09-22 13:46:00,56171.25,56175.8,56160.5,56164.75,0
2026-09-22 13:47:00,56163.0,56188.2,56163.0,56181.7,0
2026-09-22 13:48:00,56181.55,56182.45,56168.3,56172.65,0
2026-09-22 13:49:00,56174.1,56180.95,56162.95,56180.95,0
2026-09-22 13:50:00,56181.5,56183.75,56169.4,56174.65,0
2026-09-22 13:51:00,56175.55,56179.6,56165.3,56167.95,0
2026-09-22 13:52:00,56170.5,56188.15,56164.7,56180.6,0
2026-09-22 13:53:00,56179.95,56184.15,56125.4,56128.5,0
2026-09-22 13:54:00,56130.5,56141.45,56112.2,56130.15,0
2026-09-22 13:55:00,56132.85,56165.3,56127.45,56150.7,0
2026-09-22 13:56:00,56151.1,56158.2,56131.7,56142.65,0
2026-09-22 13:57:00,56139.9,56150.4,56136.05,56144.1,0
2026-09-22 13:58:00,56143.7,56154.8,56136.7,56140.4,0
2026-09-22 13:59:00,56143.15,56160.85,56136.9,56146.0,0
2026-09-22 14:00:00,56147.2,56149.0,56106.95,56113.4,0
2026-09-22 14:01:00,56117.0,56147.4,56113.5,56147.4,0
2026-09-22 14:02:00,56148.25,56153.8,56133.2,56141.75,0
2026-09-22 14:03:00,56141.15,56148.65,56135.45,56137.65,0
2026-09-22 14:04:00,56139.45,56158.65,56138.85,56150.05,0
2026-09-22 14:05:00,56153.25,56164.95,56140.05,56145.1,0
2026-09-22 14:06:00,56146.75,56161.95,56134.65,56153.45,0
2026-09-22 14:07:00,56155.8,56161.65,56134.9,56137.5,0
2026-09-22 14:08:00,56138.25,56149.35,56132.7,56145.3,0
2026-09-22 14:09:00,56146.0,56170.05,56138.6,56169.5,0
2026-09-22 14:10:00,56172.3,56190.8,56170.0,56181.0,0
2026-09-22 14:11:00,56181.6,56210.1,56172.2,56205.3,0
2026-09-22 14:12:00,56207.3,56239.5,56195.75,56237.6,0
2026-09-22 14:13:00,56238.2,56241.15,56211.35,56217.5,0
2026-09-22 14:14:00,56216.9,56364.25,56208.8,56352.7,0
2026-09-22 14:15:00,56358.85,56394.95,56326.65,56326.65,0
2026-09-22 14:16:00,56331.8,56331.8,56289.55,56318.05,0
2026-09-22 14:17:00,56317.45,56337.45,56312.45,56332.9,0
2026-09-22 14:18:00,56337.55,56342.75,56306.15,56324.35,0
2026-09-22 14:19:00,56326.95,56330.05,56311.1,56327.05,0
2026-09-22 14:20:00,56323.35,56354.7,56322.65,56346.15,0
2026-09-22 14:21:00,56345.3,56372.45,56338.6,56347.65,0
2026-09-22 14:22:00,56346.65,56357.6,56342.75,56344.65,0
2026-09-22 14:23:00,56343.5,56354.25,56330.55,56330.55,0
2026-09-22 14:24:00,56333.2,56343.0,56307.55,56313.1,0
2026-09-22 14:25:00,56313.75,56343.6,56308.3,56341.1,0
2026-09-22 14:26:00,56341.75,56344.9,56321.3,56338.15,0
2026-09-22 14:27:00,56341.15,56359.2,56327.7,56349.15,0
2026-09-22 14:28:00,56349.05,56349.25,56326.55,56339.55,0
2026-09-22 14:29:00,56338.95,56356.15,56333.5,56344.6,0
2026-09-22 14:30:00,56346.1,56349.15,56331.25,56340.4,0
2026-09-22 14:31:00,56339.0,56357.4,56336.15,56350.8,0
2026-09-22 14:32:00,56352.5,56362.8,56344.0,56356.35,0
2026-09-22 14:33:00,56358.75,56364.05,56337.2,56343.95,0
2026-09-22 14:34:00,56346.2,56346.2,56304.5,56312.95,0
2026-09-22 14:35:00,56313.55,56342.1,56312.15,56331.65,0
2026-09-22 14:36:00,56332.6,56342.3,56325.25,56335.95,0
2026-09-22 14:37:00,56338.35,56338.35,56307.95,56323.15,0
2026-09-22 14:38:00,56327.75,56328.45,56290.55,56293.7,0
2026-09-22 14:39:00,56297.45,56313.2,56290.75,56296.5,0
2026-09-22 14:40:00,56302.5,56310.1,56282.4,56283.5,0
2026-09-22 14:41:00,56287.3,56287.8,56267.55,56285.05,0
2026-09-22 14:42:00,56287.6,56287.6,56233.1,56250.8,0
2026-09-22 14:43:00,56252.05,56263.15,56246.35,56259.6,0
2026-09-22 14:44:00,56258.6,56275.15,56254.4,56263.45,0
2026-09-22 14:45:00,56264.0,56300.0,56260.15,56291.5,0
2026-09-22 14:46:00,56293.3,56296.7,56275.1,56289.1,0
2026-09-22 14:47:00,56287.55,56292.2,56274.55,56282.6,0
2026-09-22 14:48:00,56284.35,56292.7,56270.2,56280.0,0
2026-09-22 14:49:00,56280.25,56284.2,56266.25,56272.6,0
2026-09-22 14:50:00,56272.2,56294.5,56256.05,56288.8,0
2026-09-22 14:51:00,56292.9,56297.2,56276.85,56281.1,0
2026-09-22 14:52:00,56278.75,56291.35,56262.95,56283.95,0
2026-09-22 14:53:00,56286.7,56290.6,56258.85,56260.85,0
2026-09-22 14:54:00,56264.1,56283.95,56257.9,56273.75,0
2026-09-22 14:55:00,56279.45,56283.05,56257.55,56278.6,0
2026-09-22 14:56:00,56278.15,56282.0,56258.2,56263.5,0
2026-09-22 14:57:00,56267.8,56270.35,56253.15,56253.15,0
2026-09-22 14:58:00,56256.25,56264.35,56239.4,56242.9,0
2026-09-22 14:59:00,56240.6,56245.6,56224.05,56243.3,0
2026-09-22 15:00:00,56245.15,56254.7,56232.8,56239.25,0
2026-09-22 15:01:00,56240.25,56262.75,56231.95,56256.6,0
2026-09-22 15:02:00,56253.85,56270.7,56244.65,56262.4,0
2026-09-22 15:03:00,56266.1,56281.9,56252.5,56279.05,0
2026-09-22 15:04:00,56282.5,56287.45,56272.65,56277.05,0
2026-09-22 15:05:00,56275.2,56286.15,56271.15,56272.3,0
2026-09-22 15:06:00,56274.25,56274.4,56250.1,56272.05,0
2026-09-22 15:07:00,56270.7,56272.9,56255.7,56262.4,0
2026-09-22 15:08:00,56262.25,56264.0,56245.8,56249.0,0
2026-09-22 15:09:00,56253.15,56268.7,56247.3,56268.65,0
2026-09-22 15:10:00,56271.25,56271.3,56250.1,56271.3,0
2026-09-22 15:11:00,56273.25,56285.0,56264.45,56280.4,0
2026-09-22 15:12:00,56282.65,56287.35,56256.7,56281.3,0
2026-09-22 15:13:00,56283.9,56286.6,56260.25,56266.15,0
2026-09-22 15:14:00,56272.6,56306.05,56261.85,56280.95,0
2026-09-22 15:28:00,56215.55,56215.55,56215.55,56215.55,0
2026-09-23 09:15:00,56209.65,56422.3,56209.65,56320.7,0
2026-09-23 09:16:00,56321.5,56371.15,56313.2,56323.35,0
2026-09-23 09:17:00,56325.45,56370.85,56322.7,56364.45,0
2026-09-23 09:18:00,56365.3,56424.7,56363.15,56379.3,0
2026-09-23 09:19:00,56377.05,56390.6,56363.8,56377.05,0
2026-09-23 09:20:00,56379.6,56436.05,56374.1,56409.5,0
2026-09-23 09:21:00,56414.5,56433.35,56411.65,56415.25,0
2026-09-23 09:22:00,56414.6,56437.15,56410.45,56413.3,0
2026-09-23 09:23:00,56412.6,56416.3,56369.45,56371.65,0
2026-09-23 09:24:00,56371.8,56371.8,56338.7,56349.0,0
2026-09-23 09:25:00,56344.45,56350.35,56296.55,56330.35,0
2026-09-23 09:26:00,56333.75,56351.9,56319.15,56327.2,0
2026-09-23 09:27:00,56326.6,56348.25,56324.15,56337.8,0
2026-09-23 09:28:00,56339.5,56361.5,56334.7,56346.5,0
2026-09-23 09:29:00,56347.8,56358.6,56336.65,56345.45,0
2026-09-23 09:30:00,56346.3,56384.05,56346.05,56384.05,0
2026-09-23 09:31:00,56382.5,56397.8,56359.15,56367.95,0
2026-09-23 09:32:00,56368.9,56389.15,56368.15,56386.05,0
2026-09-23 09:33:00,56387.75,56390.8,56372.8,56380.95,0
2026-09-23 09:34:00,56387.1,56393.35,56374.5,56393.35,0
2026-09-23 09:35:00,56392.9,56411.5,56375.3,56385.9,0
2026-09-23 09:36:00,56387.05,56398.4,56369.15,56391.3,0
2026-09-23 09:37:00,56389.95,56399.7,56380.4,56399.7,0
2026-09-23 09:38:00,56397.15,56410.25,56391.85,56393.65,0
2026-09-23 09:39:00,56399.65,56403.15,56364.75,56371.95,0
2026-09-23 09:40:00,56374.15,56400.55,56372.8,56391.0,0
2026-09-23 09:41:00,56390.4,56396.95,56384.8,56389.0,0
2026-09-23 09:42:00,56390.1,56403.1,56386.6,56402.2,0
2026-09-23 09:43:00,56403.15,56406.7,56398.1,56402.75,0
2026-09-23 09:44:00,56403.45,56409.15,56387.05,56401.65,0
2026-09-23 09:45:00,56407.8,56428.0,56403.35,56420.25,0
2026-09-23 09:46:00,56419.95,56429.1,56417.15,56423.05,0
2026-09-23 09:47:00,56423.65,56426.75,56419.7,56423.0,0
2026-09-23 09:48:00,56423.8,56428.7,56397.95,56399.55,0
2026-09-23 09:49:00,56401.0,56401.0,56375.7,56385.65,0
2026-09-23 09:50:00,56388.9,56394.2,56370.65,56377.45,0
2026-09-23 09:51:00,56382.15,56396.35,56376.75,56392.2,0
2026-09-23 09:52:00,56391.85,56399.25,56386.5,56398.25,0
2026-09-23 09:53:00,56397.4,56404.9,56379.35,56379.35,0
2026-09-23 09:54:00,56381.55,56382.75,56338.5,56352.9,0
2026-09-23 09:55:00,56353.45,56371.3,56353.45,56363.8,0
2026-09-23 09:56:00,56367.9,56400.6,56367.65,56397.8,0
2026-09-23 09:57:00,56398.65,56423.75,56397.95,56423.5,0
2026-09-23 09:58:00,56426.1,56435.95,56416.6,56432.8,0
2026-09-23 09:59:00,56430.5,56457.85,56429.65,56455.65,0
2026-09-23 10:00:00,56454.95,56492.15,56453.9,56486.5,0
2026-09-23 10:01:00,56487.1,56503.35,56478.5,56479.7,0
2026-09-23 10:02:00,56481.4,56489.2,56469.1,56476.45,0
2026-09-23 10:03:00,56479.2,56489.45,56471.25,56483.35,0
2026-09-23 10:04:00,56486.9,56486.9,56468.05,56479.8,0
2026-09-23 10:05:00,56479.85,56484.8,56469.25,56479.65,0
2026-09-23 10:06:00,56482.4,56482.4,56455.45,56460.55,0
2026-09-23 10:07:00,56460.05,56463.9,56450.15,56454.3,0
2026-09-23 10:08:00,56454.15,56466.6,56445.5,56465.75,0
2026-09-23 10:09:00,56466.45,56475.0,56459.4,56469.45,0
2026-09-23 10:10:00,56471.2,56475.6,56457.35,56457.35,0
2026-09-23 10:11:00,56461.05,56461.35,56441.6,56442.65,0
2026-09-23 10:12:00,56442.95,56463.1,56441.9,56459.05,0
2026-09-23 10:13:00,56459.45,56476.6,56457.25,56471.8,0
2026-09-23 10:14:00,56476.0,56478.9,56469.2,56475.3,0
2026-09-23 10:15:00,56478.25,56491.15,56473.4,56488.2,0
2026-09-23 10:16:00,56488.15,56493.2,56478.9,56485.45,0
2026-09-23 10:17:00,56485.7,56506.05,56479.85,56498.05,0
2026-09-23 10:18:00,56503.9,56516.5,56495.65,56506.25,0
2026-09-23 10:19:00,56504.5,56510.8,56494.95,56505.7,0
2026-09-23 10:20:00,56504.85,56520.2,56498.2,56502.75,0
2026-09-23 10:21:00,56502.2,56515.4,56499.7,56508.3,0
2026-09-23 10:22:00,56511.6,56517.6,56495.1,56497.85,0
2026-09-23 10:23:00,56497.3,56504.4,56489.75,56493.7,0
2026-09-23 10:24:00,56495.65,56497.2,56477.55,56484.45,0
2026-09-23 10:25:00,56485.65,56495.65,56483.3,56492.35,0
2026-09-23 10:26:00,56496.75,56498.5,56482.45,56494.75,0
2026-09-23 10:27:00,56496.4,56513.35,56493.6,56505.75,0
2026-09-23 10:28:00,56506.35,56526.65,56505.1,56519.15,0
2026-09-23 10:29:00,56522.45,56529.1,56518.0,56523.15,0
2026-09-23 10:30:00,56524.9,56535.85,56511.5,56520.35,0
2026-09-23 10:31:00,56519.75,56521.6,56506.0,56514.6,0
2026-09-23 10:32:00,56514.05,56518.75,56504.15,56506.75,0
2026-09-23 10:33:00,56507.15,56511.35,56500.15,56507.45,0
2026-09-23 10:34:00,56510.8,56517.15,56505.05,56510.6,0
2026-09-23 10:35:00,56510.1,56515.55,56488.1,56488.1,0
2026-09-23 10:36:00,56493.35,56513.0,56488.85,56508.45,0
2026-09-23 10:37:00,56511.75,56519.65,56504.9,56518.9,0
2026-09-23 10:38:00,56521.45,56539.2,56517.0,56539.2,0
2026-09-23 10:39:00,56538.95,56552.05,56534.7,56537.35,0
2026-09-23 10:40:00,56539.9,56541.45,56522.8,56539.8,0
2026-09-23 10:41:00,56539.85,56544.8,56516.15,56518.4,0
2026-09-23 10:42:00,56518.85,56524.85,56513.05,56518.15,0
2026-09-23 10:43:00,56518.65,56539.0,56513.4,56539.0,0
2026-09-23 10:44:00,56539.65,56548.85,56531.2,56545.85,0
2026-09-23 10:45:00,56548.4,56569.05,56543.6,56564.4,0
2026-09-23 10:46:00,56566.3,56569.3,56552.15,56555.3,0
2026-09-23 10:47:00,56557.0,56559.55,56540.35,56547.85,0
2026-09-23 10:48:00,56548.25,56553.4,56542.9,56545.35,0
2026-09-23 10:49:00,56548.35,56559.25,56527.5,56535.55,0
2026-09-23 10:50:00,56536.4,56552.45,56531.3,56547.65,0
2026-09-23 10:51:00,56550.0,56552.95,56541.05,56548.55,0
2026-09-23 10:52:00,56550.45,56568.6,56544.95,56562.05,0
2026-09-23 10:53:00,56564.4,56578.0,56556.6,56577.0,0
2026-09-23 10:54:00,56578.95,56581.6,56553.7,56558.75,0
2026-09-23 10:55:00,56560.0,56572.9,56555.2,56568.05,0
2026-09-23 10:56:00,56571.35,56595.45,56567.95,56577.35,0
2026-09-23 10:57:00,56578.75,56588.3,56571.95,56577.15,0
2026-09-23 10:58:00,56578.15,56606.2,56576.05,56600.85,0
2026-09-23 10:59:00,56602.4,56602.4,56584.05,56593.35,0
2026-09-23 11:00:00,56591.7,56597.0,56580.4,56585.45,0
2026-09-23 11:01:00,56586.65,56591.65,56578.0,56588.5,0
2026-09-23 11:02:00,56590.25,56596.55,56583.85,56590.7,0
2026-09-23 11:03:00,56593.0,56596.05,56572.7,56576.9,0
2026-09-23 11:04:00,56578.95,56587.3,56559.75,56569.8,0
2026-09-23 11:05:00,56571.8,56584.15,56560.65,56583.95,0
2026-09-23 11:06:00,56587.95,56612.8,56585.65,56608.2,0
2026-09-23 11:07:00,56610.1,56615.45,56599.0,56615.0,0
2026-09-23 11:08:00,56609.1,56615.65,56594.2,56601.8,0
2026-09-23 11:09:00,56606.0,56608.55,56596.2,56605.75,0
2026-09-23 11:10:00,56607.45,56622.85,56602.95,56607.95,0
2026-09-23 11:11:00,56612.25,56621.25,56588.75,56599.3,0
2026-09-23 11:12:00,56603.55,56615.85,56599.4,56601.55,0
2026-09-23 11:13:00,56607.5,56623.8,56597.2,56606.5,0
2026-09-23 11:14:00,56611.45,56622.15,56606.5,56609.85,0
2026-09-23 11:15:00,56609.7,56611.6,56586.1,56587.05,0
2026-09-23 11:16:00,56589.05,56589.05,56567.9,56573.1,0
2026-09-23 11:17:00,56575.05,56575.75,56547.5,56554.45,0
2026-09-23 11:18:00,56555.8,56560.35,56545.25,56555.4,0
2026-09-23 11:19:00,56554.75,56557.85,56542.5,56545.5,0
2026-09-23 11:20:00,56546.15,56562.05,56542.55,56557.2,0
2026-09-23 11:21:00,56559.9,56564.25,56548.5,56558.05,0
2026-09-23 11:22:00,56559.3,56567.75,56554.5,56562.5,0
2026-09-23 11:23:00,56563.3,56574.1,56557.0,56562.65,0
2026-09-23 11:24:00,56562.5,56573.5,56558.2,56571.85,0
2026-09-23 11:25:00,56572.55,56574.85,56562.8,56574.85,0
2026-09-23 11:26:00,56578.5,56587.55,56568.05,56571.05,0
2026-09-23 11:27:00,56580.2,56580.2,56559.3,56562.8,0
2026-09-23 11:28:00,56564.4,56564.95,56549.3,56556.95,0
2026-09-23 11:29:00,56561.55,56564.4,56556.85,56561.6,0
2026-09-23 11:30:00,56561.9,56578.5,56552.85,56565.05,0
2026-09-23 11:31:00,56565.15,56565.15,56544.35,56556.25,0
2026-09-23 11:32:00,56558.5,56576.65,56552.4,56573.6,0
2026-09-23 11:33:00,56576.15,56585.0,56564.75,56583.95,0
2026-09-23 11:34:00,56585.3,56586.45,56575.3,56579.4,0
2026-09-23 11:35:00,56580.05,56580.05,56555.7,56562.3,0
2026-09-23 11:36:00,56565.85,56567.75,56554.45,56565.7,0
2026-09-23 11:37:00,56567.0,56574.1,56561.6,56567.95,0
2026-09-23 11:38:00,56568.25,56576.95,56564.5,56575.6,0
2026-09-23 11:39:00,56577.45,56577.9,56562.25,56572.0,0
2026-09-23 11:40:00,56573.85,56586.7,56571.85,56580.45,0
2026-09-23 11:41:00,56581.85,56586.35,56575.6,56578.9,0
2026-09-23 11:42:00,56582.15,56592.75,56575.3,56587.05,0
2026-09-23 11:43:00,56588.7,56597.6,56584.3,56592.8,0
2026-09-23 11:44:00,56591.45,56592.25,56578.35,56581.0,0
2026-09-23 11:45:00,56584.1,56588.1,56573.1,56575.9,0
2026-09-23 11:46:00,56578.4,56581.35,56570.35,56578.1,0
2026-09-23 11:47:00,56580.0,56581.35,56565.15,56580.55,0
2026-09-23 11:48:00,56579.35,56580.95,56560.2,56568.05,0
2026-09-23 11:49:00,56567.5,56575.3,56541.95,56543.15,0
2026-09-23 11:50:00,56544.0,56546.35,56523.95,56528.45,0
2026-09-23 11:51:00,56530.25,56545.65,56523.75,56536.05,0
2026-09-23 11:52:00,56537.75,56540.95,56528.2,56537.8,0
2026-09-23 11:53:00,56539.4,56555.15,56539.4,56554.05,0
2026-09-23 11:54:00,56555.5,56561.4,56545.5,56546.95,0
2026-09-23 11:55:00,56549.75,56549.75,56536.25,56541.0,0
2026-09-23 11:56:00,56543.25,56544.55,56521.1,56528.35,0
2026-09-23 11:57:00,56527.7,56532.55,56517.0,56517.7,0
2026-09-23 11:58:00,56520.25,56528.5,56515.3,56526.35,0
2026-09-23 11:59:00,56528.0,56540.85,56523.2,56529.0,0
2026-09-23 12:00:00,56531.55,56535.45,56520.75,56535.45,0
2026-09-23 12:01:00,56534.0,56558.9,56533.75,56557.95,0
2026-09-23 12:02:00,56555.45,56570.1,56552.85,56569.3,0
2026-09-23 12:03:00,56570.45,56572.85,56558.2,56564.65,0
2026-09-23 12:04:00,56565.9,56567.65,56556.35,56567.55,0
2026-09-23 12:05:00,56565.45,56576.45,56562.5,56570.7,0
2026-09-23 12:06:00,56572.5,56594.4,56571.6,56594.4,0
2026-09-23 12:07:00,56596.15,56599.8,56562.8,56564.3,0
2026-09-23 12:08:00,56569.25,56576.1,56555.9,56556.55,0
2026-09-23 12:09:00,56559.25,56561.05,56548.6,56560.65,0
2026-09-23 12:10:00,56560.8,56579.2,56558.05,56569.35,0
2026-09-23 12:11:00,56569.9,56570.5,56555.65,56559.15,0
2026-09-23 12:12:00,56562.7,56571.15,56558.4,56571.05,0
2026-09-23 12:13:00,56571.15,56578.7,56560.3,56573.85,0
2026-09-23 12:14:00,56572.45,56585.2,56567.35,56573.4,0
2026-09-23 12:15:00,56574.4,56576.75,56563.75,56571.05,0
2026-09-23 12:16:00,56570.2,56576.5,56555.65,56566.3,0
2026-09-23 12:17:00,56569.35,56576.25,56564.55,56568.05,0
2026-09-23 12:18:00,56568.75,56576.5,56558.35,56566.6,0
2026-09-23 12:19:00,56571.15,56584.1,56562.85,56578.5,0
2026-09-23 12:20:00,56585.85,56592.25,56573.65,56584.8,0
2026-09-23 12:21:00,56586.0,56587.35,56566.15,56572.9,0
2026-09-23 12:22:00,56575.95,56575.95,56562.15,56568.65,0
2026-09-23 12:23:00,56573.1,56579.95,56558.75,56560.7,0
2026-09-23 12:24:00,56562.85,56570.1,56548.0,56562.2,0
2026-09-23 12:25:00,56564.85,56567.15,56544.85,56551.6,0
2026-09-23 12:26:00,56554.2,56573.8,56544.8,56564.65,0
2026-09-23 12:27:00,56564.95,56578.35,56556.85,56572.85,0
2026-09-23 12:28:00,56576.05,56582.1,56565.75,56574.65,0
2026-09-23 12:29:00,56575.75,56576.55,56560.8,56567.8,0
2026-09-23 12:30:00,56571.45,56580.15,56564.55,56567.35,0
2026-09-23 12:31:00,56568.3,56574.7,56560.9,56567.0,0
2026-09-23 12:32:00,56569.45,56577.55,56562.55,56573.35,0
2026-09-23 12:33:00,56575.95,56592.7,56569.8,56592.3,0
2026-09-23 12:34:00,56592.95,56605.95,56582.9,56590.05,0
2026-09-23 12:35:00,56590.0,56601.4,56585.9,56596.6,0
2026-09-23 12:36:00,56599.75,56603.65,56584.8,56585.65,0
2026-09-23 12:37:00,56588.2,56592.6,56572.0,56575.05,0
2026-09-23 12:38:00,56578.75,56580.75,56567.7,56574.35,0
2026-09-23 12:39:00,56575.6,56579.4,56567.85,56571.15,0
2026-09-23 12:40:00,56569.35,56582.9,56566.7,56577.45,0
2026-09-23 12:41:00,56579.3,56586.75,56574.4,56580.5,0
2026-09-23 12:42:00,56582.3,56582.3,56571.3,56577.65,0
2026-09-23 12:43:00,56578.65,56582.15,56570.65,56576.35,0
2026-09-23 12:44:00,56577.05,56580.65,56571.45,56575.85,0
2026-09-23 12:45:00,56577.7,56579.05,56563.55,56575.25,0
2026-09-23 12:46:00,56576.25,56576.55,56555.1,56564.0,0
2026-09-23 12:47:00,56563.3,56565.25,56551.95,56553.05,0
2026-09-23 12:48:00,56554.95,56556.25,56541.65,56551.6,0
2026-09-23 12:49:00,56553.3,56559.55,56546.35,56550.6,0
2026-09-23 12:50:00,56552.55,56560.2,56549.0,56554.6,0
2026-09-23 12:51:00,56554.7,56566.45,56551.1,56559.0,0
2026-09-23 12:52:00,56559.15,56561.55,56543.35,56549.95,0
2026-09-23 12:53:00,56550.3,56553.6,56527.5,56533.85,0
2026-09-23 12:54:00,56534.45,56541.0,56524.95,56533.7,0
2026-09-23 12:55:00,56535.8,56546.75,56528.1,56532.15,0
2026-09-23 12:56:00,56532.65,56544.75,56526.0,56537.55,0
2026-09-23 12:57:00,56542.5,56559.6,56537.25,56555.65,0
2026-09-23 12:58:00,56556.25,56564.35,56549.3,56554.45,0
2026-09-23 12:59:00,56556.7,56564.25,56549.0,56557.95,0
2026-09-23 13:00:00,56559.95,56560.4,56548.35,56558.3,0
2026-09-23 13:01:00,56559.05,56575.0,56552.7,56565.45,0
2026-09-23 13:02:00,56564.1,56601.25,56560.1,56599.25,0
2026-09-23 13:03:00,56600.7,56604.95,56591.35,56603.4,0
2026-09-23 13:04:00,56602.85,56606.1,56592.55,56601.0,0
2026-09-23 13:05:00,56601.15,56610.1,56578.0,56584.95,0
2026-09-23 13:06:00,56586.65,56603.85,56578.25,56597.45,0
2026-09-23 13:07:00,56598.6,56619.65,56594.05,56614.7,0
2026-09-23 13:08:00,56615.9,56623.05,56607.15,56610.15,0
2026-09-23 13:09:00,56612.7,56612.7,56587.6,56593.65,0
2026-09-23 13:10:00,56596.0,56599.9,56586.1,56587.55,0
2026-09-23 13:11:00,56589.0,56591.35,56572.0,56578.35,0
2026-09-23 13:12:00,56580.4,56586.95,56575.65,56581.95,0
2026-09-23 13:13:00,56583.35,56585.05,56570.85,56572.65,0
2026-09-23 13:14:00,56574.7,56577.8,56564.85,56572.05,0
2026-09-23 13:15:00,56572.9,56581.45,56564.9,56578.35,0
2026-09-23 13:16:00,56576.45,56588.05,56573.0,56582.1,0
2026-09-23 13:17:00,56584.65,56590.45,56566.25,56571.6,0
2026-09-23 13:18:00,56571.35,56574.4,56561.65,56566.45,0
2026-09-23 13:19:00,56567.05,56570.5,56557.5,56564.4,0
2026-09-23 13:20:00,56563.45,56567.6,56555.45,56560.3,0
2026-09-23 13:21:00,56562.15,56566.75,56556.7,56562.3,0
2026-09-23 13:22:00,56562.6,56574.85,56560.9,56573.85,0
2026-09-23 13:23:00,56574.45,56581.3,56568.0,56578.35,0
2026-09-23 13:24:00,56579.85,56587.0,56573.25,56577.25,0
2026-09-23 13:25:00,56579.75,56585.4,56571.05,56578.05,0
2026-09-23 13:26:00,56581.85,56586.9,56574.45,56582.35,0
2026-09-23 13:27:00,56584.75,56586.1,56570.45,56572.1,0
2026-09-23 13:28:00,56574.25,56577.3,56568.55,56573.1,0
2026-09-23 13:29:00,56576.9,56578.35,56557.1,56559.1,0
2026-09-23 13:30:00,56560.25,56563.25,56546.05,56555.05,0
2026-09-23 13:31:00,56554.9,56564.35,56550.85,56555.6,0
2026-09-23 13:32:00,56557.15,56559.6,56544.0,56545.55,0
2026-09-23 13:33:00,56545.9,56552.65,56531.6,56531.6,0
2026-09-23 13:34:00,56535.9,56541.95,56524.3,56536.85,0
2026-09-23 13:35:00,56540.95,56546.0,56520.9,56524.0,0
2026-09-23 13:36:00,56527.4,56527.4,56512.7,56523.35,0
2026-09-23 13:37:00,56525.4,56541.65,56522.55,56539.2,0
2026-09-23 13:38:00,56540.55,56550.15,56534.2,56538.8,0
2026-09-23 13:39:00,56543.5,56544.7,56534.8,56541.55,0
2026-09-23 13:40:00,56543.2,56548.0,56534.95,56541.6,0
2026-09-23 13:41:00,56545.35,56546.2,56532.4,56546.2,0
2026-09-23 13:42:00,56551.25,56561.65,56543.6,56548.9,0
2026-09-23 13:43:00,56550.75,56560.9,56542.1,56555.0,0
2026-09-23 13:44:00,56558.0,56570.45,56549.15,56567.5,0
2026-09-23 13:45:00,56570.25,56573.85,56565.25,56571.6,0
2026-09-23 13:46:00,56568.35,56572.55,56564.3,56569.95,0
2026-09-23 13:47:00,56572.5,56574.25,56554.1,56561.9,0
2026-09-23 13:48:00,56563.05,56568.05,56553.95,56564.1,0
2026-09-23 13:49:00,56564.95,56569.75,56559.05,56569.5,0
2026-09-23 13:50:00,56567.5,56570.1,56556.1,56559.65,0
2026-09-23 13:51:00,56560.95,56565.3,56551.55,56554.05,0
2026-09-23 13:52:00,56551.6,56557.75,56548.75,56551.3,0
2026-09-23 13:53:00,56551.0,56561.95,56548.3,56558.8,0
2026-09-23 13:54:00,56560.6,56574.15,56554.9,56571.3,0
2026-09-23 13:55:00,56570.9,56577.1,56561.65,56563.4,0
2026-09-23 13:56:00,56564.8,56570.55,56557.95,56559.6,0
2026-09-23 13:57:00,56560.85,56560.85,56545.5,56551.95,0
2026-09-23 13:58:00,56555.6,56558.05,56545.4,56549.55,0
2026-09-23 13:59:00,56552.5,56554.35,56546.7,56548.25,0
2026-09-23 14:00:00,56549.35,56557.9,56545.45,56551.4,0
2026-09-23 14:01:00,56551.0,56557.0,56547.15,56550.9,0
2026-09-23 14:02:00,56553.9,56561.85,56548.5,56555.2,0
2026-09-23 14:03:00,56561.9,56574.05,56557.55,56564.2,0
2026-09-23 14:04:00,56566.05,56574.55,56558.85,56565.65,0
2026-09-23 14:05:00,56566.0,56571.35,56561.5,56565.65,0
2026-09-23 14:06:00,56568.15,56577.1,56563.0,56573.65,0
2026-09-23 14:07:00,56575.5,56584.55,56560.55,56582.3,0
2026-09-23 14:08:00,56581.6,56585.3,56575.65,56581.5,0
2026-09-23 14:09:00,56580.9,56596.05,56579.5,56594.35,0
2026-09-23 14:10:00,56595.9,56611.45,56592.85,56607.05,0
2026-09-23 14:11:00,56609.3,56612.2,56602.45,56602.7,0
2026-09-23 14:12:00,56607.35,56612.8,56599.9,56606.4,0
2026-09-23 14:13:00,56603.85,56609.45,56598.1,56603.5,0
2026-09-23 14:14:00,56606.2,56608.8,56592.4,56603.25,0
2026-09-23 14:15:00,56603.95,56608.85,56595.25,56595.75,0
2026-09-23 14:16:00,56594.05,56602.85,56592.55,56597.6,0
2026-09-23 14:17:00,56597.0,56599.95,56584.55,56592.75,0
2026-09-23 14:18:00,56592.25,56596.7,56586.4,56595.35,0
2026-09-23 14:19:00,56597.4,56602.45,56581.9,56584.2,0
2026-09-23 14:20:00,56585.65,56585.65,56566.85,56569.8,0
2026-09-23 14:21:00,56571.75,56585.65,56566.7,56581.5,0
2026-09-23 14:22:00,56583.45,56591.55,56571.9,56579.0,0
2026-09-23 14:23:00,56578.55,56605.55,56574.45,56602.3,0
2026-09-23 14:24:00,56603.95,56608.1,56593.95,56595.65,0
2026-09-23 14:25:00,56598.8,56604.35,56588.55,56593.45,0
2026-09-23 14:26:00,56595.25,56606.9,56592.5,56596.45,0
2026-09-23 14:27:00,56597.3,56601.5,56590.95,56600.9,0
2026-09-23 14:28:00,56598.1,56605.15,56591.85,56599.0,0
2026-09-23 14:29:00,56603.45,56613.2,56594.3,56610.9,0
2026-09-23 14:30:00,56612.1,56618.9,56607.85,56612.3,0
2026-09-23 14:31:00,56615.75,56615.75,56593.1,56594.4,0
2026-09-23 14:32:00,56593.9,56602.15,56592.35,56592.35,0
2026-09-23 14:33:00,56594.75,56595.6,56576.4,56577.05,0
2026-09-23 14:34:00,56576.9,56583.3,56569.65,56573.75,0
2026-09-23 14:35:00,56574.7,56574.7,56552.6,56558.7,0
2026-09-23 14:36:00,56559.45,56568.2,56550.05,56562.6,0
2026-09-23 14:37:00,56564.5,56575.25,56559.35,56570.8,0
2026-09-23 14:38:00,56571.9,56575.55,56558.25,56566.85,0
2026-09-23 14:39:00,56565.6,56577.05,56558.05,56571.3,0
2026-09-23 14:40:00,56575.2,56583.9,56560.15,56567.9,0
2026-09-23 14:41:00,56571.45,56572.6,56560.65,56562.3,0
2026-09-23 14:42:00,56563.75,56572.35,56552.95,56563.35,0
2026-09-23 14:43:00,56565.75,56566.0,56546.35,56562.05,0
2026-09-23 14:44:00,56565.4,56567.85,56551.95,56553.65,0
2026-09-23 14:45:00,56557.7,56563.5,56548.65,56553.75,0
2026-09-23 14:46:00,56553.0,56561.8,56544.45,56555.8,0
2026-09-23 14:47:00,56555.35,56556.6,56530.25,56531.75,0
2026-09-23 14:48:00,56531.25,56544.65,56526.35,56538.35,0
2026-09-23 14:49:00,56539.0,56549.25,56532.55,56541.85,0
2026-09-23 14:50:00,56541.65,56545.55,56525.7,56536.95,0
2026-09-23 14:51:00,56534.4,56551.3,56531.85,56543.25,0
2026-09-23 14:52:00,56542.4,56551.65,56538.15,56538.15,0
2026-09-23 14:53:00,56536.05,56540.25,56529.4,56539.25,0
2026-09-23 14:54:00,56535.75,56544.55,56528.85,56532.55,0
2026-09-23 14:55:00,56531.4,56537.15,56531.0,56533.2,0
2026-09-23 14:56:00,56529.45,56534.8,56514.85,56515.5,0
2026-09-23 14:57:00,56511.2,56521.2,56505.0,56510.15,0
2026-09-23 14:58:00,56506.6,56514.15,56499.15,56500.55,0
2026-09-23 14:59:00,56497.9,56520.6,56497.85,56514.2,0
2026-09-23 15:00:00,56513.45,56516.4,56503.8,56507.6,0
2026-09-23 15:01:00,56508.9,56521.35,56498.45,56501.65,0
2026-09-23 15:02:00,56501.85,56503.35,56482.8,56487.3,0
2026-09-23 15:03:00,56488.7,56489.8,56470.8,56476.05,0
2026-09-23 15:04:00,56477.2,56481.95,56465.4,56477.2,0
2026-09-23 15:05:00,56480.4,56499.45,56478.55,56489.05,0
2026-09-23 15:06:00,56492.35,56512.7,56487.95,56505.05,0
2026-09-23 15:07:00,56505.95,56508.95,56497.55,56500.9,0
2026-09-23 15:08:00,56502.6,56512.05,56497.5,56502.5,0
2026-09-23 15:09:00,56503.6,56509.55,56495.0,56498.35,0
2026-09-23 15:10:00,56495.2,56501.75,56486.05,56501.35,0
2026-09-23 15:11:00,56501.2,56518.6,56493.1,56516.1,0
2026-09-23 15:12:00,56517.65,56535.65,56505.65,56517.65,0
2026-09-23 15:13:00,56522.3,56533.75,56508.55,56516.9,0
2026-09-23 15:14:00,56513.05,56552.35,56513.05,56542.85,0
2026-09-23 15:29:00,56548.9,56548.9,56548.9,56548.9,0
2026-09-24 09:15:00,55710.6,55918.4,55621.45,55870.15,0
2026-09-24 09:16:00,55865.4,55877.05,55789.15,55792.95,0
2026-09-24 09:17:00,55797.7,55836.45,55702.35,55723.75,0
2026-09-24 09:18:00,55721.05,55741.0,55685.25,55732.15,0
2026-09-24 09:19:00,55726.65,55751.8,55653.15,55659.5,0
2026-09-24 09:20:00,55655.85,55708.4,55641.5,55701.6,0
2026-09-24 09:21:00,55701.25,55714.2,55681.95,55691.55,0
2026-09-24 09:22:00,55690.1,55732.75,55681.4,55725.6,0
2026-09-24 09:23:00,55724.4,55779.55,55720.1,55754.55,0
2026-09-24 09:24:00,55761.4,55766.25,55734.35,55742.55,0
2026-09-24 09:25:00,55739.7,55748.1,55694.5,55706.1,0
2026-09-24 09:26:00,55699.2,55726.3,55678.25,55703.75,0
2026-09-24 09:27:00,55703.0,55709.85,55678.95,55699.55,0
2026-09-24 09:28:00,55699.7,55719.6,55695.85,55714.4,0
2026-09-24 09:29:00,55712.15,55722.45,55695.65,55712.0,0
2026-09-24 09:30:00,55707.8,55709.15,55654.55,55657.95,0
2026-09-24 09:31:00,55658.2,55672.2,55654.6,55670.2,0
2026-09-24 09:32:00,55669.65,55698.95,55657.4,55667.8,0
2026-09-24 09:33:00,55670.95,55670.95,55641.75,55653.3,0
2026-09-24 09:34:00,55656.5,55687.1,55655.75,55680.95,0
2026-09-24 09:35:00,55680.25,55696.85,55669.9,55673.9,0
2026-09-24 09:36:00,55670.45,55686.95,55663.25,55679.55,0
2026-09-24 09:37:00,55681.0,55691.0,55649.5,55654.95,0
2026-09-24 09:38:00,55654.45,55662.55,55623.15,55623.15,0
2026-09-24 09:39:00,55620.3,55631.15,55601.25,55609.75,0
2026-09-24 09:40:00,55614.85,55634.55,55602.65,55630.65,0
2026-09-24 09:41:00,55630.1,55630.1,55599.5,55612.3,0
2026-09-24 09:42:00,55610.75,55616.85,55584.65,55607.75,0
2026-09-24 09:43:00,55605.0,55610.7,55548.2,55562.9,0
2026-09-24 09:44:00,55562.2,55562.2,55523.7,55529.25,0
2026-09-24 09:45:00,55528.15,55546.75,55505.85,55542.95,0
2026-09-24 09:46:00,55541.5,55578.25,55541.5,55561.2,0
2026-09-24 09:47:00,55558.45,55573.1,55548.1,55551.1,0
2026-09-24 09:48:00,55546.3,55572.75,55546.3,55569.6,0
2026-09-24 09:49:00,55568.55,55593.55,55559.45,55588.4,0
2026-09-24 09:50:00,55587.85,55598.75,55561.85,55594.25,0
2026-09-24 09:51:00,55592.95,55602.75,55558.95,55559.0,0
2026-09-24 09:52:00,55559.15,55582.0,55554.65,55559.1,0
2026-09-24 09:53:00,55561.8,55563.45,55540.85,55552.8,0
2026-09-24 09:54:00,55552.6,55558.2,55545.95,55551.15,0
2026-09-24 09:55:00,55550.9,55556.4,55532.25,55548.5,0
2026-09-24 09:56:00,55547.9,55570.25,55542.15,55562.8,0
2026-09-24 09:57:00,55562.5,55577.35,55560.85,55570.9,0
2026-09-24 09:58:00,55571.95,55591.95,55566.8,55584.9,0
2026-09-24 09:59:00,55583.25,55592.25,55569.9,55586.9,0
2026-09-24 10:00:00,55587.75,55608.05,55578.45,55608.05,0
2026-09-24 10:01:00,55605.65,55624.4,55603.05,55610.5,0
2026-09-24 10:02:00,55613.15,55629.7,55602.4,55626.2,0
2026-09-24 10:03:00,55624.4,55648.35,55621.2,55644.2,0
2026-09-24 10:04:00,55644.6,55663.0,55640.55,55644.5,0
2026-09-24 10:05:00,55642.05,55645.65,55615.55,55629.85,0
2026-09-24 10:06:00,55631.5,55633.05,55608.8,55616.35,0
2026-09-24 10:07:00,55614.95,55634.25,55608.3,55632.0,0
2026-09-24 10:08:00,55631.6,55659.0,55629.8,55657.35,0
2026-09-24 10:09:00,55655.75,55676.65,55652.25,55669.6,0
2026-09-24 10:10:00,55669.9,55675.9,55641.7,55646.6,0
2026-09-24 10:11:00,55647.3,55648.9,55622.05,55639.9,0
2026-09-24 10:12:00,55641.7,55641.7,55615.6,55615.6,0
2026-09-24 10:13:00,55614.15,55620.15,55593.85,55593.85,0
2026-09-24 10:14:00,55591.55,55597.45,55580.4,55594.6,0
2026-09-24 10:15:00,55592.25,55601.45,55578.15,55585.0,0
2026-09-24 10:16:00,55584.35,55592.8,55578.95,55583.55,0
2026-09-24 10:17:00,55579.2,55582.6,55554.8,55569.15,0
2026-09-24 10:18:00,55571.5,55576.35,55553.25,55554.15,0
2026-09-24 10:19:00,55556.0,55588.6,55545.65,55587.25,0
2026-09-24 10:20:00,55586.95,55593.1,55572.8,55575.3,0
2026-09-24 10:21:00,55573.65,55578.65,55550.6,55556.75,0
2026-09-24 10:22:00,55556.7,55557.65,55531.15,55534.55,0
2026-09-24 10:23:00,55531.15,55551.65,55529.15,55549.3,0
2026-09-24 10:24:00,55549.35,55555.4,55542.65,55547.0,0
2026-09-24 10:25:00,55547.95,55551.1,55525.6,55532.7,0
2026-09-24 10:26:00,55532.9,55558.9,55523.5,55558.65,0
2026-09-24 10:27:00,55555.65,55566.55,55551.55,55558.95,0
2026-09-24 10:28:00,55556.45,55566.65,55538.2,55540.85,0
2026-09-24 10:29:00,55543.3,55559.95,55540.65,55551.15,0
2026-09-24 10:30:00,55551.5,55559.1,55543.4,55551.6,0
2026-09-24 10:31:00,55550.8,55572.85,55549.05,55569.5,0
2026-09-24 10:32:00,55570.3,55583.6,55568.65,55583.6,0
2026-09-24 10:33:00,55579.3,55597.15,55575.45,55596.3,0
2026-09-24 10:34:00,55596.4,55598.4,55572.3,55583.9,0
2026-09-24 10:35:00,55581.7,55592.5,55563.8,55571.15,0
2026-09-24 10:36:00,55566.05,55601.8,55564.05,55594.95,0
2026-09-24 10:37:00,55595.65,55603.4,55584.35,55597.65,0
2026-09-24 10:38:00,55598.85,55613.05,55592.45,55592.45,0
2026-09-24 10:39:00,55596.3,55602.4,55584.1,55594.55,0
2026-09-24 10:40:00,55590.55,55596.15,55573.7,55577.4,0
2026-09-24 10:41:00,55577.45,55580.4,55565.7,55568.3,0
2026-09-24 10:42:00,55570.4,55581.35,55561.6,55578.85,0
2026-09-24 10:43:00,55580.45,55586.75,55547.7,55556.35,0
2026-09-24 10:44:00,55554.95,55569.05,55550.85,55565.85,0
2026-09-24 10:45:00,55566.1,55592.15,55563.9,55582.15,0
2026-09-24 10:46:00,55580.3,55584.6,55572.35,55572.35,0
2026-09-24 10:47:00,55571.4,55587.75,55568.2,55581.95,0
2026-09-24 10:48:00,55583.15,55583.75,55565.25,55574.35,0
2026-09-24 10:49:00,55573.1,55587.9,55564.35,55584.25,0
2026-09-24 10:50:00,55585.2,55587.75,55571.95,55581.15,0
2026-09-24 10:51:00,55581.85,55605.2,55578.95,55596.65,0
2026-09-24 10:52:00,55595.55,55612.4,55592.2,55609.6,0
2026-09-24 10:53:00,55609.9,55624.5,55604.55,55612.05,0
2026-09-24 10:54:00,55612.6,55619.65,55602.7,55614.8,0
2026-09-24 10:55:00,55608.15,55629.35,55606.4,55627.15,0
2026-09-24 10:56:00,55627.4,55627.4,55605.8,55607.6,0
2026-09-24 10:57:00,55609.3,55618.15,55601.45,55601.9,0
2026-09-24 10:58:00,55604.15,55616.95,55597.55,55607.9,0
2026-09-24 10:59:00,55608.25,55626.35,55603.4,55621.6,0
2026-09-24 11:00:00,55623.75,55625.9,55606.85,55611.55,0
2026-09-24 11:01:00,55612.8,55632.35,55610.3,55613.85,0
2026-09-24 11:02:00,55614.3,55627.95,55611.45,55625.15,0
2026-09-24 11:03:00,55621.45,55628.3,55607.55,55617.9,0
2026-09-24 11:04:00,55616.15,55626.8,55612.6,55622.4,0
2026-09-24 11:05:00,55622.45,55624.6,55601.15,55602.95,0
2026-09-24 11:06:00,55604.55,55608.85,55588.15,55601.45,0
2026-09-24 11:07:00,55601.35,55616.75,55599.15,55616.75,0
2026-09-24 11:08:00,55615.2,55616.7,55585.8,55590.4,0
2026-09-24 11:09:00,55588.6,55594.75,55574.8,55578.4,0
2026-09-24 11:10:00,55578.2,55583.25,55569.45,55579.25,0
2026-09-24 11:11:00,55581.4,55601.0,55576.65,55583.6,0
2026-09-24 11:12:00,55583.05,55590.4,55569.55,55577.4,0
2026-09-24 11:13:00,55576.9,55582.4,55550.95,55559.4,0
2026-09-24 11:14:00,55559.7,55593.8,55559.5,55588.25,0
2026-09-24 11:15:00,55585.9,55614.75,55578.8,55613.35,0
2026-09-24 11:16:00,55614.45,55616.25,55599.5,55613.55,0
2026-09-24 11:17:00,55613.4,55638.95,55609.7,55633.85,0
2026-09-24 11:18:00,55633.9,55657.8,55632.5,55649.7,0
2026-09-24 11:19:00,55649.1,55665.35,55638.25,55665.35,0
2026-09-24 11:20:00,55666.35,55670.75,55640.6,55650.95,0
2026-09-24 11:21:00,55647.05,55650.85,55632.2,55648.15,0
2026-09-24 11:22:00,55648.1,55650.9,55625.7,55630.2,0
2026-09-24 11:23:00,55628.65,55629.4,55618.5,55622.65,0
2026-09-24 11:24:00,55623.45,55625.7,55599.1,55600.85,0
2026-09-24 11:25:00,55599.9,55608.65,55591.7,55597.4,0
2026-09-24 11:26:00,55598.0,55609.25,55588.1,55608.7,0
2026-09-24 11:27:00,55605.85,55620.6,55600.0,55608.4,0
2026-09-24 11:28:00,55607.0,55620.15,55599.9,55607.4,0
2026-09-24 11:29:00,55606.3,55614.45,55595.25,55600.35,0
2026-09-24 11:30:00,55598.95,55606.45,55591.55,55598.55,0
2026-09-24 11:31:00,55595.65,55603.35,55585.85,55586.4,0
2026-09-24 11:32:00,55585.8,55590.55,55559.15,55562.1,0
2026-09-24 11:33:00,55563.1,55596.85,55553.1,55592.05,0
2026-09-24 11:34:00,55590.4,55597.7,55562.75,55564.05,0
2026-09-24 11:35:00,55560.65,55579.95,55559.05,55579.4,0
2026-09-24 11:36:00,55578.7,55600.6,55575.15,55599.3,0
2026-09-24 11:37:00,55597.35,55599.3,55582.1,55592.7,0
2026-09-24 11:38:00,55586.6,55602.15,55584.7,55591.55,0
2026-09-24 11:39:00,55590.5,55611.5,55585.45,55611.5,0
2026-09-24 11:40:00,55610.5,55616.95,55600.55,55606.7,0
2026-09-24 11:41:00,55605.15,55616.1,55591.7,55592.9,0
2026-09-24 11:42:00,55591.95,55604.25,55588.1,55600.05,0
2026-09-24 11:43:00,55601.0,55607.5,55588.35,55599.85,0
2026-09-24 11:44:00,55600.75,55601.35,55587.4,55591.7,0
2026-09-24 11:45:00,55593.45,55607.1,55589.7,55606.3,0
2026-09-24 11:46:00,55605.2,55613.0,55591.45,55595.65,0
2026-09-24 11:47:00,55595.5,55600.25,55587.35,55591.75,0
2026-09-24 11:48:00,55590.55,55608.15,55580.3,55606.05,0
2026-09-24 11:49:00,55605.2,55608.65,55589.35,55595.15,0
2026-09-24 11:50:00,55593.85,55605.8,55587.2,55598.25,0
2026-09-24 11:51:00,55597.35,55600.2,55580.55,55587.85,0
2026-09-24 11:52:00,55589.05,55602.4,55579.05,55586.45,0
2026-09-24 11:53:00,55585.4,55602.8,55584.0,55597.85,0
2026-09-24 11:54:00,55597.6,55603.6,55590.75,55598.3,0
2026-09-24 11:55:00,55596.6,55597.5,55576.55,55579.6,0
2026-09-24 11:56:00,55580.9,55582.15,55570.75,55572.6,0
2026-09-24 11:57:00,55573.3,55582.45,55572.1,55579.4,0
2026-09-24 11:58:00,55579.0,55600.95,55575.6,55593.1,0
2026-09-24 11:59:00,55595.2,55601.8,55592.9,55601.8,0
2026-09-24 12:00:00,55599.4,55599.4,55585.1,55591.2,0
2026-09-24 12:01:00,55591.85,55611.6,55584.75,55611.6,0
2026-09-24 12:02:00,55610.4,55628.75,55605.1,55610.85,0
2026-09-24 12:03:00,55611.25,55616.1,55597.3,55600.65,0
2026-09-24 12:04:00,55599.75,55613.6,55594.55,55613.6,0
2026-09-24 12:05:00,55610.75,55611.0,55599.3,55603.5,0
2026-09-24 12:06:00,55600.15,55610.05,55595.2,55606.1,0
2026-09-24 12:07:00,55604.9,55608.2,55595.1,55599.15,0
2026-09-24 12:08:00,55598.7,55601.5,55580.95,55586.65,0
2026-09-24 12:09:00,55589.55,55604.15,55584.05,55595.05,0
2026-09-24 12:10:00,55594.6,55607.1,55588.3,55603.55,0
2026-09-24 12:11:00,55602.15,55610.25,55592.85,55598.6,0
2026-09-24 12:12:00,55596.75,55606.35,55586.4,55589.95,0
2026-09-24 12:13:00,55588.7,55592.5,55579.15,55580.0,0
2026-09-24 12:14:00,55580.05,55585.95,55567.8,55572.9,0
2026-09-24 12:15:00,55566.75,55592.6,55566.75,55589.0,0
2026-09-24 12:16:00,55584.75,55593.2,55576.6,55585.55,0
2026-09-24 12:17:00,55584.0,55594.35,55579.85,55587.2,0
2026-09-24 12:18:00,55587.5,55593.25,55583.5,55592.35,0
2026-09-24 12:19:00,55588.3,55595.25,55586.15,55591.25,0
2026-09-24 12:20:00,55593.55,55620.05,55592.0,55602.3,0
2026-09-24 12:21:00,55600.2,55600.45,55587.7,55597.25,0
2026-09-24 12:22:00,55595.15,55599.7,55589.15,55597.25,0
2026-09-24 12:23:00,55594.4,55596.15,55575.8,55585.35,0
2026-09-24 12:24:00,55583.4,55603.15,55580.05,55596.65,0
2026-09-24 12:25:00,55598.05,55598.05,55557.95,55563.45,0
2026-09-24 12:26:00,55556.65,55585.25,55549.0,55582.3,0
2026-09-24 12:27:00,55584.75,55589.45,55569.1,55586.9,0
2026-09-24 12:28:00,55586.25,55610.95,55586.25,55606.7,0
2026-09-24 12:29:00,55604.35,55616.7,55595.9,55598.85,0
2026-09-24 12:30:00,55599.3,55621.9,55599.3,55616.85,0
2026-09-24 12:31:00,55618.05,55625.65,55598.55,55599.4,0
2026-09-24 12:32:00,55601.9,55601.9,55561.8,55576.6,0
2026-09-24 12:33:00,55577.3,55590.5,55573.75,55586.9,0
2026-09-24 12:34:00,55585.75,55601.2,55578.2,55597.0,0
2026-09-24 12:35:00,55597.15,55599.0,55564.2,55593.75,0
2026-09-24 12:36:00,55566.15,55598.45,55566.15,55593.45,0
2026-09-24 12:37:00,55592.15,55601.45,55587.25,55596.4,0
2026-09-24 12:38:00,55595.2,55618.05,55593.05,55614.85,0
2026-09-24 12:39:00,55612.5,55613.45,55595.75,55600.55,0
2026-09-24 12:40:00,55599.45,55616.6,55591.25,55613.7,0
2026-09-24 12:41:00,55614.95,55634.15,55611.3,55620.6,0
2026-09-24 12:42:00,55621.75,55626.35,55606.45,55609.6,0
2026-09-24 12:43:00,55608.75,55613.1,55600.9,55602.6,0
2026-09-24 12:44:00,55604.3,55607.6,55593.15,55596.2,0
2026-09-24 12:45:00,55596.55,55611.95,55592.5,55601.95,0
2026-09-24 12:46:00,55599.6,55610.6,55592.2,55602.45,0
2026-09-24 12:47:00,55596.5,55603.0,55587.5,55598.85,0
2026-09-24 12:48:00,55598.3,55606.1,55587.65,55589.15,0
2026-09-24 12:49:00,55585.4,55597.75,55580.2,55589.35,0
2026-09-24 12:50:00,55587.65,55613.85,55585.9,55598.6,0
2026-09-24 12:51:00,55596.65,55605.4,55580.55,55584.2,0
2026-09-24 12:52:00,55584.3,55594.9,55582.55,55588.65,0
2026-09-24 12:53:00,55587.1,55591.45,55582.45,55585.1,0
2026-09-24 12:54:00,55584.1,55589.65,55560.15,55565.35,0
2026-09-24 12:55:00,55563.4,55577.2,55560.05,55569.65,0
2026-09-24 12:56:00,55571.05,55592.45,55568.4,55581.65,0
2026-09-24 12:57:00,55582.2,55590.4,55578.2,55583.8,0
2026-09-24 12:58:00,55581.55,55588.6,55577.5,55583.1,0
2026-09-24 12:59:00,55582.5,55587.6,55576.4,55586.3,0
2026-09-24 13:00:00,55584.95,55597.1,55582.1,55593.25,0
2026-09-24 13:01:00,55592.85,55612.65,55590.45,55608.0,0
2026-09-24 13:02:00,55604.85,55616.5,55603.75,55613.35,0
2026-09-24 13:03:00,55611.15,55625.2,55611.1,55622.25,0
2026-09-24 13:04:00,55622.0,55624.6,55608.55,55616.6,0
2026-09-24 13:05:00,55615.7,55627.2,55613.3,55614.3,0
2026-09-24 13:06:00,55614.95,55616.45,55589.1,55603.75,0
2026-09-24 13:07:00,55603.4,55617.9,55599.25,55616.55,0
2026-09-24 13:08:00,55615.6,55633.7,55615.6,55619.2,0
2026-09-24 13:09:00,55617.95,55621.9,55608.1,55612.2,0
2026-09-24 13:10:00,55608.85,55615.4,55602.95,55615.35,0
2026-09-24 13:11:00,55611.3,55615.4,55607.75,55608.6,0
2026-09-24 13:12:00,55608.9,55627.9,55605.5,55624.7,0
2026-09-24 13:13:00,55626.5,55642.95,55623.85,55639.0,0
2026-09-24 13:14:00,55639.35,55656.5,55637.8,55647.5,0
2026-09-24 13:15:00,55647.55,55661.6,55640.95,55659.2,0
2026-09-24 13:16:00,55660.05,55660.7,55648.65,55654.15,0
2026-09-24 13:17:00,55654.45,55654.8,55640.2,55648.25,0
2026-09-24 13:18:00,55646.95,55648.65,55635.05,55639.9,0
2026-09-24 13:19:00,55640.5,55648.45,55634.05,55641.45,0
2026-09-24 13:20:00,55642.2,55644.15,55630.65,55640.6,0
2026-09-24 13:21:00,55636.85,55639.85,55624.8,55626.65,0
2026-09-24 13:22:00,55626.05,55637.1,55619.75,55633.8,0
2026-09-24 13:23:00,55632.55,55635.1,55623.85,55625.2,0
2026-09-24 13:24:00,55624.4,55642.1,55622.45,55640.5,0
2026-09-24 13:25:00,55637.5,55644.0,55616.95,55616.95,0
2026-09-24 13:26:00,55617.3,55618.2,55548.6,55548.6,0
2026-09-24 13:27:00,55547.5,55584.1,55542.8,55553.2,0
2026-09-24 13:28:00,55554.3,55563.0,55543.75,55561.9,0
2026-09-24 13:29:00,55561.3,55576.65,55555.9,55570.05,0
2026-09-24 13:30:00,55567.45,55582.25,55566.25,55579.65,0
2026-09-24 13:31:00,55579.7,55615.25,55572.25,55614.5,0
2026-09-24 13:32:00,55611.8,55614.6,55594.35,55599.55,0
2026-09-24 13:33:00,55600.55,55602.4,55583.65,55593.65,0
2026-09-24 13:34:00,55592.8,55601.15,55575.65,55588.2,0
2026-09-24 13:35:00,55584.1,55589.6,55576.65,55579.65,0
2026-09-24 13:36:00,55580.3,55591.0,55573.85,55581.55,0
2026-09-24 13:37:00,55581.0,55591.3,55573.65,55573.65,0
2026-09-24 13:38:00,55573.8,55580.55,55560.2,55566.05,0
2026-09-24 13:39:00,55562.75,55566.3,55549.05,55555.85,0
2026-09-24 13:40:00,55550.5,55559.3,55543.8,55550.5,0
2026-09-24 13:41:00,55548.15,55564.25,55548.15,55563.65,0
2026-09-24 13:42:00,55561.55,55567.1,55542.45,55549.8,0
2026-09-24 13:43:00,55548.1,55556.0,55517.6,55522.8,0
2026-09-24 13:44:00,55517.4,55522.5,55443.95,55455.35,0
2026-09-24 13:45:00,55458.2,55486.5,55427.65,55428.4,0
2026-09-24 13:46:00,55424.85,55427.8,55377.45,55399.25,0
2026-09-24 13:47:00,55404.2,55437.75,55399.85,55424.8,0
2026-09-24 13:48:00,55422.55,55434.15,55411.15,55415.1,0
2026-09-24 13:49:00,55420.1,55471.3,55418.45,55467.0,0
2026-09-24 13:50:00,55468.1,55483.9,55459.05,55476.4,0
2026-09-24 13:51:00,55473.0,55476.95,55435.1,55438.45,0
2026-09-24 13:52:00,55434.45,55439.55,55414.7,55429.35,0
2026-09-24 13:53:00,55431.05,55434.45,55420.0,55420.8,0
2026-09-24 13:54:00,55420.75,55424.55,55388.6,55402.0,0
2026-09-24 13:55:00,55401.95,55422.1,55397.5,55420.1,0
2026-09-24 13:56:00,55419.8,55421.35,55398.5,55404.15,0
2026-09-24 13:57:00,55402.55,55408.45,55369.55,55371.1,0
2026-09-24 13:58:00,55369.6,55382.6,55347.15,55347.75,0
2026-09-24 13:59:00,55348.1,55385.85,55341.2,55368.05,0
2026-09-24 14:00:00,55366.3,55415.15,55362.3,55409.65,0
2026-09-24 14:01:00,55409.85,55444.25,55409.85,55442.25,0
2026-09-24 14:02:00,55444.15,55472.95,55440.75,55465.35,0
2026-09-24 14:03:00,55466.3,55484.25,55453.45,55455.15,0
2026-09-24 14:04:00,55455.6,55471.65,55390.7,55400.95,0
2026-09-24 14:05:00,55401.05,55437.3,55401.05,55429.45,0
2026-09-24 14:06:00,55427.25,55429.15,55401.9,55407.45,0
2026-09-24 14:07:00,55405.1,55423.6,55401.75,55408.7,0
2026-09-24 14:08:00,55408.05,55446.6,55405.5,55446.6,0
2026-09-24 14:09:00,55444.85,55447.45,55417.05,55440.65,0
2026-09-24 14:10:00,55441.1,55452.3,55428.25,55432.95,0
2026-09-24 14:11:00,55432.8,55436.3,55418.65,55422.5,0
2026-09-24 14:12:00,55422.2,55433.25,55421.0,55427.15,0
2026-09-24 14:13:00,55427.35,55440.05,55424.35,55428.8,0
2026-09-24 14:14:00,55428.4,55455.1,55428.4,55452.0,0
2026-09-24 14:15:00,55452.65,55464.45,55426.1,55435.7,0
2026-09-24 14:16:00,55431.95,55459.65,55431.95,55457.5,0
2026-09-24 14:17:00,55456.35,55462.4,55449.55,55457.7,0
2026-09-24 14:18:00,55455.75,55474.0,55453.55,55462.4,0
2026-09-24 14:19:00,55463.0,55463.05,55422.9,55430.95,0
2026-09-24 14:20:00,55431.5,55457.45,55424.05,55426.7,0
2026-09-24 14:21:00,55427.25,55433.2,55406.8,55428.75,0
2026-09-24 14:22:00,55427.9,55439.5,55414.95,55417.5,0
2026-09-24 14:23:00,55417.2,55421.55,55377.2,55379.1,0
2026-09-24 14:24:00,55379.75,55409.8,55375.2,55403.45,0
2026-09-24 14:25:00,55403.1,55445.2,55401.7,55438.05,0
2026-09-24 14:26:00,55437.45,55441.4,55407.7,55418.05,0
2026-09-24 14:27:00,55417.15,55425.6,55409.15,55424.75,0
2026-09-24 14:28:00,55422.85,55451.45,55421.5,55433.55,0
2026-09-24 14:29:00,55433.0,55440.55,55428.0,55432.3,0
2026-09-24 14:30:00,55430.8,55433.55,55412.3,55429.2,0
2026-09-24 14:31:00,55430.2,55456.25,55422.65,55448.45,0
2026-09-24 14:32:00,55447.85,55467.35,55440.6,55444.45,0
2026-09-24 14:33:00,55444.2,55451.6,55421.45,55436.15,0
2026-09-24 14:34:00,55435.45,55457.95,55426.15,55453.95,0
2026-09-24 14:35:00,55453.4,55478.85,55453.35,55478.6,0
2026-09-24 14:36:00,55477.85,55498.6,55468.0,55494.35,0
2026-09-24 14:37:00,55496.4,55521.0,55496.4,55516.1,0
2026-09-24 14:38:00,55515.6,55539.75,55513.0,55526.35,0
2026-09-24 14:39:00,55524.6,55564.3,55519.15,55559.05,0
2026-09-24 14:40:00,55558.5,55569.9,55544.6,55544.6,0
2026-09-24 14:41:00,55545.55,55559.15,55527.9,55545.85,0
2026-09-24 14:42:00,55546.3,55547.55,55498.25,55519.2,0
2026-09-24 14:43:00,55518.65,55547.9,55515.05,55531.85,0
2026-09-24 14:44:00,55530.95,55532.45,55509.35,55521.0,0
2026-09-24 14:45:00,55520.1,55556.2,55513.5,55552.3,0
2026-09-24 14:46:00,55551.75,55567.9,55548.5,55558.05,0
2026-09-24 14:47:00,55557.5,55568.9,55544.35,55559.7,0
2026-09-24 14:48:00,55555.65,55570.7,55548.1,55565.4,0
2026-09-24 14:49:00,55565.55,55566.85,55545.75,55561.95,0
2026-09-24 14:50:00,55556.9,55583.0,55556.9,55580.2,0
2026-09-24 14:51:00,55580.8,55601.15,55565.75,55598.45,0
2026-09-24 14:52:00,55596.5,55612.0,55585.7,55606.0,0
2026-09-24 14:53:00,55605.9,55605.9,55587.35,55594.6,0
2026-09-24 14:54:00,55594.25,55613.75,55586.5,55605.3,0
2026-09-24 14:55:00,55603.55,55627.8,55595.0,55610.35,0
2026-09-24 14:56:00,55610.8,55625.35,55601.9,55603.6,0
2026-09-24 14:57:00,55601.35,55604.1,55577.8,55599.95,0
2026-09-24 14:58:00,55597.95,55597.95,55572.1,55590.4,0
2026-09-24 14:59:00,55589.05,55590.1,55552.05,55559.55,0
2026-09-24 15:00:00,55560.5,55567.8,55543.15,55561.6,0
2026-09-24 15:01:00,55556.9,55568.8,55536.05,55555.0,0
2026-09-24 15:02:00,55556.95,55582.85,55548.15,55582.35,0
2026-09-24 15:03:00,55581.25,55586.5,55559.35,55571.05,0
2026-09-24 15:04:00,55570.55,55598.05,55567.2,55591.75,0
2026-09-24 15:05:00,55591.3,55591.9,55555.05,55570.1,0
2026-09-24 15:06:00,55567.75,55573.3,55540.45,55568.4,0
2026-09-24 15:07:00,55569.55,55573.1,55549.1,55558.05,0
2026-09-24 15:08:00,55550.45,55557.0,55514.3,55524.7,0
2026-09-24 15:09:00,55518.45,55550.6,55518.45,55547.25,0
2026-09-24 15:10:00,55539.65,55553.45,55520.7,55528.15,0
2026-09-24 15:11:00,55525.8,55538.6,55521.85,55534.1,0
2026-09-24 15:12:00,55528.2,55538.6,55452.7,55490.7,0
2026-09-24 15:13:00,55490.25,55524.45,55466.6,55476.0,0
2026-09-24 15:14:00,55463.35,55496.65,55442.25,55464.45,0
2026-09-24 15:28:00,55438.5,55438.5,55438.5,55438.5,0
2026-09-25 09:15:00,55373.75,55605.1,55373.75,55586.5,0
2026-09-25 09:16:00,55586.8,55633.4,55565.8,55610.7,0
2026-09-25 09:17:00,55603.8,55642.9,55603.8,55631.7,0
2026-09-25 09:18:00,55635.55,55645.2,55585.85,55594.25,0
2026-09-25 09:19:00,55592.05,55611.35,55576.55,55578.4,0
2026-09-25 09:20:00,55572.55,55577.3,55550.95,55568.8,0
2026-09-25 09:21:00,55568.9,55573.4,55528.55,55542.05,0
2026-09-25 09:22:00,55546.35,55588.1,55539.7,55585.05,0
2026-09-25 09:23:00,55585.85,55604.4,55565.65,55565.65,0
2026-09-25 09:24:00,55563.85,55577.9,55552.35,55559.1,0
2026-09-25 09:25:00,55561.85,55572.75,55552.8,55570.2,0
2026-09-25 09:26:00,55571.55,55605.8,55568.35,55601.85,0
2026-09-25 09:27:00,55602.2,55611.85,55588.15,55606.75,0
2026-09-25 09:28:00,55607.45,55619.5,55570.15,55587.55,0
2026-09-25 09:29:00,55584.75,55600.15,55577.7,55599.5,0
2026-09-25 09:30:00,55597.45,55604.95,55578.9,55591.4,0
2026-09-25 09:31:00,55592.75,55610.6,55572.15,55580.65,0
2026-09-25 09:32:00,55583.05,55607.4,55581.0,55587.2,0
2026-09-25 09:33:00,55588.3,55588.3,55543.25,55560.6,0
2026-09-25 09:34:00,55557.65,55580.05,55554.1,55572.6,0
2026-09-25 09:35:00,55575.85,55579.7,55564.0,55571.85,0
2026-09-25 09:36:00,55573.3,55577.9,55529.9,55529.9,0
2026-09-25 09:37:00,55528.4,55533.65,55485.2,55486.65,0
2026-09-25 09:38:00,55485.3,55502.85,55473.3,55478.7,0
2026-09-25 09:39:00,55479.95,55503.35,55475.35,55476.8,0
2026-09-25 09:40:00,55477.05,55480.4,55451.3,55470.55,0
2026-09-25 09:41:00,55473.55,55494.15,55449.1,55492.9,0
2026-09-25 09:42:00,55494.55,55494.7,55456.25,55468.45,0
2026-09-25 09:43:00,55467.4,55468.95,55404.05,55423.75,0
2026-09-25 09:44:00,55422.0,55443.25,55417.45,55437.75,0
2026-09-25 09:45:00,55436.6,55455.85,55431.45,55436.95,0
2026-09-25 09:46:00,55436.05,55443.1,55428.35,55438.6,0
2026-09-25 09:47:00,55436.55,55479.75,55431.6,55478.1,0
2026-09-25 09:48:00,55477.45,55480.5,55452.05,55460.4,0
2026-09-25 09:49:00,55461.55,55462.15,55432.65,55433.35,0
2026-09-25 09:50:00,55436.2,55453.9,55432.35,55442.8,0
2026-09-25 09:51:00,55443.6,55456.15,55431.9,55451.45,0
2026-09-25 09:52:00,55453.6,55459.45,55405.0,55408.5,0
2026-09-25 09:53:00,55409.9,55425.95,55400.8,55425.5,0
2026-09-25 09:54:00,55425.35,55440.5,55411.45,55439.1,0
2026-09-25 09:55:00,55439.0,55443.9,55418.15,55420.9,0
2026-09-25 09:56:00,55421.95,55443.15,55415.8,55437.7,0
2026-09-25 09:57:00,55435.75,55442.8,55418.85,55430.75,0
2026-09-25 09:58:00,55430.35,55440.3,55412.3,55437.6,0
2026-09-25 09:59:00,55436.75,55460.9,55434.2,55456.5,0
2026-09-25 10:00:00,55456.9,55467.5,55448.7,55465.8,0
2026-09-25 10:01:00,55466.35,55473.7,55450.9,55459.25,0
2026-09-25 10:02:00,55457.55,55480.05,55448.3,55472.6,0
2026-09-25 10:03:00,55477.15,55511.45,55473.5,55499.2,0
2026-09-25 10:04:00,55499.0,55517.9,55494.0,55512.9,0
2026-09-25 10:05:00,55511.75,55523.15,55498.55,55502.7,0
2026-09-25 10:06:00,55503.35,55520.4,55497.55,55514.5,0
2026-09-25 10:07:00,55516.0,55537.65,55511.0,55528.55,0
2026-09-25 10:08:00,55530.05,55618.75,55523.6,55611.6,0
2026-09-25 10:09:00,55619.85,55625.5,55601.8,55616.55,0
2026-09-25 10:10:00,55621.45,55653.4,55613.7,55613.7,0
2026-09-25 10:11:00,55617.75,55618.85,55588.25,55592.85,0
2026-09-25 10:12:00,55594.65,55597.7,55576.45,55593.55,0
2026-09-25 10:13:00,55594.6,55607.95,55585.15,55586.55,0
2026-09-25 10:14:00,55590.05,55600.2,55580.3,55591.45,0
2026-09-25 10:15:00,55589.0,55608.55,55584.3,55600.55,0
2026-09-25 10:16:00,55601.0,55610.3,55594.65,55601.25,0
2026-09-25 10:17:00,55599.0,55608.0,55594.6,55601.2,0
2026-09-25 10:18:00,55604.9,55606.15,55575.05,55579.65,0
2026-09-25 10:19:00,55581.25,55585.6,55565.55,55574.9,0
2026-09-25 10:20:00,55570.1,55581.35,55559.55,55575.05,0
2026-09-25 10:21:00,55575.85,55595.6,55570.8,55595.35,0
2026-09-25 10:22:00,55592.2,55593.0,55573.55,55578.55,0
2026-09-25 10:23:00,55575.75,55579.6,55561.95,55569.1,0
2026-09-25 10:24:00,55568.25,55573.7,55541.3,55541.3,0
2026-09-25 10:25:00,55541.2,55563.85,55531.5,55562.0,0
2026-09-25 10:26:00,55561.65,55564.85,55543.35,55544.1,0
2026-09-25 10:27:00,55547.25,55549.15,55524.65,55527.35,0
2026-09-25 10:28:00,55528.9,55531.25,55509.7,55524.2,0
2026-09-25 10:29:00,55522.55,55542.55,55512.7,55542.55,0
2026-09-25 10:30:00,55537.15,55563.65,55535.9,55555.9,0
2026-09-25 10:31:00,55560.3,55576.6,55552.3,55559.2,0
2026-09-25 10:32:00,55556.55,55557.25,55528.35,55538.5,0
2026-09-25 10:33:00,55535.35,55547.6,55526.9,55528.4,0
2026-09-25 10:34:00,55526.15,55544.15,55504.1,55504.1,0
2026-09-25 10:35:00,55508.0,55509.35,55486.15,55499.75,0
2026-09-25 10:36:00,55495.85,55507.45,55491.85,55507.3,0
2026-09-25 10:37:00,55504.45,55523.9,55502.15,55514.05,0
2026-09-25 10:38:00,55515.4,55525.5,55508.3,55518.15,0
2026-09-25 10:39:00,55521.7,55539.9,55519.25,55526.6,0
2026-09-25 10:40:00,55525.65,55536.65,55513.0,55531.8,0
2026-09-25 10:41:00,55533.15,55539.9,55513.2,55520.1,0
2026-09-25 10:42:00,55521.45,55534.95,55515.05,55523.45,0
2026-09-25 10:43:00,55522.85,55523.1,55504.8,55510.85,0
2026-09-25 10:44:00,55509.6,55516.85,55502.9,55508.1,0
2026-09-25 10:45:00,55509.45,55511.1,55491.25,55497.7,0
2026-09-25 10:46:00,55499.7,55505.35,55491.85,55499.35,0
2026-09-25 10:47:00,55497.65,55499.4,55486.5,55486.5,0
2026-09-25 10:48:00,55485.75,55489.0,55475.25,55487.85,0
2026-09-25 10:49:00,55486.4,55509.6,55482.6,55504.15,0
2026-09-25 10:50:00,55504.2,55505.0,55492.95,55499.6,0
2026-09-25 10:51:00,55500.3,55512.25,55494.3,55507.85,0
2026-09-25 10:52:00,55509.75,55517.95,55505.55,55507.0,0
2026-09-25 10:53:00,55506.7,55507.35,55492.4,55496.05,0
2026-09-25 10:54:00,55495.7,55515.7,55491.2,55509.15,0
2026-09-25 10:55:00,55512.25,55528.9,55503.85,55522.75,0
2026-09-25 10:56:00,55524.65,55531.6,55516.1,55527.7,0
2026-09-25 10:57:00,55525.25,55528.65,55511.2,55516.0,0
2026-09-25 10:58:00,55514.4,55523.95,55511.15,55517.9,0
2026-09-25 10:59:00,55514.8,55524.1,55509.2,55521.1,0
2026-09-25 11:00:00,55522.45,55533.6,55514.25,55531.95,0
2026-09-25 11:01:00,55532.65,55552.65,55532.6,55542.7,0
2026-09-25 11:02:00,55544.35,55582.2,55535.5,55573.65,0
2026-09-25 11:03:00,55575.6,55585.55,55569.85,55576.15,0
2026-09-25 11:04:00,55574.7,55582.75,55567.45,55568.55,0
2026-09-25 11:05:00,55570.05,55592.05,55567.65,55589.9,0
2026-09-25 11:06:00,55591.65,55591.65,55573.85,55583.25,0
2026-09-25 11:07:00,55583.9,55614.75,55578.15,55607.6,0
2026-09-25 11:08:00,55612.35,55612.35,55589.3,55595.9,0
2026-09-25 11:09:00,55596.25,55607.05,55588.3,55604.35,0
2026-09-25 11:10:00,55603.75,55613.5,55597.25,55612.2,0
2026-09-25 11:11:00,55610.5,55619.8,55605.05,55616.95,0
2026-09-25 11:12:00,55618.3,55622.35,55611.05,55614.25,0
2026-09-25 11:13:00,55613.25,55613.95,55582.9,55595.2,0
2026-09-25 11:14:00,55592.4,55606.6,55585.65,55606.35,0
2026-09-25 11:15:00,55607.8,55609.25,55592.7,55605.9,0
2026-09-25 11:16:00,55604.85,55613.95,55600.7,55612.1,0
2026-09-25 11:17:00,55613.8,55629.9,55609.95,55628.65,0
2026-09-25 11:18:00,55627.3,55627.3,55600.45,55620.1,0
2026-09-25 11:19:00,55620.85,55620.85,55607.55,55612.15,0
2026-09-25 11:20:00,55613.95,55631.95,55613.25,55618.85,0
2026-09-25 11:21:00,55621.05,55639.0,55615.95,55623.85,0
2026-09-25 11:22:00,55624.75,55637.2,55619.6,55624.5,0
2026-09-25 11:23:00,55628.2,55631.5,55606.95,55618.5,0
2026-09-25 11:24:00,55616.9,55616.9,55581.95,55582.4,0
2026-09-25 11:25:00,55581.4,55585.0,55563.2,55571.5,0
2026-09-25 11:26:00,55571.15,55581.7,55558.95,55563.75,0
2026-09-25 11:27:00,55562.55,55579.5,55557.1,55564.65,0
2026-09-25 11:28:00,55568.6,55576.55,55558.5,55566.65,0
2026-09-25 11:29:00,55564.45,55585.55,55561.95,55582.85,0
2026-09-25 11:30:00,55585.9,55588.95,55571.85,55579.4,0
2026-09-25 11:31:00,55580.55,55612.6,55577.2,55603.55,0
2026-09-25 11:32:00,55604.8,55607.15,55590.85,55594.85,0
2026-09-25 11:33:00,55597.65,55612.5,55588.6,55595.3,0
2026-09-25 11:34:00,55597.2,55597.4,55577.5,55593.0,0
2026-09-25 11:35:00,55592.55,55602.05,55590.4,55591.7,0
2026-09-25 11:36:00,55592.7,55594.95,55574.25,55579.65,0
2026-09-25 11:37:00,55579.0,55589.1,55575.65,55579.8,0
2026-09-25 11:38:00,55583.65,55596.05,55576.4,55589.55,0
2026-09-25 11:39:00,55591.4,55609.65,55581.3,55607.95,0
2026-09-25 11:40:00,55609.4,55614.25,55600.2,55603.1,0
2026-09-25 11:41:00,55603.05,55606.45,55590.55,55592.5,0
2026-09-25 11:42:00,55594.95,55617.3,55589.45,55611.2,0
2026-09-25 11:43:00,55613.1,55616.7,55592.3,55592.3,0
2026-09-25 11:44:00,55591.0,55609.05,55588.55,55604.9,0
2026-09-25 11:45:00,55603.3,55607.8,55594.15,55602.15,0
2026-09-25 11:46:00,55601.0,55615.75,55596.95,55608.75,0
2026-09-25 11:47:00,55613.2,55614.2,55598.65,55603.65,0
2026-09-25 11:48:00,55607.5,55607.5,55592.7,55600.25,0
2026-09-25 11:49:00,55602.1,55606.8,55590.9,55600.95,0
2026-09-25 11:50:00,55600.1,55616.25,55598.8,55611.05,0
2026-09-25 11:51:00,55609.25,55614.6,55596.6,55604.9,0
2026-09-25 11:52:00,55604.25,55616.65,55601.6,55609.5,0
2026-09-25 11:53:00,55607.85,55617.05,55603.3,55608.05,0
2026-09-25 11:54:00,55608.65,55618.3,55602.6,55614.05,0
2026-09-25 11:55:00,55615.85,55620.45,55597.65,55609.85,0
2026-09-25 11:56:00,55612.75,55619.35,55594.25,55606.6,0
2026-09-25 11:57:00,55609.9,55616.35,55599.85,55615.4,0
2026-09-25 11:58:00,55611.25,55617.95,55599.7,55610.15,0
2026-09-25 11:59:00,55613.45,55621.3,55600.55,55603.9,0
2026-09-25 12:00:00,55603.1,55610.45,55595.6,55598.6,0
2026-09-25 12:01:00,55603.75,55612.1,55593.4,55600.8,0
2026-09-25 12:02:00,55601.5,55603.5,55590.55,55596.45,0
2026-09-25 12:03:00,55596.15,55596.15,55562.9,55562.9,0
2026-09-25 12:04:00,55565.5,55572.45,55547.1,55572.35,0
2026-09-25 12:05:00,55568.9,55580.85,55566.4,55575.3,0
2026-09-25 12:06:00,55573.15,55576.55,55560.85,55566.5,0
2026-09-25 12:07:00,55568.3,55571.0,55558.85,55559.6,0
2026-09-25 12:08:00,55556.6,55577.3,55552.65,55570.5,0
2026-09-25 12:09:00,55572.2,55597.85,55569.7,55595.3,0
2026-09-25 12:10:00,55597.2,55601.55,55579.75,55590.85,0
2026-09-25 12:11:00,55595.8,55613.85,55592.75,55607.3,0
2026-09-25 12:12:00,55610.55,55615.95,55603.0,55606.0,0
2026-09-25 12:13:00,55609.75,55610.0,55595.15,55598.2,0
2026-09-25 12:14:00,55599.55,55601.6,55583.5,55594.65,0
2026-09-25 12:15:00,55594.2,55604.85,55590.5,55595.8,0
2026-09-25 12:16:00,55595.2,55603.2,55589.95,55597.35,0
2026-09-25 12:17:00,55597.95,55597.95,55576.75,55582.65,0
2026-09-25 12:18:00,55581.25,55596.15,55575.9,55588.95,0
2026-09-25 12:19:00,55588.15,55595.9,55580.15,55584.45,0
2026-09-25 12:20:00,55583.6,55585.7,55571.6,55579.65,0
2026-09-25 12:21:00,55580.3,55583.85,55569.9,55573.7,0
2026-09-25 12:22:00,55577.55,55580.35,55567.6,55568.55,0
2026-09-25 12:23:00,55567.8,55579.65,55560.0,55573.15,0
2026-09-25 12:24:00,55574.5,55576.1,55554.8,55559.7,0
2026-09-25 12:25:00,55563.15,55570.9,55549.9,55556.0,0
2026-09-25 12:26:00,55556.6,55564.45,55549.15,55557.9,0
2026-09-25 12:27:00,55562.15,55573.15,55559.65,55567.45,0
2026-09-25 12:28:00,55566.4,55579.85,55562.55,55572.45,0
2026-09-25 12:29:00,55574.55,55580.65,55565.35,55570.9,0
2026-09-25 12:30:00,55577.2,55599.95,55568.1,55595.7,0
2026-09-25 12:31:00,55596.3,55607.15,55591.2,55601.25,0
2026-09-25 12:32:00,55599.6,55609.6,55595.35,55596.35,0
2026-09-25 12:33:00,55595.9,55603.15,55582.75,55584.45,0
2026-09-25 12:34:00,55587.0,55595.9,55579.05,55579.05,0
2026-09-25 12:35:00,55582.75,55587.05,55558.65,55572.35,0
2026-09-25 12:36:00,55571.5,55578.8,55543.25,55551.8,0
2026-09-25 12:37:00,55552.95,55574.65,55545.8,55560.8,0
2026-09-25 12:38:00,55562.5,55573.75,55549.85,55567.95,0
2026-09-25 12:39:00,55567.0,55576.35,55563.65,55575.5,0
2026-09-25 12:40:00,55579.25,55581.0,55566.5,55572.35,0
2026-09-25 12:41:00,55573.45,55573.45,55555.9,55565.3,0
2026-09-25 12:42:00,55564.1,55565.3,55540.3,55543.25,0
2026-09-25 12:43:00,55545.2,55546.2,55531.65,55542.7,0
2026-09-25 12:44:00,55543.75,55554.3,55535.2,55539.85,0
2026-09-25 12:45:00,55539.45,55540.8,55526.5,55537.55,0
2026-09-25 12:46:00,55536.9,55549.2,55527.65,55533.15,0
2026-09-25 12:47:00,55532.0,55538.95,55525.9,55535.8,0
2026-09-25 12:48:00,55536.45,55538.85,55525.3,55527.0,0
2026-09-25 12:49:00,55529.2,55531.95,55512.95,55516.35,0
2026-09-25 12:50:00,55516.85,55518.55,55499.6,55503.4,0
2026-09-25 12:51:00,55505.5,55506.95,55482.85,55487.7,0
2026-09-25 12:52:00,55488.55,55498.3,55480.15,55496.55,0
2026-09-25 12:53:00,55495.8,55495.8,55476.75,55492.1,0
2026-09-25 12:54:00,55493.6,55495.5,55479.6,55481.75,0
2026-09-25 12:55:00,55482.85,55489.7,55469.9,55476.2,0
2026-09-25 12:56:00,55475.55,55483.6,55437.2,55438.4,0
2026-09-25 12:57:00,55440.75,55459.9,55424.3,55459.5,0
2026-09-25 12:58:00,55457.65,55491.75,55453.6,55488.75,0
2026-09-25 12:59:00,55489.45,55500.7,55481.3,55496.05,0
2026-09-25 13:00:00,55497.35,55521.35,55494.85,55511.6,0
2026-09-25 13:01:00,55509.9,55527.2,55507.6,55519.5,0
2026-09-25 13:02:00,55520.6,55521.45,55488.3,55495.3,0
2026-09-25 13:03:00,55496.25,55511.45,55494.6,55500.75,0
2026-09-25 13:04:00,55502.55,55504.35,55490.45,55492.85,0
2026-09-25 13:05:00,55494.4,55505.45,55486.65,55501.35,0
2026-09-25 13:06:00,55503.0,55509.9,55497.2,55501.7,0
2026-09-25 13:07:00,55505.4,55517.55,55498.45,55506.0,0
2026-09-25 13:08:00,55501.75,55513.4,55494.7,55510.35,0
2026-09-25 13:09:00,55511.15,55531.4,55506.35,55531.4,0
2026-09-25 13:10:00,55529.7,55533.9,55518.35,55532.05,0
2026-09-25 13:11:00,55530.95,55546.95,55530.95,55534.15,0
2026-09-25 13:12:00,55536.95,55539.8,55523.95,55532.4,0
2026-09-25 13:13:00,55531.1,55534.05,55523.8,55527.35,0
2026-09-25 13:14:00,55532.35,55533.05,55510.45,55519.25,0
2026-09-25 13:15:00,55514.95,55527.05,55509.0,55512.45,0
2026-09-25 13:16:00,55509.85,55514.95,55499.05,55511.25,0
2026-09-25 13:17:00,55515.25,55524.45,55501.3,55512.65,0
2026-09-25 13:18:00,55513.45,55516.7,55506.6,55514.2,0
2026-09-25 13:19:00,55513.8,55525.65,55507.8,55511.65,0
2026-09-25 13:20:00,55512.95,55522.4,55506.95,55511.6,0
2026-09-25 13:21:00,55513.2,55518.25,55505.2,55511.5,0
2026-09-25 13:22:00,55512.1,55521.3,55506.7,55510.8,0
2026-09-25 13:23:00,55513.2,55518.3,55498.75,55513.65,0
2026-09-25 13:24:00,55509.5,55511.65,55490.15,55503.3,0
2026-09-25 13:25:00,55503.6,55511.75,55494.85,55510.15,0
2026-09-25 13:26:00,55509.8,55526.6,55506.75,55516.95,0
2026-09-25 13:27:00,55520.85,55524.15,55507.9,55514.5,0
2026-09-25 13:28:00,55514.85,55521.2,55498.9,55507.3,0
2026-09-25 13:29:00,55507.95,55512.75,55496.55,55508.0,0
2026-09-25 13:30:00,55510.4,55515.35,55499.95,55502.6,0
2026-09-25 13:31:00,55506.0,55514.05,55498.45,55504.15,0
2026-09-25 13:32:00,55507.0,55509.7,55494.7,55498.4,0
2026-09-25 13:33:00,55499.0,55505.35,55479.7,55482.2,0
2026-09-25 13:34:00,55483.15,55483.15,55462.3,55468.9,0
2026-09-25 13:35:00,55467.1,55473.45,55452.75,55473.1,0
2026-09-25 13:36:00,55471.1,55485.5,55458.2,55479.5,0
2026-09-25 13:37:00,55475.55,55481.5,55449.6,55478.75,0
2026-09-25 13:38:00,55480.3,55480.7,55459.3,55467.15,0
2026-09-25 13:39:00,55468.1,55480.0,55459.05,55462.45,0
2026-09-25 13:40:00,55466.3,55482.05,55461.1,55481.25,0
2026-09-25 13:41:00,55481.3,55484.6,55473.2,55479.75,0
2026-09-25 13:42:00,55479.0,55493.45,55475.45,55490.5,0
2026-09-25 13:43:00,55493.9,55508.65,55476.55,55483.9,0
2026-09-25 13:44:00,55483.55,55496.8,55479.7,55492.8,0
2026-09-25 13:45:00,55489.4,55498.6,55484.4,55496.35,0
2026-09-25 13:46:00,55497.4,55525.9,55491.1,55525.9,0
2026-09-25 13:47:00,55527.3,55534.35,55504.85,55518.75,0
2026-09-25 13:48:00,55514.85,55521.95,55503.55,55513.35,0
2026-09-25 13:49:00,55514.5,55523.05,55499.5,55505.8,0
2026-09-25 13:50:00,55504.95,55509.05,55492.55,55497.0,0
2026-09-25 13:51:00,55495.95,55499.4,55487.4,55496.65,0
2026-09-25 13:52:00,55495.7,55505.75,55490.05,55495.1,0
2026-09-25 13:53:00,55493.25,55501.3,55487.0,55496.8,0
2026-09-25 13:54:00,55496.95,55505.65,55492.65,55503.85,0
2026-09-25 13:55:00,55504.55,55514.15,55492.75,55510.85,0
2026-09-25 13:56:00,55515.05,55541.85,55508.8,55539.25,0
2026-09-25 13:57:00,55540.1,55541.75,55514.8,55519.7,0
2026-09-25 13:58:00,55520.85,55532.95,55513.15,55528.75,0
2026-09-25 13:59:00,55531.2,55542.7,55523.1,55542.1,0
2026-09-25 14:00:00,55543.45,55624.45,55541.1,55611.8,0
2026-09-25 14:01:00,55607.0,55624.35,55595.7,55620.85,0
2026-09-25 14:02:00,55620.8,55642.15,55612.7,55623.6,0
2026-09-25 14:03:00,55621.85,55752.05,55619.2,55752.05,0
2026-09-25 14:04:00,55751.4,55762.6,55697.55,55707.6,0
2026-09-25 14:05:00,55709.75,55721.2,55659.3,55677.8,0
2026-09-25 14:06:00,55678.3,55697.1,55669.7,55683.95,0
2026-09-25 14:07:00,55685.05,55694.9,55671.05,55678.8,0
2026-09-25 14:08:00,55686.35,55694.2,55647.45,55653.05,0
2026-09-25 14:09:00,55654.25,55654.25,55608.35,55618.2,0
2026-09-25 14:10:00,55621.8,55651.85,55619.45,55645.85,0
2026-09-25 14:11:00,55647.1,55671.55,55637.4,55667.3,0
2026-09-25 14:12:00,55668.05,55669.65,55636.6,55640.75,0
2026-09-25 14:13:00,55641.85,55646.7,55625.5,55628.95,0
2026-09-25 14:14:00,55632.65,55639.25,55618.7,55629.55,0
2026-09-25 14:15:00,55630.9,55655.7,55630.3,55647.45,0
2026-09-25 14:16:00,55653.2,55672.45,55638.2,55665.8,0
2026-09-25 14:17:00,55663.0,55676.65,55657.2,55666.7,0
2026-09-25 14:18:00,55670.25,55693.2,55665.7,55682.65,0
2026-09-25 14:19:00,55683.75,55691.55,55659.4,55665.65,0
2026-09-25 14:20:00,55664.25,55681.25,55649.95,55653.1,0
2026-09-25 14:21:00,55657.55,55688.6,55649.25,55680.95,0
2026-09-25 14:22:00,55681.6,55694.05,55670.05,55685.35,0
2026-09-25 14:23:00,55686.55,55686.55,55661.55,55669.25,0
2026-09-25 14:24:00,55670.5,55677.0,55659.15,55662.45,0
2026-09-25 14:25:00,55666.95,55709.7,55663.0,55681.05,0
2026-09-25 14:26:00,55683.25,55690.9,55624.2,55667.4,0
2026-09-25 14:27:00,55672.85,55677.5,55642.2,55654.85,0
2026-09-25 14:28:00,55655.55,55668.15,55644.8,55663.75,0
2026-09-25 14:29:00,55662.25,55668.95,55649.2,55651.7,0
2026-09-25 14:30:00,55658.15,55701.25,55650.85,55697.2,0
2026-09-25 14:31:00,55699.55,55708.6,55672.4,55698.45,0
2026-09-25 14:32:00,55696.85,55702.15,55680.95,55687.85,0
2026-09-25 14:33:00,55687.95,55700.35,55683.1,55689.65,0
2026-09-25 14:34:00,55692.35,55700.15,55677.8,55690.6,0
2026-09-25 14:35:00,55693.4,55697.15,55671.4,55677.9,0
2026-09-25 14:36:00,55675.85,55687.4,55670.25,55676.65,0
2026-09-25 14:37:00,55677.9,55696.95,55668.85,55689.15,0
2026-09-25 14:38:00,55694.0,55710.55,55689.05,55703.95,0
2026-09-25 14:39:00,55704.25,55711.05,55696.0,55700.4,0
2026-09-25 14:40:00,55702.55,55705.2,55687.9,55688.95,0
2026-09-25 14:41:00,55690.15,55691.85,55664.95,55673.55,0
2026-09-25 14:42:00,55677.65,55678.05,55650.2,55650.2,0
2026-09-25 14:43:00,55652.35,55657.85,55632.4,55635.65,0
2026-09-25 14:44:00,55639.45,55658.1,55635.25,55655.2,0
2026-09-25 14:45:00,55653.95,55666.25,55633.3,55635.05,0
2026-09-25 14:46:00,55635.45,55639.0,55595.6,55623.45,0
2026-09-25 14:47:00,55625.25,55625.95,55570.2,55572.65,0
2026-09-25 14:48:00,55577.0,55604.4,55565.65,55600.65,0
2026-09-25 14:49:00,55602.4,55620.4,55589.3,55596.8,0
2026-09-25 14:50:00,55600.7,55616.9,55572.15,55577.5,0
2026-09-25 14:51:00,55578.45,55595.85,55572.1,55592.5,0
2026-09-25 14:52:00,55595.95,55606.0,55589.55,55598.75,0
2026-09-25 14:53:00,55599.65,55623.8,55596.25,55613.8,0
2026-09-25 14:54:00,55613.7,55646.45,55610.4,55640.35,0
2026-09-25 14:55:00,55641.6,55645.3,55582.45,55587.5,0
2026-09-25 14:56:00,55589.2,55589.2,55563.8,55566.95,0
2026-09-25 14:57:00,55567.6,55568.95,55548.25,55564.95,0
2026-09-25 14:58:00,55563.95,55565.1,55543.0,55550.1,0
2026-09-25 14:59:00,55549.0,55573.7,55547.1,55569.65,0
2026-09-25 15:00:00,55565.35,55575.65,55539.75,55567.95,0
2026-09-25 15:01:00,55569.6,55576.4,55515.25,55520.7,0
2026-09-25 15:02:00,55523.25,55534.15,55506.05,55525.7,0
2026-09-25 15:03:00,55526.15,55529.45,55511.45,55518.8,0
2026-09-25 15:04:00,55520.5,55527.8,55511.15,55522.6,0
2026-09-25 15:05:00,55527.05,55527.05,55495.0,55501.45,0
2026-09-25 15:06:00,55503.35,55518.7,55494.5,55516.8,0
2026-09-25 15:07:00,55519.15,55528.45,55497.15,55501.75,0
2026-09-25 15:08:00,55501.45,55505.15,55462.25,55465.85,0
2026-09-25 15:09:00,55466.75,55477.6,55447.35,55459.7,0
2026-09-25 15:10:00,55459.15,55496.55,55459.15,55487.3,0
2026-09-25 15:11:00,55487.5,55495.6,55469.9,55471.85,0
2026-09-25 15:12:00,55471.3,55515.75,55462.75,55509.2,0
2026-09-25 15:13:00,55510.85,55517.5,55486.85,55491.15,0
2026-09-25 15:14:00,55506.9,55535.4,55489.6,55522.5,0
2026-09-25 15:28:00,55580.4,55580.4,55580.4,55580.4,0
2026-09-28 09:15:00,55347.8,55390.1,55096.55,55112.5,0
2026-09-28 09:16:00,55098.65,55100.3,55024.55,55049.2,0
2026-09-28 09:17:00,55054.95,55065.35,55005.45,55031.45,0
2026-09-28 09:18:00,55031.85,55043.8,54991.9,55013.15,0
2026-09-28 09:19:00,55015.5,55017.45,54939.0,54942.0,0
2026-09-28 09:20:00,54941.4,54953.75,54867.7,54892.55,0
2026-09-28 09:21:00,54897.5,54916.4,54895.95,54899.6,0
2026-09-28 09:22:00,54895.55,54899.0,54871.7,54877.4,0
2026-09-28 09:23:00,54879.0,54919.5,54879.0,54899.05,0
2026-09-28 09:24:00,54904.85,54957.15,54896.25,54927.3,0
2026-09-28 09:25:00,54928.25,54930.35,54856.15,54860.3,0
2026-09-28 09:26:00,54862.05,54871.5,54854.0,54863.9,0
2026-09-28 09:27:00,54864.2,54895.85,54855.55,54888.0,0
2026-09-28 09:28:00,54890.8,54900.15,54876.15,54893.3,0
2026-09-28 09:29:00,54893.0,54913.4,54890.25,54906.3,0
2026-09-28 09:30:00,54908.75,54912.3,54875.25,54893.85,0
2026-09-28 09:31:00,54893.3,54894.65,54874.7,54875.0,0
2026-09-28 09:32:00,54877.85,54880.85,54857.8,54858.8,0
2026-09-28 09:33:00,54861.85,54863.85,54813.25,54823.65,0
2026-09-28 09:34:00,54825.0,54825.0,54800.5,54814.85,0
2026-09-28 09:35:00,54818.05,54820.55,54732.3,54756.4,0
2026-09-28 09:36:00,54757.25,54759.05,54714.1,54723.7,0
2026-09-28 09:37:00,54723.8,54738.05,54710.05,54732.8,0
2026-09-28 09:38:00,54737.5,54737.5,54697.45,54720.05,0
2026-09-28 09:39:00,54722.5,54736.3,54703.9,54716.05,0
2026-09-28 09:40:00,54717.55,54722.65,54697.35,54720.2,0
2026-09-28 09:41:00,54727.4,54762.8,54727.4,54761.45,0
2026-09-28 09:42:00,54761.95,54764.35,54744.15,54749.5,0
2026-09-28 09:43:00,54752.7,54752.7,54708.15,54719.45,0
2026-09-28 09:44:00,54717.75,54721.35,54699.6,54705.0,0
2026-09-28 09:45:00,54707.8,54724.7,54705.55,54719.35,0
2026-09-28 09:46:00,54720.45,54744.1,54715.95,54741.1,0
2026-09-28 09:47:00,54740.45,54761.75,54738.45,54751.85,0
2026-09-28 09:48:00,54754.1,54767.55,54732.5,54738.55,0
2026-09-28 09:49:00,54737.7,54743.2,54730.9,54739.0,0
2026-09-28 09:50:00,54739.65,54751.2,54724.5,54745.35,0
2026-09-28 09:51:00,54746.75,54750.0,54705.0,54708.95,0
2026-09-28 09:52:00,54710.9,54714.8,54701.1,54711.3,0
2026-09-28 09:53:00,54712.9,54719.8,54706.25,54715.9,0
2026-09-28 09:54:00,54716.05,54718.2,54695.05,54700.05,0
2026-09-28 09:55:00,54702.25,54724.25,54695.75,54699.2,0
2026-09-28 09:56:00,54698.3,54717.9,54691.55,54716.4,0
2026-09-28 09:57:00,54716.85,54722.8,54708.65,54720.3,0
2026-09-28 09:58:00,54720.4,54750.15,54716.7,54744.1,0
2026-09-28 09:59:00,54742.8,54749.4,54733.5,54738.85,0
2026-09-28 10:00:00,54738.9,54744.05,54708.5,54712.6,0
2026-09-28 10:01:00,54713.4,54726.8,54707.5,54721.85,0
2026-09-28 10:02:00,54726.05,54731.1,54714.15,54721.85,0
2026-09-28 10:03:00,54728.8,54732.75,54708.6,54711.45,0
2026-09-28 10:04:00,54713.35,54714.3,54686.85,54697.3,0
2026-09-28 10:05:00,54699.75,54704.2,54652.5,54652.5,0
2026-09-28 10:06:00,54655.1,54665.45,54631.9,54636.2,0
2026-09-28 10:07:00,54636.6,54653.2,54623.0,54652.7,0
2026-09-28 10:08:00,54650.35,54657.25,54636.2,54637.95,0
2026-09-28 10:09:00,54637.75,54640.05,54600.1,54604.0,0
2026-09-28 10:10:00,54603.0,54619.9,54601.25,54618.95,0
2026-09-28 10:11:00,54619.85,54641.3,54615.7,54641.3,0
2026-09-28 10:12:00,54640.3,54648.4,54632.05,54634.25,0
2026-09-28 10:13:00,54634.1,54653.5,54630.25,54652.95,0
2026-09-28 10:14:00,54651.05,54663.7,54642.55,54642.55,0
2026-09-28 10:15:00,54639.65,54644.85,54625.75,54632.7,0
2026-09-28 10:16:00,54632.15,54634.95,54617.5,54628.75,0
2026-09-28 10:17:00,54627.95,54629.05,54598.15,54598.85,0
2026-09-28 10:18:00,54600.9,54628.75,54592.5,54621.4,0
2026-09-28 10:19:00,54621.1,54640.25,54616.8,54640.25,0
2026-09-28 10:20:00,54638.55,54671.6,54638.15,54669.15,0
2026-09-28 10:21:00,54669.25,54671.6,54648.1,54653.5,0
2026-09-28 10:22:00,54653.25,54660.6,54639.2,54639.7,0
2026-09-28 10:23:00,54643.0,54654.95,54629.0,54636.1,0
2026-09-28 10:24:00,54640.15,54640.15,54609.75,54622.75,0
2026-09-28 10:25:00,54621.9,54624.85,54595.75,54607.15,0
2026-09-28 10:26:00,54609.6,54618.0,54583.85,54601.85,0
2026-09-28 10:27:00,54601.9,54610.9,54598.65,54608.15,0
2026-09-28 10:28:00,54608.7,54636.85,54600.6,54635.15,0
2026-09-28 10:29:00,54636.0,54640.1,54624.25,54631.25,0
2026-09-28 10:30:00,54630.65,54650.85,54630.65,54647.75,0
2026-09-28 10:31:00,54648.3,54648.3,54618.3,54637.95,0
2026-09-28 10:32:00,54639.3,54639.3,54623.05,54627.0,0
2026-09-28 10:33:00,54627.85,54639.3,54622.9,54622.9,0
2026-09-28 10:34:00,54623.8,54630.15,54614.25,54620.9,0
2026-09-28 10:35:00,54620.65,54623.0,54601.85,54612.15,0
2026-09-28 10:36:00,54612.35,54641.25,54612.35,54623.5,0
2026-09-28 10:37:00,54623.45,54628.7,54595.65,54612.6,0
2026-09-28 10:38:00,54612.3,54617.4,54605.75,54605.75,0
2026-09-28 10:39:00,54610.85,54613.7,54586.35,54589.15,0
2026-09-28 10:40:00,54589.0,54599.65,54577.65,54589.2,0
2026-09-28 10:41:00,54587.25,54594.65,54559.2,54566.35,0
2026-09-28 10:42:00,54565.7,54572.85,54554.7,54562.9,0
2026-09-28 10:43:00,54564.7,54570.55,54551.9,54569.15,0
2026-09-28 10:44:00,54569.4,54572.75,54562.55,54567.8,0
2026-09-28 10:45:00,54568.7,54578.25,54558.45,54574.25,0
2026-09-28 10:46:00,54574.95,54586.6,54555.3,54580.5,0
2026-09-28 10:47:00,54578.55,54587.15,54566.75,54575.95,0
2026-09-28 10:48:00,54572.5,54576.85,54565.0,54566.1,0
2026-09-28 10:49:00,54566.05,54568.05,54544.3,54551.6,0
2026-09-28 10:50:00,54552.1,54557.8,54540.5,54550.25,0
2026-09-28 10:51:00,54551.1,54555.8,54541.05,54550.7,0
2026-09-28 10:52:00,54550.0,54555.55,54531.75,54552.05,0
2026-09-28 10:53:00,54549.3,54558.3,54543.6,54553.3,0
2026-09-28 10:54:00,54552.45,54580.8,54550.2,54576.5,0
2026-09-28 10:55:00,54580.25,54618.9,54578.65,54618.5,0
2026-09-28 10:56:00,54619.4,54626.15,54610.4,54621.25,0
2026-09-28 10:57:00,54621.5,54623.1,54599.75,54610.95,0
2026-09-28 10:58:00,54612.35,54615.9,54590.9,54608.7,0
2026-09-28 10:59:00,54609.45,54621.0,54598.55,54604.25,0
2026-09-28 11:00:00,54604.75,54607.85,54572.9,54588.25,0
2026-09-28 11:01:00,54588.7,54588.7,54563.1,54582.25,0
2026-09-28 11:02:00,54582.6,54592.75,54579.65,54588.9,0
2026-09-28 11:03:00,54589.6,54590.9,54577.65,54579.45,0
2026-09-28 11:04:00,54582.35,54584.65,54555.7,54562.5,0
2026-09-28 11:05:00,54564.55,54565.1,54550.55,54557.35,0
2026-09-28 11:06:00,54558.7,54568.05,54551.1,54564.35,0
2026-09-28 11:07:00,54565.85,54571.95,54546.55,54548.55,0
2026-09-28 11:08:00,54551.4,54551.6,54530.95,54530.95,0
2026-09-28 11:09:00,54534.65,54536.95,54517.05,54532.05,0
2026-09-28 11:10:00,54531.75,54532.75,54506.7,54517.45,0
2026-09-28 11:11:00,54516.1,54527.45,54513.35,54517.9,0
2026-09-28 11:12:00,54518.2,54521.5,54510.85,54514.45,0
2026-09-28 11:13:00,54514.2,54526.8,54512.0,54517.7,0
2026-09-28 11:14:00,54518.9,54523.75,54511.2,54520.65,0
2026-09-28 11:15:00,54522.85,54539.9,54506.4,54530.5,0
2026-09-28 11:16:00,54525.25,54529.3,54511.4,54515.7,0
2026-09-28 11:17:00,54516.3,54518.85,54494.4,54509.65,0
2026-09-28 11:18:00,54508.95,54528.75,54503.8,54528.35,0
2026-09-28 11:19:00,54529.65,54552.6,54526.65,54546.9,0
2026-09-28 11:20:00,54550.05,54563.8,54535.6,54551.2,0
2026-09-28 11:21:00,54549.8,54570.45,54541.95,54563.65,0
2026-09-28 11:22:00,54563.15,54569.45,54560.25,54562.7,0
2026-09-28 11:23:00,54565.75,54569.2,54552.85,54562.25,0
2026-09-28 11:24:00,54563.1,54566.25,54540.5,54545.3,0
2026-09-28 11:25:00,54545.05,54554.65,54527.8,54541.8,0
2026-09-28 11:26:00,54541.95,54549.9,54539.0,54545.65,0
2026-09-28 11:27:00,54547.5,54563.8,54525.9,54559.9,0
2026-09-28 11:28:00,54559.4,54576.2,54555.4,54565.75,0
2026-09-28 11:29:00,54568.35,54577.45,54565.7,54572.8,0
2026-09-28 11:30:00,54573.75,54583.4,54560.65,54576.8,0
2026-09-28 11:31:00,54578.45,54591.65,54572.55,54588.3,0
2026-09-28 11:32:00,54590.5,54599.75,54574.75,54583.55,0
2026-09-28 11:33:00,54583.7,54585.45,54549.05,54557.75,0
2026-09-28 11:34:00,54556.7,54559.2,54541.9,54553.3,0
2026-09-28 11:35:00,54553.6,54558.85,54542.45,54551.55,0
2026-09-28 11:36:00,54553.3,54576.05,54547.35,54572.2,0
2026-09-28 11:37:00,54570.75,54595.65,54570.75,54593.7,0
2026-09-28 11:38:00,54594.55,54604.55,54581.05,54602.75,0
2026-09-28 11:39:00,54601.45,54610.55,54594.7,54605.25,0
2026-09-28 11:40:00,54605.4,54624.7,54602.1,54620.9,0
2026-09-28 11:41:00,54621.05,54653.55,54614.05,54644.3,0
2026-09-28 11:42:00,54644.15,54651.05,54641.35,54643.8,0
2026-09-28 11:43:00,54644.5,54646.1,54632.6,54637.55,0
2026-09-28 11:44:00,54636.95,54643.5,54633.5,54639.9,0
2026-09-28 11:45:00,54639.25,54660.55,54636.8,54648.15,0
2026-09-28 11:46:00,54649.5,54658.8,54635.45,54635.45,0
2026-09-28 11:47:00,54636.85,54645.5,54629.7,54629.7,0
2026-09-28 11:48:00,54628.6,54633.65,54608.95,54629.85,0
2026-09-28 11:49:00,54630.7,54632.8,54612.75,54615.7,0
2026-09-28 11:50:00,54619.65,54621.3,54605.2,54615.8,0
2026-09-28 11:51:00,54615.1,54615.8,54583.4,54589.5,0
2026-09-28 11:52:00,54594.15,54613.05,54579.45,54609.05,0
2026-09-28 11:53:00,54609.7,54621.4,54599.65,54608.3,0
2026-09-28 11:54:00,54609.85,54614.05,54579.4,54591.5,0
2026-09-28 11:55:00,54593.55,54597.85,54574.7,54577.4,0
2026-09-28 11:56:00,54579.3,54579.3,54553.05,54572.8,0
2026-09-28 11:57:00,54573.65,54584.0,54571.55,54576.9,0
2026-09-28 11:58:00,54577.65,54591.05,54571.5,54586.4,0
2026-09-28 11:59:00,54588.15,54613.85,54582.2,54599.2,0
2026-09-28 12:00:00,54598.05,54609.35,54589.3,54596.1,0
2026-09-28 12:01:00,54596.8,54610.65,54593.2,54597.65,0
2026-09-28 12:02:00,54597.5,54601.15,54578.0,54593.05,0
2026-09-28 12:03:00,54593.95,54596.65,54578.4,54590.6,0
2026-09-28 12:04:00,54590.95,54598.3,54568.8,54576.9,0
2026-09-28 12:05:00,54575.55,54601.9,54569.3,54601.6,0
2026-09-28 12:06:00,54601.3,54616.25,54585.6,54608.6,0
2026-09-28 12:07:00,54611.4,54615.9,54594.05,54597.9,0
2026-09-28 12:08:00,54597.15,54597.15,54585.7,54595.55,0
2026-09-28 12:09:00,54595.9,54598.55,54579.7,54592.8,0
2026-09-28 12:10:00,54591.8,54607.2,54590.25,54606.5,0
2026-09-28 12:11:00,54605.4,54614.4,54586.5,54586.5,0
2026-09-28 12:12:00,54587.35,54595.45,54572.75,54587.65,0
2026-09-28 12:13:00,54589.75,54592.5,54575.65,54583.55,0
2026-09-28 12:14:00,54584.5,54600.45,54582.35,54592.0,0
2026-09-28 12:15:00,54594.25,54594.25,54563.55,54572.55,0
2026-09-28 12:16:00,54571.0,54596.6,54568.8,54592.8,0
2026-09-28 12:17:00,54594.05,54594.6,54569.75,54581.65,0
2026-09-28 12:18:00,54583.35,54592.5,54575.95,54590.65,0
2026-09-28 12:19:00,54591.75,54598.85,54583.8,54596.85,0
2026-09-28 12:20:00,54595.4,54603.15,54589.35,54595.0,0
2026-09-28 12:21:00,54594.45,54599.7,54581.25,54598.7,0
2026-09-28 12:22:00,54600.2,54603.6,54587.35,54591.5,0
2026-09-28 12:23:00,54590.5,54603.25,54585.95,54599.4,0
2026-09-28 12:24:00,54598.6,54610.1,54578.45,54608.75,0
2026-09-28 12:25:00,54608.1,54625.4,54606.95,54621.8,0
2026-09-28 12:26:00,54624.45,54643.0,54614.05,54631.5,0
2026-09-28 12:27:00,54631.3,54631.7,54599.95,54617.6,0
2026-09-28 12:28:00,54618.85,54633.0,54613.25,54628.85,0
2026-09-28 12:29:00,54630.25,54647.7,54620.35,54642.85,0
2026-09-28 12:30:00,54641.7,54651.85,54626.15,54628.45,0
2026-09-28 12:31:00,54629.3,54635.1,54616.0,54625.3,0
2026-09-28 12:32:00,54626.75,54636.25,54609.9,54625.6,0
2026-09-28 12:33:00,54629.35,54630.25,54600.15,54610.4,0
2026-09-28 12:34:00,54608.9,54613.35,54594.6,54611.4,0
2026-09-28 12:35:00,54612.3,54612.7,54584.4,54603.75,0
2026-09-28 12:36:00,54602.85,54603.55,54579.9,54589.35,0
2026-09-28 12:37:00,54587.95,54595.55,54584.7,54589.0,0
2026-09-28 12:38:00,54589.15,54595.75,54584.45,54592.7,0
2026-09-28 12:39:00,54595.4,54596.6,54578.4,54584.5,0
2026-09-28 12:40:00,54585.6,54597.65,54581.75,54582.05,0
2026-09-28 12:41:00,54581.95,54592.25,54573.6,54590.8,0
2026-09-28 12:42:00,54587.35,54606.1,54579.9,54595.0,0
2026-09-28 12:43:00,54594.45,54619.4,54593.6,54611.85,0
2026-09-28 12:44:00,54613.05,54614.65,54591.35,54593.15,0
2026-09-28 12:45:00,54593.65,54600.95,54575.0,54585.2,0
2026-09-28 12:46:00,54588.9,54607.15,54584.85,54604.8,0
2026-09-28 12:47:00,54605.0,54605.65,54577.65,54594.45,0
2026-09-28 12:48:00,54599.4,54606.4,54584.6,54595.55,0
2026-09-28 12:49:00,54595.45,54608.0,54593.9,54602.85,0
2026-09-28 12:50:00,54602.25,54612.5,54599.3,54604.25,0
2026-09-28 12:51:00,54603.4,54605.4,54588.7,54596.4,0
2026-09-28 12:52:00,54594.75,54602.0,54579.45,54579.9,0
2026-09-28 12:53:00,54580.75,54586.45,54565.2,54586.45,0
2026-09-28 12:54:00,54585.25,54599.0,54583.55,54594.55,0
2026-09-28 12:55:00,54593.35,54596.0,54582.35,54584.6,0
2026-09-28 12:56:00,54586.2,54594.6,54575.3,54585.75,0
2026-09-28 12:57:00,54585.5,54587.95,54558.3,54558.45,0
2026-09-28 12:58:00,54561.8,54585.05,54560.35,54584.85,0
2026-09-28 12:59:00,54584.95,54589.25,54570.65,54572.8,0
2026-09-28 13:00:00,54572.75,54584.0,54568.9,54576.25,0
2026-09-28 13:01:00,54578.4,54595.05,54574.7,54591.05,0
2026-09-28 13:02:00,54590.6,54592.15,54572.35,54575.3,0
2026-09-28 13:03:00,54578.8,54588.85,54570.55,54575.4,0
2026-09-28 13:04:00,54576.0,54577.05,54547.0,54548.9,0
2026-09-28 13:05:00,54552.35,54565.95,54547.6,54565.95,0
2026-09-28 13:06:00,54569.3,54574.6,54553.6,54566.0,0
2026-09-28 13:07:00,54565.5,54567.2,54531.6,54540.8,0
2026-09-28 13:08:00,54546.0,54549.35,54523.6,54535.65,0
2026-09-28 13:09:00,54537.7,54562.45,54536.0,54562.2,0
2026-09-28 13:10:00,54563.25,54585.2,54560.2,54584.35,0
2026-09-28 13:11:00,54585.9,54599.1,54576.9,54584.6,0
2026-09-28 13:12:00,54587.55,54589.9,54566.6,54568.75,0
2026-09-28 13:13:00,54572.05,54584.8,54569.8,54582.55,0
2026-09-28 13:14:00,54584.1,54587.1,54564.65,54571.4,0
2026-09-28 13:15:00,54570.1,54584.25,54569.1,54575.8,0
2026-09-28 13:16:00,54573.0,54583.6,54564.9,54578.8,0
2026-09-28 13:17:00,54578.6,54589.7,54564.35,54582.1,0
2026-09-28 13:18:00,54582.95,54585.7,54568.35,54570.75,0
2026-09-28 13:19:00,54572.9,54583.8,54561.15,54578.95,0
2026-09-28 13:20:00,54579.6,54584.2,54565.55,54567.05,0
2026-09-28 13:21:00,54568.25,54579.05,54559.65,54576.2,0
2026-09-28 13:22:00,54574.95,54596.55,54574.95,54596.5,0
2026-09-28 13:23:00,54596.55,54609.95,54588.1,54607.8,0
2026-09-28 13:24:00,54606.15,54611.55,54597.75,54601.9,0
2026-09-28 13:25:00,54602.05,54607.1,54592.8,54606.05,0
2026-09-28 13:26:00,54607.55,54621.05,54601.55,54612.45,0
2026-09-28 13:27:00,54614.55,54627.25,54610.95,54622.5,0
2026-09-28 13:28:00,54621.5,54625.5,54607.4,54610.45,0
2026-09-28 13:29:00,54613.4,54627.55,54608.9,54623.65,0
2026-09-28 13:30:00,54622.35,54628.55,54600.05,54605.8,0
2026-09-28 13:31:00,54605.2,54610.75,54583.15,54589.6,0
2026-09-28 13:32:00,54584.1,54595.45,54576.5,54589.25,0
2026-09-28 13:33:00,54586.6,54594.85,54579.7,54579.95,0
2026-09-28 13:34:00,54580.7,54584.55,54561.45,54564.5,0
2026-09-28 13:35:00,54565.85,54576.4,54559.95,54563.9,0
2026-09-28 13:36:00,54562.9,54570.6,54558.0,54562.85,0
2026-09-28 13:37:00,54563.55,54570.5,54547.6,54550.05,0
2026-09-28 13:38:00,54550.95,54556.7,54544.8,54548.95,0
2026-09-28 13:39:00,54548.1,54582.8,54544.65,54578.8,0
2026-09-28 13:40:00,54577.6,54580.25,54568.65,54579.05,0
2026-09-28 13:41:00,54578.0,54593.1,54576.3,54587.95,0
2026-09-28 13:42:00,54591.75,54591.75,54570.85,54585.3,0
2026-09-28 13:43:00,54583.2,54585.35,54557.7,54564.4,0
2026-09-28 13:44:00,54565.25,54582.95,54553.5,54579.2,0
2026-09-28 13:45:00,54580.0,54590.35,54571.7,54575.15,0
2026-09-28 13:46:00,54576.0,54592.05,54575.55,54588.5,0
2026-09-28 13:47:00,54589.75,54600.5,54576.45,54580.4,0
2026-09-28 13:48:00,54579.05,54585.7,54555.35,54561.6,0
2026-09-28 13:49:00,54559.95,54567.75,54543.8,54566.3,0
2026-09-28 13:50:00,54566.65,54579.95,54564.6,54577.9,0
2026-09-28 13:51:00,54575.85,54581.3,54566.75,54569.3,0
2026-09-28 13:52:00,54573.4,54599.5,54569.8,54594.1,0
2026-09-28 13:53:00,54597.4,54599.05,54568.15,54571.7,0
2026-09-28 13:54:00,54575.0,54579.05,54557.5,54561.85,0
2026-09-28 13:55:00,54564.55,54569.9,54552.75,54564.6,0
2026-09-28 13:56:00,54566.55,54591.7,54563.3,54580.75,0
2026-09-28 13:57:00,54582.25,54587.8,54567.85,54567.85,0
2026-09-28 13:58:00,54569.95,54587.8,54564.6,54577.8,0
2026-09-28 13:59:00,54580.45,54589.15,54577.35,54581.55,0
2026-09-28 14:00:00,54582.6,54593.25,54581.8,54588.6,0
2026-09-28 14:01:00,54589.6,54589.9,54563.0,54574.6,0
2026-09-28 14:02:00,54572.85,54574.45,54552.35,54560.5,0
2026-09-28 14:03:00,54559.9,54573.3,54556.8,54564.3,0
2026-09-28 14:04:00,54568.6,54576.8,54562.15,54566.65,0
2026-09-28 14:05:00,54567.2,54576.9,54565.8,54573.05,0
2026-09-28 14:06:00,54574.15,54581.55,54556.6,54558.4,0
2026-09-28 14:07:00,54560.6,54572.6,54557.45,54561.6,0
2026-09-28 14:08:00,54562.65,54574.25,54548.0,54565.35,0
2026-09-28 14:09:00,54569.3,54569.7,54540.65,54551.95,0
2026-09-28 14:10:00,54554.5,54574.25,54546.2,54570.9,0
2026-09-28 14:11:00,54571.5,54576.9,54552.55,54573.15,0
2026-09-28 14:12:00,54576.15,54581.25,54569.2,54572.9,0
2026-09-28 14:13:00,54575.95,54577.75,54537.8,54546.05,0
2026-09-28 14:14:00,54548.1,54563.6,54535.7,54560.95,0
2026-09-28 14:15:00,54563.95,54571.4,54534.1,54536.2,0
2026-09-28 14:16:00,54538.85,54541.6,54527.0,54534.9,0
2026-09-28 14:17:00,54536.9,54537.05,54503.8,54513.05,0
2026-09-28 14:18:00,54514.0,54526.1,54478.6,54491.95,0
2026-09-28 14:19:00,54496.1,54504.7,54474.3,54488.25,0
2026-09-28 14:20:00,54490.95,54525.65,54487.6,54512.7,0
2026-09-28 14:21:00,54514.15,54529.8,54506.55,54521.25,0
2026-09-28 14:22:00,54521.8,54524.9,54507.1,54507.5,0
2026-09-28 14:23:00,54508.2,54518.1,54492.8,54511.0,0
2026-09-28 14:24:00,54514.15,54525.2,54509.2,54515.55,0
2026-09-28 14:25:00,54518.9,54537.85,54513.55,54529.85,0
2026-09-28 14:26:00,54534.3,54537.15,54526.25,54529.35,0
2026-09-28 14:27:00,54533.2,54543.25,54523.0,54538.25,0
2026-09-28 14:28:00,54540.65,54541.45,54519.25,54519.25,0
2026-09-28 14:29:00,54519.0,54534.4,54515.15,54518.25,0
2026-09-28 14:30:00,54516.65,54543.3,54514.4,54541.05,0
2026-09-28 14:31:00,54544.45,54547.95,54518.25,54522.65,0
2026-09-28 14:32:00,54524.55,54527.1,54502.1,54505.75,0
2026-09-28 14:33:00,54506.3,54508.95,54496.6,54504.5,0
2026-09-28 14:34:00,54503.05,54503.8,54477.75,54489.2,0
2026-09-28 14:35:00,54491.2,54495.6,54479.1,54486.95,0
2026-09-28 14:36:00,54489.3,54509.05,54485.0,54496.3,0
2026-09-28 14:37:00,54494.2,54502.25,54484.0,54485.4,0
2026-09-28 14:38:00,54486.65,54487.5,54443.2,54457.55,0
2026-09-28 14:39:00,54458.35,54458.75,54437.7,54453.35,0
2026-09-28 14:40:00,54454.75,54462.3,54443.2,54459.15,0
2026-09-28 14:41:00,54461.05,54484.0,54452.25,54467.7,0
2026-09-28 14:42:00,54469.15,54473.25,54451.25,54457.8,0
2026-09-28 14:43:00,54455.6,54459.55,54441.55,54450.95,0
2026-09-28 14:44:00,54451.3,54460.15,54446.7,54457.2,0
2026-09-28 14:45:00,54456.55,54468.0,54452.0,54460.75,0
2026-09-28 14:46:00,54460.6,54501.0,54451.55,54499.7,0
2026-09-28 14:47:00,54500.25,54503.0,54488.0,54491.35,0
2026-09-28 14:48:00,54490.9,54499.8,54483.0,54498.65,0
2026-09-28 14:49:00,54497.95,54529.1,54491.4,54521.25,0
2026-09-28 14:50:00,54523.65,54530.05,54510.25,54523.8,0
2026-09-28 14:51:00,54525.6,54529.85,54504.2,54504.8,0
2026-09-28 14:52:00,54506.4,54520.55,54499.05,54515.2,0
2026-09-28 14:53:00,54521.7,54525.65,54511.1,54517.8,0
2026-09-28 14:54:00,54521.35,54527.05,54511.3,54512.1,0
2026-09-28 14:55:00,54513.8,54516.6,54498.15,54507.35,0
2026-09-28 14:56:00,54507.8,54511.55,54494.15,54495.8,0
2026-09-28 14:57:00,54497.05,54510.65,54491.25,54501.7,0
2026-09-28 14:58:00,54503.85,54509.5,54481.5,54481.5,0
2026-09-28 14:59:00,54485.3,54495.75,54479.7,54492.85,0
2026-09-28 15:00:00,54494.25,54497.75,54484.85,54490.65,0
2026-09-28 15:01:00,54490.9,54502.95,54487.45,54490.9,0
2026-09-28 15:02:00,54492.8,54494.1,54470.3,54478.8,0
2026-09-28 15:03:00,54481.9,54505.2,54477.3,54500.8,0
2026-09-28 15:04:00,54501.0,54512.75,54496.35,54499.3,0
2026-09-28 15:05:00,54501.1,54501.1,54477.7,54485.25,0
2026-09-28 15:06:00,54484.75,54487.1,54468.5,54479.2,0
2026-09-28 15:07:00,54481.55,54482.6,54471.65,54476.6,0
2026-09-28 15:08:00,54476.75,54482.35,54470.7,54481.3,0
2026-09-28 15:09:00,54481.1,54483.1,54462.45,54480.5,0
2026-09-28 15:10:00,54478.85,54512.6,54468.8,54496.8,0
2026-09-28 15:11:00,54494.95,54497.0,54469.2,54482.5,0
2026-09-28 15:12:00,54485.75,54485.75,54447.4,54463.85,0
2026-09-28 15:13:00,54469.8,54477.95,54455.95,54470.25,0
2026-09-28 15:14:00,54463.5,54484.75,54450.35,54467.7,0
2026-09-28 15:29:00,54471.65,54471.65,54471.65,54471.65,0
2026-09-29 09:15:00,54283.6,54405.3,54226.25,54392.65,0
2026-09-29 09:16:00,54392.2,54398.65,54307.4,54317.8,0
2026-09-29 09:17:00,54321.3,54364.45,54302.15,54311.55,0
2026-09-29 09:18:00,54302.95,54320.25,54247.25,54255.25,0
2026-09-29 09:19:00,54250.05,54281.1,54236.05,54240.7,0
2026-09-29 09:20:00,54245.6,54247.3,54168.5,54170.65,0
2026-09-29 09:21:00,54167.2,54170.0,54063.95,54070.75,0
2026-09-29 09:22:00,54068.25,54080.2,54007.65,54067.0,0
2026-09-29 09:23:00,54069.75,54092.85,54057.7,54070.8,0
2026-09-29 09:24:00,54064.6,54077.65,54033.3,54041.85,0
2026-09-29 09:25:00,54044.0,54047.35,53997.45,54020.8,0
2026-09-29 09:26:00,54014.15,54020.95,53957.85,53964.0,0
2026-09-29 09:27:00,53957.95,53965.45,53923.45,53938.55,0
2026-09-29 09:28:00,53935.95,53942.75,53898.35,53907.25,0
2026-09-29 09:29:00,53905.35,53913.6,53894.6,53911.25,0
2026-09-29 09:30:00,53908.1,53946.4,53908.1,53926.1,0
2026-09-29 09:31:00,53923.35,53930.95,53892.25,53901.15,0
2026-09-29 09:32:00,53899.8,53922.8,53862.0,53874.3,0
2026-09-29 09:33:00,53869.2,53894.65,53854.65,53876.95,0
2026-09-29 09:34:00,53878.25,53901.7,53869.5,53891.1,0
2026-09-29 09:35:00,53890.8,53907.15,53850.75,53857.4,0
2026-09-29 09:36:00,53853.55,53854.25,53804.25,53820.35,0
2026-09-29 09:37:00,53824.4,53828.5,53801.35,53811.0,0
2026-09-29 09:38:00,53815.7,53837.9,53808.5,53821.95,0
2026-09-29 09:39:00,53821.0,53828.9,53794.55,53798.95,0
2026-09-29 09:40:00,53798.85,53842.75,53788.0,53829.15,0
2026-09-29 09:41:00,53833.05,53896.95,53821.35,53892.5,0
2026-09-29 09:42:00,53888.7,53919.85,53880.55,53914.85,0
2026-09-29 09:43:00,53907.85,53917.55,53857.1,53878.25,0
2026-09-29 09:44:00,53877.2,53889.55,53859.35,53869.75,0
2026-09-29 09:45:00,53867.95,53888.15,53832.55,53862.45,0
2026-09-29 09:46:00,53863.3,53883.45,53851.65,53879.7,0
2026-09-29 09:47:00,53874.15,53895.4,53873.45,53873.75,0
2026-09-29 09:48:00,53871.45,53875.5,53848.9,53857.6,0
2026-09-29 09:49:00,53855.0,53858.85,53838.55,53846.2,0
2026-09-29 09:50:00,53845.3,53863.05,53841.65,53856.85,0
2026-09-29 09:51:00,53852.9,53892.35,53847.6,53889.25,0
2026-09-29 09:52:00,53886.1,53895.55,53872.55,53890.05,0
2026-09-29 09:53:00,53889.85,53892.0,53871.95,53876.7,0
2026-09-29 09:54:00,53879.2,53916.85,53869.2,53908.7,0
2026-09-29 09:55:00,53906.1,53960.45,53905.8,53940.4,0
2026-09-29 09:56:00,53935.3,53939.6,53890.85,53903.5,0
2026-09-29 09:57:00,53896.65,53923.55,53870.55,53923.55,0
2026-09-29 09:58:00,53919.75,53927.6,53879.55,53883.15,0
2026-09-29 09:59:00,53879.45,53885.15,53864.3,53871.2,0
2026-09-29 10:00:00,53870.2,53880.05,53852.05,53863.5,0
2026-09-29 10:01:00,53865.3,53866.05,53832.35,53842.8,0
2026-09-29 10:02:00,53841.8,53847.0,53828.1,53840.3,0
2026-09-29 10:03:00,53839.0,53877.45,53839.0,53868.8,0
2026-09-29 10:04:00,53864.2,53876.2,53847.75,53853.45,0
2026-09-29 10:05:00,53854.55,53863.25,53840.95,53843.65,0
2026-09-29 10:06:00,53836.65,53844.55,53824.65,53832.95,0
2026-09-29 10:07:00,53830.3,53862.05,53824.35,53861.45,0
2026-09-29 10:08:00,53860.8,53875.2,53831.15,53861.75,0
2026-09-29 10:09:00,53856.2,53864.9,53842.0,53848.95,0
2026-09-29 10:10:00,53840.9,53850.9,53829.95,53831.6,0
2026-09-29 10:11:00,53825.9,53830.3,53797.6,53812.15,0
2026-09-29 10:12:00,53809.05,53828.25,53807.3,53817.95,0
2026-09-29 10:13:00,53817.05,53822.7,53808.4,53816.2,0
2026-09-29 10:14:00,53814.1,53825.0,53810.2,53818.6,0
2026-09-29 10:15:00,53817.5,53853.35,53811.1,53847.95,0
2026-09-29 10:16:00,53844.15,53846.4,53829.55,53832.45,0
2026-09-29 10:17:00,53831.6,53842.5,53825.65,53828.35,0
2026-09-29 10:18:00,53823.7,53839.6,53821.8,53831.55,0
2026-09-29 10:19:00,53830.4,53848.55,53823.85,53826.75,0
2026-09-29 10:20:00,53822.65,53831.05,53803.8,53823.85,0
2026-09-29 10:21:00,53821.35,53824.7,53785.7,53796.95,0
2026-09-29 10:22:00,53797.95,53826.2,53790.45,53800.25,0
2026-09-29 10:23:00,53794.6,53812.85,53793.1,53804.8,0
2026-09-29 10:24:00,53803.5,53831.45,53803.5,53831.4,0
2026-09-29 10:25:00,53826.75,53839.95,53820.2,53834.4,0
2026-09-29 10:26:00,53833.25,53870.4,53833.25,53867.9,0
2026-09-29 10:27:00,53865.0,53871.6,53855.9,53857.65,0
2026-09-29 10:28:00,53857.3,53875.0,53853.05,53875.0,0
2026-09-29 10:29:00,53873.4,53894.05,53869.3,53873.3,0
2026-09-29 10:30:00,53870.45,53886.75,53865.85,53869.1,0
2026-09-29 10:31:00,53868.95,53879.75,53850.9,53851.5,0
2026-09-29 10:32:00,53850.2,53859.55,53828.85,53833.55,0
2026-09-29 10:33:00,53829.65,53844.0,53824.5,53830.25,0
2026-09-29 10:34:00,53826.9,53858.3,53826.9,53857.05,0
2026-09-29 10:35:00,53855.45,53883.45,53852.35,53877.55,0
2026-09-29 10:36:00,53880.75,53889.8,53850.3,53865.65,0
2026-09-29 10:37:00,53863.3,53879.7,53856.4,53866.0,0
2026-09-29 10:38:00,53863.3,53895.6,53863.3,53890.55,0
2026-09-29 10:39:00,53886.45,53908.2,53886.45,53895.95,0
2026-09-29 10:40:00,53894.2,53896.05,53877.2,53879.35,0
2026-09-29 10:41:00,53876.65,53909.1,53876.65,53904.5,0
2026-09-29 10:42:00,53899.4,53911.8,53895.95,53911.8,0
2026-09-29 10:43:00,53908.5,53971.35,53908.5,53950.95,0
2026-09-29 10:44:00,53949.3,53961.7,53947.9,53954.45,0
2026-09-29 10:45:00,53950.15,53958.9,53926.0,53926.4,0
2026-09-29 10:46:00,53926.9,53937.8,53902.7,53909.0,0
2026-09-29 10:47:00,53904.55,53915.2,53883.7,53890.05,0
2026-09-29 10:48:00,53887.15,53892.35,53865.2,53878.7,0
2026-09-29 10:49:00,53878.4,53900.8,53873.05,53898.9,0
2026-09-29 10:50:00,53896.9,53905.2,53875.8,53899.4,0
2026-09-29 10:51:00,53899.0,53910.15,53893.0,53903.2,0
2026-09-29 10:52:00,53899.7,53928.0,53898.5,53918.7,0
2026-09-29 10:53:00,53922.35,53937.45,53918.8,53922.55,0
2026-09-29 10:54:00,53924.35,53951.5,53923.05,53943.55,0
2026-09-29 10:55:00,53943.75,53967.3,53941.95,53955.25,0
2026-09-29 10:56:00,53955.5,53985.35,53954.3,53964.25,0
2026-09-29 10:57:00,53965.2,53986.3,53962.85,53983.15,0
2026-09-29 10:58:00,53982.95,54023.65,53982.0,53987.4,0
2026-09-29 10:59:00,53983.1,54003.45,53982.0,53993.9,0
2026-09-29 11:00:00,53990.75,54000.4,53971.05,53983.1,0
2026-09-29 11:01:00,53980.15,53985.85,53947.7,53952.2,0
2026-09-29 11:02:00,53949.95,53959.55,53924.15,53930.55,0
2026-09-29 11:03:00,53926.35,53954.15,53926.35,53952.5,0
2026-09-29 11:04:00,53950.9,53954.9,53928.0,53941.35,0
2026-09-29 11:05:00,53942.7,53951.1,53920.8,53927.95,0
2026-09-29 11:06:00,53924.25,53951.15,53918.8,53944.6,0
2026-09-29 11:07:00,53942.45,53967.65,53940.6,53961.4,0
2026-09-29 11:08:00,53956.15,53960.85,53929.85,53941.45,0
2026-09-29 11:09:00,53936.9,53986.1,53936.9,53971.8,0
2026-09-29 11:10:00,53971.2,54071.05,53960.95,54037.55,0
2026-09-29 11:11:00,54035.7,54084.25,54035.7,54062.1,0
2026-09-29 11:12:00,54059.6,54112.25,54059.35,54101.55,0
2026-09-29 11:13:00,54098.0,54158.8,54091.65,54153.2,0
2026-09-29 11:14:00,54151.7,54191.3,54137.45,54151.55,0
2026-09-29 11:15:00,54151.65,54176.35,54146.9,54164.7,0
2026-09-29 11:16:00,54160.8,54169.6,54101.05,54119.8,0
2026-09-29 11:17:00,54120.05,54138.15,54099.25,54099.7,0
2026-09-29 11:18:00,54096.7,54109.6,54070.55,54106.5,0
2026-09-29 11:19:00,54105.85,54136.95,54104.5,54131.25,0
2026-09-29 11:20:00,54130.35,54170.8,54125.55,54156.8,0
2026-09-29 11:21:00,54157.05,54157.75,54127.6,54145.45,0
2026-09-29 11:22:00,54143.85,54159.7,54134.55,54146.25,0
2026-09-29 11:23:00,54147.95,54159.75,54141.85,54147.6,0
2026-09-29 11:24:00,54143.85,54148.55,54107.95,54112.3,0
2026-09-29 11:25:00,54111.75,54126.2,54107.4,54120.4,0
2026-09-29 11:26:00,54114.6,54130.6,54109.45,54121.4,0
2026-09-29 11:27:00,54118.05,54141.5,54110.05,54124.3,0
2026-09-29 11:28:00,54124.95,54162.25,54121.05,54153.85,0
2026-09-29 11:29:00,54150.15,54187.6,54150.15,54183.05,0
2026-09-29 11:30:00,54182.05,54242.1,54180.35,54211.4,0
2026-09-29 11:31:00,54210.3,54249.0,54210.3,54238.9,0
2026-09-29 11:32:00,54238.8,54243.7,54216.15,54235.0,0
2026-09-29 11:33:00,54240.0,54289.9,54236.9,54276.6,0
2026-09-29 11:34:00,54273.55,54280.5,54246.65,54256.25,0
2026-09-29 11:35:00,54254.75,54264.45,54224.3,54239.05,0
2026-09-29 11:36:00,54242.85,54251.0,54229.2,54241.95,0
2026-09-29 11:37:00,54242.55,54243.6,54206.35,54232.0,0
2026-09-29 11:38:00,54231.3,54232.0,54206.95,54224.45,0
2026-09-29 11:39:00,54221.05,54271.65,54221.05,54261.65,0
2026-09-29 11:40:00,54260.05,54299.15,54259.5,54275.7,0
2026-09-29 11:41:00,54275.65,54289.85,54269.0,54275.8,0
2026-09-29 11:42:00,54274.85,54281.65,54260.4,54264.3,0
2026-09-29 11:43:00,54262.25,54265.7,54234.6,54241.7,0
2026-09-29 11:44:00,54241.6,54288.7,54241.6,54277.2,0
2026-09-29 11:45:00,54276.45,54292.05,54266.35,54271.75,0
2026-09-29 11:46:00,54268.5,54279.05,54260.0,54260.1,0
2026-09-29 11:47:00,54262.75,54262.75,54225.65,54253.9,0
2026-09-29 11:48:00,54251.55,54255.6,54237.2,54243.95,0
2026-09-29 11:49:00,54242.75,54274.1,54240.25,54270.1,0
2026-09-29 11:50:00,54267.9,54271.4,54244.55,54246.9,0
2026-09-29 11:51:00,54240.05,54285.35,54238.45,54278.15,0
2026-09-29 11:52:00,54273.45,54289.25,54261.8,54287.25,0
2026-09-29 11:53:00,54289.25,54298.15,54272.65,54280.05,0
2026-09-29 11:54:00,54276.8,54283.2,54266.2,54269.85,0
2026-09-29 11:55:00,54268.1,54317.3,54268.1,54311.75,0
2026-09-29 11:56:00,54310.5,54330.55,54307.4,54313.85,0
2026-09-29 11:57:00,54313.55,54331.15,54310.5,54321.2,0
2026-09-29 11:58:00,54319.45,54332.25,54309.9,54319.5,0
2026-09-29 11:59:00,54316.7,54330.9,54312.4,54328.15,0
2026-09-29 12:00:00,54324.5,54337.45,54316.55,54333.85,0
2026-09-29 12:01:00,54329.4,54365.75,54327.5,54348.7,0
2026-09-29 12:02:00,54348.55,54349.8,54323.75,54344.7,0
2026-09-29 12:03:00,54341.35,54370.05,54337.05,54365.3,0
2026-09-29 12:04:00,54365.25,54384.5,54356.6,54381.5,0
2026-09-29 12:05:00,54378.95,54390.25,54377.05,54379.2,0
2026-09-29 12:06:00,54377.95,54388.45,54374.2,54378.15,0
2026-09-29 12:07:00,54376.2,54397.1,54373.1,54392.6,0
2026-09-29 12:08:00,54387.9,54394.15,54374.35,54388.3,0
2026-09-29 12:09:00,54387.9,54394.55,54360.25,54371.95,0
2026-09-29 12:10:00,54370.6,54379.7,54357.85,54365.95,0
2026-09-29 12:11:00,54363.6,54369.2,54350.75,54353.65,0
2026-09-29 12:12:00,54353.3,54359.1,54316.25,54347.85,0
2026-09-29 12:13:00,54345.1,54372.75,54339.0,54355.25,0
2026-09-29 12:14:00,54356.45,54374.9,54352.05,54362.6,0
2026-09-29 12:15:00,54361.95,54374.65,54354.05,54367.15,0
2026-09-29 12:16:00,54366.3,54393.45,54355.1,54385.5,0
2026-09-29 12:17:00,54380.55,54390.45,54366.6,54387.45,0
2026-09-29 12:18:00,54384.1,54386.9,54361.25,54368.55,0
2026-09-29 12:19:00,54366.05,54370.1,54344.35,54346.85,0
2026-09-29 12:20:00,54344.5,54358.25,54301.5,54327.55,0
2026-09-29 12:21:00,54325.0,54328.35,54309.55,54315.6,0
2026-09-29 12:22:00,54316.0,54317.45,54281.35,54307.3,0
2026-09-29 12:23:00,54303.45,54308.75,54291.5,54304.0,0
2026-09-29 12:24:00,54300.4,54305.45,54284.25,54288.55,0
2026-09-29 12:25:00,54287.15,54296.95,54270.85,54275.3,0
2026-09-29 12:26:00,54272.1,54273.7,54242.5,54250.4,0
2026-09-29 12:27:00,54250.65,54257.4,54205.35,54214.3,0
2026-09-29 12:28:00,54216.7,54217.65,54169.3,54186.3,0
2026-09-29 12:29:00,54187.3,54192.85,54175.4,54179.3,0
2026-09-29 12:30:00,54180.75,54185.65,54115.05,54130.55,0
2026-09-29 12:31:00,54135.2,54136.7,54087.5,54115.7,0
2026-09-29 12:32:00,54111.6,54118.25,54031.4,54044.0,0
2026-09-29 12:33:00,54043.55,54055.3,53977.55,54042.85,0
2026-09-29 12:34:00,54043.4,54088.2,54043.05,54069.1,0
2026-09-29 12:35:00,54068.05,54107.0,54068.05,54098.2,0
2026-09-29 12:36:00,54094.95,54134.85,54084.35,54129.35,0
2026-09-29 12:37:00,54127.25,54137.8,54108.65,54109.75,0
2026-09-29 12:38:00,54107.0,54130.6,54099.5,54129.2,0
2026-09-29 12:39:00,54128.6,54170.85,54125.55,54164.35,0
2026-09-29 12:40:00,54164.15,54196.2,54160.2,54185.55,0
2026-09-29 12:41:00,54186.1,54234.85,54175.1,54223.15,0
2026-09-29 12:42:00,54223.0,54226.0,54197.4,54204.1,0
2026-09-29 12:43:00,54200.4,54211.0,54178.3,54184.3,0
2026-09-29 12:44:00,54181.15,54184.2,54113.6,54118.15,0
2026-09-29 12:45:00,54116.05,54171.1,54111.2,54135.45,0
2026-09-29 12:46:00,54135.8,54138.4,54115.85,54126.1,0
2026-09-29 12:47:00,54123.9,54162.7,54116.4,54155.85,0
2026-09-29 12:48:00,54153.85,54185.25,54151.45,54184.45,0
2026-09-29 12:49:00,54181.6,54188.9,54164.45,54167.2,0
2026-09-29 12:50:00,54165.2,54190.05,54157.6,54186.2,0
2026-09-29 12:51:00,54184.0,54203.05,54169.1,54199.75,0
2026-09-29 12:52:00,54199.65,54236.35,54188.65,54220.15,0
2026-09-29 12:53:00,54216.6,54245.6,54212.0,54243.35,0
2026-09-29 12:54:00,54241.85,54264.95,54233.9,54240.15,0
2026-09-29 12:55:00,54240.05,54259.1,54226.1,54252.45,0
2026-09-29 12:56:00,54253.65,54304.75,54249.1,54299.9,0
2026-09-29 12:57:00,54298.2,54347.35,54289.9,54313.25,0
2026-09-29 12:58:00,54308.45,54312.55,54271.55,54287.9,0
2026-09-29 12:59:00,54288.15,54294.15,54270.75,54276.55,0
2026-09-29 13:00:00,54275.95,54290.25,54268.1,54288.05,0
2026-09-29 13:01:00,54284.6,54287.25,54253.4,54267.8,0
2026-09-29 13:02:00,54267.6,54286.2,54253.85,54258.55,0
2026-09-29 13:03:00,54257.5,54291.0,54247.9,54276.65,0
2026-09-29 13:04:00,54277.4,54280.35,54250.5,54256.75,0
2026-09-29 13:05:00,54255.45,54264.95,54247.3,54260.15,0
2026-09-29 13:06:00,54261.55,54266.15,54244.1,54248.05,0
2026-09-29 13:07:00,54249.05,54270.25,54249.05,54260.55,0
2026-09-29 13:08:00,54259.6,54287.1,54254.55,54271.15,0
2026-09-29 13:09:00,54272.75,54336.3,54271.8,54315.45,0
2026-09-29 13:10:00,54314.65,54315.15,54284.0,54302.3,0
2026-09-29 13:11:00,54299.75,54305.5,54265.2,54269.9,0
2026-09-29 13:12:00,54265.5,54274.45,54255.7,54267.1,0
2026-09-29 13:13:00,54267.55,54285.05,54258.2,54263.25,0
2026-09-29 13:14:00,54262.9,54273.7,54247.4,54266.5,0
2026-09-29 13:15:00,54263.1,54268.65,54223.1,54231.1,0
2026-09-29 13:16:00,54227.8,54245.25,54222.35,54235.7,0
2026-09-29 13:17:00,54233.65,54270.9,54232.45,54253.3,0
2026-09-29 13:18:00,54252.5,54270.85,54252.5,54262.4,0
2026-09-29 13:19:00,54259.85,54265.25,54212.75,54212.75,0
2026-09-29 13:20:00,54212.9,54223.95,54196.75,54208.75,0
2026-09-29 13:21:00,54206.7,54227.1,54205.95,54223.25,0
2026-09-29 13:22:00,54219.35,54226.85,54200.0,54200.0,0
2026-09-29 13:23:00,54201.45,54211.3,54194.25,54201.1,0
2026-09-29 13:24:00,54204.2,54213.5,54190.6,54202.3,0
2026-09-29 13:25:00,54198.9,54251.2,54198.9,54246.9,0
2026-09-29 13:26:00,54245.2,54254.55,54218.5,54225.75,0
2026-09-29 13:27:00,54222.7,54239.85,54214.55,54214.55,0
2026-09-29 13:28:00,54211.8,54227.75,54187.95,54218.25,0
2026-09-29 13:29:00,54217.6,54221.3,54198.5,54206.7,0
2026-09-29 13:30:00,54206.3,54218.85,54197.3,54211.9,0
2026-09-29 13:31:00,54215.3,54226.7,54207.55,54221.2,0
2026-09-29 13:32:00,54222.8,54240.05,54217.0,54228.2,0
2026-09-29 13:33:00,54223.05,54225.7,54206.2,54209.3,0
2026-09-29 13:34:00,54205.85,54220.45,54199.5,54206.05,0
2026-09-29 13:35:00,54202.1,54229.55,54198.9,54214.4,0
2026-09-29 13:36:00,54212.7,54223.3,54177.85,54181.7,0
2026-09-29 13:37:00,54179.95,54189.7,54163.6,54188.85,0
2026-09-29 13:38:00,54189.6,54192.7,54148.85,54153.95,0
2026-09-29 13:39:00,54155.75,54178.65,54152.1,54171.7,0
2026-09-29 13:40:00,54171.5,54179.35,54159.75,54175.4,0
2026-09-29 13:41:00,54175.05,54189.75,54170.65,54171.75,0
2026-09-29 13:42:00,54170.8,54194.0,54170.8,54174.85,0
2026-09-29 13:43:00,54173.75,54199.25,54162.0,54197.6,0
2026-09-29 13:44:00,54193.4,54213.05,54191.6,54204.05,0
2026-09-29 13:45:00,54202.6,54243.7,54199.55,54235.75,0
2026-09-29 13:46:00,54233.95,54246.7,54232.4,54242.25,0
2026-09-29 13:47:00,54238.65,54272.85,54238.65,54263.45,0
2026-09-29 13:48:00,54262.75,54266.3,54246.3,54259.75,0
2026-09-29 13:49:00,54255.7,54276.5,54255.7,54262.55,0
2026-09-29 13:50:00,54260.1,54278.65,54258.3,54275.2,0
2026-09-29 13:51:00,54272.8,54311.3,54272.6,54306.35,0
2026-09-29 13:52:00,54307.1,54322.1,54300.0,54306.4,0
2026-09-29 13:53:00,54304.65,54315.25,54295.4,54300.4,0
2026-09-29 13:54:00,54300.55,54304.15,54282.75,54297.95,0
2026-09-29 13:55:00,54296.25,54300.1,54270.7,54284.5,0
2026-09-29 13:56:00,54282.4,54314.05,54276.15,54308.2,0
2026-09-29 13:57:00,54305.5,54317.3,54294.15,54301.85,0
2026-09-29 13:58:00,54292.95,54322.15,54284.3,54318.25,0
2026-09-29 13:59:00,54317.95,54320.05,54297.35,54299.65,0
2026-09-29 14:00:00,54295.8,54321.85,54275.85,54282.0,0
2026-09-29 14:01:00,54280.8,54308.15,54272.35,54297.35,0
2026-09-29 14:02:00,54293.9,54309.35,54273.15,54277.7,0
2026-09-29 14:03:00,54273.4,54282.95,54243.3,54260.2,0
2026-09-29 14:04:00,54257.55,54268.35,54245.55,54250.4,0
2026-09-29 14:05:00,54247.55,54293.95,54244.3,54289.75,0
2026-09-29 14:06:00,54284.35,54302.7,54276.65,54289.6,0
2026-09-29 14:07:00,54286.15,54291.7,54248.95,54271.7,0
2026-09-29 14:08:00,54268.35,54280.7,54258.35,54276.85,0
2026-09-29 14:09:00,54272.55,54320.75,54268.2,54317.15,0
2026-09-29 14:10:00,54315.6,54341.8,54308.2,54312.8,0
2026-09-29 14:11:00,54311.45,54329.45,54305.7,54316.05,0
2026-09-29 14:12:00,54311.65,54318.75,54281.8,54299.6,0
2026-09-29 14:13:00,54299.3,54321.35,54293.4,54317.55,0
2026-09-29 14:14:00,54314.75,54319.25,54291.4,54295.9,0
2026-09-29 14:15:00,54281.85,54299.95,54266.85,54287.55,0
2026-09-29 14:16:00,54284.3,54306.35,54281.0,54282.45,0
2026-09-29 14:17:00,54279.1,54297.8,54278.05,54292.8,0
2026-09-29 14:18:00,54288.55,54304.55,54283.75,54299.1,0
2026-09-29 14:19:00,54293.5,54297.0,54271.15,54274.65,0
2026-09-29 14:20:00,54272.7,54282.35,54264.0,54277.55,0
2026-09-29 14:21:00,54274.2,54291.65,54269.95,54284.75,0
2026-09-29 14:22:00,54285.75,54290.0,54269.4,54276.65,0
2026-09-29 14:23:00,54277.1,54277.1,54247.65,54258.85,0
2026-09-29 14:24:00,54257.8,54270.2,54251.1,54255.4,0
2026-09-29 14:25:00,54256.0,54296.95,54254.1,54292.0,0
2026-09-29 14:26:00,54287.45,54310.5,54284.45,54298.85,0
2026-09-29 14:27:00,54297.15,54303.15,54273.75,54277.45,0
2026-09-29 14:28:00,54271.95,54290.05,54249.9,54286.8,0
2026-09-29 14:29:00,54282.25,54302.35,54281.9,54292.95,0
2026-09-29 14:30:00,54290.55,54325.0,54277.55,54325.0,0
2026-09-29 14:31:00,54317.5,54341.7,54315.2,54331.05,0
2026-09-29 14:32:00,54329.9,54347.8,54326.25,54326.8,0
2026-09-29 14:33:00,54325.1,54329.4,54281.3,54286.8,0
2026-09-29 14:34:00,54280.0,54304.15,54277.15,54297.1,0
2026-09-29 14:35:00,54292.4,54337.95,54287.95,54332.95,0
2026-09-29 14:36:00,54331.9,54332.85,54314.95,54326.1,0
2026-09-29 14:37:00,54325.9,54327.35,54311.35,54319.1,0
2026-09-29 14:38:00,54316.4,54335.85,54311.85,54323.55,0
2026-09-29 14:39:00,54323.75,54344.65,54320.45,54332.15,0
2026-09-29 14:40:00,54327.65,54335.6,54324.6,54333.05,0
2026-09-29 14:41:00,54328.05,54342.3,54318.55,54325.85,0
2026-09-29 14:42:00,54321.8,54327.2,54282.35,54303.5,0
2026-09-29 14:43:00,54298.95,54327.3,54298.4,54315.9,0
2026-09-29 14:44:00,54304.9,54320.05,54303.0,54306.55,0
2026-09-29 14:45:00,54306.0,54312.95,54276.2,54309.55,0
2026-09-29 14:46:00,54310.5,54323.7,54309.45,54317.7,0
2026-09-29 14:47:00,54317.1,54318.45,54301.1,54304.0,0
2026-09-29 14:48:00,54308.55,54329.8,54301.7,54324.35,0
2026-09-29 14:49:00,54328.95,54328.95,54316.7,54322.0,0
2026-09-29 14:50:00,54323.45,54330.05,54304.9,54318.0,0
2026-09-29 14:51:00,54321.15,54337.0,54316.7,54334.45,0
2026-09-29 14:52:00,54336.65,54341.5,54323.0,54333.55,0
2026-09-29 14:53:00,54334.15,54342.9,54324.35,54324.35,0
2026-09-29 14:54:00,54332.15,54342.95,54324.15,54340.05,0
2026-09-29 14:55:00,54345.05,54358.7,54336.6,54358.7,0
2026-09-29 14:56:00,54359.35,54368.65,54348.65,54350.2,0
2026-09-29 14:57:00,54352.85,54353.25,54335.95,54343.65,0
2026-09-29 14:58:00,54343.95,54344.3,54312.05,54312.05,0
2026-09-29 14:59:00,54317.55,54331.25,54313.95,54317.9,0
2026-09-29 15:00:00,54317.85,54339.3,54304.65,54316.95,0
2026-09-29 15:01:00,54326.7,54331.05,54300.1,54301.0,0
2026-09-29 15:02:00,54299.75,54305.75,54283.65,54297.9,0
2026-09-29 15:03:00,54296.65,54316.35,54283.35,54286.6,0
2026-09-29 15:04:00,54284.65,54299.75,54276.55,54287.45,0
2026-09-29 15:05:00,54285.3,54302.95,54276.8,54301.95,0
2026-09-29 15:06:00,54301.8,54336.0,54297.15,54335.3,0
2026-09-29 15:07:00,54331.7,54347.6,54325.0,54343.35,0
2026-09-29 15:08:00,54341.1,54348.45,54316.1,54325.9,0
2026-09-29 15:09:00,54322.75,54345.45,54321.5,54331.45,0
2026-09-29 15:10:00,54338.85,54383.3,54335.4,54376.95,0
2026-09-29 15:11:00,54376.0,54385.45,54369.4,54378.6,0
2026-09-29 15:12:00,54380.35,54389.05,54344.8,54360.55,0
2026-09-29 15:13:00,54363.45,54376.9,54349.15,54368.55,0
2026-09-29 15:14:00,54352.35,54374.65,54343.55,54364.9,0
2026-09-29 15:29:00,54259.95,54259.95,54259.95,54259.95,0
2026-09-30 09:15:00,54175.9,54538.85,54174.3,54428.4,0
2026-09-30 09:16:00,54431.65,54455.15,54393.8,54421.5,0
2026-09-30 09:17:00,54431.6,54438.85,54356.8,54391.4,0
2026-09-30 09:18:00,54394.05,54416.2,54366.45,54407.45,0
2026-09-30 09:19:00,54406.65,54456.35,54405.3,54428.55,0
2026-09-30 09:20:00,54431.4,54532.05,54431.4,54528.35,0
2026-09-30 09:21:00,54524.0,54553.7,54505.95,54543.75,0
2026-09-30 09:22:00,54538.45,54550.4,54506.5,54506.9,0
2026-09-30 09:23:00,54505.2,54609.85,54505.2,54603.8,0
2026-09-30 09:24:00,54601.6,54625.75,54582.4,54596.1,0
2026-09-30 09:25:00,54595.2,54617.1,54534.35,54535.1,0
2026-09-30 09:26:00,54537.8,54595.7,54535.05,54586.65,0
2026-09-30 09:27:00,54584.45,54606.45,54580.4,54603.9,0
2026-09-30 09:28:00,54602.3,54618.8,54598.1,54601.35,0
2026-09-30 09:29:00,54598.9,54612.25,54578.6,54578.6,0
2026-09-30 09:30:00,54565.95,54569.6,54525.05,54525.6,0
2026-09-30 09:31:00,54525.4,54546.3,54511.6,54524.05,0
2026-09-30 09:32:00,54522.2,54537.1,54517.2,54528.45,0
2026-09-30 09:33:00,54526.35,54528.1,54469.85,54472.4,0
2026-09-30 09:34:00,54469.15,54489.85,54468.05,54482.3,0
2026-09-30 09:35:00,54480.8,54543.9,54480.8,54539.65,0
2026-09-30 09:36:00,54538.45,54547.9,54499.7,54504.8,0
2026-09-30 09:37:00,54500.9,54536.0,54496.0,54517.5,0
2026-09-30 09:38:00,54516.15,54550.1,54514.85,54521.7,0
2026-09-30 09:39:00,54522.15,54533.25,54513.4,54514.0,0
2026-09-30 09:40:00,54512.95,54525.15,54497.95,54502.65,0
2026-09-30 09:41:00,54500.4,54544.2,54499.6,54538.45,0
2026-09-30 09:42:00,54539.2,54586.1,54538.45,54571.95,0
2026-09-30 09:43:00,54575.0,54603.5,54572.4,54594.75,0
2026-09-30 09:44:00,54594.8,54621.4,54586.3,54620.9,0
2026-09-30 09:45:00,54620.75,54674.2,54620.15,54657.25,0
2026-09-30 09:46:00,54656.15,54662.75,54638.2,54643.65,0
2026-09-30 09:47:00,54642.35,54646.75,54608.3,54611.05,0
2026-09-30 09:48:00,54610.5,54629.15,54588.25,54622.85,0
2026-09-30 09:49:00,54621.35,54637.65,54607.7,54613.2,0
2026-09-30 09:50:00,54612.95,54642.3,54605.65,54641.35,0
2026-09-30 09:51:00,54639.85,54652.8,54632.0,54639.85,0
2026-09-30 09:52:00,54640.2,54644.95,54595.55,54598.9,0
2026-09-30 09:53:00,54600.65,54652.35,54594.45,54647.6,0
2026-09-30 09:54:00,54644.3,54665.2,54636.75,54658.65,0
2026-09-30 09:55:00,54656.65,54671.65,54650.95,54654.55,0
2026-09-30 09:56:00,54656.5,54664.9,54648.85,54657.6,0
2026-09-30 09:57:00,54656.4,54660.3,54628.2,54638.4,0
2026-09-30 09:58:00,54635.9,54647.85,54633.65,54635.6,0
2026-09-30 09:59:00,54636.0,54641.6,54612.8,54615.85,0
2026-09-30 10:00:00,54615.05,54625.3,54606.6,54618.25,0
2026-09-30 10:01:00,54620.65,54624.4,54595.9,54611.55,0
2026-09-30 10:02:00,54612.8,54650.85,54612.8,54648.8,0
2026-09-30 10:03:00,54649.85,54677.9,54649.85,54664.15,0
2026-09-30 10:04:00,54662.55,54689.65,54660.2,54680.05,0
2026-09-30 10:05:00,54677.5,54720.25,54676.15,54713.0,0
2026-09-30 10:06:00,54715.2,54730.5,54711.1,54716.25,0
2026-09-30 10:07:00,54716.05,54730.7,54712.6,54725.95,0
2026-09-30 10:08:00,54726.1,54732.8,54704.9,54708.25,0
2026-09-30 10:09:00,54707.95,54727.4,54707.95,54720.05,0
2026-09-30 10:10:00,54720.1,54747.5,54717.85,54746.9,0
2026-09-30 10:11:00,54741.65,54759.8,54732.6,54734.1,0
2026-09-30 10:12:00,54733.5,54748.15,54727.35,54744.65,0
2026-09-30 10:13:00,54745.25,54757.2,54739.15,54739.85,0
2026-09-30 10:14:00,54742.15,54786.15,54738.95,54779.95,0
2026-09-30 10:15:00,54778.9,54789.3,54761.8,54763.15,0
2026-09-30 10:16:00,54762.45,54779.15,54754.35,54755.7,0
2026-09-30 10:17:00,54759.35,54785.8,54756.75,54766.95,0
2026-09-30 10:18:00,54767.7,54800.65,54764.95,54795.65,0
2026-09-30 10:19:00,54792.2,54799.15,54766.7,54787.05,0
2026-09-30 10:20:00,54783.85,54791.5,54768.75,54782.9,0
2026-09-30 10:21:00,54782.55,54791.95,54773.35,54777.9,0
2026-09-30 10:22:00,54781.2,54787.3,54763.25,54774.4,0
2026-09-30 10:23:00,54771.55,54791.15,54759.85,54760.2,0
2026-09-30 10:24:00,54759.2,54762.0,54750.5,54754.25,0
2026-09-30 10:25:00,54754.8,54762.3,54743.7,54756.05,0
2026-09-30 10:26:00,54752.4,54769.9,54746.9,54769.1,0
2026-09-30 10:27:00,54767.7,54777.6,54744.95,54745.4,0
2026-09-30 10:28:00,54747.1,54758.15,54744.2,54752.05,0
2026-09-30 10:29:00,54754.15,54754.15,54731.4,54735.75,0
2026-09-30 10:30:00,54735.65,54737.4,54704.3,54704.3,0
2026-09-30 10:31:00,54706.95,54728.75,54705.15,54713.8,0
2026-09-30 10:32:00,54710.9,54713.8,54696.6,54705.65,0
2026-09-30 10:33:00,54707.3,54713.55,54654.3,54659.7,0
2026-09-30 10:34:00,54656.85,54669.0,54625.2,54655.45,0
2026-09-30 10:35:00,54655.1,54655.1,54615.1,54617.3,0
2026-09-30 10:36:00,54616.65,54652.75,54613.45,54645.1,0
2026-09-30 10:37:00,54644.7,54676.85,54635.5,54676.85,0
2026-09-30 10:38:00,54676.0,54706.5,54672.85,54699.15,0
2026-09-30 10:39:00,54700.15,54725.4,54697.5,54721.8,0
2026-09-30 10:40:00,54723.9,54745.15,54719.5,54722.3,0
2026-09-30 10:41:00,54719.05,54729.7,54689.5,54689.5,0
2026-09-30 10:42:00,54689.7,54690.7,54673.15,54688.15,0
2026-09-30 10:43:00,54686.65,54699.95,54659.4,54664.55,0
2026-09-30 10:44:00,54663.4,54664.8,54637.9,54645.4,0
2026-09-30 10:45:00,54643.05,54663.15,54639.6,54654.45,0
2026-09-30 10:46:00,54654.25,54662.2,54651.2,54656.3,0
2026-09-30 10:47:00,54658.75,54693.45,54653.8,54692.1,0
2026-09-30 10:48:00,54692.15,54719.5,54691.25,54700.25,0
2026-09-30 10:49:00,54701.55,54710.25,54676.75,54705.6,0
2026-09-30 10:50:00,54705.25,54717.6,54703.65,54709.1,0
2026-09-30 10:51:00,54709.9,54734.75,54705.9,54725.6,0
2026-09-30 10:52:00,54728.1,54731.95,54697.65,54704.4,0
2026-09-30 10:53:00,54703.0,54708.9,54696.7,54707.8,0
2026-09-30 10:54:00,54707.2,54721.0,54707.2,54717.0,0
2026-09-30 10:55:00,54715.7,54720.8,54703.0,54706.4,0
2026-09-30 10:56:00,54707.2,54709.15,54678.8,54680.75,0
2026-09-30 10:57:00,54679.6,54684.4,54667.65,54669.55,0
2026-09-30 10:58:00,54669.8,54683.4,54663.75,54673.95,0
2026-09-30 10:59:00,54673.3,54680.9,54658.95,54668.15,0
2026-09-30 11:00:00,54666.0,54691.1,54656.15,54687.65,0
2026-09-30 11:01:00,54686.05,54739.0,54686.05,54738.8,0
2026-09-30 11:02:00,54734.45,54767.2,54734.45,54756.1,0
2026-09-30 11:03:00,54752.65,54769.9,54743.7,54763.05,0
2026-09-30 11:04:00,54757.45,54765.5,54742.3,54746.2,0
2026-09-30 11:05:00,54744.85,54745.75,54723.65,54728.35,0
2026-09-30 11:06:00,54727.45,54739.05,54725.85,54732.0,0
2026-09-30 11:07:00,54727.65,54742.0,54715.0,54717.5,0
2026-09-30 11:08:00,54719.15,54745.65,54719.15,54730.45,0
2026-09-30 11:09:00,54727.5,54742.3,54707.5,54715.95,0
2026-09-30 11:10:00,54717.0,54723.0,54706.3,54721.5,0
2026-09-30 11:11:00,54717.1,54731.3,54710.85,54717.35,0
2026-09-30 11:12:00,54719.7,54725.4,54706.65,54711.4,0
2026-09-30 11:13:00,54710.25,54719.75,54702.7,54715.6,0
2026-09-30 11:14:00,54714.3,54730.85,54709.45,54715.2,0
2026-09-30 11:15:00,54712.65,54717.25,54689.1,54700.15,0
2026-09-30 11:16:00,54697.05,54713.3,54696.65,54706.4,0
2026-09-30 11:17:00,54704.2,54706.8,54682.35,54684.05,0
2026-09-30 11:18:00,54683.85,54696.0,54677.3,54693.25,0
2026-09-30 11:19:00,54689.5,54714.7,54686.8,54706.45,0
2026-09-30 11:20:00,54707.7,54719.35,54698.25,54717.8,0
2026-09-30 11:21:00,54719.1,54725.65,54700.4,54703.2,0
2026-09-30 11:22:00,54699.7,54726.0,54699.7,54705.9,0
2026-09-30 11:23:00,54702.55,54717.35,54695.65,54713.75,0
2026-09-30 11:24:00,54713.55,54726.25,54706.2,54723.75,0
2026-09-30 11:25:00,54720.35,54735.75,54716.9,54731.65,0
2026-09-30 11:26:00,54732.25,54736.35,54717.25,54727.15,0
2026-09-30 11:27:00,54724.95,54744.3,54724.95,54727.75,0
2026-09-30 11:28:00,54727.25,54784.45,54724.1,54781.5,0
2026-09-30 11:29:00,54779.1,54792.65,54767.85,54775.5,0
2026-09-30 11:30:00,54773.65,54832.55,54773.65,54828.1,0
2026-09-30 11:31:00,54828.7,54841.75,54798.45,54812.9,0
2026-09-30 11:32:00,54810.35,54823.15,54808.45,54812.95,0
2026-09-30 11:33:00,54812.15,54822.9,54788.6,54800.15,0
2026-09-30 11:34:00,54798.0,54819.0,54792.2,54813.75,0
2026-09-30 11:35:00,54812.6,54843.3,54812.5,54825.35,0
2026-09-30 11:36:00,54824.5,54835.1,54816.05,54827.0,0
2026-09-30 11:37:00,54825.65,54841.2,54821.85,54839.1,0
2026-09-30 11:38:00,54839.3,54854.8,54831.55,54831.6,0
2026-09-30 11:39:00,54830.5,54836.25,54789.2,54798.05,0
2026-09-30 11:40:00,54797.5,54806.05,54781.4,54790.2,0
2026-09-30 11:41:00,54787.6,54800.35,54784.35,54790.55,0
2026-09-30 11:42:00,54791.55,54818.7,54788.55,54806.45,0
2026-09-30 11:43:00,54804.8,54821.8,54803.65,54817.75,0
2026-09-30 11:44:00,54817.0,54820.75,54809.7,54811.3,0
2026-09-30 11:45:00,54812.05,54814.55,54795.8,54799.85,0
2026-09-30 11:46:00,54795.3,54811.1,54795.1,54811.1,0
2026-09-30 11:47:00,54810.85,54835.4,54806.0,54835.4,0
2026-09-30 11:48:00,54831.95,54844.35,54827.15,54829.5,0
2026-09-30 11:49:00,54829.65,54830.4,54818.9,54823.0,0
2026-09-30 11:50:00,54823.55,54828.95,54815.8,54821.45,0
2026-09-30 11:51:00,54820.3,54823.85,54808.5,54818.85,0
2026-09-30 11:52:00,54819.05,54827.5,54817.4,54822.95,0
2026-09-30 11:53:00,54822.4,54839.8,54820.9,54834.75,0
2026-09-30 11:54:00,54832.95,54839.8,54822.0,54834.8,0
2026-09-30 11:55:00,54833.45,54842.65,54830.9,54840.85,0
2026-09-30 11:56:00,54842.5,54855.4,54833.45,54845.05,0
2026-09-30 11:57:00,54843.55,54856.9,54840.4,54848.45,0
2026-09-30 11:58:00,54847.1,54858.0,54839.1,54841.4,0
2026-09-30 11:59:00,54840.75,54854.6,54837.5,54840.4,0
2026-09-30 12:00:00,54840.5,54875.6,54840.15,54862.85,0
2026-09-30 12:01:00,54861.55,54881.45,54861.55,54868.9,0
2026-09-30 12:02:00,54868.6,54882.75,54866.6,54878.0,0
2026-09-30 12:03:00,54880.9,54909.1,54874.95,54904.5,0
2026-09-30 12:04:00,54903.95,54911.15,54896.2,54899.55,0
2026-09-30 12:05:00,54900.1,54910.25,54878.65,54885.3,0
2026-09-30 12:06:00,54882.0,54891.1,54875.9,54885.7,0
2026-09-30 12:07:00,54887.25,54888.15,54876.5,54885.25,0
2026-09-30 12:08:00,54887.6,54906.65,54886.2,54899.35,0
2026-09-30 12:09:00,54898.8,54904.25,54888.65,54891.95,0
2026-09-30 12:10:00,54890.85,54915.65,54890.8,54908.3,0
2026-09-30 12:11:00,54907.6,54909.1,54861.65,54865.65,0
2026-09-30 12:12:00,54865.1,54893.8,54843.45,54892.65,0
2026-09-30 12:13:00,54890.95,54894.55,54878.9,54883.75,0
2026-09-30 12:14:00,54880.6,54886.65,54872.35,54878.4,0
2026-09-30 12:15:00,54877.1,54879.15,54848.7,54853.75,0
2026-09-30 12:16:00,54850.95,54868.25,54834.85,54868.25,0
2026-09-30 12:17:00,54868.7,54877.55,54866.0,54870.55,0
2026-09-30 12:18:00,54868.05,54873.2,54854.7,54856.7,0
2026-09-30 12:19:00,54853.45,54881.4,54850.4,54876.5,0
2026-09-30 12:20:00,54877.8,54882.15,54867.4,54881.25,0
2026-09-30 12:21:00,54877.5,54923.8,54876.5,54906.8,0
2026-09-30 12:22:00,54909.1,54972.6,54902.35,54971.0,0
2026-09-30 12:23:00,54971.65,55018.3,54970.55,55015.0,0
2026-09-30 12:24:00,55017.95,55029.15,54988.4,54988.4,0
2026-09-30 12:25:00,54986.35,54998.45,54984.25,54990.55,0
2026-09-30 12:26:00,54991.45,55001.5,54984.0,54995.35,0
2026-09-30 12:27:00,54994.75,54998.7,54969.75,54990.05,0
2026-09-30 12:28:00,54992.3,55006.0,54987.15,55000.85,0
2026-09-30 12:29:00,55000.35,55003.5,54963.45,54964.0,0
2026-09-30 12:30:00,54965.05,54982.0,54962.8,54977.0,0
2026-09-30 12:31:00,54978.55,55014.1,54975.95,55014.1,0
2026-09-30 12:32:00,55011.9,55019.0,55009.45,55012.95,0
2026-09-30 12:33:00,55011.3,55029.75,55008.05,55025.85,0
2026-09-30 12:34:00,55024.15,55038.5,55014.3,55035.85,0
2026-09-30 12:35:00,55033.4,55039.6,55014.85,55025.5,0
2026-09-30 12:36:00,55028.8,55059.85,55023.3,55034.85,0
2026-09-30 12:37:00,55032.65,55052.5,55028.3,55044.3,0
2026-09-30 12:38:00,55044.05,55063.15,55041.05,55050.05,0
2026-09-30 12:39:00,55048.75,55057.4,55018.7,55019.7,0
2026-09-30 12:40:00,55021.4,55035.6,55019.05,55035.6,0
2026-09-30 12:41:00,55033.35,55039.0,55007.0,55027.75,0
2026-09-30 12:42:00,55023.25,55030.8,55015.15,55018.85,0
2026-09-30 12:43:00,55019.8,55026.4,54999.25,55002.35,0
2026-09-30 12:44:00,55001.25,55029.6,54997.65,55022.8,0
2026-09-30 12:45:00,55021.75,55050.65,55021.75,55043.05,0
2026-09-30 12:46:00,55041.85,55113.8,55041.25,55108.15,0
2026-09-30 12:47:00,55108.25,55126.0,55104.8,55110.85,0
2026-09-30 12:48:00,55113.1,55129.05,55101.35,55127.0,0
2026-09-30 12:49:00,55127.4,55130.45,55082.6,55083.3,0
2026-09-30 12:50:00,55082.9,55097.05,55065.1,55084.65,0
2026-09-30 12:51:00,55084.15,55090.15,55069.55,55087.4,0
2026-09-30 12:52:00,55083.95,55089.85,55065.1,55084.45,0
2026-09-30 12:53:00,55083.65,55091.55,55076.4,55087.8,0
2026-09-30 12:54:00,55091.05,55101.9,55077.3,55083.7,0
2026-09-30 12:55:00,55085.3,55094.05,55071.05,55080.05,0
2026-09-30 12:56:00,55080.8,55098.95,55069.3,55090.6,0
2026-09-30 12:57:00,55088.45,55092.7,55075.2,55079.45,0
2026-09-30 12:58:00,55077.6,55082.85,55050.5,55061.35,0
2026-09-30 12:59:00,55061.95,55091.65,55061.15,55084.45,0
2026-09-30 13:00:00,55083.65,55090.0,55073.35,55087.8,0
2026-09-30 13:01:00,55088.0,55096.45,55073.0,55087.3,0
2026-09-30 13:02:00,55085.25,55087.6,55073.95,55085.5,0
2026-09-30 13:03:00,55082.2,55089.35,55058.3,55064.2,0
2026-09-30 13:04:00,55060.0,55075.5,55055.35,55071.15,0
2026-09-30 13:05:00,55069.9,55089.05,55063.8,55080.7,0
2026-09-30 13:06:00,55078.4,55098.25,55076.8,55080.6,0
2026-09-30 13:07:00,55076.45,55097.6,55076.45,55092.85,0
2026-09-30 13:08:00,55093.25,55108.5,55087.2,55104.3,0
2026-09-30 13:09:00,55103.65,55112.2,55093.4,55101.6,0
2026-09-30 13:10:00,55099.1,55107.05,55090.75,55099.1,0
2026-09-30 13:11:00,55099.7,55100.85,55079.55,55089.45,0
2026-09-30 13:12:00,55086.8,55090.25,55063.3,55070.3,0
2026-09-30 13:13:00,55070.2,55079.95,55063.6,55068.25,0
2026-09-30 13:14:00,55065.55,55068.8,55049.45,55057.7,0
2026-09-30 13:15:00,55055.8,55078.2,55055.8,55070.0,0
2026-09-30 13:16:00,55068.7,55083.7,55062.7,55064.4,0
2026-09-30 13:17:00,55066.9,55079.7,55063.25,55077.15,0
2026-09-30 13:18:00,55074.45,55079.9,55064.45,55075.25,0
2026-09-30 13:19:00,55072.3,55083.05,55065.45,55076.55,0
2026-09-30 13:20:00,55077.05,55081.8,55062.8,55067.9,0
2026-09-30 13:21:00,55068.4,55082.15,55064.3,55073.55,0
2026-09-30 13:22:00,55073.7,55100.9,55066.05,55092.0,0
2026-09-30 13:23:00,55094.2,55107.2,55086.9,55099.95,0
2026-09-30 13:24:00,55096.85,55105.1,55091.55,55102.35,0
2026-09-30 13:25:00,55101.15,55123.15,55099.8,55099.8,0
2026-09-30 13:26:00,55096.5,55116.0,55096.5,55114.15,0
2026-09-30 13:27:00,55112.7,55119.45,55107.65,55114.4,0
2026-09-30 13:28:00,55112.35,55118.7,55092.65,55103.45,0
2026-09-30 13:29:00,55103.05,55111.9,55089.9,55096.6,0
2026-09-30 13:30:00,55098.95,55110.7,55088.05,55099.95,0
2026-09-30 13:31:00,55097.8,55135.5,55096.45,55131.1,0
2026-09-30 13:32:00,55130.55,55133.45,55108.25,55111.4,0
2026-09-30 13:33:00,55110.6,55121.9,55106.8,55113.3,0
2026-09-30 13:34:00,55111.7,55121.85,55093.75,55097.65,0
2026-09-30 13:35:00,55098.5,55100.9,55076.8,55091.4,0
2026-09-30 13:36:00,55089.85,55093.7,55058.8,55067.25,0
2026-09-30 13:37:00,55067.35,55075.1,55031.8,55048.7,0
2026-09-30 13:38:00,55047.35,55049.9,55038.35,55045.5,0
2026-09-30 13:39:00,55048.15,55050.3,55021.35,55026.4,0
2026-09-30 13:40:00,55027.05,55029.3,55002.95,55007.45,0
2026-09-30 13:41:00,55007.5,55013.8,54975.9,54987.6,0
2026-09-30 13:42:00,54987.25,55009.2,54985.25,55004.4,0
2026-09-30 13:43:00,55003.5,55014.5,54988.55,54990.3,0
2026-09-30 13:44:00,54989.75,54993.6,54953.65,54970.8,0
2026-09-30 13:45:00,54971.7,54972.75,54950.85,54969.45,0
2026-09-30 13:46:00,54971.2,54985.6,54969.1,54979.55,0
2026-09-30 13:47:00,54979.1,54998.0,54974.9,54988.6,0
2026-09-30 13:48:00,54989.65,55002.05,54986.6,54988.5,0
2026-09-30 13:49:00,54991.6,55009.4,54989.85,54997.25,0
2026-09-30 13:50:00,54996.15,54999.3,54981.4,54991.95,0
2026-09-30 13:51:00,54993.05,55008.95,54992.65,55005.45,0
2026-09-30 13:52:00,55003.7,55017.2,54979.75,54983.0,0
2026-09-30 13:53:00,54987.55,55004.05,54984.45,54985.2,0
2026-09-30 13:54:00,54989.2,55011.3,54987.1,55001.95,0
2026-09-30 13:55:00,55000.6,55040.4,54999.55,55034.75,0
2026-09-30 13:56:00,55034.15,55042.05,55024.05,55028.15,0
2026-09-30 13:57:00,55027.9,55050.75,55027.9,55046.7,0
2026-09-30 13:58:00,55045.65,55057.05,55030.35,55038.65,0
2026-09-30 13:59:00,55038.2,55044.9,55019.25,55025.7,0
2026-09-30 14:00:00,55024.35,55040.5,55005.45,55008.1,0
2026-09-30 14:01:00,55007.85,55017.25,54998.9,55012.3,0
2026-09-30 14:02:00,55013.8,55028.95,55000.3,55005.85,0
2026-09-30 14:03:00,55007.15,55019.0,55002.95,55016.9,0
2026-09-30 14:04:00,55011.4,55031.1,55011.4,55021.5,0
2026-09-30 14:05:00,55020.25,55032.95,55012.9,55013.85,0
2026-09-30 14:06:00,55014.4,55033.25,55008.95,55024.7,0
2026-09-30 14:07:00,55027.0,55028.3,55010.35,55017.0,0
2026-09-30 14:08:00,55018.15,55024.05,55007.25,55018.85,0
2026-09-30 14:09:00,55014.1,55016.35,55001.15,55003.0,0
2026-09-30 14:10:00,55004.2,55006.8,54981.75,54981.75,0
2026-09-30 14:11:00,54981.55,54992.65,54957.6,54977.45,0
2026-09-30 14:12:00,54976.15,54982.2,54954.25,54957.8,0
2026-09-30 14:13:00,54956.8,54964.05,54942.75,54943.0,0
2026-09-30 14:14:00,54942.55,54944.15,54925.6,54930.05,0
2026-09-30 14:15:00,54931.75,54939.15,54916.55,54919.4,0
2026-09-30 14:16:00,54921.7,54936.8,54919.9,54928.05,0
2026-09-30 14:17:00,54930.8,54939.85,54925.55,54927.75,0
2026-09-30 14:18:00,54928.9,54943.6,54924.55,54928.75,0
2026-09-30 14:19:00,54940.2,54944.05,54926.8,54937.85,0
2026-09-30 14:20:00,54932.55,54941.1,54921.3,54934.65,0
2026-09-30 14:21:00,54931.2,54941.1,54904.0,54904.15,0
2026-09-30 14:22:00,54909.7,54919.05,54894.8,54897.85,0
2026-09-30 14:23:00,54895.85,54908.8,54839.2,54846.2,0
2026-09-30 14:24:00,54848.7,54876.05,54843.3,54845.05,0
2026-09-30 14:25:00,54845.35,54860.35,54839.1,54839.8,0
2026-09-30 14:26:00,54837.65,54844.75,54810.2,54824.75,0
2026-09-30 14:27:00,54819.2,54825.6,54802.3,54810.0,0
2026-09-30 14:28:00,54804.8,54812.3,54759.8,54772.15,0
2026-09-30 14:29:00,54770.1,54775.35,54748.3,54772.0,0
2026-09-30 14:30:00,54771.1,54779.75,54727.4,54739.15,0
2026-09-30 14:31:00,54733.7,54780.3,54725.5,54779.45,0
2026-09-30 14:32:00,54776.35,54780.15,54756.1,54766.85,0
2026-09-30 14:33:00,54766.55,54776.05,54751.4,54763.5,0
2026-09-30 14:34:00,54761.95,54769.75,54755.0,54765.05,0
2026-09-30 14:35:00,54763.95,54763.95,54743.7,54754.95,0
2026-09-30 14:36:00,54756.8,54759.6,54725.45,54734.45,0
2026-09-30 14:37:00,54733.55,54735.05,54698.5,54703.7,0
2026-09-30 14:38:00,54700.75,54738.25,54692.75,54714.25,0
2026-09-30 14:39:00,54707.15,54709.4,54667.35,54677.05,0
2026-09-30 14:40:00,54675.4,54701.7,54675.4,54691.65,0
2026-09-30 14:41:00,54694.55,54701.0,54687.1,54694.85,0
2026-09-30 14:42:00,54699.55,54702.55,54657.35,54660.3,0
2026-09-30 14:43:00,54661.05,54665.65,54643.75,54659.15,0
2026-09-30 14:44:00,54660.45,54681.1,54658.7,54664.65,0
2026-09-30 14:45:00,54666.3,54719.75,54666.3,54716.0,0
2026-09-30 14:46:00,54717.4,54726.55,54692.65,54714.35,0
2026-09-30 14:47:00,54716.15,54740.5,54708.05,54731.55,0
2026-09-30 14:48:00,54731.75,54760.95,54726.4,54747.55,0
2026-09-30 14:49:00,54749.5,54781.6,54745.7,54777.35,0
2026-09-30 14:50:00,54779.35,54783.85,54729.05,54745.4,0
2026-09-30 14:51:00,54746.5,54755.9,54725.9,54748.6,0
2026-09-30 14:52:00,54753.25,54770.4,54734.55,54744.65,0
2026-09-30 14:53:00,54746.9,54764.25,54725.6,54734.2,0
2026-09-30 14:54:00,54736.2,54759.5,54733.4,54754.75,0
2026-09-30 14:55:00,54754.65,54760.15,54744.6,54750.3,0
2026-09-30 14:56:00,54749.3,54752.35,54727.2,54727.2,0
2026-09-30 14:57:00,54727.65,54754.65,54720.85,54752.1,0
2026-09-30 14:58:00,54752.35,54755.45,54740.1,54743.65,0
2026-09-30 14:59:00,54743.15,54752.0,54732.7,54735.0,0
2026-09-30 15:00:00,54734.4,54790.55,54722.6,54788.5,0
2026-09-30 15:01:00,54789.5,54821.65,54784.4,54812.0,0
2026-09-30 15:02:00,54814.45,54829.2,54810.15,54815.2,0
2026-09-30 15:03:00,54821.5,54821.5,54773.5,54779.95,0
2026-09-30 15:04:00,54783.7,54799.1,54771.15,54779.6,0
2026-09-30 15:05:00,54779.9,54783.4,54738.0,54747.15,0
2026-09-30 15:06:00,54746.55,54784.25,54746.55,54778.05,0
2026-09-30 15:07:00,54777.75,54781.6,54746.6,54747.75,0
2026-09-30 15:08:00,54749.8,54754.55,54734.0,54737.75,0
2026-09-30 15:09:00,54741.0,54748.8,54729.6,54733.4,0
2026-09-30 15:10:00,54732.8,54747.95,54716.55,54716.55,0
2026-09-30 15:11:00,54719.35,54741.0,54710.15,54729.2,0
2026-09-30 15:12:00,54734.05,54735.75,54713.6,54722.55,0
2026-09-30 15:13:00,54698.6,54707.4,54658.55,54676.95,0
2026-09-30 15:14:00,54673.85,54694.4,54637.05,54657.1,0
2026-09-30 15:20:00,54824.15,54824.15,54296.85,54643.4,0
2026-09-30 15:21:00,54562.0,54592.25,54561.65,54585.3,0
2026-09-30 15:22:00,54585.3,54696.35,54585.3,54672.3,0
2026-09-30 15:23:00,54656.75,54688.75,54622.0,54624.95,0
2026-09-30 15:24:00,54647.9,54661.8,54637.3,54658.2,0
2026-09-30 15:25:00,54658.2,54677.4,54623.8,54631.2,0
2026-09-30 15:26:00,54631.45,54632.15,54596.8,54615.35,0
2026-09-30 15:27:00,54617.15,54636.4,54611.0,54636.4,0
2026-09-30 15:28:00,54633.05,54633.05,54633.05,54633.05,0
2026-10-01 09:15:00,54583.05,54815.45,54555.1,54787.5,0
2026-10-01 09:16:00,54791.9,54905.05,54789.85,54841.75,0
2026-10-01 09:17:00,54840.45,54863.9,54732.5,54857.05,0
2026-10-01 09:18:00,54854.1,54875.45,54805.55,54821.95,0
2026-10-01 09:19:00,54828.5,54831.15,54762.8,54791.05,0
2026-10-01 09:20:00,54788.0,54830.55,54759.45,54781.75,0
2026-10-01 09:21:00,54778.95,54797.05,54752.65,54766.35,0
2026-10-01 09:22:00,54767.45,54780.3,54734.95,54757.9,0
2026-10-01 09:23:00,54758.8,54758.8,54695.1,54713.65,0
2026-10-01 09:24:00,54715.95,54715.95,54686.1,54709.0,0
2026-10-01 09:25:00,54706.45,54750.5,54687.95,54748.5,0
2026-10-01 09:26:00,54752.4,54813.25,54748.4,54761.2,0
2026-10-01 09:27:00,54763.7,54799.85,54758.3,54793.25,0
2026-10-01 09:28:00,54786.15,54840.95,54779.85,54825.6,0
2026-10-01 09:29:00,54830.1,54848.1,54802.55,54838.35,0
2026-10-01 09:30:00,54834.35,54901.1,54831.2,54899.65,0
2026-10-01 09:31:00,54902.45,54947.8,54877.75,54880.65,0
2026-10-01 09:32:00,54879.75,54919.8,54871.0,54872.55,0
2026-10-01 09:33:00,54872.8,54895.95,54854.95,54857.75,0
2026-10-01 09:34:00,54854.25,54864.6,54782.2,54791.1,0
2026-10-01 09:35:00,54794.5,54834.2,54787.35,54823.0,0
2026-10-01 09:36:00,54822.0,54853.15,54815.4,54831.65,0
2026-10-01 09:37:00,54830.5,54855.3,54822.0,54854.45,0
2026-10-01 09:38:00,54854.6,54860.6,54813.15,54813.15,0
2026-10-01 09:39:00,54814.05,54854.65,54811.1,54852.95,0
2026-10-01 09:40:00,54854.3,54865.65,54829.05,54846.25,0
2026-10-01 09:41:00,54847.7,54867.3,54819.65,54828.05,0
2026-10-01 09:42:00,54828.95,54872.6,54822.05,54869.05,0
2026-10-01 09:43:00,54872.45,54874.95,54845.7,54848.95,0
2026-10-01 09:44:00,54852.3,54883.15,54837.15,54853.35,0
2026-10-01 09:45:00,54852.6,54866.2,54821.65,54862.0,0
2026-10-01 09:46:00,54864.8,54884.45,54859.6,54880.7,0
2026-10-01 09:47:00,54882.8,54918.25,54882.8,54905.15,0
2026-10-01 09:48:00,54907.6,54917.15,54893.2,54908.1,0
2026-10-01 09:49:00,54912.15,54933.4,54878.85,54892.9,0
2026-10-01 09:50:00,54895.25,54911.5,54875.9,54888.05,0
2026-10-01 09:51:00,54886.5,54907.95,54875.55,54899.3,0
2026-10-01 09:52:00,54893.25,54950.35,54892.65,54947.6,0
2026-10-01 09:53:00,54945.45,54946.5,54896.85,54902.65,0
2026-10-01 09:54:00,54902.5,54908.2,54850.2,54850.2,0
2026-10-01 09:55:00,54852.25,54889.55,54840.1,54886.2,0
2026-10-01 09:56:00,54882.0,54905.95,54853.8,54902.9,0
2026-10-01 09:57:00,54902.75,54905.1,54861.35,54874.05,0
2026-10-01 09:58:00,54873.5,54888.85,54864.9,54885.8,0
2026-10-01 09:59:00,54885.7,54929.95,54883.75,54925.2,0
2026-10-01 10:00:00,54923.5,54964.75,54911.65,54953.3,0
2026-10-01 10:01:00,54949.25,54985.25,54942.55,54962.4,0
2026-10-01 10:02:00,54962.75,54980.65,54955.0,54972.5,0
2026-10-01 10:03:00,54974.75,54975.25,54935.0,54962.6,0
2026-10-01 10:04:00,54961.45,54973.45,54951.05,54964.45,0
2026-10-01 10:05:00,54967.5,54971.45,54936.0,54947.0,0
2026-10-01 10:06:00,54945.2,54957.35,54932.65,54946.3,0
2026-10-01 10:07:00,54942.2,54962.65,54929.55,54956.2,0
2026-10-01 10:08:00,54956.45,54958.75,54894.55,54901.8,0
2026-10-01 10:09:00,54902.6,54920.4,54892.7,54903.95,0
2026-10-01 10:10:00,54905.35,54909.15,54876.6,54896.65,0
2026-10-01 10:11:00,54895.65,54920.65,54889.15,54889.15,0
2026-10-01 10:12:00,54896.0,54896.0,54870.15,54876.6,0
2026-10-01 10:13:00,54876.35,54879.95,54859.5,54870.05,0
2026-10-01 10:14:00,54873.35,54880.9,54862.8,54877.45,0
2026-10-01 10:15:00,54877.6,54891.0,54866.8,54874.15,0
2026-10-01 10:16:00,54871.0,54914.15,54867.85,54906.15,0
2026-10-01 10:17:00,54906.2,54908.75,54867.0,54873.3,0
2026-10-01 10:18:00,54871.85,54903.95,54871.85,54893.35,0
2026-10-01 10:19:00,54893.75,54914.1,54891.4,54902.85,0
2026-10-01 10:20:00,54900.95,54929.05,54893.95,54924.8,0
2026-10-01 10:21:00,54921.75,54943.5,54918.5,54926.4,0
2026-10-01 10:22:00,54925.7,54952.85,54924.6,54924.6,0
2026-10-01 10:23:00,54923.4,54950.65,54920.25,54950.65,0
2026-10-01 10:24:00,54941.3,54943.75,54922.75,54933.65,0
2026-10-01 10:25:00,54931.25,54961.0,54923.85,54959.65,0
2026-10-01 10:26:00,54958.5,54963.2,54938.8,54942.1,0
2026-10-01 10:27:00,54940.05,54959.4,54928.85,54945.75,0
2026-10-01 10:28:00,54945.2,54951.8,54930.95,54951.8,0
2026-10-01 10:29:00,54951.3,54962.9,54942.25,54959.35,0
2026-10-01 10:30:00,54959.0,54993.7,54952.9,54991.35,0
2026-10-01 10:31:00,54993.9,55043.25,54991.2,55042.85,0
2026-10-01 10:32:00,55038.8,55060.4,55034.5,55060.4,0
2026-10-01 10:33:00,55057.0,55070.0,55039.3,55042.25,0
2026-10-01 10:34:00,55041.15,55052.5,55030.75,55040.65,0
2026-10-01 10:35:00,55039.05,55072.2,55034.6,55067.45,0
2026-10-01 10:36:00,55066.25,55091.45,55059.8,55064.75,0
2026-10-01 10:37:00,55064.65,55069.65,55047.1,55055.2,0
2026-10-01 10:38:00,55048.45,55057.0,55031.3,55049.2,0
2026-10-01 10:39:00,55052.0,55052.0,55021.85,55041.85,0
2026-10-01 10:40:00,55041.2,55048.25,55017.7,55025.95,0
2026-10-01 10:41:00,55026.75,55030.9,55018.1,55021.95,0
2026-10-01 10:42:00,55020.65,55050.15,55019.75,55029.3,0
2026-10-01 10:43:00,55029.1,55038.95,55015.35,55020.05,0
2026-10-01 10:44:00,55018.35,55021.6,54991.4,54993.4,0
2026-10-01 10:45:00,54995.5,55002.9,54963.85,55002.9,0
2026-10-01 10:46:00,55001.65,55010.65,54978.6,54983.25,0
2026-10-01 10:47:00,54981.9,54993.2,54965.5,54972.5,0
2026-10-01 10:48:00,54971.8,54978.5,54944.75,54970.7,0
2026-10-01 10:49:00,54968.7,54973.35,54950.85,54953.95,0
2026-10-01 10:50:00,54953.7,55000.0,54951.95,54986.6,0
2026-10-01 10:51:00,54987.35,55012.75,54974.8,54994.15,0
2026-10-01 10:52:00,55002.45,55010.85,54980.5,54984.8,0
2026-10-01 10:53:00,54987.1,55001.0,54952.45,54974.0,0
2026-10-01 10:54:00,54971.4,54976.85,54941.75,54948.55,0
2026-10-01 10:55:00,54949.2,54974.35,54944.1,54949.1,0
2026-10-01 10:56:00,54950.3,54964.8,54938.75,54941.85,0
2026-10-01 10:57:00,54945.75,54951.0,54920.55,54939.6,0
2026-10-01 10:58:00,54935.25,54944.0,54912.4,54925.85,0
2026-10-01 10:59:00,54925.75,54959.35,54925.75,54930.0,0
2026-10-01 11:00:00,54928.75,54937.7,54907.5,54931.35,0
2026-10-01 11:01:00,54930.8,54930.8,54896.4,54904.05,0
2026-10-01 11:02:00,54897.85,54915.2,54896.8,54908.35,0
2026-10-01 11:03:00,54908.8,54910.95,54880.45,54896.35,0
2026-10-01 11:04:00,54894.85,54907.4,54890.6,54898.45,0
2026-10-01 11:05:00,54895.7,54903.1,54875.0,54878.8,0
2026-10-01 11:06:00,54879.25,54918.05,54877.95,54909.6,0
2026-10-01 11:07:00,54907.0,54909.5,54877.05,54888.7,0
2026-10-01 11:08:00,54888.05,54898.0,54871.55,54873.1,0
2026-10-01 11:09:00,54871.85,54871.85,54842.4,54844.9,0
2026-10-01 11:10:00,54846.55,54861.0,54842.55,54859.05,0
2026-10-01 11:11:00,54856.95,54874.9,54854.4,54864.2,0
2026-10-01 11:12:00,54863.4,54868.8,54842.85,54843.7,0
2026-10-01 11:13:00,54845.25,54857.3,54838.9,54850.5,0
2026-10-01 11:14:00,54848.85,54857.1,54837.6,54854.5,0
2026-10-01 11:15:00,54854.25,54871.1,54852.1,54863.45,0
2026-10-01 11:16:00,54860.05,54882.55,54858.15,54882.55,0
2026-10-01 11:17:00,54879.4,54906.85,54879.4,54888.85,0
2026-10-01 11:18:00,54890.2,54909.4,54888.9,54895.65,0
2026-10-01 11:19:00,54893.8,54899.05,54877.05,54885.6,0
2026-10-01 11:20:00,54886.8,54901.3,54878.25,54879.1,0
2026-10-01 11:21:00,54878.95,54898.9,54847.1,54886.4,0
2026-10-01 11:22:00,54883.55,54884.4,54836.3,54836.3,0
2026-10-01 11:23:00,54836.2,54839.9,54809.4,54818.3,0
2026-10-01 11:24:00,54817.45,54828.65,54811.25,54825.35,0
2026-10-01 11:25:00,54823.75,54831.2,54816.55,54829.65,0
2026-10-01 11:26:00,54828.8,54860.05,54826.65,54860.05,0
2026-10-01 11:27:00,54854.5,54864.4,54852.05,54859.05,0
2026-10-01 11:28:00,54857.9,54860.5,54845.55,54857.3,0
2026-10-01 11:29:00,54852.5,54869.4,54852.5,54860.15,0
2026-10-01 11:30:00,54857.95,54893.45,54850.3,54891.0,0
2026-10-01 11:31:00,54888.6,54899.3,54874.15,54885.6,0
2026-10-01 11:32:00,54884.05,54885.2,54859.65,54864.4,0
2026-10-01 11:33:00,54864.9,54881.7,54863.2,54876.2,0
2026-10-01 11:34:00,54874.2,54885.9,54858.3,54883.55,0
2026-10-01 11:35:00,54882.0,54918.1,54878.7,54916.4,0
2026-10-01 11:36:00,54913.85,54958.8,54908.65,54952.6,0
2026-10-01 11:37:00,54950.15,54975.65,54948.85,54971.1,0
2026-10-01 11:38:00,54973.25,54973.25,54946.7,54946.85,0
2026-10-01 11:39:00,54946.0,54977.7,54937.45,54974.65,0
2026-10-01 11:40:00,54974.15,54976.7,54953.0,54970.9,0
2026-10-01 11:41:00,54972.75,54982.3,54970.05,54980.35,0
2026-10-01 11:42:00,54978.3,55017.25,54977.0,55005.85,0
2026-10-01 11:43:00,55007.55,55014.6,54999.55,55000.4,0
2026-10-01 11:44:00,54999.65,55025.15,54998.65,55019.75,0
2026-10-01 11:45:00,55019.5,55025.6,54999.7,55002.6,0
2026-10-01 11:46:00,55001.0,55002.85,54969.15,54985.55,0
2026-10-01 11:47:00,54983.8,55008.1,54980.7,54997.65,0
2026-10-01 11:48:00,54994.95,54994.95,54963.0,54966.6,0
2026-10-01 11:49:00,54966.55,54981.6,54953.4,54968.0,0
2026-10-01 11:50:00,54963.85,54969.95,54943.0,54952.15,0
2026-10-01 11:51:00,54952.4,54969.55,54947.9,54958.2,0
2026-10-01 11:52:00,54956.75,54962.45,54950.75,54954.15,0
2026-10-01 11:53:00,54953.45,54965.15,54945.35,54952.05,0
2026-10-01 11:54:00,54951.35,54951.35,54931.95,54944.3,0
2026-10-01 11:55:00,54944.9,54952.55,54939.3,54943.25,0
2026-10-01 11:56:00,54940.5,54963.05,54939.3,54963.05,0
2026-10-01 11:57:00,54963.9,54971.15,54954.45,54966.4,0
2026-10-01 11:58:00,54966.25,54975.5,54957.85,54964.9,0
2026-10-01 11:59:00,54964.0,54991.35,54958.75,54990.1,0
2026-10-01 12:00:00,54989.8,55016.05,54978.25,55009.15,0
2026-10-01 12:01:00,55011.05,55013.9,54980.75,54984.2,0
2026-10-01 12:02:00,54984.1,54994.7,54954.1,54959.25,0
2026-10-01 12:03:00,54954.6,54964.9,54949.95,54961.25,0
2026-10-01 12:04:00,54962.55,54962.55,54944.5,54947.85,0
2026-10-01 12:05:00,54949.0,54955.9,54941.8,54951.9,0
2026-10-01 12:06:00,54950.25,54954.75,54916.15,54925.05,0
2026-10-01 12:07:00,54923.65,54928.85,54888.9,54907.25,0
2026-10-01 12:08:00,54909.45,54919.9,54901.95,54918.9,0
2026-10-01 12:09:00,54919.05,54923.95,54901.45,54913.45,0
2026-10-01 12:10:00,54912.15,54917.25,54837.85,54838.65,0
2026-10-01 12:11:00,54836.35,54853.55,54811.95,54850.55,0
2026-10-01 12:12:00,54851.85,54877.25,54842.75,54860.2,0
2026-10-01 12:13:00,54859.55,54875.4,54849.25,54855.65,0
2026-10-01 12:14:00,54854.45,54857.25,54836.85,54843.55,0
2026-10-01 12:15:00,54843.3,54844.3,54826.9,54840.7,0
2026-10-01 12:16:00,54844.25,54875.7,54841.6,54850.15,0
2026-10-01 12:17:00,54848.75,54862.2,54834.3,54850.15,0
2026-10-01 12:18:00,54848.15,54849.45,54822.95,54828.9,0
2026-10-01 12:19:00,54828.75,54836.25,54794.05,54803.9,0
2026-10-01 12:20:00,54800.65,54810.9,54792.7,54802.65,0
2026-10-01 12:21:00,54803.8,54810.55,54768.9,54771.0,0
2026-10-01 12:22:00,54767.6,54778.65,54748.45,54748.45,0
2026-10-01 12:23:00,54747.65,54747.65,54718.95,54721.9,0
2026-10-01 12:24:00,54718.55,54723.35,54706.7,54722.35,0
2026-10-01 12:25:00,54720.75,54736.3,54708.0,54710.8,0
2026-10-01 12:26:00,54712.25,54721.9,54704.6,54719.25,0
2026-10-01 12:27:00,54719.4,54720.15,54681.25,54710.2,0
2026-10-01 12:28:00,54709.65,54714.35,54667.8,54667.8,0
2026-10-01 12:29:00,54672.45,54688.2,54657.7,54684.15,0
2026-10-01 12:30:00,54680.85,54688.45,54653.35,54683.35,0
2026-10-01 12:31:00,54678.25,54682.05,54660.0,54678.05,0
2026-10-01 12:32:00,54677.25,54722.7,54676.6,54716.95,0
2026-10-01 12:33:00,54716.65,54748.2,54704.4,54748.2,0
2026-10-01 12:34:00,54745.85,54763.0,54717.8,54725.75,0
2026-10-01 12:35:00,54725.4,54754.35,54722.7,54741.4,0
2026-10-01 12:36:00,54744.15,54748.3,54732.65,54741.0,0
2026-10-01 12:37:00,54739.0,54749.1,54733.5,54737.45,0
2026-10-01 12:38:00,54736.3,54755.9,54731.2,54739.45,0
2026-10-01 12:39:00,54736.85,54767.9,54736.85,54761.2,0
2026-10-01 12:40:00,54760.7,54772.95,54756.0,54763.45,0
2026-10-01 12:41:00,54768.35,54781.85,54740.15,54749.55,0
2026-10-01 12:42:00,54752.05,54767.1,54726.5,54730.8,0
2026-10-01 12:43:00,54729.5,54738.0,54704.8,54704.8,0
2026-10-01 12:44:00,54704.5,54709.65,54653.0,54653.5,0
2026-10-01 12:45:00,54652.1,54652.1,54604.05,54604.05,0
2026-10-01 12:46:00,54602.6,54605.5,54553.05,54594.5,0
2026-10-01 12:47:00,54592.4,54593.95,54534.05,54541.4,0
2026-10-01 12:48:00,54544.4,54583.8,54536.6,54553.9,0
2026-10-01 12:49:00,54555.5,54556.75,54486.1,54495.1,0
2026-10-01 12:50:00,54494.8,54519.85,54466.75,54500.4,0
2026-10-01 12:51:00,54510.35,54516.35,54465.05,54471.9,0
2026-10-01 12:52:00,54474.3,54492.5,54461.95,54461.95,0
2026-10-01 12:53:00,54460.85,54460.85,54429.85,54435.8,0
2026-10-01 12:54:00,54435.95,54438.55,54397.3,54410.9,0
2026-10-01 12:55:00,54412.2,54416.15,54370.55,54372.0,0
2026-10-01 12:56:00,54374.7,54386.65,54313.25,54313.4,0
2026-10-01 12:57:00,54313.9,54346.05,54307.3,54331.8,0
2026-10-01 12:58:00,54328.4,54344.9,54254.95,54256.1,0
2026-10-01 12:59:00,54255.55,54342.05,54250.15,54303.45,0
2026-10-01 13:00:00,54301.5,54330.9,54281.05,54327.25,0
2026-10-01 13:01:00,54327.35,54342.7,54307.55,54342.7,0
2026-10-01 13:02:00,54342.0,54416.05,54342.0,54408.0,0
2026-10-01 13:03:00,54408.95,54460.9,54404.5,54432.3,0
2026-10-01 13:04:00,54429.15,54482.15,54427.85,54479.2,0
2026-10-01 13:05:00,54478.55,54480.3,54434.6,54456.25,0
2026-10-01 13:06:00,54458.3,54458.3,54424.95,54452.1,0
2026-10-01 13:07:00,54451.85,54471.3,54412.15,54471.3,0
2026-10-01 13:08:00,54468.8,54510.25,54463.2,54508.9,0
2026-10-01 13:09:00,54509.3,54510.65,54468.15,54497.85,0
2026-10-01 13:10:00,54493.85,54496.05,54460.75,54466.2,0
2026-10-01 13:11:00,54459.1,54495.45,54453.35,54489.25,0
2026-10-01 13:12:00,54484.05,54501.95,54468.8,54469.55,0
2026-10-01 13:13:00,54471.55,54483.75,54449.1,54452.0,0
2026-10-01 13:14:00,54449.95,54484.35,54435.5,54459.0,0
2026-10-01 13:15:00,54457.25,54459.5,54408.5,54438.6,0
2026-10-01 13:16:00,54434.95,54438.7,54402.95,54407.75,0
2026-10-01 13:17:00,54407.1,54411.05,54383.85,54398.3,0
2026-10-01 13:18:00,54397.55,54402.9,54363.1,54366.9,0
2026-10-01 13:19:00,54368.0,54394.95,54356.15,54380.3,0
2026-10-01 13:20:00,54381.45,54420.0,54379.9,54414.5,0
2026-10-01 13:21:00,54412.7,54429.25,54395.35,54397.0,0
2026-10-01 13:22:00,54398.55,54398.55,54358.4,54361.25,0
2026-10-01 13:23:00,54364.0,54395.0,54356.8,54390.45,0
2026-10-01 13:24:00,54389.6,54403.9,54379.95,54390.1,0
2026-10-01 13:25:00,54387.4,54425.4,54384.45,54425.4,0
2026-10-01 13:26:00,54424.2,54438.5,54403.2,54403.55,0
2026-10-01 13:27:00,54401.15,54407.2,54369.05,54405.5,0
2026-10-01 13:28:00,54407.05,54423.65,54394.15,54398.95,0
2026-10-01 13:29:00,54401.25,54402.85,54369.9,54375.3,0
2026-10-01 13:30:00,54371.25,54384.3,54335.5,54379.15,0
2026-10-01 13:31:00,54377.75,54405.55,54356.75,54358.8,0
2026-10-01 13:32:00,54357.35,54409.9,54357.35,54396.85,0
2026-10-01 13:33:00,54394.15,54464.85,54387.0,54453.1,0
2026-10-01 13:34:00,54452.6,54490.2,54444.55,54473.9,0
2026-10-01 13:35:00,54470.4,54490.85,54445.35,54446.05,0
2026-10-01 13:36:00,54448.5,54452.3,54415.75,54425.65,0
2026-10-01 13:37:00,54423.95,54435.7,54411.4,54434.1,0
2026-10-01 13:38:00,54431.45,54436.2,54405.75,54411.85,0
2026-10-01 13:39:00,54408.3,54412.45,54388.9,54400.5,0
2026-10-01 13:40:00,54399.45,54406.55,54362.9,54364.9,0
2026-10-01 13:41:00,54362.1,54368.05,54306.55,54306.55,0
2026-10-01 13:42:00,54306.75,54309.5,54272.05,54275.35,0
2026-10-01 13:43:00,54274.1,54279.05,54231.3,54250.15,0
2026-10-01 13:44:00,54249.05,54299.1,54249.05,54294.75,0
2026-10-01 13:45:00,54294.65,54296.4,54259.15,54273.15,0
2026-10-01 13:46:00,54274.3,54307.7,54270.45,54294.75,0
2026-10-01 13:47:00,54290.65,54290.65,54239.6,54247.0,0
2026-10-01 13:48:00,54248.6,54290.45,54228.3,54274.8,0
2026-10-01 13:49:00,54277.35,54277.35,54240.85,54265.4,0
2026-10-01 13:50:00,54267.9,54283.05,54251.8,54265.4,0
2026-10-01 13:51:00,54264.75,54284.45,54247.5,54261.5,0
2026-10-01 13:52:00,54257.1,54269.65,54233.45,54255.7,0
2026-10-01 13:53:00,54255.65,54277.8,54252.6,54263.95,0
2026-10-01 13:54:00,54260.75,54272.6,54255.05,54268.0,0
2026-10-01 13:55:00,54270.5,54281.05,54253.0,54265.0,0
2026-10-01 13:56:00,54261.7,54273.0,54246.75,54252.2,0
2026-10-01 13:57:00,54249.3,54270.4,54248.1,54255.75,0
2026-10-01 13:58:00,54256.75,54262.9,54195.75,54206.05,0
2026-10-01 13:59:00,54205.45,54218.0,54180.7,54184.3,0
2026-10-01 14:00:00,54182.35,54210.8,54150.3,54170.05,0
2026-10-01 14:01:00,54170.15,54177.25,54128.8,54135.75,0
2026-10-01 14:02:00,54134.05,54135.6,54089.7,54090.35,0
2026-10-01 14:03:00,54086.0,54110.25,54078.35,54099.35,0
2026-10-01 14:04:00,54096.25,54109.85,54073.8,54074.4,0
2026-10-01 14:05:00,54074.65,54127.15,54066.6,54117.0,0
2026-10-01 14:06:00,54115.7,54134.55,54094.65,54133.45,0
2026-10-01 14:07:00,54131.85,54224.8,54131.8,54193.3,0
2026-10-01 14:08:00,54188.2,54203.0,54164.5,54184.05,0
2026-10-01 14:09:00,54183.95,54221.5,54181.15,54206.25,0
2026-10-01 14:10:00,54206.55,54219.4,54188.9,54202.55,0
2026-10-01 14:11:00,54200.0,54217.05,54195.15,54206.95,0
2026-10-01 14:12:00,54205.95,54216.75,54192.15,54212.9,0
2026-10-01 14:13:00,54212.5,54231.25,54201.9,54216.8,0
2026-10-01 14:14:00,54215.05,54270.45,54215.05,54243.25,0
2026-10-01 14:15:00,54239.85,54244.65,54166.25,54166.25,0
2026-10-01 14:16:00,54170.15,54181.2,54148.85,54181.2,0
2026-10-01 14:17:00,54178.05,54178.05,54152.9,54165.8,0
2026-10-01 14:18:00,54168.15,54193.45,54164.3,54179.85,0
2026-10-01 14:19:00,54178.15,54187.55,54166.4,54178.25,0
2026-10-01 14:20:00,54179.65,54207.8,54172.6,54191.4,0
2026-10-01 14:21:00,54189.15,54214.7,54174.7,54213.0,0
2026-10-01 14:22:00,54210.2,54240.8,54208.65,54233.4,0
2026-10-01 14:23:00,54231.65,54234.65,54205.6,54216.0,0
2026-10-01 14:24:00,54214.65,54224.65,54191.35,54199.3,0
2026-10-01 14:25:00,54198.7,54222.05,54195.25,54222.05,0
2026-10-01 14:26:00,54220.7,54259.95,54214.1,54259.3,0
2026-10-01 14:27:00,54256.8,54291.55,54255.55,54261.9,0
2026-10-01 14:28:00,54258.6,54264.6,54222.05,54239.75,0
2026-10-01 14:29:00,54242.55,54292.05,54242.4,54287.7,0
2026-10-01 14:30:00,54284.5,54342.3,54284.5,54342.3,0
2026-10-01 14:31:00,54339.7,54357.45,54330.45,54355.25,0
2026-10-01 14:32:00,54352.25,54357.95,54304.85,54328.25,0
2026-10-01 14:33:00,54327.9,54411.15,54298.95,54406.05,0
2026-10-01 14:34:00,54407.05,54436.9,54393.15,54413.1,0
2026-10-01 14:35:00,54411.85,54422.1,54362.2,54406.45,0
2026-10-01 14:36:00,54406.0,54412.4,54382.3,54406.45,0
2026-10-01 14:37:00,54403.35,54426.1,54400.15,54409.85,0
2026-10-01 14:38:00,54408.8,54415.2,54369.65,54385.05,0
2026-10-01 14:39:00,54387.9,54388.0,54306.0,54331.4,0
2026-10-01 14:40:00,54333.45,54353.6,54326.95,54346.75,0
2026-10-01 14:41:00,54345.25,54367.85,54342.85,54356.55,0
2026-10-01 14:42:00,54354.3,54359.35,54310.0,54349.05,0
2026-10-01 14:43:00,54347.6,54361.05,54340.45,54350.25,0
2026-10-01 14:44:00,54350.4,54361.2,54346.4,54357.1,0
2026-10-01 14:45:00,54356.1,54375.65,54343.8,54343.8,0
2026-10-01 14:46:00,54346.7,54360.7,54339.55,54343.05,0
2026-10-01 14:47:00,54341.3,54378.8,54331.7,54372.25,0
2026-10-01 14:48:00,54374.1,54378.6,54358.95,54363.65,0
2026-10-01 14:49:00,54362.0,54377.4,54352.1,54362.95,0
2026-10-01 14:50:00,54363.5,54420.75,54360.85,54420.05,0
2026-10-01 14:51:00,54419.8,54443.8,54381.1,54431.45,0
2026-10-01 14:52:00,54429.55,54434.95,54409.4,54432.5,0
2026-10-01 14:53:00,54429.95,54469.55,54426.0,54468.25,0
2026-10-01 14:54:00,54466.6,54484.75,54463.8,54475.95,0
2026-10-01 14:55:00,54470.05,54499.95,54467.9,54489.9,0
2026-10-01 14:56:00,54488.55,54530.9,54465.05,54518.9,0
2026-10-01 14:57:00,54518.75,54538.4,54494.75,54500.6,0
2026-10-01 14:58:00,54501.55,54522.15,54494.9,54501.05,0
2026-10-01 14:59:00,54503.85,54510.75,54479.45,54483.6,0
2026-10-01 15:00:00,54483.2,54489.85,54457.05,54457.4,0
2026-10-01 15:01:00,54457.35,54487.9,54454.1,54461.3,0
2026-10-01 15:02:00,54462.6,54462.6,54437.6,54444.6,0
2026-10-01 15:03:00,54446.55,54476.3,54441.45,54453.85,0
2026-10-01 15:04:00,54458.45,54477.95,54453.45,54464.25,0
2026-10-01 15:05:00,54466.65,54545.35,54466.0,54535.05,0
2026-10-01 15:06:00,54535.6,54569.75,54518.35,54518.35,0
2026-10-01 15:07:00,54520.85,54528.45,54495.9,54495.9,0
2026-10-01 15:08:00,54497.75,54514.1,54491.7,54502.7,0
2026-10-01 15:09:00,54505.9,54515.45,54480.5,54511.05,0
2026-10-01 15:10:00,54512.9,54518.5,54500.3,54517.0,0
2026-10-01 15:11:00,54517.4,54559.3,54509.55,54555.25,0
2026-10-01 15:12:00,54558.05,54563.0,54523.4,54540.3,0
2026-10-01 15:13:00,54543.8,54552.8,54517.95,54537.35,0
2026-10-01 15:14:00,54531.2,54566.55,54506.95,54565.1,0
2026-10-01 15:29:00,54450.75,54450.75,54450.75,54450.75,0
2026-10-05 09:15:00,54840.65,55045.85,54719.35,55039.1,0
2026-10-05 09:16:00,55039.65,55157.95,55039.55,55154.0,0
2026-10-05 09:17:00,55149.05,55187.8,55113.45,55158.75,0
2026-10-05 09:18:00,55158.05,55167.45,55067.75,55115.05,0
2026-10-05 09:19:00,55115.35,55135.5,55044.5,55135.5,0
2026-10-05 09:20:00,55135.0,55192.65,55110.95,55122.7,0
2026-10-05 09:21:00,55125.65,55125.65,55042.85,55056.75,0
2026-10-05 09:22:00,55054.25,55102.65,55033.1,55094.5,0
2026-10-05 09:23:00,55094.6,55144.0,55093.45,55118.85,0
2026-10-05 09:24:00,55119.45,55138.15,55092.2,55127.55,0
2026-10-05 09:25:00,55128.15,55160.55,55123.8,55124.65,0
2026-10-05 09:26:00,55122.8,55136.2,55069.95,55113.2,0
2026-10-05 09:27:00,55111.65,55145.45,55108.55,55135.25,0
2026-10-05 09:28:00,55131.4,55140.6,55098.15,55121.65,0
2026-10-05 09:29:00,55124.95,55126.1,55094.65,55111.65,0
2026-10-05 09:30:00,55109.6,55162.55,55109.6,55159.35,0
2026-10-05 09:31:00,55156.25,55159.5,55111.3,55118.95,0
2026-10-05 09:32:00,55117.35,55142.1,55101.1,55118.6,0
2026-10-05 09:33:00,55113.45,55130.25,55089.85,55118.85,0
2026-10-05 09:34:00,55119.85,55137.5,55100.45,55120.7,0
2026-10-05 09:35:00,55118.55,55122.25,55091.0,55107.6,0
2026-10-05 09:36:00,55102.1,55112.5,55087.0,55098.8,0
2026-10-05 09:37:00,55101.4,55101.4,55018.75,55018.75,0
2026-10-05 09:38:00,55020.3,55044.15,55008.85,55036.05,0
2026-10-05 09:39:00,55036.45,55065.75,55029.15,55054.25,0
2026-10-05 09:40:00,55054.5,55054.5,54991.2,54999.5,0
2026-10-05 09:41:00,54998.65,55048.9,54998.65,55041.4,0
2026-10-05 09:42:00,55042.25,55045.9,55014.05,55014.05,0
2026-10-05 09:43:00,55015.6,55020.6,54989.8,55011.2,0
2026-10-05 09:44:00,55008.5,55028.55,55000.1,55023.0,0
2026-10-05 09:45:00,55024.65,55068.25,55021.6,55058.25,0
2026-10-05 09:46:00,55056.7,55109.15,55054.6,55091.3,0
2026-10-05 09:47:00,55090.35,55109.9,55089.8,55095.75,0
2026-10-05 09:48:00,55095.05,55099.35,55074.5,55096.7,0
2026-10-05 09:49:00,55097.2,55110.35,55090.25,55102.1,0
2026-10-05 09:50:00,55101.2,55130.05,55100.4,55126.25,0
2026-10-05 09:51:00,55126.65,55127.0,55091.05,55091.9,0
2026-10-05 09:52:00,55094.55,55111.8,55078.5,55097.9,0
2026-10-05 09:53:00,55097.1,55108.2,55068.25,55095.45,0
2026-10-05 09:54:00,55092.2,55110.5,55075.45,55085.4,0
2026-10-05 09:55:00,55085.35,55138.1,55083.15,55128.25,0
2026-10-05 09:56:00,55130.75,55130.75,55087.15,55101.85,0
2026-10-05 09:57:00,55097.3,55103.0,55055.45,55057.6,0
2026-10-05 09:58:00,55059.45,55082.15,55005.25,55005.25,0
2026-10-05 09:59:00,55000.95,55000.95,54926.8,54928.35,0
2026-10-05 10:00:00,54929.95,54936.4,54912.0,54931.9,0
2026-10-05 10:01:00,54930.75,54959.3,54890.85,54907.4,0
2026-10-05 10:02:00,54902.8,54911.0,54887.4,54902.2,0
2026-10-05 10:03:00,54903.45,54926.65,54892.35,54894.75,0
2026-10-05 10:04:00,54893.2,54893.2,54871.45,54879.85,0
2026-10-05 10:05:00,54877.75,54881.65,54831.4,54833.7,0
2026-10-05 10:06:00,54837.4,54891.8,54837.4,54889.8,0
2026-10-05 10:07:00,54887.95,54895.0,54857.2,54866.3,0
2026-10-05 10:08:00,54869.15,54871.65,54849.35,54868.2,0
2026-10-05 10:09:00,54867.25,54911.7,54860.25,54901.55,0
2026-10-05 10:10:00,54905.45,54916.1,54873.25,54874.1,0
2026-10-05 10:11:00,54874.35,54875.8,54857.6,54874.15,0
2026-10-05 10:12:00,54869.9,54892.15,54851.15,54861.6,0
2026-10-05 10:13:00,54863.4,54907.5,54859.05,54891.95,0
2026-10-05 10:14:00,54891.25,54913.9,54873.6,54886.2,0
2026-10-05 10:15:00,54883.6,54895.55,54870.2,54880.85,0
2026-10-05 10:16:00,54881.0,54933.9,54880.65,54932.7,0
2026-10-05 10:17:00,54932.25,54954.1,54916.25,54916.75,0
2026-10-05 10:18:00,54917.45,54929.4,54901.2,54914.45,0
2026-10-05 10:19:00,54913.95,54938.25,54907.65,54917.95,0
2026-10-05 10:20:00,54916.85,54918.8,54876.9,54883.85,0
2026-10-05 10:21:00,54883.05,54886.6,54844.55,54858.2,0
2026-10-05 10:22:00,54858.9,54859.9,54830.8,54833.55,0
2026-10-05 10:23:00,54834.15,54862.35,54822.9,54858.7,0
2026-10-05 10:24:00,54856.75,54867.85,54812.35,54814.1,0
2026-10-05 10:25:00,54814.15,54814.15,54758.55,54760.5,0
2026-10-05 10:26:00,54754.6,54775.85,54726.35,54775.85,0
2026-10-05 10:27:00,54775.6,54801.15,54735.95,54797.75,0
2026-10-05 10:28:00,54802.6,54870.2,54792.7,54857.0,0
2026-10-05 10:29:00,54861.75,54878.65,54836.95,54857.5,0
2026-10-05 10:30:00,54856.3,54880.15,54847.05,54847.05,0
2026-10-05 10:31:00,54848.55,54879.95,54843.9,54870.35,0
2026-10-05 10:32:00,54872.4,54893.15,54857.2,54868.45,0
2026-10-05 10:33:00,54869.15,54882.0,54858.8,54864.7,0
2026-10-05 10:34:00,54865.25,54879.0,54854.35,54868.5,0
2026-10-05 10:35:00,54867.0,54867.4,54791.4,54804.1,0
2026-10-05 10:36:00,54809.2,54829.65,54794.25,54829.65,0
2026-10-05 10:37:00,54829.1,54836.95,54808.9,54813.85,0
2026-10-05 10:38:00,54809.85,54811.65,54762.25,54766.0,0
2026-10-05 10:39:00,54766.6,54769.55,54744.05,54744.65,0
2026-10-05 10:40:00,54744.3,54777.35,54726.95,54764.4,0
2026-10-05 10:41:00,54762.15,54792.9,54759.7,54787.1,0
2026-10-05 10:42:00,54784.1,54818.45,54783.1,54802.15,0
2026-10-05 10:43:00,54799.95,54820.15,54796.85,54802.45,0
2026-10-05 10:44:00,54804.3,54804.4,54770.7,54781.75,0
2026-10-05 10:45:00,54783.15,54815.75,54776.85,54792.1,0
2026-10-05 10:46:00,54794.9,54795.25,54763.95,54767.2,0
2026-10-05 10:47:00,54767.15,54792.4,54758.95,54777.55,0
2026-10-05 10:48:00,54777.6,54792.55,54777.6,54783.85,0
2026-10-05 10:49:00,54788.95,54788.95,54767.85,54769.05,0
2026-10-05 10:50:00,54778.7,54785.45,54751.0,54752.75,0
2026-10-05 10:51:00,54754.75,54759.4,54738.45,54741.35,0
2026-10-05 10:52:00,54744.75,54744.75,54706.8,54711.3,0
2026-10-05 10:53:00,54712.9,54730.85,54692.55,54697.05,0
2026-10-05 10:54:00,54693.15,54695.9,54659.45,54661.35,0
2026-10-05 10:55:00,54656.8,54674.3,54628.5,54674.3,0
2026-10-05 10:56:00,54674.0,54709.7,54674.0,54704.9,0
2026-10-05 10:57:00,54702.4,54717.3,54683.2,54712.05,0
2026-10-05 10:58:00,54709.45,54724.9,54702.4,54710.45,0
2026-10-05 10:59:00,54710.0,54731.6,54693.2,54703.7,0
2026-10-05 11:00:00,54701.2,54714.75,54689.7,54703.3,0
2026-10-05 11:01:00,54699.3,54705.15,54681.95,54686.85,0
2026-10-05 11:02:00,54687.15,54694.25,54666.65,54691.4,0
2026-10-05 11:03:00,54691.15,54700.15,54676.75,54684.55,0
2026-10-05 11:04:00,54685.45,54688.0,54670.75,54683.95,0
2026-10-05 11:05:00,54681.55,54701.45,54679.9,54690.45,0
2026-10-05 11:06:00,54687.45,54691.75,54656.8,54681.15,0
2026-10-05 11:07:00,54679.65,54683.1,54660.1,54672.0,0
2026-10-05 11:08:00,54670.15,54675.8,54641.75,54642.75,0
2026-10-05 11:09:00,54644.7,54653.4,54633.65,54639.9,0
2026-10-05 11:10:00,54637.1,54643.65,54625.35,54643.65,0
2026-10-05 11:11:00,54641.85,54641.85,54597.2,54617.7,0
2026-10-05 11:12:00,54616.1,54617.15,54597.5,54606.0,0
2026-10-05 11:13:00,54607.15,54639.4,54606.85,54621.05,0
2026-10-05 11:14:00,54622.9,54622.9,54582.1,54598.65,0
2026-10-05 11:15:00,54596.45,54612.15,54593.0,54609.6,0
2026-10-05 11:16:00,54603.25,54603.25,54561.1,54574.25,0
2026-10-05 11:17:00,54568.85,54576.65,54557.7,54574.9,0
2026-10-05 11:18:00,54571.25,54633.6,54566.9,54628.05,0
2026-10-05 11:19:00,54621.55,54632.7,54614.7,54628.05,0
2026-10-05 11:20:00,54621.55,54679.15,54619.7,54674.05,0
2026-10-05 11:21:00,54668.05,54673.9,54636.8,54651.95,0
2026-10-05 11:22:00,54642.55,54645.25,54621.25,54623.0,0
2026-10-05 11:23:00,54616.05,54616.6,54541.55,54560.5,0
2026-10-05 11:24:00,54554.05,54588.7,54545.1,54588.1,0
2026-10-05 11:25:00,54583.2,54609.9,54569.55,54594.15,0
2026-10-05 11:26:00,54587.55,54590.3,54565.15,54569.8,0
2026-10-05 11:27:00,54566.75,54577.05,54555.8,54573.45,0
2026-10-05 11:28:00,54565.3,54602.8,54558.25,54600.05,0
2026-10-05 11:29:00,54596.7,54646.05,54587.0,54636.0,0
2026-10-05 11:30:00,54634.75,54654.85,54619.55,54644.75,0
2026-10-05 11:31:00,54631.85,54654.5,54625.8,54654.5,0
2026-10-05 11:32:00,54650.85,54694.85,54644.7,54693.1,0
2026-10-05 11:33:00,54684.4,54723.25,54682.5,54706.55,0
2026-10-05 11:34:00,54702.1,54702.1,54661.85,54667.6,0
2026-10-05 11:35:00,54663.05,54665.05,54645.95,54649.05,0
2026-10-05 11:36:00,54644.15,54644.15,54603.3,54624.75,0
2026-10-05 11:37:00,54616.85,54631.6,54607.65,54626.85,0
2026-10-05 11:38:00,54618.8,54630.6,54606.1,54612.6,0
2026-10-05 11:39:00,54605.8,54607.9,54580.1,54589.3,0
2026-10-05 11:40:00,54588.9,54595.85,54568.25,54592.75,0
2026-10-05 11:41:00,54589.6,54614.8,54578.6,54608.85,0
2026-10-05 11:42:00,54606.05,54629.5,54583.65,54585.3,0
2026-10-05 11:43:00,54595.1,54602.95,54568.1,54584.15,0
2026-10-05 11:44:00,54583.35,54584.3,54549.25,54554.65,0
2026-10-05 11:45:00,54544.4,54548.6,54511.05,54527.2,0
2026-10-05 11:46:00,54530.75,54553.35,54514.85,54541.25,0
2026-10-05 11:47:00,54545.25,54561.2,54526.85,54532.15,0
2026-10-05 11:48:00,54530.8,54546.5,54521.9,54536.9,0
2026-10-05 11:49:00,54538.35,54540.05,54514.0,54522.4,0
2026-10-05 11:50:00,54524.45,54529.65,54469.1,54489.9,0
2026-10-05 11:51:00,54494.6,54516.25,54475.9,54478.0,0
2026-10-05 11:52:00,54476.3,54494.75,54459.85,54492.8,0
2026-10-05 11:53:00,54496.25,54546.15,54491.1,54541.1,0
2026-10-05 11:54:00,54540.0,54557.95,54533.4,54535.45,0
2026-10-05 11:55:00,54531.05,54574.0,54524.3,54555.45,0
2026-10-05 11:56:00,54555.2,54556.7,54528.5,54532.7,0
2026-10-05 11:57:00,54533.55,54576.25,54527.3,54551.7,0
2026-10-05 11:58:00,54550.2,54568.85,54518.3,54525.55,0
2026-10-05 11:59:00,54523.8,54525.6,54481.7,54492.05,0
2026-10-05 12:00:00,54490.5,54490.5,54411.25,54428.45,0
2026-10-05 12:01:00,54424.55,54445.3,54418.0,54430.5,0
2026-10-05 12:02:00,54436.8,54476.9,54435.4,54472.9,0
2026-10-05 12:03:00,54475.05,54504.45,54467.3,54501.45,0
2026-10-05 12:04:00,54500.95,54527.8,54493.3,54527.8,0
2026-10-05 12:05:00,54527.75,54527.75,54467.5,54469.8,0
2026-10-05 12:06:00,54473.2,54475.8,54435.65,54443.25,0
2026-10-05 12:07:00,54443.1,54443.1,54378.15,54410.4,0
2026-10-05 12:08:00,54414.55,54417.55,54370.6,54394.95,0
2026-10-05 12:09:00,54395.65,54426.05,54386.2,54418.3,0
2026-10-05 12:10:00,54420.5,54434.0,54406.5,54432.95,0
2026-10-05 12:11:00,54431.6,54457.4,54428.15,54453.45,0
2026-10-05 12:12:00,54453.4,54477.65,54445.95,54451.85,0
2026-10-05 12:13:00,54454.6,54456.9,54419.9,54427.7,0
2026-10-05 12:14:00,54429.3,54447.15,54422.3,54436.6,0
2026-10-05 12:15:00,54438.75,54474.9,54436.35,54472.65,0
2026-10-05 12:16:00,54473.95,54481.6,54448.05,54459.85,0
2026-10-05 12:17:00,54461.25,54483.3,54454.25,54476.5,0
2026-10-05 12:18:00,54481.15,54521.3,54476.9,54507.0,0
2026-10-05 12:19:00,54508.7,54524.25,54502.2,54524.25,0
2026-10-05 12:20:00,54522.55,54573.1,54518.75,54562.85,0
2026-10-05 12:21:00,54562.5,54584.6,54556.6,54572.85,0
2026-10-05 12:22:00,54573.35,54596.65,54565.4,54585.5,0
2026-10-05 12:23:00,54592.25,54600.35,54570.3,54578.05,0
2026-10-05 12:24:00,54579.15,54603.3,54537.35,54544.1,0
2026-10-05 12:25:00,54546.0,54585.95,54536.2,54580.35,0
2026-10-05 12:26:00,54579.35,54591.5,54559.0,54561.7,0
2026-10-05 12:27:00,54566.5,54584.3,54545.75,54577.95,0
2026-10-05 12:28:00,54579.95,54611.75,54572.05,54590.7,0
2026-10-05 12:29:00,54592.2,54632.85,54580.05,54621.8,0
2026-10-05 12:30:00,54623.4,54657.5,54606.95,54620.8,0
2026-10-05 12:31:00,54624.85,54630.0,54586.05,54594.5,0
2026-10-05 12:32:00,54595.05,54611.8,54577.9,54597.2,0
2026-10-05 12:33:00,54599.4,54606.2,54589.45,54593.45,0
2026-10-05 12:34:00,54591.0,54596.65,54572.95,54572.95,0
2026-10-05 12:35:00,54576.9,54614.35,54559.5,54602.8,0
2026-10-05 12:36:00,54602.35,54621.4,54593.1,54599.75,0
2026-10-05 12:37:00,54600.6,54613.65,54592.35,54608.6,0
2026-10-05 12:38:00,54611.95,54627.4,54598.8,54604.8,0
2026-10-05 12:39:00,54604.35,54614.35,54593.2,54606.75,0
2026-10-05 12:40:00,54605.65,54636.7,54598.05,54621.9,0
2026-10-05 12:41:00,54624.9,54637.7,54615.5,54632.8,0
2026-10-05 12:42:00,54633.8,54668.35,54622.05,54660.35,0
2026-10-05 12:43:00,54652.65,54667.35,54636.6,54649.5,0
2026-10-05 12:44:00,54647.75,54649.9,54622.0,54631.25,0
2026-10-05 12:45:00,54630.6,54649.85,54624.15,54628.25,0
2026-10-05 12:46:00,54627.85,54671.35,54624.7,54667.95,0
2026-10-05 12:47:00,54666.7,54690.3,54664.5,54668.05,0
2026-10-05 12:48:00,54674.1,54707.6,54671.6,54689.3,0
2026-10-05 12:49:00,54689.7,54695.5,54634.65,54638.95,0
2026-10-05 12:50:00,54642.75,54677.95,54634.05,54676.5,0
2026-10-05 12:51:00,54676.85,54691.75,54660.7,54665.0,0
2026-10-05 12:52:00,54666.85,54672.6,54601.85,54605.65,0
2026-10-05 12:53:00,54608.5,54627.9,54595.9,54595.9,0
2026-10-05 12:54:00,54595.4,54595.4,54546.1,54570.8,0
2026-10-05 12:55:00,54569.85,54604.45,54569.85,54587.3,0
2026-10-05 12:56:00,54593.45,54609.15,54568.45,54586.5,0
2026-10-05 12:57:00,54586.2,54623.65,54578.7,54595.6,0
2026-10-05 12:58:00,54599.25,54623.6,54574.5,54581.35,0
2026-10-05 12:59:00,54582.3,54601.85,54572.35,54596.45,0
2026-10-05 13:00:00,54596.8,54601.6,54560.15,54564.55,0
2026-10-05 13:01:00,54564.35,54592.25,54560.35,54583.1,0
2026-10-05 13:02:00,54584.3,54600.1,54564.45,54600.1,0
2026-10-05 13:03:00,54597.35,54614.55,54587.5,54612.5,0
2026-10-05 13:04:00,54611.2,54613.75,54588.5,54609.25,0
2026-10-05 13:05:00,54599.85,54611.35,54594.8,54603.75,0
2026-10-05 13:06:00,54604.2,54607.85,54569.4,54606.35,0
2026-10-05 13:07:00,54606.2,54612.15,54568.45,54572.6,0
2026-10-05 13:08:00,54573.55,54583.15,54566.15,54581.4,0
2026-10-05 13:09:00,54579.9,54594.55,54564.2,54574.55,0
2026-10-05 13:10:00,54574.75,54599.15,54562.55,54597.0,0
2026-10-05 13:11:00,54601.1,54611.7,54584.95,54584.95,0
2026-10-05 13:12:00,54584.15,54585.45,54543.85,54559.9,0
2026-10-05 13:13:00,54558.5,54588.4,54557.35,54578.2,0
2026-10-05 13:14:00,54580.05,54608.1,54571.0,54602.65,0
2026-10-05 13:15:00,54601.65,54620.85,54601.2,54602.55,0
2026-10-05 13:16:00,54604.55,54606.1,54573.7,54573.8,0
2026-10-05 13:17:00,54573.35,54576.95,54560.2,54570.1,0
2026-10-05 13:18:00,54569.0,54593.95,54565.7,54590.95,0
2026-10-05 13:19:00,54591.7,54604.55,54583.75,54591.25,0
2026-10-05 13:20:00,54595.9,54598.35,54573.5,54576.2,0
2026-10-05 13:21:00,54574.8,54603.1,54565.5,54596.85,0
2026-10-05 13:22:00,54597.55,54622.15,54597.55,54603.55,0
2026-10-05 13:23:00,54608.55,54611.7,54598.65,54605.65,0
2026-10-05 13:24:00,54604.75,54605.1,54568.9,54570.9,0
2026-10-05 13:25:00,54572.05,54574.35,54558.45,54567.9,0
2026-10-05 13:26:00,54569.55,54570.35,54531.75,54535.95,0
2026-10-05 13:27:00,54540.8,54544.4,54527.8,54530.85,0
2026-10-05 13:28:00,54539.85,54555.95,54529.55,54551.15,0
2026-10-05 13:29:00,54554.65,54572.1,54543.75,54569.25,0
2026-10-05 13:30:00,54574.65,54581.1,54564.4,54578.3,0
2026-10-05 13:31:00,54580.15,54601.65,54557.7,54587.9,0
2026-10-05 13:32:00,54592.85,54613.5,54568.5,54582.65,0
2026-10-05 13:33:00,54578.5,54597.0,54571.85,54586.65,0
2026-10-05 13:34:00,54584.95,54613.6,54576.15,54613.6,0
2026-10-05 13:35:00,54614.85,54631.35,54608.75,54625.05,0
2026-10-05 13:36:00,54623.8,54682.6,54619.65,54667.25,0
2026-10-05 13:37:00,54670.2,54688.6,54649.7,54652.85,0
2026-10-05 13:38:00,54652.5,54656.95,54626.95,54654.05,0
2026-10-05 13:39:00,54652.45,54689.35,54645.05,54686.7,0
2026-10-05 13:40:00,54690.45,54782.95,54690.45,54766.65,0
2026-10-05 13:41:00,54765.95,54814.7,54765.95,54813.9,0
2026-10-05 13:42:00,54809.4,54830.85,54778.6,54808.85,0
2026-10-05 13:43:00,54813.4,54815.1,54781.25,54798.05,0
2026-10-05 13:44:00,54797.5,54830.7,54744.6,54830.7,0
2026-10-05 13:45:00,54832.2,54863.85,54817.8,54821.4,0
2026-10-05 13:46:00,54817.65,54819.35,54799.2,54811.6,0
2026-10-05 13:47:00,54808.0,54812.9,54795.8,54810.55,0
2026-10-05 13:48:00,54807.8,54811.25,54787.5,54791.8,0
2026-10-05 13:49:00,54791.05,54818.05,54759.75,54800.6,0
2026-10-05 13:50:00,54801.25,54818.55,54782.35,54818.0,0
2026-10-05 13:51:00,54815.9,54839.8,54801.95,54833.45,0
2026-10-05 13:52:00,54830.55,54862.15,54830.55,54846.6,0
2026-10-05 13:53:00,54845.8,54869.8,54837.75,54866.15,0
2026-10-05 13:54:00,54867.2,54884.9,54860.15,54878.45,0
2026-10-05 13:55:00,54879.6,54881.15,54856.15,54875.4,0
2026-10-05 13:56:00,54873.95,54881.1,54853.7,54874.85,0
2026-10-05 13:57:00,54876.5,54885.35,54856.05,54863.3,0
2026-10-05 13:58:00,54862.45,54869.0,54825.65,54831.6,0
2026-10-05 13:59:00,54834.0,54862.1,54819.05,54834.4,0
2026-10-05 14:00:00,54834.25,54850.4,54819.2,54848.0,0
2026-10-05 14:01:00,54847.0,54859.05,54834.8,54846.25,0
2026-10-05 14:02:00,54843.65,54868.35,54828.0,54861.5,0
2026-10-05 14:03:00,54865.05,54877.7,54828.75,54832.3,0
2026-10-05 14:04:00,54829.55,54829.55,54729.5,54778.75,0
2026-10-05 14:05:00,54778.45,54798.2,54748.65,54765.1,0
2026-10-05 14:06:00,54764.15,54765.3,54709.0,54717.4,0
2026-10-05 14:07:00,54719.2,54762.9,54710.7,54758.25,0
2026-10-05 14:08:00,54755.0,54785.75,54751.1,54783.2,0
2026-10-05 14:09:00,54782.5,54801.1,54758.8,54769.1,0
2026-10-05 14:10:00,54768.2,54811.25,54766.25,54801.6,0
2026-10-05 14:11:00,54801.15,54810.5,54783.95,54788.75,0
2026-10-05 14:12:00,54790.65,54795.75,54776.5,54781.35,0
2026-10-05 14:13:00,54779.5,54860.55,54759.45,54855.85,0
2026-10-05 14:14:00,54857.6,54863.95,54819.45,54828.7,0
2026-10-05 14:15:00,54825.25,54831.5,54764.15,54772.45,0
2026-10-05 14:16:00,54770.7,54776.1,54756.55,54756.55,0
2026-10-05 14:17:00,54756.45,54759.25,54736.75,54749.35,0
2026-10-05 14:18:00,54744.05,54772.75,54742.0,54764.35,0
2026-10-05 14:19:00,54765.15,54813.15,54761.65,54809.65,0
2026-10-05 14:20:00,54802.35,54812.2,54784.55,54810.25,0
2026-10-05 14:21:00,54807.3,54814.35,54787.7,54808.2,0
2026-10-05 14:22:00,54806.85,54806.85,54789.55,54794.05,0
2026-10-05 14:23:00,54792.7,54795.05,54771.95,54782.05,0
2026-10-05 14:24:00,54780.15,54788.6,54760.75,54767.65,0
2026-10-05 14:25:00,54768.1,54790.6,54765.5,54785.75,0
2026-10-05 14:26:00,54787.7,54798.0,54779.6,54794.5,0
2026-10-05 14:27:00,54792.85,54801.0,54782.8,54789.2,0
2026-10-05 14:28:00,54789.9,54795.25,54774.4,54780.45,0
2026-10-05 14:29:00,54779.8,54799.75,54775.15,54795.9,0
2026-10-05 14:30:00,54796.2,54802.4,54769.5,54773.5,0
2026-10-05 14:31:00,54771.4,54777.2,54752.9,54766.15,0
2026-10-05 14:32:00,54766.35,54805.0,54764.15,54802.65,0
2026-10-05 14:33:00,54804.1,54804.1,54779.9,54790.9,0
2026-10-05 14:34:00,54792.85,54798.9,54776.7,54792.05,0
2026-10-05 14:35:00,54791.6,54796.15,54773.4,54777.95,0
2026-10-05 14:36:00,54777.85,54791.6,54772.4,54783.4,0
2026-10-05 14:37:00,54783.05,54790.6,54773.55,54778.65,0
2026-10-05 14:38:00,54779.15,54786.5,54766.45,54767.75,0
2026-10-05 14:39:00,54767.35,54768.5,54729.95,54730.95,0
2026-10-05 14:40:00,54731.25,54736.9,54721.35,54728.95,0
2026-10-05 14:41:00,54728.55,54729.2,54708.95,54711.75,0
2026-10-05 14:42:00,54713.45,54743.7,54710.6,54743.15,0
2026-10-05 14:43:00,54744.7,54754.55,54738.1,54746.2,0
2026-10-05 14:44:00,54746.0,54759.65,54738.7,54756.85,0
2026-10-05 14:45:00,54756.45,54772.3,54752.2,54756.7,0
2026-10-05 14:46:00,54756.75,54756.75,54731.55,54739.25,0
2026-10-05 14:47:00,54739.85,54752.7,54732.6,54747.7,0
2026-10-05 14:48:00,54749.2,54757.85,54736.2,54755.6,0
2026-10-05 14:49:00,54756.5,54764.8,54728.0,54730.85,0
2026-10-05 14:50:00,54729.95,54746.95,54720.9,54737.4,0
2026-10-05 14:51:00,54735.75,54746.9,54729.3,54738.2,0
2026-10-05 14:52:00,54738.6,54744.2,54707.85,54717.05,0
2026-10-05 14:53:00,54720.1,54751.05,54717.15,54732.55,0
2026-10-05 14:54:00,54731.85,54753.85,54724.05,54751.25,0
2026-10-05 14:55:00,54750.2,54750.6,54715.15,54717.0,0
2026-10-05 14:56:00,54713.75,54718.6,54689.2,54704.9,0
2026-10-05 14:57:00,54705.2,54714.4,54685.1,54690.0,0
2026-10-05 14:58:00,54693.95,54714.7,54678.7,54685.0,0
2026-10-05 14:59:00,54685.3,54691.05,54676.4,54680.6,0
2026-10-05 15:00:00,54679.5,54683.5,54659.95,54664.35,0
2026-10-05 15:01:00,54663.2,54663.2,54627.0,54638.0,0
2026-10-05 15:02:00,54637.65,54638.55,54621.05,54622.25,0
2026-10-05 15:03:00,54622.95,54635.05,54604.35,54604.35,0
2026-10-05 15:04:00,54605.55,54629.7,54599.7,54613.3,0
2026-10-05 15:05:00,54615.05,54629.8,54615.05,54624.45,0
2026-10-05 15:06:00,54624.1,54639.5,54617.85,54639.1,0
2026-10-05 15:07:00,54640.05,54663.15,54634.65,54662.15,0
2026-10-05 15:08:00,54662.8,54662.8,54626.45,54629.6,0
2026-10-05 15:09:00,54634.0,54653.55,54619.45,54648.5,0
2026-10-05 15:10:00,54653.15,54673.45,54649.45,54669.45,0
2026-10-05 15:11:00,54671.95,54671.95,54647.3,54662.05,0
2026-10-05 15:12:00,54663.0,54677.35,54637.05,54676.4,0
2026-10-05 15:13:00,54671.75,54701.15,54661.8,54674.3,0
2026-10-05 15:14:00,54681.85,54730.9,54671.05,54713.6,0
2026-10-05 15:29:00,54714.1,54714.1,54714.1,54714.1,0
2026-10-06 09:15:00,54901.3,55034.55,54877.05,54913.6,0
2026-10-06 09:16:00,54906.4,54919.9,54834.75,54904.1,0
2026-10-06 09:17:00,54899.25,54981.55,54897.25,54981.5,0
2026-10-06 09:18:00,54976.75,55027.45,54969.05,54984.55,0
2026-10-06 09:19:00,54980.9,54982.95,54918.55,54943.6,0
2026-10-06 09:20:00,54941.45,54957.15,54870.0,54873.15,0
2026-10-06 09:21:00,54870.4,54903.5,54855.55,54895.75,0
2026-10-06 09:22:00,54893.45,54916.2,54875.9,54896.4,0
2026-10-06 09:23:00,54896.8,54907.65,54867.5,54880.95,0
2026-10-06 09:24:00,54880.3,54897.75,54863.2,54886.05,0
2026-10-06 09:25:00,54883.0,54884.8,54844.8,54863.35,0
2026-10-06 09:26:00,54860.25,54879.5,54858.1,54858.1,0
2026-10-06 09:27:00,54860.25,54875.95,54845.85,54872.55,0
2026-10-06 09:28:00,54869.9,54900.3,54869.9,54895.55,0
2026-10-06 09:29:00,54893.95,54904.3,54884.5,54900.55,0
2026-10-06 09:30:00,54899.05,54941.95,54897.05,54928.55,0
2026-10-06 09:31:00,54925.45,54943.5,54918.3,54922.3,0
2026-10-06 09:32:00,54920.6,54959.05,54917.3,54952.6,0
2026-10-06 09:33:00,54945.65,54998.85,54945.4,54975.0,0
2026-10-06 09:34:00,54978.3,54996.15,54969.8,54995.7,0
2026-10-06 09:35:00,54993.15,54998.4,54974.1,54987.7,0
2026-10-06 09:36:00,54985.45,54987.8,54952.95,54966.3,0
2026-10-06 09:37:00,54966.4,55008.7,54963.05,55006.55,0
2026-10-06 09:38:00,55004.5,55029.95,55001.95,55020.0,0
2026-10-06 09:39:00,55013.15,55029.6,55006.6,55024.1,0
2026-10-06 09:40:00,55021.25,55052.3,55019.1,55045.95,0
2026-10-06 09:41:00,55044.9,55066.65,55040.65,55066.65,0
2026-10-06 09:42:00,55067.2,55074.45,55038.4,55057.75,0
2026-10-06 09:43:00,55056.8,55069.35,55047.35,55059.55,0
2026-10-06 09:44:00,55056.45,55058.35,55024.4,55035.2,0
2026-10-06 09:45:00,55033.05,55045.5,55023.5,55037.55,0
2026-10-06 09:46:00,55034.2,55055.4,55031.1,55032.45,0
2026-10-06 09:47:00,55030.7,55068.65,55012.9,55067.95,0
2026-10-06 09:48:00,55064.65,55065.65,55041.7,55049.6,0
2026-10-06 09:49:00,55047.9,55047.9,55023.1,55040.8,0
2026-10-06 09:50:00,55041.8,55057.45,55029.7,55031.85,0
2026-10-06 09:51:00,55031.3,55043.3,55023.3,55023.3,0
2026-10-06 09:52:00,55022.8,55031.15,55001.35,55029.25,0
2026-10-06 09:53:00,55025.05,55029.45,55006.6,55026.45,0
2026-10-06 09:54:00,55027.1,55030.85,55009.7,55030.65,0
2026-10-06 09:55:00,55028.35,55066.15,55028.35,55057.3,0
2026-10-06 09:56:00,55058.35,55068.35,55053.85,55060.45,0
2026-10-06 09:57:00,55059.85,55070.8,55048.3,55049.2,0
2026-10-06 09:58:00,55049.3,55053.0,55029.05,55053.0,0
2026-10-06 09:59:00,55047.6,55050.7,55011.25,55018.5,0
2026-10-06 10:00:00,55015.25,55024.15,54997.85,55014.75,0
2026-10-06 10:01:00,55011.5,55015.75,54977.0,54995.75,0
2026-10-06 10:02:00,54993.45,55001.4,54988.0,54997.55,0
2026-10-06 10:03:00,54993.15,54998.6,54955.2,54956.6,0
2026-10-06 10:04:00,54955.5,54955.7,54929.55,54932.6,0
2026-10-06 10:05:00,54931.4,54938.55,54911.75,54913.65,0
2026-10-06 10:06:00,54912.85,54930.85,54908.45,54922.5,0
2026-10-06 10:07:00,54920.75,54923.7,54888.6,54897.25,0
2026-10-06 10:08:00,54895.75,54939.65,54895.75,54930.2,0
2026-10-06 10:09:00,54925.55,54928.6,54895.5,54899.75,0
2026-10-06 10:10:00,54898.3,54935.75,54873.15,54928.4,0
2026-10-06 10:11:00,54927.15,54934.85,54913.45,54914.8,0
2026-10-06 10:12:00,54913.1,54932.05,54912.35,54923.15,0
2026-10-06 10:13:00,54921.3,54947.7,54919.2,54941.35,0
2026-10-06 10:14:00,54941.7,54975.3,54937.1,54968.7,0
2026-10-06 10:15:00,54969.0,55003.7,54967.8,55000.7,0
2026-10-06 10:16:00,54999.85,55002.5,54970.95,54980.55,0
2026-10-06 10:17:00,54981.9,55010.7,54979.3,55004.6,0
2026-10-06 10:18:00,55004.1,55008.6,54995.65,55001.7,0
2026-10-06 10:19:00,54999.2,55018.3,54981.6,54983.75,0
2026-10-06 10:20:00,54981.75,55001.55,54980.3,54992.55,0
2026-10-06 10:21:00,54993.8,54997.1,54979.55,54988.6,0
2026-10-06 10:22:00,54987.15,54988.45,54973.05,54978.9,0
2026-10-06 10:23:00,54976.35,54979.2,54958.75,54974.7,0
2026-10-06 10:24:00,54976.4,55000.25,54976.4,54996.0,0
2026-10-06 10:25:00,54994.2,55000.45,54983.15,54999.55,0
2026-10-06 10:26:00,54998.3,55009.7,54993.55,55002.4,0
2026-10-06 10:27:00,54999.3,55000.25,54985.7,54989.35,0
2026-10-06 10:28:00,54991.75,55007.4,54983.4,55001.2,0
2026-10-06 10:29:00,55001.9,55020.5,54998.2,55016.1,0
2026-10-06 10:30:00,55014.6,55021.1,55008.2,55018.65,0
2026-10-06 10:31:00,55020.6,55036.35,55014.2,55026.6,0
2026-10-06 10:32:00,55024.8,55041.45,55015.15,55018.5,0
2026-10-06 10:33:00,55018.65,55031.75,55013.25,55027.7,0
2026-10-06 10:34:00,55027.6,55066.4,55024.9,55042.95,0
2026-10-06 10:35:00,55038.25,55044.4,55029.65,55041.2,0
2026-10-06 10:36:00,55041.5,55041.75,55019.0,55034.1,0
2026-10-06 10:37:00,55032.65,55054.1,55031.65,55046.4,0
2026-10-06 10:38:00,55045.6,55051.4,55034.7,55034.75,0
2026-10-06 10:39:00,55034.35,55054.9,55034.25,55051.25,0
2026-10-06 10:40:00,55050.1,55053.3,55015.75,55030.75,0
2026-10-06 10:41:00,55028.7,55034.45,55016.25,55033.3,0
2026-10-06 10:42:00,55029.0,55044.8,55029.0,55043.3,0
2026-10-06 10:43:00,55040.9,55049.95,55030.25,55038.6,0
2026-10-06 10:44:00,55032.85,55055.25,55031.0,55044.85,0
2026-10-06 10:45:00,55042.3,55048.4,55003.5,55015.4,0
2026-10-06 10:46:00,55008.9,55023.2,55001.8,55006.6,0
2026-10-06 10:47:00,55000.2,55011.0,54980.5,54999.25,0
2026-10-06 10:48:00,54997.4,55001.55,54979.95,54984.55,0
2026-10-06 10:49:00,54987.6,54996.45,54984.6,54994.05,0
2026-10-06 10:50:00,54991.25,54996.85,54977.5,54980.35,0
2026-10-06 10:51:00,54977.75,54982.35,54955.95,54958.45,0
2026-10-06 10:52:00,54956.15,54982.55,54950.3,54974.55,0
2026-10-06 10:53:00,54972.85,54989.65,54970.75,54976.95,0
2026-10-06 10:54:00,54974.5,54984.95,54969.2,54983.2,0
2026-10-06 10:55:00,54979.7,55000.95,54979.5,54990.55,0
2026-10-06 10:56:00,54991.55,54994.65,54977.25,54980.3,0
2026-10-06 10:57:00,54974.3,54985.1,54969.4,54981.3,0
2026-10-06 10:58:00,54980.7,54997.85,54976.6,54983.65,0
2026-10-06 10:59:00,54981.4,55013.5,54980.65,55009.05,0
2026-10-06 11:00:00,55006.75,55026.1,54984.85,54987.0,0
2026-10-06 11:01:00,54985.85,54996.95,54979.45,54990.7,0
2026-10-06 11:02:00,54989.45,55004.1,54976.4,55002.2,0
2026-10-06 11:03:00,55001.2,55020.6,54999.5,55018.85,0
2026-10-06 11:04:00,55015.5,55022.65,55011.2,55020.85,0
2026-10-06 11:05:00,55016.6,55061.2,55015.45,55056.5,0
2026-10-06 11:06:00,55056.3,55070.5,55049.45,55059.15,0
2026-10-06 11:07:00,55060.6,55064.05,55042.35,55045.0,0
2026-10-06 11:08:00,55043.6,55062.1,55031.3,55055.5,0
2026-10-06 11:09:00,55052.6,55063.4,55046.8,55053.35,0
2026-10-06 11:10:00,55051.95,55060.45,55037.45,55046.05,0
2026-10-06 11:11:00,55045.9,55050.95,55038.45,55045.35,0
2026-10-06 11:12:00,55044.7,55052.05,55034.45,55042.7,0
2026-10-06 11:13:00,55042.55,55053.15,55020.8,55052.4,0
2026-10-06 11:14:00,55047.55,55053.6,55037.3,55042.95,0
2026-10-06 11:15:00,55042.15,55050.6,55039.5,55044.1,0
2026-10-06 11:16:00,55044.95,55045.75,55034.8,55039.3,0
2026-10-06 11:17:00,55038.8,55043.0,55027.9,55032.35,0
2026-10-06 11:18:00,55030.7,55042.6,55023.65,55037.95,0
2026-10-06 11:19:00,55035.95,55044.45,55028.55,55037.5,0
2026-10-06 11:20:00,55036.0,55051.0,55032.6,55036.3,0
2026-10-06 11:21:00,55034.9,55035.6,55019.45,55031.0,0
2026-10-06 11:22:00,55027.35,55033.0,55012.45,55013.35,0
2026-10-06 11:23:00,55013.95,55021.1,55006.9,55011.9,0
2026-10-06 11:24:00,55010.3,55016.4,55004.95,55008.5,0
2026-10-06 11:25:00,55007.95,55007.95,54983.1,54996.25,0
2026-10-06 11:26:00,54996.75,55002.95,54992.1,55001.4,0
2026-10-06 11:27:00,54996.15,55006.5,54987.95,54988.45,0
2026-10-06 11:28:00,54989.35,54999.95,54985.7,54988.45,0
2026-10-06 11:29:00,54988.35,54995.6,54971.0,54978.9,0
2026-10-06 11:30:00,54978.1,54982.7,54974.8,54976.25,0
2026-10-06 11:31:00,54977.7,54981.2,54973.45,54976.3,0
2026-10-06 11:32:00,54975.95,54987.45,54972.7,54985.5,0
2026-10-06 11:33:00,54982.5,54985.95,54973.7,54982.45,0
2026-10-06 11:34:00,54980.1,55003.95,54977.2,55003.95,0
2026-10-06 11:35:00,55001.85,55003.85,54966.55,54967.35,0
2026-10-06 11:36:00,54969.35,54981.8,54965.45,54976.65,0
2026-10-06 11:37:00,54974.75,54984.65,54963.8,54984.65,0
2026-10-06 11:38:00,54982.85,55000.25,54981.8,54987.45,0
2026-10-06 11:39:00,54984.85,54992.8,54977.65,54985.15,0
2026-10-06 11:40:00,54986.05,54989.35,54980.6,54988.1,0
2026-10-06 11:41:00,54986.35,54998.2,54978.1,54979.45,0
2026-10-06 11:42:00,54976.6,54990.35,54970.5,54988.6,0
2026-10-06 11:43:00,54987.35,54989.65,54974.95,54986.15,0
2026-10-06 11:44:00,54984.1,55001.8,54979.95,54991.35,0
2026-10-06 11:45:00,54990.65,55013.85,54986.95,55007.0,0
2026-10-06 11:46:00,55003.3,55006.5,54994.2,55003.2,0
2026-10-06 11:47:00,55004.45,55022.95,55000.8,55020.1,0
2026-10-06 11:48:00,55019.75,55034.8,55018.35,55028.0,0
2026-10-06 11:49:00,55026.7,55039.75,55024.9,55036.3,0
2026-10-06 11:50:00,55037.6,55037.6,54996.25,54998.0,0
2026-10-06 11:51:00,54998.3,55003.7,54986.3,54999.45,0
2026-10-06 11:52:00,54997.5,55004.85,54972.95,54982.9,0
2026-10-06 11:53:00,54980.85,55001.15,54975.65,55000.55,0
2026-10-06 11:54:00,54996.6,55008.8,54993.45,54994.5,0
2026-10-06 11:55:00,54993.65,55001.5,54983.95,55000.25,0
2026-10-06 11:56:00,54999.2,55028.0,54998.1,55021.6,0
2026-10-06 11:57:00,55019.1,55024.4,55014.25,55019.15,0
2026-10-06 11:58:00,55018.45,55034.1,55015.35,55019.6,0
2026-10-06 11:59:00,55018.55,55036.15,55015.7,55033.95,0
2026-10-06 12:00:00,55033.2,55033.45,55015.9,55019.8,0
2026-10-06 12:01:00,55019.7,55050.6,55019.7,55047.3,0
2026-10-06 12:02:00,55045.25,55055.1,55026.6,55028.8,0
2026-10-06 12:03:00,55029.4,55041.85,55017.8,55020.8,0
2026-10-06 12:04:00,55022.8,55046.95,55021.2,55045.1,0
2026-10-06 12:05:00,55042.5,55055.75,55032.4,55033.85,0
2026-10-06 12:06:00,55028.2,55034.35,55003.9,55005.65,0
2026-10-06 12:07:00,55007.05,55042.0,55002.55,55031.0,0
2026-10-06 12:08:00,55032.7,55051.15,55030.15,55049.15,0
2026-10-06 12:09:00,55048.75,55052.15,55019.65,55020.8,0
2026-10-06 12:10:00,55023.65,55037.2,55019.25,55033.3,0
2026-10-06 12:11:00,55033.35,55035.95,55004.0,55006.25,0
2026-10-06 12:12:00,55006.95,55012.45,54982.9,54989.25,0
2026-10-06 12:13:00,54989.45,54997.4,54979.95,54989.0,0
2026-10-06 12:14:00,54994.35,54998.25,54977.55,54985.2,0
2026-10-06 12:15:00,54986.15,55011.7,54984.6,55011.45,0
2026-10-06 12:16:00,55010.45,55023.8,55005.7,55008.9,0
2026-10-06 12:17:00,55008.35,55032.2,55008.35,55029.65,0
2026-10-06 12:18:00,55029.2,55042.1,55027.25,55029.0,0
2026-10-06 12:19:00,55030.3,55065.7,55028.9,55040.45,0
2026-10-06 12:20:00,55042.0,55059.5,55041.65,55053.8,0
2026-10-06 12:21:00,55051.85,55055.55,55042.75,55052.45,0
2026-10-06 12:22:00,55052.25,55052.35,55036.65,55050.3,0
2026-10-06 12:23:00,55049.7,55055.2,55044.25,55049.55,0
2026-10-06 12:24:00,55049.9,55070.15,55046.15,55066.8,0
2026-10-06 12:25:00,55065.65,55076.0,55041.65,55046.1,0
2026-10-06 12:26:00,55048.2,55055.6,55035.9,55037.75,0
2026-10-06 12:27:00,55039.65,55049.05,55037.4,55046.7,0
2026-10-06 12:28:00,55049.55,55057.15,55043.8,55051.2,0
2026-10-06 12:29:00,55052.2,55058.25,55043.6,55044.5,0
2026-10-06 12:30:00,55047.0,55077.4,55047.0,55066.45,0
2026-10-06 12:31:00,55068.75,55091.5,55067.4,55078.15,0
2026-10-06 12:32:00,55080.85,55088.05,55056.6,55057.85,0
2026-10-06 12:33:00,55061.15,55074.3,55055.35,55073.25,0
2026-10-06 12:34:00,55073.7,55094.25,55073.7,55086.75,0
2026-10-06 12:35:00,55088.0,55099.3,55085.0,55092.8,0
2026-10-06 12:36:00,55093.05,55100.4,55086.8,55094.75,0
2026-10-06 12:37:00,55095.25,55117.15,55093.55,55113.25,0
2026-10-06 12:38:00,55114.4,55140.8,55106.4,55133.65,0
2026-10-06 12:39:00,55135.15,55156.7,55134.95,55146.6,0
2026-10-06 12:40:00,55146.95,55155.6,55139.8,55139.8,0
2026-10-06 12:41:00,55139.05,55147.15,55135.75,55140.75,0
2026-10-06 12:42:00,55141.3,55168.0,55141.3,55163.5,0
2026-10-06 12:43:00,55162.6,55176.85,55157.0,55173.1,0
2026-10-06 12:44:00,55173.7,55193.75,55171.35,55172.95,0
2026-10-06 12:45:00,55175.0,55198.95,55170.95,55179.95,0
2026-10-06 12:46:00,55178.45,55188.2,55168.85,55184.0,0
2026-10-06 12:47:00,55178.4,55185.7,55173.6,55179.6,0
2026-10-06 12:48:00,55179.4,55201.0,55179.4,55192.75,0
2026-10-06 12:49:00,55195.8,55199.8,55169.2,55179.55,0
2026-10-06 12:50:00,55176.05,55178.05,55148.65,55159.75,0
2026-10-06 12:51:00,55161.1,55163.4,55137.5,55140.0,0
2026-10-06 12:52:00,55139.0,55158.35,55134.35,55157.9,0
2026-10-06 12:53:00,55164.0,55172.25,55154.9,55155.8,0
2026-10-06 12:54:00,55157.75,55159.8,55140.3,55142.05,0
2026-10-06 12:55:00,55144.45,55145.25,55116.05,55118.1,0
2026-10-06 12:56:00,55119.1,55146.35,55115.85,55143.25,0
2026-10-06 12:57:00,55143.9,55160.6,55142.6,55153.2,0
2026-10-06 12:58:00,55155.6,55169.2,55145.55,55166.65,0
2026-10-06 12:59:00,55169.25,55171.35,55153.6,55164.15,0
2026-10-06 13:00:00,55161.95,55165.65,55144.4,55158.9,0
2026-10-06 13:01:00,55160.0,55161.45,55102.95,55105.95,0
2026-10-06 13:02:00,55106.4,55131.75,55099.35,55114.85,0
2026-10-06 13:03:00,55116.3,55156.9,55114.55,55135.75,0
2026-10-06 13:04:00,55133.75,55148.15,55128.15,55132.65,0
2026-10-06 13:05:00,55132.25,55139.1,55101.5,55101.5,0
2026-10-06 13:06:00,55098.85,55117.35,55092.95,55110.45,0
2026-10-06 13:07:00,55108.2,55118.45,55101.35,55114.6,0
2026-10-06 13:08:00,55116.6,55132.3,55116.0,55128.0,0
2026-10-06 13:09:00,55128.5,55142.05,55121.15,55136.75,0
2026-10-06 13:10:00,55137.45,55139.7,55120.55,55127.3,0
2026-10-06 13:11:00,55126.75,55138.95,55123.75,55134.75,0
2026-10-06 13:12:00,55136.3,55141.25,55126.15,55134.9,0
2026-10-06 13:13:00,55135.9,55141.6,55124.1,55132.85,0
2026-10-06 13:14:00,55135.3,55148.4,55129.65,55143.05,0
2026-10-06 13:15:00,55144.25,55147.6,55133.1,55140.1,0
2026-10-06 13:16:00,55141.4,55147.35,55138.75,55139.25,0
2026-10-06 13:17:00,55141.8,55150.95,55135.1,55144.35,0
2026-10-06 13:18:00,55146.5,55150.4,55135.15,55139.75,0
2026-10-06 13:19:00,55138.4,55143.45,55123.9,55127.45,0
2026-10-06 13:20:00,55129.6,55143.45,55127.5,55135.9,0
2026-10-06 13:21:00,55133.25,55139.85,55118.65,55139.8,0
2026-10-06 13:22:00,55140.25,55140.5,55130.3,55132.65,0
2026-10-06 13:23:00,55133.2,55136.6,55128.65,55131.5,0
2026-10-06 13:24:00,55132.0,55132.0,55114.65,55115.95,0
2026-10-06 13:25:00,55116.3,55124.35,55100.85,55104.3,0
2026-10-06 13:26:00,55104.95,55112.2,55082.1,55083.9,0
2026-10-06 13:27:00,55083.8,55108.8,55077.7,55092.3,0
2026-10-06 13:28:00,55093.3,55106.65,55087.1,55105.85,0
2026-10-06 13:29:00,55103.7,55113.15,55094.8,55097.55,0
2026-10-06 13:30:00,55097.75,55123.2,55096.7,55121.2,0
2026-10-06 13:31:00,55119.85,55132.5,55117.05,55125.3,0
2026-10-06 13:32:00,55125.45,55128.55,55114.65,55117.7,0
2026-10-06 13:33:00,55118.65,55123.9,55102.7,55121.15,0
2026-10-06 13:34:00,55117.6,55128.1,55102.2,55102.45,0
2026-10-06 13:35:00,55102.65,55118.6,55099.35,55116.05,0
2026-10-06 13:36:00,55115.65,55134.35,55115.65,55130.75,0
2026-10-06 13:37:00,55131.55,55142.25,55127.9,55132.6,0
2026-10-06 13:38:00,55135.3,55138.5,55110.85,55126.45,0
2026-10-06 13:39:00,55126.35,55131.7,55110.15,55115.6,0
2026-10-06 13:40:00,55116.0,55128.5,55114.55,55122.05,0
2026-10-06 13:41:00,55120.1,55136.55,55115.0,55119.5,0
2026-10-06 13:42:00,55121.2,55122.05,55094.1,55096.6,0
2026-10-06 13:43:00,55096.2,55097.5,55061.65,55065.4,0
2026-10-06 13:44:00,55065.75,55084.8,55064.35,55066.8,0
2026-10-06 13:45:00,55064.1,55077.4,55049.95,55072.7,0
2026-10-06 13:46:00,55073.1,55091.3,55070.65,55081.35,0
2026-10-06 13:47:00,55083.15,55084.0,55067.1,55076.1,0
2026-10-06 13:48:00,55075.9,55092.45,55072.1,55072.75,0
2026-10-06 13:49:00,55073.5,55093.65,55071.2,55087.15,0
2026-10-06 13:50:00,55086.8,55107.9,55084.1,55100.15,0
2026-10-06 13:51:00,55100.45,55108.45,55081.3,55088.9,0
2026-10-06 13:52:00,55088.2,55101.45,55076.65,55080.9,0
2026-10-06 13:53:00,55079.25,55095.85,55075.35,55085.35,0
2026-10-06 13:54:00,55084.9,55104.1,55080.2,55095.2,0
2026-10-06 13:55:00,55094.15,55110.15,55094.15,55103.1,0
2026-10-06 13:56:00,55101.7,55104.25,55090.35,55090.45,0
2026-10-06 13:57:00,55088.45,55094.1,55074.9,55090.65,0
2026-10-06 13:58:00,55085.55,55109.8,55085.45,55094.7,0
2026-10-06 13:59:00,55093.65,55101.1,55086.2,55095.25,0
2026-10-06 14:00:00,55093.05,55099.2,55087.95,55090.9,0
2026-10-06 14:01:00,55093.85,55115.6,55089.65,55104.2,0
2026-10-06 14:02:00,55103.0,55107.75,55095.7,55105.55,0
2026-10-06 14:03:00,55105.15,55125.4,55092.8,55121.85,0
2026-10-06 14:04:00,55121.15,55126.8,55107.6,55112.05,0
2026-10-06 14:05:00,55115.25,55123.3,55110.5,55111.65,0
2026-10-06 14:06:00,55112.1,55112.1,55089.15,55101.5,0
2026-10-06 14:07:00,55101.75,55124.1,55101.75,55105.2,0
2026-10-06 14:08:00,55102.45,55120.65,55101.4,55116.0,0
2026-10-06 14:09:00,55118.15,55126.4,55110.25,55116.85,0
2026-10-06 14:10:00,55117.15,55123.15,55097.1,55101.5,0
2026-10-06 14:11:00,55106.15,55109.2,55088.3,55092.35,0
2026-10-06 14:12:00,55093.95,55115.25,55090.45,55096.6,0
2026-10-06 14:13:00,55097.9,55113.7,55085.15,55097.2,0
2026-10-06 14:14:00,55099.05,55103.0,55087.6,55095.3,0
2026-10-06 14:15:00,55097.2,55098.8,55083.75,55093.7,0
2026-10-06 14:16:00,55092.1,55111.7,55085.55,55086.95,0
2026-10-06 14:17:00,55086.7,55091.8,55076.7,55078.75,0
2026-10-06 14:18:00,55074.7,55092.3,55067.55,55087.15,0
2026-10-06 14:19:00,55087.0,55101.2,55083.85,55095.3,0
2026-10-06 14:20:00,55094.35,55113.8,55081.95,55113.3,0
2026-10-06 14:21:00,55114.3,55114.3,55062.35,55077.1,0
2026-10-06 14:22:00,55076.85,55092.25,55067.45,55072.9,0
2026-10-06 14:23:00,55071.3,55089.25,55069.55,55078.8,0
2026-10-06 14:24:00,55077.45,55082.85,55067.15,55069.0,0
2026-10-06 14:25:00,55068.1,55090.45,55061.35,55067.6,0
2026-10-06 14:26:00,55068.6,55080.25,55057.6,55058.6,0
2026-10-06 14:27:00,55056.65,55061.15,55005.05,55048.05,0
2026-10-06 14:28:00,55048.85,55053.85,55016.05,55020.25,0
2026-10-06 14:29:00,55023.5,55047.85,55018.45,55030.0,0
2026-10-06 14:30:00,55032.8,55047.5,55027.2,55037.05,0
2026-10-06 14:31:00,55034.3,55051.05,55032.4,55040.9,0
2026-10-06 14:32:00,55040.55,55058.4,55039.3,55052.15,0
2026-10-06 14:33:00,55051.5,55051.5,55032.45,55042.1,0
2026-10-06 14:34:00,55040.45,55041.4,55019.15,55034.05,0
2026-10-06 14:35:00,55036.7,55037.9,55014.0,55017.95,0
2026-10-06 14:36:00,55022.65,55028.4,55017.45,55023.5,0
2026-10-06 14:37:00,55036.65,55036.65,55013.1,55027.25,0
2026-10-06 14:38:00,55030.65,55038.65,55022.4,55023.05,0
2026-10-06 14:39:00,55018.1,55038.85,55016.6,55029.85,0
2026-10-06 14:40:00,55027.75,55041.9,55020.3,55036.8,0
2026-10-06 14:41:00,55035.65,55078.0,55033.2,55078.0,0
2026-10-06 14:42:00,55075.2,55078.6,55054.1,55056.5,0
2026-10-06 14:43:00,55053.1,55058.35,55035.85,55038.1,0
2026-10-06 14:44:00,55037.65,55061.5,55033.2,55047.0,0
2026-10-06 14:45:00,55048.65,55069.55,55048.65,55065.85,0
2026-10-06 14:46:00,55064.85,55069.0,55046.8,55052.35,0
2026-10-06 14:47:00,55050.75,55065.05,55048.25,55061.0,0
2026-10-06 14:48:00,55059.4,55084.05,55056.65,55072.6,0
2026-10-06 14:49:00,55070.7,55073.1,55057.35,55064.7,0
2026-10-06 14:50:00,55063.35,55068.6,55048.95,55060.6,0
2026-10-06 14:51:00,55059.1,55069.45,55058.95,55062.75,0
2026-10-06 14:52:00,55061.6,55069.3,55053.35,55056.7,0
2026-10-06 14:53:00,55059.35,55063.1,55047.75,55058.95,0
2026-10-06 14:54:00,55058.35,55060.5,55034.2,55037.5,0
2026-10-06 14:55:00,55036.75,55062.0,55033.5,55053.8,0
2026-10-06 14:56:00,55050.7,55062.95,55048.4,55060.8,0
2026-10-06 14:57:00,55060.5,55063.2,55042.3,55050.05,0
2026-10-06 14:58:00,55052.0,55055.0,55030.15,55033.65,0
2026-10-06 14:59:00,55035.1,55043.35,55023.9,55025.15,0
2026-10-06 15:00:00,55025.95,55026.95,55003.6,55017.6,0
2026-10-06 15:01:00,55018.8,55029.9,54998.7,55003.8,0
2026-10-06 15:02:00,55001.8,55004.4,54969.65,54975.4,0
2026-10-06 15:03:00,54974.65,54990.3,54971.0,54976.3,0
2026-10-06 15:04:00,54976.6,55000.2,54969.75,54998.8,0
2026-10-06 15:05:00,54999.5,55023.65,54997.65,55008.25,0
2026-10-06 15:06:00,55009.05,55027.9,55009.05,55017.2,0
2026-10-06 15:07:00,55013.6,55020.4,55013.0,55018.0,0
2026-10-06 15:08:00,55007.85,55018.5,55001.85,55014.8,0
2026-10-06 15:09:00,55012.3,55021.45,54994.55,55000.2,0
2026-10-06 15:10:00,55002.4,55009.5,54992.95,54996.85,0
2026-10-06 15:11:00,54998.95,55003.65,54978.55,54988.25,0
2026-10-06 15:12:00,54984.65,54986.25,54955.35,54973.95,0
2026-10-06 15:13:00,54974.2,54985.55,54956.85,54977.8,0
2026-10-06 15:14:00,54968.85,55004.25,54961.85,55001.85,0
2026-10-06 15:20:00,55174.85,55536.05,55034.95,55513.3,0
2026-10-06 15:21:00,55513.3,55562.75,55513.3,55525.65,0
2026-10-06 15:22:00,55525.65,55525.65,55370.2,55374.3,0
2026-10-06 15:23:00,55374.3,55374.3,55280.7,55280.7,0
2026-10-06 15:24:00,55280.1,55286.8,55241.7,55247.5,0
2026-10-06 15:25:00,55255.55,55255.75,55199.2,55201.05,0
2026-10-06 15:26:00,55203.55,55208.75,55169.15,55170.2,0
2026-10-06 15:27:00,55170.2,55170.2,55132.85,55132.85,0
2026-10-06 15:28:00,55132.85,55139.05,55126.35,55132.65,0
2026-10-06 15:29:00,55128.4,55128.4,55128.4,55128.4,0
2026-10-07 09:15:00,54968.7,54978.35,54730.65,54745.6,0
2026-10-07 09:16:00,54746.35,54750.05,54693.0,54739.65,0
2026-10-07 09:17:00,54745.25,54779.85,54720.45,54779.85,0
2026-10-07 09:18:00,54778.6,54798.7,54762.1,54795.1,0
2026-10-07 09:19:00,54795.5,54841.25,54793.55,54824.35,0
2026-10-07 09:20:00,54823.15,54823.15,54742.6,54746.3,0
2026-10-07 09:21:00,54750.8,54773.55,54746.6,54764.3,0
2026-10-07 09:22:00,54770.45,54802.05,54769.75,54774.15,0
2026-10-07 09:23:00,54779.75,54779.75,54763.0,54770.85,0
2026-10-07 09:24:00,54768.95,54800.55,54754.65,54796.45,0
2026-10-07 09:25:00,54795.95,54795.95,54766.35,54776.6,0
2026-10-07 09:26:00,54779.3,54779.4,54750.95,54762.15,0
2026-10-07 09:27:00,54761.7,54771.55,54748.05,54755.35,0
2026-10-07 09:28:00,54758.2,54762.4,54740.0,54750.2,0
2026-10-07 09:29:00,54745.15,54759.3,54730.3,54737.05,0
2026-10-07 09:30:00,54738.05,54741.7,54712.15,54730.85,0
2026-10-07 09:31:00,54729.2,54780.45,54727.8,54776.8,0
2026-10-07 09:32:00,54776.3,54776.3,54749.5,54751.85,0
2026-10-07 09:33:00,54751.65,54764.1,54741.25,54742.85,0
2026-10-07 09:34:00,54745.4,54763.95,54727.5,54728.1,0
2026-10-07 09:35:00,54729.2,54729.2,54695.85,54709.6,0
2026-10-07 09:36:00,54712.65,54718.7,54708.25,54711.4,0
2026-10-07 09:37:00,54713.65,54715.35,54693.9,54705.15,0
2026-10-07 09:38:00,54704.2,54706.4,54692.4,54703.3,0
2026-10-07 09:39:00,54703.6,54705.75,54649.15,54654.85,0
2026-10-07 09:40:00,54656.7,54659.95,54636.2,54651.2,0
2026-10-07 09:41:00,54655.35,54696.7,54644.95,54693.15,0
2026-10-07 09:42:00,54695.55,54742.0,54693.45,54731.75,0
2026-10-07 09:43:00,54731.5,54769.05,54731.2,54757.4,0
2026-10-07 09:44:00,54758.8,54769.7,54736.45,54737.2,0
2026-10-07 09:45:00,54737.7,54742.85,54717.2,54726.0,0
2026-10-07 09:46:00,54725.1,54734.55,54696.15,54696.7,0
2026-10-07 09:47:00,54698.45,54703.65,54685.15,54692.4,0
2026-10-07 09:48:00,54692.6,54713.05,54687.85,54707.8,0
2026-10-07 09:49:00,54710.6,54730.65,54701.45,54730.05,0
2026-10-07 09:50:00,54727.15,54769.2,54727.15,54757.75,0
2026-10-07 09:51:00,54760.85,54773.0,54751.85,54752.6,0
2026-10-07 09:52:00,54758.1,54768.8,54743.45,54761.4,0
2026-10-07 09:53:00,54765.95,54776.15,54761.5,54771.65,0
2026-10-07 09:54:00,54772.75,54785.95,54753.4,54759.5,0
2026-10-07 09:55:00,54757.25,54761.45,54745.35,54751.4,0
2026-10-07 09:56:00,54754.05,54767.85,54752.6,54767.1,0
2026-10-07 09:57:00,54767.45,54780.6,54759.8,54768.15,0
2026-10-07 09:58:00,54764.65,54772.7,54746.8,54768.1,0
2026-10-07 09:59:00,54769.9,54797.5,54763.95,54796.55,0
2026-10-07 10:00:00,54794.8,54859.1,54794.05,54857.05,0
2026-10-07 10:01:00,54855.75,54856.3,54784.4,54790.45,0
2026-10-07 10:02:00,54782.75,54790.5,54714.55,54728.6,0
2026-10-07 10:03:00,54729.95,54772.2,54694.1,54768.05,0
2026-10-07 10:04:00,54767.3,54810.5,54756.8,54809.8,0
2026-10-07 10:05:00,54814.4,54880.3,54792.7,54880.3,0
2026-10-07 10:06:00,54883.35,54928.3,54867.75,54875.75,0
2026-10-07 10:07:00,54876.4,54884.65,54842.6,54857.1,0
2026-10-07 10:08:00,54862.75,54913.5,54836.9,54902.85,0
2026-10-07 10:09:00,54904.05,54928.6,54881.3,54922.45,0
2026-10-07 10:10:00,54920.25,54926.0,54895.9,54901.9,0
2026-10-07 10:11:00,54911.55,54983.5,54903.95,54948.05,0
2026-10-07 10:12:00,54948.35,54966.25,54933.1,54955.7,0
2026-10-07 10:13:00,54954.6,54984.2,54952.2,54973.25,0
2026-10-07 10:14:00,54977.95,54980.9,54941.05,54967.7,0
2026-10-07 10:15:00,54965.15,55018.95,54965.15,55011.05,0
2026-10-07 10:16:00,55018.0,55134.35,55018.0,55114.15,0
2026-10-07 10:17:00,55116.8,55175.0,55116.8,55135.85,0
2026-10-07 10:18:00,55140.55,55260.6,55122.45,55256.05,0
2026-10-07 10:19:00,55258.5,55275.85,55138.15,55138.15,0
2026-10-07 10:20:00,55148.75,55202.95,55148.75,55187.1,0
2026-10-07 10:21:00,55187.85,55244.75,55186.8,55210.8,0
2026-10-07 10:22:00,55211.75,55214.85,55131.8,55131.8,0
2026-10-07 10:23:00,55132.95,55132.95,55083.8,55099.6,0
2026-10-07 10:24:00,55099.9,55126.45,55092.7,55106.9,0
2026-10-07 10:25:00,55107.8,55202.45,55107.8,55172.45,0
2026-10-07 10:26:00,55175.2,55202.8,55160.5,55197.65,0
2026-10-07 10:27:00,55202.1,55217.2,55173.35,55207.1,0
2026-10-07 10:28:00,55209.1,55229.25,55195.35,55207.65,0
2026-10-07 10:29:00,55212.25,55266.55,55204.8,55248.95,0
2026-10-07 10:30:00,55250.55,55265.5,55223.8,55223.8,0
2026-10-07 10:31:00,55220.2,55279.05,55220.2,55247.95,0
2026-10-07 10:32:00,55245.7,55259.1,55232.2,55247.25,0
2026-10-07 10:33:00,55252.7,55262.5,55200.2,55208.0,0
2026-10-07 10:34:00,55206.8,55209.85,55130.8,55139.75,0
2026-10-07 10:35:00,55146.8,55171.05,55124.6,55130.2,0
2026-10-07 10:36:00,55127.9,55135.15,55070.15,55071.5,0
2026-10-07 10:37:00,55072.25,55073.0,55031.85,55065.55,0
2026-10-07 10:38:00,55066.25,55116.0,55066.25,55106.25,0
2026-10-07 10:39:00,55109.1,55120.75,55081.8,55094.85,0
2026-10-07 10:40:00,55095.7,55124.95,55091.65,55102.75,0
2026-10-07 10:41:00,55107.0,55160.95,55102.7,55154.9,0
2026-10-07 10:42:00,55156.45,55182.6,55143.8,55179.25,0
2026-10-07 10:43:00,55181.1,55181.75,55152.4,55166.6,0
2026-10-07 10:44:00,55161.6,55203.9,55161.6,55202.25,0
2026-10-07 10:45:00,55200.65,55200.65,55164.35,55166.65,0
2026-10-07 10:46:00,55167.55,55193.6,55167.4,55171.45,0
2026-10-07 10:47:00,55172.5,55176.75,55146.9,55167.65,0
2026-10-07 10:48:00,55170.55,55189.8,55161.25,55177.85,0
2026-10-07 10:49:00,55179.05,55187.85,55152.6,55156.8,0
2026-10-07 10:50:00,55160.6,55171.1,55156.45,55168.2,0
2026-10-07 10:51:00,55167.0,55174.45,55159.55,55169.6,0
2026-10-07 10:52:00,55171.35,55183.2,55148.6,55155.2,0
2026-10-07 10:53:00,55155.85,55159.3,55143.6,55153.5,0
2026-10-07 10:54:00,55156.3,55216.0,55154.0,55215.6,0
2026-10-07 10:55:00,55215.5,55227.35,55196.4,55208.9,0
2026-10-07 10:56:00,55212.3,55235.45,55208.35,55226.45,0
2026-10-07 10:57:00,55225.85,55255.1,55217.55,55232.95,0
2026-10-07 10:58:00,55238.2,55275.3,55232.1,55259.0,0
2026-10-07 10:59:00,55258.55,55302.1,55257.75,55300.8,0
2026-10-07 11:00:00,55300.95,55310.75,55258.55,55258.55,0
2026-10-07 11:01:00,55263.4,55272.2,55243.4,55267.3,0
2026-10-07 11:02:00,55268.95,55314.3,55268.95,55280.85,0
2026-10-07 11:03:00,55282.85,55295.3,55275.05,55292.2,0
2026-10-07 11:04:00,55292.1,55324.7,55263.55,55290.1,0
2026-10-07 11:05:00,55290.55,55294.9,55268.7,55292.95,0
2026-10-07 11:06:00,55297.1,55320.9,55285.65,55320.05,0
2026-10-07 11:07:00,55318.55,55340.7,55306.95,55323.6,0
2026-10-07 11:08:00,55318.5,55323.3,55300.4,55317.05,0
2026-10-07 11:09:00,55316.0,55322.9,55295.85,55310.65,0
2026-10-07 11:10:00,55314.0,55324.95,55287.2,55287.2,0
2026-10-07 11:11:00,55286.85,55307.6,55284.95,55297.95,0
2026-10-07 11:12:00,55302.8,55316.9,55270.95,55273.75,0
2026-10-07 11:13:00,55279.75,55289.0,55275.0,55276.5,0
2026-10-07 11:14:00,55277.15,55285.35,55266.1,55284.15,0
2026-10-07 11:15:00,55282.75,55289.6,55266.2,55269.75,0
2026-10-07 11:16:00,55269.8,55287.1,55267.15,55286.65,0
2026-10-07 11:17:00,55287.3,55303.15,55281.15,55292.1,0
2026-10-07 11:18:00,55292.8,55308.95,55287.8,55303.0,0
2026-10-07 11:19:00,55303.3,55307.25,55277.9,55284.2,0
2026-10-07 11:20:00,55286.6,55296.55,55261.9,55286.35,0
2026-10-07 11:21:00,55286.75,55304.4,55284.3,55289.25,0
2026-10-07 11:22:00,55287.35,55297.5,55284.05,55294.7,0
2026-10-07 11:23:00,55296.45,55311.65,55294.1,55309.15,0
2026-10-07 11:24:00,55304.25,55330.1,55303.95,55324.75,0
2026-10-07 11:25:00,55326.8,55329.75,55312.2,55318.2,0
2026-10-07 11:26:00,55317.85,55327.15,55315.55,55322.25,0
2026-10-07 11:27:00,55323.0,55329.25,55289.5,55293.15,0
2026-10-07 11:28:00,55294.4,55325.25,55292.35,55310.65,0
2026-10-07 11:29:00,55312.1,55319.35,55286.75,55294.0,0
2026-10-07 11:30:00,55294.2,55307.1,55272.3,55275.15,0
2026-10-07 11:31:00,55274.15,55283.9,55225.7,55229.05,0
2026-10-07 11:32:00,55229.65,55245.8,55210.35,55245.45,0
2026-10-07 11:33:00,55244.9,55258.3,55240.7,55250.05,0
2026-10-07 11:34:00,55252.0,55260.4,55235.2,55253.9,0
2026-10-07 11:35:00,55252.3,55260.05,55245.15,55251.7,0
2026-10-07 11:36:00,55254.95,55292.7,55249.65,55280.6,0
2026-10-07 11:37:00,55280.1,55299.35,55279.25,55289.6,0
2026-10-07 11:38:00,55290.55,55309.65,55281.9,55308.35,0
2026-10-07 11:39:00,55307.95,55319.9,55286.65,55287.1,0
2026-10-07 11:40:00,55290.55,55295.65,55278.35,55295.05,0
2026-10-07 11:41:00,55295.2,55298.5,55280.35,55282.85,0
2026-10-07 11:42:00,55285.0,55287.55,55256.9,55266.55,0
2026-10-07 11:43:00,55264.45,55268.8,55247.85,55253.5,0
2026-10-07 11:44:00,55257.8,55261.05,55240.2,55255.8,0
2026-10-07 11:45:00,55254.7,55265.25,55247.1,55261.25,0
2026-10-07 11:46:00,55263.95,55301.5,55261.0,55262.05,0
2026-10-07 11:47:00,55269.6,55275.5,55258.1,55260.6,0
2026-10-07 11:48:00,55261.3,55267.05,55242.75,55244.3,0
2026-10-07 11:49:00,55245.75,55254.8,55234.2,55248.3,0
2026-10-07 11:50:00,55249.65,55258.1,55242.05,55247.15,0
2026-10-07 11:51:00,55246.55,55250.4,55233.7,55234.95,0
2026-10-07 11:52:00,55232.25,55232.25,55214.65,55220.35,0
2026-10-07 11:53:00,55220.8,55231.6,55214.25,55218.1,0
2026-10-07 11:54:00,55220.15,55242.5,55214.0,55242.1,0
2026-10-07 11:55:00,55244.85,55250.0,55235.6,55237.25,0
2026-10-07 11:56:00,55236.4,55240.75,55220.35,55222.1,0
2026-10-07 11:57:00,55221.8,55227.55,55217.0,55219.8,0
2026-10-07 11:58:00,55225.5,55235.3,55223.3,55228.9,0
2026-10-07 11:59:00,55228.35,55233.8,55218.45,55221.8,0
2026-10-07 12:00:00,55223.35,55232.1,55214.85,55231.65,0
2026-10-07 12:01:00,55232.1,55242.7,55227.35,55242.15,0
2026-10-07 12:02:00,55241.05,55258.4,55240.7,55250.25,0
2026-10-07 12:03:00,55246.9,55263.15,55245.85,55259.0,0
2026-10-07 12:04:00,55260.1,55309.75,55257.8,55288.65,0
2026-10-07 12:05:00,55290.8,55302.45,55280.35,55295.35,0
2026-10-07 12:06:00,55298.45,55301.4,55268.6,55276.2,0
2026-10-07 12:07:00,55274.7,55287.25,55249.55,55249.55,0
2026-10-07 12:08:00,55250.7,55251.1,55219.35,55228.75,0
2026-10-07 12:09:00,55227.0,55229.75,55214.6,55217.5,0
2026-10-07 12:10:00,55216.05,55225.6,55211.9,55211.9,0
2026-10-07 12:11:00,55214.1,55217.15,55166.2,55172.0,0
2026-10-07 12:12:00,55171.55,55176.15,55137.55,55139.1,0
2026-10-07 12:13:00,55138.95,55146.45,55108.85,55114.45,0
2026-10-07 12:14:00,55113.95,55141.9,55112.15,55134.75,0
2026-10-07 12:15:00,55135.3,55153.35,55132.05,55141.7,0
2026-10-07 12:16:00,55142.0,55164.1,55141.1,55153.3,0
2026-10-07 12:17:00,55152.25,55161.1,55143.15,55144.3,0
2026-10-07 12:18:00,55143.55,55147.65,55101.8,55108.45,0
2026-10-07 12:19:00,55108.1,55132.45,55104.3,55124.3,0
2026-10-07 12:20:00,55125.55,55145.7,55119.1,55142.95,0
2026-10-07 12:21:00,55140.95,55146.45,55131.4,55133.45,0
2026-10-07 12:22:00,55131.6,55135.8,55111.25,55118.85,0
2026-10-07 12:23:00,55117.35,55129.8,55114.1,55123.65,0
2026-10-07 12:24:00,55120.8,55122.7,55085.65,55086.55,0
2026-10-07 12:25:00,55087.2,55093.25,55074.3,55085.55,0
2026-10-07 12:26:00,55085.35,55089.35,55057.75,55058.05,0
2026-10-07 12:27:00,55059.25,55064.25,55042.95,55054.25,0
2026-10-07 12:28:00,55057.35,55059.65,55028.65,55036.75,0
2026-10-07 12:29:00,55038.85,55065.2,55036.0,55057.4,0
2026-10-07 12:30:00,55061.25,55081.15,55053.85,55074.45,0
2026-10-07 12:31:00,55074.5,55085.95,55067.6,55070.95,0
2026-10-07 12:32:00,55074.25,55080.55,55055.3,55072.35,0
2026-10-07 12:33:00,55072.65,55076.45,55050.0,55053.0,0
2026-10-07 12:34:00,55050.6,55086.5,55048.9,55076.85,0
2026-10-07 12:35:00,55078.65,55089.3,55076.95,55086.2,0
2026-10-07 12:36:00,55086.35,55088.8,55061.0,55071.95,0
2026-10-07 12:37:00,55071.65,55078.25,55065.2,55072.7,0
2026-10-07 12:38:00,55071.95,55079.15,55058.0,55075.3,0
2026-10-07 12:39:00,55075.45,55087.5,55067.7,55082.7,0
2026-10-07 12:40:00,55082.65,55087.65,55076.8,55080.45,0
2026-10-07 12:41:00,55079.35,55089.35,55075.1,55085.6,0
2026-10-07 12:42:00,55083.95,55117.75,55082.3,55108.35,0
2026-10-07 12:43:00,55104.7,55113.35,55098.95,55108.65,0
2026-10-07 12:44:00,55109.1,55117.1,55094.8,55094.8,0
2026-10-07 12:45:00,55097.7,55106.25,55089.65,55092.35,0
2026-10-07 12:46:00,55093.3,55097.2,55078.1,55086.0,0
2026-10-07 12:47:00,55086.85,55097.9,55070.95,55075.2,0
2026-10-07 12:48:00,55076.2,55085.1,55072.25,55082.2,0
2026-10-07 12:49:00,55082.35,55094.15,55069.95,55070.55,0
2026-10-07 12:50:00,55071.1,55074.8,55062.0,55066.25,0
2026-10-07 12:51:00,55069.25,55073.35,55047.75,55054.35,0
2026-10-07 12:52:00,55055.05,55066.35,55048.75,55060.25,0
2026-10-07 12:53:00,55062.95,55081.0,55056.7,55076.7,0
2026-10-07 12:54:00,55077.55,55090.8,55071.8,55089.25,0
2026-10-07 12:55:00,55088.75,55099.7,55078.65,55080.5,0
2026-10-07 12:56:00,55079.1,55082.95,55052.7,55061.05,0
2026-10-07 12:57:00,55061.5,55062.05,55035.85,55038.7,0
2026-10-07 12:58:00,55036.9,55046.2,55028.8,55029.95,0
2026-10-07 12:59:00,55033.3,55033.3,54997.15,54997.15,0
2026-10-07 13:00:00,54998.95,54999.9,54972.55,54979.2,0
2026-10-07 13:01:00,54978.8,55004.7,54976.95,54997.9,0
2026-10-07 13:02:00,54999.55,55004.55,54972.75,54974.7,0
2026-10-07 13:03:00,54975.85,54989.3,54973.75,54979.85,0
2026-10-07 13:04:00,54979.6,54984.65,54960.7,54963.5,0
2026-10-07 13:05:00,54964.75,54967.15,54943.95,54943.95,0
2026-10-07 13:06:00,54948.2,54950.6,54928.75,54932.7,0
2026-10-07 13:07:00,54931.4,54940.35,54919.8,54920.35,0
2026-10-07 13:08:00,54919.25,54924.6,54884.45,54889.1,0
2026-10-07 13:09:00,54889.15,54894.2,54833.85,54841.05,0
2026-10-07 13:10:00,54839.45,54839.45,54800.9,54804.3,0
2026-10-07 13:11:00,54805.9,54867.95,54805.0,54839.9,0
2026-10-07 13:12:00,54841.15,54879.05,54834.4,54876.45,0
2026-10-07 13:13:00,54875.15,54906.8,54871.05,54898.8,0
2026-10-07 13:14:00,54898.4,54901.65,54877.8,54891.15,0
2026-10-07 13:15:00,54890.65,54902.3,54885.4,54887.2,0
2026-10-07 13:16:00,54890.55,54905.4,54886.35,54902.9,0
2026-10-07 13:17:00,54902.6,54935.75,54888.6,54933.15,0
2026-10-07 13:18:00,54934.5,54943.15,54923.55,54927.25,0
2026-10-07 13:19:00,54925.7,54927.15,54905.4,54908.3,0
2026-10-07 13:20:00,54906.8,54906.8,54893.15,54893.45,0
2026-10-07 13:21:00,54896.4,54897.05,54862.05,54873.45,0
2026-10-07 13:22:00,54871.1,54891.0,54864.0,54873.1,0
2026-10-07 13:23:00,54873.8,54876.1,54863.25,54872.0,0
2026-10-07 13:24:00,54869.15,54872.05,54843.7,54849.75,0
2026-10-07 13:25:00,54847.1,54873.5,54843.7,54871.35,0
2026-10-07 13:26:00,54871.95,54881.35,54861.9,54880.9,0
2026-10-07 13:27:00,54881.25,54910.2,54878.0,54899.5,0
2026-10-07 13:28:00,54901.5,54912.95,54892.75,54911.5,0
2026-10-07 13:29:00,54909.7,54955.35,54905.45,54941.75,0
2026-10-07 13:30:00,54941.3,54963.5,54931.75,54959.25,0
2026-10-07 13:31:00,54957.85,54960.15,54935.45,54944.9,0
2026-10-07 13:32:00,54943.5,54956.4,54939.1,54950.75,0
2026-10-07 13:33:00,54952.05,54953.45,54932.7,54951.65,0
2026-10-07 13:34:00,54952.15,54962.05,54943.45,54959.2,0
2026-10-07 13:35:00,54963.85,54990.1,54961.85,54980.6,0
2026-10-07 13:36:00,54985.1,54988.05,54962.85,54966.35,0
2026-10-07 13:37:00,54967.3,54970.1,54955.8,54963.7,0
2026-10-07 13:38:00,54964.25,54968.75,54956.8,54956.8,0
2026-10-07 13:39:00,54957.35,54959.15,54941.7,54944.55,0
2026-10-07 13:40:00,54946.45,54951.4,54937.35,54942.65,0
2026-10-07 13:41:00,54943.9,54953.25,54932.1,54946.2,0
2026-10-07 13:42:00,54945.5,54959.7,54939.5,54956.95,0
2026-10-07 13:43:00,54956.55,54957.2,54940.5,54951.25,0
2026-10-07 13:44:00,54952.6,54962.7,54947.7,54960.45,0
2026-10-07 13:45:00,54960.0,54961.3,54933.45,54936.4,0
2026-10-07 13:46:00,54936.85,54959.65,54932.85,54957.05,0
2026-10-07 13:47:00,54958.5,54973.7,54946.75,54954.45,0
2026-10-07 13:48:00,54953.5,54965.5,54949.2,54957.55,0
2026-10-07 13:49:00,54956.4,54964.45,54950.55,54959.65,0
2026-10-07 13:50:00,54959.0,54965.6,54944.85,54953.55,0
2026-10-07 13:51:00,54953.2,54964.9,54938.55,54938.75,0
2026-10-07 13:52:00,54939.95,54946.1,54898.0,54898.2,0
2026-10-07 13:53:00,54899.85,54905.55,54858.4,54865.35,0
2026-10-07 13:54:00,54867.1,54869.85,54836.5,54864.4,0
2026-10-07 13:55:00,54863.8,54906.5,54863.7,54901.3,0
2026-10-07 13:56:00,54903.05,54903.05,54860.45,54860.9,0
2026-10-07 13:57:00,54862.15,54864.7,54849.2,54862.7,0
2026-10-07 13:58:00,54862.65,54866.65,54839.5,54840.45,0
2026-10-07 13:59:00,54840.9,54847.8,54830.0,54847.8,0
2026-10-07 14:00:00,54851.55,54859.25,54824.75,54846.8,0
2026-10-07 14:01:00,54846.35,54890.4,54845.1,54888.65,0
2026-10-07 14:02:00,54888.9,54914.1,54883.6,54906.9,0
2026-10-07 14:03:00,54907.2,54918.05,54893.2,54913.25,0
2026-10-07 14:04:00,54913.85,54922.9,54904.35,54911.9,0
2026-10-07 14:05:00,54916.15,54920.4,54911.55,54918.85,0
2026-10-07 14:06:00,54916.0,54918.7,54906.6,54914.9,0
2026-10-07 14:07:00,54912.65,54941.4,54912.65,54923.7,0
2026-10-07 14:08:00,54926.35,54935.95,54920.45,54922.65,0
2026-10-07 14:09:00,54923.8,54923.8,54898.5,54902.65,0
2026-10-07 14:10:00,54908.3,54908.65,54895.95,54902.95,0
2026-10-07 14:11:00,54902.05,54915.15,54895.55,54901.85,0
2026-10-07 14:12:00,54902.0,54911.25,54890.35,54903.8,0
2026-10-07 14:13:00,54905.45,54912.0,54901.15,54907.7,0
2026-10-07 14:14:00,54908.55,54921.1,54902.6,54905.15,0
2026-10-07 14:15:00,54904.0,54951.55,54902.6,54949.35,0
2026-10-07 14:16:00,54951.7,54951.7,54936.55,54945.9,0
2026-10-07 14:17:00,54946.35,54952.9,54933.4,54945.8,0
2026-10-07 14:18:00,54945.2,54966.1,54940.5,54954.25,0
2026-10-07 14:19:00,54955.35,54959.5,54947.5,54948.75,0
2026-10-07 14:20:00,54949.95,54979.4,54946.3,54968.05,0
2026-10-07 14:21:00,54968.8,54972.65,54960.55,54968.35,0
2026-10-07 14:22:00,54972.35,54988.9,54966.1,54980.8,0
2026-10-07 14:23:00,54983.2,54986.35,54969.0,54982.45,0
2026-10-07 14:24:00,54982.75,55005.95,54982.55,54998.7,0
2026-10-07 14:25:00,55002.25,55030.95,54998.5,55029.6,0
2026-10-07 14:26:00,55029.95,55118.5,55029.9,55109.45,0
2026-10-07 14:27:00,55118.45,55157.0,55113.8,55156.55,0
2026-10-07 14:28:00,55156.9,55210.6,55152.3,55201.95,0
2026-10-07 14:29:00,55205.45,55248.4,55196.2,55241.85,0
2026-10-07 14:30:00,55242.1,55255.75,55224.2,55235.4,0
2026-10-07 14:31:00,55236.1,55273.8,55232.4,55251.05,0
2026-10-07 14:32:00,55249.3,55257.2,55227.45,55251.35,0
2026-10-07 14:33:00,55258.55,55279.25,55238.1,55249.65,0
2026-10-07 14:34:00,55248.45,55251.75,55218.45,55220.85,0
2026-10-07 14:35:00,55225.8,55227.0,55186.75,55200.7,0
2026-10-07 14:36:00,55202.0,55205.05,55154.9,55179.7,0
2026-10-07 14:37:00,55182.5,55195.25,55160.0,55189.1,0
2026-10-07 14:38:00,55189.3,55199.6,55173.0,55180.0,0
2026-10-07 14:39:00,55178.8,55187.25,55159.45,55160.15,0
2026-10-07 14:40:00,55165.4,55168.8,55135.35,55142.5,0
2026-10-07 14:41:00,55146.05,55166.6,55144.7,55166.45,0
2026-10-07 14:42:00,55167.3,55189.4,55163.15,55171.95,0
2026-10-07 14:43:00,55175.15,55184.95,55157.6,55160.35,0
2026-10-07 14:44:00,55159.2,55164.2,55151.3,55163.05,0
2026-10-07 14:45:00,55163.95,55169.9,55155.75,55166.0,0
2026-10-07 14:46:00,55166.5,55182.35,55156.0,55173.25,0
2026-10-07 14:47:00,55173.6,55175.45,55147.0,55147.0,0
2026-10-07 14:48:00,55147.9,55152.0,55134.45,55152.0,0
2026-10-07 14:49:00,55151.0,55177.45,55150.55,55168.25,0
2026-10-07 14:50:00,55169.15,55169.15,55107.1,55107.1,0
2026-10-07 14:51:00,55108.7,55108.85,55048.45,55055.95,0
2026-10-07 14:52:00,55056.7,55089.0,55055.35,55076.8,0
2026-10-07 14:53:00,55077.6,55103.5,55071.95,55099.3,0
2026-10-07 14:54:00,55100.85,55117.05,55094.9,55104.8,0
2026-10-07 14:55:00,55110.1,55134.9,55107.6,55128.3,0
2026-10-07 14:56:00,55130.4,55142.95,55125.4,55129.4,0
2026-10-07 14:57:00,55130.85,55140.05,55112.0,55112.55,0
2026-10-07 14:58:00,55111.95,55132.1,55110.5,55125.4,0
2026-10-07 14:59:00,55124.45,55128.8,55090.05,55091.95,0
2026-10-07 15:00:00,55090.65,55096.65,55072.4,55076.05,0
2026-10-07 15:01:00,55073.45,55088.75,55073.15,55074.6,0
2026-10-07 15:02:00,55074.05,55086.25,55058.45,55079.3,0
2026-10-07 15:03:00,55076.3,55090.4,55073.25,55089.85,0
2026-10-07 15:04:00,55087.6,55095.7,55083.15,55087.9,0
2026-10-07 15:05:00,55092.65,55093.45,55064.95,55071.95,0
2026-10-07 15:06:00,55072.1,55073.15,55048.7,55058.8,0
2026-10-07 15:07:00,55060.15,55072.3,55049.8,55067.3,0
2026-10-07 15:08:00,55065.45,55067.65,55041.7,55046.5,0
2026-10-07 15:09:00,55043.75,55060.9,55037.8,55059.5,0
2026-10-07 15:10:00,55054.75,55069.05,55051.55,55054.2,0
2026-10-07 15:11:00,55051.05,55058.8,55021.4,55027.1,0
2026-10-07 15:12:00,55026.3,55035.55,54994.25,55000.7,0
2026-10-07 15:13:00,55001.8,55034.5,54996.65,55027.05,0
2026-10-07 15:14:00,55025.05,55068.15,55015.85,55048.9,0
2026-10-07 15:29:00,55055.55,55055.55,55055.55,55055.55,0
2026-10-08 09:15:00,55042.9,55043.0,54831.85,54845.05,0
2026-10-08 09:16:00,54835.15,54871.3,54771.25,54871.3,0
2026-10-08 09:17:00,54869.05,54870.5,54809.75,54822.75,0
2026-10-08 09:18:00,54824.9,54837.65,54806.9,54837.4,0
2026-10-08 09:19:00,54838.8,54838.8,54768.1,54775.15,0
2026-10-08 09:20:00,54778.5,54834.85,54767.55,54833.7,0
2026-10-08 09:21:00,54834.6,54885.35,54821.05,54849.55,0
2026-10-08 09:22:00,54844.25,54883.1,54835.65,54875.35,0
2026-10-08 09:23:00,54879.2,54899.45,54857.95,54899.45,0
2026-10-08 09:24:00,54898.1,54922.05,54844.0,54850.0,0
2026-10-08 09:25:00,54852.45,54852.45,54788.8,54788.85,0
2026-10-08 09:26:00,54791.75,54816.55,54787.45,54798.35,0
2026-10-08 09:27:00,54800.65,54814.0,54777.65,54785.55,0
2026-10-08 09:28:00,54786.6,54847.4,54781.45,54840.8,0
2026-10-08 09:29:00,54844.5,54887.55,54836.7,54879.1,0
2026-10-08 09:30:00,54872.5,54937.6,54868.25,54900.6,0
2026-10-08 09:31:00,54907.1,54910.75,54855.35,54900.6,0
2026-10-08 09:32:00,54904.6,54934.35,54903.85,54919.45,0
2026-10-08 09:33:00,54923.25,54943.05,54913.45,54914.65,0
2026-10-08 09:34:00,54918.3,54918.3,54875.45,54880.85,0
2026-10-08 09:35:00,54882.05,54882.05,54835.5,54840.2,0
2026-10-08 09:36:00,54843.6,54904.4,54843.6,54904.4,0
2026-10-08 09:37:00,54902.95,54913.15,54854.95,54859.35,0
2026-10-08 09:38:00,54865.85,54881.0,54858.35,54863.5,0
2026-10-08 09:39:00,54867.75,54871.85,54844.8,54846.85,0
2026-10-08 09:40:00,54851.25,54852.55,54825.45,54829.5,0
2026-10-08 09:41:00,54828.3,54862.2,54820.5,54861.45,0
2026-10-08 09:42:00,54860.45,54866.05,54817.0,54837.65,0
2026-10-08 09:43:00,54843.65,54853.0,54796.15,54800.25,0
2026-10-08 09:44:00,54803.75,54825.75,54781.15,54825.75,0
2026-10-08 09:45:00,54824.8,54826.1,54791.4,54792.6,0
2026-10-08 09:46:00,54787.45,54816.0,54775.2,54807.1,0
2026-10-08 09:47:00,54805.8,54809.0,54788.65,54799.35,0
2026-10-08 09:48:00,54793.95,54807.7,54787.3,54798.15,0
2026-10-08 09:49:00,54798.05,54847.75,54795.95,54847.75,0
2026-10-08 09:50:00,54846.75,54855.75,54822.0,54836.85,0
2026-10-08 09:51:00,54838.9,54864.65,54836.6,54857.45,0
2026-10-08 09:52:00,54855.7,54876.95,54855.3,54859.6,0
2026-10-08 09:53:00,54860.1,54886.05,54833.1,54884.25,0
2026-10-08 09:54:00,54885.55,54909.75,54873.5,54878.2,0
2026-10-08 09:55:00,54878.5,54929.8,54862.05,54918.6,0
2026-10-08 09:56:00,54920.1,54932.5,54908.45,54926.1,0
2026-10-08 09:57:00,54927.3,54929.85,54905.75,54916.9,0
2026-10-08 09:58:00,54918.75,54938.25,54904.95,54904.95,0
2026-10-08 09:59:00,54908.05,54908.05,54871.8,54872.3,0
2026-10-08 10:00:00,54870.35,54870.35,54836.25,54855.05,0
2026-10-08 10:01:00,54851.0,54865.15,54822.5,54836.15,0
2026-10-08 10:02:00,54835.35,54867.7,54835.35,54860.9,0
2026-10-08 10:03:00,54854.9,54862.05,54841.2,54853.85,0
2026-10-08 10:04:00,54852.45,54873.2,54847.3,54870.35,0
2026-10-08 10:05:00,54870.1,54880.9,54852.85,54874.75,0
2026-10-08 10:06:00,54873.65,54920.75,54872.75,54889.15,0
2026-10-08 10:07:00,54890.45,54901.25,54885.55,54890.85,0
2026-10-08 10:08:00,54892.3,54897.95,54871.05,54873.25,0
2026-10-08 10:09:00,54873.4,54882.15,54857.1,54869.4,0
2026-10-08 10:10:00,54870.05,54896.5,54860.45,54889.9,0
2026-10-08 10:11:00,54886.1,54918.95,54886.1,54918.95,0
2026-10-08 10:12:00,54916.05,54974.75,54916.05,54972.1,0
2026-10-08 10:13:00,54973.25,54983.35,54951.05,54973.65,0
2026-10-08 10:14:00,54970.75,54987.25,54939.7,54940.5,0
2026-10-08 10:15:00,54937.45,54976.9,54937.45,54968.0,0
2026-10-08 10:16:00,54969.5,55002.15,54934.7,54935.9,0
2026-10-08 10:17:00,54935.3,54956.2,54927.8,54941.75,0
2026-10-08 10:18:00,54946.15,54951.05,54934.25,54935.6,0
2026-10-08 10:19:00,54938.3,54938.75,54895.65,54896.8,0
2026-10-08 10:20:00,54897.15,54897.15,54856.3,54863.7,0
2026-10-08 10:21:00,54861.8,54896.4,54846.15,54895.15,0
2026-10-08 10:22:00,54888.5,54910.2,54868.3,54874.2,0
2026-10-08 10:23:00,54878.1,54884.4,54863.95,54883.5,0
2026-10-08 10:24:00,54883.85,54891.75,54877.2,54886.3,0
2026-10-08 10:25:00,54890.4,54934.3,54886.35,54931.5,0
2026-10-08 10:26:00,54929.05,54946.85,54928.45,54928.45,0
2026-10-08 10:27:00,54928.65,54944.25,54908.25,54930.5,0
2026-10-08 10:28:00,54931.55,54949.2,54923.3,54934.7,0
2026-10-08 10:29:00,54932.45,54945.45,54920.3,54928.0,0
2026-10-08 10:30:00,54930.45,54936.15,54882.0,54893.9,0
2026-10-08 10:31:00,54894.75,54924.7,54891.85,54908.55,0
2026-10-08 10:32:00,54907.2,54908.35,54847.2,54853.2,0
2026-10-08 10:33:00,54846.65,54869.2,54831.05,54869.2,0
2026-10-08 10:34:00,54866.65,54884.05,54861.05,54877.75,0
2026-10-08 10:35:00,54878.25,54895.2,54874.05,54878.8,0
2026-10-08 10:36:00,54876.55,54887.1,54856.9,54873.65,0
2026-10-08 10:37:00,54870.35,54870.35,54840.0,54848.45,0
2026-10-08 10:38:00,54844.9,54847.9,54830.95,54834.05,0
2026-10-08 10:39:00,54833.2,54836.95,54820.2,54820.2,0
2026-10-08 10:40:00,54823.1,54833.9,54801.85,54818.3,0
2026-10-08 10:41:00,54822.35,54873.0,54822.35,54865.0,0
2026-10-08 10:42:00,54864.85,54878.75,54858.35,54867.65,0
2026-10-08 10:43:00,54866.95,54875.9,54859.5,54871.2,0
2026-10-08 10:44:00,54872.55,54872.65,54843.1,54851.25,0
2026-10-08 10:45:00,54853.4,54859.0,54839.25,54857.8,0
2026-10-08 10:46:00,54861.15,54903.95,54859.2,54903.95,0
2026-10-08 10:47:00,54906.7,54912.3,54902.2,54905.4,0
2026-10-08 10:48:00,54905.85,54905.9,54877.9,54880.0,0
2026-10-08 10:49:00,54882.35,54885.35,54867.7,54882.7,0
2026-10-08 10:50:00,54882.55,54898.75,54873.35,54894.55,0
2026-10-08 10:51:00,54893.2,54918.85,54890.1,54902.4,0
2026-10-08 10:52:00,54903.5,54903.5,54880.8,54886.2,0
2026-10-08 10:53:00,54890.35,54898.9,54874.55,54876.5,0
2026-10-08 10:54:00,54877.1,54884.8,54856.05,54879.8,0
2026-10-08 10:55:00,54882.35,54888.25,54845.75,54857.5,0
2026-10-08 10:56:00,54855.55,54865.95,54847.1,54859.15,0
2026-10-08 10:57:00,54860.55,54870.45,54843.1,54865.75,0
2026-10-08 10:58:00,54865.5,54892.5,54857.75,54885.1,0
2026-10-08 10:59:00,54882.0,54903.9,54878.8,54885.2,0
2026-10-08 11:00:00,54887.95,54895.35,54855.05,54856.5,0
2026-10-08 11:01:00,54857.3,54898.1,54856.6,54883.6,0
2026-10-08 11:02:00,54882.55,54911.95,54880.25,54901.8,0
2026-10-08 11:03:00,54900.95,54919.0,54890.35,54915.7,0
2026-10-08 11:04:00,54915.75,54941.3,54908.15,54922.3,0
2026-10-08 11:05:00,54921.05,54938.4,54916.25,54917.5,0
2026-10-08 11:06:00,54917.2,54941.05,54917.2,54936.65,0
2026-10-08 11:07:00,54932.9,54961.65,54919.7,54933.6,0
2026-10-08 11:08:00,54932.95,54937.1,54912.65,54923.7,0
2026-10-08 11:09:00,54913.6,54923.05,54905.05,54915.25,0
2026-10-08 11:10:00,54913.35,54926.55,54908.85,54921.4,0
2026-10-08 11:11:00,54923.65,54931.55,54915.75,54931.55,0
2026-10-08 11:12:00,54935.9,54944.75,54932.6,54943.3,0
2026-10-08 11:13:00,54944.6,54956.3,54938.35,54944.25,0
2026-10-08 11:14:00,54945.9,54946.25,54908.8,54909.6,0
2026-10-08 11:15:00,54912.9,54940.5,54906.3,54940.5,0
2026-10-08 11:16:00,54943.25,54969.85,54934.0,54941.1,0
2026-10-08 11:17:00,54943.1,54953.05,54926.85,54931.5,0
2026-10-08 11:18:00,54930.95,54976.1,54929.05,54947.95,0
2026-10-08 11:19:00,54949.35,54962.35,54937.1,54938.05,0
2026-10-08 11:20:00,54937.5,54941.8,54909.05,54910.55,0
2026-10-08 11:21:00,54911.9,54914.95,54849.2,54849.45,0
2026-10-08 11:22:00,54849.55,54862.45,54838.2,54848.0,0
2026-10-08 11:23:00,54844.85,54868.1,54832.8,54857.15,0
2026-10-08 11:24:00,54856.05,54864.45,54842.85,54855.5,0
2026-10-08 11:25:00,54857.9,54861.5,54763.65,54770.5,0
2026-10-08 11:26:00,54768.85,54807.95,54750.8,54754.05,0
2026-10-08 11:27:00,54751.9,54771.25,54734.95,54750.0,0
2026-10-08 11:28:00,54753.15,54755.85,54706.7,54742.55,0
2026-10-08 11:29:00,54743.85,54761.25,54717.9,54748.65,0
2026-10-08 11:30:00,54751.2,54759.7,54726.25,54758.35,0
2026-10-08 11:31:00,54759.95,54812.15,54757.95,54803.6,0
2026-10-08 11:32:00,54808.5,54837.85,54774.6,54780.2,0
2026-10-08 11:33:00,54780.6,54805.45,54774.3,54797.25,0
2026-10-08 11:34:00,54793.1,54803.9,54775.65,54791.05,0
2026-10-08 11:35:00,54790.35,54794.95,54755.95,54757.35,0
2026-10-08 11:36:00,54763.05,54833.35,54759.55,54822.0,0
2026-10-08 11:37:00,54823.0,54825.7,54803.75,54809.05,0
2026-10-08 11:38:00,54809.6,54821.5,54775.45,54788.35,0
2026-10-08 11:39:00,54791.3,54812.95,54779.0,54803.0,0
2026-10-08 11:40:00,54808.55,54828.2,54807.3,54814.0,0
2026-10-08 11:41:00,54820.45,54838.7,54813.4,54825.4,0
2026-10-08 11:42:00,54828.75,54831.4,54816.3,54820.0,0
2026-10-08 11:43:00,54822.5,54829.95,54809.75,54823.75,0
2026-10-08 11:44:00,54821.4,54844.35,54807.3,54837.7,0
2026-10-08 11:45:00,54840.0,54854.3,54834.25,54838.8,0
2026-10-08 11:46:00,54839.95,54873.4,54826.7,54863.25,0
2026-10-08 11:47:00,54869.0,54878.95,54862.85,54872.3,0
2026-10-08 11:48:00,54852.7,54861.75,54844.0,54853.9,0
2026-10-08 11:49:00,54851.65,54859.65,54839.8,54851.1,0
2026-10-08 11:50:00,54856.1,54866.45,54849.05,54855.85,0
2026-10-08 11:51:00,54857.95,54880.7,54853.1,54880.0,0
2026-10-08 11:52:00,54883.2,54883.2,54872.8,54873.4,0
2026-10-08 11:53:00,54874.5,54880.2,54864.5,54871.6,0
2026-10-08 11:54:00,54874.95,54879.1,54865.5,54873.25,0
2026-10-08 11:55:00,54871.35,54876.9,54866.65,54872.25,0
2026-10-08 11:56:00,54869.75,54893.2,54864.45,54882.7,0
2026-10-08 11:57:00,54886.4,54907.15,54878.25,54879.6,0
2026-10-08 11:58:00,54878.65,54880.95,54848.55,54861.1,0
2026-10-08 11:59:00,54863.2,54871.1,54834.45,54837.5,0
2026-10-08 12:00:00,54844.0,54844.0,54837.1,54838.15,0
2026-10-08 12:01:00,54805.2,54805.2,54794.1,54794.1,0
2026-10-08 12:02:00,54850.05,54874.35,54850.05,54853.45,0
2026-10-08 12:03:00,54855.3,54884.6,54850.8,54867.1,0
2026-10-08 12:04:00,54868.95,54868.95,54842.75,54851.55,0
2026-10-08 12:05:00,54853.6,54856.7,54828.2,54830.8,0
2026-10-08 12:06:00,54832.85,54835.4,54803.85,54814.65,0
2026-10-08 12:07:00,54817.85,54832.35,54809.7,54819.15,0
2026-10-08 12:08:00,54821.3,54852.75,54817.8,54823.6,0
2026-10-08 12:09:00,54825.25,54837.95,54817.4,54825.55,0
2026-10-08 12:10:00,54827.45,54841.35,54820.45,54831.3,0
2026-10-08 12:11:00,54832.15,54844.85,54821.35,54838.1,0
2026-10-08 12:12:00,54837.35,54868.75,54834.95,54867.8,0
2026-10-08 12:13:00,54858.5,54870.1,54849.55,54856.75,0
2026-10-08 12:14:00,54859.7,54864.8,54826.3,54826.3,0
2026-10-08 12:15:00,54834.7,54839.9,54808.75,54809.7,0
2026-10-08 12:16:00,54811.45,54819.05,54796.6,54815.05,0
2026-10-08 12:17:00,54814.6,54820.75,54754.1,54773.05,0
2026-10-08 12:18:00,54771.85,54795.8,54756.75,54782.8,0
2026-10-08 12:19:00,54781.5,54793.2,54767.75,54780.3,0
2026-10-08 12:20:00,54779.3,54800.1,54774.4,54788.3,0
2026-10-08 12:21:00,54789.3,54818.4,54787.65,54815.3,0
2026-10-08 12:22:00,54814.05,54818.85,54771.0,54773.95,0
2026-10-08 12:23:00,54773.0,54774.05,54749.75,54757.05,0
2026-10-08 12:24:00,54751.3,54765.55,54742.3,54755.3,0
2026-10-08 12:25:00,54758.35,54758.35,54725.6,54736.75,0
2026-10-08 12:26:00,54760.95,54791.35,54760.95,54787.45,0
2026-10-08 12:27:00,54792.45,54806.55,54792.45,54797.3,0
2026-10-08 12:28:00,54789.65,54798.65,54781.65,54783.5,0
2026-10-08 12:29:00,54785.35,54792.65,54770.35,54772.3,0
2026-10-08 12:30:00,54775.1,54775.1,54724.05,54736.95,0
2026-10-08 12:31:00,54710.35,54719.6,54701.05,54707.7,0
2026-10-08 12:32:00,54729.2,54765.8,54724.1,54739.55,0
2026-10-08 12:33:00,54736.3,54743.15,54692.85,54698.15,0
2026-10-08 12:34:00,54702.15,54736.55,54701.6,54730.45,0
2026-10-08 12:35:00,54732.15,54763.45,54729.75,54760.5,0
2026-10-08 12:36:00,54762.25,54763.4,54724.3,54742.5,0
2026-10-08 12:37:00,54746.25,54768.2,54740.45,54760.0,0
2026-10-08 12:38:00,54759.5,54762.75,54731.1,54733.15,0
2026-10-08 12:39:00,54734.25,54741.0,54706.6,54720.85,0
2026-10-08 12:40:00,54721.0,54762.3,54721.0,54738.75,0
2026-10-08 12:41:00,54736.65,54764.05,54724.45,54759.0,0
2026-10-08 12:42:00,54759.55,54763.0,54742.65,54756.9,0
2026-10-08 12:43:00,54758.65,54775.15,54756.2,54771.8,0
2026-10-08 12:44:00,54772.0,54784.7,54755.3,54755.45,0
2026-10-08 12:45:00,54753.35,54769.9,54746.7,54763.95,0
2026-10-08 12:46:00,54768.85,54802.15,54762.65,54800.0,0
2026-10-08 12:47:00,54799.25,54811.75,54751.1,54751.1,0
2026-10-08 12:48:00,54752.6,54759.9,54741.15,54752.8,0
2026-10-08 12:49:00,54755.25,54758.75,54735.05,54735.75,0
2026-10-08 12:50:00,54738.35,54768.5,54732.15,54742.4,0
2026-10-08 12:51:00,54737.4,54745.75,54726.6,54739.5,0
2026-10-08 12:52:00,54745.65,54753.5,54739.55,54742.35,0
2026-10-08 12:53:00,54743.2,54762.85,54739.1,54746.95,0
2026-10-08 12:54:00,54747.15,54760.15,54747.05,54749.9,0
2026-10-08 12:55:00,54747.4,54757.95,54718.7,54724.95,0
2026-10-08 12:56:00,54726.2,54726.35,54659.3,54661.85,0
2026-10-08 12:57:00,54662.7,54693.95,54659.85,54685.25,0
2026-10-08 12:58:00,54676.25,54684.45,54653.6,54677.8,0
2026-10-08 12:59:00,54677.95,54697.1,54674.9,54690.5,0
2026-10-08 13:00:00,54690.2,54705.45,54665.45,54675.6,0
2026-10-08 13:01:00,54676.2,54703.8,54674.85,54698.7,0
2026-10-08 13:02:00,54697.85,54721.95,54696.3,54716.2,0
2026-10-08 13:03:00,54716.85,54729.6,54707.35,54728.9,0
2026-10-08 13:04:00,54729.35,54761.1,54724.2,54753.05,0
2026-10-08 13:05:00,54751.0,54754.8,54712.8,54716.4,0
2026-10-08 13:06:00,54716.9,54724.65,54701.95,54704.3,0
2026-10-08 13:07:00,54705.95,54725.4,54694.2,54708.6,0
2026-10-08 13:08:00,54713.2,54739.7,54706.75,54734.35,0
2026-10-08 13:09:00,54735.7,54741.35,54720.85,54728.5,0
2026-10-08 13:10:00,54728.1,54731.75,54712.25,54721.75,0
2026-10-08 13:11:00,54721.05,54733.2,54693.9,54698.25,0
2026-10-08 13:12:00,54697.7,54705.05,54673.7,54692.8,0
2026-10-08 13:13:00,54692.2,54708.75,54691.9,54700.65,0
2026-10-08 13:14:00,54700.6,54718.25,54696.9,54708.9,0
2026-10-08 13:15:00,54709.95,54712.4,54674.0,54677.95,0
2026-10-08 13:16:00,54673.8,54683.15,54650.45,54679.8,0
2026-10-08 13:17:00,54672.65,54690.7,54657.35,54658.4,0
2026-10-08 13:18:00,54655.1,54659.7,54630.95,54637.4,0
2026-10-08 13:19:00,54640.3,54647.8,54621.25,54625.3,0
2026-10-08 13:20:00,54627.7,54637.25,54605.6,54609.0,0
2026-10-08 13:21:00,54609.1,54625.75,54588.45,54622.95,0
2026-10-08 13:22:00,54622.65,54668.9,54619.2,54667.75,0
2026-10-08 13:23:00,54667.6,54680.35,54652.85,54670.25,0
2026-10-08 13:24:00,54672.4,54687.65,54667.6,54675.7,0
2026-10-08 13:25:00,54678.2,54683.65,54656.95,54656.95,0
2026-10-08 13:26:00,54658.45,54672.15,54627.5,54630.95,0
2026-10-08 13:27:00,54632.25,54644.75,54601.6,54605.5,0
2026-10-08 13:28:00,54604.6,54630.3,54595.65,54603.65,0
2026-10-08 13:29:00,54606.25,54613.85,54587.55,54595.75,0
2026-10-08 13:30:00,54595.85,54611.4,54568.85,54582.65,0
2026-10-08 13:31:00,54582.5,54626.15,54579.4,54619.9,0
2026-10-08 13:32:00,54624.4,54635.25,54604.65,54607.55,0
2026-10-08 13:33:00,54607.85,54657.45,54601.15,54646.85,0
2026-10-08 13:34:00,54644.35,54672.2,54640.45,54660.6,0
2026-10-08 13:35:00,54659.35,54682.1,54654.05,54657.1,0
2026-10-08 13:36:00,54659.55,54661.3,54645.1,54652.7,0
2026-10-08 13:37:00,54657.3,54693.2,54647.25,54688.8,0
2026-10-08 13:38:00,54697.3,54717.35,54694.0,54703.7,0
2026-10-08 13:39:00,54702.5,54704.85,54686.05,54691.75,0
2026-10-08 13:40:00,54692.5,54698.0,54638.8,54642.7,0
2026-10-08 13:41:00,54642.5,54654.0,54632.9,54651.6,0
2026-10-08 13:42:00,54650.5,54655.3,54615.3,54619.35,0
2026-10-08 13:43:00,54617.0,54617.25,54590.0,54595.85,0
2026-10-08 13:44:00,54593.75,54602.95,54578.4,54585.35,0
2026-10-08 13:45:00,54583.0,54593.05,54537.95,54549.75,0
2026-10-08 13:46:00,54543.95,54558.0,54541.55,54541.55,0
2026-10-08 13:47:00,54544.7,54554.25,54533.85,54540.7,0
2026-10-08 13:48:00,54544.35,54572.15,54538.05,54565.3,0
2026-10-08 13:49:00,54567.15,54574.35,54547.0,54550.85,0
2026-10-08 13:50:00,54552.05,54572.0,54543.15,54556.45,0
2026-10-08 13:51:00,54559.25,54563.05,54537.45,54553.05,0
2026-10-08 13:52:00,54552.7,54565.25,54547.35,54556.95,0
2026-10-08 13:53:00,54557.4,54580.6,54551.15,54562.85,0
2026-10-08 13:54:00,54563.4,54580.25,54561.1,54563.7,0
2026-10-08 13:55:00,54563.0,54572.55,54555.1,54560.75,0
2026-10-08 13:56:00,54560.8,54567.0,54555.0,54561.7,0
2026-10-08 13:57:00,54562.3,54574.8,54556.05,54567.55,0
2026-10-08 13:58:00,54573.5,54573.5,54531.65,54531.8,0
2026-10-08 13:59:00,54533.75,54549.9,54509.05,54541.6,0
2026-10-08 14:00:00,54544.4,54547.1,54485.95,54489.15,0
2026-10-08 14:01:00,54492.45,54510.65,54484.35,54492.2,0
2026-10-08 14:02:00,54491.45,54506.5,54475.45,54491.15,0
2026-10-08 14:03:00,54490.7,54498.2,54474.45,54494.65,0
2026-10-08 14:04:00,54494.9,54497.55,54436.1,54444.9,0
2026-10-08 14:05:00,54443.2,54457.15,54428.9,54456.4,0
2026-10-08 14:06:00,54457.05,54470.6,54441.2,54448.85,0
2026-10-08 14:07:00,54447.65,54458.2,54444.0,54449.4,0
2026-10-08 14:08:00,54450.1,54453.85,54435.25,54436.75,0
2026-10-08 14:09:00,54441.95,54456.7,54425.75,54429.95,0
2026-10-08 14:10:00,54428.45,54428.45,54396.95,54402.5,0
2026-10-08 14:11:00,54407.6,54426.7,54394.1,54404.95,0
2026-10-08 14:12:00,54405.7,54411.55,54394.45,54408.45,0
2026-10-08 14:13:00,54411.45,54450.1,54397.95,54446.8,0
2026-10-08 14:14:00,54450.8,54460.8,54440.8,54457.6,0
2026-10-08 14:15:00,54459.35,54488.45,54445.7,54481.1,0
2026-10-08 14:16:00,54483.25,54483.4,54430.2,54440.75,0
2026-10-08 14:17:00,54443.35,54450.1,54428.3,54436.3,0
2026-10-08 14:18:00,54436.5,54440.7,54408.85,54417.3,0
2026-10-08 14:19:00,54413.5,54418.5,54398.65,54418.1,0
2026-10-08 14:20:00,54418.35,54430.05,54415.0,54422.05,0
2026-10-08 14:21:00,54423.4,54426.9,54385.4,54390.7,0
2026-10-08 14:22:00,54391.15,54434.95,54383.15,54431.05,0
2026-10-08 14:23:00,54428.6,54458.7,54427.9,54436.45,0
2026-10-08 14:24:00,54434.75,54455.7,54423.95,54433.2,0
2026-10-08 14:25:00,54429.0,54444.2,54427.0,54433.35,0
2026-10-08 14:26:00,54432.9,54447.65,54423.9,54433.5,0
2026-10-08 14:27:00,54431.15,54445.45,54417.65,54427.15,0
2026-10-08 14:28:00,54426.75,54457.15,54425.25,54457.15,0
2026-10-08 14:29:00,54458.1,54471.15,54454.55,54471.15,0
2026-10-08 14:30:00,54470.15,54533.3,54459.9,54528.3,0
2026-10-08 14:31:00,54529.5,54530.8,54494.25,54522.15,0
2026-10-08 14:32:00,54522.85,54544.35,54518.25,54540.6,0
2026-10-08 14:33:00,54533.3,54553.1,54509.95,54531.0,0
2026-10-08 14:34:00,54526.35,54534.7,54509.0,54517.0,0
2026-10-08 14:35:00,54521.15,54537.2,54518.45,54531.75,0
2026-10-08 14:36:00,54529.75,54535.8,54512.0,54525.7,0
2026-10-08 14:37:00,54525.6,54541.8,54523.4,54534.25,0
2026-10-08 14:38:00,54535.0,54578.7,54532.3,54575.75,0
2026-10-08 14:39:00,54577.55,54589.15,54570.4,54578.0,0
2026-10-08 14:40:00,54576.45,54584.9,54567.5,54572.05,0
2026-10-08 14:41:00,54570.3,54576.35,54557.55,54566.4,0
2026-10-08 14:42:00,54568.15,54571.5,54540.0,54549.05,0
2026-10-08 14:43:00,54549.25,54554.65,54528.55,54543.2,0
2026-10-08 14:44:00,54547.05,54549.0,54511.85,54515.4,0
2026-10-08 14:45:00,54517.85,54523.95,54504.95,54512.3,0
2026-10-08 14:46:00,54511.25,54527.65,54506.15,54512.5,0
2026-10-08 14:47:00,54510.75,54532.5,54507.9,54524.9,0
2026-10-08 14:48:00,54523.05,54525.5,54497.35,54506.9,0
2026-10-08 14:49:00,54503.6,54506.55,54485.0,54491.55,0
2026-10-08 14:50:00,54494.2,54523.45,54491.45,54511.65,0
2026-10-08 14:51:00,54514.1,54540.4,54508.6,54530.9,0
2026-10-08 14:52:00,54531.4,54544.7,54515.0,54515.0,0
2026-10-08 14:53:00,54516.45,54529.15,54506.2,54515.8,0
2026-10-08 14:54:00,54514.3,54518.8,54500.4,54505.45,0
2026-10-08 14:55:00,54507.2,54508.6,54476.3,54479.95,0
2026-10-08 14:56:00,54483.65,54483.65,54460.35,54467.0,0
2026-10-08 14:57:00,54465.75,54500.55,54465.75,54478.3,0
2026-10-08 14:58:00,54476.05,54482.8,54461.65,54461.7,0
2026-10-08 14:59:00,54464.05,54493.3,54459.9,54470.6,0
2026-10-08 15:00:00,54474.6,54528.55,54467.6,54523.7,0
2026-10-08 15:01:00,54519.45,54521.8,54476.7,54487.05,0
2026-10-08 15:02:00,54487.5,54497.15,54480.35,54494.35,0
2026-10-08 15:03:00,54494.25,54498.55,54478.5,54487.05,0
2026-10-08 15:04:00,54485.7,54487.15,54450.45,54455.55,0
2026-10-08 15:05:00,54455.1,54457.05,54431.95,54437.9,0
2026-10-08 15:06:00,54438.4,54444.3,54417.5,54430.75,0
2026-10-08 15:07:00,54431.7,54439.05,54408.9,54422.75,0
2026-10-08 15:08:00,54428.95,54469.65,54426.15,54448.9,0
2026-10-08 15:09:00,54454.25,54454.25,54428.85,54436.4,0
2026-10-08 15:10:00,54435.3,54454.85,54428.55,54439.2,0
2026-10-08 15:11:00,54440.3,54452.35,54435.95,54443.6,0
2026-10-08 15:12:00,54442.8,54449.95,54413.8,54440.35,0
2026-10-08 15:13:00,54435.35,54457.2,54430.45,54440.15,0
2026-10-08 15:14:00,54439.7,54472.1,54433.15,54463.75,0
2026-10-08 15:20:00,54487.1,54895.75,54097.5,54520.5,0
2026-10-08 15:21:00,54528.1,54529.95,54406.15,54406.15,0
2026-10-08 15:22:00,54406.15,54473.95,54403.3,54471.55,0
2026-10-08 15:23:00,54471.55,54486.95,54453.1,54481.3,0
2026-10-08 15:24:00,54481.3,54515.8,54481.05,54493.5,0
2026-10-08 15:25:00,54495.2,54523.95,54456.4,54513.95,0
2026-10-08 15:26:00,54514.4,54526.3,54465.7,54526.3,0
2026-10-08 15:27:00,54526.3,54556.5,54513.85,54536.45,0
2026-10-08 15:28:00,54515.05,54515.05,54515.05,54515.05,0
