timestamp,open,high,low,close,volume
2026-08-10 09:15:00,24581.25,24591.5,24557.95,24566.95,0
2026-08-10 09:16:00,24567.85,24584.9,24560.05,24579.45,0
2026-08-10 09:17:00,24579.35,24592.2,24575.65,24589.6,0
2026-08-10 09:18:00,24589.4,24601.15,24587.15,24599.4,0
2026-08-10 09:19:00,24600.5,24607.95,24597.5,24602.7,0
2026-08-10 09:20:00,24602.85,24620.95,24602.85,24609.65,0
2026-08-10 09:21:00,24610.35,24615.8,24608.3,24611.4,0
2026-08-10 09:22:00,24611.85,24614.7,24598.9,24600.8,0
2026-08-10 09:23:00,24602.35,24603.8,24595.05,24602.8,0
2026-08-10 09:24:00,24601.8,24604.05,24590.0,24590.35,0
2026-08-10 09:25:00,24589.95,24592.4,24584.3,24586.65,0
2026-08-10 09:26:00,24587.65,24590.65,24571.35,24571.35,0
2026-08-10 09:27:00,24571.75,24573.75,24563.0,24564.85,0
2026-08-10 09:28:00,24564.8,24566.65,24555.1,24564.65,0
2026-08-10 09:29:00,24566.4,24570.65,24553.55,24555.9,0
2026-08-10 09:30:00,24557.9,24560.9,24548.8,24550.7,0
2026-08-10 09:31:00,24551.2,24555.4,24542.15,24544.2,0
2026-08-10 09:32:00,24544.3,24549.45,24540.9,24548.3,0
2026-08-10 09:33:00,24548.65,24549.75,24537.55,24538.4,0
2026-08-10 09:34:00,24538.55,24541.25,24533.05,24534.35,0
2026-08-10 09:35:00,24534.25,24534.3,24518.15,24518.8,0
2026-08-10 09:36:00,24519.15,24536.15,24519.15,24528.4,0
2026-08-10 09:37:00,24530.1,24530.1,24511.1,24515.1,0
2026-08-10 09:38:00,24516.3,24529.2,24515.3,24526.25,0
2026-08-10 09:39:00,24528.15,24530.35,24523.7,24528.05,0
2026-08-10 09:40:00,24528.85,24529.3,24523.2,24528.65,0
2026-08-10 09:41:00,24529.25,24530.35,24523.0,24523.2,0
2026-08-10 09:42:00,24525.0,24525.7,24514.0,24515.25,0
2026-08-10 09:43:00,24514.5,24522.9,24512.95,24521.85,0
2026-08-10 09:44:00,24522.0,24523.8,24519.3,24521.15,0
2026-08-10 09:45:00,24521.75,24523.0,24518.45,24518.8,0
2026-08-10 09:46:00,24520.3,24526.65,24519.25,24522.65,0
2026-08-10 09:47:00,24522.75,24530.45,24522.75,24529.6,0
2026-08-10 09:48:00,24530.2,24538.8,24529.75,24530.7,0
2026-08-10 09:49:00,24531.2,24531.9,24525.55,24527.6,0
2026-08-10 09:50:00,24529.3,24540.65,24527.15,24540.5,0
2026-08-10 09:51:00,24541.3,24542.8,24530.9,24533.2,0
2026-08-10 09:52:00,24533.55,24539.65,24532.95,24536.5,0
2026-08-10 09:53:00,24536.9,24541.0,24524.65,24527.8,0
2026-08-10 09:54:00,24528.35,24532.05,24524.55,24527.9,0
2026-08-10 09:55:00,24528.25,24536.55,24525.2,24535.05,0
2026-08-10 09:56:00,24535.1,24536.5,24528.65,24529.35,0
2026-08-10 09:57:00,24530.35,24532.5,24525.05,24531.55,0
2026-08-10 09:58:00,24532.6,24538.2,24530.0,24530.5,0
2026-08-10 09:59:00,24531.05,24536.45,24530.1,24534.25,0
2026-08-10 10:00:00,24536.35,24542.15,24535.2,24537.05,0
2026-08-10 10:01:00,24537.5,24538.6,24530.25,24537.05,0
2026-08-10 10:02:00,24537.95,24545.85,24534.0,24544.7,0
2026-08-10 10:03:00,24545.85,24551.4,24543.8,24548.65,0
2026-08-10 10:04:00,24549.15,24550.5,24536.45,24538.5,0
2026-08-10 10:05:00,24540.6,24542.75,24535.45,24539.3,0
2026-08-10 10:06:00,24540.85,24544.65,24537.85,24541.75,0
2026-08-10 10:07:00,24542.35,24547.0,24541.4,24543.65,0
2026-08-10 10:08:00,24543.5,24545.05,24539.3,24540.85,0
2026-08-10 10:09:00,24542.1,24542.1,24532.45,24534.65,0
2026-08-10 10:10:00,24535.3,24538.3,24533.95,24534.3,0
2026-08-10 10:11:00,24533.75,24542.05,24533.75,24536.85,0
2026-08-10 10:12:00,24537.25,24540.2,24536.3,24536.7,0
2026-08-10 10:13:00,24538.25,24546.55,24538.25,24543.55,0
2026-08-10 10:14:00,24544.25,24547.7,24544.0,24544.75,0
2026-08-10 10:15:00,24545.9,24556.6,24545.6,24556.45,0
2026-08-10 10:16:00,24556.6,24563.55,24556.4,24561.25,0
2026-08-10 10:17:00,24562.0,24565.75,24561.05,24563.9,0
2026-08-10 10:18:00,24565.15,24571.55,24562.5,24569.8,0
2026-08-10 10:19:00,24570.5,24574.9,24569.3,24574.25,0
2026-08-10 10:20:00,24574.95,24578.5,24571.35,24577.0,0
2026-08-10 10:21:00,24578.15,24585.65,24577.7,24584.2,0
2026-08-10 10:22:00,24584.1,24586.45,24577.35,24582.15,0
2026-08-10 10:23:00,24582.3,24591.25,24581.0,24589.9,0
2026-08-10 10:24:00,24589.8,24593.8,24587.95,24592.55,0
2026-08-10 10:25:00,24594.35,24595.4,24586.15,24587.0,0
2026-08-10 10:26:00,24587.7,24588.0,24580.25,24582.35,0
2026-08-10 10:27:00,24582.5,24592.0,24581.5,24591.55,0
2026-08-10 10:28:00,24591.85,24593.25,24588.75,24589.25,0
2026-08-10 10:29:00,24590.05,24595.3,24589.9,24594.8,0
2026-08-10 10:30:00,24595.2,24600.2,24593.95,24597.05,0
2026-08-10 10:31:00,24598.25,24601.15,24594.4,24598.7,0
2026-08-10 10:32:00,24599.3,24599.35,24593.35,24594.3,0
2026-08-10 10:33:00,24594.85,24595.65,24589.3,24590.5,0
2026-08-10 10:34:00,24589.85,24591.6,24584.85,24585.55,0
2026-08-10 10:35:00,24586.0,24589.4,24585.5,24588.7,0
2026-08-10 10:36:00,24588.5,24594.75,24588.3,24591.75,0
2026-08-10 10:37:00,24591.85,24592.9,24589.2,24590.2,0
2026-08-10 10:38:00,24590.45,24592.15,24588.8,24590.95,0
2026-08-10 10:39:00,24590.9,24595.05,24590.65,24593.85,0
2026-08-10 10:40:00,24594.9,24598.95,24592.9,24595.6,0
2026-08-10 10:41:00,24597.0,24601.35,24596.05,24599.2,0
2026-08-10 10:42:00,24599.4,24599.65,24594.35,24595.9,0
2026-08-10 10:43:00,24596.3,24599.8,24593.65,24599.5,0
2026-08-10 10:44:00,24600.1,24605.35,24600.05,24603.65,0
2026-08-10 10:45:00,24604.1,24612.35,24601.5,24610.7,0
2026-08-10 10:46:00,24610.45,24614.5,24609.8,24610.5,0
2026-08-10 10:47:00,24611.55,24611.95,24603.5,24604.25,0
2026-08-10 10:48:00,24605.3,24609.0,24602.8,24606.45,0
2026-08-10 10:49:00,24606.4,24607.4,24600.15,24600.9,0
2026-08-10 10:50:00,24601.2,24603.05,24596.2,24596.65,0
2026-08-10 10:51:00,24597.1,24599.3,24594.2,24594.7,0
2026-08-10 10:52:00,24595.1,24596.7,24591.1,24591.9,0
2026-08-10 10:53:00,24592.2,24593.6,24587.6,24589.1,0
2026-08-10 10:54:00,24589.6,24590.0,24586.35,24588.0,0
2026-08-10 10:55:00,24588.4,24590.55,24586.25,24589.15,0
2026-08-10 10:56:00,24589.4,24590.1,24585.9,24589.0,0
2026-08-10 10:57:00,24589.45,24590.25,24586.2,24586.45,0
2026-08-10 10:58:00,24587.65,24590.9,24586.0,24587.7,0
2026-08-10 10:59:00,24588.7,24589.8,24585.85,24588.2,0
2026-08-10 11:00:00,24588.8,24593.25,24587.95,24593.25,0
2026-08-10 11:01:00,24594.2,24599.05,24592.8,24596.3,0
2026-08-10 11:02:00,24596.45,24598.0,24593.6,24593.85,0
2026-08-10 11:03:00,24594.95,24600.7,24593.45,24596.7,0
2026-08-10 11:04:00,24597.3,24601.05,24594.7,24600.75,0
2026-08-10 11:05:00,24600.2,24602.05,24596.7,24597.45,0
2026-08-10 11:06:00,24596.2,24598.75,24594.0,24597.75,0
2026-08-10 11:07:00,24597.85,24598.15,24593.85,24594.75,0
2026-08-10 11:08:00,24595.05,24595.25,24589.35,24593.95,0
2026-08-10 11:09:00,24594.0,24596.1,24589.85,24591.3,0
2026-08-10 11:10:00,24591.95,24594.45,24586.2,24590.6,0
2026-08-10 11:11:00,24591.1,24599.25,24589.75,24596.0,0
2026-08-10 11:12:00,24596.8,24597.3,24590.4,24591.9,0
2026-08-10 11:13:00,24594.15,24599.8,24593.65,24596.8,0
2026-08-10 11:14:00,24596.5,24602.7,24594.75,24602.35,0
2026-08-10 11:15:00,24602.9,24603.6,24598.2,24600.55,0
2026-08-10 11:16:00,24601.5,24602.9,24597.15,24598.35,0
2026-08-10 11:17:00,24598.55,24600.6,24592.65,24597.65,0
2026-08-10 11:18:00,24598.45,24599.9,24595.3,24596.3,0
2026-08-10 11:19:00,24596.65,24604.15,24594.4,24601.6,0
2026-08-10 11:20:00,24602.5,24607.7,24601.15,24604.15,0
2026-08-10 11:21:00,24604.1,24606.05,24598.3,24598.3,0
2026-08-10 11:22:00,24599.05,24603.8,24597.15,24602.0,0
2026-08-10 11:23:00,24602.35,24603.1,24599.0,24599.95,0
2026-08-10 11:24:00,24601.45,24605.15,24599.6,24601.15,0
2026-08-10 11:25:00,24601.25,24604.75,24600.2,24602.6,0
2026-08-10 11:26:00,24604.65,24608.5,24601.0,24602.8,0
2026-08-10 11:27:00,24602.55,24607.15,24600.3,24604.15,0
2026-08-10 11:28:00,24603.3,24610.3,24602.35,24609.3,0
2026-08-10 11:29:00,24608.4,24610.45,24602.35,24603.9,0
2026-08-10 11:30:00,24604.25,24604.95,24594.05,24594.05,0
2026-08-10 11:31:00,24594.65,24597.25,24589.9,24591.85,0
2026-08-10 11:32:00,24591.75,24592.55,24584.85,24586.05,0
2026-08-10 11:33:00,24586.5,24588.7,24583.15,24583.15,0
2026-08-10 11:34:00,24583.65,24586.05,24581.65,24585.4,0
2026-08-10 11:35:00,24585.85,24586.65,24581.05,24583.85,0
2026-08-10 11:36:00,24587.25,24592.2,24582.2,24590.65,0
2026-08-10 11:37:00,24591.9,24595.8,24586.5,24593.45,0
2026-08-10 11:38:00,24594.05,24598.65,24592.15,24596.4,0
2026-08-10 11:39:00,24597.4,24599.9,24594.65,24595.55,0
2026-08-10 11:40:00,24596.65,24600.75,24595.0,24598.2,0
2026-08-10 11:41:00,24598.9,24599.35,24593.95,24596.2,0
2026-08-10 11:42:00,24597.9,24597.9,24591.05,24593.0,0
2026-08-10 11:43:00,24594.1,24594.1,24587.9,24588.85,0
2026-08-10 11:44:00,24589.55,24589.55,24582.7,24583.15,0
2026-08-10 11:45:00,24583.5,24585.85,24578.1,24579.45,0
2026-08-10 11:46:00,24580.2,24584.05,24574.65,24584.05,0
2026-08-10 11:47:00,24584.8,24594.75,24581.8,24592.95,0
2026-08-10 11:48:00,24593.2,24598.0,24590.05,24597.15,0
2026-08-10 11:49:00,24598.3,24598.5,24590.75,24591.25,0
2026-08-10 11:50:00,24591.9,24596.0,24591.25,24593.6,0
2026-08-10 11:51:00,24593.7,24597.1,24592.4,24595.2,0
2026-08-10 11:52:00,24595.75,24599.2,24593.65,24598.9,0
2026-08-10 11:53:00,24599.4,24599.4,24592.9,24595.8,0
2026-08-10 11:54:00,24595.75,24597.2,24586.45,24586.45,0
2026-08-10 11:55:00,24587.65,24591.4,24585.85,24588.95,0
2026-08-10 11:56:00,24589.75,24597.5,24587.05,24592.7,0
2026-08-10 11:57:00,24593.1,24595.05,24584.8,24586.0,0
2026-08-10 11:58:00,24587.1,24587.6,24583.0,24584.55,0
2026-08-10 11:59:00,24585.85,24589.5,24584.05,24588.2,0
2026-08-10 12:00:00,24588.9,24589.15,24584.35,24584.8,0
2026-08-10 12:01:00,24586.9,24592.75,24584.25,24589.35,0
2026-08-10 12:02:00,24589.05,24594.4,24588.7,24592.05,0
2026-08-10 12:03:00,24592.8,24594.55,24590.55,24592.85,0
2026-08-10 12:04:00,24593.75,24596.25,24591.7,24594.2,0
2026-08-10 12:05:00,24595.25,24597.4,24591.5,24591.9,0
2026-08-10 12:06:00,24592.75,24595.45,24591.1,24592.65,0
2026-08-10 12:07:00,24593.8,24594.75,24588.95,24591.3,0
2026-08-10 12:08:00,24592.25,24594.3,24587.9,24590.2,0
2026-08-10 12:09:00,24590.75,24594.7,24589.05,24593.95,0
2026-08-10 12:10:00,24594.1,24601.1,24592.35,24599.0,0
2026-08-10 12:11:00,24599.85,24601.25,24592.8,24593.15,0
2026-08-10 12:12:00,24593.05,24601.3,24591.15,24599.6,0
2026-08-10 12:13:00,24599.55,24605.6,24599.1,24605.6,0
2026-08-10 12:14:00,24605.8,24609.9,24603.95,24606.8,0
2026-08-10 12:15:00,24606.6,24614.95,24604.55,24612.4,0
2026-08-10 12:16:00,24613.6,24618.3,24611.3,24616.75,0
2026-08-10 12:17:00,24617.4,24618.9,24614.15,24616.7,0
2026-08-10 12:18:00,24617.1,24618.9,24611.55,24612.6,0
2026-08-10 12:19:00,24613.4,24614.2,24606.45,24608.0,0
2026-08-10 12:20:00,24608.75,24613.95,24607.9,24608.85,0
2026-08-10 12:21:00,24608.6,24609.0,24602.65,24604.65,0
2026-08-10 12:22:00,24605.25,24611.45,24602.45,24611.4,0
2026-08-10 12:23:00,24612.05,24613.0,24605.4,24606.75,0
2026-08-10 12:24:00,24607.45,24607.5,24601.3,24602.0,0
2026-08-10 12:25:00,24602.8,24607.6,24602.05,24606.6,0
2026-08-10 12:26:00,24606.85,24608.1,24604.05,24605.05,0
2026-08-10 12:27:00,24605.0,24611.45,24603.75,24609.6,0
2026-08-10 12:28:00,24609.75,24614.35,24608.55,24611.55,0
2026-08-10 12:29:00,24612.8,24615.85,24608.3,24610.6,0
2026-08-10 12:30:00,24610.35,24616.9,24610.35,24614.6,0
2026-08-10 12:31:00,24614.55,24616.7,24611.25,24614.9,0
2026-08-10 12:32:00,24614.65,24616.25,24611.05,24613.2,0
2026-08-10 12:33:00,24612.5,24613.95,24608.1,24610.05,0
2026-08-10 12:34:00,24610.6,24612.3,24605.75,24609.3,0
2026-08-10 12:35:00,24609.4,24612.85,24607.1,24607.85,0
2026-08-10 12:36:00,24607.45,24608.8,24601.5,24603.45,0
2026-08-10 12:37:00,24603.5,24610.3,24602.05,24606.25,0
2026-08-10 12:38:00,24608.45,24614.65,24606.55,24612.05,0
2026-08-10 12:39:00,24612.25,24615.35,24609.25,24612.5,0
2026-08-10 12:40:00,24612.15,24614.45,24609.4,24611.2,0
2026-08-10 12:41:00,24610.55,24613.3,24608.85,24611.65,0
2026-08-10 12:42:00,24612.5,24612.65,24604.15,24608.3,0
2026-08-10 12:43:00,24607.55,24608.8,24602.7,24605.45,0
2026-08-10 12:44:00,24605.55,24606.9,24598.1,24598.25,0
2026-08-10 12:45:00,24599.4,24600.65,24595.65,24597.7,0
2026-08-10 12:46:00,24597.3,24599.3,24593.55,24596.45,0
2026-08-10 12:47:00,24596.2,24603.4,24595.75,24602.9,0
2026-08-10 12:48:00,24601.9,24603.75,24598.7,24599.2,0
2026-08-10 12:49:00,24599.0,24599.8,24593.45,24596.1,0
2026-08-10 12:50:00,24595.7,24598.85,24594.7,24598.0,0
2026-08-10 12:51:00,24597.55,24600.45,24595.45,24598.9,0
2026-08-10 12:52:00,24598.7,24599.35,24592.8,24594.55,0
2026-08-10 12:53:00,24595.0,24595.9,24589.05,24590.25,0
2026-08-10 12:54:00,24590.0,24592.2,24588.15,24591.05,0
2026-08-10 12:55:00,24591.85,24593.15,24585.4,24586.0,0
2026-08-10 12:56:00,24585.9,24589.35,24584.15,24586.4,0
2026-08-10 12:57:00,24586.85,24588.45,24583.75,24586.7,0
2026-08-10 12:58:00,24586.95,24589.1,24584.65,24587.9,0
2026-08-10 12:59:00,24587.65,24590.15,24586.05,24587.75,0
2026-08-10 13:00:00,24587.1,24589.0,24583.95,24584.1,0
2026-08-10 13:01:00,24583.9,24584.65,24577.9,24578.45,0
2026-08-10 13:02:00,24578.35,24585.75,24578.35,24583.7,0
2026-08-10 13:03:00,24583.8,24590.7,24582.25,24589.55,0
2026-08-10 13:04:00,24589.1,24592.2,24588.05,24589.95,0
2026-08-10 13:05:00,24589.75,24593.6,24589.75,24592.0,0
2026-08-10 13:06:00,24592.2,24596.0,24590.9,24591.85,0
2026-08-10 13:07:00,24591.3,24592.25,24582.8,24583.9,0
2026-08-10 13:08:00,24583.85,24588.25,24583.05,24584.0,0
2026-08-10 13:09:00,24583.95,24587.05,24577.7,24579.25,0
2026-08-10 13:10:00,24578.8,24582.4,24577.05,24577.25,0
2026-08-10 13:11:00,24577.4,24580.95,24577.25,24579.65,0
2026-08-10 13:12:00,24579.7,24583.0,24578.65,24580.85,0
2026-08-10 13:13:00,24580.5,24582.8,24574.15,24574.6,0
2026-08-10 13:14:00,24574.45,24576.05,24571.35,24573.55,0
2026-08-10 13:15:00,24573.1,24578.9,24573.1,24578.9,0
2026-08-10 13:16:00,24579.65,24587.1,24578.95,24586.1,0
2026-08-10 13:17:00,24585.5,24589.8,24584.35,24585.8,0
2026-08-10 13:18:00,24585.25,24589.5,24581.35,24582.1,0
2026-08-10 13:19:00,24581.95,24588.65,24581.95,24586.85,0
2026-08-10 13:20:00,24586.95,24588.35,24582.1,24583.25,0
2026-08-10 13:21:00,24583.35,24586.2,24582.5,24582.65,0
2026-08-10 13:22:00,24582.8,24585.6,24581.45,24583.75,0
2026-08-10 13:23:00,24583.95,24588.05,24582.9,24587.35,0
2026-08-10 13:24:00,24587.1,24588.8,24582.0,24585.6,0
2026-08-10 13:25:00,24585.45,24593.95,24585.45,24590.7,0
2026-08-10 13:26:00,24591.3,24594.3,24590.2,24592.1,0
2026-08-10 13:27:00,24591.55,24595.35,24590.75,24593.15,0
2026-08-10 13:28:00,24589.7,24594.95,24589.7,24592.8,0
2026-08-10 13:29:00,24592.2,24595.1,24588.85,24589.8,0
2026-08-10 13:30:00,24590.55,24592.8,24587.65,24591.35,0
2026-08-10 13:31:00,24592.55,24593.65,24589.05,24589.65,0
2026-08-10 13:32:00,24589.0,24595.2,24588.25,24593.15,0
2026-08-10 13:33:00,24592.75,24596.55,24591.75,24595.6,0
2026-08-10 13:34:00,24596.25,24600.75,24594.95,24598.6,0
2026-08-10 13:35:00,24599.0,24601.3,24598.2,24599.05,0
2026-08-10 13:36:00,24598.6,24601.45,24596.3,24600.25,0
2026-08-10 13:37:00,24599.65,24602.35,24597.85,24598.65,0
2026-08-10 13:38:00,24599.15,24600.8,24597.0,24599.6,0
2026-08-10 13:39:00,24598.95,24601.4,24597.9,24599.6,0
2026-08-10 13:40:00,24599.25,24601.35,24597.55,24600.7,0
2026-08-10 13:41:00,24600.55,24603.1,24598.15,24600.15,0
2026-08-10 13:42:00,24599.7,24606.65,24599.7,24604.6,0
2026-08-10 13:43:00,24604.55,24608.35,24601.95,24606.0,0
2026-08-10 13:44:00,24606.05,24608.5,24604.95,24606.35,0
2026-08-10 13:45:00,24606.65,24610.3,24605.8,24608.05,0
2026-08-10 13:46:00,24608.3,24609.2,24603.95,24604.4,0
2026-08-10 13:47:00,24604.75,24605.25,24596.95,24598.75,0
2026-08-10 13:48:00,24598.55,24603.75,24596.35,24601.65,0
2026-08-10 13:49:00,24601.7,24606.25,24601.7,24604.6,0
2026-08-10 13:50:00,24605.05,24606.9,24601.05,24602.3,0
2026-08-10 13:51:00,24603.15,24606.7,24601.4,24605.3,0
2026-08-10 13:52:00,24605.05,24606.4,24601.0,24603.65,0
2026-08-10 13:53:00,24603.7,24606.55,24602.9,24604.75,0
2026-08-10 13:54:00,24606.5,24608.95,24604.25,24605.4,0
2026-08-10 13:55:00,24605.35,24606.75,24599.75,24602.0,0
2026-08-10 13:56:00,24600.9,24603.7,24596.8,24597.55,0
2026-08-10 13:57:00,24597.95,24600.25,24593.75,24594.8,0
2026-08-10 13:58:00,24594.9,24596.55,24593.15,24594.7,0
2026-08-10 13:59:00,24595.25,24596.6,24591.1,24591.85,0
2026-08-10 14:00:00,24591.8,24598.05,24591.8,24596.35,0
2026-08-10 14:01:00,24596.15,24597.95,24589.75,24590.8,0
2026-08-10 14:02:00,24591.5,24593.4,24589.65,24591.15,0
2026-08-10 14:03:00,24590.5,24592.85,24582.5,24589.8,0
2026-08-10 14:04:00,24589.65,24592.3,24586.15,24590.9,0
2026-08-10 14:05:00,24590.6,24594.7,24590.0,24593.4,0
2026-08-10 14:06:00,24593.45,24600.05,24593.45,24597.85,0
2026-08-10 14:07:00,24598.35,24605.05,24598.35,24603.7,0
2026-08-10 14:08:00,24603.6,24605.35,24598.9,24599.85,0
2026-08-10 14:09:00,24599.05,24601.55,24595.75,24597.85,0
2026-08-10 14:10:00,24597.2,24598.15,24590.75,24595.0,0
2026-08-10 14:11:00,24595.45,24600.85,24593.05,24596.1,0
2026-08-10 14:12:00,24595.45,24599.85,24594.2,24595.0,0
2026-08-10 14:13:00,24595.95,24596.5,24591.85,24594.75,0
2026-08-10 14:14:00,24594.5,24596.2,24586.95,24587.55,0
2026-08-10 14:15:00,24587.95,24590.6,24584.8,24589.15,0
2026-08-10 14:16:00,24589.35,24592.25,24587.45,24591.3,0
2026-08-10 14:17:00,24591.7,24593.55,24585.6,24586.1,0
2026-08-10 14:18:00,24586.0,24589.2,24583.55,24587.25,0
2026-08-10 14:19:00,24586.25,24588.95,24583.15,24583.9,0
2026-08-10 14:20:00,24584.45,24592.45,24584.45,24589.95,0
2026-08-10 14:21:00,24590.0,24590.55,24585.8,24586.7,0
2026-08-10 14:22:00,24586.65,24588.75,24584.6,24585.8,0
2026-08-10 14:23:00,24586.1,24589.4,24583.7,24588.6,0
2026-08-10 14:24:00,24588.3,24591.05,24586.65,24587.8,0
2026-08-10 14:25:00,24586.8,24588.95,24585.05,24588.65,0
2026-08-10 14:26:00,24588.85,24593.2,24586.95,24588.6,0
2026-08-10 14:27:00,24588.75,24594.4,24587.75,24592.9,0
2026-08-10 14:28:00,24593.4,24593.9,24584.85,24586.55,0
2026-08-10 14:29:00,24586.75,24588.8,24584.15,24586.75,0
2026-08-10 14:30:00,24587.35,24591.0,24585.4,24585.75,0
2026-08-10 14:31:00,24586.65,24588.95,24583.8,24585.9,0
2026-08-10 14:32:00,24585.65,24586.2,24582.15,24584.25,0
2026-08-10 14:33:00,24584.15,24585.05,24578.0,24581.55,0
2026-08-10 14:34:00,24581.5,24584.2,24578.1,24582.45,0
2026-08-10 14:35:00,24582.05,24582.25,24574.45,24578.2,0
2026-08-10 14:36:00,24577.85,24578.9,24571.8,24572.35,0
2026-08-10 14:37:00,24572.3,24574.45,24568.1,24572.3,0
2026-08-10 14:38:00,24572.1,24575.95,24569.85,24574.1,0
2026-08-10 14:39:00,24573.95,24576.75,24571.0,24573.95,0
2026-08-10 14:40:00,24573.65,24578.85,24570.7,24575.6,0
2026-08-10 14:41:00,24576.35,24578.25,24572.7,24574.2,0
2026-08-10 14:42:00,24574.35,24575.4,24569.65,24571.8,0
2026-08-10 14:43:00,24571.35,24571.8,24565.7,24569.25,0
2026-08-10 14:44:00,24569.0,24574.35,24565.55,24572.5,0
2026-08-10 14:45:00,24572.55,24572.55,24563.55,24567.1,0
2026-08-10 14:46:00,24566.15,24570.75,24564.0,24568.0,0
2026-08-10 14:47:00,24566.55,24569.0,24561.4,24563.0,0
2026-08-10 14:48:00,24562.0,24564.1,24555.65,24557.6,0
2026-08-10 14:49:00,24556.35,24560.85,24553.7,24556.25,0
2026-08-10 14:50:00,24554.6,24557.15,24549.05,24552.4,0
2026-08-10 14:51:00,24549.25,24556.85,24549.0,24555.35,0
2026-08-10 14:52:00,24553.4,24557.2,24552.1,24556.15,0
2026-08-10 14:53:00,24555.6,24562.35,24553.95,24560.7,0
2026-08-10 14:54:00,24558.4,24560.95,24554.7,24558.95,0
2026-08-10 14:55:00,24556.9,24561.35,24555.3,24559.65,0
2026-08-10 14:56:00,24557.85,24563.15,24554.25,24562.25,0
2026-08-10 14:57:00,24560.1,24566.65,24559.1,24562.2,0
2026-08-10 14:58:00,24560.85,24566.3,24559.5,24562.9,0
2026-08-10 14:59:00,24562.7,24568.2,24560.95,24567.85,0
2026-08-10 15:00:00,24566.55,24567.25,24558.05,24560.6,0
2026-08-10 15:01:00,24559.95,24560.65,24548.9,24550.45,0
2026-08-10 15:02:00,24549.95,24565.8,24547.6,24565.8,0
2026-08-10 15:03:00,24564.55,24574.4,24564.15,24570.4,0
2026-08-10 15:04:00,24570.45,24573.15,24568.65,24572.0,0
2026-08-10 15:05:00,24572.35,24573.25,24566.75,24568.65,0
2026-08-10 15:06:00,24566.15,24575.3,24565.1,24572.5,0
2026-08-10 15:07:00,24569.4,24571.35,24560.45,24562.2,0
2026-08-10 15:08:00,24562.35,24563.65,24555.7,24557.25,0
2026-08-10 15:09:00,24554.4,24560.5,24553.25,24553.5,0
2026-08-10 15:10:00,24555.35,24556.15,24543.05,24546.2,0
2026-08-10 15:11:00,24543.3,24553.65,24543.3,24552.45,0
2026-08-10 15:12:00,24552.0,24556.15,24547.0,24555.9,0
2026-08-10 15:13:00,24554.5,24557.75,24550.15,24555.2,0
2026-08-10 15:14:00,24554.15,24567.25,24550.6,24560.05,0
2026-08-10 15:15:00,24560.15,24560.15,24560.15,24560.15,0
2026-08-10 15:29:00,24583.8,24583.8,24583.8,24583.8,0
2026-08-11 09:15:00,24575.1,24576.85,24526.85,24537.8,0
2026-08-11 09:16:00,24537.1,24537.1,24511.45,24520.0,0
2026-08-11 09:17:00,24518.25,24520.65,24506.5,24513.85,0
2026-08-11 09:18:00,24513.9,24515.2,24507.05,24515.2,0
2026-08-11 09:19:00,24515.3,24516.6,24500.85,24504.75,0
2026-08-11 09:20:00,24503.5,24504.7,24494.8,24496.7,0
2026-08-11 09:21:00,24496.4,24506.35,24493.3,24504.05,0
2026-08-11 09:22:00,24503.4,24505.35,24498.6,24498.9,0
2026-08-11 09:23:00,24498.8,24501.95,24492.5,24493.25,0
2026-08-11 09:24:00,24494.1,24500.95,24492.45,24500.15,0
2026-08-11 09:25:00,24499.95,24508.3,24497.0,24505.25,0
2026-08-11 09:26:00,24506.0,24506.75,24491.05,24491.55,0
2026-08-11 09:27:00,24491.5,24495.5,24488.5,24493.95,0
2026-08-11 09:28:00,24493.9,24496.1,24489.2,24491.5,0
2026-08-11 09:29:00,24491.3,24494.05,24487.2,24487.4,0
2026-08-11 09:30:00,24486.9,24487.45,24478.6,24483.8,0
2026-08-11 09:31:00,24484.3,24493.3,24482.55,24486.9,0
2026-08-11 09:32:00,24486.75,24490.95,24484.95,24490.05,0
2026-08-11 09:33:00,24490.25,24493.0,24488.0,24493.0,0
2026-08-11 09:34:00,24492.3,24493.7,24486.95,24488.35,0
2026-08-11 09:35:00,24488.5,24497.6,24487.35,24495.4,0
2026-08-11 09:36:00,24494.75,24495.5,24487.9,24489.55,0
2026-08-11 09:37:00,24489.65,24492.15,24481.2,24481.8,0
2026-08-11 09:38:00,24482.2,24487.8,24480.9,24486.15,0
2026-08-11 09:39:00,24485.9,24488.65,24481.75,24481.75,0
2026-08-11 09:40:00,24482.35,24483.8,24477.45,24479.2,0
2026-08-11 09:41:00,24479.25,24482.6,24476.9,24479.45,0
2026-08-11 09:42:00,24479.85,24480.3,24475.2,24476.15,0
2026-08-11 09:43:00,24475.95,24475.95,24468.35,24470.95,0
2026-08-11 09:44:00,24471.5,24480.9,24469.5,24479.25,0
2026-08-11 09:45:00,24480.55,24483.65,24475.5,24481.3,0
2026-08-11 09:46:00,24480.95,24480.95,24467.3,24468.75,0
2026-08-11 09:47:00,24468.4,24471.85,24464.1,24465.6,0
2026-08-11 09:48:00,24465.8,24470.75,24465.8,24469.75,0
2026-08-11 09:49:00,24469.65,24476.35,24469.4,24472.15,0
2026-08-11 09:50:00,24471.7,24477.2,24469.9,24476.35,0
2026-08-11 09:51:00,24476.75,24477.35,24472.35,24476.45,0
2026-08-11 09:52:00,24476.25,24477.45,24470.6,24471.3,0
2026-08-11 09:53:00,24471.4,24473.45,24469.55,24472.05,0
2026-08-11 09:54:00,24472.35,24473.0,24464.05,24468.6,0
2026-08-11 09:55:00,24467.35,24471.25,24460.9,24470.05,0
2026-08-11 09:56:00,24469.8,24479.2,24468.45,24476.85,0
2026-08-11 09:57:00,24476.8,24479.0,24473.35,24477.35,0
2026-08-11 09:58:00,24477.1,24483.55,24476.55,24481.55,0
2026-08-11 09:59:00,24481.9,24487.55,24480.25,24486.85,0
2026-08-11 10:00:00,24486.4,24488.8,24480.95,24482.95,0
2026-08-11 10:01:00,24482.8,24486.25,24479.75,24484.25,0
2026-08-11 10:02:00,24483.95,24485.35,24479.3,24481.5,0
2026-08-11 10:03:00,24481.6,24491.3,24480.3,24490.05,0
2026-08-11 10:04:00,24489.8,24491.85,24485.55,24486.55,0
2026-08-11 10:05:00,24486.25,24489.25,24484.9,24484.9,0
2026-08-11 10:06:00,24485.0,24487.45,24476.85,24478.15,0
2026-08-11 10:07:00,24477.7,24480.65,24476.0,24476.9,0
2026-08-11 10:08:00,24476.85,24480.1,24475.05,24478.0,0
2026-08-11 10:09:00,24477.8,24482.65,24476.1,24479.55,0
2026-08-11 10:10:00,24479.75,24480.2,24473.9,24475.7,0
2026-08-11 10:11:00,24476.05,24481.3,24474.65,24481.3,0
2026-08-11 10:12:00,24480.25,24481.9,24477.95,24480.2,0
2026-08-11 10:13:00,24480.5,24481.6,24476.65,24477.65,0
2026-08-11 10:14:00,24477.4,24477.9,24472.6,24473.0,0
2026-08-11 10:15:00,24473.5,24474.75,24469.05,24472.55,0
2026-08-11 10:16:00,24472.45,24477.3,24470.15,24476.95,0
2026-08-11 10:17:00,24477.15,24481.05,24475.45,24476.7,0
2026-08-11 10:18:00,24476.55,24477.65,24472.7,24474.8,0
2026-08-11 10:19:00,24474.95,24475.0,24467.35,24467.6,0
2026-08-11 10:20:00,24467.65,24469.05,24463.6,24465.85,0
2026-08-11 10:21:00,24465.9,24469.5,24464.85,24468.05,0
2026-08-11 10:22:00,24467.5,24475.15,24465.35,24473.65,0
2026-08-11 10:23:00,24473.5,24474.3,24469.15,24472.75,0
2026-08-11 10:24:00,24473.05,24473.5,24468.35,24470.3,0
2026-08-11 10:25:00,24470.15,24473.75,24467.9,24469.9,0
2026-08-11 10:26:00,24470.15,24472.5,24468.15,24471.6,0
2026-08-11 10:27:00,24470.95,24474.1,24468.6,24473.2,0
2026-08-11 10:28:00,24473.3,24484.8,24472.3,24482.55,0
2026-08-11 10:29:00,24482.0,24483.7,24476.75,24479.0,0
2026-08-11 10:30:00,24479.15,24479.95,24474.15,24475.4,0
2026-08-11 10:31:00,24475.65,24480.9,24474.35,24479.9,0
2026-08-11 10:32:00,24479.85,24485.0,24478.25,24482.45,0
2026-08-11 10:33:00,24482.55,24484.0,24479.05,24480.95,0
2026-08-11 10:34:00,24480.7,24483.65,24478.8,24480.7,0
2026-08-11 10:35:00,24480.8,24482.5,24473.8,24474.3,0
2026-08-11 10:36:00,24474.55,24479.05,24472.35,24476.3,0
2026-08-11 10:37:00,24475.8,24484.3,24474.4,24482.6,0
2026-08-11 10:38:00,24482.25,24482.35,24478.95,24481.45,0
2026-08-11 10:39:00,24481.1,24481.35,24476.85,24478.95,0
2026-08-11 10:40:00,24479.4,24480.5,24472.95,24475.3,0
2026-08-11 10:41:00,24475.15,24480.55,24474.3,24479.1,0
2026-08-11 10:42:00,24479.55,24480.6,24477.55,24478.9,0
2026-08-11 10:43:00,24478.65,24481.25,24476.55,24476.9,0
2026-08-11 10:44:00,24477.0,24477.65,24471.5,24474.75,0
2026-08-11 10:45:00,24474.4,24474.85,24470.35,24471.3,0
2026-08-11 10:46:00,24470.7,24471.7,24467.5,24468.25,0
2026-08-11 10:47:00,24467.75,24469.4,24466.6,24469.4,0
2026-08-11 10:48:00,24469.2,24469.25,24465.7,24466.45,0
2026-08-11 10:49:00,24466.6,24469.9,24464.85,24468.4,0
2026-08-11 10:50:00,24468.65,24476.0,24468.35,24474.0,0
2026-08-11 10:51:00,24474.15,24477.6,24473.65,24476.85,0
2026-08-11 10:52:00,24476.45,24477.45,24472.25,24475.4,0
2026-08-11 10:53:00,24475.35,24481.0,24473.15,24479.25,0
2026-08-11 10:54:00,24479.1,24479.15,24473.0,24476.7,0
2026-08-11 10:55:00,24476.9,24479.3,24473.4,24474.05,0
2026-08-11 10:56:00,24473.9,24476.75,24471.85,24474.7,0
2026-08-11 10:57:00,24474.4,24476.65,24471.8,24476.0,0
2026-08-11 10:58:00,24475.1,24478.55,24471.75,24474.8,0
2026-08-11 10:59:00,24475.45,24476.0,24469.0,24469.0,0
2026-08-11 11:00:00,24469.55,24471.25,24463.3,24468.95,0
2026-08-11 11:01:00,24469.9,24471.1,24462.95,24464.9,0
2026-08-11 11:02:00,24464.05,24464.75,24455.45,24456.65,0
2026-08-11 11:03:00,24456.8,24459.45,24454.15,24454.65,0
2026-08-11 11:04:00,24454.5,24454.75,24449.7,24452.0,0
2026-08-11 11:05:00,24452.2,24456.0,24450.6,24454.7,0
2026-08-11 11:06:00,24454.8,24458.95,24454.2,24455.35,0
2026-08-11 11:07:00,24455.2,24457.05,24454.1,24455.05,0
2026-08-11 11:08:00,24454.35,24454.9,24451.0,24451.6,0
2026-08-11 11:09:00,24451.25,24452.3,24445.05,24445.65,0
2026-08-11 11:10:00,24445.7,24446.3,24440.35,24444.65,0
2026-08-11 11:11:00,24444.6,24448.4,24444.05,24446.1,0
2026-08-11 11:12:00,24445.7,24446.85,24443.8,24444.7,0
2026-08-11 11:13:00,24445.0,24448.1,24443.0,24446.9,0
2026-08-11 11:14:00,24447.0,24451.65,24445.95,24451.25,0
2026-08-11 11:15:00,24451.3,24451.3,24447.45,24449.3,0
2026-08-11 11:16:00,24449.25,24455.7,24448.8,24454.3,0
2026-08-11 11:17:00,24454.0,24454.55,24447.85,24449.6,0
2026-08-11 11:18:00,24449.15,24449.3,24444.15,24448.45,0
2026-08-11 11:19:00,24448.6,24452.7,24445.95,24449.2,0
2026-08-11 11:20:00,24449.55,24449.55,24445.55,24447.95,0
2026-08-11 11:21:00,24448.25,24448.7,24445.35,24447.0,0
2026-08-11 11:22:00,24446.95,24448.9,24445.95,24447.45,0
2026-08-11 11:23:00,24447.85,24448.2,24443.6,24445.3,0
2026-08-11 11:24:00,24445.6,24447.55,24444.0,24445.65,0
2026-08-11 11:25:00,24445.6,24445.7,24441.2,24443.15,0
2026-08-11 11:26:00,24443.25,24443.25,24438.35,24439.65,0
2026-08-11 11:27:00,24440.25,24443.9,24437.55,24443.45,0
2026-08-11 11:28:00,24443.15,24446.25,24441.6,24445.7,0
2026-08-11 11:29:00,24445.55,24447.1,24442.5,24442.6,0
2026-08-11 11:30:00,24442.8,24443.95,24440.0,24442.15,0
2026-08-11 11:31:00,24442.35,24444.35,24439.6,24440.05,0
2026-08-11 11:32:00,24440.1,24440.45,24436.9,24438.15,0
2026-08-11 11:33:00,24438.6,24441.2,24436.7,24439.75,0
2026-08-11 11:34:00,24439.55,24445.45,24439.55,24442.6,0
2026-08-11 11:35:00,24442.65,24444.85,24440.25,24440.35,0
2026-08-11 11:36:00,24440.8,24443.45,24439.4,24441.15,0
2026-08-11 11:37:00,24441.8,24447.8,24440.1,24446.8,0
2026-08-11 11:38:00,24447.1,24450.15,24445.45,24447.45,0
2026-08-11 11:39:00,24447.15,24448.8,24444.95,24447.65,0
2026-08-11 11:40:00,24447.5,24451.55,24446.35,24448.65,0
2026-08-11 11:41:00,24448.2,24451.5,24445.4,24450.7,0
2026-08-11 11:42:00,24450.55,24452.3,24447.95,24450.6,0
2026-08-11 11:43:00,24450.7,24452.0,24448.55,24450.75,0
2026-08-11 11:44:00,24450.6,24451.15,24447.3,24448.6,0
2026-08-11 11:45:00,24448.75,24450.55,24446.45,24448.4,0
2026-08-11 11:46:00,24448.85,24450.95,24447.75,24450.45,0
2026-08-11 11:47:00,24450.15,24452.95,24449.3,24451.15,0
2026-08-11 11:48:00,24451.3,24455.35,24450.4,24453.95,0
2026-08-11 11:49:00,24453.8,24456.45,24450.4,24453.4,0
2026-08-11 11:50:00,24453.65,24455.9,24450.85,24452.4,0
2026-08-11 11:51:00,24452.6,24453.0,24448.2,24448.45,0
2026-08-11 11:52:00,24448.65,24449.25,24446.85,24447.6,0
2026-08-11 11:53:00,24447.2,24449.2,24444.0,24444.75,0
2026-08-11 11:54:00,24445.0,24445.4,24440.9,24442.2,0
2026-08-11 11:55:00,24441.9,24442.95,24435.75,24438.65,0
2026-08-11 11:56:00,24438.35,24439.8,24436.55,24438.5,0
2026-08-11 11:57:00,24438.85,24438.85,24435.45,24437.4,0
2026-08-11 11:58:00,24436.9,24442.45,24436.9,24440.75,0
2026-08-11 11:59:00,24441.1,24445.15,24440.25,24444.05,0
2026-08-11 12:00:00,24444.1,24446.0,24436.9,24437.3,0
2026-08-11 12:01:00,24437.25,24438.15,24434.45,24436.8,0
2026-08-11 12:02:00,24437.25,24437.75,24433.8,24434.5,0
2026-08-11 12:03:00,24434.75,24434.85,24430.5,24430.5,0
2026-08-11 12:04:00,24430.4,24432.55,24429.5,24431.05,0
2026-08-11 12:05:00,24431.1,24433.15,24429.25,24432.45,0
2026-08-11 12:06:00,24431.9,24433.0,24429.85,24431.85,0
2026-08-11 12:07:00,24434.0,24438.25,24432.8,24436.6,0
2026-08-11 12:08:00,24436.0,24437.2,24433.2,24435.5,0
2026-08-11 12:09:00,24435.6,24437.55,24434.1,24434.65,0
2026-08-11 12:10:00,24434.25,24441.25,24434.25,24440.7,0
2026-08-11 12:11:00,24440.15,24449.0,24440.15,24448.15,0
2026-08-11 12:12:00,24447.85,24450.75,24446.2,24450.15,0
2026-08-11 12:13:00,24449.05,24450.5,24448.45,24448.45,0
2026-08-11 12:14:00,24448.35,24449.0,24443.4,24444.65,0
2026-08-11 12:15:00,24444.0,24449.0,24443.8,24447.4,0
2026-08-11 12:16:00,24447.7,24448.8,24441.15,24442.2,0
2026-08-11 12:17:00,24442.05,24443.3,24438.3,24439.0,0
2026-08-11 12:18:00,24439.4,24439.4,24435.3,24436.7,0
2026-08-11 12:19:00,24436.3,24441.05,24434.35,24439.3,0
2026-08-11 12:20:00,24439.1,24442.9,24437.3,24442.15,0
2026-08-11 12:21:00,24442.2,24442.7,24438.65,24439.2,0
2026-08-11 12:22:00,24439.9,24440.6,24436.75,24438.25,0
2026-08-11 12:23:00,24438.65,24442.55,24437.5,24441.05,0
2026-08-11 12:24:00,24441.55,24446.5,24431.25,24431.85,0
2026-08-11 12:25:00,24431.95,24436.75,24430.35,24436.0,0
2026-08-11 12:26:00,24435.95,24441.9,24435.15,24437.05,0
2026-08-11 12:27:00,24437.0,24440.4,24435.75,24437.75,0
2026-08-11 12:28:00,24437.6,24440.75,24436.35,24439.15,0
2026-08-11 12:29:00,24438.9,24441.2,24437.95,24439.65,0
2026-08-11 12:30:00,24439.35,24440.45,24437.35,24439.4,0
2026-08-11 12:31:00,24439.3,24441.0,24438.15,24440.7,0
2026-08-11 12:32:00,24440.55,24442.95,24439.25,24441.75,0
2026-08-11 12:33:00,24441.6,24443.6,24439.75,24442.75,0
2026-08-11 12:34:00,24442.65,24446.25,24441.1,24444.25,0
2026-08-11 12:35:00,24443.4,24444.85,24441.15,24441.4,0
2026-08-11 12:36:00,24441.6,24445.1,24440.7,24442.15,0
2026-08-11 12:37:00,24442.25,24445.4,24441.75,24443.5,0
2026-08-11 12:38:00,24443.55,24444.55,24440.6,24441.7,0
2026-08-11 12:39:00,24441.05,24442.35,24439.45,24439.85,0
2026-08-11 12:40:00,24440.25,24443.5,24439.35,24442.7,0
2026-08-11 12:41:00,24442.65,24443.3,24438.75,24440.55,0
2026-08-11 12:42:00,24440.9,24449.65,24433.5,24448.85,0
2026-08-11 12:43:00,24448.2,24451.9,24447.1,24448.9,0
2026-08-11 12:44:00,24448.7,24452.4,24447.8,24451.2,0
2026-08-11 12:45:00,24451.95,24452.25,24448.8,24451.4,0
2026-08-11 12:46:00,24451.1,24455.85,24450.7,24454.55,0
2026-08-11 12:47:00,24454.6,24461.0,24453.65,24460.15,0
2026-08-11 12:48:00,24460.1,24460.15,24455.25,24457.15,0
2026-08-11 12:49:00,24457.25,24461.75,24456.6,24458.4,0
2026-08-11 12:50:00,24458.55,24460.05,24456.5,24457.8,0
2026-08-11 12:51:00,24457.5,24458.9,24452.2,24452.6,0
2026-08-11 12:52:00,24452.4,24454.9,24449.95,24451.65,0
2026-08-11 12:53:00,24451.35,24452.9,24448.55,24448.55,0
2026-08-11 12:54:00,24448.35,24450.0,24446.8,24448.65,0
2026-08-11 12:55:00,24448.9,24450.55,24447.7,24448.85,0
2026-08-11 12:56:00,24449.2,24450.15,24445.8,24446.3,0
2026-08-11 12:57:00,24446.45,24447.35,24442.25,24443.0,0
2026-08-11 12:58:00,24442.55,24442.6,24439.55,24440.8,0
2026-08-11 12:59:00,24440.95,24442.45,24440.0,24440.5,0
2026-08-11 13:00:00,24440.65,24445.15,24440.2,24444.75,0
2026-08-11 13:01:00,24444.85,24444.85,24438.9,24444.8,0
2026-08-11 13:02:00,24445.25,24452.95,24444.3,24451.4,0
2026-08-11 13:03:00,24451.1,24454.6,24449.1,24454.25,0
2026-08-11 13:04:00,24454.05,24456.8,24451.9,24456.7,0
2026-08-11 13:05:00,24456.45,24462.55,24449.8,24462.55,0
2026-08-11 13:06:00,24462.45,24466.65,24458.3,24459.55,0
2026-08-11 13:07:00,24459.3,24461.3,24458.35,24460.7,0
2026-08-11 13:08:00,24460.55,24461.75,24459.6,24460.55,0
2026-08-11 13:09:00,24460.65,24464.85,24459.95,24462.0,0
2026-08-11 13:10:00,24461.9,24464.35,24459.1,24459.8,0
2026-08-11 13:11:00,24459.55,24459.75,24451.8,24454.15,0
2026-08-11 13:12:00,24453.6,24454.6,24451.1,24452.65,0
2026-08-11 13:13:00,24452.6,24454.25,24451.1,24452.9,0
2026-08-11 13:14:00,24452.5,24457.5,24452.1,24453.15,0
2026-08-11 13:15:00,24453.35,24453.8,24448.1,24448.85,0
2026-08-11 13:16:00,24449.35,24449.65,24443.15,24445.75,0
2026-08-11 13:17:00,24445.65,24449.1,24442.15,24449.0,0
2026-08-11 13:18:00,24448.8,24453.25,24447.75,24449.9,0
2026-08-11 13:19:00,24449.95,24452.7,24448.2,24450.0,0
2026-08-11 13:20:00,24450.1,24451.15,24447.0,24448.4,0
2026-08-11 13:21:00,24448.8,24450.05,24447.45,24447.45,0
2026-08-11 13:22:00,24447.35,24450.9,24446.9,24447.25,0
2026-08-11 13:23:00,24447.1,24448.2,24441.8,24443.15,0
2026-08-11 13:24:00,24444.0,24453.25,24441.9,24452.0,0
2026-08-11 13:25:00,24452.15,24457.1,24451.15,24456.55,0
2026-08-11 13:26:00,24456.65,24466.55,24455.45,24465.9,0
2026-08-11 13:27:00,24466.35,24474.9,24463.95,24474.6,0
2026-08-11 13:28:00,24474.3,24474.3,24454.75,24455.75,0
2026-08-11 13:29:00,24455.9,24456.95,24451.45,24455.05,0
2026-08-11 13:30:00,24454.95,24458.35,24454.85,24456.3,0
2026-08-11 13:31:00,24455.85,24463.75,24455.85,24458.3,0
2026-08-11 13:32:00,24457.55,24464.0,24457.4,24463.95,0
2026-08-11 13:33:00,24463.8,24470.3,24462.1,24469.25,0
2026-08-11 13:34:00,24469.4,24471.45,24465.7,24469.45,0
2026-08-11 13:35:00,24468.8,24468.8,24463.7,24464.0,0
2026-08-11 13:36:00,24464.1,24464.8,24459.0,24461.75,0
2026-08-11 13:37:00,24462.3,24463.15,24458.5,24459.55,0
2026-08-11 13:38:00,24459.65,24460.55,24451.6,24452.35,0
2026-08-11 13:39:00,24452.15,24455.0,24451.25,24454.5,0
2026-08-11 13:40:00,24454.55,24462.3,24454.4,24460.75,0
2026-08-11 13:41:00,24460.15,24465.55,24457.9,24457.9,0
2026-08-11 13:42:00,24458.35,24459.3,24454.35,24456.0,0
2026-08-11 13:43:00,24455.9,24467.45,24455.9,24465.1,0
2026-08-11 13:44:00,24464.4,24465.3,24457.95,24460.55,0
2026-08-11 13:45:00,24460.65,24464.85,24460.5,24463.25,0
2026-08-11 13:46:00,24463.3,24465.05,24461.1,24464.35,0
2026-08-11 13:47:00,24464.25,24468.8,24463.4,24464.65,0
2026-08-11 13:48:00,24464.3,24469.1,24463.65,24465.3,0
2026-08-11 13:49:00,24465.4,24465.45,24457.15,24458.5,0
2026-08-11 13:50:00,24457.45,24462.5,24456.6,24461.15,0
2026-08-11 13:51:00,24461.1,24461.85,24458.0,24459.85,0
2026-08-11 13:52:00,24460.1,24461.75,24452.6,24455.85,0
2026-08-11 13:53:00,24455.95,24456.1,24450.2,24452.9,0
2026-08-11 13:54:00,24453.0,24456.8,24451.8,24453.8,0
2026-08-11 13:55:00,24453.5,24453.8,24447.8,24452.15,0
2026-08-11 13:56:00,24452.2,24453.9,24449.3,24450.15,0
2026-08-11 13:57:00,24450.5,24450.95,24445.8,24448.8,0
2026-08-11 13:58:00,24449.5,24452.0,24448.3,24449.95,0
2026-08-11 13:59:00,24449.75,24452.35,24447.35,24450.15,0
2026-08-11 14:00:00,24451.0,24455.3,24450.1,24454.05,0
2026-08-11 14:01:00,24453.7,24455.05,24449.65,24450.55,0
2026-08-11 14:02:00,24450.05,24452.3,24445.8,24448.0,0
2026-08-11 14:03:00,24447.85,24454.4,24446.95,24452.6,0
2026-08-11 14:04:00,24452.55,24453.0,24447.75,24450.85,0
2026-08-11 14:05:00,24450.95,24452.2,24445.95,24447.45,0
2026-08-11 14:06:00,24446.85,24448.25,24441.1,24445.0,0
2026-08-11 14:07:00,24445.15,24455.35,24445.15,24453.85,0
2026-08-11 14:08:00,24454.25,24460.85,24452.65,24459.4,0
2026-08-11 14:09:00,24459.35,24466.15,24458.9,24460.95,0
2026-08-11 14:10:00,24463.95,24463.95,24453.05,24456.9,0
2026-08-11 14:11:00,24456.5,24462.55,24456.35,24460.2,0
2026-08-11 14:12:00,24460.1,24462.95,24458.95,24460.75,0
2026-08-11 14:13:00,24460.85,24465.6,24459.2,24464.6,0
2026-08-11 14:14:00,24464.7,24466.05,24462.1,24462.55,0
2026-08-11 14:15:00,24464.2,24464.3,24455.7,24456.35,0
2026-08-11 14:16:00,24457.25,24465.4,24456.8,24463.15,0
2026-08-11 14:17:00,24463.4,24470.0,24462.85,24469.5,0
2026-08-11 14:18:00,24469.15,24469.15,24463.2,24463.45,0
2026-08-11 14:19:00,24463.2,24465.55,24452.35,24454.05,0
2026-08-11 14:20:00,24453.75,24456.6,24451.75,24454.9,0
2026-08-11 14:21:00,24454.5,24459.0,24452.45,24456.1,0
2026-08-11 14:22:00,24455.55,24457.8,24451.35,24451.7,0
2026-08-11 14:23:00,24451.35,24457.1,24449.95,24456.55,0
2026-08-11 14:24:00,24455.65,24462.05,24452.55,24458.1,0
2026-08-11 14:25:00,24459.5,24459.5,24452.95,24454.05,0
2026-08-11 14:26:00,24453.6,24458.25,24451.6,24457.55,0
2026-08-11 14:27:00,24457.75,24465.85,24456.8,24457.05,0
2026-08-11 14:28:00,24456.45,24456.45,24448.85,24451.35,0
2026-08-11 14:29:00,24451.0,24452.9,24447.3,24449.15,0
2026-08-11 14:30:00,24450.15,24455.65,24448.5,24453.05,0
2026-08-11 14:31:00,24452.35,24454.95,24443.6,24447.6,0
2026-08-11 14:32:00,24446.2,24449.8,24443.1,24443.7,0
2026-08-11 14:33:00,24443.9,24447.95,24442.15,24444.55,0
2026-08-11 14:34:00,24444.5,24447.15,24442.5,24443.25,0
2026-08-11 14:35:00,24445.8,24447.2,24443.2,24444.05,0
2026-08-11 14:36:00,24443.9,24445.4,24442.4,24443.25,0
2026-08-11 14:37:00,24443.6,24445.3,24441.05,24443.55,0
2026-08-11 14:38:00,24443.1,24451.35,24440.9,24450.4,0
2026-08-11 14:39:00,24450.6,24452.3,24435.05,24437.75,0
2026-08-11 14:40:00,24441.6,24444.55,24439.5,24441.9,0
2026-08-11 14:41:00,24441.25,24447.1,24439.55,24444.65,0
2026-08-11 14:42:00,24445.15,24447.75,24444.3,24445.3,0
2026-08-11 14:43:00,24445.95,24449.3,24444.65,24447.3,0
2026-08-11 14:44:00,24447.75,24450.1,24446.7,24448.05,0
2026-08-11 14:45:00,24450.3,24453.0,24448.0,24450.6,0
2026-08-11 14:46:00,24450.95,24452.15,24448.7,24451.2,0
2026-08-11 14:47:00,24451.1,24454.95,24448.85,24451.55,0
2026-08-11 14:48:00,24452.4,24454.35,24448.75,24452.35,0
2026-08-11 14:49:00,24452.75,24455.45,24451.3,24453.35,0
2026-08-11 14:50:00,24456.1,24457.6,24451.75,24454.35,0
2026-08-11 14:51:00,24456.25,24456.95,24452.35,24455.15,0
2026-08-11 14:52:00,24455.5,24456.6,24451.8,24452.6,0
2026-08-11 14:53:00,24453.05,24460.15,24452.55,24454.35,0
2026-08-11 14:54:00,24455.25,24459.05,24454.5,24456.7,0
2026-08-11 14:55:00,24459.8,24460.05,24455.85,24458.6,0
2026-08-11 14:56:00,24458.45,24463.45,24456.6,24459.35,0
2026-08-11 14:57:00,24460.05,24464.55,24457.55,24464.0,0
2026-08-11 14:58:00,24464.5,24469.2,24463.1,24465.1,0
2026-08-11 14:59:00,24465.6,24466.95,24458.15,24464.2,0
2026-08-11 15:00:00,24465.3,24471.95,24463.25,24471.65,0
2026-08-11 15:01:00,24471.9,24472.1,24458.65,24460.7,0
2026-08-11 15:02:00,24461.5,24466.35,24459.35,24463.5,0
2026-08-11 15:03:00,24463.75,24464.95,24457.45,24459.55,0
2026-08-11 15:04:00,24459.4,24472.7,24457.3,24472.2,0
2026-08-11 15:05:00,24473.75,24476.45,24452.75,24453.65,0
2026-08-11 15:06:00,24453.55,24459.7,24453.55,24458.35,0
2026-08-11 15:07:00,24458.75,24464.45,24456.1,24458.7,0
2026-08-11 15:08:00,24458.05,24460.25,24452.35,24457.85,0
2026-08-11 15:09:00,24459.25,24459.8,24452.3,24454.6,0
2026-08-11 15:10:00,24454.35,24456.3,24446.45,24447.55,0
2026-08-11 15:11:00,24446.55,24451.55,24444.05,24448.55,0
2026-08-11 15:12:00,24447.95,24451.15,24442.65,24447.45,0
2026-08-11 15:13:00,24448.2,24457.85,24448.05,24453.2,0
2026-08-11 15:14:00,24454.6,24454.75,24443.9,24450.0,0
2026-08-11 15:15:00,24450.25,24450.25,24450.25,24450.25,0
2026-08-11 15:29:00,24471.7,24471.7,24471.7,24471.7,0
2026-08-12 09:15:00,24472.45,24473.3,24439.65,24441.45,0
2026-08-12 09:16:00,24443.0,24443.0,24396.15,24399.5,0
2026-08-12 09:17:00,24399.55,24405.5,24394.45,24394.75,0
2026-08-12 09:18:00,24394.9,24399.8,24390.6,24396.5,0
2026-08-12 09:19:00,24397.55,24409.0,24394.15,24407.15,0
2026-08-12 09:20:00,24409.9,24415.3,24404.25,24414.1,0
2026-08-12 09:21:00,24416.65,24423.4,24405.45,24405.45,0
2026-08-12 09:22:00,24408.15,24416.45,24403.6,24411.1,0
2026-08-12 09:23:00,24412.95,24419.45,24411.75,24416.9,0
2026-08-12 09:24:00,24418.75,24430.9,24416.9,24423.0,0
2026-08-12 09:25:00,24424.9,24444.05,24423.15,24441.65,0
2026-08-12 09:26:00,24443.85,24445.4,24436.8,24445.4,0
2026-08-12 09:27:00,24447.0,24461.05,24445.15,24460.55,0
2026-08-12 09:28:00,24462.3,24463.5,24457.9,24458.6,0
2026-08-12 09:29:00,24459.45,24459.5,24447.85,24457.4,0
2026-08-12 09:30:00,24458.55,24458.55,24439.5,24442.65,0
2026-08-12 09:31:00,24444.1,24446.7,24436.95,24438.1,0
2026-08-12 09:32:00,24439.45,24439.45,24432.9,24436.0,0
2026-08-12 09:33:00,24437.8,24440.5,24435.0,24440.5,0
2026-08-12 09:34:00,24442.15,24444.3,24439.1,24440.2,0
2026-08-12 09:35:00,24441.75,24442.3,24433.75,24434.15,0
2026-08-12 09:36:00,24435.15,24442.4,24433.4,24438.55,0
2026-08-12 09:37:00,24436.8,24439.3,24430.75,24430.75,0
2026-08-12 09:38:00,24431.4,24432.15,24420.8,24424.25,0
2026-08-12 09:39:00,24426.75,24431.6,24424.1,24427.85,0
2026-08-12 09:40:00,24428.85,24435.35,24426.1,24434.2,0
2026-08-12 09:41:00,24435.45,24436.45,24431.8,24433.95,0
2026-08-12 09:42:00,24435.05,24438.1,24430.95,24431.35,0
2026-08-12 09:43:00,24432.75,24433.9,24428.85,24432.35,0
2026-08-12 09:44:00,24433.75,24434.15,24425.9,24428.0,0
2026-08-12 09:45:00,24428.8,24428.85,24417.7,24418.2,0
2026-08-12 09:46:00,24419.9,24419.95,24411.45,24411.5,0
2026-08-12 09:47:00,24412.6,24413.0,24404.45,24406.8,0
2026-08-12 09:48:00,24407.95,24407.95,24401.8,24403.0,0
2026-08-12 09:49:00,24405.1,24406.65,24399.9,24402.55,0
2026-08-12 09:50:00,24404.05,24404.05,24392.7,24393.75,0
2026-08-12 09:51:00,24396.25,24404.0,24394.35,24404.0,0
2026-08-12 09:52:00,24404.9,24404.9,24400.6,24403.65,0
2026-08-12 09:53:00,24405.3,24409.55,24402.2,24409.45,0
2026-08-12 09:54:00,24411.15,24412.1,24408.5,24409.9,0
2026-08-12 09:55:00,24410.95,24410.95,24402.5,24404.4,0
2026-08-12 09:56:00,24406.6,24407.0,24402.95,24403.35,0
2026-08-12 09:57:00,24406.0,24406.0,24393.0,24393.0,0
2026-08-12 09:58:00,24395.25,24395.25,24380.0,24380.3,0
2026-08-12 09:59:00,24382.8,24382.8,24376.55,24378.55,0
2026-08-12 10:00:00,24379.5,24379.5,24371.05,24374.35,0
2026-08-12 10:01:00,24375.2,24375.55,24370.3,24373.65,0
2026-08-12 10:02:00,24375.45,24375.75,24370.2,24373.85,0
2026-08-12 10:03:00,24375.65,24376.0,24360.75,24365.4,0
2026-08-12 10:04:00,24367.8,24368.65,24361.55,24362.6,0
2026-08-12 10:05:00,24364.8,24365.4,24359.8,24365.4,0
2026-08-12 10:06:00,24366.6,24367.5,24364.25,24365.4,0
2026-08-12 10:07:00,24365.6,24365.6,24357.75,24358.85,0
2026-08-12 10:08:00,24360.8,24361.35,24357.5,24360.8,0
2026-08-12 10:09:00,24362.8,24364.75,24359.6,24363.75,0
2026-08-12 10:10:00,24365.25,24369.3,24362.25,24368.25,0
2026-08-12 10:11:00,24369.35,24372.1,24366.75,24367.2,0
2026-08-12 10:12:00,24368.85,24368.85,24363.5,24365.45,0
2026-08-12 10:13:00,24366.6,24367.05,24362.4,24366.65,0
2026-08-12 10:14:00,24368.1,24369.7,24363.85,24365.1,0
2026-08-12 10:15:00,24366.25,24366.25,24359.25,24360.2,0
2026-08-12 10:16:00,24362.3,24365.55,24360.95,24364.95,0
2026-08-12 10:17:00,24366.65,24370.55,24362.8,24370.55,0
2026-08-12 10:18:00,24371.5,24376.15,24366.8,24374.7,0
2026-08-12 10:19:00,24377.1,24383.35,24371.75,24373.5,0
2026-08-12 10:20:00,24375.45,24379.2,24372.05,24374.95,0
2026-08-12 10:21:00,24378.3,24379.4,24373.75,24377.4,0
2026-08-12 10:22:00,24379.2,24379.7,24375.05,24375.5,0
2026-08-12 10:23:00,24377.7,24378.1,24373.8,24376.8,0
2026-08-12 10:24:00,24377.65,24378.0,24372.4,24374.8,0
2026-08-12 10:25:00,24376.65,24380.25,24373.85,24379.85,0
2026-08-12 10:26:00,24379.05,24382.15,24378.65,24379.65,0
2026-08-12 10:27:00,24380.3,24380.3,24372.65,24372.65,0
2026-08-12 10:28:00,24375.15,24377.55,24369.95,24376.85,0
2026-08-12 10:29:00,24377.45,24377.45,24371.3,24371.5,0
2026-08-12 10:30:00,24374.65,24376.05,24370.2,24375.3,0
2026-08-12 10:31:00,24376.35,24382.75,24374.75,24380.8,0
2026-08-12 10:32:00,24383.25,24390.05,24380.1,24389.75,0
2026-08-12 10:33:00,24391.3,24398.55,24390.3,24398.55,0
2026-08-12 10:34:00,24399.2,24400.95,24392.6,24395.6,0
2026-08-12 10:35:00,24395.5,24395.95,24390.55,24394.9,0
2026-08-12 10:36:00,24395.45,24395.65,24386.25,24386.9,0
2026-08-12 10:37:00,24388.25,24392.1,24387.2,24389.45,0
2026-08-12 10:38:00,24390.35,24390.95,24384.65,24386.05,0
2026-08-12 10:39:00,24386.65,24387.35,24383.3,24386.55,0
2026-08-12 10:40:00,24387.05,24387.65,24382.35,24382.35,0
2026-08-12 10:41:00,24383.95,24385.15,24370.6,24379.15,0
2026-08-12 10:42:00,24380.55,24383.1,24376.0,24377.25,0
2026-08-12 10:43:00,24379.55,24380.45,24374.1,24379.35,0
2026-08-12 10:44:00,24380.45,24380.45,24371.9,24375.65,0
2026-08-12 10:45:00,24376.15,24376.15,24367.4,24370.45,0
2026-08-12 10:46:00,24371.1,24371.2,24366.6,24368.6,0
2026-08-12 10:47:00,24369.15,24369.65,24358.75,24358.75,0
2026-08-12 10:48:00,24360.0,24360.35,24352.8,24353.15,0
2026-08-12 10:49:00,24354.4,24357.6,24351.7,24357.25,0
2026-08-12 10:50:00,24358.75,24359.5,24356.55,24358.65,0
2026-08-12 10:51:00,24359.5,24361.2,24356.75,24359.75,0
2026-08-12 10:52:00,24360.95,24360.95,24356.45,24358.15,0
2026-08-12 10:53:00,24359.8,24360.75,24357.75,24358.2,0
2026-08-12 10:54:00,24360.2,24361.1,24357.15,24359.3,0
2026-08-12 10:55:00,24360.9,24361.8,24355.4,24355.4,0
2026-08-12 10:56:00,24356.55,24356.55,24346.15,24348.85,0
2026-08-12 10:57:00,24348.2,24352.6,24343.5,24344.2,0
2026-08-12 10:58:00,24348.1,24348.1,24309.35,24327.65,0
2026-08-12 10:59:00,24328.6,24330.75,24317.65,24318.65,0
2026-08-12 11:00:00,24321.25,24322.7,24313.15,24313.15,0
2026-08-12 11:01:00,24314.3,24314.3,24308.5,24311.1,0
2026-08-12 11:02:00,24312.4,24312.4,24301.1,24303.25,0
2026-08-12 11:03:00,24305.0,24305.0,24297.1,24297.55,0
2026-08-12 11:04:00,24298.6,24303.6,24297.45,24300.3,0
2026-08-12 11:05:00,24300.75,24300.75,24293.35,24296.75,0
2026-08-12 11:06:00,24299.05,24305.85,24295.55,24305.8,0
2026-08-12 11:07:00,24306.25,24310.2,24300.1,24304.35,0
2026-08-12 11:08:00,24305.0,24305.0,24296.65,24302.1,0
2026-08-12 11:09:00,24302.65,24308.35,24300.35,24305.6,0
2026-08-12 11:10:00,24307.35,24311.4,24304.85,24310.8,0
2026-08-12 11:11:00,24312.55,24317.15,24310.1,24315.45,0
2026-08-12 11:12:00,24316.2,24316.9,24294.4,24298.5,0
2026-08-12 11:13:00,24300.3,24303.7,24297.7,24300.95,0
2026-08-12 11:14:00,24301.8,24303.15,24299.15,24302.9,0
2026-08-12 11:15:00,24303.65,24307.2,24300.9,24306.75,0
2026-08-12 11:16:00,24307.6,24307.6,24303.5,24304.95,0
2026-08-12 11:17:00,24305.45,24306.3,24299.0,24301.8,0
2026-08-12 11:18:00,24302.7,24305.05,24300.45,24303.8,0
2026-08-12 11:19:00,24305.7,24308.5,24303.7,24307.05,0
2026-08-12 11:20:00,24308.4,24309.5,24304.65,24309.15,0
2026-08-12 11:21:00,24310.25,24310.25,24305.75,24307.25,0
2026-08-12 11:22:00,24307.55,24311.0,24304.1,24308.7,0
2026-08-12 11:23:00,24310.2,24318.8,24307.9,24317.3,0
2026-08-12 11:24:00,24318.35,24318.55,24303.3,24305.3,0
2026-08-12 11:25:00,24305.25,24307.9,24300.5,24302.1,0
2026-08-12 11:26:00,24306.4,24308.95,24301.45,24305.0,0
2026-08-12 11:27:00,24306.7,24306.7,24298.35,24299.7,0
2026-08-12 11:28:00,24301.25,24302.5,24293.1,24300.7,0
2026-08-12 11:29:00,24302.8,24304.2,24296.35,24297.05,0
2026-08-12 11:30:00,24297.55,24297.6,24286.1,24289.45,0
2026-08-12 11:31:00,24290.45,24292.7,24287.0,24292.5,0
2026-08-12 11:32:00,24294.05,24297.55,24290.45,24294.35,0
2026-08-12 11:33:00,24295.1,24297.15,24290.9,24293.6,0
2026-08-12 11:34:00,24295.2,24304.7,24291.85,24302.35,0
2026-08-12 11:35:00,24302.85,24303.0,24294.35,24296.05,0
2026-08-12 11:36:00,24297.15,24298.45,24293.5,24295.4,0
2026-08-12 11:37:00,24295.9,24296.1,24292.2,24293.85,0
2026-08-12 11:38:00,24294.95,24294.95,24290.1,24290.85,0
2026-08-12 11:39:00,24291.9,24291.9,24284.25,24285.95,0
2026-08-12 11:40:00,24288.15,24288.15,24278.25,24281.05,0
2026-08-12 11:41:00,24281.55,24285.25,24280.1,24283.85,0
2026-08-12 11:42:00,24285.4,24291.05,24283.55,24284.15,0
2026-08-12 11:43:00,24284.4,24287.35,24283.0,24285.6,0
2026-08-12 11:44:00,24287.25,24297.2,24286.75,24294.2,0
2026-08-12 11:45:00,24295.45,24298.05,24291.45,24294.8,0
2026-08-12 11:46:00,24295.15,24297.55,24293.35,24293.9,0
2026-08-12 11:47:00,24295.2,24295.85,24286.6,24289.25,0
2026-08-12 11:48:00,24291.4,24291.4,24286.75,24290.5,0
2026-08-12 11:49:00,24292.35,24294.4,24290.2,24290.6,0
2026-08-12 11:50:00,24292.15,24292.4,24285.25,24286.25,0
2026-08-12 11:51:00,24287.85,24289.3,24285.75,24286.9,0
2026-08-12 11:52:00,24288.5,24289.5,24284.3,24285.15,0
2026-08-12 11:53:00,24288.15,24289.2,24282.6,24283.65,0
2026-08-12 11:54:00,24284.95,24289.0,24281.5,24282.1,0
2026-08-12 11:55:00,24283.4,24283.4,24271.05,24280.7,0
2026-08-12 11:56:00,24281.05,24284.4,24279.15,24284.15,0
2026-08-12 11:57:00,24284.65,24285.1,24281.0,24281.85,0
2026-08-12 11:58:00,24283.35,24283.35,24277.45,24278.1,0
2026-08-12 11:59:00,24279.55,24285.35,24276.2,24279.65,0
2026-08-12 12:00:00,24280.65,24280.75,24277.15,24278.85,0
2026-08-12 12:01:00,24280.05,24282.25,24278.55,24278.9,0
2026-08-12 12:02:00,24279.05,24279.65,24275.25,24277.25,0
2026-08-12 12:03:00,24279.25,24279.25,24274.55,24276.15,0
2026-08-12 12:04:00,24277.9,24279.1,24271.45,24272.55,0
2026-08-12 12:05:00,24273.4,24276.9,24270.55,24276.35,0
2026-08-12 12:06:00,24278.35,24279.95,24275.6,24278.45,0
2026-08-12 12:07:00,24280.2,24281.75,24274.8,24274.8,0
2026-08-12 12:08:00,24276.65,24279.7,24274.05,24275.3,0
2026-08-12 12:09:00,24277.45,24277.45,24271.55,24272.7,0
2026-08-12 12:10:00,24273.3,24274.3,24269.7,24270.35,0
2026-08-12 12:11:00,24271.45,24275.65,24269.65,24272.0,0
2026-08-12 12:12:00,24274.75,24275.15,24271.05,24271.95,0
2026-08-12 12:13:00,24273.6,24273.6,24265.95,24267.85,0
2026-08-12 12:14:00,24270.45,24270.45,24266.2,24267.1,0
2026-08-12 12:15:00,24268.9,24278.55,24266.4,24273.1,0
2026-08-12 12:16:00,24274.9,24277.75,24272.4,24274.8,0
2026-08-12 12:17:00,24276.65,24278.05,24273.55,24277.15,0
2026-08-12 12:18:00,24278.1,24280.1,24274.8,24278.1,0
2026-08-12 12:19:00,24279.95,24280.05,24276.25,24277.45,0
2026-08-12 12:20:00,24278.05,24278.4,24274.75,24275.55,0
2026-08-12 12:21:00,24276.15,24276.6,24273.9,24275.25,0
2026-08-12 12:22:00,24276.1,24277.35,24273.0,24273.45,0
2026-08-12 12:23:00,24274.55,24278.8,24272.35,24274.35,0
2026-08-12 12:24:00,24275.3,24277.5,24271.65,24274.6,0
2026-08-12 12:25:00,24275.0,24278.35,24272.25,24275.45,0
2026-08-12 12:26:00,24276.55,24278.4,24275.55,24277.6,0
2026-08-12 12:27:00,24279.45,24279.45,24274.15,24276.35,0
2026-08-12 12:28:00,24277.1,24279.2,24275.55,24279.2,0
2026-08-12 12:29:00,24279.5,24282.8,24278.05,24282.1,0
2026-08-12 12:30:00,24282.7,24283.65,24278.6,24278.95,0
2026-08-12 12:31:00,24279.6,24281.3,24275.25,24280.7,0
2026-08-12 12:32:00,24281.5,24282.55,24276.1,24281.25,0
2026-08-12 12:33:00,24283.25,24287.8,24280.95,24287.35,0
2026-08-12 12:34:00,24288.7,24292.75,24287.35,24288.7,0
2026-08-12 12:35:00,24289.5,24290.85,24287.05,24287.3,0
2026-08-12 12:36:00,24289.15,24290.0,24285.6,24286.75,0
2026-08-12 12:37:00,24288.15,24288.4,24284.7,24284.7,0
2026-08-12 12:38:00,24286.5,24288.15,24284.15,24286.65,0
2026-08-12 12:39:00,24287.25,24289.75,24285.5,24289.45,0
2026-08-12 12:40:00,24289.95,24292.95,24288.8,24292.05,0
2026-08-12 12:41:00,24292.35,24299.85,24290.3,24297.65,0
2026-08-12 12:42:00,24299.15,24303.2,24293.9,24293.9,0
2026-08-12 12:43:00,24295.75,24295.75,24280.4,24282.8,0
2026-08-12 12:44:00,24284.15,24285.85,24281.4,24283.2,0
2026-08-12 12:45:00,24284.65,24287.15,24281.25,24281.3,0
2026-08-12 12:46:00,24282.1,24283.7,24276.3,24276.9,0
2026-08-12 12:47:00,24278.95,24285.45,24275.65,24284.25,0
2026-08-12 12:48:00,24284.95,24288.55,24282.5,24286.75,0
2026-08-12 12:49:00,24288.35,24288.35,24281.65,24283.3,0
2026-08-12 12:50:00,24283.6,24284.2,24280.5,24283.65,0
2026-08-12 12:51:00,24284.8,24289.7,24283.4,24288.35,0
2026-08-12 12:52:00,24289.75,24289.75,24284.85,24286.45,0
2026-08-12 12:53:00,24287.3,24287.55,24282.4,24283.4,0
2026-08-12 12:54:00,24284.9,24285.35,24274.9,24275.15,0
2026-08-12 12:55:00,24276.15,24276.8,24271.35,24272.8,0
2026-08-12 12:56:00,24273.65,24275.0,24270.8,24274.25,0
2026-08-12 12:57:00,24274.5,24274.65,24270.15,24271.9,0
2026-08-12 12:58:00,24272.55,24274.65,24270.15,24273.9,0
2026-08-12 12:59:00,24273.35,24276.85,24272.0,24276.55,0
2026-08-12 13:00:00,24276.6,24279.95,24272.9,24278.0,0
2026-08-12 13:01:00,24279.3,24281.75,24275.85,24280.45,0
2026-08-12 13:02:00,24281.45,24284.9,24280.1,24283.5,0
2026-08-12 13:03:00,24284.25,24285.5,24282.4,24284.85,0
2026-08-12 13:04:00,24285.4,24286.6,24280.8,24280.8,0
2026-08-12 13:05:00,24282.05,24282.1,24278.75,24279.8,0
2026-08-12 13:06:00,24280.75,24282.45,24279.95,24280.15,0
2026-08-12 13:07:00,24281.4,24282.7,24278.4,24280.95,0
2026-08-12 13:08:00,24281.25,24282.1,24279.0,24279.35,0
2026-08-12 13:09:00,24280.35,24281.65,24277.75,24280.95,0
2026-08-12 13:10:00,24282.0,24282.2,24279.3,24280.15,0
2026-08-12 13:11:00,24280.75,24282.8,24278.95,24281.4,0
2026-08-12 13:12:00,24282.05,24282.35,24278.95,24280.85,0
2026-08-12 13:13:00,24282.15,24283.0,24279.9,24281.6,0
2026-08-12 13:14:00,24282.8,24288.4,24281.75,24288.25,0
2026-08-12 13:15:00,24288.35,24288.7,24284.4,24286.95,0
2026-08-12 13:16:00,24288.25,24293.3,24285.9,24293.05,0
2026-08-12 13:17:00,24293.7,24295.8,24291.55,24292.95,0
2026-08-12 13:18:00,24294.1,24298.65,24292.4,24298.15,0
2026-08-12 13:19:00,24299.4,24300.7,24295.95,24295.95,0
2026-08-12 13:20:00,24296.8,24297.2,24291.6,24294.95,0
2026-08-12 13:21:00,24296.05,24296.05,24292.05,24292.35,0
2026-08-12 13:22:00,24293.65,24295.2,24292.0,24294.6,0
2026-08-12 13:23:00,24294.9,24294.95,24292.6,24294.1,0
2026-08-12 13:24:00,24294.2,24298.05,24294.15,24296.15,0
2026-08-12 13:25:00,24296.4,24298.2,24287.05,24295.05,0
2026-08-12 13:26:00,24296.1,24296.3,24291.85,24292.25,0
2026-08-12 13:27:00,24293.6,24294.35,24286.5,24288.0,0
2026-08-12 13:28:00,24288.25,24292.5,24282.0,24288.8,0
2026-08-12 13:29:00,24291.1,24294.0,24286.75,24292.85,0
2026-08-12 13:30:00,24294.3,24298.4,24293.1,24297.15,0
2026-08-12 13:31:00,24298.6,24298.6,24291.85,24294.7,0
2026-08-12 13:32:00,24297.95,24298.35,24292.1,24294.3,0
2026-08-12 13:33:00,24296.45,24296.45,24291.65,24293.8,0
2026-08-12 13:34:00,24294.85,24295.8,24290.65,24293.5,0
2026-08-12 13:35:00,24294.8,24299.1,24293.05,24297.4,0
2026-08-12 13:36:00,24298.6,24301.45,24296.75,24299.05,0
2026-08-12 13:37:00,24300.95,24300.95,24295.15,24295.8,0
2026-08-12 13:38:00,24295.45,24295.45,24288.65,24289.15,0
2026-08-12 13:39:00,24291.0,24294.0,24288.9,24294.0,0
2026-08-12 13:40:00,24295.4,24298.75,24294.35,24296.45,0
2026-08-12 13:41:00,24299.5,24299.5,24289.75,24289.75,0
2026-08-12 13:42:00,24291.55,24291.7,24288.0,24289.15,0
2026-08-12 13:43:00,24290.8,24290.85,24286.05,24289.0,0
2026-08-12 13:44:00,24290.95,24290.95,24285.55,24289.7,0
2026-08-12 13:45:00,24290.15,24292.4,24285.85,24287.25,0
2026-08-12 13:46:00,24289.1,24289.1,24286.1,24286.15,0
2026-08-12 13:47:00,24288.2,24288.2,24284.15,24285.85,0
2026-08-12 13:48:00,24287.15,24287.15,24283.4,24284.15,0
2026-08-12 13:49:00,24285.4,24291.05,24283.9,24289.95,0
2026-08-12 13:50:00,24289.85,24292.05,24286.6,24287.8,0
2026-08-12 13:51:00,24288.65,24290.3,24287.2,24288.7,0
2026-08-12 13:52:00,24290.0,24290.2,24287.15,24288.9,0
2026-08-12 13:53:00,24290.1,24290.8,24287.25,24287.8,0
2026-08-12 13:54:00,24289.1,24290.1,24285.25,24286.65,0
2026-08-12 13:55:00,24287.25,24290.2,24286.85,24287.45,0
2026-08-12 13:56:00,24288.9,24288.9,24284.6,24285.0,0
2026-08-12 13:57:00,24286.3,24286.3,24281.15,24281.45,0
2026-08-12 13:58:00,24282.5,24283.1,24280.0,24282.35,0
2026-08-12 13:59:00,24283.25,24287.55,24281.35,24286.4,0
2026-08-12 14:00:00,24286.25,24288.9,24284.05,24286.5,0
2026-08-12 14:01:00,24287.65,24287.65,24282.65,24283.7,0
2026-08-12 14:02:00,24284.8,24287.0,24281.35,24282.0,0
2026-08-12 14:03:00,24283.4,24285.8,24281.35,24283.3,0
2026-08-12 14:04:00,24284.95,24285.5,24276.85,24278.7,0
2026-08-12 14:05:00,24280.2,24283.05,24278.6,24279.65,0
2026-08-12 14:06:00,24281.65,24282.9,24279.55,24281.55,0
2026-08-12 14:07:00,24282.5,24282.8,24279.4,24282.35,0
2026-08-12 14:08:00,24282.85,24284.7,24281.0,24282.0,0
2026-08-12 14:09:00,24283.6,24286.1,24281.25,24284.35,0
2026-08-12 14:10:00,24285.65,24287.95,24281.9,24283.8,0
2026-08-12 14:11:00,24285.35,24285.35,24277.45,24280.15,0
2026-08-12 14:12:00,24280.95,24282.35,24278.85,24280.55,0
2026-08-12 14:13:00,24282.1,24282.1,24276.9,24278.45,0
2026-08-12 14:14:00,24279.7,24280.2,24275.4,24278.2,0
2026-08-12 14:15:00,24279.35,24283.85,24277.45,24283.3,0
2026-08-12 14:16:00,24284.6,24288.9,24281.95,24288.75,0
2026-08-12 14:17:00,24289.4,24290.7,24287.2,24289.45,0
2026-08-12 14:18:00,24291.05,24291.25,24286.55,24287.25,0
2026-08-12 14:19:00,24288.65,24291.05,24286.05,24289.65,0
2026-08-12 14:20:00,24291.0,24292.95,24287.4,24288.85,0
2026-08-12 14:21:00,24289.85,24292.4,24287.5,24290.0,0
2026-08-12 14:22:00,24291.3,24292.85,24288.3,24290.0,0
2026-08-12 14:23:00,24291.55,24294.6,24290.7,24294.05,0
2026-08-12 14:24:00,24295.1,24296.0,24290.25,24290.3,0
2026-08-12 14:25:00,24293.15,24295.65,24290.85,24293.9,0
2026-08-12 14:26:00,24295.55,24296.6,24293.3,24296.2,0
2026-08-12 14:27:00,24297.9,24299.4,24294.2,24296.3,0
2026-08-12 14:28:00,24298.7,24298.75,24291.15,24294.1,0
2026-08-12 14:29:00,24295.05,24300.7,24293.15,24298.55,0
2026-08-12 14:30:00,24299.65,24309.5,24297.75,24305.75,0
2026-08-12 14:31:00,24307.25,24312.55,24298.85,24306.35,0
2026-08-12 14:32:00,24307.4,24327.25,24302.6,24326.55,0
2026-08-12 14:33:00,24326.8,24331.3,24324.35,24329.35,0
2026-08-12 14:34:00,24330.3,24330.3,24321.35,24321.6,0
2026-08-12 14:35:00,24322.9,24325.8,24318.55,24318.65,0
2026-08-12 14:36:00,24320.9,24322.75,24314.75,24318.15,0
2026-08-12 14:37:00,24319.95,24320.05,24312.55,24313.95,0
2026-08-12 14:38:00,24315.65,24320.75,24313.6,24318.65,0
2026-08-12 14:39:00,24318.35,24320.9,24315.7,24315.8,0
2026-08-12 14:40:00,24318.1,24318.8,24314.3,24317.75,0
2026-08-12 14:41:00,24319.15,24322.05,24317.35,24321.2,0
2026-08-12 14:42:00,24323.45,24328.5,24320.15,24327.65,0
2026-08-12 14:43:00,24328.25,24334.7,24323.85,24324.65,0
2026-08-12 14:44:00,24327.0,24329.65,24320.85,24326.0,0
2026-08-12 14:45:00,24327.95,24332.15,24324.15,24324.6,0
2026-08-12 14:46:00,24326.6,24332.6,24323.4,24332.6,0
2026-08-12 14:47:00,24332.2,24333.2,24326.5,24328.65,0
2026-08-12 14:48:00,24329.05,24331.15,24323.5,24324.15,0
2026-08-12 14:49:00,24325.65,24325.85,24316.75,24322.2,0
2026-08-12 14:50:00,24324.0,24329.5,24323.25,24326.75,0
2026-08-12 14:51:00,24327.4,24328.5,24319.3,24320.5,0
2026-08-12 14:52:00,24321.6,24334.0,24320.35,24333.7,0
2026-08-12 14:53:00,24335.45,24342.95,24333.25,24342.95,0
2026-08-12 14:54:00,24343.45,24374.6,24343.0,24374.6,0
2026-08-12 14:55:00,24375.1,24384.9,24366.05,24367.4,0
2026-08-12 14:56:00,24369.4,24369.4,24354.2,24355.65,0
2026-08-12 14:57:00,24356.4,24365.5,24353.6,24365.15,0
2026-08-12 14:58:00,24366.4,24367.45,24359.05,24362.4,0
2026-08-12 14:59:00,24363.45,24371.15,24363.2,24371.15,0
2026-08-12 15:00:00,24371.45,24372.3,24365.1,24366.35,0
2026-08-12 15:01:00,24365.2,24372.45,24365.15,24371.25,0
2026-08-12 15:02:00,24370.55,24375.45,24367.3,24368.85,0
2026-08-12 15:03:00,24368.3,24371.45,24361.4,24364.65,0
2026-08-12 15:04:00,24364.6,24365.5,24361.8,24363.7,0
2026-08-12 15:05:00,24363.4,24364.2,24356.5,24358.9,0
2026-08-12 15:06:00,24357.6,24361.65,24351.6,24351.6,0
2026-08-12 15:07:00,24350.7,24353.95,24349.05,24351.3,0
2026-08-12 15:08:00,24351.8,24352.5,24345.65,24347.1,0
2026-08-12 15:09:00,24345.7,24356.5,24341.8,24356.5,0
2026-08-12 15:10:00,24355.0,24358.4,24350.8,24356.05,0
2026-08-12 15:11:00,24356.25,24369.5,24355.7,24368.7,0
2026-08-12 15:12:00,24367.9,24375.55,24364.2,24366.1,0
2026-08-12 15:13:00,24365.6,24373.35,24364.2,24367.35,0
2026-08-12 15:14:00,24367.45,24374.65,24361.7,24361.7,0
2026-08-12 15:28:00,24435.95,24435.95,24435.95,24435.95,0
2026-08-13 09:15:00,24431.6,24431.6,24350.1,24361.25,0
2026-08-13 09:16:00,24363.25,24371.65,24347.8,24354.65,0
2026-08-13 09:17:00,24355.65,24355.65,24335.25,24345.0,0
2026-08-13 09:18:00,24345.4,24345.5,24337.2,24342.7,0
2026-08-13 09:19:00,24344.95,24348.65,24340.7,24342.55,0
2026-08-13 09:20:00,24344.9,24348.2,24339.7,24346.95,0
2026-08-13 09:21:00,24348.4,24358.55,24346.45,24346.95,0
2026-08-13 09:22:00,24349.9,24353.1,24342.35,24351.5,0
2026-08-13 09:23:00,24354.8,24354.8,24341.85,24344.9,0
2026-08-13 09:24:00,24347.55,24350.1,24340.55,24348.2,0
2026-08-13 09:25:00,24351.15,24352.3,24342.5,24347.55,0
2026-08-13 09:26:00,24349.55,24349.55,24337.3,24338.3,0
2026-08-13 09:27:00,24341.6,24341.6,24330.35,24331.9,0
2026-08-13 09:28:00,24333.25,24334.4,24327.35,24329.55,0
2026-08-13 09:29:00,24332.15,24340.1,24326.1,24339.15,0
2026-08-13 09:30:00,24342.05,24344.15,24326.95,24327.3,0
2026-08-13 09:31:00,24329.9,24333.4,24324.8,24327.2,0
2026-08-13 09:32:00,24328.05,24328.05,24319.4,24324.9,0
2026-08-13 09:33:00,24326.6,24327.1,24317.3,24318.0,0
2026-08-13 09:34:00,24319.35,24325.75,24316.3,24324.35,0
2026-08-13 09:35:00,24326.25,24328.3,24322.6,24328.0,0
2026-08-13 09:36:00,24328.75,24330.95,24325.55,24325.8,0
2026-08-13 09:37:00,24327.2,24329.0,24324.2,24325.85,0
2026-08-13 09:38:00,24327.4,24336.15,24325.4,24335.75,0
2026-08-13 09:39:00,24338.05,24342.0,24335.65,24339.65,0
2026-08-13 09:40:00,24341.95,24345.85,24335.8,24341.5,0
2026-08-13 09:41:00,24343.1,24344.9,24338.85,24339.6,0
2026-08-13 09:42:00,24340.65,24342.65,24337.1,24340.3,0
2026-08-13 09:43:00,24342.35,24350.85,24339.45,24348.05,0
2026-08-13 09:44:00,24349.45,24350.95,24344.5,24346.35,0
2026-08-13 09:45:00,24347.5,24348.3,24342.55,24347.55,0
2026-08-13 09:46:00,24350.1,24351.9,24341.4,24341.4,0
2026-08-13 09:47:00,24342.6,24342.6,24336.65,24339.05,0
2026-08-13 09:48:00,24341.0,24355.3,24339.4,24352.3,0
2026-08-13 09:49:00,24354.55,24354.55,24346.6,24349.55,0
2026-08-13 09:50:00,24350.85,24356.65,24349.3,24350.2,0
2026-08-13 09:51:00,24351.6,24354.4,24347.7,24349.75,0
2026-08-13 09:52:00,24350.85,24350.85,24337.55,24338.05,0
2026-08-13 09:53:00,24338.8,24349.75,24338.1,24348.25,0
2026-08-13 09:54:00,24351.2,24356.0,24348.7,24354.45,0
2026-08-13 09:55:00,24355.9,24355.9,24350.85,24353.95,0
2026-08-13 09:56:00,24355.7,24356.2,24349.9,24353.05,0
2026-08-13 09:57:00,24353.95,24353.95,24346.55,24348.7,0
2026-08-13 09:58:00,24349.25,24351.4,24344.8,24351.0,0
2026-08-13 09:59:00,24351.8,24352.7,24347.9,24351.55,0
2026-08-13 10:00:00,24352.0,24353.15,24345.95,24346.25,0
2026-08-13 10:01:00,24347.45,24350.55,24343.8,24350.15,0
2026-08-13 10:02:00,24350.25,24353.45,24346.1,24347.35,0
2026-08-13 10:03:00,24348.85,24354.55,24346.05,24346.65,0
2026-08-13 10:04:00,24347.7,24348.5,24342.35,24342.8,0
2026-08-13 10:05:00,24345.6,24351.25,24340.6,24350.45,0
2026-08-13 10:06:00,24350.95,24352.6,24345.6,24352.35,0
2026-08-13 10:07:00,24353.35,24353.35,24343.05,24344.45,0
2026-08-13 10:08:00,24346.05,24346.05,24341.05,24343.8,0
2026-08-13 10:09:00,24343.5,24344.3,24336.95,24337.2,0
2026-08-13 10:10:00,24338.95,24340.95,24335.3,24336.65,0
2026-08-13 10:11:00,24338.2,24338.2,24330.3,24332.4,0
2026-08-13 10:12:00,24335.75,24341.05,24331.8,24341.05,0
2026-08-13 10:13:00,24342.45,24350.3,24341.25,24347.55,0
2026-08-13 10:14:00,24347.7,24349.3,24343.55,24343.55,0
2026-08-13 10:15:00,24346.25,24346.25,24339.55,24340.35,0
2026-08-13 10:16:00,24341.7,24341.7,24334.1,24338.2,0
2026-08-13 10:17:00,24339.3,24339.3,24331.65,24333.45,0
2026-08-13 10:18:00,24335.7,24339.3,24333.4,24338.65,0
2026-08-13 10:19:00,24340.4,24342.55,24335.5,24336.6,0
2026-08-13 10:20:00,24338.35,24340.25,24332.45,24334.05,0
2026-08-13 10:21:00,24334.35,24338.1,24332.15,24337.6,0
2026-08-13 10:22:00,24337.95,24338.25,24332.75,24336.35,0
2026-08-13 10:23:00,24336.65,24336.8,24327.55,24328.0,0
2026-08-13 10:24:00,24330.05,24334.25,24328.1,24329.15,0
2026-08-13 10:25:00,24330.9,24330.9,24325.8,24327.15,0
2026-08-13 10:26:00,24328.4,24331.85,24326.35,24331.4,0
2026-08-13 10:27:00,24332.6,24332.6,24326.6,24328.9,0
2026-08-13 10:28:00,24329.65,24329.65,24326.0,24327.05,0
2026-08-13 10:29:00,24328.15,24328.15,24318.2,24319.15,0
2026-08-13 10:30:00,24320.4,24320.4,24311.4,24313.0,0
2026-08-13 10:31:00,24312.6,24318.05,24312.5,24314.7,0
2026-08-13 10:32:00,24316.85,24323.0,24313.8,24320.45,0
2026-08-13 10:33:00,24324.55,24325.0,24318.55,24319.2,0
2026-08-13 10:34:00,24320.35,24322.75,24317.75,24322.05,0
2026-08-13 10:35:00,24322.5,24326.25,24319.75,24325.25,0
2026-08-13 10:36:00,24324.7,24325.2,24318.25,24325.05,0
2026-08-13 10:37:00,24326.35,24329.8,24324.85,24327.15,0
2026-08-13 10:38:00,24330.35,24330.35,24324.1,24326.55,0
2026-08-13 10:39:00,24327.9,24328.65,24325.35,24327.1,0
2026-08-13 10:40:00,24328.15,24330.0,24325.75,24326.85,0
2026-08-13 10:41:00,24329.25,24330.8,24324.75,24329.3,0
2026-08-13 10:42:00,24330.55,24330.75,24328.25,24329.65,0
2026-08-13 10:43:00,24330.55,24331.7,24327.15,24329.15,0
2026-08-13 10:44:00,24330.1,24332.8,24327.9,24330.8,0
2026-08-13 10:45:00,24331.1,24331.55,24326.7,24329.7,0
2026-08-13 10:46:00,24330.85,24332.75,24328.15,24330.75,0
2026-08-13 10:47:00,24332.5,24335.9,24330.0,24335.9,0
2026-08-13 10:48:00,24337.05,24339.7,24332.65,24338.7,0
2026-08-13 10:49:00,24341.45,24341.7,24337.1,24339.65,0
2026-08-13 10:50:00,24340.35,24342.7,24338.65,24342.6,0
2026-08-13 10:51:00,24344.0,24345.75,24341.2,24345.75,0
2026-08-13 10:52:00,24346.4,24348.65,24342.45,24343.5,0
2026-08-13 10:53:00,24346.75,24347.5,24343.25,24343.25,0
2026-08-13 10:54:00,24344.45,24347.6,24339.1,24339.45,0
2026-08-13 10:55:00,24342.2,24344.8,24340.4,24342.9,0
2026-08-13 10:56:00,24344.7,24345.1,24340.55,24341.15,0
2026-08-13 10:57:00,24343.2,24343.75,24338.7,24340.85,0
2026-08-13 10:58:00,24341.7,24342.7,24337.3,24337.7,0
2026-08-13 10:59:00,24338.9,24339.65,24336.25,24338.25,0
2026-08-13 11:00:00,24339.85,24339.95,24334.2,24338.35,0
2026-08-13 11:01:00,24340.0,24340.0,24330.1,24330.1,0
2026-08-13 11:02:00,24332.75,24333.4,24326.0,24327.8,0
2026-08-13 11:03:00,24328.4,24330.25,24325.75,24327.6,0
2026-08-13 11:04:00,24328.8,24328.8,24322.1,24325.8,0
2026-08-13 11:05:00,24325.55,24325.6,24320.5,24322.75,0
2026-08-13 11:06:00,24323.8,24324.6,24320.35,24320.45,0
2026-08-13 11:07:00,24321.95,24321.95,24314.3,24317.05,0
2026-08-13 11:08:00,24318.7,24320.85,24317.25,24319.5,0
2026-08-13 11:09:00,24320.7,24325.25,24319.4,24324.5,0
2026-08-13 11:10:00,24325.9,24329.1,24324.75,24325.55,0
2026-08-13 11:11:00,24327.65,24327.65,24323.7,24323.7,0
2026-08-13 11:12:00,24325.2,24325.2,24321.1,24323.25,0
2026-08-13 11:13:00,24324.8,24325.45,24320.2,24320.2,0
2026-08-13 11:14:00,24322.25,24322.25,24316.95,24319.05,0
2026-08-13 11:15:00,24319.85,24322.3,24317.8,24322.1,0
2026-08-13 11:16:00,24322.95,24323.9,24317.95,24318.5,0
2026-08-13 11:17:00,24320.5,24322.9,24318.25,24320.45,0
2026-08-13 11:18:00,24321.3,24324.0,24319.95,24323.2,0
2026-08-13 11:19:00,24324.55,24326.5,24322.9,24324.65,0
2026-08-13 11:20:00,24326.0,24326.0,24322.15,24324.2,0
2026-08-13 11:21:00,24325.4,24325.4,24320.2,24321.6,0
2026-08-13 11:22:00,24324.05,24328.45,24322.25,24328.45,0
2026-08-13 11:23:00,24329.6,24330.8,24325.9,24325.9,0
2026-08-13 11:24:00,24328.3,24328.3,24323.5,24327.25,0
2026-08-13 11:25:00,24327.1,24334.45,24326.2,24331.9,0
2026-08-13 11:26:00,24333.05,24333.8,24329.85,24331.95,0
2026-08-13 11:27:00,24333.1,24339.6,24331.25,24335.85,0
2026-08-13 11:28:00,24336.65,24337.2,24333.9,24336.1,0
2026-08-13 11:29:00,24336.6,24339.6,24333.75,24338.8,0
2026-08-13 11:30:00,24339.95,24344.0,24338.1,24343.1,0
2026-08-13 11:31:00,24343.75,24346.7,24341.6,24346.5,0
2026-08-13 11:32:00,24348.05,24348.1,24343.25,24344.2,0
2026-08-13 11:33:00,24345.35,24347.5,24342.95,24347.05,0
2026-08-13 11:34:00,24348.25,24348.25,24344.75,24345.45,0
2026-08-13 11:35:00,24346.75,24348.5,24344.85,24346.3,0
2026-08-13 11:36:00,24347.5,24353.65,24344.15,24352.6,0
2026-08-13 11:37:00,24353.55,24355.5,24351.7,24352.1,0
2026-08-13 11:38:00,24353.85,24356.5,24352.3,24353.7,0
2026-08-13 11:39:00,24354.65,24359.85,24353.25,24358.5,0
2026-08-13 11:40:00,24360.2,24363.35,24354.25,24355.7,0
2026-08-13 11:41:00,24356.75,24357.1,24350.55,24351.15,0
2026-08-13 11:42:00,24352.4,24352.4,24347.45,24348.7,0
2026-08-13 11:43:00,24350.0,24351.5,24347.45,24349.25,0
2026-08-13 11:44:00,24351.2,24353.85,24348.3,24350.05,0
2026-08-13 11:45:00,24350.65,24352.6,24347.65,24349.1,0
2026-08-13 11:46:00,24350.0,24350.1,24346.85,24347.65,0
2026-08-13 11:47:00,24349.7,24355.05,24348.3,24352.45,0
2026-08-13 11:48:00,24353.9,24356.05,24352.4,24353.8,0
2026-08-13 11:49:00,24355.9,24358.2,24353.85,24357.2,0
2026-08-13 11:50:00,24359.0,24359.75,24355.95,24356.3,0
2026-08-13 11:51:00,24358.2,24360.3,24355.25,24359.75,0
2026-08-13 11:52:00,24360.15,24362.5,24357.35,24360.45,0
2026-08-13 11:53:00,24361.7,24362.1,24358.25,24360.6,0
2026-08-13 11:54:00,24361.9,24361.9,24356.1,24357.45,0
2026-08-13 11:55:00,24358.8,24359.3,24355.7,24357.95,0
2026-08-13 11:56:00,24360.15,24364.1,24356.3,24361.95,0
2026-08-13 11:57:00,24364.3,24371.2,24361.3,24371.2,0
2026-08-13 11:58:00,24372.85,24377.15,24370.35,24376.85,0
2026-08-13 11:59:00,24378.2,24386.8,24375.45,24386.45,0
2026-08-13 12:00:00,24387.6,24407.65,24386.3,24403.4,0
2026-08-13 12:01:00,24404.25,24404.25,24399.15,24401.75,0
2026-08-13 12:02:00,24403.3,24406.55,24398.55,24406.0,0
2026-08-13 12:03:00,24407.85,24414.75,24404.15,24412.95,0
2026-08-13 12:04:00,24414.9,24414.9,24407.3,24407.55,0
2026-08-13 12:05:00,24409.1,24413.8,24407.55,24411.3,0
2026-08-13 12:06:00,24413.1,24413.1,24406.95,24408.1,0
2026-08-13 12:07:00,24409.55,24409.9,24401.95,24408.15,0
2026-08-13 12:08:00,24410.4,24410.4,24405.8,24406.45,0
2026-08-13 12:09:00,24407.85,24408.7,24402.1,24402.85,0
2026-08-13 12:10:00,24404.8,24406.45,24401.3,24402.55,0
2026-08-13 12:11:00,24403.65,24403.65,24395.4,24396.05,0
2026-08-13 12:12:00,24399.7,24399.7,24392.0,24392.05,0
2026-08-13 12:13:00,24394.15,24396.1,24391.8,24395.25,0
2026-08-13 12:14:00,24396.3,24397.2,24394.15,24395.65,0
2026-08-13 12:15:00,24397.4,24399.15,24390.4,24395.6,0
2026-08-13 12:16:00,24397.1,24399.05,24394.1,24395.85,0
2026-08-13 12:17:00,24396.8,24398.3,24390.9,24391.7,0
2026-08-13 12:18:00,24394.0,24394.0,24390.65,24393.0,0
2026-08-13 12:19:00,24394.55,24395.55,24390.5,24392.15,0
2026-08-13 12:20:00,24393.2,24393.45,24389.75,24391.4,0
2026-08-13 12:21:00,24393.75,24393.75,24389.4,24389.6,0
2026-08-13 12:22:00,24392.25,24393.25,24388.25,24392.3,0
2026-08-13 12:23:00,24393.75,24398.15,24391.8,24397.25,0
2026-08-13 12:24:00,24398.25,24402.0,24395.8,24399.2,0
2026-08-13 12:25:00,24401.1,24403.55,24397.5,24401.85,0
2026-08-13 12:26:00,24402.7,24402.8,24398.15,24398.15,0
2026-08-13 12:27:00,24399.2,24400.0,24394.95,24396.05,0
2026-08-13 12:28:00,24397.25,24399.0,24391.5,24392.5,0
2026-08-13 12:29:00,24394.1,24394.8,24391.05,24393.35,0
2026-08-13 12:30:00,24395.8,24398.95,24392.3,24394.5,0
2026-08-13 12:31:00,24396.55,24396.55,24391.9,24394.3,0
2026-08-13 12:32:00,24396.3,24396.75,24391.65,24394.75,0
2026-08-13 12:33:00,24396.25,24396.55,24393.35,24395.6,0
2026-08-13 12:34:00,24396.85,24399.55,24394.05,24398.6,0
2026-08-13 12:35:00,24399.75,24400.0,24396.85,24397.75,0
2026-08-13 12:36:00,24399.55,24400.2,24395.35,24396.65,0
2026-08-13 12:37:00,24398.9,24398.9,24391.6,24391.8,0
2026-08-13 12:38:00,24393.45,24393.45,24385.6,24388.6,0
2026-08-13 12:39:00,24389.3,24391.4,24385.65,24390.4,0
2026-08-13 12:40:00,24391.6,24397.4,24390.55,24396.8,0
2026-08-13 12:41:00,24398.15,24401.25,24395.8,24395.8,0
2026-08-13 12:42:00,24396.05,24397.55,24393.4,24393.9,0
2026-08-13 12:43:00,24394.9,24394.9,24389.15,24391.2,0
2026-08-13 12:44:00,24392.3,24396.1,24390.3,24391.7,0
2026-08-13 12:45:00,24393.55,24393.55,24388.25,24390.15,0
2026-08-13 12:46:00,24392.25,24392.25,24383.5,24384.5,0
2026-08-13 12:47:00,24386.1,24386.1,24378.5,24379.95,0
2026-08-13 12:48:00,24380.6,24382.65,24375.65,24376.6,0
2026-08-13 12:49:00,24379.0,24379.0,24372.15,24372.4,0
2026-08-13 12:50:00,24373.85,24373.85,24368.55,24369.8,0
2026-08-13 12:51:00,24370.3,24370.3,24361.35,24365.05,0
2026-08-13 12:52:00,24366.2,24370.75,24365.0,24369.5,0
2026-08-13 12:53:00,24371.4,24372.6,24367.05,24368.85,0
2026-08-13 12:54:00,24370.35,24371.15,24366.2,24370.1,0
2026-08-13 12:55:00,24370.95,24370.95,24367.15,24369.25,0
2026-08-13 12:56:00,24370.7,24370.7,24364.7,24365.8,0
2026-08-13 12:57:00,24367.45,24367.45,24362.55,24363.1,0
2026-08-13 12:58:00,24365.5,24365.6,24361.4,24363.9,0
2026-08-13 12:59:00,24365.2,24369.15,24362.9,24369.15,0
2026-08-13 13:00:00,24370.15,24371.75,24368.0,24369.0,0
2026-08-13 13:01:00,24370.85,24371.65,24368.15,24368.65,0
2026-08-13 13:02:00,24371.2,24371.35,24367.7,24369.2,0
2026-08-13 13:03:00,24370.75,24370.8,24364.7,24367.15,0
2026-08-13 13:04:00,24368.0,24368.0,24360.55,24361.55,0
2026-08-13 13:05:00,24363.7,24365.85,24361.15,24363.7,0
2026-08-13 13:06:00,24365.55,24367.9,24363.25,24366.2,0
2026-08-13 13:07:00,24366.5,24366.7,24362.7,24364.8,0
2026-08-13 13:08:00,24365.4,24365.4,24361.95,24362.45,0
2026-08-13 13:09:00,24365.25,24369.35,24362.55,24367.15,0
2026-08-13 13:10:00,24368.75,24371.85,24365.7,24369.45,0
2026-08-13 13:11:00,24371.6,24371.6,24361.7,24363.7,0
2026-08-13 13:12:00,24365.25,24365.85,24355.65,24357.6,0
2026-08-13 13:13:00,24359.5,24360.35,24353.6,24357.1,0
2026-08-13 13:14:00,24358.0,24363.9,24355.85,24362.25,0
2026-08-13 13:15:00,24364.6,24364.6,24348.9,24349.85,0
2026-08-13 13:16:00,24356.1,24357.7,24352.85,24356.55,0
2026-08-13 13:17:00,24358.7,24372.8,24357.75,24369.2,0
2026-08-13 13:18:00,24370.4,24370.4,24356.35,24357.7,0
2026-08-13 13:19:00,24361.4,24361.4,24351.75,24355.25,0
2026-08-13 13:20:00,24357.3,24359.9,24355.0,24359.15,0
2026-08-13 13:21:00,24361.0,24365.0,24359.0,24363.25,0
2026-08-13 13:22:00,24365.55,24365.55,24358.15,24358.15,0
2026-08-13 13:23:00,24360.45,24360.45,24350.95,24352.3,0
2026-08-13 13:24:00,24354.2,24356.95,24351.65,24356.2,0
2026-08-13 13:25:00,24357.25,24357.25,24348.85,24351.6,0
2026-08-13 13:26:00,24353.35,24358.3,24351.35,24357.8,0
2026-08-13 13:27:00,24358.9,24361.45,24355.9,24359.0,0
2026-08-13 13:28:00,24361.3,24361.85,24357.2,24357.2,0
2026-08-13 13:29:00,24359.05,24359.05,24356.35,24356.75,0
2026-08-13 13:30:00,24358.55,24358.55,24351.95,24351.95,0
2026-08-13 13:31:00,24353.75,24357.1,24348.8,24356.2,0
2026-08-13 13:32:00,24357.25,24357.5,24352.55,24357.4,0
2026-08-13 13:33:00,24359.3,24362.75,24357.75,24358.85,0
2026-08-13 13:34:00,24360.15,24361.0,24350.65,24351.35,0
2026-08-13 13:35:00,24353.1,24358.95,24350.5,24355.3,0
2026-08-13 13:36:00,24357.2,24359.05,24354.85,24356.85,0
2026-08-13 13:37:00,24358.4,24361.5,24354.45,24359.4,0
2026-08-13 13:38:00,24361.4,24362.95,24357.95,24361.05,0
2026-08-13 13:39:00,24362.7,24364.8,24360.15,24363.45,0
2026-08-13 13:40:00,24365.35,24368.3,24363.95,24366.1,0
2026-08-13 13:41:00,24368.05,24369.45,24361.05,24368.45,0
2026-08-13 13:42:00,24370.55,24375.35,24368.35,24372.3,0
2026-08-13 13:43:00,24374.9,24383.85,24372.45,24379.95,0
2026-08-13 13:44:00,24383.0,24388.0,24380.0,24383.8,0
2026-08-13 13:45:00,24385.05,24385.05,24380.05,24381.6,0
2026-08-13 13:46:00,24383.3,24384.05,24379.5,24382.3,0
2026-08-13 13:47:00,24383.7,24395.1,24382.4,24390.5,0
2026-08-13 13:48:00,24391.45,24391.45,24374.15,24375.65,0
2026-08-13 13:49:00,24378.25,24380.8,24370.65,24377.35,0
2026-08-13 13:50:00,24381.35,24381.35,24374.55,24376.1,0
2026-08-13 13:51:00,24378.15,24381.2,24375.85,24380.3,0
2026-08-13 13:52:00,24380.65,24382.7,24377.7,24381.75,0
2026-08-13 13:53:00,24382.6,24383.4,24379.0,24382.3,0
2026-08-13 13:54:00,24383.7,24388.3,24380.85,24385.35,0
2026-08-13 13:55:00,24388.0,24393.2,24386.35,24390.95,0
2026-08-13 13:56:00,24394.55,24396.55,24390.35,24393.45,0
2026-08-13 13:57:00,24394.15,24394.15,24388.0,24391.55,0
2026-08-13 13:58:00,24393.2,24393.2,24385.25,24387.45,0
2026-08-13 13:59:00,24388.95,24396.2,24387.65,24394.15,0
2026-08-13 14:00:00,24395.5,24395.75,24382.25,24383.15,0
2026-08-13 14:01:00,24384.85,24384.85,24377.15,24379.6,0
2026-08-13 14:02:00,24380.3,24380.8,24376.0,24377.55,0
2026-08-13 14:03:00,24378.7,24379.9,24374.35,24376.0,0
2026-08-13 14:04:00,24378.25,24381.25,24375.8,24378.15,0
2026-08-13 14:05:00,24380.05,24382.4,24372.9,24373.7,0
2026-08-13 14:06:00,24376.25,24376.25,24369.4,24369.95,0
2026-08-13 14:07:00,24371.8,24371.85,24366.1,24366.3,0
2026-08-13 14:08:00,24367.6,24367.6,24359.3,24359.3,0
2026-08-13 14:09:00,24362.0,24362.0,24356.3,24359.0,0
2026-08-13 14:10:00,24360.65,24360.65,24356.45,24360.0,0
2026-08-13 14:11:00,24361.45,24363.9,24357.7,24358.7,0
2026-08-13 14:12:00,24360.2,24360.2,24354.45,24357.4,0
2026-08-13 14:13:00,24360.05,24360.55,24355.5,24355.7,0
2026-08-13 14:14:00,24358.35,24358.35,24353.15,24356.05,0
2026-08-13 14:15:00,24356.4,24358.85,24353.8,24357.65,0
2026-08-13 14:16:00,24359.35,24360.0,24356.45,24358.45,0
2026-08-13 14:17:00,24359.6,24359.6,24350.95,24351.6,0
2026-08-13 14:18:00,24352.15,24353.8,24349.2,24350.6,0
2026-08-13 14:19:00,24353.3,24363.9,24349.9,24360.8,0
2026-08-13 14:20:00,24363.1,24369.45,24362.4,24368.45,0
2026-08-13 14:21:00,24368.3,24373.5,24366.95,24373.1,0
2026-08-13 14:22:00,24373.95,24375.65,24370.15,24371.0,0
2026-08-13 14:23:00,24372.2,24375.5,24371.15,24373.05,0
2026-08-13 14:24:00,24374.6,24377.5,24372.1,24372.8,0
2026-08-13 14:25:00,24376.1,24376.15,24369.7,24369.7,0
2026-08-13 14:26:00,24373.6,24375.45,24368.85,24374.35,0
2026-08-13 14:27:00,24375.5,24377.2,24372.35,24375.5,0
2026-08-13 14:28:00,24376.8,24376.8,24368.1,24368.1,0
2026-08-13 14:29:00,24372.4,24376.05,24366.1,24371.65,0
2026-08-13 14:30:00,24373.5,24375.5,24368.7,24370.45,0
2026-08-13 14:31:00,24372.5,24372.5,24363.95,24367.35,0
2026-08-13 14:32:00,24368.4,24368.6,24360.25,24361.45,0
2026-08-13 14:33:00,24364.15,24364.15,24358.8,24361.65,0
2026-08-13 14:34:00,24363.3,24363.65,24357.95,24361.1,0
2026-08-13 14:35:00,24363.65,24364.95,24360.2,24361.9,0
2026-08-13 14:36:00,24363.65,24363.65,24353.1,24358.2,0
2026-08-13 14:37:00,24360.6,24366.05,24358.15,24364.4,0
2026-08-13 14:38:00,24366.6,24367.35,24362.85,24364.8,0
2026-08-13 14:39:00,24366.75,24366.9,24364.1,24365.4,0
2026-08-13 14:40:00,24366.55,24371.2,24364.7,24368.6,0
2026-08-13 14:41:00,24370.85,24371.85,24366.85,24367.45,0
2026-08-13 14:42:00,24369.4,24370.25,24365.85,24366.1,0
2026-08-13 14:43:00,24368.15,24368.15,24363.7,24364.85,0
2026-08-13 14:44:00,24365.1,24365.25,24358.45,24359.85,0
2026-08-13 14:45:00,24362.45,24362.45,24355.75,24357.55,0
2026-08-13 14:46:00,24357.7,24359.85,24354.8,24359.35,0
2026-08-13 14:47:00,24359.6,24361.0,24353.5,24354.5,0
2026-08-13 14:48:00,24356.1,24356.1,24349.8,24353.7,0
2026-08-13 14:49:00,24354.4,24354.9,24350.0,24352.25,0
2026-08-13 14:50:00,24354.75,24357.85,24351.0,24354.6,0
2026-08-13 14:51:00,24355.4,24355.4,24348.6,24351.25,0
2026-08-13 14:52:00,24353.65,24355.05,24350.95,24352.7,0
2026-08-13 14:53:00,24353.25,24353.65,24347.6,24350.9,0
2026-08-13 14:54:00,24351.85,24353.65,24347.15,24351.9,0
2026-08-13 14:55:00,24353.65,24355.8,24350.6,24352.3,0
2026-08-13 14:56:00,24352.2,24352.6,24347.65,24348.35,0
2026-08-13 14:57:00,24349.5,24353.25,24346.85,24350.7,0
2026-08-13 14:58:00,24351.45,24351.6,24336.5,24337.05,0
2026-08-13 14:59:00,24338.65,24348.55,24338.0,24344.45,0
2026-08-13 15:00:00,24345.55,24345.7,24339.25,24342.45,0
2026-08-13 15:01:00,24345.65,24353.1,24345.4,24352.65,0
2026-08-13 15:02:00,24351.65,24360.5,24351.2,24357.9,0
2026-08-13 15:03:00,24355.6,24360.1,24349.8,24356.65,0
2026-08-13 15:04:00,24354.25,24360.25,24354.25,24356.95,0
2026-08-13 15:05:00,24357.55,24357.55,24347.3,24348.2,0
2026-08-13 15:06:00,24349.85,24350.45,24343.2,24344.75,0
2026-08-13 15:07:00,24345.55,24352.7,24343.35,24352.3,0
2026-08-13 15:08:00,24352.1,24355.2,24348.0,24352.9,0
2026-08-13 15:09:00,24352.8,24354.4,24342.15,24347.75,0
2026-08-13 15:10:00,24348.45,24359.35,24345.65,24357.25,0
2026-08-13 15:11:00,24357.3,24358.25,24348.7,24349.85,0
2026-08-13 15:12:00,24350.55,24352.85,24342.25,24351.9,0
2026-08-13 15:13:00,24353.6,24364.5,24349.6,24362.0,0
2026-08-13 15:14:00,24361.7,24364.4,24350.25,24352.7,0
2026-08-13 15:15:00,24353.35,24353.35,24353.35,24353.35,0
2026-08-13 15:29:00,24395.85,24395.85,24395.85,24395.85,0
2026-08-14 09:15:00,24361.9,24365.0,24316.25,24327.75,0
2026-08-14 09:16:00,24329.0,24333.1,24318.05,24331.8,0
2026-08-14 09:17:00,24332.6,24332.6,24319.05,24322.1,0
2026-08-14 09:18:00,24324.05,24327.7,24311.45,24318.75,0
2026-08-14 09:19:00,24320.4,24325.3,24314.1,24322.7,0
2026-08-14 09:20:00,24323.7,24324.4,24317.5,24319.0,0
2026-08-14 09:21:00,24317.85,24323.9,24315.75,24322.6,0
2026-08-14 09:22:00,24323.2,24326.25,24319.3,24322.05,0
2026-08-14 09:23:00,24323.8,24328.7,24322.0,24328.65,0
2026-08-14 09:24:00,24328.55,24335.9,24324.55,24324.85,0
2026-08-14 09:25:00,24324.95,24325.75,24318.05,24325.35,0
2026-08-14 09:26:00,24324.85,24326.05,24320.7,24323.55,0
2026-08-14 09:27:00,24324.65,24324.95,24318.8,24320.65,0
2026-08-14 09:28:00,24321.9,24323.55,24317.25,24317.5,0
2026-08-14 09:29:00,24318.0,24318.0,24307.2,24309.1,0
2026-08-14 09:30:00,24309.45,24309.9,24304.7,24306.35,0
2026-08-14 09:31:00,24307.4,24313.2,24304.3,24312.25,0
2026-08-14 09:32:00,24312.15,24326.9,24311.85,24320.05,0
2026-08-14 09:33:00,24320.6,24336.45,24319.0,24335.85,0
2026-08-14 09:34:00,24336.7,24336.7,24324.0,24325.75,0
2026-08-14 09:35:00,24327.45,24334.9,24326.45,24333.7,0
2026-08-14 09:36:00,24333.95,24337.85,24332.65,24332.85,0
2026-08-14 09:37:00,24332.6,24337.1,24329.3,24337.0,0
2026-08-14 09:38:00,24337.3,24342.35,24337.3,24341.2,0
2026-08-14 09:39:00,24342.05,24345.2,24336.9,24337.65,0
2026-08-14 09:40:00,24338.45,24338.65,24332.95,24333.5,0
2026-08-14 09:41:00,24335.25,24337.05,24328.85,24336.15,0
2026-08-14 09:42:00,24336.75,24338.25,24333.3,24334.7,0
2026-08-14 09:43:00,24334.9,24336.4,24329.3,24331.0,0
2026-08-14 09:44:00,24330.75,24332.75,24326.15,24332.05,0
2026-08-14 09:45:00,24332.9,24336.95,24331.85,24336.45,0
2026-08-14 09:46:00,24336.85,24345.0,24336.2,24344.3,0
2026-08-14 09:47:00,24344.45,24346.8,24339.15,24343.1,0
2026-08-14 09:48:00,24344.15,24345.3,24341.3,24343.8,0
2026-08-14 09:49:00,24344.2,24344.4,24339.05,24341.6,0
2026-08-14 09:50:00,24341.15,24345.2,24339.9,24343.25,0
2026-08-14 09:51:00,24340.05,24344.05,24338.75,24341.8,0
2026-08-14 09:52:00,24339.15,24342.55,24336.5,24338.2,0
2026-08-14 09:53:00,24336.45,24340.0,24330.4,24332.8,0
2026-08-14 09:54:00,24330.8,24334.85,24324.2,24324.7,0
2026-08-14 09:55:00,24326.45,24332.35,24322.55,24330.8,0
2026-08-14 09:56:00,24331.8,24339.95,24330.8,24337.4,0
2026-08-14 09:57:00,24337.65,24339.1,24335.7,24337.65,0
2026-08-14 09:58:00,24337.95,24343.0,24335.0,24341.55,0
2026-08-14 09:59:00,24341.65,24344.85,24340.15,24343.55,0
2026-08-14 10:00:00,24344.65,24347.95,24342.5,24346.35,0
2026-08-14 10:01:00,24347.1,24347.3,24340.65,24344.7,0
2026-08-14 10:02:00,24345.05,24353.35,24343.75,24351.35,0
2026-08-14 10:03:00,24351.0,24353.45,24347.55,24347.55,0
2026-08-14 10:04:00,24347.4,24350.75,24344.2,24350.7,0
2026-08-14 10:05:00,24350.85,24351.8,24348.25,24350.1,0
2026-08-14 10:06:00,24349.7,24350.6,24343.2,24343.75,0
2026-08-14 10:07:00,24344.3,24353.1,24344.1,24352.85,0
2026-08-14 10:08:00,24352.45,24353.2,24348.7,24350.7,0
2026-08-14 10:09:00,24350.25,24355.15,24349.35,24355.15,0
2026-08-14 10:10:00,24354.65,24358.95,24352.7,24358.2,0
2026-08-14 10:11:00,24358.6,24359.2,24352.3,24352.8,0
2026-08-14 10:12:00,24353.55,24353.65,24346.7,24347.2,0
2026-08-14 10:13:00,24348.0,24348.1,24342.85,24344.1,0
2026-08-14 10:14:00,24345.15,24347.1,24342.65,24345.45,0
2026-08-14 10:15:00,24345.15,24345.7,24342.55,24343.3,0
2026-08-14 10:16:00,24344.6,24345.1,24341.3,24342.8,0
2026-08-14 10:17:00,24343.9,24346.7,24340.95,24344.65,0
2026-08-14 10:18:00,24345.4,24347.0,24340.25,24340.25,0
2026-08-14 10:19:00,24341.6,24342.7,24336.2,24336.9,0
2026-08-14 10:20:00,24337.4,24341.1,24334.8,24335.5,0
2026-08-14 10:21:00,24338.2,24338.2,24332.95,24336.05,0
2026-08-14 10:22:00,24336.35,24337.95,24333.05,24334.45,0
2026-08-14 10:23:00,24335.55,24336.8,24332.3,24334.25,0
2026-08-14 10:24:00,24334.45,24335.2,24332.15,24334.05,0
2026-08-14 10:25:00,24334.85,24338.1,24333.45,24334.7,0
2026-08-14 10:26:00,24335.4,24335.85,24330.25,24332.65,0
2026-08-14 10:27:00,24332.25,24335.75,24331.35,24333.75,0
2026-08-14 10:28:00,24334.3,24335.6,24331.35,24331.95,0
2026-08-14 10:29:00,24332.6,24332.85,24329.55,24331.25,0
2026-08-14 10:30:00,24331.9,24332.25,24323.3,24323.75,0
2026-08-14 10:31:00,24324.7,24325.0,24309.55,24311.6,0
2026-08-14 10:32:00,24312.9,24313.7,24296.8,24304.25,0
2026-08-14 10:33:00,24304.2,24306.25,24299.25,24303.6,0
2026-08-14 10:34:00,24305.8,24309.75,24301.55,24309.25,0
2026-08-14 10:35:00,24309.0,24315.25,24307.1,24314.85,0
2026-08-14 10:36:00,24315.5,24318.05,24312.5,24312.5,0
2026-08-14 10:37:00,24313.0,24316.3,24310.15,24314.5,0
2026-08-14 10:38:00,24315.65,24319.85,24315.3,24318.3,0
2026-08-14 10:39:00,24317.65,24321.8,24316.2,24321.75,0
2026-08-14 10:40:00,24322.2,24322.5,24318.45,24319.35,0
2026-08-14 10:41:00,24319.55,24322.3,24316.75,24321.85,0
2026-08-14 10:42:00,24322.8,24322.8,24319.05,24320.85,0
2026-08-14 10:43:00,24319.95,24322.55,24317.45,24321.25,0
2026-08-14 10:44:00,24322.75,24325.7,24320.8,24324.7,0
2026-08-14 10:45:00,24325.25,24327.35,24324.1,24326.55,0
2026-08-14 10:46:00,24328.2,24330.3,24325.75,24328.9,0
2026-08-14 10:47:00,24329.45,24331.6,24327.5,24329.2,0
2026-08-14 10:48:00,24330.1,24335.2,24329.25,24334.7,0
2026-08-14 10:49:00,24335.1,24335.2,24332.1,24333.8,0
2026-08-14 10:50:00,24334.35,24336.45,24331.2,24335.6,0
2026-08-14 10:51:00,24335.3,24338.7,24334.15,24336.2,0
2026-08-14 10:52:00,24336.65,24336.65,24332.95,24334.5,0
2026-08-14 10:53:00,24334.55,24338.65,24333.0,24336.3,0
2026-08-14 10:54:00,24337.7,24338.65,24334.85,24336.7,0
2026-08-14 10:55:00,24335.45,24337.75,24332.0,24332.55,0
2026-08-14 10:56:00,24333.0,24334.4,24330.4,24332.95,0
2026-08-14 10:57:00,24334.45,24334.45,24325.0,24326.45,0
2026-08-14 10:58:00,24326.65,24327.05,24318.5,24319.5,0
2026-08-14 10:59:00,24320.75,24320.75,24312.0,24312.2,0
2026-08-14 11:00:00,24313.05,24313.05,24306.4,24308.05,0
2026-08-14 11:01:00,24309.15,24312.35,24306.95,24307.95,0
2026-08-14 11:02:00,24308.8,24317.85,24307.95,24317.6,0
2026-08-14 11:03:00,24318.05,24321.15,24315.85,24319.25,0
2026-08-14 11:04:00,24320.6,24322.35,24316.8,24320.85,0
2026-08-14 11:05:00,24321.95,24321.95,24315.95,24317.95,0
2026-08-14 11:06:00,24319.2,24319.75,24314.5,24317.2,0
2026-08-14 11:07:00,24316.75,24318.25,24314.05,24315.35,0
2026-08-14 11:08:00,24316.45,24316.95,24310.85,24311.85,0
2026-08-14 11:09:00,24312.15,24314.85,24309.35,24314.25,0
2026-08-14 11:10:00,24314.8,24318.55,24313.25,24317.55,0
2026-08-14 11:11:00,24318.25,24318.25,24312.95,24316.3,0
2026-08-14 11:12:00,24316.95,24317.7,24311.7,24313.9,0
2026-08-14 11:13:00,24315.0,24316.5,24312.6,24313.7,0
2026-08-14 11:14:00,24314.1,24316.65,24312.65,24315.0,0
2026-08-14 11:15:00,24315.5,24318.55,24313.95,24318.1,0
2026-08-14 11:16:00,24318.85,24322.65,24317.2,24319.95,0
2026-08-14 11:17:00,24319.65,24321.95,24317.3,24321.7,0
2026-08-14 11:18:00,24321.8,24324.9,24319.65,24324.3,0
2026-08-14 11:19:00,24324.0,24329.95,24322.7,24327.85,0
2026-08-14 11:20:00,24328.45,24328.7,24326.55,24327.8,0
2026-08-14 11:21:00,24328.4,24332.25,24326.4,24330.25,0
2026-08-14 11:22:00,24331.35,24331.8,24322.95,24327.85,0
2026-08-14 11:23:00,24328.05,24329.8,24324.95,24326.1,0
2026-08-14 11:24:00,24327.7,24329.65,24324.45,24327.7,0
2026-08-14 11:25:00,24328.25,24329.85,24325.5,24326.95,0
2026-08-14 11:26:00,24327.3,24327.45,24318.3,24319.4,0
2026-08-14 11:27:00,24322.15,24323.4,24319.05,24320.55,0
2026-08-14 11:28:00,24321.35,24321.35,24316.4,24317.0,0
2026-08-14 11:29:00,24317.3,24319.35,24313.45,24315.8,0
2026-08-14 11:30:00,24315.7,24316.35,24309.4,24311.35,0
2026-08-14 11:31:00,24312.45,24317.35,24311.95,24315.8,0
2026-08-14 11:32:00,24316.6,24316.9,24312.3,24315.7,0
2026-08-14 11:33:00,24316.2,24321.8,24315.1,24321.2,0
2026-08-14 11:34:00,24320.6,24321.4,24315.6,24318.75,0
2026-08-14 11:35:00,24318.45,24320.15,24315.65,24319.15,0
2026-08-14 11:36:00,24320.0,24320.65,24316.55,24317.0,0
2026-08-14 11:37:00,24317.5,24317.5,24312.35,24313.7,0
2026-08-14 11:38:00,24313.9,24316.4,24312.55,24314.7,0
2026-08-14 11:39:00,24314.85,24322.35,24314.3,24320.45,0
2026-08-14 11:40:00,24322.2,24324.0,24319.3,24323.65,0
2026-08-14 11:41:00,24322.45,24325.65,24320.95,24321.25,0
2026-08-14 11:42:00,24322.0,24323.6,24319.85,24322.0,0
2026-08-14 11:43:00,24322.8,24327.25,24322.8,24326.1,0
2026-08-14 11:44:00,24327.2,24330.7,24326.15,24327.7,0
2026-08-14 11:45:00,24328.0,24329.95,24325.25,24328.55,0
2026-08-14 11:46:00,24329.45,24336.95,24328.45,24335.35,0
2026-08-14 11:47:00,24336.2,24336.35,24330.55,24332.15,0
2026-08-14 11:48:00,24332.4,24333.25,24326.95,24329.25,0
2026-08-14 11:49:00,24329.05,24329.5,24325.55,24326.95,0
2026-08-14 11:50:00,24327.65,24330.0,24325.2,24329.1,0
2026-08-14 11:51:00,24329.65,24330.2,24326.75,24329.15,0
2026-08-14 11:52:00,24330.15,24332.35,24327.5,24331.85,0
2026-08-14 11:53:00,24332.3,24336.25,24331.0,24335.0,0
2026-08-14 11:54:00,24333.25,24336.1,24328.25,24329.75,0
2026-08-14 11:55:00,24330.55,24333.35,24328.85,24332.4,0
2026-08-14 11:56:00,24333.2,24333.6,24328.2,24328.6,0
2026-08-14 11:57:00,24329.4,24329.4,24321.95,24325.65,0
2026-08-14 11:58:00,24326.65,24328.35,24324.55,24327.3,0
2026-08-14 11:59:00,24328.05,24330.6,24325.85,24326.9,0
2026-08-14 12:00:00,24328.2,24329.65,24324.35,24326.05,0
2026-08-14 12:01:00,24326.5,24326.5,24321.95,24321.95,0
2026-08-14 12:02:00,24323.1,24325.35,24320.35,24323.75,0
2026-08-14 12:03:00,24325.25,24325.6,24321.05,24322.95,0
2026-08-14 12:04:00,24323.45,24323.6,24319.25,24321.7,0
2026-08-14 12:05:00,24321.9,24327.95,24321.45,24326.75,0
2026-08-14 12:06:00,24327.85,24335.0,24326.55,24332.6,0
2026-08-14 12:07:00,24334.25,24340.65,24331.5,24337.95,0
2026-08-14 12:08:00,24338.35,24338.85,24334.55,24335.7,0
2026-08-14 12:09:00,24336.25,24337.9,24333.35,24335.35,0
2026-08-14 12:10:00,24335.75,24339.7,24335.1,24339.7,0
2026-08-14 12:11:00,24339.3,24343.7,24337.25,24341.5,0
2026-08-14 12:12:00,24342.65,24345.55,24338.1,24340.65,0
2026-08-14 12:13:00,24340.75,24342.55,24338.75,24340.3,0
2026-08-14 12:14:00,24340.8,24342.4,24338.65,24341.45,0
2026-08-14 12:15:00,24342.0,24344.0,24339.9,24342.8,0
2026-08-14 12:16:00,24342.9,24343.7,24340.95,24342.75,0
2026-08-14 12:17:00,24343.15,24344.55,24341.45,24343.1,0
2026-08-14 12:18:00,24344.2,24346.45,24342.8,24345.6,0
2026-08-14 12:19:00,24346.15,24349.25,24343.9,24349.0,0
2026-08-14 12:20:00,24349.3,24349.6,24345.7,24347.25,0
2026-08-14 12:21:00,24348.05,24349.85,24345.9,24346.7,0
2026-08-14 12:22:00,24347.1,24350.7,24345.5,24349.35,0
2026-08-14 12:23:00,24349.25,24351.95,24347.65,24349.15,0
2026-08-14 12:24:00,24349.45,24354.0,24348.3,24351.65,0
2026-08-14 12:25:00,24353.75,24354.65,24348.1,24349.4,0
2026-08-14 12:26:00,24350.15,24350.15,24343.55,24345.45,0
2026-08-14 12:27:00,24345.75,24348.45,24343.25,24345.85,0
2026-08-14 12:28:00,24346.55,24350.95,24344.9,24345.8,0
2026-08-14 12:29:00,24346.75,24349.0,24344.65,24347.3,0
2026-08-14 12:30:00,24346.8,24347.95,24344.05,24345.55,0
2026-08-14 12:31:00,24346.3,24347.1,24340.9,24341.9,0
2026-08-14 12:32:00,24342.4,24344.5,24340.15,24340.45,0
2026-08-14 12:33:00,24342.0,24345.45,24340.0,24344.6,0
2026-08-14 12:34:00,24344.85,24346.75,24342.65,24344.5,0
2026-08-14 12:35:00,24344.1,24346.05,24341.55,24344.75,0
2026-08-14 12:36:00,24344.85,24346.8,24339.65,24339.65,0
2026-08-14 12:37:00,24340.55,24343.4,24338.85,24342.8,0
2026-08-14 12:38:00,24343.65,24345.15,24341.25,24344.7,0
2026-08-14 12:39:00,24344.25,24346.25,24340.9,24340.9,0
2026-08-14 12:40:00,24342.0,24346.1,24340.45,24342.65,0
2026-08-14 12:41:00,24342.45,24344.2,24336.75,24337.75,0
2026-08-14 12:42:00,24338.7,24338.7,24333.65,24334.3,0
2026-08-14 12:43:00,24335.75,24339.5,24333.45,24336.8,0
2026-08-14 12:44:00,24337.0,24338.85,24334.5,24335.85,0
2026-08-14 12:45:00,24336.65,24340.2,24334.8,24335.65,0
2026-08-14 12:46:00,24336.45,24341.3,24335.65,24337.7,0
2026-08-14 12:47:00,24337.6,24341.1,24336.65,24338.9,0
2026-08-14 12:48:00,24338.2,24347.35,24337.35,24344.35,0
2026-08-14 12:49:00,24344.1,24347.7,24342.6,24345.3,0
2026-08-14 12:50:00,24345.45,24349.35,24343.7,24348.6,0
2026-08-14 12:51:00,24348.25,24351.35,24347.35,24348.65,0
2026-08-14 12:52:00,24348.85,24352.25,24347.15,24348.6,0
2026-08-14 12:53:00,24349.15,24352.6,24347.4,24348.45,0
2026-08-14 12:54:00,24348.7,24353.3,24348.05,24350.7,0
2026-08-14 12:55:00,24349.9,24351.6,24347.4,24348.15,0
2026-08-14 12:56:00,24348.6,24351.25,24347.95,24349.0,0
2026-08-14 12:57:00,24349.5,24352.0,24347.1,24349.35,0
2026-08-14 12:58:00,24349.6,24350.15,24344.4,24345.65,0
2026-08-14 12:59:00,24345.9,24349.8,24344.15,24349.55,0
2026-08-14 13:00:00,24349.4,24352.15,24347.65,24347.85,0
2026-08-14 13:01:00,24348.2,24349.85,24345.45,24346.65,0
2026-08-14 13:02:00,24346.6,24349.0,24345.25,24348.0,0
2026-08-14 13:03:00,24348.55,24348.55,24345.25,24345.75,0
2026-08-14 13:04:00,24346.75,24347.7,24343.95,24344.9,0
2026-08-14 13:05:00,24345.15,24347.35,24343.15,24345.15,0
2026-08-14 13:06:00,24345.2,24346.65,24343.25,24344.0,0
2026-08-14 13:07:00,24343.75,24345.45,24340.75,24342.0,0
2026-08-14 13:08:00,24342.25,24343.7,24340.45,24342.55,0
2026-08-14 13:09:00,24341.7,24344.2,24341.05,24342.0,0
2026-08-14 13:10:00,24341.8,24346.05,24341.6,24343.8,0
2026-08-14 13:11:00,24343.95,24344.35,24340.75,24344.3,0
2026-08-14 13:12:00,24343.65,24345.05,24341.3,24343.3,0
2026-08-14 13:13:00,24343.5,24347.15,24342.8,24345.65,0
2026-08-14 13:14:00,24345.15,24348.35,24343.6,24346.85,0
2026-08-14 13:15:00,24347.0,24348.8,24345.1,24345.8,0
2026-08-14 13:16:00,24346.2,24347.1,24339.45,24340.95,0
2026-08-14 13:17:00,24341.15,24345.95,24339.45,24344.0,0
2026-08-14 13:18:00,24344.95,24347.1,24341.7,24345.7,0
2026-08-14 13:19:00,24345.75,24346.05,24342.1,24343.75,0
2026-08-14 13:20:00,24344.2,24345.6,24341.7,24344.2,0
2026-08-14 13:21:00,24344.0,24348.1,24342.95,24344.8,0
2026-08-14 13:22:00,24345.0,24346.5,24343.0,24343.9,0
2026-08-14 13:23:00,24343.1,24345.0,24341.7,24342.9,0
2026-08-14 13:24:00,24343.2,24346.25,24342.35,24343.75,0
2026-08-14 13:25:00,24343.5,24344.7,24338.6,24339.1,0
2026-08-14 13:26:00,24339.3,24340.85,24337.3,24338.6,0
2026-08-14 13:27:00,24338.5,24340.95,24337.5,24339.2,0
2026-08-14 13:28:00,24339.0,24342.3,24338.05,24341.95,0
2026-08-14 13:29:00,24342.0,24344.1,24339.85,24340.55,0
2026-08-14 13:30:00,24340.2,24341.65,24337.5,24338.95,0
2026-08-14 13:31:00,24338.55,24341.55,24337.05,24338.2,0
2026-08-14 13:32:00,24338.35,24339.2,24333.3,24334.3,0
2026-08-14 13:33:00,24334.55,24335.55,24332.0,24332.85,0
2026-08-14 13:34:00,24333.8,24334.4,24328.35,24330.05,0
2026-08-14 13:35:00,24329.75,24331.15,24327.35,24329.0,0
2026-08-14 13:36:00,24328.9,24331.2,24328.15,24330.5,0
2026-08-14 13:37:00,24329.95,24335.15,24329.85,24334.0,0
2026-08-14 13:38:00,24333.4,24340.25,24333.0,24339.65,0
2026-08-14 13:39:00,24340.1,24349.5,24339.6,24348.3,0
2026-08-14 13:40:00,24348.7,24352.95,24348.2,24352.4,0
2026-08-14 13:41:00,24352.2,24353.4,24349.85,24350.7,0
2026-08-14 13:42:00,24350.35,24353.4,24350.15,24352.05,0
2026-08-14 13:43:00,24351.8,24357.2,24351.8,24355.85,0
2026-08-14 13:44:00,24356.15,24358.3,24355.15,24357.35,0
2026-08-14 13:45:00,24357.4,24385.2,24356.8,24383.55,0
2026-08-14 13:46:00,24383.4,24391.1,24383.4,24388.75,0
2026-08-14 13:47:00,24389.2,24389.65,24378.45,24379.5,0
2026-08-14 13:48:00,24379.75,24381.45,24376.75,24377.6,0
2026-08-14 13:49:00,24377.45,24385.2,24377.45,24383.7,0
2026-08-14 13:50:00,24383.95,24388.65,24383.5,24387.65,0
2026-08-14 13:51:00,24387.7,24389.1,24382.4,24383.05,0
2026-08-14 13:52:00,24383.9,24384.7,24380.4,24383.55,0
2026-08-14 13:53:00,24383.7,24387.1,24382.8,24384.85,0
2026-08-14 13:54:00,24385.05,24389.1,24384.5,24385.6,0
2026-08-14 13:55:00,24386.4,24388.5,24383.1,24383.1,0
2026-08-14 13:56:00,24383.45,24385.75,24381.6,24382.8,0
2026-08-14 13:57:00,24383.7,24390.6,24383.45,24388.2,0
2026-08-14 13:58:00,24389.15,24395.1,24389.15,24392.6,0
2026-08-14 13:59:00,24392.05,24397.85,24392.05,24395.0,0
2026-08-14 14:00:00,24395.85,24399.45,24394.15,24396.3,0
2026-08-14 14:01:00,24396.8,24402.2,24396.25,24401.05,0
2026-08-14 14:02:00,24400.85,24405.2,24400.4,24402.05,0
2026-08-14 14:03:00,24402.75,24405.2,24399.3,24399.4,0
2026-08-14 14:04:00,24400.35,24400.85,24393.0,24395.55,0
2026-08-14 14:05:00,24395.9,24398.8,24395.3,24396.3,0
2026-08-14 14:06:00,24395.7,24396.0,24387.35,24393.35,0
2026-08-14 14:07:00,24393.75,24394.35,24390.5,24391.35,0
2026-08-14 14:08:00,24391.9,24392.7,24388.45,24390.85,0
2026-08-14 14:09:00,24391.35,24393.7,24389.7,24389.95,0
2026-08-14 14:10:00,24390.5,24392.05,24387.5,24390.45,0
2026-08-14 14:11:00,24389.7,24390.2,24386.2,24387.4,0
2026-08-14 14:12:00,24387.05,24389.85,24382.8,24385.85,0
2026-08-14 14:13:00,24385.6,24388.7,24384.7,24386.85,0
2026-08-14 14:14:00,24386.75,24387.15,24382.5,24383.55,0
2026-08-14 14:15:00,24383.2,24386.35,24381.6,24384.45,0
2026-08-14 14:16:00,24384.4,24389.0,24383.35,24389.0,0
2026-08-14 14:17:00,24388.15,24389.2,24384.3,24384.75,0
2026-08-14 14:18:00,24385.4,24385.75,24381.25,24382.8,0
2026-08-14 14:19:00,24382.75,24383.35,24378.65,24379.95,0
2026-08-14 14:20:00,24378.7,24381.0,24376.95,24378.6,0
2026-08-14 14:21:00,24379.5,24380.4,24374.05,24375.25,0
2026-08-14 14:22:00,24376.4,24377.75,24372.8,24373.55,0
2026-08-14 14:23:00,24373.95,24377.1,24372.8,24376.2,0
2026-08-14 14:24:00,24376.3,24378.25,24374.2,24376.9,0
2026-08-14 14:25:00,24377.3,24379.2,24375.55,24377.05,0
2026-08-14 14:26:00,24377.9,24378.5,24374.2,24376.4,0
2026-08-14 14:27:00,24376.7,24377.2,24370.3,24371.45,0
2026-08-14 14:28:00,24371.4,24374.25,24369.65,24373.0,0
2026-08-14 14:29:00,24373.65,24374.45,24370.4,24371.6,0
2026-08-14 14:30:00,24372.6,24373.45,24367.55,24371.3,0
2026-08-14 14:31:00,24371.75,24374.85,24369.55,24372.85,0
2026-08-14 14:32:00,24372.45,24375.0,24370.2,24372.6,0
2026-08-14 14:33:00,24373.8,24373.9,24370.1,24370.85,0
2026-08-14 14:34:00,24371.1,24372.5,24369.25,24371.6,0
2026-08-14 14:35:00,24371.95,24372.7,24369.1,24370.5,0
2026-08-14 14:36:00,24370.6,24373.5,24369.25,24372.95,0
2026-08-14 14:37:00,24373.3,24373.5,24366.4,24368.0,0
2026-08-14 14:38:00,24368.4,24372.3,24367.45,24370.55,0
2026-08-14 14:39:00,24370.75,24371.2,24368.0,24369.35,0
2026-08-14 14:40:00,24369.15,24373.1,24368.4,24371.85,0
2026-08-14 14:41:00,24371.55,24373.75,24370.1,24372.1,0
2026-08-14 14:42:00,24372.2,24373.8,24371.0,24372.9,0
2026-08-14 14:43:00,24373.0,24373.85,24370.35,24371.05,0
2026-08-14 14:44:00,24371.85,24372.2,24368.6,24369.45,0
2026-08-14 14:45:00,24370.0,24374.15,24368.25,24371.45,0
2026-08-14 14:46:00,24371.1,24373.15,24367.9,24368.85,0
2026-08-14 14:47:00,24367.3,24369.3,24365.5,24366.25,0
2026-08-14 14:48:00,24365.05,24367.8,24364.9,24366.65,0
2026-08-14 14:49:00,24365.75,24368.0,24364.75,24366.8,0
2026-08-14 14:50:00,24365.65,24371.05,24365.65,24370.35,0
2026-08-14 14:51:00,24367.85,24379.65,24367.4,24377.5,0
2026-08-14 14:52:00,24376.0,24380.9,24376.0,24380.55,0
2026-08-14 14:53:00,24379.55,24382.05,24377.05,24379.1,0
2026-08-14 14:54:00,24377.55,24383.4,24377.45,24382.4,0
2026-08-14 14:55:00,24380.9,24384.4,24378.5,24380.95,0
2026-08-14 14:56:00,24378.7,24383.4,24378.7,24381.05,0
2026-08-14 14:57:00,24379.25,24383.1,24379.25,24381.8,0
2026-08-14 14:58:00,24379.35,24382.4,24375.6,24377.75,0
2026-08-14 14:59:00,24376.4,24378.25,24373.4,24374.6,0
2026-08-14 15:00:00,24374.25,24379.0,24370.7,24377.3,0
2026-08-14 15:01:00,24378.1,24381.45,24376.3,24381.2,0
2026-08-14 15:02:00,24381.7,24382.25,24378.8,24379.65,0
2026-08-14 15:03:00,24379.75,24381.45,24377.15,24377.7,0
2026-08-14 15:04:00,24378.05,24378.35,24374.65,24375.45,0
2026-08-14 15:05:00,24375.75,24376.05,24370.55,24374.4,0
2026-08-14 15:06:00,24375.2,24375.85,24368.25,24371.6,0
2026-08-14 15:07:00,24371.15,24375.35,24370.15,24374.25,0
2026-08-14 15:08:00,24373.1,24377.45,24372.95,24375.1,0
2026-08-14 15:09:00,24375.45,24376.05,24368.3,24371.05,0
2026-08-14 15:10:00,24371.15,24373.1,24370.5,24371.7,0
2026-08-14 15:11:00,24370.7,24372.75,24368.8,24370.7,0
2026-08-14 15:12:00,24369.75,24375.2,24365.3,24370.2,0
2026-08-14 15:13:00,24368.7,24374.35,24364.55,24370.15,0
2026-08-14 15:14:00,24367.0,24372.25,24354.45,24354.45,0
2026-08-14 15:15:00,24354.85,24354.85,24354.85,24354.85,0
2026-08-14 15:28:00,24366.0,24366.0,24366.0,24366.0,0
2026-08-17 09:15:00,24343.45,24357.6,24295.85,24307.95,0
2026-08-17 09:16:00,24305.9,24305.9,24294.1,24295.3,0
2026-08-17 09:17:00,24295.1,24301.2,24292.35,24293.2,0
2026-08-17 09:18:00,24293.0,24297.95,24282.8,24295.2,0
2026-08-17 09:19:00,24295.6,24307.3,24291.8,24306.05,0
2026-08-17 09:20:00,24305.25,24306.7,24294.45,24305.95,0
2026-08-17 09:21:00,24305.7,24310.2,24301.95,24303.45,0
2026-08-17 09:22:00,24302.45,24303.3,24294.45,24299.05,0
2026-08-17 09:23:00,24298.0,24307.2,24293.25,24306.1,0
2026-08-17 09:24:00,24306.25,24310.0,24298.75,24303.1,0
2026-08-17 09:25:00,24302.85,24307.45,24296.65,24306.65,0
2026-08-17 09:26:00,24306.75,24311.95,24306.15,24311.75,0
2026-08-17 09:27:00,24311.8,24312.4,24299.05,24299.3,0
2026-08-17 09:28:00,24300.2,24305.45,24298.6,24301.35,0
2026-08-17 09:29:00,24300.65,24310.15,24300.65,24306.05,0
2026-08-17 09:30:00,24306.5,24307.75,24294.85,24295.85,0
2026-08-17 09:31:00,24294.95,24300.15,24291.95,24294.3,0
2026-08-17 09:32:00,24293.7,24295.5,24286.35,24286.35,0
2026-08-17 09:33:00,24286.6,24288.45,24280.85,24283.75,0
2026-08-17 09:34:00,24283.7,24288.05,24283.0,24287.1,0
2026-08-17 09:35:00,24286.5,24294.3,24286.5,24290.25,0
2026-08-17 09:36:00,24291.35,24296.6,24289.15,24293.9,0
2026-08-17 09:37:00,24293.65,24299.6,24290.2,24299.1,0
2026-08-17 09:38:00,24298.3,24302.9,24297.55,24300.15,0
2026-08-17 09:39:00,24299.25,24300.65,24291.05,24293.15,0
2026-08-17 09:40:00,24294.0,24300.4,24293.2,24299.05,0
2026-08-17 09:41:00,24299.1,24308.1,24299.1,24308.0,0
2026-08-17 09:42:00,24307.6,24312.45,24301.8,24301.8,0
2026-08-17 09:43:00,24302.15,24308.25,24300.8,24302.7,0
2026-08-17 09:44:00,24304.05,24305.35,24300.8,24301.35,0
2026-08-17 09:45:00,24301.8,24304.45,24298.95,24302.4,0
2026-08-17 09:46:00,24302.05,24304.65,24297.9,24300.25,0
2026-08-17 09:47:00,24300.15,24301.25,24296.05,24297.4,0
2026-08-17 09:48:00,24297.75,24302.95,24296.5,24302.15,0
2026-08-17 09:49:00,24302.0,24307.0,24301.05,24305.15,0
2026-08-17 09:50:00,24305.05,24309.25,24303.15,24306.6,0
2026-08-17 09:51:00,24306.75,24309.1,24302.95,24306.3,0
2026-08-17 09:52:00,24306.65,24308.95,24303.5,24304.55,0
2026-08-17 09:53:00,24304.7,24305.8,24299.85,24302.4,0
2026-08-17 09:54:00,24302.0,24302.6,24295.45,24300.15,0
2026-08-17 09:55:00,24300.35,24301.7,24297.75,24299.55,0
2026-08-17 09:56:00,24299.4,24300.85,24291.95,24292.2,0
2026-08-17 09:57:00,24293.4,24295.45,24291.8,24293.5,0
2026-08-17 09:58:00,24293.7,24295.5,24288.6,24289.25,0
2026-08-17 09:59:00,24288.9,24291.05,24283.85,24283.95,0
2026-08-17 10:00:00,24284.85,24287.05,24283.65,24286.2,0
2026-08-17 10:01:00,24285.25,24294.05,24284.6,24292.9,0
2026-08-17 10:02:00,24293.55,24295.65,24290.35,24291.25,0
2026-08-17 10:03:00,24290.8,24293.0,24287.15,24288.6,0
2026-08-17 10:04:00,24288.95,24292.45,24285.6,24291.3,0
2026-08-17 10:05:00,24290.35,24294.05,24288.45,24291.45,0
2026-08-17 10:06:00,24287.5,24294.15,24287.5,24293.45,0
2026-08-17 10:07:00,24293.5,24295.05,24288.3,24288.45,0
2026-08-17 10:08:00,24288.05,24292.0,24286.5,24290.5,0
2026-08-17 10:09:00,24290.65,24293.35,24288.55,24291.3,0
2026-08-17 10:10:00,24291.7,24292.4,24286.95,24287.8,0
2026-08-17 10:11:00,24287.65,24290.1,24279.75,24279.9,0
2026-08-17 10:12:00,24279.85,24282.1,24276.85,24279.05,0
2026-08-17 10:13:00,24278.8,24282.35,24277.55,24280.75,0
2026-08-17 10:14:00,24280.45,24283.8,24277.4,24281.45,0
2026-08-17 10:15:00,24281.0,24283.8,24280.05,24281.7,0
2026-08-17 10:16:00,24281.25,24283.9,24280.15,24281.2,0
2026-08-17 10:17:00,24281.1,24282.65,24263.8,24266.25,0
2026-08-17 10:18:00,24266.85,24268.7,24259.4,24261.2,0
2026-08-17 10:19:00,24260.95,24265.35,24259.9,24264.25,0
2026-08-17 10:20:00,24264.15,24264.7,24260.7,24261.95,0
2026-08-17 10:21:00,24262.65,24263.0,24257.0,24258.7,0
2026-08-17 10:22:00,24258.55,24262.55,24258.0,24259.4,0
2026-08-17 10:23:00,24259.9,24260.6,24255.75,24257.85,0
2026-08-17 10:24:00,24257.9,24258.85,24251.8,24252.7,0
2026-08-17 10:25:00,24252.45,24254.4,24250.6,24252.35,0
2026-08-17 10:26:00,24251.6,24255.6,24249.95,24253.9,0
2026-08-17 10:27:00,24253.15,24260.2,24252.6,24259.05,0
2026-08-17 10:28:00,24257.9,24263.05,24257.2,24261.55,0
2026-08-17 10:29:00,24261.2,24262.5,24258.6,24260.45,0
2026-08-17 10:30:00,24260.35,24261.9,24257.1,24258.75,0
2026-08-17 10:31:00,24259.2,24260.65,24252.65,24255.0,0
2026-08-17 10:32:00,24254.4,24258.5,24253.15,24256.75,0
2026-08-17 10:33:00,24256.3,24261.1,24254.75,24255.95,0
2026-08-17 10:34:00,24255.55,24257.55,24252.35,24255.35,0
2026-08-17 10:35:00,24255.0,24258.2,24254.35,24257.35,0
2026-08-17 10:36:00,24256.9,24258.2,24254.3,24256.25,0
2026-08-17 10:37:00,24255.2,24259.3,24252.3,24253.9,0
2026-08-17 10:38:00,24253.55,24256.05,24250.85,24252.55,0
2026-08-17 10:39:00,24251.4,24256.7,24250.1,24254.3,0
2026-08-17 10:40:00,24253.25,24256.75,24250.2,24251.9,0
2026-08-17 10:41:00,24251.45,24255.2,24248.85,24251.75,0
2026-08-17 10:42:00,24250.5,24251.7,24240.45,24241.75,0
2026-08-17 10:43:00,24240.7,24244.55,24235.45,24237.75,0
2026-08-17 10:44:00,24237.65,24240.25,24235.55,24239.2,0
2026-08-17 10:45:00,24237.65,24240.0,24229.75,24231.25,0
2026-08-17 10:46:00,24231.1,24233.5,24228.15,24232.65,0
2026-08-17 10:47:00,24233.05,24235.4,24228.45,24230.75,0
2026-08-17 10:48:00,24231.2,24235.0,24229.3,24234.05,0
2026-08-17 10:49:00,24233.75,24239.9,24233.75,24238.4,0
2026-08-17 10:50:00,24238.65,24241.65,24236.65,24240.35,0
2026-08-17 10:51:00,24239.8,24243.85,24238.9,24239.7,0
2026-08-17 10:52:00,24239.35,24243.45,24237.8,24241.8,0
2026-08-17 10:53:00,24241.9,24246.5,24241.45,24246.05,0
2026-08-17 10:54:00,24245.15,24246.6,24241.7,24241.95,0
2026-08-17 10:55:00,24241.65,24243.75,24239.45,24239.9,0
2026-08-17 10:56:00,24239.6,24246.3,24239.1,24245.8,0
2026-08-17 10:57:00,24244.75,24247.45,24244.1,24246.4,0
2026-08-17 10:58:00,24247.05,24247.15,24241.35,24243.1,0
2026-08-17 10:59:00,24243.0,24244.0,24236.75,24237.55,0
2026-08-17 11:00:00,24236.35,24238.85,24233.9,24236.7,0
2026-08-17 11:01:00,24236.0,24238.65,24233.4,24236.2,0
2026-08-17 11:02:00,24235.8,24236.4,24232.5,24234.5,0
2026-08-17 11:03:00,24233.85,24240.35,24233.5,24240.35,0
2026-08-17 11:04:00,24239.55,24246.6,24238.8,24240.6,0
2026-08-17 11:05:00,24240.75,24242.7,24233.15,24234.35,0
2026-08-17 11:06:00,24233.7,24237.6,24233.4,24235.3,0
2026-08-17 11:07:00,24235.05,24236.9,24231.75,24233.6,0
2026-08-17 11:08:00,24233.15,24238.95,24231.45,24237.8,0
2026-08-17 11:09:00,24237.35,24240.75,24233.55,24235.7,0
2026-08-17 11:10:00,24235.4,24238.4,24233.35,24235.25,0
2026-08-17 11:11:00,24234.7,24238.2,24232.85,24234.0,0
2026-08-17 11:12:00,24234.5,24238.7,24233.45,24235.25,0
2026-08-17 11:13:00,24234.85,24237.4,24233.15,24234.6,0
2026-08-17 11:14:00,24233.8,24237.7,24233.0,24236.2,0
2026-08-17 11:15:00,24236.05,24238.55,24234.45,24236.05,0
2026-08-17 11:16:00,24235.65,24238.4,24233.4,24236.8,0
2026-08-17 11:17:00,24235.3,24238.1,24234.4,24235.1,0
2026-08-17 11:18:00,24234.95,24240.0,24233.75,24238.0,0
2026-08-17 11:19:00,24237.05,24238.95,24234.35,24235.65,0
2026-08-17 11:20:00,24235.3,24237.8,24233.05,24233.6,0
2026-08-17 11:21:00,24234.0,24236.45,24232.5,24233.4,0
2026-08-17 11:22:00,24232.05,24233.65,24229.1,24230.25,0
2026-08-17 11:23:00,24229.6,24232.4,24228.05,24228.65,0
2026-08-17 11:24:00,24229.9,24232.05,24226.95,24229.95,0
2026-08-17 11:25:00,24229.25,24233.65,24228.1,24231.2,0
2026-08-17 11:26:00,24230.85,24243.25,24230.2,24240.05,0
2026-08-17 11:27:00,24239.8,24241.95,24237.45,24241.15,0
2026-08-17 11:28:00,24241.25,24243.6,24238.35,24240.35,0
2026-08-17 11:29:00,24239.6,24241.9,24237.55,24239.85,0
2026-08-17 11:30:00,24239.1,24242.45,24236.65,24239.0,0
2026-08-17 11:31:00,24238.3,24243.65,24234.35,24234.85,0
2026-08-17 11:32:00,24234.8,24243.7,24234.25,24241.8,0
2026-08-17 11:33:00,24240.65,24244.95,24239.85,24240.5,0
2026-08-17 11:34:00,24241.5,24243.9,24239.1,24241.4,0
2026-08-17 11:35:00,24241.65,24247.15,24240.4,24245.15,0
2026-08-17 11:36:00,24244.1,24248.35,24242.45,24243.1,0
2026-08-17 11:37:00,24242.5,24245.1,24240.5,24244.25,0
2026-08-17 11:38:00,24245.0,24245.9,24240.05,24240.8,0
2026-08-17 11:39:00,24240.65,24243.85,24235.55,24239.45,0
2026-08-17 11:40:00,24239.0,24244.65,24235.75,24243.05,0
2026-08-17 11:41:00,24242.95,24247.45,24242.45,24244.8,0
2026-08-17 11:42:00,24244.7,24248.2,24242.4,24243.6,0
2026-08-17 11:43:00,24243.55,24246.95,24242.6,24244.05,0
2026-08-17 11:44:00,24243.05,24246.75,24242.5,24244.75,0
2026-08-17 11:45:00,24243.95,24248.65,24243.95,24246.05,0
2026-08-17 11:46:00,24246.0,24249.05,24242.15,24243.65,0
2026-08-17 11:47:00,24243.05,24251.5,24242.1,24248.75,0
2026-08-17 11:48:00,24249.1,24255.7,24247.85,24254.3,0
2026-08-17 11:49:00,24254.05,24257.55,24252.1,24254.35,0
2026-08-17 11:50:00,24254.25,24263.7,24253.5,24263.25,0
2026-08-17 11:51:00,24262.6,24267.55,24262.1,24267.35,0
2026-08-17 11:52:00,24266.85,24272.6,24266.85,24272.0,0
2026-08-17 11:53:00,24272.2,24273.25,24260.6,24262.5,0
2026-08-17 11:54:00,24262.8,24267.2,24261.2,24263.75,0
2026-08-17 11:55:00,24263.35,24273.15,24262.9,24272.4,0
2026-08-17 11:56:00,24270.9,24275.25,24268.45,24268.45,0
2026-08-17 11:57:00,24268.5,24271.5,24266.4,24268.1,0
2026-08-17 11:58:00,24268.2,24271.65,24266.7,24269.8,0
2026-08-17 11:59:00,24270.2,24273.65,24269.05,24271.65,0
2026-08-17 12:00:00,24271.75,24274.9,24269.6,24271.2,0
2026-08-17 12:01:00,24270.65,24274.8,24269.9,24271.7,0
2026-08-17 12:02:00,24271.3,24274.9,24269.95,24272.05,0
2026-08-17 12:03:00,24271.95,24275.65,24271.3,24273.75,0
2026-08-17 12:04:00,24273.6,24274.1,24263.85,24266.65,0
2026-08-17 12:05:00,24266.25,24270.1,24265.15,24268.5,0
2026-08-17 12:06:00,24267.35,24268.8,24261.7,24262.3,0
2026-08-17 12:07:00,24262.35,24267.2,24260.75,24265.15,0
2026-08-17 12:08:00,24264.5,24266.7,24261.65,24263.55,0
2026-08-17 12:09:00,24262.85,24265.35,24261.1,24265.0,0
2026-08-17 12:10:00,24264.45,24268.9,24262.85,24265.7,0
2026-08-17 12:11:00,24265.9,24268.4,24256.55,24259.85,0
2026-08-17 12:12:00,24259.9,24265.9,24257.85,24263.3,0
2026-08-17 12:13:00,24263.15,24268.95,24262.4,24267.7,0
2026-08-17 12:14:00,24267.45,24272.5,24266.25,24270.75,0
2026-08-17 12:15:00,24270.6,24274.45,24269.8,24271.6,0
2026-08-17 12:16:00,24271.85,24278.35,24271.0,24277.5,0
2026-08-17 12:17:00,24276.95,24284.25,24276.95,24281.55,0
2026-08-17 12:18:00,24280.9,24284.6,24279.55,24283.3,0
2026-08-17 12:19:00,24282.9,24287.6,24282.5,24285.7,0
2026-08-17 12:20:00,24285.8,24286.35,24282.8,24283.4,0
2026-08-17 12:21:00,24283.0,24285.65,24282.25,24282.6,0
2026-08-17 12:22:00,24282.1,24285.05,24281.5,24283.5,0
2026-08-17 12:23:00,24283.25,24287.75,24283.05,24284.4,0
2026-08-17 12:24:00,24284.55,24288.75,24283.35,24286.65,0
2026-08-17 12:25:00,24286.4,24288.45,24283.75,24284.6,0
2026-08-17 12:26:00,24285.15,24287.55,24283.45,24285.85,0
2026-08-17 12:27:00,24285.8,24289.0,24284.65,24286.4,0
2026-08-17 12:28:00,24287.25,24292.0,24286.1,24289.05,0
2026-08-17 12:29:00,24289.7,24291.5,24287.3,24289.95,0
2026-08-17 12:30:00,24288.6,24291.45,24286.1,24288.3,0
2026-08-17 12:31:00,24288.65,24290.9,24287.5,24287.75,0
2026-08-17 12:32:00,24288.35,24295.2,24288.1,24293.25,0
2026-08-17 12:33:00,24293.2,24296.1,24290.9,24294.8,0
2026-08-17 12:34:00,24295.05,24300.05,24294.0,24294.7,0
2026-08-17 12:35:00,24294.55,24296.9,24291.95,24293.2,0
2026-08-17 12:36:00,24293.05,24299.4,24293.05,24297.8,0
2026-08-17 12:37:00,24296.95,24302.75,24296.95,24299.7,0
2026-08-17 12:38:00,24299.3,24305.7,24297.95,24297.95,0
2026-08-17 12:39:00,24297.9,24299.9,24295.8,24297.2,0
2026-08-17 12:40:00,24297.05,24301.4,24295.6,24299.7,0
2026-08-17 12:41:00,24299.85,24303.25,24298.4,24300.75,0
2026-08-17 12:42:00,24301.0,24303.55,24299.45,24303.0,0
2026-08-17 12:43:00,24302.75,24306.75,24301.25,24302.6,0
2026-08-17 12:44:00,24301.25,24306.7,24301.05,24303.2,0
2026-08-17 12:45:00,24303.25,24310.25,24302.4,24309.85,0
2026-08-17 12:46:00,24309.5,24327.05,24309.1,24325.4,0
2026-08-17 12:47:00,24326.0,24332.0,24323.85,24327.8,0
2026-08-17 12:48:00,24328.0,24328.85,24319.6,24323.7,0
2026-08-17 12:49:00,24324.0,24325.05,24319.55,24321.35,0
2026-08-17 12:50:00,24321.65,24328.8,24321.65,24328.05,0
2026-08-17 12:51:00,24327.1,24333.9,24327.1,24331.85,0
2026-08-17 12:52:00,24331.7,24336.7,24329.4,24332.05,0
2026-08-17 12:53:00,24331.8,24335.3,24331.0,24331.55,0
2026-08-17 12:54:00,24331.85,24331.85,24325.9,24328.5,0
2026-08-17 12:55:00,24328.4,24335.0,24328.3,24330.7,0
2026-08-17 12:56:00,24330.45,24330.45,24324.15,24325.45,0
2026-08-17 12:57:00,24325.25,24327.25,24321.1,24322.25,0
2026-08-17 12:58:00,24322.5,24327.35,24321.5,24327.25,0
2026-08-17 12:59:00,24326.5,24334.3,24326.15,24334.0,0
2026-08-17 13:00:00,24334.15,24347.45,24332.5,24342.0,0
2026-08-17 13:01:00,24341.4,24343.35,24336.25,24341.2,0
2026-08-17 13:02:00,24341.9,24350.05,24339.9,24348.55,0
2026-08-17 13:03:00,24348.8,24354.3,24346.8,24353.4,0
2026-08-17 13:04:00,24352.7,24352.7,24341.9,24343.95,0
2026-08-17 13:05:00,24343.2,24350.55,24342.85,24347.55,0
2026-08-17 13:06:00,24348.05,24349.95,24344.2,24344.85,0
2026-08-17 13:07:00,24345.65,24346.3,24342.4,24344.4,0
2026-08-17 13:08:00,24344.6,24345.9,24341.2,24341.55,0
2026-08-17 13:09:00,24342.1,24344.05,24335.65,24338.5,0
2026-08-17 13:10:00,24338.9,24342.1,24335.2,24336.25,0
2026-08-17 13:11:00,24336.3,24343.5,24335.6,24342.6,0
2026-08-17 13:12:00,24342.95,24346.95,24341.3,24345.05,0
2026-08-17 13:13:00,24345.55,24352.95,24344.85,24349.25,0
2026-08-17 13:14:00,24349.6,24349.75,24346.0,24346.6,0
2026-08-17 13:15:00,24346.15,24355.05,24346.15,24352.05,0
2026-08-17 13:16:00,24352.6,24354.0,24349.55,24351.05,0
2026-08-17 13:17:00,24351.3,24352.5,24345.8,24347.7,0
2026-08-17 13:18:00,24348.1,24348.65,24344.95,24346.55,0
2026-08-17 13:19:00,24347.1,24351.1,24346.45,24349.25,0
2026-08-17 13:20:00,24350.55,24353.05,24347.2,24348.35,0
2026-08-17 13:21:00,24348.4,24350.7,24346.2,24348.0,0
2026-08-17 13:22:00,24348.25,24348.95,24342.3,24343.65,0
2026-08-17 13:23:00,24342.65,24346.75,24342.1,24345.25,0
2026-08-17 13:24:00,24344.55,24346.4,24342.15,24346.3,0
2026-08-17 13:25:00,24345.5,24347.05,24342.3,24346.25,0
2026-08-17 13:26:00,24346.2,24349.15,24344.45,24346.65,0
2026-08-17 13:27:00,24345.7,24353.65,24345.45,24352.35,0
2026-08-17 13:28:00,24352.25,24356.15,24350.75,24352.85,0
2026-08-17 13:29:00,24352.5,24354.9,24351.6,24352.95,0
2026-08-17 13:30:00,24352.5,24358.0,24351.7,24352.7,0
2026-08-17 13:31:00,24353.1,24355.05,24350.2,24354.2,0
2026-08-17 13:32:00,24354.7,24355.4,24349.9,24353.05,0
2026-08-17 13:33:00,24354.0,24354.0,24346.15,24347.3,0
2026-08-17 13:34:00,24347.55,24351.4,24345.2,24349.15,0
2026-08-17 13:35:00,24349.3,24350.75,24342.6,24343.1,0
2026-08-17 13:36:00,24343.3,24346.2,24339.8,24346.2,0
2026-08-17 13:37:00,24344.95,24345.55,24341.0,24342.4,0
2026-08-17 13:38:00,24342.5,24349.35,24340.05,24347.25,0
2026-08-17 13:39:00,24346.8,24347.55,24342.45,24346.0,0
2026-08-17 13:40:00,24346.4,24347.6,24340.45,24346.65,0
2026-08-17 13:41:00,24347.65,24350.1,24343.3,24348.85,0
2026-08-17 13:42:00,24349.25,24359.3,24347.6,24355.6,0
2026-08-17 13:43:00,24355.9,24356.9,24351.15,24354.15,0
2026-08-17 13:44:00,24354.05,24355.75,24351.9,24353.65,0
2026-08-17 13:45:00,24353.9,24357.4,24353.6,24356.6,0
2026-08-17 13:46:00,24356.85,24359.6,24353.45,24354.9,0
2026-08-17 13:47:00,24355.0,24355.8,24351.25,24352.45,0
2026-08-17 13:48:00,24352.65,24352.65,24342.75,24343.35,0
2026-08-17 13:49:00,24343.85,24346.6,24341.6,24343.7,0
2026-08-17 13:50:00,24343.5,24344.75,24340.25,24341.6,0
2026-08-17 13:51:00,24342.1,24343.25,24335.9,24338.15,0
2026-08-17 13:52:00,24338.35,24341.3,24337.2,24338.5,0
2026-08-17 13:53:00,24339.75,24341.85,24337.95,24338.75,0
2026-08-17 13:54:00,24339.2,24342.7,24337.3,24339.8,0
2026-08-17 13:55:00,24340.3,24342.75,24337.75,24338.7,0
2026-08-17 13:56:00,24338.9,24340.2,24335.4,24336.5,0
2026-08-17 13:57:00,24336.25,24337.65,24332.45,24334.45,0
2026-08-17 13:58:00,24334.3,24337.85,24333.35,24337.85,0
2026-08-17 13:59:00,24338.35,24340.35,24334.95,24338.3,0
2026-08-17 14:00:00,24338.6,24339.55,24334.4,24338.8,0
2026-08-17 14:01:00,24339.6,24341.6,24336.25,24341.55,0
2026-08-17 14:02:00,24342.15,24346.75,24338.7,24343.45,0
2026-08-17 14:03:00,24343.8,24344.55,24339.6,24340.6,0
2026-08-17 14:04:00,24340.7,24343.5,24338.35,24342.95,0
2026-08-17 14:05:00,24343.3,24346.1,24340.8,24344.05,0
2026-08-17 14:06:00,24343.6,24344.55,24341.25,24343.25,0
2026-08-17 14:07:00,24342.95,24344.45,24340.3,24341.55,0
2026-08-17 14:08:00,24341.95,24342.85,24339.5,24341.3,0
2026-08-17 14:09:00,24341.25,24343.15,24340.0,24340.8,0
2026-08-17 14:10:00,24341.5,24342.15,24338.7,24340.65,0
2026-08-17 14:11:00,24340.35,24341.15,24334.65,24335.3,0
2026-08-17 14:12:00,24335.55,24339.7,24333.55,24337.45,0
2026-08-17 14:13:00,24337.5,24338.15,24329.95,24331.45,0
2026-08-17 14:14:00,24331.8,24333.35,24329.5,24331.15,0
2026-08-17 14:15:00,24330.7,24331.7,24328.25,24330.25,0
2026-08-17 14:16:00,24330.9,24335.75,24329.3,24335.1,0
2026-08-17 14:17:00,24335.6,24338.25,24334.4,24337.7,0
2026-08-17 14:18:00,24340.15,24343.05,24338.45,24341.7,0
2026-08-17 14:19:00,24342.3,24342.85,24338.25,24339.15,0
2026-08-17 14:20:00,24337.15,24339.5,24333.8,24339.1,0
2026-08-17 14:21:00,24339.2,24339.95,24332.0,24333.3,0
2026-08-17 14:22:00,24334.15,24334.15,24328.0,24330.15,0
2026-08-17 14:23:00,24330.35,24332.1,24323.75,24325.7,0
2026-08-17 14:24:00,24325.05,24328.75,24322.7,24324.5,0
2026-08-17 14:25:00,24324.8,24326.4,24322.7,24324.6,0
2026-08-17 14:26:00,24324.4,24328.65,24322.65,24326.25,0
2026-08-17 14:27:00,24326.75,24328.55,24323.15,24325.8,0
2026-08-17 14:28:00,24325.55,24327.35,24322.55,24324.6,0
2026-08-17 14:29:00,24325.7,24327.55,24324.35,24326.75,0
2026-08-17 14:30:00,24327.35,24332.1,24326.2,24329.2,0
2026-08-17 14:31:00,24329.45,24331.05,24325.6,24326.8,0
2026-08-17 14:32:00,24327.3,24331.7,24325.45,24329.6,0
2026-08-17 14:33:00,24329.0,24331.55,24325.9,24328.6,0
2026-08-17 14:34:00,24328.2,24330.45,24327.1,24328.35,0
2026-08-17 14:35:00,24329.2,24331.8,24324.7,24326.15,0
2026-08-17 14:36:00,24325.85,24326.25,24317.9,24320.65,0
2026-08-17 14:37:00,24321.15,24327.05,24320.85,24322.8,0
2026-08-17 14:38:00,24322.65,24327.2,24319.4,24320.4,0
2026-08-17 14:39:00,24321.1,24329.45,24320.15,24328.5,0
2026-08-17 14:40:00,24328.55,24333.2,24326.75,24332.35,0
2026-08-17 14:41:00,24331.45,24336.3,24329.1,24333.15,0
2026-08-17 14:42:00,24333.05,24337.15,24331.95,24336.95,0
2026-08-17 14:43:00,24337.15,24337.9,24334.2,24336.25,0
2026-08-17 14:44:00,24336.3,24336.6,24331.05,24335.4,0
2026-08-17 14:45:00,24334.4,24337.1,24333.7,24334.4,0
2026-08-17 14:46:00,24333.8,24336.0,24332.7,24334.55,0
2026-08-17 14:47:00,24333.45,24335.6,24330.95,24335.1,0
2026-08-17 14:48:00,24333.65,24340.6,24332.5,24339.1,0
2026-08-17 14:49:00,24337.4,24340.25,24337.0,24339.2,0
2026-08-17 14:50:00,24336.9,24346.05,24336.9,24344.65,0
2026-08-17 14:51:00,24344.25,24345.6,24336.3,24337.05,0
2026-08-17 14:52:00,24336.5,24340.5,24335.1,24336.15,0
2026-08-17 14:53:00,24334.7,24338.6,24333.9,24337.35,0
2026-08-17 14:54:00,24335.45,24345.85,24335.45,24343.95,0
2026-08-17 14:55:00,24342.8,24345.1,24340.45,24342.5,0
2026-08-17 14:56:00,24341.55,24345.0,24340.45,24342.65,0
2026-08-17 14:57:00,24341.5,24342.05,24336.55,24337.8,0
2026-08-17 14:58:00,24336.2,24339.4,24334.5,24337.25,0
2026-08-17 14:59:00,24336.25,24339.75,24336.25,24338.2,0
2026-08-17 15:00:00,24337.7,24337.8,24332.0,24333.25,0
2026-08-17 15:01:00,24331.85,24337.55,24331.8,24337.55,0
2026-08-17 15:02:00,24337.6,24347.65,24336.3,24345.5,0
2026-08-17 15:03:00,24346.35,24353.55,24344.85,24352.35,0
2026-08-17 15:04:00,24352.25,24353.85,24348.35,24352.05,0
2026-08-17 15:05:00,24351.0,24352.75,24341.6,24344.5,0
2026-08-17 15:06:00,24344.2,24347.55,24341.35,24345.05,0
2026-08-17 15:07:00,24344.6,24347.35,24342.55,24344.85,0
2026-08-17 15:08:00,24344.2,24352.35,24343.6,24352.05,0
2026-08-17 15:09:00,24351.2,24353.7,24347.15,24349.4,0
2026-08-17 15:10:00,24348.75,24353.85,24347.65,24352.45,0
2026-08-17 15:11:00,24352.9,24356.65,24349.05,24354.6,0
2026-08-17 15:12:00,24355.15,24360.1,24351.6,24356.15,0
2026-08-17 15:13:00,24355.6,24358.9,24350.9,24357.35,0
2026-08-17 15:14:00,24356.25,24356.75,24330.7,24339.6,0
2026-08-17 15:15:00,24339.8,24339.8,24339.8,24339.8,0
2026-08-17 15:28:00,24287.65,24287.65,24287.65,24287.65,0
2026-08-18 09:15:00,24223.85,24253.95,24211.1,24244.35,0
2026-08-18 09:16:00,24245.6,24251.4,24237.65,24238.0,0
2026-08-18 09:17:00,24239.45,24239.8,24228.45,24232.7,0
2026-08-18 09:18:00,24233.95,24238.75,24230.15,24234.15,0
2026-08-18 09:19:00,24237.1,24240.2,24233.4,24238.85,0
2026-08-18 09:20:00,24239.6,24240.6,24232.45,24234.9,0
2026-08-18 09:21:00,24236.45,24238.0,24230.75,24232.85,0
2026-08-18 09:22:00,24234.25,24236.6,24229.85,24231.95,0
2026-08-18 09:23:00,24232.85,24239.45,24231.2,24237.95,0
2026-08-18 09:24:00,24238.95,24246.55,24237.2,24244.35,0
2026-08-18 09:25:00,24246.25,24248.15,24241.1,24247.3,0
2026-08-18 09:26:00,24248.95,24266.45,24248.35,24265.65,0
2026-08-18 09:27:00,24266.25,24269.65,24258.45,24259.3,0
2026-08-18 09:28:00,24259.7,24260.15,24248.1,24248.4,0
2026-08-18 09:29:00,24249.6,24252.25,24244.45,24245.1,0
2026-08-18 09:30:00,24246.4,24246.4,24229.0,24231.1,0
2026-08-18 09:31:00,24232.6,24233.55,24221.85,24224.1,0
2026-08-18 09:32:00,24225.45,24225.5,24220.65,24223.2,0
2026-08-18 09:33:00,24224.5,24227.05,24222.2,24227.05,0
2026-08-18 09:34:00,24227.6,24236.0,24226.1,24232.65,0
2026-08-18 09:35:00,24233.5,24233.95,24229.7,24232.3,0
2026-08-18 09:36:00,24234.65,24246.05,24233.0,24244.85,0
2026-08-18 09:37:00,24245.85,24246.0,24240.6,24243.0,0
2026-08-18 09:38:00,24244.3,24244.3,24235.7,24237.15,0
2026-08-18 09:39:00,24238.4,24248.7,24236.1,24247.3,0
2026-08-18 09:40:00,24249.2,24249.2,24240.35,24242.05,0
2026-08-18 09:41:00,24243.4,24246.25,24241.1,24243.9,0
2026-08-18 09:42:00,24245.25,24245.25,24233.95,24235.9,0
2026-08-18 09:43:00,24236.9,24237.85,24230.4,24231.95,0
2026-08-18 09:44:00,24234.05,24234.6,24222.95,24224.55,0
2026-08-18 09:45:00,24226.15,24226.15,24217.0,24219.9,0
2026-08-18 09:46:00,24221.4,24222.45,24216.45,24216.5,0
2026-08-18 09:47:00,24216.95,24223.75,24214.85,24223.75,0
2026-08-18 09:48:00,24224.1,24230.55,24222.6,24230.55,0
2026-08-18 09:49:00,24231.85,24232.05,24228.5,24228.5,0
2026-08-18 09:50:00,24230.8,24231.75,24227.9,24231.55,0
2026-08-18 09:51:00,24231.75,24233.7,24227.25,24227.45,0
2026-08-18 09:52:00,24229.9,24229.9,24224.15,24228.7,0
2026-08-18 09:53:00,24230.1,24239.9,24228.45,24239.9,0
2026-08-18 09:54:00,24240.95,24241.35,24235.3,24235.3,0
2026-08-18 09:55:00,24236.65,24237.3,24226.15,24227.5,0
2026-08-18 09:56:00,24228.2,24231.0,24225.65,24231.0,0
2026-08-18 09:57:00,24231.35,24232.45,24228.95,24229.0,0
2026-08-18 09:58:00,24230.0,24230.35,24221.5,24225.35,0
2026-08-18 09:59:00,24227.4,24234.5,24226.1,24234.5,0
2026-08-18 10:00:00,24234.1,24234.6,24222.8,24223.7,0
2026-08-18 10:01:00,24225.4,24226.55,24222.65,24222.95,0
2026-08-18 10:02:00,24223.4,24224.0,24215.7,24216.15,0
2026-08-18 10:03:00,24217.35,24220.2,24213.0,24218.25,0
2026-08-18 10:04:00,24218.6,24222.95,24215.45,24222.8,0
2026-08-18 10:05:00,24223.4,24225.3,24221.3,24224.6,0
2026-08-18 10:06:00,24226.15,24228.2,24223.4,24224.65,0
2026-08-18 10:07:00,24225.95,24228.4,24222.5,24225.0,0
2026-08-18 10:08:00,24226.6,24226.65,24223.45,24225.2,0
2026-08-18 10:09:00,24225.25,24226.25,24221.45,24221.6,0
2026-08-18 10:10:00,24223.05,24223.3,24220.2,24222.7,0
2026-08-18 10:11:00,24223.75,24224.9,24220.1,24222.3,0
2026-08-18 10:12:00,24223.55,24224.45,24220.05,24222.25,0
2026-08-18 10:13:00,24223.35,24224.1,24219.75,24220.35,0
2026-08-18 10:14:00,24222.0,24222.0,24218.0,24220.2,0
2026-08-18 10:15:00,24221.1,24221.1,24209.65,24210.35,0
2026-08-18 10:16:00,24211.85,24212.2,24209.15,24209.15,0
2026-08-18 10:17:00,24210.05,24211.8,24208.0,24210.65,0
2026-08-18 10:18:00,24211.05,24214.5,24209.8,24212.8,0
2026-08-18 10:19:00,24214.15,24215.95,24212.25,24214.05,0
2026-08-18 10:20:00,24215.05,24217.0,24210.8,24215.6,0
2026-08-18 10:21:00,24216.7,24217.15,24211.4,24214.85,0
2026-08-18 10:22:00,24215.8,24218.0,24215.15,24215.25,0
2026-08-18 10:23:00,24217.25,24220.75,24215.5,24215.85,0
2026-08-18 10:24:00,24217.35,24218.05,24212.35,24216.7,0
2026-08-18 10:25:00,24218.0,24221.45,24210.3,24214.1,0
2026-08-18 10:26:00,24216.3,24218.8,24212.15,24217.5,0
2026-08-18 10:27:00,24219.2,24228.05,24219.0,24226.25,0
2026-08-18 10:28:00,24227.1,24229.8,24225.45,24227.05,0
2026-08-18 10:29:00,24229.25,24231.05,24225.4,24225.85,0
2026-08-18 10:30:00,24227.0,24230.75,24226.2,24229.95,0
2026-08-18 10:31:00,24230.9,24230.95,24227.85,24229.65,0
2026-08-18 10:32:00,24230.8,24230.8,24225.4,24226.0,0
2026-08-18 10:33:00,24227.25,24229.4,24225.45,24227.55,0
2026-08-18 10:34:00,24228.6,24231.3,24226.85,24231.2,0
2026-08-18 10:35:00,24231.55,24233.4,24228.9,24231.8,0
2026-08-18 10:36:00,24232.8,24233.2,24228.05,24228.6,0
2026-08-18 10:37:00,24229.5,24231.5,24227.55,24230.5,0
2026-08-18 10:38:00,24231.65,24232.6,24229.95,24230.75,0
2026-08-18 10:39:00,24232.6,24232.8,24226.0,24226.1,0
2026-08-18 10:40:00,24227.3,24227.3,24217.55,24217.55,0
2026-08-18 10:41:00,24218.4,24223.4,24217.5,24221.55,0
2026-08-18 10:42:00,24223.4,24223.4,24211.8,24212.9,0
2026-08-18 10:43:00,24213.3,24215.05,24210.05,24213.9,0
2026-08-18 10:44:00,24215.95,24217.45,24214.0,24214.8,0
2026-08-18 10:45:00,24216.15,24216.4,24209.6,24210.25,0
2026-08-18 10:46:00,24211.45,24211.45,24203.45,24204.25,0
2026-08-18 10:47:00,24205.65,24205.65,24196.3,24196.5,0
2026-08-18 10:48:00,24198.1,24203.9,24195.95,24202.65,0
2026-08-18 10:49:00,24203.9,24206.5,24202.25,24204.75,0
2026-08-18 10:50:00,24206.25,24209.45,24204.95,24207.95,0
2026-08-18 10:51:00,24209.2,24210.0,24196.5,24197.75,0
2026-08-18 10:52:00,24198.85,24202.45,24195.45,24198.0,0
2026-08-18 10:53:00,24199.0,24199.55,24193.75,24194.45,0
2026-08-18 10:54:00,24194.75,24197.25,24192.5,24195.55,0
2026-08-18 10:55:00,24196.95,24197.4,24188.5,24189.25,0
2026-08-18 10:56:00,24191.65,24193.55,24187.3,24191.35,0
2026-08-18 10:57:00,24193.05,24195.0,24190.35,24193.35,0
2026-08-18 10:58:00,24194.6,24197.15,24192.25,24194.45,0
2026-08-18 10:59:00,24196.15,24201.8,24193.6,24200.25,0
2026-08-18 11:00:00,24201.95,24202.8,24197.4,24198.0,0
2026-08-18 11:01:00,24198.95,24199.15,24194.85,24197.8,0
2026-08-18 11:02:00,24198.8,24202.15,24196.15,24198.8,0
2026-08-18 11:03:00,24200.1,24203.85,24197.65,24203.65,0
2026-08-18 11:04:00,24204.3,24205.85,24202.25,24205.85,0
2026-08-18 11:05:00,24205.5,24207.2,24201.95,24203.4,0
2026-08-18 11:06:00,24204.8,24206.4,24201.7,24204.2,0
2026-08-18 11:07:00,24204.7,24209.0,24203.2,24205.55,0
2026-08-18 11:08:00,24206.75,24210.3,24205.8,24208.75,0
2026-08-18 11:09:00,24210.0,24211.5,24206.55,24207.25,0
2026-08-18 11:10:00,24208.25,24208.7,24201.95,24204.9,0
2026-08-18 11:11:00,24206.05,24206.3,24202.45,24203.8,0
2026-08-18 11:12:00,24204.8,24204.8,24199.7,24200.5,0
2026-08-18 11:13:00,24201.15,24203.3,24197.25,24202.95,0
2026-08-18 11:14:00,24204.1,24206.3,24201.5,24202.35,0
2026-08-18 11:15:00,24203.75,24209.15,24200.75,24206.9,0
2026-08-18 11:16:00,24208.0,24208.0,24201.5,24202.3,0
2026-08-18 11:17:00,24203.1,24203.25,24199.05,24199.75,0
2026-08-18 11:18:00,24200.7,24200.75,24194.95,24195.3,0
2026-08-18 11:19:00,24197.95,24198.75,24195.15,24197.75,0
2026-08-18 11:20:00,24198.9,24198.9,24195.2,24195.5,0
2026-08-18 11:21:00,24196.4,24196.55,24191.45,24191.65,0
2026-08-18 11:22:00,24192.85,24193.15,24190.05,24192.25,0
2026-08-18 11:23:00,24193.5,24193.7,24189.65,24190.9,0
2026-08-18 11:24:00,24192.4,24196.35,24190.1,24195.75,0
2026-08-18 11:25:00,24195.5,24195.6,24191.3,24192.25,0
2026-08-18 11:26:00,24192.9,24192.9,24189.85,24190.3,0
2026-08-18 11:27:00,24190.1,24190.1,24183.45,24185.35,0
2026-08-18 11:28:00,24186.6,24186.6,24183.6,24185.8,0
2026-08-18 11:29:00,24186.95,24188.0,24182.3,24182.65,0
2026-08-18 11:30:00,24183.75,24183.75,24174.85,24175.0,0
2026-08-18 11:31:00,24176.65,24179.45,24174.45,24176.95,0
2026-08-18 11:32:00,24178.1,24187.75,24177.0,24185.6,0
2026-08-18 11:33:00,24186.1,24189.9,24183.15,24184.75,0
2026-08-18 11:34:00,24185.05,24190.65,24184.7,24190.65,0
2026-08-18 11:35:00,24191.45,24193.95,24190.7,24192.4,0
2026-08-18 11:36:00,24193.7,24193.7,24188.85,24191.65,0
2026-08-18 11:37:00,24192.15,24194.55,24189.45,24190.6,0
2026-08-18 11:38:00,24192.1,24201.1,24191.3,24199.1,0
2026-08-18 11:39:00,24201.2,24201.9,24196.45,24196.6,0
2026-08-18 11:40:00,24198.0,24198.65,24193.85,24195.45,0
2026-08-18 11:41:00,24196.8,24199.45,24195.25,24196.95,0
2026-08-18 11:42:00,24198.1,24198.65,24196.45,24198.5,0
2026-08-18 11:43:00,24199.0,24199.75,24197.5,24198.4,0
2026-08-18 11:44:00,24198.95,24199.85,24197.05,24198.4,0
2026-08-18 11:45:00,24198.5,24200.6,24196.4,24198.95,0
2026-08-18 11:46:00,24200.5,24202.45,24198.15,24199.9,0
2026-08-18 11:47:00,24200.85,24203.8,24198.35,24199.55,0
2026-08-18 11:48:00,24200.4,24200.4,24196.85,24198.05,0
2026-08-18 11:49:00,24199.85,24201.45,24197.75,24200.1,0
2026-08-18 11:50:00,24201.55,24211.7,24200.5,24211.7,0
2026-08-18 11:51:00,24211.45,24214.4,24205.45,24206.0,0
2026-08-18 11:52:00,24207.4,24209.3,24205.2,24206.45,0
2026-08-18 11:53:00,24207.5,24208.6,24204.7,24205.65,0
2026-08-18 11:54:00,24206.75,24208.15,24198.3,24199.2,0
2026-08-18 11:55:00,24201.2,24201.85,24196.6,24200.85,0
2026-08-18 11:56:00,24201.25,24201.4,24195.8,24199.0,0
2026-08-18 11:57:00,24200.85,24205.65,24198.65,24204.4,0
2026-08-18 11:58:00,24204.55,24206.25,24200.9,24204.6,0
2026-08-18 11:59:00,24205.2,24208.5,24203.4,24206.8,0
2026-08-18 12:00:00,24208.3,24208.9,24206.1,24207.05,0
2026-08-18 12:01:00,24207.5,24207.9,24202.9,24203.1,0
2026-08-18 12:02:00,24204.85,24208.3,24201.85,24206.95,0
2026-08-18 12:03:00,24208.2,24209.85,24202.6,24209.85,0
2026-08-18 12:04:00,24210.3,24215.45,24208.45,24213.15,0
2026-08-18 12:05:00,24214.95,24218.3,24214.5,24215.45,0
2026-08-18 12:06:00,24217.0,24217.3,24212.9,24214.75,0
2026-08-18 12:07:00,24215.0,24219.95,24213.15,24219.5,0
2026-08-18 12:08:00,24219.9,24220.2,24213.25,24215.15,0
2026-08-18 12:09:00,24215.9,24218.05,24213.65,24215.8,0
2026-08-18 12:10:00,24217.45,24219.45,24213.8,24217.7,0
2026-08-18 12:11:00,24218.55,24220.8,24216.85,24217.65,0
2026-08-18 12:12:00,24218.75,24218.75,24213.95,24214.4,0
2026-08-18 12:13:00,24214.35,24216.35,24209.45,24211.45,0
2026-08-18 12:14:00,24212.1,24213.9,24208.1,24212.95,0
2026-08-18 12:15:00,24213.2,24215.1,24211.15,24211.9,0
2026-08-18 12:16:00,24212.85,24212.85,24205.45,24207.9,0
2026-08-18 12:17:00,24208.75,24211.0,24205.25,24208.4,0
2026-08-18 12:18:00,24210.0,24212.15,24208.25,24210.6,0
2026-08-18 12:19:00,24210.7,24211.6,24207.35,24209.2,0
2026-08-18 12:20:00,24210.0,24211.2,24205.7,24207.2,0
2026-08-18 12:21:00,24208.2,24208.8,24203.65,24205.4,0
2026-08-18 12:22:00,24207.15,24209.85,24203.85,24209.0,0
2026-08-18 12:23:00,24209.9,24210.8,24206.1,24208.15,0
2026-08-18 12:24:00,24208.5,24209.0,24204.85,24206.15,0
2026-08-18 12:25:00,24206.9,24210.75,24204.7,24208.65,0
2026-08-18 12:26:00,24209.85,24210.85,24206.55,24207.65,0
2026-08-18 12:27:00,24209.35,24211.05,24206.75,24208.5,0
2026-08-18 12:28:00,24210.05,24214.1,24207.95,24213.45,0
2026-08-18 12:29:00,24213.85,24217.4,24211.05,24212.8,0
2026-08-18 12:30:00,24213.25,24218.4,24212.35,24217.05,0
2026-08-18 12:31:00,24218.05,24220.35,24216.25,24216.4,0
2026-08-18 12:32:00,24217.55,24217.55,24213.2,24214.45,0
2026-08-18 12:33:00,24215.5,24216.75,24213.4,24214.65,0
2026-08-18 12:34:00,24214.7,24216.3,24212.85,24214.7,0
2026-08-18 12:35:00,24215.3,24217.8,24213.65,24216.2,0
2026-08-18 12:36:00,24216.6,24218.25,24213.85,24214.5,0
2026-08-18 12:37:00,24214.85,24215.4,24210.25,24210.4,0
2026-08-18 12:38:00,24211.75,24211.75,24207.65,24208.9,0
2026-08-18 12:39:00,24209.8,24210.35,24205.6,24208.25,0
2026-08-18 12:40:00,24208.7,24208.7,24203.65,24205.2,0
2026-08-18 12:41:00,24205.95,24205.95,24202.55,24204.05,0
2026-08-18 12:42:00,24205.05,24205.2,24199.55,24201.65,0
2026-08-18 12:43:00,24202.7,24203.15,24199.15,24201.45,0
2026-08-18 12:44:00,24201.8,24201.8,24196.0,24198.05,0
2026-08-18 12:45:00,24198.0,24202.75,24196.5,24201.25,0
2026-08-18 12:46:00,24201.75,24201.75,24194.45,24197.9,0
2026-08-18 12:47:00,24198.4,24200.6,24197.65,24198.2,0
2026-08-18 12:48:00,24199.75,24202.05,24198.75,24201.55,0
2026-08-18 12:49:00,24202.85,24206.85,24202.25,24205.55,0
2026-08-18 12:50:00,24206.3,24210.7,24204.95,24206.15,0
2026-08-18 12:51:00,24207.6,24210.6,24204.55,24208.75,0
2026-08-18 12:52:00,24209.65,24210.45,24206.45,24207.8,0
2026-08-18 12:53:00,24207.55,24208.2,24204.45,24205.7,0
2026-08-18 12:54:00,24207.3,24208.35,24203.5,24206.5,0
2026-08-18 12:55:00,24207.45,24210.05,24205.95,24208.25,0
2026-08-18 12:56:00,24208.9,24209.05,24203.05,24204.5,0
2026-08-18 12:57:00,24205.4,24206.35,24200.95,24202.65,0
2026-08-18 12:58:00,24203.0,24204.4,24200.55,24203.15,0
2026-08-18 12:59:00,24202.95,24202.95,24198.75,24199.05,0
2026-08-18 13:00:00,24200.0,24200.15,24189.9,24190.9,0
2026-08-18 13:01:00,24191.5,24191.9,24187.85,24190.55,0
2026-08-18 13:02:00,24191.75,24196.15,24190.25,24195.7,0
2026-08-18 13:03:00,24196.15,24196.6,24190.5,24192.2,0
2026-08-18 13:04:00,24193.25,24194.95,24190.0,24193.7,0
2026-08-18 13:05:00,24192.4,24192.95,24185.6,24187.5,0
2026-08-18 13:06:00,24188.0,24189.95,24185.6,24187.85,0
2026-08-18 13:07:00,24188.3,24195.75,24187.05,24193.7,0
2026-08-18 13:08:00,24194.55,24197.95,24193.8,24195.2,0
2026-08-18 13:09:00,24196.6,24200.2,24195.7,24198.75,0
2026-08-18 13:10:00,24200.05,24201.85,24196.35,24198.6,0
2026-08-18 13:11:00,24200.85,24201.55,24197.05,24199.65,0
2026-08-18 13:12:00,24200.85,24203.0,24197.95,24201.65,0
2026-08-18 13:13:00,24202.1,24204.9,24199.95,24202.7,0
2026-08-18 13:14:00,24204.1,24204.55,24199.8,24202.6,0
2026-08-18 13:15:00,24204.5,24206.95,24202.1,24205.6,0
2026-08-18 13:16:00,24206.55,24207.7,24203.35,24204.85,0
2026-08-18 13:17:00,24206.15,24208.9,24203.7,24207.15,0
2026-08-18 13:18:00,24208.25,24210.7,24205.05,24208.6,0
2026-08-18 13:19:00,24208.75,24209.4,24203.65,24206.95,0
2026-08-18 13:20:00,24207.4,24207.4,24201.75,24203.1,0
2026-08-18 13:21:00,24203.9,24207.1,24200.85,24203.05,0
2026-08-18 13:22:00,24204.45,24208.9,24202.5,24204.35,0
2026-08-18 13:23:00,24206.3,24207.4,24202.65,24203.5,0
2026-08-18 13:24:00,24205.2,24206.45,24201.4,24204.2,0
2026-08-18 13:25:00,24205.45,24207.15,24201.25,24201.65,0
2026-08-18 13:26:00,24201.7,24204.35,24198.65,24202.2,0
2026-08-18 13:27:00,24203.65,24205.1,24198.7,24200.7,0
2026-08-18 13:28:00,24202.45,24205.6,24200.1,24200.75,0
2026-08-18 13:29:00,24201.65,24208.05,24200.65,24207.85,0
2026-08-18 13:30:00,24208.35,24208.8,24203.05,24206.1,0
2026-08-18 13:31:00,24207.25,24208.75,24204.25,24208.25,0
2026-08-18 13:32:00,24209.0,24209.0,24203.6,24205.4,0
2026-08-18 13:33:00,24205.7,24206.6,24202.65,24205.7,0
2026-08-18 13:34:00,24205.35,24205.55,24201.75,24203.15,0
2026-08-18 13:35:00,24203.8,24205.35,24201.75,24202.7,0
2026-08-18 13:36:00,24204.15,24204.75,24194.2,24194.2,0
2026-08-18 13:37:00,24195.45,24195.5,24190.1,24193.9,0
2026-08-18 13:38:00,24194.5,24197.2,24192.85,24196.0,0
2026-08-18 13:39:00,24197.65,24198.05,24192.8,24194.75,0
2026-08-18 13:40:00,24195.4,24198.1,24193.75,24195.7,0
2026-08-18 13:41:00,24197.25,24201.0,24194.55,24198.5,0
2026-08-18 13:42:00,24199.1,24200.3,24196.8,24197.4,0
2026-08-18 13:43:00,24198.5,24199.7,24195.3,24197.05,0
2026-08-18 13:44:00,24197.5,24204.65,24197.5,24202.0,0
2026-08-18 13:45:00,24202.65,24206.85,24200.45,24206.2,0
2026-08-18 13:46:00,24206.65,24207.6,24203.6,24203.95,0
2026-08-18 13:47:00,24204.9,24205.75,24203.2,24205.3,0
2026-08-18 13:48:00,24206.35,24206.35,24201.85,24204.8,0
2026-08-18 13:49:00,24205.9,24206.6,24202.95,24204.7,0
2026-08-18 13:50:00,24206.1,24206.1,24200.5,24201.85,0
2026-08-18 13:51:00,24202.75,24205.1,24199.2,24199.2,0
2026-08-18 13:52:00,24200.45,24200.45,24195.0,24195.0,0
2026-08-18 13:53:00,24196.5,24198.3,24195.1,24197.55,0
2026-08-18 13:54:00,24197.65,24199.6,24194.75,24196.15,0
2026-08-18 13:55:00,24197.9,24198.85,24195.6,24198.65,0
2026-08-18 13:56:00,24199.25,24200.1,24191.35,24193.65,0
2026-08-18 13:57:00,24194.7,24194.9,24187.9,24189.5,0
2026-08-18 13:58:00,24190.75,24191.3,24188.25,24189.85,0
2026-08-18 13:59:00,24190.7,24193.6,24189.6,24190.8,0
2026-08-18 14:00:00,24192.95,24196.15,24191.8,24193.2,0
2026-08-18 14:01:00,24194.95,24194.95,24191.0,24192.2,0
2026-08-18 14:02:00,24192.85,24199.75,24192.25,24199.35,0
2026-08-18 14:03:00,24199.75,24200.85,24197.85,24200.0,0
2026-08-18 14:04:00,24201.55,24207.8,24200.1,24206.75,0
2026-08-18 14:05:00,24207.75,24209.5,24195.1,24196.7,0
2026-08-18 14:06:00,24200.95,24206.3,24197.1,24200.25,0
2026-08-18 14:07:00,24202.65,24203.7,24197.8,24200.2,0
2026-08-18 14:08:00,24201.25,24201.25,24196.15,24196.15,0
2026-08-18 14:09:00,24198.0,24198.0,24194.35,24195.95,0
2026-08-18 14:10:00,24196.55,24197.0,24193.25,24193.4,0
2026-08-18 14:11:00,24195.0,24195.2,24189.2,24189.45,0
2026-08-18 14:12:00,24190.85,24194.4,24189.25,24191.85,0
2026-08-18 14:13:00,24193.95,24195.55,24192.6,24193.55,0
2026-08-18 14:14:00,24194.7,24198.0,24191.9,24195.55,0
2026-08-18 14:15:00,24196.95,24197.95,24191.95,24192.05,0
2026-08-18 14:16:00,24192.7,24194.6,24191.25,24194.3,0
2026-08-18 14:17:00,24194.15,24197.6,24192.3,24194.05,0
2026-08-18 14:18:00,24194.95,24198.3,24194.3,24196.7,0
2026-08-18 14:19:00,24196.8,24198.1,24189.85,24191.0,0
2026-08-18 14:20:00,24191.45,24195.7,24190.1,24194.65,0
2026-08-18 14:21:00,24195.35,24195.7,24192.65,24193.1,0
2026-08-18 14:22:00,24193.15,24193.3,24188.15,24191.25,0
2026-08-18 14:23:00,24192.3,24193.0,24185.85,24187.45,0
2026-08-18 14:24:00,24190.1,24200.3,24188.2,24193.75,0
2026-08-18 14:25:00,24194.85,24200.6,24192.9,24196.25,0
2026-08-18 14:26:00,24196.0,24196.25,24192.35,24194.65,0
2026-08-18 14:27:00,24194.95,24195.2,24181.75,24187.55,0
2026-08-18 14:28:00,24189.75,24195.85,24186.9,24195.15,0
2026-08-18 14:29:00,24195.8,24203.5,24194.8,24199.1,0
2026-08-18 14:30:00,24201.1,24207.0,24197.85,24203.45,0
2026-08-18 14:31:00,24205.15,24205.15,24196.8,24196.9,0
2026-08-18 14:32:00,24198.0,24203.0,24194.1,24198.9,0
2026-08-18 14:33:00,24200.7,24200.7,24194.8,24199.6,0
2026-08-18 14:34:00,24200.5,24203.6,24198.55,24198.55,0
2026-08-18 14:35:00,24200.75,24200.75,24191.85,24194.1,0
2026-08-18 14:36:00,24194.55,24197.35,24192.0,24194.7,0
2026-08-18 14:37:00,24196.35,24200.5,24195.4,24197.25,0
2026-08-18 14:38:00,24198.45,24201.85,24195.65,24199.55,0
2026-08-18 14:39:00,24200.75,24204.45,24198.3,24201.55,0
2026-08-18 14:40:00,24201.75,24203.9,24199.05,24203.5,0
2026-08-18 14:41:00,24203.85,24207.5,24200.0,24201.75,0
2026-08-18 14:42:00,24202.8,24203.05,24198.7,24200.9,0
2026-08-18 14:43:00,24202.2,24202.25,24198.75,24199.2,0
2026-08-18 14:44:00,24201.4,24206.2,24200.4,24205.2,0
2026-08-18 14:45:00,24206.0,24206.05,24200.65,24200.65,0
2026-08-18 14:46:00,24202.0,24211.15,24198.9,24208.45,0
2026-08-18 14:47:00,24209.5,24209.5,24203.1,24205.35,0
2026-08-18 14:48:00,24207.1,24207.1,24201.8,24205.45,0
2026-08-18 14:49:00,24207.2,24209.2,24206.1,24207.1,0
2026-08-18 14:50:00,24208.7,24214.25,24207.45,24211.5,0
2026-08-18 14:51:00,24213.3,24217.7,24211.75,24213.85,0
2026-08-18 14:52:00,24215.5,24216.1,24208.7,24209.75,0
2026-08-18 14:53:00,24210.65,24211.05,24205.8,24205.9,0
2026-08-18 14:54:00,24207.95,24208.65,24204.7,24206.1,0
2026-08-18 14:55:00,24207.35,24212.85,24206.25,24212.1,0
2026-08-18 14:56:00,24212.6,24216.75,24209.6,24213.0,0
2026-08-18 14:57:00,24215.7,24221.1,24212.5,24218.1,0
2026-08-18 14:58:00,24219.55,24219.55,24212.65,24215.3,0
2026-08-18 14:59:00,24216.55,24217.75,24212.6,24214.3,0
2026-08-18 15:00:00,24216.6,24230.05,24210.6,24228.25,0
2026-08-18 15:01:00,24227.85,24230.75,24219.0,24220.3,0
2026-08-18 15:02:00,24221.15,24222.95,24217.0,24219.45,0
2026-08-18 15:03:00,24221.35,24221.35,24209.25,24210.5,0
2026-08-18 15:04:00,24211.6,24212.3,24202.65,24203.2,0
2026-08-18 15:05:00,24205.4,24206.4,24201.2,24205.55,0
2026-08-18 15:06:00,24205.75,24205.75,24197.75,24198.85,0
2026-08-18 15:07:00,24200.65,24200.75,24191.05,24196.2,0
2026-08-18 15:08:00,24196.55,24200.2,24194.5,24200.05,0
2026-08-18 15:09:00,24199.7,24199.7,24191.95,24197.3,0
2026-08-18 15:10:00,24196.5,24200.65,24193.65,24198.45,0
2026-08-18 15:11:00,24199.35,24202.85,24195.65,24198.85,0
2026-08-18 15:12:00,24198.5,24201.3,24189.9,24191.95,0
2026-08-18 15:13:00,24191.05,24191.85,24183.5,24185.15,0
2026-08-18 15:14:00,24182.8,24187.1,24165.45,24165.8,0
2026-08-18 15:15:00,24166.35,24166.35,24166.35,24166.35,0
2026-08-18 15:29:00,24154.9,24154.9,24154.9,24154.9,0
2026-08-19 09:15:00,24152.05,24172.85,24105.75,24117.7,0
2026-08-19 09:16:00,24120.3,24120.8,24108.6,24110.45,0
2026-08-19 09:17:00,24111.8,24114.85,24102.5,24114.6,0
2026-08-19 09:18:00,24115.75,24119.7,24109.7,24113.35,0
2026-08-19 09:19:00,24114.65,24119.6,24109.5,24118.7,0
2026-08-19 09:20:00,24119.75,24120.45,24109.4,24113.7,0
2026-08-19 09:21:00,24114.45,24125.3,24110.9,24122.45,0
2026-08-19 09:22:00,24123.2,24123.2,24113.25,24118.75,0
2026-08-19 09:23:00,24119.5,24120.0,24108.45,24111.15,0
2026-08-19 09:24:00,24112.2,24113.0,24105.3,24106.05,0
2026-08-19 09:25:00,24108.6,24109.4,24098.0,24098.3,0
2026-08-19 09:26:00,24100.65,24103.05,24094.45,24100.7,0
2026-08-19 09:27:00,24103.2,24109.15,24100.4,24104.9,0
2026-08-19 09:28:00,24107.65,24107.65,24098.6,24099.35,0
2026-08-19 09:29:00,24100.85,24101.7,24093.05,24096.75,0
2026-08-19 09:30:00,24098.25,24099.0,24088.65,24089.95,0
2026-08-19 09:31:00,24090.8,24092.05,24080.35,24082.35,0
2026-08-19 09:32:00,24083.9,24087.05,24077.8,24081.25,0
2026-08-19 09:33:00,24082.65,24084.15,24078.4,24079.5,0
2026-08-19 09:34:00,24081.2,24081.2,24071.75,24073.85,0
2026-08-19 09:35:00,24076.4,24077.95,24070.15,24071.2,0
2026-08-19 09:36:00,24074.15,24075.05,24068.35,24071.0,0
2026-08-19 09:37:00,24072.75,24073.55,24066.3,24067.2,0
2026-08-19 09:38:00,24069.5,24069.55,24065.1,24069.55,0
2026-08-19 09:39:00,24070.65,24080.05,24067.1,24079.55,0
2026-08-19 09:40:00,24080.5,24081.3,24069.15,24073.7,0
2026-08-19 09:41:00,24075.75,24079.9,24071.4,24076.75,0
2026-08-19 09:42:00,24078.65,24080.65,24075.25,24080.25,0
2026-08-19 09:43:00,24081.85,24088.35,24078.35,24087.65,0
2026-08-19 09:44:00,24089.1,24090.95,24083.7,24084.55,0
2026-08-19 09:45:00,24085.35,24086.85,24080.3,24082.25,0
2026-08-19 09:46:00,24084.15,24085.55,24079.55,24080.65,0
2026-08-19 09:47:00,24081.75,24084.1,24079.75,24082.15,0
2026-08-19 09:48:00,24084.15,24088.95,24081.3,24088.4,0
2026-08-19 09:49:00,24090.8,24095.45,24085.1,24094.15,0
2026-08-19 09:50:00,24095.35,24103.75,24093.5,24103.75,0
2026-08-19 09:51:00,24105.7,24108.45,24101.45,24102.8,0
2026-08-19 09:52:00,24103.75,24103.75,24096.2,24097.8,0
2026-08-19 09:53:00,24099.5,24106.15,24095.8,24102.45,0
2026-08-19 09:54:00,24104.0,24105.6,24099.4,24099.75,0
2026-08-19 09:55:00,24100.85,24100.9,24093.6,24098.4,0
2026-08-19 09:56:00,24098.75,24102.3,24096.2,24102.1,0
2026-08-19 09:57:00,24102.75,24105.15,24097.9,24099.8,0
2026-08-19 09:58:00,24100.25,24100.8,24094.45,24098.15,0
2026-08-19 09:59:00,24098.05,24098.75,24094.25,24097.8,0
2026-08-19 10:00:00,24097.15,24101.6,24096.75,24098.55,0
2026-08-19 10:01:00,24100.65,24100.65,24093.1,24095.05,0
2026-08-19 10:02:00,24097.95,24100.45,24094.95,24098.2,0
2026-08-19 10:03:00,24100.8,24107.8,24099.0,24105.45,0
2026-08-19 10:04:00,24106.1,24106.1,24098.6,24099.75,0
2026-08-19 10:05:00,24101.55,24102.5,24095.75,24096.3,0
2026-08-19 10:06:00,24098.4,24098.4,24093.85,24096.5,0
2026-08-19 10:07:00,24098.0,24099.6,24095.25,24098.25,0
2026-08-19 10:08:00,24100.35,24101.75,24097.85,24100.5,0
2026-08-19 10:09:00,24101.15,24101.4,24093.6,24094.45,0
2026-08-19 10:10:00,24094.85,24098.55,24092.25,24093.65,0
2026-08-19 10:11:00,24094.6,24095.5,24090.05,24092.95,0
2026-08-19 10:12:00,24095.1,24095.1,24088.55,24090.0,0
2026-08-19 10:13:00,24091.75,24091.75,24085.2,24085.3,0
2026-08-19 10:14:00,24087.35,24091.95,24085.15,24091.8,0
2026-08-19 10:15:00,24093.25,24094.5,24083.05,24083.75,0
2026-08-19 10:16:00,24085.65,24086.35,24081.3,24083.5,0
2026-08-19 10:17:00,24085.9,24086.6,24080.15,24080.25,0
2026-08-19 10:18:00,24083.05,24084.6,24074.25,24075.2,0
2026-08-19 10:19:00,24076.25,24076.25,24071.3,24072.7,0
2026-08-19 10:20:00,24074.45,24074.45,24065.8,24066.1,0
2026-08-19 10:21:00,24068.05,24068.25,24064.05,24065.9,0
2026-08-19 10:22:00,24067.45,24068.85,24065.1,24067.0,0
2026-08-19 10:23:00,24069.0,24069.6,24064.55,24064.7,0
2026-08-19 10:24:00,24067.45,24069.4,24063.2,24065.05,0
2026-08-19 10:25:00,24067.2,24069.0,24064.6,24066.7,0
2026-08-19 10:26:00,24068.35,24068.45,24064.05,24067.8,0
2026-08-19 10:27:00,24069.6,24070.65,24066.5,24068.8,0
2026-08-19 10:28:00,24069.95,24070.75,24067.2,24069.6,0
2026-08-19 10:29:00,24071.25,24071.25,24064.95,24065.2,0
2026-08-19 10:30:00,24066.4,24066.4,24061.25,24063.25,0
2026-08-19 10:31:00,24064.75,24064.75,24057.8,24062.85,0
2026-08-19 10:32:00,24063.6,24065.4,24059.05,24062.8,0
2026-08-19 10:33:00,24064.15,24064.85,24060.0,24063.9,0
2026-08-19 10:34:00,24064.7,24064.9,24056.55,24057.45,0
2026-08-19 10:35:00,24058.85,24060.25,24051.15,24058.3,0
2026-08-19 10:36:00,24059.7,24063.2,24058.15,24061.0,0
2026-08-19 10:37:00,24062.9,24063.05,24054.8,24055.65,0
2026-08-19 10:38:00,24056.85,24056.85,24050.55,24051.55,0
2026-08-19 10:39:00,24054.05,24056.45,24050.75,24051.95,0
2026-08-19 10:40:00,24054.0,24054.05,24049.55,24051.75,0
2026-08-19 10:41:00,24053.8,24054.0,24045.05,24045.45,0
2026-08-19 10:42:00,24047.15,24052.95,24042.9,24052.3,0
2026-08-19 10:43:00,24053.65,24058.45,24048.45,24057.6,0
2026-08-19 10:44:00,24060.0,24061.05,24057.05,24058.4,0
2026-08-19 10:45:00,24060.1,24060.1,24052.6,24054.0,0
2026-08-19 10:46:00,24055.25,24055.25,24051.55,24052.7,0
2026-08-19 10:47:00,24054.4,24055.05,24050.5,24052.4,0
2026-08-19 10:48:00,24054.45,24054.5,24048.65,24051.3,0
2026-08-19 10:49:00,24053.2,24054.65,24051.2,24053.1,0
2026-08-19 10:50:00,24054.9,24054.9,24050.4,24051.15,0
2026-08-19 10:51:00,24052.75,24054.7,24049.65,24052.75,0
2026-08-19 10:52:00,24054.15,24055.1,24050.85,24052.65,0
2026-08-19 10:53:00,24055.1,24058.25,24051.7,24056.65,0
2026-08-19 10:54:00,24057.6,24062.2,24055.8,24061.3,0
2026-08-19 10:55:00,24062.75,24065.6,24059.95,24064.55,0
2026-08-19 10:56:00,24065.6,24067.7,24061.05,24066.15,0
2026-08-19 10:57:00,24067.7,24068.05,24061.15,24064.95,0
2026-08-19 10:58:00,24066.65,24068.3,24062.6,24064.75,0
2026-08-19 10:59:00,24065.85,24066.2,24055.9,24056.1,0
2026-08-19 11:00:00,24058.95,24058.95,24051.75,24053.65,0
2026-08-19 11:01:00,24055.9,24059.2,24052.9,24055.4,0
2026-08-19 11:02:00,24057.15,24057.15,24047.25,24047.65,0
2026-08-19 11:03:00,24050.65,24051.8,24046.05,24047.35,0
2026-08-19 11:04:00,24049.9,24049.9,24044.95,24047.95,0
2026-08-19 11:05:00,24050.0,24050.0,24044.3,24045.8,0
2026-08-19 11:06:00,24047.0,24047.25,24042.2,24043.35,0
2026-08-19 11:07:00,24045.15,24045.25,24029.55,24034.55,0
2026-08-19 11:08:00,24035.45,24041.0,24027.9,24038.1,0
2026-08-19 11:09:00,24039.3,24042.65,24034.8,24041.2,0
2026-08-19 11:10:00,24043.85,24047.6,24041.55,24043.5,0
2026-08-19 11:11:00,24045.6,24048.7,24040.15,24043.0,0
2026-08-19 11:12:00,24045.05,24045.05,24039.1,24041.85,0
2026-08-19 11:13:00,24044.35,24045.9,24038.4,24045.75,0
2026-08-19 11:14:00,24047.85,24051.15,24046.15,24048.5,0
2026-08-19 11:15:00,24051.65,24054.7,24047.8,24051.25,0
2026-08-19 11:16:00,24053.8,24053.8,24045.3,24049.55,0
2026-08-19 11:17:00,24051.6,24052.4,24046.25,24047.75,0
2026-08-19 11:18:00,24049.4,24050.15,24045.35,24048.9,0
2026-08-19 11:19:00,24050.6,24055.4,24047.75,24053.15,0
2026-08-19 11:20:00,24057.0,24060.0,24052.1,24052.95,0
2026-08-19 11:21:00,24056.6,24059.9,24052.1,24059.1,0
2026-08-19 11:22:00,24060.25,24062.25,24055.95,24058.9,0
2026-08-19 11:23:00,24060.35,24060.35,24054.7,24056.2,0
2026-08-19 11:24:00,24058.5,24058.7,24051.55,24052.25,0
2026-08-19 11:25:00,24054.6,24054.85,24048.1,24048.55,0
2026-08-19 11:26:00,24050.2,24054.45,24046.95,24054.45,0
2026-08-19 11:27:00,24055.45,24056.6,24052.05,24054.65,0
2026-08-19 11:28:00,24057.6,24057.85,24053.3,24053.5,0
2026-08-19 11:29:00,24055.5,24055.6,24050.9,24054.35,0
2026-08-19 11:30:00,24056.75,24058.35,24053.2,24056.85,0
2026-08-19 11:31:00,24059.0,24059.0,24055.05,24056.95,0
2026-08-19 11:32:00,24058.45,24058.45,24053.4,24054.15,0
2026-08-19 11:33:00,24055.95,24056.25,24050.25,24054.15,0
2026-08-19 11:34:00,24056.05,24058.5,24053.85,24054.25,0
2026-08-19 11:35:00,24056.6,24057.0,24048.5,24053.1,0
2026-08-19 11:36:00,24054.9,24054.9,24047.5,24047.7,0
2026-08-19 11:37:00,24048.35,24048.75,24042.65,24044.15,0
2026-08-19 11:38:00,24046.3,24048.65,24043.2,24044.9,0
2026-08-19 11:39:00,24046.3,24049.8,24045.05,24048.1,0
2026-08-19 11:40:00,24050.35,24051.35,24044.35,24050.4,0
2026-08-19 11:41:00,24050.35,24051.9,24047.7,24051.7,0
2026-08-19 11:42:00,24052.95,24052.95,24046.85,24048.35,0
2026-08-19 11:43:00,24050.5,24051.95,24048.65,24049.75,0
2026-08-19 11:44:00,24051.35,24053.35,24048.25,24052.45,0
2026-08-19 11:45:00,24054.5,24055.3,24049.75,24053.15,0
2026-08-19 11:46:00,24054.15,24059.45,24053.35,24056.45,0
2026-08-19 11:47:00,24057.75,24066.2,24056.3,24061.85,0
2026-08-19 11:48:00,24063.4,24066.4,24061.5,24065.0,0
2026-08-19 11:49:00,24066.5,24069.05,24062.2,24066.9,0
2026-08-19 11:50:00,24068.95,24076.5,24067.35,24072.5,0
2026-08-19 11:51:00,24074.75,24075.15,24069.6,24074.65,0
2026-08-19 11:52:00,24075.35,24075.8,24070.45,24074.7,0
2026-08-19 11:53:00,24077.3,24081.7,24074.05,24078.4,0
2026-08-19 11:54:00,24079.85,24080.0,24076.85,24079.9,0
2026-08-19 11:55:00,24081.85,24082.05,24075.8,24077.35,0
2026-08-19 11:56:00,24079.6,24079.6,24075.8,24076.3,0
2026-08-19 11:57:00,24077.9,24080.55,24075.95,24079.25,0
2026-08-19 11:58:00,24080.7,24082.2,24076.3,24077.4,0
2026-08-19 11:59:00,24078.25,24081.1,24076.35,24078.3,0
2026-08-19 12:00:00,24080.35,24081.15,24071.0,24072.75,0
2026-08-19 12:01:00,24073.9,24077.15,24070.2,24070.35,0
2026-08-19 12:02:00,24071.7,24074.9,24070.25,24072.05,0
2026-08-19 12:03:00,24072.7,24073.25,24063.1,24063.25,0
2026-08-19 12:04:00,24065.4,24067.45,24058.8,24059.8,0
2026-08-19 12:05:00,24061.0,24062.1,24058.1,24060.85,0
2026-08-19 12:06:00,24062.5,24067.8,24060.9,24067.8,0
2026-08-19 12:07:00,24068.55,24068.55,24061.3,24062.55,0
2026-08-19 12:08:00,24064.95,24064.95,24056.2,24058.15,0
2026-08-19 12:09:00,24061.55,24061.85,24051.6,24056.15,0
2026-08-19 12:10:00,24058.45,24058.45,24052.25,24055.4,0
2026-08-19 12:11:00,24056.4,24056.85,24054.0,24054.45,0
2026-08-19 12:12:00,24055.85,24056.5,24050.7,24051.6,0
2026-08-19 12:13:00,24053.9,24054.55,24050.25,24050.7,0
2026-08-19 12:14:00,24052.0,24054.6,24050.3,24052.8,0
2026-08-19 12:15:00,24054.05,24055.65,24050.95,24053.6,0
2026-08-19 12:16:00,24055.55,24057.0,24051.65,24054.15,0
2026-08-19 12:17:00,24056.0,24056.15,24052.15,24053.7,0
2026-08-19 12:18:00,24055.5,24055.5,24051.95,24054.6,0
2026-08-19 12:19:00,24056.35,24061.3,24053.8,24060.2,0
2026-08-19 12:20:00,24060.5,24063.55,24058.3,24061.35,0
2026-08-19 12:21:00,24062.35,24064.4,24057.55,24062.85,0
2026-08-19 12:22:00,24065.05,24065.05,24055.3,24056.95,0
2026-08-19 12:23:00,24058.9,24062.15,24056.85,24061.15,0
2026-08-19 12:24:00,24061.7,24067.15,24060.5,24064.5,0
2026-08-19 12:25:00,24066.0,24066.35,24058.0,24058.75,0
2026-08-19 12:26:00,24060.6,24060.6,24054.0,24054.0,0
2026-08-19 12:27:00,24055.35,24058.55,24052.7,24056.1,0
2026-08-19 12:28:00,24057.25,24059.55,24054.95,24058.4,0
2026-08-19 12:29:00,24060.95,24062.95,24058.7,24059.85,0
2026-08-19 12:30:00,24061.55,24062.1,24054.35,24054.7,0
2026-08-19 12:31:00,24056.5,24056.5,24051.8,24054.4,0
2026-08-19 12:32:00,24055.65,24055.9,24049.05,24050.55,0
2026-08-19 12:33:00,24052.85,24054.6,24049.7,24051.3,0
2026-08-19 12:34:00,24053.3,24055.6,24050.35,24054.05,0
2026-08-19 12:35:00,24055.95,24059.5,24054.5,24057.95,0
2026-08-19 12:36:00,24059.9,24059.9,24055.75,24057.2,0
2026-08-19 12:37:00,24059.95,24061.2,24055.3,24056.6,0
2026-08-19 12:38:00,24058.8,24058.8,24048.45,24048.45,0
2026-08-19 12:39:00,24051.45,24057.35,24049.8,24054.55,0
2026-08-19 12:40:00,24057.0,24059.3,24051.15,24051.15,0
2026-08-19 12:41:00,24053.45,24060.45,24051.7,24057.9,0
2026-08-19 12:42:00,24058.9,24058.9,24053.2,24053.45,0
2026-08-19 12:43:00,24055.95,24060.95,24052.85,24060.25,0
2026-08-19 12:44:00,24062.1,24062.1,24054.55,24055.3,0
2026-08-19 12:45:00,24056.95,24056.95,24048.75,24050.5,0
2026-08-19 12:46:00,24053.3,24053.35,24047.05,24051.35,0
2026-08-19 12:47:00,24053.1,24053.65,24046.95,24048.0,0
2026-08-19 12:48:00,24051.2,24052.3,24047.05,24051.8,0
2026-08-19 12:49:00,24052.5,24054.4,24049.6,24052.05,0
2026-08-19 12:50:00,24053.7,24055.45,24050.55,24055.05,0
2026-08-19 12:51:00,24055.95,24055.95,24050.25,24053.0,0
2026-08-19 12:52:00,24054.45,24055.35,24051.85,24053.25,0
2026-08-19 12:53:00,24055.0,24055.95,24052.5,24055.55,0
2026-08-19 12:54:00,24056.5,24057.35,24053.0,24055.55,0
2026-08-19 12:55:00,24057.4,24057.75,24053.15,24053.55,0
2026-08-19 12:56:00,24055.1,24055.1,24047.6,24051.75,0
2026-08-19 12:57:00,24052.55,24054.25,24048.65,24052.4,0
2026-08-19 12:58:00,24053.75,24055.35,24050.15,24051.2,0
2026-08-19 12:59:00,24053.75,24057.55,24051.5,24055.3,0
2026-08-19 13:00:00,24056.2,24057.8,24053.55,24055.05,0
2026-08-19 13:01:00,24056.05,24058.75,24053.65,24056.4,0
2026-08-19 13:02:00,24058.1,24058.1,24054.3,24055.65,0
2026-08-19 13:03:00,24057.15,24062.3,24053.85,24061.6,0
2026-08-19 13:04:00,24063.0,24066.15,24061.45,24062.8,0
2026-08-19 13:05:00,24063.6,24064.15,24057.4,24059.3,0
2026-08-19 13:06:00,24060.7,24060.7,24056.5,24056.5,0
2026-08-19 13:07:00,24058.75,24059.6,24055.6,24058.5,0
2026-08-19 13:08:00,24060.75,24064.25,24059.25,24062.75,0
2026-08-19 13:09:00,24064.7,24064.7,24059.15,24064.45,0
2026-08-19 13:10:00,24065.9,24066.0,24056.6,24058.85,0
2026-08-19 13:11:00,24059.4,24060.65,24056.65,24057.5,0
2026-08-19 13:12:00,24059.3,24059.55,24053.7,24054.0,0
2026-08-19 13:13:00,24055.65,24055.85,24049.85,24050.4,0
2026-08-19 13:14:00,24052.05,24052.05,24045.15,24046.15,0
2026-08-19 13:15:00,24048.0,24051.2,24043.9,24044.6,0
2026-08-19 13:16:00,24047.0,24048.45,24040.95,24042.9,0
2026-08-19 13:17:00,24044.2,24044.65,24038.35,24040.55,0
2026-08-19 13:18:00,24042.2,24050.25,24041.0,24045.9,0
2026-08-19 13:19:00,24048.25,24050.45,24043.1,24043.1,0
2026-08-19 13:20:00,24044.75,24044.75,24038.0,24040.8,0
2026-08-19 13:21:00,24041.9,24043.95,24039.55,24040.8,0
2026-08-19 13:22:00,24042.7,24045.5,24039.95,24042.35,0
2026-08-19 13:23:00,24043.75,24043.75,24038.2,24040.85,0
2026-08-19 13:24:00,24043.0,24043.85,24039.8,24041.95,0
2026-08-19 13:25:00,24043.7,24045.0,24038.6,24043.8,0
2026-08-19 13:26:00,24045.4,24045.4,24040.95,24042.7,0
2026-08-19 13:27:00,24043.6,24044.55,24039.35,24042.45,0
2026-08-19 13:28:00,24043.9,24044.5,24041.15,24042.35,0
2026-08-19 13:29:00,24044.1,24045.15,24039.4,24041.1,0
2026-08-19 13:30:00,24042.5,24044.65,24039.6,24043.6,0
2026-08-19 13:31:00,24044.3,24044.9,24040.05,24041.55,0
2026-08-19 13:32:00,24044.05,24046.05,24041.5,24043.55,0
2026-08-19 13:33:00,24045.55,24045.9,24038.2,24039.2,0
2026-08-19 13:34:00,24040.6,24041.75,24037.75,24038.9,0
2026-08-19 13:35:00,24041.35,24044.5,24038.3,24043.35,0
2026-08-19 13:36:00,24044.95,24046.55,24042.45,24046.05,0
2026-08-19 13:37:00,24048.15,24050.6,24041.9,24043.95,0
2026-08-19 13:38:00,24045.3,24045.4,24038.2,24038.8,0
2026-08-19 13:39:00,24042.15,24048.4,24039.1,24046.55,0
2026-08-19 13:40:00,24047.9,24049.3,24042.85,24044.35,0
2026-08-19 13:41:00,24045.7,24049.6,24042.35,24046.5,0
2026-08-19 13:42:00,24049.45,24050.4,24046.25,24047.45,0
2026-08-19 13:43:00,24048.7,24049.2,24044.65,24044.85,0
2026-08-19 13:44:00,24048.7,24048.75,24041.55,24042.2,0
2026-08-19 13:45:00,24044.35,24052.7,24042.15,24043.4,0
2026-08-19 13:46:00,24045.45,24045.65,24040.3,24042.0,0
2026-08-19 13:47:00,24044.25,24044.25,24039.8,24040.95,0
2026-08-19 13:48:00,24043.05,24044.15,24037.15,24043.25,0
2026-08-19 13:49:00,24045.15,24047.5,24041.3,24041.9,0
2026-08-19 13:50:00,24043.6,24043.7,24038.75,24039.65,0
2026-08-19 13:51:00,24042.2,24042.7,24036.0,24036.85,0
2026-08-19 13:52:00,24038.9,24043.1,24035.7,24042.25,0
2026-08-19 13:53:00,24043.25,24043.9,24039.6,24042.1,0
2026-08-19 13:54:00,24044.5,24045.55,24039.0,24040.0,0
2026-08-19 13:55:00,24042.4,24045.2,24039.4,24042.4,0
2026-08-19 13:56:00,24044.0,24045.25,24041.15,24042.6,0
2026-08-19 13:57:00,24044.25,24047.8,24041.95,24045.3,0
2026-08-19 13:58:00,24047.05,24047.8,24044.65,24046.3,0
2026-08-19 13:59:00,24049.2,24050.0,24042.55,24044.95,0
2026-08-19 14:00:00,24046.5,24050.35,24044.25,24050.05,0
2026-08-19 14:01:00,24051.6,24053.45,24047.2,24052.75,0
2026-08-19 14:02:00,24054.6,24057.3,24051.8,24055.0,0
2026-08-19 14:03:00,24056.7,24059.3,24053.5,24055.5,0
2026-08-19 14:04:00,24057.35,24057.35,24052.15,24054.6,0
2026-08-19 14:05:00,24056.85,24056.9,24051.0,24052.4,0
2026-08-19 14:06:00,24055.45,24056.3,24052.25,24055.3,0
2026-08-19 14:07:00,24056.8,24057.2,24051.2,24054.3,0
2026-08-19 14:08:00,24056.7,24062.6,24056.7,24059.5,0
2026-08-19 14:09:00,24061.1,24061.1,24053.1,24054.65,0
2026-08-19 14:10:00,24056.85,24057.0,24051.4,24056.65,0
2026-08-19 14:11:00,24058.5,24062.75,24057.25,24060.8,0
2026-08-19 14:12:00,24063.95,24064.55,24060.4,24062.15,0
2026-08-19 14:13:00,24063.0,24064.35,24054.95,24055.2,0
2026-08-19 14:14:00,24056.85,24056.85,24048.05,24051.35,0
2026-08-19 14:15:00,24052.35,24054.05,24046.3,24046.9,0
2026-08-19 14:16:00,24049.45,24049.45,24041.7,24042.55,0
2026-08-19 14:17:00,24045.85,24050.05,24043.95,24044.55,0
2026-08-19 14:18:00,24045.75,24049.5,24041.9,24043.05,0
2026-08-19 14:19:00,24044.45,24044.45,24039.0,24039.7,0
2026-08-19 14:20:00,24041.7,24041.75,24037.45,24038.4,0
2026-08-19 14:21:00,24040.0,24040.15,24034.65,24035.3,0
2026-08-19 14:22:00,24037.65,24037.65,24028.8,24031.8,0
2026-08-19 14:23:00,24034.35,24035.65,24025.65,24031.2,0
2026-08-19 14:24:00,24032.3,24035.6,24029.2,24030.5,0
2026-08-19 14:25:00,24031.8,24036.65,24029.4,24033.45,0
2026-08-19 14:26:00,24034.4,24034.8,24026.65,24029.05,0
2026-08-19 14:27:00,24030.95,24036.55,24030.6,24033.0,0
2026-08-19 14:28:00,24036.45,24036.45,24028.9,24031.2,0
2026-08-19 14:29:00,24033.4,24041.4,24030.8,24039.05,0
2026-08-19 14:30:00,24040.45,24045.4,24037.9,24043.85,0
2026-08-19 14:31:00,24045.6,24049.25,24041.85,24047.95,0
2026-08-19 14:32:00,24049.55,24049.55,24042.15,24044.0,0
2026-08-19 14:33:00,24046.3,24051.45,24045.35,24050.15,0
2026-08-19 14:34:00,24051.9,24053.9,24049.15,24050.9,0
2026-08-19 14:35:00,24053.35,24086.5,24046.25,24085.25,0
2026-08-19 14:36:00,24087.05,24087.05,24066.7,24069.7,0
2026-08-19 14:37:00,24072.5,24074.75,24058.4,24059.55,0
2026-08-19 14:38:00,24061.1,24061.55,24046.05,24048.6,0
2026-08-19 14:39:00,24050.9,24054.65,24044.6,24046.85,0
2026-08-19 14:40:00,24049.5,24050.55,24045.15,24050.2,0
2026-08-19 14:41:00,24051.85,24053.2,24040.75,24041.95,0
2026-08-19 14:42:00,24044.7,24048.3,24042.7,24046.85,0
2026-08-19 14:43:00,24049.4,24053.45,24047.5,24051.95,0
2026-08-19 14:44:00,24053.9,24054.5,24046.3,24049.0,0
2026-08-19 14:45:00,24049.45,24054.35,24049.15,24050.85,0
2026-08-19 14:46:00,24053.2,24053.2,24045.4,24046.1,0
2026-08-19 14:47:00,24048.7,24048.7,24042.45,24044.3,0
2026-08-19 14:48:00,24045.3,24045.65,24039.75,24041.25,0
2026-08-19 14:49:00,24042.8,24045.75,24039.75,24041.55,0
2026-08-19 14:50:00,24044.05,24047.85,24042.25,24043.4,0
2026-08-19 14:51:00,24045.75,24048.05,24042.6,24045.7,0
2026-08-19 14:52:00,24047.45,24048.15,24043.25,24045.65,0
2026-08-19 14:53:00,24047.25,24049.8,24044.15,24049.6,0
2026-08-19 14:54:00,24050.55,24051.7,24047.1,24050.45,0
2026-08-19 14:55:00,24050.95,24053.15,24047.65,24050.45,0
2026-08-19 14:56:00,24053.0,24056.7,24047.35,24054.2,0
2026-08-19 14:57:00,24055.95,24056.6,24051.75,24052.7,0
2026-08-19 14:58:00,24054.55,24056.9,24051.95,24054.5,0
2026-08-19 14:59:00,24057.6,24058.6,24050.8,24053.1,0
2026-08-19 15:00:00,24052.75,24055.7,24050.45,24052.7,0
2026-08-19 15:01:00,24052.4,24061.2,24052.2,24060.8,0
2026-08-19 15:02:00,24060.6,24065.35,24058.75,24063.9,0
2026-08-19 15:03:00,24063.05,24064.75,24057.6,24060.1,0
2026-08-19 15:04:00,24060.05,24060.85,24053.35,24055.85,0
2026-08-19 15:05:00,24056.05,24057.95,24048.6,24051.05,0
2026-08-19 15:06:00,24049.7,24051.05,24041.05,24043.1,0
2026-08-19 15:07:00,24043.5,24045.3,24038.15,24040.4,0
2026-08-19 15:08:00,24040.95,24042.65,24036.5,24040.55,0
2026-08-19 15:09:00,24041.05,24043.3,24036.45,24038.4,0
2026-08-19 15:10:00,24040.0,24043.3,24037.45,24037.95,0
2026-08-19 15:11:00,24037.75,24044.05,24034.2,24041.35,0
2026-08-19 15:12:00,24041.9,24049.95,24037.25,24048.15,0
2026-08-19 15:13:00,24047.6,24051.8,24042.7,24048.15,0
2026-08-19 15:14:00,24046.95,24057.45,24045.25,24048.55,0
2026-08-19 15:29:00,24078.3,24078.3,24078.3,24078.3,0
2026-08-20 09:15:00,24225.45,24225.45,24197.35,24214.4,0
2026-08-20 09:16:00,24213.45,24222.0,24206.75,24209.05,0
2026-08-20 09:17:00,24206.55,24212.75,24201.2,24204.3,0
2026-08-20 09:18:00,24203.05,24208.95,24201.2,24201.8,0
2026-08-20 09:19:00,24201.5,24204.45,24189.3,24192.85,0
2026-08-20 09:20:00,24191.8,24197.8,24189.9,24193.75,0
2026-08-20 09:21:00,24193.65,24199.5,24187.7,24198.45,0
2026-08-20 09:22:00,24197.65,24198.0,24191.7,24195.85,0
2026-08-20 09:23:00,24195.6,24195.85,24189.65,24192.5,0
2026-08-20 09:24:00,24192.3,24193.45,24184.55,24185.5,0
2026-08-20 09:25:00,24185.55,24196.95,24185.55,24195.25,0
2026-08-20 09:26:00,24194.9,24197.35,24191.65,24194.8,0
2026-08-20 09:27:00,24194.7,24201.6,24193.55,24196.1,0
2026-08-20 09:28:00,24195.55,24198.75,24192.75,24197.05,0
2026-08-20 09:29:00,24197.15,24198.55,24188.95,24190.8,0
2026-08-20 09:30:00,24190.95,24196.05,24189.5,24191.45,0
2026-08-20 09:31:00,24190.65,24193.95,24187.7,24189.95,0
2026-08-20 09:32:00,24190.35,24192.7,24187.0,24187.65,0
2026-08-20 09:33:00,24187.2,24192.75,24185.1,24186.45,0
2026-08-20 09:34:00,24185.85,24199.3,24185.85,24197.9,0
2026-08-20 09:35:00,24196.95,24209.65,24196.65,24204.8,0
2026-08-20 09:36:00,24205.5,24209.35,24203.55,24206.3,0
2026-08-20 09:37:00,24206.45,24207.7,24202.55,24203.05,0
2026-08-20 09:38:00,24202.3,24204.25,24199.2,24200.15,0
2026-08-20 09:39:00,24200.25,24202.15,24196.35,24201.35,0
2026-08-20 09:40:00,24200.9,24210.7,24200.35,24210.0,0
2026-08-20 09:41:00,24209.5,24210.7,24202.6,24204.05,0
2026-08-20 09:42:00,24203.85,24205.7,24202.4,24203.25,0
2026-08-20 09:43:00,24202.5,24209.7,24201.15,24209.05,0
2026-08-20 09:44:00,24208.75,24212.85,24208.15,24210.95,0
2026-08-20 09:45:00,24211.05,24214.6,24210.05,24214.15,0
2026-08-20 09:46:00,24213.3,24215.05,24209.0,24210.05,0
2026-08-20 09:47:00,24209.8,24211.25,24202.35,24205.45,0
2026-08-20 09:48:00,24205.1,24206.55,24201.5,24205.3,0
2026-08-20 09:49:00,24205.05,24207.65,24202.9,24203.35,0
2026-08-20 09:50:00,24203.0,24204.6,24199.25,24200.75,0
2026-08-20 09:51:00,24199.5,24202.25,24198.35,24199.85,0
2026-08-20 09:52:00,24200.1,24202.85,24196.3,24197.5,0
2026-08-20 09:53:00,24198.8,24199.8,24195.95,24197.95,0
2026-08-20 09:54:00,24197.6,24204.35,24196.75,24201.95,0
2026-08-20 09:55:00,24201.45,24209.15,24201.45,24207.1,0
2026-08-20 09:56:00,24207.35,24212.3,24206.3,24211.25,0
2026-08-20 09:57:00,24210.45,24214.25,24209.35,24211.55,0
2026-08-20 09:58:00,24211.25,24213.0,24204.4,24207.25,0
2026-08-20 09:59:00,24207.05,24210.0,24203.55,24203.8,0
2026-08-20 10:00:00,24204.05,24209.65,24204.05,24208.0,0
2026-08-20 10:01:00,24207.95,24211.45,24207.25,24208.1,0
2026-08-20 10:02:00,24207.05,24208.75,24204.3,24205.0,0
2026-08-20 10:03:00,24205.45,24208.35,24199.7,24205.55,0
2026-08-20 10:04:00,24205.15,24207.4,24202.5,24205.9,0
2026-08-20 10:05:00,24206.9,24208.05,24203.35,24207.3,0
2026-08-20 10:06:00,24206.35,24210.15,24204.0,24209.3,0
2026-08-20 10:07:00,24209.6,24214.25,24208.65,24213.0,0
2026-08-20 10:08:00,24212.35,24214.4,24209.15,24210.75,0
2026-08-20 10:09:00,24210.05,24213.35,24208.9,24211.6,0
2026-08-20 10:10:00,24211.25,24216.65,24208.75,24216.3,0
2026-08-20 10:11:00,24214.45,24219.05,24213.9,24218.1,0
2026-08-20 10:12:00,24218.0,24221.9,24214.9,24215.35,0
2026-08-20 10:13:00,24215.05,24219.3,24214.6,24216.7,0
2026-08-20 10:14:00,24216.65,24221.85,24216.3,24221.85,0
2026-08-20 10:15:00,24220.75,24226.4,24220.65,24223.95,0
2026-08-20 10:16:00,24224.25,24225.35,24222.55,24224.15,0
2026-08-20 10:17:00,24223.7,24226.85,24222.3,24224.8,0
2026-08-20 10:18:00,24224.65,24225.4,24219.8,24221.35,0
2026-08-20 10:19:00,24220.75,24222.75,24218.7,24219.6,0
2026-08-20 10:20:00,24219.3,24220.45,24213.4,24214.4,0
2026-08-20 10:21:00,24213.95,24219.15,24212.55,24217.6,0
2026-08-20 10:22:00,24216.5,24219.75,24215.65,24218.6,0
2026-08-20 10:23:00,24219.0,24223.4,24217.25,24221.1,0
2026-08-20 10:24:00,24220.7,24222.45,24216.7,24217.8,0
2026-08-20 10:25:00,24217.65,24219.35,24215.6,24215.65,0
2026-08-20 10:26:00,24215.45,24218.55,24214.1,24215.2,0
2026-08-20 10:27:00,24214.4,24216.75,24210.0,24211.45,0
2026-08-20 10:28:00,24211.55,24214.2,24207.25,24209.05,0
2026-08-20 10:29:00,24207.95,24212.1,24207.55,24210.15,0
2026-08-20 10:30:00,24209.65,24212.55,24209.15,24211.65,0
2026-08-20 10:31:00,24211.4,24213.25,24208.9,24210.6,0
2026-08-20 10:32:00,24210.65,24213.15,24208.75,24211.15,0
2026-08-20 10:33:00,24211.3,24215.35,24209.0,24211.05,0
2026-08-20 10:34:00,24210.75,24211.95,24207.75,24210.2,0
2026-08-20 10:35:00,24209.7,24213.35,24208.3,24210.1,0
2026-08-20 10:36:00,24211.45,24211.45,24204.4,24204.7,0
2026-08-20 10:37:00,24205.2,24207.55,24201.75,24202.1,0
2026-08-20 10:38:00,24202.05,24205.75,24201.25,24204.95,0
2026-08-20 10:39:00,24204.55,24206.85,24203.6,24205.0,0
2026-08-20 10:40:00,24204.5,24207.3,24203.95,24204.45,0
2026-08-20 10:41:00,24204.7,24210.3,24204.65,24209.65,0
2026-08-20 10:42:00,24209.55,24209.7,24204.95,24208.0,0
2026-08-20 10:43:00,24206.7,24209.1,24205.9,24207.55,0
2026-08-20 10:44:00,24208.0,24212.3,24208.0,24211.85,0
2026-08-20 10:45:00,24211.45,24214.7,24210.0,24210.25,0
2026-08-20 10:46:00,24210.65,24211.85,24204.85,24206.6,0
2026-08-20 10:47:00,24206.8,24209.4,24204.45,24205.7,0
2026-08-20 10:48:00,24205.55,24209.8,24203.95,24209.5,0
2026-08-20 10:49:00,24207.9,24218.1,24207.9,24215.55,0
2026-08-20 10:50:00,24215.5,24216.85,24209.55,24210.75,0
2026-08-20 10:51:00,24210.9,24212.65,24207.8,24210.25,0
2026-08-20 10:52:00,24210.2,24211.0,24205.0,24205.65,0
2026-08-20 10:53:00,24205.9,24210.6,24204.85,24208.9,0
2026-08-20 10:54:00,24208.85,24209.55,24204.0,24204.0,0
2026-08-20 10:55:00,24203.9,24210.25,24203.9,24207.9,0
2026-08-20 10:56:00,24207.6,24211.75,24207.6,24210.8,0
2026-08-20 10:57:00,24209.2,24212.45,24208.15,24210.05,0
2026-08-20 10:58:00,24209.9,24211.15,24208.05,24209.45,0
2026-08-20 10:59:00,24209.0,24214.55,24209.0,24212.55,0
2026-08-20 11:00:00,24212.5,24223.55,24212.5,24219.65,0
2026-08-20 11:01:00,24219.25,24223.05,24215.95,24215.95,0
2026-08-20 11:02:00,24215.4,24217.5,24211.9,24212.45,0
2026-08-20 11:03:00,24212.25,24217.2,24210.05,24213.5,0
2026-08-20 11:04:00,24212.35,24215.9,24211.5,24214.05,0
2026-08-20 11:05:00,24214.25,24217.85,24214.2,24215.05,0
2026-08-20 11:06:00,24215.0,24217.2,24213.25,24215.0,0
2026-08-20 11:07:00,24214.65,24216.05,24212.15,24213.0,0
2026-08-20 11:08:00,24212.6,24214.35,24210.15,24211.45,0
2026-08-20 11:09:00,24211.15,24213.35,24209.95,24211.45,0
2026-08-20 11:10:00,24211.15,24214.25,24210.25,24213.1,0
2026-08-20 11:11:00,24212.8,24213.5,24206.25,24207.35,0
2026-08-20 11:12:00,24207.2,24209.75,24206.15,24208.5,0
2026-08-20 11:13:00,24208.45,24209.45,24203.45,24203.6,0
2026-08-20 11:14:00,24204.0,24206.75,24202.5,24204.4,0
2026-08-20 11:15:00,24204.75,24206.35,24200.1,24205.65,0
2026-08-20 11:16:00,24204.65,24207.7,24204.65,24205.55,0
2026-08-20 11:17:00,24204.6,24206.7,24200.55,24202.85,0
2026-08-20 11:18:00,24202.5,24203.85,24200.1,24200.9,0
2026-08-20 11:19:00,24200.1,24202.55,24198.6,24198.75,0
2026-08-20 11:20:00,24198.95,24202.05,24196.2,24196.85,0
2026-08-20 11:21:00,24196.45,24199.3,24194.2,24197.3,0
2026-08-20 11:22:00,24197.15,24199.75,24194.75,24195.45,0
2026-08-20 11:23:00,24195.9,24200.6,24195.9,24198.45,0
2026-08-20 11:24:00,24197.55,24199.0,24196.35,24198.1,0
2026-08-20 11:25:00,24197.9,24199.95,24196.6,24197.1,0
2026-08-20 11:26:00,24197.25,24199.1,24194.8,24196.85,0
2026-08-20 11:27:00,24196.25,24200.3,24195.3,24199.6,0
2026-08-20 11:28:00,24199.25,24200.0,24197.55,24198.75,0
2026-08-20 11:29:00,24199.2,24201.35,24198.3,24201.0,0
2026-08-20 11:30:00,24200.75,24206.65,24200.1,24205.45,0
2026-08-20 11:31:00,24204.85,24210.5,24202.7,24208.05,0
2026-08-20 11:32:00,24208.3,24217.25,24207.0,24216.35,0
2026-08-20 11:33:00,24215.25,24217.4,24212.55,24213.75,0
2026-08-20 11:34:00,24213.0,24215.1,24210.55,24212.15,0
2026-08-20 11:35:00,24212.4,24217.3,24212.0,24213.9,0
2026-08-20 11:36:00,24214.0,24216.15,24213.15,24213.65,0
2026-08-20 11:37:00,24213.2,24216.95,24212.75,24213.0,0
2026-08-20 11:38:00,24212.85,24214.9,24211.3,24214.8,0
2026-08-20 11:39:00,24213.65,24215.95,24211.4,24211.75,0
2026-08-20 11:40:00,24211.65,24214.15,24210.05,24211.15,0
2026-08-20 11:41:00,24210.85,24213.15,24209.0,24209.75,0
2026-08-20 11:42:00,24209.95,24213.15,24209.95,24212.65,0
2026-08-20 11:43:00,24212.3,24215.0,24211.3,24212.7,0
2026-08-20 11:44:00,24212.4,24214.65,24211.5,24212.35,0
2026-08-20 11:45:00,24212.1,24215.7,24211.95,24213.8,0
2026-08-20 11:46:00,24213.55,24217.8,24212.6,24216.7,0
2026-08-20 11:47:00,24216.4,24218.85,24214.25,24214.4,0
2026-08-20 11:48:00,24214.45,24216.4,24211.8,24212.75,0
2026-08-20 11:49:00,24213.0,24215.05,24211.85,24212.4,0
2026-08-20 11:50:00,24211.75,24216.05,24211.65,24212.25,0
2026-08-20 11:51:00,24212.0,24214.65,24211.1,24212.25,0
2026-08-20 11:52:00,24211.9,24217.45,24210.9,24211.75,0
2026-08-20 11:53:00,24212.5,24214.7,24211.5,24212.75,0
2026-08-20 11:54:00,24212.35,24214.95,24211.15,24212.85,0
2026-08-20 11:55:00,24212.8,24214.4,24210.05,24212.55,0
2026-08-20 11:56:00,24212.25,24220.5,24212.15,24218.6,0
2026-08-20 11:57:00,24218.1,24220.0,24211.75,24213.15,0
2026-08-20 11:58:00,24212.7,24219.0,24209.95,24216.4,0
2026-08-20 11:59:00,24215.7,24218.1,24214.4,24216.6,0
2026-08-20 12:00:00,24216.55,24218.95,24215.45,24218.1,0
2026-08-20 12:01:00,24217.8,24219.65,24216.05,24216.65,0
2026-08-20 12:02:00,24216.85,24219.3,24214.25,24215.3,0
2026-08-20 12:03:00,24215.25,24217.1,24211.65,24212.65,0
2026-08-20 12:04:00,24212.25,24214.5,24210.8,24212.2,0
2026-08-20 12:05:00,24211.9,24214.5,24210.4,24213.35,0
2026-08-20 12:06:00,24212.9,24215.35,24211.85,24213.35,0
2026-08-20 12:07:00,24212.5,24216.8,24212.5,24214.2,0
2026-08-20 12:08:00,24213.95,24215.3,24211.5,24212.4,0
2026-08-20 12:09:00,24212.0,24214.35,24210.15,24213.0,0
2026-08-20 12:10:00,24213.1,24216.25,24211.25,24214.7,0
2026-08-20 12:11:00,24214.05,24218.1,24214.05,24215.5,0
2026-08-20 12:12:00,24215.0,24216.45,24212.45,24213.65,0
2026-08-20 12:13:00,24213.5,24219.8,24212.85,24215.9,0
2026-08-20 12:14:00,24216.15,24218.95,24213.75,24214.75,0
2026-08-20 12:15:00,24214.55,24218.5,24214.55,24217.5,0
2026-08-20 12:16:00,24217.1,24219.55,24216.45,24219.25,0
2026-08-20 12:17:00,24219.2,24223.0,24217.9,24219.35,0
2026-08-20 12:18:00,24219.1,24221.65,24218.6,24220.7,0
2026-08-20 12:19:00,24220.85,24222.1,24215.45,24216.75,0
2026-08-20 12:20:00,24216.35,24218.4,24213.05,24214.1,0
2026-08-20 12:21:00,24214.05,24216.65,24212.7,24215.75,0
2026-08-20 12:22:00,24214.7,24216.7,24212.55,24216.25,0
2026-08-20 12:23:00,24216.05,24217.45,24213.5,24214.05,0
2026-08-20 12:24:00,24213.65,24214.7,24210.75,24211.8,0
2026-08-20 12:25:00,24211.2,24214.75,24209.95,24211.7,0
2026-08-20 12:26:00,24211.85,24214.65,24208.15,24210.25,0
2026-08-20 12:27:00,24209.4,24215.85,24209.4,24213.6,0
2026-08-20 12:28:00,24213.1,24215.4,24211.95,24213.35,0
2026-08-20 12:29:00,24213.1,24215.0,24212.5,24213.75,0
2026-08-20 12:30:00,24214.45,24215.25,24209.95,24210.85,0
2026-08-20 12:31:00,24210.55,24212.45,24209.1,24211.6,0
2026-08-20 12:32:00,24211.45,24214.7,24209.8,24210.9,0
2026-08-20 12:33:00,24210.55,24214.2,24209.75,24211.85,0
2026-08-20 12:34:00,24211.5,24213.75,24209.2,24209.95,0
2026-08-20 12:35:00,24210.6,24212.5,24207.85,24209.9,0
2026-08-20 12:36:00,24210.1,24212.35,24207.85,24209.7,0
2026-08-20 12:37:00,24208.55,24211.45,24207.4,24208.7,0
2026-08-20 12:38:00,24208.15,24212.5,24208.15,24212.35,0
2026-08-20 12:39:00,24212.05,24217.0,24211.95,24216.95,0
2026-08-20 12:40:00,24217.0,24221.8,24216.55,24219.45,0
2026-08-20 12:41:00,24219.35,24221.5,24216.1,24219.45,0
2026-08-20 12:42:00,24219.25,24221.85,24215.85,24218.5,0
2026-08-20 12:43:00,24217.9,24219.95,24216.25,24219.05,0
2026-08-20 12:44:00,24218.75,24220.65,24214.4,24217.2,0
2026-08-20 12:45:00,24216.9,24221.75,24216.05,24220.2,0
2026-08-20 12:46:00,24220.3,24224.5,24219.1,24223.55,0
2026-08-20 12:47:00,24222.95,24235.15,24222.7,24233.9,0
2026-08-20 12:48:00,24234.75,24247.65,24232.4,24245.15,0
2026-08-20 12:49:00,24245.3,24246.9,24239.7,24241.45,0
2026-08-20 12:50:00,24241.0,24252.8,24240.15,24249.8,0
2026-08-20 12:51:00,24249.2,24259.35,24249.2,24258.9,0
2026-08-20 12:52:00,24257.95,24265.15,24257.95,24258.55,0
2026-08-20 12:53:00,24258.9,24261.4,24245.5,24247.8,0
2026-08-20 12:54:00,24247.2,24247.8,24241.5,24244.3,0
2026-08-20 12:55:00,24244.05,24245.4,24235.55,24241.7,0
2026-08-20 12:56:00,24240.9,24245.1,24239.3,24244.85,0
2026-08-20 12:57:00,24244.1,24246.0,24240.2,24242.35,0
2026-08-20 12:58:00,24241.95,24247.35,24241.9,24244.05,0
2026-08-20 12:59:00,24243.6,24248.4,24243.6,24244.25,0
2026-08-20 13:00:00,24244.15,24245.8,24240.65,24242.8,0
2026-08-20 13:01:00,24241.75,24245.55,24239.05,24244.85,0
2026-08-20 13:02:00,24245.1,24249.5,24242.25,24248.6,0
2026-08-20 13:03:00,24248.8,24249.55,24246.1,24248.75,0
2026-08-20 13:04:00,24249.35,24250.6,24244.15,24244.95,0
2026-08-20 13:05:00,24244.85,24248.85,24244.7,24247.9,0
2026-08-20 13:06:00,24247.85,24250.4,24245.4,24247.25,0
2026-08-20 13:07:00,24246.35,24248.7,24243.8,24245.65,0
2026-08-20 13:08:00,24244.9,24248.65,24244.2,24247.3,0
2026-08-20 13:09:00,24246.1,24249.25,24245.15,24248.5,0
2026-08-20 13:10:00,24248.25,24251.7,24247.0,24247.85,0
2026-08-20 13:11:00,24248.6,24249.15,24242.95,24243.7,0
2026-08-20 13:12:00,24243.5,24246.1,24241.0,24244.45,0
2026-08-20 13:13:00,24244.6,24249.05,24243.8,24246.7,0
2026-08-20 13:14:00,24247.45,24249.65,24245.65,24246.8,0
2026-08-20 13:15:00,24247.15,24250.7,24246.75,24249.65,0
2026-08-20 13:16:00,24249.0,24250.6,24244.15,24245.1,0
2026-08-20 13:17:00,24244.6,24246.65,24238.65,24241.4,0
2026-08-20 13:18:00,24240.65,24242.25,24237.15,24238.65,0
2026-08-20 13:19:00,24238.35,24243.85,24238.0,24241.0,0
2026-08-20 13:20:00,24240.25,24246.5,24238.35,24243.7,0
2026-08-20 13:21:00,24243.6,24244.65,24240.15,24243.35,0
2026-08-20 13:22:00,24243.85,24247.35,24242.45,24244.0,0
2026-08-20 13:23:00,24244.05,24247.75,24242.85,24246.75,0
2026-08-20 13:24:00,24246.5,24250.9,24246.2,24250.3,0
2026-08-20 13:25:00,24250.2,24251.75,24246.8,24250.75,0
2026-08-20 13:26:00,24250.6,24251.15,24244.95,24245.9,0
2026-08-20 13:27:00,24246.05,24250.6,24244.3,24245.6,0
2026-08-20 13:28:00,24244.95,24246.9,24242.05,24242.85,0
2026-08-20 13:29:00,24243.2,24247.9,24243.2,24247.55,0
2026-08-20 13:30:00,24246.85,24251.75,24246.5,24249.35,0
2026-08-20 13:31:00,24248.25,24250.45,24246.7,24247.8,0
2026-08-20 13:32:00,24246.5,24249.9,24245.75,24249.9,0
2026-08-20 13:33:00,24248.95,24249.9,24245.6,24246.4,0
2026-08-20 13:34:00,24245.55,24250.5,24245.55,24248.7,0
2026-08-20 13:35:00,24249.2,24250.15,24245.55,24250.15,0
2026-08-20 13:36:00,24250.0,24252.15,24247.4,24249.2,0
2026-08-20 13:37:00,24248.05,24251.65,24247.1,24247.15,0
2026-08-20 13:38:00,24246.75,24248.75,24242.6,24243.45,0
2026-08-20 13:39:00,24242.8,24245.0,24240.85,24243.0,0
2026-08-20 13:40:00,24242.45,24243.8,24239.75,24241.35,0
2026-08-20 13:41:00,24240.95,24243.45,24238.4,24243.2,0
2026-08-20 13:42:00,24242.3,24246.2,24241.55,24244.6,0
2026-08-20 13:43:00,24244.45,24248.65,24243.1,24248.4,0
2026-08-20 13:44:00,24247.65,24249.25,24244.4,24246.05,0
2026-08-20 13:45:00,24245.1,24247.9,24242.75,24244.45,0
2026-08-20 13:46:00,24243.15,24247.85,24241.9,24246.65,0
2026-08-20 13:47:00,24246.5,24247.65,24244.25,24245.7,0
2026-08-20 13:48:00,24245.45,24247.7,24243.3,24243.65,0
2026-08-20 13:49:00,24243.5,24249.85,24243.5,24246.25,0
2026-08-20 13:50:00,24245.15,24246.45,24242.05,24243.3,0
2026-08-20 13:51:00,24243.2,24244.4,24240.7,24241.85,0
2026-08-20 13:52:00,24241.95,24243.3,24239.05,24239.5,0
2026-08-20 13:53:00,24239.05,24241.7,24239.05,24241.3,0
2026-08-20 13:54:00,24240.55,24242.0,24237.3,24239.45,0
2026-08-20 13:55:00,24240.05,24240.05,24232.6,24234.85,0
2026-08-20 13:56:00,24235.2,24242.15,24234.6,24241.1,0
2026-08-20 13:57:00,24241.35,24242.9,24236.05,24236.75,0
2026-08-20 13:58:00,24236.35,24239.35,24234.95,24235.55,0
2026-08-20 13:59:00,24236.1,24237.9,24231.2,24232.95,0
2026-08-20 14:00:00,24231.7,24237.0,24231.7,24233.2,0
2026-08-20 14:01:00,24232.7,24234.95,24227.25,24233.95,0
2026-08-20 14:02:00,24233.05,24234.2,24229.15,24231.55,0
2026-08-20 14:03:00,24230.65,24235.9,24229.8,24231.35,0
2026-08-20 14:04:00,24231.15,24235.3,24229.65,24233.6,0
2026-08-20 14:05:00,24233.35,24235.15,24228.1,24228.85,0
2026-08-20 14:06:00,24228.55,24232.25,24228.25,24231.95,0
2026-08-20 14:07:00,24231.8,24241.0,24231.65,24238.6,0
2026-08-20 14:08:00,24238.4,24238.95,24234.5,24235.35,0
2026-08-20 14:09:00,24235.25,24238.95,24233.4,24236.6,0
2026-08-20 14:10:00,24235.75,24238.15,24232.1,24235.2,0
2026-08-20 14:11:00,24236.35,24241.65,24234.85,24237.95,0
2026-08-20 14:12:00,24238.3,24241.2,24237.6,24239.45,0
2026-08-20 14:13:00,24239.6,24240.2,24235.35,24236.6,0
2026-08-20 14:14:00,24238.0,24239.9,24234.25,24238.45,0
2026-08-20 14:15:00,24238.05,24239.55,24234.25,24237.45,0
2026-08-20 14:16:00,24237.6,24238.15,24223.3,24224.1,0
2026-08-20 14:17:00,24223.85,24236.05,24223.3,24232.7,0
2026-08-20 14:18:00,24232.5,24237.75,24230.85,24235.85,0
2026-08-20 14:19:00,24236.2,24239.2,24232.25,24238.0,0
2026-08-20 14:20:00,24237.15,24239.85,24235.05,24237.0,0
2026-08-20 14:21:00,24235.7,24237.8,24229.65,24237.7,0
2026-08-20 14:22:00,24237.2,24238.85,24233.2,24237.05,0
2026-08-20 14:23:00,24235.2,24237.9,24231.4,24235.8,0
2026-08-20 14:24:00,24235.85,24242.35,24234.65,24242.15,0
2026-08-20 14:25:00,24240.35,24243.55,24237.5,24237.55,0
2026-08-20 14:26:00,24236.95,24240.4,24234.7,24239.1,0
2026-08-20 14:27:00,24240.6,24241.95,24237.8,24240.5,0
2026-08-20 14:28:00,24240.45,24242.55,24240.0,24240.25,0
2026-08-20 14:29:00,24240.2,24246.3,24239.9,24245.8,0
2026-08-20 14:30:00,24244.85,24246.05,24240.8,24242.95,0
2026-08-20 14:31:00,24243.05,24246.05,24241.85,24245.1,0
2026-08-20 14:32:00,24245.15,24249.55,24244.75,24248.6,0
2026-08-20 14:33:00,24248.25,24249.5,24244.7,24246.15,0
2026-08-20 14:34:00,24246.05,24246.65,24240.45,24244.6,0
2026-08-20 14:35:00,24244.95,24247.55,24240.6,24241.55,0
2026-08-20 14:36:00,24240.65,24243.05,24238.65,24242.2,0
2026-08-20 14:37:00,24242.45,24244.0,24238.95,24240.8,0
2026-08-20 14:38:00,24240.45,24244.4,24238.1,24242.4,0
2026-08-20 14:39:00,24242.85,24246.25,24241.4,24244.0,0
2026-08-20 14:40:00,24244.6,24246.5,24242.9,24245.5,0
2026-08-20 14:41:00,24245.4,24246.9,24239.55,24240.75,0
2026-08-20 14:42:00,24240.65,24241.9,24239.05,24240.2,0
2026-08-20 14:43:00,24240.05,24241.3,24237.0,24237.25,0
2026-08-20 14:44:00,24237.4,24240.35,24236.0,24237.0,0
2026-08-20 14:45:00,24236.95,24238.2,24232.2,24234.2,0
2026-08-20 14:46:00,24234.0,24237.2,24231.7,24235.6,0
2026-08-20 14:47:00,24235.95,24238.0,24234.85,24236.2,0
2026-08-20 14:48:00,24236.85,24238.2,24234.3,24236.8,0
2026-08-20 14:49:00,24236.95,24237.75,24235.15,24236.65,0
2026-08-20 14:50:00,24236.3,24238.5,24234.85,24237.25,0
2026-08-20 14:51:00,24236.4,24238.95,24234.6,24236.75,0
2026-08-20 14:52:00,24237.05,24237.5,24232.75,24235.8,0
2026-08-20 14:53:00,24235.75,24236.25,24231.15,24236.25,0
2026-08-20 14:54:00,24236.0,24238.7,24232.5,24235.7,0
2026-08-20 14:55:00,24235.4,24237.15,24231.95,24235.0,0
2026-08-20 14:56:00,24236.75,24240.85,24234.4,24237.55,0
2026-08-20 14:57:00,24237.35,24240.9,24235.15,24236.1,0
2026-08-20 14:58:00,24235.9,24237.4,24233.4,24234.65,0
2026-08-20 14:59:00,24234.25,24240.5,24233.4,24238.1,0
2026-08-20 15:00:00,24238.05,24240.7,24233.25,24233.35,0
2026-08-20 15:01:00,24233.05,24234.5,24226.1,24228.8,0
2026-08-20 15:02:00,24228.4,24231.85,24225.3,24227.65,0
2026-08-20 15:03:00,24228.0,24229.9,24225.3,24229.2,0
2026-08-20 15:04:00,24228.75,24232.55,24224.55,24231.35,0
2026-08-20 15:05:00,24232.55,24232.55,24220.85,24222.6,0
2026-08-20 15:06:00,24222.9,24223.25,24216.75,24219.75,0
2026-08-20 15:07:00,24219.55,24221.85,24217.1,24218.0,0
2026-08-20 15:08:00,24218.05,24220.1,24216.0,24217.5,0
2026-08-20 15:09:00,24218.0,24219.3,24213.55,24215.7,0
2026-08-20 15:10:00,24215.95,24216.8,24211.55,24214.3,0
2026-08-20 15:11:00,24215.15,24215.4,24206.4,24207.65,0
2026-08-20 15:12:00,24208.55,24215.05,24205.3,24211.0,0
2026-08-20 15:13:00,24213.65,24223.8,24208.2,24220.15,0
2026-08-20 15:14:00,24220.45,24222.25,24211.6,24212.35,0
2026-08-20 15:29:00,24230.95,24233.85,24229.7,24231.85,0
2026-08-21 09:15:00,24284.05,24284.05,24249.25,24261.0,0
2026-08-21 09:16:00,24261.15,24265.75,24244.25,24250.3,0
2026-08-21 09:17:00,24250.1,24255.1,24241.45,24255.1,0
2026-08-21 09:18:00,24255.95,24255.95,24241.75,24241.75,0
2026-08-21 09:19:00,24241.95,24245.3,24235.5,24238.1,0
2026-08-21 09:20:00,24237.55,24238.5,24222.1,24222.1,0
2026-08-21 09:21:00,24221.4,24222.2,24210.8,24219.05,0
2026-08-21 09:22:00,24218.65,24220.8,24215.25,24217.45,0
2026-08-21 09:23:00,24217.35,24225.0,24215.8,24224.15,0
2026-08-21 09:24:00,24224.45,24225.2,24217.3,24220.3,0
2026-08-21 09:25:00,24220.4,24222.55,24217.6,24220.55,0
2026-08-21 09:26:00,24219.5,24224.7,24218.45,24219.45,0
2026-08-21 09:27:00,24219.8,24220.95,24216.2,24218.9,0
2026-08-21 09:28:00,24218.55,24227.1,24217.8,24226.0,0
2026-08-21 09:29:00,24226.3,24236.2,24225.1,24230.8,0
2026-08-21 09:30:00,24230.95,24230.95,24221.0,24222.1,0
2026-08-21 09:31:00,24222.0,24225.45,24220.0,24220.8,0
2026-08-21 09:32:00,24220.75,24225.35,24216.9,24216.9,0
2026-08-21 09:33:00,24216.7,24220.8,24214.1,24215.0,0
2026-08-21 09:34:00,24214.4,24214.8,24206.8,24208.8,0
2026-08-21 09:35:00,24208.85,24213.85,24207.3,24213.45,0
2026-08-21 09:36:00,24213.65,24218.15,24213.25,24216.9,0
2026-08-21 09:37:00,24216.6,24219.45,24214.7,24217.1,0
2026-08-21 09:38:00,24217.05,24219.35,24214.2,24217.6,0
2026-08-21 09:39:00,24218.0,24221.75,24217.55,24220.7,0
2026-08-21 09:40:00,24220.75,24227.95,24220.55,24227.25,0
2026-08-21 09:41:00,24227.9,24237.4,24226.75,24237.4,0
2026-08-21 09:42:00,24236.7,24247.85,24236.1,24244.65,0
2026-08-21 09:43:00,24244.95,24245.95,24238.8,24244.2,0
2026-08-21 09:44:00,24243.9,24246.15,24241.25,24243.85,0
2026-08-21 09:45:00,24243.9,24248.45,24241.85,24245.6,0
2026-08-21 09:46:00,24245.5,24250.5,24239.85,24240.95,0
2026-08-21 09:47:00,24241.1,24243.6,24238.6,24242.55,0
2026-08-21 09:48:00,24242.0,24243.65,24240.15,24242.45,0
2026-08-21 09:49:00,24241.35,24247.45,24241.25,24243.5,0
2026-08-21 09:50:00,24243.4,24245.65,24240.65,24243.15,0
2026-08-21 09:51:00,24243.05,24250.7,24243.05,24248.2,0
2026-08-21 09:52:00,24248.3,24251.2,24245.1,24246.05,0
2026-08-21 09:53:00,24245.9,24252.2,24244.8,24251.25,0
2026-08-21 09:54:00,24251.8,24256.4,24250.45,24250.55,0
2026-08-21 09:55:00,24250.65,24251.95,24246.4,24247.5,0
2026-08-21 09:56:00,24247.35,24247.6,24243.35,24245.15,0
2026-08-21 09:57:00,24245.25,24246.6,24240.0,24242.6,0
2026-08-21 09:58:00,24242.8,24248.0,24242.1,24246.2,0
2026-08-21 09:59:00,24246.45,24250.95,24245.4,24246.9,0
2026-08-21 10:00:00,24247.0,24253.65,24247.0,24249.45,0
2026-08-21 10:01:00,24248.75,24248.75,24240.55,24242.45,0
2026-08-21 10:02:00,24242.7,24244.55,24240.55,24241.55,0
2026-08-21 10:03:00,24241.65,24244.6,24239.35,24240.5,0
2026-08-21 10:04:00,24240.6,24240.8,24238.15,24239.5,0
2026-08-21 10:05:00,24239.85,24240.2,24236.5,24239.05,0
2026-08-21 10:06:00,24239.15,24241.2,24235.7,24236.35,0
2026-08-21 10:07:00,24236.7,24237.45,24231.0,24232.1,0
2026-08-21 10:08:00,24232.4,24232.85,24226.2,24227.55,0
2026-08-21 10:09:00,24227.6,24229.9,24224.95,24225.25,0
2026-08-21 10:10:00,24225.5,24232.75,24224.6,24231.95,0
2026-08-21 10:11:00,24231.75,24233.95,24229.3,24233.85,0
2026-08-21 10:12:00,24233.9,24237.5,24233.1,24234.8,0
2026-08-21 10:13:00,24234.7,24237.15,24233.65,24234.7,0
2026-08-21 10:14:00,24234.85,24237.5,24233.75,24235.7,0
2026-08-21 10:15:00,24235.55,24236.2,24231.5,24233.7,0
2026-08-21 10:16:00,24234.05,24235.8,24233.1,24234.65,0
2026-08-21 10:17:00,24234.8,24237.9,24234.2,24236.05,0
2026-08-21 10:18:00,24236.15,24237.75,24233.2,24236.25,0
2026-08-21 10:19:00,24235.45,24236.55,24231.4,24232.1,0
2026-08-21 10:20:00,24232.15,24233.35,24229.35,24232.5,0
2026-08-21 10:21:00,24232.4,24234.35,24230.7,24233.0,0
2026-08-21 10:22:00,24233.7,24239.4,24233.35,24239.15,0
2026-08-21 10:23:00,24239.1,24246.0,24238.65,24244.65,0
2026-08-21 10:24:00,24244.9,24247.4,24243.8,24243.8,0
2026-08-21 10:25:00,24243.7,24246.3,24242.7,24244.9,0
2026-08-21 10:26:00,24244.95,24249.5,24244.6,24248.45,0
2026-08-21 10:27:00,24248.25,24250.1,24245.25,24246.65,0
2026-08-21 10:28:00,24246.5,24252.2,24245.3,24251.95,0
2026-08-21 10:29:00,24252.15,24256.85,24250.85,24255.0,0
2026-08-21 10:30:00,24255.7,24258.85,24252.55,24254.4,0
2026-08-21 10:31:00,24254.0,24257.55,24252.0,24255.55,0
2026-08-21 10:32:00,24255.4,24255.6,24250.7,24250.8,0
2026-08-21 10:33:00,24251.45,24253.65,24248.65,24251.2,0
2026-08-21 10:34:00,24251.3,24252.45,24248.5,24250.3,0
2026-08-21 10:35:00,24250.5,24251.5,24247.35,24249.05,0
2026-08-21 10:36:00,24248.9,24250.7,24246.8,24247.6,0
2026-08-21 10:37:00,24247.9,24250.6,24245.4,24249.5,0
2026-08-21 10:38:00,24249.1,24252.85,24248.25,24249.7,0
2026-08-21 10:39:00,24249.3,24251.3,24247.15,24249.35,0
2026-08-21 10:40:00,24249.25,24251.95,24247.8,24250.9,0
2026-08-21 10:41:00,24250.5,24254.65,24249.4,24253.8,0
2026-08-21 10:42:00,24253.7,24254.4,24251.1,24252.3,0
2026-08-21 10:43:00,24252.4,24254.1,24251.0,24252.1,0
2026-08-21 10:44:00,24252.3,24253.95,24251.4,24253.2,0
2026-08-21 10:45:00,24253.35,24256.65,24251.2,24256.45,0
2026-08-21 10:46:00,24256.6,24259.0,24253.15,24254.15,0
2026-08-21 10:47:00,24254.35,24255.3,24250.35,24250.75,0
2026-08-21 10:48:00,24250.65,24251.85,24247.95,24251.55,0
2026-08-21 10:49:00,24251.85,24256.3,24250.95,24253.5,0
2026-08-21 10:50:00,24253.2,24256.45,24252.55,24255.3,0
2026-08-21 10:51:00,24255.25,24257.4,24253.2,24255.8,0
2026-08-21 10:52:00,24256.1,24263.4,24254.65,24262.95,0
2026-08-21 10:53:00,24262.35,24265.3,24261.5,24264.55,0
2026-08-21 10:54:00,24265.5,24266.95,24263.35,24264.65,0
2026-08-21 10:55:00,24264.55,24267.65,24259.5,24261.15,0
2026-08-21 10:56:00,24261.05,24264.0,24260.05,24261.15,0
2026-08-21 10:57:00,24260.75,24261.75,24254.2,24254.7,0
2026-08-21 10:58:00,24254.65,24256.45,24251.05,24256.25,0
2026-08-21 10:59:00,24256.45,24261.55,24253.5,24261.0,0
2026-08-21 11:00:00,24260.65,24265.3,24260.25,24262.55,0
2026-08-21 11:01:00,24262.8,24264.7,24261.7,24263.5,0
2026-08-21 11:02:00,24263.3,24264.55,24260.15,24261.8,0
2026-08-21 11:03:00,24261.95,24265.55,24260.35,24264.55,0
2026-08-21 11:04:00,24263.95,24266.9,24263.05,24266.0,0
2026-08-21 11:05:00,24266.85,24267.3,24263.6,24265.9,0
2026-08-21 11:06:00,24265.7,24267.25,24263.6,24265.5,0
2026-08-21 11:07:00,24265.55,24266.4,24261.2,24265.2,0
2026-08-21 11:08:00,24265.45,24267.25,24263.0,24264.85,0
2026-08-21 11:09:00,24264.8,24267.05,24259.4,24259.8,0
2026-08-21 11:10:00,24260.05,24263.75,24258.7,24259.5,0
2026-08-21 11:11:00,24260.2,24261.7,24257.85,24260.9,0
2026-08-21 11:12:00,24261.05,24263.15,24259.7,24262.4,0
2026-08-21 11:13:00,24262.05,24264.35,24261.0,24261.5,0
2026-08-21 11:14:00,24261.15,24264.9,24261.0,24262.65,0
2026-08-21 11:15:00,24262.9,24265.85,24261.5,24263.1,0
2026-08-21 11:16:00,24262.75,24264.35,24260.4,24262.95,0
2026-08-21 11:17:00,24263.0,24264.4,24255.7,24255.9,0
2026-08-21 11:18:00,24255.55,24260.05,24251.9,24254.3,0
2026-08-21 11:19:00,24253.85,24256.05,24252.4,24255.35,0
2026-08-21 11:20:00,24255.1,24256.05,24251.35,24251.95,0
2026-08-21 11:21:00,24252.15,24255.1,24250.15,24250.3,0
2026-08-21 11:22:00,24250.2,24251.5,24248.15,24249.55,0
2026-08-21 11:23:00,24249.95,24253.9,24249.4,24252.3,0
2026-08-21 11:24:00,24252.45,24256.1,24251.85,24255.0,0
2026-08-21 11:25:00,24254.9,24257.7,24253.2,24254.95,0
2026-08-21 11:26:00,24254.7,24257.45,24254.15,24255.65,0
2026-08-21 11:27:00,24255.55,24256.7,24253.6,24254.1,0
2026-08-21 11:28:00,24254.0,24257.5,24252.15,24254.75,0
2026-08-21 11:29:00,24255.0,24259.4,24253.05,24256.6,0
2026-08-21 11:30:00,24256.55,24261.75,24256.55,24259.05,0
2026-08-21 11:31:00,24259.15,24261.05,24254.9,24255.75,0
2026-08-21 11:32:00,24256.05,24260.9,24254.25,24257.9,0
2026-08-21 11:33:00,24258.8,24260.7,24257.2,24258.65,0
2026-08-21 11:34:00,24258.4,24260.25,24256.55,24258.7,0
2026-08-21 11:35:00,24258.75,24260.15,24256.55,24257.95,0
2026-08-21 11:36:00,24258.1,24258.95,24253.8,24256.35,0
2026-08-21 11:37:00,24256.4,24258.45,24255.15,24256.0,0
2026-08-21 11:38:00,24255.9,24258.9,24255.0,24257.0,0
2026-08-21 11:39:00,24257.45,24260.7,24255.05,24257.2,0
2026-08-21 11:40:00,24257.3,24258.35,24252.0,24254.35,0
2026-08-21 11:41:00,24254.3,24256.9,24251.55,24252.85,0
2026-08-21 11:42:00,24252.45,24253.75,24249.8,24250.65,0
2026-08-21 11:43:00,24251.05,24255.7,24249.7,24252.4,0
2026-08-21 11:44:00,24252.25,24253.3,24248.85,24251.05,0
2026-08-21 11:45:00,24251.3,24254.7,24249.2,24250.6,0
2026-08-21 11:46:00,24250.4,24252.3,24247.75,24250.45,0
2026-08-21 11:47:00,24250.25,24252.3,24249.4,24250.6,0
2026-08-21 11:48:00,24251.0,24255.7,24250.3,24254.55,0
2026-08-21 11:49:00,24254.4,24255.55,24251.5,24254.35,0
2026-08-21 11:50:00,24254.45,24257.55,24252.9,24256.7,0
2026-08-21 11:51:00,24256.75,24259.7,24255.75,24256.0,0
2026-08-21 11:52:00,24255.95,24256.4,24250.45,24251.5,0
2026-08-21 11:53:00,24252.4,24254.1,24250.9,24252.05,0
2026-08-21 11:54:00,24252.25,24255.9,24245.25,24245.25,0
2026-08-21 11:55:00,24245.35,24248.25,24240.7,24241.6,0
2026-08-21 11:56:00,24240.8,24245.0,24238.65,24240.2,0
2026-08-21 11:57:00,24240.85,24242.5,24238.85,24239.75,0
2026-08-21 11:58:00,24239.6,24244.25,24239.6,24242.0,0
2026-08-21 11:59:00,24241.9,24243.65,24238.3,24239.3,0
2026-08-21 12:00:00,24238.45,24242.4,24237.05,24241.25,0
2026-08-21 12:01:00,24241.2,24244.05,24239.35,24240.4,0
2026-08-21 12:02:00,24240.35,24243.5,24239.95,24241.05,0
2026-08-21 12:03:00,24240.65,24241.5,24237.45,24238.3,0
2026-08-21 12:04:00,24239.15,24241.15,24237.4,24238.55,0
2026-08-21 12:05:00,24238.35,24241.85,24237.6,24240.65,0
2026-08-21 12:06:00,24240.7,24240.9,24236.45,24238.95,0
2026-08-21 12:07:00,24238.6,24239.4,24235.75,24239.1,0
2026-08-21 12:08:00,24238.95,24239.9,24236.05,24237.7,0
2026-08-21 12:09:00,24237.25,24238.75,24234.3,24236.25,0
2026-08-21 12:10:00,24236.2,24238.25,24235.45,24237.4,0
2026-08-21 12:11:00,24237.0,24239.6,24235.8,24236.5,0
2026-08-21 12:12:00,24236.4,24238.1,24234.5,24236.5,0
2026-08-21 12:13:00,24236.4,24238.2,24235.8,24236.35,0
2026-08-21 12:14:00,24236.3,24239.45,24232.55,24233.3,0
2026-08-21 12:15:00,24233.2,24236.7,24232.05,24232.45,0
2026-08-21 12:16:00,24232.35,24234.25,24227.5,24229.2,0
2026-08-21 12:17:00,24229.25,24233.05,24227.8,24232.2,0
2026-08-21 12:18:00,24232.05,24238.9,24231.4,24236.9,0
2026-08-21 12:19:00,24236.55,24238.9,24234.35,24237.95,0
2026-08-21 12:20:00,24237.45,24240.8,24236.15,24238.6,0
2026-08-21 12:21:00,24238.05,24241.5,24237.35,24237.75,0
2026-08-21 12:22:00,24237.35,24240.95,24237.3,24239.0,0
2026-08-21 12:23:00,24238.85,24243.25,24238.65,24241.75,0
2026-08-21 12:24:00,24241.65,24243.35,24240.1,24240.75,0
2026-08-21 12:25:00,24240.85,24241.9,24237.5,24239.55,0
2026-08-21 12:26:00,24239.35,24242.55,24238.7,24242.5,0
2026-08-21 12:27:00,24242.15,24243.3,24237.95,24239.85,0
2026-08-21 12:28:00,24239.9,24241.25,24234.9,24237.2,0
2026-08-21 12:29:00,24237.4,24239.1,24235.6,24238.25,0
2026-08-21 12:30:00,24238.0,24242.95,24238.0,24240.0,0
2026-08-21 12:31:00,24240.5,24245.15,24239.5,24242.75,0
2026-08-21 12:32:00,24242.8,24246.65,24242.25,24243.55,0
2026-08-21 12:33:00,24243.85,24245.85,24242.15,24243.5,0
2026-08-21 12:34:00,24243.25,24244.35,24241.0,24243.1,0
2026-08-21 12:35:00,24243.15,24246.4,24241.6,24244.95,0
2026-08-21 12:36:00,24244.25,24246.7,24242.35,24243.2,0
2026-08-21 12:37:00,24242.95,24244.65,24240.15,24242.05,0
2026-08-21 12:38:00,24242.0,24242.9,24237.2,24238.6,0
2026-08-21 12:39:00,24238.95,24240.9,24235.8,24236.55,0
2026-08-21 12:40:00,24236.4,24236.9,24232.8,24234.85,0
2026-08-21 12:41:00,24235.85,24236.1,24230.15,24230.45,0
2026-08-21 12:42:00,24230.35,24232.3,24228.0,24229.75,0
2026-08-21 12:43:00,24229.6,24231.8,24227.45,24229.2,0
2026-08-21 12:44:00,24228.95,24233.8,24228.55,24233.3,0
2026-08-21 12:45:00,24233.1,24238.0,24232.0,24237.35,0
2026-08-21 12:46:00,24237.1,24239.4,24232.4,24232.7,0
2026-08-21 12:47:00,24232.6,24234.6,24229.3,24229.8,0
2026-08-21 12:48:00,24229.9,24232.25,24228.55,24230.55,0
2026-08-21 12:49:00,24230.35,24232.45,24228.8,24230.4,0
2026-08-21 12:50:00,24230.3,24234.55,24230.2,24232.4,0
2026-08-21 12:51:00,24231.9,24234.4,24230.75,24233.4,0
2026-08-21 12:52:00,24233.2,24235.45,24231.95,24232.95,0
2026-08-21 12:53:00,24233.25,24234.35,24231.1,24233.4,0
2026-08-21 12:54:00,24233.35,24234.4,24231.1,24233.2,0
2026-08-21 12:55:00,24233.7,24235.7,24231.35,24234.9,0
2026-08-21 12:56:00,24234.65,24236.45,24230.6,24232.1,0
2026-08-21 12:57:00,24231.9,24233.1,24230.15,24230.65,0
2026-08-21 12:58:00,24230.85,24233.2,24229.55,24231.35,0
2026-08-21 12:59:00,24231.05,24235.75,24230.8,24232.8,0
2026-08-21 13:00:00,24232.6,24234.85,24231.95,24234.4,0
2026-08-21 13:01:00,24234.6,24237.8,24234.4,24237.15,0
2026-08-21 13:02:00,24237.2,24239.1,24236.45,24238.25,0
2026-08-21 13:03:00,24238.15,24240.2,24236.05,24239.05,0
2026-08-21 13:04:00,24238.9,24241.7,24238.4,24241.05,0
2026-08-21 13:05:00,24241.1,24245.95,24239.85,24244.5,0
2026-08-21 13:06:00,24244.4,24247.35,24244.0,24246.4,0
2026-08-21 13:07:00,24246.2,24249.25,24245.65,24248.3,0
2026-08-21 13:08:00,24248.6,24251.5,24246.85,24250.05,0
2026-08-21 13:09:00,24250.0,24253.1,24248.55,24250.35,0
2026-08-21 13:10:00,24250.05,24252.7,24247.65,24248.3,0
2026-08-21 13:11:00,24248.2,24250.15,24246.55,24248.25,0
2026-08-21 13:12:00,24247.85,24251.0,24247.35,24249.25,0
2026-08-21 13:13:00,24249.15,24250.2,24247.0,24247.45,0
2026-08-21 13:14:00,24247.2,24248.4,24242.85,24244.0,0
2026-08-21 13:15:00,24244.05,24246.5,24241.05,24242.65,0
2026-08-21 13:16:00,24242.35,24244.2,24239.9,24241.1,0
2026-08-21 13:17:00,24241.25,24245.2,24240.25,24244.1,0
2026-08-21 13:18:00,24244.3,24248.2,24243.3,24247.7,0
2026-08-21 13:19:00,24247.05,24248.2,24244.9,24246.0,0
2026-08-21 13:20:00,24245.7,24248.0,24243.1,24244.25,0
2026-08-21 13:21:00,24244.2,24245.6,24238.15,24238.25,0
2026-08-21 13:22:00,24238.0,24239.55,24236.3,24236.45,0
2026-08-21 13:23:00,24236.55,24237.5,24234.9,24235.95,0
2026-08-21 13:24:00,24235.7,24239.8,24235.2,24238.35,0
2026-08-21 13:25:00,24238.65,24239.15,24235.6,24238.75,0
2026-08-21 13:26:00,24238.85,24239.7,24236.2,24238.15,0
2026-08-21 13:27:00,24237.9,24241.05,24237.35,24240.45,0
2026-08-21 13:28:00,24240.55,24242.45,24238.3,24239.65,0
2026-08-21 13:29:00,24239.2,24247.15,24238.75,24246.8,0
2026-08-21 13:30:00,24247.05,24250.35,24243.4,24244.25,0
2026-08-21 13:31:00,24244.1,24246.4,24243.35,24243.85,0
2026-08-21 13:32:00,24244.0,24244.0,24237.65,24238.8,0
2026-08-21 13:33:00,24238.75,24240.55,24237.85,24239.8,0
2026-08-21 13:34:00,24239.5,24242.8,24238.8,24239.5,0
2026-08-21 13:35:00,24239.6,24242.45,24237.95,24238.4,0
2026-08-21 13:36:00,24238.3,24239.1,24229.95,24233.0,0
2026-08-21 13:37:00,24233.1,24235.2,24230.85,24233.7,0
2026-08-21 13:38:00,24233.6,24235.5,24231.95,24232.4,0
2026-08-21 13:39:00,24232.3,24235.0,24231.95,24233.7,0
2026-08-21 13:40:00,24233.9,24237.65,24233.65,24236.5,0
2026-08-21 13:41:00,24236.9,24236.9,24229.95,24231.15,0
2026-08-21 13:42:00,24231.3,24234.75,24229.75,24234.75,0
2026-08-21 13:43:00,24234.3,24237.45,24232.95,24236.15,0
2026-08-21 13:44:00,24236.1,24237.9,24233.65,24235.8,0
2026-08-21 13:45:00,24235.6,24236.75,24231.65,24232.65,0
2026-08-21 13:46:00,24232.45,24233.75,24229.65,24232.9,0
2026-08-21 13:47:00,24232.4,24237.95,24231.2,24236.75,0
2026-08-21 13:48:00,24236.2,24237.3,24232.55,24233.45,0
2026-08-21 13:49:00,24233.55,24234.65,24230.5,24231.45,0
2026-08-21 13:50:00,24231.2,24234.0,24229.9,24231.05,0
2026-08-21 13:51:00,24230.85,24231.35,24226.1,24229.45,0
2026-08-21 13:52:00,24229.55,24233.3,24228.75,24230.75,0
2026-08-21 13:53:00,24230.85,24237.95,24229.55,24232.45,0
2026-08-21 13:54:00,24232.35,24235.1,24231.3,24232.95,0
2026-08-21 13:55:00,24233.25,24236.4,24232.5,24234.7,0
2026-08-21 13:56:00,24235.55,24236.75,24233.65,24235.3,0
2026-08-21 13:57:00,24234.9,24241.7,24234.7,24239.6,0
2026-08-21 13:58:00,24240.25,24242.9,24236.15,24237.8,0
2026-08-21 13:59:00,24237.5,24238.6,24233.4,24233.95,0
2026-08-21 14:00:00,24232.9,24236.45,24232.45,24235.15,0
2026-08-21 14:01:00,24234.3,24236.05,24231.8,24233.65,0
2026-08-21 14:02:00,24234.2,24236.15,24231.4,24231.75,0
2026-08-21 14:03:00,24231.7,24234.1,24227.4,24227.45,0
2026-08-21 14:04:00,24227.8,24233.65,24227.15,24230.7,0
2026-08-21 14:05:00,24230.8,24233.15,24228.75,24230.1,0
2026-08-21 14:06:00,24231.15,24231.35,24226.95,24228.15,0
2026-08-21 14:07:00,24227.35,24231.35,24226.8,24229.2,0
2026-08-21 14:08:00,24228.7,24231.1,24227.55,24229.05,0
2026-08-21 14:09:00,24228.8,24230.35,24223.65,24225.45,0
2026-08-21 14:10:00,24225.15,24227.1,24223.7,24225.6,0
2026-08-21 14:11:00,24225.35,24230.85,24225.0,24226.05,0
2026-08-21 14:12:00,24225.2,24230.15,24224.9,24228.95,0
2026-08-21 14:13:00,24228.7,24230.3,24227.55,24229.55,0
2026-08-21 14:14:00,24229.0,24231.9,24227.1,24230.55,0
2026-08-21 14:15:00,24230.6,24232.8,24229.95,24232.5,0
2026-08-21 14:16:00,24231.75,24237.3,24231.75,24234.85,0
2026-08-21 14:17:00,24234.6,24237.75,24234.0,24236.95,0
2026-08-21 14:18:00,24236.45,24239.6,24235.7,24237.3,0
2026-08-21 14:19:00,24237.15,24238.2,24234.65,24236.15,0
2026-08-21 14:20:00,24236.8,24239.1,24234.2,24235.7,0
2026-08-21 14:21:00,24235.2,24240.2,24234.9,24239.15,0
2026-08-21 14:22:00,24239.6,24243.0,24238.75,24240.0,0
2026-08-21 14:23:00,24240.05,24243.15,24238.5,24240.9,0
2026-08-21 14:24:00,24240.45,24241.95,24236.85,24239.35,0
2026-08-21 14:25:00,24239.6,24240.35,24234.3,24235.9,0
2026-08-21 14:26:00,24235.95,24239.15,24234.45,24236.45,0
2026-08-21 14:27:00,24236.4,24238.55,24234.35,24237.5,0
2026-08-21 14:28:00,24238.75,24239.45,24234.6,24238.35,0
2026-08-21 14:29:00,24238.1,24243.25,24237.8,24243.1,0
2026-08-21 14:30:00,24242.7,24246.25,24242.5,24244.6,0
2026-08-21 14:31:00,24244.45,24245.2,24239.9,24241.85,0
2026-08-21 14:32:00,24242.2,24243.7,24239.65,24241.7,0
2026-08-21 14:33:00,24240.95,24242.95,24238.65,24241.2,0
2026-08-21 14:34:00,24240.65,24242.35,24236.4,24237.75,0
2026-08-21 14:35:00,24238.4,24238.5,24234.15,24236.8,0
2026-08-21 14:36:00,24237.2,24239.2,24234.65,24238.6,0
2026-08-21 14:37:00,24237.1,24239.85,24235.1,24236.4,0
2026-08-21 14:38:00,24236.3,24239.15,24233.95,24235.25,0
2026-08-21 14:39:00,24235.0,24238.45,24233.85,24234.7,0
2026-08-21 14:40:00,24233.75,24238.3,24233.3,24236.25,0
2026-08-21 14:41:00,24235.95,24237.9,24234.0,24235.1,0
2026-08-21 14:42:00,24235.05,24237.5,24234.25,24236.15,0
2026-08-21 14:43:00,24235.35,24236.2,24232.9,24234.6,0
2026-08-21 14:44:00,24234.55,24237.4,24233.95,24235.35,0
2026-08-21 14:45:00,24234.85,24239.35,24234.7,24236.5,0
2026-08-21 14:46:00,24236.45,24240.9,24236.4,24239.5,0
2026-08-21 14:47:00,24239.7,24242.15,24238.2,24240.85,0
2026-08-21 14:48:00,24241.5,24243.95,24239.65,24241.5,0
2026-08-21 14:49:00,24241.65,24242.05,24237.3,24237.6,0
2026-08-21 14:50:00,24238.0,24242.65,24237.55,24240.15,0
2026-08-21 14:51:00,24240.75,24244.4,24239.9,24240.4,0
2026-08-21 14:52:00,24240.45,24243.6,24238.0,24239.05,0
2026-08-21 14:53:00,24239.3,24241.9,24237.75,24239.2,0
2026-08-21 14:54:00,24239.35,24242.0,24237.7,24238.6,0
2026-08-21 14:55:00,24239.0,24241.45,24237.8,24237.8,0
2026-08-21 14:56:00,24238.75,24240.95,24237.5,24238.2,0
2026-08-21 14:57:00,24239.45,24239.75,24235.25,24236.4,0
2026-08-21 14:58:00,24235.55,24239.05,24234.8,24235.0,0
2026-08-21 14:59:00,24235.7,24238.5,24233.3,24236.3,0
2026-08-21 15:00:00,24235.85,24239.8,24233.05,24238.1,0
2026-08-21 15:01:00,24238.8,24239.55,24235.0,24237.8,0
2026-08-21 15:02:00,24237.4,24243.45,24236.2,24241.45,0
2026-08-21 15:03:00,24240.75,24241.35,24234.6,24237.65,0
2026-08-21 15:04:00,24237.2,24240.55,24233.95,24235.75,0
2026-08-21 15:05:00,24234.7,24236.95,24231.55,24233.6,0
2026-08-21 15:06:00,24233.8,24239.65,24231.65,24238.85,0
2026-08-21 15:07:00,24239.1,24240.25,24236.0,24238.55,0
2026-08-21 15:08:00,24238.25,24238.6,24234.95,24236.75,0
2026-08-21 15:09:00,24237.4,24237.4,24230.9,24234.05,0
2026-08-21 15:10:00,24234.0,24237.1,24230.65,24232.4,0
2026-08-21 15:11:00,24232.7,24235.3,24228.9,24232.8,0
2026-08-21 15:12:00,24234.05,24234.05,24223.6,24228.5,0
2026-08-21 15:13:00,24228.85,24232.8,24226.4,24231.1,0
2026-08-21 15:14:00,24229.85,24238.95,24226.75,24234.75,0
2026-08-21 15:29:00,24252.0,24252.0,24252.0,24252.0,0
2026-08-24 09:15:00,24285.05,24306.75,24271.1,24297.35,0
2026-08-24 09:16:00,24299.4,24307.15,24295.8,24301.35,0
2026-08-24 09:17:00,24302.15,24310.5,24300.35,24307.4,0
2026-08-24 09:18:00,24308.8,24313.0,24304.2,24305.4,0
2026-08-24 09:19:00,24306.45,24308.1,24301.05,24303.4,0
2026-08-24 09:20:00,24303.9,24309.5,24303.5,24308.1,0
2026-08-24 09:21:00,24308.5,24310.9,24301.55,24304.25,0
2026-08-24 09:22:00,24303.7,24305.15,24298.75,24304.15,0
2026-08-24 09:23:00,24305.75,24311.9,24304.5,24306.55,0
2026-08-24 09:24:00,24307.6,24308.1,24300.1,24303.0,0
2026-08-24 09:25:00,24304.65,24305.6,24299.15,24302.15,0
2026-08-24 09:26:00,24303.35,24305.7,24300.5,24303.5,0
2026-08-24 09:27:00,24305.55,24306.3,24300.75,24301.9,0
2026-08-24 09:28:00,24303.2,24303.2,24287.25,24289.85,0
2026-08-24 09:29:00,24291.6,24293.95,24287.15,24287.15,0
2026-08-24 09:30:00,24290.3,24291.05,24282.4,24286.35,0
2026-08-24 09:31:00,24287.15,24289.0,24278.0,24278.2,0
2026-08-24 09:32:00,24279.6,24279.6,24273.6,24276.25,0
2026-08-24 09:33:00,24278.3,24278.3,24272.55,24276.2,0
2026-08-24 09:34:00,24277.1,24279.55,24274.65,24276.7,0
2026-08-24 09:35:00,24278.45,24278.45,24273.95,24278.15,0
2026-08-24 09:36:00,24278.7,24278.7,24273.4,24276.85,0
2026-08-24 09:37:00,24277.85,24284.35,24276.7,24284.25,0
2026-08-24 09:38:00,24284.1,24288.3,24283.0,24285.0,0
2026-08-24 09:39:00,24286.55,24288.6,24282.4,24283.1,0
2026-08-24 09:40:00,24284.7,24286.2,24279.4,24280.85,0
2026-08-24 09:41:00,24280.7,24281.75,24276.1,24277.15,0
2026-08-24 09:42:00,24277.9,24278.55,24274.25,24276.5,0
2026-08-24 09:43:00,24277.25,24280.95,24276.3,24278.8,0
2026-08-24 09:44:00,24280.15,24283.3,24279.1,24281.65,0
2026-08-24 09:45:00,24282.55,24284.1,24279.7,24282.05,0
2026-08-24 09:46:00,24282.2,24285.15,24276.15,24276.45,0
2026-08-24 09:47:00,24278.9,24281.35,24276.15,24279.8,0
2026-08-24 09:48:00,24279.95,24281.55,24278.4,24278.75,0
2026-08-24 09:49:00,24280.15,24281.35,24276.7,24281.35,0
2026-08-24 09:50:00,24281.2,24283.95,24278.15,24278.15,0
2026-08-24 09:51:00,24280.75,24282.15,24278.2,24280.75,0
2026-08-24 09:52:00,24282.55,24283.0,24277.05,24277.4,0
2026-08-24 09:53:00,24278.3,24280.25,24273.25,24274.95,0
2026-08-24 09:54:00,24276.9,24276.9,24272.1,24272.65,0
2026-08-24 09:55:00,24273.75,24276.6,24270.45,24276.1,0
2026-08-24 09:56:00,24277.75,24281.35,24276.1,24279.55,0
2026-08-24 09:57:00,24279.7,24281.05,24277.7,24278.8,0
2026-08-24 09:58:00,24280.55,24280.55,24268.6,24269.9,0
2026-08-24 09:59:00,24270.15,24271.6,24267.3,24268.65,0
2026-08-24 10:00:00,24270.3,24274.8,24267.9,24269.4,0
2026-08-24 10:01:00,24270.8,24273.85,24268.9,24270.65,0
2026-08-24 10:02:00,24271.7,24274.8,24270.6,24273.6,0
2026-08-24 10:03:00,24274.55,24276.55,24269.85,24270.4,0
2026-08-24 10:04:00,24271.85,24271.85,24267.65,24269.5,0
2026-08-24 10:05:00,24271.1,24272.0,24268.95,24271.65,0
2026-08-24 10:06:00,24272.4,24274.3,24269.55,24271.8,0
2026-08-24 10:07:00,24273.4,24273.4,24267.7,24268.45,0
2026-08-24 10:08:00,24270.0,24273.05,24268.15,24269.35,0
2026-08-24 10:09:00,24270.2,24273.85,24269.1,24270.3,0
2026-08-24 10:10:00,24272.25,24274.7,24270.3,24273.05,0
2026-08-24 10:11:00,24274.55,24275.2,24271.05,24272.6,0
2026-08-24 10:12:00,24273.65,24273.65,24269.6,24271.45,0
2026-08-24 10:13:00,24271.15,24273.9,24270.0,24272.05,0
2026-08-24 10:14:00,24272.95,24276.2,24271.55,24273.05,0
2026-08-24 10:15:00,24274.15,24276.1,24271.75,24273.95,0
2026-08-24 10:16:00,24276.0,24278.0,24272.3,24276.15,0
2026-08-24 10:17:00,24277.2,24278.9,24273.35,24274.9,0
2026-08-24 10:18:00,24276.3,24278.2,24273.7,24277.7,0
2026-08-24 10:19:00,24278.15,24281.9,24277.2,24278.2,0
2026-08-24 10:20:00,24280.05,24281.95,24276.8,24277.6,0
2026-08-24 10:21:00,24279.0,24283.5,24277.15,24281.4,0
2026-08-24 10:22:00,24283.35,24284.25,24277.1,24278.85,0
2026-08-24 10:23:00,24279.95,24280.35,24276.6,24277.55,0
2026-08-24 10:24:00,24278.7,24280.6,24276.6,24278.6,0
2026-08-24 10:25:00,24279.8,24281.75,24274.55,24275.8,0
2026-08-24 10:26:00,24277.85,24279.25,24274.9,24278.45,0
2026-08-24 10:27:00,24279.15,24281.3,24277.85,24278.95,0
2026-08-24 10:28:00,24279.75,24281.65,24276.45,24277.5,0
2026-08-24 10:29:00,24279.6,24280.4,24276.4,24277.7,0
2026-08-24 10:30:00,24278.35,24281.55,24277.45,24278.2,0
2026-08-24 10:31:00,24281.1,24281.95,24276.2,24278.2,0
2026-08-24 10:32:00,24277.55,24279.45,24275.05,24275.75,0
2026-08-24 10:33:00,24276.6,24282.35,24275.85,24280.2,0
2026-08-24 10:34:00,24281.0,24281.95,24278.55,24280.3,0
2026-08-24 10:35:00,24281.95,24282.65,24278.55,24279.6,0
2026-08-24 10:36:00,24281.3,24282.7,24278.9,24280.0,0
2026-08-24 10:37:00,24281.8,24286.85,24280.65,24285.3,0
2026-08-24 10:38:00,24286.45,24287.7,24282.65,24283.45,0
2026-08-24 10:39:00,24285.4,24285.4,24278.85,24280.25,0
2026-08-24 10:40:00,24280.95,24280.95,24277.2,24278.2,0
2026-08-24 10:41:00,24279.2,24280.05,24276.4,24277.8,0
2026-08-24 10:42:00,24278.15,24282.25,24275.4,24278.0,0
2026-08-24 10:43:00,24278.9,24282.2,24278.0,24280.35,0
2026-08-24 10:44:00,24281.55,24282.4,24278.6,24279.7,0
2026-08-24 10:45:00,24280.9,24280.9,24276.45,24279.15,0
2026-08-24 10:46:00,24279.75,24279.75,24276.15,24277.9,0
2026-08-24 10:47:00,24279.0,24279.8,24275.85,24277.6,0
2026-08-24 10:48:00,24278.45,24280.05,24274.95,24275.65,0
2026-08-24 10:49:00,24277.1,24277.65,24269.75,24270.6,0
2026-08-24 10:50:00,24272.35,24272.4,24267.95,24270.3,0
2026-08-24 10:51:00,24270.9,24271.15,24263.75,24264.95,0
2026-08-24 10:52:00,24265.55,24265.9,24262.35,24263.8,0
2026-08-24 10:53:00,24265.6,24267.6,24262.95,24266.3,0
2026-08-24 10:54:00,24267.1,24270.45,24266.25,24269.2,0
2026-08-24 10:55:00,24270.0,24272.75,24267.8,24271.25,0
2026-08-24 10:56:00,24272.25,24272.25,24267.85,24269.0,0
2026-08-24 10:57:00,24270.1,24272.5,24265.95,24267.85,0
2026-08-24 10:58:00,24268.7,24268.7,24262.75,24265.7,0
2026-08-24 10:59:00,24266.2,24266.2,24240.35,24243.25,0
2026-08-24 11:00:00,24244.2,24251.55,24242.7,24250.45,0
2026-08-24 11:01:00,24251.25,24255.0,24248.4,24250.6,0
2026-08-24 11:02:00,24251.4,24251.85,24246.85,24247.1,0
2026-08-24 11:03:00,24248.8,24248.8,24227.25,24228.9,0
2026-08-24 11:04:00,24230.15,24233.0,24228.7,24230.95,0
2026-08-24 11:05:00,24231.25,24232.35,24219.5,24221.9,0
2026-08-24 11:06:00,24222.75,24229.0,24220.15,24227.55,0
2026-08-24 11:07:00,24228.05,24229.8,24226.4,24228.05,0
2026-08-24 11:08:00,24228.6,24228.85,24223.2,24225.45,0
2026-08-24 11:09:00,24226.0,24226.95,24219.8,24221.65,0
2026-08-24 11:10:00,24222.1,24223.55,24218.35,24221.1,0
2026-08-24 11:11:00,24222.3,24223.1,24218.7,24219.75,0
2026-08-24 11:12:00,24221.0,24221.05,24210.65,24212.6,0
2026-08-24 11:13:00,24213.95,24215.65,24210.35,24212.35,0
2026-08-24 11:14:00,24213.6,24214.2,24209.05,24210.75,0
2026-08-24 11:15:00,24212.25,24212.65,24207.05,24210.85,0
2026-08-24 11:16:00,24212.7,24218.0,24210.85,24214.2,0
2026-08-24 11:17:00,24214.5,24215.2,24211.15,24212.35,0
2026-08-24 11:18:00,24213.75,24219.7,24211.85,24216.7,0
2026-08-24 11:19:00,24217.5,24218.0,24214.3,24215.1,0
2026-08-24 11:20:00,24216.6,24220.8,24214.25,24214.45,0
2026-08-24 11:21:00,24215.2,24215.2,24209.6,24212.0,0
2026-08-24 11:22:00,24212.2,24213.6,24204.05,24205.45,0
2026-08-24 11:23:00,24206.2,24206.7,24196.75,24200.55,0
2026-08-24 11:24:00,24201.4,24205.55,24199.2,24203.25,0
2026-08-24 11:25:00,24203.3,24204.4,24198.8,24199.3,0
2026-08-24 11:26:00,24200.55,24200.55,24196.35,24197.75,0
2026-08-24 11:27:00,24198.7,24202.55,24197.15,24200.4,0
2026-08-24 11:28:00,24202.15,24203.5,24199.45,24200.65,0
2026-08-24 11:29:00,24202.25,24203.8,24200.3,24202.05,0
2026-08-24 11:30:00,24202.5,24204.05,24194.45,24195.05,0
2026-08-24 11:31:00,24194.95,24195.15,24178.4,24179.1,0
2026-08-24 11:32:00,24180.15,24184.7,24177.75,24178.45,0
2026-08-24 11:33:00,24180.25,24182.15,24177.25,24178.95,0
2026-08-24 11:34:00,24180.05,24181.9,24177.35,24180.0,0
2026-08-24 11:35:00,24180.4,24181.95,24175.1,24176.8,0
2026-08-24 11:36:00,24177.0,24178.7,24173.75,24176.75,0
2026-08-24 11:37:00,24177.2,24183.95,24175.3,24178.45,0
2026-08-24 11:38:00,24180.75,24182.15,24178.45,24180.4,0
2026-08-24 11:39:00,24181.85,24184.3,24180.1,24180.85,0
2026-08-24 11:40:00,24181.4,24183.55,24180.3,24183.15,0
2026-08-24 11:41:00,24184.3,24186.8,24182.65,24184.6,0
2026-08-24 11:42:00,24186.7,24192.1,24184.55,24190.65,0
2026-08-24 11:43:00,24191.55,24193.25,24187.05,24188.1,0
2026-08-24 11:44:00,24188.85,24190.95,24186.3,24187.15,0
2026-08-24 11:45:00,24188.2,24193.0,24187.65,24192.35,0
2026-08-24 11:46:00,24193.5,24197.1,24191.9,24196.05,0
2026-08-24 11:47:00,24197.25,24198.2,24193.85,24194.4,0
2026-08-24 11:48:00,24195.15,24196.9,24192.7,24195.75,0
2026-08-24 11:49:00,24196.3,24198.6,24193.9,24196.85,0
2026-08-24 11:50:00,24197.75,24200.5,24192.45,24193.25,0
2026-08-24 11:51:00,24195.9,24196.3,24191.75,24193.1,0
2026-08-24 11:52:00,24194.1,24196.25,24191.75,24193.75,0
2026-08-24 11:53:00,24195.2,24196.2,24189.9,24191.2,0
2026-08-24 11:54:00,24191.65,24193.5,24190.3,24191.65,0
2026-08-24 11:55:00,24192.1,24196.55,24190.4,24193.6,0
2026-08-24 11:56:00,24194.4,24196.3,24191.85,24193.2,0
2026-08-24 11:57:00,24194.45,24195.8,24185.6,24186.5,0
2026-08-24 11:58:00,24187.5,24187.85,24181.35,24184.2,0
2026-08-24 11:59:00,24185.1,24186.9,24180.4,24181.2,0
2026-08-24 12:00:00,24182.65,24184.75,24179.7,24184.75,0
2026-08-24 12:01:00,24185.95,24187.2,24182.6,24185.85,0
2026-08-24 12:02:00,24186.25,24187.4,24184.05,24185.35,0
2026-08-24 12:03:00,24186.6,24192.25,24185.2,24192.25,0
2026-08-24 12:04:00,24192.2,24195.25,24188.35,24190.25,0
2026-08-24 12:05:00,24190.9,24192.55,24185.0,24185.75,0
2026-08-24 12:06:00,24185.8,24189.0,24184.9,24185.9,0
2026-08-24 12:07:00,24186.55,24190.05,24185.85,24188.5,0
2026-08-24 12:08:00,24189.95,24192.75,24188.65,24189.1,0
2026-08-24 12:09:00,24191.3,24196.5,24189.6,24194.7,0
2026-08-24 12:10:00,24195.3,24197.6,24192.95,24196.2,0
2026-08-24 12:11:00,24198.2,24198.85,24193.6,24193.9,0
2026-08-24 12:12:00,24194.65,24197.3,24193.25,24194.35,0
2026-08-24 12:13:00,24195.8,24195.9,24191.35,24192.8,0
2026-08-24 12:14:00,24193.7,24196.25,24191.4,24194.1,0
2026-08-24 12:15:00,24194.55,24196.35,24192.5,24193.15,0
2026-08-24 12:16:00,24194.7,24195.25,24190.2,24191.05,0
2026-08-24 12:17:00,24191.5,24194.85,24190.2,24191.5,0
2026-08-24 12:18:00,24193.25,24193.25,24187.95,24189.3,0
2026-08-24 12:19:00,24190.4,24194.2,24189.0,24190.5,0
2026-08-24 12:20:00,24192.0,24194.9,24189.4,24190.4,0
2026-08-24 12:21:00,24192.6,24194.5,24190.15,24192.0,0
2026-08-24 12:22:00,24192.4,24195.75,24191.2,24192.7,0
2026-08-24 12:23:00,24194.5,24195.7,24191.2,24192.15,0
2026-08-24 12:24:00,24194.1,24195.5,24192.05,24192.7,0
2026-08-24 12:25:00,24194.6,24196.85,24191.25,24193.95,0
2026-08-24 12:26:00,24194.55,24196.9,24193.6,24195.4,0
2026-08-24 12:27:00,24197.85,24199.55,24192.15,24193.55,0
2026-08-24 12:28:00,24195.15,24198.1,24189.55,24190.9,0
2026-08-24 12:29:00,24192.2,24193.35,24182.95,24183.85,0
2026-08-24 12:30:00,24184.6,24189.7,24182.7,24186.55,0
2026-08-24 12:31:00,24188.25,24189.0,24184.05,24185.6,0
2026-08-24 12:32:00,24186.65,24187.85,24184.35,24184.95,0
2026-08-24 12:33:00,24185.75,24189.0,24183.65,24185.75,0
2026-08-24 12:34:00,24187.4,24187.85,24182.45,24183.35,0
2026-08-24 12:35:00,24184.95,24189.05,24182.85,24187.9,0
2026-08-24 12:36:00,24190.0,24193.1,24186.05,24190.3,0
2026-08-24 12:37:00,24190.4,24191.7,24186.45,24188.2,0
2026-08-24 12:38:00,24189.0,24190.5,24182.35,24182.35,0
2026-08-24 12:39:00,24184.05,24184.05,24178.5,24180.1,0
2026-08-24 12:40:00,24181.15,24183.0,24176.95,24177.2,0
2026-08-24 12:41:00,24178.35,24181.2,24176.85,24179.85,0
2026-08-24 12:42:00,24182.55,24183.3,24175.65,24176.45,0
2026-08-24 12:43:00,24177.4,24178.7,24175.65,24176.95,0
2026-08-24 12:44:00,24179.15,24182.8,24177.15,24180.1,0
2026-08-24 12:45:00,24180.9,24183.7,24180.05,24181.15,0
2026-08-24 12:46:00,24181.95,24186.1,24179.6,24183.0,0
2026-08-24 12:47:00,24184.45,24185.25,24179.9,24181.25,0
2026-08-24 12:48:00,24182.05,24185.6,24179.7,24183.2,0
2026-08-24 12:49:00,24183.5,24189.1,24182.85,24185.1,0
2026-08-24 12:50:00,24187.3,24188.0,24181.8,24183.2,0
2026-08-24 12:51:00,24184.05,24186.45,24182.3,24185.1,0
2026-08-24 12:52:00,24186.8,24187.65,24181.8,24182.95,0
2026-08-24 12:53:00,24183.9,24185.85,24180.0,24180.65,0
2026-08-24 12:54:00,24181.65,24184.5,24180.1,24182.85,0
2026-08-24 12:55:00,24183.95,24188.5,24182.1,24187.7,0
2026-08-24 12:56:00,24188.4,24190.4,24185.25,24185.55,0
2026-08-24 12:57:00,24187.6,24189.1,24183.8,24185.45,0
2026-08-24 12:58:00,24185.2,24186.55,24182.6,24183.4,0
2026-08-24 12:59:00,24184.75,24185.65,24179.0,24180.95,0
2026-08-24 13:00:00,24181.85,24182.85,24177.7,24180.65,0
2026-08-24 13:01:00,24180.6,24182.55,24178.8,24180.05,0
2026-08-24 13:02:00,24182.2,24182.2,24170.95,24174.6,0
2026-08-24 13:03:00,24176.2,24177.0,24165.85,24166.25,0
2026-08-24 13:04:00,24168.5,24173.15,24165.0,24169.85,0
2026-08-24 13:05:00,24171.3,24173.15,24158.05,24158.6,0
2026-08-24 13:06:00,24159.75,24160.95,24154.35,24157.45,0
2026-08-24 13:07:00,24157.85,24158.25,24153.3,24156.35,0
2026-08-24 13:08:00,24157.25,24160.6,24155.65,24158.35,0
2026-08-24 13:09:00,24159.7,24164.7,24157.8,24159.6,0
2026-08-24 13:10:00,24159.4,24163.25,24158.75,24159.5,0
2026-08-24 13:11:00,24160.5,24163.7,24158.5,24161.55,0
2026-08-24 13:12:00,24162.2,24166.7,24160.55,24164.95,0
2026-08-24 13:13:00,24166.6,24169.05,24164.15,24165.7,0
2026-08-24 13:14:00,24166.4,24168.05,24164.35,24166.15,0
2026-08-24 13:15:00,24167.1,24167.7,24161.75,24162.4,0
2026-08-24 13:16:00,24163.8,24167.05,24162.1,24164.3,0
2026-08-24 13:17:00,24165.9,24169.05,24163.55,24168.55,0
2026-08-24 13:18:00,24170.35,24170.35,24167.25,24167.7,0
2026-08-24 13:19:00,24168.65,24174.55,24167.3,24173.35,0
2026-08-24 13:20:00,24175.1,24175.85,24172.3,24173.7,0
2026-08-24 13:21:00,24175.25,24176.9,24173.1,24175.65,0
2026-08-24 13:22:00,24176.05,24176.05,24173.1,24174.5,0
2026-08-24 13:23:00,24176.25,24177.35,24173.15,24173.4,0
2026-08-24 13:24:00,24175.0,24178.4,24173.05,24175.8,0
2026-08-24 13:25:00,24176.45,24177.4,24173.25,24174.1,0
2026-08-24 13:26:00,24175.7,24178.95,24173.5,24178.15,0
2026-08-24 13:27:00,24179.15,24181.65,24176.0,24178.6,0
2026-08-24 13:28:00,24178.75,24181.75,24177.1,24178.85,0
2026-08-24 13:29:00,24180.7,24181.85,24178.2,24178.75,0
2026-08-24 13:30:00,24178.5,24181.05,24177.6,24179.45,0
2026-08-24 13:31:00,24180.85,24180.85,24172.45,24173.7,0
2026-08-24 13:32:00,24175.25,24175.4,24167.45,24167.75,0
2026-08-24 13:33:00,24168.95,24169.15,24164.45,24165.05,0
2026-08-24 13:34:00,24165.5,24167.6,24163.45,24165.2,0
2026-08-24 13:35:00,24167.15,24169.0,24164.8,24165.9,0
2026-08-24 13:36:00,24167.05,24168.45,24163.65,24164.45,0
2026-08-24 13:37:00,24165.45,24171.35,24162.65,24168.6,0
2026-08-24 13:38:00,24169.95,24173.8,24168.0,24170.3,0
2026-08-24 13:39:00,24172.1,24173.0,24168.45,24169.5,0
2026-08-24 13:40:00,24170.55,24170.95,24168.15,24169.75,0
2026-08-24 13:41:00,24171.85,24174.15,24170.0,24171.45,0
2026-08-24 13:42:00,24172.95,24173.9,24169.25,24170.45,0
2026-08-24 13:43:00,24171.05,24172.15,24166.4,24167.25,0
2026-08-24 13:44:00,24168.15,24169.45,24166.3,24167.05,0
2026-08-24 13:45:00,24168.75,24169.15,24165.15,24167.2,0
2026-08-24 13:46:00,24168.85,24172.4,24167.95,24168.4,0
2026-08-24 13:47:00,24170.1,24170.35,24166.15,24167.35,0
2026-08-24 13:48:00,24168.4,24168.4,24162.25,24163.25,0
2026-08-24 13:49:00,24164.05,24167.6,24162.8,24166.9,0
2026-08-24 13:50:00,24167.75,24170.15,24165.75,24169.05,0
2026-08-24 13:51:00,24169.9,24171.75,24167.2,24167.85,0
2026-08-24 13:52:00,24169.4,24172.8,24165.45,24165.95,0
2026-08-24 13:53:00,24167.5,24167.5,24162.5,24163.1,0
2026-08-24 13:54:00,24164.15,24166.1,24160.3,24160.9,0
2026-08-24 13:55:00,24162.6,24162.6,24159.3,24160.35,0
2026-08-24 13:56:00,24160.65,24163.4,24157.75,24157.75,0
2026-08-24 13:57:00,24158.2,24161.3,24157.4,24160.7,0
2026-08-24 13:58:00,24162.05,24164.3,24159.55,24160.95,0
2026-08-24 13:59:00,24161.85,24163.6,24157.55,24158.55,0
2026-08-24 14:00:00,24160.5,24161.45,24154.7,24157.95,0
2026-08-24 14:01:00,24159.45,24166.6,24158.05,24165.35,0
2026-08-24 14:02:00,24167.35,24169.0,24161.4,24164.85,0
2026-08-24 14:03:00,24166.2,24167.3,24158.3,24160.85,0
2026-08-24 14:04:00,24162.6,24164.85,24157.9,24160.15,0
2026-08-24 14:05:00,24162.35,24166.15,24157.7,24163.2,0
2026-08-24 14:06:00,24165.75,24165.75,24157.6,24161.4,0
2026-08-24 14:07:00,24163.0,24163.85,24157.65,24161.1,0
2026-08-24 14:08:00,24162.55,24162.95,24156.45,24160.2,0
2026-08-24 14:09:00,24163.0,24163.2,24155.75,24162.6,0
2026-08-24 14:10:00,24164.1,24164.65,24156.3,24160.7,0
2026-08-24 14:11:00,24161.5,24162.35,24154.3,24155.9,0
2026-08-24 14:12:00,24157.15,24158.65,24149.75,24152.35,0
2026-08-24 14:13:00,24154.35,24156.2,24149.15,24154.3,0
2026-08-24 14:14:00,24155.7,24155.75,24148.05,24151.1,0
2026-08-24 14:15:00,24151.3,24152.35,24144.3,24149.25,0
2026-08-24 14:16:00,24151.35,24153.6,24144.5,24146.95,0
2026-08-24 14:17:00,24149.55,24156.45,24148.0,24153.0,0
2026-08-24 14:18:00,24154.45,24157.85,24148.6,24154.0,0
2026-08-24 14:19:00,24155.15,24157.15,24149.8,24154.15,0
2026-08-24 14:20:00,24155.55,24158.7,24150.5,24152.7,0
2026-08-24 14:21:00,24155.55,24159.65,24152.35,24159.1,0
2026-08-24 14:22:00,24159.65,24160.25,24153.4,24158.5,0
2026-08-24 14:23:00,24159.8,24159.8,24151.05,24153.9,0
2026-08-24 14:24:00,24156.95,24157.1,24145.8,24149.15,0
2026-08-24 14:25:00,24151.0,24157.35,24149.05,24156.95,0
2026-08-24 14:26:00,24158.4,24159.95,24153.3,24158.0,0
2026-08-24 14:27:00,24159.8,24164.05,24154.05,24161.55,0
2026-08-24 14:28:00,24163.45,24165.65,24158.35,24162.55,0
2026-08-24 14:29:00,24165.4,24166.75,24158.7,24161.05,0
2026-08-24 14:30:00,24162.05,24173.1,24158.35,24171.0,0
2026-08-24 14:31:00,24172.0,24179.7,24170.2,24172.5,0
2026-08-24 14:32:00,24174.6,24178.0,24166.45,24166.45,0
2026-08-24 14:33:00,24170.75,24174.9,24166.2,24171.35,0
2026-08-24 14:34:00,24173.55,24175.75,24170.2,24175.0,0
2026-08-24 14:35:00,24175.9,24175.9,24167.65,24171.45,0
2026-08-24 14:36:00,24172.55,24180.9,24168.9,24171.8,0
2026-08-24 14:37:00,24176.6,24178.25,24172.15,24176.25,0
2026-08-24 14:38:00,24178.1,24178.1,24172.3,24172.95,0
2026-08-24 14:39:00,24174.9,24174.9,24167.75,24171.85,0
2026-08-24 14:40:00,24172.8,24172.8,24161.45,24161.95,0
2026-08-24 14:41:00,24166.1,24171.55,24164.0,24167.45,0
2026-08-24 14:42:00,24169.55,24169.55,24159.6,24162.15,0
2026-08-24 14:43:00,24164.5,24169.1,24160.3,24166.85,0
2026-08-24 14:44:00,24169.65,24174.05,24165.25,24165.25,0
2026-08-24 14:45:00,24169.9,24170.1,24163.65,24166.05,0
2026-08-24 14:46:00,24167.15,24168.35,24158.95,24161.85,0
2026-08-24 14:47:00,24163.9,24164.05,24159.1,24161.35,0
2026-08-24 14:48:00,24163.3,24168.15,24158.0,24164.7,0
2026-08-24 14:49:00,24168.25,24168.25,24160.85,24163.75,0
2026-08-24 14:50:00,24165.4,24165.85,24159.25,24162.4,0
2026-08-24 14:51:00,24163.25,24166.35,24159.8,24165.45,0
2026-08-24 14:52:00,24166.75,24171.0,24163.2,24163.2,0
2026-08-24 14:53:00,24167.35,24168.55,24163.75,24166.85,0
2026-08-24 14:54:00,24167.3,24171.55,24164.05,24170.6,0
2026-08-24 14:55:00,24170.65,24174.5,24170.6,24173.85,0
2026-08-24 14:56:00,24174.7,24175.0,24170.1,24171.8,0
2026-08-24 14:57:00,24173.05,24173.65,24170.5,24172.2,0
2026-08-24 14:58:00,24172.65,24173.05,24169.35,24171.9,0
2026-08-24 14:59:00,24172.6,24174.8,24171.4,24172.45,0
2026-08-24 15:00:00,24173.9,24177.05,24171.5,24172.45,0
2026-08-24 15:01:00,24173.3,24178.15,24171.9,24173.15,0
2026-08-24 15:02:00,24173.05,24178.25,24172.85,24177.45,0
2026-08-24 15:03:00,24178.75,24180.05,24175.15,24176.0,0
2026-08-24 15:04:00,24175.5,24177.55,24172.15,24173.3,0
2026-08-24 15:05:00,24173.0,24173.7,24166.7,24167.8,0
2026-08-24 15:06:00,24168.05,24169.7,24161.95,24165.1,0
2026-08-24 15:07:00,24163.35,24169.7,24163.3,24169.45,0
2026-08-24 15:08:00,24168.95,24176.25,24168.0,24175.3,0
2026-08-24 15:09:00,24174.85,24177.0,24169.25,24174.5,0
2026-08-24 15:10:00,24175.1,24176.85,24172.95,24173.9,0
2026-08-24 15:11:00,24174.8,24180.2,24174.15,24179.35,0
2026-08-24 15:12:00,24180.05,24183.0,24169.6,24177.15,0
2026-08-24 15:13:00,24178.55,24180.4,24175.35,24178.5,0
2026-08-24 15:14:00,24180.0,24185.65,24173.9,24182.8,0
2026-08-24 15:29:00,24219.05,24219.05,24219.05,24219.05,0
2026-08-25 09:15:00,24175.75,24193.55,24135.3,24144.35,0
2026-08-25 09:16:00,24147.45,24147.45,24128.85,24138.9,0
2026-08-25 09:17:00,24140.4,24155.6,24138.95,24153.35,0
2026-08-25 09:18:00,24155.55,24172.5,24153.95,24172.35,0
2026-08-25 09:19:00,24174.4,24185.7,24167.1,24184.05,0
2026-08-25 09:20:00,24185.5,24190.3,24180.15,24188.0,0
2026-08-25 09:21:00,24190.4,24198.25,24187.8,24193.0,0
2026-08-25 09:22:00,24194.35,24194.35,24180.25,24181.65,0
2026-08-25 09:23:00,24182.85,24186.65,24173.7,24183.7,0
2026-08-25 09:24:00,24186.7,24187.1,24175.05,24175.05,0
2026-08-25 09:25:00,24176.05,24178.1,24170.8,24175.6,0
2026-08-25 09:26:00,24176.85,24183.25,24172.75,24178.05,0
2026-08-25 09:27:00,24180.55,24189.3,24178.6,24188.3,0
2026-08-25 09:28:00,24189.85,24189.85,24182.05,24182.85,0
2026-08-25 09:29:00,24184.7,24185.4,24178.3,24181.5,0
2026-08-25 09:30:00,24182.2,24187.35,24179.2,24183.2,0
2026-08-25 09:31:00,24185.95,24191.95,24183.95,24191.45,0
2026-08-25 09:32:00,24192.15,24194.35,24188.5,24190.35,0
2026-08-25 09:33:00,24191.25,24192.85,24188.55,24190.65,0
2026-08-25 09:34:00,24192.2,24197.75,24190.05,24190.9,0
2026-08-25 09:35:00,24192.8,24195.2,24187.65,24188.0,0
2026-08-25 09:36:00,24190.65,24190.65,24184.05,24184.5,0
2026-08-25 09:37:00,24186.9,24186.9,24176.3,24177.65,0
2026-08-25 09:38:00,24180.2,24182.3,24173.7,24174.85,0
2026-08-25 09:39:00,24175.75,24176.6,24169.15,24172.8,0
2026-08-25 09:40:00,24175.45,24175.45,24168.3,24169.25,0
2026-08-25 09:41:00,24170.9,24170.9,24162.6,24162.75,0
2026-08-25 09:42:00,24164.75,24165.0,24160.95,24162.9,0
2026-08-25 09:43:00,24164.6,24166.35,24158.15,24158.6,0
2026-08-25 09:44:00,24160.75,24160.75,24153.0,24154.85,0
2026-08-25 09:45:00,24156.9,24156.9,24149.45,24153.2,0
2026-08-25 09:46:00,24154.9,24160.2,24151.6,24159.85,0
2026-08-25 09:47:00,24161.25,24166.1,24159.0,24163.5,0
2026-08-25 09:48:00,24165.65,24165.65,24153.9,24154.2,0
2026-08-25 09:49:00,24156.55,24156.55,24151.35,24154.15,0
2026-08-25 09:50:00,24156.1,24159.3,24152.85,24153.3,0
2026-08-25 09:51:00,24155.25,24156.3,24150.05,24150.1,0
2026-08-25 09:52:00,24152.6,24152.6,24137.15,24137.25,0
2026-08-25 09:53:00,24139.6,24140.85,24133.8,24135.2,0
2026-08-25 09:54:00,24137.6,24140.75,24133.85,24138.1,0
2026-08-25 09:55:00,24141.0,24141.0,24136.0,24137.55,0
2026-08-25 09:56:00,24140.55,24143.75,24137.85,24143.15,0
2026-08-25 09:57:00,24144.05,24150.1,24143.55,24146.85,0
2026-08-25 09:58:00,24148.45,24148.85,24140.65,24142.1,0
2026-08-25 09:59:00,24144.45,24145.8,24138.1,24138.85,0
2026-08-25 10:00:00,24141.95,24142.7,24137.5,24140.25,0
2026-08-25 10:01:00,24142.75,24143.4,24134.65,24134.65,0
2026-08-25 10:02:00,24137.5,24137.5,24130.35,24134.05,0
2026-08-25 10:03:00,24136.15,24139.65,24134.4,24138.5,0
2026-08-25 10:04:00,24140.75,24144.9,24137.55,24143.9,0
2026-08-25 10:05:00,24145.15,24149.5,24143.0,24146.9,0
2026-08-25 10:06:00,24148.6,24149.35,24144.4,24144.4,0
2026-08-25 10:07:00,24147.35,24147.35,24138.95,24138.95,0
2026-08-25 10:08:00,24141.4,24142.0,24136.85,24137.8,0
2026-08-25 10:09:00,24139.55,24139.55,24134.6,24135.05,0
2026-08-25 10:10:00,24136.05,24142.9,24135.35,24141.35,0
2026-08-25 10:11:00,24143.75,24145.55,24140.9,24142.15,0
2026-08-25 10:12:00,24144.6,24144.6,24138.75,24139.4,0
2026-08-25 10:13:00,24140.95,24142.0,24137.25,24138.55,0
2026-08-25 10:14:00,24140.1,24141.65,24137.4,24141.2,0
2026-08-25 10:15:00,24141.95,24141.95,24137.8,24138.8,0
2026-08-25 10:16:00,24141.45,24142.7,24136.8,24138.55,0
2026-08-25 10:17:00,24139.7,24139.7,24133.85,24137.1,0
2026-08-25 10:18:00,24137.7,24138.75,24132.05,24138.15,0
2026-08-25 10:19:00,24138.7,24138.7,24129.7,24134.1,0
2026-08-25 10:20:00,24136.65,24136.65,24128.1,24131.05,0
2026-08-25 10:21:00,24132.45,24134.3,24128.55,24130.5,0
2026-08-25 10:22:00,24132.05,24132.05,24125.3,24126.3,0
2026-08-25 10:23:00,24127.8,24128.6,24119.75,24119.85,0
2026-08-25 10:24:00,24122.5,24124.85,24119.3,24120.5,0
2026-08-25 10:25:00,24122.3,24122.9,24118.05,24120.65,0
2026-08-25 10:26:00,24121.85,24121.85,24115.45,24119.1,0
2026-08-25 10:27:00,24120.9,24126.45,24119.15,24121.35,0
2026-08-25 10:28:00,24124.65,24127.95,24119.25,24127.3,0
2026-08-25 10:29:00,24129.05,24129.05,24124.2,24126.35,0
2026-08-25 10:30:00,24128.3,24130.55,24123.55,24125.9,0
2026-08-25 10:31:00,24128.15,24130.7,24125.15,24129.1,0
2026-08-25 10:32:00,24130.35,24131.1,24126.8,24128.3,0
2026-08-25 10:33:00,24130.2,24135.15,24128.3,24134.3,0
2026-08-25 10:34:00,24136.2,24137.15,24128.65,24129.75,0
2026-08-25 10:35:00,24132.35,24132.55,24128.2,24131.7,0
2026-08-25 10:36:00,24134.2,24134.2,24130.55,24131.85,0
2026-08-25 10:37:00,24132.95,24132.95,24129.15,24130.6,0
2026-08-25 10:38:00,24132.85,24132.85,24126.75,24127.95,0
2026-08-25 10:39:00,24129.7,24133.45,24127.85,24131.65,0
2026-08-25 10:40:00,24133.2,24133.2,24127.2,24127.85,0
2026-08-25 10:41:00,24129.7,24130.55,24125.85,24128.55,0
2026-08-25 10:42:00,24130.55,24133.7,24127.75,24130.2,0
2026-08-25 10:43:00,24133.95,24138.2,24129.7,24136.35,0
2026-08-25 10:44:00,24139.15,24140.45,24134.1,24135.95,0
2026-08-25 10:45:00,24140.05,24141.05,24135.7,24138.1,0
2026-08-25 10:46:00,24140.45,24145.3,24137.1,24141.0,0
2026-08-25 10:47:00,24145.15,24149.35,24141.9,24148.3,0
2026-08-25 10:48:00,24151.25,24154.1,24148.0,24152.55,0
2026-08-25 10:49:00,24154.45,24157.4,24151.9,24154.5,0
2026-08-25 10:50:00,24157.6,24160.55,24154.3,24157.6,0
2026-08-25 10:51:00,24159.6,24164.9,24156.85,24163.5,0
2026-08-25 10:52:00,24165.2,24165.45,24159.75,24162.5,0
2026-08-25 10:53:00,24165.25,24166.9,24159.4,24160.45,0
2026-08-25 10:54:00,24161.8,24161.8,24152.2,24155.4,0
2026-08-25 10:55:00,24158.1,24160.45,24153.4,24157.25,0
2026-08-25 10:56:00,24160.75,24161.8,24147.25,24148.6,0
2026-08-25 10:57:00,24150.1,24150.75,24145.7,24147.9,0
2026-08-25 10:58:00,24149.9,24149.9,24143.35,24145.2,0
2026-08-25 10:59:00,24147.05,24147.7,24141.9,24142.7,0
2026-08-25 11:00:00,24144.55,24149.25,24142.55,24145.95,0
2026-08-25 11:01:00,24146.95,24147.85,24142.3,24143.5,0
2026-08-25 11:02:00,24145.25,24145.5,24139.2,24141.4,0
2026-08-25 11:03:00,24142.75,24144.1,24138.5,24140.0,0
2026-08-25 11:04:00,24141.45,24142.0,24137.2,24139.8,0
2026-08-25 11:05:00,24141.9,24142.05,24137.95,24139.1,0
2026-08-25 11:06:00,24140.7,24141.7,24136.85,24141.55,0
2026-08-25 11:07:00,24143.25,24147.8,24141.65,24144.95,0
2026-08-25 11:08:00,24146.9,24146.9,24141.5,24144.4,0
2026-08-25 11:09:00,24145.0,24145.5,24139.85,24140.65,0
2026-08-25 11:10:00,24144.25,24145.85,24139.65,24142.0,0
2026-08-25 11:11:00,24144.0,24144.5,24138.45,24138.9,0
2026-08-25 11:12:00,24139.7,24139.7,24133.9,24136.9,0
2026-08-25 11:13:00,24138.5,24139.0,24133.45,24138.4,0
2026-08-25 11:14:00,24140.8,24147.65,24139.2,24147.55,0
2026-08-25 11:15:00,24147.75,24150.15,24144.15,24146.55,0
2026-08-25 11:16:00,24148.75,24151.25,24145.05,24146.45,0
2026-08-25 11:17:00,24148.35,24148.35,24141.75,24143.7,0
2026-08-25 11:18:00,24145.45,24148.95,24142.8,24146.0,0
2026-08-25 11:19:00,24148.85,24148.9,24141.85,24146.2,0
2026-08-25 11:20:00,24147.9,24149.45,24143.4,24149.25,0
2026-08-25 11:21:00,24149.9,24154.85,24146.55,24154.5,0
2026-08-25 11:22:00,24153.95,24157.5,24151.25,24155.25,0
2026-08-25 11:23:00,24157.0,24157.0,24150.4,24151.7,0
2026-08-25 11:24:00,24153.5,24155.5,24148.35,24150.75,0
2026-08-25 11:25:00,24154.5,24156.4,24150.3,24152.8,0
2026-08-25 11:26:00,24154.4,24155.45,24149.85,24153.4,0
2026-08-25 11:27:00,24155.15,24155.15,24145.25,24148.55,0
2026-08-25 11:28:00,24150.6,24152.45,24146.75,24149.3,0
2026-08-25 11:29:00,24150.15,24151.45,24145.4,24149.2,0
2026-08-25 11:30:00,24150.9,24151.25,24146.6,24150.5,0
2026-08-25 11:31:00,24152.5,24153.9,24149.3,24151.6,0
2026-08-25 11:32:00,24153.05,24153.1,24148.75,24151.5,0
2026-08-25 11:33:00,24152.65,24157.65,24151.05,24154.0,0
2026-08-25 11:34:00,24156.4,24156.4,24150.4,24151.1,0
2026-08-25 11:35:00,24151.3,24151.5,24144.85,24145.45,0
2026-08-25 11:36:00,24147.05,24147.05,24142.45,24142.45,0
2026-08-25 11:37:00,24144.8,24145.5,24140.35,24144.55,0
2026-08-25 11:38:00,24145.9,24148.6,24141.9,24145.15,0
2026-08-25 11:39:00,24148.95,24154.9,24145.45,24152.95,0
2026-08-25 11:40:00,24154.8,24154.8,24149.6,24151.0,0
2026-08-25 11:41:00,24153.0,24153.0,24149.55,24151.3,0
2026-08-25 11:42:00,24153.55,24154.15,24149.5,24151.25,0
2026-08-25 11:43:00,24152.8,24155.35,24149.0,24152.05,0
2026-08-25 11:44:00,24153.25,24154.0,24148.9,24152.05,0
2026-08-25 11:45:00,24154.55,24155.5,24147.5,24149.35,0
2026-08-25 11:46:00,24150.65,24151.95,24141.7,24143.05,0
2026-08-25 11:47:00,24146.45,24147.85,24141.15,24143.45,0
2026-08-25 11:48:00,24145.1,24145.45,24138.9,24141.05,0
2026-08-25 11:49:00,24143.15,24146.3,24139.75,24146.3,0
2026-08-25 11:50:00,24146.9,24146.9,24139.75,24141.3,0
2026-08-25 11:51:00,24145.2,24148.95,24139.9,24148.85,0
2026-08-25 11:52:00,24150.25,24155.55,24148.4,24151.35,0
2026-08-25 11:53:00,24154.0,24160.95,24151.15,24160.35,0
2026-08-25 11:54:00,24161.5,24163.75,24158.6,24163.15,0
2026-08-25 11:55:00,24163.75,24185.55,24161.0,24184.3,0
2026-08-25 11:56:00,24185.65,24185.65,24175.25,24181.35,0
2026-08-25 11:57:00,24185.1,24185.1,24178.0,24179.8,0
2026-08-25 11:58:00,24181.9,24189.4,24181.05,24188.4,0
2026-08-25 11:59:00,24188.15,24189.95,24177.6,24178.3,0
2026-08-25 12:00:00,24180.45,24180.65,24169.05,24169.25,0
2026-08-25 12:01:00,24172.6,24172.6,24163.95,24166.95,0
2026-08-25 12:02:00,24169.0,24173.8,24163.8,24172.6,0
2026-08-25 12:03:00,24174.65,24179.95,24169.8,24178.65,0
2026-08-25 12:04:00,24180.35,24183.8,24177.55,24179.65,0
2026-08-25 12:05:00,24181.1,24181.1,24173.45,24174.65,0
2026-08-25 12:06:00,24177.5,24181.2,24173.0,24177.65,0
2026-08-25 12:07:00,24180.05,24182.1,24177.4,24178.3,0
2026-08-25 12:08:00,24180.65,24180.65,24172.4,24175.15,0
2026-08-25 12:09:00,24176.65,24177.7,24170.35,24170.8,0
2026-08-25 12:10:00,24174.05,24174.15,24166.45,24166.7,0
2026-08-25 12:11:00,24170.25,24171.35,24166.25,24169.55,0
2026-08-25 12:12:00,24172.35,24176.7,24168.4,24172.25,0
2026-08-25 12:13:00,24175.05,24175.05,24169.7,24171.7,0
2026-08-25 12:14:00,24173.55,24173.55,24170.3,24171.6,0
2026-08-25 12:15:00,24174.3,24179.15,24172.45,24176.45,0
2026-08-25 12:16:00,24179.9,24181.0,24175.2,24176.6,0
2026-08-25 12:17:00,24178.7,24178.7,24171.85,24174.1,0
2026-08-25 12:18:00,24176.4,24177.7,24172.25,24175.0,0
2026-08-25 12:19:00,24178.2,24178.8,24172.35,24173.35,0
2026-08-25 12:20:00,24175.5,24180.85,24173.65,24176.35,0
2026-08-25 12:21:00,24177.25,24177.25,24169.25,24172.15,0
2026-08-25 12:22:00,24175.75,24175.75,24167.4,24168.3,0
2026-08-25 12:23:00,24173.2,24175.3,24169.05,24172.0,0
2026-08-25 12:24:00,24174.75,24174.75,24168.45,24170.55,0
2026-08-25 12:25:00,24173.55,24175.7,24169.8,24172.7,0
2026-08-25 12:26:00,24176.35,24176.35,24170.15,24171.35,0
2026-08-25 12:27:00,24173.45,24173.45,24163.8,24169.6,0
2026-08-25 12:28:00,24171.3,24174.4,24168.4,24171.6,0
2026-08-25 12:29:00,24174.3,24174.3,24167.8,24169.85,0
2026-08-25 12:30:00,24172.25,24172.25,24161.6,24161.75,0
2026-08-25 12:31:00,24164.0,24171.6,24160.55,24171.55,0
2026-08-25 12:32:00,24172.55,24172.55,24166.3,24168.1,0
2026-08-25 12:33:00,24170.8,24172.9,24165.95,24172.9,0
2026-08-25 12:34:00,24174.75,24175.25,24170.95,24171.35,0
2026-08-25 12:35:00,24174.2,24174.2,24165.95,24170.1,0
2026-08-25 12:36:00,24169.6,24172.3,24165.85,24165.85,0
2026-08-25 12:37:00,24169.5,24170.75,24163.6,24170.75,0
2026-08-25 12:38:00,24172.1,24172.95,24158.25,24159.9,0
2026-08-25 12:39:00,24162.85,24163.45,24158.1,24162.85,0
2026-08-25 12:40:00,24164.75,24164.85,24158.35,24162.15,0
2026-08-25 12:41:00,24163.8,24163.8,24158.1,24159.1,0
2026-08-25 12:42:00,24161.55,24162.55,24156.9,24158.5,0
2026-08-25 12:43:00,24159.9,24159.9,24150.6,24152.9,0
2026-08-25 12:44:00,24155.4,24158.75,24152.85,24156.3,0
2026-08-25 12:45:00,24157.75,24161.55,24154.7,24160.2,0
2026-08-25 12:46:00,24162.25,24162.25,24154.0,24155.05,0
2026-08-25 12:47:00,24157.25,24157.25,24149.7,24152.25,0
2026-08-25 12:48:00,24155.3,24155.9,24152.15,24153.0,0
2026-08-25 12:49:00,24155.3,24160.75,24151.85,24157.75,0
2026-08-25 12:50:00,24159.5,24159.5,24150.7,24156.35,0
2026-08-25 12:51:00,24158.85,24159.4,24152.25,24154.5,0
2026-08-25 12:52:00,24157.75,24160.65,24152.45,24159.05,0
2026-08-25 12:53:00,24161.15,24161.15,24156.2,24158.2,0
2026-08-25 12:54:00,24159.9,24160.05,24151.0,24152.15,0
2026-08-25 12:55:00,24156.05,24156.05,24147.1,24152.25,0
2026-08-25 12:56:00,24155.15,24155.5,24151.95,24155.45,0
2026-08-25 12:57:00,24156.9,24162.4,24154.4,24156.65,0
2026-08-25 12:58:00,24158.05,24158.05,24151.15,24152.05,0
2026-08-25 12:59:00,24153.8,24159.8,24151.35,24157.05,0
2026-08-25 13:00:00,24157.6,24160.85,24151.6,24153.55,0
2026-08-25 13:01:00,24154.7,24154.7,24135.2,24139.2,0
2026-08-25 13:02:00,24141.65,24141.65,24136.3,24139.35,0
2026-08-25 13:03:00,24142.35,24143.75,24139.65,24141.2,0
2026-08-25 13:04:00,24143.1,24144.3,24139.15,24144.2,0
2026-08-25 13:05:00,24145.55,24145.55,24140.25,24142.2,0
2026-08-25 13:06:00,24143.05,24143.2,24138.0,24139.6,0
2026-08-25 13:07:00,24142.5,24142.7,24136.45,24138.75,0
2026-08-25 13:08:00,24141.35,24144.85,24138.8,24140.95,0
2026-08-25 13:09:00,24143.25,24143.25,24137.0,24139.55,0
2026-08-25 13:10:00,24141.4,24143.15,24138.65,24142.45,0
2026-08-25 13:11:00,24145.0,24147.05,24142.45,24145.35,0
2026-08-25 13:12:00,24147.45,24147.45,24139.3,24140.0,0
2026-08-25 13:13:00,24143.0,24143.0,24133.6,24134.25,0
2026-08-25 13:14:00,24136.6,24136.65,24125.9,24129.9,0
2026-08-25 13:15:00,24129.2,24133.85,24125.0,24131.4,0
2026-08-25 13:16:00,24132.85,24135.35,24130.15,24131.6,0
2026-08-25 13:17:00,24132.5,24137.3,24130.9,24135.1,0
2026-08-25 13:18:00,24136.1,24136.3,24131.65,24131.65,0
2026-08-25 13:19:00,24134.4,24134.4,24128.45,24129.6,0
2026-08-25 13:20:00,24132.7,24132.7,24125.2,24126.0,0
2026-08-25 13:21:00,24128.15,24131.35,24126.8,24127.95,0
2026-08-25 13:22:00,24130.65,24130.8,24126.9,24128.35,0
2026-08-25 13:23:00,24129.2,24129.9,24125.2,24126.15,0
2026-08-25 13:24:00,24126.75,24128.6,24124.15,24125.4,0
2026-08-25 13:25:00,24127.15,24128.2,24122.25,24124.45,0
2026-08-25 13:26:00,24124.15,24127.9,24123.1,24126.5,0
2026-08-25 13:27:00,24127.9,24129.3,24125.8,24126.65,0
2026-08-25 13:28:00,24128.25,24130.85,24125.45,24128.1,0
2026-08-25 13:29:00,24129.2,24129.25,24124.7,24126.45,0
2026-08-25 13:30:00,24127.95,24130.25,24125.05,24127.3,0
2026-08-25 13:31:00,24129.4,24133.25,24127.35,24130.65,0
2026-08-25 13:32:00,24132.3,24133.15,24129.5,24131.35,0
2026-08-25 13:33:00,24133.05,24138.45,24129.6,24132.45,0
2026-08-25 13:34:00,24133.5,24134.35,24130.5,24132.2,0
2026-08-25 13:35:00,24133.9,24133.9,24127.25,24129.5,0
2026-08-25 13:36:00,24132.7,24136.75,24129.15,24134.55,0
2026-08-25 13:37:00,24135.45,24137.75,24131.4,24132.8,0
2026-08-25 13:38:00,24134.9,24135.8,24132.65,24134.3,0
2026-08-25 13:39:00,24135.55,24138.7,24134.4,24137.6,0
2026-08-25 13:40:00,24138.85,24139.85,24136.75,24138.6,0
2026-08-25 13:41:00,24140.1,24141.15,24136.65,24139.9,0
2026-08-25 13:42:00,24142.65,24144.25,24139.25,24142.9,0
2026-08-25 13:43:00,24145.25,24146.0,24139.1,24140.0,0
2026-08-25 13:44:00,24141.9,24142.05,24137.65,24140.4,0
2026-08-25 13:45:00,24142.35,24142.9,24138.85,24140.0,0
2026-08-25 13:46:00,24141.85,24142.85,24136.6,24137.3,0
2026-08-25 13:47:00,24139.45,24140.45,24136.25,24139.2,0
2026-08-25 13:48:00,24139.95,24140.05,24135.2,24137.45,0
2026-08-25 13:49:00,24139.1,24139.75,24131.65,24133.85,0
2026-08-25 13:50:00,24135.45,24136.1,24128.95,24134.25,0
2026-08-25 13:51:00,24136.95,24144.95,24135.4,24144.1,0
2026-08-25 13:52:00,24145.7,24150.4,24144.1,24148.15,0
2026-08-25 13:53:00,24150.1,24165.5,24146.15,24163.95,0
2026-08-25 13:54:00,24166.8,24177.3,24161.95,24177.3,0
2026-08-25 13:55:00,24179.1,24179.9,24162.5,24163.9,0
2026-08-25 13:56:00,24166.65,24167.1,24158.2,24158.2,0
2026-08-25 13:57:00,24162.95,24163.65,24155.65,24159.0,0
2026-08-25 13:58:00,24160.8,24161.65,24154.65,24156.75,0
2026-08-25 13:59:00,24158.35,24160.2,24155.5,24156.6,0
2026-08-25 14:00:00,24157.3,24158.4,24150.95,24151.05,0
2026-08-25 14:01:00,24152.75,24153.3,24145.0,24146.85,0
2026-08-25 14:02:00,24149.2,24152.85,24147.3,24152.05,0
2026-08-25 14:03:00,24153.35,24156.7,24139.3,24142.0,0
2026-08-25 14:04:00,24144.15,24156.95,24143.3,24156.95,0
2026-08-25 14:05:00,24158.8,24159.4,24152.65,24155.3,0
2026-08-25 14:06:00,24156.3,24158.05,24154.0,24154.65,0
2026-08-25 14:07:00,24157.2,24159.0,24152.0,24154.1,0
2026-08-25 14:08:00,24156.65,24157.2,24149.15,24151.8,0
2026-08-25 14:09:00,24153.7,24154.5,24149.8,24153.05,0
2026-08-25 14:10:00,24154.1,24158.35,24152.95,24155.8,0
2026-08-25 14:11:00,24157.6,24161.6,24155.8,24159.1,0
2026-08-25 14:12:00,24161.05,24161.35,24155.4,24156.4,0
2026-08-25 14:13:00,24158.25,24159.25,24155.05,24156.15,0
2026-08-25 14:14:00,24157.65,24158.3,24151.75,24154.2,0
2026-08-25 14:15:00,24153.95,24155.8,24150.9,24153.55,0
2026-08-25 14:16:00,24155.95,24158.5,24153.05,24156.65,0
2026-08-25 14:17:00,24158.05,24159.1,24153.35,24154.5,0
2026-08-25 14:18:00,24157.05,24158.5,24154.15,24155.75,0
2026-08-25 14:19:00,24158.75,24161.6,24156.3,24158.7,0
2026-08-25 14:20:00,24159.45,24166.25,24157.75,24165.3,0
2026-08-25 14:21:00,24166.75,24166.8,24157.55,24158.25,0
2026-08-25 14:22:00,24160.85,24163.35,24156.65,24163.0,0
2026-08-25 14:23:00,24166.0,24171.25,24162.6,24165.7,0
2026-08-25 14:24:00,24168.4,24168.4,24158.5,24160.6,0
2026-08-25 14:25:00,24162.65,24165.95,24158.5,24162.6,0
2026-08-25 14:26:00,24164.15,24169.1,24161.9,24167.95,0
2026-08-25 14:27:00,24169.15,24173.85,24167.65,24172.5,0
2026-08-25 14:28:00,24173.5,24181.0,24172.4,24179.9,0
2026-08-25 14:29:00,24180.75,24185.2,24177.65,24181.85,0
2026-08-25 14:30:00,24183.15,24183.75,24173.95,24176.35,0
2026-08-25 14:31:00,24178.1,24207.05,24173.4,24204.35,0
2026-08-25 14:32:00,24206.65,24213.0,24197.3,24208.05,0
2026-08-25 14:33:00,24210.8,24211.8,24204.75,24209.05,0
2026-08-25 14:34:00,24210.5,24210.5,24190.2,24196.65,0
2026-08-25 14:35:00,24199.25,24210.7,24197.7,24204.85,0
2026-08-25 14:36:00,24207.25,24208.15,24192.5,24193.65,0
2026-08-25 14:37:00,24195.75,24195.85,24185.8,24189.8,0
2026-08-25 14:38:00,24191.9,24197.1,24187.35,24196.0,0
2026-08-25 14:39:00,24198.5,24200.6,24194.05,24198.8,0
2026-08-25 14:40:00,24200.1,24202.65,24195.8,24200.05,0
2026-08-25 14:41:00,24201.95,24215.6,24198.6,24209.9,0
2026-08-25 14:42:00,24212.0,24212.05,24204.7,24207.5,0
2026-08-25 14:43:00,24209.65,24209.9,24202.7,24204.4,0
2026-08-25 14:44:00,24208.05,24211.45,24205.4,24209.15,0
2026-08-25 14:45:00,24208.9,24215.65,24208.9,24212.9,0
2026-08-25 14:46:00,24212.85,24216.7,24207.7,24213.6,0
2026-08-25 14:47:00,24211.9,24214.1,24207.05,24210.35,0
2026-08-25 14:48:00,24209.6,24221.8,24209.6,24216.75,0
2026-08-25 14:49:00,24216.7,24228.85,24215.0,24224.3,0
2026-08-25 14:50:00,24224.45,24225.95,24216.75,24219.5,0
2026-08-25 14:51:00,24221.7,24232.9,24220.05,24230.6,0
2026-08-25 14:52:00,24227.15,24247.85,24227.15,24243.3,0
2026-08-25 14:53:00,24242.25,24245.4,24239.7,24240.2,0
2026-08-25 14:54:00,24239.4,24242.25,24236.05,24238.3,0
2026-08-25 14:55:00,24237.4,24244.0,24236.7,24242.9,0
2026-08-25 14:56:00,24243.1,24248.8,24238.5,24244.95,0
2026-08-25 14:57:00,24244.4,24249.9,24241.85,24243.2,0
2026-08-25 14:58:00,24246.2,24252.8,24240.8,24248.05,0
2026-08-25 14:59:00,24248.3,24256.8,24246.25,24253.1,0
2026-08-25 15:00:00,24252.8,24255.9,24240.4,24247.0,0
2026-08-25 15:01:00,24245.55,24249.4,24239.1,24241.25,0
2026-08-25 15:02:00,24240.0,24255.25,24240.0,24249.6,0
2026-08-25 15:03:00,24248.15,24251.6,24243.45,24243.9,0
2026-08-25 15:04:00,24242.05,24256.4,24241.4,24251.3,0
2026-08-25 15:05:00,24249.75,24252.7,24245.4,24247.55,0
2026-08-25 15:06:00,24245.35,24251.25,24244.3,24244.6,0
2026-08-25 15:07:00,24245.6,24250.05,24244.4,24246.45,0
2026-08-25 15:08:00,24245.55,24250.15,24243.7,24245.05,0
2026-08-25 15:09:00,24243.65,24252.8,24243.05,24248.65,0
2026-08-25 15:10:00,24247.05,24254.55,24245.6,24252.3,0
2026-08-25 15:11:00,24250.0,24265.35,24249.35,24261.45,0
2026-08-25 15:12:00,24259.05,24267.05,24255.95,24259.3,0
2026-08-25 15:13:00,24257.2,24262.45,24253.8,24258.15,0
2026-08-25 15:14:00,24257.75,24264.2,24250.7,24260.15,0
2026-08-25 15:29:00,24334.55,24334.55,24334.55,24334.55,0
2026-08-26 09:15:00,24341.95,24357.05,24329.05,24337.3,0
2026-08-26 09:16:00,24337.4,24344.2,24328.2,24337.0,0
2026-08-26 09:17:00,24336.6,24338.3,24321.15,24322.8,0
2026-08-26 09:18:00,24322.6,24324.5,24314.0,24320.0,0
2026-08-26 09:19:00,24319.85,24320.75,24309.5,24318.3,0
2026-08-26 09:20:00,24316.95,24336.3,24316.45,24335.1,0
2026-08-26 09:21:00,24334.5,24346.75,24330.6,24344.1,0
2026-08-26 09:22:00,24342.9,24346.75,24340.05,24345.1,0
2026-08-26 09:23:00,24343.9,24348.1,24342.55,24345.25,0
2026-08-26 09:24:00,24345.1,24355.85,24345.1,24354.0,0
2026-08-26 09:25:00,24353.3,24354.75,24345.6,24352.35,0
2026-08-26 09:26:00,24352.2,24359.7,24351.45,24356.2,0
2026-08-26 09:27:00,24355.95,24363.2,24353.55,24353.75,0
2026-08-26 09:28:00,24353.05,24356.9,24351.45,24354.55,0
2026-08-26 09:29:00,24353.85,24353.85,24347.0,24351.15,0
2026-08-26 09:30:00,24350.9,24354.75,24343.05,24343.6,0
2026-08-26 09:31:00,24343.5,24347.3,24341.1,24345.05,0
2026-08-26 09:32:00,24345.4,24350.35,24345.4,24350.1,0
2026-08-26 09:33:00,24350.4,24354.75,24345.85,24346.05,0
2026-08-26 09:34:00,24346.1,24348.35,24342.35,24344.65,0
2026-08-26 09:35:00,24344.5,24352.2,24344.05,24351.5,0
2026-08-26 09:36:00,24351.55,24354.25,24344.85,24346.15,0
2026-08-26 09:37:00,24346.3,24352.15,24343.3,24348.15,0
2026-08-26 09:38:00,24347.75,24355.65,24345.55,24354.6,0
2026-08-26 09:39:00,24354.95,24356.15,24353.8,24356.05,0
2026-08-26 09:40:00,24355.65,24364.4,24355.65,24362.0,0
2026-08-26 09:41:00,24362.1,24368.15,24360.65,24366.25,0
2026-08-26 09:42:00,24366.35,24373.05,24365.6,24367.45,0
2026-08-26 09:43:00,24367.8,24373.05,24366.85,24369.45,0
2026-08-26 09:44:00,24369.95,24375.75,24368.35,24371.6,0
2026-08-26 09:45:00,24371.35,24376.45,24367.7,24374.6,0
2026-08-26 09:46:00,24374.7,24377.7,24373.25,24374.75,0
2026-08-26 09:47:00,24374.8,24376.65,24371.55,24376.3,0
2026-08-26 09:48:00,24374.6,24378.6,24372.4,24374.25,0
2026-08-26 09:49:00,24374.55,24375.75,24367.6,24370.0,0
2026-08-26 09:50:00,24370.4,24372.2,24365.65,24368.95,0
2026-08-26 09:51:00,24369.45,24370.5,24366.1,24367.15,0
2026-08-26 09:52:00,24367.05,24367.25,24364.15,24365.1,0
2026-08-26 09:53:00,24366.05,24367.8,24362.3,24362.9,0
2026-08-26 09:54:00,24363.1,24366.65,24360.8,24364.85,0
2026-08-26 09:55:00,24364.35,24369.35,24363.95,24368.45,0
2026-08-26 09:56:00,24368.55,24374.1,24366.55,24372.35,0
2026-08-26 09:57:00,24372.0,24375.25,24370.55,24370.55,0
2026-08-26 09:58:00,24369.35,24369.95,24365.9,24367.7,0
2026-08-26 09:59:00,24367.45,24370.2,24365.05,24365.8,0
2026-08-26 10:00:00,24366.05,24369.05,24364.5,24365.55,0
2026-08-26 10:01:00,24365.1,24366.3,24359.3,24360.4,0
2026-08-26 10:02:00,24359.85,24362.3,24351.25,24354.35,0
2026-08-26 10:03:00,24353.8,24359.15,24352.85,24357.8,0
2026-08-26 10:04:00,24357.5,24358.6,24354.35,24358.0,0
2026-08-26 10:05:00,24358.25,24360.6,24353.15,24355.4,0
2026-08-26 10:06:00,24355.7,24356.35,24350.2,24351.05,0
2026-08-26 10:07:00,24350.7,24350.7,24340.4,24341.5,0
2026-08-26 10:08:00,24341.65,24346.1,24340.65,24345.8,0
2026-08-26 10:09:00,24346.5,24347.75,24342.2,24346.3,0
2026-08-26 10:10:00,24345.8,24346.25,24341.2,24342.35,0
2026-08-26 10:11:00,24341.9,24341.9,24333.45,24334.4,0
2026-08-26 10:12:00,24334.3,24345.25,24333.85,24344.7,0
2026-08-26 10:13:00,24344.55,24346.55,24342.45,24346.25,0
2026-08-26 10:14:00,24345.7,24349.95,24342.3,24342.95,0
2026-08-26 10:15:00,24343.1,24348.3,24341.65,24343.55,0
2026-08-26 10:16:00,24343.85,24345.4,24335.4,24336.65,0
2026-08-26 10:17:00,24336.4,24336.95,24323.6,24323.75,0
2026-08-26 10:18:00,24323.9,24324.8,24318.0,24318.45,0
2026-08-26 10:19:00,24318.3,24319.15,24316.2,24318.35,0
2026-08-26 10:20:00,24318.4,24320.15,24304.25,24307.65,0
2026-08-26 10:21:00,24307.5,24309.45,24303.4,24305.2,0
2026-08-26 10:22:00,24305.05,24309.9,24305.05,24309.2,0
2026-08-26 10:23:00,24309.15,24311.95,24295.85,24297.25,0
2026-08-26 10:24:00,24297.3,24305.2,24294.55,24302.4,0
2026-08-26 10:25:00,24302.45,24305.7,24299.25,24300.1,0
2026-08-26 10:26:00,24299.55,24301.25,24295.0,24295.65,0
2026-08-26 10:27:00,24295.15,24299.95,24294.25,24298.95,0
2026-08-26 10:28:00,24299.75,24302.7,24297.05,24301.45,0
2026-08-26 10:29:00,24301.55,24306.0,24300.65,24304.6,0
2026-08-26 10:30:00,24304.65,24310.0,24303.45,24307.4,0
2026-08-26 10:31:00,24307.0,24314.75,24306.15,24313.7,0
2026-08-26 10:32:00,24313.15,24317.65,24312.15,24317.65,0
2026-08-26 10:33:00,24317.4,24321.4,24315.3,24316.8,0
2026-08-26 10:34:00,24316.85,24318.85,24314.35,24318.05,0
2026-08-26 10:35:00,24318.1,24322.5,24317.9,24321.15,0
2026-08-26 10:36:00,24321.4,24323.0,24319.2,24320.25,0
2026-08-26 10:37:00,24320.3,24321.9,24316.8,24318.6,0
2026-08-26 10:38:00,24318.5,24321.9,24317.35,24319.45,0
2026-08-26 10:39:00,24319.35,24323.95,24319.2,24320.85,0
2026-08-26 10:40:00,24321.0,24323.15,24319.05,24320.2,0
2026-08-26 10:41:00,24320.05,24320.75,24315.9,24316.55,0
2026-08-26 10:42:00,24316.85,24321.7,24316.5,24320.75,0
2026-08-26 10:43:00,24320.7,24330.25,24318.8,24327.75,0
2026-08-26 10:44:00,24327.9,24331.3,24326.9,24327.45,0
2026-08-26 10:45:00,24328.25,24328.95,24312.9,24315.05,0
2026-08-26 10:46:00,24315.25,24317.25,24313.15,24316.4,0
2026-08-26 10:47:00,24316.15,24317.9,24314.15,24316.0,0
2026-08-26 10:48:00,24316.25,24318.35,24314.05,24317.7,0
2026-08-26 10:49:00,24317.45,24321.1,24316.9,24317.9,0
2026-08-26 10:50:00,24318.05,24319.65,24315.9,24319.6,0
2026-08-26 10:51:00,24319.3,24319.6,24315.25,24317.6,0
2026-08-26 10:52:00,24317.75,24320.3,24315.0,24320.3,0
2026-08-26 10:53:00,24319.6,24320.05,24311.9,24317.75,0
2026-08-26 10:54:00,24318.15,24320.5,24316.15,24319.35,0
2026-08-26 10:55:00,24319.65,24320.05,24317.8,24318.75,0
2026-08-26 10:56:00,24318.9,24321.95,24317.85,24320.45,0
2026-08-26 10:57:00,24320.55,24329.25,24319.25,24328.15,0
2026-08-26 10:58:00,24327.7,24329.1,24324.75,24325.45,0
2026-08-26 10:59:00,24325.85,24326.4,24319.85,24320.4,0
2026-08-26 11:00:00,24319.95,24320.45,24315.7,24319.5,0
2026-08-26 11:01:00,24319.3,24320.2,24310.4,24316.4,0
2026-08-26 11:02:00,24316.15,24320.95,24315.1,24318.25,0
2026-08-26 11:03:00,24318.4,24319.1,24312.65,24313.95,0
2026-08-26 11:04:00,24313.4,24314.6,24309.6,24313.05,0
2026-08-26 11:05:00,24313.85,24315.35,24312.15,24313.9,0
2026-08-26 11:06:00,24313.65,24314.3,24306.85,24308.9,0
2026-08-26 11:07:00,24309.05,24313.5,24308.35,24313.05,0
2026-08-26 11:08:00,24312.3,24318.05,24311.75,24316.2,0
2026-08-26 11:09:00,24316.5,24321.55,24314.15,24321.25,0
2026-08-26 11:10:00,24321.8,24326.4,24320.0,24325.3,0
2026-08-26 11:11:00,24324.65,24325.9,24321.1,24321.45,0
2026-08-26 11:12:00,24321.85,24326.35,24321.65,24326.35,0
2026-08-26 11:13:00,24326.55,24327.55,24323.85,24325.15,0
2026-08-26 11:14:00,24325.2,24331.6,24323.6,24330.8,0
2026-08-26 11:15:00,24330.6,24332.65,24327.75,24328.85,0
2026-08-26 11:16:00,24328.15,24328.6,24322.7,24323.85,0
2026-08-26 11:17:00,24322.75,24324.3,24314.1,24314.45,0
2026-08-26 11:18:00,24315.0,24315.0,24305.85,24307.5,0
2026-08-26 11:19:00,24307.6,24311.6,24306.95,24310.2,0
2026-08-26 11:20:00,24310.25,24310.65,24306.9,24310.6,0
2026-08-26 11:21:00,24311.15,24314.65,24309.9,24311.0,0
2026-08-26 11:22:00,24311.25,24311.4,24300.3,24300.3,0
2026-08-26 11:23:00,24300.05,24301.75,24297.95,24300.8,0
2026-08-26 11:24:00,24301.25,24306.65,24300.25,24303.1,0
2026-08-26 11:25:00,24303.85,24306.0,24301.15,24304.45,0
2026-08-26 11:26:00,24304.75,24307.55,24303.7,24305.95,0
2026-08-26 11:27:00,24306.1,24306.65,24301.0,24302.05,0
2026-08-26 11:28:00,24302.15,24307.8,24300.7,24307.6,0
2026-08-26 11:29:00,24307.55,24309.25,24303.85,24304.95,0
2026-08-26 11:30:00,24305.8,24306.55,24301.9,24305.0,0
2026-08-26 11:31:00,24305.2,24305.95,24298.3,24298.75,0
2026-08-26 11:32:00,24299.15,24301.6,24292.05,24300.85,0
2026-08-26 11:33:00,24300.35,24301.35,24296.75,24298.15,0
2026-08-26 11:34:00,24298.65,24301.55,24296.5,24301.25,0
2026-08-26 11:35:00,24301.7,24308.55,24300.1,24307.4,0
2026-08-26 11:36:00,24307.6,24309.7,24306.35,24308.05,0
2026-08-26 11:37:00,24308.2,24313.2,24307.5,24312.85,0
2026-08-26 11:38:00,24312.4,24313.4,24310.65,24312.1,0
2026-08-26 11:39:00,24311.85,24313.0,24308.4,24309.7,0
2026-08-26 11:40:00,24309.3,24310.55,24308.1,24308.75,0
2026-08-26 11:41:00,24309.1,24311.1,24306.95,24308.35,0
2026-08-26 11:42:00,24307.4,24310.6,24306.9,24310.45,0
2026-08-26 11:43:00,24310.8,24311.6,24309.25,24311.2,0
2026-08-26 11:44:00,24311.15,24311.15,24307.35,24308.2,0
2026-08-26 11:45:00,24308.5,24309.1,24306.75,24307.5,0
2026-08-26 11:46:00,24307.6,24308.85,24305.55,24307.35,0
2026-08-26 11:47:00,24307.8,24307.8,24304.4,24305.05,0
2026-08-26 11:48:00,24305.15,24305.9,24298.55,24299.95,0
2026-08-26 11:49:00,24299.8,24300.65,24298.05,24299.6,0
2026-08-26 11:50:00,24300.65,24301.2,24298.6,24299.45,0
2026-08-26 11:51:00,24300.0,24300.0,24294.35,24294.8,0
2026-08-26 11:52:00,24295.85,24296.4,24293.15,24295.65,0
2026-08-26 11:53:00,24295.25,24295.55,24291.0,24292.15,0
2026-08-26 11:54:00,24292.65,24292.65,24282.95,24285.15,0
2026-08-26 11:55:00,24286.1,24290.95,24283.2,24290.6,0
2026-08-26 11:56:00,24290.95,24295.15,24290.9,24294.65,0
2026-08-26 11:57:00,24294.1,24294.7,24289.65,24290.85,0
2026-08-26 11:58:00,24291.45,24293.95,24289.5,24291.55,0
2026-08-26 11:59:00,24292.05,24292.95,24288.45,24288.45,0
2026-08-26 12:00:00,24288.65,24290.05,24279.05,24279.1,0
2026-08-26 12:01:00,24279.95,24281.3,24277.7,24279.6,0
2026-08-26 12:02:00,24280.4,24280.4,24273.95,24275.9,0
2026-08-26 12:03:00,24276.35,24278.25,24272.3,24273.7,0
2026-08-26 12:04:00,24274.05,24276.6,24270.05,24276.45,0
2026-08-26 12:05:00,24276.7,24280.95,24275.0,24280.95,0
2026-08-26 12:06:00,24281.4,24281.45,24276.7,24277.05,0
2026-08-26 12:07:00,24277.5,24278.7,24273.4,24273.9,0
2026-08-26 12:08:00,24274.05,24276.25,24272.85,24275.0,0
2026-08-26 12:09:00,24275.85,24276.8,24268.95,24270.4,0
2026-08-26 12:10:00,24271.1,24271.7,24268.0,24268.45,0
2026-08-26 12:11:00,24269.0,24270.8,24266.45,24268.45,0
2026-08-26 12:12:00,24268.9,24270.85,24267.6,24269.55,0
2026-08-26 12:13:00,24268.9,24273.75,24268.6,24273.6,0
2026-08-26 12:14:00,24273.85,24281.5,24273.55,24280.75,0
2026-08-26 12:15:00,24281.6,24282.15,24276.05,24277.7,0
2026-08-26 12:16:00,24277.6,24280.85,24277.6,24279.8,0
2026-08-26 12:17:00,24279.9,24285.4,24277.45,24283.7,0
2026-08-26 12:18:00,24283.85,24288.6,24283.2,24287.7,0
2026-08-26 12:19:00,24287.55,24289.05,24284.65,24288.0,0
2026-08-26 12:20:00,24286.25,24288.5,24281.8,24282.1,0
2026-08-26 12:21:00,24282.65,24284.55,24277.8,24281.2,0
2026-08-26 12:22:00,24281.15,24283.85,24279.8,24280.6,0
2026-08-26 12:23:00,24281.0,24284.4,24279.4,24284.0,0
2026-08-26 12:24:00,24283.25,24291.4,24280.9,24290.35,0
2026-08-26 12:25:00,24290.65,24290.7,24281.3,24285.7,0
2026-08-26 12:26:00,24285.3,24286.5,24281.1,24281.4,0
2026-08-26 12:27:00,24281.5,24281.8,24277.15,24278.2,0
2026-08-26 12:28:00,24278.6,24279.25,24273.7,24276.7,0
2026-08-26 12:29:00,24276.4,24281.95,24275.45,24278.1,0
2026-08-26 12:30:00,24278.45,24279.3,24271.8,24273.05,0
2026-08-26 12:31:00,24272.5,24275.5,24271.0,24274.4,0
2026-08-26 12:32:00,24273.95,24275.15,24268.9,24269.6,0
2026-08-26 12:33:00,24269.5,24273.8,24268.9,24272.45,0
2026-08-26 12:34:00,24272.5,24280.95,24272.5,24279.5,0
2026-08-26 12:35:00,24279.2,24283.8,24278.65,24282.35,0
2026-08-26 12:36:00,24282.25,24285.45,24281.1,24284.5,0
2026-08-26 12:37:00,24283.85,24286.05,24281.45,24282.75,0
2026-08-26 12:38:00,24282.6,24284.25,24281.2,24283.3,0
2026-08-26 12:39:00,24283.25,24283.45,24277.2,24277.7,0
2026-08-26 12:40:00,24276.3,24278.55,24274.25,24275.5,0
2026-08-26 12:41:00,24275.35,24275.35,24272.45,24274.1,0
2026-08-26 12:42:00,24273.5,24278.05,24272.2,24277.25,0
2026-08-26 12:43:00,24277.7,24284.1,24276.85,24283.75,0
2026-08-26 12:44:00,24283.55,24285.5,24281.2,24283.9,0
2026-08-26 12:45:00,24283.45,24285.45,24281.2,24282.15,0
2026-08-26 12:46:00,24282.05,24283.35,24280.6,24281.45,0
2026-08-26 12:47:00,24281.6,24281.9,24275.45,24275.65,0
2026-08-26 12:48:00,24275.2,24281.0,24274.8,24280.25,0
2026-08-26 12:49:00,24280.15,24280.55,24276.95,24277.5,0
2026-08-26 12:50:00,24277.4,24279.0,24276.2,24277.15,0
2026-08-26 12:51:00,24277.05,24278.85,24276.5,24277.5,0
2026-08-26 12:52:00,24277.2,24278.55,24274.6,24275.55,0
2026-08-26 12:53:00,24275.65,24277.05,24273.9,24275.85,0
2026-08-26 12:54:00,24275.0,24279.2,24273.75,24277.7,0
2026-08-26 12:55:00,24278.35,24280.65,24276.3,24279.45,0
2026-08-26 12:56:00,24279.5,24282.3,24279.4,24280.7,0
2026-08-26 12:57:00,24280.55,24282.7,24279.35,24280.3,0
2026-08-26 12:58:00,24280.45,24284.05,24279.4,24282.15,0
2026-08-26 12:59:00,24283.05,24284.6,24278.9,24279.05,0
2026-08-26 13:00:00,24279.2,24280.95,24278.35,24280.0,0
2026-08-26 13:01:00,24280.15,24280.55,24273.15,24274.45,0
2026-08-26 13:02:00,24274.35,24275.05,24268.25,24269.25,0
2026-08-26 13:03:00,24269.1,24274.35,24268.55,24273.45,0
2026-08-26 13:04:00,24273.1,24276.65,24271.15,24274.1,0
2026-08-26 13:05:00,24275.1,24280.5,24273.9,24279.85,0
2026-08-26 13:06:00,24280.2,24283.05,24279.55,24283.05,0
2026-08-26 13:07:00,24282.4,24282.45,24279.15,24280.25,0
2026-08-26 13:08:00,24280.05,24281.5,24276.8,24278.6,0
2026-08-26 13:09:00,24277.95,24278.5,24272.35,24273.3,0
2026-08-26 13:10:00,24273.25,24274.5,24269.9,24270.25,0
2026-08-26 13:11:00,24269.85,24272.4,24268.7,24271.4,0
2026-08-26 13:12:00,24271.5,24273.75,24270.9,24271.35,0
2026-08-26 13:13:00,24271.5,24272.95,24270.35,24271.1,0
2026-08-26 13:14:00,24270.9,24270.9,24268.15,24269.2,0
2026-08-26 13:15:00,24269.4,24269.95,24265.8,24266.15,0
2026-08-26 13:16:00,24266.1,24266.5,24261.5,24262.85,0
2026-08-26 13:17:00,24262.8,24263.2,24253.7,24258.0,0
2026-08-26 13:18:00,24257.55,24263.85,24257.35,24263.65,0
2026-08-26 13:19:00,24263.35,24266.35,24263.2,24263.6,0
2026-08-26 13:20:00,24264.05,24264.65,24257.35,24259.5,0
2026-08-26 13:21:00,24259.25,24262.0,24258.2,24260.6,0
2026-08-26 13:22:00,24260.55,24263.8,24260.1,24263.35,0
2026-08-26 13:23:00,24263.65,24263.9,24258.0,24258.15,0
2026-08-26 13:24:00,24258.25,24259.65,24254.95,24258.6,0
2026-08-26 13:25:00,24258.65,24261.45,24258.45,24259.55,0
2026-08-26 13:26:00,24259.75,24261.5,24258.25,24259.5,0
2026-08-26 13:27:00,24260.25,24260.8,24254.9,24254.9,0
2026-08-26 13:28:00,24254.95,24258.7,24253.6,24258.6,0
2026-08-26 13:29:00,24258.45,24265.45,24257.65,24265.45,0
2026-08-26 13:30:00,24265.0,24269.0,24263.2,24266.75,0
2026-08-26 13:31:00,24266.55,24267.4,24262.1,24262.45,0
2026-08-26 13:32:00,24262.8,24265.25,24261.7,24263.1,0
2026-08-26 13:33:00,24263.85,24266.2,24262.0,24262.7,0
2026-08-26 13:34:00,24262.5,24267.8,24262.2,24267.0,0
2026-08-26 13:35:00,24267.15,24268.6,24262.55,24263.3,0
2026-08-26 13:36:00,24263.45,24266.15,24262.4,24263.2,0
2026-08-26 13:37:00,24262.9,24264.8,24261.1,24263.85,0
2026-08-26 13:38:00,24263.45,24267.7,24262.8,24266.1,0
2026-08-26 13:39:00,24265.9,24266.65,24263.4,24264.95,0
2026-08-26 13:40:00,24265.4,24271.25,24264.35,24268.9,0
2026-08-26 13:41:00,24268.7,24271.25,24267.1,24268.5,0
2026-08-26 13:42:00,24269.15,24270.1,24261.05,24263.4,0
2026-08-26 13:43:00,24263.0,24267.65,24263.0,24266.0,0
2026-08-26 13:44:00,24266.1,24267.0,24261.05,24261.9,0
2026-08-26 13:45:00,24262.0,24263.0,24257.0,24260.8,0
2026-08-26 13:46:00,24260.05,24263.6,24259.05,24262.55,0
2026-08-26 13:47:00,24261.9,24263.4,24258.4,24260.15,0
2026-08-26 13:48:00,24259.4,24260.7,24258.05,24258.95,0
2026-08-26 13:49:00,24259.35,24262.55,24257.8,24262.05,0
2026-08-26 13:50:00,24262.45,24264.2,24261.25,24263.25,0
2026-08-26 13:51:00,24263.45,24263.45,24259.0,24260.55,0
2026-08-26 13:52:00,24260.45,24266.8,24260.4,24266.6,0
2026-08-26 13:53:00,24265.95,24269.95,24265.7,24267.4,0
2026-08-26 13:54:00,24267.45,24267.45,24264.65,24264.65,0
2026-08-26 13:55:00,24264.55,24266.3,24262.8,24263.95,0
2026-08-26 13:56:00,24263.45,24263.8,24259.55,24261.1,0
2026-08-26 13:57:00,24261.4,24262.85,24259.55,24261.5,0
2026-08-26 13:58:00,24261.25,24265.4,24260.6,24263.8,0
2026-08-26 13:59:00,24263.45,24265.8,24260.9,24263.35,0
2026-08-26 14:00:00,24262.7,24263.65,24260.1,24260.1,0
2026-08-26 14:01:00,24259.5,24265.0,24258.65,24264.35,0
2026-08-26 14:02:00,24263.95,24265.25,24258.85,24262.75,0
2026-08-26 14:03:00,24262.65,24269.4,24260.55,24267.5,0
2026-08-26 14:04:00,24266.95,24269.2,24266.35,24267.65,0
2026-08-26 14:05:00,24267.75,24269.4,24266.7,24269.4,0
2026-08-26 14:06:00,24268.7,24269.35,24264.45,24267.15,0
2026-08-26 14:07:00,24266.8,24267.7,24260.5,24261.05,0
2026-08-26 14:08:00,24261.3,24265.9,24260.5,24265.3,0
2026-08-26 14:09:00,24265.55,24267.75,24263.55,24266.05,0
2026-08-26 14:10:00,24265.95,24267.3,24263.35,24265.65,0
2026-08-26 14:11:00,24265.7,24267.65,24264.75,24266.35,0
2026-08-26 14:12:00,24266.5,24278.5,24265.95,24277.95,0
2026-08-26 14:13:00,24278.35,24279.55,24274.7,24277.0,0
2026-08-26 14:14:00,24277.1,24277.7,24272.45,24273.5,0
2026-08-26 14:15:00,24272.8,24277.2,24272.8,24274.75,0
2026-08-26 14:16:00,24275.1,24280.85,24275.1,24276.7,0
2026-08-26 14:17:00,24276.9,24278.9,24274.65,24275.55,0
2026-08-26 14:18:00,24275.3,24277.8,24274.0,24276.55,0
2026-08-26 14:19:00,24275.85,24277.55,24275.4,24275.6,0
2026-08-26 14:20:00,24275.75,24279.4,24275.1,24278.8,0
2026-08-26 14:21:00,24278.75,24281.2,24276.7,24278.5,0
2026-08-26 14:22:00,24277.35,24280.75,24275.05,24278.4,0
2026-08-26 14:23:00,24278.05,24280.25,24276.8,24278.8,0
2026-08-26 14:24:00,24278.65,24279.35,24271.4,24273.1,0
2026-08-26 14:25:00,24272.7,24275.05,24270.6,24274.85,0
2026-08-26 14:26:00,24274.7,24276.5,24272.2,24274.1,0
2026-08-26 14:27:00,24273.9,24274.3,24268.75,24272.8,0
2026-08-26 14:28:00,24272.75,24273.05,24266.3,24266.8,0
2026-08-26 14:29:00,24267.35,24273.6,24266.05,24273.25,0
2026-08-26 14:30:00,24273.1,24276.5,24270.1,24273.3,0
2026-08-26 14:31:00,24274.4,24281.1,24271.85,24278.4,0
2026-08-26 14:32:00,24279.4,24280.8,24274.2,24275.95,0
2026-08-26 14:33:00,24275.65,24277.95,24273.55,24277.35,0
2026-08-26 14:34:00,24279.1,24280.25,24274.15,24278.5,0
2026-08-26 14:35:00,24279.15,24280.4,24275.2,24278.55,0
2026-08-26 14:36:00,24279.0,24279.65,24275.95,24278.65,0
2026-08-26 14:37:00,24278.5,24284.0,24277.65,24282.3,0
2026-08-26 14:38:00,24282.7,24282.75,24278.85,24279.75,0
2026-08-26 14:39:00,24279.85,24281.75,24276.85,24278.15,0
2026-08-26 14:40:00,24277.75,24279.95,24275.05,24278.7,0
2026-08-26 14:41:00,24279.3,24281.75,24277.75,24280.5,0
2026-08-26 14:42:00,24279.85,24281.7,24277.25,24279.55,0
2026-08-26 14:43:00,24279.7,24281.6,24279.1,24280.2,0
2026-08-26 14:44:00,24280.45,24280.45,24277.0,24278.7,0
2026-08-26 14:45:00,24278.8,24284.05,24276.8,24282.8,0
2026-08-26 14:46:00,24283.6,24286.1,24281.35,24285.1,0
2026-08-26 14:47:00,24286.5,24290.1,24285.3,24289.35,0
2026-08-26 14:48:00,24289.4,24291.2,24285.2,24290.95,0
2026-08-26 14:49:00,24290.55,24291.9,24286.4,24290.8,0
2026-08-26 14:50:00,24289.9,24293.65,24289.5,24291.35,0
2026-08-26 14:51:00,24291.2,24291.9,24286.9,24291.65,0
2026-08-26 14:52:00,24291.1,24294.65,24287.35,24287.9,0
2026-08-26 14:53:00,24287.85,24294.3,24287.15,24293.55,0
2026-08-26 14:54:00,24293.35,24296.65,24292.2,24294.0,0
2026-08-26 14:55:00,24294.1,24297.05,24290.05,24290.05,0
2026-08-26 14:56:00,24289.65,24292.15,24287.8,24289.8,0
2026-08-26 14:57:00,24289.75,24294.95,24288.5,24292.65,0
2026-08-26 14:58:00,24292.3,24292.9,24287.4,24288.65,0
2026-08-26 14:59:00,24289.3,24291.7,24285.55,24290.8,0
2026-08-26 15:00:00,24288.95,24292.35,24278.65,24279.45,0
2026-08-26 15:01:00,24282.1,24287.7,24279.35,24287.55,0
2026-08-26 15:02:00,24286.9,24290.65,24285.7,24287.1,0
2026-08-26 15:03:00,24287.3,24290.35,24284.35,24289.75,0
2026-08-26 15:04:00,24289.3,24290.35,24287.05,24287.5,0
2026-08-26 15:05:00,24287.25,24289.65,24278.3,24282.15,0
2026-08-26 15:06:00,24281.4,24282.5,24273.3,24274.85,0
2026-08-26 15:07:00,24275.4,24278.7,24274.05,24276.0,0
2026-08-26 15:08:00,24275.75,24277.5,24274.1,24277.5,0
2026-08-26 15:09:00,24276.95,24279.1,24271.0,24275.35,0
2026-08-26 15:10:00,24275.45,24280.25,24275.3,24278.05,0
2026-08-26 15:11:00,24278.3,24279.85,24275.45,24278.2,0
2026-08-26 15:12:00,24279.4,24283.0,24270.65,24278.85,0
2026-08-26 15:13:00,24279.3,24282.75,24276.65,24281.9,0
2026-08-26 15:14:00,24280.95,24284.35,24273.5,24276.6,0
2026-08-26 15:28:00,24207.75,24207.75,24207.75,24207.75,0
2026-08-27 09:15:00,24277.6,24296.65,24263.8,24294.9,0
2026-08-27 09:16:00,24296.65,24297.45,24274.1,24277.65,0
2026-08-27 09:17:00,24277.15,24277.35,24238.35,24244.25,0
2026-08-27 09:18:00,24242.95,24259.85,24241.55,24257.7,0
2026-08-27 09:19:00,24256.85,24262.6,24247.55,24250.05,0
2026-08-27 09:20:00,24249.3,24253.65,24241.35,24243.95,0
2026-08-27 09:21:00,24244.7,24251.7,24239.65,24242.7,0
2026-08-27 09:22:00,24243.85,24247.05,24230.7,24231.5,0
2026-08-27 09:23:00,24233.0,24233.0,24223.65,24228.05,0
2026-08-27 09:24:00,24228.35,24228.4,24222.1,24224.65,0
2026-08-27 09:25:00,24225.15,24228.6,24217.75,24225.35,0
2026-08-27 09:26:00,24227.35,24232.3,24222.05,24230.1,0
2026-08-27 09:27:00,24230.7,24232.0,24214.8,24216.95,0
2026-08-27 09:28:00,24217.7,24219.2,24202.85,24206.75,0
2026-08-27 09:29:00,24206.95,24208.1,24198.35,24201.1,0
2026-08-27 09:30:00,24202.5,24210.05,24201.25,24203.3,0
2026-08-27 09:31:00,24205.8,24209.0,24190.7,24191.75,0
2026-08-27 09:32:00,24192.95,24199.15,24188.6,24197.65,0
2026-08-27 09:33:00,24198.7,24203.55,24196.95,24203.55,0
2026-08-27 09:34:00,24203.65,24211.7,24202.95,24210.85,0
2026-08-27 09:35:00,24210.55,24216.9,24208.7,24209.15,0
2026-08-27 09:36:00,24209.65,24210.25,24198.9,24200.15,0
2026-08-27 09:37:00,24201.5,24201.5,24192.45,24199.8,0
2026-08-27 09:38:00,24200.25,24201.55,24196.2,24197.25,0
2026-08-27 09:39:00,24198.4,24202.7,24193.0,24198.65,0
2026-08-27 09:40:00,24200.65,24202.05,24195.95,24200.9,0
2026-08-27 09:41:00,24201.45,24206.15,24198.95,24200.8,0
2026-08-27 09:42:00,24202.6,24204.7,24197.75,24204.15,0
2026-08-27 09:43:00,24204.75,24209.6,24203.95,24208.6,0
2026-08-27 09:44:00,24209.9,24214.85,24207.7,24214.4,0
2026-08-27 09:45:00,24214.35,24218.7,24211.85,24216.2,0
2026-08-27 09:46:00,24217.6,24221.6,24212.95,24216.7,0
2026-08-27 09:47:00,24219.45,24224.8,24216.2,24217.35,0
2026-08-27 09:48:00,24218.75,24224.1,24215.8,24223.05,0
2026-08-27 09:49:00,24224.1,24228.2,24221.75,24225.1,0
2026-08-27 09:50:00,24225.85,24226.0,24211.65,24211.85,0
2026-08-27 09:51:00,24213.65,24213.65,24206.5,24209.05,0
2026-08-27 09:52:00,24210.7,24215.9,24210.5,24214.75,0
2026-08-27 09:53:00,24216.1,24220.1,24210.9,24218.45,0
2026-08-27 09:54:00,24217.95,24219.55,24209.6,24210.1,0
2026-08-27 09:55:00,24210.6,24211.3,24200.85,24205.85,0
2026-08-27 09:56:00,24206.0,24208.25,24203.35,24203.5,0
2026-08-27 09:57:00,24205.5,24207.0,24201.45,24203.45,0
2026-08-27 09:58:00,24204.6,24204.6,24190.15,24191.65,0
2026-08-27 09:59:00,24193.95,24198.2,24189.3,24196.75,0
2026-08-27 10:00:00,24196.1,24197.6,24184.65,24188.5,0
2026-08-27 10:01:00,24190.55,24191.75,24181.25,24185.05,0
2026-08-27 10:02:00,24185.5,24193.6,24183.2,24191.95,0
2026-08-27 10:03:00,24191.55,24191.55,24183.1,24188.3,0
2026-08-27 10:04:00,24190.5,24195.8,24188.5,24191.25,0
2026-08-27 10:05:00,24192.05,24192.05,24184.1,24185.25,0
2026-08-27 10:06:00,24187.85,24188.4,24183.35,24184.55,0
2026-08-27 10:07:00,24187.9,24194.55,24186.65,24191.95,0
2026-08-27 10:08:00,24192.8,24195.4,24187.95,24189.95,0
2026-08-27 10:09:00,24190.7,24196.45,24187.15,24195.8,0
2026-08-27 10:10:00,24195.9,24197.1,24189.25,24193.45,0
2026-08-27 10:11:00,24193.05,24194.75,24187.1,24191.8,0
2026-08-27 10:12:00,24192.95,24195.8,24190.0,24191.4,0
2026-08-27 10:13:00,24192.3,24192.45,24187.2,24187.3,0
2026-08-27 10:14:00,24188.65,24189.35,24179.55,24183.55,0
2026-08-27 10:15:00,24184.45,24192.3,24182.0,24191.0,0
2026-08-27 10:16:00,24191.45,24192.0,24187.05,24189.5,0
2026-08-27 10:17:00,24191.1,24191.75,24184.95,24186.5,0
2026-08-27 10:18:00,24187.55,24190.35,24183.95,24189.15,0
2026-08-27 10:19:00,24190.05,24191.8,24184.9,24188.3,0
2026-08-27 10:20:00,24188.0,24191.4,24186.25,24189.0,0
2026-08-27 10:21:00,24188.95,24191.4,24183.3,24184.65,0
2026-08-27 10:22:00,24186.75,24189.2,24183.9,24185.25,0
2026-08-27 10:23:00,24186.75,24189.45,24185.5,24186.65,0
2026-08-27 10:24:00,24187.15,24187.15,24181.4,24184.65,0
2026-08-27 10:25:00,24184.85,24184.85,24180.05,24183.3,0
2026-08-27 10:26:00,24184.5,24185.8,24178.65,24181.15,0
2026-08-27 10:27:00,24180.7,24187.7,24180.15,24186.35,0
2026-08-27 10:28:00,24188.05,24190.45,24183.0,24183.75,0
2026-08-27 10:29:00,24184.55,24186.4,24180.4,24182.5,0
2026-08-27 10:30:00,24183.05,24185.75,24178.25,24179.8,0
2026-08-27 10:31:00,24180.4,24184.35,24178.75,24183.75,0
2026-08-27 10:32:00,24183.7,24189.35,24181.55,24186.15,0
2026-08-27 10:33:00,24188.55,24191.9,24186.15,24190.7,0
2026-08-27 10:34:00,24190.95,24191.15,24185.8,24188.55,0
2026-08-27 10:35:00,24189.4,24190.85,24184.95,24185.85,0
2026-08-27 10:36:00,24186.8,24188.0,24183.75,24186.45,0
2026-08-27 10:37:00,24188.0,24188.8,24183.2,24183.2,0
2026-08-27 10:38:00,24185.55,24188.6,24183.25,24185.75,0
2026-08-27 10:39:00,24187.3,24187.4,24182.75,24184.25,0
2026-08-27 10:40:00,24185.7,24187.2,24181.3,24183.05,0
2026-08-27 10:41:00,24183.95,24185.0,24178.7,24180.7,0
2026-08-27 10:42:00,24181.9,24181.9,24177.65,24180.95,0
2026-08-27 10:43:00,24181.0,24181.7,24173.45,24176.2,0
2026-08-27 10:44:00,24177.9,24178.4,24168.8,24169.1,0
2026-08-27 10:45:00,24172.1,24173.7,24168.55,24169.1,0
2026-08-27 10:46:00,24170.7,24178.1,24167.3,24175.45,0
2026-08-27 10:47:00,24177.6,24179.75,24174.2,24175.4,0
2026-08-27 10:48:00,24176.0,24176.0,24169.85,24174.45,0
2026-08-27 10:49:00,24174.95,24176.0,24170.5,24171.6,0
2026-08-27 10:50:00,24173.1,24174.3,24165.95,24166.95,0
2026-08-27 10:51:00,24167.25,24168.35,24159.15,24161.0,0
2026-08-27 10:52:00,24162.35,24162.75,24158.1,24160.45,0
2026-08-27 10:53:00,24160.85,24162.3,24158.7,24160.35,0
2026-08-27 10:54:00,24160.95,24163.8,24157.5,24162.2,0
2026-08-27 10:55:00,24163.45,24164.6,24158.2,24159.35,0
2026-08-27 10:56:00,24160.65,24161.3,24155.9,24160.6,0
2026-08-27 10:57:00,24161.3,24161.3,24156.8,24158.45,0
2026-08-27 10:58:00,24159.65,24159.85,24154.1,24156.85,0
2026-08-27 10:59:00,24157.7,24160.8,24155.65,24159.65,0
2026-08-27 11:00:00,24161.15,24161.15,24155.6,24158.25,0
2026-08-27 11:01:00,24159.05,24159.15,24148.45,24150.7,0
2026-08-27 11:02:00,24151.1,24161.75,24150.9,24161.75,0
2026-08-27 11:03:00,24161.8,24164.75,24160.45,24161.6,0
2026-08-27 11:04:00,24161.95,24164.6,24159.4,24163.55,0
2026-08-27 11:05:00,24164.7,24167.3,24163.0,24164.95,0
2026-08-27 11:06:00,24166.25,24168.5,24162.75,24163.85,0
2026-08-27 11:07:00,24165.05,24167.1,24163.25,24164.95,0
2026-08-27 11:08:00,24166.15,24167.1,24160.75,24164.25,0
2026-08-27 11:09:00,24165.45,24168.75,24163.7,24166.45,0
2026-08-27 11:10:00,24167.1,24167.45,24163.4,24164.8,0
2026-08-27 11:11:00,24165.35,24165.35,24160.55,24161.9,0
2026-08-27 11:12:00,24162.75,24162.75,24159.65,24159.85,0
2026-08-27 11:13:00,24161.3,24162.7,24156.45,24158.75,0
2026-08-27 11:14:00,24160.6,24161.85,24155.75,24155.85,0
2026-08-27 11:15:00,24156.85,24156.95,24152.95,24156.05,0
2026-08-27 11:16:00,24157.1,24158.75,24152.9,24153.95,0
2026-08-27 11:17:00,24154.4,24157.45,24152.7,24153.35,0
2026-08-27 11:18:00,24154.5,24155.0,24147.8,24151.15,0
2026-08-27 11:19:00,24151.1,24152.6,24146.0,24146.35,0
2026-08-27 11:20:00,24147.35,24148.9,24141.35,24144.65,0
2026-08-27 11:21:00,24145.5,24147.8,24144.5,24145.25,0
2026-08-27 11:22:00,24146.7,24147.55,24140.2,24142.95,0
2026-08-27 11:23:00,24143.15,24143.15,24137.9,24139.45,0
2026-08-27 11:24:00,24140.2,24141.6,24138.7,24140.2,0
2026-08-27 11:25:00,24139.95,24144.25,24139.3,24142.75,0
2026-08-27 11:26:00,24142.85,24146.2,24140.7,24142.75,0
2026-08-27 11:27:00,24141.6,24144.3,24140.15,24141.2,0
2026-08-27 11:28:00,24141.75,24144.6,24137.15,24140.65,0
2026-08-27 11:29:00,24139.5,24146.4,24139.5,24144.05,0
2026-08-27 11:30:00,24144.55,24146.3,24141.6,24142.75,0
2026-08-27 11:31:00,24142.95,24153.5,24141.9,24151.85,0
2026-08-27 11:32:00,24151.95,24155.65,24146.65,24150.75,0
2026-08-27 11:33:00,24151.2,24155.8,24150.35,24152.65,0
2026-08-27 11:34:00,24152.5,24158.0,24150.95,24156.4,0
2026-08-27 11:35:00,24156.25,24159.95,24154.05,24157.4,0
2026-08-27 11:36:00,24156.75,24160.05,24155.3,24155.8,0
2026-08-27 11:37:00,24156.05,24160.1,24155.3,24155.85,0
2026-08-27 11:38:00,24156.05,24160.15,24153.15,24154.8,0
2026-08-27 11:39:00,24155.2,24158.2,24153.85,24155.35,0
2026-08-27 11:40:00,24155.0,24161.35,24154.4,24158.0,0
2026-08-27 11:41:00,24158.25,24162.2,24153.9,24155.45,0
2026-08-27 11:42:00,24155.7,24157.3,24149.4,24150.05,0
2026-08-27 11:43:00,24152.25,24154.65,24149.25,24152.6,0
2026-08-27 11:44:00,24151.95,24154.1,24150.2,24151.55,0
2026-08-27 11:45:00,24151.5,24153.3,24148.15,24151.0,0
2026-08-27 11:46:00,24151.9,24153.2,24147.9,24150.3,0
2026-08-27 11:47:00,24150.6,24155.65,24150.1,24152.15,0
2026-08-27 11:48:00,24152.05,24154.5,24150.6,24152.4,0
2026-08-27 11:49:00,24151.65,24153.75,24145.35,24148.45,0
2026-08-27 11:50:00,24148.85,24150.5,24144.95,24145.1,0
2026-08-27 11:51:00,24144.95,24151.1,24143.25,24149.2,0
2026-08-27 11:52:00,24151.1,24156.2,24148.2,24153.85,0
2026-08-27 11:53:00,24154.1,24157.3,24152.7,24155.3,0
2026-08-27 11:54:00,24155.0,24156.5,24152.85,24152.85,0
2026-08-27 11:55:00,24154.0,24158.6,24152.3,24157.8,0
2026-08-27 11:56:00,24157.5,24159.15,24153.55,24155.7,0
2026-08-27 11:57:00,24156.6,24160.25,24154.4,24156.8,0
2026-08-27 11:58:00,24157.05,24162.15,24155.4,24160.6,0
2026-08-27 11:59:00,24160.0,24163.4,24158.5,24158.8,0
2026-08-27 12:00:00,24158.85,24160.5,24152.15,24153.4,0
2026-08-27 12:01:00,24153.15,24156.75,24150.05,24151.15,0
2026-08-27 12:02:00,24151.25,24154.95,24146.2,24150.55,0
2026-08-27 12:03:00,24150.6,24155.65,24146.8,24149.85,0
2026-08-27 12:04:00,24149.05,24154.95,24146.95,24153.7,0
2026-08-27 12:05:00,24152.75,24154.1,24146.75,24147.3,0
2026-08-27 12:06:00,24146.5,24149.0,24144.15,24147.2,0
2026-08-27 12:07:00,24147.55,24148.8,24137.65,24139.65,0
2026-08-27 12:08:00,24137.9,24141.5,24133.75,24139.2,0
2026-08-27 12:09:00,24138.4,24146.45,24137.1,24142.1,0
2026-08-27 12:10:00,24141.3,24148.95,24140.95,24146.4,0
2026-08-27 12:11:00,24146.0,24147.2,24138.5,24140.2,0
2026-08-27 12:12:00,24141.35,24145.2,24139.0,24142.9,0
2026-08-27 12:13:00,24142.3,24150.85,24142.1,24150.85,0
2026-08-27 12:14:00,24150.5,24156.2,24150.5,24154.85,0
2026-08-27 12:15:00,24156.0,24157.95,24151.7,24152.95,0
2026-08-27 12:16:00,24153.4,24156.6,24151.2,24155.05,0
2026-08-27 12:17:00,24154.55,24161.8,24153.2,24157.7,0
2026-08-27 12:18:00,24158.5,24159.05,24151.3,24151.9,0
2026-08-27 12:19:00,24151.55,24152.75,24145.3,24146.5,0
2026-08-27 12:20:00,24146.1,24147.85,24141.65,24142.4,0
2026-08-27 12:21:00,24142.15,24148.8,24140.55,24145.6,0
2026-08-27 12:22:00,24145.95,24147.9,24143.25,24145.35,0
2026-08-27 12:23:00,24144.5,24146.85,24141.75,24142.25,0
2026-08-27 12:24:00,24143.25,24145.05,24141.35,24143.05,0
2026-08-27 12:25:00,24143.1,24152.5,24141.7,24149.6,0
2026-08-27 12:26:00,24149.3,24156.35,24149.3,24154.75,0
2026-08-27 12:27:00,24154.55,24162.25,24153.6,24158.35,0
2026-08-27 12:28:00,24158.6,24161.2,24156.4,24157.65,0
2026-08-27 12:29:00,24158.05,24160.45,24156.8,24158.35,0
2026-08-27 12:30:00,24158.0,24158.8,24152.35,24154.15,0
2026-08-27 12:31:00,24154.2,24160.15,24153.75,24155.15,0
2026-08-27 12:32:00,24155.4,24156.95,24151.05,24153.25,0
2026-08-27 12:33:00,24153.9,24156.35,24150.4,24153.25,0
2026-08-27 12:34:00,24154.75,24161.75,24150.2,24159.7,0
2026-08-27 12:35:00,24159.0,24162.15,24154.15,24155.75,0
2026-08-27 12:36:00,24155.2,24163.05,24153.35,24161.9,0
2026-08-27 12:37:00,24162.1,24169.95,24161.6,24167.8,0
2026-08-27 12:38:00,24167.65,24174.75,24165.8,24173.0,0
2026-08-27 12:39:00,24172.25,24176.75,24171.4,24174.25,0
2026-08-27 12:40:00,24173.95,24177.1,24172.75,24172.75,0
2026-08-27 12:41:00,24172.45,24177.4,24172.05,24175.55,0
2026-08-27 12:42:00,24175.4,24176.8,24170.2,24170.2,0
2026-08-27 12:43:00,24170.7,24171.8,24166.9,24166.95,0
2026-08-27 12:44:00,24167.65,24176.15,24167.65,24173.0,0
2026-08-27 12:45:00,24172.85,24175.65,24171.0,24171.1,0
2026-08-27 12:46:00,24171.5,24178.0,24170.75,24171.6,0
2026-08-27 12:47:00,24171.0,24173.4,24168.6,24169.6,0
2026-08-27 12:48:00,24169.1,24170.6,24166.0,24170.0,0
2026-08-27 12:49:00,24169.45,24178.4,24168.2,24176.5,0
2026-08-27 12:50:00,24177.1,24181.9,24167.4,24172.05,0
2026-08-27 12:51:00,24171.6,24178.5,24168.7,24175.35,0
2026-08-27 12:52:00,24175.8,24182.95,24174.7,24177.8,0
2026-08-27 12:53:00,24180.35,24190.05,24177.8,24186.35,0
2026-08-27 12:54:00,24186.25,24192.35,24186.25,24186.55,0
2026-08-27 12:55:00,24186.4,24188.65,24182.7,24182.7,0
2026-08-27 12:56:00,24183.2,24186.6,24181.0,24184.45,0
2026-08-27 12:57:00,24183.8,24186.65,24181.25,24182.35,0
2026-08-27 12:58:00,24182.9,24185.55,24181.7,24184.05,0
2026-08-27 12:59:00,24183.65,24184.65,24179.85,24180.05,0
2026-08-27 13:00:00,24180.5,24186.8,24179.25,24183.2,0
2026-08-27 13:01:00,24182.9,24184.35,24180.9,24182.6,0
2026-08-27 13:02:00,24181.8,24186.0,24179.2,24185.05,0
2026-08-27 13:03:00,24184.7,24189.2,24184.05,24186.4,0
2026-08-27 13:04:00,24186.3,24188.4,24181.2,24181.9,0
2026-08-27 13:05:00,24181.85,24184.65,24177.45,24179.1,0
2026-08-27 13:06:00,24179.4,24183.65,24176.15,24176.95,0
2026-08-27 13:07:00,24175.4,24181.3,24175.25,24179.95,0
2026-08-27 13:08:00,24180.65,24182.4,24176.9,24180.65,0
2026-08-27 13:09:00,24179.25,24186.1,24179.15,24182.75,0
2026-08-27 13:10:00,24182.15,24184.95,24180.65,24182.55,0
2026-08-27 13:11:00,24182.95,24187.05,24179.5,24183.9,0
2026-08-27 13:12:00,24183.65,24195.45,24183.4,24194.7,0
2026-08-27 13:13:00,24194.65,24195.55,24187.95,24192.25,0
2026-08-27 13:14:00,24191.7,24194.7,24188.7,24194.1,0
2026-08-27 13:15:00,24193.1,24199.9,24191.7,24195.35,0
2026-08-27 13:16:00,24194.8,24195.65,24188.9,24189.4,0
2026-08-27 13:17:00,24189.2,24191.05,24183.25,24185.65,0
2026-08-27 13:18:00,24185.8,24192.2,24182.85,24190.1,0
2026-08-27 13:19:00,24190.8,24193.4,24180.2,24186.3,0
2026-08-27 13:20:00,24185.65,24192.55,24183.0,24189.85,0
2026-08-27 13:21:00,24188.65,24191.75,24183.2,24184.9,0
2026-08-27 13:22:00,24183.75,24186.75,24181.2,24183.9,0
2026-08-27 13:23:00,24183.3,24191.05,24179.4,24189.75,0
2026-08-27 13:24:00,24189.35,24193.15,24188.45,24193.0,0
2026-08-27 13:25:00,24192.2,24193.5,24181.15,24183.65,0
2026-08-27 13:26:00,24183.75,24188.85,24180.75,24186.4,0
2026-08-27 13:27:00,24185.8,24188.0,24179.75,24182.3,0
2026-08-27 13:28:00,24181.95,24184.1,24174.75,24177.4,0
2026-08-27 13:29:00,24176.55,24184.9,24174.45,24182.3,0
2026-08-27 13:30:00,24181.05,24187.85,24174.4,24175.85,0
2026-08-27 13:31:00,24176.15,24176.95,24169.3,24170.55,0
2026-08-27 13:32:00,24170.9,24172.35,24168.35,24169.25,0
2026-08-27 13:33:00,24169.35,24177.8,24167.8,24176.45,0
2026-08-27 13:34:00,24177.0,24177.9,24172.15,24176.95,0
2026-08-27 13:35:00,24175.9,24178.9,24174.95,24177.6,0
2026-08-27 13:36:00,24178.2,24178.2,24172.9,24174.3,0
2026-08-27 13:37:00,24173.85,24175.5,24171.55,24173.55,0
2026-08-27 13:38:00,24174.6,24179.3,24173.05,24178.5,0
2026-08-27 13:39:00,24178.0,24181.7,24177.85,24179.1,0
2026-08-27 13:40:00,24178.85,24179.75,24174.65,24175.8,0
2026-08-27 13:41:00,24175.35,24176.65,24170.3,24173.45,0
2026-08-27 13:42:00,24172.8,24174.4,24168.5,24169.25,0
2026-08-27 13:43:00,24168.95,24170.9,24164.0,24165.05,0
2026-08-27 13:44:00,24167.05,24172.65,24163.15,24163.3,0
2026-08-27 13:45:00,24163.65,24165.15,24158.8,24158.85,0
2026-08-27 13:46:00,24159.75,24162.55,24155.2,24159.55,0
2026-08-27 13:47:00,24159.05,24161.1,24153.95,24155.4,0
2026-08-27 13:48:00,24154.3,24155.05,24136.2,24142.05,0
2026-08-27 13:49:00,24139.8,24146.85,24139.25,24142.95,0
2026-08-27 13:50:00,24141.8,24145.15,24140.6,24142.85,0
2026-08-27 13:51:00,24143.3,24144.6,24139.05,24139.55,0
2026-08-27 13:52:00,24140.9,24143.15,24139.25,24141.5,0
2026-08-27 13:53:00,24141.6,24143.25,24137.6,24139.25,0
2026-08-27 13:54:00,24139.75,24140.3,24136.3,24138.3,0
2026-08-27 13:55:00,24139.65,24139.9,24135.35,24136.2,0
2026-08-27 13:56:00,24136.5,24138.2,24134.65,24136.15,0
2026-08-27 13:57:00,24136.05,24137.7,24132.55,24134.65,0
2026-08-27 13:58:00,24135.0,24136.5,24129.0,24132.2,0
2026-08-27 13:59:00,24131.8,24134.05,24130.25,24131.25,0
2026-08-27 14:00:00,24130.8,24133.8,24127.8,24133.75,0
2026-08-27 14:01:00,24133.65,24135.3,24128.35,24131.7,0
2026-08-27 14:02:00,24132.0,24132.85,24129.6,24131.8,0
2026-08-27 14:03:00,24131.85,24133.5,24127.3,24128.2,0
2026-08-27 14:04:00,24128.65,24131.25,24128.35,24129.1,0
2026-08-27 14:05:00,24129.2,24134.2,24125.7,24133.4,0
2026-08-27 14:06:00,24133.45,24134.5,24128.2,24131.45,0
2026-08-27 14:07:00,24131.75,24132.55,24125.65,24125.9,0
2026-08-27 14:08:00,24125.65,24126.65,24121.15,24123.8,0
2026-08-27 14:09:00,24123.05,24124.85,24120.6,24123.95,0
2026-08-27 14:10:00,24125.75,24130.9,24122.5,24130.0,0
2026-08-27 14:11:00,24130.3,24137.55,24127.7,24136.35,0
2026-08-27 14:12:00,24136.8,24141.1,24135.55,24139.7,0
2026-08-27 14:13:00,24139.95,24143.05,24137.5,24141.1,0
2026-08-27 14:14:00,24141.15,24141.15,24129.2,24131.75,0
2026-08-27 14:15:00,24131.9,24136.75,24129.15,24132.3,0
2026-08-27 14:16:00,24133.25,24137.1,24131.2,24136.75,0
2026-08-27 14:17:00,24136.2,24141.95,24135.75,24139.6,0
2026-08-27 14:18:00,24138.4,24140.55,24134.3,24137.6,0
2026-08-27 14:19:00,24137.45,24144.0,24135.2,24142.7,0
2026-08-27 14:20:00,24142.8,24144.0,24139.35,24140.3,0
2026-08-27 14:21:00,24140.6,24143.75,24138.35,24143.55,0
2026-08-27 14:22:00,24143.45,24145.3,24140.8,24142.1,0
2026-08-27 14:23:00,24142.95,24147.4,24142.1,24145.65,0
2026-08-27 14:24:00,24146.2,24149.35,24145.05,24148.75,0
2026-08-27 14:25:00,24149.0,24149.55,24144.05,24146.15,0
2026-08-27 14:26:00,24146.4,24152.2,24145.2,24150.3,0
2026-08-27 14:27:00,24151.2,24152.15,24148.8,24151.3,0
2026-08-27 14:28:00,24150.95,24156.3,24150.45,24156.3,0
2026-08-27 14:29:00,24155.85,24158.0,24152.3,24158.0,0
2026-08-27 14:30:00,24158.15,24167.2,24158.15,24161.5,0
2026-08-27 14:31:00,24161.35,24162.25,24152.05,24152.05,0
2026-08-27 14:32:00,24152.3,24152.3,24138.1,24138.35,0
2026-08-27 14:33:00,24138.8,24149.45,24138.45,24147.3,0
2026-08-27 14:34:00,24146.95,24157.3,24146.8,24152.95,0
2026-08-27 14:35:00,24152.3,24152.7,24139.7,24142.2,0
2026-08-27 14:36:00,24141.85,24144.35,24138.85,24141.8,0
2026-08-27 14:37:00,24141.0,24150.15,24139.0,24147.05,0
2026-08-27 14:38:00,24147.35,24152.15,24144.65,24148.3,0
2026-08-27 14:39:00,24148.1,24153.8,24147.4,24153.4,0
2026-08-27 14:40:00,24153.3,24154.85,24145.55,24148.45,0
2026-08-27 14:41:00,24148.85,24150.7,24143.5,24144.75,0
2026-08-27 14:42:00,24144.65,24148.85,24143.0,24143.3,0
2026-08-27 14:43:00,24145.65,24146.8,24139.35,24139.45,0
2026-08-27 14:44:00,24140.35,24144.2,24140.35,24143.3,0
2026-08-27 14:45:00,24143.15,24146.1,24140.9,24143.85,0
2026-08-27 14:46:00,24145.25,24147.05,24141.7,24143.95,0
2026-08-27 14:47:00,24144.05,24150.9,24142.65,24149.05,0
2026-08-27 14:48:00,24149.7,24151.1,24146.9,24150.75,0
2026-08-27 14:49:00,24150.35,24154.4,24148.5,24152.2,0
2026-08-27 14:50:00,24152.65,24157.1,24151.7,24157.1,0
2026-08-27 14:51:00,24156.65,24157.55,24147.65,24148.5,0
2026-08-27 14:52:00,24149.3,24154.65,24144.65,24153.45,0
2026-08-27 14:53:00,24154.15,24155.6,24150.6,24152.85,0
2026-08-27 14:54:00,24153.55,24154.45,24149.55,24149.55,0
2026-08-27 14:55:00,24149.9,24154.4,24147.85,24151.2,0
2026-08-27 14:56:00,24152.4,24155.9,24150.2,24153.55,0
2026-08-27 14:57:00,24154.35,24155.4,24150.25,24151.85,0
2026-08-27 14:58:00,24152.15,24155.4,24149.4,24150.6,0
2026-08-27 14:59:00,24149.8,24156.3,24149.35,24156.3,0
2026-08-27 15:00:00,24155.95,24160.2,24153.6,24157.6,0
2026-08-27 15:01:00,24158.5,24162.25,24156.1,24160.45,0
2026-08-27 15:02:00,24160.55,24161.8,24156.45,24157.15,0
2026-08-27 15:03:00,24158.65,24158.65,24150.9,24153.5,0
2026-08-27 15:04:00,24153.9,24154.05,24147.55,24148.1,0
2026-08-27 15:05:00,24150.25,24150.25,24142.85,24146.9,0
2026-08-27 15:06:00,24148.5,24148.5,24139.65,24141.9,0
2026-08-27 15:07:00,24142.0,24149.7,24139.3,24147.5,0
2026-08-27 15:08:00,24148.75,24148.75,24141.7,24143.1,0
2026-08-27 15:09:00,24143.8,24145.4,24137.0,24143.25,0
2026-08-27 15:10:00,24143.9,24145.5,24140.9,24144.1,0
2026-08-27 15:11:00,24144.6,24146.95,24137.45,24144.75,0
2026-08-27 15:12:00,24146.65,24146.8,24132.5,24139.15,0
2026-08-27 15:13:00,24139.9,24143.95,24136.5,24138.25,0
2026-08-27 15:14:00,24137.0,24142.15,24128.6,24133.6,0
2026-08-27 15:28:00,24090.85,24090.85,24090.85,24090.85,0
2026-08-28 09:15:00,24122.6,24146.1,24110.9,24121.25,0
2026-08-28 09:16:00,24122.8,24131.8,24111.55,24123.3,0
2026-08-28 09:17:00,24125.7,24138.6,24119.8,24125.25,0
2026-08-28 09:18:00,24124.9,24126.45,24115.5,24117.4,0
2026-08-28 09:19:00,24118.95,24120.55,24110.05,24112.2,0
2026-08-28 09:20:00,24113.0,24118.45,24106.55,24112.05,0
2026-08-28 09:21:00,24113.7,24125.95,24112.1,24124.55,0
2026-08-28 09:22:00,24125.75,24127.8,24111.65,24112.3,0
2026-08-28 09:23:00,24113.6,24120.7,24112.7,24115.1,0
2026-08-28 09:24:00,24116.85,24131.4,24112.6,24129.55,0
2026-08-28 09:25:00,24131.5,24145.6,24131.0,24144.8,0
2026-08-28 09:26:00,24146.5,24151.2,24141.7,24149.6,0
2026-08-28 09:27:00,24150.55,24158.25,24148.65,24154.9,0
2026-08-28 09:28:00,24156.95,24156.95,24144.2,24146.4,0
2026-08-28 09:29:00,24147.65,24151.2,24143.65,24149.55,0
2026-08-28 09:30:00,24148.35,24154.35,24140.85,24142.95,0
2026-08-28 09:31:00,24144.65,24152.55,24137.8,24141.35,0
2026-08-28 09:32:00,24142.45,24151.25,24140.55,24149.15,0
2026-08-28 09:33:00,24151.2,24153.1,24144.8,24147.35,0
2026-08-28 09:34:00,24147.95,24154.9,24144.85,24145.45,0
2026-08-28 09:35:00,24149.15,24149.15,24143.7,24144.75,0
2026-08-28 09:36:00,24145.0,24148.1,24136.7,24137.75,0
2026-08-28 09:37:00,24138.9,24140.45,24130.4,24139.8,0
2026-08-28 09:38:00,24140.2,24141.3,24134.8,24135.15,0
2026-08-28 09:39:00,24136.4,24145.15,24134.85,24140.35,0
2026-08-28 09:40:00,24141.1,24147.25,24138.6,24146.1,0
2026-08-28 09:41:00,24148.2,24150.2,24145.7,24148.05,0
2026-08-28 09:42:00,24150.15,24157.3,24148.6,24157.3,0
2026-08-28 09:43:00,24158.3,24166.25,24158.3,24162.5,0
2026-08-28 09:44:00,24162.85,24163.7,24160.05,24160.05,0
2026-08-28 09:45:00,24161.4,24163.05,24158.0,24158.65,0
2026-08-28 09:46:00,24161.15,24161.15,24152.05,24152.05,0
2026-08-28 09:47:00,24153.05,24153.3,24148.1,24151.85,0
2026-08-28 09:48:00,24153.35,24155.2,24148.9,24150.45,0
2026-08-28 09:49:00,24150.35,24151.15,24144.45,24146.95,0
2026-08-28 09:50:00,24148.3,24150.7,24143.2,24146.4,0
2026-08-28 09:51:00,24148.55,24150.35,24142.2,24143.55,0
2026-08-28 09:52:00,24144.3,24145.45,24136.15,24143.2,0
2026-08-28 09:53:00,24144.6,24148.3,24141.45,24147.6,0
2026-08-28 09:54:00,24149.75,24155.7,24147.85,24154.9,0
2026-08-28 09:55:00,24156.2,24159.65,24153.95,24157.35,0
2026-08-28 09:56:00,24160.1,24160.1,24154.05,24157.55,0
2026-08-28 09:57:00,24159.05,24159.05,24152.75,24155.7,0
2026-08-28 09:58:00,24158.0,24161.1,24156.6,24159.0,0
2026-08-28 09:59:00,24161.3,24161.3,24155.2,24156.5,0
2026-08-28 10:00:00,24158.3,24159.15,24149.5,24149.5,0
2026-08-28 10:01:00,24151.0,24153.0,24146.65,24147.55,0
2026-08-28 10:02:00,24148.7,24149.55,24145.3,24148.85,0
2026-08-28 10:03:00,24149.9,24154.05,24149.45,24150.5,0
2026-08-28 10:04:00,24152.15,24152.15,24146.05,24146.05,0
2026-08-28 10:05:00,24147.0,24149.7,24144.95,24145.35,0
2026-08-28 10:06:00,24147.05,24147.05,24141.75,24142.45,0
2026-08-28 10:07:00,24143.65,24153.2,24141.5,24151.8,0
2026-08-28 10:08:00,24154.05,24157.95,24150.65,24156.6,0
2026-08-28 10:09:00,24157.45,24158.65,24151.45,24151.95,0
2026-08-28 10:10:00,24153.05,24154.1,24150.8,24152.5,0
2026-08-28 10:11:00,24153.55,24154.55,24150.65,24153.55,0
2026-08-28 10:12:00,24154.45,24161.45,24153.2,24160.0,0
2026-08-28 10:13:00,24161.2,24162.65,24158.2,24161.35,0
2026-08-28 10:14:00,24163.45,24168.5,24162.15,24167.2,0
2026-08-28 10:15:00,24168.25,24173.1,24166.95,24170.1,0
2026-08-28 10:16:00,24171.45,24179.85,24169.95,24177.7,0
2026-08-28 10:17:00,24177.65,24188.3,24176.6,24179.35,0
2026-08-28 10:18:00,24180.35,24180.35,24169.5,24172.7,0
2026-08-28 10:19:00,24174.0,24174.65,24165.0,24165.0,0
2026-08-28 10:20:00,24166.6,24168.9,24164.3,24167.9,0
2026-08-28 10:21:00,24168.95,24168.95,24161.5,24162.45,0
2026-08-28 10:22:00,24164.3,24169.05,24163.4,24166.05,0
2026-08-28 10:23:00,24166.95,24169.0,24164.7,24167.8,0
2026-08-28 10:24:00,24168.7,24170.55,24166.25,24170.2,0
2026-08-28 10:25:00,24171.1,24172.35,24163.05,24163.5,0
2026-08-28 10:26:00,24165.05,24166.25,24158.55,24165.0,0
2026-08-28 10:27:00,24166.6,24168.6,24162.25,24163.9,0
2026-08-28 10:28:00,24165.6,24167.55,24162.4,24166.6,0
2026-08-28 10:29:00,24168.85,24170.6,24166.5,24169.85,0
2026-08-28 10:30:00,24171.25,24171.25,24163.75,24163.75,0
2026-08-28 10:31:00,24165.8,24166.45,24160.4,24160.85,0
2026-08-28 10:32:00,24162.35,24167.0,24161.55,24165.45,0
2026-08-28 10:33:00,24166.6,24166.7,24160.75,24161.4,0
2026-08-28 10:34:00,24163.6,24164.1,24160.15,24160.8,0
2026-08-28 10:35:00,24162.2,24162.5,24157.35,24157.65,0
2026-08-28 10:36:00,24159.2,24162.85,24157.5,24160.85,0
2026-08-28 10:37:00,24161.9,24163.3,24158.55,24161.1,0
2026-08-28 10:38:00,24163.3,24164.1,24159.65,24160.95,0
2026-08-28 10:39:00,24162.25,24164.55,24160.3,24161.95,0
2026-08-28 10:40:00,24163.25,24167.7,24161.7,24162.7,0
2026-08-28 10:41:00,24164.8,24168.1,24162.9,24165.3,0
2026-08-28 10:42:00,24166.15,24167.1,24162.75,24163.7,0
2026-08-28 10:43:00,24164.65,24165.1,24157.0,24159.4,0
2026-08-28 10:44:00,24160.25,24162.75,24154.75,24156.15,0
2026-08-28 10:45:00,24157.05,24157.05,24152.85,24154.0,0
2026-08-28 10:46:00,24155.65,24155.65,24151.7,24152.2,0
2026-08-28 10:47:00,24153.25,24159.6,24152.35,24157.65,0
2026-08-28 10:48:00,24158.35,24160.75,24156.75,24157.3,0
2026-08-28 10:49:00,24158.25,24165.65,24156.85,24163.4,0
2026-08-28 10:50:00,24163.95,24168.9,24163.1,24167.1,0
2026-08-28 10:51:00,24168.15,24170.6,24164.95,24165.35,0
2026-08-28 10:52:00,24165.7,24166.1,24162.0,24162.9,0
2026-08-28 10:53:00,24163.4,24164.7,24159.6,24159.75,0
2026-08-28 10:54:00,24160.15,24162.2,24155.45,24155.6,0
2026-08-28 10:55:00,24157.0,24157.0,24149.75,24150.65,0
2026-08-28 10:56:00,24152.15,24157.35,24150.5,24156.75,0
2026-08-28 10:57:00,24157.6,24159.7,24155.1,24156.75,0
2026-08-28 10:58:00,24157.9,24161.95,24156.75,24159.95,0
2026-08-28 10:59:00,24160.75,24160.75,24154.5,24155.7,0
2026-08-28 11:00:00,24156.8,24157.4,24152.95,24154.5,0
2026-08-28 11:01:00,24155.05,24161.35,24152.65,24159.85,0
2026-08-28 11:02:00,24159.95,24163.0,24159.4,24161.1,0
2026-08-28 11:03:00,24161.0,24161.35,24158.15,24158.25,0
2026-08-28 11:04:00,24159.3,24162.25,24156.55,24160.25,0
2026-08-28 11:05:00,24162.05,24163.3,24157.3,24158.65,0
2026-08-28 11:06:00,24159.1,24159.65,24153.1,24155.35,0
2026-08-28 11:07:00,24156.2,24156.2,24149.0,24149.9,0
2026-08-28 11:08:00,24151.0,24153.2,24149.25,24151.25,0
2026-08-28 11:09:00,24152.1,24152.1,24141.55,24142.45,0
2026-08-28 11:10:00,24143.05,24148.05,24141.95,24144.9,0
2026-08-28 11:11:00,24146.6,24147.35,24143.4,24145.8,0
2026-08-28 11:12:00,24147.05,24156.9,24146.15,24155.0,0
2026-08-28 11:13:00,24156.75,24160.4,24155.95,24158.55,0
2026-08-28 11:14:00,24160.1,24166.05,24158.85,24160.95,0
2026-08-28 11:15:00,24162.7,24163.4,24160.0,24161.45,0
2026-08-28 11:16:00,24162.0,24162.0,24155.5,24160.0,0
2026-08-28 11:17:00,24160.45,24160.45,24153.05,24154.45,0
2026-08-28 11:18:00,24156.3,24156.3,24147.85,24148.9,0
2026-08-28 11:19:00,24149.65,24154.05,24149.15,24151.5,0
2026-08-28 11:20:00,24151.75,24152.3,24146.55,24146.85,0
2026-08-28 11:21:00,24147.3,24148.85,24143.6,24145.3,0
2026-08-28 11:22:00,24145.05,24145.6,24140.5,24144.8,0
2026-08-28 11:23:00,24144.65,24146.85,24140.35,24140.35,0
2026-08-28 11:24:00,24141.15,24141.8,24138.15,24140.5,0
2026-08-28 11:25:00,24139.9,24140.3,24136.25,24138.2,0
2026-08-28 11:26:00,24139.2,24139.45,24127.9,24128.55,0
2026-08-28 11:27:00,24129.05,24134.05,24127.3,24129.7,0
2026-08-28 11:28:00,24130.3,24130.3,24124.65,24126.4,0
2026-08-28 11:29:00,24125.55,24126.0,24117.0,24117.85,0
2026-08-28 11:30:00,24117.9,24122.85,24114.95,24119.65,0
2026-08-28 11:31:00,24120.55,24122.4,24116.25,24121.0,0
2026-08-28 11:32:00,24122.15,24123.2,24113.9,24119.05,0
2026-08-28 11:33:00,24119.55,24119.55,24105.6,24105.75,0
2026-08-28 11:34:00,24106.95,24108.55,24102.85,24107.75,0
2026-08-28 11:35:00,24108.45,24108.95,24093.85,24095.0,0
2026-08-28 11:36:00,24096.0,24096.0,24092.85,24094.8,0
2026-08-28 11:37:00,24095.85,24101.25,24093.95,24099.2,0
2026-08-28 11:38:00,24101.4,24105.25,24099.55,24103.55,0
2026-08-28 11:39:00,24104.45,24104.45,24101.0,24101.3,0
2026-08-28 11:40:00,24101.65,24104.8,24100.5,24102.9,0
2026-08-28 11:41:00,24103.75,24107.75,24102.45,24104.5,0
2026-08-28 11:42:00,24104.4,24104.4,24098.05,24099.55,0
2026-08-28 11:43:00,24099.8,24102.4,24098.05,24102.3,0
2026-08-28 11:44:00,24103.5,24106.35,24101.2,24105.7,0
2026-08-28 11:45:00,24106.35,24106.35,24098.1,24102.45,0
2026-08-28 11:46:00,24102.65,24103.5,24100.1,24101.25,0
2026-08-28 11:47:00,24101.35,24104.15,24100.65,24102.75,0
2026-08-28 11:48:00,24103.35,24105.1,24100.95,24103.5,0
2026-08-28 11:49:00,24103.8,24107.15,24100.55,24105.6,0
2026-08-28 11:50:00,24106.4,24108.75,24104.2,24107.95,0
2026-08-28 11:51:00,24109.5,24109.65,24103.45,24104.85,0
2026-08-28 11:52:00,24105.9,24106.5,24100.65,24102.7,0
2026-08-28 11:53:00,24103.55,24104.15,24098.55,24099.5,0
2026-08-28 11:54:00,24100.55,24102.25,24098.25,24098.25,0
2026-08-28 11:55:00,24099.95,24100.15,24094.6,24096.2,0
2026-08-28 11:56:00,24097.25,24097.65,24085.25,24086.8,0
2026-08-28 11:57:00,24087.4,24087.4,24076.85,24077.75,0
2026-08-28 11:58:00,24078.55,24086.2,24077.0,24085.0,0
2026-08-28 11:59:00,24086.0,24089.6,24081.2,24083.15,0
2026-08-28 12:00:00,24084.25,24086.35,24082.6,24083.4,0
2026-08-28 12:01:00,24084.1,24086.1,24081.85,24083.6,0
2026-08-28 12:02:00,24084.1,24085.2,24082.95,24083.45,0
2026-08-28 12:03:00,24084.1,24084.55,24080.0,24080.2,0
2026-08-28 12:04:00,24081.75,24091.8,24080.35,24088.05,0
2026-08-28 12:05:00,24089.95,24090.6,24085.65,24086.75,0
2026-08-28 12:06:00,24087.2,24089.5,24085.3,24089.45,0
2026-08-28 12:07:00,24088.9,24094.0,24088.9,24092.65,0
2026-08-28 12:08:00,24093.9,24098.7,24093.5,24094.7,0
2026-08-28 12:09:00,24094.85,24096.0,24086.3,24086.3,0
2026-08-28 12:10:00,24086.75,24087.35,24081.8,24082.8,0
2026-08-28 12:11:00,24083.2,24083.8,24077.0,24077.95,0
2026-08-28 12:12:00,24079.2,24081.75,24077.5,24080.1,0
2026-08-28 12:13:00,24080.65,24085.4,24079.9,24085.35,0
2026-08-28 12:14:00,24085.6,24088.8,24084.1,24086.9,0
2026-08-28 12:15:00,24087.6,24089.8,24085.3,24088.5,0
2026-08-28 12:16:00,24088.65,24090.0,24085.15,24086.05,0
2026-08-28 12:17:00,24086.85,24089.0,24084.75,24088.05,0
2026-08-28 12:18:00,24088.65,24089.7,24086.25,24089.15,0
2026-08-28 12:19:00,24088.1,24089.55,24086.55,24088.75,0
2026-08-28 12:20:00,24089.8,24095.45,24089.35,24093.25,0
2026-08-28 12:21:00,24094.0,24094.7,24089.95,24092.95,0
2026-08-28 12:22:00,24093.6,24094.05,24088.4,24089.75,0
2026-08-28 12:23:00,24090.3,24092.1,24085.3,24086.15,0
2026-08-28 12:24:00,24086.25,24089.05,24083.85,24085.95,0
2026-08-28 12:25:00,24087.25,24088.45,24084.1,24086.8,0
2026-08-28 12:26:00,24087.85,24090.85,24087.4,24090.85,0
2026-08-28 12:27:00,24089.85,24094.1,24089.8,24093.0,0
2026-08-28 12:28:00,24093.8,24093.8,24090.3,24091.55,0
2026-08-28 12:29:00,24093.5,24096.1,24091.45,24094.65,0
2026-08-28 12:30:00,24096.15,24098.0,24094.95,24096.1,0
2026-08-28 12:31:00,24096.5,24099.95,24093.45,24097.85,0
2026-08-28 12:32:00,24098.75,24101.25,24097.2,24099.45,0
2026-08-28 12:33:00,24100.65,24103.3,24098.35,24099.05,0
2026-08-28 12:34:00,24100.1,24103.35,24098.55,24101.4,0
2026-08-28 12:35:00,24102.2,24104.5,24099.35,24101.05,0
2026-08-28 12:36:00,24102.4,24103.9,24100.0,24103.25,0
2026-08-28 12:37:00,24104.4,24108.1,24099.65,24102.35,0
2026-08-28 12:38:00,24103.0,24106.05,24101.5,24102.6,0
2026-08-28 12:39:00,24105.0,24108.0,24103.25,24105.85,0
2026-08-28 12:40:00,24106.65,24107.3,24103.85,24105.05,0
2026-08-28 12:41:00,24106.85,24108.0,24104.65,24105.15,0
2026-08-28 12:42:00,24106.2,24107.2,24104.6,24106.05,0
2026-08-28 12:43:00,24106.8,24107.8,24105.15,24106.1,0
2026-08-28 12:44:00,24107.0,24107.55,24104.35,24105.6,0
2026-08-28 12:45:00,24105.8,24105.8,24101.95,24102.95,0
2026-08-28 12:46:00,24103.8,24106.8,24102.3,24106.15,0
2026-08-28 12:47:00,24106.6,24107.7,24103.65,24104.95,0
2026-08-28 12:48:00,24105.9,24108.9,24102.35,24106.75,0
2026-08-28 12:49:00,24107.2,24109.8,24105.75,24109.8,0
2026-08-28 12:50:00,24109.65,24109.65,24104.75,24105.7,0
2026-08-28 12:51:00,24107.85,24109.1,24106.0,24108.3,0
2026-08-28 12:52:00,24108.75,24109.5,24105.55,24107.7,0
2026-08-28 12:53:00,24108.4,24110.95,24106.3,24107.45,0
2026-08-28 12:54:00,24107.75,24108.5,24104.35,24105.3,0
2026-08-28 12:55:00,24106.7,24106.7,24100.25,24103.3,0
2026-08-28 12:56:00,24103.75,24105.3,24100.6,24103.15,0
2026-08-28 12:57:00,24103.85,24105.4,24099.5,24101.75,0
2026-08-28 12:58:00,24102.65,24104.15,24099.95,24100.0,0
2026-08-28 12:59:00,24101.15,24101.9,24096.45,24096.45,0
2026-08-28 13:00:00,24098.7,24099.35,24095.75,24097.3,0
2026-08-28 13:01:00,24098.4,24100.2,24094.6,24096.0,0
2026-08-28 13:02:00,24096.75,24097.8,24093.7,24096.25,0
2026-08-28 13:03:00,24096.85,24099.75,24093.1,24097.35,0
2026-08-28 13:04:00,24097.9,24098.05,24092.0,24093.2,0
2026-08-28 13:05:00,24094.45,24096.85,24090.3,24090.85,0
2026-08-28 13:06:00,24092.9,24095.05,24089.35,24093.3,0
2026-08-28 13:07:00,24094.85,24098.75,24093.5,24096.9,0
2026-08-28 13:08:00,24097.65,24102.95,24096.45,24098.35,0
2026-08-28 13:09:00,24099.15,24103.35,24097.7,24102.1,0
2026-08-28 13:10:00,24103.55,24105.2,24100.6,24103.4,0
2026-08-28 13:11:00,24104.05,24108.7,24101.9,24108.5,0
2026-08-28 13:12:00,24109.4,24110.0,24101.3,24104.1,0
2026-08-28 13:13:00,24104.85,24107.7,24102.0,24105.6,0
2026-08-28 13:14:00,24106.35,24106.65,24102.7,24103.55,0
2026-08-28 13:15:00,24105.35,24106.0,24100.3,24102.85,0
2026-08-28 13:16:00,24103.7,24106.5,24101.1,24101.1,0
2026-08-28 13:17:00,24102.65,24104.6,24101.1,24103.6,0
2026-08-28 13:18:00,24104.45,24109.8,24103.15,24106.25,0
2026-08-28 13:19:00,24107.5,24110.35,24107.2,24107.55,0
2026-08-28 13:20:00,24108.55,24109.85,24104.4,24107.6,0
2026-08-28 13:21:00,24109.25,24109.4,24106.35,24108.4,0
2026-08-28 13:22:00,24109.05,24113.25,24107.65,24111.5,0
2026-08-28 13:23:00,24112.05,24112.5,24106.85,24107.8,0
2026-08-28 13:24:00,24109.5,24110.85,24107.6,24108.6,0
2026-08-28 13:25:00,24110.7,24112.4,24107.6,24109.6,0
2026-08-28 13:26:00,24109.85,24113.2,24109.5,24112.55,0
2026-08-28 13:27:00,24113.55,24116.45,24102.3,24102.75,0
2026-08-28 13:28:00,24103.25,24104.35,24098.05,24099.55,0
2026-08-28 13:29:00,24100.95,24101.2,24095.5,24096.15,0
2026-08-28 13:30:00,24097.25,24099.6,24095.3,24098.35,0
2026-08-28 13:31:00,24099.45,24101.4,24098.4,24099.05,0
2026-08-28 13:32:00,24100.3,24103.9,24099.9,24102.9,0
2026-08-28 13:33:00,24103.75,24110.25,24103.0,24108.55,0
2026-08-28 13:34:00,24109.55,24112.95,24108.35,24109.85,0
2026-08-28 13:35:00,24111.15,24111.6,24107.55,24108.7,0
2026-08-28 13:36:00,24109.2,24109.4,24105.4,24109.05,0
2026-08-28 13:37:00,24109.6,24113.95,24108.7,24112.4,0
2026-08-28 13:38:00,24112.05,24113.4,24110.55,24112.15,0
2026-08-28 13:39:00,24112.8,24114.1,24110.1,24111.8,0
2026-08-28 13:40:00,24112.65,24117.75,24111.5,24116.05,0
2026-08-28 13:41:00,24117.3,24119.0,24111.3,24112.4,0
2026-08-28 13:42:00,24113.15,24113.15,24109.5,24112.2,0
2026-08-28 13:43:00,24112.7,24114.75,24111.15,24112.85,0
2026-08-28 13:44:00,24113.65,24114.05,24111.85,24113.1,0
2026-08-28 13:45:00,24114.25,24114.6,24111.05,24112.45,0
2026-08-28 13:46:00,24113.0,24113.35,24110.65,24111.25,0
2026-08-28 13:47:00,24112.15,24112.35,24108.5,24108.55,0
2026-08-28 13:48:00,24109.6,24109.6,24100.9,24103.3,0
2026-08-28 13:49:00,24103.95,24105.7,24101.3,24103.75,0
2026-08-28 13:50:00,24104.9,24105.6,24100.95,24105.2,0
2026-08-28 13:51:00,24105.55,24105.6,24097.45,24099.75,0
2026-08-28 13:52:00,24100.3,24105.45,24099.5,24104.3,0
2026-08-28 13:53:00,24105.1,24105.35,24102.1,24103.35,0
2026-08-28 13:54:00,24104.15,24104.4,24101.65,24103.35,0
2026-08-28 13:55:00,24104.15,24104.15,24097.9,24099.9,0
2026-08-28 13:56:00,24101.75,24103.15,24097.85,24102.6,0
2026-08-28 13:57:00,24103.05,24107.15,24101.15,24106.35,0
2026-08-28 13:58:00,24106.45,24111.25,24104.9,24110.35,0
2026-08-28 13:59:00,24111.4,24112.25,24109.2,24110.85,0
2026-08-28 14:00:00,24111.9,24112.1,24107.55,24109.65,0
2026-08-28 14:01:00,24109.8,24111.5,24106.45,24108.15,0
2026-08-28 14:02:00,24109.1,24111.7,24108.05,24110.5,0
2026-08-28 14:03:00,24111.7,24111.9,24105.95,24107.65,0
2026-08-28 14:04:00,24107.6,24109.25,24101.25,24102.9,0
2026-08-28 14:05:00,24103.75,24104.15,24100.5,24100.7,0
2026-08-28 14:06:00,24102.4,24102.55,24098.55,24100.5,0
2026-08-28 14:07:00,24100.25,24105.25,24099.3,24104.95,0
2026-08-28 14:08:00,24104.75,24106.45,24102.3,24102.95,0
2026-08-28 14:09:00,24103.8,24106.25,24101.65,24103.65,0
2026-08-28 14:10:00,24103.85,24108.9,24103.0,24108.9,0
2026-08-28 14:11:00,24108.55,24112.3,24107.55,24109.75,0
2026-08-28 14:12:00,24109.4,24112.65,24108.05,24109.0,0
2026-08-28 14:13:00,24109.55,24113.35,24107.3,24110.8,0
2026-08-28 14:14:00,24111.7,24112.2,24109.15,24110.8,0
2026-08-28 14:15:00,24111.9,24112.4,24107.15,24108.4,0
2026-08-28 14:16:00,24108.75,24115.6,24108.0,24114.0,0
2026-08-28 14:17:00,24114.8,24117.15,24113.75,24116.25,0
2026-08-28 14:18:00,24116.95,24119.15,24113.45,24115.4,0
2026-08-28 14:19:00,24115.65,24116.0,24108.8,24109.85,0
2026-08-28 14:20:00,24109.45,24112.9,24109.45,24110.45,0
2026-08-28 14:21:00,24111.6,24115.6,24110.3,24113.85,0
2026-08-28 14:22:00,24114.0,24114.6,24109.3,24112.0,0
2026-08-28 14:23:00,24113.55,24114.2,24109.85,24113.55,0
2026-08-28 14:24:00,24114.5,24115.95,24112.5,24115.9,0
2026-08-28 14:25:00,24115.6,24117.05,24113.2,24115.25,0
2026-08-28 14:26:00,24115.8,24116.75,24112.95,24114.45,0
2026-08-28 14:27:00,24115.4,24117.1,24114.1,24116.9,0
2026-08-28 14:28:00,24117.05,24119.65,24115.15,24117.2,0
2026-08-28 14:29:00,24118.35,24121.3,24117.1,24120.35,0
2026-08-28 14:30:00,24120.45,24123.7,24119.3,24121.75,0
2026-08-28 14:31:00,24122.6,24123.8,24116.65,24117.45,0
2026-08-28 14:32:00,24118.5,24118.5,24114.5,24116.4,0
2026-08-28 14:33:00,24116.75,24117.85,24113.1,24117.55,0
2026-08-28 14:34:00,24118.05,24122.9,24117.55,24120.2,0
2026-08-28 14:35:00,24120.8,24121.6,24115.75,24117.35,0
2026-08-28 14:36:00,24117.95,24121.75,24116.6,24119.35,0
2026-08-28 14:37:00,24119.5,24122.45,24117.75,24120.05,0
2026-08-28 14:38:00,24119.4,24122.25,24119.3,24120.45,0
2026-08-28 14:39:00,24121.35,24121.95,24117.8,24118.9,0
2026-08-28 14:40:00,24119.45,24119.9,24115.35,24117.3,0
2026-08-28 14:41:00,24117.95,24118.9,24114.75,24116.25,0
2026-08-28 14:42:00,24116.75,24117.25,24113.85,24117.25,0
2026-08-28 14:43:00,24117.1,24119.1,24115.9,24118.55,0
2026-08-28 14:44:00,24119.0,24121.3,24117.35,24118.1,0
2026-08-28 14:45:00,24119.0,24119.45,24116.35,24117.45,0
2026-08-28 14:46:00,24117.9,24117.9,24114.25,24115.15,0
2026-08-28 14:47:00,24115.5,24117.95,24113.5,24117.8,0
2026-08-28 14:48:00,24118.3,24123.35,24117.55,24122.35,0
2026-08-28 14:49:00,24123.3,24127.5,24122.2,24126.65,0
2026-08-28 14:50:00,24128.35,24136.65,24124.3,24134.7,0
2026-08-28 14:51:00,24136.2,24138.05,24130.1,24131.85,0
2026-08-28 14:52:00,24131.4,24137.6,24130.5,24136.15,0
2026-08-28 14:53:00,24136.8,24139.35,24134.95,24136.2,0
2026-08-28 14:54:00,24137.3,24140.15,24133.85,24138.35,0
2026-08-28 14:55:00,24139.35,24140.75,24134.95,24135.75,0
2026-08-28 14:56:00,24136.65,24136.65,24131.75,24132.25,0
2026-08-28 14:57:00,24133.6,24135.0,24130.45,24132.25,0
2026-08-28 14:58:00,24132.5,24133.3,24129.15,24129.2,0
2026-08-28 14:59:00,24130.45,24133.05,24128.7,24129.45,0
2026-08-28 15:00:00,24128.45,24129.0,24121.0,24122.0,0
2026-08-28 15:01:00,24120.9,24122.85,24116.05,24117.25,0
2026-08-28 15:02:00,24117.95,24118.35,24107.0,24108.7,0
2026-08-28 15:03:00,24107.55,24111.35,24105.05,24107.15,0
2026-08-28 15:04:00,24104.9,24111.85,24104.9,24108.9,0
2026-08-28 15:05:00,24108.95,24114.15,24108.25,24109.8,0
2026-08-28 15:06:00,24110.05,24113.15,24108.85,24110.8,0
2026-08-28 15:07:00,24110.35,24114.2,24109.8,24112.3,0
2026-08-28 15:08:00,24111.65,24119.75,24111.45,24119.6,0
2026-08-28 15:09:00,24117.95,24124.45,24116.45,24123.0,0
2026-08-28 15:10:00,24122.3,24129.85,24121.75,24128.05,0
2026-08-28 15:11:00,24127.45,24155.4,24124.55,24152.8,0
2026-08-28 15:12:00,24149.8,24159.1,24146.75,24152.55,0
2026-08-28 15:13:00,24150.9,24155.7,24147.4,24148.55,0
2026-08-28 15:14:00,24148.65,24150.75,24139.45,24142.95,0
2026-08-28 15:29:00,24175.65,24175.65,24175.65,24175.65,0
2026-08-31 09:15:00,24117.55,24128.7,24040.9,24042.3,0
2026-08-31 09:16:00,24046.75,24061.6,24038.4,24056.55,0
2026-08-31 09:17:00,24056.8,24068.25,24050.25,24064.7,0
2026-08-31 09:18:00,24068.45,24068.45,24048.75,24058.05,0
2026-08-31 09:19:00,24060.3,24068.75,24055.55,24065.05,0
2026-08-31 09:20:00,24067.2,24084.2,24057.6,24082.3,0
2026-08-31 09:21:00,24085.1,24085.1,24069.55,24072.85,0
2026-08-31 09:22:00,24075.4,24083.6,24071.1,24075.35,0
2026-08-31 09:23:00,24077.45,24077.65,24070.65,24071.9,0
2026-08-31 09:24:00,24073.6,24073.75,24062.9,24066.7,0
2026-08-31 09:25:00,24068.8,24070.8,24061.75,24064.4,0
2026-08-31 09:26:00,24066.25,24066.25,24047.3,24049.2,0
2026-08-31 09:27:00,24050.4,24055.2,24039.45,24040.5,0
2026-08-31 09:28:00,24041.9,24046.0,24039.9,24041.95,0
2026-08-31 09:29:00,24043.75,24045.65,24036.2,24043.05,0
2026-08-31 09:30:00,24045.5,24050.1,24043.3,24047.2,0
2026-08-31 09:31:00,24047.9,24047.9,24039.8,24043.1,0
2026-08-31 09:32:00,24045.95,24064.5,24043.65,24060.05,0
2026-08-31 09:33:00,24061.95,24064.9,24056.9,24064.05,0
2026-08-31 09:34:00,24066.6,24067.4,24057.1,24057.55,0
2026-08-31 09:35:00,24060.0,24060.0,24050.35,24052.0,0
2026-08-31 09:36:00,24052.7,24056.0,24048.85,24053.7,0
2026-08-31 09:37:00,24057.1,24059.45,24053.4,24059.4,0
2026-08-31 09:38:00,24060.6,24063.0,24048.4,24050.1,0
2026-08-31 09:39:00,24051.9,24051.9,24045.65,24046.9,0
2026-08-31 09:40:00,24049.45,24049.75,24041.25,24048.65,0
2026-08-31 09:41:00,24050.5,24050.5,24040.55,24042.35,0
2026-08-31 09:42:00,24045.5,24045.5,24031.55,24033.0,0
2026-08-31 09:43:00,24034.85,24035.05,24026.35,24028.6,0
2026-08-31 09:44:00,24030.4,24030.55,24024.25,24024.6,0
2026-08-31 09:45:00,24026.65,24026.85,24019.55,24026.55,0
2026-08-31 09:46:00,24028.3,24035.85,24026.9,24035.45,0
2026-08-31 09:47:00,24038.4,24038.4,24032.1,24036.0,0
2026-08-31 09:48:00,24037.3,24037.3,24024.0,24027.7,0
2026-08-31 09:49:00,24030.5,24030.5,24024.95,24026.2,0
2026-08-31 09:50:00,24026.95,24033.9,24024.8,24029.4,0
2026-08-31 09:51:00,24032.95,24036.15,24031.1,24033.5,0
2026-08-31 09:52:00,24035.7,24035.7,24023.0,24023.55,0
2026-08-31 09:53:00,24026.25,24030.05,24021.5,24026.4,0
2026-08-31 09:54:00,24027.9,24029.2,24021.95,24023.35,0
2026-08-31 09:55:00,24026.6,24026.6,24020.6,24020.85,0
2026-08-31 09:56:00,24023.9,24023.9,24013.15,24014.35,0
2026-08-31 09:57:00,24015.8,24019.25,24013.25,24018.2,0
2026-08-31 09:58:00,24020.05,24024.2,24018.5,24022.85,0
2026-08-31 09:59:00,24024.85,24026.25,24019.9,24025.5,0
2026-08-31 10:00:00,24027.65,24033.25,24026.55,24030.9,0
2026-08-31 10:01:00,24032.65,24032.9,24025.45,24027.35,0
2026-08-31 10:02:00,24029.1,24032.0,24026.65,24028.15,0
2026-08-31 10:03:00,24030.85,24030.85,24023.4,24028.0,0
2026-08-31 10:04:00,24029.15,24033.75,24027.25,24031.8,0
2026-08-31 10:05:00,24034.35,24040.3,24030.4,24040.3,0
2026-08-31 10:06:00,24041.3,24042.0,24035.35,24040.2,0
2026-08-31 10:07:00,24042.7,24043.35,24038.75,24040.85,0
2026-08-31 10:08:00,24041.4,24042.75,24037.8,24039.4,0
2026-08-31 10:09:00,24041.25,24041.25,24028.35,24029.75,0
2026-08-31 10:10:00,24032.15,24032.15,24016.3,24018.4,0
2026-08-31 10:11:00,24021.75,24021.75,24013.1,24014.95,0
2026-08-31 10:12:00,24018.1,24018.1,24009.8,24010.7,0
2026-08-31 10:13:00,24013.05,24021.95,24010.8,24019.9,0
2026-08-31 10:14:00,24021.9,24022.2,24016.05,24017.85,0
2026-08-31 10:15:00,24018.7,24018.75,24015.5,24016.85,0
2026-08-31 10:16:00,24019.4,24021.15,24014.3,24014.55,0
2026-08-31 10:17:00,24017.25,24018.8,24012.8,24016.75,0
2026-08-31 10:18:00,24017.9,24018.9,24013.3,24014.9,0
2026-08-31 10:19:00,24016.95,24016.95,24010.65,24012.15,0
2026-08-31 10:20:00,24013.8,24013.8,24007.1,24007.95,0
2026-08-31 10:21:00,24009.55,24011.1,24007.3,24009.85,0
2026-08-31 10:22:00,24011.3,24015.45,24009.2,24014.5,0
2026-08-31 10:23:00,24017.5,24017.5,24008.25,24008.95,0
2026-08-31 10:24:00,24011.15,24011.15,24004.7,24009.5,0
2026-08-31 10:25:00,24010.85,24011.0,24005.75,24010.7,0
2026-08-31 10:26:00,24013.15,24023.65,24009.5,24023.65,0
2026-08-31 10:27:00,24024.95,24027.75,24022.75,24027.5,0
2026-08-31 10:28:00,24029.1,24033.0,24027.35,24031.35,0
2026-08-31 10:29:00,24033.3,24033.3,24026.85,24028.85,0
2026-08-31 10:30:00,24029.65,24032.1,24026.95,24028.6,0
2026-08-31 10:31:00,24030.9,24030.9,24024.65,24026.1,0
2026-08-31 10:32:00,24027.45,24029.4,24020.85,24021.3,0
2026-08-31 10:33:00,24024.3,24024.3,24012.1,24013.05,0
2026-08-31 10:34:00,24015.1,24015.1,24008.05,24008.05,0
2026-08-31 10:35:00,24012.0,24012.0,24006.9,24009.0,0
2026-08-31 10:36:00,24010.95,24010.95,24006.0,24007.2,0
2026-08-31 10:37:00,24009.75,24009.75,24000.0,24002.95,0
2026-08-31 10:38:00,24004.8,24004.8,23997.95,23999.9,0
2026-08-31 10:39:00,24001.6,24007.85,23999.35,24002.1,0
2026-08-31 10:40:00,24004.55,24005.8,23997.45,24001.45,0
2026-08-31 10:41:00,24001.9,24003.4,23998.9,24002.6,0
2026-08-31 10:42:00,24004.45,24004.6,23999.95,24001.8,0
2026-08-31 10:43:00,24003.55,24011.0,24001.6,24009.7,0
2026-08-31 10:44:00,24013.15,24013.15,24007.75,24010.65,0
2026-08-31 10:45:00,24012.25,24015.25,24009.45,24011.1,0
2026-08-31 10:46:00,24014.6,24014.6,24007.4,24007.75,0
2026-08-31 10:47:00,24009.95,24012.5,24004.45,24006.2,0
2026-08-31 10:48:00,24008.05,24009.3,24005.3,24007.5,0
2026-08-31 10:49:00,24009.05,24009.9,24006.5,24007.05,0
2026-08-31 10:50:00,24009.6,24009.8,24002.55,24003.45,0
2026-08-31 10:51:00,24005.55,24005.55,23997.1,23998.75,0
2026-08-31 10:52:00,24000.75,24003.55,23997.65,24001.9,0
2026-08-31 10:53:00,24005.15,24006.7,24001.65,24006.4,0
2026-08-31 10:54:00,24008.35,24010.35,24002.5,24003.8,0
2026-08-31 10:55:00,24005.8,24005.8,24001.45,24005.6,0
2026-08-31 10:56:00,24006.3,24006.75,24001.3,24004.7,0
2026-08-31 10:57:00,24006.2,24012.25,24004.3,24007.25,0
2026-08-31 10:58:00,24009.35,24012.95,24007.2,24012.45,0
2026-08-31 10:59:00,24014.05,24015.8,24009.15,24010.3,0
2026-08-31 11:00:00,24012.65,24015.95,24008.45,24014.85,0
2026-08-31 11:01:00,24016.1,24017.2,24011.5,24013.45,0
2026-08-31 11:02:00,24015.7,24016.8,24010.8,24012.65,0
2026-08-31 11:03:00,24013.65,24013.65,24008.65,24009.8,0
2026-08-31 11:04:00,24011.75,24012.85,24008.6,24011.4,0
2026-08-31 11:05:00,24011.7,24014.1,24008.7,24009.0,0
2026-08-31 11:06:00,24010.2,24010.55,24002.4,24004.15,0
2026-08-31 11:07:00,24005.1,24005.45,23999.0,24002.0,0
2026-08-31 11:08:00,24003.3,24004.3,23998.15,23999.1,0
2026-08-31 11:09:00,24000.6,24000.6,23995.6,23997.45,0
2026-08-31 11:10:00,23999.2,23999.45,23996.2,23998.0,0
2026-08-31 11:11:00,23999.6,24001.7,23994.65,23994.9,0
2026-08-31 11:12:00,23997.45,23997.45,23993.6,23995.7,0
2026-08-31 11:13:00,23997.0,24000.0,23994.5,23995.6,0
2026-08-31 11:14:00,23998.7,24002.7,23995.75,24001.6,0
2026-08-31 11:15:00,24003.3,24006.35,24000.25,24002.6,0
2026-08-31 11:16:00,24004.95,24007.6,24002.15,24004.7,0
2026-08-31 11:17:00,24007.05,24007.05,24002.9,24006.45,0
2026-08-31 11:18:00,24008.05,24009.35,24003.8,24004.6,0
2026-08-31 11:19:00,24005.65,24007.4,24003.2,24004.15,0
2026-08-31 11:20:00,24006.1,24006.85,24001.75,24004.8,0
2026-08-31 11:21:00,24006.3,24006.3,24000.65,24003.95,0
2026-08-31 11:22:00,24005.45,24009.55,24002.85,24007.75,0
2026-08-31 11:23:00,24009.75,24009.9,24006.55,24007.35,0
2026-08-31 11:24:00,24008.55,24008.55,24002.8,24002.95,0
2026-08-31 11:25:00,24005.85,24005.85,24001.85,24003.95,0
2026-08-31 11:26:00,24005.8,24005.8,24001.95,24002.3,0
2026-08-31 11:27:00,24003.9,24005.95,24001.65,24005.55,0
2026-08-31 11:28:00,24006.75,24008.4,24003.45,24003.75,0
2026-08-31 11:29:00,24007.0,24010.85,24003.75,24009.75,0
2026-08-31 11:30:00,24011.25,24016.55,24009.4,24014.85,0
2026-08-31 11:31:00,24017.35,24018.15,24010.3,24010.4,0
2026-08-31 11:32:00,24012.6,24014.95,24009.6,24012.7,0
2026-08-31 11:33:00,24013.95,24013.95,24008.4,24010.4,0
2026-08-31 11:34:00,24012.5,24018.9,24009.7,24014.5,0
2026-08-31 11:35:00,24018.3,24021.8,24014.55,24019.75,0
2026-08-31 11:36:00,24021.95,24026.7,24018.75,24019.6,0
2026-08-31 11:37:00,24021.85,24022.65,24013.55,24015.55,0
2026-08-31 11:38:00,24018.0,24023.0,24014.3,24019.55,0
2026-08-31 11:39:00,24021.75,24021.75,24015.6,24017.85,0
2026-08-31 11:40:00,24022.1,24022.85,24017.4,24020.3,0
2026-08-31 11:41:00,24024.05,24025.8,24020.45,24022.9,0
2026-08-31 11:42:00,24024.6,24028.7,24022.65,24026.6,0
2026-08-31 11:43:00,24029.35,24031.35,24025.75,24026.0,0
2026-08-31 11:44:00,24028.9,24028.9,24022.75,24024.85,0
2026-08-31 11:45:00,24027.0,24030.25,24025.0,24026.6,0
2026-08-31 11:46:00,24030.0,24030.0,24024.95,24025.35,0
2026-08-31 11:47:00,24027.85,24027.85,24018.8,24020.65,0
2026-08-31 11:48:00,24022.7,24024.15,24018.8,24023.9,0
2026-08-31 11:49:00,24026.3,24036.3,24025.4,24032.15,0
2026-08-31 11:50:00,24033.9,24035.85,24030.6,24034.85,0
2026-08-31 11:51:00,24038.15,24041.55,24032.25,24034.9,0
2026-08-31 11:52:00,24037.15,24038.05,24033.25,24034.65,0
2026-08-31 11:53:00,24037.0,24043.9,24033.85,24042.3,0
2026-08-31 11:54:00,24045.1,24073.85,24041.5,24072.85,0
2026-08-31 11:55:00,24074.25,24076.05,24064.9,24074.85,0
2026-08-31 11:56:00,24076.45,24088.7,24069.95,24083.75,0
2026-08-31 11:57:00,24085.1,24085.15,24079.2,24082.95,0
2026-08-31 11:58:00,24084.4,24084.4,24067.65,24068.25,0
2026-08-31 11:59:00,24071.9,24071.9,24062.05,24063.9,0
2026-08-31 12:00:00,24067.0,24068.85,24062.8,24065.1,0
2026-08-31 12:01:00,24068.05,24068.05,24059.1,24059.85,0
2026-08-31 12:02:00,24062.8,24067.75,24059.45,24067.3,0
2026-08-31 12:03:00,24068.75,24070.8,24062.05,24067.55,0
2026-08-31 12:04:00,24070.55,24078.15,24066.75,24075.85,0
2026-08-31 12:05:00,24078.7,24078.7,24066.35,24068.15,0
2026-08-31 12:06:00,24070.7,24070.7,24064.75,24068.5,0
2026-08-31 12:07:00,24070.65,24071.8,24066.7,24067.7,0
2026-08-31 12:08:00,24069.65,24069.65,24063.5,24064.85,0
2026-08-31 12:09:00,24066.75,24066.75,24061.45,24064.25,0
2026-08-31 12:10:00,24066.95,24066.95,24060.05,24062.05,0
2026-08-31 12:11:00,24063.75,24065.1,24060.65,24061.9,0
2026-08-31 12:12:00,24063.35,24065.55,24059.45,24064.7,0
2026-08-31 12:13:00,24066.7,24067.05,24061.35,24061.85,0
2026-08-31 12:14:00,24064.0,24064.0,24053.5,24055.95,0
2026-08-31 12:15:00,24057.75,24057.75,24052.45,24054.7,0
2026-08-31 12:16:00,24057.7,24065.15,24055.75,24063.15,0
2026-08-31 12:17:00,24066.2,24066.2,24062.15,24064.75,0
2026-08-31 12:18:00,24065.65,24068.1,24063.35,24065.95,0
2026-08-31 12:19:00,24070.1,24070.8,24065.95,24070.2,0
2026-08-31 12:20:00,24071.9,24073.4,24068.6,24070.0,0
2026-08-31 12:21:00,24071.7,24074.05,24067.65,24072.55,0
2026-08-31 12:22:00,24075.65,24080.2,24072.45,24075.9,0
2026-08-31 12:23:00,24077.3,24077.3,24067.2,24067.65,0
2026-08-31 12:24:00,24070.8,24070.8,24064.3,24065.3,0
2026-08-31 12:25:00,24067.7,24068.55,24064.1,24066.15,0
2026-08-31 12:26:00,24068.7,24069.6,24063.25,24064.65,0
2026-08-31 12:27:00,24065.8,24066.15,24061.6,24064.2,0
2026-08-31 12:28:00,24066.45,24066.75,24063.2,24064.15,0
2026-08-31 12:29:00,24065.7,24070.1,24063.45,24064.2,0
2026-08-31 12:30:00,24066.25,24066.25,24054.05,24060.45,0
2026-08-31 12:31:00,24062.6,24065.35,24060.55,24061.05,0
2026-08-31 12:32:00,24064.25,24066.6,24061.05,24065.55,0
2026-08-31 12:33:00,24067.4,24067.55,24062.3,24063.75,0
2026-08-31 12:34:00,24065.4,24066.1,24056.25,24057.0,0
2026-08-31 12:35:00,24061.0,24064.25,24057.35,24064.0,0
2026-08-31 12:36:00,24065.85,24065.95,24062.75,24065.1,0
2026-08-31 12:37:00,24066.7,24067.8,24062.85,24066.7,0
2026-08-31 12:38:00,24068.6,24072.2,24066.35,24070.45,0
2026-08-31 12:39:00,24072.25,24072.25,24067.6,24071.4,0
2026-08-31 12:40:00,24073.0,24075.8,24070.8,24072.85,0
2026-08-31 12:41:00,24076.0,24079.35,24071.55,24077.95,0
2026-08-31 12:42:00,24079.2,24079.2,24071.05,24072.2,0
2026-08-31 12:43:00,24074.1,24074.1,24068.15,24070.15,0
2026-08-31 12:44:00,24071.9,24075.4,24070.6,24073.95,0
2026-08-31 12:45:00,24076.5,24076.5,24068.3,24068.9,0
2026-08-31 12:46:00,24071.7,24071.7,24063.5,24064.15,0
2026-08-31 12:47:00,24065.65,24068.65,24062.15,24065.75,0
2026-08-31 12:48:00,24068.05,24068.05,24063.8,24065.35,0
2026-08-31 12:49:00,24067.45,24069.8,24064.75,24067.8,0
2026-08-31 12:50:00,24070.6,24072.85,24066.4,24071.45,0
2026-08-31 12:51:00,24073.45,24074.65,24069.55,24071.3,0
2026-08-31 12:52:00,24074.1,24074.15,24070.15,24071.95,0
2026-08-31 12:53:00,24074.45,24074.9,24070.55,24070.95,0
2026-08-31 12:54:00,24073.4,24078.45,24070.85,24077.6,0
2026-08-31 12:55:00,24079.05,24079.05,24069.15,24071.2,0
2026-08-31 12:56:00,24072.75,24075.7,24070.65,24073.6,0
2026-08-31 12:57:00,24075.05,24075.05,24064.4,24067.25,0
2026-08-31 12:58:00,24069.1,24069.35,24064.15,24067.6,0
2026-08-31 12:59:00,24069.5,24069.8,24062.15,24062.15,0
2026-08-31 13:00:00,24064.85,24067.4,24059.3,24061.95,0
2026-08-31 13:01:00,24063.8,24069.35,24057.4,24068.8,0
2026-08-31 13:02:00,24067.85,24069.9,24063.75,24064.95,0
2026-08-31 13:03:00,24067.15,24072.35,24063.55,24067.0,0
2026-08-31 13:04:00,24070.15,24071.3,24066.85,24068.6,0
2026-08-31 13:05:00,24071.45,24071.45,24066.25,24069.5,0
2026-08-31 13:06:00,24070.75,24070.75,24064.8,24065.95,0
2026-08-31 13:07:00,24067.75,24068.0,24063.1,24065.0,0
2026-08-31 13:08:00,24068.0,24068.0,24061.75,24063.75,0
2026-08-31 13:09:00,24066.2,24066.2,24058.0,24060.85,0
2026-08-31 13:10:00,24062.65,24065.1,24057.55,24062.3,0
2026-08-31 13:11:00,24063.9,24069.25,24060.4,24062.8,0
2026-08-31 13:12:00,24065.55,24067.0,24062.55,24066.5,0
2026-08-31 13:13:00,24067.35,24072.3,24063.85,24069.85,0
2026-08-31 13:14:00,24074.1,24076.8,24069.45,24074.15,0
2026-08-31 13:15:00,24076.0,24076.0,24070.05,24070.45,0
2026-08-31 13:16:00,24072.2,24072.4,24068.35,24069.15,0
2026-08-31 13:17:00,24070.75,24071.15,24066.35,24067.0,0
2026-08-31 13:18:00,24069.6,24070.2,24064.75,24068.7,0
2026-08-31 13:19:00,24071.4,24071.4,24065.3,24066.0,0
2026-08-31 13:20:00,24067.75,24068.45,24064.55,24065.25,0
2026-08-31 13:21:00,24067.55,24068.3,24065.3,24067.45,0
2026-08-31 13:22:00,24068.6,24070.0,24063.0,24063.5,0
2026-08-31 13:23:00,24065.2,24070.15,24063.9,24066.05,0
2026-08-31 13:24:00,24067.8,24068.5,24064.55,24065.0,0
2026-08-31 13:25:00,24067.8,24069.7,24065.25,24068.15,0
2026-08-31 13:26:00,24069.75,24070.0,24065.95,24067.85,0
2026-08-31 13:27:00,24069.75,24076.15,24065.65,24071.05,0
2026-08-31 13:28:00,24071.85,24072.05,24064.0,24065.05,0
2026-08-31 13:29:00,24066.75,24067.3,24063.1,24067.05,0
2026-08-31 13:30:00,24069.1,24069.1,24064.7,24066.35,0
2026-08-31 13:31:00,24068.85,24070.35,24062.85,24067.2,0
2026-08-31 13:32:00,24068.5,24073.1,24065.25,24071.2,0
2026-08-31 13:33:00,24073.65,24073.65,24068.1,24070.6,0
2026-08-31 13:34:00,24073.7,24073.7,24068.65,24069.85,0
2026-08-31 13:35:00,24071.2,24072.2,24066.95,24067.85,0
2026-08-31 13:36:00,24069.65,24069.65,24062.85,24063.7,0
2026-08-31 13:37:00,24067.55,24067.55,24058.85,24064.0,0
2026-08-31 13:38:00,24065.45,24069.75,24062.3,24065.6,0
2026-08-31 13:39:00,24067.8,24067.8,24059.5,24061.8,0
2026-08-31 13:40:00,24063.65,24067.0,24059.8,24063.35,0
2026-08-31 13:41:00,24065.5,24065.5,24058.0,24060.6,0
2026-08-31 13:42:00,24063.85,24063.85,24058.55,24059.8,0
2026-08-31 13:43:00,24061.9,24062.0,24053.65,24055.35,0
2026-08-31 13:44:00,24056.8,24061.15,24054.25,24055.05,0
2026-08-31 13:45:00,24058.15,24061.35,24054.6,24057.9,0
2026-08-31 13:46:00,24059.65,24060.6,24055.35,24055.5,0
2026-08-31 13:47:00,24058.25,24060.55,24054.9,24056.8,0
2026-08-31 13:48:00,24058.75,24064.05,24056.85,24061.8,0
2026-08-31 13:49:00,24064.35,24066.75,24061.85,24064.65,0
2026-08-31 13:50:00,24065.7,24066.65,24062.0,24063.4,0
2026-08-31 13:51:00,24066.75,24067.15,24061.5,24062.05,0
2026-08-31 13:52:00,24064.0,24065.55,24061.05,24061.35,0
2026-08-31 13:53:00,24063.05,24065.0,24056.65,24057.55,0
2026-08-31 13:54:00,24060.15,24062.65,24056.5,24058.25,0
2026-08-31 13:55:00,24060.1,24060.1,24052.65,24053.15,0
2026-08-31 13:56:00,24055.55,24055.55,24050.0,24054.45,0
2026-08-31 13:57:00,24056.1,24056.1,24050.25,24051.9,0
2026-08-31 13:58:00,24053.55,24054.35,24050.35,24051.7,0
2026-08-31 13:59:00,24053.95,24053.95,24043.2,24047.05,0
2026-08-31 14:00:00,24049.05,24049.05,24039.5,24046.9,0
2026-08-31 14:01:00,24049.1,24050.7,24041.1,24044.7,0
2026-08-31 14:02:00,24047.75,24047.75,24042.25,24042.75,0
2026-08-31 14:03:00,24045.65,24047.2,24036.8,24037.35,0
2026-08-31 14:04:00,24039.75,24039.75,24031.9,24033.55,0
2026-08-31 14:05:00,24036.45,24036.7,24025.0,24025.0,0
2026-08-31 14:06:00,24027.85,24034.5,24024.8,24033.15,0
2026-08-31 14:07:00,24036.35,24043.3,24030.4,24039.75,0
2026-08-31 14:08:00,24043.3,24043.3,24034.45,24037.1,0
2026-08-31 14:09:00,24038.75,24039.0,24029.95,24031.7,0
2026-08-31 14:10:00,24034.9,24039.1,24031.6,24036.4,0
2026-08-31 14:11:00,24037.55,24037.55,24029.1,24030.55,0
2026-08-31 14:12:00,24033.85,24033.85,24029.95,24031.25,0
2026-08-31 14:13:00,24033.6,24034.7,24030.7,24031.95,0
2026-08-31 14:14:00,24033.0,24034.6,24029.25,24031.55,0
2026-08-31 14:15:00,24033.5,24034.1,24029.5,24032.55,0
2026-08-31 14:16:00,24034.65,24036.0,24027.0,24034.95,0
2026-08-31 14:17:00,24038.0,24040.25,24033.6,24033.6,0
2026-08-31 14:18:00,24036.35,24037.75,24032.6,24034.05,0
2026-08-31 14:19:00,24036.9,24037.6,24030.35,24034.55,0
2026-08-31 14:20:00,24036.05,24036.05,24026.8,24027.75,0
2026-08-31 14:21:00,24029.25,24032.1,24026.15,24029.85,0
2026-08-31 14:22:00,24030.9,24032.15,24024.45,24025.05,0
2026-08-31 14:23:00,24027.65,24027.65,24020.9,24023.45,0
2026-08-31 14:24:00,24026.1,24029.85,24022.2,24024.75,0
2026-08-31 14:25:00,24027.95,24032.9,24023.35,24024.55,0
2026-08-31 14:26:00,24027.9,24030.9,24025.5,24027.6,0
2026-08-31 14:27:00,24030.05,24030.05,24023.9,24025.35,0
2026-08-31 14:28:00,24027.5,24029.2,24020.6,24024.25,0
2026-08-31 14:29:00,24025.75,24028.85,24021.05,24022.2,0
2026-08-31 14:30:00,24023.85,24028.55,24020.5,24026.15,0
2026-08-31 14:31:00,24027.75,24032.05,24025.55,24030.65,0
2026-08-31 14:32:00,24032.9,24035.35,24031.05,24031.75,0
2026-08-31 14:33:00,24033.2,24034.9,24030.05,24030.25,0
2026-08-31 14:34:00,24032.15,24033.95,24026.65,24033.75,0
2026-08-31 14:35:00,24035.3,24037.8,24031.9,24034.25,0
2026-08-31 14:36:00,24036.55,24037.15,24030.85,24031.75,0
2026-08-31 14:37:00,24034.05,24036.95,24031.25,24035.8,0
2026-08-31 14:38:00,24037.7,24038.05,24033.5,24036.5,0
2026-08-31 14:39:00,24037.85,24046.6,24036.85,24044.65,0
2026-08-31 14:40:00,24045.0,24054.05,24045.0,24053.65,0
2026-08-31 14:41:00,24054.1,24055.1,24050.9,24052.05,0
2026-08-31 14:42:00,24053.2,24063.6,24051.4,24059.35,0
2026-08-31 14:43:00,24060.9,24061.45,24055.75,24056.45,0
2026-08-31 14:44:00,24057.65,24061.05,24052.55,24054.1,0
2026-08-31 14:45:00,24056.15,24074.1,24055.4,24073.15,0
2026-08-31 14:46:00,24075.95,24114.0,24072.45,24110.9,0
2026-08-31 14:47:00,24112.5,24112.5,24084.4,24087.9,0
2026-08-31 14:48:00,24088.45,24088.45,24073.05,24081.95,0
2026-08-31 14:49:00,24082.75,24082.75,24074.5,24077.1,0
2026-08-31 14:50:00,24077.25,24085.35,24075.6,24080.7,0
2026-08-31 14:51:00,24080.25,24084.85,24079.3,24082.05,0
2026-08-31 14:52:00,24083.15,24092.0,24081.95,24087.45,0
2026-08-31 14:53:00,24086.65,24094.0,24084.7,24091.1,0
2026-08-31 14:54:00,24092.25,24096.55,24088.65,24094.45,0
2026-08-31 14:55:00,24095.05,24096.15,24089.75,24093.6,0
2026-08-31 14:56:00,24093.1,24093.1,24081.15,24084.45,0
2026-08-31 14:57:00,24083.8,24085.95,24077.85,24079.45,0
2026-08-31 14:58:00,24081.6,24081.6,24072.4,24074.25,0
2026-08-31 14:59:00,24074.2,24078.0,24069.7,24075.2,0
2026-08-31 15:00:00,24074.95,24074.95,24057.2,24067.45,0
2026-08-31 15:01:00,24066.25,24073.5,24065.05,24070.15,0
2026-08-31 15:02:00,24070.2,24073.45,24066.1,24069.35,0
2026-08-31 15:03:00,24070.15,24071.05,24058.6,24060.85,0
2026-08-31 15:04:00,24060.8,24061.45,24054.25,24057.6,0
2026-08-31 15:05:00,24056.7,24058.6,24046.25,24052.9,0
2026-08-31 15:06:00,24050.75,24060.85,24050.15,24060.2,0
2026-08-31 15:07:00,24059.2,24063.65,24057.45,24059.4,0
2026-08-31 15:08:00,24060.7,24067.65,24057.55,24064.95,0
2026-08-31 15:09:00,24066.0,24070.5,24061.85,24068.1,0
2026-08-31 15:10:00,24068.3,24069.8,24058.0,24059.65,0
2026-08-31 15:11:00,24059.05,24067.35,24056.7,24060.25,0
2026-08-31 15:12:00,24059.65,24064.2,24053.55,24057.6,0
2026-08-31 15:13:00,24057.3,24061.1,24053.2,24057.3,0
2026-08-31 15:14:00,24056.9,24069.25,24044.65,24051.95,0
2026-08-31 15:29:00,24080.4,24080.4,24080.4,24080.4,0
2026-09-01 09:15:00,24077.55,24082.6,24033.7,24036.5,0
2026-09-01 09:16:00,24039.4,24045.35,24031.1,24033.7,0
2026-09-01 09:17:00,24034.8,24039.65,24027.8,24037.9,0
2026-09-01 09:18:00,24038.4,24042.2,24033.6,24036.55,0
2026-09-01 09:19:00,24038.95,24045.8,24032.25,24041.15,0
2026-09-01 09:20:00,24042.55,24047.45,24037.35,24041.5,0
2026-09-01 09:21:00,24042.3,24050.9,24040.0,24047.7,0
2026-09-01 09:22:00,24048.9,24051.05,24037.2,24041.6,0
2026-09-01 09:23:00,24042.2,24043.75,24037.4,24039.8,0
2026-09-01 09:24:00,24040.55,24041.8,24031.7,24039.1,0
2026-09-01 09:25:00,24039.4,24045.6,24032.95,24042.1,0
2026-09-01 09:26:00,24043.9,24058.3,24043.9,24055.8,0
2026-09-01 09:27:00,24056.7,24057.2,24050.5,24050.7,0
2026-09-01 09:28:00,24053.05,24059.8,24049.25,24058.65,0
2026-09-01 09:29:00,24059.7,24065.6,24057.5,24063.95,0
2026-09-01 09:30:00,24064.75,24067.75,24061.7,24063.5,0
2026-09-01 09:31:00,24065.05,24067.15,24058.7,24062.7,0
2026-09-01 09:32:00,24062.9,24072.75,24060.55,24066.25,0
2026-09-01 09:33:00,24067.1,24076.65,24065.6,24071.2,0
2026-09-01 09:34:00,24071.1,24072.55,24062.85,24066.2,0
2026-09-01 09:35:00,24066.35,24067.75,24061.2,24063.3,0
2026-09-01 09:36:00,24064.2,24064.2,24051.7,24051.7,0
2026-09-01 09:37:00,24053.85,24053.85,24045.15,24047.9,0
2026-09-01 09:38:00,24049.5,24055.0,24046.6,24050.85,0
2026-09-01 09:39:00,24052.3,24052.3,24039.95,24040.85,0
2026-09-01 09:40:00,24041.25,24044.6,24037.1,24039.25,0
2026-09-01 09:41:00,24041.0,24046.45,24039.35,24044.85,0
2026-09-01 09:42:00,24046.1,24047.75,24039.35,24041.25,0
2026-09-01 09:43:00,24042.95,24042.95,24031.15,24032.75,0
2026-09-01 09:44:00,24034.95,24034.95,24025.2,24028.35,0
2026-09-01 09:45:00,24030.15,24030.15,24024.8,24026.6,0
2026-09-01 09:46:00,24027.55,24027.95,24019.55,24021.15,0
2026-09-01 09:47:00,24021.85,24022.35,24013.1,24014.85,0
2026-09-01 09:48:00,24017.05,24017.55,24009.5,24014.8,0
2026-09-01 09:49:00,24016.05,24022.75,24014.2,24021.2,0
2026-09-01 09:50:00,24021.35,24026.4,24014.35,24026.4,0
2026-09-01 09:51:00,24026.95,24027.1,24018.65,24021.2,0
2026-09-01 09:52:00,24022.55,24029.1,24020.25,24026.85,0
2026-09-01 09:53:00,24027.55,24031.35,24026.35,24028.3,0
2026-09-01 09:54:00,24028.15,24028.85,24018.6,24022.05,0
2026-09-01 09:55:00,24023.0,24027.7,24021.55,24026.2,0
2026-09-01 09:56:00,24026.45,24027.7,24016.2,24018.05,0
2026-09-01 09:57:00,24019.95,24021.15,24016.45,24020.1,0
2026-09-01 09:58:00,24022.05,24023.5,24015.35,24016.1,0
2026-09-01 09:59:00,24016.9,24019.2,24014.7,24018.25,0
2026-09-01 10:00:00,24019.0,24023.1,24017.9,24018.85,0
2026-09-01 10:01:00,24019.6,24020.45,24015.05,24018.1,0
2026-09-01 10:02:00,24021.25,24021.5,24017.4,24020.65,0
2026-09-01 10:03:00,24021.95,24028.2,24020.7,24028.2,0
2026-09-01 10:04:00,24029.4,24036.1,24026.75,24032.95,0
2026-09-01 10:05:00,24033.95,24036.5,24032.45,24032.65,0
2026-09-01 10:06:00,24035.0,24035.0,24023.3,24024.85,0
2026-09-01 10:07:00,24027.3,24034.85,24023.65,24031.55,0
2026-09-01 10:08:00,24033.8,24034.15,24026.45,24027.75,0
2026-09-01 10:09:00,24029.9,24035.75,24029.3,24033.0,0
2026-09-01 10:10:00,24034.0,24037.1,24031.05,24033.8,0
2026-09-01 10:11:00,24036.35,24040.95,24033.55,24036.05,0
2026-09-01 10:12:00,24037.0,24038.75,24033.1,24037.6,0
2026-09-01 10:13:00,24038.7,24038.7,24031.95,24035.4,0
2026-09-01 10:14:00,24035.6,24040.85,24033.8,24036.25,0
2026-09-01 10:15:00,24037.55,24050.85,24035.3,24049.45,0
2026-09-01 10:16:00,24050.25,24052.85,24046.7,24047.2,0
2026-09-01 10:17:00,24049.25,24053.25,24044.95,24052.55,0
2026-09-01 10:18:00,24053.75,24056.75,24051.55,24054.45,0
2026-09-01 10:19:00,24055.95,24056.95,24048.35,24050.2,0
2026-09-01 10:20:00,24052.3,24052.3,24045.2,24047.3,0
2026-09-01 10:21:00,24050.2,24052.7,24047.6,24051.8,0
2026-09-01 10:22:00,24053.6,24058.0,24051.3,24057.15,0
2026-09-01 10:23:00,24059.1,24060.95,24056.95,24058.8,0
2026-09-01 10:24:00,24060.35,24064.05,24053.9,24062.5,0
2026-09-01 10:25:00,24062.95,24063.45,24055.1,24057.4,0
2026-09-01 10:26:00,24058.3,24061.5,24056.45,24057.1,0
2026-09-01 10:27:00,24059.05,24065.65,24055.45,24056.95,0
2026-09-01 10:28:00,24059.25,24064.65,24056.1,24064.3,0
2026-09-01 10:29:00,24064.75,24066.25,24060.05,24061.05,0
2026-09-01 10:30:00,24062.8,24072.0,24060.2,24067.35,0
2026-09-01 10:31:00,24069.6,24073.2,24064.3,24067.45,0
2026-09-01 10:32:00,24069.45,24071.6,24067.55,24068.1,0
2026-09-01 10:33:00,24070.0,24071.25,24065.1,24066.6,0
2026-09-01 10:34:00,24066.85,24068.8,24063.7,24064.75,0
2026-09-01 10:35:00,24067.3,24067.3,24061.75,24062.75,0
2026-09-01 10:36:00,24063.6,24066.85,24058.8,24066.2,0
2026-09-01 10:37:00,24068.35,24073.05,24066.7,24069.05,0
2026-09-01 10:38:00,24069.75,24071.05,24064.65,24068.3,0
2026-09-01 10:39:00,24069.3,24071.85,24067.05,24068.55,0
2026-09-01 10:40:00,24069.1,24070.95,24064.85,24065.45,0
2026-09-01 10:41:00,24066.1,24066.25,24058.6,24061.15,0
2026-09-01 10:42:00,24062.5,24065.1,24059.25,24063.6,0
2026-09-01 10:43:00,24066.05,24069.45,24063.85,24066.95,0
2026-09-01 10:44:00,24068.35,24069.2,24064.3,24064.95,0
2026-09-01 10:45:00,24066.0,24066.45,24062.1,24064.0,0
2026-09-01 10:46:00,24065.2,24067.4,24062.6,24064.7,0
2026-09-01 10:47:00,24066.95,24067.75,24063.75,24066.0,0
2026-09-01 10:48:00,24067.9,24071.45,24065.05,24068.85,0
2026-09-01 10:49:00,24070.85,24070.85,24066.55,24069.7,0
2026-09-01 10:50:00,24069.6,24075.1,24066.2,24075.1,0
2026-09-01 10:51:00,24076.6,24077.8,24070.6,24071.3,0
2026-09-01 10:52:00,24073.35,24084.5,24071.9,24080.95,0
2026-09-01 10:53:00,24082.15,24089.95,24079.5,24088.45,0
2026-09-01 10:54:00,24090.5,24092.65,24085.45,24087.2,0
2026-09-01 10:55:00,24088.65,24090.7,24082.65,24090.05,0
2026-09-01 10:56:00,24091.4,24091.4,24077.15,24077.35,0
2026-09-01 10:57:00,24079.15,24088.85,24074.45,24085.95,0
2026-09-01 10:58:00,24087.9,24088.55,24079.35,24080.75,0
2026-09-01 10:59:00,24083.1,24084.6,24080.8,24082.0,0
2026-09-01 11:00:00,24083.65,24088.2,24081.75,24082.95,0
2026-09-01 11:01:00,24084.9,24084.9,24077.95,24078.75,0
2026-09-01 11:02:00,24080.15,24080.65,24075.45,24077.7,0
2026-09-01 11:03:00,24079.35,24079.35,24072.4,24076.15,0
2026-09-01 11:04:00,24077.05,24081.15,24073.65,24077.4,0
2026-09-01 11:05:00,24078.75,24078.85,24072.95,24076.9,0
2026-09-01 11:06:00,24077.65,24081.0,24075.7,24076.7,0
2026-09-01 11:07:00,24078.55,24084.35,24075.1,24082.85,0
2026-09-01 11:08:00,24085.25,24094.55,24083.2,24094.55,0
2026-09-01 11:09:00,24095.55,24096.3,24091.9,24092.85,0
2026-09-01 11:10:00,24094.75,24099.4,24091.0,24096.25,0
2026-09-01 11:11:00,24097.35,24107.6,24095.45,24101.3,0
2026-09-01 11:12:00,24101.75,24111.15,24096.7,24110.9,0
2026-09-01 11:13:00,24111.2,24111.75,24105.7,24106.2,0
2026-09-01 11:14:00,24107.35,24107.35,24103.1,24107.05,0
2026-09-01 11:15:00,24108.75,24116.05,24107.0,24114.45,0
2026-09-01 11:16:00,24115.45,24118.85,24112.7,24116.75,0
2026-09-01 11:17:00,24118.3,24118.95,24114.85,24114.85,0
2026-09-01 11:18:00,24117.1,24119.9,24113.75,24115.6,0
2026-09-01 11:19:00,24118.25,24122.7,24114.65,24121.65,0
2026-09-01 11:20:00,24123.95,24127.45,24120.6,24124.35,0
2026-09-01 11:21:00,24125.15,24125.45,24120.0,24121.9,0
2026-09-01 11:22:00,24123.5,24125.15,24120.7,24122.25,0
2026-09-01 11:23:00,24124.45,24125.05,24117.55,24119.55,0
2026-09-01 11:24:00,24121.05,24123.75,24118.15,24120.35,0
2026-09-01 11:25:00,24121.7,24121.7,24117.3,24119.75,0
2026-09-01 11:26:00,24120.7,24122.75,24116.5,24122.05,0
2026-09-01 11:27:00,24123.2,24124.8,24119.9,24124.2,0
2026-09-01 11:28:00,24126.15,24128.5,24123.45,24127.25,0
2026-09-01 11:29:00,24128.25,24130.4,24124.75,24126.3,0
2026-09-01 11:30:00,24127.9,24143.15,24125.8,24140.65,0
2026-09-01 11:31:00,24142.3,24142.85,24129.6,24132.1,0
2026-09-01 11:32:00,24134.9,24134.9,24127.3,24130.75,0
2026-09-01 11:33:00,24131.05,24135.05,24128.8,24131.55,0
2026-09-01 11:34:00,24133.6,24134.15,24123.55,24124.55,0
2026-09-01 11:35:00,24126.65,24127.45,24116.3,24117.75,0
2026-09-01 11:36:00,24118.3,24120.9,24115.1,24117.25,0
2026-09-01 11:37:00,24118.45,24120.65,24115.1,24119.2,0
2026-09-01 11:38:00,24120.75,24121.1,24111.55,24114.55,0
2026-09-01 11:39:00,24116.25,24116.85,24110.7,24112.6,0
2026-09-01 11:40:00,24113.4,24113.4,24104.25,24104.85,0
2026-09-01 11:41:00,24106.6,24117.55,24104.0,24117.55,0
2026-09-01 11:42:00,24117.8,24121.95,24112.95,24114.05,0
2026-09-01 11:43:00,24117.25,24117.25,24110.9,24111.8,0
2026-09-01 11:44:00,24113.9,24121.8,24111.9,24119.0,0
2026-09-01 11:45:00,24120.0,24125.4,24116.95,24117.7,0
2026-09-01 11:46:00,24120.3,24120.3,24114.65,24116.0,0
2026-09-01 11:47:00,24118.05,24118.55,24112.7,24115.9,0
2026-09-01 11:48:00,24117.8,24117.8,24110.9,24111.9,0
2026-09-01 11:49:00,24114.1,24114.1,24109.45,24110.6,0
2026-09-01 11:50:00,24111.55,24113.95,24108.2,24112.7,0
2026-09-01 11:51:00,24114.45,24115.85,24111.75,24114.75,0
2026-09-01 11:52:00,24116.0,24119.5,24112.95,24116.0,0
2026-09-01 11:53:00,24117.95,24118.85,24111.8,24113.3,0
2026-09-01 11:54:00,24115.25,24117.85,24112.95,24117.65,0
2026-09-01 11:55:00,24119.65,24122.75,24116.45,24121.85,0
2026-09-01 11:56:00,24123.0,24123.0,24116.5,24122.65,0
2026-09-01 11:57:00,24124.0,24125.4,24118.9,24119.95,0
2026-09-01 11:58:00,24122.2,24122.2,24116.15,24119.55,0
2026-09-01 11:59:00,24121.1,24121.25,24114.9,24116.7,0
2026-09-01 12:00:00,24118.65,24120.3,24112.1,24113.3,0
2026-09-01 12:01:00,24115.3,24116.0,24110.6,24113.0,0
2026-09-01 12:02:00,24114.7,24117.1,24113.25,24115.65,0
2026-09-01 12:03:00,24116.9,24121.0,24115.1,24119.45,0
2026-09-01 12:04:00,24121.3,24123.1,24117.85,24121.3,0
2026-09-01 12:05:00,24124.2,24126.45,24121.95,24125.8,0
2026-09-01 12:06:00,24127.35,24128.45,24122.75,24126.15,0
2026-09-01 12:07:00,24127.7,24127.8,24123.4,24124.65,0
2026-09-01 12:08:00,24126.3,24127.05,24122.9,24126.3,0
2026-09-01 12:09:00,24127.6,24128.65,24125.1,24127.9,0
2026-09-01 12:10:00,24129.1,24130.9,24126.8,24129.95,0
2026-09-01 12:11:00,24131.25,24131.55,24128.5,24130.4,0
2026-09-01 12:12:00,24132.2,24132.2,24127.45,24130.05,0
2026-09-01 12:13:00,24131.1,24131.1,24120.8,24122.05,0
2026-09-01 12:14:00,24123.55,24123.55,24114.5,24117.75,0
2026-09-01 12:15:00,24118.5,24120.75,24114.15,24114.45,0
2026-09-01 12:16:00,24116.0,24116.55,24108.05,24110.0,0
2026-09-01 12:17:00,24112.05,24112.05,24104.95,24106.55,0
2026-09-01 12:18:00,24108.5,24111.85,24104.85,24110.25,0
2026-09-01 12:19:00,24112.25,24113.15,24107.1,24110.1,0
2026-09-01 12:20:00,24111.65,24111.95,24105.7,24111.4,0
2026-09-01 12:21:00,24113.15,24113.15,24106.1,24108.65,0
2026-09-01 12:22:00,24109.75,24113.7,24105.75,24108.0,0
2026-09-01 12:23:00,24109.5,24110.1,24103.2,24105.85,0
2026-09-01 12:24:00,24107.35,24107.35,24097.0,24097.65,0
2026-09-01 12:25:00,24098.75,24106.2,24094.65,24105.5,0
2026-09-01 12:26:00,24107.7,24109.4,24105.0,24106.6,0
2026-09-01 12:27:00,24107.45,24109.95,24105.3,24107.15,0
2026-09-01 12:28:00,24108.85,24111.45,24105.7,24107.2,0
2026-09-01 12:29:00,24109.85,24112.75,24106.0,24109.65,0
2026-09-01 12:30:00,24110.9,24111.4,24106.9,24111.4,0
2026-09-01 12:31:00,24112.55,24115.25,24110.75,24114.05,0
2026-09-01 12:32:00,24115.65,24115.7,24109.85,24110.7,0
2026-09-01 12:33:00,24111.75,24112.4,24102.75,24105.3,0
2026-09-01 12:34:00,24106.15,24108.8,24104.7,24108.4,0
2026-09-01 12:35:00,24109.85,24112.05,24107.1,24109.8,0
2026-09-01 12:36:00,24111.6,24113.05,24105.05,24106.9,0
2026-09-01 12:37:00,24107.2,24109.55,24105.85,24107.75,0
2026-09-01 12:38:00,24108.85,24110.05,24106.4,24106.9,0
2026-09-01 12:39:00,24107.85,24112.3,24106.6,24111.05,0
2026-09-01 12:40:00,24111.8,24115.05,24109.95,24111.8,0
2026-09-01 12:41:00,24111.95,24114.9,24108.7,24111.15,0
2026-09-01 12:42:00,24112.15,24117.35,24111.55,24113.75,0
2026-09-01 12:43:00,24116.0,24117.35,24110.6,24113.4,0
2026-09-01 12:44:00,24115.25,24115.8,24111.75,24115.15,0
2026-09-01 12:45:00,24116.5,24118.7,24111.2,24112.5,0
2026-09-01 12:46:00,24114.4,24114.6,24108.05,24110.15,0
2026-09-01 12:47:00,24111.1,24112.0,24108.6,24110.85,0
2026-09-01 12:48:00,24112.2,24113.55,24108.85,24110.0,0
2026-09-01 12:49:00,24110.15,24112.85,24106.55,24107.45,0
2026-09-01 12:50:00,24109.3,24109.8,24104.95,24105.75,0
2026-09-01 12:51:00,24107.15,24107.25,24097.1,24099.75,0
2026-09-01 12:52:00,24101.65,24103.95,24098.0,24101.85,0
2026-09-01 12:53:00,24103.4,24103.4,24097.35,24098.25,0
2026-09-01 12:54:00,24100.2,24100.95,24092.3,24093.5,0
2026-09-01 12:55:00,24095.1,24095.1,24090.65,24091.85,0
2026-09-01 12:56:00,24093.35,24094.05,24087.55,24088.8,0
2026-09-01 12:57:00,24089.6,24093.45,24087.45,24092.25,0
2026-09-01 12:58:00,24094.0,24096.8,24091.95,24094.05,0
2026-09-01 12:59:00,24095.8,24097.35,24091.35,24092.25,0
2026-09-01 13:00:00,24094.05,24094.1,24087.75,24089.8,0
2026-09-01 13:01:00,24091.05,24093.7,24082.2,24084.7,0
2026-09-01 13:02:00,24086.4,24088.65,24084.2,24086.7,0
2026-09-01 13:03:00,24088.0,24088.55,24083.15,24083.15,0
2026-09-01 13:04:00,24084.8,24086.4,24081.7,24084.15,0
2026-09-01 13:05:00,24085.05,24085.2,24075.0,24079.2,0
2026-09-01 13:06:00,24080.3,24081.9,24073.5,24074.25,0
2026-09-01 13:07:00,24074.7,24075.6,24070.7,24074.8,0
2026-09-01 13:08:00,24075.65,24078.35,24072.15,24073.55,0
2026-09-01 13:09:00,24074.7,24077.15,24073.25,24074.95,0
2026-09-01 13:10:00,24075.8,24075.8,24069.5,24070.15,0
2026-09-01 13:11:00,24070.65,24070.65,24058.6,24061.2,0
2026-09-01 13:12:00,24062.05,24062.2,24053.95,24057.8,0
2026-09-01 13:13:00,24059.55,24059.7,24053.85,24056.0,0
2026-09-01 13:14:00,24056.85,24057.25,24049.8,24050.2,0
2026-09-01 13:15:00,24050.75,24050.75,24043.85,24043.85,0
2026-09-01 13:16:00,24045.15,24048.3,24041.9,24043.65,0
2026-09-01 13:17:00,24045.15,24047.55,24042.4,24042.55,0
2026-09-01 13:18:00,24044.0,24048.0,24041.8,24046.1,0
2026-09-01 13:19:00,24047.7,24051.0,24045.2,24049.05,0
2026-09-01 13:20:00,24050.35,24050.55,24046.65,24050.45,0
2026-09-01 13:21:00,24051.1,24057.15,24050.0,24055.95,0
2026-09-01 13:22:00,24057.0,24058.55,24055.4,24058.0,0
2026-09-01 13:23:00,24059.25,24059.25,24053.65,24054.2,0
2026-09-01 13:24:00,24055.15,24058.1,24052.4,24056.9,0
2026-09-01 13:25:00,24058.25,24059.0,24054.8,24058.7,0
2026-09-01 13:26:00,24059.65,24060.25,24055.45,24057.6,0
2026-09-01 13:27:00,24057.75,24058.7,24051.15,24052.75,0
2026-09-01 13:28:00,24053.8,24054.1,24045.6,24047.4,0
2026-09-01 13:29:00,24049.45,24051.8,24046.95,24049.8,0
2026-09-01 13:30:00,24051.45,24054.6,24049.9,24053.5,0
2026-09-01 13:31:00,24055.0,24061.85,24054.5,24059.4,0
2026-09-01 13:32:00,24061.0,24062.45,24059.0,24059.4,0
2026-09-01 13:33:00,24060.6,24061.8,24057.35,24060.65,0
2026-09-01 13:34:00,24060.45,24061.4,24057.45,24059.95,0
2026-09-01 13:35:00,24060.6,24065.65,24058.65,24061.7,0
2026-09-01 13:36:00,24062.8,24062.8,24053.1,24054.05,0
2026-09-01 13:37:00,24054.95,24054.95,24043.1,24045.65,0
2026-09-01 13:38:00,24047.1,24048.3,24039.9,24041.4,0
2026-09-01 13:39:00,24043.25,24043.3,24033.3,24036.9,0
2026-09-01 13:40:00,24038.0,24038.15,24025.95,24027.3,0
2026-09-01 13:41:00,24028.75,24029.65,24021.85,24022.85,0
2026-09-01 13:42:00,24023.95,24025.85,24021.2,24025.0,0
2026-09-01 13:43:00,24025.75,24032.4,24023.65,24030.3,0
2026-09-01 13:44:00,24032.05,24037.0,24029.25,24034.2,0
2026-09-01 13:45:00,24034.9,24034.95,24024.75,24030.65,0
2026-09-01 13:46:00,24032.55,24033.2,24025.4,24026.2,0
2026-09-01 13:47:00,24027.25,24027.7,24017.2,24019.6,0
2026-09-01 13:48:00,24021.3,24022.0,24018.0,24021.65,0
2026-09-01 13:49:00,24022.1,24022.55,24018.45,24019.25,0
2026-09-01 13:50:00,24019.65,24019.65,23999.75,24000.45,0
2026-09-01 13:51:00,24001.85,24002.0,23987.85,23990.1,0
2026-09-01 13:52:00,23991.65,23997.1,23989.35,23992.25,0
2026-09-01 13:53:00,23993.7,23996.0,23989.1,23991.7,0
2026-09-01 13:54:00,23993.35,23996.3,23988.9,23993.8,0
2026-09-01 13:55:00,23995.0,23995.0,23989.35,23989.95,0
2026-09-01 13:56:00,23991.0,23998.85,23988.05,23998.85,0
2026-09-01 13:57:00,23999.85,24006.35,23997.4,24006.05,0
2026-09-01 13:58:00,24007.7,24010.95,24005.1,24005.65,0
2026-09-01 13:59:00,24006.9,24007.85,23999.1,24000.15,0
2026-09-01 14:00:00,24001.8,24001.8,23991.9,23993.2,0
2026-09-01 14:01:00,23995.35,23997.0,23989.75,23991.45,0
2026-09-01 14:02:00,23992.6,23993.0,23981.95,23981.95,0
2026-09-01 14:03:00,23983.95,23984.1,23977.2,23978.45,0
2026-09-01 14:04:00,23980.0,23983.2,23976.9,23978.55,0
2026-09-01 14:05:00,23980.45,23983.95,23972.7,23982.55,0
2026-09-01 14:06:00,23983.95,23983.95,23976.75,23978.15,0
2026-09-01 14:07:00,23979.7,23979.9,23973.4,23974.35,0
2026-09-01 14:08:00,23975.95,23975.95,23962.7,23964.05,0
2026-09-01 14:09:00,23965.05,23965.05,23953.55,23956.35,0
2026-09-01 14:10:00,23957.85,23961.95,23956.25,23961.65,0
2026-09-01 14:11:00,23962.9,23972.95,23962.2,23970.2,0
2026-09-01 14:12:00,23971.7,23971.7,23960.3,23960.95,0
2026-09-01 14:13:00,23962.6,23964.0,23960.05,23961.1,0
2026-09-01 14:14:00,23962.3,23966.6,23960.05,23965.05,0
2026-09-01 14:15:00,23967.25,23968.7,23964.15,23965.8,0
2026-09-01 14:16:00,23967.55,23968.0,23962.6,23963.95,0
2026-09-01 14:17:00,23965.45,23965.45,23959.7,23962.45,0
2026-09-01 14:18:00,23964.4,23964.4,23958.0,23960.1,0
2026-09-01 14:19:00,23961.4,23966.2,23960.1,23965.65,0
2026-09-01 14:20:00,23967.15,23967.35,23962.6,23964.05,0
2026-09-01 14:21:00,23966.15,23966.15,23958.55,23959.5,0
2026-09-01 14:22:00,23961.1,23962.75,23954.4,23955.35,0
2026-09-01 14:23:00,23956.3,23958.8,23953.5,23954.65,0
2026-09-01 14:24:00,23956.0,23959.05,23954.55,23958.05,0
2026-09-01 14:25:00,23959.65,23964.6,23957.4,23961.85,0
2026-09-01 14:26:00,23963.35,23963.35,23958.8,23958.85,0
2026-09-01 14:27:00,23961.3,23961.3,23954.9,23955.5,0
2026-09-01 14:28:00,23957.25,23957.95,23952.55,23957.0,0
2026-09-01 14:29:00,23959.4,23982.25,23958.4,23981.6,0
2026-09-01 14:30:00,23982.45,23983.75,23969.1,23970.4,0
2026-09-01 14:31:00,23972.0,23982.75,23968.45,23981.3,0
2026-09-01 14:32:00,23983.25,23988.6,23979.35,23979.4,0
2026-09-01 14:33:00,23981.05,23981.7,23972.3,23973.3,0
2026-09-01 14:34:00,23975.35,23985.5,23972.8,23984.45,0
2026-09-01 14:35:00,23985.6,23989.7,23978.35,23979.55,0
2026-09-01 14:36:00,23980.65,23980.65,23974.55,23974.8,0
2026-09-01 14:37:00,23975.95,23975.95,23967.85,23967.95,0
2026-09-01 14:38:00,23969.6,23973.2,23967.8,23971.45,0
2026-09-01 14:39:00,23973.1,23973.2,23965.5,23966.0,0
2026-09-01 14:40:00,23967.5,23967.5,23958.4,23960.35,0
2026-09-01 14:41:00,23960.75,23963.6,23959.9,23963.15,0
2026-09-01 14:42:00,23964.45,23972.45,23963.05,23969.35,0
2026-09-01 14:43:00,23970.55,23970.55,23963.5,23964.4,0
2026-09-01 14:44:00,23965.5,23965.5,23961.85,23961.95,0
2026-09-01 14:45:00,23963.7,23978.05,23960.6,23972.55,0
2026-09-01 14:46:00,23973.6,23973.85,23968.45,23970.85,0
2026-09-01 14:47:00,23972.0,23972.4,23965.0,23968.55,0
2026-09-01 14:48:00,23969.4,23970.75,23964.25,23964.25,0
2026-09-01 14:49:00,23965.05,23971.3,23961.5,23969.65,0
2026-09-01 14:50:00,23970.4,23980.85,23970.0,23978.25,0
2026-09-01 14:51:00,23980.1,23984.95,23978.05,23983.6,0
2026-09-01 14:52:00,23984.9,23985.5,23976.1,23979.6,0
2026-09-01 14:53:00,23980.9,23981.8,23976.45,23977.6,0
2026-09-01 14:54:00,23977.75,23981.55,23975.9,23980.75,0
2026-09-01 14:55:00,23980.85,23989.85,23980.85,23987.0,0
2026-09-01 14:56:00,23988.25,23993.35,23984.65,23984.85,0
2026-09-01 14:57:00,23985.9,23986.0,23979.2,23980.6,0
2026-09-01 14:58:00,23981.1,23987.3,23978.85,23983.35,0
2026-09-01 14:59:00,23984.5,23984.8,23980.1,23980.5,0
2026-09-01 15:00:00,23980.8,23982.05,23974.35,23976.9,0
2026-09-01 15:01:00,23977.9,23986.05,23975.2,23983.15,0
2026-09-01 15:02:00,23983.5,23983.5,23974.25,23974.95,0
2026-09-01 15:03:00,23976.05,23976.75,23968.3,23969.5,0
2026-09-01 15:04:00,23970.65,23976.9,23969.55,23975.9,0
2026-09-01 15:05:00,23975.85,23983.1,23971.75,23983.1,0
2026-09-01 15:06:00,23983.4,23985.35,23979.65,23982.55,0
2026-09-01 15:07:00,23983.0,23983.05,23972.1,23973.6,0
2026-09-01 15:08:00,23974.6,23976.5,23972.4,23974.05,0
2026-09-01 15:09:00,23974.5,23975.9,23969.2,23969.65,0
2026-09-01 15:10:00,23970.7,23977.4,23969.2,23975.95,0
2026-09-01 15:11:00,23976.3,23976.7,23968.5,23973.5,0
2026-09-01 15:12:00,23974.45,23979.45,23959.15,23967.4,0
2026-09-01 15:13:00,23970.45,23977.45,23968.65,23973.45,0
2026-09-01 15:14:00,23971.55,23990.25,23971.1,23984.45,0
2026-09-01 15:29:00,24055.8,24055.8,24055.8,24055.8,0
2026-09-02 09:15:00,23858.0,23882.95,23807.55,23825.2,0
2026-09-02 09:16:00,23824.95,23830.7,23815.85,23818.45,0
2026-09-02 09:17:00,23819.05,23825.95,23816.1,23819.8,0
2026-09-02 09:18:00,23821.7,23836.95,23820.05,23832.65,0
2026-09-02 09:19:00,23834.7,23834.9,23820.7,23824.7,0
2026-09-02 09:20:00,23824.35,23827.9,23817.75,23827.85,0
2026-09-02 09:21:00,23828.6,23828.6,23809.35,23816.85,0
2026-09-02 09:22:00,23816.45,23819.95,23803.3,23804.25,0
2026-09-02 09:23:00,23805.45,23811.95,23793.3,23796.7,0
2026-09-02 09:24:00,23796.05,23804.0,23786.8,23803.4,0
2026-09-02 09:25:00,23804.6,23817.5,23803.6,23813.3,0
2026-09-02 09:26:00,23814.1,23829.05,23813.45,23826.5,0
2026-09-02 09:27:00,23827.05,23833.95,23825.3,23827.55,0
2026-09-02 09:28:00,23828.25,23828.25,23816.7,23821.2,0
2026-09-02 09:29:00,23820.1,23824.0,23818.45,23821.7,0
2026-09-02 09:30:00,23822.55,23831.8,23818.15,23818.8,0
2026-09-02 09:31:00,23819.35,23823.05,23813.4,23818.75,0
2026-09-02 09:32:00,23819.3,23824.95,23817.3,23821.3,0
2026-09-02 09:33:00,23821.4,23833.75,23821.4,23832.95,0
2026-09-02 09:34:00,23831.85,23843.25,23831.25,23843.25,0
2026-09-02 09:35:00,23843.2,23849.95,23834.1,23842.2,0
2026-09-02 09:36:00,23843.0,23843.75,23832.8,23836.7,0
2026-09-02 09:37:00,23838.15,23846.75,23835.8,23840.3,0
2026-09-02 09:38:00,23840.45,23843.1,23835.1,23837.05,0
2026-09-02 09:39:00,23837.85,23839.25,23827.4,23827.85,0
2026-09-02 09:40:00,23828.25,23835.45,23827.35,23834.75,0
2026-09-02 09:41:00,23834.4,23842.15,23833.85,23840.0,0
2026-09-02 09:42:00,23840.8,23846.2,23838.85,23843.4,0
2026-09-02 09:43:00,23843.25,23848.25,23841.8,23845.0,0
2026-09-02 09:44:00,23845.65,23847.0,23840.25,23841.6,0
2026-09-02 09:45:00,23842.0,23842.45,23834.55,23835.15,0
2026-09-02 09:46:00,23835.45,23836.55,23828.8,23830.05,0
2026-09-02 09:47:00,23830.15,23830.5,23821.55,23825.55,0
2026-09-02 09:48:00,23825.8,23831.05,23823.6,23830.7,0
2026-09-02 09:49:00,23831.05,23838.55,23830.3,23835.35,0
2026-09-02 09:50:00,23835.25,23847.25,23830.8,23845.45,0
2026-09-02 09:51:00,23845.55,23845.8,23834.95,23835.25,0
2026-09-02 09:52:00,23835.8,23839.85,23831.55,23831.55,0
2026-09-02 09:53:00,23832.55,23835.25,23829.6,23833.35,0
2026-09-02 09:54:00,23834.0,23835.0,23828.4,23830.7,0
2026-09-02 09:55:00,23831.35,23835.45,23828.75,23834.15,0
2026-09-02 09:56:00,23835.2,23845.45,23833.95,23841.6,0
2026-09-02 09:57:00,23841.95,23846.7,23838.55,23840.1,0
2026-09-02 09:58:00,23841.75,23854.0,23841.75,23851.45,0
2026-09-02 09:59:00,23852.1,23855.9,23848.95,23851.0,0
2026-09-02 10:00:00,23851.2,23852.75,23845.5,23847.3,0
2026-09-02 10:01:00,23848.0,23852.45,23847.0,23849.95,0
2026-09-02 10:02:00,23850.05,23856.8,23848.85,23853.0,0
2026-09-02 10:03:00,23852.85,23857.6,23850.9,23853.55,0
2026-09-02 10:04:00,23854.3,23856.0,23849.75,23853.25,0
2026-09-02 10:05:00,23853.55,23858.3,23852.75,23855.6,0
2026-09-02 10:06:00,23854.75,23859.45,23854.55,23857.2,0
2026-09-02 10:07:00,23857.75,23862.2,23856.5,23860.4,0
2026-09-02 10:08:00,23861.45,23861.45,23847.9,23848.95,0
2026-09-02 10:09:00,23848.75,23849.2,23845.75,23848.1,0
2026-09-02 10:10:00,23848.25,23850.35,23845.4,23848.85,0
2026-09-02 10:11:00,23848.9,23852.55,23839.9,23840.1,0
2026-09-02 10:12:00,23840.4,23848.5,23840.4,23847.85,0
2026-09-02 10:13:00,23848.05,23857.7,23846.05,23854.95,0
2026-09-02 10:14:00,23855.15,23855.5,23847.45,23848.3,0
2026-09-02 10:15:00,23848.05,23850.05,23844.75,23849.1,0
2026-09-02 10:16:00,23849.3,23853.65,23848.15,23850.4,0
2026-09-02 10:17:00,23850.35,23852.9,23848.35,23851.05,0
2026-09-02 10:18:00,23850.85,23853.55,23847.2,23853.15,0
2026-09-02 10:19:00,23852.75,23859.05,23852.3,23855.4,0
2026-09-02 10:20:00,23856.15,23866.35,23855.95,23864.05,0
2026-09-02 10:21:00,23864.5,23874.5,23859.0,23873.85,0
2026-09-02 10:22:00,23874.65,23881.0,23873.8,23875.9,0
2026-09-02 10:23:00,23875.15,23877.85,23870.35,23872.3,0
2026-09-02 10:24:00,23871.15,23877.75,23870.2,23876.1,0
2026-09-02 10:25:00,23876.55,23876.75,23871.95,23873.55,0
2026-09-02 10:26:00,23874.85,23876.6,23872.15,23875.95,0
2026-09-02 10:27:00,23875.5,23879.2,23875.5,23877.05,0
2026-09-02 10:28:00,23877.55,23881.05,23875.4,23875.4,0
2026-09-02 10:29:00,23875.5,23883.6,23875.25,23882.75,0
2026-09-02 10:30:00,23882.6,23887.0,23881.45,23884.75,0
2026-09-02 10:31:00,23885.65,23896.05,23884.35,23887.05,0
2026-09-02 10:32:00,23888.35,23889.8,23884.0,23886.3,0
2026-09-02 10:33:00,23886.95,23888.6,23881.25,23884.95,0
2026-09-02 10:34:00,23884.55,23886.25,23880.0,23881.1,0
2026-09-02 10:35:00,23880.8,23882.4,23875.65,23877.15,0
2026-09-02 10:36:00,23877.0,23878.4,23873.65,23874.7,0
2026-09-02 10:37:00,23874.75,23878.5,23873.8,23876.4,0
2026-09-02 10:38:00,23876.1,23876.3,23870.6,23872.0,0
2026-09-02 10:39:00,23871.65,23871.8,23861.9,23864.5,0
2026-09-02 10:40:00,23864.4,23870.3,23861.65,23868.75,0
2026-09-02 10:41:00,23867.35,23868.85,23863.65,23865.2,0
2026-09-02 10:42:00,23864.4,23868.8,23862.25,23866.1,0
2026-09-02 10:43:00,23866.65,23867.25,23861.6,23862.8,0
2026-09-02 10:44:00,23862.9,23863.6,23860.05,23860.65,0
2026-09-02 10:45:00,23861.25,23863.3,23859.55,23861.3,0
2026-09-02 10:46:00,23861.55,23863.65,23857.25,23858.95,0
2026-09-02 10:47:00,23859.2,23860.65,23856.5,23860.15,0
2026-09-02 10:48:00,23859.8,23865.1,23859.25,23863.95,0
2026-09-02 10:49:00,23864.0,23866.55,23861.9,23862.9,0
2026-09-02 10:50:00,23862.8,23869.4,23861.85,23869.4,0
2026-09-02 10:51:00,23868.35,23871.55,23863.6,23863.7,0
2026-09-02 10:52:00,23864.65,23865.55,23850.15,23850.15,0
2026-09-02 10:53:00,23850.45,23851.8,23843.55,23843.55,0
2026-09-02 10:54:00,23844.65,23855.05,23840.6,23854.55,0
2026-09-02 10:55:00,23855.9,23859.2,23855.1,23857.4,0
2026-09-02 10:56:00,23857.05,23864.85,23856.05,23863.1,0
2026-09-02 10:57:00,23863.45,23865.8,23860.4,23861.3,0
2026-09-02 10:58:00,23860.8,23861.8,23857.9,23859.6,0
2026-09-02 10:59:00,23859.3,23862.3,23858.6,23859.95,0
2026-09-02 11:00:00,23859.8,23862.05,23859.15,23860.4,0
2026-09-02 11:01:00,23860.6,23861.4,23851.95,23853.2,0
2026-09-02 11:02:00,23852.7,23852.8,23845.6,23845.6,0
2026-09-02 11:03:00,23845.8,23846.4,23841.35,23843.1,0
2026-09-02 11:04:00,23843.2,23843.6,23835.9,23836.6,0
2026-09-02 11:05:00,23837.35,23838.25,23832.65,23835.5,0
2026-09-02 11:06:00,23836.15,23836.5,23830.95,23833.1,0
2026-09-02 11:07:00,23832.35,23841.9,23832.35,23839.45,0
2026-09-02 11:08:00,23839.9,23839.9,23835.3,23836.0,0
2026-09-02 11:09:00,23836.05,23836.45,23830.4,23830.65,0
2026-09-02 11:10:00,23829.9,23833.05,23829.9,23832.25,0
2026-09-02 11:11:00,23832.55,23834.45,23830.2,23831.55,0
2026-09-02 11:12:00,23832.45,23833.8,23829.55,23831.6,0
2026-09-02 11:13:00,23831.85,23832.7,23826.15,23830.25,0
2026-09-02 11:14:00,23830.6,23833.15,23828.35,23832.35,0
2026-09-02 11:15:00,23832.1,23834.1,23829.8,23831.25,0
2026-09-02 11:16:00,23831.75,23831.8,23827.3,23828.55,0
2026-09-02 11:17:00,23829.2,23830.7,23826.05,23829.2,0
2026-09-02 11:18:00,23829.6,23839.45,23828.4,23838.1,0
2026-09-02 11:19:00,23838.95,23840.9,23833.7,23834.95,0
2026-09-02 11:20:00,23835.35,23838.55,23832.8,23833.85,0
2026-09-02 11:21:00,23834.05,23835.35,23831.65,23833.35,0
2026-09-02 11:22:00,23833.95,23833.95,23824.85,23827.7,0
2026-09-02 11:23:00,23826.5,23830.6,23825.75,23828.3,0
2026-09-02 11:24:00,23827.9,23829.15,23823.65,23824.95,0
2026-09-02 11:25:00,23824.85,23825.35,23821.65,23824.6,0
2026-09-02 11:26:00,23824.95,23827.45,23822.0,23822.5,0
2026-09-02 11:27:00,23822.75,23824.75,23821.15,23822.15,0
2026-09-02 11:28:00,23822.5,23825.65,23821.05,23823.65,0
2026-09-02 11:29:00,23823.75,23825.35,23818.5,23819.6,0
2026-09-02 11:30:00,23819.0,23821.9,23818.55,23820.05,0
2026-09-02 11:31:00,23820.2,23820.95,23818.0,23818.55,0
2026-09-02 11:32:00,23819.65,23820.05,23816.2,23816.6,0
2026-09-02 11:33:00,23817.1,23817.25,23809.75,23811.7,0
2026-09-02 11:34:00,23811.1,23815.55,23809.85,23813.95,0
2026-09-02 11:35:00,23813.7,23816.7,23812.0,23813.0,0
2026-09-02 11:36:00,23813.5,23814.05,23810.0,23811.55,0
2026-09-02 11:37:00,23811.7,23814.4,23809.9,23810.1,0
2026-09-02 11:38:00,23810.0,23814.05,23807.1,23812.3,0
2026-09-02 11:39:00,23812.55,23818.1,23812.35,23817.7,0
2026-09-02 11:40:00,23817.95,23819.8,23813.2,23813.55,0
2026-09-02 11:41:00,23814.2,23815.45,23810.35,23810.45,0
2026-09-02 11:42:00,23811.7,23813.65,23808.7,23811.6,0
2026-09-02 11:43:00,23812.35,23818.6,23811.0,23814.3,0
2026-09-02 11:44:00,23815.1,23816.05,23810.7,23810.7,0
2026-09-02 11:45:00,23811.95,23813.3,23809.25,23809.95,0
2026-09-02 11:46:00,23810.5,23811.6,23807.0,23809.4,0
2026-09-02 11:47:00,23809.15,23811.95,23806.05,23807.05,0
2026-09-02 11:48:00,23808.65,23814.3,23807.4,23813.6,0
2026-09-02 11:49:00,23814.05,23815.05,23810.8,23811.9,0
2026-09-02 11:50:00,23813.1,23814.9,23812.0,23813.25,0
2026-09-02 11:51:00,23813.65,23814.45,23811.7,23813.3,0
2026-09-02 11:52:00,23814.0,23819.75,23812.3,23814.75,0
2026-09-02 11:53:00,23815.3,23819.0,23811.1,23817.0,0
2026-09-02 11:54:00,23818.45,23825.05,23818.35,23824.35,0
2026-09-02 11:55:00,23825.2,23830.15,23821.15,23822.15,0
2026-09-02 11:56:00,23822.45,23824.95,23815.6,23817.8,0
2026-09-02 11:57:00,23818.15,23819.05,23813.35,23814.35,0
2026-09-02 11:58:00,23814.9,23815.05,23810.65,23811.65,0
2026-09-02 11:59:00,23812.4,23815.25,23810.05,23812.95,0
2026-09-02 12:00:00,23814.8,23817.0,23812.2,23815.8,0
2026-09-02 12:01:00,23815.55,23818.55,23811.7,23816.7,0
2026-09-02 12:02:00,23816.5,23817.3,23811.7,23812.75,0
2026-09-02 12:03:00,23814.3,23816.9,23805.9,23806.65,0
2026-09-02 12:04:00,23808.2,23808.2,23801.1,23805.05,0
2026-09-02 12:05:00,23806.1,23809.3,23803.85,23807.7,0
2026-09-02 12:06:00,23808.3,23813.15,23807.9,23811.85,0
2026-09-02 12:07:00,23812.1,23812.3,23807.1,23807.5,0
2026-09-02 12:08:00,23807.7,23811.25,23807.7,23808.35,0
2026-09-02 12:09:00,23809.25,23812.95,23807.95,23811.75,0
2026-09-02 12:10:00,23812.5,23817.55,23811.4,23817.05,0
2026-09-02 12:11:00,23817.6,23834.0,23816.35,23830.6,0
2026-09-02 12:12:00,23830.9,23836.45,23830.05,23835.3,0
2026-09-02 12:13:00,23836.8,23839.4,23834.0,23837.05,0
2026-09-02 12:14:00,23837.1,23838.75,23834.6,23838.35,0
2026-09-02 12:15:00,23838.85,23841.0,23835.75,23837.5,0
2026-09-02 12:16:00,23837.7,23838.2,23833.75,23836.7,0
2026-09-02 12:17:00,23837.75,23843.4,23836.45,23841.1,0
2026-09-02 12:18:00,23841.3,23841.3,23831.9,23832.65,0
2026-09-02 12:19:00,23832.8,23833.15,23826.15,23828.3,0
2026-09-02 12:20:00,23829.0,23829.0,23820.65,23820.65,0
2026-09-02 12:21:00,23821.4,23821.4,23815.95,23817.55,0
2026-09-02 12:22:00,23818.9,23829.65,23818.3,23824.2,0
2026-09-02 12:23:00,23824.65,23827.3,23822.45,23825.7,0
2026-09-02 12:24:00,23826.45,23827.3,23823.1,23825.7,0
2026-09-02 12:25:00,23826.35,23829.8,23825.25,23826.8,0
2026-09-02 12:26:00,23827.15,23831.6,23826.45,23831.45,0
2026-09-02 12:27:00,23831.85,23834.25,23829.95,23830.5,0
2026-09-02 12:28:00,23831.55,23835.5,23830.45,23834.8,0
2026-09-02 12:29:00,23835.3,23837.45,23834.75,23836.25,0
2026-09-02 12:30:00,23836.2,23844.55,23834.3,23842.2,0
2026-09-02 12:31:00,23843.1,23848.55,23842.0,23848.2,0
2026-09-02 12:32:00,23847.95,23855.3,23846.75,23851.25,0
2026-09-02 12:33:00,23852.3,23854.75,23851.35,23853.35,0
2026-09-02 12:34:00,23854.3,23855.1,23847.15,23847.9,0
2026-09-02 12:35:00,23848.85,23855.15,23846.6,23846.6,0
2026-09-02 12:36:00,23846.9,23854.1,23846.9,23854.1,0
2026-09-02 12:37:00,23855.1,23857.05,23853.25,23855.5,0
2026-09-02 12:38:00,23856.8,23858.05,23851.65,23851.9,0
2026-09-02 12:39:00,23853.15,23853.25,23849.3,23851.05,0
2026-09-02 12:40:00,23851.25,23855.15,23851.05,23853.2,0
2026-09-02 12:41:00,23853.75,23856.25,23849.4,23854.4,0
2026-09-02 12:42:00,23854.75,23858.95,23854.75,23857.55,0
2026-09-02 12:43:00,23858.15,23866.4,23855.45,23864.75,0
2026-09-02 12:44:00,23865.2,23868.2,23859.9,23860.95,0
2026-09-02 12:45:00,23860.65,23862.3,23850.85,23851.05,0
2026-09-02 12:46:00,23851.8,23860.0,23850.7,23859.0,0
2026-09-02 12:47:00,23858.8,23862.45,23852.9,23853.5,0
2026-09-02 12:48:00,23853.65,23854.4,23850.95,23852.75,0
2026-09-02 12:49:00,23853.45,23861.45,23853.45,23859.3,0
2026-09-02 12:50:00,23859.95,23861.8,23859.25,23859.7,0
2026-09-02 12:51:00,23859.75,23862.75,23859.65,23861.7,0
2026-09-02 12:52:00,23862.3,23864.6,23861.25,23861.7,0
2026-09-02 12:53:00,23861.75,23863.75,23858.9,23862.5,0
2026-09-02 12:54:00,23862.6,23864.25,23860.0,23863.15,0
2026-09-02 12:55:00,23863.3,23864.65,23858.1,23859.2,0
2026-09-02 12:56:00,23858.9,23863.55,23858.9,23862.3,0
2026-09-02 12:57:00,23862.05,23867.2,23861.8,23864.45,0
2026-09-02 12:58:00,23864.2,23867.4,23863.8,23866.5,0
2026-09-02 12:59:00,23866.15,23870.55,23865.95,23869.7,0
2026-09-02 13:00:00,23869.95,23874.4,23869.35,23872.65,0
2026-09-02 13:01:00,23874.35,23876.7,23872.65,23873.65,0
2026-09-02 13:02:00,23874.0,23876.8,23872.65,23875.0,0
2026-09-02 13:03:00,23875.35,23875.6,23871.15,23872.15,0
2026-09-02 13:04:00,23872.7,23873.05,23866.2,23866.25,0
2026-09-02 13:05:00,23867.5,23868.55,23864.75,23867.6,0
2026-09-02 13:06:00,23868.3,23869.7,23864.05,23864.05,0
2026-09-02 13:07:00,23864.7,23865.0,23859.2,23859.2,0
2026-09-02 13:08:00,23860.1,23861.2,23856.9,23858.0,0
2026-09-02 13:09:00,23858.45,23859.75,23855.8,23857.75,0
2026-09-02 13:10:00,23858.7,23861.6,23855.65,23861.35,0
2026-09-02 13:11:00,23862.2,23870.3,23861.7,23868.6,0
2026-09-02 13:12:00,23868.8,23872.35,23866.75,23870.85,0
2026-09-02 13:13:00,23871.75,23875.05,23870.9,23873.65,0
2026-09-02 13:14:00,23875.3,23876.1,23870.5,23873.85,0
2026-09-02 13:15:00,23874.2,23875.6,23870.0,23870.0,0
2026-09-02 13:16:00,23871.05,23871.75,23867.2,23870.3,0
2026-09-02 13:17:00,23870.8,23875.9,23870.45,23874.3,0
2026-09-02 13:18:00,23874.5,23875.75,23873.3,23874.55,0
2026-09-02 13:19:00,23875.4,23875.75,23869.9,23871.2,0
2026-09-02 13:20:00,23872.25,23873.9,23870.55,23872.3,0
2026-09-02 13:21:00,23872.95,23878.45,23871.2,23876.0,0
2026-09-02 13:22:00,23876.9,23877.5,23871.35,23872.4,0
2026-09-02 13:23:00,23873.1,23875.5,23870.85,23873.8,0
2026-09-02 13:24:00,23873.85,23879.2,23872.45,23877.5,0
2026-09-02 13:25:00,23877.65,23880.45,23877.2,23879.1,0
2026-09-02 13:26:00,23879.95,23882.95,23878.9,23881.9,0
2026-09-02 13:27:00,23882.95,23884.8,23881.3,23882.7,0
2026-09-02 13:28:00,23883.35,23883.9,23872.9,23874.7,0
2026-09-02 13:29:00,23875.3,23876.6,23874.7,23875.1,0
2026-09-02 13:30:00,23875.8,23876.35,23873.05,23874.65,0
2026-09-02 13:31:00,23874.8,23876.2,23865.95,23866.45,0
2026-09-02 13:32:00,23867.05,23873.0,23867.05,23869.7,0
2026-09-02 13:33:00,23870.65,23874.6,23870.55,23873.45,0
2026-09-02 13:34:00,23874.25,23877.85,23870.85,23877.85,0
2026-09-02 13:35:00,23877.95,23882.85,23877.75,23882.05,0
2026-09-02 13:36:00,23882.65,23886.8,23882.65,23885.5,0
2026-09-02 13:37:00,23886.2,23888.1,23883.8,23884.5,0
2026-09-02 13:38:00,23885.35,23885.5,23874.4,23875.55,0
2026-09-02 13:39:00,23876.0,23876.5,23863.25,23863.55,0
2026-09-02 13:40:00,23863.5,23865.4,23859.05,23861.9,0
2026-09-02 13:41:00,23862.3,23869.45,23861.75,23868.4,0
2026-09-02 13:42:00,23868.7,23870.35,23866.55,23869.8,0
2026-09-02 13:43:00,23870.65,23870.8,23867.4,23868.0,0
2026-09-02 13:44:00,23868.2,23869.05,23865.0,23868.65,0
2026-09-02 13:45:00,23868.4,23874.15,23866.95,23873.05,0
2026-09-02 13:46:00,23873.8,23874.8,23869.55,23870.05,0
2026-09-02 13:47:00,23870.3,23876.7,23869.35,23875.9,0
2026-09-02 13:48:00,23876.35,23878.3,23868.15,23870.3,0
2026-09-02 13:49:00,23871.85,23873.4,23863.95,23864.45,0
2026-09-02 13:50:00,23864.75,23867.45,23859.85,23861.4,0
2026-09-02 13:51:00,23862.05,23862.75,23850.8,23851.4,0
2026-09-02 13:52:00,23852.1,23858.0,23851.5,23856.55,0
2026-09-02 13:53:00,23857.3,23865.4,23856.95,23864.6,0
2026-09-02 13:54:00,23865.3,23867.65,23863.95,23866.4,0
2026-09-02 13:55:00,23866.8,23868.7,23864.5,23867.1,0
2026-09-02 13:56:00,23867.55,23869.2,23866.4,23868.4,0
2026-09-02 13:57:00,23868.85,23871.1,23867.05,23867.7,0
2026-09-02 13:58:00,23868.1,23869.95,23866.3,23868.7,0
2026-09-02 13:59:00,23869.15,23872.55,23868.3,23872.0,0
2026-09-02 14:00:00,23872.3,23880.45,23872.3,23879.6,0
2026-09-02 14:01:00,23880.55,23883.25,23879.85,23882.3,0
2026-09-02 14:02:00,23882.35,23885.2,23880.0,23880.8,0
2026-09-02 14:03:00,23881.3,23881.8,23877.3,23877.3,0
2026-09-02 14:04:00,23877.8,23878.1,23873.9,23874.05,0
2026-09-02 14:05:00,23874.6,23876.2,23872.0,23874.35,0
2026-09-02 14:06:00,23875.0,23885.75,23874.05,23884.3,0
2026-09-02 14:07:00,23884.45,23894.45,23884.3,23893.9,0
2026-09-02 14:08:00,23894.6,23895.0,23891.55,23891.6,0
2026-09-02 14:09:00,23892.5,23893.9,23891.6,23892.4,0
2026-09-02 14:10:00,23892.9,23893.55,23890.7,23890.7,0
2026-09-02 14:11:00,23891.65,23892.3,23888.45,23889.2,0
2026-09-02 14:12:00,23889.45,23893.85,23888.5,23893.5,0
2026-09-02 14:13:00,23893.35,23894.95,23883.8,23884.05,0
2026-09-02 14:14:00,23884.5,23885.45,23881.7,23885.25,0
2026-09-02 14:15:00,23885.75,23886.55,23882.95,23885.15,0
2026-09-02 14:16:00,23885.55,23886.9,23882.65,23883.65,0
2026-09-02 14:17:00,23883.15,23883.75,23878.8,23881.1,0
2026-09-02 14:18:00,23880.35,23882.2,23878.2,23881.35,0
2026-09-02 14:19:00,23881.6,23883.75,23879.9,23883.05,0
2026-09-02 14:20:00,23882.9,23885.6,23879.8,23881.2,0
2026-09-02 14:21:00,23881.7,23883.45,23880.1,23881.95,0
2026-09-02 14:22:00,23882.7,23883.45,23880.75,23881.75,0
2026-09-02 14:23:00,23881.55,23882.25,23879.5,23881.9,0
2026-09-02 14:24:00,23882.35,23882.35,23873.0,23874.45,0
2026-09-02 14:25:00,23874.8,23874.9,23871.8,23872.95,0
2026-09-02 14:26:00,23873.25,23876.65,23871.9,23875.7,0
2026-09-02 14:27:00,23876.2,23880.0,23875.55,23878.85,0
2026-09-02 14:28:00,23879.55,23884.0,23878.35,23883.05,0
2026-09-02 14:29:00,23883.25,23886.6,23883.1,23886.4,0
2026-09-02 14:30:00,23886.65,23894.25,23886.3,23894.05,0
2026-09-02 14:31:00,23894.1,23898.95,23893.1,23894.55,0
2026-09-02 14:32:00,23894.9,23902.9,23894.2,23901.65,0
2026-09-02 14:33:00,23901.85,23909.0,23898.8,23907.8,0
2026-09-02 14:34:00,23908.1,23909.5,23901.4,23901.6,0
2026-09-02 14:35:00,23901.35,23909.55,23901.1,23909.55,0
2026-09-02 14:36:00,23909.45,23910.65,23905.4,23906.1,0
2026-09-02 14:37:00,23905.85,23907.65,23902.15,23902.45,0
2026-09-02 14:38:00,23903.95,23903.95,23892.85,23895.95,0
2026-09-02 14:39:00,23896.65,23903.6,23896.35,23903.45,0
2026-09-02 14:40:00,23903.75,23907.85,23903.75,23905.75,0
2026-09-02 14:41:00,23905.45,23907.25,23899.6,23900.5,0
2026-09-02 14:42:00,23900.75,23901.95,23896.85,23897.1,0
2026-09-02 14:43:00,23896.7,23897.45,23891.1,23891.3,0
2026-09-02 14:44:00,23891.15,23892.2,23886.3,23887.65,0
2026-09-02 14:45:00,23888.6,23891.0,23882.45,23888.95,0
2026-09-02 14:46:00,23889.6,23890.9,23887.3,23890.4,0
2026-09-02 14:47:00,23890.95,23897.75,23890.65,23896.6,0
2026-09-02 14:48:00,23896.55,23901.75,23896.3,23900.9,0
2026-09-02 14:49:00,23901.4,23905.8,23898.9,23898.9,0
2026-09-02 14:50:00,23899.45,23899.65,23888.1,23888.1,0
2026-09-02 14:51:00,23889.0,23893.35,23886.45,23890.25,0
2026-09-02 14:52:00,23890.1,23893.0,23885.7,23887.0,0
2026-09-02 14:53:00,23887.15,23888.95,23882.55,23883.5,0
2026-09-02 14:54:00,23883.65,23884.65,23881.15,23883.75,0
2026-09-02 14:55:00,23884.55,23885.0,23871.1,23871.55,0
2026-09-02 14:56:00,23872.4,23873.05,23870.0,23871.2,0
2026-09-02 14:57:00,23871.65,23872.6,23867.95,23868.6,0
2026-09-02 14:58:00,23868.95,23875.8,23868.15,23875.05,0
2026-09-02 14:59:00,23875.35,23876.2,23872.45,23873.15,0
2026-09-02 15:00:00,23872.8,23872.8,23868.95,23869.7,0
2026-09-02 15:01:00,23869.6,23870.15,23863.7,23863.75,0
2026-09-02 15:02:00,23864.0,23865.05,23861.2,23864.15,0
2026-09-02 15:03:00,23864.3,23866.45,23861.6,23863.05,0
2026-09-02 15:04:00,23863.0,23863.7,23859.25,23860.8,0
2026-09-02 15:05:00,23860.4,23860.5,23855.0,23859.45,0
2026-09-02 15:06:00,23859.7,23861.75,23856.1,23857.95,0
2026-09-02 15:07:00,23858.25,23858.75,23853.6,23855.95,0
2026-09-02 15:08:00,23856.25,23858.15,23854.75,23855.7,0
2026-09-02 15:09:00,23856.25,23862.4,23851.9,23862.05,0
2026-09-02 15:10:00,23862.0,23871.75,23861.55,23871.25,0
2026-09-02 15:11:00,23871.7,23880.35,23870.9,23876.0,0
2026-09-02 15:12:00,23875.85,23884.1,23871.95,23875.3,0
2026-09-02 15:13:00,23876.75,23880.85,23873.25,23879.0,0
2026-09-02 15:14:00,23877.8,23888.95,23875.65,23883.5,0
2026-09-02 15:29:00,23914.45,23914.45,23914.45,23914.45,0
2026-09-03 09:15:00,23997.95,24025.4,23967.45,23976.1,0
2026-09-03 09:16:00,23979.75,24003.8,23978.9,23985.3,0
2026-09-03 09:17:00,23987.9,23988.4,23971.95,23974.35,0
2026-09-03 09:18:00,23976.2,23981.0,23966.55,23966.6,0
2026-09-03 09:19:00,23968.45,23972.0,23960.65,23968.65,0
2026-09-03 09:20:00,23969.55,23981.8,23968.25,23980.9,0
2026-09-03 09:21:00,23983.6,23989.35,23980.15,23980.15,0
2026-09-03 09:22:00,23980.65,23980.65,23969.8,23974.75,0
2026-09-03 09:23:00,23975.55,23979.95,23966.75,23966.75,0
2026-09-03 09:24:00,23967.7,23968.7,23956.95,23957.65,0
2026-09-03 09:25:00,23959.2,23969.35,23955.35,23962.65,0
2026-09-03 09:26:00,23964.25,23970.15,23958.15,23959.25,0
2026-09-03 09:27:00,23960.05,23971.4,23957.85,23968.95,0
2026-09-03 09:28:00,23968.9,23974.65,23965.45,23970.75,0
2026-09-03 09:29:00,23972.25,23983.1,23968.6,23982.2,0
2026-09-03 09:30:00,23982.8,23991.35,23980.05,23987.5,0
2026-09-03 09:31:00,23989.1,23992.3,23984.0,23986.05,0
2026-09-03 09:32:00,23989.45,23991.55,23985.35,23986.4,0
2026-09-03 09:33:00,23987.7,23995.55,23987.3,23992.95,0
2026-09-03 09:34:00,23993.75,23997.85,23991.55,23994.15,0
2026-09-03 09:35:00,23994.75,23996.05,23991.95,23994.85,0
2026-09-03 09:36:00,23995.9,23997.55,23992.5,23995.1,0
2026-09-03 09:37:00,23997.15,23997.15,23992.6,23994.75,0
2026-09-03 09:38:00,23994.45,24001.55,23991.9,23999.9,0
2026-09-03 09:39:00,24000.75,24007.45,23998.4,24006.1,0
2026-09-03 09:40:00,24007.75,24013.2,24005.95,24011.65,0
2026-09-03 09:41:00,24012.85,24017.25,24011.45,24016.25,0
2026-09-03 09:42:00,24016.95,24018.9,24008.85,24009.65,0
2026-09-03 09:43:00,24012.2,24018.45,24007.85,24016.5,0
2026-09-03 09:44:00,24017.55,24020.6,24016.35,24016.85,0
2026-09-03 09:45:00,24018.4,24022.5,24017.0,24019.75,0
2026-09-03 09:46:00,24020.6,24021.3,24016.5,24017.55,0
2026-09-03 09:47:00,24018.65,24021.95,24017.1,24019.75,0
2026-09-03 09:48:00,24021.0,24022.85,24008.55,24008.65,0
2026-09-03 09:49:00,24010.15,24018.05,24008.8,24015.8,0
2026-09-03 09:50:00,24016.8,24016.8,24008.45,24013.25,0
2026-09-03 09:51:00,24014.5,24018.25,24010.75,24010.75,0
2026-09-03 09:52:00,24013.85,24016.25,24010.15,24011.85,0
2026-09-03 09:53:00,24012.8,24013.75,24006.85,24007.6,0
2026-09-03 09:54:00,24009.55,24009.6,24004.5,24005.5,0
2026-09-03 09:55:00,24006.7,24010.45,24002.7,24007.35,0
2026-09-03 09:56:00,24007.8,24011.65,24000.1,24000.1,0
2026-09-03 09:57:00,24002.2,24009.9,24000.9,24005.8,0
2026-09-03 09:58:00,24007.5,24010.2,24004.7,24007.15,0
2026-09-03 09:59:00,24009.05,24009.9,24003.2,24007.6,0
2026-09-03 10:00:00,24007.4,24007.4,23997.75,23999.85,0
2026-09-03 10:01:00,24000.4,24003.5,23996.35,24000.1,0
2026-09-03 10:02:00,24000.3,24004.45,23997.75,24003.3,0
2026-09-03 10:03:00,24004.7,24005.5,23996.5,24003.15,0
2026-09-03 10:04:00,24004.05,24006.65,24000.65,24005.05,0
2026-09-03 10:05:00,24005.15,24006.6,24001.4,24005.5,0
2026-09-03 10:06:00,24007.1,24007.7,23998.5,23998.5,0
2026-09-03 10:07:00,24000.35,24000.35,23990.8,23996.55,0
2026-09-03 10:08:00,23998.9,24006.45,23997.45,24003.85,0
2026-09-03 10:09:00,24004.05,24006.95,24001.35,24002.45,0
2026-09-03 10:10:00,24003.0,24006.4,24000.5,24002.85,0
2026-09-03 10:11:00,24004.35,24008.1,24000.95,24001.75,0
2026-09-03 10:12:00,24002.6,24005.35,23999.05,24001.4,0
2026-09-03 10:13:00,24003.2,24003.2,23993.5,23996.15,0
2026-09-03 10:14:00,23998.25,23999.0,23990.8,23991.15,0
2026-09-03 10:15:00,23993.55,23994.85,23988.8,23990.25,0
2026-09-03 10:16:00,23991.45,23994.05,23989.5,23991.15,0
2026-09-03 10:17:00,23992.8,23993.9,23988.25,23991.6,0
2026-09-03 10:18:00,23994.75,23995.35,23990.8,23992.0,0
2026-09-03 10:19:00,23993.0,24001.2,23991.8,23998.25,0
2026-09-03 10:20:00,24000.4,24003.6,23997.5,24002.55,0
2026-09-03 10:21:00,24003.95,24004.65,23997.8,24000.05,0
2026-09-03 10:22:00,24001.5,24002.0,23996.8,23998.25,0
2026-09-03 10:23:00,23999.1,23999.7,23994.3,23998.55,0
2026-09-03 10:24:00,23998.75,24000.9,23995.25,24000.85,0
2026-09-03 10:25:00,24001.05,24001.05,23993.2,23995.7,0
2026-09-03 10:26:00,23997.45,23997.45,23985.75,23987.05,0
2026-09-03 10:27:00,23986.6,23989.75,23985.15,23987.75,0
2026-09-03 10:28:00,23991.0,23993.2,23985.95,23987.15,0
2026-09-03 10:29:00,23988.4,23991.2,23984.25,23984.7,0
2026-09-03 10:30:00,23987.4,23988.2,23981.6,23987.6,0
2026-09-03 10:31:00,23989.45,23989.45,23977.35,23980.95,0
2026-09-03 10:32:00,23981.05,23985.4,23976.8,23984.05,0
2026-09-03 10:33:00,23984.6,23987.35,23981.2,23987.05,0
2026-09-03 10:34:00,23988.3,23988.3,23977.85,23977.85,0
2026-09-03 10:35:00,23980.05,23980.25,23975.05,23977.25,0
2026-09-03 10:36:00,23979.8,23979.8,23968.4,23969.05,0
2026-09-03 10:37:00,23968.65,23969.4,23960.5,23968.2,0
2026-09-03 10:38:00,23969.15,23973.75,23967.0,23973.6,0
2026-09-03 10:39:00,23974.65,23975.05,23970.1,23974.2,0
2026-09-03 10:40:00,23975.4,23975.45,23964.3,23964.6,0
2026-09-03 10:41:00,23968.05,23973.4,23960.7,23962.45,0
2026-09-03 10:42:00,23964.2,23964.2,23956.25,23957.8,0
2026-09-03 10:43:00,23958.15,23964.75,23951.9,23963.15,0
2026-09-03 10:44:00,23965.25,23967.05,23957.65,23967.05,0
2026-09-03 10:45:00,23967.35,23969.0,23963.05,23965.15,0
2026-09-03 10:46:00,23966.3,23970.0,23964.25,23967.8,0
2026-09-03 10:47:00,23968.1,23972.5,23966.8,23969.4,0
2026-09-03 10:48:00,23973.05,23976.05,23968.4,23970.75,0
2026-09-03 10:49:00,23972.1,23973.0,23969.6,23971.25,0
2026-09-03 10:50:00,23971.3,23973.95,23969.0,23970.15,0
2026-09-03 10:51:00,23971.65,23972.3,23968.55,23970.5,0
2026-09-03 10:52:00,23971.05,23971.25,23965.35,23967.15,0
2026-09-03 10:53:00,23968.7,23968.9,23958.15,23964.15,0
2026-09-03 10:54:00,23965.25,23966.95,23957.25,23958.85,0
2026-09-03 10:55:00,23960.1,23960.35,23954.95,23957.0,0
2026-09-03 10:56:00,23958.5,23965.45,23956.6,23965.45,0
2026-09-03 10:57:00,23965.5,23967.55,23961.55,23963.2,0
2026-09-03 10:58:00,23963.45,23968.25,23961.3,23962.75,0
2026-09-03 10:59:00,23962.95,23966.3,23958.95,23960.9,0
2026-09-03 11:00:00,23962.4,23966.15,23956.9,23963.45,0
2026-09-03 11:01:00,23964.4,23964.85,23959.7,23960.45,0
2026-09-03 11:02:00,23961.95,23961.95,23956.4,23958.5,0
2026-09-03 11:03:00,23960.4,23962.25,23955.95,23956.65,0
2026-09-03 11:04:00,23957.6,23958.65,23952.45,23952.7,0
2026-09-03 11:05:00,23953.85,23953.85,23941.45,23944.9,0
2026-09-03 11:06:00,23946.15,23951.45,23945.6,23948.75,0
2026-09-03 11:07:00,23950.45,23950.45,23944.65,23945.35,0
2026-09-03 11:08:00,23948.0,23948.1,23938.8,23940.2,0
2026-09-03 11:09:00,23941.2,23943.1,23927.9,23928.6,0
2026-09-03 11:10:00,23930.05,23938.65,23929.2,23933.95,0
2026-09-03 11:11:00,23933.6,23937.7,23930.55,23936.4,0
2026-09-03 11:12:00,23937.3,23939.15,23934.9,23938.7,0
2026-09-03 11:13:00,23939.5,23940.25,23931.55,23931.7,0
2026-09-03 11:14:00,23933.75,23934.05,23922.6,23926.9,0
2026-09-03 11:15:00,23927.9,23929.65,23920.35,23924.8,0
2026-09-03 11:16:00,23926.65,23935.25,23925.5,23933.7,0
2026-09-03 11:17:00,23934.85,23943.5,23933.9,23936.95,0
2026-09-03 11:18:00,23939.7,23941.35,23937.5,23939.6,0
2026-09-03 11:19:00,23940.45,23949.45,23939.15,23948.9,0
2026-09-03 11:20:00,23947.65,23954.8,23946.75,23946.9,0
2026-09-03 11:21:00,23949.65,23950.45,23944.8,23948.65,0
2026-09-03 11:22:00,23950.9,23955.25,23949.0,23954.85,0
2026-09-03 11:23:00,23956.4,23960.1,23953.7,23956.4,0
2026-09-03 11:24:00,23957.35,23957.35,23947.8,23949.35,0
2026-09-03 11:25:00,23950.5,23953.5,23949.2,23952.55,0
2026-09-03 11:26:00,23953.85,23959.25,23953.2,23959.15,0
2026-09-03 11:27:00,23960.45,23963.2,23958.7,23962.8,0
2026-09-03 11:28:00,23964.2,23966.6,23958.0,23961.6,0
2026-09-03 11:29:00,23962.65,23964.3,23959.55,23964.15,0
2026-09-03 11:30:00,23965.65,23970.2,23964.45,23969.45,0
2026-09-03 11:31:00,23970.65,23971.5,23966.25,23967.45,0
2026-09-03 11:32:00,23968.8,23973.0,23963.4,23964.4,0
2026-09-03 11:33:00,23966.05,23968.35,23963.4,23964.8,0
2026-09-03 11:34:00,23967.05,23970.5,23965.0,23968.3,0
2026-09-03 11:35:00,23969.45,23976.2,23966.7,23975.6,0
2026-09-03 11:36:00,23977.4,23978.0,23973.2,23973.8,0
2026-09-03 11:37:00,23977.0,23977.05,23971.1,23973.2,0
2026-09-03 11:38:00,23975.3,23975.3,23968.3,23969.1,0
2026-09-03 11:39:00,23970.6,23972.3,23966.1,23969.2,0
2026-09-03 11:40:00,23970.85,23974.25,23967.9,23972.8,0
2026-09-03 11:41:00,23974.15,23974.15,23961.7,23962.35,0
2026-09-03 11:42:00,23964.05,23966.95,23960.0,23964.25,0
2026-09-03 11:43:00,23966.2,23966.2,23959.95,23963.15,0
2026-09-03 11:44:00,23964.75,23967.75,23963.35,23965.25,0
2026-09-03 11:45:00,23967.15,23973.25,23965.5,23972.35,0
2026-09-03 11:46:00,23973.95,23974.05,23962.1,23962.9,0
2026-09-03 11:47:00,23963.6,23966.5,23957.9,23958.05,0
2026-09-03 11:48:00,23959.2,23969.55,23957.85,23968.9,0
2026-09-03 11:49:00,23969.95,23972.15,23963.1,23964.4,0
2026-09-03 11:50:00,23966.5,23968.9,23963.05,23963.4,0
2026-09-03 11:51:00,23965.3,23965.55,23957.3,23958.85,0
2026-09-03 11:52:00,23961.6,23970.25,23959.4,23967.2,0
2026-09-03 11:53:00,23969.45,23969.45,23955.1,23956.25,0
2026-09-03 11:54:00,23957.95,23960.2,23956.05,23958.9,0
2026-09-03 11:55:00,23960.45,23961.4,23952.45,23953.8,0
2026-09-03 11:56:00,23955.55,23957.95,23948.2,23956.1,0
2026-09-03 11:57:00,23957.35,23958.9,23953.4,23958.45,0
2026-09-03 11:58:00,23960.0,23961.45,23955.75,23956.65,0
2026-09-03 11:59:00,23958.25,23960.6,23956.35,23956.75,0
2026-09-03 12:00:00,23957.7,23960.1,23955.15,23955.8,0
2026-09-03 12:01:00,23957.5,23957.9,23937.75,23940.75,0
2026-09-03 12:02:00,23942.85,23950.4,23940.65,23942.5,0
2026-09-03 12:03:00,23944.05,23945.45,23935.8,23936.8,0
2026-09-03 12:04:00,23937.35,23938.55,23930.7,23937.65,0
2026-09-03 12:05:00,23938.45,23944.0,23935.75,23936.3,0
2026-09-03 12:06:00,23937.05,23938.45,23933.05,23933.55,0
2026-09-03 12:07:00,23935.45,23936.55,23930.8,23932.2,0
2026-09-03 12:08:00,23933.9,23937.85,23930.8,23936.6,0
2026-09-03 12:09:00,23937.65,23937.8,23927.9,23928.85,0
2026-09-03 12:10:00,23931.9,23940.1,23929.45,23936.9,0
2026-09-03 12:11:00,23938.4,23938.4,23930.0,23931.05,0
2026-09-03 12:12:00,23933.2,23935.75,23930.35,23931.55,0
2026-09-03 12:13:00,23933.75,23937.25,23927.1,23936.0,0
2026-09-03 12:14:00,23937.6,23939.3,23935.6,23935.95,0
2026-09-03 12:15:00,23938.15,23938.15,23928.8,23932.7,0
2026-09-03 12:16:00,23934.4,23934.8,23924.6,23929.45,0
2026-09-03 12:17:00,23930.05,23930.55,23923.15,23923.3,0
2026-09-03 12:18:00,23926.45,23926.75,23914.9,23917.35,0
2026-09-03 12:19:00,23919.6,23923.9,23915.05,23918.05,0
2026-09-03 12:20:00,23921.0,23925.2,23916.5,23921.25,0
2026-09-03 12:21:00,23923.3,23925.25,23918.35,23919.3,0
2026-09-03 12:22:00,23921.85,23921.85,23912.55,23913.35,0
2026-09-03 12:23:00,23914.25,23917.7,23909.45,23910.3,0
2026-09-03 12:24:00,23912.6,23912.85,23905.6,23906.15,0
2026-09-03 12:25:00,23909.2,23911.85,23905.75,23910.45,0
2026-09-03 12:26:00,23913.1,23917.05,23911.8,23913.4,0
2026-09-03 12:27:00,23915.55,23915.55,23904.8,23907.95,0
2026-09-03 12:28:00,23910.7,23914.1,23908.3,23912.2,0
2026-09-03 12:29:00,23914.05,23914.05,23906.45,23907.75,0
2026-09-03 12:30:00,23910.1,23912.5,23906.35,23910.9,0
2026-09-03 12:31:00,23914.05,23917.6,23912.0,23914.05,0
2026-09-03 12:32:00,23917.2,23918.6,23908.75,23911.4,0
2026-09-03 12:33:00,23914.8,23916.9,23908.85,23908.85,0
2026-09-03 12:34:00,23911.4,23912.2,23908.7,23909.75,0
2026-09-03 12:35:00,23912.25,23912.25,23906.05,23906.5,0
2026-09-03 12:36:00,23909.2,23909.25,23903.25,23906.0,0
2026-09-03 12:37:00,23908.15,23910.5,23904.3,23907.0,0
2026-09-03 12:38:00,23909.4,23919.9,23907.5,23917.8,0
2026-09-03 12:39:00,23919.55,23919.55,23912.8,23915.2,0
2026-09-03 12:40:00,23917.55,23917.55,23911.4,23914.6,0
2026-09-03 12:41:00,23916.6,23918.15,23912.15,23912.15,0
2026-09-03 12:42:00,23914.75,23914.75,23903.15,23904.4,0
2026-09-03 12:43:00,23906.85,23912.1,23906.15,23908.35,0
2026-09-03 12:44:00,23911.55,23911.55,23907.55,23909.05,0
2026-09-03 12:45:00,23911.45,23913.65,23908.5,23910.55,0
2026-09-03 12:46:00,23913.3,23914.5,23910.45,23910.65,0
2026-09-03 12:47:00,23913.3,23915.05,23908.85,23911.95,0
2026-09-03 12:48:00,23913.5,23914.9,23909.85,23912.25,0
2026-09-03 12:49:00,23914.45,23915.6,23909.75,23909.75,0
2026-09-03 12:50:00,23911.85,23917.0,23909.6,23916.5,0
2026-09-03 12:51:00,23915.7,23918.5,23913.95,23916.5,0
2026-09-03 12:52:00,23919.55,23923.9,23917.55,23922.95,0
2026-09-03 12:53:00,23922.9,23925.9,23920.3,23923.55,0
2026-09-03 12:54:00,23925.1,23929.75,23921.65,23923.75,0
2026-09-03 12:55:00,23926.95,23926.95,23920.55,23921.6,0
2026-09-03 12:56:00,23923.3,23923.3,23912.7,23918.05,0
2026-09-03 12:57:00,23919.45,23930.35,23919.15,23925.5,0
2026-09-03 12:58:00,23927.25,23929.05,23916.75,23923.0,0
2026-09-03 12:59:00,23923.4,23924.75,23919.5,23920.3,0
2026-09-03 13:00:00,23921.5,23922.1,23914.35,23918.05,0
2026-09-03 13:01:00,23919.7,23920.45,23913.8,23915.35,0
2026-09-03 13:02:00,23916.55,23920.0,23911.85,23915.45,0
2026-09-03 13:03:00,23916.9,23920.35,23914.4,23917.65,0
2026-09-03 13:04:00,23919.1,23922.15,23917.25,23920.05,0
2026-09-03 13:05:00,23920.3,23926.05,23917.95,23923.7,0
2026-09-03 13:06:00,23925.05,23927.6,23921.95,23924.3,0
2026-09-03 13:07:00,23926.65,23928.15,23920.1,23920.2,0
2026-09-03 13:08:00,23921.4,23925.45,23919.65,23920.9,0
2026-09-03 13:09:00,23922.4,23925.1,23918.1,23923.75,0
2026-09-03 13:10:00,23924.85,23925.25,23920.85,23924.95,0
2026-09-03 13:11:00,23925.65,23932.15,23924.35,23932.15,0
2026-09-03 13:12:00,23932.6,23936.15,23929.0,23932.75,0
2026-09-03 13:13:00,23934.15,23934.5,23925.65,23928.2,0
2026-09-03 13:14:00,23928.4,23928.4,23924.15,23926.0,0
2026-09-03 13:15:00,23928.35,23929.7,23924.15,23926.95,0
2026-09-03 13:16:00,23929.6,23929.95,23924.65,23927.0,0
2026-09-03 13:17:00,23929.05,23933.6,23925.85,23930.5,0
2026-09-03 13:18:00,23933.15,23937.3,23930.8,23932.0,0
2026-09-03 13:19:00,23932.05,23933.2,23927.4,23930.3,0
2026-09-03 13:20:00,23932.15,23932.35,23925.75,23926.8,0
2026-09-03 13:21:00,23928.7,23928.7,23925.75,23926.0,0
2026-09-03 13:22:00,23928.15,23928.15,23922.9,23923.45,0
2026-09-03 13:23:00,23925.5,23927.85,23920.75,23921.9,0
2026-09-03 13:24:00,23923.35,23923.85,23910.7,23911.0,0
2026-09-03 13:25:00,23913.55,23913.55,23897.85,23900.3,0
2026-09-03 13:26:00,23903.3,23909.35,23900.3,23908.75,0
2026-09-03 13:27:00,23909.1,23913.3,23908.65,23912.8,0
2026-09-03 13:28:00,23913.9,23915.75,23911.0,23913.0,0
2026-09-03 13:29:00,23913.6,23915.75,23909.85,23910.05,0
2026-09-03 13:30:00,23911.75,23918.0,23909.75,23916.15,0
2026-09-03 13:31:00,23916.95,23923.05,23915.85,23919.8,0
2026-09-03 13:32:00,23921.4,23921.4,23912.9,23916.0,0
2026-09-03 13:33:00,23916.1,23933.75,23914.85,23933.75,0
2026-09-03 13:34:00,23935.85,23936.9,23927.7,23930.15,0
2026-09-03 13:35:00,23932.0,23935.15,23928.9,23933.65,0
2026-09-03 13:36:00,23935.55,23936.3,23925.4,23926.5,0
2026-09-03 13:37:00,23926.25,23926.8,23919.0,23920.9,0
2026-09-03 13:38:00,23923.4,23924.25,23917.75,23921.1,0
2026-09-03 13:39:00,23922.25,23922.25,23908.25,23910.75,0
2026-09-03 13:40:00,23912.75,23915.35,23904.45,23911.7,0
2026-09-03 13:41:00,23911.2,23915.4,23905.6,23906.0,0
2026-09-03 13:42:00,23907.3,23911.45,23905.85,23907.35,0
2026-09-03 13:43:00,23908.3,23909.95,23904.7,23906.0,0
2026-09-03 13:44:00,23906.9,23910.0,23903.25,23907.35,0
2026-09-03 13:45:00,23908.6,23908.75,23901.1,23901.1,0
2026-09-03 13:46:00,23902.5,23907.35,23899.85,23900.8,0
2026-09-03 13:47:00,23902.5,23904.3,23893.0,23896.65,0
2026-09-03 13:48:00,23898.3,23905.45,23896.15,23903.4,0
2026-09-03 13:49:00,23904.85,23913.8,23903.6,23912.6,0
2026-09-03 13:50:00,23913.75,23918.15,23908.55,23914.1,0
2026-09-03 13:51:00,23915.25,23916.85,23910.55,23913.1,0
2026-09-03 13:52:00,23913.95,23916.7,23905.75,23906.3,0
2026-09-03 13:53:00,23907.05,23907.05,23899.55,23904.3,0
2026-09-03 13:54:00,23905.85,23909.8,23903.85,23906.05,0
2026-09-03 13:55:00,23907.8,23908.2,23902.25,23903.1,0
2026-09-03 13:56:00,23905.0,23907.4,23903.6,23906.1,0
2026-09-03 13:57:00,23908.05,23915.5,23907.2,23912.55,0
2026-09-03 13:58:00,23913.5,23923.85,23909.35,23919.7,0
2026-09-03 13:59:00,23921.25,23923.9,23913.3,23918.15,0
2026-09-03 14:00:00,23921.15,23921.5,23915.65,23919.55,0
2026-09-03 14:01:00,23921.85,23921.85,23909.35,23911.0,0
2026-09-03 14:02:00,23913.05,23913.55,23903.5,23906.0,0
2026-09-03 14:03:00,23906.85,23921.15,23905.1,23919.85,0
2026-09-03 14:04:00,23922.05,23922.65,23909.35,23911.65,0
2026-09-03 14:05:00,23912.75,23917.9,23911.2,23911.2,0
2026-09-03 14:06:00,23915.35,23915.35,23908.45,23912.2,0
2026-09-03 14:07:00,23913.6,23914.1,23907.7,23908.8,0
2026-09-03 14:08:00,23909.6,23916.05,23908.55,23914.3,0
2026-09-03 14:09:00,23915.55,23915.75,23908.8,23912.45,0
2026-09-03 14:10:00,23914.4,23915.6,23910.9,23912.85,0
2026-09-03 14:11:00,23915.0,23916.7,23912.35,23913.6,0
2026-09-03 14:12:00,23916.0,23916.65,23911.0,23912.95,0
2026-09-03 14:13:00,23915.45,23918.35,23913.1,23915.55,0
2026-09-03 14:14:00,23916.7,23916.7,23910.05,23913.3,0
2026-09-03 14:15:00,23913.95,23914.6,23902.05,23907.7,0
2026-09-03 14:16:00,23909.5,23911.25,23907.05,23910.6,0
2026-09-03 14:17:00,23912.25,23913.8,23905.75,23913.8,0
2026-09-03 14:18:00,23914.1,23914.55,23906.7,23907.85,0
2026-09-03 14:19:00,23908.95,23914.35,23906.05,23912.65,0
2026-09-03 14:20:00,23914.25,23922.35,23914.25,23921.8,0
2026-09-03 14:21:00,23921.95,23924.55,23917.15,23918.85,0
2026-09-03 14:22:00,23918.8,23921.05,23908.05,23910.1,0
2026-09-03 14:23:00,23912.45,23917.05,23910.6,23912.5,0
2026-09-03 14:24:00,23913.45,23915.85,23909.05,23913.9,0
2026-09-03 14:25:00,23915.6,23918.45,23912.2,23916.1,0
2026-09-03 14:26:00,23917.85,23918.8,23910.9,23916.7,0
2026-09-03 14:27:00,23917.4,23919.0,23911.7,23917.8,0
2026-09-03 14:28:00,23920.1,23925.65,23915.95,23924.2,0
2026-09-03 14:29:00,23926.05,23930.35,23920.85,23921.85,0
2026-09-03 14:30:00,23922.9,23923.75,23914.4,23915.1,0
2026-09-03 14:31:00,23915.95,23919.85,23911.6,23917.6,0
2026-09-03 14:32:00,23918.35,23919.75,23913.0,23915.15,0
2026-09-03 14:33:00,23916.45,23920.85,23914.1,23918.0,0
2026-09-03 14:34:00,23919.0,23921.2,23915.2,23920.35,0
2026-09-03 14:35:00,23921.95,23921.95,23911.6,23914.25,0
2026-09-03 14:36:00,23915.75,23917.85,23913.5,23914.4,0
2026-09-03 14:37:00,23916.6,23919.65,23910.25,23912.1,0
2026-09-03 14:38:00,23913.0,23915.1,23909.15,23910.55,0
2026-09-03 14:39:00,23913.4,23913.4,23908.0,23911.5,0
2026-09-03 14:40:00,23912.15,23912.9,23903.55,23906.7,0
2026-09-03 14:41:00,23908.05,23910.9,23903.7,23907.75,0
2026-09-03 14:42:00,23909.65,23910.55,23904.4,23907.6,0
2026-09-03 14:43:00,23909.85,23909.85,23904.3,23905.25,0
2026-09-03 14:44:00,23905.65,23909.65,23904.95,23908.2,0
2026-09-03 14:45:00,23909.15,23911.65,23908.05,23910.45,0
2026-09-03 14:46:00,23910.65,23911.15,23901.85,23903.0,0
2026-09-03 14:47:00,23903.35,23907.25,23901.6,23906.6,0
2026-09-03 14:48:00,23905.65,23911.6,23904.4,23906.15,0
2026-09-03 14:49:00,23906.85,23912.65,23906.85,23908.35,0
2026-09-03 14:50:00,23908.6,23915.2,23908.6,23914.05,0
2026-09-03 14:51:00,23914.45,23916.95,23907.95,23908.25,0
2026-09-03 14:52:00,23908.7,23914.2,23908.7,23910.1,0
2026-09-03 14:53:00,23910.15,23912.55,23907.95,23911.9,0
2026-09-03 14:54:00,23910.25,23911.25,23908.15,23908.75,0
2026-09-03 14:55:00,23908.85,23909.3,23905.45,23906.45,0
2026-09-03 14:56:00,23906.9,23907.8,23901.15,23903.25,0
2026-09-03 14:57:00,23903.7,23906.45,23898.45,23902.5,0
2026-09-03 14:58:00,23901.75,23902.8,23893.7,23898.3,0
2026-09-03 14:59:00,23898.55,23903.3,23897.35,23897.35,0
2026-09-03 15:00:00,23896.45,23897.6,23891.05,23895.0,0
2026-09-03 15:01:00,23892.9,23904.4,23892.9,23901.05,0
2026-09-03 15:02:00,23900.0,23900.0,23891.85,23898.0,0
2026-09-03 15:03:00,23897.75,23899.6,23893.6,23894.5,0
2026-09-03 15:04:00,23893.85,23895.35,23888.05,23889.8,0
2026-09-03 15:05:00,23889.85,23890.2,23880.25,23887.1,0
2026-09-03 15:06:00,23887.4,23889.55,23879.05,23879.8,0
2026-09-03 15:07:00,23879.35,23885.55,23878.6,23882.7,0
2026-09-03 15:08:00,23882.8,23884.6,23879.25,23880.55,0
2026-09-03 15:09:00,23880.1,23888.35,23876.85,23887.5,0
2026-09-03 15:10:00,23886.6,23897.9,23886.4,23897.2,0
2026-09-03 15:11:00,23895.9,23897.5,23888.8,23895.05,0
2026-09-03 15:12:00,23894.7,23899.3,23890.3,23890.7,0
2026-09-03 15:13:00,23890.55,23906.3,23888.5,23903.8,0
2026-09-03 15:14:00,23905.3,23915.15,23901.55,23903.9,0
2026-09-03 15:28:00,23873.45,23873.45,23873.45,23873.45,0
2026-09-04 09:15:00,23910.9,23949.85,23902.9,23906.8,0
2026-09-04 09:16:00,23908.3,23934.7,23907.55,23928.25,0
2026-09-04 09:17:00,23931.1,23931.1,23916.0,23922.3,0
2026-09-04 09:18:00,23922.9,23928.8,23917.4,23928.4,0
2026-09-04 09:19:00,23928.1,23936.45,23925.2,23927.2,0
2026-09-04 09:20:00,23928.1,23931.3,23923.75,23923.9,0
2026-09-04 09:21:00,23924.25,23926.95,23913.8,23916.35,0
2026-09-04 09:22:00,23916.75,23917.2,23910.3,23912.05,0
2026-09-04 09:23:00,23912.4,23916.5,23910.05,23916.05,0
2026-09-04 09:24:00,23916.65,23922.35,23914.5,23915.3,0
2026-09-04 09:25:00,23916.55,23923.35,23916.45,23920.35,0
2026-09-04 09:26:00,23920.8,23922.05,23912.8,23913.35,0
2026-09-04 09:27:00,23913.5,23914.65,23903.25,23903.25,0
2026-09-04 09:28:00,23904.15,23909.05,23900.0,23907.7,0
2026-09-04 09:29:00,23909.2,23912.7,23906.1,23908.35,0
2026-09-04 09:30:00,23908.7,23912.45,23904.6,23905.6,0
2026-09-04 09:31:00,23904.8,23906.25,23898.2,23899.6,0
2026-09-04 09:32:00,23900.15,23904.2,23899.95,23899.95,0
2026-09-04 09:33:00,23901.15,23907.35,23901.15,23905.4,0
2026-09-04 09:34:00,23907.3,23916.3,23906.95,23907.2,0
2026-09-04 09:35:00,23907.35,23908.95,23900.3,23901.4,0
2026-09-04 09:36:00,23901.25,23901.85,23895.85,23900.1,0
2026-09-04 09:37:00,23900.8,23905.25,23900.05,23904.1,0
2026-09-04 09:38:00,23904.85,23906.95,23898.35,23900.1,0
2026-09-04 09:39:00,23900.45,23905.05,23898.45,23904.0,0
2026-09-04 09:40:00,23904.05,23913.9,23903.4,23911.85,0
2026-09-04 09:41:00,23911.6,23913.0,23905.7,23906.05,0
2026-09-04 09:42:00,23906.4,23908.7,23903.7,23904.7,0
2026-09-04 09:43:00,23904.35,23908.9,23903.95,23908.5,0
2026-09-04 09:44:00,23908.35,23913.6,23908.35,23910.55,0
2026-09-04 09:45:00,23912.5,23926.0,23910.6,23924.75,0
2026-09-04 09:46:00,23925.1,23929.65,23924.95,23925.85,0
2026-09-04 09:47:00,23926.25,23927.85,23921.4,23924.45,0
2026-09-04 09:48:00,23924.8,23929.05,23921.7,23922.9,0
2026-09-04 09:49:00,23923.25,23928.25,23922.6,23925.45,0
2026-09-04 09:50:00,23926.25,23932.2,23925.2,23930.55,0
2026-09-04 09:51:00,23931.65,23938.35,23928.65,23936.8,0
2026-09-04 09:52:00,23936.85,23943.4,23935.65,23943.4,0
2026-09-04 09:53:00,23943.6,23947.55,23941.7,23945.6,0
2026-09-04 09:54:00,23945.5,23946.8,23941.75,23945.15,0
2026-09-04 09:55:00,23946.0,23953.3,23945.95,23948.65,0
2026-09-04 09:56:00,23949.9,23951.1,23946.0,23948.75,0
2026-09-04 09:57:00,23949.7,23951.5,23947.65,23950.0,0
2026-09-04 09:58:00,23950.45,23955.0,23949.65,23952.05,0
2026-09-04 09:59:00,23952.8,23955.25,23946.1,23948.4,0
2026-09-04 10:00:00,23948.7,23952.8,23947.15,23952.4,0
2026-09-04 10:01:00,23953.5,23961.3,23952.05,23956.6,0
2026-09-04 10:02:00,23957.15,23959.95,23954.45,23956.15,0
2026-09-04 10:03:00,23957.95,23962.3,23957.1,23959.7,0
2026-09-04 10:04:00,23961.0,23962.55,23958.45,23959.3,0
2026-09-04 10:05:00,23959.05,23961.2,23950.85,23951.5,0
2026-09-04 10:06:00,23952.0,23954.15,23950.2,23952.65,0
2026-09-04 10:07:00,23953.95,23954.15,23949.45,23950.8,0
2026-09-04 10:08:00,23950.95,23953.3,23949.9,23950.7,0
2026-09-04 10:09:00,23950.95,23952.0,23945.5,23945.9,0
2026-09-04 10:10:00,23948.25,23948.5,23941.55,23942.05,0
2026-09-04 10:11:00,23942.4,23947.05,23941.8,23942.0,0
2026-09-04 10:12:00,23943.95,23946.8,23941.7,23941.7,0
2026-09-04 10:13:00,23942.05,23942.95,23936.05,23936.85,0
2026-09-04 10:14:00,23937.65,23940.85,23936.25,23939.45,0
2026-09-04 10:15:00,23939.55,23940.95,23936.45,23936.6,0
2026-09-04 10:16:00,23937.1,23944.1,23937.1,23943.9,0
2026-09-04 10:17:00,23944.0,23947.85,23944.0,23944.1,0
2026-09-04 10:18:00,23944.05,23952.7,23942.95,23951.45,0
2026-09-04 10:19:00,23951.55,23952.4,23945.45,23946.15,0
2026-09-04 10:20:00,23946.1,23951.65,23945.85,23951.65,0
2026-09-04 10:21:00,23952.15,23955.0,23950.05,23954.2,0
2026-09-04 10:22:00,23954.55,23956.05,23952.2,23954.55,0
2026-09-04 10:23:00,23955.05,23956.4,23951.3,23952.15,0
2026-09-04 10:24:00,23952.55,23953.55,23950.3,23951.85,0
2026-09-04 10:25:00,23952.35,23958.25,23951.4,23956.05,0
2026-09-04 10:26:00,23956.4,23958.0,23954.0,23954.35,0
2026-09-04 10:27:00,23955.5,23958.2,23954.8,23957.0,0
2026-09-04 10:28:00,23958.15,23961.6,23956.55,23959.05,0
2026-09-04 10:29:00,23958.65,23964.75,23958.65,23963.8,0
2026-09-04 10:30:00,23964.35,23971.85,23963.4,23965.35,0
2026-09-04 10:31:00,23965.1,23968.25,23960.1,23966.75,0
2026-09-04 10:32:00,23966.15,23969.4,23964.85,23965.35,0
2026-09-04 10:33:00,23966.0,23967.3,23960.0,23960.6,0
2026-09-04 10:34:00,23961.3,23963.45,23959.85,23959.95,0
2026-09-04 10:35:00,23960.8,23962.65,23956.2,23956.7,0
2026-09-04 10:36:00,23957.55,23958.0,23952.85,23954.7,0
2026-09-04 10:37:00,23954.9,23959.75,23954.6,23958.45,0
2026-09-04 10:38:00,23959.3,23963.85,23958.8,23960.4,0
2026-09-04 10:39:00,23962.2,23964.45,23959.6,23960.6,0
2026-09-04 10:40:00,23961.3,23963.85,23960.4,23961.0,0
2026-09-04 10:41:00,23960.6,23961.75,23953.1,23955.05,0
2026-09-04 10:42:00,23955.35,23957.25,23953.3,23953.7,0
2026-09-04 10:43:00,23953.75,23956.0,23953.05,23955.65,0
2026-09-04 10:44:00,23955.95,23956.55,23952.45,23953.2,0
2026-09-04 10:45:00,23954.2,23955.0,23951.85,23953.3,0
2026-09-04 10:46:00,23953.55,23958.55,23951.8,23958.2,0
2026-09-04 10:47:00,23957.25,23959.55,23956.3,23957.55,0
2026-09-04 10:48:00,23958.05,23960.75,23956.55,23958.75,0
2026-09-04 10:49:00,23958.7,23960.6,23957.4,23959.15,0
2026-09-04 10:50:00,23959.3,23961.25,23955.55,23956.2,0
2026-09-04 10:51:00,23957.4,23958.6,23955.35,23958.55,0
2026-09-04 10:52:00,23958.3,23960.7,23956.75,23957.6,0
2026-09-04 10:53:00,23958.4,23960.05,23956.8,23958.4,0
2026-09-04 10:54:00,23958.65,23965.2,23958.05,23963.05,0
2026-09-04 10:55:00,23964.3,23966.1,23962.75,23964.0,0
2026-09-04 10:56:00,23964.9,23966.45,23959.85,23961.8,0
2026-09-04 10:57:00,23961.9,23965.4,23961.55,23962.1,0
2026-09-04 10:58:00,23963.0,23964.15,23960.5,23961.4,0
2026-09-04 10:59:00,23961.6,23967.25,23961.05,23967.05,0
2026-09-04 11:00:00,23967.3,23971.95,23966.15,23970.9,0
2026-09-04 11:01:00,23970.75,23972.6,23966.95,23967.05,0
2026-09-04 11:02:00,23967.5,23968.9,23957.85,23961.35,0
2026-09-04 11:03:00,23962.05,23964.7,23960.55,23962.6,0
2026-09-04 11:04:00,23962.7,23968.15,23962.2,23965.35,0
2026-09-04 11:05:00,23966.85,23968.55,23963.55,23965.75,0
2026-09-04 11:06:00,23965.55,23966.3,23961.8,23962.9,0
2026-09-04 11:07:00,23963.1,23969.2,23962.6,23968.15,0
2026-09-04 11:08:00,23968.35,23971.65,23967.15,23968.9,0
2026-09-04 11:09:00,23968.55,23974.9,23967.9,23971.65,0
2026-09-04 11:10:00,23972.7,23974.4,23969.35,23972.0,0
2026-09-04 11:11:00,23972.05,23976.1,23969.0,23969.0,0
2026-09-04 11:12:00,23970.25,23971.55,23966.45,23967.25,0
2026-09-04 11:13:00,23967.95,23968.35,23963.0,23963.3,0
2026-09-04 11:14:00,23963.85,23966.05,23962.95,23965.05,0
2026-09-04 11:15:00,23965.25,23965.9,23960.95,23964.6,0
2026-09-04 11:16:00,23964.35,23967.55,23961.45,23963.15,0
2026-09-04 11:17:00,23963.6,23966.35,23962.45,23964.9,0
2026-09-04 11:18:00,23965.75,23970.75,23965.35,23969.1,0
2026-09-04 11:19:00,23969.35,23974.95,23968.8,23974.7,0
2026-09-04 11:20:00,23975.25,23977.7,23971.2,23974.65,0
2026-09-04 11:21:00,23975.25,23980.95,23974.65,23979.8,0
2026-09-04 11:22:00,23981.35,23986.5,23979.55,23983.65,0
2026-09-04 11:23:00,23984.2,23988.45,23982.15,23983.3,0
2026-09-04 11:24:00,23983.95,23987.1,23978.85,23979.9,0
2026-09-04 11:25:00,23980.4,23985.65,23977.35,23984.55,0
2026-09-04 11:26:00,23985.3,23987.9,23983.6,23986.25,0
2026-09-04 11:27:00,23987.0,23989.45,23984.45,23988.0,0
2026-09-04 11:28:00,23987.8,23990.2,23983.2,23986.45,0
2026-09-04 11:29:00,23985.3,23985.75,23981.45,23982.15,0
2026-09-04 11:30:00,23982.85,23987.45,23982.75,23984.8,0
2026-09-04 11:31:00,23985.5,23987.85,23984.3,23985.25,0
2026-09-04 11:32:00,23986.0,23988.5,23985.25,23987.6,0
2026-09-04 11:33:00,23988.65,23990.55,23986.25,23988.1,0
2026-09-04 11:34:00,23988.25,23989.55,23985.75,23987.6,0
2026-09-04 11:35:00,23989.0,23989.45,23986.55,23987.25,0
2026-09-04 11:36:00,23987.1,23989.0,23986.05,23987.8,0
2026-09-04 11:37:00,23987.5,23989.5,23984.85,23986.2,0
2026-09-04 11:38:00,23986.5,23999.0,23986.5,23996.65,0
2026-09-04 11:39:00,23998.55,24005.75,23997.4,23999.05,0
2026-09-04 11:40:00,24001.3,24004.2,23998.0,23998.0,0
2026-09-04 11:41:00,24000.15,24000.15,23991.85,23993.15,0
2026-09-04 11:42:00,23993.7,23993.75,23983.55,23985.75,0
2026-09-04 11:43:00,23986.05,23987.1,23982.35,23983.5,0
2026-09-04 11:44:00,23984.95,23986.3,23980.3,23981.5,0
2026-09-04 11:45:00,23981.85,23983.9,23980.65,23981.3,0
2026-09-04 11:46:00,23983.15,23985.25,23981.1,23982.4,0
2026-09-04 11:47:00,23982.35,23984.7,23980.95,23982.15,0
2026-09-04 11:48:00,23983.0,23987.75,23978.1,23981.25,0
2026-09-04 11:49:00,23981.4,23985.75,23981.4,23984.15,0
2026-09-04 11:50:00,23984.45,23991.5,23984.45,23987.9,0
2026-09-04 11:51:00,23988.45,23991.75,23986.9,23988.45,0
2026-09-04 11:52:00,23989.35,23991.1,23985.7,23986.35,0
2026-09-04 11:53:00,23986.4,23987.2,23982.3,23985.0,0
2026-09-04 11:54:00,23985.15,23988.5,23984.3,23985.25,0
2026-09-04 11:55:00,23986.0,23987.8,23984.7,23986.0,0
2026-09-04 11:56:00,23987.45,23987.45,23983.75,23984.65,0
2026-09-04 11:57:00,23985.8,23988.6,23983.0,23985.25,0
2026-09-04 11:58:00,23985.0,23988.65,23980.35,23981.6,0
2026-09-04 11:59:00,23982.15,23983.55,23977.35,23978.65,0
2026-09-04 12:00:00,23979.7,23979.7,23973.6,23973.65,0
2026-09-04 12:01:00,23974.35,23976.2,23971.2,23971.25,0
2026-09-04 12:02:00,23973.0,23973.0,23968.0,23968.65,0
2026-09-04 12:03:00,23968.8,23970.65,23962.85,23963.45,0
2026-09-04 12:04:00,23963.6,23966.45,23958.7,23959.1,0
2026-09-04 12:05:00,23959.3,23961.25,23957.5,23959.65,0
2026-09-04 12:06:00,23959.8,23962.55,23958.4,23958.6,0
2026-09-04 12:07:00,23958.45,23960.45,23957.05,23958.4,0
2026-09-04 12:08:00,23958.45,23964.0,23958.3,23963.8,0
2026-09-04 12:09:00,23963.4,23966.65,23962.8,23964.5,0
2026-09-04 12:10:00,23965.3,23965.7,23953.45,23954.85,0
2026-09-04 12:11:00,23955.9,23955.9,23951.6,23951.95,0
2026-09-04 12:12:00,23952.25,23956.45,23951.05,23952.2,0
2026-09-04 12:13:00,23953.15,23953.15,23946.8,23948.25,0
2026-09-04 12:14:00,23948.7,23952.85,23947.85,23952.85,0
2026-09-04 12:15:00,23951.7,23953.6,23947.05,23948.0,0
2026-09-04 12:16:00,23948.1,23949.65,23943.15,23945.15,0
2026-09-04 12:17:00,23944.8,23949.7,23944.8,23948.55,0
2026-09-04 12:18:00,23949.9,23954.15,23948.9,23952.95,0
2026-09-04 12:19:00,23952.8,23954.35,23947.45,23948.55,0
2026-09-04 12:20:00,23948.35,23949.6,23942.75,23944.9,0
2026-09-04 12:21:00,23946.45,23947.1,23942.7,23945.2,0
2026-09-04 12:22:00,23944.95,23946.3,23941.35,23942.25,0
2026-09-04 12:23:00,23944.25,23946.35,23941.65,23944.25,0
2026-09-04 12:24:00,23944.65,23947.75,23940.4,23940.5,0
2026-09-04 12:25:00,23941.3,23941.35,23937.55,23941.35,0
2026-09-04 12:26:00,23941.3,23945.95,23940.2,23944.9,0
2026-09-04 12:27:00,23946.75,23946.75,23942.15,23942.65,0
2026-09-04 12:28:00,23945.35,23951.55,23943.65,23949.3,0
2026-09-04 12:29:00,23950.4,23950.65,23946.0,23947.0,0
2026-09-04 12:30:00,23948.55,23948.55,23942.2,23943.65,0
2026-09-04 12:31:00,23945.4,23947.25,23943.4,23944.55,0
2026-09-04 12:32:00,23947.55,23949.2,23944.25,23948.3,0
2026-09-04 12:33:00,23950.4,23950.4,23945.4,23946.25,0
2026-09-04 12:34:00,23948.25,23948.25,23943.8,23944.95,0
2026-09-04 12:35:00,23947.2,23947.5,23943.6,23945.65,0
2026-09-04 12:36:00,23947.25,23947.25,23940.2,23941.05,0
2026-09-04 12:37:00,23942.5,23942.5,23937.15,23937.75,0
2026-09-04 12:38:00,23940.35,23940.35,23937.55,23940.0,0
2026-09-04 12:39:00,23942.0,23943.25,23939.8,23942.3,0
2026-09-04 12:40:00,23944.3,23946.45,23941.95,23944.75,0
2026-09-04 12:41:00,23946.7,23946.7,23942.4,23942.4,0
2026-09-04 12:42:00,23944.4,23944.4,23940.6,23941.55,0
2026-09-04 12:43:00,23943.5,23944.55,23939.2,23939.65,0
2026-09-04 12:44:00,23941.4,23941.4,23938.0,23938.6,0
2026-09-04 12:45:00,23940.15,23941.8,23937.9,23938.5,0
2026-09-04 12:46:00,23940.4,23940.6,23935.3,23936.15,0
2026-09-04 12:47:00,23938.0,23938.15,23934.8,23936.25,0
2026-09-04 12:48:00,23938.2,23941.05,23936.65,23940.8,0
2026-09-04 12:49:00,23942.8,23942.8,23938.65,23940.4,0
2026-09-04 12:50:00,23942.3,23943.25,23939.45,23940.1,0
2026-09-04 12:51:00,23941.15,23941.3,23938.4,23939.45,0
2026-09-04 12:52:00,23941.85,23945.3,23938.9,23943.8,0
2026-09-04 12:53:00,23945.8,23946.7,23943.4,23945.35,0
2026-09-04 12:54:00,23946.4,23946.4,23940.85,23942.25,0
2026-09-04 12:55:00,23944.05,23944.05,23936.95,23937.85,0
2026-09-04 12:56:00,23939.95,23939.95,23935.25,23935.4,0
2026-09-04 12:57:00,23937.45,23937.45,23927.25,23928.85,0
2026-09-04 12:58:00,23931.05,23934.2,23928.15,23931.6,0
2026-09-04 12:59:00,23933.6,23936.55,23931.5,23935.1,0
2026-09-04 13:00:00,23936.95,23939.65,23934.35,23938.95,0
2026-09-04 13:01:00,23940.85,23941.75,23936.05,23937.5,0
2026-09-04 13:02:00,23940.35,23940.35,23934.8,23935.0,0
2026-09-04 13:03:00,23937.55,23938.3,23933.55,23936.5,0
2026-09-04 13:04:00,23938.1,23938.1,23933.95,23935.3,0
2026-09-04 13:05:00,23936.7,23937.75,23934.9,23935.55,0
2026-09-04 13:06:00,23938.15,23938.15,23933.65,23935.7,0
2026-09-04 13:07:00,23937.1,23938.1,23934.5,23935.2,0
2026-09-04 13:08:00,23938.45,23941.75,23935.85,23939.75,0
2026-09-04 13:09:00,23941.55,23944.6,23939.25,23943.75,0
2026-09-04 13:10:00,23945.9,23952.65,23943.25,23949.35,0
2026-09-04 13:11:00,23952.2,23952.2,23946.85,23948.4,0
2026-09-04 13:12:00,23950.0,23950.0,23946.45,23947.55,0
2026-09-04 13:13:00,23949.35,23950.05,23946.15,23947.95,0
2026-09-04 13:14:00,23949.05,23949.15,23945.05,23946.35,0
2026-09-04 13:15:00,23948.45,23949.8,23945.0,23948.2,0
2026-09-04 13:16:00,23950.9,23953.7,23947.4,23952.55,0
2026-09-04 13:17:00,23954.1,23957.9,23952.8,23955.75,0
2026-09-04 13:18:00,23957.85,23957.85,23951.65,23951.8,0
2026-09-04 13:19:00,23954.0,23954.45,23949.65,23951.1,0
2026-09-04 13:20:00,23952.65,23953.4,23949.1,23950.45,0
2026-09-04 13:21:00,23953.2,23953.25,23948.1,23949.25,0
2026-09-04 13:22:00,23951.9,23955.5,23947.95,23953.95,0
2026-09-04 13:23:00,23956.05,23956.05,23948.2,23949.55,0
2026-09-04 13:24:00,23951.5,23955.2,23948.55,23953.4,0
2026-09-04 13:25:00,23956.2,23956.2,23944.45,23945.6,0
2026-09-04 13:26:00,23947.65,23951.65,23945.2,23948.1,0
2026-09-04 13:27:00,23950.7,23950.7,23940.65,23941.25,0
2026-09-04 13:28:00,23942.5,23942.5,23939.8,23939.9,0
2026-09-04 13:29:00,23942.5,23942.5,23935.65,23939.4,0
2026-09-04 13:30:00,23940.9,23940.9,23936.65,23938.25,0
2026-09-04 13:31:00,23941.05,23941.75,23935.95,23936.35,0
2026-09-04 13:32:00,23938.15,23938.15,23931.65,23931.8,0
2026-09-04 13:33:00,23934.3,23940.1,23931.85,23939.7,0
2026-09-04 13:34:00,23941.0,23941.0,23932.25,23933.7,0
2026-09-04 13:35:00,23935.0,23938.45,23933.5,23938.0,0
2026-09-04 13:36:00,23939.95,23940.7,23937.2,23938.3,0
2026-09-04 13:37:00,23940.35,23943.35,23938.1,23940.6,0
2026-09-04 13:38:00,23942.35,23942.35,23937.05,23940.25,0
2026-09-04 13:39:00,23942.35,23943.0,23939.9,23942.2,0
2026-09-04 13:40:00,23944.2,23944.2,23940.0,23941.65,0
2026-09-04 13:41:00,23945.1,23945.1,23936.7,23943.8,0
2026-09-04 13:42:00,23945.1,23948.25,23941.1,23947.8,0
2026-09-04 13:43:00,23948.7,23951.7,23942.8,23944.45,0
2026-09-04 13:44:00,23946.6,23946.6,23942.4,23944.35,0
2026-09-04 13:45:00,23946.4,23949.2,23944.3,23948.7,0
2026-09-04 13:46:00,23951.0,23951.0,23947.95,23948.85,0
2026-09-04 13:47:00,23951.3,23953.75,23949.7,23951.95,0
2026-09-04 13:48:00,23953.1,23953.1,23947.4,23948.95,0
2026-09-04 13:49:00,23950.1,23950.1,23945.65,23948.75,0
2026-09-04 13:50:00,23950.9,23950.9,23943.3,23947.6,0
2026-09-04 13:51:00,23948.8,23948.8,23937.85,23938.6,0
2026-09-04 13:52:00,23941.2,23941.2,23937.1,23939.3,0
2026-09-04 13:53:00,23941.45,23944.2,23940.0,23942.05,0
2026-09-04 13:54:00,23943.9,23943.9,23939.3,23941.6,0
2026-09-04 13:55:00,23942.85,23942.85,23938.5,23940.4,0
2026-09-04 13:56:00,23942.3,23944.4,23940.5,23943.25,0
2026-09-04 13:57:00,23944.65,23946.6,23942.85,23944.35,0
2026-09-04 13:58:00,23946.7,23946.7,23940.25,23940.8,0
2026-09-04 13:59:00,23943.25,23943.25,23938.4,23939.15,0
2026-09-04 14:00:00,23942.2,23943.4,23939.3,23941.05,0
2026-09-04 14:01:00,23942.5,23942.65,23938.65,23941.65,0
2026-09-04 14:02:00,23942.5,23944.45,23938.9,23940.9,0
2026-09-04 14:03:00,23943.05,23943.9,23939.65,23941.45,0
2026-09-04 14:04:00,23943.55,23946.25,23940.15,23943.15,0
2026-09-04 14:05:00,23945.1,23947.4,23944.1,23945.3,0
2026-09-04 14:06:00,23947.85,23948.9,23944.55,23946.9,0
2026-09-04 14:07:00,23949.65,23950.0,23945.65,23946.4,0
2026-09-04 14:08:00,23948.65,23948.65,23940.2,23942.95,0
2026-09-04 14:09:00,23944.6,23945.1,23941.6,23942.8,0
2026-09-04 14:10:00,23944.9,23946.95,23942.45,23945.9,0
2026-09-04 14:11:00,23947.8,23949.0,23944.6,23947.95,0
2026-09-04 14:12:00,23949.55,23950.0,23946.3,23947.55,0
2026-09-04 14:13:00,23950.15,23950.75,23947.1,23949.2,0
2026-09-04 14:14:00,23950.65,23951.3,23947.45,23948.2,0
2026-09-04 14:15:00,23950.05,23950.05,23945.0,23946.05,0
2026-09-04 14:16:00,23947.8,23947.8,23942.75,23943.7,0
2026-09-04 14:17:00,23945.8,23945.95,23942.95,23943.45,0
2026-09-04 14:18:00,23945.3,23946.45,23942.1,23944.8,0
2026-09-04 14:19:00,23946.55,23947.75,23944.05,23946.35,0
2026-09-04 14:20:00,23947.2,23950.1,23946.2,23948.9,0
2026-09-04 14:21:00,23951.0,23951.35,23947.6,23949.15,0
2026-09-04 14:22:00,23951.3,23954.0,23948.0,23949.05,0
2026-09-04 14:23:00,23950.45,23950.45,23943.8,23945.45,0
2026-09-04 14:24:00,23946.0,23950.05,23944.7,23947.45,0
2026-09-04 14:25:00,23950.75,23955.85,23947.15,23953.25,0
2026-09-04 14:26:00,23955.5,23958.8,23952.6,23956.2,0
2026-09-04 14:27:00,23958.2,23961.1,23956.6,23957.5,0
2026-09-04 14:28:00,23958.6,23958.95,23955.5,23958.4,0
2026-09-04 14:29:00,23960.15,23961.1,23956.85,23957.6,0
2026-09-04 14:30:00,23958.95,23960.75,23957.65,23959.8,0
2026-09-04 14:31:00,23961.5,23965.05,23959.7,23962.9,0
2026-09-04 14:32:00,23964.5,23966.35,23962.1,23963.6,0
2026-09-04 14:33:00,23964.6,23964.6,23958.7,23959.5,0
2026-09-04 14:34:00,23960.65,23960.65,23956.35,23956.35,0
2026-09-04 14:35:00,23958.35,23958.85,23954.5,23957.85,0
2026-09-04 14:36:00,23958.85,23960.45,23951.05,23951.3,0
2026-09-04 14:37:00,23951.85,23952.05,23948.1,23949.55,0
2026-09-04 14:38:00,23951.45,23952.0,23943.5,23943.9,0
2026-09-04 14:39:00,23946.05,23946.75,23939.4,23941.65,0
2026-09-04 14:40:00,23943.45,23945.35,23940.4,23943.85,0
2026-09-04 14:41:00,23946.25,23948.25,23944.05,23946.25,0
2026-09-04 14:42:00,23947.65,23947.65,23941.5,23943.2,0
2026-09-04 14:43:00,23944.8,23944.8,23937.85,23939.2,0
2026-09-04 14:44:00,23939.35,23941.55,23937.05,23937.25,0
2026-09-04 14:45:00,23937.7,23939.8,23934.45,23935.3,0
2026-09-04 14:46:00,23937.35,23939.0,23934.0,23936.6,0
2026-09-04 14:47:00,23937.9,23939.3,23935.75,23937.4,0
2026-09-04 14:48:00,23938.3,23940.85,23937.1,23937.65,0
2026-09-04 14:49:00,23938.95,23940.7,23936.9,23939.95,0
2026-09-04 14:50:00,23939.7,23944.75,23935.9,23938.8,0
2026-09-04 14:51:00,23938.75,23943.75,23938.05,23941.55,0
2026-09-04 14:52:00,23943.0,23943.95,23936.9,23939.5,0
2026-09-04 14:53:00,23939.65,23939.85,23934.35,23937.05,0
2026-09-04 14:54:00,23938.6,23942.25,23936.95,23940.55,0
2026-09-04 14:55:00,23941.25,23941.35,23935.1,23936.9,0
2026-09-04 14:56:00,23936.95,23940.8,23935.5,23938.35,0
2026-09-04 14:57:00,23938.7,23939.3,23936.65,23937.3,0
2026-09-04 14:58:00,23937.35,23943.3,23936.4,23939.6,0
2026-09-04 14:59:00,23938.75,23940.5,23936.8,23938.1,0
2026-09-04 15:00:00,23936.8,23942.15,23936.7,23941.7,0
2026-09-04 15:01:00,23941.15,23942.95,23934.3,23935.25,0
2026-09-04 15:02:00,23934.8,23939.7,23934.65,23938.3,0
2026-09-04 15:03:00,23937.65,23940.1,23934.25,23935.2,0
2026-09-04 15:04:00,23934.6,23937.25,23929.6,23931.0,0
2026-09-04 15:05:00,23930.0,23937.6,23928.75,23935.75,0
2026-09-04 15:06:00,23935.45,23938.75,23934.35,23935.6,0
2026-09-04 15:07:00,23935.35,23938.7,23934.7,23937.7,0
2026-09-04 15:08:00,23938.05,23940.05,23934.65,23935.15,0
2026-09-04 15:09:00,23935.5,23938.6,23932.4,23938.6,0
2026-09-04 15:10:00,23937.0,23938.6,23933.6,23935.55,0
2026-09-04 15:11:00,23935.45,23937.3,23932.85,23934.9,0
2026-09-04 15:12:00,23935.05,23944.4,23931.05,23935.6,0
2026-09-04 15:13:00,23934.75,23942.4,23933.35,23936.95,0
2026-09-04 15:14:00,23935.95,23939.3,23928.25,23938.4,0
2026-09-04 15:28:00,23897.7,23897.7,23897.7,23897.7,0
2026-09-07 09:15:00,23883.15,23890.0,23837.9,23838.4,0
2026-09-07 09:16:00,23837.3,23846.6,23818.5,23845.0,0
2026-09-07 09:17:00,23846.75,23854.5,23841.75,23845.5,0
2026-09-07 09:18:00,23846.1,23858.25,23843.0,23856.7,0
2026-09-07 09:19:00,23858.7,23862.6,23854.75,23858.8,0
2026-09-07 09:20:00,23859.35,23859.35,23846.0,23847.35,0
2026-09-07 09:21:00,23847.8,23858.35,23846.4,23850.8,0
2026-09-07 09:22:00,23852.85,23857.75,23848.55,23857.75,0
2026-09-07 09:23:00,23859.3,23861.3,23849.15,23851.4,0
2026-09-07 09:24:00,23853.45,23853.7,23838.25,23838.25,0
2026-09-07 09:25:00,23841.75,23841.75,23831.05,23834.5,0
2026-09-07 09:26:00,23837.95,23838.0,23832.75,23835.15,0
2026-09-07 09:27:00,23835.9,23835.9,23828.35,23830.15,0
2026-09-07 09:28:00,23831.35,23833.0,23826.65,23831.25,0
2026-09-07 09:29:00,23834.0,23834.0,23828.65,23828.65,0
2026-09-07 09:30:00,23830.95,23840.9,23828.25,23836.85,0
2026-09-07 09:31:00,23840.5,23841.05,23832.95,23833.15,0
2026-09-07 09:32:00,23835.3,23835.7,23832.0,23834.85,0
2026-09-07 09:33:00,23836.35,23840.4,23833.75,23836.3,0
2026-09-07 09:34:00,23837.85,23840.0,23831.15,23839.2,0
2026-09-07 09:35:00,23840.5,23840.5,23833.85,23836.9,0
2026-09-07 09:36:00,23838.65,23844.95,23837.95,23842.65,0
2026-09-07 09:37:00,23843.6,23845.0,23835.95,23838.45,0
2026-09-07 09:38:00,23839.3,23840.8,23835.95,23836.25,0
2026-09-07 09:39:00,23838.5,23840.35,23835.7,23838.0,0
2026-09-07 09:40:00,23839.25,23844.0,23838.1,23840.9,0
2026-09-07 09:41:00,23842.15,23842.65,23835.85,23837.6,0
2026-09-07 09:42:00,23837.85,23842.5,23835.55,23841.5,0
2026-09-07 09:43:00,23841.8,23845.65,23838.95,23840.15,0
2026-09-07 09:44:00,23840.85,23840.85,23833.5,23835.85,0
2026-09-07 09:45:00,23837.65,23841.8,23836.35,23838.5,0
2026-09-07 09:46:00,23840.1,23841.5,23835.4,23836.2,0
2026-09-07 09:47:00,23837.25,23838.1,23833.45,23834.35,0
2026-09-07 09:48:00,23835.45,23836.1,23827.85,23829.35,0
2026-09-07 09:49:00,23830.1,23831.1,23827.7,23829.25,0
2026-09-07 09:50:00,23830.45,23832.3,23825.95,23827.75,0
2026-09-07 09:51:00,23829.3,23833.3,23828.45,23830.7,0
2026-09-07 09:52:00,23832.0,23832.4,23825.2,23825.2,0
2026-09-07 09:53:00,23826.75,23827.45,23824.2,23824.65,0
2026-09-07 09:54:00,23826.0,23826.35,23815.0,23817.15,0
2026-09-07 09:55:00,23818.15,23820.05,23810.15,23815.55,0
2026-09-07 09:56:00,23816.65,23822.4,23814.4,23822.4,0
2026-09-07 09:57:00,23823.45,23827.8,23822.0,23822.8,0
2026-09-07 09:58:00,23823.45,23823.8,23815.65,23817.1,0
2026-09-07 09:59:00,23818.15,23820.6,23815.55,23815.95,0
2026-09-07 10:00:00,23817.05,23821.8,23816.85,23817.75,0
2026-09-07 10:01:00,23819.0,23819.65,23812.1,23817.45,0
2026-09-07 10:02:00,23818.25,23825.5,23816.95,23821.7,0
2026-09-07 10:03:00,23823.1,23827.05,23821.55,23822.55,0
2026-09-07 10:04:00,23822.45,23824.35,23818.25,23822.15,0
2026-09-07 10:05:00,23823.55,23823.55,23816.5,23819.15,0
2026-09-07 10:06:00,23820.2,23821.0,23816.15,23818.85,0
2026-09-07 10:07:00,23819.7,23820.7,23817.3,23818.9,0
2026-09-07 10:08:00,23820.3,23821.75,23816.9,23820.1,0
2026-09-07 10:09:00,23821.65,23823.1,23816.7,23816.95,0
2026-09-07 10:10:00,23819.45,23820.65,23814.55,23814.9,0
2026-09-07 10:11:00,23816.45,23817.3,23813.85,23814.65,0
2026-09-07 10:12:00,23815.85,23816.9,23813.4,23815.15,0
2026-09-07 10:13:00,23816.2,23816.7,23808.75,23809.6,0
2026-09-07 10:14:00,23810.75,23812.9,23806.1,23806.45,0
2026-09-07 10:15:00,23808.1,23811.15,23805.7,23806.05,0
2026-09-07 10:16:00,23807.4,23807.4,23792.55,23792.9,0
2026-09-07 10:17:00,23793.55,23793.7,23789.45,23791.65,0
2026-09-07 10:18:00,23792.95,23798.8,23791.1,23796.7,0
2026-09-07 10:19:00,23798.5,23799.05,23795.75,23796.55,0
2026-09-07 10:20:00,23797.75,23801.2,23795.7,23798.65,0
2026-09-07 10:21:00,23799.7,23802.3,23797.7,23801.35,0
2026-09-07 10:22:00,23802.2,23809.15,23801.55,23806.95,0
2026-09-07 10:23:00,23808.1,23809.45,23804.3,23804.5,0
2026-09-07 10:24:00,23806.0,23806.0,23801.4,23801.6,0
2026-09-07 10:25:00,23802.4,23804.2,23801.45,23802.75,0
2026-09-07 10:26:00,23803.75,23804.7,23800.6,23801.35,0
2026-09-07 10:27:00,23802.55,23806.0,23800.9,23804.85,0
2026-09-07 10:28:00,23804.95,23804.95,23798.6,23800.45,0
2026-09-07 10:29:00,23801.0,23804.0,23798.4,23799.6,0
2026-09-07 10:30:00,23801.1,23804.25,23799.4,23800.9,0
2026-09-07 10:31:00,23802.3,23805.45,23800.0,23803.65,0
2026-09-07 10:32:00,23804.95,23805.3,23801.45,23802.05,0
2026-09-07 10:33:00,23802.1,23802.15,23798.5,23799.35,0
2026-09-07 10:34:00,23800.35,23801.4,23799.05,23799.1,0
2026-09-07 10:35:00,23800.85,23800.95,23797.55,23798.35,0
2026-09-07 10:36:00,23799.7,23800.35,23795.1,23795.85,0
2026-09-07 10:37:00,23797.6,23804.05,23796.25,23801.1,0
2026-09-07 10:38:00,23802.3,23803.05,23799.45,23799.45,0
2026-09-07 10:39:00,23801.1,23801.75,23798.55,23799.15,0
2026-09-07 10:40:00,23800.7,23800.7,23796.1,23797.0,0
2026-09-07 10:41:00,23798.65,23798.7,23796.15,23797.45,0
2026-09-07 10:42:00,23799.3,23800.6,23796.5,23800.6,0
2026-09-07 10:43:00,23800.75,23802.8,23799.05,23801.05,0
2026-09-07 10:44:00,23802.2,23802.3,23797.45,23802.05,0
2026-09-07 10:45:00,23803.05,23803.9,23797.4,23799.7,0
2026-09-07 10:46:00,23799.9,23801.35,23797.55,23798.7,0
2026-09-07 10:47:00,23799.8,23800.15,23797.25,23797.95,0
2026-09-07 10:48:00,23799.05,23799.3,23794.55,23794.6,0
2026-09-07 10:49:00,23796.5,23797.45,23791.75,23794.3,0
2026-09-07 10:50:00,23795.7,23799.8,23792.35,23797.4,0
2026-09-07 10:51:00,23798.15,23798.4,23790.7,23793.45,0
2026-09-07 10:52:00,23793.9,23795.1,23792.1,23794.65,0
2026-09-07 10:53:00,23796.0,23796.4,23790.35,23790.7,0
2026-09-07 10:54:00,23791.85,23791.85,23788.0,23789.0,0
2026-09-07 10:55:00,23790.6,23790.6,23784.45,23787.35,0
2026-09-07 10:56:00,23789.4,23795.35,23787.95,23789.5,0
2026-09-07 10:57:00,23790.8,23791.1,23787.2,23789.1,0
2026-09-07 10:58:00,23790.25,23791.05,23787.1,23789.3,0
2026-09-07 10:59:00,23790.85,23790.85,23787.1,23788.15,0
2026-09-07 11:00:00,23789.2,23789.2,23783.15,23785.4,0
2026-09-07 11:01:00,23786.85,23787.35,23784.05,23784.05,0
2026-09-07 11:02:00,23786.45,23786.45,23779.35,23781.35,0
2026-09-07 11:03:00,23783.2,23784.4,23780.4,23780.75,0
2026-09-07 11:04:00,23781.3,23781.3,23771.95,23774.1,0
2026-09-07 11:05:00,23775.35,23777.3,23772.65,23775.95,0
2026-09-07 11:06:00,23778.25,23778.25,23772.75,23774.4,0
2026-09-07 11:07:00,23775.5,23775.5,23770.25,23771.75,0
2026-09-07 11:08:00,23774.05,23774.05,23768.85,23772.5,0
2026-09-07 11:09:00,23773.8,23774.05,23768.7,23770.2,0
2026-09-07 11:10:00,23771.2,23773.6,23769.0,23770.3,0
2026-09-07 11:11:00,23771.25,23775.15,23769.55,23773.5,0
2026-09-07 11:12:00,23775.1,23775.1,23769.7,23771.45,0
2026-09-07 11:13:00,23773.5,23773.75,23762.6,23764.75,0
2026-09-07 11:14:00,23764.9,23771.9,23764.9,23769.15,0
2026-09-07 11:15:00,23770.25,23771.1,23764.2,23764.2,0
2026-09-07 11:16:00,23766.15,23769.2,23762.95,23767.7,0
2026-09-07 11:17:00,23769.25,23772.05,23766.55,23770.55,0
2026-09-07 11:18:00,23771.05,23771.05,23767.9,23769.35,0
2026-09-07 11:19:00,23770.45,23770.45,23763.55,23769.3,0
2026-09-07 11:20:00,23769.5,23773.6,23766.95,23773.6,0
2026-09-07 11:21:00,23774.1,23775.5,23771.95,23773.95,0
2026-09-07 11:22:00,23775.4,23776.6,23772.95,23776.05,0
2026-09-07 11:23:00,23777.65,23777.65,23773.45,23774.2,0
2026-09-07 11:24:00,23776.4,23776.4,23769.2,23770.3,0
2026-09-07 11:25:00,23770.95,23770.95,23765.8,23768.45,0
2026-09-07 11:26:00,23768.4,23769.8,23766.35,23767.7,0
2026-09-07 11:27:00,23769.8,23769.8,23764.45,23768.0,0
2026-09-07 11:28:00,23769.45,23771.45,23765.85,23767.9,0
2026-09-07 11:29:00,23770.3,23770.75,23765.5,23766.6,0
2026-09-07 11:30:00,23767.5,23772.25,23765.1,23766.15,0
2026-09-07 11:31:00,23766.7,23769.7,23764.25,23765.45,0
2026-09-07 11:32:00,23767.65,23769.25,23765.35,23768.3,0
2026-09-07 11:33:00,23770.05,23770.05,23765.65,23768.15,0
2026-09-07 11:34:00,23769.55,23769.55,23766.15,23767.15,0
2026-09-07 11:35:00,23768.25,23768.3,23763.5,23765.25,0
2026-09-07 11:36:00,23766.75,23767.45,23762.55,23763.6,0
2026-09-07 11:37:00,23765.3,23767.0,23764.1,23765.8,0
2026-09-07 11:38:00,23766.85,23766.95,23762.95,23764.55,0
2026-09-07 11:39:00,23766.7,23766.7,23762.05,23764.5,0
2026-09-07 11:40:00,23765.05,23765.05,23757.7,23758.1,0
2026-09-07 11:41:00,23760.7,23763.05,23757.65,23761.65,0
2026-09-07 11:42:00,23763.25,23769.1,23761.2,23767.55,0
2026-09-07 11:43:00,23768.5,23771.6,23767.1,23769.0,0
2026-09-07 11:44:00,23771.05,23773.1,23769.1,23771.9,0
2026-09-07 11:45:00,23773.75,23775.0,23771.45,23772.15,0
2026-09-07 11:46:00,23773.0,23773.65,23768.8,23772.1,0
2026-09-07 11:47:00,23773.75,23774.4,23771.0,23772.65,0
2026-09-07 11:48:00,23774.7,23774.7,23768.4,23770.3,0
2026-09-07 11:49:00,23771.1,23772.75,23767.9,23768.85,0
2026-09-07 11:50:00,23771.85,23773.55,23768.75,23769.2,0
2026-09-07 11:51:00,23770.45,23773.25,23768.5,23768.8,0
2026-09-07 11:52:00,23771.3,23774.65,23770.25,23773.55,0
2026-09-07 11:53:00,23774.85,23775.05,23770.8,23774.05,0
2026-09-07 11:54:00,23776.2,23779.35,23774.8,23775.5,0
2026-09-07 11:55:00,23777.15,23777.2,23773.6,23773.9,0
2026-09-07 11:56:00,23775.75,23776.7,23770.3,23770.45,0
2026-09-07 11:57:00,23773.25,23774.6,23770.35,23771.8,0
2026-09-07 11:58:00,23772.65,23775.8,23770.55,23774.35,0
2026-09-07 11:59:00,23776.25,23776.75,23773.9,23774.75,0
2026-09-07 12:00:00,23776.1,23776.5,23772.05,23773.85,0
2026-09-07 12:01:00,23774.9,23774.95,23769.25,23773.35,0
2026-09-07 12:02:00,23774.75,23775.4,23772.8,23773.15,0
2026-09-07 12:03:00,23775.0,23775.7,23772.55,23772.95,0
2026-09-07 12:04:00,23775.8,23777.0,23772.95,23774.8,0
2026-09-07 12:05:00,23776.25,23776.25,23771.45,23774.0,0
2026-09-07 12:06:00,23776.3,23777.75,23773.2,23776.3,0
2026-09-07 12:07:00,23777.5,23779.85,23776.55,23778.95,0
2026-09-07 12:08:00,23780.25,23786.8,23779.15,23783.25,0
2026-09-07 12:09:00,23784.7,23788.75,23783.45,23787.1,0
2026-09-07 12:10:00,23787.75,23787.75,23778.75,23779.7,0
2026-09-07 12:11:00,23781.25,23782.9,23778.4,23782.15,0
2026-09-07 12:12:00,23783.65,23787.15,23781.95,23785.5,0
2026-09-07 12:13:00,23786.9,23786.9,23779.9,23781.45,0
2026-09-07 12:14:00,23782.3,23786.95,23779.85,23785.95,0
2026-09-07 12:15:00,23786.7,23788.4,23782.8,23783.6,0
2026-09-07 12:16:00,23784.75,23784.85,23778.7,23778.9,0
2026-09-07 12:17:00,23780.25,23780.6,23775.25,23775.25,0
2026-09-07 12:18:00,23777.7,23778.85,23773.65,23773.65,0
2026-09-07 12:19:00,23774.6,23775.0,23767.5,23769.4,0
2026-09-07 12:20:00,23769.3,23772.1,23766.15,23771.7,0
2026-09-07 12:21:00,23772.8,23772.8,23767.05,23767.05,0
2026-09-07 12:22:00,23768.95,23768.95,23764.05,23764.85,0
2026-09-07 12:23:00,23765.55,23765.9,23763.85,23764.7,0
2026-09-07 12:24:00,23765.45,23768.75,23764.5,23767.85,0
2026-09-07 12:25:00,23768.15,23768.55,23765.05,23765.45,0
2026-09-07 12:26:00,23767.15,23767.95,23763.0,23764.2,0
2026-09-07 12:27:00,23765.65,23766.15,23762.3,23764.65,0
2026-09-07 12:28:00,23765.85,23765.85,23761.75,23762.1,0
2026-09-07 12:29:00,23763.4,23765.95,23759.8,23761.4,0
2026-09-07 12:30:00,23761.9,23761.9,23754.5,23756.45,0
2026-09-07 12:31:00,23757.15,23757.35,23752.9,23755.3,0
2026-09-07 12:32:00,23756.45,23758.7,23754.0,23757.35,0
2026-09-07 12:33:00,23758.95,23763.0,23757.05,23762.45,0
2026-09-07 12:34:00,23764.0,23764.0,23759.95,23761.4,0
2026-09-07 12:35:00,23762.1,23762.1,23751.75,23757.1,0
2026-09-07 12:36:00,23758.05,23760.45,23752.85,23757.2,0
2026-09-07 12:37:00,23757.85,23766.95,23756.2,23765.15,0
2026-09-07 12:38:00,23765.65,23768.15,23761.45,23765.15,0
2026-09-07 12:39:00,23766.25,23767.6,23759.75,23761.0,0
2026-09-07 12:40:00,23762.45,23763.7,23759.2,23761.35,0
2026-09-07 12:41:00,23763.1,23763.95,23755.45,23760.95,0
2026-09-07 12:42:00,23761.85,23764.0,23756.6,23757.35,0
2026-09-07 12:43:00,23759.0,23762.1,23757.55,23758.7,0
2026-09-07 12:44:00,23760.65,23761.2,23756.95,23758.4,0
2026-09-07 12:45:00,23760.45,23760.45,23755.1,23756.85,0
2026-09-07 12:46:00,23758.05,23758.7,23754.95,23756.2,0
2026-09-07 12:47:00,23757.2,23757.45,23751.1,23754.1,0
2026-09-07 12:48:00,23754.5,23754.5,23750.6,23752.45,0
2026-09-07 12:49:00,23753.25,23754.35,23750.8,23752.75,0
2026-09-07 12:50:00,23753.85,23753.85,23744.5,23746.25,0
2026-09-07 12:51:00,23747.7,23748.95,23742.35,23746.9,0
2026-09-07 12:52:00,23747.5,23747.5,23741.65,23741.9,0
2026-09-07 12:53:00,23743.2,23744.7,23740.5,23742.55,0
2026-09-07 12:54:00,23743.3,23745.6,23739.65,23744.65,0
2026-09-07 12:55:00,23744.7,23744.7,23739.25,23739.4,0
2026-09-07 12:56:00,23740.7,23743.4,23738.7,23741.4,0
2026-09-07 12:57:00,23743.45,23746.4,23740.9,23744.8,0
2026-09-07 12:58:00,23745.1,23746.75,23743.75,23744.9,0
2026-09-07 12:59:00,23745.25,23745.45,23742.95,23744.45,0
2026-09-07 13:00:00,23744.8,23746.55,23742.8,23743.1,0
2026-09-07 13:01:00,23744.1,23746.1,23741.05,23745.45,0
2026-09-07 13:02:00,23746.7,23750.35,23746.05,23747.2,0
2026-09-07 13:03:00,23747.85,23747.95,23744.15,23744.15,0
2026-09-07 13:04:00,23745.75,23747.0,23741.8,23746.25,0
2026-09-07 13:05:00,23747.25,23751.1,23745.7,23749.75,0
2026-09-07 13:06:00,23750.75,23755.0,23749.2,23753.4,0
2026-09-07 13:07:00,23754.55,23755.9,23750.65,23751.1,0
2026-09-07 13:08:00,23752.75,23753.75,23750.55,23751.6,0
2026-09-07 13:09:00,23752.8,23753.05,23750.0,23751.4,0
2026-09-07 13:10:00,23753.2,23754.3,23751.55,23752.35,0
2026-09-07 13:11:00,23753.45,23753.45,23749.2,23749.85,0
2026-09-07 13:12:00,23752.05,23754.4,23749.45,23753.9,0
2026-09-07 13:13:00,23754.9,23754.9,23750.85,23752.75,0
2026-09-07 13:14:00,23754.4,23754.9,23749.75,23750.15,0
2026-09-07 13:15:00,23751.35,23753.5,23749.45,23751.7,0
2026-09-07 13:16:00,23753.7,23754.2,23750.2,23750.85,0
2026-09-07 13:17:00,23752.75,23757.5,23750.75,23752.3,0
2026-09-07 13:18:00,23753.85,23753.85,23747.3,23747.3,0
2026-09-07 13:19:00,23749.45,23754.8,23748.3,23754.05,0
2026-09-07 13:20:00,23755.25,23758.3,23754.15,23755.1,0
2026-09-07 13:21:00,23756.65,23758.75,23755.35,23756.75,0
2026-09-07 13:22:00,23758.55,23761.15,23757.0,23758.95,0
2026-09-07 13:23:00,23760.65,23760.75,23754.95,23755.75,0
2026-09-07 13:24:00,23757.05,23759.35,23755.05,23756.55,0
2026-09-07 13:25:00,23759.15,23762.1,23756.1,23760.7,0
2026-09-07 13:26:00,23761.8,23763.5,23758.5,23761.7,0
2026-09-07 13:27:00,23763.75,23763.75,23758.3,23758.55,0
2026-09-07 13:28:00,23760.95,23760.95,23758.1,23758.35,0
2026-09-07 13:29:00,23760.15,23760.2,23755.35,23756.85,0
2026-09-07 13:30:00,23758.0,23758.3,23755.35,23756.45,0
2026-09-07 13:31:00,23756.9,23757.6,23755.2,23757.1,0
2026-09-07 13:32:00,23758.1,23758.1,23751.0,23754.1,0
2026-09-07 13:33:00,23755.15,23758.25,23751.8,23756.1,0
2026-09-07 13:34:00,23757.05,23757.25,23754.3,23756.1,0
2026-09-07 13:35:00,23757.65,23757.65,23752.85,23754.0,0
2026-09-07 13:36:00,23755.6,23759.1,23754.25,23757.4,0
2026-09-07 13:37:00,23758.3,23763.65,23756.45,23762.9,0
2026-09-07 13:38:00,23764.3,23765.35,23759.75,23761.35,0
2026-09-07 13:39:00,23762.5,23763.15,23759.25,23759.95,0
2026-09-07 13:40:00,23761.3,23761.85,23758.0,23758.4,0
2026-09-07 13:41:00,23759.65,23761.45,23757.3,23760.7,0
2026-09-07 13:42:00,23762.45,23762.5,23759.3,23759.55,0
2026-09-07 13:43:00,23761.1,23761.1,23757.15,23758.55,0
2026-09-07 13:44:00,23759.55,23763.2,23758.3,23761.8,0
2026-09-07 13:45:00,23763.5,23764.65,23759.45,23759.55,0
2026-09-07 13:46:00,23762.05,23767.5,23760.85,23766.35,0
2026-09-07 13:47:00,23768.15,23768.95,23764.85,23767.95,0
2026-09-07 13:48:00,23767.65,23770.0,23763.35,23764.05,0
2026-09-07 13:49:00,23765.7,23768.3,23763.85,23765.95,0
2026-09-07 13:50:00,23767.65,23768.1,23764.1,23766.2,0
2026-09-07 13:51:00,23768.35,23768.55,23765.5,23767.5,0
2026-09-07 13:52:00,23768.65,23771.7,23765.7,23770.25,0
2026-09-07 13:53:00,23771.2,23781.5,23768.6,23779.6,0
2026-09-07 13:54:00,23779.95,23780.25,23776.15,23778.2,0
2026-09-07 13:55:00,23780.05,23781.7,23778.15,23778.8,0
2026-09-07 13:56:00,23779.65,23779.65,23776.25,23777.3,0
2026-09-07 13:57:00,23777.8,23780.75,23776.9,23777.65,0
2026-09-07 13:58:00,23779.55,23779.55,23776.1,23776.35,0
2026-09-07 13:59:00,23777.8,23777.95,23774.85,23775.05,0
2026-09-07 14:00:00,23777.65,23779.05,23775.5,23777.65,0
2026-09-07 14:01:00,23778.9,23779.6,23777.3,23778.75,0
2026-09-07 14:02:00,23780.5,23784.5,23778.2,23781.65,0
2026-09-07 14:03:00,23783.65,23784.25,23777.95,23781.65,0
2026-09-07 14:04:00,23782.05,23783.1,23779.15,23780.15,0
2026-09-07 14:05:00,23781.15,23781.9,23776.05,23776.05,0
2026-09-07 14:06:00,23778.4,23778.4,23774.45,23775.0,0
2026-09-07 14:07:00,23776.1,23776.1,23771.85,23772.4,0
2026-09-07 14:08:00,23773.8,23773.8,23767.5,23767.5,0
2026-09-07 14:09:00,23770.0,23773.6,23768.6,23771.8,0
2026-09-07 14:10:00,23773.4,23776.7,23772.85,23774.1,0
2026-09-07 14:11:00,23775.75,23775.75,23772.1,23773.45,0
2026-09-07 14:12:00,23774.55,23776.05,23772.45,23773.6,0
2026-09-07 14:13:00,23775.3,23777.0,23774.15,23775.35,0
2026-09-07 14:14:00,23776.4,23776.85,23773.55,23774.05,0
2026-09-07 14:15:00,23776.0,23778.85,23773.45,23773.45,0
2026-09-07 14:16:00,23775.3,23775.35,23771.6,23772.75,0
2026-09-07 14:17:00,23773.95,23775.2,23769.2,23769.85,0
2026-09-07 14:18:00,23771.4,23773.5,23768.95,23772.05,0
2026-09-07 14:19:00,23773.2,23773.7,23770.05,23771.7,0
2026-09-07 14:20:00,23773.05,23775.95,23771.9,23774.5,0
2026-09-07 14:21:00,23776.1,23777.25,23774.5,23775.35,0
2026-09-07 14:22:00,23777.0,23777.15,23774.75,23775.05,0
2026-09-07 14:23:00,23777.1,23781.15,23775.05,23779.55,0
2026-09-07 14:24:00,23781.85,23782.45,23779.25,23780.2,0
2026-09-07 14:25:00,23781.0,23783.7,23779.35,23781.05,0
2026-09-07 14:26:00,23782.6,23784.15,23780.55,23781.4,0
2026-09-07 14:27:00,23782.55,23784.65,23781.4,23783.05,0
2026-09-07 14:28:00,23784.4,23784.9,23781.0,23781.9,0
2026-09-07 14:29:00,23783.85,23786.65,23781.6,23784.15,0
2026-09-07 14:30:00,23784.9,23786.8,23783.75,23783.75,0
2026-09-07 14:31:00,23784.95,23784.95,23776.65,23776.95,0
2026-09-07 14:32:00,23778.75,23781.4,23777.4,23779.7,0
2026-09-07 14:33:00,23781.2,23781.2,23777.65,23777.9,0
2026-09-07 14:34:00,23779.55,23779.55,23773.3,23774.25,0
2026-09-07 14:35:00,23776.8,23779.7,23774.2,23774.55,0
2026-09-07 14:36:00,23775.95,23776.7,23773.55,23774.2,0
2026-09-07 14:37:00,23776.05,23776.05,23771.85,23772.2,0
2026-09-07 14:38:00,23773.15,23773.5,23768.3,23769.25,0
2026-09-07 14:39:00,23770.05,23770.15,23765.75,23766.5,0
2026-09-07 14:40:00,23767.2,23767.2,23761.0,23761.05,0
2026-09-07 14:41:00,23762.55,23762.85,23758.8,23760.15,0
2026-09-07 14:42:00,23761.45,23764.45,23759.35,23761.55,0
2026-09-07 14:43:00,23762.9,23763.25,23760.7,23761.15,0
2026-09-07 14:44:00,23761.9,23762.6,23758.3,23758.7,0
2026-09-07 14:45:00,23759.15,23759.35,23754.8,23756.1,0
2026-09-07 14:46:00,23756.7,23758.25,23754.2,23755.35,0
2026-09-07 14:47:00,23756.55,23757.35,23754.4,23755.95,0
2026-09-07 14:48:00,23756.55,23759.25,23754.9,23755.4,0
2026-09-07 14:49:00,23757.0,23758.25,23754.0,23754.4,0
2026-09-07 14:50:00,23757.35,23761.9,23751.8,23760.35,0
2026-09-07 14:51:00,23760.75,23765.5,23758.5,23763.15,0
2026-09-07 14:52:00,23764.15,23764.15,23751.05,23752.05,0
2026-09-07 14:53:00,23753.0,23753.3,23749.75,23750.05,0
2026-09-07 14:54:00,23753.0,23753.0,23748.85,23750.6,0
2026-09-07 14:55:00,23751.4,23755.15,23750.85,23751.95,0
2026-09-07 14:56:00,23754.25,23756.55,23752.3,23752.85,0
2026-09-07 14:57:00,23753.2,23754.65,23751.8,23753.2,0
2026-09-07 14:58:00,23754.0,23754.2,23748.35,23748.35,0
2026-09-07 14:59:00,23750.2,23751.65,23745.65,23749.4,0
2026-09-07 15:00:00,23749.35,23749.35,23742.85,23747.8,0
2026-09-07 15:01:00,23748.65,23755.2,23748.4,23751.75,0
2026-09-07 15:02:00,23751.7,23755.95,23750.4,23755.5,0
2026-09-07 15:03:00,23755.8,23757.35,23754.05,23754.8,0
2026-09-07 15:04:00,23754.95,23755.2,23747.25,23750.15,0
2026-09-07 15:05:00,23749.95,23750.4,23743.8,23745.1,0
2026-09-07 15:06:00,23747.15,23750.4,23743.6,23750.15,0
2026-09-07 15:07:00,23749.7,23750.35,23746.6,23749.1,0
2026-09-07 15:08:00,23749.45,23752.1,23745.6,23747.05,0
2026-09-07 15:09:00,23747.65,23747.7,23737.9,23740.7,0
2026-09-07 15:10:00,23741.55,23746.15,23740.2,23744.05,0
2026-09-07 15:11:00,23744.95,23748.25,23741.7,23747.2,0
2026-09-07 15:12:00,23747.8,23753.05,23741.8,23747.3,0
2026-09-07 15:13:00,23748.7,23757.85,23744.3,23754.85,0
2026-09-07 15:14:00,23754.95,23765.7,23753.0,23759.4,0
2026-09-07 15:29:00,23779.15,23779.15,23779.15,23779.15,0
2026-09-08 09:15:00,23743.1,23758.95,23685.6,23690.1,0
2026-09-08 09:16:00,23691.6,23697.15,23680.65,23691.65,0
2026-09-08 09:17:00,23692.15,23700.25,23689.5,23690.8,0
2026-09-08 09:18:00,23691.5,23697.75,23690.7,23693.75,0
2026-09-08 09:19:00,23694.75,23696.45,23691.95,23694.15,0
2026-09-08 09:20:00,23693.6,23695.4,23689.85,23690.5,0
2026-09-08 09:21:00,23691.4,23692.65,23688.05,23690.2,0
2026-09-08 09:22:00,23689.95,23693.75,23684.35,23691.3,0
2026-09-08 09:23:00,23691.75,23692.7,23681.9,23682.35,0
2026-09-08 09:24:00,23683.95,23685.1,23678.9,23679.5,0
2026-09-08 09:25:00,23680.6,23684.7,23677.5,23682.7,0
2026-09-08 09:26:00,23682.3,23685.05,23679.55,23681.8,0
2026-09-08 09:27:00,23681.9,23683.05,23675.05,23677.0,0
2026-09-08 09:28:00,23677.5,23677.65,23669.65,23674.45,0
2026-09-08 09:29:00,23674.1,23675.55,23669.2,23672.5,0
2026-09-08 09:30:00,23670.85,23674.05,23668.15,23672.5,0
2026-09-08 09:31:00,23671.8,23680.05,23670.85,23674.5,0
2026-09-08 09:32:00,23674.3,23678.4,23673.05,23674.0,0
2026-09-08 09:33:00,23674.25,23675.9,23671.65,23674.7,0
2026-09-08 09:34:00,23674.95,23677.15,23672.0,23676.0,0
2026-09-08 09:35:00,23676.4,23683.95,23674.6,23682.0,0
2026-09-08 09:36:00,23682.75,23686.95,23678.9,23684.95,0
2026-09-08 09:37:00,23684.9,23690.2,23682.45,23689.85,0
2026-09-08 09:38:00,23690.75,23692.45,23687.9,23688.95,0
2026-09-08 09:39:00,23690.7,23691.1,23684.85,23686.7,0
2026-09-08 09:40:00,23688.3,23688.45,23680.0,23681.2,0
2026-09-08 09:41:00,23681.45,23690.7,23681.05,23685.6,0
2026-09-08 09:42:00,23686.8,23687.15,23675.3,23676.4,0
2026-09-08 09:43:00,23676.7,23679.45,23671.4,23671.45,0
2026-09-08 09:44:00,23672.05,23676.6,23669.65,23674.35,0
2026-09-08 09:45:00,23673.9,23676.4,23671.85,23674.85,0
2026-09-08 09:46:00,23675.0,23681.25,23673.85,23680.45,0
2026-09-08 09:47:00,23680.7,23682.0,23677.2,23680.45,0
2026-09-08 09:48:00,23681.35,23682.65,23678.8,23679.8,0
2026-09-08 09:49:00,23680.65,23689.45,23679.8,23686.45,0
2026-09-08 09:50:00,23687.2,23691.45,23686.6,23689.9,0
2026-09-08 09:51:00,23690.45,23691.6,23683.45,23683.75,0
2026-09-08 09:52:00,23684.7,23685.55,23678.75,23678.8,0
2026-09-08 09:53:00,23680.75,23680.75,23674.5,23677.7,0
2026-09-08 09:54:00,23678.15,23681.65,23677.25,23678.55,0
2026-09-08 09:55:00,23679.55,23679.6,23673.55,23674.6,0
2026-09-08 09:56:00,23675.4,23676.15,23672.95,23673.8,0
2026-09-08 09:57:00,23674.8,23675.75,23670.6,23670.95,0
2026-09-08 09:58:00,23671.9,23674.55,23667.15,23668.15,0
2026-09-08 09:59:00,23667.7,23670.4,23664.7,23666.95,0
2026-09-08 10:00:00,23666.65,23673.8,23666.65,23673.8,0
2026-09-08 10:01:00,23674.85,23674.85,23668.1,23670.85,0
2026-09-08 10:02:00,23671.5,23672.35,23665.8,23666.0,0
2026-09-08 10:03:00,23665.55,23665.55,23659.05,23660.95,0
2026-09-08 10:04:00,23662.05,23663.85,23659.25,23659.7,0
2026-09-08 10:05:00,23661.3,23663.25,23657.15,23659.4,0
2026-09-08 10:06:00,23659.8,23668.05,23658.85,23667.1,0
2026-09-08 10:07:00,23667.7,23679.3,23666.5,23678.35,0
2026-09-08 10:08:00,23679.45,23682.9,23677.05,23681.7,0
2026-09-08 10:09:00,23682.6,23683.25,23678.9,23681.65,0
2026-09-08 10:10:00,23681.85,23683.55,23678.85,23680.35,0
2026-09-08 10:11:00,23680.15,23683.5,23679.05,23681.7,0
2026-09-08 10:12:00,23682.3,23691.45,23680.75,23689.45,0
2026-09-08 10:13:00,23690.45,23701.95,23689.55,23698.8,0
2026-09-08 10:14:00,23699.1,23708.5,23697.05,23707.9,0
2026-09-08 10:15:00,23708.75,23717.25,23705.95,23706.75,0
2026-09-08 10:16:00,23708.4,23708.4,23705.0,23707.1,0
2026-09-08 10:17:00,23707.25,23709.0,23704.15,23704.2,0
2026-09-08 10:18:00,23704.15,23704.45,23695.35,23698.45,0
2026-09-08 10:19:00,23699.0,23705.05,23697.95,23703.65,0
2026-09-08 10:20:00,23704.65,23708.85,23703.65,23705.3,0
2026-09-08 10:21:00,23705.2,23705.85,23698.8,23701.9,0
2026-09-08 10:22:00,23702.0,23705.3,23699.55,23701.6,0
2026-09-08 10:23:00,23701.9,23705.7,23701.4,23702.5,0
2026-09-08 10:24:00,23702.75,23703.35,23696.2,23698.25,0
2026-09-08 10:25:00,23699.1,23699.1,23686.6,23690.0,0
2026-09-08 10:26:00,23691.1,23693.65,23688.75,23690.45,0
2026-09-08 10:27:00,23690.4,23700.6,23689.7,23698.2,0
2026-09-08 10:28:00,23699.5,23700.5,23692.85,23695.5,0
2026-09-08 10:29:00,23696.35,23696.95,23692.2,23693.9,0
2026-09-08 10:30:00,23694.6,23697.4,23693.6,23695.7,0
2026-09-08 10:31:00,23696.45,23701.6,23689.9,23689.9,0
2026-09-08 10:32:00,23690.6,23693.2,23688.45,23688.45,0
2026-09-08 10:33:00,23690.1,23692.0,23687.95,23689.95,0
2026-09-08 10:34:00,23690.8,23695.0,23689.0,23692.35,0
2026-09-08 10:35:00,23693.0,23693.0,23686.1,23687.45,0
2026-09-08 10:36:00,23687.3,23687.3,23675.45,23675.45,0
2026-09-08 10:37:00,23675.9,23677.65,23673.2,23674.05,0
2026-09-08 10:38:00,23674.95,23675.5,23669.2,23670.5,0
2026-09-08 10:39:00,23671.9,23674.45,23669.75,23671.85,0
2026-09-08 10:40:00,23673.0,23673.0,23668.85,23670.05,0
2026-09-08 10:41:00,23670.8,23673.8,23667.75,23672.4,0
2026-09-08 10:42:00,23673.0,23674.0,23669.95,23672.2,0
2026-09-08 10:43:00,23672.5,23673.2,23669.1,23670.15,0
2026-09-08 10:44:00,23670.85,23673.25,23668.45,23669.3,0
2026-09-08 10:45:00,23669.8,23677.15,23669.55,23673.65,0
2026-09-08 10:46:00,23674.5,23683.85,23673.75,23683.25,0
2026-09-08 10:47:00,23684.1,23686.15,23681.75,23685.45,0
2026-09-08 10:48:00,23686.1,23688.8,23685.55,23686.75,0
2026-09-08 10:49:00,23687.7,23692.15,23686.65,23689.25,0
2026-09-08 10:50:00,23690.2,23698.6,23689.15,23696.2,0
2026-09-08 10:51:00,23696.4,23696.6,23693.0,23694.2,0
2026-09-08 10:52:00,23695.05,23695.35,23690.35,23691.5,0
2026-09-08 10:53:00,23692.3,23692.3,23687.2,23687.35,0
2026-09-08 10:54:00,23688.6,23691.45,23681.7,23682.35,0
2026-09-08 10:55:00,23683.0,23683.3,23675.3,23678.15,0
2026-09-08 10:56:00,23679.2,23680.45,23674.55,23676.1,0
2026-09-08 10:57:00,23676.6,23676.6,23672.85,23674.8,0
2026-09-08 10:58:00,23675.65,23676.4,23670.3,23670.65,0
2026-09-08 10:59:00,23671.75,23673.4,23669.3,23670.35,0
2026-09-08 11:00:00,23671.05,23671.75,23666.2,23667.6,0
2026-09-08 11:01:00,23667.3,23668.95,23663.25,23666.4,0
2026-09-08 11:02:00,23667.45,23668.6,23666.3,23666.7,0
2026-09-08 11:03:00,23667.6,23671.25,23662.95,23669.55,0
2026-09-08 11:04:00,23669.7,23671.4,23662.5,23662.6,0
2026-09-08 11:05:00,23663.35,23668.4,23662.1,23667.15,0
2026-09-08 11:06:00,23666.6,23671.3,23666.6,23669.95,0
2026-09-08 11:07:00,23670.5,23675.45,23667.95,23673.0,0
2026-09-08 11:08:00,23673.1,23678.25,23672.55,23677.9,0
2026-09-08 11:09:00,23678.25,23680.4,23672.95,23676.3,0
2026-09-08 11:10:00,23676.9,23681.1,23672.0,23672.25,0
2026-09-08 11:11:00,23673.1,23677.45,23670.0,23676.0,0
2026-09-08 11:12:00,23676.1,23677.55,23672.4,23673.15,0
2026-09-08 11:13:00,23674.75,23678.05,23671.05,23677.85,0
2026-09-08 11:14:00,23678.3,23678.5,23673.35,23677.65,0
2026-09-08 11:15:00,23678.25,23678.25,23673.55,23674.65,0
2026-09-08 11:16:00,23675.5,23679.9,23671.3,23678.75,0
2026-09-08 11:17:00,23678.7,23681.9,23676.95,23678.2,0
2026-09-08 11:18:00,23679.3,23683.9,23678.1,23681.85,0
2026-09-08 11:19:00,23682.35,23685.3,23681.2,23684.35,0
2026-09-08 11:20:00,23685.0,23685.0,23680.65,23681.3,0
2026-09-08 11:21:00,23682.15,23684.2,23678.05,23679.8,0
2026-09-08 11:22:00,23680.35,23680.35,23672.15,23674.0,0
2026-09-08 11:23:00,23673.95,23677.8,23673.1,23676.0,0
2026-09-08 11:24:00,23677.1,23677.5,23670.65,23672.55,0
2026-09-08 11:25:00,23673.15,23680.55,23671.45,23679.7,0
2026-09-08 11:26:00,23681.0,23687.6,23679.45,23679.9,0
2026-09-08 11:27:00,23681.45,23682.9,23678.8,23679.5,0
2026-09-08 11:28:00,23680.25,23682.35,23673.6,23673.6,0
2026-09-08 11:29:00,23675.0,23676.05,23670.95,23672.9,0
2026-09-08 11:30:00,23673.85,23680.7,23670.5,23670.5,0
2026-09-08 11:31:00,23671.9,23672.65,23666.25,23670.9,0
2026-09-08 11:32:00,23671.35,23672.95,23669.75,23670.05,0
2026-09-08 11:33:00,23670.85,23670.85,23663.7,23668.2,0
2026-09-08 11:34:00,23668.3,23668.65,23664.2,23667.55,0
2026-09-08 11:35:00,23669.25,23674.35,23666.75,23667.6,0
2026-09-08 11:36:00,23668.4,23672.5,23667.25,23670.25,0
2026-09-08 11:37:00,23671.1,23674.05,23669.1,23670.75,0
2026-09-08 11:38:00,23671.35,23674.5,23670.1,23672.8,0
2026-09-08 11:39:00,23673.85,23673.85,23670.25,23672.25,0
2026-09-08 11:40:00,23674.0,23676.45,23671.15,23675.25,0
2026-09-08 11:41:00,23675.9,23676.8,23673.8,23674.15,0
2026-09-08 11:42:00,23675.35,23676.1,23670.85,23672.0,0
2026-09-08 11:43:00,23672.65,23674.3,23668.65,23669.15,0
2026-09-08 11:44:00,23668.6,23676.4,23667.9,23673.35,0
2026-09-08 11:45:00,23673.3,23676.4,23670.55,23675.0,0
2026-09-08 11:46:00,23675.8,23676.1,23668.95,23673.0,0
2026-09-08 11:47:00,23674.2,23674.7,23668.25,23670.85,0
2026-09-08 11:48:00,23671.8,23677.2,23669.85,23671.05,0
2026-09-08 11:49:00,23671.85,23671.85,23661.45,23662.85,0
2026-09-08 11:50:00,23663.6,23663.8,23653.0,23659.4,0
2026-09-08 11:51:00,23660.4,23665.3,23657.95,23664.7,0
2026-09-08 11:52:00,23665.55,23669.15,23660.5,23667.95,0
2026-09-08 11:53:00,23668.7,23670.1,23663.25,23665.45,0
2026-09-08 11:54:00,23668.2,23671.45,23661.35,23668.75,0
2026-09-08 11:55:00,23669.1,23670.55,23662.75,23665.15,0
2026-09-08 11:56:00,23666.35,23666.35,23659.3,23659.45,0
2026-09-08 11:57:00,23659.95,23664.3,23658.2,23661.2,0
2026-09-08 11:58:00,23661.25,23663.15,23653.55,23659.8,0
2026-09-08 11:59:00,23660.45,23662.05,23654.85,23657.25,0
2026-09-08 12:00:00,23658.0,23658.5,23652.85,23654.45,0
2026-09-08 12:01:00,23655.35,23655.55,23649.65,23651.2,0
2026-09-08 12:02:00,23652.45,23658.55,23651.4,23655.35,0
2026-09-08 12:03:00,23656.85,23656.85,23651.65,23651.65,0
2026-09-08 12:04:00,23654.1,23654.1,23648.7,23649.1,0
2026-09-08 12:05:00,23649.65,23649.65,23640.9,23646.1,0
2026-09-08 12:06:00,23647.35,23647.75,23643.05,23643.5,0
2026-09-08 12:07:00,23644.3,23647.9,23643.55,23646.7,0
2026-09-08 12:08:00,23646.95,23647.7,23637.75,23641.6,0
2026-09-08 12:09:00,23642.1,23647.6,23639.25,23644.35,0
2026-09-08 12:10:00,23645.25,23650.25,23643.45,23649.6,0
2026-09-08 12:11:00,23650.65,23651.85,23647.7,23647.7,0
2026-09-08 12:12:00,23649.15,23652.0,23646.15,23651.6,0
2026-09-08 12:13:00,23652.35,23654.05,23648.55,23649.85,0
2026-09-08 12:14:00,23650.65,23651.95,23648.25,23649.7,0
2026-09-08 12:15:00,23650.6,23650.6,23644.2,23647.2,0
2026-09-08 12:16:00,23647.85,23651.35,23646.3,23650.75,0
2026-09-08 12:17:00,23650.95,23652.55,23648.4,23649.65,0
2026-09-08 12:18:00,23650.85,23651.6,23648.55,23651.3,0
2026-09-08 12:19:00,23651.4,23654.65,23648.05,23651.7,0
2026-09-08 12:20:00,23652.3,23654.95,23647.4,23654.45,0
2026-09-08 12:21:00,23655.2,23655.2,23648.65,23649.65,0
2026-09-08 12:22:00,23650.7,23653.1,23649.25,23651.45,0
2026-09-08 12:23:00,23652.75,23659.95,23650.9,23656.2,0
2026-09-08 12:24:00,23657.05,23661.45,23655.9,23658.85,0
2026-09-08 12:25:00,23659.45,23661.95,23658.0,23659.85,0
2026-09-08 12:26:00,23660.75,23660.75,23655.85,23656.45,0
2026-09-08 12:27:00,23657.1,23658.95,23655.0,23655.75,0
2026-09-08 12:28:00,23656.15,23657.95,23654.3,23655.0,0
2026-09-08 12:29:00,23656.45,23663.0,23654.35,23662.6,0
2026-09-08 12:30:00,23662.95,23665.25,23662.1,23663.6,0
2026-09-08 12:31:00,23664.55,23669.2,23660.3,23660.4,0
2026-09-08 12:32:00,23661.45,23666.85,23657.3,23659.2,0
2026-09-08 12:33:00,23660.4,23663.9,23658.15,23663.55,0
2026-09-08 12:34:00,23664.0,23665.3,23662.1,23663.8,0
2026-09-08 12:35:00,23665.0,23670.8,23663.8,23666.6,0
2026-09-08 12:36:00,23667.15,23672.6,23665.7,23671.05,0
2026-09-08 12:37:00,23670.9,23673.65,23670.2,23672.55,0
2026-09-08 12:38:00,23673.55,23675.1,23670.05,23673.15,0
2026-09-08 12:39:00,23672.6,23673.25,23667.2,23667.95,0
2026-09-08 12:40:00,23668.9,23670.05,23663.55,23664.25,0
2026-09-08 12:41:00,23665.9,23671.65,23664.85,23669.15,0
2026-09-08 12:42:00,23669.45,23669.45,23665.2,23666.65,0
2026-09-08 12:43:00,23667.75,23667.75,23660.6,23661.5,0
2026-09-08 12:44:00,23662.1,23663.9,23659.95,23660.65,0
2026-09-08 12:45:00,23660.8,23660.8,23654.1,23655.85,0
2026-09-08 12:46:00,23656.35,23656.9,23654.2,23655.95,0
2026-09-08 12:47:00,23656.9,23657.85,23653.6,23653.6,0
2026-09-08 12:48:00,23654.1,23654.95,23649.5,23650.0,0
2026-09-08 12:49:00,23650.65,23655.75,23649.4,23654.75,0
2026-09-08 12:50:00,23654.65,23655.45,23652.8,23653.95,0
2026-09-08 12:51:00,23654.6,23657.15,23652.45,23653.25,0
2026-09-08 12:52:00,23653.8,23653.95,23650.4,23651.2,0
2026-09-08 12:53:00,23651.6,23655.55,23648.35,23654.0,0
2026-09-08 12:54:00,23654.1,23657.75,23653.15,23656.6,0
2026-09-08 12:55:00,23656.55,23661.7,23655.6,23660.55,0
2026-09-08 12:56:00,23660.8,23661.65,23658.05,23658.7,0
2026-09-08 12:57:00,23659.1,23662.75,23658.1,23660.05,0
2026-09-08 12:58:00,23661.05,23663.85,23658.0,23660.3,0
2026-09-08 12:59:00,23660.65,23663.4,23654.9,23655.1,0
2026-09-08 13:00:00,23655.75,23658.7,23653.05,23654.8,0
2026-09-08 13:01:00,23654.3,23655.85,23653.15,23655.1,0
2026-09-08 13:02:00,23655.95,23660.65,23654.35,23658.3,0
2026-09-08 13:03:00,23659.15,23660.8,23653.55,23654.15,0
2026-09-08 13:04:00,23655.0,23655.0,23649.4,23650.45,0
2026-09-08 13:05:00,23651.25,23653.0,23649.2,23650.2,0
2026-09-08 13:06:00,23650.75,23652.65,23649.15,23652.65,0
2026-09-08 13:07:00,23653.25,23655.5,23651.65,23654.2,0
2026-09-08 13:08:00,23654.95,23656.6,23652.5,23653.2,0
2026-09-08 13:09:00,23653.8,23654.8,23652.6,23653.6,0
2026-09-08 13:10:00,23654.8,23656.25,23653.5,23655.25,0
2026-09-08 13:11:00,23656.05,23656.65,23653.65,23654.55,0
2026-09-08 13:12:00,23655.5,23655.85,23651.5,23652.85,0
2026-09-08 13:13:00,23653.8,23656.0,23653.3,23655.85,0
2026-09-08 13:14:00,23656.85,23662.25,23655.0,23661.3,0
2026-09-08 13:15:00,23661.7,23662.85,23656.3,23658.1,0
2026-09-08 13:16:00,23658.15,23660.4,23652.5,23658.95,0
2026-09-08 13:17:00,23659.4,23659.4,23656.25,23657.3,0
2026-09-08 13:18:00,23658.2,23658.2,23653.7,23654.55,0
2026-09-08 13:19:00,23654.85,23657.85,23653.9,23655.6,0
2026-09-08 13:20:00,23656.9,23658.15,23654.45,23655.0,0
2026-09-08 13:21:00,23655.55,23656.85,23653.1,23655.9,0
2026-09-08 13:22:00,23656.5,23657.3,23652.4,23653.9,0
2026-09-08 13:23:00,23654.25,23654.25,23651.6,23652.85,0
2026-09-08 13:24:00,23653.45,23654.75,23651.05,23652.75,0
2026-09-08 13:25:00,23653.7,23653.85,23648.95,23650.25,0
2026-09-08 13:26:00,23650.55,23651.8,23648.4,23649.5,0
2026-09-08 13:27:00,23650.35,23650.9,23645.6,23649.25,0
2026-09-08 13:28:00,23650.05,23652.85,23648.55,23648.7,0
2026-09-08 13:29:00,23650.1,23652.4,23646.85,23647.05,0
2026-09-08 13:30:00,23648.45,23651.3,23646.8,23649.35,0
2026-09-08 13:31:00,23649.9,23650.95,23647.15,23648.65,0
2026-09-08 13:32:00,23649.2,23649.2,23642.85,23644.5,0
2026-09-08 13:33:00,23645.55,23645.7,23638.65,23641.3,0
2026-09-08 13:34:00,23642.3,23645.8,23640.6,23642.65,0
2026-09-08 13:35:00,23643.65,23653.7,23642.25,23648.8,0
2026-09-08 13:36:00,23650.85,23653.2,23648.0,23650.8,0
2026-09-08 13:37:00,23651.65,23653.95,23646.8,23649.95,0
2026-09-08 13:38:00,23651.0,23653.55,23643.25,23644.5,0
2026-09-08 13:39:00,23645.7,23646.7,23641.15,23644.85,0
2026-09-08 13:40:00,23644.55,23650.1,23643.4,23646.0,0
2026-09-08 13:41:00,23646.45,23646.45,23639.25,23641.95,0
2026-09-08 13:42:00,23643.05,23646.75,23639.85,23642.8,0
2026-09-08 13:43:00,23644.65,23648.1,23642.95,23644.5,0
2026-09-08 13:44:00,23645.5,23645.5,23638.1,23638.55,0
2026-09-08 13:45:00,23640.25,23642.8,23635.95,23640.3,0
2026-09-08 13:46:00,23641.7,23643.65,23639.5,23641.65,0
2026-09-08 13:47:00,23643.2,23643.75,23640.2,23643.4,0
2026-09-08 13:48:00,23644.15,23645.65,23641.4,23642.05,0
2026-09-08 13:49:00,23642.7,23643.35,23639.55,23639.75,0
2026-09-08 13:50:00,23641.5,23642.5,23637.0,23637.15,0
2026-09-08 13:51:00,23637.95,23638.15,23623.1,23624.45,0
2026-09-08 13:52:00,23625.2,23629.6,23624.3,23627.35,0
2026-09-08 13:53:00,23628.15,23633.75,23627.0,23631.85,0
2026-09-08 13:54:00,23633.05,23634.5,23629.25,23631.7,0
2026-09-08 13:55:00,23632.25,23634.75,23631.05,23632.7,0
2026-09-08 13:56:00,23633.45,23636.35,23631.65,23634.9,0
2026-09-08 13:57:00,23635.15,23637.55,23631.75,23636.35,0
2026-09-08 13:58:00,23637.7,23637.7,23632.75,23634.9,0
2026-09-08 13:59:00,23635.2,23636.15,23632.85,23633.75,0
2026-09-08 14:00:00,23634.8,23639.4,23633.0,23635.95,0
2026-09-08 14:01:00,23636.6,23639.55,23635.05,23638.6,0
2026-09-08 14:02:00,23639.7,23640.05,23634.3,23634.4,0
2026-09-08 14:03:00,23635.2,23645.05,23634.35,23643.45,0
2026-09-08 14:04:00,23643.9,23646.5,23642.05,23644.85,0
2026-09-08 14:05:00,23645.55,23656.3,23645.2,23655.25,0
2026-09-08 14:06:00,23655.55,23656.65,23648.45,23649.25,0
2026-09-08 14:07:00,23649.8,23652.1,23643.8,23644.4,0
2026-09-08 14:08:00,23645.4,23647.95,23643.55,23646.5,0
2026-09-08 14:09:00,23646.85,23651.4,23646.05,23648.15,0
2026-09-08 14:10:00,23649.55,23651.35,23646.0,23649.5,0
2026-09-08 14:11:00,23650.15,23653.15,23648.6,23650.55,0
2026-09-08 14:12:00,23651.9,23656.9,23650.6,23652.4,0
2026-09-08 14:13:00,23653.8,23656.9,23652.45,23653.65,0
2026-09-08 14:14:00,23654.2,23656.3,23647.7,23649.1,0
2026-09-08 14:15:00,23649.9,23652.55,23646.7,23650.9,0
2026-09-08 14:16:00,23652.75,23656.4,23650.5,23654.75,0
2026-09-08 14:17:00,23654.6,23657.6,23653.35,23657.2,0
2026-09-08 14:18:00,23658.0,23659.25,23652.95,23653.35,0
2026-09-08 14:19:00,23654.65,23657.95,23652.2,23653.2,0
2026-09-08 14:20:00,23654.15,23656.8,23653.15,23653.15,0
2026-09-08 14:21:00,23654.8,23655.3,23650.95,23652.45,0
2026-09-08 14:22:00,23652.7,23654.35,23650.2,23652.8,0
2026-09-08 14:23:00,23654.1,23655.1,23649.7,23649.7,0
2026-09-08 14:24:00,23651.0,23653.65,23648.6,23650.6,0
2026-09-08 14:25:00,23651.65,23651.75,23644.15,23644.15,0
2026-09-08 14:26:00,23644.5,23649.0,23642.7,23647.55,0
2026-09-08 14:27:00,23647.5,23652.7,23647.25,23650.5,0
2026-09-08 14:28:00,23653.0,23653.85,23649.55,23652.7,0
2026-09-08 14:29:00,23654.1,23656.15,23652.4,23654.0,0
2026-09-08 14:30:00,23654.95,23656.05,23650.0,23650.3,0
2026-09-08 14:31:00,23651.3,23653.95,23648.3,23652.3,0
2026-09-08 14:32:00,23652.95,23655.15,23651.25,23653.95,0
2026-09-08 14:33:00,23655.75,23657.9,23652.65,23654.7,0
2026-09-08 14:34:00,23656.15,23658.3,23654.1,23656.65,0
2026-09-08 14:35:00,23657.2,23658.85,23654.75,23655.75,0
2026-09-08 14:36:00,23657.5,23657.6,23654.55,23655.15,0
2026-09-08 14:37:00,23655.8,23656.35,23650.55,23652.2,0
2026-09-08 14:38:00,23652.75,23653.85,23645.85,23646.8,0
2026-09-08 14:39:00,23647.45,23650.2,23646.05,23649.0,0
2026-09-08 14:40:00,23649.4,23650.1,23645.5,23647.05,0
2026-09-08 14:41:00,23647.9,23651.5,23646.1,23651.5,0
2026-09-08 14:42:00,23650.4,23654.75,23648.45,23649.5,0
2026-09-08 14:43:00,23649.6,23650.15,23647.0,23649.05,0
2026-09-08 14:44:00,23648.9,23651.2,23647.8,23648.15,0
2026-09-08 14:45:00,23648.7,23649.15,23644.9,23647.85,0
2026-09-08 14:46:00,23649.0,23649.2,23643.65,23644.7,0
2026-09-08 14:47:00,23644.75,23646.45,23641.25,23645.75,0
2026-09-08 14:48:00,23646.45,23647.5,23643.25,23645.1,0
2026-09-08 14:49:00,23646.05,23646.2,23640.65,23641.3,0
2026-09-08 14:50:00,23642.8,23644.15,23640.05,23641.35,0
2026-09-08 14:51:00,23642.5,23644.95,23641.25,23643.85,0
2026-09-08 14:52:00,23643.95,23644.25,23639.1,23639.75,0
2026-09-08 14:53:00,23640.65,23641.9,23637.5,23638.55,0
2026-09-08 14:54:00,23639.2,23647.85,23637.8,23647.85,0
2026-09-08 14:55:00,23647.4,23648.15,23640.85,23642.65,0
2026-09-08 14:56:00,23643.4,23645.1,23639.7,23639.7,0
2026-09-08 14:57:00,23641.15,23646.55,23638.25,23644.7,0
2026-09-08 14:58:00,23645.55,23648.3,23643.85,23646.05,0
2026-09-08 14:59:00,23646.7,23646.85,23643.35,23644.55,0
2026-09-08 15:00:00,23642.75,23643.5,23638.75,23643.3,0
2026-09-08 15:01:00,23642.7,23648.45,23640.7,23647.8,0
2026-09-08 15:02:00,23647.3,23649.55,23642.4,23643.1,0
2026-09-08 15:03:00,23643.15,23644.75,23640.85,23641.4,0
2026-09-08 15:04:00,23641.15,23643.65,23640.9,23642.25,0
2026-09-08 15:05:00,23643.55,23643.55,23638.95,23640.0,0
2026-09-08 15:06:00,23640.65,23643.3,23639.55,23640.85,0
2026-09-08 15:07:00,23640.5,23644.2,23640.5,23641.35,0
2026-09-08 15:08:00,23641.95,23641.95,23638.05,23639.6,0
2026-09-08 15:09:00,23639.65,23647.3,23637.0,23647.3,0
2026-09-08 15:10:00,23646.0,23658.4,23644.65,23656.9,0
2026-09-08 15:11:00,23656.35,23659.1,23653.7,23654.55,0
2026-09-08 15:12:00,23655.25,23659.3,23648.05,23654.2,0
2026-09-08 15:13:00,23654.15,23655.5,23638.7,23643.9,0
2026-09-08 15:14:00,23640.95,23651.1,23634.1,23641.1,0
2026-09-08 15:29:00,23635.1,23635.1,23635.1,23635.1,0
2026-09-09 09:15:00,23522.05,23536.5,23493.3,23494.95,0
2026-09-09 09:16:00,23495.5,23496.75,23477.55,23483.7,0
2026-09-09 09:17:00,23484.0,23489.85,23480.9,23485.95,0
2026-09-09 09:18:00,23486.85,23504.25,23485.05,23501.5,0
2026-09-09 09:19:00,23503.65,23504.65,23497.6,23500.45,0
2026-09-09 09:20:00,23500.35,23506.1,23495.85,23506.1,0
2026-09-09 09:21:00,23506.9,23515.0,23503.2,23507.25,0
2026-09-09 09:22:00,23508.7,23509.95,23498.8,23502.45,0
2026-09-09 09:23:00,23501.55,23503.2,23493.8,23500.85,0
2026-09-09 09:24:00,23502.5,23512.5,23497.95,23512.4,0
2026-09-09 09:25:00,23511.8,23515.5,23508.05,23514.95,0
2026-09-09 09:26:00,23515.95,23521.75,23511.65,23512.85,0
2026-09-09 09:27:00,23513.55,23513.55,23503.95,23512.7,0
2026-09-09 09:28:00,23513.8,23513.8,23507.25,23509.05,0
2026-09-09 09:29:00,23511.1,23511.25,23506.2,23509.4,0
2026-09-09 09:30:00,23510.85,23517.8,23509.0,23510.45,0
2026-09-09 09:31:00,23511.55,23517.9,23508.5,23509.5,0
2026-09-09 09:32:00,23511.55,23516.0,23506.2,23510.7,0
2026-09-09 09:33:00,23511.8,23515.65,23509.9,23511.6,0
2026-09-09 09:34:00,23512.55,23518.2,23511.0,23515.9,0
2026-09-09 09:35:00,23515.1,23516.5,23508.15,23509.85,0
2026-09-09 09:36:00,23511.1,23513.35,23506.6,23512.55,0
2026-09-09 09:37:00,23513.15,23521.3,23513.15,23519.4,0
2026-09-09 09:38:00,23521.4,23526.2,23518.95,23525.15,0
2026-09-09 09:39:00,23526.65,23531.25,23523.05,23526.25,0
2026-09-09 09:40:00,23527.6,23533.45,23524.9,23532.3,0
2026-09-09 09:41:00,23532.55,23532.55,23525.0,23525.4,0
2026-09-09 09:42:00,23526.85,23527.9,23524.35,23527.15,0
2026-09-09 09:43:00,23527.8,23531.9,23526.2,23529.9,0
2026-09-09 09:44:00,23530.6,23532.05,23524.8,23525.45,0
2026-09-09 09:45:00,23526.6,23527.75,23519.15,23521.85,0
2026-09-09 09:46:00,23522.7,23522.7,23513.35,23515.05,0
2026-09-09 09:47:00,23515.7,23519.5,23509.95,23510.85,0
2026-09-09 09:48:00,23512.05,23512.05,23504.65,23506.95,0
2026-09-09 09:49:00,23507.85,23507.85,23497.5,23498.55,0
2026-09-09 09:50:00,23498.6,23500.25,23488.4,23490.1,0
2026-09-09 09:51:00,23491.15,23495.45,23490.45,23491.4,0
2026-09-09 09:52:00,23491.75,23500.9,23490.05,23498.35,0
2026-09-09 09:53:00,23498.8,23499.15,23494.75,23494.9,0
2026-09-09 09:54:00,23496.55,23498.45,23494.7,23497.4,0
2026-09-09 09:55:00,23498.0,23498.8,23494.1,23496.05,0
2026-09-09 09:56:00,23497.4,23498.65,23492.5,23492.5,0
2026-09-09 09:57:00,23494.05,23495.5,23491.1,23494.3,0
2026-09-09 09:58:00,23494.85,23495.55,23487.35,23489.35,0
2026-09-09 09:59:00,23491.55,23493.5,23484.4,23488.85,0
2026-09-09 10:00:00,23491.0,23491.0,23472.85,23473.75,0
2026-09-09 10:01:00,23474.55,23476.55,23468.45,23474.1,0
2026-09-09 10:02:00,23475.4,23481.6,23474.4,23479.35,0
2026-09-09 10:03:00,23480.25,23482.25,23476.45,23480.4,0
2026-09-09 10:04:00,23481.4,23483.9,23474.95,23479.8,0
2026-09-09 10:05:00,23480.5,23480.95,23477.35,23479.15,0
2026-09-09 10:06:00,23479.65,23481.35,23473.75,23474.45,0
2026-09-09 10:07:00,23475.8,23475.9,23467.85,23472.45,0
2026-09-09 10:08:00,23473.7,23475.35,23470.3,23472.15,0
2026-09-09 10:09:00,23474.55,23478.35,23472.45,23475.8,0
2026-09-09 10:10:00,23477.7,23477.7,23469.8,23470.1,0
2026-09-09 10:11:00,23470.35,23474.9,23466.65,23474.05,0
2026-09-09 10:12:00,23475.2,23480.35,23473.1,23480.35,0
2026-09-09 10:13:00,23481.0,23486.6,23479.8,23486.45,0
2026-09-09 10:14:00,23486.85,23487.2,23481.65,23484.85,0
2026-09-09 10:15:00,23486.0,23490.4,23484.7,23487.1,0
2026-09-09 10:16:00,23488.25,23496.25,23485.6,23495.85,0
2026-09-09 10:17:00,23496.95,23503.55,23496.0,23501.95,0
2026-09-09 10:18:00,23502.7,23512.95,23502.5,23511.65,0
2026-09-09 10:19:00,23512.6,23519.85,23509.4,23516.8,0
2026-09-09 10:20:00,23518.25,23527.4,23515.55,23522.9,0
2026-09-09 10:21:00,23524.5,23526.45,23521.5,23522.85,0
2026-09-09 10:22:00,23523.45,23526.85,23521.0,23522.0,0
2026-09-09 10:23:00,23523.25,23532.9,23521.6,23531.95,0
2026-09-09 10:24:00,23533.75,23549.3,23533.6,23537.8,0
2026-09-09 10:25:00,23538.7,23541.0,23533.8,23534.4,0
2026-09-09 10:26:00,23535.1,23539.3,23533.4,23535.45,0
2026-09-09 10:27:00,23536.55,23538.0,23533.1,23537.6,0
2026-09-09 10:28:00,23538.55,23540.5,23537.25,23539.5,0
2026-09-09 10:29:00,23541.2,23541.65,23538.2,23539.65,0
2026-09-09 10:30:00,23540.1,23545.45,23538.35,23539.3,0
2026-09-09 10:31:00,23539.9,23539.9,23532.65,23533.6,0
2026-09-09 10:32:00,23534.75,23534.75,23528.8,23532.3,0
2026-09-09 10:33:00,23534.05,23535.9,23532.05,23534.0,0
2026-09-09 10:34:00,23534.6,23534.95,23525.5,23525.8,0
2026-09-09 10:35:00,23527.2,23527.2,23519.05,23519.4,0
2026-09-09 10:36:00,23520.95,23523.55,23518.05,23522.6,0
2026-09-09 10:37:00,23523.5,23524.35,23514.4,23515.95,0
2026-09-09 10:38:00,23516.4,23518.2,23509.55,23510.1,0
2026-09-09 10:39:00,23511.2,23512.05,23505.85,23512.05,0
2026-09-09 10:40:00,23512.1,23512.35,23504.6,23505.55,0
2026-09-09 10:41:00,23507.35,23507.35,23502.55,23504.45,0
2026-09-09 10:42:00,23506.0,23506.1,23501.6,23502.15,0
2026-09-09 10:43:00,23503.6,23508.45,23501.7,23505.3,0
2026-09-09 10:44:00,23506.9,23510.5,23504.5,23509.75,0
2026-09-09 10:45:00,23510.65,23514.65,23507.85,23513.9,0
2026-09-09 10:46:00,23514.4,23519.75,23514.4,23516.5,0
2026-09-09 10:47:00,23516.4,23522.45,23515.7,23517.7,0
2026-09-09 10:48:00,23519.05,23525.2,23515.75,23521.85,0
2026-09-09 10:49:00,23522.95,23525.05,23518.35,23518.35,0
2026-09-09 10:50:00,23519.2,23523.7,23518.0,23520.6,0
2026-09-09 10:51:00,23522.8,23522.8,23514.6,23515.9,0
2026-09-09 10:52:00,23516.7,23518.5,23514.35,23516.7,0
2026-09-09 10:53:00,23517.5,23521.4,23515.85,23519.5,0
2026-09-09 10:54:00,23520.95,23525.25,23517.4,23525.25,0
2026-09-09 10:55:00,23525.35,23530.35,23523.95,23529.15,0
2026-09-09 10:56:00,23530.1,23532.05,23526.5,23527.6,0
2026-09-09 10:57:00,23529.0,23531.5,23527.55,23530.5,0
2026-09-09 10:58:00,23532.2,23532.25,23524.7,23528.65,0
2026-09-09 10:59:00,23529.6,23537.15,23527.8,23535.6,0
2026-09-09 11:00:00,23536.65,23540.1,23533.15,23540.1,0
2026-09-09 11:01:00,23541.3,23543.7,23533.5,23536.9,0
2026-09-09 11:02:00,23537.7,23541.65,23536.15,23536.7,0
2026-09-09 11:03:00,23537.85,23541.45,23534.7,23539.55,0
2026-09-09 11:04:00,23540.2,23540.2,23534.65,23536.95,0
2026-09-09 11:05:00,23537.3,23537.3,23532.4,23534.0,0
2026-09-09 11:06:00,23535.05,23535.5,23527.5,23530.2,0
2026-09-09 11:07:00,23531.7,23535.75,23531.15,23532.5,0
2026-09-09 11:08:00,23533.45,23534.05,23530.5,23532.45,0
2026-09-09 11:09:00,23532.9,23535.6,23529.8,23531.6,0
2026-09-09 11:10:00,23531.5,23533.2,23527.5,23528.55,0
2026-09-09 11:11:00,23529.4,23530.45,23524.9,23528.75,0
2026-09-09 11:12:00,23530.85,23530.85,23524.8,23527.45,0
2026-09-09 11:13:00,23528.0,23528.8,23524.0,23527.25,0
2026-09-09 11:14:00,23528.05,23530.4,23524.95,23524.95,0
2026-09-09 11:15:00,23527.0,23530.95,23525.45,23527.9,0
2026-09-09 11:16:00,23528.6,23529.3,23523.1,23524.6,0
2026-09-09 11:17:00,23525.7,23529.4,23521.15,23522.6,0
2026-09-09 11:18:00,23524.05,23524.3,23518.6,23520.05,0
2026-09-09 11:19:00,23521.6,23528.8,23518.0,23526.95,0
2026-09-09 11:20:00,23527.7,23531.4,23524.7,23526.6,0
2026-09-09 11:21:00,23526.55,23527.3,23520.4,23520.65,0
2026-09-09 11:22:00,23521.15,23521.3,23515.35,23516.35,0
2026-09-09 11:23:00,23517.3,23518.1,23514.05,23516.15,0
2026-09-09 11:24:00,23517.7,23518.6,23514.8,23517.05,0
2026-09-09 11:25:00,23518.45,23522.8,23516.4,23520.35,0
2026-09-09 11:26:00,23522.2,23522.3,23515.5,23517.4,0
2026-09-09 11:27:00,23518.5,23518.8,23512.6,23516.3,0
2026-09-09 11:28:00,23516.15,23518.5,23513.55,23517.7,0
2026-09-09 11:29:00,23517.8,23519.45,23514.3,23517.1,0
2026-09-09 11:30:00,23517.75,23520.2,23516.6,23518.05,0
2026-09-09 11:31:00,23518.7,23519.65,23516.6,23519.05,0
2026-09-09 11:32:00,23520.05,23520.05,23515.4,23516.75,0
2026-09-09 11:33:00,23517.85,23520.5,23515.9,23517.25,0
2026-09-09 11:34:00,23517.85,23517.9,23514.65,23515.85,0
2026-09-09 11:35:00,23515.55,23519.1,23513.2,23518.1,0
2026-09-09 11:36:00,23518.9,23520.1,23515.25,23517.0,0
2026-09-09 11:37:00,23517.55,23517.65,23513.15,23513.7,0
2026-09-09 11:38:00,23515.05,23518.8,23513.55,23517.8,0
2026-09-09 11:39:00,23518.6,23519.95,23515.55,23517.2,0
2026-09-09 11:40:00,23518.25,23521.15,23516.6,23518.85,0
2026-09-09 11:41:00,23520.1,23523.8,23518.2,23522.0,0
2026-09-09 11:42:00,23522.9,23525.8,23521.4,23524.75,0
2026-09-09 11:43:00,23525.95,23529.0,23524.0,23527.25,0
2026-09-09 11:44:00,23528.75,23531.45,23526.6,23528.75,0
2026-09-09 11:45:00,23530.45,23532.35,23526.6,23529.1,0
2026-09-09 11:46:00,23529.7,23529.7,23522.45,23523.45,0
2026-09-09 11:47:00,23524.4,23527.3,23522.0,23525.15,0
2026-09-09 11:48:00,23524.25,23524.75,23519.45,23522.55,0
2026-09-09 11:49:00,23523.25,23523.8,23515.45,23517.0,0
2026-09-09 11:50:00,23518.15,23518.15,23512.85,23513.95,0
2026-09-09 11:51:00,23514.75,23515.15,23508.75,23509.0,0
2026-09-09 11:52:00,23510.4,23511.4,23504.95,23505.3,0
2026-09-09 11:53:00,23505.85,23507.0,23503.25,23506.15,0
2026-09-09 11:54:00,23507.35,23507.45,23502.2,23502.3,0
2026-09-09 11:55:00,23503.3,23503.5,23496.75,23499.85,0
2026-09-09 11:56:00,23501.35,23503.85,23499.65,23500.3,0
2026-09-09 11:57:00,23500.95,23501.8,23496.35,23498.8,0
2026-09-09 11:58:00,23499.65,23499.95,23495.25,23496.35,0
2026-09-09 11:59:00,23496.5,23496.6,23486.95,23488.5,0
2026-09-09 12:00:00,23490.3,23491.7,23485.85,23486.2,0
2026-09-09 12:01:00,23487.3,23488.25,23479.4,23483.1,0
2026-09-09 12:02:00,23482.05,23483.9,23478.0,23479.9,0
2026-09-09 12:03:00,23480.35,23483.65,23477.15,23481.75,0
2026-09-09 12:04:00,23482.6,23485.25,23480.1,23481.15,0
2026-09-09 12:05:00,23481.9,23484.3,23477.45,23478.15,0
2026-09-09 12:06:00,23478.7,23478.7,23474.05,23475.2,0
2026-09-09 12:07:00,23476.1,23476.5,23470.85,23471.9,0
2026-09-09 12:08:00,23472.7,23476.9,23471.05,23476.2,0
2026-09-09 12:09:00,23476.8,23479.85,23473.3,23474.95,0
2026-09-09 12:10:00,23476.3,23476.85,23473.95,23474.3,0
2026-09-09 12:11:00,23475.2,23476.2,23472.8,23474.45,0
2026-09-09 12:12:00,23476.0,23483.2,23474.6,23483.2,0
2026-09-09 12:13:00,23484.7,23487.7,23482.4,23486.2,0
2026-09-09 12:14:00,23487.65,23490.35,23485.35,23487.8,0
2026-09-09 12:15:00,23488.85,23489.45,23482.8,23484.8,0
2026-09-09 12:16:00,23485.65,23485.65,23479.45,23480.95,0
2026-09-09 12:17:00,23482.2,23486.0,23480.75,23485.15,0
2026-09-09 12:18:00,23485.65,23485.95,23481.65,23482.1,0
2026-09-09 12:19:00,23482.4,23483.15,23477.35,23479.2,0
2026-09-09 12:20:00,23480.5,23481.4,23477.4,23480.5,0
2026-09-09 12:21:00,23481.2,23481.45,23477.4,23477.4,0
2026-09-09 12:22:00,23479.3,23480.4,23477.05,23478.9,0
2026-09-09 12:23:00,23479.65,23483.8,23477.2,23483.1,0
2026-09-09 12:24:00,23483.85,23489.0,23483.15,23487.05,0
2026-09-09 12:25:00,23487.85,23491.3,23485.9,23489.65,0
2026-09-09 12:26:00,23490.35,23498.25,23489.35,23498.0,0
2026-09-09 12:27:00,23498.85,23501.7,23498.2,23499.2,0
2026-09-09 12:28:00,23500.35,23504.15,23498.0,23502.85,0
2026-09-09 12:29:00,23503.25,23511.1,23501.45,23510.6,0
2026-09-09 12:30:00,23512.15,23516.45,23510.7,23515.15,0
2026-09-09 12:31:00,23516.3,23522.8,23515.15,23522.8,0
2026-09-09 12:32:00,23523.5,23530.35,23522.75,23530.35,0
2026-09-09 12:33:00,23530.3,23553.65,23528.9,23547.3,0
2026-09-09 12:34:00,23548.5,23554.75,23545.25,23547.85,0
2026-09-09 12:35:00,23548.55,23565.0,23548.1,23556.85,0
2026-09-09 12:36:00,23557.4,23558.8,23552.8,23554.8,0
2026-09-09 12:37:00,23555.6,23560.4,23553.1,23554.45,0
2026-09-09 12:38:00,23556.75,23560.75,23555.05,23558.95,0
2026-09-09 12:39:00,23559.35,23559.55,23554.7,23557.45,0
2026-09-09 12:40:00,23557.95,23560.2,23556.2,23557.15,0
2026-09-09 12:41:00,23557.7,23562.6,23552.8,23562.05,0
2026-09-09 12:42:00,23562.6,23568.0,23561.6,23567.05,0
2026-09-09 12:43:00,23568.45,23571.55,23565.55,23567.45,0
2026-09-09 12:44:00,23567.85,23569.7,23564.8,23566.15,0
2026-09-09 12:45:00,23566.35,23567.45,23556.4,23559.9,0
2026-09-09 12:46:00,23560.65,23562.85,23557.7,23560.85,0
2026-09-09 12:47:00,23563.1,23564.8,23560.65,23563.45,0
2026-09-09 12:48:00,23563.85,23566.05,23561.5,23564.8,0
2026-09-09 12:49:00,23566.4,23568.65,23558.55,23558.9,0
2026-09-09 12:50:00,23560.0,23561.95,23556.5,23557.65,0
2026-09-09 12:51:00,23559.05,23560.1,23556.2,23560.05,0
2026-09-09 12:52:00,23560.55,23563.15,23560.0,23560.7,0
2026-09-09 12:53:00,23561.3,23561.85,23549.9,23551.9,0
2026-09-09 12:54:00,23552.3,23553.25,23545.55,23548.55,0
2026-09-09 12:55:00,23549.0,23552.0,23542.7,23549.75,0
2026-09-09 12:56:00,23550.35,23560.75,23549.9,23560.5,0
2026-09-09 12:57:00,23560.8,23564.3,23558.35,23562.15,0
2026-09-09 12:58:00,23562.75,23565.6,23561.85,23563.4,0
2026-09-09 12:59:00,23563.85,23567.25,23563.05,23566.0,0
2026-09-09 13:00:00,23566.2,23569.6,23559.55,23560.3,0
2026-09-09 13:01:00,23561.35,23561.35,23555.0,23557.15,0
2026-09-09 13:02:00,23558.75,23558.75,23544.45,23545.4,0
2026-09-09 13:03:00,23548.2,23550.95,23544.8,23549.9,0
2026-09-09 13:04:00,23550.75,23550.75,23544.9,23548.4,0
2026-09-09 13:05:00,23549.15,23551.2,23547.2,23549.0,0
2026-09-09 13:06:00,23550.95,23556.2,23548.9,23554.55,0
2026-09-09 13:07:00,23555.45,23558.85,23551.9,23558.5,0
2026-09-09 13:08:00,23559.35,23561.35,23553.0,23554.7,0
2026-09-09 13:09:00,23555.9,23556.1,23548.25,23549.1,0
2026-09-09 13:10:00,23549.95,23550.6,23545.05,23547.15,0
2026-09-09 13:11:00,23547.75,23549.85,23545.75,23546.2,0
2026-09-09 13:12:00,23546.9,23546.9,23538.05,23541.95,0
2026-09-09 13:13:00,23544.05,23544.05,23537.15,23541.9,0
2026-09-09 13:14:00,23542.75,23543.95,23539.8,23543.95,0
2026-09-09 13:15:00,23544.3,23545.15,23540.15,23541.6,0
2026-09-09 13:16:00,23542.6,23544.25,23540.4,23541.95,0
2026-09-09 13:17:00,23542.15,23542.75,23538.25,23540.4,0
2026-09-09 13:18:00,23541.1,23545.05,23539.7,23543.3,0
2026-09-09 13:19:00,23544.15,23545.1,23540.55,23541.1,0
2026-09-09 13:20:00,23541.9,23543.75,23536.95,23543.5,0
2026-09-09 13:21:00,23544.55,23555.1,23544.45,23553.7,0
2026-09-09 13:22:00,23554.65,23557.1,23547.35,23547.35,0
2026-09-09 13:23:00,23548.15,23548.7,23546.1,23547.15,0
2026-09-09 13:24:00,23548.9,23548.9,23543.7,23545.65,0
2026-09-09 13:25:00,23546.95,23550.75,23544.5,23550.55,0
2026-09-09 13:26:00,23551.05,23555.2,23549.8,23552.6,0
2026-09-09 13:27:00,23552.8,23555.8,23551.55,23553.7,0
2026-09-09 13:28:00,23554.5,23554.8,23550.05,23552.95,0
2026-09-09 13:29:00,23553.35,23560.05,23552.0,23558.45,0
2026-09-09 13:30:00,23559.75,23560.6,23553.95,23556.55,0
2026-09-09 13:31:00,23557.15,23558.5,23553.75,23555.9,0
2026-09-09 13:32:00,23556.05,23558.8,23553.2,23555.0,0
2026-09-09 13:33:00,23556.05,23556.65,23546.5,23547.2,0
2026-09-09 13:34:00,23549.1,23549.1,23542.45,23545.25,0
2026-09-09 13:35:00,23546.2,23548.25,23542.35,23546.85,0
2026-09-09 13:36:00,23547.05,23549.7,23544.65,23546.25,0
2026-09-09 13:37:00,23547.5,23551.1,23545.3,23551.1,0
2026-09-09 13:38:00,23552.2,23555.45,23551.3,23554.9,0
2026-09-09 13:39:00,23555.7,23558.1,23554.55,23555.4,0
2026-09-09 13:40:00,23556.5,23557.05,23553.4,23555.1,0
2026-09-09 13:41:00,23556.2,23558.9,23553.3,23557.45,0
2026-09-09 13:42:00,23557.95,23560.4,23556.55,23557.5,0
2026-09-09 13:43:00,23558.5,23559.5,23555.55,23557.55,0
2026-09-09 13:44:00,23559.15,23559.15,23552.75,23554.1,0
2026-09-09 13:45:00,23554.9,23557.1,23552.75,23552.75,0
2026-09-09 13:46:00,23554.15,23554.15,23549.35,23551.4,0
2026-09-09 13:47:00,23551.95,23553.55,23550.55,23552.85,0
2026-09-09 13:48:00,23554.3,23554.3,23548.9,23551.25,0
2026-09-09 13:49:00,23552.2,23553.55,23549.8,23553.5,0
2026-09-09 13:50:00,23554.0,23555.45,23550.8,23553.7,0
2026-09-09 13:51:00,23554.4,23556.1,23552.45,23554.55,0
2026-09-09 13:52:00,23555.35,23557.7,23551.85,23556.2,0
2026-09-09 13:53:00,23556.95,23559.25,23552.85,23552.95,0
2026-09-09 13:54:00,23553.8,23553.8,23543.25,23543.45,0
2026-09-09 13:55:00,23544.75,23544.75,23540.3,23541.1,0
2026-09-09 13:56:00,23542.25,23542.25,23536.65,23539.6,0
2026-09-09 13:57:00,23540.6,23541.7,23538.55,23541.5,0
2026-09-09 13:58:00,23542.35,23546.15,23540.85,23546.05,0
2026-09-09 13:59:00,23546.95,23552.2,23545.55,23551.95,0
2026-09-09 14:00:00,23552.55,23559.35,23551.75,23552.95,0
2026-09-09 14:01:00,23553.4,23560.4,23550.95,23558.75,0
2026-09-09 14:02:00,23559.6,23561.65,23557.45,23560.25,0
2026-09-09 14:03:00,23560.9,23561.8,23554.0,23554.65,0
2026-09-09 14:04:00,23555.3,23556.1,23552.2,23554.65,0
2026-09-09 14:05:00,23555.1,23560.8,23554.8,23560.25,0
2026-09-09 14:06:00,23560.85,23568.3,23560.25,23567.35,0
2026-09-09 14:07:00,23566.05,23566.05,23559.1,23560.5,0
2026-09-09 14:08:00,23561.8,23561.8,23557.5,23560.6,0
2026-09-09 14:09:00,23561.55,23562.6,23554.55,23554.55,0
2026-09-09 14:10:00,23556.0,23556.0,23548.65,23549.25,0
2026-09-09 14:11:00,23550.25,23556.25,23548.05,23553.5,0
2026-09-09 14:12:00,23553.75,23555.5,23550.95,23552.7,0
2026-09-09 14:13:00,23554.15,23556.25,23541.9,23542.4,0
2026-09-09 14:14:00,23543.0,23547.5,23537.7,23546.85,0
2026-09-09 14:15:00,23546.9,23548.75,23543.2,23545.3,0
2026-09-09 14:16:00,23546.05,23548.75,23539.75,23541.9,0
2026-09-09 14:17:00,23543.05,23548.75,23541.7,23542.65,0
2026-09-09 14:18:00,23544.9,23544.9,23537.65,23541.2,0
2026-09-09 14:19:00,23541.5,23544.45,23540.65,23543.05,0
2026-09-09 14:20:00,23543.55,23545.35,23538.15,23543.25,0
2026-09-09 14:21:00,23544.9,23549.05,23541.7,23544.55,0
2026-09-09 14:22:00,23544.2,23549.15,23543.6,23545.0,0
2026-09-09 14:23:00,23546.75,23548.75,23543.35,23545.45,0
2026-09-09 14:24:00,23545.75,23546.4,23539.4,23540.65,0
2026-09-09 14:25:00,23541.6,23543.6,23537.25,23540.05,0
2026-09-09 14:26:00,23541.1,23544.15,23538.25,23540.75,0
2026-09-09 14:27:00,23541.9,23543.45,23533.5,23534.1,0
2026-09-09 14:28:00,23535.0,23541.9,23533.55,23537.95,0
2026-09-09 14:29:00,23539.1,23539.5,23534.6,23535.65,0
2026-09-09 14:30:00,23537.95,23537.95,23524.8,23526.3,0
2026-09-09 14:31:00,23527.05,23531.3,23524.25,23526.05,0
2026-09-09 14:32:00,23527.2,23527.5,23523.05,23523.05,0
2026-09-09 14:33:00,23524.2,23524.2,23515.0,23515.35,0
2026-09-09 14:34:00,23517.6,23517.9,23510.95,23511.35,0
2026-09-09 14:35:00,23513.4,23516.6,23507.15,23508.6,0
2026-09-09 14:36:00,23510.1,23510.6,23504.4,23506.75,0
2026-09-09 14:37:00,23506.8,23506.85,23496.0,23498.2,0
2026-09-09 14:38:00,23499.5,23501.55,23490.1,23491.55,0
2026-09-09 14:39:00,23492.75,23496.65,23490.45,23492.85,0
2026-09-09 14:40:00,23495.1,23496.0,23489.5,23489.75,0
2026-09-09 14:41:00,23491.05,23495.8,23489.65,23492.8,0
2026-09-09 14:42:00,23494.25,23494.9,23489.2,23490.65,0
2026-09-09 14:43:00,23491.85,23493.85,23489.05,23490.95,0
2026-09-09 14:44:00,23490.75,23491.65,23485.85,23487.65,0
2026-09-09 14:45:00,23489.8,23489.8,23478.3,23478.95,0
2026-09-09 14:46:00,23480.7,23483.4,23479.35,23480.25,0
2026-09-09 14:47:00,23479.05,23487.85,23477.65,23484.45,0
2026-09-09 14:48:00,23484.65,23486.65,23482.6,23483.3,0
2026-09-09 14:49:00,23484.4,23488.35,23483.05,23487.4,0
2026-09-09 14:50:00,23486.75,23492.05,23483.7,23489.8,0
2026-09-09 14:51:00,23490.5,23493.2,23485.65,23486.5,0
2026-09-09 14:52:00,23486.6,23491.2,23484.4,23486.6,0
2026-09-09 14:53:00,23486.75,23491.05,23485.15,23490.95,0
2026-09-09 14:54:00,23490.8,23494.8,23487.2,23487.5,0
2026-09-09 14:55:00,23488.1,23491.35,23486.6,23487.2,0
2026-09-09 14:56:00,23488.5,23489.15,23482.05,23483.2,0
2026-09-09 14:57:00,23483.8,23487.7,23483.15,23486.85,0
2026-09-09 14:58:00,23488.1,23488.1,23485.0,23485.45,0
2026-09-09 14:59:00,23486.4,23487.0,23483.65,23486.0,0
2026-09-09 15:00:00,23486.95,23487.5,23483.65,23485.2,0
2026-09-09 15:01:00,23485.7,23487.8,23480.1,23481.55,0
2026-09-09 15:02:00,23481.0,23481.6,23477.05,23477.35,0
2026-09-09 15:03:00,23476.75,23477.95,23471.2,23472.0,0
2026-09-09 15:04:00,23472.35,23472.95,23461.3,23462.3,0
2026-09-09 15:05:00,23461.3,23461.3,23450.95,23458.65,0
2026-09-09 15:06:00,23458.8,23459.75,23454.2,23454.75,0
2026-09-09 15:07:00,23455.45,23458.4,23452.4,23457.55,0
2026-09-09 15:08:00,23456.9,23468.2,23456.9,23468.05,0
2026-09-09 15:09:00,23467.7,23470.7,23463.55,23470.0,0
2026-09-09 15:10:00,23470.2,23472.35,23467.85,23470.9,0
2026-09-09 15:11:00,23471.15,23473.7,23466.95,23467.3,0
2026-09-09 15:12:00,23467.05,23468.65,23461.2,23465.4,0
2026-09-09 15:13:00,23465.8,23470.95,23463.85,23467.2,0
2026-09-09 15:14:00,23465.55,23468.25,23458.5,23462.4,0
2026-09-09 15:28:00,23431.5,23431.5,23431.5,23431.5,0
2026-09-10 09:15:00,23446.6,23494.95,23437.05,23460.4,0
2026-09-10 09:16:00,23461.4,23461.4,23431.35,23433.45,0
2026-09-10 09:17:00,23436.25,23462.8,23434.05,23459.1,0
2026-09-10 09:18:00,23460.9,23471.9,23460.9,23470.1,0
2026-09-10 09:19:00,23472.3,23472.3,23455.15,23460.3,0
2026-09-10 09:20:00,23459.65,23459.65,23439.4,23444.1,0
2026-09-10 09:21:00,23445.65,23463.2,23444.7,23456.95,0
2026-09-10 09:22:00,23458.3,23458.3,23419.25,23421.7,0
2026-09-10 09:23:00,23423.5,23423.55,23414.0,23420.3,0
2026-09-10 09:24:00,23420.6,23430.6,23419.25,23428.6,0
2026-09-10 09:25:00,23429.15,23429.15,23419.5,23419.8,0
2026-09-10 09:26:00,23423.3,23433.75,23420.4,23433.55,0
2026-09-10 09:27:00,23434.9,23445.25,23432.8,23437.15,0
2026-09-10 09:28:00,23439.5,23445.75,23437.65,23443.7,0
2026-09-10 09:29:00,23445.2,23446.4,23435.75,23437.35,0
2026-09-10 09:30:00,23439.15,23440.65,23422.0,23422.7,0
2026-09-10 09:31:00,23422.95,23423.15,23409.3,23418.05,0
2026-09-10 09:32:00,23417.3,23421.5,23412.65,23420.75,0
2026-09-10 09:33:00,23422.5,23437.25,23420.75,23436.3,0
2026-09-10 09:34:00,23437.8,23438.1,23429.4,23432.0,0
2026-09-10 09:35:00,23433.7,23434.2,23425.7,23428.75,0
2026-09-10 09:36:00,23430.9,23436.0,23426.8,23434.65,0
2026-09-10 09:37:00,23435.9,23435.9,23430.65,23431.9,0
2026-09-10 09:38:00,23433.0,23433.15,23417.15,23417.7,0
2026-09-10 09:39:00,23419.9,23421.6,23416.05,23418.8,0
2026-09-10 09:40:00,23419.95,23424.05,23419.0,23422.9,0
2026-09-10 09:41:00,23424.1,23426.35,23417.8,23419.6,0
2026-09-10 09:42:00,23420.7,23430.6,23420.2,23427.45,0
2026-09-10 09:43:00,23428.8,23434.7,23426.0,23426.0,0
2026-09-10 09:44:00,23428.55,23428.8,23420.7,23422.6,0
2026-09-10 09:45:00,23423.25,23431.05,23421.85,23427.65,0
2026-09-10 09:46:00,23429.35,23429.6,23424.15,23426.2,0
2026-09-10 09:47:00,23426.85,23433.7,23421.65,23432.5,0
2026-09-10 09:48:00,23432.1,23435.55,23427.5,23435.0,0
2026-09-10 09:49:00,23435.9,23437.3,23430.15,23435.65,0
2026-09-10 09:50:00,23437.3,23444.05,23436.55,23443.1,0
2026-09-10 09:51:00,23445.1,23449.4,23443.25,23447.1,0
2026-09-10 09:52:00,23448.65,23451.6,23444.3,23447.9,0
2026-09-10 09:53:00,23448.85,23451.45,23442.8,23443.1,0
2026-09-10 09:54:00,23444.1,23445.85,23441.6,23442.3,0
2026-09-10 09:55:00,23443.4,23443.45,23436.45,23437.75,0
2026-09-10 09:56:00,23441.75,23445.7,23434.8,23443.6,0
2026-09-10 09:57:00,23445.3,23445.3,23432.6,23433.95,0
2026-09-10 09:58:00,23435.1,23435.7,23429.75,23431.15,0
2026-09-10 09:59:00,23432.4,23432.4,23424.8,23428.05,0
2026-09-10 10:00:00,23430.2,23430.2,23422.2,23422.2,0
2026-09-10 10:01:00,23423.9,23424.45,23418.6,23419.3,0
2026-09-10 10:02:00,23420.25,23420.65,23412.5,23412.6,0
2026-09-10 10:03:00,23414.1,23418.8,23412.9,23414.5,0
2026-09-10 10:04:00,23416.8,23426.55,23415.25,23422.65,0
2026-09-10 10:05:00,23423.75,23427.0,23422.45,23424.75,0
2026-09-10 10:06:00,23426.4,23426.4,23416.05,23416.55,0
2026-09-10 10:07:00,23417.65,23418.85,23412.95,23413.6,0
2026-09-10 10:08:00,23415.95,23418.2,23408.5,23408.6,0
2026-09-10 10:09:00,23409.9,23419.35,23404.45,23414.8,0
2026-09-10 10:10:00,23415.75,23415.8,23411.2,23413.75,0
2026-09-10 10:11:00,23415.75,23417.0,23409.05,23414.0,0
2026-09-10 10:12:00,23414.75,23414.75,23407.8,23408.85,0
2026-09-10 10:13:00,23410.55,23411.65,23404.35,23406.0,0
2026-09-10 10:14:00,23407.9,23413.6,23405.5,23413.6,0
2026-09-10 10:15:00,23415.15,23420.25,23412.35,23420.0,0
2026-09-10 10:16:00,23421.9,23426.3,23421.45,23425.2,0
2026-09-10 10:17:00,23426.75,23435.85,23425.75,23428.15,0
2026-09-10 10:18:00,23429.3,23433.75,23427.5,23429.35,0
2026-09-10 10:19:00,23429.95,23431.65,23426.2,23426.75,0
2026-09-10 10:20:00,23428.45,23428.45,23421.65,23421.9,0
2026-09-10 10:21:00,23422.6,23423.55,23417.2,23418.3,0
2026-09-10 10:22:00,23419.5,23419.5,23415.0,23416.95,0
2026-09-10 10:23:00,23418.2,23429.15,23417.0,23428.95,0
2026-09-10 10:24:00,23430.4,23430.4,23422.35,23424.25,0
2026-09-10 10:25:00,23425.15,23427.3,23420.7,23426.55,0
2026-09-10 10:26:00,23428.6,23428.6,23423.8,23425.5,0
2026-09-10 10:27:00,23426.7,23427.05,23421.15,23421.7,0
2026-09-10 10:28:00,23422.75,23424.1,23421.0,23421.85,0
2026-09-10 10:29:00,23423.0,23426.65,23421.6,23424.8,0
2026-09-10 10:30:00,23425.5,23429.0,23424.7,23428.25,0
2026-09-10 10:31:00,23429.0,23430.25,23424.3,23424.4,0
2026-09-10 10:32:00,23425.6,23428.55,23424.25,23425.5,0
2026-09-10 10:33:00,23428.2,23430.75,23426.3,23429.45,0
2026-09-10 10:34:00,23430.85,23430.85,23426.15,23428.15,0
2026-09-10 10:35:00,23428.7,23430.0,23426.75,23427.6,0
2026-09-10 10:36:00,23429.55,23430.9,23426.1,23427.95,0
2026-09-10 10:37:00,23428.95,23429.1,23426.45,23427.35,0
2026-09-10 10:38:00,23429.35,23433.8,23427.35,23432.35,0
2026-09-10 10:39:00,23433.95,23437.05,23432.5,23436.25,0
2026-09-10 10:40:00,23436.95,23441.4,23435.6,23439.85,0
2026-09-10 10:41:00,23441.5,23444.05,23435.5,23437.95,0
2026-09-10 10:42:00,23438.8,23441.35,23433.1,23439.7,0
2026-09-10 10:43:00,23441.5,23442.05,23435.3,23435.45,0
2026-09-10 10:44:00,23437.3,23448.4,23436.35,23448.4,0
2026-09-10 10:45:00,23449.3,23451.35,23441.65,23442.7,0
2026-09-10 10:46:00,23443.6,23444.95,23435.3,23435.35,0
2026-09-10 10:47:00,23436.95,23436.95,23431.8,23433.4,0
2026-09-10 10:48:00,23434.8,23434.8,23427.2,23427.5,0
2026-09-10 10:49:00,23428.3,23428.75,23423.6,23424.15,0
2026-09-10 10:50:00,23426.2,23426.2,23418.8,23420.0,0
2026-09-10 10:51:00,23420.55,23421.35,23416.0,23419.55,0
2026-09-10 10:52:00,23421.85,23424.35,23417.85,23417.85,0
2026-09-10 10:53:00,23419.3,23419.95,23415.4,23416.65,0
2026-09-10 10:54:00,23418.3,23418.3,23410.8,23410.8,0
2026-09-10 10:55:00,23412.9,23413.85,23406.25,23406.35,0
2026-09-10 10:56:00,23407.55,23409.2,23403.8,23404.4,0
2026-09-10 10:57:00,23406.05,23411.6,23403.05,23411.55,0
2026-09-10 10:58:00,23414.2,23414.2,23406.9,23408.75,0
2026-09-10 10:59:00,23409.9,23410.2,23407.6,23409.75,0
2026-09-10 11:00:00,23412.5,23418.85,23410.75,23416.65,0
2026-09-10 11:01:00,23418.45,23418.85,23415.95,23417.45,0
2026-09-10 11:02:00,23417.75,23417.75,23413.75,23414.95,0
2026-09-10 11:03:00,23416.3,23421.0,23414.0,23414.65,0
2026-09-10 11:04:00,23416.1,23422.3,23415.15,23417.45,0
2026-09-10 11:05:00,23418.75,23418.75,23409.85,23413.2,0
2026-09-10 11:06:00,23415.05,23420.35,23413.2,23419.55,0
2026-09-10 11:07:00,23420.8,23420.8,23414.5,23418.0,0
2026-09-10 11:08:00,23419.45,23423.2,23416.8,23419.7,0
2026-09-10 11:09:00,23420.4,23420.55,23416.7,23417.4,0
2026-09-10 11:10:00,23418.8,23422.95,23416.45,23420.45,0
2026-09-10 11:11:00,23421.95,23422.4,23417.65,23419.85,0
2026-09-10 11:12:00,23420.2,23426.1,23419.2,23424.35,0
2026-09-10 11:13:00,23426.25,23435.15,23424.8,23434.85,0
2026-09-10 11:14:00,23435.9,23439.1,23432.15,23438.95,0
2026-09-10 11:15:00,23439.5,23446.8,23438.3,23443.55,0
2026-09-10 11:16:00,23445.35,23445.35,23436.65,23436.95,0
2026-09-10 11:17:00,23438.15,23440.5,23435.3,23440.4,0
2026-09-10 11:18:00,23441.15,23443.0,23436.6,23437.4,0
2026-09-10 11:19:00,23437.65,23442.0,23436.15,23436.75,0
2026-09-10 11:20:00,23438.1,23438.1,23425.85,23428.25,0
2026-09-10 11:21:00,23430.75,23432.6,23423.75,23424.55,0
2026-09-10 11:22:00,23425.15,23433.6,23423.8,23433.5,0
2026-09-10 11:23:00,23434.6,23437.5,23433.65,23436.7,0
2026-09-10 11:24:00,23437.8,23438.1,23432.25,23433.05,0
2026-09-10 11:25:00,23435.1,23436.45,23433.05,23433.6,0
2026-09-10 11:26:00,23434.85,23435.35,23430.85,23434.2,0
2026-09-10 11:27:00,23434.75,23434.85,23426.25,23426.85,0
2026-09-10 11:28:00,23427.7,23429.35,23424.8,23428.25,0
2026-09-10 11:29:00,23430.0,23430.0,23426.55,23426.7,0
2026-09-10 11:30:00,23428.55,23437.3,23426.6,23437.0,0
2026-09-10 11:31:00,23437.95,23439.05,23435.4,23436.3,0
2026-09-10 11:32:00,23437.35,23438.15,23423.7,23424.5,0
2026-09-10 11:33:00,23426.05,23426.05,23419.65,23420.5,0
2026-09-10 11:34:00,23421.65,23421.65,23418.85,23420.75,0
2026-09-10 11:35:00,23421.65,23422.4,23416.95,23421.5,0
2026-09-10 11:36:00,23422.9,23425.25,23420.1,23421.25,0
2026-09-10 11:37:00,23421.95,23421.95,23418.2,23419.1,0
2026-09-10 11:38:00,23420.3,23424.5,23417.8,23421.7,0
2026-09-10 11:39:00,23422.45,23422.45,23412.05,23413.0,0
2026-09-10 11:40:00,23414.3,23417.05,23412.6,23414.75,0
2026-09-10 11:41:00,23415.1,23418.45,23412.0,23412.6,0
2026-09-10 11:42:00,23413.8,23413.8,23405.65,23405.9,0
2026-09-10 11:43:00,23407.85,23413.25,23405.35,23412.9,0
2026-09-10 11:44:00,23413.65,23421.85,23411.2,23421.55,0
2026-09-10 11:45:00,23422.4,23424.45,23420.3,23423.45,0
2026-09-10 11:46:00,23424.7,23427.3,23422.05,23423.9,0
2026-09-10 11:47:00,23424.95,23430.2,23424.55,23429.1,0
2026-09-10 11:48:00,23431.05,23431.05,23426.4,23429.8,0
2026-09-10 11:49:00,23431.05,23433.55,23428.5,23431.4,0
2026-09-10 11:50:00,23433.45,23435.5,23431.25,23433.15,0
2026-09-10 11:51:00,23434.85,23435.45,23430.3,23430.7,0
2026-09-10 11:52:00,23432.45,23432.45,23426.25,23430.3,0
2026-09-10 11:53:00,23430.9,23432.25,23429.55,23431.3,0
2026-09-10 11:54:00,23432.45,23432.55,23428.7,23432.55,0
2026-09-10 11:55:00,23433.0,23433.0,23428.75,23430.55,0
2026-09-10 11:56:00,23431.3,23431.3,23422.0,23424.75,0
2026-09-10 11:57:00,23425.2,23433.05,23424.8,23430.3,0
2026-09-10 11:58:00,23431.6,23435.05,23429.6,23433.65,0
2026-09-10 11:59:00,23434.55,23439.6,23432.9,23439.4,0
2026-09-10 12:00:00,23441.1,23444.4,23439.8,23444.35,0
2026-09-10 12:01:00,23445.75,23446.3,23439.85,23440.7,0
2026-09-10 12:02:00,23441.65,23445.9,23440.5,23445.7,0
2026-09-10 12:03:00,23446.4,23447.55,23441.5,23442.35,0
2026-09-10 12:04:00,23442.85,23449.4,23441.2,23447.0,0
2026-09-10 12:05:00,23448.45,23448.85,23444.25,23446.55,0
2026-09-10 12:06:00,23447.6,23448.15,23437.85,23439.35,0
2026-09-10 12:07:00,23441.0,23446.1,23438.0,23446.1,0
2026-09-10 12:08:00,23445.75,23446.25,23438.6,23439.35,0
2026-09-10 12:09:00,23440.9,23441.9,23437.1,23437.6,0
2026-09-10 12:10:00,23439.35,23441.2,23437.3,23439.6,0
2026-09-10 12:11:00,23441.2,23448.5,23440.8,23447.3,0
2026-09-10 12:12:00,23449.15,23458.4,23447.4,23456.65,0
2026-09-10 12:13:00,23457.7,23458.55,23451.55,23458.0,0
2026-09-10 12:14:00,23459.7,23464.85,23456.25,23458.2,0
2026-09-10 12:15:00,23460.15,23464.45,23459.0,23461.35,0
2026-09-10 12:16:00,23464.15,23464.8,23459.85,23463.8,0
2026-09-10 12:17:00,23465.2,23466.3,23461.25,23461.45,0
2026-09-10 12:18:00,23462.8,23463.85,23459.4,23461.55,0
2026-09-10 12:19:00,23462.9,23466.0,23461.25,23462.1,0
2026-09-10 12:20:00,23463.5,23466.6,23458.95,23464.2,0
2026-09-10 12:21:00,23464.8,23471.7,23462.5,23469.9,0
2026-09-10 12:22:00,23471.35,23473.9,23464.0,23465.25,0
2026-09-10 12:23:00,23466.55,23470.15,23456.05,23458.95,0
2026-09-10 12:24:00,23460.3,23463.65,23456.1,23457.35,0
2026-09-10 12:25:00,23459.15,23461.55,23456.35,23461.5,0
2026-09-10 12:26:00,23462.45,23464.75,23461.2,23464.75,0
2026-09-10 12:27:00,23465.7,23466.85,23458.6,23459.85,0
2026-09-10 12:28:00,23461.5,23463.5,23460.25,23461.35,0
2026-09-10 12:29:00,23461.95,23462.45,23457.25,23457.5,0
2026-09-10 12:30:00,23459.3,23460.3,23454.8,23457.0,0
2026-09-10 12:31:00,23458.0,23458.55,23449.95,23452.35,0
2026-09-10 12:32:00,23453.65,23457.75,23452.75,23452.75,0
2026-09-10 12:33:00,23455.4,23457.65,23453.15,23456.3,0
2026-09-10 12:34:00,23457.6,23458.25,23448.9,23450.4,0
2026-09-10 12:35:00,23452.2,23452.65,23449.4,23450.85,0
2026-09-10 12:36:00,23452.0,23453.0,23445.65,23445.85,0
2026-09-10 12:37:00,23447.45,23449.1,23441.5,23442.25,0
2026-09-10 12:38:00,23443.4,23445.3,23441.25,23441.25,0
2026-09-10 12:39:00,23443.35,23447.55,23439.7,23446.05,0
2026-09-10 12:40:00,23446.7,23451.75,23445.5,23450.0,0
2026-09-10 12:41:00,23452.2,23453.7,23443.25,23443.3,0
2026-09-10 12:42:00,23444.55,23456.6,23443.55,23453.8,0
2026-09-10 12:43:00,23454.8,23461.45,23453.25,23458.4,0
2026-09-10 12:44:00,23459.9,23462.0,23457.9,23458.85,0
2026-09-10 12:45:00,23460.8,23465.2,23457.85,23461.55,0
2026-09-10 12:46:00,23462.7,23463.1,23454.25,23454.8,0
2026-09-10 12:47:00,23455.85,23456.5,23448.95,23453.35,0
2026-09-10 12:48:00,23455.15,23456.6,23450.45,23456.6,0
2026-09-10 12:49:00,23457.8,23460.55,23456.55,23456.55,0
2026-09-10 12:50:00,23458.4,23460.5,23454.05,23458.65,0
2026-09-10 12:51:00,23460.05,23460.8,23456.9,23458.95,0
2026-09-10 12:52:00,23460.15,23461.9,23456.05,23456.05,0
2026-09-10 12:53:00,23457.85,23458.55,23453.7,23454.25,0
2026-09-10 12:54:00,23456.4,23457.0,23449.75,23452.7,0
2026-09-10 12:55:00,23454.6,23455.55,23445.15,23447.65,0
2026-09-10 12:56:00,23451.05,23451.4,23442.6,23445.75,0
2026-09-10 12:57:00,23447.6,23449.35,23444.9,23448.5,0
2026-09-10 12:58:00,23450.5,23451.6,23444.7,23444.85,0
2026-09-10 12:59:00,23446.4,23447.55,23437.05,23437.65,0
2026-09-10 13:00:00,23439.85,23441.8,23437.9,23438.1,0
2026-09-10 13:01:00,23439.35,23439.35,23431.85,23433.4,0
2026-09-10 13:02:00,23434.85,23441.6,23432.7,23439.6,0
2026-09-10 13:03:00,23442.25,23442.8,23436.25,23436.25,0
2026-09-10 13:04:00,23438.1,23441.35,23436.75,23437.85,0
2026-09-10 13:05:00,23439.95,23441.6,23429.75,23430.7,0
2026-09-10 13:06:00,23433.65,23433.65,23423.15,23424.7,0
2026-09-10 13:07:00,23427.4,23432.15,23424.15,23428.35,0
2026-09-10 13:08:00,23429.95,23432.65,23428.85,23431.9,0
2026-09-10 13:09:00,23433.95,23439.7,23432.45,23436.7,0
2026-09-10 13:10:00,23438.8,23440.65,23434.0,23440.45,0
2026-09-10 13:11:00,23441.6,23442.55,23437.55,23439.25,0
2026-09-10 13:12:00,23440.35,23441.6,23433.65,23435.55,0
2026-09-10 13:13:00,23436.95,23439.9,23435.55,23439.9,0
2026-09-10 13:14:00,23441.8,23448.45,23439.5,23447.3,0
2026-09-10 13:15:00,23450.45,23451.1,23439.2,23442.8,0
2026-09-10 13:16:00,23444.4,23445.05,23438.35,23438.8,0
2026-09-10 13:17:00,23441.05,23443.4,23439.8,23440.8,0
2026-09-10 13:18:00,23443.0,23444.45,23440.85,23442.95,0
2026-09-10 13:19:00,23444.15,23444.6,23434.55,23436.3,0
2026-09-10 13:20:00,23438.7,23439.15,23432.4,23434.2,0
2026-09-10 13:21:00,23436.0,23443.0,23433.1,23440.55,0
2026-09-10 13:22:00,23441.85,23443.3,23436.3,23436.45,0
2026-09-10 13:23:00,23438.1,23440.45,23436.15,23439.05,0
2026-09-10 13:24:00,23440.1,23441.2,23438.4,23440.4,0
2026-09-10 13:25:00,23440.7,23443.95,23439.1,23439.1,0
2026-09-10 13:26:00,23440.85,23441.7,23436.9,23437.05,0
2026-09-10 13:27:00,23438.75,23438.75,23434.15,23434.6,0
2026-09-10 13:28:00,23436.55,23436.9,23432.7,23436.7,0
2026-09-10 13:29:00,23437.85,23438.05,23428.7,23431.15,0
2026-09-10 13:30:00,23432.05,23432.05,23424.55,23429.45,0
2026-09-10 13:31:00,23431.65,23434.05,23430.0,23432.05,0
2026-09-10 13:32:00,23433.35,23435.35,23429.65,23429.65,0
2026-09-10 13:33:00,23430.2,23431.05,23424.6,23427.25,0
2026-09-10 13:34:00,23428.0,23430.25,23425.25,23428.6,0
2026-09-10 13:35:00,23430.1,23432.3,23427.8,23429.6,0
2026-09-10 13:36:00,23430.85,23432.15,23428.1,23430.5,0
2026-09-10 13:37:00,23431.6,23433.5,23427.15,23429.45,0
2026-09-10 13:38:00,23430.9,23437.55,23430.35,23437.55,0
2026-09-10 13:39:00,23437.35,23440.5,23432.5,23439.35,0
2026-09-10 13:40:00,23441.2,23444.65,23438.95,23442.9,0
2026-09-10 13:41:00,23443.8,23446.35,23439.6,23440.6,0
2026-09-10 13:42:00,23442.95,23445.5,23439.7,23439.85,0
2026-09-10 13:43:00,23441.8,23442.7,23436.75,23439.25,0
2026-09-10 13:44:00,23440.15,23441.65,23436.35,23440.0,0
2026-09-10 13:45:00,23440.5,23440.85,23433.05,23433.05,0
2026-09-10 13:46:00,23435.0,23435.9,23431.85,23432.2,0
2026-09-10 13:47:00,23434.5,23437.5,23433.35,23433.6,0
2026-09-10 13:48:00,23434.45,23435.75,23428.05,23428.75,0
2026-09-10 13:49:00,23430.65,23436.45,23429.5,23431.9,0
2026-09-10 13:50:00,23433.55,23434.0,23430.3,23431.6,0
2026-09-10 13:51:00,23432.15,23435.55,23429.3,23434.15,0
2026-09-10 13:52:00,23435.2,23436.7,23433.7,23434.85,0
2026-09-10 13:53:00,23436.25,23437.65,23432.9,23433.35,0
2026-09-10 13:54:00,23435.1,23436.4,23430.4,23431.2,0
2026-09-10 13:55:00,23432.85,23433.55,23425.05,23426.8,0
2026-09-10 13:56:00,23427.95,23428.75,23424.05,23426.2,0
2026-09-10 13:57:00,23427.95,23429.1,23423.1,23426.8,0
2026-09-10 13:58:00,23427.6,23428.85,23425.2,23426.05,0
2026-09-10 13:59:00,23426.65,23427.3,23423.05,23425.2,0
2026-09-10 14:00:00,23427.4,23430.15,23425.7,23428.65,0
2026-09-10 14:01:00,23429.85,23429.85,23424.8,23425.85,0
2026-09-10 14:02:00,23426.55,23427.95,23422.5,23423.4,0
2026-09-10 14:03:00,23424.7,23425.0,23419.25,23420.55,0
2026-09-10 14:04:00,23421.4,23421.6,23417.05,23417.9,0
2026-09-10 14:05:00,23419.25,23419.25,23413.8,23418.4,0
2026-09-10 14:06:00,23419.35,23421.95,23418.0,23420.95,0
2026-09-10 14:07:00,23421.65,23422.2,23418.25,23420.75,0
2026-09-10 14:08:00,23421.65,23421.7,23415.75,23416.65,0
2026-09-10 14:09:00,23418.75,23422.95,23415.4,23419.4,0
2026-09-10 14:10:00,23420.1,23420.7,23416.4,23417.3,0
2026-09-10 14:11:00,23418.75,23419.25,23415.5,23418.9,0
2026-09-10 14:12:00,23419.95,23421.8,23417.35,23417.8,0
2026-09-10 14:13:00,23419.5,23419.5,23414.35,23418.85,0
2026-09-10 14:14:00,23419.95,23420.6,23416.65,23417.9,0
2026-09-10 14:15:00,23419.1,23419.1,23413.1,23413.9,0
2026-09-10 14:16:00,23414.75,23416.65,23413.3,23416.1,0
2026-09-10 14:17:00,23418.1,23418.15,23413.4,23415.6,0
2026-09-10 14:18:00,23416.35,23416.35,23410.75,23411.5,0
2026-09-10 14:19:00,23412.25,23412.25,23406.5,23410.15,0
2026-09-10 14:20:00,23410.95,23416.9,23409.7,23415.8,0
2026-09-10 14:21:00,23417.2,23424.4,23417.2,23422.9,0
2026-09-10 14:22:00,23424.45,23424.45,23419.8,23421.0,0
2026-09-10 14:23:00,23422.3,23423.05,23419.3,23420.1,0
2026-09-10 14:24:00,23421.15,23425.85,23419.2,23425.35,0
2026-09-10 14:25:00,23426.75,23428.15,23424.35,23426.85,0
2026-09-10 14:26:00,23423.75,23426.55,23420.4,23421.45,0
2026-09-10 14:27:00,23422.2,23426.0,23421.1,23424.8,0
2026-09-10 14:28:00,23425.4,23425.4,23411.65,23414.8,0
2026-09-10 14:29:00,23416.65,23418.85,23415.15,23418.65,0
2026-09-10 14:30:00,23420.05,23421.45,23418.3,23420.15,0
2026-09-10 14:31:00,23420.5,23420.8,23413.65,23414.3,0
2026-09-10 14:32:00,23416.4,23418.85,23414.2,23415.7,0
2026-09-10 14:33:00,23416.8,23419.2,23413.75,23416.2,0
2026-09-10 14:34:00,23417.8,23418.7,23414.9,23416.35,0
2026-09-10 14:35:00,23417.55,23417.55,23410.8,23413.0,0
2026-09-10 14:36:00,23413.8,23414.4,23409.35,23410.6,0
2026-09-10 14:37:00,23412.45,23414.15,23405.35,23406.3,0
2026-09-10 14:38:00,23407.7,23409.55,23405.9,23407.65,0
2026-09-10 14:39:00,23409.1,23410.35,23404.5,23406.6,0
2026-09-10 14:40:00,23407.55,23409.75,23397.8,23401.35,0
2026-09-10 14:41:00,23402.45,23407.55,23400.5,23406.1,0
2026-09-10 14:42:00,23407.15,23413.3,23405.75,23411.1,0
2026-09-10 14:43:00,23412.45,23412.45,23407.85,23411.25,0
2026-09-10 14:44:00,23412.4,23416.45,23411.25,23414.7,0
2026-09-10 14:45:00,23416.2,23417.5,23414.4,23416.25,0
2026-09-10 14:46:00,23416.35,23417.95,23413.9,23416.65,0
2026-09-10 14:47:00,23417.3,23423.95,23415.65,23420.05,0
2026-09-10 14:48:00,23421.35,23421.35,23416.25,23418.7,0
2026-09-10 14:49:00,23420.25,23425.55,23419.45,23425.3,0
2026-09-10 14:50:00,23426.65,23431.05,23425.4,23429.85,0
2026-09-10 14:51:00,23430.4,23433.35,23427.4,23428.8,0
2026-09-10 14:52:00,23429.8,23431.9,23420.5,23423.15,0
2026-09-10 14:53:00,23424.1,23428.15,23420.25,23428.15,0
2026-09-10 14:54:00,23428.2,23429.0,23420.45,23424.3,0
2026-09-10 14:55:00,23425.1,23427.3,23419.85,23421.35,0
2026-09-10 14:56:00,23422.35,23424.95,23420.95,23424.1,0
2026-09-10 14:57:00,23425.15,23426.2,23417.05,23417.65,0
2026-09-10 14:58:00,23418.4,23419.0,23413.85,23414.8,0
2026-09-10 14:59:00,23414.75,23415.25,23409.45,23411.8,0
2026-09-10 15:00:00,23412.25,23412.25,23386.0,23386.05,0
2026-09-10 15:01:00,23385.75,23396.3,23381.9,23394.35,0
2026-09-10 15:02:00,23393.75,23396.45,23386.75,23389.4,0
2026-09-10 15:03:00,23390.4,23394.15,23389.2,23391.35,0
2026-09-10 15:04:00,23391.45,23393.9,23388.55,23392.6,0
2026-09-10 15:05:00,23392.2,23392.5,23388.2,23390.35,0
2026-09-10 15:06:00,23389.9,23390.25,23380.1,23386.05,0
2026-09-10 15:07:00,23386.25,23389.35,23382.65,23384.6,0
2026-09-10 15:08:00,23384.9,23390.4,23383.45,23389.7,0
2026-09-10 15:09:00,23389.85,23392.65,23386.35,23391.8,0
2026-09-10 15:10:00,23392.15,23392.3,23388.7,23389.9,0
2026-09-10 15:11:00,23389.35,23393.4,23387.25,23390.2,0
2026-09-10 15:12:00,23389.9,23391.0,23382.4,23389.8,0
2026-09-10 15:13:00,23388.85,23396.75,23387.15,23392.35,0
2026-09-10 15:14:00,23394.3,23396.65,23385.65,23389.25,0
2026-09-10 15:29:00,23477.8,23477.8,23477.8,23477.8,0
2026-09-11 09:15:00,23270.3,23277.3,23231.4,23246.25,0
2026-09-11 09:16:00,23247.75,23248.75,23239.25,23240.8,0
2026-09-11 09:17:00,23241.75,23243.45,23232.25,23238.5,0
2026-09-11 09:18:00,23241.35,23252.3,23236.55,23247.5,0
2026-09-11 09:19:00,23248.15,23261.85,23244.65,23258.6,0
2026-09-11 09:20:00,23259.0,23259.45,23249.4,23256.75,0
2026-09-11 09:21:00,23257.95,23263.65,23253.95,23257.4,0
2026-09-11 09:22:00,23257.9,23263.95,23253.1,23258.45,0
2026-09-11 09:23:00,23258.0,23261.15,23248.35,23250.7,0
2026-09-11 09:24:00,23251.2,23259.9,23249.1,23258.95,0
2026-09-11 09:25:00,23258.9,23266.0,23254.05,23260.85,0
2026-09-11 09:26:00,23261.1,23263.1,23253.25,23260.1,0
2026-09-11 09:27:00,23261.45,23261.85,23254.3,23260.2,0
2026-09-11 09:28:00,23260.1,23260.8,23251.7,23255.8,0
2026-09-11 09:29:00,23257.2,23260.7,23252.9,23258.25,0
2026-09-11 09:30:00,23258.4,23260.75,23253.9,23254.8,0
2026-09-11 09:31:00,23257.5,23267.15,23255.8,23256.65,0
2026-09-11 09:32:00,23258.8,23258.8,23239.15,23240.7,0
2026-09-11 09:33:00,23240.35,23251.35,23238.25,23250.85,0
2026-09-11 09:34:00,23251.2,23259.85,23251.2,23256.05,0
2026-09-11 09:35:00,23257.9,23263.45,23254.95,23261.35,0
2026-09-11 09:36:00,23262.5,23265.25,23258.55,23263.9,0
2026-09-11 09:37:00,23265.0,23267.25,23256.65,23257.1,0
2026-09-11 09:38:00,23258.2,23263.2,23255.7,23262.0,0
2026-09-11 09:39:00,23263.05,23263.4,23257.95,23259.15,0
2026-09-11 09:40:00,23259.6,23259.6,23249.6,23249.75,0
2026-09-11 09:41:00,23250.5,23250.5,23240.65,23241.85,0
2026-09-11 09:42:00,23243.85,23244.55,23239.15,23240.8,0
2026-09-11 09:43:00,23240.95,23255.85,23240.9,23255.55,0
2026-09-11 09:44:00,23255.85,23257.3,23247.75,23248.2,0
2026-09-11 09:45:00,23249.95,23252.9,23247.15,23252.8,0
2026-09-11 09:46:00,23254.1,23254.1,23244.65,23247.0,0
2026-09-11 09:47:00,23248.7,23248.75,23242.3,23243.35,0
2026-09-11 09:48:00,23244.6,23245.8,23241.25,23243.25,0
2026-09-11 09:49:00,23244.0,23248.7,23242.5,23246.55,0
2026-09-11 09:50:00,23247.8,23252.3,23246.05,23249.8,0
2026-09-11 09:51:00,23250.7,23250.95,23245.4,23246.0,0
2026-09-11 09:52:00,23247.6,23249.55,23244.2,23247.9,0
2026-09-11 09:53:00,23249.5,23251.05,23242.3,23242.75,0
2026-09-11 09:54:00,23243.95,23249.45,23242.35,23246.25,0
2026-09-11 09:55:00,23247.05,23254.55,23244.75,23252.55,0
2026-09-11 09:56:00,23253.85,23261.3,23252.8,23257.3,0
2026-09-11 09:57:00,23258.35,23261.65,23256.3,23258.95,0
2026-09-11 09:58:00,23259.95,23262.95,23258.2,23261.9,0
2026-09-11 09:59:00,23262.5,23263.35,23259.0,23259.25,0
2026-09-11 10:00:00,23259.9,23263.2,23258.35,23258.95,0
2026-09-11 10:01:00,23259.65,23261.4,23257.45,23260.5,0
2026-09-11 10:02:00,23261.75,23262.75,23257.3,23262.1,0
2026-09-11 10:03:00,23258.55,23273.9,23258.55,23272.15,0
2026-09-11 10:04:00,23273.45,23274.8,23268.65,23271.9,0
2026-09-11 10:05:00,23272.65,23276.7,23270.8,23273.1,0
2026-09-11 10:06:00,23274.1,23275.7,23271.0,23271.25,0
2026-09-11 10:07:00,23272.65,23275.75,23270.5,23270.6,0
2026-09-11 10:08:00,23271.4,23281.85,23269.6,23281.3,0
2026-09-11 10:09:00,23281.85,23286.05,23280.85,23284.7,0
2026-09-11 10:10:00,23285.6,23286.6,23280.35,23283.4,0
2026-09-11 10:11:00,23284.7,23285.65,23281.25,23283.05,0
2026-09-11 10:12:00,23284.15,23286.05,23282.25,23283.85,0
2026-09-11 10:13:00,23284.75,23296.3,23282.8,23294.9,0
2026-09-11 10:14:00,23295.7,23299.4,23293.15,23297.2,0
2026-09-11 10:15:00,23297.65,23297.65,23288.6,23294.3,0
2026-09-11 10:16:00,23294.45,23296.75,23289.9,23290.8,0
2026-09-11 10:17:00,23292.4,23296.9,23290.75,23294.0,0
2026-09-11 10:18:00,23294.75,23295.25,23290.6,23291.85,0
2026-09-11 10:19:00,23293.4,23294.0,23289.6,23292.5,0
2026-09-11 10:20:00,23293.7,23296.1,23290.1,23294.25,0
2026-09-11 10:21:00,23295.4,23302.55,23294.15,23300.35,0
2026-09-11 10:22:00,23301.4,23311.15,23299.35,23307.95,0
2026-09-11 10:23:00,23310.0,23311.8,23300.0,23300.25,0
2026-09-11 10:24:00,23302.05,23303.95,23299.15,23300.2,0
2026-09-11 10:25:00,23301.15,23301.15,23294.75,23297.45,0
2026-09-11 10:26:00,23298.9,23298.9,23293.85,23294.4,0
2026-09-11 10:27:00,23296.25,23296.25,23285.7,23285.85,0
2026-09-11 10:28:00,23287.2,23287.2,23276.95,23277.45,0
2026-09-11 10:29:00,23278.2,23280.05,23275.45,23275.45,0
2026-09-11 10:30:00,23276.8,23278.15,23272.6,23275.25,0
2026-09-11 10:31:00,23276.15,23283.6,23275.45,23282.35,0
2026-09-11 10:32:00,23283.7,23285.6,23281.6,23282.05,0
2026-09-11 10:33:00,23282.9,23283.75,23279.7,23279.7,0
2026-09-11 10:34:00,23281.25,23289.05,23279.55,23285.5,0
2026-09-11 10:35:00,23287.4,23291.55,23284.4,23290.45,0
2026-09-11 10:36:00,23291.5,23292.9,23289.65,23292.65,0
2026-09-11 10:37:00,23293.2,23298.2,23291.4,23294.05,0
2026-09-11 10:38:00,23295.85,23296.9,23293.3,23296.35,0
2026-09-11 10:39:00,23297.25,23297.25,23291.65,23293.8,0
2026-09-11 10:40:00,23294.3,23295.85,23292.95,23294.05,0
2026-09-11 10:41:00,23294.7,23296.95,23290.8,23293.7,0
2026-09-11 10:42:00,23294.65,23295.55,23291.85,23294.7,0
2026-09-11 10:43:00,23295.5,23298.6,23294.65,23298.6,0
2026-09-11 10:44:00,23298.4,23305.35,23297.2,23305.3,0
2026-09-11 10:45:00,23307.1,23313.4,23301.05,23301.7,0
2026-09-11 10:46:00,23302.55,23305.1,23299.5,23303.5,0
2026-09-11 10:47:00,23305.45,23306.5,23300.2,23300.75,0
2026-09-11 10:48:00,23300.8,23300.8,23292.0,23293.5,0
2026-09-11 10:49:00,23295.55,23297.35,23294.0,23296.65,0
2026-09-11 10:50:00,23297.3,23297.3,23286.55,23287.65,0
2026-09-11 10:51:00,23288.3,23289.85,23285.65,23286.45,0
2026-09-11 10:52:00,23287.8,23287.8,23281.05,23284.05,0
2026-09-11 10:53:00,23285.25,23285.45,23281.9,23283.6,0
2026-09-11 10:54:00,23284.4,23284.5,23280.55,23280.6,0
2026-09-11 10:55:00,23282.95,23282.95,23278.05,23279.6,0
2026-09-11 10:56:00,23280.15,23280.5,23273.15,23276.45,0
2026-09-11 10:57:00,23277.95,23278.7,23275.5,23276.35,0
2026-09-11 10:58:00,23277.85,23281.6,23276.7,23280.35,0
2026-09-11 10:59:00,23282.55,23283.15,23277.35,23278.75,0
2026-09-11 11:00:00,23280.25,23286.55,23278.8,23285.65,0
2026-09-11 11:01:00,23287.2,23292.25,23286.6,23290.35,0
2026-09-11 11:02:00,23291.6,23293.4,23286.65,23287.6,0
2026-09-11 11:03:00,23289.0,23289.45,23281.9,23282.45,0
2026-09-11 11:04:00,23284.75,23285.85,23282.05,23283.15,0
2026-09-11 11:05:00,23284.35,23284.5,23280.15,23283.2,0
2026-09-11 11:06:00,23284.1,23286.9,23283.6,23286.6,0
2026-09-11 11:07:00,23287.95,23293.15,23285.9,23291.5,0
2026-09-11 11:08:00,23292.35,23293.45,23288.95,23289.45,0
2026-09-11 11:09:00,23291.65,23299.55,23290.2,23297.95,0
2026-09-11 11:10:00,23298.75,23302.1,23296.35,23302.1,0
2026-09-11 11:11:00,23303.5,23303.75,23301.05,23302.4,0
2026-09-11 11:12:00,23303.3,23319.1,23302.6,23315.0,0
2026-09-11 11:13:00,23316.95,23331.3,23314.65,23328.3,0
2026-09-11 11:14:00,23330.55,23339.05,23328.55,23337.9,0
2026-09-11 11:15:00,23338.2,23339.1,23325.05,23325.1,0
2026-09-11 11:16:00,23327.4,23334.45,23323.85,23334.45,0
2026-09-11 11:17:00,23335.3,23353.15,23334.8,23348.7,0
2026-09-11 11:18:00,23350.0,23350.0,23342.3,23342.45,0
2026-09-11 11:19:00,23344.05,23344.05,23336.35,23341.8,0
2026-09-11 11:20:00,23343.35,23346.85,23334.05,23335.35,0
2026-09-11 11:21:00,23336.0,23341.3,23333.4,23339.4,0
2026-09-11 11:22:00,23340.9,23347.3,23339.95,23345.8,0
2026-09-11 11:23:00,23347.15,23347.55,23341.45,23345.8,0
2026-09-11 11:24:00,23347.0,23351.0,23345.75,23348.85,0
2026-09-11 11:25:00,23351.3,23352.65,23347.5,23347.8,0
2026-09-11 11:26:00,23348.95,23348.95,23343.1,23346.55,0
2026-09-11 11:27:00,23347.85,23347.85,23343.85,23347.2,0
2026-09-11 11:28:00,23347.4,23348.15,23340.05,23341.95,0
2026-09-11 11:29:00,23344.2,23346.4,23339.25,23341.85,0
2026-09-11 11:30:00,23342.3,23342.3,23336.6,23337.6,0
2026-09-11 11:31:00,23339.3,23340.6,23334.8,23334.8,0
2026-09-11 11:32:00,23335.65,23344.1,23333.55,23343.75,0
2026-09-11 11:33:00,23344.75,23349.85,23342.6,23348.5,0
2026-09-11 11:34:00,23350.25,23350.25,23343.45,23345.4,0
2026-09-11 11:35:00,23346.85,23347.1,23340.1,23341.05,0
2026-09-11 11:36:00,23342.45,23348.05,23340.35,23346.65,0
2026-09-11 11:37:00,23349.05,23349.3,23346.45,23348.4,0
2026-09-11 11:38:00,23349.55,23353.85,23346.65,23346.85,0
2026-09-11 11:39:00,23347.65,23347.9,23341.65,23344.65,0
2026-09-11 11:40:00,23345.55,23350.75,23343.45,23348.4,0
2026-09-11 11:41:00,23350.15,23356.4,23347.85,23349.2,0
2026-09-11 11:42:00,23350.65,23351.55,23346.85,23347.6,0
2026-09-11 11:43:00,23349.05,23351.0,23346.05,23350.25,0
2026-09-11 11:44:00,23351.75,23358.1,23350.8,23355.25,0
2026-09-11 11:45:00,23357.25,23360.85,23349.85,23350.7,0
2026-09-11 11:46:00,23353.05,23360.4,23351.45,23355.2,0
2026-09-11 11:47:00,23357.7,23359.1,23352.5,23354.3,0
2026-09-11 11:48:00,23355.5,23355.5,23343.0,23344.05,0
2026-09-11 11:49:00,23345.55,23345.55,23339.65,23341.5,0
2026-09-11 11:50:00,23343.3,23343.65,23340.1,23343.15,0
2026-09-11 11:51:00,23343.6,23347.45,23341.75,23342.45,0
2026-09-11 11:52:00,23344.45,23344.45,23335.15,23335.7,0
2026-09-11 11:53:00,23337.45,23339.3,23334.75,23338.1,0
2026-09-11 11:54:00,23339.6,23344.7,23339.0,23344.05,0
2026-09-11 11:55:00,23345.4,23347.25,23343.1,23344.65,0
2026-09-11 11:56:00,23346.3,23349.85,23345.6,23349.05,0
2026-09-11 11:57:00,23350.35,23350.35,23341.2,23341.7,0
2026-09-11 11:58:00,23343.05,23348.25,23341.0,23345.7,0
2026-09-11 11:59:00,23347.8,23353.45,23346.6,23352.3,0
2026-09-11 12:00:00,23354.0,23354.7,23350.55,23351.45,0
2026-09-11 12:01:00,23353.0,23353.0,23346.45,23347.7,0
2026-09-11 12:02:00,23349.3,23350.4,23346.15,23347.2,0
2026-09-11 12:03:00,23348.15,23350.25,23344.75,23349.55,0
2026-09-11 12:04:00,23351.05,23353.35,23347.75,23349.65,0
2026-09-11 12:05:00,23350.5,23352.5,23348.4,23349.55,0
2026-09-11 12:06:00,23351.05,23351.5,23346.25,23348.05,0
2026-09-11 12:07:00,23350.25,23350.3,23344.9,23347.9,0
2026-09-11 12:08:00,23348.65,23350.25,23346.7,23348.45,0
2026-09-11 12:09:00,23349.8,23349.8,23346.6,23346.6,0
2026-09-11 12:10:00,23348.0,23348.0,23337.85,23338.25,0
2026-09-11 12:11:00,23339.15,23340.8,23336.6,23340.05,0
2026-09-11 12:12:00,23341.15,23341.75,23328.85,23328.85,0
2026-09-11 12:13:00,23332.0,23332.4,23323.75,23325.85,0
2026-09-11 12:14:00,23328.6,23334.25,23326.4,23332.0,0
2026-09-11 12:15:00,23333.75,23335.95,23327.1,23327.65,0
2026-09-11 12:16:00,23330.05,23332.95,23328.8,23332.55,0
2026-09-11 12:17:00,23334.0,23337.75,23333.15,23336.2,0
2026-09-11 12:18:00,23337.3,23341.5,23336.6,23341.2,0
2026-09-11 12:19:00,23341.8,23341.9,23338.35,23339.65,0
2026-09-11 12:20:00,23341.2,23341.2,23331.35,23331.95,0
2026-09-11 12:21:00,23334.4,23335.0,23330.25,23330.95,0
2026-09-11 12:22:00,23333.45,23334.15,23331.1,23331.9,0
2026-09-11 12:23:00,23333.6,23340.05,23332.7,23339.3,0
2026-09-11 12:24:00,23340.25,23343.4,23338.1,23341.8,0
2026-09-11 12:25:00,23343.85,23344.2,23337.0,23337.3,0
2026-09-11 12:26:00,23339.7,23341.75,23338.2,23340.15,0
2026-09-11 12:27:00,23342.3,23342.3,23337.9,23339.05,0
2026-09-11 12:28:00,23340.05,23340.3,23335.55,23335.75,0
2026-09-11 12:29:00,23337.7,23338.8,23335.3,23337.15,0
2026-09-11 12:30:00,23338.5,23340.45,23335.7,23338.85,0
2026-09-11 12:31:00,23341.05,23341.6,23337.8,23340.8,0
2026-09-11 12:32:00,23342.65,23346.15,23341.6,23343.95,0
2026-09-11 12:33:00,23345.8,23345.8,23338.35,23339.15,0
2026-09-11 12:34:00,23341.15,23347.05,23339.4,23346.0,0
2026-09-11 12:35:00,23348.15,23349.85,23343.85,23349.35,0
2026-09-11 12:36:00,23350.9,23353.7,23342.8,23343.35,0
2026-09-11 12:37:00,23344.6,23351.1,23343.7,23350.1,0
2026-09-11 12:38:00,23351.15,23355.55,23344.8,23347.15,0
2026-09-11 12:39:00,23349.3,23349.3,23343.05,23346.0,0
2026-09-11 12:40:00,23348.2,23348.85,23343.15,23345.6,0
2026-09-11 12:41:00,23347.0,23352.75,23343.25,23350.9,0
2026-09-11 12:42:00,23351.55,23357.35,23349.95,23355.9,0
2026-09-11 12:43:00,23356.0,23361.1,23352.85,23353.35,0
2026-09-11 12:44:00,23355.45,23355.45,23347.6,23349.5,0
2026-09-11 12:45:00,23351.25,23351.25,23342.45,23342.45,0
2026-09-11 12:46:00,23346.4,23346.4,23337.0,23341.45,0
2026-09-11 12:47:00,23342.95,23344.75,23339.2,23340.85,0
2026-09-11 12:48:00,23343.1,23343.25,23338.05,23342.75,0
2026-09-11 12:49:00,23344.1,23345.4,23340.9,23342.55,0
2026-09-11 12:50:00,23344.15,23344.15,23339.1,23340.05,0
2026-09-11 12:51:00,23342.05,23342.15,23336.7,23336.9,0
2026-09-11 12:52:00,23338.25,23345.75,23337.2,23344.7,0
2026-09-11 12:53:00,23345.75,23347.7,23344.1,23347.2,0
2026-09-11 12:54:00,23348.5,23350.7,23346.4,23347.75,0
2026-09-11 12:55:00,23348.85,23354.6,23348.8,23352.65,0
2026-09-11 12:56:00,23354.3,23356.05,23349.8,23351.3,0
2026-09-11 12:57:00,23353.55,23354.4,23347.95,23349.9,0
2026-09-11 12:58:00,23350.6,23357.4,23349.0,23355.75,0
2026-09-11 12:59:00,23357.5,23358.65,23352.8,23353.9,0
2026-09-11 13:00:00,23355.15,23355.15,23345.4,23345.85,0
2026-09-11 13:01:00,23346.95,23347.25,23340.95,23343.3,0
2026-09-11 13:02:00,23344.75,23346.15,23339.95,23342.9,0
2026-09-11 13:03:00,23343.75,23343.75,23334.55,23335.55,0
2026-09-11 13:04:00,23337.4,23337.5,23331.15,23331.15,0
2026-09-11 13:05:00,23331.3,23331.55,23327.0,23327.35,0
2026-09-11 13:06:00,23328.35,23330.1,23325.15,23326.8,0
2026-09-11 13:07:00,23328.9,23334.65,23327.9,23333.65,0
2026-09-11 13:08:00,23334.75,23337.0,23333.3,23334.0,0
2026-09-11 13:09:00,23335.35,23335.35,23326.05,23328.15,0
2026-09-11 13:10:00,23329.95,23330.5,23324.5,23325.5,0
2026-09-11 13:11:00,23327.2,23328.9,23320.7,23328.55,0
2026-09-11 13:12:00,23330.05,23331.8,23327.75,23329.75,0
2026-09-11 13:13:00,23332.15,23336.8,23330.5,23334.8,0
2026-09-11 13:14:00,23336.25,23339.05,23335.25,23337.1,0
2026-09-11 13:15:00,23339.05,23339.55,23333.8,23334.15,0
2026-09-11 13:16:00,23335.55,23339.55,23334.7,23337.9,0
2026-09-11 13:17:00,23338.8,23339.75,23336.15,23336.35,0
2026-09-11 13:18:00,23338.5,23338.5,23329.15,23329.15,0
2026-09-11 13:19:00,23332.0,23332.3,23327.0,23328.5,0
2026-09-11 13:20:00,23330.65,23331.9,23325.15,23326.6,0
2026-09-11 13:21:00,23328.05,23333.4,23326.3,23331.8,0
2026-09-11 13:22:00,23332.95,23336.5,23330.65,23336.0,0
2026-09-11 13:23:00,23336.15,23339.5,23334.35,23338.25,0
2026-09-11 13:24:00,23338.95,23340.2,23335.95,23337.85,0
2026-09-11 13:25:00,23339.1,23339.75,23335.25,23337.65,0
2026-09-11 13:26:00,23339.45,23341.7,23337.75,23340.65,0
2026-09-11 13:27:00,23342.0,23350.15,23339.5,23345.35,0
2026-09-11 13:28:00,23346.25,23348.3,23343.15,23347.05,0
2026-09-11 13:29:00,23348.4,23356.3,23346.45,23352.7,0
2026-09-11 13:30:00,23353.45,23353.7,23346.95,23351.2,0
2026-09-11 13:31:00,23352.9,23355.25,23348.1,23352.45,0
2026-09-11 13:32:00,23353.65,23359.05,23352.7,23358.05,0
2026-09-11 13:33:00,23358.45,23359.75,23351.25,23354.0,0
2026-09-11 13:34:00,23354.45,23354.55,23347.2,23347.75,0
2026-09-11 13:35:00,23348.7,23348.7,23338.3,23342.3,0
2026-09-11 13:36:00,23343.7,23344.05,23339.35,23341.05,0
2026-09-11 13:37:00,23342.4,23343.0,23335.25,23338.05,0
2026-09-11 13:38:00,23339.5,23344.3,23338.6,23343.2,0
2026-09-11 13:39:00,23344.55,23345.75,23336.5,23337.7,0
2026-09-11 13:40:00,23339.65,23346.1,23338.0,23341.6,0
2026-09-11 13:41:00,23342.95,23345.25,23314.0,23316.6,0
2026-09-11 13:42:00,23318.1,23335.35,23316.3,23335.3,0
2026-09-11 13:43:00,23337.25,23338.15,23331.05,23336.1,0
2026-09-11 13:44:00,23337.2,23339.4,23333.9,23336.65,0
2026-09-11 13:45:00,23336.9,23338.5,23323.75,23324.4,0
2026-09-11 13:46:00,23325.25,23328.15,23320.3,23327.35,0
2026-09-11 13:47:00,23327.9,23337.05,23325.75,23335.8,0
2026-09-11 13:48:00,23337.2,23340.15,23332.45,23334.4,0
2026-09-11 13:49:00,23335.4,23338.95,23331.9,23338.85,0
2026-09-11 13:50:00,23339.9,23344.8,23338.2,23344.25,0
2026-09-11 13:51:00,23347.0,23356.1,23344.25,23353.6,0
2026-09-11 13:52:00,23353.75,23353.75,23345.1,23348.35,0
2026-09-11 13:53:00,23349.5,23350.1,23345.9,23350.0,0
2026-09-11 13:54:00,23350.35,23380.6,23346.9,23349.2,0
2026-09-11 13:55:00,23351.65,23381.25,23348.55,23376.4,0
2026-09-11 13:56:00,23377.6,23380.35,23369.65,23380.0,0
2026-09-11 13:57:00,23383.45,23389.85,23378.5,23387.3,0
2026-09-11 13:58:00,23390.0,23390.4,23376.0,23383.1,0
2026-09-11 13:59:00,23383.75,23388.95,23381.9,23386.15,0
2026-09-11 14:00:00,23385.85,23400.8,23383.3,23397.75,0
2026-09-11 14:01:00,23400.15,23400.15,23391.9,23393.55,0
2026-09-11 14:02:00,23395.4,23434.95,23393.5,23431.15,0
2026-09-11 14:03:00,23432.2,23448.1,23428.9,23436.7,0
2026-09-11 14:04:00,23437.7,23440.2,23432.6,23436.6,0
2026-09-11 14:05:00,23438.35,23438.8,23423.45,23423.75,0
2026-09-11 14:06:00,23425.55,23425.65,23411.3,23420.6,0
2026-09-11 14:07:00,23421.95,23421.95,23415.15,23416.2,0
2026-09-11 14:08:00,23417.6,23418.8,23409.4,23411.0,0
2026-09-11 14:09:00,23412.1,23419.35,23409.75,23415.75,0
2026-09-11 14:10:00,23417.1,23417.35,23410.55,23412.65,0
2026-09-11 14:11:00,23414.4,23417.65,23410.5,23416.85,0
2026-09-11 14:12:00,23418.45,23418.9,23413.45,23415.1,0
2026-09-11 14:13:00,23416.25,23416.85,23410.45,23410.45,0
2026-09-11 14:14:00,23411.3,23417.15,23407.25,23417.15,0
2026-09-11 14:15:00,23418.1,23418.65,23411.3,23414.45,0
2026-09-11 14:16:00,23415.2,23415.55,23405.3,23411.45,0
2026-09-11 14:17:00,23411.95,23413.25,23407.85,23409.35,0
2026-09-11 14:18:00,23411.7,23411.7,23405.0,23408.9,0
2026-09-11 14:19:00,23409.75,23411.2,23406.05,23406.05,0
2026-09-11 14:20:00,23406.95,23409.7,23403.3,23405.65,0
2026-09-11 14:21:00,23406.7,23411.85,23403.85,23409.7,0
2026-09-11 14:22:00,23410.25,23414.95,23407.25,23411.1,0
2026-09-11 14:23:00,23412.2,23416.4,23407.25,23408.75,0
2026-09-11 14:24:00,23410.45,23418.85,23410.1,23416.9,0
2026-09-11 14:25:00,23418.35,23418.35,23412.75,23414.25,0
2026-09-11 14:26:00,23416.3,23421.1,23414.8,23421.0,0
2026-09-11 14:27:00,23421.65,23422.6,23415.6,23419.4,0
2026-09-11 14:28:00,23420.75,23427.1,23418.5,23424.1,0
2026-09-11 14:29:00,23425.05,23426.8,23421.3,23424.4,0
2026-09-11 14:30:00,23426.15,23428.45,23423.2,23427.3,0
2026-09-11 14:31:00,23428.45,23434.65,23424.5,23433.0,0
2026-09-11 14:32:00,23433.9,23436.45,23423.1,23424.7,0
2026-09-11 14:33:00,23426.8,23429.45,23420.65,23424.4,0
2026-09-11 14:34:00,23424.6,23426.2,23420.25,23424.0,0
2026-09-11 14:35:00,23424.9,23440.55,23423.9,23438.25,0
2026-09-11 14:36:00,23439.3,23439.3,23428.65,23433.9,0
2026-09-11 14:37:00,23435.25,23436.8,23423.3,23423.7,0
2026-09-11 14:38:00,23424.55,23427.4,23419.25,23420.45,0
2026-09-11 14:39:00,23421.25,23428.55,23415.5,23428.4,0
2026-09-11 14:40:00,23429.55,23430.95,23422.75,23423.45,0
2026-09-11 14:41:00,23425.2,23430.65,23423.1,23428.15,0
2026-09-11 14:42:00,23429.4,23436.75,23425.85,23435.65,0
2026-09-11 14:43:00,23436.75,23437.35,23432.75,23435.4,0
2026-09-11 14:44:00,23435.3,23436.3,23431.7,23433.8,0
2026-09-11 14:45:00,23434.25,23434.95,23425.4,23426.7,0
2026-09-11 14:46:00,23428.65,23428.65,23421.35,23421.35,0
2026-09-11 14:47:00,23424.35,23426.1,23420.65,23424.2,0
2026-09-11 14:48:00,23426.45,23428.5,23420.8,23423.85,0
2026-09-11 14:49:00,23424.65,23425.85,23419.5,23424.7,0
2026-09-11 14:50:00,23425.85,23431.35,23422.85,23427.6,0
2026-09-11 14:51:00,23429.1,23429.6,23420.55,23422.0,0
2026-09-11 14:52:00,23423.7,23425.55,23418.35,23423.3,0
2026-09-11 14:53:00,23425.3,23428.1,23419.35,23424.0,0
2026-09-11 14:54:00,23425.25,23425.25,23420.8,23422.75,0
2026-09-11 14:55:00,23423.8,23427.3,23421.6,23424.9,0
2026-09-11 14:56:00,23426.05,23428.9,23423.15,23425.3,0
2026-09-11 14:57:00,23426.0,23428.0,23423.4,23425.75,0
2026-09-11 14:58:00,23426.7,23430.9,23424.35,23426.6,0
2026-09-11 14:59:00,23427.35,23427.35,23419.6,23420.25,0
2026-09-11 15:00:00,23420.9,23421.55,23413.65,23415.6,0
2026-09-11 15:01:00,23415.75,23418.15,23404.05,23405.25,0
2026-09-11 15:02:00,23406.65,23408.7,23404.7,23406.55,0
2026-09-11 15:03:00,23408.35,23409.2,23402.55,23402.75,0
2026-09-11 15:04:00,23403.35,23403.65,23394.25,23396.55,0
2026-09-11 15:05:00,23398.75,23398.75,23387.6,23390.9,0
2026-09-11 15:06:00,23391.65,23398.8,23387.2,23398.35,0
2026-09-11 15:07:00,23397.8,23405.95,23397.3,23404.75,0
2026-09-11 15:08:00,23405.55,23410.2,23404.0,23406.55,0
2026-09-11 15:09:00,23407.0,23415.9,23405.25,23413.95,0
2026-09-11 15:10:00,23413.15,23419.8,23412.25,23419.25,0
2026-09-11 15:11:00,23420.1,23426.25,23418.25,23424.5,0
2026-09-11 15:12:00,23425.65,23433.05,23420.75,23424.1,0
2026-09-11 15:13:00,23424.7,23427.0,23418.65,23424.7,0
2026-09-11 15:14:00,23422.6,23436.6,23418.45,23435.3,0
2026-09-11 15:29:00,23398.1,23398.1,23398.1,23398.1,0
2026-09-15 09:15:00,23576.15,23592.85,23487.3,23492.1,0
2026-09-15 09:16:00,23490.35,23516.25,23490.35,23512.25,0
2026-09-15 09:17:00,23511.15,23523.65,23504.85,23505.1,0
2026-09-15 09:18:00,23505.95,23507.3,23490.3,23494.35,0
2026-09-15 09:19:00,23494.85,23506.85,23492.1,23501.05,0
2026-09-15 09:20:00,23501.25,23502.75,23492.55,23497.5,0
2026-09-15 09:21:00,23497.15,23504.05,23493.2,23501.6,0
2026-09-15 09:22:00,23501.35,23501.55,23481.45,23484.75,0
2026-09-15 09:23:00,23485.4,23489.6,23476.35,23488.85,0
2026-09-15 09:24:00,23489.55,23493.35,23473.15,23474.2,0
2026-09-15 09:25:00,23473.8,23474.05,23462.7,23464.8,0
2026-09-15 09:26:00,23466.1,23468.85,23457.05,23459.1,0
2026-09-15 09:27:00,23458.85,23469.0,23457.9,23460.0,0
2026-09-15 09:28:00,23459.35,23462.1,23453.65,23455.9,0
2026-09-15 09:29:00,23457.3,23464.35,23452.05,23463.9,0
2026-09-15 09:30:00,23464.2,23465.7,23456.8,23461.95,0
2026-09-15 09:31:00,23461.65,23464.6,23451.9,23452.4,0
2026-09-15 09:32:00,23453.05,23460.1,23446.45,23455.55,0
2026-09-15 09:33:00,23456.45,23457.75,23447.95,23456.2,0
2026-09-15 09:34:00,23455.9,23460.75,23454.05,23455.55,0
2026-09-15 09:35:00,23455.65,23465.0,23453.55,23455.25,0
2026-09-15 09:36:00,23453.75,23453.9,23441.85,23443.75,0
2026-09-15 09:37:00,23444.1,23450.0,23439.05,23441.3,0
2026-09-15 09:38:00,23440.35,23447.25,23439.5,23442.7,0
2026-09-15 09:39:00,23443.0,23456.75,23441.85,23456.75,0
2026-09-15 09:40:00,23456.85,23458.45,23450.25,23452.9,0
2026-09-15 09:41:00,23453.2,23455.15,23448.8,23454.05,0
2026-09-15 09:42:00,23453.35,23458.35,23451.55,23455.6,0
2026-09-15 09:43:00,23456.15,23466.45,23453.8,23461.6,0
2026-09-15 09:44:00,23461.8,23466.35,23446.25,23448.1,0
2026-09-15 09:45:00,23447.85,23448.05,23434.35,23439.55,0
2026-09-15 09:46:00,23439.5,23445.3,23436.75,23438.1,0
2026-09-15 09:47:00,23437.7,23445.15,23432.75,23433.4,0
2026-09-15 09:48:00,23433.25,23437.2,23423.1,23429.1,0
2026-09-15 09:49:00,23428.55,23430.15,23415.4,23417.2,0
2026-09-15 09:50:00,23417.6,23426.6,23413.8,23421.7,0
2026-09-15 09:51:00,23421.8,23425.2,23418.65,23421.2,0
2026-09-15 09:52:00,23421.15,23422.55,23407.65,23409.4,0
2026-09-15 09:53:00,23409.05,23415.85,23408.45,23411.9,0
2026-09-15 09:54:00,23412.1,23417.1,23402.6,23403.5,0
2026-09-15 09:55:00,23403.85,23404.35,23387.2,23393.2,0
2026-09-15 09:56:00,23393.15,23395.05,23378.6,23381.7,0
2026-09-15 09:57:00,23382.2,23384.6,23374.55,23377.95,0
2026-09-15 09:58:00,23377.25,23384.8,23371.85,23384.65,0
2026-09-15 09:59:00,23384.5,23397.55,23383.55,23394.6,0
2026-09-15 10:00:00,23394.7,23395.7,23379.7,23383.1,0
2026-09-15 10:01:00,23382.25,23383.05,23378.65,23382.05,0
2026-09-15 10:02:00,23382.1,23394.2,23381.3,23393.65,0
2026-09-15 10:03:00,23393.95,23394.5,23377.65,23377.75,0
2026-09-15 10:04:00,23378.05,23385.55,23374.85,23385.2,0
2026-09-15 10:05:00,23386.5,23393.35,23384.25,23390.9,0
2026-09-15 10:06:00,23391.0,23392.3,23379.4,23382.45,0
2026-09-15 10:07:00,23382.75,23386.2,23378.4,23384.3,0
2026-09-15 10:08:00,23384.25,23389.1,23380.6,23381.85,0
2026-09-15 10:09:00,23382.05,23382.45,23372.55,23374.35,0
2026-09-15 10:10:00,23375.05,23377.55,23369.7,23370.45,0
2026-09-15 10:11:00,23371.1,23392.4,23369.65,23392.3,0
2026-09-15 10:12:00,23392.7,23395.85,23385.85,23393.65,0
2026-09-15 10:13:00,23394.55,23399.3,23391.8,23394.4,0
2026-09-15 10:14:00,23394.75,23396.5,23386.3,23386.75,0
2026-09-15 10:15:00,23386.8,23387.1,23377.35,23380.05,0
2026-09-15 10:16:00,23379.9,23387.9,23379.7,23381.5,0
2026-09-15 10:17:00,23381.25,23384.85,23375.25,23383.9,0
2026-09-15 10:18:00,23384.15,23396.2,23383.7,23393.25,0
2026-09-15 10:19:00,23392.95,23393.2,23385.6,23389.55,0
2026-09-15 10:20:00,23389.5,23391.7,23376.95,23377.6,0
2026-09-15 10:21:00,23376.95,23377.35,23370.5,23377.05,0
2026-09-15 10:22:00,23376.6,23385.95,23376.35,23382.6,0
2026-09-15 10:23:00,23382.75,23383.6,23374.7,23383.6,0
2026-09-15 10:24:00,23383.45,23385.55,23381.95,23383.45,0
2026-09-15 10:25:00,23384.25,23384.3,23374.0,23375.5,0
2026-09-15 10:26:00,23374.6,23384.0,23374.2,23382.45,0
2026-09-15 10:27:00,23381.7,23384.7,23375.15,23375.15,0
2026-09-15 10:28:00,23374.95,23376.95,23365.35,23366.65,0
2026-09-15 10:29:00,23366.3,23367.75,23361.1,23362.65,0
2026-09-15 10:30:00,23362.75,23365.25,23351.45,23365.25,0
2026-09-15 10:31:00,23365.15,23370.65,23361.85,23362.55,0
2026-09-15 10:32:00,23362.7,23363.95,23359.05,23363.5,0
2026-09-15 10:33:00,23363.7,23367.1,23362.9,23365.55,0
2026-09-15 10:34:00,23365.6,23367.45,23362.9,23365.6,0
2026-09-15 10:35:00,23365.1,23368.75,23364.25,23367.9,0
2026-09-15 10:36:00,23368.15,23374.35,23367.4,23373.2,0
2026-09-15 10:37:00,23373.0,23375.65,23369.95,23370.7,0
2026-09-15 10:38:00,23371.95,23374.05,23368.55,23369.6,0
2026-09-15 10:39:00,23369.8,23373.8,23366.7,23371.4,0
2026-09-15 10:40:00,23371.25,23372.15,23364.5,23364.9,0
2026-09-15 10:41:00,23365.05,23368.4,23361.1,23367.8,0
2026-09-15 10:42:00,23367.75,23368.7,23362.9,23364.4,0
2026-09-15 10:43:00,23363.85,23363.85,23348.4,23353.95,0
2026-09-15 10:44:00,23353.85,23357.45,23350.55,23351.2,0
2026-09-15 10:45:00,23351.05,23353.15,23349.0,23352.85,0
2026-09-15 10:46:00,23352.35,23352.4,23338.4,23339.6,0
2026-09-15 10:47:00,23339.5,23351.65,23338.7,23345.35,0
2026-09-15 10:48:00,23344.9,23351.25,23344.9,23348.0,0
2026-09-15 10:49:00,23347.75,23348.35,23339.2,23339.2,0
2026-09-15 10:50:00,23339.7,23349.35,23338.55,23345.8,0
2026-09-15 10:51:00,23345.6,23347.65,23332.8,23333.85,0
2026-09-15 10:52:00,23333.4,23335.4,23330.65,23334.65,0
2026-09-15 10:53:00,23334.9,23336.65,23333.0,23335.4,0
2026-09-15 10:54:00,23335.25,23338.9,23333.65,23336.0,0
2026-09-15 10:55:00,23335.9,23337.0,23328.3,23329.9,0
2026-09-15 10:56:00,23329.55,23332.45,23327.75,23328.6,0
2026-09-15 10:57:00,23328.8,23332.1,23328.2,23331.15,0
2026-09-15 10:58:00,23330.8,23333.4,23327.35,23332.7,0
2026-09-15 10:59:00,23332.8,23338.8,23331.65,23338.45,0
2026-09-15 11:00:00,23337.75,23340.15,23336.75,23338.25,0
2026-09-15 11:01:00,23338.3,23353.1,23336.8,23352.7,0
2026-09-15 11:02:00,23352.65,23360.45,23348.65,23359.65,0
2026-09-15 11:03:00,23359.45,23359.8,23350.45,23352.7,0
2026-09-15 11:04:00,23352.05,23360.45,23350.65,23360.45,0
2026-09-15 11:05:00,23359.95,23360.2,23350.05,23351.25,0
2026-09-15 11:06:00,23351.45,23351.7,23347.45,23350.15,0
2026-09-15 11:07:00,23350.05,23350.7,23335.85,23337.25,0
2026-09-15 11:08:00,23336.45,23339.55,23334.7,23337.95,0
2026-09-15 11:09:00,23337.9,23339.65,23332.85,23333.9,0
2026-09-15 11:10:00,23334.35,23336.0,23323.75,23334.95,0
2026-09-15 11:11:00,23334.9,23351.5,23334.45,23346.8,0
2026-09-15 11:12:00,23346.95,23348.65,23339.9,23344.5,0
2026-09-15 11:13:00,23344.65,23346.0,23337.0,23338.7,0
2026-09-15 11:14:00,23338.85,23349.2,23338.4,23345.4,0
2026-09-15 11:15:00,23345.45,23355.2,23344.1,23354.0,0
2026-09-15 11:16:00,23354.2,23355.9,23336.25,23337.15,0
2026-09-15 11:17:00,23337.0,23340.75,23333.2,23335.5,0
2026-09-15 11:18:00,23334.95,23337.7,23328.2,23328.4,0
2026-09-15 11:19:00,23328.1,23329.1,23317.75,23322.1,0
2026-09-15 11:20:00,23322.0,23322.95,23316.55,23318.45,0
2026-09-15 11:21:00,23317.95,23322.75,23316.5,23321.75,0
2026-09-15 11:22:00,23321.3,23333.85,23321.15,23328.9,0
2026-09-15 11:23:00,23328.55,23333.7,23328.45,23332.85,0
2026-09-15 11:24:00,23332.55,23336.2,23329.6,23331.35,0
2026-09-15 11:25:00,23330.55,23333.5,23321.7,23322.25,0
2026-09-15 11:26:00,23321.8,23326.3,23316.85,23318.1,0
2026-09-15 11:27:00,23317.65,23320.55,23316.15,23319.4,0
2026-09-15 11:28:00,23319.1,23321.75,23313.8,23313.8,0
2026-09-15 11:29:00,23313.6,23318.8,23313.15,23317.65,0
2026-09-15 11:30:00,23317.35,23321.8,23311.55,23313.2,0
2026-09-15 11:31:00,23313.0,23320.55,23312.85,23316.95,0
2026-09-15 11:32:00,23317.05,23328.35,23316.25,23324.9,0
2026-09-15 11:33:00,23324.8,23325.45,23321.7,23324.25,0
2026-09-15 11:34:00,23324.45,23328.55,23323.5,23323.9,0
2026-09-15 11:35:00,23324.25,23328.85,23323.65,23328.3,0
2026-09-15 11:36:00,23328.05,23339.9,23327.15,23336.25,0
2026-09-15 11:37:00,23336.05,23340.45,23335.3,23338.2,0
2026-09-15 11:38:00,23337.45,23344.95,23335.9,23342.55,0
2026-09-15 11:39:00,23341.9,23347.1,23340.6,23345.75,0
2026-09-15 11:40:00,23345.15,23348.5,23335.65,23336.5,0
2026-09-15 11:41:00,23335.75,23340.05,23335.75,23337.25,0
2026-09-15 11:42:00,23336.9,23340.35,23332.9,23333.15,0
2026-09-15 11:43:00,23332.95,23339.65,23331.35,23337.1,0
2026-09-15 11:44:00,23336.8,23343.45,23336.5,23342.05,0
2026-09-15 11:45:00,23342.1,23343.1,23338.45,23340.15,0
2026-09-15 11:46:00,23339.25,23342.4,23337.25,23337.5,0
2026-09-15 11:47:00,23337.55,23340.85,23337.0,23339.1,0
2026-09-15 11:48:00,23339.05,23343.25,23337.6,23340.6,0
2026-09-15 11:49:00,23340.7,23342.6,23329.15,23329.85,0
2026-09-15 11:50:00,23329.7,23332.8,23326.0,23327.35,0
2026-09-15 11:51:00,23327.1,23335.6,23326.75,23332.75,0
2026-09-15 11:52:00,23332.6,23336.15,23322.65,23323.35,0
2026-09-15 11:53:00,23323.15,23327.95,23319.95,23319.95,0
2026-09-15 11:54:00,23320.15,23325.7,23319.55,23322.95,0
2026-09-15 11:55:00,23322.45,23326.2,23319.85,23322.35,0
2026-09-15 11:56:00,23322.6,23328.45,23321.15,23326.5,0
2026-09-15 11:57:00,23326.2,23331.3,23325.95,23329.15,0
2026-09-15 11:58:00,23329.05,23338.1,23327.35,23335.85,0
2026-09-15 11:59:00,23335.15,23338.45,23332.95,23336.4,0
2026-09-15 12:00:00,23335.55,23340.25,23334.3,23335.65,0
2026-09-15 12:01:00,23335.75,23340.65,23334.7,23336.15,0
2026-09-15 12:02:00,23336.0,23345.2,23335.4,23342.0,0
2026-09-15 12:03:00,23341.45,23351.45,23341.45,23349.75,0
2026-09-15 12:04:00,23349.4,23351.65,23344.05,23345.3,0
2026-09-15 12:05:00,23345.45,23353.9,23345.45,23351.15,0
2026-09-15 12:06:00,23350.7,23351.6,23337.8,23338.7,0
2026-09-15 12:07:00,23338.5,23343.3,23336.15,23340.1,0
2026-09-15 12:08:00,23340.7,23349.25,23339.95,23345.85,0
2026-09-15 12:09:00,23346.5,23347.7,23338.25,23338.4,0
2026-09-15 12:10:00,23339.0,23342.8,23336.7,23339.4,0
2026-09-15 12:11:00,23338.95,23344.8,23338.65,23339.35,0
2026-09-15 12:12:00,23339.75,23342.6,23334.45,23334.95,0
2026-09-15 12:13:00,23335.0,23337.4,23330.2,23332.85,0
2026-09-15 12:14:00,23332.1,23338.95,23332.1,23335.85,0
2026-09-15 12:15:00,23335.9,23337.0,23330.65,23332.65,0
2026-09-15 12:16:00,23331.7,23339.2,23331.7,23335.15,0
2026-09-15 12:17:00,23335.85,23338.5,23333.15,23337.65,0
2026-09-15 12:18:00,23336.05,23336.25,23324.35,23326.55,0
2026-09-15 12:19:00,23326.05,23330.1,23325.05,23326.7,0
2026-09-15 12:20:00,23326.1,23330.65,23324.95,23326.2,0
2026-09-15 12:21:00,23325.9,23331.55,23325.6,23330.4,0
2026-09-15 12:22:00,23329.65,23331.35,23326.9,23327.4,0
2026-09-15 12:23:00,23327.6,23333.25,23326.85,23330.75,0
2026-09-15 12:24:00,23330.65,23335.35,23330.25,23332.4,0
2026-09-15 12:25:00,23332.15,23334.05,23329.9,23330.4,0
2026-09-15 12:26:00,23330.55,23332.7,23327.5,23330.4,0
2026-09-15 12:27:00,23330.35,23333.05,23328.25,23331.9,0
2026-09-15 12:28:00,23332.15,23336.35,23331.45,23335.3,0
2026-09-15 12:29:00,23334.65,23340.0,23333.1,23337.4,0
2026-09-15 12:30:00,23338.1,23338.1,23327.6,23330.8,0
2026-09-15 12:31:00,23330.75,23331.25,23313.8,23317.35,0
2026-09-15 12:32:00,23317.0,23321.25,23314.95,23319.55,0
2026-09-15 12:33:00,23319.2,23321.5,23316.55,23320.4,0
2026-09-15 12:34:00,23320.1,23324.0,23318.1,23320.55,0
2026-09-15 12:35:00,23320.3,23332.0,23316.0,23329.15,0
2026-09-15 12:36:00,23329.6,23332.1,23326.8,23329.15,0
2026-09-15 12:37:00,23328.6,23331.5,23324.3,23325.4,0
2026-09-15 12:38:00,23326.05,23326.9,23321.05,23322.8,0
2026-09-15 12:39:00,23322.6,23325.8,23320.85,23322.55,0
2026-09-15 12:40:00,23322.35,23326.35,23321.4,23324.35,0
2026-09-15 12:41:00,23325.1,23327.8,23322.5,23323.4,0
2026-09-15 12:42:00,23323.2,23326.7,23322.5,23323.8,0
2026-09-15 12:43:00,23323.45,23326.5,23321.45,23323.0,0
2026-09-15 12:44:00,23322.7,23323.9,23315.05,23315.05,0
2026-09-15 12:45:00,23315.3,23318.4,23312.7,23314.85,0
2026-09-15 12:46:00,23314.6,23320.2,23313.8,23317.45,0
2026-09-15 12:47:00,23317.3,23321.3,23315.0,23319.35,0
2026-09-15 12:48:00,23318.65,23326.85,23318.65,23323.4,0
2026-09-15 12:49:00,23324.0,23328.4,23323.2,23327.15,0
2026-09-15 12:50:00,23326.9,23337.25,23325.65,23336.3,0
2026-09-15 12:51:00,23336.55,23337.15,23331.8,23334.15,0
2026-09-15 12:52:00,23333.3,23335.35,23326.55,23326.8,0
2026-09-15 12:53:00,23326.9,23329.65,23323.35,23327.35,0
2026-09-15 12:54:00,23327.65,23331.25,23325.6,23328.9,0
2026-09-15 12:55:00,23328.7,23331.35,23324.9,23325.55,0
2026-09-15 12:56:00,23325.4,23328.15,23323.65,23325.4,0
2026-09-15 12:57:00,23325.0,23325.6,23319.55,23321.3,0
2026-09-15 12:58:00,23321.05,23322.5,23301.55,23304.3,0
2026-09-15 12:59:00,23304.0,23310.6,23303.75,23308.6,0
2026-09-15 13:00:00,23308.95,23313.25,23306.55,23311.0,0
2026-09-15 13:01:00,23310.6,23312.05,23303.05,23305.3,0
2026-09-15 13:02:00,23305.25,23308.55,23302.3,23304.0,0
2026-09-15 13:03:00,23303.55,23304.25,23296.7,23301.3,0
2026-09-15 13:04:00,23301.05,23310.55,23299.95,23308.6,0
2026-09-15 13:05:00,23308.9,23315.4,23307.85,23314.55,0
2026-09-15 13:06:00,23314.5,23315.75,23304.65,23305.35,0
2026-09-15 13:07:00,23304.8,23311.2,23303.45,23305.65,0
2026-09-15 13:08:00,23305.4,23308.2,23303.5,23306.4,0
2026-09-15 13:09:00,23306.0,23309.65,23304.05,23305.9,0
2026-09-15 13:10:00,23304.9,23310.85,23303.2,23303.25,0
2026-09-15 13:11:00,23303.0,23303.85,23288.45,23290.8,0
2026-09-15 13:12:00,23291.05,23298.8,23290.75,23295.9,0
2026-09-15 13:13:00,23295.15,23301.1,23294.35,23299.25,0
2026-09-15 13:14:00,23299.1,23303.05,23293.25,23294.95,0
2026-09-15 13:15:00,23295.1,23297.15,23287.6,23289.5,0
2026-09-15 13:16:00,23289.3,23294.25,23284.45,23285.05,0
2026-09-15 13:17:00,23284.85,23290.7,23280.8,23289.2,0
2026-09-15 13:18:00,23289.4,23295.0,23287.65,23294.1,0
2026-09-15 13:19:00,23293.8,23300.5,23292.55,23294.15,0
2026-09-15 13:20:00,23293.5,23296.55,23286.75,23288.25,0
2026-09-15 13:21:00,23288.15,23289.3,23282.25,23283.7,0
2026-09-15 13:22:00,23283.75,23287.45,23282.45,23283.55,0
2026-09-15 13:23:00,23283.15,23285.75,23279.55,23283.65,0
2026-09-15 13:24:00,23284.1,23287.95,23282.55,23285.4,0
2026-09-15 13:25:00,23285.1,23287.9,23282.5,23285.5,0
2026-09-15 13:26:00,23284.9,23291.2,23283.3,23290.75,0
2026-09-15 13:27:00,23290.55,23296.55,23288.75,23290.7,0
2026-09-15 13:28:00,23290.25,23293.75,23288.4,23289.75,0
2026-09-15 13:29:00,23289.85,23292.75,23279.95,23281.05,0
2026-09-15 13:30:00,23281.45,23285.05,23274.5,23275.4,0
2026-09-15 13:31:00,23275.65,23275.85,23263.0,23266.5,0
2026-09-15 13:32:00,23266.05,23271.25,23265.05,23268.05,0
2026-09-15 13:33:00,23267.9,23271.3,23265.8,23269.3,0
2026-09-15 13:34:00,23269.45,23273.85,23268.6,23272.05,0
2026-09-15 13:35:00,23271.55,23274.4,23267.75,23271.9,0
2026-09-15 13:36:00,23272.05,23282.2,23270.55,23279.65,0
2026-09-15 13:37:00,23279.0,23281.55,23273.2,23274.6,0
2026-09-15 13:38:00,23274.45,23277.4,23267.5,23269.0,0
2026-09-15 13:39:00,23269.05,23274.6,23267.1,23269.3,0
2026-09-15 13:40:00,23269.1,23269.25,23262.2,23264.2,0
2026-09-15 13:41:00,23264.05,23264.05,23251.75,23262.45,0
2026-09-15 13:42:00,23262.95,23264.95,23254.3,23256.1,0
2026-09-15 13:43:00,23255.8,23264.45,23255.45,23260.65,0
2026-09-15 13:44:00,23260.45,23265.05,23259.55,23263.25,0
2026-09-15 13:45:00,23263.35,23272.05,23262.0,23268.4,0
2026-09-15 13:46:00,23268.75,23270.2,23263.3,23266.3,0
2026-09-15 13:47:00,23265.95,23269.45,23263.85,23264.75,0
2026-09-15 13:48:00,23265.35,23269.0,23263.65,23265.1,0
2026-09-15 13:49:00,23265.6,23272.85,23265.2,23271.35,0
2026-09-15 13:50:00,23271.0,23276.0,23268.8,23274.2,0
2026-09-15 13:51:00,23274.35,23275.35,23269.75,23273.8,0
2026-09-15 13:52:00,23273.55,23275.7,23268.85,23273.9,0
2026-09-15 13:53:00,23274.25,23276.05,23269.05,23270.65,0
2026-09-15 13:54:00,23270.75,23273.5,23268.25,23269.1,0
2026-09-15 13:55:00,23269.5,23271.65,23263.45,23269.25,0
2026-09-15 13:56:00,23269.7,23271.0,23262.3,23267.15,0
2026-09-15 13:57:00,23266.55,23272.7,23262.4,23268.85,0
2026-09-15 13:58:00,23269.0,23274.9,23268.05,23271.65,0
2026-09-15 13:59:00,23271.15,23274.8,23269.1,23272.35,0
2026-09-15 14:00:00,23272.8,23277.15,23268.8,23274.3,0
2026-09-15 14:01:00,23273.95,23277.45,23268.7,23269.65,0
2026-09-15 14:02:00,23270.45,23274.65,23269.4,23272.4,0
2026-09-15 14:03:00,23272.05,23276.35,23270.6,23273.15,0
2026-09-15 14:04:00,23273.85,23276.95,23270.3,23271.45,0
2026-09-15 14:05:00,23270.9,23273.65,23265.0,23266.1,0
2026-09-15 14:06:00,23265.9,23276.1,23265.3,23274.2,0
2026-09-15 14:07:00,23273.65,23276.55,23269.6,23270.35,0
2026-09-15 14:08:00,23270.1,23271.55,23262.05,23263.55,0
2026-09-15 14:09:00,23263.65,23265.15,23258.7,23260.1,0
2026-09-15 14:10:00,23260.05,23260.95,23245.7,23246.55,0
2026-09-15 14:11:00,23245.9,23249.65,23238.3,23240.25,0
2026-09-15 14:12:00,23239.4,23239.8,23230.15,23234.8,0
2026-09-15 14:13:00,23235.0,23240.0,23232.9,23237.15,0
2026-09-15 14:14:00,23237.0,23237.55,23229.2,23230.2,0
2026-09-15 14:15:00,23228.0,23229.3,23207.95,23209.2,0
2026-09-15 14:16:00,23209.1,23215.8,23206.6,23209.4,0
2026-09-15 14:17:00,23209.85,23213.3,23205.15,23211.15,0
2026-09-15 14:18:00,23210.9,23213.45,23204.05,23206.35,0
2026-09-15 14:19:00,23206.55,23206.55,23195.3,23197.9,0
2026-09-15 14:20:00,23197.65,23210.0,23197.15,23203.35,0
2026-09-15 14:21:00,23203.45,23215.85,23203.45,23210.4,0
2026-09-15 14:22:00,23210.35,23218.85,23207.4,23216.3,0
2026-09-15 14:23:00,23215.9,23220.35,23212.4,23213.35,0
2026-09-15 14:24:00,23213.05,23214.55,23204.55,23206.25,0
2026-09-15 14:25:00,23206.35,23213.3,23204.1,23208.3,0
2026-09-15 14:26:00,23207.8,23211.75,23206.3,23208.6,0
2026-09-15 14:27:00,23208.05,23212.75,23204.3,23209.55,0
2026-09-15 14:28:00,23208.3,23211.75,23197.6,23198.9,0
2026-09-15 14:29:00,23198.8,23205.75,23197.95,23202.8,0
2026-09-15 14:30:00,23202.55,23207.75,23200.4,23202.4,0
2026-09-15 14:31:00,23202.5,23207.65,23199.95,23204.45,0
2026-09-15 14:32:00,23205.35,23207.95,23202.15,23206.5,0
2026-09-15 14:33:00,23206.85,23213.85,23206.85,23210.3,0
2026-09-15 14:34:00,23210.75,23213.95,23207.75,23210.2,0
2026-09-15 14:35:00,23210.4,23212.4,23206.45,23209.15,0
2026-09-15 14:36:00,23209.25,23215.35,23207.4,23211.75,0
2026-09-15 14:37:00,23211.9,23213.8,23206.65,23210.45,0
2026-09-15 14:38:00,23210.3,23215.6,23209.9,23215.6,0
2026-09-15 14:39:00,23216.5,23224.5,23214.65,23215.85,0
2026-09-15 14:40:00,23216.05,23221.7,23213.2,23215.75,0
2026-09-15 14:41:00,23216.45,23224.35,23216.45,23219.15,0
2026-09-15 14:42:00,23220.35,23225.2,23215.35,23216.75,0
2026-09-15 14:43:00,23217.15,23219.45,23212.45,23217.55,0
2026-09-15 14:44:00,23217.7,23223.4,23214.45,23215.75,0
2026-09-15 14:45:00,23216.05,23217.55,23206.7,23207.65,0
2026-09-15 14:46:00,23207.75,23208.1,23191.15,23191.45,0
2026-09-15 14:47:00,23190.7,23192.9,23170.9,23173.25,0
2026-09-15 14:48:00,23172.65,23173.7,23152.0,23162.2,0
2026-09-15 14:49:00,23161.65,23169.15,23159.0,23164.0,0
2026-09-15 14:50:00,23165.0,23184.55,23163.95,23183.95,0
2026-09-15 14:51:00,23183.45,23191.9,23182.35,23189.65,0
2026-09-15 14:52:00,23189.9,23195.55,23187.2,23188.25,0
2026-09-15 14:53:00,23188.6,23189.65,23177.65,23183.05,0
2026-09-15 14:54:00,23182.85,23184.9,23175.9,23177.75,0
2026-09-15 14:55:00,23178.45,23187.6,23177.3,23178.1,0
2026-09-15 14:56:00,23178.55,23185.6,23177.4,23184.2,0
2026-09-15 14:57:00,23184.05,23185.8,23181.1,23183.8,0
2026-09-15 14:58:00,23183.55,23185.15,23179.05,23179.7,0
2026-09-15 14:59:00,23180.15,23181.5,23173.6,23174.9,0
2026-09-15 15:00:00,23174.7,23175.9,23170.0,23172.15,0
2026-09-15 15:01:00,23172.3,23183.45,23169.3,23178.15,0
2026-09-15 15:02:00,23178.95,23182.2,23172.95,23175.35,0
2026-09-15 15:03:00,23175.95,23177.05,23171.95,23174.9,0
2026-09-15 15:04:00,23176.4,23185.15,23173.95,23182.75,0
2026-09-15 15:05:00,23184.35,23185.0,23171.9,23174.25,0
2026-09-15 15:06:00,23174.8,23175.7,23165.7,23172.15,0
2026-09-15 15:07:00,23173.45,23182.35,23172.7,23176.35,0
2026-09-15 15:08:00,23176.75,23177.75,23171.15,23173.7,0
2026-09-15 15:09:00,23174.1,23176.7,23166.4,23172.95,0
2026-09-15 15:10:00,23173.25,23175.85,23169.45,23173.0,0
2026-09-15 15:11:00,23173.2,23192.35,23172.45,23187.1,0
2026-09-15 15:12:00,23187.0,23189.1,23172.1,23178.95,0
2026-09-15 15:13:00,23178.1,23186.95,23175.0,23178.85,0
2026-09-15 15:14:00,23177.7,23182.1,23166.2,23172.25,0
2026-09-15 15:29:00,23118.6,23118.6,23118.6,23118.6,0
2026-09-16 09:15:00,23201.6,23239.15,23186.55,23229.25,0
2026-09-16 09:16:00,23229.45,23271.95,23214.65,23270.6,0
2026-09-16 09:17:00,23271.2,23280.7,23266.45,23277.6,0
2026-09-16 09:18:00,23277.2,23281.15,23242.3,23244.2,0
2026-09-16 09:19:00,23244.25,23250.4,23240.55,23247.25,0
2026-09-16 09:20:00,23247.65,23250.6,23236.45,23244.5,0
2026-09-16 09:21:00,23244.45,23251.05,23235.45,23245.4,0
2026-09-16 09:22:00,23245.9,23255.55,23238.75,23254.6,0
2026-09-16 09:23:00,23253.45,23255.9,23243.95,23245.85,0
2026-09-16 09:24:00,23245.95,23245.95,23228.2,23236.25,0
2026-09-16 09:25:00,23235.9,23240.4,23224.95,23226.0,0
2026-09-16 09:26:00,23225.85,23234.15,23219.65,23227.2,0
2026-09-16 09:27:00,23228.05,23231.55,23214.8,23220.6,0
2026-09-16 09:28:00,23220.85,23222.55,23196.95,23196.95,0
2026-09-16 09:29:00,23196.8,23206.0,23194.15,23204.2,0
2026-09-16 09:30:00,23204.0,23204.5,23180.55,23183.55,0
2026-09-16 09:31:00,23184.9,23202.5,23184.2,23188.2,0
2026-09-16 09:32:00,23188.35,23191.0,23175.95,23177.45,0
2026-09-16 09:33:00,23176.95,23198.45,23175.8,23198.3,0
2026-09-16 09:34:00,23198.0,23213.9,23197.8,23209.4,0
2026-09-16 09:35:00,23209.45,23209.45,23182.55,23182.55,0
2026-09-16 09:36:00,23183.15,23190.35,23180.6,23189.9,0
2026-09-16 09:37:00,23190.65,23192.4,23170.2,23171.5,0
2026-09-16 09:38:00,23170.7,23173.95,23154.1,23158.2,0
2026-09-16 09:39:00,23157.6,23164.05,23149.85,23151.3,0
2026-09-16 09:40:00,23150.65,23155.65,23141.3,23145.6,0
2026-09-16 09:41:00,23145.9,23146.65,23133.15,23137.3,0
2026-09-16 09:42:00,23137.5,23139.5,23127.0,23134.4,0
2026-09-16 09:43:00,23135.5,23137.35,23128.6,23130.45,0
2026-09-16 09:44:00,23130.4,23138.6,23120.95,23120.95,0
2026-09-16 09:45:00,23121.0,23131.8,23116.1,23129.05,0
2026-09-16 09:46:00,23129.1,23141.4,23128.1,23138.6,0
2026-09-16 09:47:00,23138.2,23143.25,23117.1,23119.55,0
2026-09-16 09:48:00,23120.0,23138.25,23119.2,23135.15,0
2026-09-16 09:49:00,23135.85,23153.2,23133.6,23152.2,0
2026-09-16 09:50:00,23152.6,23178.85,23150.35,23162.85,0
2026-09-16 09:51:00,23162.7,23166.55,23155.15,23165.75,0
2026-09-16 09:52:00,23166.2,23193.2,23166.2,23188.45,0
2026-09-16 09:53:00,23188.6,23191.3,23174.1,23191.15,0
2026-09-16 09:54:00,23191.25,23212.9,23190.8,23212.8,0
2026-09-16 09:55:00,23212.4,23228.0,23211.65,23226.85,0
2026-09-16 09:56:00,23227.4,23235.75,23218.95,23222.9,0
2026-09-16 09:57:00,23223.15,23230.45,23218.7,23221.6,0
2026-09-16 09:58:00,23221.95,23222.4,23202.1,23203.7,0
2026-09-16 09:59:00,23203.9,23225.1,23202.9,23224.6,0
2026-09-16 10:00:00,23224.5,23225.15,23208.45,23216.85,0
2026-09-16 10:01:00,23216.95,23222.5,23200.5,23201.65,0
2026-09-16 10:02:00,23202.45,23206.85,23190.2,23194.0,0
2026-09-16 10:03:00,23194.3,23207.65,23194.1,23199.95,0
2026-09-16 10:04:00,23199.75,23200.75,23183.0,23183.9,0
2026-09-16 10:05:00,23184.05,23184.25,23169.1,23171.15,0
2026-09-16 10:06:00,23171.05,23176.75,23163.4,23175.05,0
2026-09-16 10:07:00,23174.9,23185.6,23169.25,23185.6,0
2026-09-16 10:08:00,23186.45,23191.35,23172.6,23175.0,0
2026-09-16 10:09:00,23174.95,23180.45,23173.1,23178.15,0
2026-09-16 10:10:00,23178.1,23185.5,23178.0,23178.6,0
2026-09-16 10:11:00,23178.75,23188.3,23175.4,23186.3,0
2026-09-16 10:12:00,23186.85,23200.85,23186.55,23199.4,0
2026-09-16 10:13:00,23199.2,23200.45,23177.15,23177.4,0
2026-09-16 10:14:00,23177.25,23181.5,23175.6,23177.75,0
2026-09-16 10:15:00,23177.85,23184.25,23172.1,23183.5,0
2026-09-16 10:16:00,23183.2,23194.45,23182.7,23191.35,0
2026-09-16 10:17:00,23191.45,23212.75,23191.4,23210.75,0
2026-09-16 10:18:00,23210.45,23215.3,23202.9,23204.0,0
2026-09-16 10:19:00,23203.45,23207.75,23192.35,23193.1,0
2026-09-16 10:20:00,23193.4,23206.3,23192.45,23203.1,0
2026-09-16 10:21:00,23202.85,23204.7,23193.7,23198.85,0
2026-09-16 10:22:00,23198.95,23211.55,23198.6,23209.35,0
2026-09-16 10:23:00,23209.6,23223.1,23208.0,23221.35,0
2026-09-16 10:24:00,23221.55,23226.6,23209.3,23223.8,0
2026-09-16 10:25:00,23223.5,23231.9,23219.5,23230.25,0
2026-09-16 10:26:00,23229.85,23239.45,23221.25,23222.7,0
2026-09-16 10:27:00,23223.05,23226.75,23220.9,23224.4,0
2026-09-16 10:28:00,23225.1,23234.85,23222.55,23232.05,0
2026-09-16 10:29:00,23232.0,23235.7,23229.8,23229.8,0
2026-09-16 10:30:00,23229.55,23239.6,23229.35,23231.65,0
2026-09-16 10:31:00,23231.75,23233.5,23223.7,23226.65,0
2026-09-16 10:32:00,23226.75,23239.05,23225.95,23238.05,0
2026-09-16 10:33:00,23238.1,23238.1,23232.1,23235.5,0
2026-09-16 10:34:00,23235.65,23248.1,23235.65,23245.2,0
2026-09-16 10:35:00,23245.8,23249.0,23243.45,23244.1,0
2026-09-16 10:36:00,23243.95,23247.5,23239.85,23244.4,0
2026-09-16 10:37:00,23244.2,23244.85,23225.55,23225.85,0
2026-09-16 10:38:00,23226.05,23239.25,23226.0,23235.8,0
2026-09-16 10:39:00,23235.85,23241.05,23235.05,23240.05,0
2026-09-16 10:40:00,23239.6,23249.05,23239.2,23246.1,0
2026-09-16 10:41:00,23246.05,23250.0,23244.4,23245.4,0
2026-09-16 10:42:00,23245.2,23246.85,23237.7,23238.8,0
2026-09-16 10:43:00,23238.4,23249.1,23237.65,23247.75,0
2026-09-16 10:44:00,23247.6,23250.1,23240.7,23248.5,0
2026-09-16 10:45:00,23248.6,23254.8,23245.9,23246.85,0
2026-09-16 10:46:00,23247.1,23254.1,23244.75,23248.0,0
2026-09-16 10:47:00,23247.85,23252.3,23244.85,23246.05,0
2026-09-16 10:48:00,23246.15,23260.85,23245.9,23260.1,0
2026-09-16 10:49:00,23259.65,23266.1,23257.7,23260.1,0
2026-09-16 10:50:00,23260.05,23261.95,23246.6,23247.5,0
2026-09-16 10:51:00,23247.55,23258.9,23246.95,23255.65,0
2026-09-16 10:52:00,23255.6,23268.65,23255.25,23267.25,0
2026-09-16 10:53:00,23267.35,23267.95,23253.65,23254.15,0
2026-09-16 10:54:00,23254.95,23258.6,23253.0,23254.3,0
2026-09-16 10:55:00,23254.15,23254.45,23237.35,23237.35,0
2026-09-16 10:56:00,23237.3,23246.55,23236.95,23246.25,0
2026-09-16 10:57:00,23245.7,23252.45,23245.7,23251.65,0
2026-09-16 10:58:00,23250.9,23252.1,23244.8,23248.15,0
2026-09-16 10:59:00,23248.25,23252.85,23247.8,23252.0,0
2026-09-16 11:00:00,23251.9,23261.0,23251.9,23260.5,0
2026-09-16 11:01:00,23260.35,23266.7,23259.65,23264.8,0
2026-09-16 11:02:00,23264.85,23274.5,23264.15,23272.4,0
2026-09-16 11:03:00,23272.55,23278.75,23271.3,23277.65,0
2026-09-16 11:04:00,23277.8,23278.7,23271.75,23272.55,0
2026-09-16 11:05:00,23272.35,23273.35,23259.5,23262.75,0
2026-09-16 11:06:00,23263.55,23267.65,23260.6,23261.45,0
2026-09-16 11:07:00,23261.2,23264.8,23252.3,23253.5,0
2026-09-16 11:08:00,23253.55,23262.25,23253.55,23261.1,0
2026-09-16 11:09:00,23260.85,23261.75,23256.55,23257.85,0
2026-09-16 11:10:00,23258.05,23264.35,23256.2,23263.0,0
2026-09-16 11:11:00,23263.1,23265.7,23258.0,23258.9,0
2026-09-16 11:12:00,23258.65,23264.95,23258.3,23262.8,0
2026-09-16 11:13:00,23262.75,23263.25,23255.8,23256.25,0
2026-09-16 11:14:00,23256.15,23256.95,23248.4,23250.7,0
2026-09-16 11:15:00,23250.85,23259.55,23250.7,23258.7,0
2026-09-16 11:16:00,23258.8,23269.0,23258.5,23265.15,0
2026-09-16 11:17:00,23264.6,23265.65,23254.45,23255.8,0
2026-09-16 11:18:00,23255.7,23262.75,23254.05,23255.6,0
2026-09-16 11:19:00,23255.5,23255.55,23247.6,23248.5,0
2026-09-16 11:20:00,23248.45,23248.7,23238.95,23242.4,0
2026-09-16 11:21:00,23241.4,23242.2,23232.85,23237.05,0
2026-09-16 11:22:00,23236.9,23250.0,23236.1,23248.95,0
2026-09-16 11:23:00,23249.25,23263.55,23249.15,23258.3,0
2026-09-16 11:24:00,23258.2,23258.2,23243.4,23243.4,0
2026-09-16 11:25:00,23243.45,23246.25,23235.15,23236.1,0
2026-09-16 11:26:00,23236.25,23236.6,23229.4,23231.25,0
2026-09-16 11:27:00,23231.05,23234.6,23225.75,23226.45,0
2026-09-16 11:28:00,23226.4,23232.45,23224.65,23225.4,0
2026-09-16 11:29:00,23225.3,23227.35,23219.35,23220.25,0
2026-09-16 11:30:00,23220.2,23233.45,23219.95,23229.8,0
2026-09-16 11:31:00,23229.55,23234.25,23226.85,23230.85,0
2026-09-16 11:32:00,23230.8,23238.45,23229.8,23237.15,0
2026-09-16 11:33:00,23237.0,23241.45,23232.45,23233.4,0
2026-09-16 11:34:00,23232.75,23235.25,23224.8,23226.3,0
2026-09-16 11:35:00,23226.4,23231.35,23222.9,23226.2,0
2026-09-16 11:36:00,23226.1,23227.7,23222.8,23226.15,0
2026-09-16 11:37:00,23226.25,23227.95,23220.75,23227.2,0
2026-09-16 11:38:00,23227.3,23245.4,23227.25,23236.7,0
2026-09-16 11:39:00,23236.8,23239.65,23232.55,23234.5,0
2026-09-16 11:40:00,23233.9,23239.6,23231.0,23238.8,0
2026-09-16 11:41:00,23238.75,23238.95,23231.4,23233.25,0
2026-09-16 11:42:00,23233.45,23236.5,23230.65,23232.4,0
2026-09-16 11:43:00,23232.35,23237.55,23231.9,23235.35,0
2026-09-16 11:44:00,23235.0,23237.25,23232.8,23233.65,0
2026-09-16 11:45:00,23233.55,23234.7,23227.95,23228.0,0
2026-09-16 11:46:00,23227.95,23229.6,23226.05,23227.45,0
2026-09-16 11:47:00,23227.2,23227.6,23223.15,23224.2,0
2026-09-16 11:48:00,23224.15,23225.95,23222.45,23224.65,0
2026-09-16 11:49:00,23224.85,23230.05,23223.65,23226.3,0
2026-09-16 11:50:00,23226.55,23242.75,23225.3,23238.8,0
2026-09-16 11:51:00,23238.7,23242.05,23234.25,23235.8,0
2026-09-16 11:52:00,23235.85,23239.1,23227.3,23228.6,0
2026-09-16 11:53:00,23228.4,23229.5,23223.35,23226.65,0
2026-09-16 11:54:00,23226.8,23230.3,23226.2,23226.7,0
2026-09-16 11:55:00,23226.6,23228.05,23224.95,23226.0,0
2026-09-16 11:56:00,23226.35,23227.2,23214.55,23216.85,0
2026-09-16 11:57:00,23216.55,23219.95,23215.2,23217.15,0
2026-09-16 11:58:00,23217.5,23219.65,23213.85,23217.1,0
2026-09-16 11:59:00,23216.55,23218.85,23213.7,23214.85,0
2026-09-16 12:00:00,23215.95,23220.85,23214.6,23218.05,0
2026-09-16 12:01:00,23218.0,23219.55,23216.3,23218.15,0
2026-09-16 12:02:00,23217.95,23218.45,23206.75,23210.0,0
2026-09-16 12:03:00,23210.1,23212.5,23206.2,23209.45,0
2026-09-16 12:04:00,23209.5,23214.4,23209.3,23213.05,0
2026-09-16 12:05:00,23213.0,23218.6,23212.65,23218.3,0
2026-09-16 12:06:00,23218.1,23224.75,23217.65,23221.25,0
2026-09-16 12:07:00,23221.35,23230.3,23221.35,23229.9,0
2026-09-16 12:08:00,23229.25,23230.95,23224.1,23224.3,0
2026-09-16 12:09:00,23224.2,23224.35,23220.5,23223.25,0
2026-09-16 12:10:00,23223.3,23234.2,23222.5,23234.15,0
2026-09-16 12:11:00,23234.0,23239.1,23231.5,23232.25,0
2026-09-16 12:12:00,23232.2,23235.45,23230.1,23230.65,0
2026-09-16 12:13:00,23230.6,23246.85,23229.95,23246.75,0
2026-09-16 12:14:00,23246.4,23246.85,23233.0,23233.05,0
2026-09-16 12:15:00,23232.85,23233.15,23220.55,23223.0,0
2026-09-16 12:16:00,23223.05,23234.1,23221.45,23232.8,0
2026-09-16 12:17:00,23232.75,23246.8,23232.35,23242.05,0
2026-09-16 12:18:00,23242.0,23242.0,23235.95,23240.1,0
2026-09-16 12:19:00,23240.35,23242.9,23239.3,23240.4,0
2026-09-16 12:20:00,23240.3,23241.05,23230.9,23232.4,0
2026-09-16 12:21:00,23232.3,23236.7,23232.3,23234.8,0
2026-09-16 12:22:00,23234.7,23238.65,23233.7,23237.1,0
2026-09-16 12:23:00,23237.05,23241.75,23236.9,23240.15,0
2026-09-16 12:24:00,23239.75,23240.4,23235.0,23237.1,0
2026-09-16 12:25:00,23237.35,23238.7,23235.6,23237.6,0
2026-09-16 12:26:00,23237.65,23239.7,23234.85,23235.95,0
2026-09-16 12:27:00,23235.85,23236.8,23228.15,23228.8,0
2026-09-16 12:28:00,23228.1,23237.25,23227.8,23236.7,0
2026-09-16 12:29:00,23236.75,23238.05,23233.6,23234.15,0
2026-09-16 12:30:00,23234.4,23238.3,23234.15,23236.2,0
2026-09-16 12:31:00,23236.3,23247.55,23235.8,23246.6,0
2026-09-16 12:32:00,23246.7,23251.15,23246.45,23249.1,0
2026-09-16 12:33:00,23248.85,23264.45,23247.75,23260.1,0
2026-09-16 12:34:00,23259.95,23260.5,23249.25,23250.25,0
2026-09-16 12:35:00,23249.9,23260.15,23249.55,23259.3,0
2026-09-16 12:36:00,23259.1,23259.6,23247.35,23250.6,0
2026-09-16 12:37:00,23250.75,23250.75,23243.9,23245.4,0
2026-09-16 12:38:00,23245.25,23250.2,23244.5,23249.0,0
2026-09-16 12:39:00,23248.85,23250.5,23244.35,23246.35,0
2026-09-16 12:40:00,23246.9,23250.05,23243.8,23248.35,0
2026-09-16 12:41:00,23248.2,23250.55,23245.5,23245.75,0
2026-09-16 12:42:00,23245.85,23247.6,23244.2,23245.55,0
2026-09-16 12:43:00,23245.45,23259.95,23245.45,23257.35,0
2026-09-16 12:44:00,23257.7,23260.35,23257.0,23258.6,0
2026-09-16 12:45:00,23258.65,23259.05,23248.3,23248.9,0
2026-09-16 12:46:00,23249.05,23251.15,23244.6,23249.35,0
2026-09-16 12:47:00,23249.4,23254.75,23249.0,23254.05,0
2026-09-16 12:48:00,23254.15,23256.05,23251.1,23253.0,0
2026-09-16 12:49:00,23252.9,23255.35,23250.45,23253.75,0
2026-09-16 12:50:00,23253.9,23254.4,23250.05,23251.4,0
2026-09-16 12:51:00,23251.2,23252.7,23248.75,23249.7,0
2026-09-16 12:52:00,23249.75,23250.5,23246.8,23247.65,0
2026-09-16 12:53:00,23247.75,23256.45,23247.4,23255.2,0
2026-09-16 12:54:00,23255.25,23257.2,23251.95,23253.5,0
2026-09-16 12:55:00,23253.3,23256.2,23250.55,23252.3,0
2026-09-16 12:56:00,23252.05,23258.8,23252.0,23254.7,0
2026-09-16 12:57:00,23254.6,23258.25,23251.2,23255.4,0
2026-09-16 12:58:00,23255.75,23257.25,23246.3,23248.0,0
2026-09-16 12:59:00,23247.95,23249.9,23241.75,23242.1,0
2026-09-16 13:00:00,23242.8,23247.25,23240.55,23246.75,0
2026-09-16 13:01:00,23246.45,23252.7,23245.45,23247.6,0
2026-09-16 13:02:00,23247.55,23251.75,23246.7,23249.3,0
2026-09-16 13:03:00,23249.55,23250.4,23246.2,23247.9,0
2026-09-16 13:04:00,23247.95,23257.5,23247.4,23255.95,0
2026-09-16 13:05:00,23255.8,23259.85,23254.75,23258.7,0
2026-09-16 13:06:00,23258.65,23264.9,23257.6,23263.6,0
2026-09-16 13:07:00,23263.5,23274.5,23262.75,23271.95,0
2026-09-16 13:08:00,23273.8,23276.85,23270.5,23275.85,0
2026-09-16 13:09:00,23275.7,23284.75,23272.75,23274.05,0
2026-09-16 13:10:00,23274.25,23278.1,23273.9,23275.4,0
2026-09-16 13:11:00,23275.3,23278.15,23267.2,23267.45,0
2026-09-16 13:12:00,23267.15,23268.25,23264.5,23265.35,0
2026-09-16 13:13:00,23265.45,23267.45,23261.4,23261.95,0
2026-09-16 13:14:00,23262.05,23263.7,23256.85,23258.7,0
2026-09-16 13:15:00,23258.4,23258.7,23253.15,23254.45,0
2026-09-16 13:16:00,23254.4,23260.05,23253.35,23255.15,0
2026-09-16 13:17:00,23255.1,23261.3,23252.35,23260.6,0
2026-09-16 13:18:00,23260.45,23264.85,23260.45,23263.9,0
2026-09-16 13:19:00,23263.85,23271.3,23263.3,23269.55,0
2026-09-16 13:20:00,23269.25,23269.4,23260.65,23264.25,0
2026-09-16 13:21:00,23264.15,23265.45,23260.35,23262.1,0
2026-09-16 13:22:00,23261.6,23262.6,23257.45,23259.1,0
2026-09-16 13:23:00,23258.75,23261.7,23250.6,23251.35,0
2026-09-16 13:24:00,23251.6,23252.05,23244.0,23245.0,0
2026-09-16 13:25:00,23244.75,23247.3,23243.9,23244.75,0
2026-09-16 13:26:00,23244.9,23246.6,23241.3,23241.85,0
2026-09-16 13:27:00,23242.1,23243.15,23237.5,23238.15,0
2026-09-16 13:28:00,23238.1,23238.1,23223.55,23224.6,0
2026-09-16 13:29:00,23223.85,23227.85,23220.6,23220.85,0
2026-09-16 13:30:00,23220.8,23225.45,23220.15,23225.45,0
2026-09-16 13:31:00,23225.25,23232.9,23223.95,23231.3,0
2026-09-16 13:32:00,23230.75,23235.65,23230.75,23233.2,0
2026-09-16 13:33:00,23233.25,23233.75,23225.75,23226.55,0
2026-09-16 13:34:00,23226.25,23228.05,23220.15,23227.05,0
2026-09-16 13:35:00,23227.2,23236.5,23226.7,23236.0,0
2026-09-16 13:36:00,23235.85,23237.35,23227.2,23228.3,0
2026-09-16 13:37:00,23228.35,23229.9,23225.05,23226.05,0
2026-09-16 13:38:00,23226.2,23229.25,23219.0,23227.2,0
2026-09-16 13:39:00,23227.25,23230.0,23220.6,23222.25,0
2026-09-16 13:40:00,23222.2,23224.15,23214.7,23216.4,0
2026-09-16 13:41:00,23216.2,23224.3,23216.1,23224.1,0
2026-09-16 13:42:00,23223.95,23224.55,23219.1,23220.35,0
2026-09-16 13:43:00,23220.45,23221.55,23214.75,23216.0,0
2026-09-16 13:44:00,23216.1,23217.9,23209.8,23212.1,0
2026-09-16 13:45:00,23212.2,23225.1,23212.2,23221.6,0
2026-09-16 13:46:00,23221.35,23223.2,23216.0,23218.05,0
2026-09-16 13:47:00,23218.15,23224.8,23217.9,23224.25,0
2026-09-16 13:48:00,23224.1,23229.15,23221.25,23222.3,0
2026-09-16 13:49:00,23222.15,23223.75,23216.05,23217.45,0
2026-09-16 13:50:00,23217.25,23220.6,23215.75,23218.05,0
2026-09-16 13:51:00,23218.15,23220.3,23212.95,23218.8,0
2026-09-16 13:52:00,23218.85,23222.35,23214.0,23217.95,0
2026-09-16 13:53:00,23218.0,23224.3,23216.45,23221.95,0
2026-09-16 13:54:00,23222.05,23226.75,23221.05,23224.65,0
2026-09-16 13:55:00,23224.7,23225.15,23219.4,23222.55,0
2026-09-16 13:56:00,23222.6,23225.9,23221.25,23223.7,0
2026-09-16 13:57:00,23223.75,23225.3,23221.45,23222.0,0
2026-09-16 13:58:00,23221.75,23223.45,23217.15,23217.75,0
2026-09-16 13:59:00,23218.6,23222.25,23217.2,23221.5,0
2026-09-16 14:00:00,23221.05,23227.7,23220.45,23226.15,0
2026-09-16 14:01:00,23226.25,23233.35,23225.7,23231.05,0
2026-09-16 14:02:00,23230.8,23234.65,23229.0,23230.45,0
2026-09-16 14:03:00,23230.35,23235.75,23230.05,23232.5,0
2026-09-16 14:04:00,23232.55,23234.6,23231.75,23233.6,0
2026-09-16 14:05:00,23233.4,23236.75,23232.85,23234.65,0
2026-09-16 14:06:00,23234.55,23235.45,23229.95,23231.95,0
2026-09-16 14:07:00,23231.45,23231.85,23225.8,23226.85,0
2026-09-16 14:08:00,23226.9,23227.9,23219.35,23220.4,0
2026-09-16 14:09:00,23220.3,23223.2,23219.75,23222.7,0
2026-09-16 14:10:00,23222.65,23223.9,23219.75,23223.15,0
2026-09-16 14:11:00,23223.7,23228.7,23223.1,23227.75,0
2026-09-16 14:12:00,23227.8,23231.0,23226.6,23231.0,0
2026-09-16 14:13:00,23230.95,23236.75,23230.95,23235.3,0
2026-09-16 14:14:00,23235.15,23239.25,23234.35,23238.55,0
2026-09-16 14:15:00,23238.3,23243.25,23237.45,23239.0,0
2026-09-16 14:16:00,23238.4,23242.55,23236.5,23239.2,0
2026-09-16 14:17:00,23239.15,23244.7,23239.1,23242.55,0
2026-09-16 14:18:00,23242.75,23246.45,23242.05,23243.8,0
2026-09-16 14:19:00,23243.65,23246.0,23230.95,23231.3,0
2026-09-16 14:20:00,23231.2,23235.5,23229.9,23231.4,0
2026-09-16 14:21:00,23231.45,23236.0,23230.9,23234.35,0
2026-09-16 14:22:00,23233.9,23241.4,23233.2,23238.9,0
2026-09-16 14:23:00,23238.55,23242.65,23236.45,23237.75,0
2026-09-16 14:24:00,23237.7,23239.05,23233.3,23233.75,0
2026-09-16 14:25:00,23233.55,23237.6,23233.1,23236.25,0
2026-09-16 14:26:00,23235.7,23237.75,23233.25,23233.75,0
2026-09-16 14:27:00,23233.4,23234.35,23230.25,23231.1,0
2026-09-16 14:28:00,23230.95,23231.85,23224.4,23228.75,0
2026-09-16 14:29:00,23228.0,23236.1,23227.45,23232.4,0
2026-09-16 14:30:00,23231.75,23236.35,23229.75,23230.1,0
2026-09-16 14:31:00,23229.75,23232.1,23227.4,23230.7,0
2026-09-16 14:32:00,23230.75,23232.05,23227.45,23230.4,0
2026-09-16 14:33:00,23230.65,23232.85,23226.9,23229.45,0
2026-09-16 14:34:00,23229.0,23230.8,23225.5,23229.6,0
2026-09-16 14:35:00,23229.65,23237.2,23228.95,23234.45,0
2026-09-16 14:36:00,23234.2,23236.55,23230.25,23230.5,0
2026-09-16 14:37:00,23230.45,23231.7,23225.2,23228.0,0
2026-09-16 14:38:00,23228.05,23229.45,23221.85,23223.2,0
2026-09-16 14:39:00,23223.3,23230.3,23222.35,23228.45,0
2026-09-16 14:40:00,23228.2,23232.45,23228.1,23232.15,0
2026-09-16 14:41:00,23232.35,23236.8,23229.9,23234.5,0
2026-09-16 14:42:00,23234.6,23235.6,23226.1,23229.1,0
2026-09-16 14:43:00,23228.75,23231.7,23226.05,23231.7,0
2026-09-16 14:44:00,23231.65,23237.65,23231.35,23234.35,0
2026-09-16 14:45:00,23234.25,23237.1,23233.35,23235.2,0
2026-09-16 14:46:00,23234.65,23239.75,23234.5,23236.15,0
2026-09-16 14:47:00,23236.2,23238.1,23234.85,23238.1,0
2026-09-16 14:48:00,23237.6,23239.35,23230.7,23232.6,0
2026-09-16 14:49:00,23232.55,23238.55,23231.15,23236.65,0
2026-09-16 14:50:00,23237.15,23241.05,23232.9,23239.75,0
2026-09-16 14:51:00,23240.1,23244.55,23234.85,23235.45,0
2026-09-16 14:52:00,23235.3,23240.25,23234.6,23238.35,0
2026-09-16 14:53:00,23238.55,23242.5,23237.55,23240.2,0
2026-09-16 14:54:00,23240.1,23242.1,23235.3,23239.45,0
2026-09-16 14:55:00,23239.5,23245.15,23237.95,23243.75,0
2026-09-16 14:56:00,23243.9,23251.75,23243.15,23249.45,0
2026-09-16 14:57:00,23249.35,23261.4,23249.05,23254.05,0
2026-09-16 14:58:00,23252.5,23254.35,23242.45,23243.45,0
2026-09-16 14:59:00,23243.55,23247.0,23234.5,23235.8,0
2026-09-16 15:00:00,23236.35,23236.35,23221.75,23225.8,0
2026-09-16 15:01:00,23226.15,23231.55,23224.35,23230.1,0
2026-09-16 15:02:00,23229.85,23233.0,23228.2,23231.4,0
2026-09-16 15:03:00,23231.0,23232.7,23228.25,23230.1,0
2026-09-16 15:04:00,23229.9,23233.5,23228.75,23231.5,0
2026-09-16 15:05:00,23231.15,23232.7,23228.35,23228.8,0
2026-09-16 15:06:00,23228.5,23229.5,23221.25,23224.85,0
2026-09-16 15:07:00,23224.45,23232.1,23223.55,23230.45,0
2026-09-16 15:08:00,23230.3,23231.6,23226.6,23228.75,0
2026-09-16 15:09:00,23226.95,23230.05,23224.1,23229.9,0
2026-09-16 15:10:00,23229.25,23237.0,23228.3,23234.75,0
2026-09-16 15:11:00,23234.7,23235.75,23228.9,23231.0,0
2026-09-16 15:12:00,23230.35,23232.9,23215.85,23222.0,0
2026-09-16 15:13:00,23221.25,23226.8,23218.4,23225.5,0
2026-09-16 15:14:00,23225.55,23231.55,23219.8,23224.3,0
2026-09-16 15:29:00,23217.6,23217.6,23217.6,23217.6,0
2026-09-17 09:15:00,23195.25,23255.8,23193.65,23211.95,0
2026-09-17 09:16:00,23212.05,23228.25,23197.0,23218.65,0
2026-09-17 09:17:00,23220.3,23246.0,23217.0,23245.1,0
2026-09-17 09:18:00,23247.95,23261.1,23243.35,23256.3,0
2026-09-17 09:19:00,23259.2,23263.25,23253.3,23255.95,0
2026-09-17 09:20:00,23257.45,23267.7,23247.55,23254.95,0
2026-09-17 09:21:00,23257.1,23260.8,23245.05,23255.95,0
2026-09-17 09:22:00,23255.55,23256.45,23239.45,23240.75,0
2026-09-17 09:23:00,23241.65,23242.95,23236.95,23237.65,0
2026-09-17 09:24:00,23239.1,23240.1,23227.15,23228.7,0
2026-09-17 09:25:00,23230.45,23237.0,23227.45,23232.55,0
2026-09-17 09:26:00,23233.6,23240.0,23232.4,23237.45,0
2026-09-17 09:27:00,23239.8,23249.8,23233.9,23249.2,0
2026-09-17 09:28:00,23250.55,23259.75,23249.6,23257.35,0
2026-09-17 09:29:00,23258.3,23259.2,23246.9,23252.05,0
2026-09-17 09:30:00,23253.45,23264.85,23250.6,23262.65,0
2026-09-17 09:31:00,23264.65,23270.05,23259.5,23269.5,0
2026-09-17 09:32:00,23271.1,23284.8,23268.3,23280.7,0
2026-09-17 09:33:00,23281.3,23290.1,23277.25,23277.85,0
2026-09-17 09:34:00,23279.6,23286.8,23274.65,23284.45,0
2026-09-17 09:35:00,23285.15,23303.85,23283.65,23299.6,0
2026-09-17 09:36:00,23301.2,23303.0,23292.35,23292.85,0
2026-09-17 09:37:00,23294.5,23301.75,23291.15,23295.15,0
2026-09-17 09:38:00,23295.2,23295.5,23283.9,23284.4,0
2026-09-17 09:39:00,23284.9,23284.9,23272.4,23274.1,0
2026-09-17 09:40:00,23275.2,23275.8,23268.1,23272.7,0
2026-09-17 09:41:00,23274.55,23274.55,23260.5,23260.85,0
2026-09-17 09:42:00,23262.0,23262.1,23235.75,23236.15,0
2026-09-17 09:43:00,23237.25,23252.45,23229.45,23250.6,0
2026-09-17 09:44:00,23251.6,23253.55,23240.95,23252.3,0
2026-09-17 09:45:00,23254.6,23261.0,23245.05,23248.45,0
2026-09-17 09:46:00,23250.0,23252.5,23244.3,23251.95,0
2026-09-17 09:47:00,23253.4,23260.75,23251.45,23260.15,0
2026-09-17 09:48:00,23260.65,23268.05,23257.7,23261.95,0
2026-09-17 09:49:00,23263.2,23272.95,23262.3,23267.65,0
2026-09-17 09:50:00,23268.4,23268.4,23258.2,23263.05,0
2026-09-17 09:51:00,23265.8,23270.2,23263.55,23269.6,0
2026-09-17 09:52:00,23270.8,23280.1,23267.35,23277.7,0
2026-09-17 09:53:00,23279.6,23279.6,23273.75,23276.0,0
2026-09-17 09:54:00,23277.55,23286.7,23276.2,23282.9,0
2026-09-17 09:55:00,23283.75,23290.1,23281.15,23285.8,0
2026-09-17 09:56:00,23287.15,23287.85,23273.5,23274.8,0
2026-09-17 09:57:00,23276.35,23285.75,23273.4,23285.05,0
2026-09-17 09:58:00,23285.95,23289.05,23282.2,23285.5,0
2026-09-17 09:59:00,23286.45,23288.55,23282.3,23284.5,0
2026-09-17 10:00:00,23286.65,23286.65,23279.8,23282.75,0
2026-09-17 10:01:00,23284.1,23289.9,23281.95,23287.35,0
2026-09-17 10:02:00,23288.85,23295.0,23287.45,23293.9,0
2026-09-17 10:03:00,23294.35,23296.95,23290.9,23294.65,0
2026-09-17 10:04:00,23295.4,23297.2,23293.45,23293.9,0
2026-09-17 10:05:00,23295.2,23314.65,23293.6,23306.3,0
2026-09-17 10:06:00,23308.25,23312.1,23305.85,23310.15,0
2026-09-17 10:07:00,23311.05,23311.05,23299.35,23301.5,0
2026-09-17 10:08:00,23303.75,23308.65,23301.6,23307.35,0
2026-09-17 10:09:00,23308.15,23310.0,23302.8,23307.5,0
2026-09-17 10:10:00,23308.85,23316.15,23307.6,23315.6,0
2026-09-17 10:11:00,23317.65,23323.7,23313.75,23319.35,0
2026-09-17 10:12:00,23320.9,23325.4,23318.2,23318.55,0
2026-09-17 10:13:00,23320.05,23320.35,23315.3,23317.75,0
2026-09-17 10:14:00,23318.95,23318.95,23310.2,23311.1,0
2026-09-17 10:15:00,23313.3,23319.5,23311.05,23312.7,0
2026-09-17 10:16:00,23314.05,23314.05,23308.1,23308.95,0
2026-09-17 10:17:00,23311.0,23312.0,23302.8,23302.85,0
2026-09-17 10:18:00,23304.45,23304.45,23298.5,23300.85,0
2026-09-17 10:19:00,23302.2,23302.2,23295.65,23296.3,0
2026-09-17 10:20:00,23297.15,23303.15,23292.85,23299.8,0
2026-09-17 10:21:00,23301.95,23305.0,23300.55,23301.25,0
2026-09-17 10:22:00,23302.3,23302.55,23294.05,23294.05,0
2026-09-17 10:23:00,23298.2,23298.2,23290.1,23290.15,0
2026-09-17 10:24:00,23292.5,23298.15,23291.25,23293.35,0
2026-09-17 10:25:00,23294.6,23296.0,23286.85,23289.45,0
2026-09-17 10:26:00,23288.85,23293.15,23287.95,23290.6,0
2026-09-17 10:27:00,23292.2,23296.7,23290.6,23291.5,0
2026-09-17 10:28:00,23293.8,23296.65,23289.95,23290.45,0
2026-09-17 10:29:00,23292.35,23295.0,23288.55,23294.95,0
2026-09-17 10:30:00,23295.0,23297.0,23288.05,23289.7,0
2026-09-17 10:31:00,23291.65,23291.65,23275.15,23278.55,0
2026-09-17 10:32:00,23280.25,23283.5,23277.95,23279.65,0
2026-09-17 10:33:00,23279.5,23280.25,23276.15,23279.1,0
2026-09-17 10:34:00,23280.0,23281.55,23272.5,23273.6,0
2026-09-17 10:35:00,23274.45,23284.55,23270.2,23284.05,0
2026-09-17 10:36:00,23285.35,23296.05,23284.15,23294.45,0
2026-09-17 10:37:00,23295.95,23298.45,23287.4,23288.15,0
2026-09-17 10:38:00,23287.95,23288.7,23278.75,23280.9,0
2026-09-17 10:39:00,23281.5,23283.8,23279.5,23280.5,0
2026-09-17 10:40:00,23281.55,23281.65,23276.15,23276.4,0
2026-09-17 10:41:00,23278.8,23279.5,23274.55,23275.8,0
2026-09-17 10:42:00,23277.2,23277.2,23265.45,23267.9,0
2026-09-17 10:43:00,23269.2,23278.05,23267.95,23270.1,0
2026-09-17 10:44:00,23272.55,23272.55,23266.35,23266.8,0
2026-09-17 10:45:00,23268.85,23268.85,23260.6,23261.9,0
2026-09-17 10:46:00,23262.9,23270.5,23261.3,23269.6,0
2026-09-17 10:47:00,23270.95,23275.8,23269.45,23273.8,0
2026-09-17 10:48:00,23275.4,23275.4,23264.45,23265.05,0
2026-09-17 10:49:00,23267.2,23267.95,23263.9,23265.5,0
2026-09-17 10:50:00,23267.3,23271.5,23265.15,23270.05,0
2026-09-17 10:51:00,23271.7,23274.35,23267.1,23271.75,0
2026-09-17 10:52:00,23273.7,23276.3,23267.3,23270.4,0
2026-09-17 10:53:00,23271.25,23273.85,23269.1,23270.25,0
2026-09-17 10:54:00,23272.15,23272.15,23266.35,23270.5,0
2026-09-17 10:55:00,23272.25,23275.0,23266.95,23270.7,0
2026-09-17 10:56:00,23272.05,23277.1,23270.75,23276.75,0
2026-09-17 10:57:00,23277.6,23283.9,23275.15,23275.9,0
2026-09-17 10:58:00,23277.3,23277.7,23271.05,23272.05,0
2026-09-17 10:59:00,23272.85,23272.85,23267.25,23267.85,0
2026-09-17 11:00:00,23268.45,23268.9,23258.45,23259.0,0
2026-09-17 11:01:00,23260.15,23260.15,23250.25,23255.2,0
2026-09-17 11:02:00,23256.55,23258.85,23254.9,23255.6,0
2026-09-17 11:03:00,23257.4,23257.4,23235.95,23239.85,0
2026-09-17 11:04:00,23239.5,23243.65,23236.95,23238.4,0
2026-09-17 11:05:00,23239.55,23239.55,23235.2,23236.25,0
2026-09-17 11:06:00,23237.95,23237.95,23221.65,23229.0,0
2026-09-17 11:07:00,23230.5,23230.7,23218.95,23220.1,0
2026-09-17 11:08:00,23221.35,23221.35,23215.7,23217.45,0
2026-09-17 11:09:00,23218.65,23223.7,23214.25,23219.1,0
2026-09-17 11:10:00,23220.45,23220.45,23211.2,23211.75,0
2026-09-17 11:11:00,23213.15,23219.35,23210.3,23212.75,0
2026-09-17 11:12:00,23214.3,23222.65,23212.95,23221.6,0
2026-09-17 11:13:00,23223.2,23228.5,23222.35,23228.5,0
2026-09-17 11:14:00,23229.0,23231.85,23222.3,23224.05,0
2026-09-17 11:15:00,23226.05,23227.75,23222.6,23225.95,0
2026-09-17 11:16:00,23227.9,23229.95,23224.35,23229.2,0
2026-09-17 11:17:00,23230.1,23240.6,23228.95,23240.6,0
2026-09-17 11:18:00,23241.75,23245.7,23239.95,23245.2,0
2026-09-17 11:19:00,23246.5,23247.35,23243.65,23246.7,0
2026-09-17 11:20:00,23248.5,23250.2,23244.5,23249.05,0
2026-09-17 11:21:00,23250.1,23256.85,23247.9,23248.1,0
2026-09-17 11:22:00,23249.1,23249.1,23240.0,23241.05,0
2026-09-17 11:23:00,23241.45,23248.5,23240.9,23247.75,0
2026-09-17 11:24:00,23249.65,23251.3,23246.45,23248.8,0
2026-09-17 11:25:00,23249.9,23252.5,23248.75,23249.95,0
2026-09-17 11:26:00,23252.15,23254.35,23247.1,23247.35,0
2026-09-17 11:27:00,23249.9,23249.9,23241.35,23242.95,0
2026-09-17 11:28:00,23243.9,23245.75,23240.45,23244.1,0
2026-09-17 11:29:00,23245.8,23247.95,23243.5,23246.05,0
2026-09-17 11:30:00,23247.25,23247.25,23234.65,23238.3,0
2026-09-17 11:31:00,23239.85,23246.7,23237.45,23245.95,0
2026-09-17 11:32:00,23247.3,23256.75,23245.05,23255.95,0
2026-09-17 11:33:00,23256.95,23256.95,23245.55,23249.3,0
2026-09-17 11:34:00,23250.7,23255.4,23248.0,23253.0,0
2026-09-17 11:35:00,23254.95,23254.95,23244.7,23247.8,0
2026-09-17 11:36:00,23249.05,23252.75,23247.35,23251.3,0
2026-09-17 11:37:00,23252.95,23253.1,23247.3,23249.6,0
2026-09-17 11:38:00,23251.6,23254.45,23249.4,23251.35,0
2026-09-17 11:39:00,23252.8,23254.2,23249.4,23252.3,0
2026-09-17 11:40:00,23255.0,23259.45,23252.65,23257.6,0
2026-09-17 11:41:00,23259.05,23261.85,23256.85,23258.9,0
2026-09-17 11:42:00,23261.2,23267.7,23259.65,23267.2,0
2026-09-17 11:43:00,23269.15,23275.7,23266.95,23273.8,0
2026-09-17 11:44:00,23273.55,23276.65,23271.65,23276.15,0
2026-09-17 11:45:00,23276.75,23281.15,23271.7,23272.85,0
2026-09-17 11:46:00,23274.45,23275.0,23266.1,23267.5,0
2026-09-17 11:47:00,23268.65,23271.5,23264.8,23271.5,0
2026-09-17 11:48:00,23273.05,23275.0,23269.7,23272.2,0
2026-09-17 11:49:00,23274.25,23277.6,23271.5,23275.15,0
2026-09-17 11:50:00,23276.9,23277.75,23271.25,23277.4,0
2026-09-17 11:51:00,23279.15,23288.5,23278.15,23286.5,0
2026-09-17 11:52:00,23287.5,23294.15,23284.25,23292.2,0
2026-09-17 11:53:00,23293.7,23293.7,23277.25,23280.25,0
2026-09-17 11:54:00,23281.85,23288.8,23276.8,23288.05,0
2026-09-17 11:55:00,23288.3,23294.65,23287.65,23290.95,0
2026-09-17 11:56:00,23292.6,23299.8,23291.0,23299.1,0
2026-09-17 11:57:00,23301.05,23309.75,23299.9,23308.5,0
2026-09-17 11:58:00,23309.7,23311.55,23302.55,23308.65,0
2026-09-17 11:59:00,23310.6,23315.3,23306.9,23315.3,0
2026-09-17 12:00:00,23316.75,23320.5,23310.5,23310.5,0
2026-09-17 12:01:00,23313.1,23315.9,23305.6,23305.65,0
2026-09-17 12:02:00,23305.85,23310.35,23305.25,23307.75,0
2026-09-17 12:03:00,23309.55,23309.55,23298.7,23298.9,0
2026-09-17 12:04:00,23301.1,23302.45,23296.8,23300.15,0
2026-09-17 12:05:00,23301.6,23302.3,23297.55,23300.5,0
2026-09-17 12:06:00,23302.8,23317.15,23301.2,23315.55,0
2026-09-17 12:07:00,23316.35,23339.5,23316.3,23334.65,0
2026-09-17 12:08:00,23334.3,23335.85,23330.2,23334.65,0
2026-09-17 12:09:00,23336.4,23339.05,23331.9,23333.7,0
2026-09-17 12:10:00,23334.45,23337.25,23331.2,23333.2,0
2026-09-17 12:11:00,23335.8,23339.95,23330.6,23336.15,0
2026-09-17 12:12:00,23337.85,23340.3,23335.8,23336.1,0
2026-09-17 12:13:00,23337.85,23342.85,23332.5,23342.1,0
2026-09-17 12:14:00,23342.65,23346.35,23335.95,23337.9,0
2026-09-17 12:15:00,23340.65,23344.35,23334.8,23336.85,0
2026-09-17 12:16:00,23337.55,23341.7,23335.65,23340.95,0
2026-09-17 12:17:00,23342.15,23347.3,23340.25,23346.8,0
2026-09-17 12:18:00,23347.7,23352.05,23345.7,23348.35,0
2026-09-17 12:19:00,23349.6,23350.3,23345.6,23346.2,0
2026-09-17 12:20:00,23348.45,23348.6,23344.8,23345.65,0
2026-09-17 12:21:00,23347.5,23348.6,23344.75,23346.9,0
2026-09-17 12:22:00,23348.9,23355.55,23346.55,23354.95,0
2026-09-17 12:23:00,23356.15,23363.55,23355.55,23360.1,0
2026-09-17 12:24:00,23362.45,23362.45,23352.85,23354.25,0
2026-09-17 12:25:00,23355.55,23355.8,23348.5,23348.6,0
2026-09-17 12:26:00,23351.1,23351.75,23344.3,23344.55,0
2026-09-17 12:27:00,23347.0,23347.65,23341.95,23342.4,0
2026-09-17 12:28:00,23345.35,23347.55,23342.15,23345.65,0
2026-09-17 12:29:00,23347.5,23348.85,23343.45,23346.75,0
2026-09-17 12:30:00,23347.85,23348.2,23343.25,23343.9,0
2026-09-17 12:31:00,23345.55,23345.55,23338.35,23341.2,0
2026-09-17 12:32:00,23342.75,23346.65,23340.75,23343.3,0
2026-09-17 12:33:00,23345.1,23350.25,23342.5,23348.35,0
2026-09-17 12:34:00,23349.95,23349.95,23344.45,23345.2,0
2026-09-17 12:35:00,23348.8,23352.25,23345.7,23349.3,0
2026-09-17 12:36:00,23351.15,23354.45,23349.5,23352.9,0
2026-09-17 12:37:00,23355.25,23359.75,23353.1,23357.15,0
2026-09-17 12:38:00,23360.25,23361.4,23357.2,23358.2,0
2026-09-17 12:39:00,23360.15,23360.15,23354.95,23357.1,0
2026-09-17 12:40:00,23359.1,23361.4,23355.6,23356.75,0
2026-09-17 12:41:00,23359.35,23360.95,23355.65,23357.3,0
2026-09-17 12:42:00,23358.8,23360.1,23355.7,23357.9,0
2026-09-17 12:43:00,23359.6,23359.6,23353.45,23353.9,0
2026-09-17 12:44:00,23356.05,23356.05,23345.25,23346.85,0
2026-09-17 12:45:00,23348.6,23349.8,23345.6,23346.85,0
2026-09-17 12:46:00,23348.95,23350.3,23344.6,23344.9,0
2026-09-17 12:47:00,23347.45,23347.45,23341.5,23342.45,0
2026-09-17 12:48:00,23344.15,23344.15,23337.4,23338.65,0
2026-09-17 12:49:00,23339.9,23339.9,23335.3,23336.3,0
2026-09-17 12:50:00,23338.0,23338.3,23333.95,23337.3,0
2026-09-17 12:51:00,23340.05,23343.35,23336.7,23338.0,0
2026-09-17 12:52:00,23339.9,23344.0,23337.6,23340.1,0
2026-09-17 12:53:00,23341.5,23346.9,23339.55,23345.1,0
2026-09-17 12:54:00,23346.15,23349.4,23342.35,23342.45,0
2026-09-17 12:55:00,23345.3,23345.3,23339.0,23340.9,0
2026-09-17 12:56:00,23341.8,23343.6,23337.7,23338.25,0
2026-09-17 12:57:00,23339.25,23339.25,23335.6,23338.7,0
2026-09-17 12:58:00,23340.3,23343.55,23338.85,23339.4,0
2026-09-17 12:59:00,23340.65,23341.45,23338.2,23340.65,0
2026-09-17 13:00:00,23342.3,23345.2,23339.55,23344.1,0
2026-09-17 13:01:00,23345.7,23346.3,23336.85,23337.35,0
2026-09-17 13:02:00,23338.75,23338.75,23333.05,23338.4,0
2026-09-17 13:03:00,23339.45,23340.15,23333.65,23333.65,0
2026-09-17 13:04:00,23335.85,23335.85,23326.3,23326.9,0
2026-09-17 13:05:00,23328.45,23331.05,23327.4,23329.4,0
2026-09-17 13:06:00,23331.4,23331.4,23324.55,23324.8,0
2026-09-17 13:07:00,23327.15,23327.15,23320.2,23321.05,0
2026-09-17 13:08:00,23323.1,23325.1,23319.95,23323.55,0
2026-09-17 13:09:00,23324.85,23328.3,23322.5,23326.65,0
2026-09-17 13:10:00,23328.3,23328.3,23323.7,23324.3,0
2026-09-17 13:11:00,23326.2,23328.6,23323.7,23326.3,0
2026-09-17 13:12:00,23327.95,23329.8,23325.5,23327.95,0
2026-09-17 13:13:00,23329.3,23329.3,23322.4,23324.25,0
2026-09-17 13:14:00,23326.3,23326.3,23320.7,23321.65,0
2026-09-17 13:15:00,23322.5,23322.75,23317.0,23318.0,0
2026-09-17 13:16:00,23319.75,23325.0,23317.45,23322.7,0
2026-09-17 13:17:00,23325.15,23325.25,23316.2,23317.9,0
2026-09-17 13:18:00,23320.25,23320.6,23317.0,23320.0,0
2026-09-17 13:19:00,23322.75,23322.75,23316.95,23319.3,0
2026-09-17 13:20:00,23320.5,23322.4,23316.35,23320.3,0
2026-09-17 13:21:00,23322.1,23324.85,23321.0,23322.4,0
2026-09-17 13:22:00,23324.05,23324.05,23314.15,23314.55,0
2026-09-17 13:23:00,23316.3,23316.75,23313.65,23314.95,0
2026-09-17 13:24:00,23316.7,23316.7,23308.35,23309.4,0
2026-09-17 13:25:00,23312.35,23312.35,23296.75,23297.75,0
2026-09-17 13:26:00,23300.0,23300.0,23289.6,23290.5,0
2026-09-17 13:27:00,23291.8,23292.55,23273.5,23274.1,0
2026-09-17 13:28:00,23276.0,23278.7,23263.2,23268.55,0
2026-09-17 13:29:00,23270.2,23270.75,23263.3,23263.3,0
2026-09-17 13:30:00,23266.0,23266.0,23252.25,23257.75,0
2026-09-17 13:31:00,23259.65,23266.6,23257.25,23259.55,0
2026-09-17 13:32:00,23261.75,23270.15,23258.65,23264.85,0
2026-09-17 13:33:00,23266.35,23266.35,23253.95,23255.85,0
2026-09-17 13:34:00,23258.25,23261.7,23255.65,23257.8,0
2026-09-17 13:35:00,23260.45,23260.45,23244.35,23251.95,0
2026-09-17 13:36:00,23253.55,23253.55,23244.05,23247.2,0
2026-09-17 13:37:00,23249.0,23257.35,23245.5,23255.2,0
2026-09-17 13:38:00,23256.7,23258.3,23251.6,23257.15,0
2026-09-17 13:39:00,23258.45,23262.05,23257.05,23258.55,0
2026-09-17 13:40:00,23260.6,23269.5,23259.1,23268.15,0
2026-09-17 13:41:00,23270.05,23278.1,23266.25,23275.35,0
2026-09-17 13:42:00,23276.5,23277.15,23266.9,23267.5,0
2026-09-17 13:43:00,23269.7,23271.55,23265.55,23269.15,0
2026-09-17 13:44:00,23271.1,23271.1,23262.65,23263.85,0
2026-09-17 13:45:00,23265.95,23268.4,23261.8,23267.7,0
2026-09-17 13:46:00,23269.55,23273.85,23267.55,23269.4,0
2026-09-17 13:47:00,23272.25,23277.1,23270.0,23274.1,0
2026-09-17 13:48:00,23275.35,23275.75,23263.7,23266.0,0
2026-09-17 13:49:00,23268.8,23272.55,23265.95,23268.15,0
2026-09-17 13:50:00,23270.35,23270.35,23266.95,23269.75,0
2026-09-17 13:51:00,23270.75,23272.85,23268.15,23270.9,0
2026-09-17 13:52:00,23272.8,23277.15,23270.85,23271.55,0
2026-09-17 13:53:00,23272.85,23272.85,23262.4,23263.65,0
2026-09-17 13:54:00,23266.15,23268.25,23261.0,23267.0,0
2026-09-17 13:55:00,23269.25,23269.9,23262.35,23268.05,0
2026-09-17 13:56:00,23271.6,23271.6,23263.7,23264.9,0
2026-09-17 13:57:00,23269.75,23271.0,23265.9,23269.05,0
2026-09-17 13:58:00,23271.95,23273.2,23268.6,23269.4,0
2026-09-17 13:59:00,23271.7,23271.7,23263.05,23263.7,0
2026-09-17 14:00:00,23265.4,23267.45,23262.95,23264.25,0
2026-09-17 14:01:00,23266.3,23271.0,23263.7,23269.35,0
2026-09-17 14:02:00,23271.55,23271.55,23262.2,23263.75,0
2026-09-17 14:03:00,23265.45,23266.8,23262.1,23265.4,0
2026-09-17 14:04:00,23267.9,23272.6,23264.75,23269.85,0
2026-09-17 14:05:00,23271.3,23271.5,23268.8,23269.95,0
2026-09-17 14:06:00,23272.0,23275.4,23267.5,23271.3,0
2026-09-17 14:07:00,23272.6,23284.5,23271.7,23281.25,0
2026-09-17 14:08:00,23283.9,23286.25,23277.8,23277.95,0
2026-09-17 14:09:00,23280.2,23282.25,23277.55,23280.85,0
2026-09-17 14:10:00,23283.25,23287.15,23280.7,23284.4,0
2026-09-17 14:11:00,23285.5,23286.1,23275.35,23275.75,0
2026-09-17 14:12:00,23277.75,23278.55,23273.8,23277.2,0
2026-09-17 14:13:00,23279.55,23281.5,23275.5,23278.35,0
2026-09-17 14:14:00,23279.95,23281.45,23277.65,23277.7,0
2026-09-17 14:15:00,23279.55,23280.7,23275.8,23275.95,0
2026-09-17 14:16:00,23277.9,23277.9,23270.8,23271.2,0
2026-09-17 14:17:00,23273.05,23274.95,23269.45,23273.15,0
2026-09-17 14:18:00,23276.15,23285.05,23273.6,23283.85,0
2026-09-17 14:19:00,23285.3,23290.45,23280.35,23280.35,0
2026-09-17 14:20:00,23282.75,23284.4,23280.6,23281.8,0
2026-09-17 14:21:00,23284.25,23289.35,23281.55,23288.0,0
2026-09-17 14:22:00,23289.6,23291.75,23285.15,23287.0,0
2026-09-17 14:23:00,23288.95,23290.3,23286.75,23287.6,0
2026-09-17 14:24:00,23289.55,23290.25,23285.4,23285.5,0
2026-09-17 14:25:00,23287.5,23287.5,23276.95,23277.55,0
2026-09-17 14:26:00,23279.45,23279.45,23273.45,23274.9,0
2026-09-17 14:27:00,23276.75,23278.75,23271.85,23275.3,0
2026-09-17 14:28:00,23276.65,23276.65,23269.45,23271.3,0
2026-09-17 14:29:00,23273.2,23283.6,23270.9,23282.55,0
2026-09-17 14:30:00,23283.75,23285.9,23276.15,23282.75,0
2026-09-17 14:31:00,23285.1,23287.45,23281.15,23282.8,0
2026-09-17 14:32:00,23284.95,23284.95,23279.9,23281.35,0
2026-09-17 14:33:00,23283.4,23283.4,23276.4,23280.5,0
2026-09-17 14:34:00,23282.75,23282.75,23273.4,23276.15,0
2026-09-17 14:35:00,23278.1,23288.7,23273.65,23288.25,0
2026-09-17 14:36:00,23290.2,23293.65,23284.95,23285.95,0
2026-09-17 14:37:00,23288.35,23309.95,23286.55,23306.45,0
2026-09-17 14:38:00,23307.25,23307.25,23295.95,23300.7,0
2026-09-17 14:39:00,23301.1,23309.4,23300.15,23305.05,0
2026-09-17 14:40:00,23305.7,23306.3,23292.8,23299.2,0
2026-09-17 14:41:00,23300.35,23304.7,23296.0,23296.0,0
2026-09-17 14:42:00,23297.1,23298.25,23286.15,23288.7,0
2026-09-17 14:43:00,23290.25,23295.3,23288.8,23294.15,0
2026-09-17 14:44:00,23292.7,23293.25,23282.65,23286.8,0
2026-09-17 14:45:00,23286.75,23298.45,23286.75,23296.15,0
2026-09-17 14:46:00,23296.95,23299.6,23293.3,23298.85,0
2026-09-17 14:47:00,23299.95,23303.1,23294.7,23297.75,0
2026-09-17 14:48:00,23297.95,23309.3,23297.35,23306.35,0
2026-09-17 14:49:00,23307.0,23311.65,23300.9,23302.15,0
2026-09-17 14:50:00,23302.25,23306.05,23297.5,23301.7,0
2026-09-17 14:51:00,23302.5,23305.5,23299.2,23301.25,0
2026-09-17 14:52:00,23300.65,23306.15,23299.8,23301.6,0
2026-09-17 14:53:00,23302.65,23303.3,23298.05,23298.95,0
2026-09-17 14:54:00,23299.7,23300.25,23295.15,23297.45,0
2026-09-17 14:55:00,23297.25,23298.8,23292.15,23293.2,0
2026-09-17 14:56:00,23294.0,23296.45,23287.25,23287.65,0
2026-09-17 14:57:00,23288.8,23289.5,23283.75,23286.25,0
2026-09-17 14:58:00,23286.85,23289.1,23283.45,23286.35,0
2026-09-17 14:59:00,23286.6,23287.6,23283.85,23285.0,0
2026-09-17 15:00:00,23284.65,23289.7,23278.75,23286.95,0
2026-09-17 15:01:00,23286.5,23290.9,23286.35,23288.85,0
2026-09-17 15:02:00,23288.5,23290.85,23286.5,23288.6,0
2026-09-17 15:03:00,23287.8,23293.7,23285.8,23286.8,0
2026-09-17 15:04:00,23286.5,23290.5,23283.4,23284.4,0
2026-09-17 15:05:00,23285.25,23289.6,23284.8,23285.9,0
2026-09-17 15:06:00,23285.6,23287.85,23283.9,23286.6,0
2026-09-17 15:07:00,23285.6,23290.85,23283.65,23285.1,0
2026-09-17 15:08:00,23285.0,23286.65,23282.35,23284.15,0
2026-09-17 15:09:00,23284.25,23286.65,23280.9,23283.0,0
2026-09-17 15:10:00,23282.6,23286.9,23281.3,23282.85,0
2026-09-17 15:11:00,23282.05,23284.0,23278.95,23281.1,0
2026-09-17 15:12:00,23281.55,23288.2,23279.7,23280.7,0
2026-09-17 15:13:00,23282.75,23292.45,23280.95,23290.0,0
2026-09-17 15:14:00,23289.05,23298.15,23285.4,23294.5,0
2026-09-17 15:28:00,23270.6,23270.6,23270.6,23270.6,0
2026-09-18 09:15:00,23334.7,23360.55,23324.5,23335.25,0
2026-09-18 09:16:00,23334.4,23345.15,23323.8,23344.35,0
2026-09-18 09:17:00,23343.45,23349.8,23339.05,23343.5,0
2026-09-18 09:18:00,23343.05,23348.2,23319.3,23321.1,0
2026-09-18 09:19:00,23320.2,23325.65,23315.4,23323.45,0
2026-09-18 09:20:00,23323.8,23325.15,23305.05,23311.15,0
2026-09-18 09:21:00,23310.65,23312.75,23306.95,23310.85,0
2026-09-18 09:22:00,23309.9,23322.0,23309.1,23314.25,0
2026-09-18 09:23:00,23314.15,23329.1,23312.85,23327.45,0
2026-09-18 09:24:00,23326.8,23332.65,23324.35,23328.25,0
2026-09-18 09:25:00,23328.0,23328.0,23316.55,23316.85,0
2026-09-18 09:26:00,23317.0,23319.45,23309.05,23311.05,0
2026-09-18 09:27:00,23310.95,23310.95,23297.45,23298.0,0
2026-09-18 09:28:00,23297.65,23298.15,23291.8,23295.85,0
2026-09-18 09:29:00,23295.65,23305.05,23293.5,23300.95,0
2026-09-18 09:30:00,23300.75,23305.95,23291.95,23298.0,0
2026-09-18 09:31:00,23295.8,23303.65,23292.2,23297.1,0
2026-09-18 09:32:00,23296.8,23299.85,23290.85,23297.7,0
2026-09-18 09:33:00,23296.8,23299.3,23288.25,23292.9,0
2026-09-18 09:34:00,23292.6,23298.55,23288.7,23289.55,0
2026-09-18 09:35:00,23289.5,23296.9,23286.6,23295.35,0
2026-09-18 09:36:00,23294.75,23318.95,23294.75,23315.75,0
2026-09-18 09:37:00,23315.35,23315.65,23304.45,23308.85,0
2026-09-18 09:38:00,23308.25,23313.95,23308.25,23309.15,0
2026-09-18 09:39:00,23309.35,23320.75,23307.2,23317.9,0
2026-09-18 09:40:00,23317.0,23321.6,23313.4,23319.45,0
2026-09-18 09:41:00,23318.25,23319.6,23313.3,23317.25,0
2026-09-18 09:42:00,23316.65,23325.1,23315.75,23320.8,0
2026-09-18 09:43:00,23320.3,23320.75,23306.8,23307.9,0
2026-09-18 09:44:00,23307.75,23312.85,23302.05,23312.85,0
2026-09-18 09:45:00,23312.2,23315.2,23306.75,23308.15,0
2026-09-18 09:46:00,23307.8,23312.0,23305.0,23310.7,0
2026-09-18 09:47:00,23309.9,23313.8,23308.2,23313.7,0
2026-09-18 09:48:00,23313.35,23321.45,23313.2,23320.65,0
2026-09-18 09:49:00,23319.95,23323.5,23310.65,23312.3,0
2026-09-18 09:50:00,23311.75,23315.75,23308.45,23310.45,0
2026-09-18 09:51:00,23310.0,23315.05,23307.25,23313.1,0
2026-09-18 09:52:00,23312.45,23318.6,23311.0,23318.05,0
2026-09-18 09:53:00,23317.75,23323.65,23317.65,23322.0,0
2026-09-18 09:54:00,23321.8,23326.35,23321.55,23325.9,0
2026-09-18 09:55:00,23325.6,23332.8,23323.3,23324.95,0
2026-09-18 09:56:00,23324.5,23327.65,23318.8,23326.75,0
2026-09-18 09:57:00,23326.35,23338.4,23325.55,23329.05,0
2026-09-18 09:58:00,23328.7,23333.05,23326.5,23327.7,0
2026-09-18 09:59:00,23326.75,23332.85,23325.05,23328.75,0
2026-09-18 10:00:00,23328.35,23332.0,23325.0,23330.35,0
2026-09-18 10:01:00,23329.9,23332.95,23328.5,23328.95,0
2026-09-18 10:02:00,23328.45,23330.15,23324.95,23326.75,0
2026-09-18 10:03:00,23327.1,23327.25,23319.95,23320.0,0
2026-09-18 10:04:00,23319.8,23323.7,23318.05,23320.6,0
2026-09-18 10:05:00,23320.0,23329.05,23318.95,23326.45,0
2026-09-18 10:06:00,23326.25,23327.3,23312.65,23314.15,0
2026-09-18 10:07:00,23314.0,23319.65,23309.0,23318.6,0
2026-09-18 10:08:00,23318.55,23327.4,23317.45,23327.05,0
2026-09-18 10:09:00,23326.6,23332.35,23320.2,23325.05,0
2026-09-18 10:10:00,23324.25,23331.55,23324.2,23327.95,0
2026-09-18 10:11:00,23327.0,23329.8,23326.6,23328.5,0
2026-09-18 10:12:00,23327.9,23331.4,23325.15,23325.65,0
2026-09-18 10:13:00,23325.9,23330.95,23325.5,23329.4,0
2026-09-18 10:14:00,23328.65,23331.35,23326.25,23327.6,0
2026-09-18 10:15:00,23327.05,23332.0,23326.05,23327.0,0
2026-09-18 10:16:00,23326.55,23327.55,23322.5,23323.25,0
2026-09-18 10:17:00,23323.0,23328.0,23322.65,23325.6,0
2026-09-18 10:18:00,23324.8,23327.7,23322.55,23323.4,0
2026-09-18 10:19:00,23323.05,23324.85,23318.35,23319.55,0
2026-09-18 10:20:00,23319.1,23322.45,23317.1,23322.45,0
2026-09-18 10:21:00,23322.05,23325.85,23320.4,23322.05,0
2026-09-18 10:22:00,23322.0,23323.2,23316.25,23319.35,0
2026-09-18 10:23:00,23319.15,23320.2,23315.0,23315.35,0
2026-09-18 10:24:00,23315.2,23315.75,23304.3,23306.7,0
2026-09-18 10:25:00,23306.4,23312.9,23305.45,23308.25,0
2026-09-18 10:26:00,23308.05,23310.1,23303.65,23304.2,0
2026-09-18 10:27:00,23303.75,23306.8,23299.75,23304.8,0
2026-09-18 10:28:00,23304.4,23313.65,23304.1,23312.1,0
2026-09-18 10:29:00,23311.55,23314.2,23309.15,23312.55,0
2026-09-18 10:30:00,23312.25,23316.9,23312.05,23314.95,0
2026-09-18 10:31:00,23314.75,23317.3,23307.9,23308.6,0
2026-09-18 10:32:00,23308.75,23309.2,23300.15,23302.2,0
2026-09-18 10:33:00,23301.75,23305.1,23299.95,23300.0,0
2026-09-18 10:34:00,23299.55,23305.3,23299.15,23304.2,0
2026-09-18 10:35:00,23303.8,23307.3,23300.5,23302.85,0
2026-09-18 10:36:00,23303.2,23305.2,23300.85,23301.15,0
2026-09-18 10:37:00,23301.0,23306.65,23299.7,23306.0,0
2026-09-18 10:38:00,23306.45,23310.75,23304.35,23304.35,0
2026-09-18 10:39:00,23304.4,23310.15,23302.9,23302.9,0
2026-09-18 10:40:00,23302.5,23303.55,23294.0,23295.95,0
2026-09-18 10:41:00,23295.1,23299.75,23294.7,23298.5,0
2026-09-18 10:42:00,23297.95,23308.65,23297.95,23302.0,0
2026-09-18 10:43:00,23301.85,23306.95,23301.85,23305.4,0
2026-09-18 10:44:00,23304.95,23306.45,23300.95,23305.0,0
2026-09-18 10:45:00,23304.85,23306.5,23302.9,23306.35,0
2026-09-18 10:46:00,23305.85,23307.75,23303.85,23305.1,0
2026-09-18 10:47:00,23304.45,23305.5,23299.8,23302.45,0
2026-09-18 10:48:00,23302.2,23306.0,23301.45,23302.05,0
2026-09-18 10:49:00,23302.35,23303.4,23297.7,23302.25,0
2026-09-18 10:50:00,23301.2,23305.5,23300.9,23303.55,0
2026-09-18 10:51:00,23303.25,23311.3,23303.1,23310.25,0
2026-09-18 10:52:00,23309.8,23316.2,23308.85,23309.7,0
2026-09-18 10:53:00,23308.7,23310.65,23306.65,23308.6,0
2026-09-18 10:54:00,23308.5,23310.8,23307.9,23309.2,0
2026-09-18 10:55:00,23308.95,23314.6,23307.9,23312.45,0
2026-09-18 10:56:00,23311.75,23312.5,23308.3,23310.25,0
2026-09-18 10:57:00,23309.7,23313.85,23309.4,23311.65,0
2026-09-18 10:58:00,23310.95,23312.5,23305.25,23305.65,0
2026-09-18 10:59:00,23305.5,23312.45,23304.9,23309.15,0
2026-09-18 11:00:00,23309.0,23312.85,23308.65,23312.3,0
2026-09-18 11:01:00,23312.45,23313.3,23302.1,23303.1,0
2026-09-18 11:02:00,23302.9,23309.95,23300.45,23307.15,0
2026-09-18 11:03:00,23306.8,23309.4,23304.6,23305.6,0
2026-09-18 11:04:00,23305.85,23308.7,23299.65,23299.75,0
2026-09-18 11:05:00,23299.55,23300.45,23289.75,23292.55,0
2026-09-18 11:06:00,23292.35,23297.9,23291.65,23297.55,0
2026-09-18 11:07:00,23297.25,23302.15,23297.25,23299.65,0
2026-09-18 11:08:00,23299.55,23302.95,23299.5,23300.9,0
2026-09-18 11:09:00,23300.15,23304.9,23300.05,23302.6,0
2026-09-18 11:10:00,23302.45,23304.75,23299.9,23302.15,0
2026-09-18 11:11:00,23301.8,23309.65,23301.8,23306.8,0
2026-09-18 11:12:00,23306.3,23309.0,23300.1,23300.9,0
2026-09-18 11:13:00,23300.8,23303.4,23298.7,23301.95,0
2026-09-18 11:14:00,23301.8,23305.75,23301.75,23304.35,0
2026-09-18 11:15:00,23303.65,23306.6,23302.3,23302.35,0
2026-09-18 11:16:00,23302.25,23305.45,23300.95,23301.7,0
2026-09-18 11:17:00,23301.35,23302.15,23296.45,23296.9,0
2026-09-18 11:18:00,23296.75,23298.25,23292.55,23293.3,0
2026-09-18 11:19:00,23293.2,23297.0,23292.85,23295.6,0
2026-09-18 11:20:00,23295.1,23301.75,23295.05,23300.2,0
2026-09-18 11:21:00,23300.05,23303.4,23299.1,23300.0,0
2026-09-18 11:22:00,23298.65,23304.55,23298.65,23302.2,0
2026-09-18 11:23:00,23301.6,23305.0,23301.15,23302.5,0
2026-09-18 11:24:00,23302.15,23303.65,23300.0,23301.7,0
2026-09-18 11:25:00,23301.2,23301.9,23295.8,23296.7,0
2026-09-18 11:26:00,23296.1,23297.8,23294.3,23294.95,0
2026-09-18 11:27:00,23294.6,23299.45,23294.6,23298.5,0
2026-09-18 11:28:00,23298.15,23298.55,23294.15,23295.95,0
2026-09-18 11:29:00,23295.4,23297.75,23291.55,23294.75,0
2026-09-18 11:30:00,23294.5,23306.8,23293.35,23303.8,0
2026-09-18 11:31:00,23303.5,23303.7,23293.95,23295.95,0
2026-09-18 11:32:00,23295.55,23301.35,23295.55,23299.05,0
2026-09-18 11:33:00,23299.15,23301.15,23291.7,23294.5,0
2026-09-18 11:34:00,23294.3,23300.7,23293.25,23299.45,0
2026-09-18 11:35:00,23299.0,23301.6,23296.8,23298.65,0
2026-09-18 11:36:00,23298.35,23303.1,23297.95,23301.85,0
2026-09-18 11:37:00,23301.4,23304.15,23300.4,23300.95,0
2026-09-18 11:38:00,23300.45,23303.4,23297.65,23299.9,0
2026-09-18 11:39:00,23300.05,23303.1,23298.05,23301.6,0
2026-09-18 11:40:00,23301.2,23301.95,23296.35,23300.25,0
2026-09-18 11:41:00,23300.55,23303.7,23298.85,23302.15,0
2026-09-18 11:42:00,23301.95,23304.5,23300.9,23302.3,0
2026-09-18 11:43:00,23302.1,23303.45,23297.35,23299.35,0
2026-09-18 11:44:00,23298.65,23301.15,23297.5,23298.55,0
2026-09-18 11:45:00,23298.2,23307.6,23298.2,23307.6,0
2026-09-18 11:46:00,23305.35,23312.5,23304.85,23308.25,0
2026-09-18 11:47:00,23308.3,23310.05,23303.1,23306.15,0
2026-09-18 11:48:00,23305.7,23308.35,23304.1,23306.25,0
2026-09-18 11:49:00,23305.7,23313.15,23305.2,23310.6,0
2026-09-18 11:50:00,23310.35,23313.65,23309.5,23312.0,0
2026-09-18 11:51:00,23311.5,23312.85,23306.5,23311.85,0
2026-09-18 11:52:00,23311.5,23321.15,23311.45,23319.25,0
2026-09-18 11:53:00,23319.0,23324.9,23317.3,23322.1,0
2026-09-18 11:54:00,23321.8,23325.4,23320.15,23321.3,0
2026-09-18 11:55:00,23320.9,23323.25,23316.75,23318.0,0
2026-09-18 11:56:00,23317.25,23320.05,23315.8,23317.9,0
2026-09-18 11:57:00,23317.25,23327.45,23317.0,23325.6,0
2026-09-18 11:58:00,23325.5,23332.75,23321.25,23323.75,0
2026-09-18 11:59:00,23323.35,23324.75,23317.0,23317.5,0
2026-09-18 12:00:00,23317.7,23332.3,23316.7,23327.8,0
2026-09-18 12:01:00,23327.35,23330.85,23324.35,23324.5,0
2026-09-18 12:02:00,23323.95,23328.35,23322.8,23325.25,0
2026-09-18 12:03:00,23324.65,23326.15,23320.45,23321.8,0
2026-09-18 12:04:00,23322.15,23323.0,23312.3,23313.85,0
2026-09-18 12:05:00,23313.75,23315.55,23310.35,23311.5,0
2026-09-18 12:06:00,23311.1,23317.25,23307.45,23314.7,0
2026-09-18 12:07:00,23314.3,23318.65,23313.3,23315.65,0
2026-09-18 12:08:00,23315.1,23317.75,23309.9,23311.35,0
2026-09-18 12:09:00,23309.95,23314.25,23307.45,23311.45,0
2026-09-18 12:10:00,23311.35,23317.15,23311.3,23313.9,0
2026-09-18 12:11:00,23313.3,23318.7,23312.3,23317.9,0
2026-09-18 12:12:00,23317.6,23323.1,23316.4,23319.65,0
2026-09-18 12:13:00,23319.45,23323.55,23318.05,23322.8,0
2026-09-18 12:14:00,23322.3,23323.1,23319.15,23320.9,0
2026-09-18 12:15:00,23320.65,23321.4,23317.45,23318.6,0
2026-09-18 12:16:00,23317.8,23322.45,23317.7,23319.45,0
2026-09-18 12:17:00,23319.15,23320.9,23316.1,23316.65,0
2026-09-18 12:18:00,23316.25,23317.7,23313.7,23315.3,0
2026-09-18 12:19:00,23314.95,23316.65,23309.7,23311.35,0
2026-09-18 12:20:00,23310.9,23311.3,23305.95,23310.9,0
2026-09-18 12:21:00,23310.15,23313.75,23308.65,23312.2,0
2026-09-18 12:22:00,23311.9,23313.75,23309.15,23310.25,0
2026-09-18 12:23:00,23309.8,23316.15,23309.8,23313.55,0
2026-09-18 12:24:00,23313.4,23320.8,23313.05,23316.05,0
2026-09-18 12:25:00,23316.1,23318.35,23312.8,23313.6,0
2026-09-18 12:26:00,23313.05,23317.65,23311.5,23311.8,0
2026-09-18 12:27:00,23311.85,23316.45,23310.2,23314.75,0
2026-09-18 12:28:00,23314.5,23323.65,23313.8,23318.95,0
2026-09-18 12:29:00,23318.85,23323.55,23317.5,23322.2,0
2026-09-18 12:30:00,23322.05,23327.95,23321.05,23325.15,0
2026-09-18 12:31:00,23324.75,23328.65,23324.5,23325.5,0
2026-09-18 12:32:00,23325.1,23327.5,23324.25,23324.55,0
2026-09-18 12:33:00,23323.9,23327.3,23322.45,23323.3,0
2026-09-18 12:34:00,23322.8,23325.1,23321.85,23323.55,0
2026-09-18 12:35:00,23323.0,23327.6,23322.65,23325.95,0
2026-09-18 12:36:00,23325.65,23332.7,23325.6,23331.15,0
2026-09-18 12:37:00,23330.1,23334.25,23329.9,23332.5,0
2026-09-18 12:38:00,23332.2,23335.55,23327.45,23328.0,0
2026-09-18 12:39:00,23327.45,23330.05,23322.45,23325.95,0
2026-09-18 12:40:00,23325.4,23328.7,23324.5,23326.8,0
2026-09-18 12:41:00,23326.55,23330.45,23325.25,23328.05,0
2026-09-18 12:42:00,23328.15,23333.05,23327.85,23331.7,0
2026-09-18 12:43:00,23331.5,23336.65,23330.35,23334.15,0
2026-09-18 12:44:00,23333.95,23339.5,23330.55,23331.05,0
2026-09-18 12:45:00,23330.45,23332.05,23326.55,23331.1,0
2026-09-18 12:46:00,23330.2,23332.1,23328.35,23330.35,0
2026-09-18 12:47:00,23330.3,23333.7,23328.9,23330.4,0
2026-09-18 12:48:00,23329.6,23332.3,23326.15,23326.15,0
2026-09-18 12:49:00,23325.9,23328.4,23323.95,23325.6,0
2026-09-18 12:50:00,23325.15,23329.3,23325.15,23326.2,0
2026-09-18 12:51:00,23325.55,23328.8,23323.6,23324.45,0
2026-09-18 12:52:00,23324.15,23327.1,23323.45,23326.45,0
2026-09-18 12:53:00,23325.8,23330.15,23325.25,23326.45,0
2026-09-18 12:54:00,23325.7,23330.95,23325.5,23330.0,0
2026-09-18 12:55:00,23329.5,23331.1,23326.55,23327.85,0
2026-09-18 12:56:00,23327.3,23332.35,23327.05,23328.8,0
2026-09-18 12:57:00,23328.35,23329.2,23323.75,23325.6,0
2026-09-18 12:58:00,23325.45,23329.2,23322.75,23322.75,0
2026-09-18 12:59:00,23323.15,23331.8,23321.8,23329.6,0
2026-09-18 13:00:00,23329.3,23332.9,23328.9,23330.55,0
2026-09-18 13:01:00,23330.4,23335.45,23330.0,23334.2,0
2026-09-18 13:02:00,23333.45,23338.9,23332.1,23337.65,0
2026-09-18 13:03:00,23337.1,23338.7,23334.0,23335.85,0
2026-09-18 13:04:00,23335.8,23342.55,23335.75,23337.4,0
2026-09-18 13:05:00,23337.15,23339.4,23331.85,23333.5,0
2026-09-18 13:06:00,23333.45,23338.8,23332.05,23334.9,0
2026-09-18 13:07:00,23334.45,23337.4,23332.35,23336.25,0
2026-09-18 13:08:00,23335.4,23339.5,23333.25,23336.4,0
2026-09-18 13:09:00,23336.1,23337.65,23332.75,23333.55,0
2026-09-18 13:10:00,23333.5,23334.8,23331.0,23333.05,0
2026-09-18 13:11:00,23332.2,23334.95,23327.3,23328.2,0
2026-09-18 13:12:00,23328.0,23334.85,23327.3,23331.8,0
2026-09-18 13:13:00,23331.5,23335.25,23329.15,23329.45,0
2026-09-18 13:14:00,23329.55,23333.0,23327.65,23330.05,0
2026-09-18 13:15:00,23330.25,23331.95,23324.2,23325.25,0
2026-09-18 13:16:00,23324.25,23327.2,23323.4,23325.15,0
2026-09-18 13:17:00,23324.95,23330.4,23324.8,23326.6,0
2026-09-18 13:18:00,23326.45,23327.95,23321.9,23323.35,0
2026-09-18 13:19:00,23323.0,23325.85,23320.7,23323.6,0
2026-09-18 13:20:00,23323.45,23323.7,23319.65,23320.45,0
2026-09-18 13:21:00,23319.95,23324.7,23319.15,23323.75,0
2026-09-18 13:22:00,23323.2,23327.5,23322.35,23324.25,0
2026-09-18 13:23:00,23323.5,23328.15,23322.05,23323.7,0
2026-09-18 13:24:00,23323.3,23330.3,23321.3,23322.9,0
2026-09-18 13:25:00,23322.4,23325.6,23318.45,23322.2,0
2026-09-18 13:26:00,23321.8,23326.35,23321.55,23325.55,0
2026-09-18 13:27:00,23325.3,23327.45,23322.45,23323.5,0
2026-09-18 13:28:00,23323.35,23329.5,23320.3,23323.65,0
2026-09-18 13:29:00,23322.2,23325.75,23321.4,23323.7,0
2026-09-18 13:30:00,23323.6,23327.1,23323.15,23325.6,0
2026-09-18 13:31:00,23325.25,23326.8,23319.85,23324.6,0
2026-09-18 13:32:00,23324.05,23329.35,23323.4,23327.45,0
2026-09-18 13:33:00,23327.05,23330.2,23325.55,23329.3,0
2026-09-18 13:34:00,23328.95,23334.1,23326.3,23326.4,0
2026-09-18 13:35:00,23325.95,23328.3,23322.95,23323.7,0
2026-09-18 13:36:00,23323.65,23324.0,23319.1,23320.35,0
2026-09-18 13:37:00,23319.9,23326.95,23319.8,23326.35,0
2026-09-18 13:38:00,23326.1,23328.45,23324.15,23326.9,0
2026-09-18 13:39:00,23326.25,23329.6,23322.6,23322.8,0
2026-09-18 13:40:00,23322.15,23323.75,23318.1,23320.55,0
2026-09-18 13:41:00,23320.35,23322.0,23317.55,23318.55,0
2026-09-18 13:42:00,23317.9,23321.7,23315.4,23315.5,0
2026-09-18 13:43:00,23314.9,23317.35,23312.8,23313.5,0
2026-09-18 13:44:00,23313.35,23315.55,23309.4,23310.05,0
2026-09-18 13:45:00,23308.9,23310.3,23304.7,23309.1,0
2026-09-18 13:46:00,23309.15,23315.25,23309.15,23314.5,0
2026-09-18 13:47:00,23314.0,23322.4,23311.4,23318.6,0
2026-09-18 13:48:00,23317.65,23318.65,23311.55,23312.75,0
2026-09-18 13:49:00,23312.15,23315.2,23310.95,23313.75,0
2026-09-18 13:50:00,23313.5,23319.2,23312.9,23318.8,0
2026-09-18 13:51:00,23318.35,23330.5,23318.2,23327.05,0
2026-09-18 13:52:00,23327.2,23332.35,23327.15,23328.65,0
2026-09-18 13:53:00,23327.05,23330.05,23326.05,23328.85,0
2026-09-18 13:54:00,23329.2,23333.35,23328.05,23331.15,0
2026-09-18 13:55:00,23330.9,23335.3,23329.9,23332.05,0
2026-09-18 13:56:00,23331.1,23333.95,23328.45,23333.1,0
2026-09-18 13:57:00,23332.4,23335.1,23331.3,23333.75,0
2026-09-18 13:58:00,23332.8,23337.3,23332.35,23334.1,0
2026-09-18 13:59:00,23333.25,23334.7,23328.4,23329.5,0
2026-09-18 14:00:00,23328.65,23332.05,23328.0,23330.8,0
2026-09-18 14:01:00,23330.2,23332.65,23327.85,23330.0,0
2026-09-18 14:02:00,23329.25,23331.05,23327.25,23330.45,0
2026-09-18 14:03:00,23330.1,23334.6,23328.85,23333.25,0
2026-09-18 14:04:00,23332.4,23337.2,23330.6,23336.55,0
2026-09-18 14:05:00,23335.45,23343.5,23335.45,23342.9,0
2026-09-18 14:06:00,23341.6,23343.65,23336.7,23342.3,0
2026-09-18 14:07:00,23341.55,23347.0,23341.3,23345.7,0
2026-09-18 14:08:00,23345.2,23349.8,23344.05,23345.5,0
2026-09-18 14:09:00,23344.2,23357.95,23344.05,23355.8,0
2026-09-18 14:10:00,23354.9,23359.55,23354.7,23357.35,0
2026-09-18 14:11:00,23356.8,23359.5,23355.7,23357.75,0
2026-09-18 14:12:00,23356.25,23358.4,23353.45,23353.45,0
2026-09-18 14:13:00,23353.0,23354.45,23346.95,23347.55,0
2026-09-18 14:14:00,23347.0,23352.55,23347.0,23348.45,0
2026-09-18 14:15:00,23347.4,23354.15,23346.25,23350.3,0
2026-09-18 14:16:00,23350.65,23356.9,23349.55,23354.95,0
2026-09-18 14:17:00,23353.95,23357.1,23353.3,23354.95,0
2026-09-18 14:18:00,23354.15,23355.6,23350.0,23352.0,0
2026-09-18 14:19:00,23351.5,23356.05,23349.9,23352.9,0
2026-09-18 14:20:00,23351.7,23357.15,23351.7,23354.65,0
2026-09-18 14:21:00,23353.9,23358.8,23353.9,23356.4,0
2026-09-18 14:22:00,23355.8,23361.15,23355.75,23360.15,0
2026-09-18 14:23:00,23358.25,23362.0,23354.85,23356.55,0
2026-09-18 14:24:00,23355.35,23358.3,23352.7,23353.7,0
2026-09-18 14:25:00,23352.5,23356.25,23351.2,23352.65,0
2026-09-18 14:26:00,23352.6,23353.95,23350.9,23353.05,0
2026-09-18 14:27:00,23352.2,23360.4,23352.15,23359.45,0
2026-09-18 14:28:00,23358.65,23364.0,23357.55,23363.0,0
2026-09-18 14:29:00,23362.85,23366.4,23362.85,23365.95,0
2026-09-18 14:30:00,23364.65,23370.6,23364.65,23370.0,0
2026-09-18 14:31:00,23368.5,23371.15,23364.6,23366.4,0
2026-09-18 14:32:00,23365.35,23371.8,23365.35,23371.4,0
2026-09-18 14:33:00,23370.35,23376.25,23369.95,23370.3,0
2026-09-18 14:34:00,23369.1,23373.15,23368.4,23371.6,0
2026-09-18 14:35:00,23370.65,23371.95,23368.15,23370.65,0
2026-09-18 14:36:00,23370.4,23371.45,23368.3,23369.85,0
2026-09-18 14:37:00,23369.1,23370.8,23366.7,23368.75,0
2026-09-18 14:38:00,23367.85,23369.45,23365.8,23366.6,0
2026-09-18 14:39:00,23365.6,23369.55,23365.6,23366.5,0
2026-09-18 14:40:00,23365.35,23367.95,23363.15,23365.4,0
2026-09-18 14:41:00,23365.1,23368.7,23363.05,23363.6,0
2026-09-18 14:42:00,23362.5,23365.45,23361.85,23362.4,0
2026-09-18 14:43:00,23361.65,23362.85,23358.8,23359.15,0
2026-09-18 14:44:00,23358.5,23360.05,23353.65,23354.1,0
2026-09-18 14:45:00,23354.2,23361.3,23352.3,23361.1,0
2026-09-18 14:46:00,23359.6,23363.1,23359.1,23362.9,0
2026-09-18 14:47:00,23362.1,23365.55,23360.8,23365.35,0
2026-09-18 14:48:00,23364.95,23366.35,23361.65,23364.2,0
2026-09-18 14:49:00,23364.55,23368.55,23363.6,23367.5,0
2026-09-18 14:50:00,23367.45,23372.95,23366.8,23370.9,0
2026-09-18 14:51:00,23370.5,23377.1,23370.35,23373.0,0
2026-09-18 14:52:00,23372.45,23383.05,23372.4,23381.55,0
2026-09-18 14:53:00,23382.55,23385.85,23379.1,23381.2,0
2026-09-18 14:54:00,23381.3,23386.55,23381.25,23383.55,0
2026-09-18 14:55:00,23381.9,23386.65,23381.6,23383.4,0
2026-09-18 14:56:00,23383.75,23385.85,23382.6,23382.8,0
2026-09-18 14:57:00,23381.8,23382.9,23378.95,23380.4,0
2026-09-18 14:58:00,23379.7,23389.15,23379.0,23386.85,0
2026-09-18 14:59:00,23385.55,23388.3,23383.05,23384.15,0
2026-09-18 15:00:00,23383.8,23383.8,23368.0,23368.0,0
2026-09-18 15:01:00,23367.05,23368.55,23360.6,23363.5,0
2026-09-18 15:02:00,23362.95,23363.55,23355.25,23356.6,0
2026-09-18 15:03:00,23356.25,23363.9,23356.25,23358.35,0
2026-09-18 15:04:00,23356.4,23359.35,23351.7,23352.05,0
2026-09-18 15:05:00,23351.65,23354.05,23349.65,23354.05,0
2026-09-18 15:06:00,23352.7,23358.4,23352.1,23353.75,0
2026-09-18 15:07:00,23352.65,23353.95,23346.3,23348.3,0
2026-09-18 15:08:00,23347.65,23348.6,23341.2,23342.85,0
2026-09-18 15:09:00,23342.5,23345.75,23340.0,23343.75,0
2026-09-18 15:10:00,23343.4,23344.65,23339.65,23340.5,0
2026-09-18 15:11:00,23339.2,23344.85,23339.2,23344.0,0
2026-09-18 15:12:00,23343.75,23344.15,23333.45,23337.6,0
2026-09-18 15:13:00,23336.9,23347.25,23335.3,23343.35,0
2026-09-18 15:14:00,23345.05,23346.85,23332.4,23341.85,0
2026-09-18 15:20:00,23186.65,23290.5,23186.65,23289.8,0
2026-09-18 15:21:00,23289.8,23325.35,23289.8,23323.95,0
2026-09-18 15:22:00,23323.95,23325.9,23311.7,23311.85,0
2026-09-18 15:23:00,23311.85,23313.7,23302.9,23313.1,0
2026-09-18 15:24:00,23313.1,23321.1,23308.85,23321.1,0
2026-09-18 15:25:00,23321.1,23329.5,23314.0,23328.4,0
2026-09-18 15:26:00,23328.4,23337.45,23326.9,23333.4,0
2026-09-18 15:27:00,23333.4,23346.2,23332.55,23343.9,0
2026-09-18 15:28:00,23346.4,23346.4,23346.4,23346.4,0
2026-09-21 09:15:00,23330.2,23376.2,23314.8,23345.0,0
2026-09-21 09:16:00,23345.85,23364.0,23331.0,23361.75,0
2026-09-21 09:17:00,23362.6,23385.9,23361.25,23384.7,0
2026-09-21 09:18:00,23384.35,23396.7,23377.45,23388.25,0
2026-09-21 09:19:00,23387.95,23389.5,23379.8,23384.65,0
2026-09-21 09:20:00,23386.15,23391.3,23376.25,23381.0,0
2026-09-21 09:21:00,23381.8,23385.85,23376.5,23377.25,0
2026-09-21 09:22:00,23376.65,23382.1,23372.7,23376.15,0
2026-09-21 09:23:00,23376.3,23387.0,23374.55,23380.15,0
2026-09-21 09:24:00,23380.55,23383.55,23375.05,23376.8,0
2026-09-21 09:25:00,23376.65,23387.9,23375.25,23386.1,0
2026-09-21 09:26:00,23386.25,23391.3,23381.7,23391.15,0
2026-09-21 09:27:00,23390.4,23399.25,23389.8,23393.5,0
2026-09-21 09:28:00,23393.7,23398.6,23390.7,23392.85,0
2026-09-21 09:29:00,23393.25,23402.95,23391.95,23400.25,0
2026-09-21 09:30:00,23399.8,23406.25,23398.35,23402.9,0
2026-09-21 09:31:00,23402.45,23406.15,23397.15,23399.1,0
2026-09-21 09:32:00,23399.5,23403.3,23395.6,23397.2,0
2026-09-21 09:33:00,23397.35,23400.25,23395.25,23398.7,0
2026-09-21 09:34:00,23398.4,23398.4,23390.1,23395.85,0
2026-09-21 09:35:00,23396.0,23406.35,23395.75,23405.25,0
2026-09-21 09:36:00,23405.2,23407.8,23394.7,23396.7,0
2026-09-21 09:37:00,23397.6,23397.6,23389.0,23389.95,0
2026-09-21 09:38:00,23390.25,23396.05,23389.5,23392.35,0
2026-09-21 09:39:00,23392.55,23397.55,23391.3,23392.45,0
2026-09-21 09:40:00,23392.6,23393.9,23386.65,23387.3,0
2026-09-21 09:41:00,23387.7,23393.85,23385.8,23389.8,0
2026-09-21 09:42:00,23390.05,23393.55,23386.6,23387.05,0
2026-09-21 09:43:00,23387.2,23393.55,23387.2,23390.65,0
2026-09-21 09:44:00,23390.35,23396.95,23389.6,23393.2,0
2026-09-21 09:45:00,23392.6,23398.2,23392.6,23397.35,0
2026-09-21 09:46:00,23396.85,23401.45,23396.8,23400.8,0
2026-09-21 09:47:00,23400.5,23401.95,23392.9,23393.55,0
2026-09-21 09:48:00,23393.4,23404.35,23393.1,23402.95,0
2026-09-21 09:49:00,23402.45,23410.75,23402.45,23409.4,0
2026-09-21 09:50:00,23401.35,23405.0,23400.75,23401.3,0
2026-09-21 09:51:00,23401.65,23406.4,23401.65,23403.45,0
2026-09-21 09:52:00,23403.8,23404.85,23400.45,23402.3,0
2026-09-21 09:53:00,23402.35,23404.05,23397.75,23398.75,0
2026-09-21 09:54:00,23399.15,23400.1,23393.3,23394.55,0
2026-09-21 09:55:00,23394.7,23397.8,23393.6,23395.85,0
2026-09-21 09:56:00,23395.45,23398.3,23392.25,23393.15,0
2026-09-21 09:57:00,23393.05,23405.8,23392.9,23403.4,0
2026-09-21 09:58:00,23402.3,23403.0,23390.85,23391.95,0
2026-09-21 09:59:00,23390.95,23395.85,23389.55,23394.85,0
2026-09-21 10:00:00,23395.2,23398.9,23391.55,23392.0,0
2026-09-21 10:01:00,23393.2,23395.9,23391.1,23391.35,0
2026-09-21 10:02:00,23391.2,23392.3,23386.85,23387.45,0
2026-09-21 10:03:00,23387.8,23388.5,23383.55,23383.9,0
2026-09-21 10:04:00,23383.8,23385.4,23378.3,23382.9,0
2026-09-21 10:05:00,23382.5,23389.6,23381.4,23383.9,0
2026-09-21 10:06:00,23384.05,23385.3,23377.55,23379.9,0
2026-09-21 10:07:00,23380.35,23381.85,23377.2,23379.25,0
2026-09-21 10:08:00,23379.65,23384.65,23379.4,23383.45,0
2026-09-21 10:09:00,23383.75,23387.6,23383.5,23385.75,0
2026-09-21 10:10:00,23384.7,23388.1,23383.85,23387.1,0
2026-09-21 10:11:00,23387.35,23392.95,23386.45,23392.3,0
2026-09-21 10:12:00,23392.35,23393.25,23390.4,23391.5,0
2026-09-21 10:13:00,23389.55,23390.3,23378.2,23378.9,0
2026-09-21 10:14:00,23379.75,23379.9,23373.0,23373.65,0
2026-09-21 10:15:00,23374.05,23374.4,23371.45,23372.55,0
2026-09-21 10:16:00,23372.5,23379.45,23371.65,23378.9,0
2026-09-21 10:17:00,23379.4,23380.75,23374.55,23375.4,0
2026-09-21 10:18:00,23374.9,23381.8,23374.9,23378.0,0
2026-09-21 10:19:00,23378.3,23380.4,23373.55,23374.65,0
2026-09-21 10:20:00,23374.9,23377.65,23374.05,23376.95,0
2026-09-21 10:21:00,23373.3,23373.75,23369.7,23372.5,0
2026-09-21 10:22:00,23373.2,23376.55,23372.1,23374.4,0
2026-09-21 10:23:00,23374.3,23380.0,23371.3,23377.4,0
2026-09-21 10:24:00,23376.85,23379.75,23372.4,23373.0,0
2026-09-21 10:25:00,23373.05,23373.05,23366.1,23367.2,0
2026-09-21 10:26:00,23366.75,23370.2,23365.75,23367.9,0
2026-09-21 10:27:00,23367.6,23368.25,23358.75,23359.8,0
2026-09-21 10:28:00,23361.1,23368.35,23360.7,23367.55,0
2026-09-21 10:29:00,23367.5,23371.9,23366.9,23371.75,0
2026-09-21 10:30:00,23372.85,23373.7,23367.65,23368.1,0
2026-09-21 10:31:00,23368.05,23372.4,23367.75,23371.15,0
2026-09-21 10:32:00,23370.5,23371.35,23364.6,23366.25,0
2026-09-21 10:33:00,23366.75,23368.7,23360.8,23362.45,0
2026-09-21 10:34:00,23362.3,23363.3,23356.95,23362.2,0
2026-09-21 10:35:00,23361.4,23365.55,23361.3,23364.7,0
2026-09-21 10:36:00,23364.9,23368.9,23364.35,23366.65,0
2026-09-21 10:37:00,23367.65,23367.85,23364.1,23366.45,0
2026-09-21 10:38:00,23365.55,23370.25,23365.5,23368.15,0
2026-09-21 10:39:00,23367.35,23369.6,23363.75,23365.05,0
2026-09-21 10:40:00,23364.75,23368.2,23364.5,23365.1,0
2026-09-21 10:41:00,23366.25,23373.5,23365.7,23371.05,0
2026-09-21 10:42:00,23372.0,23377.4,23370.95,23374.05,0
2026-09-21 10:43:00,23373.7,23376.95,23373.45,23374.65,0
2026-09-21 10:44:00,23374.55,23378.35,23374.5,23376.6,0
2026-09-21 10:45:00,23377.05,23381.0,23375.9,23380.45,0
2026-09-21 10:46:00,23380.5,23383.4,23380.5,23381.05,0
2026-09-21 10:47:00,23382.05,23387.0,23378.15,23379.05,0
2026-09-21 10:48:00,23379.15,23381.1,23374.65,23374.9,0
2026-09-21 10:49:00,23375.9,23379.45,23375.25,23376.65,0
2026-09-21 10:50:00,23376.75,23380.75,23376.75,23378.25,0
2026-09-21 10:51:00,23379.3,23383.1,23379.0,23381.5,0
2026-09-21 10:52:00,23381.35,23384.5,23381.35,23383.45,0
2026-09-21 10:53:00,23384.25,23386.65,23383.05,23385.15,0
2026-09-21 10:54:00,23386.05,23389.0,23383.0,23386.75,0
2026-09-21 10:55:00,23386.85,23389.95,23379.55,23379.65,0
2026-09-21 10:56:00,23380.05,23384.45,23379.6,23382.95,0
2026-09-21 10:57:00,23382.3,23388.55,23382.1,23384.3,0
2026-09-21 10:58:00,23384.85,23387.3,23383.45,23384.85,0
2026-09-21 10:59:00,23384.5,23389.4,23383.75,23386.8,0
2026-09-21 11:00:00,23388.1,23390.9,23384.45,23385.05,0
2026-09-21 11:01:00,23385.3,23387.65,23381.95,23383.5,0
2026-09-21 11:02:00,23385.0,23388.3,23384.6,23385.8,0
2026-09-21 11:03:00,23385.95,23388.95,23384.4,23388.5,0
2026-09-21 11:04:00,23388.15,23393.65,23387.55,23389.35,0
2026-09-21 11:05:00,23388.4,23391.05,23384.95,23386.75,0
2026-09-21 11:06:00,23387.3,23392.0,23385.95,23388.9,0
2026-09-21 11:07:00,23389.55,23392.65,23388.8,23391.65,0
2026-09-21 11:08:00,23391.6,23395.2,23390.65,23391.1,0
2026-09-21 11:09:00,23391.9,23395.5,23391.3,23394.0,0
2026-09-21 11:10:00,23393.75,23395.3,23392.2,23394.05,0
2026-09-21 11:11:00,23393.8,23398.25,23393.3,23396.9,0
2026-09-21 11:12:00,23396.5,23398.7,23393.95,23395.3,0
2026-09-21 11:13:00,23395.85,23402.4,23395.6,23398.8,0
2026-09-21 11:14:00,23398.4,23400.0,23395.45,23397.45,0
2026-09-21 11:15:00,23397.65,23399.6,23394.35,23395.65,0
2026-09-21 11:16:00,23395.4,23396.8,23390.05,23391.9,0
2026-09-21 11:17:00,23391.75,23394.0,23389.3,23390.35,0
2026-09-21 11:18:00,23390.8,23392.95,23385.8,23388.05,0
2026-09-21 11:19:00,23388.1,23391.8,23387.45,23390.3,0
2026-09-21 11:20:00,23390.9,23394.5,23389.4,23390.15,0
2026-09-21 11:21:00,23391.0,23393.7,23387.65,23389.95,0
2026-09-21 11:22:00,23389.45,23393.35,23388.0,23392.25,0
2026-09-21 11:23:00,23392.45,23396.1,23391.7,23395.05,0
2026-09-21 11:24:00,23396.2,23397.1,23392.45,23393.55,0
2026-09-21 11:25:00,23393.35,23396.8,23391.6,23392.7,0
2026-09-21 11:26:00,23393.05,23394.9,23391.7,23393.15,0
2026-09-21 11:27:00,23393.95,23398.35,23393.25,23395.9,0
2026-09-21 11:28:00,23396.1,23400.25,23394.6,23398.1,0
2026-09-21 11:29:00,23398.95,23400.15,23396.65,23398.0,0
2026-09-21 11:30:00,23398.35,23402.15,23398.15,23399.55,0
2026-09-21 11:31:00,23399.75,23403.15,23398.65,23402.1,0
2026-09-21 11:32:00,23402.2,23403.15,23399.15,23402.5,0
2026-09-21 11:33:00,23401.95,23409.35,23399.1,23409.1,0
2026-09-21 11:34:00,23408.95,23410.75,23404.65,23405.05,0
2026-09-21 11:35:00,23405.1,23405.6,23397.6,23397.95,0
2026-09-21 11:36:00,23397.75,23402.95,23397.5,23400.9,0
2026-09-21 11:37:00,23400.6,23404.2,23399.1,23400.65,0
2026-09-21 11:38:00,23400.45,23401.95,23398.15,23398.85,0
2026-09-21 11:39:00,23399.2,23399.8,23397.55,23398.5,0
2026-09-21 11:40:00,23398.95,23400.1,23396.4,23397.2,0
2026-09-21 11:41:00,23397.5,23403.75,23397.4,23401.95,0
2026-09-21 11:42:00,23401.0,23405.15,23400.8,23402.0,0
2026-09-21 11:43:00,23402.05,23404.8,23401.4,23401.8,0
2026-09-21 11:44:00,23402.7,23405.25,23400.4,23403.65,0
2026-09-21 11:45:00,23402.5,23404.8,23400.95,23402.3,0
2026-09-21 11:46:00,23403.05,23403.75,23395.75,23398.55,0
2026-09-21 11:47:00,23397.55,23399.4,23394.5,23395.6,0
2026-09-21 11:48:00,23396.35,23402.6,23396.25,23398.95,0
2026-09-21 11:49:00,23399.25,23401.95,23397.7,23398.5,0
2026-09-21 11:50:00,23398.0,23400.4,23397.75,23399.75,0
2026-09-21 11:51:00,23399.8,23402.0,23398.4,23400.4,0
2026-09-21 11:52:00,23401.0,23406.7,23400.95,23405.1,0
2026-09-21 11:53:00,23405.5,23410.55,23404.75,23409.3,0
2026-09-21 11:54:00,23410.2,23416.85,23409.9,23416.25,0
2026-09-21 11:55:00,23417.2,23419.25,23414.2,23416.75,0
2026-09-21 11:56:00,23417.2,23421.65,23416.5,23419.9,0
2026-09-21 11:57:00,23420.35,23422.25,23418.7,23419.7,0
2026-09-21 11:58:00,23420.85,23430.75,23420.6,23426.9,0
2026-09-21 11:59:00,23427.8,23431.3,23423.65,23425.45,0
2026-09-21 12:00:00,23425.95,23434.05,23425.45,23430.25,0
2026-09-21 12:01:00,23430.8,23431.3,23425.0,23429.25,0
2026-09-21 12:02:00,23428.9,23430.1,23423.45,23424.3,0
2026-09-21 12:03:00,23425.25,23427.3,23419.5,23421.1,0
2026-09-21 12:04:00,23422.2,23426.3,23419.7,23425.05,0
2026-09-21 12:05:00,23424.8,23426.55,23421.6,23422.1,0
2026-09-21 12:06:00,23423.3,23427.0,23422.05,23423.0,0
2026-09-21 12:07:00,23423.75,23426.8,23418.8,23418.85,0
2026-09-21 12:08:00,23419.35,23424.7,23417.95,23420.7,0
2026-09-21 12:09:00,23420.55,23421.05,23414.25,23415.55,0
2026-09-21 12:10:00,23415.75,23417.1,23411.15,23412.9,0
2026-09-21 12:11:00,23413.9,23419.1,23413.5,23417.8,0
2026-09-21 12:12:00,23417.85,23419.15,23414.5,23416.55,0
2026-09-21 12:13:00,23416.05,23419.3,23415.55,23418.35,0
2026-09-21 12:14:00,23419.15,23419.85,23415.95,23417.55,0
2026-09-21 12:15:00,23418.4,23419.4,23414.55,23417.6,0
2026-09-21 12:16:00,23418.65,23419.95,23416.55,23417.95,0
2026-09-21 12:17:00,23418.35,23418.6,23414.9,23415.35,0
2026-09-21 12:18:00,23415.65,23419.1,23414.3,23415.65,0
2026-09-21 12:19:00,23415.6,23419.25,23414.9,23418.45,0
2026-09-21 12:20:00,23418.8,23419.55,23414.3,23415.8,0
2026-09-21 12:21:00,23416.7,23422.1,23416.0,23420.25,0
2026-09-21 12:22:00,23420.2,23421.5,23411.4,23412.35,0
2026-09-21 12:23:00,23412.05,23415.7,23409.65,23411.2,0
2026-09-21 12:24:00,23411.35,23415.1,23410.65,23413.95,0
2026-09-21 12:25:00,23414.65,23416.5,23413.4,23415.1,0
2026-09-21 12:26:00,23414.75,23420.65,23414.6,23416.1,0
2026-09-21 12:27:00,23416.25,23419.45,23415.1,23416.7,0
2026-09-21 12:28:00,23417.3,23420.65,23416.1,23417.5,0
2026-09-21 12:29:00,23419.1,23421.0,23418.25,23419.45,0
2026-09-21 12:30:00,23419.75,23423.0,23419.3,23422.85,0
2026-09-21 12:31:00,23424.0,23424.25,23418.6,23419.45,0
2026-09-21 12:32:00,23420.25,23422.6,23414.9,23415.75,0
2026-09-21 12:33:00,23416.05,23417.95,23409.95,23412.3,0
2026-09-21 12:34:00,23412.35,23415.7,23412.1,23414.9,0
2026-09-21 12:35:00,23415.8,23416.9,23412.4,23414.7,0
2026-09-21 12:36:00,23414.9,23416.55,23413.1,23414.4,0
2026-09-21 12:37:00,23414.65,23417.7,23414.15,23415.0,0
2026-09-21 12:38:00,23415.45,23417.5,23414.25,23415.55,0
2026-09-21 12:39:00,23416.55,23416.9,23411.1,23412.5,0
2026-09-21 12:40:00,23412.75,23414.6,23409.9,23413.05,0
2026-09-21 12:41:00,23413.35,23413.75,23407.95,23410.85,0
2026-09-21 12:42:00,23410.65,23413.2,23410.1,23410.8,0
2026-09-21 12:43:00,23411.65,23413.0,23410.15,23410.55,0
2026-09-21 12:44:00,23411.3,23415.75,23409.85,23414.45,0
2026-09-21 12:45:00,23414.65,23416.45,23413.2,23415.55,0
2026-09-21 12:46:00,23415.8,23417.25,23414.2,23414.7,0
2026-09-21 12:47:00,23415.7,23415.85,23412.05,23413.9,0
2026-09-21 12:48:00,23413.6,23414.7,23411.7,23413.0,0
2026-09-21 12:49:00,23413.3,23414.2,23411.25,23413.6,0
2026-09-21 12:50:00,23413.4,23414.15,23410.5,23413.45,0
2026-09-21 12:51:00,23413.1,23415.45,23411.05,23414.1,0
2026-09-21 12:52:00,23414.95,23415.6,23411.4,23412.55,0
2026-09-21 12:53:00,23411.45,23414.2,23410.6,23412.75,0
2026-09-21 12:54:00,23414.1,23417.55,23413.85,23415.1,0
2026-09-21 12:55:00,23416.4,23418.0,23414.1,23415.25,0
2026-09-21 12:56:00,23415.45,23417.25,23413.25,23415.3,0
2026-09-21 12:57:00,23416.05,23417.85,23413.65,23415.25,0
2026-09-21 12:58:00,23414.45,23417.25,23411.95,23414.1,0
2026-09-21 12:59:00,23414.45,23415.65,23411.95,23412.65,0
2026-09-21 13:00:00,23412.4,23413.55,23410.3,23410.4,0
2026-09-21 13:01:00,23410.05,23414.0,23409.95,23413.1,0
2026-09-21 13:02:00,23412.4,23415.45,23411.7,23414.1,0
2026-09-21 13:03:00,23412.95,23415.2,23406.4,23406.75,0
2026-09-21 13:04:00,23406.3,23407.95,23403.25,23405.75,0
2026-09-21 13:05:00,23404.8,23410.55,23403.35,23407.85,0
2026-09-21 13:06:00,23406.95,23410.95,23406.2,23409.95,0
2026-09-21 13:07:00,23408.35,23409.75,23401.75,23402.95,0
2026-09-21 13:08:00,23402.35,23405.2,23401.5,23404.05,0
2026-09-21 13:09:00,23403.05,23406.05,23400.7,23401.3,0
2026-09-21 13:10:00,23400.6,23404.7,23397.65,23402.6,0
2026-09-21 13:11:00,23402.0,23405.0,23400.0,23402.0,0
2026-09-21 13:12:00,23401.15,23406.35,23401.15,23404.45,0
2026-09-21 13:13:00,23403.55,23408.9,23403.55,23407.95,0
2026-09-21 13:14:00,23406.25,23411.45,23406.25,23409.2,0
2026-09-21 13:15:00,23409.05,23417.25,23409.05,23416.5,0
2026-09-21 13:16:00,23415.7,23419.65,23415.7,23419.1,0
2026-09-21 13:17:00,23418.35,23419.75,23416.7,23418.45,0
2026-09-21 13:18:00,23417.7,23420.95,23417.4,23419.8,0
2026-09-21 13:19:00,23419.5,23424.55,23419.5,23423.65,0
2026-09-21 13:20:00,23422.85,23427.75,23422.85,23426.55,0
2026-09-21 13:21:00,23425.15,23427.2,23420.65,23425.45,0
2026-09-21 13:22:00,23424.6,23428.3,23424.6,23425.9,0
2026-09-21 13:23:00,23425.6,23429.15,23425.1,23426.65,0
2026-09-21 13:24:00,23425.65,23428.05,23421.25,23425.0,0
2026-09-21 13:25:00,23424.9,23428.25,23424.25,23427.95,0
2026-09-21 13:26:00,23425.75,23430.1,23425.75,23429.15,0
2026-09-21 13:27:00,23428.4,23431.7,23428.35,23429.35,0
2026-09-21 13:28:00,23429.1,23432.25,23428.65,23431.65,0
2026-09-21 13:29:00,23430.9,23432.1,23427.25,23430.75,0
2026-09-21 13:30:00,23430.45,23432.3,23426.7,23426.8,0
2026-09-21 13:31:00,23426.9,23428.9,23425.35,23428.75,0
2026-09-21 13:32:00,23427.65,23431.7,23427.65,23431.55,0
2026-09-21 13:33:00,23430.6,23434.45,23430.2,23433.7,0
2026-09-21 13:34:00,23432.15,23437.65,23432.15,23436.95,0
2026-09-21 13:35:00,23435.9,23437.7,23433.45,23435.15,0
2026-09-21 13:36:00,23434.35,23437.3,23430.75,23434.5,0
2026-09-21 13:37:00,23432.95,23436.65,23432.85,23435.0,0
2026-09-21 13:38:00,23434.2,23435.9,23432.2,23433.0,0
2026-09-21 13:39:00,23432.0,23436.15,23432.0,23433.4,0
2026-09-21 13:40:00,23432.35,23433.85,23429.3,23429.45,0
2026-09-21 13:41:00,23428.7,23431.55,23428.7,23431.15,0
2026-09-21 13:42:00,23429.6,23433.15,23427.35,23427.5,0
2026-09-21 13:43:00,23426.7,23429.45,23423.35,23426.9,0
2026-09-21 13:44:00,23426.0,23431.2,23426.0,23427.9,0
2026-09-21 13:45:00,23427.2,23431.8,23427.2,23430.1,0
2026-09-21 13:46:00,23429.35,23432.45,23427.3,23429.6,0
2026-09-21 13:47:00,23428.9,23432.85,23428.9,23430.3,0
2026-09-21 13:48:00,23429.1,23432.95,23429.1,23431.95,0
2026-09-21 13:49:00,23431.15,23434.45,23427.45,23433.65,0
2026-09-21 13:50:00,23431.95,23437.2,23431.95,23436.35,0
2026-09-21 13:51:00,23435.6,23440.85,23435.6,23437.35,0
2026-09-21 13:52:00,23435.95,23440.15,23435.95,23438.4,0
2026-09-21 13:53:00,23437.55,23441.05,23436.45,23438.05,0
2026-09-21 13:54:00,23436.5,23439.25,23434.95,23436.9,0
2026-09-21 13:55:00,23435.9,23444.65,23435.9,23444.45,0
2026-09-21 13:56:00,23443.75,23447.4,23443.15,23445.6,0
2026-09-21 13:57:00,23444.35,23452.55,23444.35,23452.55,0
2026-09-21 13:58:00,23451.2,23457.15,23451.2,23455.95,0
2026-09-21 13:59:00,23454.95,23466.8,23454.95,23463.0,0
2026-09-21 14:00:00,23462.2,23466.6,23461.2,23462.35,0
2026-09-21 14:01:00,23462.1,23466.0,23460.25,23463.35,0
2026-09-21 14:02:00,23462.0,23465.3,23462.0,23464.75,0
2026-09-21 14:03:00,23463.25,23465.35,23461.6,23462.8,0
2026-09-21 14:04:00,23461.65,23463.95,23458.1,23460.0,0
2026-09-21 14:05:00,23459.0,23460.25,23455.65,23458.5,0
2026-09-21 14:06:00,23457.7,23460.65,23457.4,23459.8,0
2026-09-21 14:07:00,23458.9,23460.4,23455.25,23457.0,0
2026-09-21 14:08:00,23455.9,23459.4,23455.05,23455.3,0
2026-09-21 14:09:00,23454.6,23456.7,23451.9,23453.85,0
2026-09-21 14:10:00,23452.25,23455.85,23449.6,23452.05,0
2026-09-21 14:11:00,23450.95,23457.95,23450.8,23455.3,0
2026-09-21 14:12:00,23454.5,23457.8,23454.05,23457.1,0
2026-09-21 14:13:00,23456.4,23459.15,23453.7,23456.5,0
2026-09-21 14:14:00,23455.9,23459.1,23451.15,23452.7,0
2026-09-21 14:15:00,23451.7,23455.5,23451.7,23452.0,0
2026-09-21 14:16:00,23451.2,23454.05,23450.3,23453.6,0
2026-09-21 14:17:00,23453.05,23456.75,23452.4,23455.4,0
2026-09-21 14:18:00,23455.05,23460.65,23455.05,23459.7,0
2026-09-21 14:19:00,23459.5,23461.5,23456.35,23459.0,0
2026-09-21 14:20:00,23458.5,23463.25,23458.5,23462.15,0
2026-09-21 14:21:00,23461.25,23464.05,23456.1,23456.9,0
2026-09-21 14:22:00,23455.85,23458.05,23450.0,23453.05,0
2026-09-21 14:23:00,23452.55,23455.25,23452.2,23454.35,0
2026-09-21 14:24:00,23453.7,23456.9,23453.7,23455.2,0
2026-09-21 14:25:00,23454.8,23457.1,23452.8,23452.8,0
2026-09-21 14:26:00,23452.25,23457.05,23452.25,23456.05,0
2026-09-21 14:27:00,23455.4,23459.6,23455.1,23458.25,0
2026-09-21 14:28:00,23457.65,23462.0,23449.35,23450.2,0
2026-09-21 14:29:00,23449.6,23451.2,23445.3,23448.9,0
2026-09-21 14:30:00,23448.2,23449.8,23441.5,23445.0,0
2026-09-21 14:31:00,23443.95,23450.05,23443.95,23446.45,0
2026-09-21 14:32:00,23445.5,23449.3,23444.6,23447.9,0
2026-09-21 14:33:00,23447.0,23450.0,23446.6,23447.4,0
2026-09-21 14:34:00,23446.5,23449.7,23444.25,23446.35,0
2026-09-21 14:35:00,23446.2,23447.2,23441.7,23443.15,0
2026-09-21 14:36:00,23441.35,23448.55,23441.35,23445.75,0
2026-09-21 14:37:00,23445.1,23449.2,23444.8,23448.5,0
2026-09-21 14:38:00,23448.05,23453.05,23448.05,23452.15,0
2026-09-21 14:39:00,23451.45,23452.7,23446.9,23447.7,0
2026-09-21 14:40:00,23446.95,23452.0,23446.95,23450.1,0
2026-09-21 14:41:00,23450.55,23451.45,23447.75,23448.9,0
2026-09-21 14:42:00,23448.8,23451.45,23447.45,23451.0,0
2026-09-21 14:43:00,23450.8,23452.85,23449.85,23451.45,0
2026-09-21 14:44:00,23450.9,23452.9,23449.35,23450.3,0
2026-09-21 14:45:00,23450.25,23452.4,23449.6,23450.65,0
2026-09-21 14:46:00,23449.9,23451.55,23448.7,23448.95,0
2026-09-21 14:47:00,23447.6,23451.3,23447.05,23450.3,0
2026-09-21 14:48:00,23449.8,23453.05,23448.55,23450.1,0
2026-09-21 14:49:00,23450.85,23452.55,23449.15,23450.65,0
2026-09-21 14:50:00,23450.25,23456.0,23449.7,23450.7,0
2026-09-21 14:51:00,23450.55,23452.65,23447.45,23450.35,0
2026-09-21 14:52:00,23450.65,23453.15,23448.55,23450.7,0
2026-09-21 14:53:00,23450.2,23451.6,23446.95,23449.25,0
2026-09-21 14:54:00,23448.85,23453.35,23448.75,23453.2,0
2026-09-21 14:55:00,23452.3,23453.35,23448.7,23450.65,0
2026-09-21 14:56:00,23449.75,23453.65,23449.6,23450.45,0
2026-09-21 14:57:00,23450.05,23456.3,23450.05,23451.0,0
2026-09-21 14:58:00,23450.5,23453.15,23446.15,23446.9,0
2026-09-21 14:59:00,23446.45,23448.7,23444.15,23447.25,0
2026-09-21 15:00:00,23448.4,23448.9,23441.1,23447.65,0
2026-09-21 15:01:00,23448.5,23450.0,23444.35,23444.9,0
2026-09-21 15:02:00,23445.9,23446.2,23440.5,23442.5,0
2026-09-21 15:03:00,23442.8,23444.8,23439.55,23442.55,0
2026-09-21 15:04:00,23443.7,23443.7,23439.85,23441.15,0
2026-09-21 15:05:00,23442.1,23442.9,23439.2,23441.3,0
2026-09-21 15:06:00,23442.0,23443.3,23437.7,23438.25,0
2026-09-21 15:07:00,23440.1,23440.8,23434.45,23435.85,0
2026-09-21 15:08:00,23436.25,23437.45,23433.1,23436.0,0
2026-09-21 15:09:00,23436.6,23441.0,23433.25,23437.65,0
2026-09-21 15:10:00,23438.6,23441.3,23436.1,23437.15,0
2026-09-21 15:11:00,23437.85,23440.1,23434.3,23435.85,0
2026-09-21 15:12:00,23435.65,23439.05,23427.6,23429.3,0
2026-09-21 15:13:00,23431.35,23439.3,23427.8,23435.45,0
2026-09-21 15:14:00,23433.55,23437.1,23423.6,23429.0,0
2026-09-21 15:20:00,23366.1,23414.65,23362.35,23397.75,0
2026-09-21 15:21:00,23397.75,23411.55,23397.65,23411.1,0
2026-09-21 15:22:00,23411.1,23415.05,23411.1,23411.75,0
2026-09-21 15:23:00,23411.85,23411.85,23405.0,23406.9,0
2026-09-21 15:24:00,23406.9,23409.3,23406.6,23408.35,0
2026-09-21 15:25:00,23408.35,23411.85,23408.3,23411.85,0
2026-09-21 15:26:00,23411.85,23412.25,23410.4,23411.5,0
2026-09-21 15:27:00,23411.4,23411.8,23410.55,23411.8,0
2026-09-21 15:28:00,23414.3,23414.3,23414.3,23414.3,0
2026-09-22 09:15:00,23454.05,23489.0,23448.65,23451.85,0
2026-09-22 09:16:00,23454.5,23461.05,23434.05,23437.9,0
2026-09-22 09:17:00,23440.05,23443.15,23434.55,23442.35,0
2026-09-22 09:18:00,23442.95,23454.75,23441.4,23453.4,0
2026-09-22 09:19:00,23454.4,23456.0,23445.7,23446.5,0
2026-09-22 09:20:00,23446.9,23452.0,23436.45,23438.1,0
2026-09-22 09:21:00,23440.55,23447.75,23438.1,23446.25,0
2026-09-22 09:22:00,23448.05,23452.25,23445.15,23445.3,0
2026-09-22 09:23:00,23447.25,23451.45,23443.05,23448.0,0
2026-09-22 09:24:00,23449.95,23453.5,23446.95,23447.75,0
2026-09-22 09:25:00,23449.5,23449.5,23437.55,23439.3,0
2026-09-22 09:26:00,23441.1,23441.1,23431.45,23432.15,0
2026-09-22 09:27:00,23434.5,23434.5,23425.7,23431.8,0
2026-09-22 09:28:00,23433.55,23438.75,23431.65,23437.4,0
2026-09-22 09:29:00,23438.75,23447.25,23436.55,23445.95,0
2026-09-22 09:30:00,23447.95,23453.9,23444.75,23446.55,0
2026-09-22 09:31:00,23449.35,23452.8,23444.45,23450.85,0
2026-09-22 09:32:00,23451.65,23452.0,23438.4,23439.25,0
2026-09-22 09:33:00,23441.6,23443.6,23435.35,23435.35,0
2026-09-22 09:34:00,23437.75,23439.7,23434.5,23436.35,0
2026-09-22 09:35:00,23438.7,23438.7,23433.7,23434.35,0
2026-09-22 09:36:00,23436.35,23438.45,23433.2,23435.5,0
2026-09-22 09:37:00,23436.85,23445.05,23434.5,23444.4,0
2026-09-22 09:38:00,23446.15,23451.1,23442.55,23447.15,0
2026-09-22 09:39:00,23449.0,23453.75,23446.95,23451.7,0
2026-09-22 09:40:00,23453.1,23453.1,23442.95,23448.05,0
2026-09-22 09:41:00,23449.6,23454.65,23447.5,23452.35,0
2026-09-22 09:42:00,23454.25,23457.45,23451.3,23456.6,0
2026-09-22 09:43:00,23456.7,23459.55,23450.7,23453.85,0
2026-09-22 09:44:00,23454.0,23457.15,23451.95,23456.0,0
2026-09-22 09:45:00,23456.25,23460.25,23453.35,23455.35,0
2026-09-22 09:46:00,23455.1,23460.9,23454.9,23459.6,0
2026-09-22 09:47:00,23459.8,23461.6,23458.25,23460.0,0
2026-09-22 09:48:00,23460.05,23464.55,23454.65,23455.75,0
2026-09-22 09:49:00,23456.2,23456.65,23452.7,23455.45,0
2026-09-22 09:50:00,23455.25,23460.85,23453.3,23459.85,0
2026-09-22 09:51:00,23459.5,23460.6,23452.85,23453.4,0
2026-09-22 09:52:00,23454.0,23459.35,23452.05,23458.15,0
2026-09-22 09:53:00,23457.75,23460.2,23455.4,23457.95,0
2026-09-22 09:54:00,23459.05,23461.85,23455.85,23457.1,0
2026-09-22 09:55:00,23457.45,23457.95,23450.35,23453.65,0
2026-09-22 09:56:00,23454.0,23459.35,23452.6,23454.95,0
2026-09-22 09:57:00,23455.7,23456.4,23449.55,23451.8,0
2026-09-22 09:58:00,23451.35,23457.55,23450.45,23456.7,0
2026-09-22 09:59:00,23457.25,23458.4,23454.5,23457.2,0
2026-09-22 10:00:00,23457.25,23462.45,23456.35,23461.65,0
2026-09-22 10:01:00,23461.45,23464.05,23458.35,23459.5,0
2026-09-22 10:02:00,23459.55,23460.8,23453.8,23455.15,0
2026-09-22 10:03:00,23455.6,23461.5,23454.35,23460.75,0
2026-09-22 10:04:00,23460.95,23465.1,23458.55,23461.1,0
2026-09-22 10:05:00,23461.05,23463.95,23459.05,23460.9,0
2026-09-22 10:06:00,23460.8,23462.1,23454.0,23454.4,0
2026-09-22 10:07:00,23454.3,23461.95,23453.0,23459.65,0
2026-09-22 10:08:00,23459.45,23465.25,23458.35,23464.65,0
2026-09-22 10:09:00,23464.35,23469.9,23462.75,23467.05,0
2026-09-22 10:10:00,23466.9,23470.45,23463.1,23465.0,0
2026-09-22 10:11:00,23464.9,23470.6,23463.6,23465.3,0
2026-09-22 10:12:00,23465.2,23465.95,23459.45,23462.75,0
2026-09-22 10:13:00,23462.6,23462.9,23457.6,23462.0,0
2026-09-22 10:14:00,23461.85,23466.25,23461.3,23465.2,0
2026-09-22 10:15:00,23465.1,23465.95,23457.1,23458.05,0
2026-09-22 10:16:00,23458.8,23459.3,23453.15,23456.15,0
2026-09-22 10:17:00,23456.0,23460.95,23454.55,23460.25,0
2026-09-22 10:18:00,23460.2,23461.75,23455.75,23460.65,0
2026-09-22 10:19:00,23460.8,23461.9,23457.8,23458.5,0
2026-09-22 10:20:00,23458.8,23460.35,23453.8,23454.1,0
2026-09-22 10:21:00,23454.65,23457.0,23447.4,23448.0,0
2026-09-22 10:22:00,23448.3,23448.3,23435.75,23437.7,0
2026-09-22 10:23:00,23437.65,23448.75,23436.8,23445.55,0
2026-09-22 10:24:00,23445.4,23446.55,23442.55,23444.1,0
2026-09-22 10:25:00,23444.05,23444.25,23436.9,23437.8,0
2026-09-22 10:26:00,23437.75,23438.7,23432.5,23433.5,0
2026-09-22 10:27:00,23433.35,23439.3,23431.35,23437.05,0
2026-09-22 10:28:00,23437.0,23440.35,23435.05,23440.3,0
2026-09-22 10:29:00,23438.6,23444.35,23437.3,23437.35,0
2026-09-22 10:30:00,23437.2,23439.75,23428.5,23429.1,0
2026-09-22 10:31:00,23429.0,23429.0,23421.8,23426.9,0
2026-09-22 10:32:00,23426.6,23427.2,23419.75,23420.2,0
2026-09-22 10:33:00,23419.9,23420.9,23414.2,23415.65,0
2026-09-22 10:34:00,23415.8,23424.45,23415.3,23422.25,0
2026-09-22 10:35:00,23421.85,23421.85,23408.9,23409.25,0
2026-09-22 10:36:00,23409.7,23413.4,23407.2,23411.75,0
2026-09-22 10:37:00,23411.8,23414.1,23408.75,23413.6,0
2026-09-22 10:38:00,23413.55,23413.6,23404.8,23406.25,0
2026-09-22 10:39:00,23406.0,23406.3,23398.6,23400.15,0
2026-09-22 10:40:00,23399.25,23411.3,23399.05,23405.8,0
2026-09-22 10:41:00,23406.15,23406.7,23387.8,23387.8,0
2026-09-22 10:42:00,23388.2,23388.3,23368.2,23385.7,0
2026-09-22 10:43:00,23385.75,23394.05,23384.2,23392.4,0
2026-09-22 10:44:00,23393.25,23393.4,23382.3,23382.7,0
2026-09-22 10:45:00,23382.6,23383.3,23372.6,23374.65,0
2026-09-22 10:46:00,23374.7,23383.2,23374.1,23382.15,0
2026-09-22 10:47:00,23382.65,23385.7,23380.15,23384.45,0
2026-09-22 10:48:00,23384.9,23385.35,23378.0,23378.7,0
2026-09-22 10:49:00,23378.5,23383.1,23376.15,23376.75,0
2026-09-22 10:50:00,23377.1,23377.5,23366.9,23369.15,0
2026-09-22 10:51:00,23369.0,23373.0,23367.7,23371.7,0
2026-09-22 10:52:00,23371.8,23373.2,23363.5,23364.9,0
2026-09-22 10:53:00,23364.4,23367.3,23363.0,23366.15,0
2026-09-22 10:54:00,23366.05,23375.85,23365.6,23375.6,0
2026-09-22 10:55:00,23375.5,23378.8,23373.05,23378.25,0
2026-09-22 10:56:00,23378.3,23380.55,23375.2,23376.8,0
2026-09-22 10:57:00,23376.7,23384.45,23375.8,23381.85,0
2026-09-22 10:58:00,23382.75,23385.45,23378.2,23382.95,0
2026-09-22 10:59:00,23383.0,23390.75,23381.75,23388.55,0
2026-09-22 11:00:00,23389.0,23390.0,23381.4,23383.75,0
2026-09-22 11:01:00,23383.5,23385.2,23372.35,23376.35,0
2026-09-22 11:02:00,23376.1,23379.0,23374.55,23374.65,0
2026-09-22 11:03:00,23375.15,23376.9,23370.25,23374.7,0
2026-09-22 11:04:00,23375.25,23378.05,23373.65,23374.85,0
2026-09-22 11:05:00,23374.95,23376.7,23368.75,23371.75,0
2026-09-22 11:06:00,23372.2,23376.65,23371.3,23376.4,0
2026-09-22 11:07:00,23376.55,23377.4,23371.5,23374.75,0
2026-09-22 11:08:00,23374.65,23376.1,23370.6,23373.7,0
2026-09-22 11:09:00,23374.05,23379.0,23372.55,23377.75,0
2026-09-22 11:10:00,23378.3,23383.55,23376.8,23381.85,0
2026-09-22 11:11:00,23382.25,23384.75,23380.45,23382.2,0
2026-09-22 11:12:00,23382.35,23384.1,23381.2,23383.15,0
2026-09-22 11:13:00,23383.6,23390.45,23382.2,23387.95,0
2026-09-22 11:14:00,23388.6,23395.1,23386.9,23393.3,0
2026-09-22 11:15:00,23393.45,23393.7,23389.3,23391.35,0
2026-09-22 11:16:00,23391.25,23396.9,23388.75,23394.25,0
2026-09-22 11:17:00,23394.3,23399.15,23393.55,23396.35,0
2026-09-22 11:18:00,23396.85,23396.85,23390.9,23392.6,0
2026-09-22 11:19:00,23391.5,23391.85,23384.35,23385.2,0
2026-09-22 11:20:00,23385.55,23390.45,23384.5,23390.35,0
2026-09-22 11:21:00,23390.5,23394.25,23387.75,23392.4,0
2026-09-22 11:22:00,23392.45,23397.75,23392.15,23396.4,0
2026-09-22 11:23:00,23396.5,23398.8,23393.8,23394.75,0
2026-09-22 11:24:00,23395.15,23401.1,23394.2,23399.65,0
2026-09-22 11:25:00,23399.55,23404.0,23398.35,23399.65,0
2026-09-22 11:26:00,23400.3,23400.3,23395.35,23395.85,0
2026-09-22 11:27:00,23396.2,23398.9,23393.7,23394.7,0
2026-09-22 11:28:00,23394.5,23398.4,23392.95,23394.4,0
2026-09-22 11:29:00,23395.35,23397.15,23391.25,23392.15,0
2026-09-22 11:30:00,23392.85,23393.65,23384.55,23386.15,0
2026-09-22 11:31:00,23386.6,23388.5,23381.45,23382.55,0
2026-09-22 11:32:00,23382.5,23382.75,23378.35,23382.55,0
2026-09-22 11:33:00,23382.2,23386.15,23380.65,23382.35,0
2026-09-22 11:34:00,23381.55,23384.65,23380.5,23380.65,0
2026-09-22 11:35:00,23380.7,23380.85,23372.7,23377.9,0
2026-09-22 11:36:00,23378.1,23380.9,23375.9,23379.35,0
2026-09-22 11:37:00,23380.1,23380.35,23375.3,23378.75,0
2026-09-22 11:38:00,23378.85,23381.45,23377.9,23378.95,0
2026-09-22 11:39:00,23379.35,23380.65,23369.95,23370.7,0
2026-09-22 11:40:00,23371.45,23375.8,23366.55,23373.7,0
2026-09-22 11:41:00,23374.35,23377.15,23372.75,23373.6,0
2026-09-22 11:42:00,23373.85,23375.35,23366.75,23367.9,0
2026-09-22 11:43:00,23368.05,23369.25,23365.85,23368.45,0
2026-09-22 11:44:00,23368.9,23373.85,23367.45,23371.4,0
2026-09-22 11:45:00,23371.8,23373.05,23369.8,23370.95,0
2026-09-22 11:46:00,23371.15,23371.2,23359.4,23361.2,0
2026-09-22 11:47:00,23361.3,23362.7,23357.1,23360.4,0
2026-09-22 11:48:00,23359.4,23369.8,23358.85,23365.8,0
2026-09-22 11:49:00,23365.95,23367.0,23362.0,23363.8,0
2026-09-22 11:50:00,23363.95,23365.05,23360.5,23362.4,0
2026-09-22 11:51:00,23362.7,23363.3,23355.9,23357.35,0
2026-09-22 11:52:00,23357.45,23364.7,23355.3,23363.6,0
2026-09-22 11:53:00,23363.25,23363.55,23357.65,23359.15,0
2026-09-22 11:54:00,23359.35,23359.9,23351.95,23351.95,0
2026-09-22 11:55:00,23352.4,23352.4,23345.75,23348.6,0
2026-09-22 11:56:00,23348.85,23354.4,23341.5,23354.25,0
2026-09-22 11:57:00,23353.9,23355.7,23350.35,23354.1,0
2026-09-22 11:58:00,23354.45,23358.45,23352.05,23358.45,0
2026-09-22 11:59:00,23358.35,23361.15,23356.6,23361.05,0
2026-09-22 12:00:00,23360.85,23362.25,23356.1,23357.5,0
2026-09-22 12:01:00,23357.8,23358.4,23353.55,23356.0,0
2026-09-22 12:02:00,23356.1,23359.7,23354.45,23356.0,0
2026-09-22 12:03:00,23356.1,23361.35,23354.8,23361.1,0
2026-09-22 12:04:00,23361.15,23362.45,23358.25,23359.4,0
2026-09-22 12:05:00,23359.45,23362.45,23358.3,23362.45,0
2026-09-22 12:06:00,23362.35,23363.2,23357.6,23360.6,0
2026-09-22 12:07:00,23360.7,23360.7,23355.25,23358.0,0
2026-09-22 12:08:00,23358.05,23364.4,23356.55,23363.05,0
2026-09-22 12:09:00,23363.25,23365.65,23361.7,23365.15,0
2026-09-22 12:10:00,23365.1,23367.25,23361.75,23363.4,0
2026-09-22 12:11:00,23363.55,23363.7,23357.5,23359.55,0
2026-09-22 12:12:00,23359.3,23361.2,23358.1,23359.85,0
2026-09-22 12:13:00,23359.9,23361.65,23354.35,23355.4,0
2026-09-22 12:14:00,23355.95,23359.75,23354.5,23356.9,0
2026-09-22 12:15:00,23356.95,23357.05,23350.0,23351.0,0
2026-09-22 12:16:00,23351.5,23356.55,23350.5,23355.9,0
2026-09-22 12:17:00,23356.15,23359.8,23355.45,23359.75,0
2026-09-22 12:18:00,23359.7,23362.4,23358.15,23360.3,0
2026-09-22 12:19:00,23360.2,23367.25,23358.5,23366.65,0
2026-09-22 12:20:00,23366.85,23368.1,23361.65,23361.85,0
2026-09-22 12:21:00,23362.15,23366.75,23361.4,23366.6,0
2026-09-22 12:22:00,23366.75,23367.2,23361.5,23363.3,0
2026-09-22 12:23:00,23363.8,23367.2,23361.45,23363.8,0
2026-09-22 12:24:00,23364.2,23364.45,23358.85,23360.85,0
2026-09-22 12:25:00,23361.05,23362.95,23358.9,23361.35,0
2026-09-22 12:26:00,23361.6,23365.7,23360.5,23363.6,0
2026-09-22 12:27:00,23363.75,23367.3,23356.25,23361.7,0
2026-09-22 12:28:00,23361.65,23365.4,23357.6,23363.9,0
2026-09-22 12:29:00,23364.0,23364.75,23356.25,23358.2,0
2026-09-22 12:30:00,23358.25,23358.4,23352.6,23353.85,0
2026-09-22 12:31:00,23353.95,23357.3,23352.15,23356.5,0
2026-09-22 12:32:00,23357.15,23361.75,23355.85,23360.6,0
2026-09-22 12:33:00,23360.65,23363.2,23358.7,23359.15,0
2026-09-22 12:34:00,23359.35,23363.85,23357.9,23363.55,0
2026-09-22 12:35:00,23362.75,23365.4,23361.2,23363.55,0
2026-09-22 12:36:00,23363.2,23363.25,23357.05,23359.75,0
2026-09-22 12:37:00,23360.25,23360.45,23356.5,23359.25,0
2026-09-22 12:38:00,23357.8,23361.3,23357.8,23359.05,0
2026-09-22 12:39:00,23359.5,23361.15,23355.7,23358.0,0
2026-09-22 12:40:00,23358.7,23363.2,23355.15,23362.05,0
2026-09-22 12:41:00,23362.45,23362.6,23357.45,23359.65,0
2026-09-22 12:42:00,23359.7,23362.05,23357.6,23359.15,0
2026-09-22 12:43:00,23359.35,23361.6,23351.1,23352.4,0
2026-09-22 12:44:00,23353.45,23354.5,23344.45,23345.95,0
2026-09-22 12:45:00,23346.45,23347.1,23340.55,23342.85,0
2026-09-22 12:46:00,23342.8,23349.35,23341.45,23346.3,0
2026-09-22 12:47:00,23347.0,23350.15,23344.4,23347.55,0
2026-09-22 12:48:00,23347.65,23351.85,23346.45,23351.15,0
2026-09-22 12:49:00,23351.1,23353.65,23340.7,23342.75,0
2026-09-22 12:50:00,23342.8,23343.5,23333.55,23335.85,0
2026-09-22 12:51:00,23336.0,23339.65,23331.35,23334.5,0
2026-09-22 12:52:00,23334.8,23345.65,23333.2,23341.95,0
2026-09-22 12:53:00,23342.1,23343.0,23337.45,23338.35,0
2026-09-22 12:54:00,23338.5,23340.2,23333.8,23334.2,0
2026-09-22 12:55:00,23334.8,23335.2,23324.55,23325.8,0
2026-09-22 12:56:00,23326.0,23338.25,23325.1,23338.25,0
2026-09-22 12:57:00,23338.1,23339.1,23333.05,23334.1,0
2026-09-22 12:58:00,23334.35,23336.35,23332.0,23332.75,0
2026-09-22 12:59:00,23332.4,23334.4,23331.35,23332.1,0
2026-09-22 13:00:00,23332.3,23333.05,23319.1,23323.2,0
2026-09-22 13:01:00,23323.15,23334.45,23320.15,23333.25,0
2026-09-22 13:02:00,23333.75,23334.45,23323.75,23324.95,0
2026-09-22 13:03:00,23325.1,23325.1,23320.85,23323.0,0
2026-09-22 13:04:00,23323.4,23326.75,23322.15,23325.1,0
2026-09-22 13:05:00,23325.05,23329.0,23324.0,23328.75,0
2026-09-22 13:06:00,23328.25,23333.65,23327.2,23332.9,0
2026-09-22 13:07:00,23333.3,23339.9,23331.75,23338.3,0
2026-09-22 13:08:00,23338.7,23339.5,23335.45,23339.15,0
2026-09-22 13:09:00,23338.8,23341.75,23337.1,23340.9,0
2026-09-22 13:10:00,23341.25,23343.0,23339.35,23340.55,0
2026-09-22 13:11:00,23340.95,23341.55,23337.25,23337.8,0
2026-09-22 13:12:00,23337.95,23340.3,23336.6,23339.75,0
2026-09-22 13:13:00,23339.7,23339.7,23335.1,23336.9,0
2026-09-22 13:14:00,23336.7,23341.1,23336.2,23339.15,0
2026-09-22 13:15:00,23339.55,23344.05,23338.15,23339.8,0
2026-09-22 13:16:00,23339.45,23340.8,23336.25,23338.65,0
2026-09-22 13:17:00,23339.0,23339.7,23331.95,23333.1,0
2026-09-22 13:18:00,23333.5,23334.75,23329.25,23332.45,0
2026-09-22 13:19:00,23332.6,23336.85,23331.5,23334.65,0
2026-09-22 13:20:00,23335.1,23335.95,23329.35,23329.65,0
2026-09-22 13:21:00,23330.05,23331.95,23326.85,23328.65,0
2026-09-22 13:22:00,23328.55,23329.65,23326.05,23327.45,0
2026-09-22 13:23:00,23327.9,23329.35,23325.95,23327.3,0
2026-09-22 13:24:00,23327.15,23332.1,23325.7,23331.8,0
2026-09-22 13:25:00,23331.7,23334.0,23330.0,23332.6,0
2026-09-22 13:26:00,23332.3,23334.95,23329.15,23331.0,0
2026-09-22 13:27:00,23330.85,23336.25,23329.35,23335.5,0
2026-09-22 13:28:00,23335.65,23340.95,23335.2,23338.3,0
2026-09-22 13:29:00,23338.5,23341.0,23336.3,23339.85,0
2026-09-22 13:30:00,23339.95,23343.0,23338.35,23341.7,0
2026-09-22 13:31:00,23341.65,23344.95,23340.95,23343.1,0
2026-09-22 13:32:00,23342.85,23345.0,23340.35,23341.25,0
2026-09-22 13:33:00,23340.95,23344.35,23339.5,23342.45,0
2026-09-22 13:34:00,23342.25,23347.4,23342.25,23343.55,0
2026-09-22 13:35:00,23344.2,23347.1,23341.55,23345.55,0
2026-09-22 13:36:00,23345.65,23348.55,23343.0,23345.35,0
2026-09-22 13:37:00,23345.3,23347.0,23343.3,23345.95,0
2026-09-22 13:38:00,23346.2,23347.35,23342.1,23343.7,0
2026-09-22 13:39:00,23343.45,23346.75,23341.2,23344.85,0
2026-09-22 13:40:00,23344.9,23348.2,23343.8,23345.95,0
2026-09-22 13:41:00,23346.0,23348.65,23344.4,23345.55,0
2026-09-22 13:42:00,23345.85,23355.35,23345.25,23352.45,0
2026-09-22 13:43:00,23352.55,23353.05,23343.7,23346.4,0
2026-09-22 13:44:00,23346.05,23346.65,23338.4,23339.35,0
2026-09-22 13:45:00,23339.3,23339.3,23330.5,23331.6,0
2026-09-22 13:46:00,23332.05,23333.45,23328.55,23329.9,0
2026-09-22 13:47:00,23329.75,23336.8,23329.45,23334.25,0
2026-09-22 13:48:00,23334.2,23336.1,23327.9,23328.5,0
2026-09-22 13:49:00,23328.6,23329.25,23321.35,23328.8,0
2026-09-22 13:50:00,23328.6,23329.2,23323.85,23325.0,0
2026-09-22 13:51:00,23325.1,23326.7,23319.45,23320.4,0
2026-09-22 13:52:00,23321.1,23328.2,23319.3,23326.95,0
2026-09-22 13:53:00,23326.75,23327.8,23307.55,23308.1,0
2026-09-22 13:54:00,23308.15,23310.25,23299.25,23307.5,0
2026-09-22 13:55:00,23308.0,23319.85,23306.4,23311.05,0
2026-09-22 13:56:00,23310.85,23311.05,23304.2,23305.9,0
2026-09-22 13:57:00,23305.25,23308.5,23304.2,23305.8,0
2026-09-22 13:58:00,23305.5,23310.15,23303.1,23306.25,0
2026-09-22 13:59:00,23306.9,23309.8,23302.45,23305.2,0
2026-09-22 14:00:00,23305.05,23305.8,23285.75,23288.65,0
2026-09-22 14:01:00,23288.7,23302.1,23287.6,23302.1,0
2026-09-22 14:02:00,23301.95,23304.75,23296.45,23298.8,0
2026-09-22 14:03:00,23298.5,23303.4,23296.4,23297.65,0
2026-09-22 14:04:00,23298.0,23308.8,23295.7,23308.45,0
2026-09-22 14:05:00,23308.1,23311.8,23298.55,23299.55,0
2026-09-22 14:06:00,23300.05,23309.0,23296.1,23306.6,0
2026-09-22 14:07:00,23307.15,23308.5,23298.3,23298.4,0
2026-09-22 14:08:00,23298.2,23302.95,23297.35,23302.15,0
2026-09-22 14:09:00,23301.95,23313.05,23301.8,23312.85,0
2026-09-22 14:10:00,23313.25,23321.3,23312.8,23317.45,0
2026-09-22 14:11:00,23317.4,23326.2,23312.4,23325.75,0
2026-09-22 14:12:00,23325.95,23340.05,23322.5,23339.4,0
2026-09-22 14:13:00,23339.7,23340.75,23331.75,23333.5,0
2026-09-22 14:14:00,23334.25,23383.9,23330.45,23382.6,0
2026-09-22 14:15:00,23383.6,23402.3,23373.05,23373.95,0
2026-09-22 14:16:00,23374.4,23376.55,23359.6,23376.55,0
2026-09-22 14:17:00,23376.3,23386.5,23375.25,23385.45,0
2026-09-22 14:18:00,23385.25,23388.5,23377.6,23385.0,0
2026-09-22 14:19:00,23385.3,23386.8,23379.1,23384.45,0
2026-09-22 14:20:00,23383.3,23396.95,23383.0,23393.95,0
2026-09-22 14:21:00,23393.7,23403.1,23391.8,23393.35,0
2026-09-22 14:22:00,23393.7,23400.9,23391.55,23395.7,0
2026-09-22 14:23:00,23395.5,23399.9,23388.7,23389.4,0
2026-09-22 14:24:00,23390.1,23393.2,23377.05,23379.05,0
2026-09-22 14:25:00,23379.2,23392.35,23378.1,23390.9,0
2026-09-22 14:26:00,23390.75,23394.85,23385.3,23393.1,0
2026-09-22 14:27:00,23393.7,23396.55,23386.35,23391.4,0
2026-09-22 14:28:00,23391.65,23391.85,23383.55,23391.35,0
2026-09-22 14:29:00,23391.15,23395.65,23388.6,23389.8,0
2026-09-22 14:30:00,23390.25,23392.95,23384.35,23390.5,0
2026-09-22 14:31:00,23390.25,23393.75,23386.0,23392.3,0
2026-09-22 14:32:00,23392.8,23397.65,23388.7,23394.1,0
2026-09-22 14:33:00,23394.6,23396.2,23385.25,23388.3,0
2026-09-22 14:34:00,23388.95,23388.95,23377.15,23381.3,0
2026-09-22 14:35:00,23381.2,23392.05,23379.95,23391.35,0
2026-09-22 14:36:00,23391.05,23396.45,23388.55,23394.9,0
2026-09-22 14:37:00,23395.45,23395.45,23383.35,23390.9,0
2026-09-22 14:38:00,23391.0,23392.05,23381.5,23384.1,0
2026-09-22 14:39:00,23384.35,23386.9,23382.7,23384.4,0
2026-09-22 14:40:00,23385.75,23389.4,23379.65,23380.8,0
2026-09-22 14:41:00,23381.05,23381.05,23373.4,23380.1,0
2026-09-22 14:42:00,23380.55,23380.55,23359.9,23367.65,0
2026-09-22 14:43:00,23368.55,23372.15,23366.6,23369.65,0
2026-09-22 14:44:00,23370.55,23376.35,23368.15,23369.0,0
2026-09-22 14:45:00,23369.15,23381.95,23367.6,23380.15,0
2026-09-22 14:46:00,23379.4,23380.85,23373.7,23378.1,0
2026-09-22 14:47:00,23378.35,23379.5,23373.3,23376.35,0
2026-09-22 14:48:00,23376.2,23379.2,23371.05,23375.0,0
2026-09-22 14:49:00,23374.55,23376.5,23371.2,23372.25,0
2026-09-22 14:50:00,23372.15,23382.4,23368.45,23382.3,0
2026-09-22 14:51:00,23382.05,23383.5,23373.05,23373.5,0
2026-09-22 14:52:00,23374.05,23379.9,23367.75,23379.05,0
2026-09-22 14:53:00,23379.2,23380.4,23371.25,23372.75,0
2026-09-22 14:54:00,23372.35,23381.05,23372.35,23378.3,0
2026-09-22 14:55:00,23378.55,23379.3,23368.1,23376.5,0
2026-09-22 14:56:00,23375.95,23377.7,23367.45,23370.25,0
2026-09-22 14:57:00,23370.65,23371.1,23365.9,23366.65,0
2026-09-22 14:58:00,23366.4,23367.45,23357.9,23360.0,0
2026-09-22 14:59:00,23359.25,23359.25,23350.75,23357.7,0
2026-09-22 15:00:00,23358.05,23362.05,23355.1,23356.1,0
2026-09-22 15:01:00,23357.1,23364.2,23353.4,23361.45,0
2026-09-22 15:02:00,23361.1,23365.3,23358.55,23359.0,0
2026-09-22 15:03:00,23360.1,23360.4,23353.05,23359.25,0
2026-09-22 15:04:00,23359.05,23362.7,23357.1,23358.25,0
2026-09-22 15:05:00,23357.7,23363.8,23356.5,23358.35,0
2026-09-22 15:06:00,23357.95,23359.2,23352.0,23356.9,0
2026-09-22 15:07:00,23356.4,23358.4,23351.6,23353.8,0
2026-09-22 15:08:00,23353.95,23356.0,23349.7,23350.45,0
2026-09-22 15:09:00,23350.75,23358.05,23348.55,23356.85,0
2026-09-22 15:10:00,23357.4,23358.9,23352.4,23358.9,0
2026-09-22 15:11:00,23358.6,23363.5,23356.1,23362.4,0
2026-09-22 15:12:00,23362.05,23363.15,23350.65,23360.5,0
2026-09-22 15:13:00,23361.0,23361.2,23349.7,23353.8,0
2026-09-22 15:14:00,23353.45,23358.25,23346.7,23349.55,0
2026-09-22 15:20:00,23416.05,23421.45,23127.75,23190.0,0
2026-09-22 15:21:00,23190.0,23254.55,23188.75,23251.4,0
2026-09-22 15:22:00,23251.4,23283.85,23251.35,23282.05,0
2026-09-22 15:23:00,23282.05,23295.05,23282.05,23295.0,0
2026-09-22 15:24:00,23295.0,23311.0,23294.85,23309.95,0
2026-09-22 15:25:00,23309.95,23314.85,23308.95,23311.1,0
2026-09-22 15:26:00,23311.1,23329.25,23310.95,23329.1,0
2026-09-22 15:27:00,23329.1,23332.35,23327.55,23329.3,0
2026-09-22 15:28:00,23329.0,23329.0,23329.0,23329.0,0
2026-09-23 09:15:00,23352.15,23404.4,23351.75,23354.8,0
2026-09-23 09:16:00,23356.3,23374.85,23355.3,23372.4,0
2026-09-23 09:17:00,23373.85,23392.65,23372.7,23391.45,0
2026-09-23 09:18:00,23392.55,23404.9,23390.75,23391.95,0
2026-09-23 09:19:00,23394.15,23409.8,23391.2,23406.35,0
2026-09-23 09:20:00,23407.85,23413.2,23405.75,23407.25,0
2026-09-23 09:21:00,23410.1,23414.55,23407.3,23409.1,0
2026-09-23 09:22:00,23411.4,23412.65,23400.2,23402.05,0
2026-09-23 09:23:00,23402.45,23404.45,23394.55,23396.35,0
2026-09-23 09:24:00,23396.85,23396.9,23389.2,23390.25,0
2026-09-23 09:25:00,23391.15,23392.35,23376.3,23380.9,0
2026-09-23 09:26:00,23383.1,23384.5,23375.75,23375.9,0
2026-09-23 09:27:00,23377.6,23379.85,23373.65,23374.75,0
2026-09-23 09:28:00,23375.25,23378.65,23367.7,23369.5,0
2026-09-23 09:29:00,23371.1,23374.75,23366.25,23367.85,0
2026-09-23 09:30:00,23369.3,23373.45,23368.5,23372.45,0
2026-09-23 09:31:00,23373.55,23373.65,23363.85,23364.6,0
2026-09-23 09:32:00,23366.25,23369.05,23364.4,23366.3,0
2026-09-23 09:33:00,23368.4,23369.9,23364.95,23367.3,0
2026-09-23 09:34:00,23369.05,23373.5,23366.35,23373.5,0
2026-09-23 09:35:00,23374.35,23380.0,23367.55,23370.05,0
2026-09-23 09:36:00,23371.75,23375.65,23362.7,23369.15,0
2026-09-23 09:37:00,23370.0,23374.55,23369.15,23374.5,0
2026-09-23 09:38:00,23375.0,23376.75,23373.6,23374.15,0
2026-09-23 09:39:00,23376.75,23377.8,23367.6,23369.75,0
2026-09-23 09:40:00,23370.95,23380.7,23370.95,23376.8,0
2026-09-23 09:41:00,23377.6,23379.0,23375.45,23376.65,0
2026-09-23 09:42:00,23378.05,23380.0,23376.05,23379.45,0
2026-09-23 09:43:00,23380.9,23381.1,23377.75,23379.55,0
2026-09-23 09:44:00,23380.5,23381.35,23375.0,23378.0,0
2026-09-23 09:45:00,23380.45,23386.05,23379.35,23381.85,0
2026-09-23 09:46:00,23382.45,23383.15,23380.55,23382.1,0
2026-09-23 09:47:00,23383.4,23386.45,23381.5,23386.45,0
2026-09-23 09:48:00,23386.35,23388.8,23372.45,23372.85,0
2026-09-23 09:49:00,23374.45,23374.45,23358.85,23364.95,0
2026-09-23 09:50:00,23366.15,23369.0,23363.15,23364.1,0
2026-09-23 09:51:00,23365.95,23365.95,23359.65,23362.65,0
2026-09-23 09:52:00,23363.35,23364.6,23360.05,23362.0,0
2026-09-23 09:53:00,23363.8,23368.6,23359.5,23359.65,0
2026-09-23 09:54:00,23361.7,23361.7,23349.55,23352.6,0
2026-09-23 09:55:00,23353.75,23359.0,23351.85,23357.55,0
2026-09-23 09:56:00,23358.95,23367.5,23358.25,23366.5,0
2026-09-23 09:57:00,23367.35,23373.8,23366.8,23370.55,0
2026-09-23 09:58:00,23372.25,23372.3,23367.25,23371.35,0
2026-09-23 09:59:00,23372.15,23377.5,23371.15,23377.05,0
2026-09-23 10:00:00,23377.85,23384.0,23376.6,23380.3,0
2026-09-23 10:01:00,23380.8,23380.8,23376.05,23376.05,0
2026-09-23 10:02:00,23378.35,23378.75,23370.35,23373.3,0
2026-09-23 10:03:00,23375.0,23376.9,23371.65,23376.75,0
2026-09-23 10:04:00,23378.6,23378.7,23374.95,23376.65,0
2026-09-23 10:05:00,23378.05,23380.45,23376.1,23377.75,0
2026-09-23 10:06:00,23380.7,23381.3,23377.65,23378.5,0
2026-09-23 10:07:00,23379.65,23379.65,23372.55,23373.0,0
2026-09-23 10:08:00,23373.7,23376.4,23371.15,23372.45,0
2026-09-23 10:09:00,23373.9,23373.9,23366.7,23366.85,0
2026-09-23 10:10:00,23369.0,23369.9,23365.25,23366.9,0
2026-09-23 10:11:00,23367.7,23367.7,23357.45,23357.9,0
2026-09-23 10:12:00,23360.15,23362.2,23355.6,23358.85,0
2026-09-23 10:13:00,23360.25,23366.15,23358.95,23364.7,0
2026-09-23 10:14:00,23365.8,23367.05,23363.15,23364.85,0
2026-09-23 10:15:00,23366.35,23375.25,23365.85,23374.45,0
2026-09-23 10:16:00,23376.45,23382.05,23375.45,23378.85,0
2026-09-23 10:17:00,23380.95,23388.9,23379.05,23385.45,0
2026-09-23 10:18:00,23387.45,23395.5,23385.35,23392.5,0
2026-09-23 10:19:00,23392.55,23393.9,23387.95,23393.25,0
2026-09-23 10:20:00,23394.05,23400.0,23391.35,23394.85,0
2026-09-23 10:21:00,23395.3,23397.4,23393.45,23394.85,0
2026-09-23 10:22:00,23396.1,23396.1,23390.15,23390.55,0
2026-09-23 10:23:00,23391.75,23394.75,23390.3,23393.85,0
2026-09-23 10:24:00,23395.75,23396.65,23391.95,23393.1,0
2026-09-23 10:25:00,23394.35,23394.35,23387.95,23389.4,0
2026-09-23 10:26:00,23390.75,23392.95,23387.9,23391.7,0
2026-09-23 10:27:00,23393.4,23397.6,23391.75,23396.45,0
2026-09-23 10:28:00,23397.7,23401.15,23396.15,23397.8,0
2026-09-23 10:29:00,23400.2,23400.6,23396.9,23398.4,0
2026-09-23 10:30:00,23399.35,23401.15,23398.5,23400.05,0
2026-09-23 10:31:00,23401.4,23403.55,23399.9,23400.6,0
2026-09-23 10:32:00,23401.85,23402.2,23399.75,23401.3,0
2026-09-23 10:33:00,23402.8,23404.3,23399.8,23402.75,0
2026-09-23 10:34:00,23404.2,23404.2,23398.5,23399.75,0
2026-09-23 10:35:00,23400.65,23400.65,23398.6,23400.05,0
2026-09-23 10:36:00,23398.7,23404.8,23397.15,23404.05,0
2026-09-23 10:37:00,23405.55,23405.85,23403.35,23404.15,0
2026-09-23 10:38:00,23409.45,23411.35,23407.75,23409.9,0
2026-09-23 10:39:00,23411.55,23412.25,23409.4,23410.2,0
2026-09-23 10:40:00,23411.85,23411.85,23406.45,23410.1,0
2026-09-23 10:41:00,23412.05,23412.05,23406.3,23408.0,0
2026-09-23 10:42:00,23408.8,23409.55,23406.15,23408.05,0
2026-09-23 10:43:00,23409.15,23409.2,23406.35,23409.0,0
2026-09-23 10:44:00,23410.4,23413.7,23408.15,23412.8,0
2026-09-23 10:45:00,23414.15,23418.25,23411.1,23416.85,0
2026-09-23 10:46:00,23418.1,23419.7,23415.35,23417.0,0
2026-09-23 10:47:00,23417.9,23419.15,23415.8,23418.35,0
2026-09-23 10:48:00,23419.8,23421.3,23417.5,23419.65,0
2026-09-23 10:49:00,23421.3,23421.5,23415.1,23416.7,0
2026-09-23 10:50:00,23417.4,23419.25,23415.8,23417.75,0
2026-09-23 10:51:00,23419.05,23419.9,23413.85,23414.15,0
2026-09-23 10:52:00,23416.0,23417.45,23413.55,23415.65,0
2026-09-23 10:53:00,23416.55,23419.6,23413.45,23418.65,0
2026-09-23 10:54:00,23420.25,23420.75,23416.05,23416.75,0
2026-09-23 10:55:00,23418.1,23419.75,23415.8,23418.35,0
2026-09-23 10:56:00,23420.8,23424.0,23418.6,23420.3,0
2026-09-23 10:57:00,23421.95,23423.3,23416.45,23417.65,0
2026-09-23 10:58:00,23419.75,23419.75,23414.95,23415.55,0
2026-09-23 10:59:00,23417.4,23417.5,23412.5,23415.5,0
2026-09-23 11:00:00,23416.35,23418.0,23413.65,23417.05,0
2026-09-23 11:01:00,23418.55,23419.7,23415.9,23417.8,0
2026-09-23 11:02:00,23419.15,23420.05,23417.55,23418.25,0
2026-09-23 11:03:00,23420.25,23420.75,23417.7,23418.1,0
2026-09-23 11:04:00,23419.35,23420.2,23413.85,23417.35,0
2026-09-23 11:05:00,23419.75,23422.9,23416.15,23421.8,0
2026-09-23 11:06:00,23423.95,23430.6,23422.05,23429.3,0
2026-09-23 11:07:00,23430.75,23432.6,23427.8,23430.75,0
2026-09-23 11:08:00,23432.05,23432.05,23425.05,23426.65,0
2026-09-23 11:09:00,23428.9,23428.9,23424.5,23427.0,0
2026-09-23 11:10:00,23428.65,23432.55,23426.1,23430.8,0
2026-09-23 11:11:00,23432.95,23433.55,23428.55,23429.85,0
2026-09-23 11:12:00,23431.25,23435.6,23428.75,23434.95,0
2026-09-23 11:13:00,23436.3,23441.25,23433.75,23436.4,0
2026-09-23 11:14:00,23438.6,23438.75,23435.45,23435.95,0
2026-09-23 11:15:00,23437.4,23437.4,23428.45,23429.45,0
2026-09-23 11:16:00,23430.75,23430.8,23426.05,23427.25,0
2026-09-23 11:17:00,23429.3,23429.95,23422.3,23422.8,0
2026-09-23 11:18:00,23424.45,23424.45,23420.1,23422.5,0
2026-09-23 11:19:00,23424.0,23426.15,23421.55,23422.6,0
2026-09-23 11:20:00,23424.45,23430.4,23422.35,23429.55,0
2026-09-23 11:21:00,23431.35,23431.4,23425.2,23426.5,0
2026-09-23 11:22:00,23428.55,23430.05,23426.35,23427.75,0
2026-09-23 11:23:00,23428.45,23429.2,23426.65,23427.55,0
2026-09-23 11:24:00,23428.95,23428.95,23426.1,23427.3,0
2026-09-23 11:25:00,23429.05,23431.05,23426.15,23429.3,0
2026-09-23 11:26:00,23431.1,23435.05,23429.5,23432.3,0
2026-09-23 11:27:00,23434.9,23435.55,23428.5,23429.35,0
2026-09-23 11:28:00,23430.95,23430.95,23423.85,23426.0,0
2026-09-23 11:29:00,23426.9,23428.85,23425.35,23427.8,0
2026-09-23 11:30:00,23429.0,23436.65,23427.05,23435.3,0
2026-09-23 11:31:00,23436.95,23437.2,23433.05,23435.3,0
2026-09-23 11:32:00,23437.75,23442.05,23435.95,23441.05,0
2026-09-23 11:33:00,23442.1,23442.8,23438.6,23442.6,0
2026-09-23 11:34:00,23443.95,23445.9,23438.95,23440.4,0
2026-09-23 11:35:00,23441.5,23441.5,23433.35,23434.65,0
2026-09-23 11:36:00,23435.95,23439.0,23433.8,23437.75,0
2026-09-23 11:37:00,23439.2,23442.45,23438.3,23440.25,0
2026-09-23 11:38:00,23441.15,23441.15,23436.9,23440.1,0
2026-09-23 11:39:00,23441.3,23441.3,23434.9,23436.65,0
2026-09-23 11:40:00,23438.65,23439.15,23434.55,23436.25,0
2026-09-23 11:41:00,23437.65,23440.5,23435.65,23436.95,0
2026-09-23 11:42:00,23439.15,23439.2,23434.75,23435.95,0
2026-09-23 11:43:00,23437.25,23438.9,23435.5,23438.7,0
2026-09-23 11:44:00,23438.95,23439.1,23435.6,23438.55,0
2026-09-23 11:45:00,23439.9,23443.2,23438.55,23439.4,0
2026-09-23 11:46:00,23441.05,23442.0,23437.95,23440.85,0
2026-09-23 11:47:00,23442.4,23443.9,23440.15,23443.4,0
2026-09-23 11:48:00,23444.4,23444.4,23435.8,23438.4,0
2026-09-23 11:49:00,23439.9,23441.55,23434.2,23434.55,0
2026-09-23 11:50:00,23436.05,23436.35,23426.6,23429.0,0
2026-09-23 11:51:00,23430.9,23431.9,23426.9,23427.95,0
2026-09-23 11:52:00,23429.35,23431.45,23426.4,23430.25,0
2026-09-23 11:53:00,23432.45,23432.8,23427.95,23428.7,0
2026-09-23 11:54:00,23430.15,23431.25,23427.1,23427.6,0
2026-09-23 11:55:00,23430.0,23430.55,23426.5,23427.55,0
2026-09-23 11:56:00,23429.3,23430.8,23425.9,23429.9,0
2026-09-23 11:57:00,23430.45,23431.1,23424.3,23424.7,0
2026-09-23 11:58:00,23426.9,23428.3,23424.65,23426.55,0
2026-09-23 11:59:00,23427.7,23430.1,23425.9,23428.95,0
2026-09-23 12:00:00,23431.2,23433.35,23429.35,23432.5,0
2026-09-23 12:01:00,23433.15,23439.7,23431.8,23439.4,0
2026-09-23 12:02:00,23439.75,23444.0,23438.45,23443.35,0
2026-09-23 12:03:00,23445.1,23448.8,23443.0,23447.9,0
2026-09-23 12:04:00,23449.3,23449.8,23445.25,23448.05,0
2026-09-23 12:05:00,23448.8,23451.05,23446.7,23448.6,0
2026-09-23 12:06:00,23449.65,23455.4,23448.1,23454.55,0
2026-09-23 12:07:00,23456.0,23456.25,23447.5,23447.85,0
2026-09-23 12:08:00,23450.9,23450.9,23446.95,23447.65,0
2026-09-23 12:09:00,23449.6,23449.6,23444.9,23448.4,0
2026-09-23 12:10:00,23449.15,23454.55,23447.45,23454.25,0
2026-09-23 12:11:00,23454.95,23457.45,23451.85,23454.6,0
2026-09-23 12:12:00,23456.4,23458.25,23454.6,23458.1,0
2026-09-23 12:13:00,23459.05,23462.9,23455.65,23458.85,0
2026-09-23 12:14:00,23459.8,23461.95,23456.8,23458.1,0
2026-09-23 12:15:00,23459.4,23459.5,23455.95,23458.05,0
2026-09-23 12:16:00,23459.5,23460.2,23455.1,23457.1,0
2026-09-23 12:17:00,23459.35,23461.0,23456.0,23456.5,0
2026-09-23 12:18:00,23457.85,23460.85,23454.75,23460.65,0
2026-09-23 12:19:00,23461.9,23463.8,23457.5,23462.55,0
2026-09-23 12:20:00,23465.35,23466.9,23460.05,23462.85,0
2026-09-23 12:21:00,23463.95,23464.0,23459.15,23460.15,0
2026-09-23 12:22:00,23462.25,23462.25,23457.25,23458.6,0
2026-09-23 12:23:00,23461.15,23461.15,23454.5,23455.3,0
2026-09-23 12:24:00,23457.35,23457.35,23451.55,23453.7,0
2026-09-23 12:25:00,23455.8,23456.4,23448.6,23450.4,0
2026-09-23 12:26:00,23451.85,23452.85,23448.3,23448.6,0
2026-09-23 12:27:00,23449.3,23455.3,23447.05,23453.3,0
2026-09-23 12:28:00,23454.35,23456.45,23451.85,23452.95,0
2026-09-23 12:29:00,23454.3,23454.7,23448.1,23449.5,0
2026-09-23 12:30:00,23451.15,23452.95,23448.15,23449.15,0
2026-09-23 12:31:00,23449.9,23450.65,23444.85,23445.3,0
2026-09-23 12:32:00,23447.5,23447.95,23443.7,23446.15,0
2026-09-23 12:33:00,23447.4,23450.7,23445.6,23449.4,0
2026-09-23 12:34:00,23451.1,23451.15,23447.85,23449.1,0
2026-09-23 12:35:00,23450.7,23456.05,23449.4,23452.7,0
2026-09-23 12:36:00,23454.0,23454.0,23449.25,23449.45,0
2026-09-23 12:37:00,23450.45,23452.45,23448.25,23449.35,0
2026-09-23 12:38:00,23451.0,23451.0,23448.05,23450.5,0
2026-09-23 12:39:00,23451.5,23451.8,23447.5,23450.45,0
2026-09-23 12:40:00,23451.4,23452.4,23449.65,23451.1,0
2026-09-23 12:41:00,23452.65,23453.25,23450.95,23451.2,0
2026-09-23 12:42:00,23452.3,23452.6,23450.35,23452.45,0
2026-09-23 12:43:00,23453.0,23453.0,23450.55,23451.45,0
2026-09-23 12:44:00,23449.7,23452.15,23447.8,23448.85,0
2026-09-23 12:45:00,23449.85,23451.5,23446.8,23449.6,0
2026-09-23 12:46:00,23450.95,23450.95,23443.25,23444.85,0
2026-09-23 12:47:00,23445.0,23446.35,23442.25,23443.3,0
2026-09-23 12:48:00,23444.2,23445.0,23440.45,23443.75,0
2026-09-23 12:49:00,23444.85,23447.2,23442.85,23446.5,0
2026-09-23 12:50:00,23447.8,23449.5,23445.35,23448.85,0
2026-09-23 12:51:00,23449.55,23452.05,23446.55,23448.3,0
2026-09-23 12:52:00,23449.25,23450.55,23445.75,23449.55,0
2026-09-23 12:53:00,23450.8,23451.2,23444.6,23445.95,0
2026-09-23 12:54:00,23446.3,23446.8,23442.55,23444.5,0
2026-09-23 12:55:00,23446.05,23447.85,23443.0,23443.85,0
2026-09-23 12:56:00,23444.9,23448.2,23442.7,23446.35,0
2026-09-23 12:57:00,23448.3,23450.1,23445.15,23448.45,0
2026-09-23 12:58:00,23449.6,23452.0,23446.75,23450.15,0
2026-09-23 12:59:00,23451.75,23454.05,23450.05,23453.0,0
2026-09-23 13:00:00,23454.05,23454.05,23449.6,23452.35,0
2026-09-23 13:01:00,23453.2,23455.45,23450.15,23451.65,0
2026-09-23 13:02:00,23452.45,23456.15,23451.1,23455.65,0
2026-09-23 13:03:00,23456.1,23458.4,23453.85,23457.25,0
2026-09-23 13:04:00,23457.65,23458.55,23453.85,23455.7,0
2026-09-23 13:05:00,23456.15,23457.8,23448.65,23451.15,0
2026-09-23 13:06:00,23451.95,23452.9,23448.45,23451.3,0
2026-09-23 13:07:00,23451.9,23456.9,23450.45,23455.75,0
2026-09-23 13:08:00,23456.95,23458.6,23454.05,23455.3,0
2026-09-23 13:09:00,23455.55,23455.75,23448.0,23448.75,0
2026-09-23 13:10:00,23450.4,23451.25,23446.1,23447.7,0
2026-09-23 13:11:00,23448.35,23448.35,23440.8,23443.9,0
2026-09-23 13:12:00,23444.65,23448.6,23443.05,23445.25,0
2026-09-23 13:13:00,23446.05,23446.15,23441.95,23443.65,0
2026-09-23 13:14:00,23445.1,23446.85,23441.75,23446.3,0
2026-09-23 13:15:00,23446.75,23448.0,23444.3,23447.6,0
2026-09-23 13:16:00,23448.3,23450.5,23446.55,23449.35,0
2026-09-23 13:17:00,23450.3,23451.35,23445.6,23447.35,0
2026-09-23 13:18:00,23448.1,23450.2,23445.45,23446.9,0
2026-09-23 13:19:00,23447.8,23449.0,23446.0,23447.65,0
2026-09-23 13:20:00,23449.15,23449.15,23446.4,23448.3,0
2026-09-23 13:21:00,23448.9,23449.35,23446.3,23447.4,0
2026-09-23 13:22:00,23448.9,23452.1,23446.75,23449.35,0
2026-09-23 13:23:00,23450.75,23452.65,23448.25,23451.95,0
2026-09-23 13:24:00,23452.65,23452.75,23449.8,23450.85,0
2026-09-23 13:25:00,23451.8,23453.55,23449.4,23450.35,0
2026-09-23 13:26:00,23451.75,23453.75,23449.2,23450.95,0
2026-09-23 13:27:00,23452.45,23453.45,23447.35,23448.2,0
2026-09-23 13:28:00,23449.75,23449.75,23445.9,23447.75,0
2026-09-23 13:29:00,23448.65,23450.0,23438.45,23439.4,0
2026-09-23 13:30:00,23440.1,23440.75,23434.3,23435.7,0
2026-09-23 13:31:00,23436.35,23437.25,23430.05,23431.0,0
2026-09-23 13:32:00,23432.6,23435.1,23428.95,23429.6,0
2026-09-23 13:33:00,23430.65,23432.75,23426.9,23426.9,0
2026-09-23 13:34:00,23428.75,23428.8,23424.55,23424.55,0
2026-09-23 13:35:00,23426.65,23426.65,23418.35,23418.65,0
2026-09-23 13:36:00,23420.15,23420.85,23417.6,23419.85,0
2026-09-23 13:37:00,23421.2,23426.45,23419.5,23425.05,0
2026-09-23 13:38:00,23426.1,23426.7,23421.3,23423.3,0
2026-09-23 13:39:00,23425.25,23426.4,23422.9,23424.95,0
2026-09-23 13:40:00,23426.3,23427.3,23423.15,23425.2,0
2026-09-23 13:41:00,23426.95,23427.6,23424.2,23427.6,0
2026-09-23 13:42:00,23428.8,23431.25,23427.1,23429.2,0
2026-09-23 13:43:00,23430.0,23430.55,23427.85,23429.7,0
2026-09-23 13:44:00,23431.4,23431.4,23427.95,23431.05,0
2026-09-23 13:45:00,23432.1,23432.15,23430.45,23431.45,0
2026-09-23 13:46:00,23432.5,23432.5,23428.45,23429.3,0
2026-09-23 13:47:00,23430.7,23431.45,23426.7,23427.95,0
2026-09-23 13:48:00,23428.8,23429.8,23426.75,23429.4,0
2026-09-23 13:49:00,23430.15,23431.25,23428.3,23430.8,0
2026-09-23 13:50:00,23431.4,23431.5,23428.95,23429.45,0
2026-09-23 13:51:00,23430.75,23430.75,23424.5,23425.0,0
2026-09-23 13:52:00,23425.7,23426.55,23422.65,23423.3,0
2026-09-23 13:53:00,23424.5,23427.35,23422.2,23426.05,0
2026-09-23 13:54:00,23427.15,23428.1,23425.55,23428.0,0
2026-09-23 13:55:00,23428.3,23430.35,23426.8,23427.8,0
2026-09-23 13:56:00,23428.55,23428.55,23423.4,23424.65,0
2026-09-23 13:57:00,23425.35,23425.65,23422.4,23424.4,0
2026-09-23 13:58:00,23425.65,23425.65,23422.15,23424.05,0
2026-09-23 13:59:00,23425.5,23426.55,23423.8,23426.55,0
2026-09-23 14:00:00,23427.05,23430.5,23425.95,23428.85,0
2026-09-23 14:01:00,23429.65,23430.25,23427.5,23428.45,0
2026-09-23 14:02:00,23429.9,23432.05,23428.0,23429.6,0
2026-09-23 14:03:00,23431.3,23437.65,23430.55,23435.0,0
2026-09-23 14:04:00,23436.55,23436.8,23432.95,23435.1,0
2026-09-23 14:05:00,23435.5,23437.65,23433.9,23435.1,0
2026-09-23 14:06:00,23436.65,23438.4,23434.4,23437.8,0
2026-09-23 14:07:00,23438.55,23441.75,23434.8,23440.15,0
2026-09-23 14:08:00,23441.0,23441.0,23438.1,23440.0,0
2026-09-23 14:09:00,23440.95,23443.05,23439.05,23442.8,0
2026-09-23 14:10:00,23443.7,23445.7,23441.15,23444.55,0
2026-09-23 14:11:00,23445.8,23449.2,23444.45,23448.25,0
2026-09-23 14:12:00,23449.5,23451.45,23447.95,23450.75,0
2026-09-23 14:13:00,23450.6,23451.15,23448.5,23449.65,0
2026-09-23 14:14:00,23450.8,23451.9,23447.7,23451.65,0
2026-09-23 14:15:00,23452.55,23452.75,23448.75,23449.15,0
2026-09-23 14:16:00,23450.1,23450.1,23445.85,23446.6,0
2026-09-23 14:17:00,23448.05,23448.05,23444.05,23445.1,0
2026-09-23 14:18:00,23446.3,23446.3,23443.45,23445.1,0
2026-09-23 14:19:00,23446.5,23446.65,23443.1,23444.1,0
2026-09-23 14:20:00,23445.0,23445.0,23439.35,23440.0,0
2026-09-23 14:21:00,23441.75,23443.3,23439.25,23442.25,0
2026-09-23 14:22:00,23443.2,23444.8,23439.05,23443.7,0
2026-09-23 14:23:00,23444.1,23451.0,23442.6,23449.95,0
2026-09-23 14:24:00,23450.6,23450.6,23447.55,23449.45,0
2026-09-23 14:25:00,23449.2,23449.6,23445.5,23447.65,0
2026-09-23 14:26:00,23448.9,23450.1,23446.8,23448.4,0
2026-09-23 14:27:00,23449.75,23452.25,23448.7,23451.0,0
2026-09-23 14:28:00,23452.35,23456.1,23450.15,23453.9,0
2026-09-23 14:29:00,23456.5,23458.8,23452.0,23457.55,0
2026-09-23 14:30:00,23459.3,23459.95,23457.2,23457.6,0
2026-09-23 14:31:00,23459.7,23459.7,23453.25,23453.75,0
2026-09-23 14:32:00,23454.55,23454.75,23452.0,23452.5,0
2026-09-23 14:33:00,23453.45,23453.6,23447.65,23448.45,0
2026-09-23 14:34:00,23449.7,23449.7,23441.9,23442.95,0
2026-09-23 14:35:00,23444.0,23444.0,23434.75,23435.2,0
2026-09-23 14:36:00,23437.35,23437.5,23433.85,23437.1,0
2026-09-23 14:37:00,23438.0,23439.1,23434.5,23438.5,0
2026-09-23 14:38:00,23439.55,23440.05,23434.8,23438.25,0
2026-09-23 14:39:00,23439.35,23440.25,23437.65,23438.85,0
2026-09-23 14:40:00,23441.15,23441.7,23434.1,23435.95,0
2026-09-23 14:41:00,23437.55,23437.55,23434.4,23435.85,0
2026-09-23 14:42:00,23436.6,23438.65,23433.25,23436.1,0
2026-09-23 14:43:00,23437.7,23437.7,23429.8,23431.0,0
2026-09-23 14:44:00,23432.2,23432.65,23426.8,23427.6,0
2026-09-23 14:45:00,23428.1,23432.35,23424.95,23430.9,0
2026-09-23 14:46:00,23431.15,23433.8,23429.15,23432.8,0
2026-09-23 14:47:00,23433.25,23433.25,23423.5,23424.2,0
2026-09-23 14:48:00,23424.6,23428.9,23423.45,23428.7,0
2026-09-23 14:49:00,23429.6,23431.7,23428.25,23430.1,0
2026-09-23 14:50:00,23431.0,23431.0,23424.05,23426.9,0
2026-09-23 14:51:00,23427.85,23433.65,23426.25,23431.4,0
2026-09-23 14:52:00,23431.5,23434.25,23429.35,23430.0,0
2026-09-23 14:53:00,23429.1,23432.4,23426.9,23431.6,0
2026-09-23 14:54:00,23431.1,23434.4,23429.95,23432.3,0
2026-09-23 14:55:00,23432.1,23435.4,23432.0,23433.25,0
2026-09-23 14:56:00,23432.95,23434.15,23424.8,23425.95,0
2026-09-23 14:57:00,23424.75,23427.7,23421.95,23423.4,0
2026-09-23 14:58:00,23423.55,23425.15,23423.25,23424.6,0
2026-09-23 14:59:00,23419.25,23423.35,23415.9,23422.45,0
2026-09-23 15:00:00,23422.55,23423.8,23419.7,23421.25,0
2026-09-23 15:01:00,23421.75,23427.3,23419.45,23419.9,0
2026-09-23 15:02:00,23420.0,23420.8,23412.9,23414.5,0
2026-09-23 15:03:00,23414.95,23414.95,23408.65,23410.6,0
2026-09-23 15:04:00,23411.45,23413.7,23408.4,23412.1,0
2026-09-23 15:05:00,23412.45,23418.85,23412.45,23417.55,0
2026-09-23 15:06:00,23418.05,23423.0,23416.5,23419.75,0
2026-09-23 15:07:00,23419.65,23421.3,23417.9,23419.95,0
2026-09-23 15:08:00,23421.1,23422.35,23419.1,23419.25,0
2026-09-23 15:09:00,23420.65,23421.5,23416.4,23418.0,0
2026-09-23 15:10:00,23418.9,23419.05,23414.35,23417.85,0
2026-09-23 15:11:00,23417.05,23422.55,23415.35,23421.95,0
2026-09-23 15:12:00,23420.5,23424.7,23416.35,23420.35,0
2026-09-23 15:13:00,23420.85,23424.2,23414.6,23420.0,0
2026-09-23 15:14:00,23416.05,23435.15,23415.8,23431.65,0
2026-09-23 15:20:00,23484.5,23604.15,23484.5,23539.25,0
2026-09-23 15:21:00,23539.25,23539.25,23485.0,23485.15,0
2026-09-23 15:22:00,23485.15,23489.0,23468.95,23469.05,0
2026-09-23 15:23:00,23469.05,23469.05,23457.5,23463.3,0
2026-09-23 15:24:00,23463.3,23463.3,23457.0,23457.0,0
2026-09-23 15:25:00,23457.0,23457.6,23454.05,23454.85,0
2026-09-23 15:26:00,23454.85,23454.85,23451.4,23451.4,0
2026-09-23 15:27:00,23451.4,23452.45,23447.45,23447.45,0
2026-09-23 15:28:00,23447.45,23447.9,23446.0,23446.85,0
2026-09-23 15:29:00,23446.8,23446.8,23446.8,23446.8,0
2026-09-24 09:15:00,23221.8,23281.95,23205.45,23258.6,0
2026-09-24 09:16:00,23258.0,23258.9,23232.55,23235.6,0
2026-09-24 09:17:00,23235.85,23243.8,23230.3,23235.8,0
2026-09-24 09:18:00,23235.4,23246.0,23231.05,23242.3,0
2026-09-24 09:19:00,23241.95,23245.6,23223.1,23227.0,0
2026-09-24 09:20:00,23226.95,23231.05,23220.55,23227.35,0
2026-09-24 09:21:00,23227.85,23240.65,23222.95,23238.8,0
2026-09-24 09:22:00,23239.75,23251.8,23238.2,23249.15,0
2026-09-24 09:23:00,23249.8,23253.3,23242.45,23246.25,0
2026-09-24 09:24:00,23246.55,23252.85,23242.1,23243.35,0
2026-09-24 09:25:00,23243.05,23243.65,23234.45,23242.75,0
2026-09-24 09:26:00,23242.6,23251.15,23238.3,23246.3,0
2026-09-24 09:27:00,23246.5,23249.25,23244.05,23247.1,0
2026-09-24 09:28:00,23247.25,23253.2,23245.2,23252.2,0
2026-09-24 09:29:00,23252.35,23261.55,23249.65,23260.2,0
2026-09-24 09:30:00,23260.55,23261.75,23251.25,23256.6,0
2026-09-24 09:31:00,23256.7,23261.0,23254.45,23260.95,0
2026-09-24 09:32:00,23261.2,23272.0,23260.2,23267.55,0
2026-09-24 09:33:00,23267.4,23268.85,23256.95,23262.65,0
2026-09-24 09:34:00,23262.9,23265.5,23260.75,23264.1,0
2026-09-24 09:35:00,23264.5,23269.9,23262.55,23267.05,0
2026-09-24 09:36:00,23266.95,23271.1,23264.65,23270.25,0
2026-09-24 09:37:00,23270.15,23271.6,23264.7,23264.7,0
2026-09-24 09:38:00,23265.45,23267.15,23254.1,23254.1,0
2026-09-24 09:39:00,23253.9,23256.6,23246.9,23247.2,0
2026-09-24 09:40:00,23247.4,23249.95,23236.6,23244.45,0
2026-09-24 09:41:00,23244.2,23244.2,23233.15,23235.15,0
2026-09-24 09:42:00,23235.4,23239.85,23229.85,23237.4,0
2026-09-24 09:43:00,23237.6,23238.5,23225.15,23228.5,0
2026-09-24 09:44:00,23228.65,23229.6,23224.9,23226.75,0
2026-09-24 09:45:00,23226.7,23229.65,23218.8,23228.6,0
2026-09-24 09:46:00,23228.7,23233.7,23220.2,23221.6,0
2026-09-24 09:47:00,23221.7,23223.8,23217.1,23218.5,0
2026-09-24 09:48:00,23218.65,23227.5,23216.65,23226.55,0
2026-09-24 09:49:00,23226.0,23238.4,23224.15,23237.95,0
2026-09-24 09:50:00,23237.55,23239.35,23229.75,23233.5,0
2026-09-24 09:51:00,23234.15,23235.5,23224.1,23224.85,0
2026-09-24 09:52:00,23224.7,23228.65,23223.15,23225.6,0
2026-09-24 09:53:00,23226.6,23229.85,23218.1,23219.1,0
2026-09-24 09:54:00,23219.6,23222.35,23217.65,23218.45,0
2026-09-24 09:55:00,23218.5,23218.5,23208.9,23214.6,0
2026-09-24 09:56:00,23214.7,23223.05,23212.9,23220.95,0
2026-09-24 09:57:00,23221.6,23222.8,23217.25,23220.6,0
2026-09-24 09:58:00,23220.85,23227.7,23218.45,23226.9,0
2026-09-24 09:59:00,23226.15,23227.25,23221.4,23225.5,0
2026-09-24 10:00:00,23225.9,23230.45,23224.0,23229.0,0
2026-09-24 10:01:00,23229.1,23233.2,23227.4,23229.6,0
2026-09-24 10:02:00,23230.2,23233.5,23226.1,23233.05,0
2026-09-24 10:03:00,23233.4,23238.95,23231.35,23236.75,0
2026-09-24 10:04:00,23236.65,23237.8,23234.45,23235.65,0
2026-09-24 10:05:00,23235.8,23235.8,23227.9,23234.0,0
2026-09-24 10:06:00,23233.9,23233.9,23228.8,23229.25,0
2026-09-24 10:07:00,23229.45,23232.8,23227.95,23232.3,0
2026-09-24 10:08:00,23232.25,23242.85,23230.8,23241.35,0
2026-09-24 10:09:00,23241.75,23245.1,23239.7,23239.95,0
2026-09-24 10:10:00,23240.0,23240.6,23229.45,23231.1,0
2026-09-24 10:11:00,23231.2,23235.85,23225.45,23234.25,0
2026-09-24 10:12:00,23234.7,23234.7,23225.9,23225.9,0
2026-09-24 10:13:00,23226.0,23230.05,23223.55,23229.1,0
2026-09-24 10:14:00,23225.7,23226.1,23215.7,23218.5,0
2026-09-24 10:15:00,23218.8,23222.55,23215.1,23216.5,0
2026-09-24 10:16:00,23216.3,23222.2,23215.45,23216.25,0
2026-09-24 10:17:00,23216.6,23216.6,23205.25,23209.65,0
2026-09-24 10:18:00,23210.25,23215.9,23208.75,23214.0,0
2026-09-24 10:19:00,23214.7,23220.75,23210.25,23220.5,0
2026-09-24 10:20:00,23220.75,23223.15,23215.15,23217.55,0
2026-09-24 10:21:00,23217.6,23217.7,23206.6,23207.9,0
2026-09-24 10:22:00,23208.05,23209.3,23197.3,23197.85,0
2026-09-24 10:23:00,23197.7,23202.7,23196.45,23201.85,0
2026-09-24 10:24:00,23202.0,23211.75,23200.0,23209.7,0
2026-09-24 10:25:00,23209.9,23209.9,23202.55,23204.05,0
2026-09-24 10:26:00,23204.95,23210.3,23202.2,23210.15,0
2026-09-24 10:27:00,23209.95,23212.8,23207.4,23208.4,0
2026-09-24 10:28:00,23207.85,23211.85,23204.35,23207.45,0
2026-09-24 10:29:00,23207.5,23213.3,23207.25,23210.55,0
2026-09-24 10:30:00,23210.65,23214.9,23209.85,23213.25,0
2026-09-24 10:31:00,23213.35,23218.9,23212.35,23218.25,0
2026-09-24 10:32:00,23218.45,23223.8,23217.75,23223.55,0
2026-09-24 10:33:00,23223.75,23230.05,23222.1,23229.25,0
2026-09-24 10:34:00,23229.35,23230.65,23223.25,23228.15,0
2026-09-24 10:35:00,23228.75,23229.9,23218.3,23220.0,0
2026-09-24 10:36:00,23220.05,23231.9,23219.35,23230.75,0
2026-09-24 10:37:00,23231.65,23233.35,23228.05,23233.15,0
2026-09-24 10:38:00,23233.1,23236.0,23227.9,23228.85,0
2026-09-24 10:39:00,23229.2,23231.4,23225.2,23230.35,0
2026-09-24 10:40:00,23230.3,23230.5,23220.4,23222.05,0
2026-09-24 10:41:00,23221.9,23224.8,23218.95,23221.55,0
2026-09-24 10:42:00,23221.7,23224.6,23217.65,23222.6,0
2026-09-24 10:43:00,23222.95,23224.9,23211.5,23212.95,0
2026-09-24 10:44:00,23211.7,23219.35,23211.0,23218.5,0
2026-09-24 10:45:00,23218.65,23223.6,23215.8,23220.9,0
2026-09-24 10:46:00,23220.75,23224.95,23219.95,23222.3,0
2026-09-24 10:47:00,23222.2,23228.4,23221.1,23226.85,0
2026-09-24 10:48:00,23226.95,23227.65,23220.5,23223.1,0
2026-09-24 10:49:00,23223.4,23229.25,23221.7,23228.55,0
2026-09-24 10:50:00,23229.65,23232.45,23226.5,23231.9,0
2026-09-24 10:51:00,23231.75,23235.4,23229.05,23230.65,0
2026-09-24 10:52:00,23230.8,23236.25,23229.75,23235.1,0
2026-09-24 10:53:00,23235.5,23239.3,23233.45,23236.4,0
2026-09-24 10:54:00,23236.55,23238.95,23233.9,23237.05,0
2026-09-24 10:55:00,23237.55,23242.3,23235.55,23240.65,0
2026-09-24 10:56:00,23241.15,23242.75,23235.05,23236.25,0
2026-09-24 10:57:00,23235.7,23239.05,23233.9,23236.45,0
2026-09-24 10:58:00,23237.05,23239.3,23234.6,23237.1,0
2026-09-24 10:59:00,23236.95,23241.75,23234.95,23240.2,0
2026-09-24 11:00:00,23241.05,23241.8,23232.4,23232.95,0
2026-09-24 11:01:00,23233.05,23240.0,23232.1,23235.8,0
2026-09-24 11:02:00,23235.85,23239.5,23234.85,23238.45,0
2026-09-24 11:03:00,23238.0,23238.0,23231.1,23231.25,0
2026-09-24 11:04:00,23231.4,23233.45,23229.3,23233.1,0
2026-09-24 11:05:00,23233.2,23234.6,23227.05,23227.6,0
2026-09-24 11:06:00,23227.7,23227.8,23219.8,23226.55,0
2026-09-24 11:07:00,23226.65,23237.65,23225.8,23236.75,0
2026-09-24 11:08:00,23236.6,23237.25,23229.25,23231.65,0
2026-09-24 11:09:00,23231.85,23231.9,23219.55,23220.55,0
2026-09-24 11:10:00,23221.0,23223.25,23218.5,23222.25,0
2026-09-24 11:11:00,23222.85,23229.55,23221.65,23225.0,0
2026-09-24 11:12:00,23224.9,23227.45,23223.05,23224.45,0
2026-09-24 11:13:00,23224.65,23225.9,23211.85,23213.65,0
2026-09-24 11:14:00,23213.8,23221.4,23213.3,23216.55,0
2026-09-24 11:15:00,23216.25,23227.5,23214.35,23226.55,0
2026-09-24 11:16:00,23226.9,23227.1,23222.0,23225.75,0
2026-09-24 11:17:00,23226.25,23233.1,23224.4,23232.25,0
2026-09-24 11:18:00,23232.7,23239.2,23230.8,23237.4,0
2026-09-24 11:19:00,23237.0,23243.55,23234.85,23243.15,0
2026-09-24 11:20:00,23243.35,23244.7,23231.45,23233.35,0
2026-09-24 11:21:00,23232.6,23232.6,23225.15,23231.45,0
2026-09-24 11:22:00,23231.3,23232.15,23225.2,23229.45,0
2026-09-24 11:23:00,23229.3,23229.9,23225.3,23226.8,0
2026-09-24 11:24:00,23227.15,23227.15,23216.2,23216.95,0
2026-09-24 11:25:00,23216.9,23217.65,23211.9,23215.65,0
2026-09-24 11:26:00,23215.85,23220.45,23214.45,23219.6,0
2026-09-24 11:27:00,23219.65,23224.9,23218.6,23224.45,0
2026-09-24 11:28:00,23224.4,23227.3,23220.6,23222.15,0
2026-09-24 11:29:00,23222.25,23225.3,23221.6,23223.05,0
2026-09-24 11:30:00,23223.35,23224.65,23217.3,23218.35,0
2026-09-24 11:31:00,23218.45,23218.45,23211.2,23211.5,0
2026-09-24 11:32:00,23211.8,23213.25,23203.65,23204.45,0
2026-09-24 11:33:00,23204.7,23213.8,23202.1,23212.8,0
2026-09-24 11:34:00,23212.75,23216.75,23206.3,23207.5,0
2026-09-24 11:35:00,23206.8,23210.7,23205.8,23210.0,0
2026-09-24 11:36:00,23210.4,23215.55,23208.95,23213.75,0
2026-09-24 11:37:00,23213.85,23213.85,23206.65,23209.15,0
2026-09-24 11:38:00,23208.25,23212.95,23206.55,23207.7,0
2026-09-24 11:39:00,23207.9,23210.95,23203.65,23210.95,0
2026-09-24 11:40:00,23211.75,23212.15,23207.1,23210.15,0
2026-09-24 11:41:00,23210.0,23213.45,23207.45,23207.65,0
2026-09-24 11:42:00,23207.7,23209.85,23204.7,23207.45,0
2026-09-24 11:43:00,23208.0,23212.25,23205.6,23210.75,0
2026-09-24 11:44:00,23211.05,23213.3,23208.1,23210.25,0
2026-09-24 11:45:00,23210.9,23213.0,23208.95,23211.05,0
2026-09-24 11:46:00,23210.7,23215.15,23210.0,23212.45,0
2026-09-24 11:47:00,23211.7,23213.15,23208.5,23209.85,0
2026-09-24 11:48:00,23210.15,23212.1,23206.8,23209.65,0
2026-09-24 11:49:00,23210.05,23211.2,23205.85,23206.55,0
2026-09-24 11:50:00,23206.35,23210.5,23205.45,23208.45,0
2026-09-24 11:51:00,23208.5,23208.5,23200.55,23202.35,0
2026-09-24 11:52:00,23203.1,23205.4,23199.65,23201.05,0
2026-09-24 11:53:00,23201.0,23205.0,23198.0,23200.9,0
2026-09-24 11:54:00,23200.1,23204.5,23198.55,23204.5,0
2026-09-24 11:55:00,23204.15,23205.0,23199.7,23201.0,0
2026-09-24 11:56:00,23198.75,23199.4,23193.3,23193.35,0
2026-09-24 11:57:00,23193.45,23194.85,23190.5,23190.85,0
2026-09-24 11:58:00,23191.35,23195.45,23190.3,23192.7,0
2026-09-24 11:59:00,23192.5,23198.5,23191.7,23197.35,0
2026-09-24 12:00:00,23197.4,23197.4,23193.6,23196.25,0
2026-09-24 12:01:00,23196.15,23205.65,23193.7,23204.8,0
2026-09-24 12:02:00,23204.65,23209.35,23203.55,23207.45,0
2026-09-24 12:03:00,23207.15,23209.45,23203.95,23204.85,0
2026-09-24 12:04:00,23204.75,23208.35,23203.25,23208.05,0
2026-09-24 12:05:00,23207.85,23211.3,23206.1,23209.7,0
2026-09-24 12:06:00,23209.85,23212.95,23209.0,23210.45,0
2026-09-24 12:07:00,23210.5,23211.85,23207.85,23209.2,0
2026-09-24 12:08:00,23209.65,23209.8,23203.75,23205.55,0
2026-09-24 12:09:00,23205.7,23210.25,23203.85,23205.85,0
2026-09-24 12:10:00,23206.1,23209.25,23204.45,23207.85,0
2026-09-24 12:11:00,23207.65,23208.65,23205.35,23207.55,0
2026-09-24 12:12:00,23207.4,23210.35,23201.85,23202.3,0
2026-09-24 12:13:00,23202.4,23204.05,23200.6,23201.5,0
2026-09-24 12:14:00,23201.6,23201.6,23194.7,23195.7,0
2026-09-24 12:15:00,23195.6,23202.45,23195.1,23200.2,0
2026-09-24 12:16:00,23200.15,23201.6,23196.45,23197.65,0
2026-09-24 12:17:00,23197.6,23199.3,23196.3,23198.4,0
2026-09-24 12:18:00,23198.45,23199.5,23196.55,23199.3,0
2026-09-24 12:19:00,23199.45,23199.65,23196.05,23198.25,0
2026-09-24 12:20:00,23198.6,23203.6,23198.15,23200.25,0
2026-09-24 12:21:00,23200.3,23200.3,23196.5,23197.95,0
2026-09-24 12:22:00,23198.1,23198.65,23195.2,23196.1,0
2026-09-24 12:23:00,23196.0,23196.0,23187.9,23191.9,0
2026-09-24 12:24:00,23191.7,23196.25,23191.1,23195.4,0
2026-09-24 12:25:00,23195.45,23195.85,23178.1,23179.0,0
2026-09-24 12:26:00,23178.5,23184.35,23174.75,23184.05,0
2026-09-24 12:27:00,23183.7,23184.65,23180.45,23182.75,0
2026-09-24 12:28:00,23182.95,23192.45,23182.5,23191.5,0
2026-09-24 12:29:00,23191.25,23195.1,23186.05,23187.85,0
2026-09-24 12:30:00,23187.95,23191.0,23187.0,23189.05,0
2026-09-24 12:31:00,23189.0,23192.2,23186.95,23187.8,0
2026-09-24 12:32:00,23187.7,23187.7,23173.05,23178.25,0
2026-09-24 12:33:00,23178.45,23182.5,23174.3,23177.15,0
2026-09-24 12:34:00,23177.0,23178.5,23173.8,23175.45,0
2026-09-24 12:35:00,23175.55,23176.95,23167.05,23173.15,0
2026-09-24 12:36:00,23173.2,23179.5,23166.0,23177.6,0
2026-09-24 12:37:00,23177.45,23180.1,23175.55,23178.8,0
2026-09-24 12:38:00,23178.6,23186.1,23177.25,23183.3,0
2026-09-24 12:39:00,23182.95,23183.2,23174.15,23177.0,0
2026-09-24 12:40:00,23176.95,23179.45,23174.6,23178.4,0
2026-09-24 12:41:00,23178.85,23183.95,23177.9,23180.0,0
2026-09-24 12:42:00,23179.9,23180.9,23177.9,23179.0,0
2026-09-24 12:43:00,23178.5,23178.95,23174.45,23174.9,0
2026-09-24 12:44:00,23175.35,23177.25,23171.1,23172.65,0
2026-09-24 12:45:00,23172.6,23173.15,23167.95,23170.65,0
2026-09-24 12:46:00,23170.6,23176.2,23169.8,23172.5,0
2026-09-24 12:47:00,23172.35,23173.3,23167.15,23169.6,0
2026-09-24 12:48:00,23169.65,23171.3,23167.75,23168.8,0
2026-09-24 12:49:00,23169.0,23171.4,23167.3,23169.85,0
2026-09-24 12:50:00,23170.1,23179.75,23169.35,23177.75,0
2026-09-24 12:51:00,23177.55,23179.35,23172.15,23173.6,0
2026-09-24 12:52:00,23173.35,23175.2,23171.35,23173.0,0
2026-09-24 12:53:00,23172.85,23173.9,23170.35,23171.55,0
2026-09-24 12:54:00,23171.5,23171.75,23165.0,23165.75,0
2026-09-24 12:55:00,23165.95,23169.15,23164.85,23167.05,0
2026-09-24 12:56:00,23167.5,23172.5,23167.05,23171.05,0
2026-09-24 12:57:00,23170.9,23170.95,23167.8,23169.45,0
2026-09-24 12:58:00,23169.6,23171.0,23168.65,23169.6,0
2026-09-24 12:59:00,23169.5,23170.25,23165.9,23168.65,0
2026-09-24 13:00:00,23168.5,23169.7,23165.4,23167.6,0
2026-09-24 13:01:00,23167.75,23174.55,23167.15,23173.8,0
2026-09-24 13:02:00,23174.1,23177.5,23171.9,23177.25,0
2026-09-24 13:03:00,23177.35,23180.5,23176.65,23179.9,0
2026-09-24 13:04:00,23180.05,23182.7,23177.05,23181.2,0
2026-09-24 13:05:00,23181.65,23185.1,23180.7,23184.6,0
2026-09-24 13:06:00,23184.4,23184.4,23176.45,23178.7,0
2026-09-24 13:07:00,23179.05,23185.9,23177.45,23185.0,0
2026-09-24 13:08:00,23185.3,23189.9,23184.85,23186.15,0
2026-09-24 13:09:00,23186.0,23186.05,23178.95,23179.95,0
2026-09-24 13:10:00,23179.6,23180.35,23174.45,23178.0,0
2026-09-24 13:11:00,23177.6,23179.4,23174.35,23174.35,0
2026-09-24 13:12:00,23174.5,23178.65,23172.55,23176.4,0
2026-09-24 13:13:00,23177.1,23182.25,23175.35,23181.45,0
2026-09-24 13:14:00,23181.15,23185.5,23179.9,23182.8,0
2026-09-24 13:15:00,23183.1,23186.65,23179.45,23185.5,0
2026-09-24 13:16:00,23185.15,23185.8,23181.65,23183.1,0
2026-09-24 13:17:00,23183.3,23184.1,23180.0,23181.85,0
2026-09-24 13:18:00,23181.6,23184.1,23179.15,23180.0,0
2026-09-24 13:19:00,23179.9,23181.3,23178.55,23179.55,0
2026-09-24 13:20:00,23179.45,23179.95,23175.7,23178.2,0
2026-09-24 13:21:00,23178.05,23179.15,23175.8,23177.2,0
2026-09-24 13:22:00,23177.1,23178.65,23174.6,23177.7,0
2026-09-24 13:23:00,23178.05,23178.05,23174.95,23175.75,0
2026-09-24 13:24:00,23175.6,23177.85,23174.15,23176.75,0
2026-09-24 13:25:00,23176.5,23178.65,23168.1,23168.25,0
2026-09-24 13:26:00,23168.6,23168.9,23141.05,23141.15,0
2026-09-24 13:27:00,23140.75,23151.4,23135.1,23142.0,0
2026-09-24 13:28:00,23142.35,23143.75,23135.55,23138.3,0
2026-09-24 13:29:00,23138.45,23149.2,23136.25,23147.2,0
2026-09-24 13:30:00,23147.15,23152.3,23145.9,23151.4,0
2026-09-24 13:31:00,23151.45,23163.75,23149.8,23162.4,0
2026-09-24 13:32:00,23162.0,23162.3,23155.15,23158.5,0
2026-09-24 13:33:00,23158.7,23159.9,23153.95,23158.35,0
2026-09-24 13:34:00,23158.15,23159.05,23151.05,23153.1,0
2026-09-24 13:35:00,23153.2,23155.55,23151.25,23152.45,0
2026-09-24 13:36:00,23152.6,23155.4,23149.5,23150.35,0
2026-09-24 13:37:00,23150.7,23153.55,23148.15,23149.8,0
2026-09-24 13:38:00,23149.75,23150.55,23143.9,23145.05,0
2026-09-24 13:39:00,23144.6,23147.05,23137.75,23139.8,0
2026-09-24 13:40:00,23140.45,23141.85,23133.5,23135.9,0
2026-09-24 13:41:00,23135.8,23140.4,23134.75,23136.05,0
2026-09-24 13:42:00,23135.45,23138.6,23132.15,23133.4,0
2026-09-24 13:43:00,23133.35,23135.6,23121.5,23121.5,0
2026-09-24 13:44:00,23122.05,23122.15,23104.85,23106.35,0
2026-09-24 13:45:00,23107.2,23115.95,23094.4,23094.45,0
2026-09-24 13:46:00,23093.8,23094.95,23077.8,23084.8,0
2026-09-24 13:47:00,23085.7,23093.85,23082.1,23089.35,0
2026-09-24 13:48:00,23089.3,23092.4,23085.7,23087.35,0
2026-09-24 13:49:00,23088.1,23104.35,23086.75,23100.7,0
2026-09-24 13:50:00,23100.55,23106.05,23097.25,23100.25,0
2026-09-24 13:51:00,23100.2,23100.4,23085.95,23087.8,0
2026-09-24 13:52:00,23087.55,23088.65,23081.55,23085.2,0
2026-09-24 13:53:00,23085.25,23087.65,23081.05,23081.25,0
2026-09-24 13:54:00,23081.7,23083.2,23066.5,23071.65,0
2026-09-24 13:55:00,23071.95,23079.95,23069.75,23077.35,0
2026-09-24 13:56:00,23077.0,23078.5,23071.35,23073.35,0
2026-09-24 13:57:00,23073.15,23075.1,23056.5,23057.75,0
2026-09-24 13:58:00,23057.65,23062.1,23048.0,23050.1,0
2026-09-24 13:59:00,23050.55,23064.3,23048.85,23057.5,0
2026-09-24 14:00:00,23057.75,23073.05,23056.45,23072.55,0
2026-09-24 14:01:00,23072.25,23079.85,23072.2,23078.55,0
2026-09-24 14:02:00,23079.3,23093.1,23078.9,23089.7,0
2026-09-24 14:03:00,23089.5,23096.65,23084.15,23085.8,0
2026-09-24 14:04:00,23085.9,23089.8,23057.25,23060.25,0
2026-09-24 14:05:00,23060.45,23071.5,23060.2,23067.9,0
2026-09-24 14:06:00,23067.8,23068.9,23061.3,23063.5,0
2026-09-24 14:07:00,23063.4,23071.15,23061.6,23063.55,0
2026-09-24 14:08:00,23063.6,23076.9,23063.05,23075.95,0
2026-09-24 14:09:00,23076.0,23076.15,23067.7,23072.95,0
2026-09-24 14:10:00,23073.55,23077.45,23071.95,23073.7,0
2026-09-24 14:11:00,23073.75,23076.25,23069.55,23070.65,0
2026-09-24 14:12:00,23070.75,23074.05,23069.85,23071.9,0
2026-09-24 14:13:00,23071.95,23075.9,23071.35,23073.15,0
2026-09-24 14:14:00,23074.0,23079.6,23073.35,23077.75,0
2026-09-24 14:15:00,23077.9,23084.15,23074.1,23075.95,0
2026-09-24 14:16:00,23076.1,23078.8,23074.1,23076.15,0
2026-09-24 14:17:00,23076.2,23078.7,23073.9,23076.5,0
2026-09-24 14:18:00,23076.4,23079.65,23072.95,23074.0,0
2026-09-24 14:19:00,23074.3,23075.1,23061.8,23065.3,0
2026-09-24 14:20:00,23065.45,23075.3,23064.6,23069.25,0
2026-09-24 14:21:00,23068.95,23069.25,23058.65,23067.95,0
2026-09-24 14:22:00,23068.45,23070.45,23061.0,23062.2,0
2026-09-24 14:23:00,23062.65,23063.95,23046.45,23047.85,0
2026-09-24 14:24:00,23048.05,23056.7,23046.15,23054.95,0
2026-09-24 14:25:00,23055.15,23067.25,23054.7,23064.85,0
2026-09-24 14:26:00,23065.4,23066.8,23052.25,23057.0,0
2026-09-24 14:27:00,23057.45,23064.3,23053.45,23062.95,0
2026-09-24 14:28:00,23063.25,23069.5,23062.2,23063.65,0
2026-09-24 14:29:00,23063.35,23067.5,23060.55,23062.15,0
2026-09-24 14:30:00,23062.25,23063.8,23058.25,23061.95,0
2026-09-24 14:31:00,23062.1,23072.3,23058.4,23069.3,0
2026-09-24 14:32:00,23069.95,23077.3,23068.95,23070.05,0
2026-09-24 14:33:00,23070.2,23073.95,23065.7,23069.5,0
2026-09-24 14:34:00,23069.65,23076.45,23067.75,23075.3,0
2026-09-24 14:35:00,23075.5,23083.55,23074.95,23082.4,0
2026-09-24 14:36:00,23083.0,23094.25,23081.35,23092.05,0
2026-09-24 14:37:00,23093.1,23095.2,23089.8,23092.7,0
2026-09-24 14:38:00,23092.6,23104.9,23092.25,23101.0,0
2026-09-24 14:39:00,23101.1,23104.35,23096.95,23102.9,0
2026-09-24 14:40:00,23103.1,23108.5,23099.65,23100.05,0
2026-09-24 14:41:00,23100.95,23104.85,23095.8,23102.25,0
2026-09-24 14:42:00,23102.3,23102.6,23084.6,23090.35,0
2026-09-24 14:43:00,23090.55,23099.3,23090.25,23094.25,0
2026-09-24 14:44:00,23093.25,23095.45,23088.7,23092.2,0
2026-09-24 14:45:00,23092.15,23099.85,23088.15,23099.1,0
2026-09-24 14:46:00,23099.2,23105.25,23098.1,23101.0,0
2026-09-24 14:47:00,23101.8,23101.95,23094.7,23097.3,0
2026-09-24 14:48:00,23096.95,23101.4,23094.45,23098.05,0
2026-09-24 14:49:00,23098.4,23099.45,23093.05,23097.3,0
2026-09-24 14:50:00,23097.45,23106.0,23096.5,23103.6,0
2026-09-24 14:51:00,23104.0,23108.3,23099.15,23106.15,0
2026-09-24 14:52:00,23105.6,23111.55,23105.55,23108.3,0
2026-09-24 14:53:00,23108.35,23113.35,23107.55,23112.55,0
2026-09-24 14:54:00,23112.45,23116.9,23106.45,23111.0,0
2026-09-24 14:55:00,23110.9,23119.1,23109.3,23114.6,0
2026-09-24 14:56:00,23114.65,23116.85,23111.95,23112.8,0
2026-09-24 14:57:00,23112.7,23112.7,23104.0,23108.1,0
2026-09-24 14:58:00,23108.6,23108.75,23100.65,23107.8,0
2026-09-24 14:59:00,23108.1,23108.75,23095.1,23098.05,0
2026-09-24 15:00:00,23097.95,23103.3,23097.6,23099.1,0
2026-09-24 15:01:00,23098.55,23101.2,23090.5,23098.8,0
2026-09-24 15:02:00,23098.75,23107.3,23097.25,23107.1,0
2026-09-24 15:03:00,23106.75,23106.95,23097.65,23099.3,0
2026-09-24 15:04:00,23099.5,23105.55,23097.65,23101.9,0
2026-09-24 15:05:00,23101.85,23103.2,23096.05,23101.5,0
2026-09-24 15:06:00,23101.45,23101.45,23091.7,23097.75,0
2026-09-24 15:07:00,23097.55,23097.75,23089.9,23090.85,0
2026-09-24 15:08:00,23090.55,23092.15,23082.7,23085.1,0
2026-09-24 15:09:00,23084.8,23090.8,23082.25,23089.95,0
2026-09-24 15:10:00,23088.15,23091.4,23086.35,23087.85,0
2026-09-24 15:11:00,23086.9,23089.3,23083.6,23085.95,0
2026-09-24 15:12:00,23086.15,23090.05,23070.25,23080.75,0
2026-09-24 15:13:00,23081.3,23086.85,23072.75,23078.7,0
2026-09-24 15:14:00,23076.95,23086.05,23073.7,23083.45,0
2026-09-24 15:28:00,23063.1,23063.1,23063.1,23063.1,0
2026-09-25 09:15:00,23035.0,23097.2,23030.0,23088.8,0
2026-09-25 09:16:00,23089.55,23104.4,23085.95,23087.4,0
2026-09-25 09:17:00,23086.55,23099.3,23086.55,23098.3,0
2026-09-25 09:18:00,23100.35,23102.8,23087.5,23089.4,0
2026-09-25 09:19:00,23089.05,23092.2,23073.9,23074.3,0
2026-09-25 09:20:00,23074.0,23078.9,23065.5,23077.25,0
2026-09-25 09:21:00,23079.1,23086.05,23068.1,23082.2,0
2026-09-25 09:22:00,23081.7,23093.35,23079.3,23091.65,0
2026-09-25 09:23:00,23091.95,23095.25,23081.5,23081.95,0
2026-09-25 09:24:00,23082.05,23086.9,23076.65,23083.1,0
2026-09-25 09:25:00,23083.35,23084.05,23077.15,23078.75,0
2026-09-25 09:26:00,23079.75,23084.9,23077.6,23083.65,0
2026-09-25 09:27:00,23084.05,23098.85,23083.85,23097.75,0
2026-09-25 09:28:00,23099.15,23102.95,23095.1,23102.25,0
2026-09-25 09:29:00,23103.55,23116.65,23101.85,23116.5,0
2026-09-25 09:30:00,23117.7,23118.55,23105.55,23116.8,0
2026-09-25 09:31:00,23117.0,23121.6,23107.1,23110.0,0
2026-09-25 09:32:00,23110.1,23118.3,23108.6,23113.65,0
2026-09-25 09:33:00,23114.15,23114.3,23104.45,23107.5,0
2026-09-25 09:34:00,23107.45,23114.65,23107.4,23111.45,0
2026-09-25 09:35:00,23111.55,23112.75,23103.65,23103.95,0
2026-09-25 09:36:00,23104.85,23104.85,23090.65,23091.25,0
2026-09-25 09:37:00,23091.45,23094.25,23077.45,23077.8,0
2026-09-25 09:38:00,23077.2,23086.4,23075.45,23081.5,0
2026-09-25 09:39:00,23082.45,23085.95,23076.8,23077.55,0
2026-09-25 09:40:00,23079.4,23079.4,23066.75,23069.25,0
2026-09-25 09:41:00,23069.2,23070.75,23063.5,23069.2,0
2026-09-25 09:42:00,23069.35,23070.55,23059.5,23061.75,0
2026-09-25 09:43:00,23062.2,23062.65,23044.05,23048.8,0
2026-09-25 09:44:00,23048.6,23058.95,23048.3,23052.6,0
2026-09-25 09:45:00,23053.95,23063.75,23053.05,23053.6,0
2026-09-25 09:46:00,23055.2,23056.65,23051.2,23051.8,0
2026-09-25 09:47:00,23052.6,23061.85,23050.65,23061.55,0
2026-09-25 09:48:00,23061.45,23062.7,23053.5,23054.9,0
2026-09-25 09:49:00,23055.8,23057.3,23050.2,23051.65,0
2026-09-25 09:50:00,23052.25,23059.95,23050.65,23053.6,0
2026-09-25 09:51:00,23053.75,23054.2,23046.05,23052.75,0
2026-09-25 09:52:00,23052.55,23055.6,23038.3,23039.85,0
2026-09-25 09:53:00,23040.25,23041.3,23036.05,23039.95,0
2026-09-25 09:54:00,23040.05,23048.65,23038.4,23046.7,0
2026-09-25 09:55:00,23046.65,23050.5,23044.35,23047.75,0
2026-09-25 09:56:00,23050.65,23058.25,23046.45,23056.85,0
2026-09-25 09:57:00,23056.8,23060.85,23052.3,23058.9,0
2026-09-25 09:58:00,23059.1,23059.1,23050.0,23055.4,0
2026-09-25 09:59:00,23055.5,23060.65,23053.55,23059.0,0
2026-09-25 10:00:00,23059.45,23061.25,23055.25,23056.85,0
2026-09-25 10:01:00,23056.95,23060.0,23053.8,23056.75,0
2026-09-25 10:02:00,23056.7,23065.5,23056.7,23064.55,0
2026-09-25 10:03:00,23065.6,23075.65,23064.5,23067.3,0
2026-09-25 10:04:00,23067.1,23083.0,23066.4,23080.75,0
2026-09-25 10:05:00,23080.65,23084.1,23075.05,23075.3,0
2026-09-25 10:06:00,23076.05,23082.25,23075.05,23080.1,0
2026-09-25 10:07:00,23081.7,23085.55,23078.7,23084.15,0
2026-09-25 10:08:00,23084.65,23097.65,23082.95,23094.9,0
2026-09-25 10:09:00,23094.95,23100.5,23090.9,23098.95,0
2026-09-25 10:10:00,23100.0,23103.65,23096.0,23096.65,0
2026-09-25 10:11:00,23095.9,23099.0,23093.3,23095.15,0
2026-09-25 10:12:00,23096.5,23104.45,23093.6,23103.95,0
2026-09-25 10:13:00,23104.8,23108.5,23100.95,23101.1,0
2026-09-25 10:14:00,23101.05,23104.65,23100.0,23100.6,0
2026-09-25 10:15:00,23100.85,23104.1,23099.15,23100.8,0
2026-09-25 10:16:00,23101.9,23106.9,23100.5,23102.8,0
2026-09-25 10:17:00,23103.7,23106.0,23101.65,23102.6,0
2026-09-25 10:18:00,23102.9,23103.75,23093.3,23095.9,0
2026-09-25 10:19:00,23096.45,23098.95,23093.5,23097.8,0
2026-09-25 10:20:00,23098.25,23099.7,23095.15,23097.95,0
2026-09-25 10:21:00,23097.8,23106.25,23097.55,23105.5,0
2026-09-25 10:22:00,23104.85,23105.5,23097.05,23097.25,0
2026-09-25 10:23:00,23098.15,23098.5,23093.7,23096.55,0
2026-09-25 10:24:00,23097.6,23098.5,23088.5,23089.15,0
2026-09-25 10:25:00,23088.7,23096.8,23086.3,23096.8,0
2026-09-25 10:26:00,23096.95,23098.25,23088.85,23092.35,0
2026-09-25 10:27:00,23092.45,23092.9,23087.7,23088.5,0
2026-09-25 10:28:00,23089.15,23089.2,23078.1,23083.0,0
2026-09-25 10:29:00,23082.9,23085.45,23078.8,23085.15,0
2026-09-25 10:30:00,23084.65,23088.85,23083.3,23085.9,0
2026-09-25 10:31:00,23085.85,23090.25,23082.75,23083.75,0
2026-09-25 10:32:00,23083.6,23084.05,23074.0,23077.25,0
2026-09-25 10:33:00,23078.4,23079.0,23071.25,23071.85,0
2026-09-25 10:34:00,23072.3,23074.9,23063.0,23063.95,0
2026-09-25 10:35:00,23063.75,23065.5,23061.0,23061.8,0
2026-09-25 10:36:00,23062.1,23066.2,23059.45,23064.35,0
2026-09-25 10:37:00,23065.45,23070.25,23063.55,23069.9,0
2026-09-25 10:38:00,23070.3,23071.85,23067.05,23069.75,0
2026-09-25 10:39:00,23069.25,23076.0,23069.25,23070.4,0
2026-09-25 10:40:00,23072.15,23072.25,23068.85,23068.85,0
2026-09-25 10:41:00,23070.5,23072.1,23062.15,23065.55,0
2026-09-25 10:42:00,23065.5,23074.55,23065.5,23070.65,0
2026-09-25 10:43:00,23071.5,23071.5,23066.05,23068.15,0
2026-09-25 10:44:00,23068.85,23070.8,23065.1,23065.7,0
2026-09-25 10:45:00,23067.1,23067.1,23059.85,23060.15,0
2026-09-25 10:46:00,23060.35,23061.85,23055.9,23057.55,0
2026-09-25 10:47:00,23058.45,23059.25,23052.8,23053.5,0
2026-09-25 10:48:00,23053.55,23053.55,23047.5,23049.9,0
2026-09-25 10:49:00,23051.1,23052.55,23047.95,23051.55,0
2026-09-25 10:50:00,23052.55,23056.3,23048.7,23053.5,0
2026-09-25 10:51:00,23054.05,23058.45,23052.05,23058.1,0
2026-09-25 10:52:00,23058.15,23063.25,23056.95,23060.75,0
2026-09-25 10:53:00,23060.9,23061.15,23056.15,23057.05,0
2026-09-25 10:54:00,23057.15,23061.75,23055.85,23060.35,0
2026-09-25 10:55:00,23061.2,23066.55,23060.35,23065.35,0
2026-09-25 10:56:00,23065.2,23068.3,23062.95,23067.65,0
2026-09-25 10:57:00,23068.15,23068.15,23060.6,23061.45,0
2026-09-25 10:58:00,23061.65,23065.55,23060.8,23063.85,0
2026-09-25 10:59:00,23063.8,23066.05,23062.25,23063.8,0
2026-09-25 11:00:00,23064.2,23069.15,23060.7,23068.0,0
2026-09-25 11:01:00,23068.9,23071.75,23064.6,23065.45,0
2026-09-25 11:02:00,23066.45,23083.6,23065.85,23079.35,0
2026-09-25 11:03:00,23080.4,23083.55,23079.15,23079.55,0
2026-09-25 11:04:00,23080.3,23082.95,23077.0,23077.0,0
2026-09-25 11:05:00,23076.95,23085.5,23076.5,23084.55,0
2026-09-25 11:06:00,23085.45,23087.25,23083.1,23085.6,0
2026-09-25 11:07:00,23086.6,23091.2,23085.05,23089.1,0
2026-09-25 11:08:00,23090.1,23090.95,23085.25,23088.0,0
2026-09-25 11:09:00,23087.85,23091.35,23086.05,23087.7,0
2026-09-25 11:10:00,23089.0,23090.15,23086.9,23088.65,0
2026-09-25 11:11:00,23089.05,23091.9,23087.05,23091.65,0
2026-09-25 11:12:00,23091.85,23093.5,23088.4,23089.05,0
2026-09-25 11:13:00,23088.5,23089.85,23081.75,23084.9,0
2026-09-25 11:14:00,23085.25,23091.8,23082.5,23091.25,0
2026-09-25 11:15:00,23092.25,23093.4,23088.05,23092.1,0
2026-09-25 11:16:00,23092.0,23095.15,23090.3,23093.0,0
2026-09-25 11:17:00,23093.35,23098.25,23091.25,23097.3,0
2026-09-25 11:18:00,23097.8,23097.8,23093.7,23097.1,0
2026-09-25 11:19:00,23097.25,23098.05,23092.8,23095.45,0
2026-09-25 11:20:00,23095.2,23098.75,23093.2,23097.75,0
2026-09-25 11:21:00,23098.9,23104.95,23096.7,23101.15,0
2026-09-25 11:22:00,23101.05,23103.35,23098.25,23101.1,0
2026-09-25 11:23:00,23100.85,23102.9,23097.6,23100.15,0
2026-09-25 11:24:00,23099.95,23100.0,23085.6,23086.15,0
2026-09-25 11:25:00,23087.0,23087.0,23077.2,23079.3,0
2026-09-25 11:26:00,23079.25,23084.65,23076.35,23076.55,0
2026-09-25 11:27:00,23077.25,23079.6,23075.2,23079.15,0
2026-09-25 11:28:00,23080.3,23082.3,23077.95,23078.65,0
2026-09-25 11:29:00,23079.2,23082.75,23076.9,23077.1,0
2026-09-25 11:30:00,23079.4,23080.45,23075.45,23079.35,0
2026-09-25 11:31:00,23079.75,23091.15,23078.2,23087.7,0
2026-09-25 11:32:00,23089.45,23089.5,23084.7,23085.7,0
2026-09-25 11:33:00,23085.8,23089.85,23082.95,23083.45,0
2026-09-25 11:34:00,23084.1,23084.55,23078.2,23083.4,0
2026-09-25 11:35:00,23083.9,23086.45,23082.35,23084.2,0
2026-09-25 11:36:00,23083.05,23085.45,23077.7,23079.5,0
2026-09-25 11:37:00,23079.6,23081.15,23078.1,23079.65,0
2026-09-25 11:38:00,23081.0,23083.25,23078.7,23082.25,0
2026-09-25 11:39:00,23082.3,23086.6,23080.5,23084.55,0
2026-09-25 11:40:00,23084.6,23087.75,23083.1,23084.3,0
2026-09-25 11:41:00,23085.45,23085.7,23081.15,23081.35,0
2026-09-25 11:42:00,23082.0,23088.05,23080.75,23086.05,0
2026-09-25 11:43:00,23086.1,23088.4,23082.75,23083.85,0
2026-09-25 11:44:00,23085.0,23088.3,23083.1,23083.9,0
2026-09-25 11:45:00,23084.25,23085.3,23081.3,23084.4,0
2026-09-25 11:46:00,23084.25,23086.2,23081.3,23084.85,0
2026-09-25 11:47:00,23085.0,23088.55,23084.25,23087.55,0
2026-09-25 11:48:00,23087.95,23089.0,23084.15,23087.3,0
2026-09-25 11:49:00,23087.75,23088.7,23082.85,23083.4,0
2026-09-25 11:50:00,23083.55,23087.75,23082.85,23087.6,0
2026-09-25 11:51:00,23087.25,23088.3,23083.65,23086.35,0
2026-09-25 11:52:00,23086.6,23091.6,23086.0,23088.65,0
2026-09-25 11:53:00,23089.7,23089.95,23086.65,23086.75,0
2026-09-25 11:54:00,23088.35,23088.5,23083.7,23087.15,0
2026-09-25 11:55:00,23088.0,23089.05,23082.3,23084.25,0
2026-09-25 11:56:00,23084.35,23087.45,23083.05,23085.1,0
2026-09-25 11:57:00,23085.2,23086.55,23081.25,23082.8,0
2026-09-25 11:58:00,23084.3,23085.45,23078.7,23080.6,0
2026-09-25 11:59:00,23080.05,23085.45,23076.05,23076.25,0
2026-09-25 12:00:00,23077.0,23080.2,23076.05,23076.85,0
2026-09-25 12:01:00,23079.1,23080.45,23074.3,23075.45,0
2026-09-25 12:02:00,23076.75,23078.1,23073.75,23073.8,0
2026-09-25 12:03:00,23073.85,23074.55,23063.35,23063.35,0
2026-09-25 12:04:00,23065.2,23067.15,23059.5,23066.65,0
2026-09-25 12:05:00,23067.45,23070.65,23065.15,23067.2,0
2026-09-25 12:06:00,23067.15,23068.6,23064.2,23065.3,0
2026-09-25 12:07:00,23065.55,23068.85,23062.85,23062.85,0
2026-09-25 12:08:00,23064.75,23067.75,23061.95,23067.25,0
2026-09-25 12:09:00,23067.3,23074.8,23066.3,23074.55,0
2026-09-25 12:10:00,23074.7,23075.45,23069.1,23074.85,0
2026-09-25 12:11:00,23076.4,23083.8,23074.95,23081.05,0
2026-09-25 12:12:00,23082.45,23084.8,23079.55,23082.0,0
2026-09-25 12:13:00,23082.25,23083.6,23078.75,23080.15,0
2026-09-25 12:14:00,23080.5,23082.25,23077.9,23081.95,0
2026-09-25 12:15:00,23082.4,23083.75,23079.25,23080.6,0
2026-09-25 12:16:00,23080.55,23083.4,23079.45,23080.7,0
2026-09-25 12:17:00,23080.65,23082.2,23076.55,23077.4,0
2026-09-25 12:18:00,23079.1,23079.55,23076.3,23078.95,0
2026-09-25 12:19:00,23080.5,23082.3,23077.9,23079.0,0
2026-09-25 12:20:00,23080.2,23080.2,23075.85,23076.45,0
2026-09-25 12:21:00,23077.15,23077.75,23074.5,23074.7,0
2026-09-25 12:22:00,23075.85,23075.95,23069.7,23070.2,0
2026-09-25 12:23:00,23070.95,23074.7,23069.25,23074.05,0
2026-09-25 12:24:00,23074.15,23076.85,23072.65,23073.85,0
2026-09-25 12:25:00,23075.95,23076.85,23072.85,23074.65,0
2026-09-25 12:26:00,23075.55,23079.2,23074.15,23077.8,0
2026-09-25 12:27:00,23078.65,23081.9,23076.8,23078.4,0
2026-09-25 12:28:00,23079.25,23082.9,23076.25,23081.0,0
2026-09-25 12:29:00,23080.95,23084.25,23080.35,23082.45,0
2026-09-25 12:30:00,23084.0,23088.45,23081.55,23087.5,0
2026-09-25 12:31:00,23088.1,23089.85,23086.15,23087.95,0
2026-09-25 12:32:00,23089.1,23089.45,23084.65,23085.4,0
2026-09-25 12:33:00,23085.3,23087.15,23081.85,23082.65,0
2026-09-25 12:34:00,23082.6,23085.2,23081.3,23081.55,0
2026-09-25 12:35:00,23083.6,23083.95,23073.05,23074.95,0
2026-09-25 12:36:00,23075.2,23075.2,23063.1,23064.65,0
2026-09-25 12:37:00,23064.5,23071.3,23064.5,23068.65,0
2026-09-25 12:38:00,23069.3,23073.3,23065.9,23070.25,0
2026-09-25 12:39:00,23071.75,23075.3,23070.0,23073.75,0
2026-09-25 12:40:00,23073.45,23073.75,23068.1,23070.25,0
2026-09-25 12:41:00,23069.75,23069.8,23066.25,23067.6,0
2026-09-25 12:42:00,23069.0,23069.5,23062.45,23062.8,0
2026-09-25 12:43:00,23062.9,23064.85,23057.25,23058.2,0
2026-09-25 12:44:00,23058.1,23061.6,23056.65,23057.0,0
2026-09-25 12:45:00,23057.75,23058.45,23053.85,23054.95,0
2026-09-25 12:46:00,23054.85,23058.7,23052.95,23053.45,0
2026-09-25 12:47:00,23053.4,23055.15,23050.85,23053.9,0
2026-09-25 12:48:00,23055.35,23055.35,23049.45,23049.95,0
2026-09-25 12:49:00,23052.1,23053.4,23048.35,23048.75,0
2026-09-25 12:50:00,23049.7,23050.2,23043.75,23044.45,0
2026-09-25 12:51:00,23044.25,23048.45,23042.55,23045.95,0
2026-09-25 12:52:00,23047.75,23048.1,23044.05,23047.0,0
2026-09-25 12:53:00,23046.45,23047.75,23042.8,23045.3,0
2026-09-25 12:54:00,23045.2,23046.45,23041.3,23042.55,0
2026-09-25 12:55:00,23043.2,23044.85,23039.25,23041.2,0
2026-09-25 12:56:00,23041.1,23042.8,23028.7,23028.9,0
2026-09-25 12:57:00,23028.8,23031.7,23020.95,23030.35,0
2026-09-25 12:58:00,23031.65,23038.05,23030.05,23036.5,0
2026-09-25 12:59:00,23037.95,23041.45,23036.0,23040.7,0
2026-09-25 13:00:00,23041.5,23049.35,23040.2,23046.8,0
2026-09-25 13:01:00,23047.5,23051.9,23044.9,23050.65,0
2026-09-25 13:02:00,23051.75,23051.75,23043.75,23045.35,0
2026-09-25 13:03:00,23046.2,23048.85,23044.4,23046.4,0
2026-09-25 13:04:00,23046.5,23047.95,23042.55,23043.95,0
2026-09-25 13:05:00,23044.55,23046.55,23042.1,23043.65,0
2026-09-25 13:06:00,23043.7,23045.35,23040.9,23042.75,0
2026-09-25 13:07:00,23042.6,23047.05,23041.9,23044.65,0
2026-09-25 13:08:00,23044.8,23047.65,23042.1,23046.45,0
2026-09-25 13:09:00,23048.1,23051.45,23046.1,23051.3,0
2026-09-25 13:10:00,23050.95,23052.45,23047.65,23050.4,0
2026-09-25 13:11:00,23050.35,23055.4,23050.1,23054.05,0
2026-09-25 13:12:00,23055.1,23055.45,23051.1,23052.4,0
2026-09-25 13:13:00,23052.5,23053.35,23047.15,23048.7,0
2026-09-25 13:14:00,23048.5,23050.65,23041.1,23043.0,0
2026-09-25 13:15:00,23043.25,23045.95,23041.1,23042.5,0
2026-09-25 13:16:00,23042.15,23043.85,23039.75,23042.25,0
2026-09-25 13:17:00,23043.75,23044.25,23038.1,23039.8,0
2026-09-25 13:18:00,23039.85,23040.8,23036.0,23037.6,0
2026-09-25 13:19:00,23038.25,23040.0,23035.8,23037.5,0
2026-09-25 13:20:00,23037.6,23042.6,23037.25,23039.0,0
2026-09-25 13:21:00,23038.9,23042.1,23037.7,23039.75,0
2026-09-25 13:22:00,23041.7,23042.65,23037.65,23038.75,0
2026-09-25 13:23:00,23041.6,23041.6,23035.7,23039.4,0
2026-09-25 13:24:00,23039.5,23039.55,23030.65,23032.95,0
2026-09-25 13:25:00,23034.85,23038.2,23031.25,23037.95,0
2026-09-25 13:26:00,23037.8,23043.35,23035.95,23040.25,0
2026-09-25 13:27:00,23041.85,23041.85,23037.6,23038.75,0
2026-09-25 13:28:00,23038.55,23040.4,23034.75,23036.75,0
2026-09-25 13:29:00,23036.7,23041.75,23035.3,23040.45,0
2026-09-25 13:30:00,23040.35,23042.3,23036.95,23037.9,0
2026-09-25 13:31:00,23037.7,23041.2,23036.4,23039.6,0
2026-09-25 13:32:00,23039.95,23040.8,23035.45,23037.4,0
2026-09-25 13:33:00,23037.8,23038.7,23033.25,23034.4,0
2026-09-25 13:34:00,23034.3,23035.4,23030.3,23032.45,0
2026-09-25 13:35:00,23032.35,23034.15,23027.25,23034.05,0
2026-09-25 13:36:00,23033.25,23036.05,23030.0,23035.2,0
2026-09-25 13:37:00,23035.1,23038.7,23028.1,23038.15,0
2026-09-25 13:38:00,23038.25,23039.3,23034.15,23038.0,0
2026-09-25 13:39:00,23037.7,23042.3,23036.15,23036.9,0
2026-09-25 13:40:00,23037.0,23042.75,23035.65,23041.3,0
2026-09-25 13:41:00,23040.65,23044.1,23039.05,23040.55,0
2026-09-25 13:42:00,23040.45,23043.4,23039.0,23041.9,0
2026-09-25 13:43:00,23042.4,23047.9,23040.4,23042.05,0
2026-09-25 13:44:00,23041.9,23045.6,23039.95,23043.15,0
2026-09-25 13:45:00,23043.2,23045.3,23040.25,23044.9,0
2026-09-25 13:46:00,23044.65,23050.2,23043.9,23050.2,0
2026-09-25 13:47:00,23050.5,23054.1,23045.45,23048.95,0
2026-09-25 13:48:00,23049.05,23050.2,23044.8,23047.5,0
2026-09-25 13:49:00,23047.4,23050.1,23043.15,23044.4,0
2026-09-25 13:50:00,23044.55,23045.25,23041.7,23042.1,0
2026-09-25 13:51:00,23041.85,23046.35,23040.85,23045.85,0
2026-09-25 13:52:00,23045.9,23049.0,23043.7,23045.45,0
2026-09-25 13:53:00,23045.55,23047.65,23042.3,23043.55,0
2026-09-25 13:54:00,23045.55,23049.25,23043.05,23046.55,0
2026-09-25 13:55:00,23046.6,23047.9,23044.75,23047.85,0
2026-09-25 13:56:00,23049.85,23055.65,23047.0,23054.45,0
2026-09-25 13:57:00,23054.4,23055.7,23048.8,23050.05,0
2026-09-25 13:58:00,23049.6,23055.05,23048.4,23053.8,0
2026-09-25 13:59:00,23055.45,23063.7,23053.0,23063.2,0
2026-09-25 14:00:00,23063.1,23091.7,23063.1,23089.25,0
2026-09-25 14:01:00,23089.45,23101.0,23086.2,23099.7,0
2026-09-25 14:02:00,23099.05,23106.3,23090.75,23095.0,0
2026-09-25 14:03:00,23094.85,23153.9,23094.6,23153.9,0
2026-09-25 14:04:00,23153.3,23162.7,23144.75,23152.3,0
2026-09-25 14:05:00,23151.95,23158.15,23134.45,23139.3,0
2026-09-25 14:06:00,23141.55,23147.9,23138.0,23140.45,0
2026-09-25 14:07:00,23140.4,23143.45,23134.55,23136.1,0
2026-09-25 14:08:00,23136.95,23139.75,23123.25,23126.3,0
2026-09-25 14:09:00,23125.5,23127.2,23107.7,23111.4,0
2026-09-25 14:10:00,23111.2,23121.45,23110.9,23120.8,0
2026-09-25 14:11:00,23120.85,23128.05,23118.25,23127.7,0
2026-09-25 14:12:00,23127.05,23127.4,23117.35,23118.95,0
2026-09-25 14:13:00,23119.9,23120.5,23114.55,23114.55,0
2026-09-25 14:14:00,23114.9,23118.05,23112.95,23116.3,0
2026-09-25 14:15:00,23116.45,23125.05,23116.45,23121.0,0
2026-09-25 14:16:00,23120.15,23127.85,23118.0,23123.25,0
2026-09-25 14:17:00,23124.4,23126.6,23121.7,23124.15,0
2026-09-25 14:18:00,23124.35,23132.6,23124.25,23130.9,0
2026-09-25 14:19:00,23130.75,23132.15,23122.25,23124.25,0
2026-09-25 14:20:00,23124.4,23124.6,23112.4,23113.2,0
2026-09-25 14:21:00,23113.5,23122.7,23113.4,23119.05,0
2026-09-25 14:22:00,23119.25,23120.5,23114.8,23118.3,0
2026-09-25 14:23:00,23118.6,23120.4,23113.8,23114.95,0
2026-09-25 14:24:00,23114.7,23118.3,23110.1,23112.75,0
2026-09-25 14:25:00,23112.35,23126.55,23112.35,23122.85,0
2026-09-25 14:26:00,23123.15,23128.8,23109.05,23121.7,0
2026-09-25 14:27:00,23121.8,23124.0,23113.0,23115.3,0
2026-09-25 14:28:00,23115.7,23121.45,23112.25,23120.55,0
2026-09-25 14:29:00,23120.3,23122.5,23117.8,23118.9,0
2026-09-25 14:30:00,23119.0,23132.5,23118.3,23132.15,0
2026-09-25 14:31:00,23132.45,23134.75,23124.45,23131.2,0
2026-09-25 14:32:00,23131.3,23134.95,23128.65,23133.1,0
2026-09-25 14:33:00,23133.3,23136.65,23130.8,23134.35,0
2026-09-25 14:34:00,23134.9,23137.0,23128.65,23133.2,0
2026-09-25 14:35:00,23133.4,23135.45,23128.2,23129.65,0
2026-09-25 14:36:00,23129.7,23133.6,23128.05,23130.6,0
2026-09-25 14:37:00,23130.15,23135.75,23128.6,23134.8,0
2026-09-25 14:38:00,23137.2,23137.9,23133.3,23134.5,0
2026-09-25 14:39:00,23134.8,23138.95,23133.3,23137.8,0
2026-09-25 14:40:00,23137.75,23139.15,23129.9,23130.25,0
2026-09-25 14:41:00,23130.2,23131.05,23123.9,23127.75,0
2026-09-25 14:42:00,23128.0,23129.3,23123.4,23123.75,0
2026-09-25 14:43:00,23123.8,23125.15,23117.65,23119.1,0
2026-09-25 14:44:00,23118.75,23122.5,23116.95,23122.05,0
2026-09-25 14:45:00,23122.45,23125.7,23120.15,23123.6,0
2026-09-25 14:46:00,23123.7,23126.5,23121.95,23125.55,0
2026-09-25 14:47:00,23125.6,23127.3,23122.15,23122.7,0
2026-09-25 14:48:00,23122.6,23126.2,23116.75,23118.35,0
2026-09-25 14:49:00,23117.6,23120.9,23112.25,23113.55,0
2026-09-25 14:50:00,23113.35,23115.8,23108.2,23112.4,0
2026-09-25 14:51:00,23112.6,23115.25,23108.95,23114.7,0
2026-09-25 14:52:00,23114.75,23118.2,23113.5,23118.1,0
2026-09-25 14:53:00,23118.05,23121.6,23116.8,23118.85,0
2026-09-25 14:54:00,23118.95,23123.75,23118.2,23123.2,0
2026-09-25 14:55:00,23124.45,23124.45,23116.65,23117.7,0
2026-09-25 14:56:00,23117.75,23122.3,23116.8,23120.65,0
2026-09-25 14:57:00,23120.6,23121.75,23116.45,23118.95,0
2026-09-25 14:58:00,23119.2,23122.9,23118.2,23121.9,0
2026-09-25 14:59:00,23122.3,23124.0,23119.65,23123.4,0
2026-09-25 15:00:00,23123.1,23124.7,23112.05,23114.95,0
2026-09-25 15:01:00,23114.9,23115.5,23108.65,23109.15,0
2026-09-25 15:02:00,23109.85,23113.25,23103.5,23111.95,0
2026-09-25 15:03:00,23112.0,23113.0,23108.8,23109.95,0
2026-09-25 15:04:00,23110.4,23113.95,23108.5,23113.55,0
2026-09-25 15:05:00,23113.05,23115.3,23110.25,23112.35,0
2026-09-25 15:06:00,23112.25,23120.8,23110.85,23119.2,0
2026-09-25 15:07:00,23119.15,23120.25,23112.1,23114.2,0
2026-09-25 15:08:00,23114.35,23114.8,23107.9,23109.25,0
2026-09-25 15:09:00,23110.2,23110.2,23104.4,23107.9,0
2026-09-25 15:10:00,23108.9,23117.15,23107.35,23116.0,0
2026-09-25 15:11:00,23117.3,23118.25,23113.05,23114.2,0
2026-09-25 15:12:00,23113.7,23121.45,23110.2,23115.95,0
2026-09-25 15:13:00,23116.35,23120.2,23110.95,23117.75,0
2026-09-25 15:14:00,23117.5,23130.45,23117.1,23127.6,0
2026-09-25 15:20:00,23159.85,23280.25,23159.85,23180.7,0
2026-09-25 15:21:00,23180.7,23180.8,23174.55,23174.65,0
2026-09-25 15:22:00,23174.65,23175.6,23171.7,23172.95,0
2026-09-25 15:23:00,23172.95,23172.95,23160.45,23160.75,0
2026-09-25 15:24:00,23160.75,23160.95,23156.2,23156.4,0
2026-09-25 15:25:00,23156.4,23156.8,23149.0,23149.05,0
2026-09-25 15:26:00,23149.05,23149.25,23137.45,23138.55,0
2026-09-25 15:27:00,23138.55,23142.15,23135.85,23140.6,0
2026-09-25 15:28:00,23140.5,23140.5,23140.5,23140.5,0
