box_m,max_pct,buf,tp,sl,spot_sl,r_trades,r_wr,r_pf,r_pnl,sw_trades,sw_pnl,sf_trades,sf_wr,sf_pf,sf_pnl
15m,1.0%,30pt,+60%,-20%,False,3,66.7%,3.81,7978.5,4,-5532.8,13,0.0%,0.0,-17295.0
15m,1.3%,30pt,+60%,-20%,False,3,66.7%,3.81,7978.5,4,-5532.8,13,0.0%,0.0,-17295.0
15m,1.3%,30pt,+60%,-25%,False,3,66.7%,3.35,7593.0,4,-6293.2,13,0.0%,0.0,-20008.3
15m,1.0%,30pt,+60%,-25%,False,3,66.7%,3.35,7593.0,4,-6293.2,13,0.0%,0.0,-20008.3
15m,1.3%,30pt,+60%,-30%,False,3,66.7%,2.75,6885.0,2,-2698.6,10,0.0%,0.0,-16380.4
15m,1.0%,30pt,+60%,-30%,False,3,66.7%,2.75,6885.0,2,-2698.6,10,0.0%,0.0,-16380.4
15m,1.0%,30pt,+40%,-20%,False,4,75.0%,3.42,6873.0,4,-5532.8,13,0.0%,0.0,-17295.0
15m,1.3%,30pt,+40%,-20%,False,4,75.0%,3.42,6873.0,4,-5532.8,13,0.0%,0.0,-17295.0
15m,1.3%,30pt,+40%,-25%,False,4,75.0%,3.01,6487.5,4,-6293.2,13,0.0%,0.0,-20008.3
15m,1.0%,30pt,+40%,-25%,False,4,75.0%,3.01,6487.5,4,-6293.2,13,0.0%,0.0,-20008.3
15m,1.3%,50pt,+60%,-25%,False,3,66.7%,2.91,6165.0,3,-4445.1,12,0.0%,0.0,-18211.6
15m,1.0%,50pt,+60%,-25%,False,3,66.7%,2.91,6165.0,3,-4445.1,12,0.0%,0.0,-18211.6
15m,1.0%,30pt,+60%,-35%,False,3,66.7%,2.27,6060.0,2,-3085.5,9,0.0%,0.0,-15711.5
15m,1.3%,30pt,+60%,-35%,False,3,66.7%,2.27,6060.0,2,-3085.5,9,0.0%,0.0,-15711.5
15m,1.3%,30pt,+40%,-30%,False,4,75.0%,2.47,5779.5,2,-2698.6,10,0.0%,0.0,-16380.4
15m,1.0%,30pt,+40%,-30%,False,4,75.0%,2.47,5779.5,2,-2698.6,10,0.0%,0.0,-16380.4
15m,1.0%,50pt,+40%,-25%,False,4,75.0%,2.74,5625.0,3,-4445.1,12,0.0%,0.0,-18211.6
15m,1.3%,50pt,+40%,-25%,False,4,75.0%,2.74,5625.0,3,-4445.1,12,0.0%,0.0,-18211.6
15m,1.0%,50pt,+60%,-30%,False,3,66.7%,2.39,5457.0,2,-2778.4,10,0.0%,0.0,-16265.1
15m,1.3%,50pt,+60%,-30%,False,3,66.7%,2.39,5457.0,2,-2778.4,10,0.0%,0.0,-16265.1
15m,1.3%,30pt,+40%,-35%,False,4,75.0%,2.04,4954.5,2,-3085.5,9,0.0%,0.0,-15711.5
15m,1.0%,30pt,+40%,-35%,False,4,75.0%,2.04,4954.5,2,-3085.5,9,0.0%,0.0,-15711.5
15m,1.3%,50pt,+40%,-30%,False,4,75.0%,2.25,4917.0,2,-2778.4,10,0.0%,0.0,-16265.1
15m,1.0%,50pt,+40%,-30%,False,4,75.0%,2.25,4917.0,2,-2778.4,10,0.0%,0.0,-16265.1
15m,1.0%,50pt,+60%,-35%,False,3,66.7%,1.97,4632.0,2,-3166.3,9,0.0%,0.0,-15543.3
15m,1.3%,50pt,+60%,-35%,False,3,66.7%,1.97,4632.0,2,-3166.3,9,0.0%,0.0,-15543.3
15m,1.3%,50pt,+40%,-35%,False,4,75.0%,1.86,4092.0,2,-3166.3,9,0.0%,0.0,-15543.3
15m,1.0%,50pt,+40%,-35%,False,4,75.0%,1.86,4092.0,2,-3166.3,9,0.0%,0.0,-15543.3
15m,0.75%,30pt,+60%,-20%,False,2,50.0%,2.44,4084.5,3,-3913.3,11,0.0%,0.0,-14293.4
15m,0.75%,30pt,+40%,-20%,False,3,66.7%,2.42,4029.0,3,-3913.3,11,0.0%,0.0,-14293.4
15m,0.75%,30pt,+60%,-25%,False,2,50.0%,2.15,3699.0,3,-4272.6,11,0.0%,0.0,-16261.3
15m,0.75%,30pt,+40%,-25%,False,3,66.7%,2.13,3643.5,3,-4272.6,11,0.0%,0.0,-16261.3
15m,1.0%,100pt,+40%,-25%,False,3,66.7%,2.12,3612.0,3,-4943.6,9,0.0%,0.0,-12399.3
15m,1.3%,100pt,+40%,-25%,False,3,66.7%,2.12,3612.0,3,-4943.6,9,0.0%,0.0,-12399.3
15m,0.75%,30pt,+60%,-30%,False,2,50.0%,1.76,2991.0,2,-2698.6,9,0.0%,0.0,-14258.2
15m,0.75%,30pt,+40%,-30%,False,3,66.7%,1.75,2935.5,2,-2698.6,9,0.0%,0.0,-14258.2
15m,1.3%,100pt,+40%,-30%,False,3,66.7%,1.74,2904.0,3,-5899.2,9,0.0%,0.0,-14500.3
15m,1.0%,100pt,+40%,-30%,False,3,66.7%,1.74,2904.0,3,-5899.2,9,0.0%,0.0,-14500.3
15m,1.3%,150pt,+40%,-30%,False,1,100.0%,99.0,2898.0,2,-2475.1,5,0.0%,0.0,-7393.6
15m,1.3%,150pt,+40%,-35%,False,1,100.0%,99.0,2898.0,2,-2907.4,5,0.0%,0.0,-8832.0
15m,1.0%,150pt,+40%,-30%,False,1,100.0%,99.0,2898.0,2,-2475.1,5,0.0%,0.0,-7393.6
15m,1.3%,150pt,+40%,-25%,False,1,100.0%,99.0,2898.0,3,-4185.6,6,0.0%,0.0,-8344.5
15m,1.0%,150pt,+40%,-35%,False,1,100.0%,99.0,2898.0,2,-2907.4,5,0.0%,0.0,-8832.0
15m,1.0%,150pt,+40%,-25%,False,1,100.0%,99.0,2898.0,3,-4185.6,6,0.0%,0.0,-8344.5
15m,0.75%,50pt,+40%,-25%,False,3,66.7%,1.87,2803.5,2,-2492.3,10,0.0%,0.0,-14809.8
15m,1.0%,75pt,+40%,-30%,False,3,66.7%,1.66,2598.0,3,-5708.6,10,0.0%,0.0,-16023.9
15m,1.3%,75pt,+40%,-30%,False,3,66.7%,1.66,2598.0,3,-5708.6,10,0.0%,0.0,-16023.9
15m,1.0%,30pt,+80%,-20%,False,2,50.0%,1.84,2382.0,4,-5532.8,13,0.0%,0.0,-17295.0
15m,1.3%,30pt,+80%,-20%,False,2,50.0%,1.84,2382.0,4,-5532.8,13,0.0%,0.0,-17295.0
15m,1.3%,100pt,+60%,-25%,False,2,50.0%,1.73,2364.0,3,-4943.6,9,0.0%,0.0,-12399.3
15m,1.0%,100pt,+60%,-25%,False,2,50.0%,1.73,2364.0,3,-4943.6,9,0.0%,0.0,-12399.3
15m,0.75%,100pt,+60%,-25%,False,2,50.0%,1.73,2364.0,2,-2649.8,7,0.0%,0.0,-8577.4
60m,0.5%,50pt,+40%,-20%,False,1,100.0%,99.0,2340.0,1,-1102.1,4,0.0%,0.0,-4016.6
60m,0.5%,50pt,+40%,-25%,False,1,100.0%,99.0,2340.0,1,-1448.3,4,0.0%,0.0,-5269.4
60m,0.5%,50pt,+40%,-30%,False,1,100.0%,99.0,2340.0,1,-1511.5,4,0.0%,0.0,-5715.5
60m,0.5%,50pt,+40%,-35%,False,1,100.0%,99.0,2340.0,1,-1752.0,4,0.0%,0.0,-6437.8
15m,0.75%,50pt,+60%,-25%,False,2,50.0%,1.71,2293.5,2,-2492.3,10,0.0%,0.0,-14809.8
15m,0.75%,30pt,+60%,-35%,False,2,50.0%,1.45,2166.0,2,-3085.5,8,0.0%,0.0,-13408.2
15m,0.75%,30pt,+40%,-35%,False,3,66.7%,1.44,2110.5,2,-3085.5,8,0.0%,0.0,-13408.2
15m,0.75%,50pt,+40%,-30%,False,3,66.7%,1.53,2095.5,2,-2778.4,9,0.0%,0.0,-14525.2
15m,1.3%,30pt,+80%,-35%,True,4,25.0%,1.66,2082.0,5,-3909.0,21,38.1%,0.3,-9998.9
15m,1.3%,30pt,+80%,-20%,True,4,25.0%,1.66,2082.0,6,-4988.1,22,36.4%,0.3,-9909.9
15m,1.3%,30pt,+80%,-25%,True,4,25.0%,1.66,2082.0,6,-5748.5,22,36.4%,0.28,-11201.6
15m,1.3%,30pt,+80%,-30%,True,4,25.0%,1.66,2082.0,5,-3522.1,21,38.1%,0.32,-9122.5
15m,1.0%,30pt,+80%,-20%,True,4,25.0%,1.66,2082.0,6,-4988.1,22,36.4%,0.3,-9909.9
15m,1.0%,30pt,+80%,-25%,True,4,25.0%,1.66,2082.0,6,-5748.5,22,36.4%,0.28,-11201.6
15m,1.0%,30pt,+80%,-30%,True,4,25.0%,1.66,2082.0,5,-3522.1,21,38.1%,0.32,-9122.5
15m,1.0%,30pt,+80%,-35%,True,4,25.0%,1.66,2082.0,5,-3909.0,21,38.1%,0.3,-9998.9
15m,1.3%,100pt,+40%,-35%,False,3,66.7%,1.44,2079.0,3,-6736.8,9,0.0%,0.0,-16406.6
15m,1.0%,100pt,+40%,-35%,False,3,66.7%,1.44,2079.0,3,-6736.8,9,0.0%,0.0,-16406.6
60m,0.5%,30pt,+40%,-30%,False,1,100.0%,99.0,2056.5,1,-1431.8,4,0.0%,0.0,-5698.8
60m,0.5%,30pt,+40%,-35%,False,1,100.0%,99.0,2056.5,1,-1671.2,4,0.0%,0.0,-6597.5
60m,0.5%,30pt,+40%,-20%,False,1,100.0%,99.0,2056.5,2,-2914.3,5,0.0%,0.0,-6481.7
60m,0.5%,30pt,+40%,-25%,False,1,100.0%,99.0,2056.5,2,-3228.6,5,0.0%,0.0,-7047.1
15m,1.3%,30pt,+80%,-25%,False,2,50.0%,1.62,1996.5,4,-6293.2,13,0.0%,0.0,-20008.3
15m,1.0%,30pt,+80%,-25%,False,2,50.0%,1.62,1996.5,4,-6293.2,13,0.0%,0.0,-20008.3
15m,1.0%,50pt,+80%,-25%,False,2,50.0%,1.61,1974.0,3,-4445.1,12,0.0%,0.0,-18211.6
15m,1.3%,50pt,+80%,-25%,False,2,50.0%,1.61,1974.0,3,-4445.1,12,0.0%,0.0,-18211.6
15m,1.3%,75pt,+40%,-35%,False,3,66.7%,1.37,1773.0,3,-6492.9,10,0.0%,0.0,-18823.2
15m,1.0%,75pt,+40%,-35%,False,3,66.7%,1.37,1773.0,3,-6492.9,10,0.0%,0.0,-18823.2
15m,1.0%,30pt,+40%,-25%,True,5,40.0%,1.56,1758.0,6,-5748.5,22,36.4%,0.28,-11201.6
15m,1.0%,30pt,+40%,-35%,True,5,40.0%,1.56,1758.0,5,-3909.0,21,38.1%,0.3,-9998.9
15m,1.0%,30pt,+40%,-30%,True,5,40.0%,1.56,1758.0,5,-3522.1,21,38.1%,0.32,-9122.5
15m,1.3%,30pt,+40%,-20%,True,5,40.0%,1.56,1758.0,6,-4988.1,22,36.4%,0.3,-9909.9
15m,1.0%,30pt,+40%,-20%,True,5,40.0%,1.56,1758.0,6,-4988.1,22,36.4%,0.3,-9909.9
15m,1.3%,30pt,+40%,-35%,True,5,40.0%,1.56,1758.0,5,-3909.0,21,38.1%,0.3,-9998.9
15m,1.3%,30pt,+40%,-25%,True,5,40.0%,1.56,1758.0,6,-5748.5,22,36.4%,0.28,-11201.6
15m,1.3%,30pt,+40%,-30%,True,5,40.0%,1.56,1758.0,5,-3522.1,21,38.1%,0.32,-9122.5
15m,1.3%,100pt,+60%,-30%,False,2,50.0%,1.42,1656.0,3,-5899.2,9,0.0%,0.0,-14500.3
15m,1.0%,100pt,+60%,-30%,False,2,50.0%,1.42,1656.0,3,-5899.2,9,0.0%,0.0,-14500.3
15m,0.75%,100pt,+60%,-30%,False,2,50.0%,1.42,1656.0,2,-3298.6,7,0.0%,0.0,-10003.1
15m,0.75%,50pt,+60%,-30%,False,2,50.0%,1.4,1585.5,2,-2778.4,9,0.0%,0.0,-14525.2
60m,0.5%,50pt,+40%,-20%,True,2,50.0%,2.64,1455.0,2,-1121.6,9,66.7%,1.19,432.1
60m,0.5%,50pt,+40%,-25%,True,2,50.0%,2.64,1455.0,2,-1467.8,9,66.7%,0.94,-165.0
60m,0.5%,50pt,+40%,-30%,True,2,50.0%,2.64,1455.0,2,-1531.0,9,66.7%,0.84,-512.6
60m,0.5%,50pt,+40%,-35%,True,2,50.0%,2.64,1455.0,2,-1771.5,9,66.7%,0.72,-1076.7
15m,1.3%,50pt,+80%,-35%,True,4,25.0%,1.37,1399.5,5,-3283.6,21,47.6%,0.36,-7940.5
15m,1.3%,50pt,+80%,-20%,True,4,25.0%,1.37,1399.5,6,-3958.0,22,40.9%,0.33,-8699.5
15m,1.3%,50pt,+80%,-25%,True,4,25.0%,1.37,1399.5,6,-4562.3,22,45.5%,0.33,-9069.9
15m,1.3%,50pt,+80%,-30%,True,4,25.0%,1.37,1399.5,5,-2895.6,21,47.6%,0.38,-7406.9
15m,1.0%,50pt,+80%,-25%,True,4,25.0%,1.37,1399.5,6,-4562.3,22,45.5%,0.33,-9069.9
15m,1.0%,50pt,+80%,-20%,True,4,25.0%,1.37,1399.5,6,-3958.0,22,40.9%,0.33,-8699.5
15m,1.0%,50pt,+80%,-35%,True,4,25.0%,1.37,1399.5,5,-3283.6,21,47.6%,0.36,-7940.5
15m,1.0%,50pt,+80%,-30%,True,4,25.0%,1.37,1399.5,5,-2895.6,21,47.6%,0.38,-7406.9
15m,1.0%,50pt,+40%,-30%,True,5,40.0%,1.36,1359.0,5,-2895.6,21,47.6%,0.38,-7406.9
15m,1.3%,50pt,+40%,-30%,True,5,40.0%,1.36,1359.0,5,-2895.6,21,47.6%,0.38,-7406.9
15m,1.3%,50pt,+40%,-35%,True,5,40.0%,1.36,1359.0,5,-3283.6,21,47.6%,0.36,-7940.5
15m,1.3%,50pt,+40%,-20%,True,5,40.0%,1.36,1359.0,6,-3958.0,22,40.9%,0.33,-8699.5
15m,1.0%,50pt,+40%,-25%,True,5,40.0%,1.36,1359.0,6,-4562.3,22,45.5%,0.33,-9069.9
15m,1.0%,50pt,+40%,-20%,True,5,40.0%,1.36,1359.0,6,-3958.0,22,40.9%,0.33,-8699.5
15m,1.0%,50pt,+40%,-35%,True,5,40.0%,1.36,1359.0,5,-3283.6,21,47.6%,0.36,-7940.5
15m,1.3%,50pt,+40%,-25%,True,5,40.0%,1.36,1359.0,6,-4562.3,22,45.5%,0.33,-9069.9
15m,1.0%,75pt,+60%,-30%,False,2,50.0%,1.34,1350.0,3,-5708.6,10,0.0%,0.0,-16023.9
15m,0.75%,75pt,+60%,-30%,False,2,50.0%,1.34,1350.0,2,-3108.1,8,0.0%,0.0,-11683.6
15m,1.3%,75pt,+60%,-30%,False,2,50.0%,1.34,1350.0,3,-5708.6,10,0.0%,0.0,-16023.9
60m,0.5%,30pt,+40%,-30%,True,2,50.0%,2.8,1321.5,2,-2800.0,9,44.4%,0.52,-2946.5
60m,0.5%,30pt,+40%,-35%,True,2,50.0%,2.8,1321.5,2,-3039.4,9,44.4%,0.47,-3675.4
60m,0.5%,30pt,+40%,-25%,True,2,50.0%,2.8,1321.5,2,-3228.6,9,44.4%,0.52,-2926.6
60m,0.5%,30pt,+40%,-20%,True,2,50.0%,2.8,1321.5,2,-2914.3,9,44.4%,0.58,-2361.2
15m,1.0%,30pt,+80%,-30%,False,2,50.0%,1.33,1288.5,2,-2698.6,10,0.0%,0.0,-16380.4
15m,1.3%,30pt,+80%,-30%,False,2,50.0%,1.33,1288.5,2,-2698.6,10,0.0%,0.0,-16380.4
15m,0.75%,50pt,+40%,-35%,False,3,66.7%,1.27,1270.5,2,-3166.3,8,0.0%,0.0,-13571.0
15m,1.0%,50pt,+80%,-30%,False,2,50.0%,1.32,1266.0,2,-2778.4,10,0.0%,0.0,-16265.1
15m,1.3%,50pt,+80%,-30%,False,2,50.0%,1.32,1266.0,2,-2778.4,10,0.0%,0.0,-16265.1
15m,1.3%,100pt,+60%,-35%,False,2,50.0%,1.17,831.0,3,-6736.8,9,0.0%,0.0,-16406.6
15m,1.0%,100pt,+60%,-35%,False,2,50.0%,1.17,831.0,3,-6736.8,9,0.0%,0.0,-16406.6
15m,0.75%,100pt,+60%,-35%,False,2,50.0%,1.17,831.0,2,-3689.7,7,0.0%,0.0,-11240.2
15m,0.75%,50pt,+60%,-35%,False,2,50.0%,1.16,760.5,2,-3166.3,8,0.0%,0.0,-13571.0
15m,1.3%,30pt,+60%,-25%,True,4,25.0%,1.24,751.5,6,-5748.5,22,36.4%,0.28,-11201.6
15m,1.0%,30pt,+60%,-30%,True,4,25.0%,1.24,751.5,5,-3522.1,21,38.1%,0.32,-9122.5
15m,1.0%,30pt,+60%,-35%,True,4,25.0%,1.24,751.5,5,-3909.0,21,38.1%,0.3,-9998.9
15m,1.0%,30pt,+60%,-20%,True,4,25.0%,1.24,751.5,6,-4988.1,22,36.4%,0.3,-9909.9
15m,1.0%,30pt,+60%,-25%,True,4,25.0%,1.24,751.5,6,-5748.5,22,36.4%,0.28,-11201.6
15m,1.3%,30pt,+60%,-30%,True,4,25.0%,1.24,751.5,5,-3522.1,21,38.1%,0.32,-9122.5
15m,1.3%,30pt,+60%,-35%,True,4,25.0%,1.24,751.5,5,-3909.0,21,38.1%,0.3,-9998.9
15m,1.3%,30pt,+60%,-20%,True,4,25.0%,1.24,751.5,6,-4988.1,22,36.4%,0.3,-9909.9
15m,1.0%,50pt,+80%,-20%,False,3,33.3%,1.13,588.0,3,-3840.7,12,0.0%,0.0,-14902.8
15m,1.3%,50pt,+80%,-20%,False,3,33.3%,1.13,588.0,3,-3840.7,12,0.0%,0.0,-14902.8
15m,1.3%,50pt,+40%,-20%,False,4,50.0%,1.12,547.5,3,-3840.7,12,0.0%,0.0,-14902.8
15m,1.0%,50pt,+40%,-20%,False,4,50.0%,1.12,547.5,3,-3840.7,12,0.0%,0.0,-14902.8
15m,0.75%,100pt,+40%,-25%,False,2,50.0%,1.17,534.0,2,-2649.8,7,0.0%,0.0,-8577.4
15m,1.3%,75pt,+60%,-35%,False,2,50.0%,1.11,525.0,3,-6492.9,10,0.0%,0.0,-18823.2
15m,0.75%,75pt,+60%,-35%,False,2,50.0%,1.11,525.0,2,-3445.8,8,0.0%,0.0,-13803.9
15m,1.0%,75pt,+60%,-35%,False,2,50.0%,1.11,525.0,3,-6492.9,10,0.0%,0.0,-18823.2
15m,1.3%,150pt,+40%,-20%,False,2,50.0%,1.21,498.0,4,-5178.6,7,0.0%,0.0,-8620.5
15m,1.0%,150pt,+40%,-20%,False,2,50.0%,1.21,498.0,4,-5178.6,7,0.0%,0.0,-8620.5
15m,1.3%,30pt,+80%,-35%,False,2,50.0%,1.1,463.5,2,-3085.5,9,0.0%,0.0,-15711.5
15m,1.0%,30pt,+80%,-35%,False,2,50.0%,1.1,463.5,2,-3085.5,9,0.0%,0.0,-15711.5
15m,1.0%,50pt,+80%,-35%,False,2,50.0%,1.09,441.0,2,-3166.3,9,0.0%,0.0,-15543.3
15m,1.3%,50pt,+80%,-35%,False,2,50.0%,1.09,441.0,2,-3166.3,9,0.0%,0.0,-15543.3
15m,1.3%,150pt,+40%,-35%,True,2,50.0%,1.14,361.5,3,-4037.3,8,25.0%,0.03,-9696.0
15m,1.3%,150pt,+40%,-30%,True,2,50.0%,1.14,361.5,3,-3605.0,8,25.0%,0.03,-8257.6
15m,1.0%,150pt,+40%,-30%,True,2,50.0%,1.14,361.5,3,-3605.0,8,25.0%,0.03,-8257.6
15m,1.0%,150pt,+40%,-35%,True,2,50.0%,1.14,361.5,3,-4037.3,8,25.0%,0.03,-9696.0
15m,1.3%,150pt,+40%,-25%,True,2,50.0%,1.14,361.5,4,-5315.6,9,22.2%,0.03,-9208.5
15m,1.0%,150pt,+40%,-25%,True,2,50.0%,1.14,361.5,4,-5315.6,9,22.2%,0.03,-9208.5
15m,1.3%,50pt,+60%,-20%,True,4,25.0%,1.02,69.0,6,-3958.0,22,40.9%,0.33,-8699.5
15m,1.3%,50pt,+60%,-25%,True,4,25.0%,1.02,69.0,6,-4562.3,22,45.5%,0.33,-9069.9
15m,1.3%,50pt,+60%,-35%,True,4,25.0%,1.02,69.0,5,-3283.6,21,47.6%,0.36,-7940.5
15m,1.3%,50pt,+60%,-30%,True,4,25.0%,1.02,69.0,5,-2895.6,21,47.6%,0.38,-7406.9
15m,1.0%,50pt,+60%,-30%,True,4,25.0%,1.02,69.0,5,-2895.6,21,47.6%,0.38,-7406.9
15m,1.0%,50pt,+60%,-20%,True,4,25.0%,1.02,69.0,6,-3958.0,22,40.9%,0.33,-8699.5
15m,1.0%,50pt,+60%,-35%,True,4,25.0%,1.02,69.0,5,-3283.6,21,47.6%,0.36,-7940.5
15m,1.0%,50pt,+60%,-25%,True,4,25.0%,1.02,69.0,6,-4562.3,22,45.5%,0.33,-9069.9
15m,0.75%,100pt,+40%,-30%,False,2,50.0%,0.96,-174.0,2,-3298.6,7,0.0%,0.0,-10003.1
15m,0.75%,75pt,+40%,-30%,False,2,50.0%,0.88,-480.0,2,-3108.1,8,0.0%,0.0,-11683.6
15m,0.5%,50pt,+40%,-20%,False,2,50.0%,0.82,-502.5,2,-2101.2,6,0.0%,0.0,-6201.4
30m,0.5%,50pt,+40%,-20%,False,2,50.0%,0.82,-502.5,2,-2101.2,5,0.0%,0.0,-5015.7
45m,0.5%,50pt,+40%,-20%,False,2,50.0%,0.82,-502.5,1,-1102.1,4,0.0%,0.0,-4016.6
30m,0.5%,50pt,+40%,-20%,True,3,33.3%,0.79,-640.5,4,-1214.6,11,54.5%,0.65,-1510.3
30m,0.5%,50pt,+40%,-30%,True,3,33.3%,0.79,-640.5,4,-1891.7,11,63.6%,0.67,-1485.7
30m,0.5%,50pt,+40%,-25%,True,3,33.3%,0.79,-640.5,4,-1605.6,11,63.6%,0.77,-915.2
30m,0.5%,50pt,+40%,-35%,True,3,33.3%,0.79,-640.5,4,-2279.7,11,63.6%,0.58,-2197.2
15m,0.5%,50pt,+40%,-20%,True,3,33.3%,0.79,-640.5,4,-1214.6,13,46.2%,0.5,-2722.3
15m,0.5%,50pt,+40%,-25%,True,3,33.3%,0.79,-640.5,4,-1605.6,13,53.8%,0.59,-2127.2
45m,0.5%,50pt,+40%,-30%,True,3,33.3%,0.79,-640.5,3,-624.9,10,70.0%,0.93,-218.8
15m,0.5%,50pt,+40%,-30%,True,3,33.3%,0.79,-640.5,4,-1891.7,13,53.8%,0.51,-2924.1
45m,0.5%,50pt,+40%,-20%,True,3,33.3%,0.79,-640.5,3,-215.5,10,60.0%,0.84,-511.3
45m,0.5%,50pt,+40%,-35%,True,3,33.3%,0.79,-640.5,3,-865.3,10,70.0%,0.79,-782.9
15m,0.5%,50pt,+40%,-35%,True,3,33.3%,0.79,-640.5,4,-2279.7,13,53.8%,0.47,-3457.7
45m,0.5%,50pt,+40%,-25%,True,3,33.3%,0.79,-640.5,3,-561.6,10,70.0%,1.04,128.8
60m,0.5%,30pt,+80%,-20%,True,1,0.0%,0.0,-735.0,2,-2914.3,9,44.4%,0.58,-2361.2
60m,0.5%,30pt,+80%,-25%,True,1,0.0%,0.0,-735.0,2,-3228.6,9,44.4%,0.52,-2926.6
60m,0.5%,30pt,+60%,-20%,True,1,0.0%,0.0,-735.0,2,-2914.3,9,44.4%,0.58,-2361.2
60m,0.5%,30pt,+100%,-20%,True,1,0.0%,0.0,-735.0,2,-2914.3,9,44.4%,0.58,-2361.2
60m,0.5%,30pt,+80%,-35%,True,1,0.0%,0.0,-735.0,2,-3039.4,9,44.4%,0.47,-3675.4
60m,0.5%,30pt,+100%,-35%,True,1,0.0%,0.0,-735.0,2,-3039.4,9,44.4%,0.47,-3675.4
60m,0.5%,30pt,+100%,-30%,True,1,0.0%,0.0,-735.0,2,-2800.0,9,44.4%,0.52,-2946.5
60m,0.5%,30pt,+60%,-25%,True,1,0.0%,0.0,-735.0,2,-3228.6,9,44.4%,0.52,-2926.6
60m,0.5%,30pt,+60%,-35%,True,1,0.0%,0.0,-735.0,2,-3039.4,9,44.4%,0.47,-3675.4
60m,0.5%,30pt,+60%,-30%,True,1,0.0%,0.0,-735.0,2,-2800.0,9,44.4%,0.52,-2946.5
60m,0.5%,30pt,+80%,-30%,True,1,0.0%,0.0,-735.0,2,-2800.0,9,44.4%,0.52,-2946.5
60m,0.5%,30pt,+100%,-25%,True,1,0.0%,0.0,-735.0,2,-3228.6,9,44.4%,0.52,-2926.6
15m,1.3%,50pt,+60%,-20%,False,3,33.3%,0.84,-742.5,3,-3840.7,12,0.0%,0.0,-14902.8
15m,1.0%,50pt,+60%,-20%,False,3,33.3%,0.84,-742.5,3,-3840.7,12,0.0%,0.0,-14902.8
45m,0.5%,30pt,+40%,-30%,True,3,33.3%,0.73,-774.0,3,-1893.9,10,50.0%,0.6,-2547.9
15m,0.5%,30pt,+40%,-35%,True,3,33.3%,0.73,-774.0,4,-3547.7,13,46.2%,0.39,-5605.7
30m,0.5%,30pt,+40%,-20%,True,3,33.3%,0.73,-774.0,4,-3007.2,11,45.5%,0.56,-2961.6
30m,0.5%,30pt,+40%,-25%,True,3,33.3%,0.73,-774.0,4,-3366.5,11,45.5%,0.52,-3571.9
30m,0.5%,30pt,+40%,-30%,True,3,33.3%,0.73,-774.0,4,-3160.8,11,45.5%,0.5,-3814.7
45m,0.5%,30pt,+40%,-35%,True,3,33.3%,0.73,-774.0,3,-2133.3,10,50.0%,0.54,-3276.8
15m,0.5%,30pt,+40%,-30%,True,3,33.3%,0.73,-774.0,4,-3160.8,13,46.2%,0.43,-4729.2
15m,0.5%,30pt,+40%,-20%,True,3,33.3%,0.73,-774.0,4,-3007.2,13,46.2%,0.48,-3876.2
15m,0.5%,30pt,+40%,-25%,True,3,33.3%,0.73,-774.0,4,-3366.5,13,46.2%,0.44,-4486.4
45m,0.5%,30pt,+40%,-20%,True,3,33.3%,0.73,-774.0,3,-2008.1,10,50.0%,0.66,-1962.6
45m,0.5%,30pt,+40%,-25%,True,3,33.3%,0.73,-774.0,3,-2322.5,10,50.0%,0.6,-2527.9
30m,0.5%,30pt,+40%,-35%,True,3,33.3%,0.73,-774.0,4,-3547.7,11,45.5%,0.45,-4691.1
15m,0.5%,30pt,+40%,-20%,False,2,50.0%,0.72,-786.0,3,-3913.3,7,0.0%,0.0,-8444.1
30m,0.5%,30pt,+40%,-20%,False,2,50.0%,0.72,-786.0,3,-3913.3,6,0.0%,0.0,-7480.8
45m,0.5%,30pt,+40%,-20%,False,2,50.0%,0.72,-786.0,2,-2914.3,5,0.0%,0.0,-6481.7
60m,0.5%,50pt,+100%,-25%,True,1,0.0%,0.0,-885.0,2,-1467.8,9,66.7%,0.94,-165.0
60m,0.5%,50pt,+100%,-20%,True,1,0.0%,0.0,-885.0,2,-1121.6,9,66.7%,1.19,432.1
60m,0.5%,50pt,+60%,-20%,True,1,0.0%,0.0,-885.0,2,-1121.6,9,66.7%,1.19,432.1
60m,0.5%,50pt,+60%,-25%,True,1,0.0%,0.0,-885.0,2,-1467.8,9,66.7%,0.94,-165.0
60m,0.5%,50pt,+100%,-30%,True,1,0.0%,0.0,-885.0,2,-1531.0,9,66.7%,0.84,-512.6
60m,0.5%,50pt,+80%,-35%,True,1,0.0%,0.0,-885.0,2,-1771.5,9,66.7%,0.72,-1076.7
60m,0.5%,50pt,+80%,-30%,True,1,0.0%,0.0,-885.0,2,-1531.0,9,66.7%,0.84,-512.6
60m,0.5%,50pt,+80%,-25%,True,1,0.0%,0.0,-885.0,2,-1467.8,9,66.7%,0.94,-165.0
60m,0.5%,50pt,+100%,-35%,True,1,0.0%,0.0,-885.0,2,-1771.5,9,66.7%,0.72,-1076.7
60m,0.5%,50pt,+60%,-35%,True,1,0.0%,0.0,-885.0,2,-1771.5,9,66.7%,0.72,-1076.7
60m,0.5%,50pt,+60%,-30%,True,1,0.0%,0.0,-885.0,2,-1531.0,9,66.7%,0.84,-512.6
60m,0.5%,50pt,+80%,-20%,True,1,0.0%,0.0,-885.0,2,-1121.6,9,66.7%,1.19,432.1
30m,1.0%,50pt,+40%,-25%,False,2,50.0%,0.72,-888.0,2,-2492.3,9,0.0%,0.0,-12356.0
30m,0.5%,50pt,+40%,-25%,False,2,50.0%,0.72,-888.0,2,-2492.3,5,0.0%,0.0,-6313.4
60m,1.3%,50pt,+40%,-25%,False,2,50.0%,0.72,-888.0,2,-2398.3,9,0.0%,0.0,-11726.8
45m,0.75%,50pt,+40%,-25%,False,2,50.0%,0.72,-888.0,2,-2637.3,9,0.0%,0.0,-12500.9
45m,1.0%,50pt,+40%,-25%,False,2,50.0%,0.72,-888.0,2,-2637.3,9,0.0%,0.0,-12500.9
60m,0.75%,50pt,+40%,-25%,False,2,50.0%,0.72,-888.0,2,-2398.3,8,0.0%,0.0,-10216.4
60m,1.0%,50pt,+40%,-25%,False,2,50.0%,0.72,-888.0,2,-2398.3,8,0.0%,0.0,-10216.4
30m,1.3%,50pt,+40%,-25%,False,2,50.0%,0.72,-888.0,2,-2492.3,10,0.0%,0.0,-14089.8
45m,1.3%,50pt,+40%,-25%,False,2,50.0%,0.72,-888.0,2,-2637.3,10,0.0%,0.0,-13946.4
15m,0.5%,50pt,+40%,-25%,False,2,50.0%,0.72,-888.0,2,-2492.3,6,0.0%,0.0,-7499.1
45m,0.5%,50pt,+40%,-25%,False,2,50.0%,0.72,-888.0,1,-1448.3,4,0.0%,0.0,-5269.4
30m,0.75%,50pt,+40%,-25%,False,2,50.0%,0.72,-888.0,2,-2492.3,9,0.0%,0.0,-12356.0
15m,0.75%,100pt,+40%,-35%,False,2,50.0%,0.79,-999.0,2,-3689.7,7,0.0%,0.0,-11240.2
15m,0.75%,30pt,+40%,-35%,True,4,25.0%,0.65,-1086.0,5,-3909.0,20,40.0%,0.32,-9312.4
15m,0.75%,30pt,+40%,-20%,True,4,25.0%,0.65,-1086.0,5,-3368.6,20,40.0%,0.36,-7603.9
15m,0.75%,30pt,+40%,-30%,True,4,25.0%,0.65,-1086.0,5,-3522.1,20,40.0%,0.34,-8436.0
15m,0.75%,30pt,+40%,-25%,True,4,25.0%,0.65,-1086.0,5,-3727.9,20,40.0%,0.34,-8494.5
30m,0.5%,30pt,+40%,-25%,False,2,50.0%,0.64,-1171.5,3,-4272.6,6,0.0%,0.0,-8091.1
45m,0.5%,30pt,+40%,-25%,False,2,50.0%,0.64,-1171.5,2,-3228.6,5,0.0%,0.0,-7047.1
60m,0.75%,30pt,+40%,-25%,False,2,50.0%,0.64,-1171.5,3,-4330.9,10,0.0%,0.0,-14442.6
60m,1.0%,30pt,+40%,-25%,False,2,50.0%,0.64,-1171.5,3,-4330.9,10,0.0%,0.0,-14442.6
30m,1.3%,30pt,+40%,-25%,False,2,50.0%,0.64,-1171.5,4,-6456.6,12,0.0%,0.0,-18538.2
60m,1.3%,30pt,+40%,-25%,False,2,50.0%,0.64,-1171.5,3,-4330.9,11,0.0%,0.0,-15745.7
45m,1.3%,30pt,+40%,-25%,False,2,50.0%,0.64,-1171.5,4,-6508.9,12,0.0%,0.0,-18371.9
30m,1.0%,30pt,+40%,-25%,False,2,50.0%,0.64,-1171.5,3,-4272.6,10,0.0%,0.0,-14620.3
45m,0.75%,30pt,+40%,-25%,False,2,50.0%,0.64,-1171.5,3,-4324.8,10,0.0%,0.0,-14672.6
45m,1.0%,30pt,+40%,-25%,False,2,50.0%,0.64,-1171.5,3,-4324.8,10,0.0%,0.0,-14672.6
30m,0.75%,30pt,+40%,-25%,False,2,50.0%,0.64,-1171.5,3,-4272.6,10,0.0%,0.0,-14620.3
15m,0.5%,30pt,+40%,-25%,False,2,50.0%,0.64,-1171.5,3,-4272.6,7,0.0%,0.0,-9285.8
15m,0.75%,75pt,+40%,-35%,False,2,50.0%,0.73,-1305.0,2,-3445.8,8,0.0%,0.0,-13803.9
60m,0.5%,75pt,+40%,-25%,True,1,0.0%,0.0,-1320.0,2,-1477.6,7,28.6%,0.08,-4362.8
60m,0.5%,75pt,+40%,-30%,True,1,0.0%,0.0,-1320.0,2,-1955.3,7,28.6%,0.07,-5091.5
60m,0.5%,75pt,+40%,-20%,True,1,0.0%,0.0,-1320.0,2,-1223.4,7,28.6%,0.08,-4108.6
60m,0.5%,75pt,+40%,-35%,True,1,0.0%,0.0,-1320.0,2,-2018.6,7,28.6%,0.06,-5932.4
60m,0.5%,75pt,+60%,-35%,True,1,0.0%,0.0,-1320.0,2,-2018.6,7,28.6%,0.06,-5932.4
60m,0.5%,75pt,+60%,-20%,True,1,0.0%,0.0,-1320.0,2,-1223.4,7,28.6%,0.08,-4108.6
60m,0.5%,75pt,+60%,-30%,True,1,0.0%,0.0,-1320.0,2,-1955.3,7,28.6%,0.07,-5091.5
60m,0.5%,75pt,+60%,-25%,True,1,0.0%,0.0,-1320.0,2,-1477.6,7,28.6%,0.08,-4362.8
60m,0.5%,75pt,+80%,-20%,True,1,0.0%,0.0,-1320.0,2,-1223.4,7,28.6%,0.08,-4108.6
60m,0.5%,75pt,+80%,-35%,True,1,0.0%,0.0,-1320.0,2,-2018.6,7,28.6%,0.06,-5932.4
60m,0.5%,75pt,+100%,-35%,True,1,0.0%,0.0,-1320.0,2,-2018.6,7,28.6%,0.06,-5932.4
60m,0.5%,75pt,+100%,-30%,True,1,0.0%,0.0,-1320.0,2,-1955.3,7,28.6%,0.07,-5091.5
60m,0.5%,75pt,+80%,-30%,True,1,0.0%,0.0,-1320.0,2,-1955.3,7,28.6%,0.07,-5091.5
60m,0.5%,75pt,+80%,-25%,True,1,0.0%,0.0,-1320.0,2,-1477.6,7,28.6%,0.08,-4362.8
60m,0.5%,75pt,+100%,-20%,True,1,0.0%,0.0,-1320.0,2,-1223.4,7,28.6%,0.08,-4108.6
60m,0.5%,75pt,+100%,-25%,True,1,0.0%,0.0,-1320.0,2,-1477.6,7,28.6%,0.08,-4362.8
15m,1.3%,75pt,+40%,-30%,True,4,25.0%,0.69,-1395.0,6,-4937.4,20,30.0%,0.22,-10072.1
15m,1.3%,75pt,+40%,-35%,True,4,25.0%,0.69,-1395.0,6,-5721.6,20,30.0%,0.19,-11634.0
15m,1.0%,75pt,+40%,-30%,True,4,25.0%,0.69,-1395.0,6,-4937.4,20,30.0%,0.22,-10072.1
15m,1.0%,75pt,+40%,-20%,True,4,25.0%,0.69,-1395.0,6,-3220.8,20,30.0%,0.26,-8044.3
15m,1.3%,75pt,+40%,-20%,True,4,25.0%,0.69,-1395.0,6,-3220.8,20,30.0%,0.26,-8044.3
15m,1.3%,75pt,+40%,-25%,True,4,25.0%,0.69,-1395.0,6,-4077.0,20,30.0%,0.23,-9166.5
15m,1.0%,75pt,+40%,-25%,True,4,25.0%,0.69,-1395.0,6,-4077.0,20,30.0%,0.23,-9166.5
15m,1.0%,75pt,+40%,-35%,True,4,25.0%,0.69,-1395.0,6,-5721.6,20,30.0%,0.19,-11634.0
30m,0.75%,50pt,+40%,-35%,True,4,25.0%,0.62,-1428.0,5,-3362.6,17,58.8%,0.47,-4938.3
30m,0.75%,50pt,+40%,-25%,True,4,25.0%,0.62,-1428.0,5,-2688.5,17,58.8%,0.52,-3957.6
30m,0.75%,50pt,+40%,-20%,True,4,25.0%,0.62,-1428.0,5,-2297.5,17,52.9%,0.5,-4066.7
30m,0.75%,50pt,+40%,-30%,True,4,25.0%,0.62,-1428.0,5,-2974.6,17,58.8%,0.51,-4226.8
30m,1.0%,50pt,+40%,-20%,True,4,25.0%,0.62,-1428.0,5,-2297.5,17,52.9%,0.5,-4066.7
30m,1.0%,50pt,+40%,-30%,True,4,25.0%,0.62,-1428.0,5,-2974.6,17,58.8%,0.51,-4226.8
30m,1.0%,50pt,+40%,-35%,True,4,25.0%,0.62,-1428.0,5,-3362.6,17,58.8%,0.47,-4938.3
30m,1.0%,50pt,+40%,-25%,True,4,25.0%,0.62,-1428.0,5,-2688.5,17,58.8%,0.52,-3957.6
30m,1.3%,50pt,+40%,-30%,True,4,25.0%,0.62,-1428.0,5,-2974.6,18,55.6%,0.41,-6151.7
30m,1.3%,50pt,+40%,-20%,True,4,25.0%,0.62,-1428.0,6,-3941.6,19,47.4%,0.37,-7063.1
30m,1.3%,50pt,+40%,-25%,True,4,25.0%,0.62,-1428.0,5,-2688.5,18,55.6%,0.43,-5691.5
30m,1.3%,50pt,+40%,-35%,True,4,25.0%,0.62,-1428.0,5,-3362.6,18,55.6%,0.38,-7170.3
15m,1.0%,75pt,+40%,-20%,False,3,33.3%,0.68,-1450.5,3,-3992.1,11,0.0%,0.0,-13820.0
15m,1.3%,75pt,+40%,-20%,False,3,33.3%,0.68,-1450.5,3,-3992.1,11,0.0%,0.0,-13820.0
15m,0.75%,50pt,+40%,-30%,True,4,25.0%,0.62,-1462.5,5,-2895.6,20,45.0%,0.35,-7700.6
15m,0.75%,50pt,+40%,-20%,True,4,25.0%,0.62,-1462.5,5,-2218.5,20,40.0%,0.35,-7253.7
15m,0.75%,50pt,+40%,-25%,True,4,25.0%,0.62,-1462.5,5,-2609.5,20,45.0%,0.36,-7410.7
15m,0.75%,50pt,+40%,-35%,True,4,25.0%,0.62,-1462.5,5,-3283.6,20,45.0%,0.34,-8234.2
15m,1.3%,100pt,+40%,-20%,False,3,33.3%,0.68,-1465.5,3,-4328.9,9,0.0%,0.0,-10730.9
15m,1.0%,100pt,+40%,-20%,False,3,33.3%,0.68,-1465.5,3,-4328.9,9,0.0%,0.0,-10730.9
30m,0.75%,30pt,+40%,-25%,True,4,25.0%,0.57,-1561.5,5,-4449.4,17,35.3%,0.34,-8466.4
30m,0.75%,30pt,+40%,-30%,True,4,25.0%,0.57,-1561.5,5,-4243.7,17,35.3%,0.34,-8634.4
30m,0.75%,30pt,+40%,-35%,True,4,25.0%,0.57,-1561.5,5,-4630.6,17,35.3%,0.33,-8725.9
30m,0.75%,30pt,+40%,-20%,True,4,25.0%,0.57,-1561.5,5,-4090.1,17,35.3%,0.37,-7370.1
30m,1.0%,30pt,+40%,-25%,True,4,25.0%,0.57,-1561.5,5,-4449.4,18,33.3%,0.33,-8697.6
30m,1.0%,30pt,+40%,-20%,True,4,25.0%,0.57,-1561.5,5,-4090.1,18,33.3%,0.37,-7601.3
30m,1.3%,30pt,+40%,-35%,True,4,25.0%,0.57,-1561.5,5,-4630.6,19,31.6%,0.28,-11189.0
30m,1.3%,30pt,+40%,-30%,True,4,25.0%,0.57,-1561.5,6,-6947.7,20,30.0%,0.24,-13494.6
30m,1.0%,30pt,+40%,-35%,True,4,25.0%,0.57,-1561.5,5,-4630.6,18,33.3%,0.33,-8957.1
30m,1.3%,30pt,+40%,-20%,True,4,25.0%,0.57,-1561.5,6,-5895.7,20,30.0%,0.29,-10759.2
30m,1.0%,30pt,+40%,-30%,True,4,25.0%,0.57,-1561.5,5,-4243.7,18,33.3%,0.33,-8865.6
30m,1.3%,30pt,+40%,-25%,True,4,25.0%,0.57,-1561.5,6,-6633.4,20,30.0%,0.26,-12615.5
60m,1.3%,50pt,+40%,-30%,False,2,50.0%,0.59,-1596.0,2,-2627.4,8,0.0%,0.0,-11055.6
30m,0.5%,50pt,+40%,-30%,False,2,50.0%,0.59,-1596.0,2,-2778.4,5,0.0%,0.0,-6982.3
45m,1.3%,50pt,+40%,-30%,False,2,50.0%,0.59,-1596.0,2,-3055.0,9,0.0%,0.0,-13770.5
30m,1.0%,50pt,+40%,-30%,False,2,50.0%,0.59,-1596.0,2,-2778.4,8,0.0%,0.0,-11778.1
45m,0.75%,50pt,+40%,-30%,False,2,50.0%,0.59,-1596.0,2,-3055.0,8,0.0%,0.0,-12054.7
45m,1.0%,50pt,+40%,-30%,False,2,50.0%,0.59,-1596.0,2,-3055.0,8,0.0%,0.0,-12054.7
30m,0.75%,50pt,+40%,-30%,False,2,50.0%,0.59,-1596.0,2,-2778.4,8,0.0%,0.0,-11778.1
60m,1.0%,50pt,+40%,-30%,False,2,50.0%,0.59,-1596.0,2,-2627.4,7,0.0%,0.0,-9274.8
15m,0.5%,50pt,+40%,-30%,False,2,50.0%,0.59,-1596.0,2,-2778.4,6,0.0%,0.0,-8394.6
60m,0.75%,50pt,+40%,-30%,False,2,50.0%,0.59,-1596.0,2,-2627.4,7,0.0%,0.0,-9274.8
45m,0.5%,50pt,+40%,-30%,False,2,50.0%,0.59,-1596.0,1,-1511.5,4,0.0%,0.0,-5715.5
30m,1.3%,50pt,+40%,-30%,False,2,50.0%,0.59,-1596.0,2,-2778.4,9,0.0%,0.0,-13703.0
60m,1.0%,30pt,+40%,-35%,True,5,20.0%,0.54,-1761.0,5,-4769.8,18,38.9%,0.46,-5351.6
60m,1.3%,30pt,+40%,-20%,True,5,20.0%,0.54,-1761.0,5,-4644.6,19,42.1%,0.62,-3264.9
60m,1.0%,30pt,+40%,-30%,True,5,20.0%,0.54,-1761.0,5,-4530.4,18,38.9%,0.49,-4622.7
60m,0.75%,30pt,+40%,-30%,True,5,20.0%,0.54,-1761.0,5,-4530.4,17,41.2%,0.51,-4391.5
60m,0.75%,30pt,+40%,-25%,True,5,20.0%,0.54,-1761.0,5,-4959.0,17,41.2%,0.51,-4371.5
60m,0.75%,30pt,+40%,-20%,True,5,20.0%,0.54,-1761.0,5,-4644.6,17,41.2%,0.54,-3806.2
60m,0.75%,30pt,+40%,-35%,True,5,20.0%,0.54,-1761.0,5,-4769.8,17,41.2%,0.47,-5120.4
60m,1.0%,30pt,+40%,-20%,True,5,20.0%,0.54,-1761.0,5,-4644.6,18,38.9%,0.53,-4037.4
60m,1.0%,30pt,+40%,-25%,True,5,20.0%,0.54,-1761.0,5,-4959.0,18,38.9%,0.49,-4602.7
60m,1.3%,30pt,+40%,-25%,True,5,20.0%,0.54,-1761.0,5,-4959.0,19,42.1%,0.58,-3830.3
60m,1.3%,30pt,+40%,-30%,True,5,20.0%,0.54,-1761.0,5,-4530.4,19,42.1%,0.58,-3850.2
60m,1.3%,30pt,+40%,-35%,True,5,20.0%,0.54,-1761.0,5,-4769.8,19,42.1%,0.54,-4579.2
15m,1.3%,100pt,+40%,-20%,True,4,25.0%,0.64,-1764.0,6,-3790.6,16,25.0%,0.25,-9143.9
15m,1.0%,100pt,+40%,-20%,True,4,25.0%,0.64,-1764.0,6,-3790.6,16,25.0%,0.25,-9143.9
15m,1.0%,100pt,+40%,-25%,True,4,25.0%,0.64,-1764.0,6,-4405.3,16,25.0%,0.23,-10026.5
15m,1.0%,100pt,+40%,-30%,True,4,25.0%,0.64,-1764.0,6,-5360.8,16,25.0%,0.21,-11758.9
15m,1.0%,100pt,+40%,-35%,True,4,25.0%,0.64,-1764.0,6,-6198.4,16,25.0%,0.19,-12998.2
15m,1.3%,100pt,+40%,-35%,True,4,25.0%,0.64,-1764.0,6,-6198.4,16,25.0%,0.19,-12998.2
15m,1.3%,100pt,+40%,-30%,True,4,25.0%,0.64,-1764.0,6,-5360.8,16,25.0%,0.21,-11758.9
15m,1.3%,100pt,+40%,-25%,True,4,25.0%,0.64,-1764.0,6,-4405.3,16,25.0%,0.23,-10026.5
30m,1.3%,30pt,+40%,-30%,False,2,50.0%,0.52,-1879.5,3,-5402.7,10,0.0%,0.0,-16922.6
45m,1.0%,30pt,+40%,-30%,False,2,50.0%,0.52,-1879.5,2,-2751.6,8,0.0%,0.0,-12346.6
15m,0.5%,30pt,+40%,-30%,False,2,50.0%,0.52,-1879.5,2,-2698.6,6,0.0%,0.0,-8365.9
60m,1.3%,30pt,+40%,-30%,False,2,50.0%,0.52,-1879.5,2,-2757.7,9,0.0%,0.0,-13918.4
30m,0.75%,30pt,+40%,-30%,False,2,50.0%,0.52,-1879.5,2,-2698.6,8,0.0%,0.0,-12293.6
45m,0.75%,30pt,+40%,-30%,False,2,50.0%,0.52,-1879.5,2,-2751.6,8,0.0%,0.0,-12346.6
30m,1.0%,30pt,+40%,-30%,False,2,50.0%,0.52,-1879.5,2,-2698.6,8,0.0%,0.0,-12293.6
60m,0.75%,30pt,+40%,-30%,False,2,50.0%,0.52,-1879.5,2,-2757.7,8,0.0%,0.0,-12056.5
30m,0.5%,30pt,+40%,-30%,False,2,50.0%,0.52,-1879.5,2,-2698.6,5,0.0%,0.0,-6965.6
45m,0.5%,30pt,+40%,-30%,False,2,50.0%,0.52,-1879.5,1,-1431.8,4,0.0%,0.0,-5698.8
60m,1.0%,30pt,+40%,-30%,False,2,50.0%,0.52,-1879.5,2,-2757.7,8,0.0%,0.0,-12056.5
45m,1.3%,30pt,+40%,-30%,False,2,50.0%,0.52,-1879.5,3,-5455.7,10,0.0%,0.0,-16836.3
60m,0.5%,100pt,+40%,-30%,True,1,0.0%,0.0,-1995.0,2,-2249.4,7,28.6%,0.29,-4543.4
60m,0.5%,100pt,+100%,-20%,True,1,0.0%,0.0,-1995.0,2,-1718.8,7,28.6%,0.37,-3102.3
60m,0.5%,100pt,+100%,-25%,True,1,0.0%,0.0,-1995.0,2,-1955.1,7,28.6%,0.32,-3840.9
60m,0.5%,100pt,+100%,-30%,True,1,0.0%,0.0,-1995.0,2,-2249.4,7,28.6%,0.29,-4543.4
60m,0.5%,100pt,+80%,-30%,True,1,0.0%,0.0,-1995.0,2,-2249.4,7,28.6%,0.29,-4543.4
60m,0.5%,100pt,+80%,-20%,True,1,0.0%,0.0,-1995.0,2,-1718.8,7,28.6%,0.37,-3102.3
60m,0.5%,100pt,+60%,-35%,True,1,0.0%,0.0,-1995.0,2,-2595.6,7,28.6%,0.26,-5238.4
60m,0.5%,100pt,+80%,-35%,True,1,0.0%,0.0,-1995.0,2,-2595.6,7,28.6%,0.26,-5238.4
60m,0.5%,100pt,+80%,-25%,True,1,0.0%,0.0,-1995.0,2,-1955.1,7,28.6%,0.32,-3840.9
60m,0.5%,100pt,+100%,-35%,True,1,0.0%,0.0,-1995.0,2,-2595.6,7,28.6%,0.26,-5238.4
60m,0.5%,100pt,+40%,-25%,True,1,0.0%,0.0,-1995.0,2,-1955.1,7,28.6%,0.32,-3840.9
60m,0.5%,100pt,+60%,-20%,True,1,0.0%,0.0,-1995.0,2,-1718.8,7,28.6%,0.37,-3102.3
60m,0.5%,100pt,+40%,-35%,True,1,0.0%,0.0,-1995.0,2,-2595.6,7,28.6%,0.26,-5238.4
60m,0.5%,100pt,+40%,-20%,True,1,0.0%,0.0,-1995.0,2,-1718.8,7,28.6%,0.37,-3102.3
60m,0.5%,100pt,+60%,-30%,True,1,0.0%,0.0,-1995.0,2,-2249.4,7,28.6%,0.29,-4543.4
60m,0.5%,100pt,+60%,-25%,True,1,0.0%,0.0,-1995.0,2,-1955.1,7,28.6%,0.32,-3840.9
15m,1.3%,150pt,+40%,-20%,True,3,33.3%,0.59,-2038.5,4,-5178.6,9,22.2%,0.03,-8354.5
15m,1.0%,150pt,+40%,-20%,True,3,33.3%,0.59,-2038.5,4,-5178.6,9,22.2%,0.03,-8354.5
15m,1.3%,75pt,+40%,-25%,False,3,33.3%,0.58,-2235.0,3,-4848.3,10,0.0%,0.0,-14047.8
15m,1.0%,75pt,+40%,-25%,False,3,33.3%,0.58,-2235.0,3,-4848.3,10,0.0%,0.0,-14047.8
15m,0.75%,50pt,+40%,-20%,False,3,33.3%,0.51,-2274.0,2,-2101.2,10,0.0%,0.0,-12021.3
45m,0.75%,30pt,+40%,-25%,True,5,20.0%,0.47,-2331.0,5,-3972.5,17,35.3%,0.35,-7989.5
45m,0.75%,30pt,+40%,-35%,True,5,20.0%,0.47,-2331.0,5,-3783.3,17,35.3%,0.36,-7878.6
45m,0.75%,30pt,+40%,-20%,True,5,20.0%,0.47,-2331.0,5,-3658.1,17,35.3%,0.39,-6938.1
45m,0.75%,30pt,+40%,-30%,True,5,20.0%,0.47,-2331.0,5,-3543.9,17,35.3%,0.36,-7934.6
45m,1.3%,30pt,+40%,-20%,True,5,20.0%,0.47,-2331.0,6,-5463.7,20,35.0%,0.35,-8638.7
45m,1.3%,30pt,+40%,-30%,True,5,20.0%,0.47,-2331.0,6,-6247.9,20,35.0%,0.31,-10533.7
45m,1.0%,30pt,+40%,-20%,True,5,20.0%,0.47,-2331.0,5,-3658.1,18,33.3%,0.38,-7169.3
45m,1.0%,30pt,+40%,-25%,True,5,20.0%,0.47,-2331.0,5,-3972.5,18,33.3%,0.35,-8220.7
45m,1.0%,30pt,+40%,-30%,True,5,20.0%,0.47,-2331.0,5,-3543.9,18,33.3%,0.35,-8165.8
45m,1.0%,30pt,+40%,-35%,True,5,20.0%,0.47,-2331.0,5,-3783.3,18,33.3%,0.35,-8109.8
45m,1.3%,30pt,+40%,-35%,True,5,20.0%,0.47,-2331.0,5,-3783.3,19,36.8%,0.38,-7773.6
45m,1.3%,30pt,+40%,-25%,True,5,20.0%,0.47,-2331.0,6,-6156.5,20,35.0%,0.32,-10068.5
60m,0.75%,150pt,+100%,-20%,False,1,0.0%,0.0,-2388.0,2,-2773.2,4,0.0%,0.0,-4887.9
60m,1.3%,150pt,+40%,-20%,False,1,0.0%,0.0,-2388.0,2,-2773.2,5,0.0%,0.0,-5818.9
30m,1.0%,150pt,+100%,-20%,False,1,0.0%,0.0,-2388.0,3,-3548.1,5,0.0%,0.0,-5662.8
30m,0.75%,150pt,+80%,-20%,False,1,0.0%,0.0,-2388.0,3,-3548.1,5,0.0%,0.0,-5662.8
30m,0.75%,150pt,+40%,-20%,False,1,0.0%,0.0,-2388.0,3,-3548.1,5,0.0%,0.0,-5662.8
45m,1.0%,150pt,+80%,-20%,False,1,0.0%,0.0,-2388.0,2,-2773.2,4,0.0%,0.0,-4887.9
45m,0.75%,150pt,+60%,-20%,False,1,0.0%,0.0,-2388.0,2,-2773.2,4,0.0%,0.0,-4887.9
45m,0.75%,150pt,+80%,-20%,False,1,0.0%,0.0,-2388.0,2,-2773.2,4,0.0%,0.0,-4887.9
45m,0.75%,150pt,+100%,-20%,False,1,0.0%,0.0,-2388.0,2,-2773.2,4,0.0%,0.0,-4887.9
30m,0.75%,150pt,+60%,-20%,False,1,0.0%,0.0,-2388.0,3,-3548.1,5,0.0%,0.0,-5662.8
45m,1.0%,150pt,+40%,-20%,False,1,0.0%,0.0,-2388.0,2,-2773.2,4,0.0%,0.0,-4887.9
60m,1.3%,150pt,+100%,-20%,False,1,0.0%,0.0,-2388.0,2,-2773.2,5,0.0%,0.0,-5818.9
60m,0.75%,150pt,+80%,-20%,False,1,0.0%,0.0,-2388.0,2,-2773.2,4,0.0%,0.0,-4887.9
60m,1.3%,150pt,+80%,-20%,False,1,0.0%,0.0,-2388.0,2,-2773.2,5,0.0%,0.0,-5818.9
60m,0.75%,150pt,+40%,-20%,False,1,0.0%,0.0,-2388.0,2,-2773.2,4,0.0%,0.0,-4887.9
60m,0.75%,150pt,+60%,-20%,False,1,0.0%,0.0,-2388.0,2,-2773.2,4,0.0%,0.0,-4887.9
30m,1.0%,150pt,+40%,-20%,False,1,0.0%,0.0,-2388.0,3,-3548.1,5,0.0%,0.0,-5662.8
30m,0.75%,150pt,+100%,-20%,False,1,0.0%,0.0,-2388.0,3,-3548.1,5,0.0%,0.0,-5662.8
60m,1.0%,150pt,+80%,-20%,False,1,0.0%,0.0,-2388.0,2,-2773.2,4,0.0%,0.0,-4887.9
60m,1.0%,150pt,+60%,-20%,False,1,0.0%,0.0,-2388.0,2,-2773.2,4,0.0%,0.0,-4887.9
60m,1.0%,150pt,+100%,-20%,False,1,0.0%,0.0,-2388.0,2,-2773.2,4,0.0%,0.0,-4887.9
45m,0.75%,150pt,+40%,-20%,False,1,0.0%,0.0,-2388.0,2,-2773.2,4,0.0%,0.0,-4887.9
60m,1.0%,150pt,+40%,-20%,False,1,0.0%,0.0,-2388.0,2,-2773.2,4,0.0%,0.0,-4887.9
45m,1.0%,150pt,+60%,-20%,False,1,0.0%,0.0,-2388.0,2,-2773.2,4,0.0%,0.0,-4887.9
60m,1.3%,150pt,+60%,-20%,False,1,0.0%,0.0,-2388.0,2,-2773.2,5,0.0%,0.0,-5818.9
45m,1.0%,150pt,+100%,-20%,False,1,0.0%,0.0,-2388.0,2,-2773.2,4,0.0%,0.0,-4887.9
30m,1.0%,150pt,+60%,-20%,False,1,0.0%,0.0,-2388.0,3,-3548.1,5,0.0%,0.0,-5662.8
30m,1.0%,150pt,+80%,-20%,False,1,0.0%,0.0,-2388.0,3,-3548.1,5,0.0%,0.0,-5662.8
15m,1.3%,150pt,+80%,-20%,False,1,0.0%,0.0,-2400.0,4,-5178.6,7,0.0%,0.0,-8620.5
15m,1.3%,150pt,+60%,-20%,False,1,0.0%,0.0,-2400.0,4,-5178.6,7,0.0%,0.0,-8620.5
15m,0.75%,150pt,+80%,-20%,False,1,0.0%,0.0,-2400.0,3,-3548.1,5,0.0%,0.0,-5662.8
15m,1.3%,150pt,+100%,-20%,False,1,0.0%,0.0,-2400.0,4,-5178.6,7,0.0%,0.0,-8620.5
15m,0.75%,150pt,+100%,-20%,False,1,0.0%,0.0,-2400.0,3,-3548.1,5,0.0%,0.0,-5662.8
15m,0.75%,150pt,+60%,-20%,False,1,0.0%,0.0,-2400.0,3,-3548.1,5,0.0%,0.0,-5662.8
15m,1.0%,150pt,+60%,-20%,False,1,0.0%,0.0,-2400.0,4,-5178.6,7,0.0%,0.0,-8620.5
15m,0.75%,150pt,+40%,-20%,False,1,0.0%,0.0,-2400.0,3,-3548.1,5,0.0%,0.0,-5662.8
15m,1.0%,150pt,+100%,-20%,False,1,0.0%,0.0,-2400.0,4,-5178.6,7,0.0%,0.0,-8620.5
15m,1.0%,150pt,+80%,-20%,False,1,0.0%,0.0,-2400.0,4,-5178.6,7,0.0%,0.0,-8620.5
45m,0.75%,50pt,+40%,-35%,False,2,50.0%,0.49,-2421.0,2,-3340.3,7,0.0%,0.0,-10554.4
60m,1.0%,50pt,+40%,-35%,False,2,50.0%,0.49,-2421.0,2,-2946.7,7,0.0%,0.0,-10434.4
30m,0.5%,50pt,+40%,-35%,False,2,50.0%,0.49,-2421.0,2,-3166.3,5,0.0%,0.0,-7852.1
45m,0.5%,50pt,+40%,-35%,False,2,50.0%,0.49,-2421.0,1,-1752.0,4,0.0%,0.0,-6437.8
30m,1.0%,50pt,+40%,-35%,False,2,50.0%,0.49,-2421.0,2,-3166.3,7,0.0%,0.0,-10380.5
45m,1.0%,50pt,+40%,-35%,False,2,50.0%,0.49,-2421.0,2,-3340.3,7,0.0%,0.0,-10554.4
15m,0.5%,50pt,+40%,-35%,False,2,50.0%,0.49,-2421.0,2,-3166.3,6,0.0%,0.0,-9522.1
30m,0.75%,50pt,+40%,-35%,False,2,50.0%,0.49,-2421.0,2,-3166.3,7,0.0%,0.0,-10380.5
45m,1.3%,50pt,+40%,-35%,False,2,50.0%,0.49,-2421.0,2,-3340.3,8,0.0%,0.0,-12562.0
60m,1.3%,50pt,+40%,-35%,False,2,50.0%,0.49,-2421.0,2,-2946.7,8,0.0%,0.0,-12473.6
60m,0.75%,50pt,+40%,-35%,False,2,50.0%,0.49,-2421.0,2,-2946.7,7,0.0%,0.0,-10434.4
30m,1.3%,50pt,+40%,-35%,False,2,50.0%,0.49,-2421.0,2,-3166.3,8,0.0%,0.0,-12612.4
15m,1.3%,150pt,+60%,-30%,True,1,0.0%,0.0,-2536.5,3,-3605.0,8,25.0%,0.03,-8257.6
15m,1.3%,150pt,+80%,-35%,True,1,0.0%,0.0,-2536.5,3,-4037.3,8,25.0%,0.03,-9696.0
15m,1.3%,150pt,+60%,-25%,True,1,0.0%,0.0,-2536.5,4,-5315.6,9,22.2%,0.03,-9208.5
15m,1.3%,150pt,+100%,-35%,True,1,0.0%,0.0,-2536.5,3,-4037.3,8,25.0%,0.03,-9696.0
15m,1.3%,150pt,+100%,-25%,True,1,0.0%,0.0,-2536.5,4,-5315.6,9,22.2%,0.03,-9208.5
15m,1.3%,150pt,+100%,-30%,True,1,0.0%,0.0,-2536.5,3,-3605.0,8,25.0%,0.03,-8257.6
60m,0.5%,150pt,+60%,-20%,True,1,0.0%,0.0,-2536.5,2,-2773.2,4,25.0%,0.02,-3976.3
60m,0.5%,150pt,+60%,-25%,True,1,0.0%,0.0,-2536.5,2,-2361.6,4,25.0%,0.03,-3751.0
60m,0.5%,150pt,+40%,-35%,True,1,0.0%,0.0,-2536.5,2,-2786.7,4,25.0%,0.02,-4848.7
60m,0.5%,150pt,+60%,-35%,True,1,0.0%,0.0,-2536.5,2,-2786.7,4,25.0%,0.02,-4848.7
60m,0.5%,150pt,+80%,-20%,True,1,0.0%,0.0,-2536.5,2,-2773.2,4,25.0%,0.02,-3976.3
60m,0.5%,150pt,+80%,-25%,True,1,0.0%,0.0,-2536.5,2,-2361.6,4,25.0%,0.03,-3751.0
60m,0.5%,150pt,+80%,-30%,True,1,0.0%,0.0,-2536.5,2,-2547.3,4,25.0%,0.02,-4239.9
60m,0.5%,150pt,+80%,-35%,True,1,0.0%,0.0,-2536.5,2,-2786.7,4,25.0%,0.02,-4848.7
60m,0.5%,150pt,+40%,-20%,True,1,0.0%,0.0,-2536.5,2,-2773.2,4,25.0%,0.02,-3976.3
30m,0.5%,150pt,+40%,-20%,True,1,0.0%,0.0,-2536.5,3,-3548.1,5,20.0%,0.02,-4751.2
60m,0.5%,150pt,+40%,-25%,True,1,0.0%,0.0,-2536.5,2,-2361.6,4,25.0%,0.03,-3751.0
60m,0.5%,150pt,+40%,-30%,True,1,0.0%,0.0,-2536.5,2,-2547.3,4,25.0%,0.02,-4239.9
15m,1.3%,150pt,+60%,-35%,True,1,0.0%,0.0,-2536.5,3,-4037.3,8,25.0%,0.03,-9696.0
15m,1.3%,150pt,+80%,-25%,True,1,0.0%,0.0,-2536.5,4,-5315.6,9,22.2%,0.03,-9208.5
15m,1.3%,150pt,+80%,-30%,True,1,0.0%,0.0,-2536.5,3,-3605.0,8,25.0%,0.03,-8257.6
15m,0.5%,150pt,+40%,-35%,True,1,0.0%,0.0,-2536.5,3,-4037.3,5,20.0%,0.01,-6114.5
15m,0.5%,150pt,+80%,-20%,True,1,0.0%,0.0,-2536.5,3,-3548.1,5,20.0%,0.02,-4766.4
15m,0.5%,150pt,+60%,-35%,True,1,0.0%,0.0,-2536.5,3,-4037.3,5,20.0%,0.01,-6114.5
15m,0.5%,150pt,+60%,-30%,True,1,0.0%,0.0,-2536.5,3,-3605.0,5,20.0%,0.02,-5312.7
15m,0.5%,150pt,+60%,-25%,True,1,0.0%,0.0,-2536.5,3,-3284.0,5,20.0%,0.02,-4688.6
15m,0.5%,150pt,+60%,-20%,True,1,0.0%,0.0,-2536.5,3,-3548.1,5,20.0%,0.02,-4766.4
15m,0.5%,150pt,+80%,-35%,True,1,0.0%,0.0,-2536.5,3,-4037.3,5,20.0%,0.01,-6114.5
15m,0.5%,150pt,+80%,-25%,True,1,0.0%,0.0,-2536.5,3,-3284.0,5,20.0%,0.02,-4688.6
15m,0.5%,150pt,+80%,-30%,True,1,0.0%,0.0,-2536.5,3,-3605.0,5,20.0%,0.02,-5312.7
15m,0.75%,150pt,+100%,-35%,True,1,0.0%,0.0,-2536.5,3,-4037.3,7,28.6%,0.03,-7421.4
15m,0.5%,150pt,+100%,-35%,True,1,0.0%,0.0,-2536.5,3,-4037.3,5,20.0%,0.01,-6114.5
15m,0.5%,150pt,+100%,-30%,True,1,0.0%,0.0,-2536.5,3,-3605.0,5,20.0%,0.02,-5312.7
15m,0.5%,150pt,+100%,-25%,True,1,0.0%,0.0,-2536.5,3,-3284.0,5,20.0%,0.02,-4688.6
15m,0.5%,150pt,+100%,-20%,True,1,0.0%,0.0,-2536.5,3,-3548.1,5,20.0%,0.02,-4766.4
15m,0.75%,150pt,+80%,-30%,True,1,0.0%,0.0,-2536.5,3,-3605.0,7,28.6%,0.04,-6290.0
15m,0.75%,150pt,+80%,-25%,True,1,0.0%,0.0,-2536.5,3,-3284.0,7,28.6%,0.05,-5400.3
15m,0.75%,150pt,+60%,-35%,True,1,0.0%,0.0,-2536.5,3,-4037.3,7,28.6%,0.03,-7421.4
15m,1.0%,150pt,+100%,-30%,True,1,0.0%,0.0,-2536.5,3,-3605.0,8,25.0%,0.03,-8257.6
15m,1.0%,150pt,+100%,-25%,True,1,0.0%,0.0,-2536.5,4,-5315.6,9,22.2%,0.03,-9208.5
15m,0.75%,150pt,+40%,-30%,True,1,0.0%,0.0,-2536.5,3,-3605.0,7,28.6%,0.04,-6290.0
45m,0.5%,150pt,+40%,-20%,True,1,0.0%,0.0,-2536.5,2,-2773.2,4,25.0%,0.02,-3976.3
60m,0.5%,150pt,+60%,-30%,True,1,0.0%,0.0,-2536.5,2,-2547.3,4,25.0%,0.02,-4239.9
60m,0.5%,150pt,+100%,-20%,True,1,0.0%,0.0,-2536.5,2,-2773.2,4,25.0%,0.02,-3976.3
60m,0.5%,150pt,+100%,-25%,True,1,0.0%,0.0,-2536.5,2,-2361.6,4,25.0%,0.03,-3751.0
15m,0.75%,150pt,+40%,-35%,True,1,0.0%,0.0,-2536.5,3,-4037.3,7,28.6%,0.03,-7421.4
60m,0.5%,150pt,+100%,-30%,True,1,0.0%,0.0,-2536.5,2,-2547.3,4,25.0%,0.02,-4239.9
60m,0.5%,150pt,+100%,-35%,True,1,0.0%,0.0,-2536.5,2,-2786.7,4,25.0%,0.02,-4848.7
15m,0.75%,150pt,+60%,-25%,True,1,0.0%,0.0,-2536.5,3,-3284.0,7,28.6%,0.05,-5400.3
15m,0.75%,150pt,+60%,-30%,True,1,0.0%,0.0,-2536.5,3,-3605.0,7,28.6%,0.04,-6290.0
15m,0.75%,150pt,+100%,-25%,True,1,0.0%,0.0,-2536.5,3,-3284.0,7,28.6%,0.05,-5400.3
15m,0.75%,150pt,+100%,-30%,True,1,0.0%,0.0,-2536.5,3,-3605.0,7,28.6%,0.04,-6290.0
45m,0.5%,150pt,+40%,-25%,True,1,0.0%,0.0,-2536.5,2,-2361.6,4,25.0%,0.03,-3751.0
45m,0.5%,150pt,+40%,-30%,True,1,0.0%,0.0,-2536.5,2,-2547.3,4,25.0%,0.02,-4239.9
45m,0.5%,150pt,+40%,-35%,True,1,0.0%,0.0,-2536.5,2,-2786.7,4,25.0%,0.02,-4848.7
45m,0.5%,150pt,+60%,-20%,True,1,0.0%,0.0,-2536.5,2,-2773.2,4,25.0%,0.02,-3976.3
45m,0.5%,150pt,+60%,-25%,True,1,0.0%,0.0,-2536.5,2,-2361.6,4,25.0%,0.03,-3751.0
45m,0.5%,150pt,+60%,-30%,True,1,0.0%,0.0,-2536.5,2,-2547.3,4,25.0%,0.02,-4239.9
45m,0.5%,150pt,+60%,-35%,True,1,0.0%,0.0,-2536.5,2,-2786.7,4,25.0%,0.02,-4848.7
45m,0.5%,150pt,+80%,-20%,True,1,0.0%,0.0,-2536.5,2,-2773.2,4,25.0%,0.02,-3976.3
45m,0.5%,150pt,+80%,-25%,True,1,0.0%,0.0,-2536.5,2,-2361.6,4,25.0%,0.03,-3751.0
45m,0.5%,150pt,+80%,-30%,True,1,0.0%,0.0,-2536.5,2,-2547.3,4,25.0%,0.02,-4239.9
15m,0.75%,150pt,+80%,-35%,True,1,0.0%,0.0,-2536.5,3,-4037.3,7,28.6%,0.03,-7421.4
15m,0.75%,150pt,+40%,-25%,True,1,0.0%,0.0,-2536.5,3,-3284.0,7,28.6%,0.05,-5400.3
45m,0.5%,150pt,+100%,-20%,True,1,0.0%,0.0,-2536.5,2,-2773.2,4,25.0%,0.02,-3976.3
45m,0.5%,150pt,+80%,-35%,True,1,0.0%,0.0,-2536.5,2,-2786.7,4,25.0%,0.02,-4848.7
15m,1.0%,150pt,+100%,-35%,True,1,0.0%,0.0,-2536.5,3,-4037.3,8,25.0%,0.03,-9696.0
15m,1.0%,150pt,+60%,-25%,True,1,0.0%,0.0,-2536.5,4,-5315.6,9,22.2%,0.03,-9208.5
15m,1.0%,150pt,+60%,-30%,True,1,0.0%,0.0,-2536.5,3,-3605.0,8,25.0%,0.03,-8257.6
15m,1.0%,150pt,+60%,-35%,True,1,0.0%,0.0,-2536.5,3,-4037.3,8,25.0%,0.03,-9696.0
15m,0.5%,150pt,+40%,-30%,True,1,0.0%,0.0,-2536.5,3,-3605.0,5,20.0%,0.02,-5312.7
15m,1.0%,150pt,+80%,-35%,True,1,0.0%,0.0,-2536.5,3,-4037.3,8,25.0%,0.03,-9696.0
15m,0.5%,150pt,+40%,-20%,True,1,0.0%,0.0,-2536.5,3,-3548.1,5,20.0%,0.02,-4766.4
15m,0.5%,150pt,+40%,-25%,True,1,0.0%,0.0,-2536.5,3,-3284.0,5,20.0%,0.02,-4688.6
15m,1.0%,150pt,+80%,-30%,True,1,0.0%,0.0,-2536.5,3,-3605.0,8,25.0%,0.03,-8257.6
45m,0.5%,150pt,+100%,-25%,True,1,0.0%,0.0,-2536.5,2,-2361.6,4,25.0%,0.03,-3751.0
45m,0.5%,150pt,+100%,-30%,True,1,0.0%,0.0,-2536.5,2,-2547.3,4,25.0%,0.02,-4239.9
45m,0.5%,150pt,+100%,-35%,True,1,0.0%,0.0,-2536.5,2,-2786.7,4,25.0%,0.02,-4848.7
15m,1.0%,150pt,+80%,-25%,True,1,0.0%,0.0,-2536.5,4,-5315.6,9,22.2%,0.03,-9208.5
30m,0.5%,150pt,+100%,-35%,True,1,0.0%,0.0,-2536.5,3,-4037.3,5,20.0%,0.02,-6099.3
30m,0.5%,150pt,+100%,-25%,True,1,0.0%,0.0,-2536.5,3,-3284.0,5,20.0%,0.02,-4673.4
30m,0.5%,150pt,+100%,-30%,True,1,0.0%,0.0,-2536.5,3,-3605.0,5,20.0%,0.02,-5297.6
30m,0.5%,150pt,+80%,-30%,True,1,0.0%,0.0,-2536.5,3,-3605.0,5,20.0%,0.02,-5297.6
30m,0.5%,150pt,+80%,-35%,True,1,0.0%,0.0,-2536.5,3,-4037.3,5,20.0%,0.02,-6099.3
30m,0.5%,150pt,+80%,-25%,True,1,0.0%,0.0,-2536.5,3,-3284.0,5,20.0%,0.02,-4673.4
30m,0.5%,150pt,+100%,-20%,True,1,0.0%,0.0,-2536.5,3,-3548.1,5,20.0%,0.02,-4751.2
30m,0.5%,150pt,+60%,-20%,True,1,0.0%,0.0,-2536.5,3,-3548.1,5,20.0%,0.02,-4751.2
30m,0.5%,150pt,+60%,-35%,True,1,0.0%,0.0,-2536.5,3,-4037.3,5,20.0%,0.02,-6099.3
30m,0.5%,150pt,+60%,-30%,True,1,0.0%,0.0,-2536.5,3,-3605.0,5,20.0%,0.02,-5297.6
30m,0.5%,150pt,+60%,-25%,True,1,0.0%,0.0,-2536.5,3,-3284.0,5,20.0%,0.02,-4673.4
30m,0.5%,150pt,+40%,-30%,True,1,0.0%,0.0,-2536.5,3,-3605.0,5,20.0%,0.02,-5297.6
30m,0.5%,150pt,+40%,-35%,True,1,0.0%,0.0,-2536.5,3,-4037.3,5,20.0%,0.02,-6099.3
30m,0.5%,150pt,+40%,-25%,True,1,0.0%,0.0,-2536.5,3,-3284.0,5,20.0%,0.02,-4673.4
30m,0.5%,150pt,+80%,-20%,True,1,0.0%,0.0,-2536.5,3,-3548.1,5,20.0%,0.02,-4751.2
60m,1.3%,50pt,+40%,-35%,True,5,20.0%,0.48,-2551.5,5,-4123.4,18,55.6%,0.66,-2278.4
60m,1.3%,50pt,+40%,-30%,True,5,20.0%,0.48,-2551.5,5,-3804.1,18,55.6%,0.73,-1635.5
60m,1.3%,50pt,+40%,-20%,True,5,20.0%,0.48,-2551.5,5,-3028.7,18,55.6%,0.8,-1109.7
60m,1.3%,50pt,+40%,-25%,True,5,20.0%,0.48,-2551.5,5,-3575.0,18,55.6%,0.79,-1122.0
60m,0.75%,50pt,+40%,-25%,True,5,20.0%,0.48,-2551.5,5,-3575.0,17,58.8%,0.84,-801.2
60m,0.75%,50pt,+40%,-20%,True,5,20.0%,0.48,-2551.5,5,-3028.7,17,58.8%,0.85,-788.8
60m,0.75%,50pt,+40%,-35%,True,5,20.0%,0.48,-2551.5,5,-4123.4,17,58.8%,0.69,-1957.5
60m,0.75%,50pt,+40%,-30%,True,5,20.0%,0.48,-2551.5,5,-3804.1,17,58.8%,0.77,-1314.6
60m,1.0%,50pt,+40%,-35%,True,5,20.0%,0.48,-2551.5,5,-4123.4,17,58.8%,0.69,-1957.5
60m,1.0%,50pt,+40%,-30%,True,5,20.0%,0.48,-2551.5,5,-3804.1,17,58.8%,0.77,-1314.6
60m,1.0%,50pt,+40%,-20%,True,5,20.0%,0.48,-2551.5,5,-3028.7,17,58.8%,0.85,-788.8
60m,1.0%,50pt,+40%,-25%,True,5,20.0%,0.48,-2551.5,5,-3575.0,17,58.8%,0.84,-801.2
15m,0.5%,30pt,+40%,-35%,False,2,50.0%,0.43,-2704.5,2,-3085.5,6,0.0%,0.0,-9581.8
45m,0.75%,30pt,+40%,-35%,False,2,50.0%,0.43,-2704.5,2,-3258.8,7,0.0%,0.0,-11486.0
45m,1.0%,30pt,+40%,-35%,False,2,50.0%,0.43,-2704.5,2,-3258.8,7,0.0%,0.0,-11486.0
60m,1.0%,30pt,+40%,-35%,False,2,50.0%,0.43,-2704.5,2,-3264.8,8,0.0%,0.0,-14132.7
30m,1.0%,30pt,+40%,-35%,False,2,50.0%,0.43,-2704.5,2,-3085.5,7,0.0%,0.0,-11312.8
45m,0.5%,30pt,+40%,-35%,False,2,50.0%,0.43,-2704.5,1,-1671.2,4,0.0%,0.0,-6597.5
30m,1.3%,30pt,+40%,-35%,False,2,50.0%,0.43,-2704.5,2,-3085.5,8,0.0%,0.0,-13544.7
60m,0.75%,30pt,+40%,-35%,False,2,50.0%,0.43,-2704.5,2,-3264.8,8,0.0%,0.0,-14132.7
30m,0.5%,30pt,+40%,-35%,False,2,50.0%,0.43,-2704.5,2,-3085.5,5,0.0%,0.0,-8011.8
60m,1.3%,30pt,+40%,-35%,False,2,50.0%,0.43,-2704.5,2,-3264.8,9,0.0%,0.0,-15994.5
30m,0.75%,30pt,+40%,-35%,False,2,50.0%,0.43,-2704.5,2,-3085.5,7,0.0%,0.0,-11312.8
45m,1.3%,30pt,+40%,-35%,False,2,50.0%,0.43,-2704.5,2,-3258.8,8,0.0%,0.0,-13530.1
30m,0.5%,30pt,+60%,-25%,True,2,0.0%,0.0,-2830.5,4,-3366.5,11,45.5%,0.52,-3571.9
15m,0.5%,30pt,+100%,-20%,True,2,0.0%,0.0,-2830.5,4,-3007.2,13,46.2%,0.48,-3876.2
15m,0.5%,30pt,+80%,-35%,True,2,0.0%,0.0,-2830.5,4,-3547.7,13,46.2%,0.39,-5605.7
15m,0.5%,30pt,+100%,-30%,True,2,0.0%,0.0,-2830.5,4,-3160.8,13,46.2%,0.43,-4729.2
15m,0.5%,30pt,+100%,-35%,True,2,0.0%,0.0,-2830.5,4,-3547.7,13,46.2%,0.39,-5605.7
30m,0.5%,30pt,+80%,-25%,True,2,0.0%,0.0,-2830.5,4,-3366.5,11,45.5%,0.52,-3571.9
30m,0.5%,30pt,+100%,-35%,True,2,0.0%,0.0,-2830.5,4,-3547.7,11,45.5%,0.45,-4691.1
30m,0.5%,30pt,+100%,-30%,True,2,0.0%,0.0,-2830.5,4,-3160.8,11,45.5%,0.5,-3814.7
30m,0.5%,30pt,+100%,-25%,True,2,0.0%,0.0,-2830.5,4,-3366.5,11,45.5%,0.52,-3571.9
30m,0.5%,30pt,+100%,-20%,True,2,0.0%,0.0,-2830.5,4,-3007.2,11,45.5%,0.56,-2961.6
30m,0.5%,30pt,+80%,-35%,True,2,0.0%,0.0,-2830.5,4,-3547.7,11,45.5%,0.45,-4691.1
30m,0.5%,30pt,+80%,-30%,True,2,0.0%,0.0,-2830.5,4,-3160.8,11,45.5%,0.5,-3814.7
30m,0.5%,30pt,+60%,-35%,True,2,0.0%,0.0,-2830.5,4,-3547.7,11,45.5%,0.45,-4691.1
30m,0.5%,30pt,+80%,-20%,True,2,0.0%,0.0,-2830.5,4,-3007.2,11,45.5%,0.56,-2961.6
15m,0.5%,30pt,+100%,-25%,True,2,0.0%,0.0,-2830.5,4,-3366.5,13,46.2%,0.44,-4486.4
15m,0.5%,30pt,+80%,-30%,True,2,0.0%,0.0,-2830.5,4,-3160.8,13,46.2%,0.43,-4729.2
30m,0.5%,30pt,+60%,-30%,True,2,0.0%,0.0,-2830.5,4,-3160.8,11,45.5%,0.5,-3814.7
15m,0.5%,30pt,+80%,-25%,True,2,0.0%,0.0,-2830.5,4,-3366.5,13,46.2%,0.44,-4486.4
30m,0.5%,30pt,+60%,-20%,True,2,0.0%,0.0,-2830.5,4,-3007.2,11,45.5%,0.56,-2961.6
45m,0.5%,30pt,+60%,-35%,True,2,0.0%,0.0,-2830.5,3,-2133.3,10,50.0%,0.54,-3276.8
45m,0.5%,30pt,+100%,-30%,True,2,0.0%,0.0,-2830.5,3,-1893.9,10,50.0%,0.6,-2547.9
45m,0.5%,30pt,+60%,-20%,True,2,0.0%,0.0,-2830.5,3,-2008.1,10,50.0%,0.66,-1962.6
45m,0.5%,30pt,+60%,-25%,True,2,0.0%,0.0,-2830.5,3,-2322.5,10,50.0%,0.6,-2527.9
45m,0.5%,30pt,+60%,-30%,True,2,0.0%,0.0,-2830.5,3,-1893.9,10,50.0%,0.6,-2547.9
45m,0.5%,30pt,+100%,-25%,True,2,0.0%,0.0,-2830.5,3,-2322.5,10,50.0%,0.6,-2527.9
45m,0.5%,30pt,+100%,-20%,True,2,0.0%,0.0,-2830.5,3,-2008.1,10,50.0%,0.66,-1962.6
45m,0.5%,30pt,+80%,-35%,True,2,0.0%,0.0,-2830.5,3,-2133.3,10,50.0%,0.54,-3276.8
45m,0.5%,30pt,+80%,-30%,True,2,0.0%,0.0,-2830.5,3,-1893.9,10,50.0%,0.6,-2547.9
15m,0.5%,30pt,+60%,-30%,True,2,0.0%,0.0,-2830.5,4,-3160.8,13,46.2%,0.43,-4729.2
15m,0.5%,30pt,+60%,-35%,True,2,0.0%,0.0,-2830.5,4,-3547.7,13,46.2%,0.39,-5605.7
45m,0.5%,30pt,+80%,-20%,True,2,0.0%,0.0,-2830.5,3,-2008.1,10,50.0%,0.66,-1962.6
45m,0.5%,30pt,+80%,-25%,True,2,0.0%,0.0,-2830.5,3,-2322.5,10,50.0%,0.6,-2527.9
15m,0.5%,30pt,+60%,-25%,True,2,0.0%,0.0,-2830.5,4,-3366.5,13,46.2%,0.44,-4486.4
15m,0.5%,30pt,+60%,-20%,True,2,0.0%,0.0,-2830.5,4,-3007.2,13,46.2%,0.48,-3876.2
45m,0.5%,30pt,+100%,-35%,True,2,0.0%,0.0,-2830.5,3,-2133.3,10,50.0%,0.54,-3276.8
15m,0.5%,30pt,+80%,-20%,True,2,0.0%,0.0,-2830.5,4,-3007.2,13,46.2%,0.48,-3876.2
15m,0.5%,30pt,+80%,-20%,False,1,0.0%,0.0,-2842.5,3,-3913.3,7,0.0%,0.0,-8444.1
15m,1.3%,30pt,+100%,-20%,False,1,0.0%,0.0,-2842.5,4,-5532.8,13,0.0%,0.0,-17295.0
15m,0.5%,100pt,+40%,-20%,False,1,0.0%,0.0,-2842.5,2,-2413.5,6,0.0%,0.0,-6644.9
15m,0.5%,75pt,+100%,-20%,False,1,0.0%,0.0,-2842.5,2,-2076.7,6,0.0%,0.0,-6628.3
15m,0.5%,100pt,+60%,-20%,False,1,0.0%,0.0,-2842.5,2,-2413.5,6,0.0%,0.0,-6644.9
45m,0.5%,50pt,+100%,-20%,False,1,0.0%,0.0,-2842.5,1,-1102.1,4,0.0%,0.0,-4016.6
15m,0.5%,50pt,+60%,-20%,False,1,0.0%,0.0,-2842.5,2,-2101.2,6,0.0%,0.0,-6201.4
15m,0.5%,100pt,+100%,-20%,False,1,0.0%,0.0,-2842.5,2,-2413.5,6,0.0%,0.0,-6644.9
30m,0.5%,50pt,+80%,-20%,False,1,0.0%,0.0,-2842.5,2,-2101.2,5,0.0%,0.0,-5015.7
15m,0.5%,100pt,+80%,-20%,False,1,0.0%,0.0,-2842.5,2,-2413.5,6,0.0%,0.0,-6644.9
15m,0.5%,75pt,+60%,-20%,False,1,0.0%,0.0,-2842.5,2,-2076.7,6,0.0%,0.0,-6628.3
45m,0.5%,75pt,+80%,-20%,False,1,0.0%,0.0,-2842.5,1,-1117.8,4,0.0%,0.0,-4753.9
30m,0.5%,50pt,+60%,-20%,False,1,0.0%,0.0,-2842.5,2,-2101.2,5,0.0%,0.0,-5015.7
15m,0.5%,50pt,+80%,-20%,False,1,0.0%,0.0,-2842.5,2,-2101.2,6,0.0%,0.0,-6201.4
30m,0.5%,50pt,+100%,-20%,False,1,0.0%,0.0,-2842.5,2,-2101.2,5,0.0%,0.0,-5015.7
30m,0.5%,75pt,+80%,-20%,False,1,0.0%,0.0,-2842.5,2,-2076.7,5,0.0%,0.0,-5712.8
30m,0.5%,75pt,+60%,-20%,False,1,0.0%,0.0,-2842.5,2,-2076.7,5,0.0%,0.0,-5712.8
45m,0.5%,100pt,+40%,-20%,False,1,0.0%,0.0,-2842.5,1,-1187.1,4,0.0%,0.0,-4515.8
45m,0.5%,75pt,+100%,-20%,False,1,0.0%,0.0,-2842.5,1,-1117.8,4,0.0%,0.0,-4753.9
15m,0.75%,30pt,+80%,-20%,False,1,0.0%,0.0,-2842.5,3,-3913.3,11,0.0%,0.0,-14293.4
30m,0.5%,75pt,+40%,-20%,False,1,0.0%,0.0,-2842.5,2,-2076.7,5,0.0%,0.0,-5712.8
45m,0.5%,50pt,+80%,-20%,False,1,0.0%,0.0,-2842.5,1,-1102.1,4,0.0%,0.0,-4016.6
30m,0.5%,100pt,+40%,-20%,False,1,0.0%,0.0,-2842.5,2,-2413.5,5,0.0%,0.0,-5742.2
15m,0.5%,75pt,+80%,-20%,False,1,0.0%,0.0,-2842.5,2,-2076.7,6,0.0%,0.0,-6628.3
15m,0.75%,30pt,+100%,-20%,False,1,0.0%,0.0,-2842.5,3,-3913.3,11,0.0%,0.0,-14293.4
45m,0.5%,75pt,+40%,-20%,False,1,0.0%,0.0,-2842.5,1,-1117.8,4,0.0%,0.0,-4753.9
45m,0.5%,75pt,+60%,-20%,False,1,0.0%,0.0,-2842.5,1,-1117.8,4,0.0%,0.0,-4753.9
45m,0.5%,100pt,+100%,-20%,False,1,0.0%,0.0,-2842.5,1,-1187.1,4,0.0%,0.0,-4515.8
15m,0.5%,75pt,+40%,-20%,False,1,0.0%,0.0,-2842.5,2,-2076.7,6,0.0%,0.0,-6628.3
15m,0.5%,50pt,+100%,-20%,False,1,0.0%,0.0,-2842.5,2,-2101.2,6,0.0%,0.0,-6201.4
15m,0.5%,30pt,+100%,-20%,False,1,0.0%,0.0,-2842.5,3,-3913.3,7,0.0%,0.0,-8444.1
30m,0.5%,30pt,+80%,-20%,False,1,0.0%,0.0,-2842.5,3,-3913.3,6,0.0%,0.0,-7480.8
30m,0.5%,100pt,+100%,-20%,False,1,0.0%,0.0,-2842.5,2,-2413.5,5,0.0%,0.0,-5742.2
45m,0.5%,100pt,+60%,-20%,False,1,0.0%,0.0,-2842.5,1,-1187.1,4,0.0%,0.0,-4515.8
45m,0.5%,100pt,+80%,-20%,False,1,0.0%,0.0,-2842.5,1,-1187.1,4,0.0%,0.0,-4515.8
30m,0.5%,75pt,+100%,-20%,False,1,0.0%,0.0,-2842.5,2,-2076.7,5,0.0%,0.0,-5712.8
45m,0.5%,50pt,+60%,-20%,False,1,0.0%,0.0,-2842.5,1,-1102.1,4,0.0%,0.0,-4016.6
15m,0.5%,30pt,+60%,-20%,False,1,0.0%,0.0,-2842.5,3,-3913.3,7,0.0%,0.0,-8444.1
45m,0.5%,30pt,+100%,-20%,False,1,0.0%,0.0,-2842.5,2,-2914.3,5,0.0%,0.0,-6481.7
30m,0.5%,30pt,+100%,-20%,False,1,0.0%,0.0,-2842.5,3,-3913.3,6,0.0%,0.0,-7480.8
45m,0.5%,30pt,+60%,-20%,False,1,0.0%,0.0,-2842.5,2,-2914.3,5,0.0%,0.0,-6481.7
45m,0.5%,30pt,+80%,-20%,False,1,0.0%,0.0,-2842.5,2,-2914.3,5,0.0%,0.0,-6481.7
30m,0.5%,30pt,+60%,-20%,False,1,0.0%,0.0,-2842.5,3,-3913.3,6,0.0%,0.0,-7480.8
30m,0.5%,100pt,+60%,-20%,False,1,0.0%,0.0,-2842.5,2,-2413.5,5,0.0%,0.0,-5742.2
30m,0.5%,100pt,+80%,-20%,False,1,0.0%,0.0,-2842.5,2,-2413.5,5,0.0%,0.0,-5742.2
15m,1.0%,30pt,+100%,-20%,False,1,0.0%,0.0,-2842.5,4,-5532.8,13,0.0%,0.0,-17295.0
60m,1.3%,50pt,+40%,-20%,False,3,33.3%,0.45,-2902.5,2,-1851.9,10,0.0%,0.0,-11086.1
45m,1.3%,50pt,+40%,-20%,False,3,33.3%,0.45,-2902.5,3,-3935.3,11,0.0%,0.0,-13276.8
45m,0.75%,50pt,+40%,-20%,False,3,33.3%,0.45,-2902.5,2,-2291.1,9,0.0%,0.0,-10368.2
30m,0.75%,50pt,+40%,-20%,False,3,33.3%,0.45,-2902.5,2,-2101.2,9,0.0%,0.0,-10178.3
60m,1.0%,50pt,+40%,-20%,False,3,33.3%,0.45,-2902.5,2,-1851.9,9,0.0%,0.0,-9756.8
30m,1.0%,50pt,+40%,-20%,False,3,33.3%,0.45,-2902.5,2,-2101.2,9,0.0%,0.0,-10178.3
60m,0.75%,50pt,+40%,-20%,False,3,33.3%,0.45,-2902.5,2,-1851.9,9,0.0%,0.0,-9756.8
30m,1.3%,50pt,+40%,-20%,False,3,33.3%,0.45,-2902.5,3,-3745.4,11,0.0%,0.0,-13174.8
45m,1.0%,50pt,+40%,-20%,False,3,33.3%,0.45,-2902.5,2,-2291.1,9,0.0%,0.0,-10368.2
45m,0.5%,50pt,+80%,-30%,True,2,0.0%,0.0,-2980.5,3,-624.9,10,70.0%,0.93,-218.8
15m,0.5%,50pt,+60%,-35%,True,2,0.0%,0.0,-2980.5,4,-2279.7,13,53.8%,0.47,-3457.7
15m,0.5%,50pt,+60%,-20%,True,2,0.0%,0.0,-2980.5,4,-1214.6,13,46.2%,0.5,-2722.3
45m,0.5%,50pt,+100%,-30%,True,2,0.0%,0.0,-2980.5,3,-624.9,10,70.0%,0.93,-218.8
45m,0.5%,50pt,+60%,-20%,True,2,0.0%,0.0,-2980.5,3,-215.5,10,60.0%,0.84,-511.3
45m,0.5%,50pt,+60%,-25%,True,2,0.0%,0.0,-2980.5,3,-561.6,10,70.0%,1.04,128.8
15m,0.5%,50pt,+100%,-20%,True,2,0.0%,0.0,-2980.5,4,-1214.6,13,46.2%,0.5,-2722.3
15m,0.5%,50pt,+80%,-25%,True,2,0.0%,0.0,-2980.5,4,-1605.6,13,53.8%,0.59,-2127.2
15m,0.5%,50pt,+80%,-35%,True,2,0.0%,0.0,-2980.5,4,-2279.7,13,53.8%,0.47,-3457.7
15m,0.5%,50pt,+100%,-30%,True,2,0.0%,0.0,-2980.5,4,-1891.7,13,53.8%,0.51,-2924.1
15m,0.5%,50pt,+80%,-30%,True,2,0.0%,0.0,-2980.5,4,-1891.7,13,53.8%,0.51,-2924.1
15m,0.5%,50pt,+100%,-35%,True,2,0.0%,0.0,-2980.5,4,-2279.7,13,53.8%,0.47,-3457.7
45m,0.5%,50pt,+60%,-30%,True,2,0.0%,0.0,-2980.5,3,-624.9,10,70.0%,0.93,-218.8
45m,0.5%,50pt,+60%,-35%,True,2,0.0%,0.0,-2980.5,3,-865.3,10,70.0%,0.79,-782.9
45m,0.5%,50pt,+80%,-25%,True,2,0.0%,0.0,-2980.5,3,-561.6,10,70.0%,1.04,128.8
15m,0.5%,50pt,+60%,-25%,True,2,0.0%,0.0,-2980.5,4,-1605.6,13,53.8%,0.59,-2127.2
30m,0.5%,50pt,+80%,-35%,True,2,0.0%,0.0,-2980.5,4,-2279.7,11,63.6%,0.58,-2197.2
15m,0.5%,50pt,+60%,-30%,True,2,0.0%,0.0,-2980.5,4,-1891.7,13,53.8%,0.51,-2924.1
30m,0.5%,50pt,+60%,-20%,True,2,0.0%,0.0,-2980.5,4,-1214.6,11,54.5%,0.65,-1510.3
30m,0.5%,50pt,+100%,-25%,True,2,0.0%,0.0,-2980.5,4,-1605.6,11,63.6%,0.77,-915.2
45m,0.5%,50pt,+80%,-20%,True,2,0.0%,0.0,-2980.5,3,-215.5,10,60.0%,0.84,-511.3
45m,0.5%,50pt,+80%,-35%,True,2,0.0%,0.0,-2980.5,3,-865.3,10,70.0%,0.79,-782.9
30m,0.5%,50pt,+60%,-30%,True,2,0.0%,0.0,-2980.5,4,-1891.7,11,63.6%,0.67,-1485.7
30m,0.5%,50pt,+80%,-20%,True,2,0.0%,0.0,-2980.5,4,-1214.6,11,54.5%,0.65,-1510.3
15m,0.5%,50pt,+80%,-20%,True,2,0.0%,0.0,-2980.5,4,-1214.6,13,46.2%,0.5,-2722.3
30m,0.5%,50pt,+80%,-30%,True,2,0.0%,0.0,-2980.5,4,-1891.7,11,63.6%,0.67,-1485.7
30m,0.5%,50pt,+80%,-25%,True,2,0.0%,0.0,-2980.5,4,-1605.6,11,63.6%,0.77,-915.2
30m,0.5%,50pt,+60%,-35%,True,2,0.0%,0.0,-2980.5,4,-2279.7,11,63.6%,0.58,-2197.2
45m,0.5%,50pt,+100%,-25%,True,2,0.0%,0.0,-2980.5,3,-561.6,10,70.0%,1.04,128.8
45m,0.5%,50pt,+100%,-20%,True,2,0.0%,0.0,-2980.5,3,-215.5,10,60.0%,0.84,-511.3
30m,0.5%,50pt,+60%,-25%,True,2,0.0%,0.0,-2980.5,4,-1605.6,11,63.6%,0.77,-915.2
30m,0.5%,50pt,+100%,-35%,True,2,0.0%,0.0,-2980.5,4,-2279.7,11,63.6%,0.58,-2197.2
30m,0.5%,50pt,+100%,-30%,True,2,0.0%,0.0,-2980.5,4,-1891.7,11,63.6%,0.67,-1485.7
30m,0.5%,50pt,+100%,-20%,True,2,0.0%,0.0,-2980.5,4,-1214.6,11,54.5%,0.65,-1510.3
45m,0.5%,50pt,+100%,-35%,True,2,0.0%,0.0,-2980.5,3,-865.3,10,70.0%,0.79,-782.9
15m,0.5%,50pt,+100%,-25%,True,2,0.0%,0.0,-2980.5,4,-1605.6,13,53.8%,0.59,-2127.2
60m,0.75%,150pt,+80%,-25%,False,1,0.0%,0.0,-3048.0,1,-1231.6,3,0.0%,0.0,-3613.9
60m,0.75%,150pt,+40%,-25%,False,1,0.0%,0.0,-3048.0,1,-1231.6,3,0.0%,0.0,-3613.9
60m,0.75%,150pt,+60%,-25%,False,1,0.0%,0.0,-3048.0,1,-1231.6,3,0.0%,0.0,-3613.9
60m,1.3%,150pt,+60%,-25%,False,1,0.0%,0.0,-3048.0,1,-1231.6,4,0.0%,0.0,-5103.6
30m,0.75%,150pt,+60%,-25%,False,1,0.0%,0.0,-3048.0,2,-2154.1,4,0.0%,0.0,-4536.3
30m,0.75%,150pt,+40%,-25%,False,1,0.0%,0.0,-3048.0,2,-2154.1,4,0.0%,0.0,-4536.3
30m,0.75%,150pt,+80%,-25%,False,1,0.0%,0.0,-3048.0,2,-2154.1,4,0.0%,0.0,-4536.3
30m,0.75%,150pt,+100%,-25%,False,1,0.0%,0.0,-3048.0,2,-2154.1,4,0.0%,0.0,-4536.3
45m,1.0%,150pt,+40%,-25%,False,1,0.0%,0.0,-3048.0,1,-1231.6,3,0.0%,0.0,-3613.9
30m,1.0%,150pt,+40%,-25%,False,1,0.0%,0.0,-3048.0,2,-2154.1,4,0.0%,0.0,-4536.3
30m,1.0%,150pt,+60%,-25%,False,1,0.0%,0.0,-3048.0,2,-2154.1,4,0.0%,0.0,-4536.3
45m,1.0%,150pt,+60%,-25%,False,1,0.0%,0.0,-3048.0,1,-1231.6,3,0.0%,0.0,-3613.9
45m,1.0%,150pt,+100%,-25%,False,1,0.0%,0.0,-3048.0,1,-1231.6,3,0.0%,0.0,-3613.9
60m,0.75%,150pt,+100%,-25%,False,1,0.0%,0.0,-3048.0,1,-1231.6,3,0.0%,0.0,-3613.9
45m,1.0%,150pt,+80%,-25%,False,1,0.0%,0.0,-3048.0,1,-1231.6,3,0.0%,0.0,-3613.9
30m,1.0%,150pt,+80%,-25%,False,1,0.0%,0.0,-3048.0,2,-2154.1,4,0.0%,0.0,-4536.3
60m,1.0%,150pt,+60%,-25%,False,1,0.0%,0.0,-3048.0,1,-1231.6,3,0.0%,0.0,-3613.9
60m,1.0%,150pt,+80%,-25%,False,1,0.0%,0.0,-3048.0,1,-1231.6,3,0.0%,0.0,-3613.9
60m,1.0%,150pt,+100%,-25%,False,1,0.0%,0.0,-3048.0,1,-1231.6,3,0.0%,0.0,-3613.9
45m,0.75%,150pt,+60%,-25%,False,1,0.0%,0.0,-3048.0,1,-1231.6,3,0.0%,0.0,-3613.9
45m,0.75%,150pt,+100%,-25%,False,1,0.0%,0.0,-3048.0,1,-1231.6,3,0.0%,0.0,-3613.9
45m,0.75%,150pt,+80%,-25%,False,1,0.0%,0.0,-3048.0,1,-1231.6,3,0.0%,0.0,-3613.9
30m,1.0%,150pt,+100%,-25%,False,1,0.0%,0.0,-3048.0,2,-2154.1,4,0.0%,0.0,-4536.3
45m,0.75%,150pt,+40%,-25%,False,1,0.0%,0.0,-3048.0,1,-1231.6,3,0.0%,0.0,-3613.9
60m,1.3%,150pt,+80%,-25%,False,1,0.0%,0.0,-3048.0,1,-1231.6,4,0.0%,0.0,-5103.6
60m,1.0%,150pt,+40%,-25%,False,1,0.0%,0.0,-3048.0,1,-1231.6,3,0.0%,0.0,-3613.9
30m,1.3%,150pt,+60%,-25%,False,1,0.0%,0.0,-3048.0,3,-4410.6,6,0.0%,0.0,-8096.0
30m,1.3%,150pt,+80%,-25%,False,1,0.0%,0.0,-3048.0,3,-4410.6,6,0.0%,0.0,-8096.0
60m,1.3%,150pt,+100%,-25%,False,1,0.0%,0.0,-3048.0,1,-1231.6,4,0.0%,0.0,-5103.6
30m,1.3%,150pt,+100%,-25%,False,1,0.0%,0.0,-3048.0,3,-4410.6,6,0.0%,0.0,-8096.0
30m,1.3%,150pt,+40%,-25%,False,1,0.0%,0.0,-3048.0,3,-4410.6,6,0.0%,0.0,-8096.0
60m,1.3%,150pt,+40%,-25%,False,1,0.0%,0.0,-3048.0,1,-1231.6,4,0.0%,0.0,-5103.6
45m,0.75%,50pt,+40%,-20%,True,5,20.0%,0.43,-3096.0,5,-2487.4,17,52.9%,0.49,-4256.6
45m,1.0%,50pt,+40%,-25%,True,5,20.0%,0.43,-3096.0,5,-2833.5,17,58.8%,0.51,-4102.6
45m,1.0%,50pt,+40%,-20%,True,5,20.0%,0.43,-3096.0,5,-2487.4,17,52.9%,0.49,-4256.6
45m,1.0%,50pt,+40%,-30%,True,5,20.0%,0.43,-3096.0,5,-3251.2,17,58.8%,0.49,-4503.4
45m,0.75%,50pt,+40%,-35%,True,5,20.0%,0.43,-3096.0,5,-3536.6,17,58.8%,0.46,-5112.3
45m,0.75%,50pt,+40%,-30%,True,5,20.0%,0.43,-3096.0,5,-3251.2,17,58.8%,0.49,-4503.4
45m,0.75%,50pt,+40%,-25%,True,5,20.0%,0.43,-3096.0,5,-2833.5,17,58.8%,0.51,-4102.6
45m,1.0%,50pt,+40%,-35%,True,5,20.0%,0.43,-3096.0,5,-3536.6,17,58.8%,0.46,-5112.3
45m,1.3%,50pt,+40%,-25%,True,5,20.0%,0.43,-3096.0,5,-2833.5,18,55.6%,0.44,-5548.1
45m,1.3%,50pt,+40%,-30%,True,5,20.0%,0.43,-3096.0,5,-3251.2,18,55.6%,0.41,-6219.2
45m,1.3%,50pt,+40%,-35%,True,5,20.0%,0.43,-3096.0,5,-3536.6,18,55.6%,0.38,-7119.8
45m,1.3%,50pt,+40%,-20%,True,5,20.0%,0.43,-3096.0,6,-4131.5,19,47.4%,0.36,-7165.2
15m,1.0%,30pt,+100%,-30%,True,3,0.0%,0.0,-3142.5,5,-3522.1,21,38.1%,0.32,-9122.5
15m,1.0%,30pt,+100%,-25%,True,3,0.0%,0.0,-3142.5,6,-5748.5,22,36.4%,0.28,-11201.6
15m,1.0%,30pt,+100%,-20%,True,3,0.0%,0.0,-3142.5,6,-4988.1,22,36.4%,0.3,-9909.9
15m,0.75%,30pt,+80%,-25%,True,3,0.0%,0.0,-3142.5,5,-3727.9,20,40.0%,0.34,-8494.5
15m,0.75%,30pt,+80%,-30%,True,3,0.0%,0.0,-3142.5,5,-3522.1,20,40.0%,0.34,-8436.0
15m,1.0%,30pt,+100%,-35%,True,3,0.0%,0.0,-3142.5,5,-3909.0,21,38.1%,0.3,-9998.9
15m,0.75%,30pt,+60%,-25%,True,3,0.0%,0.0,-3142.5,5,-3727.9,20,40.0%,0.34,-8494.5
15m,1.3%,30pt,+100%,-35%,True,3,0.0%,0.0,-3142.5,5,-3909.0,21,38.1%,0.3,-9998.9
15m,1.3%,30pt,+100%,-30%,True,3,0.0%,0.0,-3142.5,5,-3522.1,21,38.1%,0.32,-9122.5
15m,1.3%,30pt,+100%,-25%,True,3,0.0%,0.0,-3142.5,6,-5748.5,22,36.4%,0.28,-11201.6
15m,1.3%,30pt,+100%,-20%,True,3,0.0%,0.0,-3142.5,6,-4988.1,22,36.4%,0.3,-9909.9
15m,0.75%,30pt,+100%,-25%,True,3,0.0%,0.0,-3142.5,5,-3727.9,20,40.0%,0.34,-8494.5
15m,0.75%,30pt,+80%,-20%,True,3,0.0%,0.0,-3142.5,5,-3368.6,20,40.0%,0.36,-7603.9
15m,0.75%,30pt,+60%,-35%,True,3,0.0%,0.0,-3142.5,5,-3909.0,20,40.0%,0.32,-9312.4
15m,0.75%,30pt,+60%,-30%,True,3,0.0%,0.0,-3142.5,5,-3522.1,20,40.0%,0.34,-8436.0
15m,0.75%,30pt,+100%,-20%,True,3,0.0%,0.0,-3142.5,5,-3368.6,20,40.0%,0.36,-7603.9
15m,0.75%,30pt,+60%,-20%,True,3,0.0%,0.0,-3142.5,5,-3368.6,20,40.0%,0.36,-7603.9
15m,0.75%,30pt,+100%,-35%,True,3,0.0%,0.0,-3142.5,5,-3909.0,20,40.0%,0.32,-9312.4
15m,0.75%,30pt,+100%,-30%,True,3,0.0%,0.0,-3142.5,5,-3522.1,20,40.0%,0.34,-8436.0
15m,0.75%,30pt,+80%,-35%,True,3,0.0%,0.0,-3142.5,5,-3909.0,20,40.0%,0.32,-9312.4
45m,0.75%,30pt,+40%,-20%,False,3,33.3%,0.39,-3186.0,3,-3879.6,10,0.0%,0.0,-13078.1
45m,1.3%,30pt,+40%,-20%,False,3,33.3%,0.39,-3186.0,4,-5685.2,12,0.0%,0.0,-16218.0
60m,1.0%,30pt,+40%,-20%,False,3,33.3%,0.39,-3186.0,3,-3885.7,10,0.0%,0.0,-12980.0
30m,1.0%,30pt,+40%,-20%,False,3,33.3%,0.39,-3186.0,3,-3913.3,10,0.0%,0.0,-13111.8
45m,1.0%,30pt,+40%,-20%,False,3,33.3%,0.39,-3186.0,3,-3879.6,10,0.0%,0.0,-13078.1
60m,1.3%,30pt,+40%,-20%,False,3,33.3%,0.39,-3186.0,3,-3885.7,11,0.0%,0.0,-13959.1
30m,1.3%,30pt,+40%,-20%,False,3,33.3%,0.39,-3186.0,4,-5718.9,12,0.0%,0.0,-16269.7
30m,0.75%,30pt,+40%,-20%,False,3,33.3%,0.39,-3186.0,3,-3913.3,10,0.0%,0.0,-13111.8
60m,0.75%,30pt,+40%,-20%,False,3,33.3%,0.39,-3186.0,3,-3885.7,10,0.0%,0.0,-12980.0
45m,0.5%,30pt,+100%,-25%,False,1,0.0%,0.0,-3228.0,2,-3228.6,5,0.0%,0.0,-7047.1
45m,0.5%,30pt,+80%,-25%,False,1,0.0%,0.0,-3228.0,2,-3228.6,5,0.0%,0.0,-7047.1
15m,0.5%,30pt,+60%,-25%,False,1,0.0%,0.0,-3228.0,3,-4272.6,7,0.0%,0.0,-9285.8
15m,1.0%,50pt,+100%,-25%,False,1,0.0%,0.0,-3228.0,3,-4445.1,12,0.0%,0.0,-18211.6
15m,0.75%,100pt,+100%,-25%,False,1,0.0%,0.0,-3228.0,2,-2649.8,7,0.0%,0.0,-8577.4
45m,0.75%,30pt,+60%,-25%,False,1,0.0%,0.0,-3228.0,3,-4324.8,10,0.0%,0.0,-14672.6
30m,0.5%,30pt,+80%,-25%,False,1,0.0%,0.0,-3228.0,3,-4272.6,6,0.0%,0.0,-8091.1
30m,0.5%,30pt,+60%,-25%,False,1,0.0%,0.0,-3228.0,3,-4272.6,6,0.0%,0.0,-8091.1
15m,0.5%,30pt,+80%,-25%,False,1,0.0%,0.0,-3228.0,3,-4272.6,7,0.0%,0.0,-9285.8
15m,0.5%,30pt,+100%,-25%,False,1,0.0%,0.0,-3228.0,3,-4272.6,7,0.0%,0.0,-9285.8
15m,1.3%,100pt,+100%,-25%,False,1,0.0%,0.0,-3228.0,3,-4943.6,9,0.0%,0.0,-12399.3
45m,0.5%,30pt,+60%,-25%,False,1,0.0%,0.0,-3228.0,2,-3228.6,5,0.0%,0.0,-7047.1
45m,0.5%,50pt,+60%,-25%,False,1,0.0%,0.0,-3228.0,1,-1448.3,4,0.0%,0.0,-5269.4
60m,1.3%,50pt,+60%,-25%,False,1,0.0%,0.0,-3228.0,2,-2398.3,9,0.0%,0.0,-11726.8
30m,0.75%,30pt,+60%,-25%,False,1,0.0%,0.0,-3228.0,3,-4272.6,10,0.0%,0.0,-14620.3
15m,0.5%,50pt,+100%,-25%,False,1,0.0%,0.0,-3228.0,2,-2492.3,6,0.0%,0.0,-7499.1
30m,1.3%,30pt,+80%,-25%,False,1,0.0%,0.0,-3228.0,4,-6456.6,12,0.0%,0.0,-18538.2
45m,0.75%,30pt,+100%,-25%,False,1,0.0%,0.0,-3228.0,3,-4324.8,10,0.0%,0.0,-14672.6
30m,1.3%,30pt,+60%,-25%,False,1,0.0%,0.0,-3228.0,4,-6456.6,12,0.0%,0.0,-18538.2
45m,0.75%,30pt,+80%,-25%,False,1,0.0%,0.0,-3228.0,3,-4324.8,10,0.0%,0.0,-14672.6
15m,1.3%,50pt,+100%,-25%,False,1,0.0%,0.0,-3228.0,3,-4445.1,12,0.0%,0.0,-18211.6
60m,1.0%,50pt,+100%,-25%,False,1,0.0%,0.0,-3228.0,2,-2398.3,8,0.0%,0.0,-10216.4
30m,1.3%,30pt,+100%,-25%,False,1,0.0%,0.0,-3228.0,4,-6456.6,12,0.0%,0.0,-18538.2
45m,0.5%,100pt,+40%,-25%,False,1,0.0%,0.0,-3228.0,1,-1423.4,4,0.0%,0.0,-5254.4
30m,0.75%,50pt,+80%,-25%,False,1,0.0%,0.0,-3228.0,2,-2492.3,9,0.0%,0.0,-12356.0
30m,0.75%,30pt,+100%,-25%,False,1,0.0%,0.0,-3228.0,3,-4272.6,10,0.0%,0.0,-14620.3
30m,0.75%,50pt,+60%,-25%,False,1,0.0%,0.0,-3228.0,2,-2492.3,9,0.0%,0.0,-12356.0
60m,1.3%,30pt,+60%,-25%,False,1,0.0%,0.0,-3228.0,3,-4330.9,11,0.0%,0.0,-15745.7
45m,1.0%,30pt,+60%,-25%,False,1,0.0%,0.0,-3228.0,3,-4324.8,10,0.0%,0.0,-14672.6
45m,1.0%,30pt,+80%,-25%,False,1,0.0%,0.0,-3228.0,3,-4324.8,10,0.0%,0.0,-14672.6
45m,1.0%,30pt,+100%,-25%,False,1,0.0%,0.0,-3228.0,3,-4324.8,10,0.0%,0.0,-14672.6
60m,1.0%,50pt,+60%,-25%,False,1,0.0%,0.0,-3228.0,2,-2398.3,8,0.0%,0.0,-10216.4
60m,1.0%,50pt,+80%,-25%,False,1,0.0%,0.0,-3228.0,2,-2398.3,8,0.0%,0.0,-10216.4
45m,0.5%,100pt,+100%,-25%,False,1,0.0%,0.0,-3228.0,1,-1423.4,4,0.0%,0.0,-5254.4
30m,1.3%,50pt,+80%,-25%,False,1,0.0%,0.0,-3228.0,2,-2492.3,10,0.0%,0.0,-14089.8
30m,0.5%,75pt,+100%,-25%,False,1,0.0%,0.0,-3228.0,2,-2554.5,5,0.0%,0.0,-6190.6
15m,0.75%,100pt,+80%,-25%,False,1,0.0%,0.0,-3228.0,2,-2649.8,7,0.0%,0.0,-8577.4
45m,0.5%,100pt,+80%,-25%,False,1,0.0%,0.0,-3228.0,1,-1423.4,4,0.0%,0.0,-5254.4
30m,0.5%,100pt,+100%,-25%,False,1,0.0%,0.0,-3228.0,2,-2649.8,5,0.0%,0.0,-6480.8
15m,0.5%,75pt,+40%,-25%,False,1,0.0%,0.0,-3228.0,2,-2554.5,6,0.0%,0.0,-7106.1
15m,1.0%,100pt,+100%,-25%,False,1,0.0%,0.0,-3228.0,3,-4943.6,9,0.0%,0.0,-12399.3
30m,0.75%,30pt,+80%,-25%,False,1,0.0%,0.0,-3228.0,3,-4272.6,10,0.0%,0.0,-14620.3
45m,0.75%,50pt,+60%,-25%,False,1,0.0%,0.0,-3228.0,2,-2637.3,9,0.0%,0.0,-12500.9
45m,0.75%,50pt,+80%,-25%,False,1,0.0%,0.0,-3228.0,2,-2637.3,9,0.0%,0.0,-12500.9
45m,0.75%,50pt,+100%,-25%,False,1,0.0%,0.0,-3228.0,2,-2637.3,9,0.0%,0.0,-12500.9
15m,1.0%,100pt,+80%,-25%,False,1,0.0%,0.0,-3228.0,3,-4943.6,9,0.0%,0.0,-12399.3
15m,0.75%,50pt,+100%,-25%,False,1,0.0%,0.0,-3228.0,2,-2492.3,10,0.0%,0.0,-14809.8
45m,1.3%,50pt,+100%,-25%,False,1,0.0%,0.0,-3228.0,2,-2637.3,10,0.0%,0.0,-13946.4
45m,1.3%,50pt,+80%,-25%,False,1,0.0%,0.0,-3228.0,2,-2637.3,10,0.0%,0.0,-13946.4
45m,1.3%,50pt,+60%,-25%,False,1,0.0%,0.0,-3228.0,2,-2637.3,10,0.0%,0.0,-13946.4
30m,0.75%,50pt,+100%,-25%,False,1,0.0%,0.0,-3228.0,2,-2492.3,9,0.0%,0.0,-12356.0
60m,1.0%,30pt,+80%,-25%,False,1,0.0%,0.0,-3228.0,3,-4330.9,10,0.0%,0.0,-14442.6
60m,1.0%,30pt,+100%,-25%,False,1,0.0%,0.0,-3228.0,3,-4330.9,10,0.0%,0.0,-14442.6
45m,1.3%,30pt,+100%,-25%,False,1,0.0%,0.0,-3228.0,4,-6508.9,12,0.0%,0.0,-18371.9
45m,1.3%,30pt,+80%,-25%,False,1,0.0%,0.0,-3228.0,4,-6508.9,12,0.0%,0.0,-18371.9
45m,1.3%,30pt,+60%,-25%,False,1,0.0%,0.0,-3228.0,4,-6508.9,12,0.0%,0.0,-18371.9
30m,0.5%,100pt,+80%,-25%,False,1,0.0%,0.0,-3228.0,2,-2649.8,5,0.0%,0.0,-6480.8
30m,1.3%,50pt,+100%,-25%,False,1,0.0%,0.0,-3228.0,2,-2492.3,10,0.0%,0.0,-14089.8
15m,1.0%,30pt,+100%,-25%,False,1,0.0%,0.0,-3228.0,4,-6293.2,13,0.0%,0.0,-20008.3
45m,0.5%,100pt,+60%,-25%,False,1,0.0%,0.0,-3228.0,1,-1423.4,4,0.0%,0.0,-5254.4
30m,1.3%,50pt,+60%,-25%,False,1,0.0%,0.0,-3228.0,2,-2492.3,10,0.0%,0.0,-14089.8
30m,0.5%,100pt,+60%,-25%,False,1,0.0%,0.0,-3228.0,2,-2649.8,5,0.0%,0.0,-6480.8
45m,1.0%,50pt,+100%,-25%,False,1,0.0%,0.0,-3228.0,2,-2637.3,9,0.0%,0.0,-12500.9
45m,1.0%,50pt,+80%,-25%,False,1,0.0%,0.0,-3228.0,2,-2637.3,9,0.0%,0.0,-12500.9
45m,1.0%,50pt,+60%,-25%,False,1,0.0%,0.0,-3228.0,2,-2637.3,9,0.0%,0.0,-12500.9
30m,0.5%,100pt,+40%,-25%,False,1,0.0%,0.0,-3228.0,2,-2649.8,5,0.0%,0.0,-6480.8
30m,0.5%,75pt,+60%,-25%,False,1,0.0%,0.0,-3228.0,2,-2554.5,5,0.0%,0.0,-6190.6
30m,1.0%,50pt,+100%,-25%,False,1,0.0%,0.0,-3228.0,2,-2492.3,9,0.0%,0.0,-12356.0
30m,1.0%,50pt,+80%,-25%,False,1,0.0%,0.0,-3228.0,2,-2492.3,9,0.0%,0.0,-12356.0
60m,1.0%,30pt,+60%,-25%,False,1,0.0%,0.0,-3228.0,3,-4330.9,10,0.0%,0.0,-14442.6
30m,1.0%,50pt,+60%,-25%,False,1,0.0%,0.0,-3228.0,2,-2492.3,9,0.0%,0.0,-12356.0
30m,0.5%,75pt,+40%,-25%,False,1,0.0%,0.0,-3228.0,2,-2554.5,5,0.0%,0.0,-6190.6
45m,0.5%,75pt,+60%,-25%,False,1,0.0%,0.0,-3228.0,1,-1372.0,4,0.0%,0.0,-5008.0
45m,0.5%,75pt,+40%,-25%,False,1,0.0%,0.0,-3228.0,1,-1372.0,4,0.0%,0.0,-5008.0
30m,1.0%,30pt,+100%,-25%,False,1,0.0%,0.0,-3228.0,3,-4272.6,10,0.0%,0.0,-14620.3
15m,0.75%,50pt,+80%,-25%,False,1,0.0%,0.0,-3228.0,2,-2492.3,10,0.0%,0.0,-14809.8
15m,0.75%,30pt,+100%,-25%,False,1,0.0%,0.0,-3228.0,3,-4272.6,11,0.0%,0.0,-16261.3
15m,0.5%,75pt,+80%,-25%,False,1,0.0%,0.0,-3228.0,2,-2554.5,6,0.0%,0.0,-7106.1
15m,0.5%,75pt,+60%,-25%,False,1,0.0%,0.0,-3228.0,2,-2554.5,6,0.0%,0.0,-7106.1
30m,0.5%,75pt,+80%,-25%,False,1,0.0%,0.0,-3228.0,2,-2554.5,5,0.0%,0.0,-6190.6
45m,0.5%,75pt,+100%,-25%,False,1,0.0%,0.0,-3228.0,1,-1372.0,4,0.0%,0.0,-5008.0
45m,0.5%,75pt,+80%,-25%,False,1,0.0%,0.0,-3228.0,1,-1372.0,4,0.0%,0.0,-5008.0
15m,0.5%,50pt,+60%,-25%,False,1,0.0%,0.0,-3228.0,2,-2492.3,6,0.0%,0.0,-7499.1
30m,0.5%,50pt,+100%,-25%,False,1,0.0%,0.0,-3228.0,2,-2492.3,5,0.0%,0.0,-6313.4
60m,1.3%,30pt,+80%,-25%,False,1,0.0%,0.0,-3228.0,3,-4330.9,11,0.0%,0.0,-15745.7
45m,0.5%,50pt,+80%,-25%,False,1,0.0%,0.0,-3228.0,1,-1448.3,4,0.0%,0.0,-5269.4
60m,0.75%,30pt,+100%,-25%,False,1,0.0%,0.0,-3228.0,3,-4330.9,10,0.0%,0.0,-14442.6
60m,0.75%,50pt,+60%,-25%,False,1,0.0%,0.0,-3228.0,2,-2398.3,8,0.0%,0.0,-10216.4
60m,0.75%,50pt,+80%,-25%,False,1,0.0%,0.0,-3228.0,2,-2398.3,8,0.0%,0.0,-10216.4
45m,0.5%,50pt,+100%,-25%,False,1,0.0%,0.0,-3228.0,1,-1448.3,4,0.0%,0.0,-5269.4
30m,1.0%,30pt,+60%,-25%,False,1,0.0%,0.0,-3228.0,3,-4272.6,10,0.0%,0.0,-14620.3
30m,1.0%,30pt,+80%,-25%,False,1,0.0%,0.0,-3228.0,3,-4272.6,10,0.0%,0.0,-14620.3
15m,0.5%,100pt,+100%,-25%,False,1,0.0%,0.0,-3228.0,2,-2649.8,6,0.0%,0.0,-7542.5
15m,0.75%,30pt,+80%,-25%,False,1,0.0%,0.0,-3228.0,3,-4272.6,11,0.0%,0.0,-16261.3
60m,1.3%,50pt,+80%,-25%,False,1,0.0%,0.0,-3228.0,2,-2398.3,9,0.0%,0.0,-11726.8
15m,1.3%,100pt,+80%,-25%,False,1,0.0%,0.0,-3228.0,3,-4943.6,9,0.0%,0.0,-12399.3
30m,0.5%,30pt,+100%,-25%,False,1,0.0%,0.0,-3228.0,3,-4272.6,6,0.0%,0.0,-8091.1
15m,0.5%,100pt,+60%,-25%,False,1,0.0%,0.0,-3228.0,2,-2649.8,6,0.0%,0.0,-7542.5
60m,0.75%,50pt,+100%,-25%,False,1,0.0%,0.0,-3228.0,2,-2398.3,8,0.0%,0.0,-10216.4
60m,1.3%,50pt,+100%,-25%,False,1,0.0%,0.0,-3228.0,2,-2398.3,9,0.0%,0.0,-11726.8
30m,0.5%,50pt,+80%,-25%,False,1,0.0%,0.0,-3228.0,2,-2492.3,5,0.0%,0.0,-6313.4
30m,0.5%,50pt,+60%,-25%,False,1,0.0%,0.0,-3228.0,2,-2492.3,5,0.0%,0.0,-6313.4
15m,0.5%,75pt,+100%,-25%,False,1,0.0%,0.0,-3228.0,2,-2554.5,6,0.0%,0.0,-7106.1
15m,0.5%,100pt,+80%,-25%,False,1,0.0%,0.0,-3228.0,2,-2649.8,6,0.0%,0.0,-7542.5
60m,1.3%,30pt,+100%,-25%,False,1,0.0%,0.0,-3228.0,3,-4330.9,11,0.0%,0.0,-15745.7
15m,0.5%,50pt,+80%,-25%,False,1,0.0%,0.0,-3228.0,2,-2492.3,6,0.0%,0.0,-7499.1
60m,0.75%,30pt,+60%,-25%,False,1,0.0%,0.0,-3228.0,3,-4330.9,10,0.0%,0.0,-14442.6
15m,0.5%,100pt,+40%,-25%,False,1,0.0%,0.0,-3228.0,2,-2649.8,6,0.0%,0.0,-7542.5
15m,1.3%,30pt,+100%,-25%,False,1,0.0%,0.0,-3228.0,4,-6293.2,13,0.0%,0.0,-20008.3
60m,0.75%,30pt,+80%,-25%,False,1,0.0%,0.0,-3228.0,3,-4330.9,10,0.0%,0.0,-14442.6
60m,1.3%,150pt,+100%,-30%,False,1,0.0%,0.0,-3328.5,1,-1417.4,4,0.0%,0.0,-5858.1
60m,1.3%,150pt,+60%,-30%,False,1,0.0%,0.0,-3328.5,1,-1417.4,4,0.0%,0.0,-5858.1
60m,1.3%,150pt,+80%,-30%,False,1,0.0%,0.0,-3328.5,1,-1417.4,4,0.0%,0.0,-5858.1
60m,1.3%,100pt,+80%,-35%,False,1,0.0%,0.0,-3328.5,2,-3454.7,7,0.0%,0.0,-11564.9
60m,1.3%,100pt,+60%,-35%,False,1,0.0%,0.0,-3328.5,2,-3454.7,7,0.0%,0.0,-11564.9
60m,1.3%,100pt,+40%,-35%,False,1,0.0%,0.0,-3328.5,2,-3454.7,7,0.0%,0.0,-11564.9
30m,0.75%,150pt,+60%,-30%,False,1,0.0%,0.0,-3328.5,2,-2475.1,4,0.0%,0.0,-5426.0
30m,0.75%,150pt,+40%,-30%,False,1,0.0%,0.0,-3328.5,2,-2475.1,4,0.0%,0.0,-5426.0
30m,0.75%,150pt,+80%,-30%,False,1,0.0%,0.0,-3328.5,2,-2475.1,4,0.0%,0.0,-5426.0
60m,0.75%,100pt,+80%,-35%,False,1,0.0%,0.0,-3328.5,2,-3454.7,6,0.0%,0.0,-9518.6
60m,0.75%,100pt,+60%,-35%,False,1,0.0%,0.0,-3328.5,2,-3454.7,6,0.0%,0.0,-9518.6
60m,0.75%,100pt,+40%,-35%,False,1,0.0%,0.0,-3328.5,2,-3454.7,6,0.0%,0.0,-9518.6
30m,1.0%,150pt,+100%,-30%,False,1,0.0%,0.0,-3328.5,2,-2475.1,4,0.0%,0.0,-5426.0
30m,1.0%,150pt,+40%,-30%,False,1,0.0%,0.0,-3328.5,2,-2475.1,4,0.0%,0.0,-5426.0
30m,1.0%,150pt,+60%,-30%,False,1,0.0%,0.0,-3328.5,2,-2475.1,4,0.0%,0.0,-5426.0
45m,1.0%,150pt,+40%,-30%,False,1,0.0%,0.0,-3328.5,1,-1417.4,3,0.0%,0.0,-4368.3
45m,1.0%,150pt,+60%,-30%,False,1,0.0%,0.0,-3328.5,1,-1417.4,3,0.0%,0.0,-4368.3
45m,1.0%,150pt,+80%,-30%,False,1,0.0%,0.0,-3328.5,1,-1417.4,3,0.0%,0.0,-4368.3
45m,1.0%,150pt,+100%,-30%,False,1,0.0%,0.0,-3328.5,1,-1417.4,3,0.0%,0.0,-4368.3
45m,1.3%,150pt,+40%,-30%,False,1,0.0%,0.0,-3328.5,2,-4090.6,5,0.0%,0.0,-8790.3
45m,1.3%,150pt,+60%,-30%,False,1,0.0%,0.0,-3328.5,2,-4090.6,5,0.0%,0.0,-8790.3
45m,1.3%,150pt,+80%,-30%,False,1,0.0%,0.0,-3328.5,2,-4090.6,5,0.0%,0.0,-8790.3
45m,1.3%,150pt,+100%,-30%,False,1,0.0%,0.0,-3328.5,2,-4090.6,5,0.0%,0.0,-8790.3
30m,1.3%,150pt,+40%,-30%,False,1,0.0%,0.0,-3328.5,3,-5132.7,6,0.0%,0.0,-9945.5
30m,1.3%,150pt,+60%,-30%,False,1,0.0%,0.0,-3328.5,3,-5132.7,6,0.0%,0.0,-9945.5
60m,0.75%,150pt,+60%,-30%,False,1,0.0%,0.0,-3328.5,1,-1417.4,3,0.0%,0.0,-4368.3
60m,0.75%,150pt,+80%,-30%,False,1,0.0%,0.0,-3328.5,1,-1417.4,3,0.0%,0.0,-4368.3
60m,1.0%,150pt,+80%,-30%,False,1,0.0%,0.0,-3328.5,1,-1417.4,3,0.0%,0.0,-4368.3
60m,0.75%,150pt,+40%,-30%,False,1,0.0%,0.0,-3328.5,1,-1417.4,3,0.0%,0.0,-4368.3
60m,0.75%,100pt,+100%,-35%,False,1,0.0%,0.0,-3328.5,2,-3454.7,6,0.0%,0.0,-9518.6
60m,1.0%,150pt,+60%,-30%,False,1,0.0%,0.0,-3328.5,1,-1417.4,3,0.0%,0.0,-4368.3
30m,0.75%,150pt,+100%,-30%,False,1,0.0%,0.0,-3328.5,2,-2475.1,4,0.0%,0.0,-5426.0
30m,1.3%,150pt,+80%,-30%,False,1,0.0%,0.0,-3328.5,3,-5132.7,6,0.0%,0.0,-9945.5
60m,1.3%,100pt,+100%,-35%,False,1,0.0%,0.0,-3328.5,2,-3454.7,7,0.0%,0.0,-11564.9
30m,1.3%,150pt,+100%,-30%,False,1,0.0%,0.0,-3328.5,3,-5132.7,6,0.0%,0.0,-9945.5
60m,1.3%,150pt,+40%,-30%,False,1,0.0%,0.0,-3328.5,1,-1417.4,4,0.0%,0.0,-5858.1
30m,1.0%,150pt,+80%,-30%,False,1,0.0%,0.0,-3328.5,2,-2475.1,4,0.0%,0.0,-5426.0
45m,0.75%,150pt,+100%,-30%,False,1,0.0%,0.0,-3328.5,1,-1417.4,3,0.0%,0.0,-4368.3
45m,0.75%,150pt,+80%,-30%,False,1,0.0%,0.0,-3328.5,1,-1417.4,3,0.0%,0.0,-4368.3
45m,0.75%,150pt,+60%,-30%,False,1,0.0%,0.0,-3328.5,1,-1417.4,3,0.0%,0.0,-4368.3
45m,0.75%,150pt,+40%,-30%,False,1,0.0%,0.0,-3328.5,1,-1417.4,3,0.0%,0.0,-4368.3
60m,0.75%,150pt,+100%,-30%,False,1,0.0%,0.0,-3328.5,1,-1417.4,3,0.0%,0.0,-4368.3
60m,1.0%,100pt,+100%,-35%,False,1,0.0%,0.0,-3328.5,2,-3454.7,6,0.0%,0.0,-9518.6
60m,1.0%,100pt,+80%,-35%,False,1,0.0%,0.0,-3328.5,2,-3454.7,6,0.0%,0.0,-9518.6
60m,1.0%,100pt,+60%,-35%,False,1,0.0%,0.0,-3328.5,2,-3454.7,6,0.0%,0.0,-9518.6
60m,1.0%,100pt,+40%,-35%,False,1,0.0%,0.0,-3328.5,2,-3454.7,6,0.0%,0.0,-9518.6
60m,1.0%,150pt,+40%,-30%,False,1,0.0%,0.0,-3328.5,1,-1417.4,3,0.0%,0.0,-4368.3
60m,1.0%,150pt,+100%,-30%,False,1,0.0%,0.0,-3328.5,1,-1417.4,3,0.0%,0.0,-4368.3
15m,0.5%,75pt,+80%,-30%,True,2,0.0%,0.0,-3415.5,4,-2307.6,12,33.3%,0.23,-5613.3
15m,0.5%,75pt,+80%,-35%,True,2,0.0%,0.0,-3415.5,4,-2645.3,12,33.3%,0.2,-6728.7
30m,0.5%,75pt,+40%,-30%,True,2,0.0%,0.0,-3415.5,4,-2307.6,10,30.0%,0.17,-6097.5
30m,0.5%,75pt,+80%,-25%,True,2,0.0%,0.0,-3415.5,4,-1754.0,10,30.0%,0.2,-5292.9
45m,0.5%,75pt,+40%,-25%,True,2,0.0%,0.0,-3415.5,3,-571.5,9,33.3%,0.24,-4110.4
45m,0.5%,75pt,+40%,-30%,True,2,0.0%,0.0,-3415.5,3,-1049.2,9,33.3%,0.21,-4839.1
45m,0.5%,75pt,+40%,-35%,True,2,0.0%,0.0,-3415.5,3,-1112.4,9,33.3%,0.18,-5680.0
45m,0.5%,75pt,+60%,-20%,True,2,0.0%,0.0,-3415.5,3,-317.3,9,33.3%,0.25,-3856.2
45m,0.5%,75pt,+40%,-20%,True,2,0.0%,0.0,-3415.5,3,-317.3,9,33.3%,0.25,-3856.2
30m,0.5%,75pt,+40%,-25%,True,2,0.0%,0.0,-3415.5,4,-1754.0,10,30.0%,0.2,-5292.9
30m,0.5%,75pt,+40%,-20%,True,2,0.0%,0.0,-3415.5,4,-1276.2,10,30.0%,0.21,-4815.1
30m,0.5%,75pt,+80%,-30%,True,2,0.0%,0.0,-3415.5,4,-2307.6,10,30.0%,0.17,-6097.5
15m,0.5%,75pt,+100%,-20%,True,2,0.0%,0.0,-3415.5,4,-1276.2,12,33.3%,0.28,-4330.9
15m,0.5%,75pt,+100%,-25%,True,2,0.0%,0.0,-3415.5,4,-1754.0,12,33.3%,0.26,-4808.7
15m,0.5%,75pt,+100%,-30%,True,2,0.0%,0.0,-3415.5,4,-2307.6,12,33.3%,0.23,-5613.3
15m,0.5%,75pt,+100%,-35%,True,2,0.0%,0.0,-3415.5,4,-2645.3,12,33.3%,0.2,-6728.7
45m,0.5%,75pt,+60%,-25%,True,2,0.0%,0.0,-3415.5,3,-571.5,9,33.3%,0.24,-4110.4
45m,0.5%,75pt,+60%,-30%,True,2,0.0%,0.0,-3415.5,3,-1049.2,9,33.3%,0.21,-4839.1
45m,0.5%,75pt,+60%,-35%,True,2,0.0%,0.0,-3415.5,3,-1112.4,9,33.3%,0.18,-5680.0
30m,0.5%,75pt,+100%,-30%,True,2,0.0%,0.0,-3415.5,4,-2307.6,10,30.0%,0.17,-6097.5
15m,0.5%,75pt,+40%,-25%,True,2,0.0%,0.0,-3415.5,4,-1754.0,12,33.3%,0.26,-4808.7
30m,0.5%,75pt,+80%,-35%,True,2,0.0%,0.0,-3415.5,4,-2645.3,10,30.0%,0.15,-7212.9
30m,0.5%,75pt,+100%,-20%,True,2,0.0%,0.0,-3415.5,4,-1276.2,10,30.0%,0.21,-4815.1
30m,0.5%,75pt,+100%,-25%,True,2,0.0%,0.0,-3415.5,4,-1754.0,10,30.0%,0.2,-5292.9
15m,0.5%,75pt,+60%,-20%,True,2,0.0%,0.0,-3415.5,4,-1276.2,12,33.3%,0.28,-4330.9
15m,0.5%,75pt,+40%,-20%,True,2,0.0%,0.0,-3415.5,4,-1276.2,12,33.3%,0.28,-4330.9
15m,0.5%,75pt,+60%,-25%,True,2,0.0%,0.0,-3415.5,4,-1754.0,12,33.3%,0.26,-4808.7
45m,0.5%,75pt,+100%,-30%,True,2,0.0%,0.0,-3415.5,3,-1049.2,9,33.3%,0.21,-4839.1
45m,0.5%,75pt,+100%,-35%,True,2,0.0%,0.0,-3415.5,3,-1112.4,9,33.3%,0.18,-5680.0
45m,0.5%,75pt,+100%,-20%,True,2,0.0%,0.0,-3415.5,3,-317.3,9,33.3%,0.25,-3856.2
45m,0.5%,75pt,+100%,-25%,True,2,0.0%,0.0,-3415.5,3,-571.5,9,33.3%,0.24,-4110.4
15m,0.5%,75pt,+40%,-30%,True,2,0.0%,0.0,-3415.5,4,-2307.6,12,33.3%,0.23,-5613.3
30m,0.5%,75pt,+60%,-35%,True,2,0.0%,0.0,-3415.5,4,-2645.3,10,30.0%,0.15,-7212.9
30m,0.5%,75pt,+60%,-30%,True,2,0.0%,0.0,-3415.5,4,-2307.6,10,30.0%,0.17,-6097.5
30m,0.5%,75pt,+60%,-25%,True,2,0.0%,0.0,-3415.5,4,-1754.0,10,30.0%,0.2,-5292.9
30m,0.5%,75pt,+60%,-20%,True,2,0.0%,0.0,-3415.5,4,-1276.2,10,30.0%,0.21,-4815.1
30m,0.5%,75pt,+40%,-35%,True,2,0.0%,0.0,-3415.5,4,-2645.3,10,30.0%,0.15,-7212.9
30m,0.5%,75pt,+100%,-35%,True,2,0.0%,0.0,-3415.5,4,-2645.3,10,30.0%,0.15,-7212.9
45m,0.5%,75pt,+80%,-20%,True,2,0.0%,0.0,-3415.5,3,-317.3,9,33.3%,0.25,-3856.2
30m,0.5%,75pt,+80%,-20%,True,2,0.0%,0.0,-3415.5,4,-1276.2,10,30.0%,0.21,-4815.1
15m,0.5%,75pt,+80%,-25%,True,2,0.0%,0.0,-3415.5,4,-1754.0,12,33.3%,0.26,-4808.7
15m,0.5%,75pt,+40%,-35%,True,2,0.0%,0.0,-3415.5,4,-2645.3,12,33.3%,0.2,-6728.7
45m,0.5%,75pt,+80%,-25%,True,2,0.0%,0.0,-3415.5,3,-571.5,9,33.3%,0.24,-4110.4
45m,0.5%,75pt,+80%,-30%,True,2,0.0%,0.0,-3415.5,3,-1049.2,9,33.3%,0.21,-4839.1
45m,0.5%,75pt,+80%,-35%,True,2,0.0%,0.0,-3415.5,3,-1112.4,9,33.3%,0.18,-5680.0
15m,0.5%,75pt,+60%,-30%,True,2,0.0%,0.0,-3415.5,4,-2307.6,12,33.3%,0.23,-5613.3
15m,0.5%,75pt,+60%,-35%,True,2,0.0%,0.0,-3415.5,4,-2645.3,12,33.3%,0.2,-6728.7
15m,0.5%,75pt,+80%,-20%,True,2,0.0%,0.0,-3415.5,4,-1276.2,12,33.3%,0.28,-4330.9
30m,0.75%,30pt,+100%,-35%,True,3,0.0%,0.0,-3618.0,5,-4630.6,17,35.3%,0.33,-8725.9
30m,0.75%,30pt,+100%,-30%,True,3,0.0%,0.0,-3618.0,5,-4243.7,17,35.3%,0.34,-8634.4
30m,0.75%,30pt,+100%,-20%,True,3,0.0%,0.0,-3618.0,5,-4090.1,17,35.3%,0.37,-7370.1
30m,0.75%,30pt,+80%,-35%,True,3,0.0%,0.0,-3618.0,5,-4630.6,17,35.3%,0.33,-8725.9
30m,0.75%,30pt,+100%,-25%,True,3,0.0%,0.0,-3618.0,5,-4449.4,17,35.3%,0.34,-8466.4
30m,1.0%,30pt,+100%,-30%,True,3,0.0%,0.0,-3618.0,5,-4243.7,18,33.3%,0.33,-8865.6
30m,1.3%,30pt,+100%,-35%,True,3,0.0%,0.0,-3618.0,5,-4630.6,19,31.6%,0.28,-11189.0
30m,1.3%,30pt,+100%,-30%,True,3,0.0%,0.0,-3618.0,6,-6947.7,20,30.0%,0.24,-13494.6
30m,1.3%,30pt,+60%,-25%,True,3,0.0%,0.0,-3618.0,6,-6633.4,20,30.0%,0.26,-12615.5
30m,1.3%,30pt,+60%,-20%,True,3,0.0%,0.0,-3618.0,6,-5895.7,20,30.0%,0.29,-10759.2
30m,1.3%,30pt,+80%,-35%,True,3,0.0%,0.0,-3618.0,5,-4630.6,19,31.6%,0.28,-11189.0
30m,1.3%,30pt,+80%,-30%,True,3,0.0%,0.0,-3618.0,6,-6947.7,20,30.0%,0.24,-13494.6
30m,1.3%,30pt,+100%,-20%,True,3,0.0%,0.0,-3618.0,6,-5895.7,20,30.0%,0.29,-10759.2
30m,1.3%,30pt,+100%,-25%,True,3,0.0%,0.0,-3618.0,6,-6633.4,20,30.0%,0.26,-12615.5
30m,1.3%,30pt,+80%,-20%,True,3,0.0%,0.0,-3618.0,6,-5895.7,20,30.0%,0.29,-10759.2
30m,1.3%,30pt,+60%,-35%,True,3,0.0%,0.0,-3618.0,5,-4630.6,19,31.6%,0.28,-11189.0
30m,0.75%,30pt,+60%,-20%,True,3,0.0%,0.0,-3618.0,5,-4090.1,17,35.3%,0.37,-7370.1
30m,1.3%,30pt,+60%,-30%,True,3,0.0%,0.0,-3618.0,6,-6947.7,20,30.0%,0.24,-13494.6
30m,0.75%,30pt,+60%,-30%,True,3,0.0%,0.0,-3618.0,5,-4243.7,17,35.3%,0.34,-8634.4
30m,0.75%,30pt,+60%,-25%,True,3,0.0%,0.0,-3618.0,5,-4449.4,17,35.3%,0.34,-8466.4
30m,0.75%,30pt,+60%,-35%,True,3,0.0%,0.0,-3618.0,5,-4630.6,17,35.3%,0.33,-8725.9
30m,0.75%,30pt,+80%,-20%,True,3,0.0%,0.0,-3618.0,5,-4090.1,17,35.3%,0.37,-7370.1
30m,0.75%,30pt,+80%,-25%,True,3,0.0%,0.0,-3618.0,5,-4449.4,17,35.3%,0.34,-8466.4
30m,0.75%,30pt,+80%,-30%,True,3,0.0%,0.0,-3618.0,5,-4243.7,17,35.3%,0.34,-8634.4
30m,1.3%,30pt,+80%,-25%,True,3,0.0%,0.0,-3618.0,6,-6633.4,20,30.0%,0.26,-12615.5
30m,1.0%,30pt,+80%,-20%,True,3,0.0%,0.0,-3618.0,5,-4090.1,18,33.3%,0.37,-7601.3
30m,1.0%,30pt,+80%,-25%,True,3,0.0%,0.0,-3618.0,5,-4449.4,18,33.3%,0.33,-8697.6
30m,1.0%,30pt,+80%,-30%,True,3,0.0%,0.0,-3618.0,5,-4243.7,18,33.3%,0.33,-8865.6
30m,1.0%,30pt,+60%,-20%,True,3,0.0%,0.0,-3618.0,5,-4090.1,18,33.3%,0.37,-7601.3
30m,1.0%,30pt,+60%,-25%,True,3,0.0%,0.0,-3618.0,5,-4449.4,18,33.3%,0.33,-8697.6
30m,1.0%,30pt,+60%,-30%,True,3,0.0%,0.0,-3618.0,5,-4243.7,18,33.3%,0.33,-8865.6
30m,1.0%,30pt,+60%,-35%,True,3,0.0%,0.0,-3618.0,5,-4630.6,18,33.3%,0.33,-8957.1
30m,1.0%,30pt,+100%,-25%,True,3,0.0%,0.0,-3618.0,5,-4449.4,18,33.3%,0.33,-8697.6
30m,1.0%,30pt,+100%,-20%,True,3,0.0%,0.0,-3618.0,5,-4090.1,18,33.3%,0.37,-7601.3
30m,1.0%,30pt,+100%,-35%,True,3,0.0%,0.0,-3618.0,5,-4630.6,18,33.3%,0.33,-8957.1
30m,1.0%,30pt,+80%,-35%,True,3,0.0%,0.0,-3618.0,5,-4630.6,18,33.3%,0.33,-8957.1
45m,1.3%,150pt,+40%,-20%,False,2,0.0%,0.0,-3705.0,3,-4479.2,6,0.0%,0.0,-7809.8
45m,1.3%,150pt,+80%,-20%,False,2,0.0%,0.0,-3705.0,3,-4479.2,6,0.0%,0.0,-7809.8
45m,1.3%,150pt,+100%,-20%,False,2,0.0%,0.0,-3705.0,3,-4479.2,6,0.0%,0.0,-7809.8
45m,1.3%,150pt,+60%,-20%,False,2,0.0%,0.0,-3705.0,3,-4479.2,6,0.0%,0.0,-7809.8
30m,1.0%,50pt,+100%,-20%,True,3,0.0%,0.0,-3768.0,5,-2297.5,17,52.9%,0.5,-4066.7
30m,0.75%,50pt,+100%,-30%,True,3,0.0%,0.0,-3768.0,5,-2974.6,17,58.8%,0.51,-4226.8
30m,0.75%,50pt,+80%,-25%,True,3,0.0%,0.0,-3768.0,5,-2688.5,17,58.8%,0.52,-3957.6
30m,0.75%,50pt,+80%,-30%,True,3,0.0%,0.0,-3768.0,5,-2974.6,17,58.8%,0.51,-4226.8
30m,0.75%,50pt,+60%,-30%,True,3,0.0%,0.0,-3768.0,5,-2974.6,17,58.8%,0.51,-4226.8
30m,0.75%,50pt,+60%,-35%,True,3,0.0%,0.0,-3768.0,5,-3362.6,17,58.8%,0.47,-4938.3
30m,0.75%,50pt,+60%,-20%,True,3,0.0%,0.0,-3768.0,5,-2297.5,17,52.9%,0.5,-4066.7
30m,0.75%,50pt,+60%,-25%,True,3,0.0%,0.0,-3768.0,5,-2688.5,17,58.8%,0.52,-3957.6
30m,0.75%,50pt,+100%,-35%,True,3,0.0%,0.0,-3768.0,5,-3362.6,17,58.8%,0.47,-4938.3
30m,0.75%,50pt,+100%,-25%,True,3,0.0%,0.0,-3768.0,5,-2688.5,17,58.8%,0.52,-3957.6
30m,0.75%,50pt,+80%,-20%,True,3,0.0%,0.0,-3768.0,5,-2297.5,17,52.9%,0.5,-4066.7
30m,1.0%,50pt,+80%,-20%,True,3,0.0%,0.0,-3768.0,5,-2297.5,17,52.9%,0.5,-4066.7
30m,1.0%,50pt,+100%,-30%,True,3,0.0%,0.0,-3768.0,5,-2974.6,17,58.8%,0.51,-4226.8
30m,1.0%,50pt,+100%,-35%,True,3,0.0%,0.0,-3768.0,5,-3362.6,17,58.8%,0.47,-4938.3
30m,1.0%,50pt,+60%,-35%,True,3,0.0%,0.0,-3768.0,5,-3362.6,17,58.8%,0.47,-4938.3
30m,1.0%,50pt,+60%,-30%,True,3,0.0%,0.0,-3768.0,5,-2974.6,17,58.8%,0.51,-4226.8
30m,1.0%,50pt,+60%,-25%,True,3,0.0%,0.0,-3768.0,5,-2688.5,17,58.8%,0.52,-3957.6
30m,1.0%,50pt,+80%,-30%,True,3,0.0%,0.0,-3768.0,5,-2974.6,17,58.8%,0.51,-4226.8
30m,0.75%,50pt,+80%,-35%,True,3,0.0%,0.0,-3768.0,5,-3362.6,17,58.8%,0.47,-4938.3
30m,0.75%,50pt,+100%,-20%,True,3,0.0%,0.0,-3768.0,5,-2297.5,17,52.9%,0.5,-4066.7
30m,1.0%,50pt,+100%,-25%,True,3,0.0%,0.0,-3768.0,5,-2688.5,17,58.8%,0.52,-3957.6
30m,1.0%,50pt,+80%,-35%,True,3,0.0%,0.0,-3768.0,5,-3362.6,17,58.8%,0.47,-4938.3
30m,1.0%,50pt,+80%,-25%,True,3,0.0%,0.0,-3768.0,5,-2688.5,17,58.8%,0.52,-3957.6
30m,1.3%,50pt,+100%,-30%,True,3,0.0%,0.0,-3768.0,5,-2974.6,18,55.6%,0.41,-6151.7
30m,1.3%,50pt,+100%,-25%,True,3,0.0%,0.0,-3768.0,5,-2688.5,18,55.6%,0.43,-5691.5
30m,1.3%,50pt,+100%,-35%,True,3,0.0%,0.0,-3768.0,5,-3362.6,18,55.6%,0.38,-7170.3
30m,1.3%,50pt,+60%,-25%,True,3,0.0%,0.0,-3768.0,5,-2688.5,18,55.6%,0.43,-5691.5
30m,1.3%,50pt,+80%,-20%,True,3,0.0%,0.0,-3768.0,6,-3941.6,19,47.4%,0.37,-7063.1
30m,1.3%,50pt,+80%,-30%,True,3,0.0%,0.0,-3768.0,5,-2974.6,18,55.6%,0.41,-6151.7
30m,1.3%,50pt,+80%,-35%,True,3,0.0%,0.0,-3768.0,5,-3362.6,18,55.6%,0.38,-7170.3
30m,1.3%,50pt,+80%,-25%,True,3,0.0%,0.0,-3768.0,5,-2688.5,18,55.6%,0.43,-5691.5
30m,1.3%,50pt,+100%,-20%,True,3,0.0%,0.0,-3768.0,6,-3941.6,19,47.4%,0.37,-7063.1
30m,1.3%,50pt,+60%,-35%,True,3,0.0%,0.0,-3768.0,5,-3362.6,18,55.6%,0.38,-7170.3
30m,1.3%,50pt,+60%,-20%,True,3,0.0%,0.0,-3768.0,6,-3941.6,19,47.4%,0.37,-7063.1
30m,1.0%,50pt,+60%,-20%,True,3,0.0%,0.0,-3768.0,5,-2297.5,17,52.9%,0.5,-4066.7
30m,1.3%,50pt,+60%,-30%,True,3,0.0%,0.0,-3768.0,5,-2974.6,18,55.6%,0.41,-6151.7
15m,1.0%,50pt,+100%,-35%,True,3,0.0%,0.0,-3802.5,5,-3283.6,21,47.6%,0.36,-7940.5
15m,1.0%,50pt,+100%,-20%,True,3,0.0%,0.0,-3802.5,6,-3958.0,22,40.9%,0.33,-8699.5
15m,1.0%,50pt,+100%,-30%,True,3,0.0%,0.0,-3802.5,5,-2895.6,21,47.6%,0.38,-7406.9
15m,0.75%,50pt,+80%,-20%,True,3,0.0%,0.0,-3802.5,5,-2218.5,20,40.0%,0.35,-7253.7
15m,1.3%,50pt,+100%,-30%,True,3,0.0%,0.0,-3802.5,5,-2895.6,21,47.6%,0.38,-7406.9
15m,1.0%,50pt,+100%,-25%,True,3,0.0%,0.0,-3802.5,6,-4562.3,22,45.5%,0.33,-9069.9
15m,0.75%,50pt,+60%,-35%,True,3,0.0%,0.0,-3802.5,5,-3283.6,20,45.0%,0.34,-8234.2
15m,0.75%,50pt,+60%,-30%,True,3,0.0%,0.0,-3802.5,5,-2895.6,20,45.0%,0.35,-7700.6
15m,0.75%,50pt,+60%,-25%,True,3,0.0%,0.0,-3802.5,5,-2609.5,20,45.0%,0.36,-7410.7
15m,1.3%,50pt,+100%,-20%,True,3,0.0%,0.0,-3802.5,6,-3958.0,22,40.9%,0.33,-8699.5
15m,1.3%,50pt,+100%,-25%,True,3,0.0%,0.0,-3802.5,6,-4562.3,22,45.5%,0.33,-9069.9
15m,1.3%,50pt,+100%,-35%,True,3,0.0%,0.0,-3802.5,5,-3283.6,21,47.6%,0.36,-7940.5
15m,0.75%,50pt,+80%,-30%,True,3,0.0%,0.0,-3802.5,5,-2895.6,20,45.0%,0.35,-7700.6
15m,0.75%,50pt,+80%,-25%,True,3,0.0%,0.0,-3802.5,5,-2609.5,20,45.0%,0.36,-7410.7
15m,0.75%,50pt,+80%,-35%,True,3,0.0%,0.0,-3802.5,5,-3283.6,20,45.0%,0.34,-8234.2
15m,0.75%,50pt,+100%,-20%,True,3,0.0%,0.0,-3802.5,5,-2218.5,20,40.0%,0.35,-7253.7
15m,0.75%,50pt,+100%,-25%,True,3,0.0%,0.0,-3802.5,5,-2609.5,20,45.0%,0.36,-7410.7
15m,0.75%,50pt,+60%,-20%,True,3,0.0%,0.0,-3802.5,5,-2218.5,20,40.0%,0.35,-7253.7
15m,0.75%,50pt,+100%,-30%,True,3,0.0%,0.0,-3802.5,5,-2895.6,20,45.0%,0.35,-7700.6
15m,0.75%,50pt,+100%,-35%,True,3,0.0%,0.0,-3802.5,5,-3283.6,20,45.0%,0.34,-8234.2
60m,1.0%,30pt,+60%,-25%,True,4,0.0%,0.0,-3817.5,5,-4959.0,18,38.9%,0.49,-4602.7
60m,1.0%,30pt,+60%,-35%,True,4,0.0%,0.0,-3817.5,5,-4769.8,18,38.9%,0.46,-5351.6
60m,1.0%,30pt,+60%,-20%,True,4,0.0%,0.0,-3817.5,5,-4644.6,18,38.9%,0.53,-4037.4
60m,1.0%,30pt,+100%,-35%,True,4,0.0%,0.0,-3817.5,5,-4769.8,18,38.9%,0.46,-5351.6
60m,1.0%,30pt,+80%,-35%,True,4,0.0%,0.0,-3817.5,5,-4769.8,18,38.9%,0.46,-5351.6
60m,0.75%,30pt,+100%,-20%,True,4,0.0%,0.0,-3817.5,5,-4644.6,17,41.2%,0.54,-3806.2
60m,0.75%,30pt,+100%,-25%,True,4,0.0%,0.0,-3817.5,5,-4959.0,17,41.2%,0.51,-4371.5
60m,0.75%,30pt,+100%,-30%,True,4,0.0%,0.0,-3817.5,5,-4530.4,17,41.2%,0.51,-4391.5
60m,1.3%,30pt,+80%,-20%,True,4,0.0%,0.0,-3817.5,5,-4644.6,19,42.1%,0.62,-3264.9
60m,1.3%,30pt,+60%,-20%,True,4,0.0%,0.0,-3817.5,5,-4644.6,19,42.1%,0.62,-3264.9
60m,1.3%,30pt,+60%,-25%,True,4,0.0%,0.0,-3817.5,5,-4959.0,19,42.1%,0.58,-3830.3
60m,1.0%,30pt,+60%,-30%,True,4,0.0%,0.0,-3817.5,5,-4530.4,18,38.9%,0.49,-4622.7
60m,1.0%,30pt,+80%,-25%,True,4,0.0%,0.0,-3817.5,5,-4959.0,18,38.9%,0.49,-4602.7
60m,1.0%,30pt,+80%,-20%,True,4,0.0%,0.0,-3817.5,5,-4644.6,18,38.9%,0.53,-4037.4
60m,1.0%,30pt,+100%,-20%,True,4,0.0%,0.0,-3817.5,5,-4644.6,18,38.9%,0.53,-4037.4
60m,1.0%,30pt,+80%,-30%,True,4,0.0%,0.0,-3817.5,5,-4530.4,18,38.9%,0.49,-4622.7
60m,1.3%,30pt,+100%,-30%,True,4,0.0%,0.0,-3817.5,5,-4530.4,19,42.1%,0.58,-3850.2
60m,1.0%,30pt,+100%,-30%,True,4,0.0%,0.0,-3817.5,5,-4530.4,18,38.9%,0.49,-4622.7
60m,1.0%,30pt,+100%,-25%,True,4,0.0%,0.0,-3817.5,5,-4959.0,18,38.9%,0.49,-4602.7
60m,1.3%,30pt,+100%,-35%,True,4,0.0%,0.0,-3817.5,5,-4769.8,19,42.1%,0.54,-4579.2
60m,0.75%,30pt,+80%,-35%,True,4,0.0%,0.0,-3817.5,5,-4769.8,17,41.2%,0.47,-5120.4
60m,0.75%,30pt,+80%,-30%,True,4,0.0%,0.0,-3817.5,5,-4530.4,17,41.2%,0.51,-4391.5
60m,0.75%,30pt,+80%,-20%,True,4,0.0%,0.0,-3817.5,5,-4644.6,17,41.2%,0.54,-3806.2
60m,0.75%,30pt,+80%,-25%,True,4,0.0%,0.0,-3817.5,5,-4959.0,17,41.2%,0.51,-4371.5
60m,1.3%,30pt,+100%,-25%,True,4,0.0%,0.0,-3817.5,5,-4959.0,19,42.1%,0.58,-3830.3
60m,1.3%,30pt,+80%,-25%,True,4,0.0%,0.0,-3817.5,5,-4959.0,19,42.1%,0.58,-3830.3
60m,1.3%,30pt,+80%,-35%,True,4,0.0%,0.0,-3817.5,5,-4769.8,19,42.1%,0.54,-4579.2
60m,1.3%,30pt,+60%,-30%,True,4,0.0%,0.0,-3817.5,5,-4530.4,19,42.1%,0.58,-3850.2
60m,0.75%,30pt,+100%,-35%,True,4,0.0%,0.0,-3817.5,5,-4769.8,17,41.2%,0.47,-5120.4
60m,1.3%,30pt,+60%,-35%,True,4,0.0%,0.0,-3817.5,5,-4769.8,19,42.1%,0.54,-4579.2
60m,0.75%,30pt,+60%,-30%,True,4,0.0%,0.0,-3817.5,5,-4530.4,17,41.2%,0.51,-4391.5
60m,0.75%,30pt,+60%,-35%,True,4,0.0%,0.0,-3817.5,5,-4769.8,17,41.2%,0.47,-5120.4
60m,0.75%,30pt,+60%,-25%,True,4,0.0%,0.0,-3817.5,5,-4959.0,17,41.2%,0.51,-4371.5
60m,0.75%,30pt,+60%,-20%,True,4,0.0%,0.0,-3817.5,5,-4644.6,17,41.2%,0.54,-3806.2
60m,1.3%,30pt,+80%,-30%,True,4,0.0%,0.0,-3817.5,5,-4530.4,19,42.1%,0.58,-3850.2
60m,1.3%,30pt,+100%,-20%,True,4,0.0%,0.0,-3817.5,5,-4644.6,19,42.1%,0.62,-3264.9
45m,0.75%,50pt,+60%,-30%,False,1,0.0%,0.0,-3936.0,2,-3055.0,8,0.0%,0.0,-12054.7
60m,1.0%,30pt,+60%,-30%,False,1,0.0%,0.0,-3936.0,2,-2757.7,8,0.0%,0.0,-12056.5
30m,1.0%,50pt,+80%,-30%,False,1,0.0%,0.0,-3936.0,2,-2778.4,8,0.0%,0.0,-11778.1
60m,1.0%,50pt,+100%,-30%,False,1,0.0%,0.0,-3936.0,2,-2627.4,7,0.0%,0.0,-9274.8
45m,1.0%,50pt,+100%,-30%,False,1,0.0%,0.0,-3936.0,2,-3055.0,8,0.0%,0.0,-12054.7
15m,0.75%,75pt,+80%,-30%,False,1,0.0%,0.0,-3936.0,2,-3108.1,8,0.0%,0.0,-11683.6
30m,0.75%,50pt,+60%,-30%,False,1,0.0%,0.0,-3936.0,2,-2778.4,8,0.0%,0.0,-11778.1
15m,1.0%,100pt,+100%,-30%,False,1,0.0%,0.0,-3936.0,3,-5899.2,9,0.0%,0.0,-14500.3
15m,1.0%,100pt,+80%,-30%,False,1,0.0%,0.0,-3936.0,3,-5899.2,9,0.0%,0.0,-14500.3
15m,1.3%,50pt,+100%,-30%,False,1,0.0%,0.0,-3936.0,2,-2778.4,10,0.0%,0.0,-16265.1
60m,1.0%,50pt,+80%,-30%,False,1,0.0%,0.0,-3936.0,2,-2627.4,7,0.0%,0.0,-9274.8
60m,1.0%,50pt,+60%,-30%,False,1,0.0%,0.0,-3936.0,2,-2627.4,7,0.0%,0.0,-9274.8
30m,0.75%,30pt,+100%,-30%,False,1,0.0%,0.0,-3936.0,2,-2698.6,8,0.0%,0.0,-12293.6
45m,1.0%,30pt,+80%,-30%,False,1,0.0%,0.0,-3936.0,2,-2751.6,8,0.0%,0.0,-12346.6
45m,1.0%,30pt,+60%,-30%,False,1,0.0%,0.0,-3936.0,2,-2751.6,8,0.0%,0.0,-12346.6
30m,1.0%,50pt,+100%,-30%,False,1,0.0%,0.0,-3936.0,2,-2778.4,8,0.0%,0.0,-11778.1
45m,0.75%,50pt,+80%,-30%,False,1,0.0%,0.0,-3936.0,2,-3055.0,8,0.0%,0.0,-12054.7
45m,0.75%,50pt,+100%,-30%,False,1,0.0%,0.0,-3936.0,2,-3055.0,8,0.0%,0.0,-12054.7
45m,1.0%,30pt,+100%,-30%,False,1,0.0%,0.0,-3936.0,2,-2751.6,8,0.0%,0.0,-12346.6
60m,1.0%,30pt,+100%,-30%,False,1,0.0%,0.0,-3936.0,2,-2757.7,8,0.0%,0.0,-12056.5
15m,1.0%,50pt,+100%,-30%,False,1,0.0%,0.0,-3936.0,2,-2778.4,10,0.0%,0.0,-16265.1
45m,0.5%,30pt,+80%,-30%,False,1,0.0%,0.0,-3936.0,1,-1431.8,4,0.0%,0.0,-5698.8
45m,0.5%,30pt,+100%,-30%,False,1,0.0%,0.0,-3936.0,1,-1431.8,4,0.0%,0.0,-5698.8
60m,1.3%,30pt,+100%,-30%,False,1,0.0%,0.0,-3936.0,2,-2757.7,9,0.0%,0.0,-13918.4
60m,1.3%,50pt,+60%,-30%,False,1,0.0%,0.0,-3936.0,2,-2627.4,8,0.0%,0.0,-11055.6
60m,1.3%,50pt,+80%,-30%,False,1,0.0%,0.0,-3936.0,2,-2627.4,8,0.0%,0.0,-11055.6
15m,1.3%,100pt,+80%,-30%,False,1,0.0%,0.0,-3936.0,3,-5899.2,9,0.0%,0.0,-14500.3
30m,0.5%,30pt,+80%,-30%,False,1,0.0%,0.0,-3936.0,2,-2698.6,5,0.0%,0.0,-6965.6
60m,0.75%,30pt,+80%,-30%,False,1,0.0%,0.0,-3936.0,2,-2757.7,8,0.0%,0.0,-12056.5
60m,1.3%,50pt,+100%,-30%,False,1,0.0%,0.0,-3936.0,2,-2627.4,8,0.0%,0.0,-11055.6
15m,1.0%,75pt,+100%,-30%,False,1,0.0%,0.0,-3936.0,3,-5708.6,10,0.0%,0.0,-16023.9
15m,1.3%,100pt,+100%,-30%,False,1,0.0%,0.0,-3936.0,3,-5899.2,9,0.0%,0.0,-14500.3
30m,0.5%,30pt,+60%,-30%,False,1,0.0%,0.0,-3936.0,2,-2698.6,5,0.0%,0.0,-6965.6
45m,0.5%,30pt,+60%,-30%,False,1,0.0%,0.0,-3936.0,1,-1431.8,4,0.0%,0.0,-5698.8
15m,1.0%,75pt,+80%,-30%,False,1,0.0%,0.0,-3936.0,3,-5708.6,10,0.0%,0.0,-16023.9
30m,0.5%,30pt,+100%,-30%,False,1,0.0%,0.0,-3936.0,2,-2698.6,5,0.0%,0.0,-6965.6
15m,0.75%,50pt,+100%,-30%,False,1,0.0%,0.0,-3936.0,2,-2778.4,9,0.0%,0.0,-14525.2
15m,0.75%,30pt,+80%,-30%,False,1,0.0%,0.0,-3936.0,2,-2698.6,9,0.0%,0.0,-14258.2
15m,0.75%,50pt,+80%,-30%,False,1,0.0%,0.0,-3936.0,2,-2778.4,9,0.0%,0.0,-14525.2
15m,0.75%,75pt,+100%,-30%,False,1,0.0%,0.0,-3936.0,2,-3108.1,8,0.0%,0.0,-11683.6
30m,0.75%,50pt,+100%,-30%,False,1,0.0%,0.0,-3936.0,2,-2778.4,8,0.0%,0.0,-11778.1
45m,1.3%,30pt,+80%,-30%,False,1,0.0%,0.0,-3936.0,3,-5455.7,10,0.0%,0.0,-16836.3
60m,1.0%,30pt,+80%,-30%,False,1,0.0%,0.0,-3936.0,2,-2757.7,8,0.0%,0.0,-12056.5
45m,1.3%,30pt,+60%,-30%,False,1,0.0%,0.0,-3936.0,3,-5455.7,10,0.0%,0.0,-16836.3
45m,1.0%,50pt,+80%,-30%,False,1,0.0%,0.0,-3936.0,2,-3055.0,8,0.0%,0.0,-12054.7
45m,1.0%,50pt,+60%,-30%,False,1,0.0%,0.0,-3936.0,2,-3055.0,8,0.0%,0.0,-12054.7
30m,0.75%,50pt,+80%,-30%,False,1,0.0%,0.0,-3936.0,2,-2778.4,8,0.0%,0.0,-11778.1
45m,1.3%,50pt,+100%,-30%,False,1,0.0%,0.0,-3936.0,2,-3055.0,9,0.0%,0.0,-13770.5
45m,1.3%,50pt,+60%,-30%,False,1,0.0%,0.0,-3936.0,2,-3055.0,9,0.0%,0.0,-13770.5
45m,1.3%,50pt,+80%,-30%,False,1,0.0%,0.0,-3936.0,2,-3055.0,9,0.0%,0.0,-13770.5
45m,1.3%,30pt,+100%,-30%,False,1,0.0%,0.0,-3936.0,3,-5455.7,10,0.0%,0.0,-16836.3
45m,0.75%,30pt,+80%,-30%,False,1,0.0%,0.0,-3936.0,2,-2751.6,8,0.0%,0.0,-12346.6
30m,0.5%,100pt,+60%,-30%,False,1,0.0%,0.0,-3936.0,2,-3298.6,5,0.0%,0.0,-7537.8
30m,0.5%,100pt,+80%,-30%,False,1,0.0%,0.0,-3936.0,2,-3298.6,5,0.0%,0.0,-7537.8
30m,0.5%,75pt,+100%,-30%,False,1,0.0%,0.0,-3936.0,2,-3108.1,5,0.0%,0.0,-7093.6
30m,1.3%,50pt,+60%,-30%,False,1,0.0%,0.0,-3936.0,2,-2778.4,9,0.0%,0.0,-13703.0
45m,0.5%,100pt,+100%,-30%,False,1,0.0%,0.0,-3936.0,1,-1717.8,4,0.0%,0.0,-5956.9
45m,0.5%,100pt,+80%,-30%,False,1,0.0%,0.0,-3936.0,1,-1717.8,4,0.0%,0.0,-5956.9
30m,1.3%,50pt,+80%,-30%,False,1,0.0%,0.0,-3936.0,2,-2778.4,9,0.0%,0.0,-13703.0
30m,1.0%,30pt,+100%,-30%,False,1,0.0%,0.0,-3936.0,2,-2698.6,8,0.0%,0.0,-12293.6
15m,1.3%,75pt,+100%,-30%,False,1,0.0%,0.0,-3936.0,3,-5708.6,10,0.0%,0.0,-16023.9
15m,0.75%,30pt,+100%,-30%,False,1,0.0%,0.0,-3936.0,2,-2698.6,9,0.0%,0.0,-14258.2
30m,1.0%,50pt,+60%,-30%,False,1,0.0%,0.0,-3936.0,2,-2778.4,8,0.0%,0.0,-11778.1
30m,0.5%,100pt,+100%,-30%,False,1,0.0%,0.0,-3936.0,2,-3298.6,5,0.0%,0.0,-7537.8
15m,0.5%,75pt,+40%,-30%,False,1,0.0%,0.0,-3936.0,2,-3108.1,6,0.0%,0.0,-8159.4
15m,0.75%,100pt,+100%,-30%,False,1,0.0%,0.0,-3936.0,2,-3298.6,7,0.0%,0.0,-10003.1
30m,1.3%,30pt,+100%,-30%,False,1,0.0%,0.0,-3936.0,3,-5402.7,10,0.0%,0.0,-16922.6
30m,1.3%,30pt,+80%,-30%,False,1,0.0%,0.0,-3936.0,3,-5402.7,10,0.0%,0.0,-16922.6
45m,0.75%,30pt,+100%,-30%,False,1,0.0%,0.0,-3936.0,2,-2751.6,8,0.0%,0.0,-12346.6
15m,0.75%,100pt,+80%,-30%,False,1,0.0%,0.0,-3936.0,2,-3298.6,7,0.0%,0.0,-10003.1
45m,0.75%,30pt,+60%,-30%,False,1,0.0%,0.0,-3936.0,2,-2751.6,8,0.0%,0.0,-12346.6
15m,0.5%,50pt,+100%,-30%,False,1,0.0%,0.0,-3936.0,2,-2778.4,6,0.0%,0.0,-8394.6
30m,0.75%,30pt,+80%,-30%,False,1,0.0%,0.0,-3936.0,2,-2698.6,8,0.0%,0.0,-12293.6
30m,0.75%,30pt,+60%,-30%,False,1,0.0%,0.0,-3936.0,2,-2698.6,8,0.0%,0.0,-12293.6
15m,0.5%,50pt,+80%,-30%,False,1,0.0%,0.0,-3936.0,2,-2778.4,6,0.0%,0.0,-8394.6
15m,1.3%,75pt,+80%,-30%,False,1,0.0%,0.0,-3936.0,3,-5708.6,10,0.0%,0.0,-16023.9
30m,1.3%,30pt,+60%,-30%,False,1,0.0%,0.0,-3936.0,3,-5402.7,10,0.0%,0.0,-16922.6
45m,0.5%,100pt,+40%,-30%,False,1,0.0%,0.0,-3936.0,1,-1717.8,4,0.0%,0.0,-5956.9
45m,0.5%,75pt,+100%,-30%,False,1,0.0%,0.0,-3936.0,1,-1849.7,4,0.0%,0.0,-5835.2
15m,0.5%,100pt,+100%,-30%,False,1,0.0%,0.0,-3936.0,2,-3298.6,6,0.0%,0.0,-8804.0
30m,1.0%,30pt,+80%,-30%,False,1,0.0%,0.0,-3936.0,2,-2698.6,8,0.0%,0.0,-12293.6
30m,1.3%,50pt,+100%,-30%,False,1,0.0%,0.0,-3936.0,2,-2778.4,9,0.0%,0.0,-13703.0
60m,1.3%,30pt,+60%,-30%,False,1,0.0%,0.0,-3936.0,2,-2757.7,9,0.0%,0.0,-13918.4
45m,0.5%,100pt,+60%,-30%,False,1,0.0%,0.0,-3936.0,1,-1717.8,4,0.0%,0.0,-5956.9
60m,0.75%,50pt,+60%,-30%,False,1,0.0%,0.0,-3936.0,2,-2627.4,7,0.0%,0.0,-9274.8
60m,0.75%,50pt,+80%,-30%,False,1,0.0%,0.0,-3936.0,2,-2627.4,7,0.0%,0.0,-9274.8
60m,0.75%,50pt,+100%,-30%,False,1,0.0%,0.0,-3936.0,2,-2627.4,7,0.0%,0.0,-9274.8
15m,0.5%,100pt,+40%,-30%,False,1,0.0%,0.0,-3936.0,2,-3298.6,6,0.0%,0.0,-8804.0
30m,0.5%,100pt,+40%,-30%,False,1,0.0%,0.0,-3936.0,2,-3298.6,5,0.0%,0.0,-7537.8
15m,0.5%,100pt,+60%,-30%,False,1,0.0%,0.0,-3936.0,2,-3298.6,6,0.0%,0.0,-8804.0
30m,0.5%,75pt,+60%,-30%,False,1,0.0%,0.0,-3936.0,2,-3108.1,5,0.0%,0.0,-7093.6
45m,0.5%,75pt,+80%,-30%,False,1,0.0%,0.0,-3936.0,1,-1849.7,4,0.0%,0.0,-5835.2
15m,0.5%,100pt,+80%,-30%,False,1,0.0%,0.0,-3936.0,2,-3298.6,6,0.0%,0.0,-8804.0
15m,0.5%,75pt,+60%,-30%,False,1,0.0%,0.0,-3936.0,2,-3108.1,6,0.0%,0.0,-8159.4
30m,1.0%,30pt,+60%,-30%,False,1,0.0%,0.0,-3936.0,2,-2698.6,8,0.0%,0.0,-12293.6
15m,1.0%,30pt,+100%,-30%,False,1,0.0%,0.0,-3936.0,2,-2698.6,10,0.0%,0.0,-16380.4
30m,0.5%,50pt,+100%,-30%,False,1,0.0%,0.0,-3936.0,2,-2778.4,5,0.0%,0.0,-6982.3
30m,0.5%,75pt,+40%,-30%,False,1,0.0%,0.0,-3936.0,2,-3108.1,5,0.0%,0.0,-7093.6
45m,0.5%,75pt,+40%,-30%,False,1,0.0%,0.0,-3936.0,1,-1849.7,4,0.0%,0.0,-5835.2
60m,0.75%,30pt,+100%,-30%,False,1,0.0%,0.0,-3936.0,2,-2757.7,8,0.0%,0.0,-12056.5
15m,0.5%,75pt,+80%,-30%,False,1,0.0%,0.0,-3936.0,2,-3108.1,6,0.0%,0.0,-8159.4
15m,0.5%,75pt,+100%,-30%,False,1,0.0%,0.0,-3936.0,2,-3108.1,6,0.0%,0.0,-8159.4
15m,1.3%,30pt,+100%,-30%,False,1,0.0%,0.0,-3936.0,2,-2698.6,10,0.0%,0.0,-16380.4
60m,0.75%,30pt,+60%,-30%,False,1,0.0%,0.0,-3936.0,2,-2757.7,8,0.0%,0.0,-12056.5
45m,0.5%,75pt,+60%,-30%,False,1,0.0%,0.0,-3936.0,1,-1849.7,4,0.0%,0.0,-5835.2
60m,1.3%,30pt,+80%,-30%,False,1,0.0%,0.0,-3936.0,2,-2757.7,9,0.0%,0.0,-13918.4
30m,0.5%,75pt,+80%,-30%,False,1,0.0%,0.0,-3936.0,2,-3108.1,5,0.0%,0.0,-7093.6
15m,0.5%,50pt,+60%,-30%,False,1,0.0%,0.0,-3936.0,2,-2778.4,6,0.0%,0.0,-8394.6
45m,0.5%,50pt,+80%,-30%,False,1,0.0%,0.0,-3936.0,1,-1511.5,4,0.0%,0.0,-5715.5
45m,0.5%,50pt,+100%,-30%,False,1,0.0%,0.0,-3936.0,1,-1511.5,4,0.0%,0.0,-5715.5
45m,0.5%,50pt,+60%,-30%,False,1,0.0%,0.0,-3936.0,1,-1511.5,4,0.0%,0.0,-5715.5
30m,0.5%,50pt,+80%,-30%,False,1,0.0%,0.0,-3936.0,2,-2778.4,5,0.0%,0.0,-6982.3
30m,0.5%,50pt,+60%,-30%,False,1,0.0%,0.0,-3936.0,2,-2778.4,5,0.0%,0.0,-6982.3
15m,0.5%,30pt,+60%,-30%,False,1,0.0%,0.0,-3936.0,2,-2698.6,6,0.0%,0.0,-8365.9
15m,0.5%,30pt,+80%,-30%,False,1,0.0%,0.0,-3936.0,2,-2698.6,6,0.0%,0.0,-8365.9
15m,0.5%,30pt,+100%,-30%,False,1,0.0%,0.0,-3936.0,2,-2698.6,6,0.0%,0.0,-8365.9
30m,1.3%,150pt,+80%,-20%,False,2,0.0%,0.0,-3990.0,4,-5238.6,7,0.0%,0.0,-8332.4
30m,1.3%,150pt,+60%,-20%,False,2,0.0%,0.0,-3990.0,4,-5238.6,7,0.0%,0.0,-8332.4
30m,1.3%,150pt,+40%,-20%,False,2,0.0%,0.0,-3990.0,4,-5238.6,7,0.0%,0.0,-8332.4
30m,1.3%,150pt,+100%,-20%,False,2,0.0%,0.0,-3990.0,4,-5238.6,7,0.0%,0.0,-8332.4
45m,1.0%,150pt,+80%,-35%,False,1,0.0%,0.0,-4024.5,1,-1656.8,3,0.0%,0.0,-5306.7
60m,1.3%,150pt,+60%,-35%,False,1,0.0%,0.0,-4024.5,1,-1656.8,4,0.0%,0.0,-6831.7
30m,1.0%,150pt,+60%,-35%,False,1,0.0%,0.0,-4024.5,2,-2907.4,4,0.0%,0.0,-6557.4
30m,1.0%,150pt,+40%,-35%,False,1,0.0%,0.0,-4024.5,2,-2907.4,4,0.0%,0.0,-6557.4
30m,1.3%,150pt,+80%,-35%,False,1,0.0%,0.0,-4024.5,2,-2907.4,5,0.0%,0.0,-8419.2
30m,1.3%,150pt,+60%,-35%,False,1,0.0%,0.0,-4024.5,2,-2907.4,5,0.0%,0.0,-8419.2
45m,1.0%,150pt,+100%,-35%,False,1,0.0%,0.0,-4024.5,1,-1656.8,3,0.0%,0.0,-5306.7
30m,1.0%,150pt,+80%,-35%,False,1,0.0%,0.0,-4024.5,2,-2907.4,4,0.0%,0.0,-6557.4
45m,0.75%,150pt,+60%,-35%,False,1,0.0%,0.0,-4024.5,1,-1656.8,3,0.0%,0.0,-5306.7
45m,0.75%,150pt,+80%,-35%,False,1,0.0%,0.0,-4024.5,1,-1656.8,3,0.0%,0.0,-5306.7
30m,1.0%,150pt,+100%,-35%,False,1,0.0%,0.0,-4024.5,2,-2907.4,4,0.0%,0.0,-6557.4
45m,0.75%,150pt,+40%,-35%,False,1,0.0%,0.0,-4024.5,1,-1656.8,3,0.0%,0.0,-5306.7
45m,1.3%,150pt,+60%,-35%,False,1,0.0%,0.0,-4024.5,1,-1656.8,4,0.0%,0.0,-7353.0
45m,1.3%,150pt,+80%,-35%,False,1,0.0%,0.0,-4024.5,1,-1656.8,4,0.0%,0.0,-7353.0
45m,1.3%,150pt,+100%,-35%,False,1,0.0%,0.0,-4024.5,1,-1656.8,4,0.0%,0.0,-7353.0
30m,0.75%,150pt,+80%,-35%,False,1,0.0%,0.0,-4024.5,2,-2907.4,4,0.0%,0.0,-6557.4
30m,0.75%,150pt,+100%,-35%,False,1,0.0%,0.0,-4024.5,2,-2907.4,4,0.0%,0.0,-6557.4
30m,0.75%,150pt,+40%,-35%,False,1,0.0%,0.0,-4024.5,2,-2907.4,4,0.0%,0.0,-6557.4
45m,0.75%,150pt,+100%,-35%,False,1,0.0%,0.0,-4024.5,1,-1656.8,3,0.0%,0.0,-5306.7
45m,1.3%,150pt,+40%,-35%,False,1,0.0%,0.0,-4024.5,1,-1656.8,4,0.0%,0.0,-7353.0
60m,0.75%,150pt,+40%,-35%,False,1,0.0%,0.0,-4024.5,1,-1656.8,3,0.0%,0.0,-5306.7
30m,0.75%,150pt,+60%,-35%,False,1,0.0%,0.0,-4024.5,2,-2907.4,4,0.0%,0.0,-6557.4
60m,0.75%,150pt,+100%,-35%,False,1,0.0%,0.0,-4024.5,1,-1656.8,3,0.0%,0.0,-5306.7
60m,0.75%,150pt,+60%,-35%,False,1,0.0%,0.0,-4024.5,1,-1656.8,3,0.0%,0.0,-5306.7
60m,1.0%,150pt,+40%,-35%,False,1,0.0%,0.0,-4024.5,1,-1656.8,3,0.0%,0.0,-5306.7
60m,1.0%,150pt,+60%,-35%,False,1,0.0%,0.0,-4024.5,1,-1656.8,3,0.0%,0.0,-5306.7
60m,1.0%,150pt,+80%,-35%,False,1,0.0%,0.0,-4024.5,1,-1656.8,3,0.0%,0.0,-5306.7
60m,0.75%,150pt,+80%,-35%,False,1,0.0%,0.0,-4024.5,1,-1656.8,3,0.0%,0.0,-5306.7
60m,1.0%,150pt,+100%,-35%,False,1,0.0%,0.0,-4024.5,1,-1656.8,3,0.0%,0.0,-5306.7
30m,1.3%,150pt,+40%,-35%,False,1,0.0%,0.0,-4024.5,2,-2907.4,5,0.0%,0.0,-8419.2
60m,1.3%,150pt,+100%,-35%,False,1,0.0%,0.0,-4024.5,1,-1656.8,4,0.0%,0.0,-6831.7
60m,1.3%,150pt,+80%,-35%,False,1,0.0%,0.0,-4024.5,1,-1656.8,4,0.0%,0.0,-6831.7
45m,1.0%,150pt,+40%,-35%,False,1,0.0%,0.0,-4024.5,1,-1656.8,3,0.0%,0.0,-5306.7
45m,1.0%,150pt,+60%,-35%,False,1,0.0%,0.0,-4024.5,1,-1656.8,3,0.0%,0.0,-5306.7
60m,1.3%,150pt,+40%,-35%,False,1,0.0%,0.0,-4024.5,1,-1656.8,4,0.0%,0.0,-6831.7
30m,1.3%,150pt,+100%,-35%,False,1,0.0%,0.0,-4024.5,2,-2907.4,5,0.0%,0.0,-8419.2
30m,0.5%,100pt,+60%,-30%,True,2,0.0%,0.0,-4090.5,4,-2924.1,9,33.3%,0.34,-5327.8
30m,0.5%,100pt,+80%,-35%,True,2,0.0%,0.0,-4090.5,4,-3315.2,9,33.3%,0.32,-5897.9
30m,0.5%,100pt,+100%,-25%,True,2,0.0%,0.0,-4090.5,4,-2275.3,9,33.3%,0.39,-4270.8
30m,0.5%,100pt,+100%,-20%,True,2,0.0%,0.0,-4090.5,4,-2039.0,9,33.3%,0.44,-3532.3
30m,0.5%,100pt,+60%,-35%,True,2,0.0%,0.0,-4090.5,4,-3315.2,9,33.3%,0.32,-5897.9
30m,0.5%,100pt,+80%,-20%,True,2,0.0%,0.0,-4090.5,4,-2039.0,9,33.3%,0.44,-3532.3
30m,0.5%,100pt,+80%,-25%,True,2,0.0%,0.0,-4090.5,4,-2275.3,9,33.3%,0.39,-4270.8
30m,0.5%,100pt,+80%,-30%,True,2,0.0%,0.0,-4090.5,4,-2924.1,9,33.3%,0.34,-5327.8
30m,0.5%,100pt,+100%,-35%,True,2,0.0%,0.0,-4090.5,4,-3315.2,9,33.3%,0.32,-5897.9
30m,0.5%,100pt,+60%,-25%,True,2,0.0%,0.0,-4090.5,4,-2275.3,9,33.3%,0.39,-4270.8
30m,0.5%,100pt,+60%,-20%,True,2,0.0%,0.0,-4090.5,4,-2039.0,9,33.3%,0.44,-3532.3
30m,0.5%,100pt,+40%,-35%,True,2,0.0%,0.0,-4090.5,4,-3315.2,9,33.3%,0.32,-5897.9
30m,0.5%,100pt,+40%,-20%,True,2,0.0%,0.0,-4090.5,4,-2039.0,9,33.3%,0.44,-3532.3
30m,0.5%,100pt,+40%,-25%,True,2,0.0%,0.0,-4090.5,4,-2275.3,9,33.3%,0.39,-4270.8
30m,0.5%,100pt,+40%,-30%,True,2,0.0%,0.0,-4090.5,4,-2924.1,9,33.3%,0.34,-5327.8
30m,0.5%,100pt,+100%,-30%,True,2,0.0%,0.0,-4090.5,4,-2924.1,9,33.3%,0.34,-5327.8
15m,0.5%,100pt,+80%,-35%,True,2,0.0%,0.0,-4090.5,4,-3315.2,10,20.0%,0.21,-7903.5
15m,0.5%,100pt,+100%,-20%,True,2,0.0%,0.0,-4090.5,4,-2039.0,10,20.0%,0.26,-5715.8
15m,0.5%,100pt,+100%,-25%,True,2,0.0%,0.0,-4090.5,4,-2275.3,10,20.0%,0.25,-6276.4
15m,0.5%,100pt,+100%,-30%,True,2,0.0%,0.0,-4090.5,4,-2924.1,10,20.0%,0.22,-7333.4
15m,0.5%,100pt,+40%,-20%,True,2,0.0%,0.0,-4090.5,4,-2039.0,10,20.0%,0.26,-5715.8
15m,0.5%,100pt,+60%,-30%,True,2,0.0%,0.0,-4090.5,4,-2924.1,10,20.0%,0.22,-7333.4
15m,0.5%,100pt,+60%,-35%,True,2,0.0%,0.0,-4090.5,4,-3315.2,10,20.0%,0.21,-7903.5
15m,0.5%,100pt,+80%,-20%,True,2,0.0%,0.0,-4090.5,4,-2039.0,10,20.0%,0.26,-5715.8
15m,0.5%,100pt,+60%,-25%,True,2,0.0%,0.0,-4090.5,4,-2275.3,10,20.0%,0.25,-6276.4
45m,0.5%,100pt,+100%,-35%,True,2,0.0%,0.0,-4090.5,3,-1689.4,8,37.5%,0.39,-4272.2
45m,0.5%,100pt,+100%,-25%,True,2,0.0%,0.0,-4090.5,3,-1049.0,8,37.5%,0.47,-3044.4
45m,0.5%,100pt,+100%,-30%,True,2,0.0%,0.0,-4090.5,3,-1343.3,8,37.5%,0.42,-3747.0
45m,0.5%,100pt,+80%,-35%,True,2,0.0%,0.0,-4090.5,3,-1689.4,8,37.5%,0.39,-4272.2
45m,0.5%,100pt,+80%,-30%,True,2,0.0%,0.0,-4090.5,3,-1343.3,8,37.5%,0.42,-3747.0
45m,0.5%,100pt,+80%,-25%,True,2,0.0%,0.0,-4090.5,3,-1049.0,8,37.5%,0.47,-3044.4
45m,0.5%,100pt,+100%,-20%,True,2,0.0%,0.0,-4090.5,3,-812.7,8,37.5%,0.54,-2305.9
45m,0.5%,100pt,+40%,-30%,True,2,0.0%,0.0,-4090.5,3,-1343.3,8,37.5%,0.42,-3747.0
45m,0.5%,100pt,+40%,-35%,True,2,0.0%,0.0,-4090.5,3,-1689.4,8,37.5%,0.39,-4272.2
45m,0.5%,100pt,+40%,-20%,True,2,0.0%,0.0,-4090.5,3,-812.7,8,37.5%,0.54,-2305.9
45m,0.5%,100pt,+40%,-25%,True,2,0.0%,0.0,-4090.5,3,-1049.0,8,37.5%,0.47,-3044.4
15m,0.5%,100pt,+100%,-35%,True,2,0.0%,0.0,-4090.5,4,-3315.2,10,20.0%,0.21,-7903.5
15m,0.5%,100pt,+40%,-25%,True,2,0.0%,0.0,-4090.5,4,-2275.3,10,20.0%,0.25,-6276.4
15m,0.5%,100pt,+40%,-30%,True,2,0.0%,0.0,-4090.5,4,-2924.1,10,20.0%,0.22,-7333.4
15m,0.5%,100pt,+40%,-35%,True,2,0.0%,0.0,-4090.5,4,-3315.2,10,20.0%,0.21,-7903.5
15m,0.5%,100pt,+60%,-20%,True,2,0.0%,0.0,-4090.5,4,-2039.0,10,20.0%,0.26,-5715.8
45m,0.5%,100pt,+60%,-30%,True,2,0.0%,0.0,-4090.5,3,-1343.3,8,37.5%,0.42,-3747.0
45m,0.5%,100pt,+60%,-25%,True,2,0.0%,0.0,-4090.5,3,-1049.0,8,37.5%,0.47,-3044.4
45m,0.5%,100pt,+80%,-20%,True,2,0.0%,0.0,-4090.5,3,-812.7,8,37.5%,0.54,-2305.9
15m,0.5%,100pt,+80%,-30%,True,2,0.0%,0.0,-4090.5,4,-2924.1,10,20.0%,0.22,-7333.4
15m,0.5%,100pt,+80%,-25%,True,2,0.0%,0.0,-4090.5,4,-2275.3,10,20.0%,0.25,-6276.4
45m,0.5%,100pt,+60%,-35%,True,2,0.0%,0.0,-4090.5,3,-1689.4,8,37.5%,0.39,-4272.2
45m,0.5%,100pt,+60%,-20%,True,2,0.0%,0.0,-4090.5,3,-812.7,8,37.5%,0.54,-2305.9
45m,0.75%,30pt,+80%,-35%,True,4,0.0%,0.0,-4387.5,5,-3783.3,17,35.3%,0.36,-7878.6
45m,0.75%,30pt,+100%,-20%,True,4,0.0%,0.0,-4387.5,5,-3658.1,17,35.3%,0.39,-6938.1
45m,0.75%,30pt,+100%,-25%,True,4,0.0%,0.0,-4387.5,5,-3972.5,17,35.3%,0.35,-7989.5
45m,0.75%,30pt,+100%,-30%,True,4,0.0%,0.0,-4387.5,5,-3543.9,17,35.3%,0.36,-7934.6
45m,0.75%,30pt,+80%,-20%,True,4,0.0%,0.0,-4387.5,5,-3658.1,17,35.3%,0.39,-6938.1
45m,0.75%,30pt,+60%,-35%,True,4,0.0%,0.0,-4387.5,5,-3783.3,17,35.3%,0.36,-7878.6
45m,1.0%,30pt,+100%,-30%,True,4,0.0%,0.0,-4387.5,5,-3543.9,18,33.3%,0.35,-8165.8
45m,1.0%,30pt,+100%,-25%,True,4,0.0%,0.0,-4387.5,5,-3972.5,18,33.3%,0.35,-8220.7
45m,1.0%,30pt,+60%,-35%,True,4,0.0%,0.0,-4387.5,5,-3783.3,18,33.3%,0.35,-8109.8
45m,1.0%,30pt,+80%,-20%,True,4,0.0%,0.0,-4387.5,5,-3658.1,18,33.3%,0.38,-7169.3
45m,1.0%,30pt,+80%,-25%,True,4,0.0%,0.0,-4387.5,5,-3972.5,18,33.3%,0.35,-8220.7
45m,1.0%,30pt,+80%,-30%,True,4,0.0%,0.0,-4387.5,5,-3543.9,18,33.3%,0.35,-8165.8
45m,1.0%,30pt,+80%,-35%,True,4,0.0%,0.0,-4387.5,5,-3783.3,18,33.3%,0.35,-8109.8
45m,1.0%,30pt,+100%,-20%,True,4,0.0%,0.0,-4387.5,5,-3658.1,18,33.3%,0.38,-7169.3
45m,1.3%,30pt,+60%,-25%,True,4,0.0%,0.0,-4387.5,6,-6156.5,20,35.0%,0.32,-10068.5
45m,1.3%,30pt,+60%,-20%,True,4,0.0%,0.0,-4387.5,6,-5463.7,20,35.0%,0.35,-8638.7
45m,1.3%,30pt,+100%,-35%,True,4,0.0%,0.0,-4387.5,5,-3783.3,19,36.8%,0.38,-7773.6
45m,1.3%,30pt,+60%,-30%,True,4,0.0%,0.0,-4387.5,6,-6247.9,20,35.0%,0.31,-10533.7
45m,0.75%,30pt,+60%,-25%,True,4,0.0%,0.0,-4387.5,5,-3972.5,17,35.3%,0.35,-7989.5
45m,0.75%,30pt,+60%,-30%,True,4,0.0%,0.0,-4387.5,5,-3543.9,17,35.3%,0.36,-7934.6
45m,1.3%,30pt,+80%,-30%,True,4,0.0%,0.0,-4387.5,6,-6247.9,20,35.0%,0.31,-10533.7
45m,1.3%,30pt,+100%,-25%,True,4,0.0%,0.0,-4387.5,6,-6156.5,20,35.0%,0.32,-10068.5
45m,1.3%,30pt,+100%,-20%,True,4,0.0%,0.0,-4387.5,6,-5463.7,20,35.0%,0.35,-8638.7
45m,1.3%,30pt,+80%,-35%,True,4,0.0%,0.0,-4387.5,5,-3783.3,19,36.8%,0.38,-7773.6
45m,1.3%,30pt,+60%,-35%,True,4,0.0%,0.0,-4387.5,5,-3783.3,19,36.8%,0.38,-7773.6
45m,1.3%,30pt,+80%,-20%,True,4,0.0%,0.0,-4387.5,6,-5463.7,20,35.0%,0.35,-8638.7
45m,1.3%,30pt,+80%,-25%,True,4,0.0%,0.0,-4387.5,6,-6156.5,20,35.0%,0.32,-10068.5
45m,1.3%,30pt,+100%,-30%,True,4,0.0%,0.0,-4387.5,6,-6247.9,20,35.0%,0.31,-10533.7
45m,1.0%,30pt,+100%,-35%,True,4,0.0%,0.0,-4387.5,5,-3783.3,18,33.3%,0.35,-8109.8
45m,1.0%,30pt,+60%,-30%,True,4,0.0%,0.0,-4387.5,5,-3543.9,18,33.3%,0.35,-8165.8
45m,1.0%,30pt,+60%,-25%,True,4,0.0%,0.0,-4387.5,5,-3972.5,18,33.3%,0.35,-8220.7
45m,1.0%,30pt,+60%,-20%,True,4,0.0%,0.0,-4387.5,5,-3658.1,18,33.3%,0.38,-7169.3
45m,0.75%,30pt,+60%,-20%,True,4,0.0%,0.0,-4387.5,5,-3658.1,17,35.3%,0.39,-6938.1
45m,0.75%,30pt,+100%,-35%,True,4,0.0%,0.0,-4387.5,5,-3783.3,17,35.3%,0.36,-7878.6
45m,0.75%,30pt,+80%,-25%,True,4,0.0%,0.0,-4387.5,5,-3972.5,17,35.3%,0.35,-7989.5
45m,0.75%,30pt,+80%,-30%,True,4,0.0%,0.0,-4387.5,5,-3543.9,17,35.3%,0.36,-7934.6
15m,0.75%,75pt,+80%,-30%,True,3,0.0%,0.0,-4473.0,5,-2336.8,18,27.8%,0.24,-7765.3
15m,0.75%,75pt,+80%,-35%,True,3,0.0%,0.0,-4473.0,5,-2674.5,18,27.8%,0.22,-8880.7
15m,1.0%,75pt,+80%,-35%,True,3,0.0%,0.0,-4473.0,6,-5721.6,20,30.0%,0.19,-11634.0
15m,0.75%,75pt,+100%,-20%,True,3,0.0%,0.0,-4473.0,5,-1305.4,18,27.8%,0.28,-6422.6
15m,0.75%,75pt,+80%,-25%,True,3,0.0%,0.0,-4473.0,5,-1783.2,18,27.8%,0.26,-7166.5
15m,1.0%,75pt,+60%,-35%,True,3,0.0%,0.0,-4473.0,6,-5721.6,20,30.0%,0.19,-11634.0
15m,1.3%,75pt,+60%,-20%,True,3,0.0%,0.0,-4473.0,6,-3220.8,20,30.0%,0.26,-8044.3
15m,0.75%,75pt,+60%,-20%,True,3,0.0%,0.0,-4473.0,5,-1305.4,18,27.8%,0.28,-6422.6
15m,1.0%,75pt,+60%,-20%,True,3,0.0%,0.0,-4473.0,6,-3220.8,20,30.0%,0.26,-8044.3
15m,0.75%,75pt,+60%,-25%,True,3,0.0%,0.0,-4473.0,5,-1783.2,18,27.8%,0.26,-7166.5
15m,0.75%,75pt,+40%,-30%,True,3,0.0%,0.0,-4473.0,5,-2336.8,18,27.8%,0.24,-7765.3
15m,0.75%,75pt,+40%,-35%,True,3,0.0%,0.0,-4473.0,5,-2674.5,18,27.8%,0.22,-8880.7
15m,1.3%,75pt,+60%,-30%,True,3,0.0%,0.0,-4473.0,6,-4937.4,20,30.0%,0.22,-10072.1
15m,1.3%,75pt,+60%,-35%,True,3,0.0%,0.0,-4473.0,6,-5721.6,20,30.0%,0.19,-11634.0
15m,1.3%,75pt,+80%,-20%,True,3,0.0%,0.0,-4473.0,6,-3220.8,20,30.0%,0.26,-8044.3
15m,1.3%,75pt,+80%,-35%,True,3,0.0%,0.0,-4473.0,6,-5721.6,20,30.0%,0.19,-11634.0
15m,0.75%,75pt,+40%,-25%,True,3,0.0%,0.0,-4473.0,5,-1783.2,18,27.8%,0.26,-7166.5
15m,1.3%,75pt,+80%,-25%,True,3,0.0%,0.0,-4473.0,6,-4077.0,20,30.0%,0.23,-9166.5
15m,1.3%,75pt,+80%,-30%,True,3,0.0%,0.0,-4473.0,6,-4937.4,20,30.0%,0.22,-10072.1
15m,1.0%,75pt,+60%,-25%,True,3,0.0%,0.0,-4473.0,6,-4077.0,20,30.0%,0.23,-9166.5
15m,1.3%,75pt,+100%,-20%,True,3,0.0%,0.0,-4473.0,6,-3220.8,20,30.0%,0.26,-8044.3
15m,1.0%,75pt,+100%,-20%,True,3,0.0%,0.0,-4473.0,6,-3220.8,20,30.0%,0.26,-8044.3
15m,1.0%,75pt,+100%,-25%,True,3,0.0%,0.0,-4473.0,6,-4077.0,20,30.0%,0.23,-9166.5
15m,1.0%,75pt,+100%,-30%,True,3,0.0%,0.0,-4473.0,6,-4937.4,20,30.0%,0.22,-10072.1
15m,1.3%,75pt,+100%,-30%,True,3,0.0%,0.0,-4473.0,6,-4937.4,20,30.0%,0.22,-10072.1
15m,1.3%,75pt,+100%,-25%,True,3,0.0%,0.0,-4473.0,6,-4077.0,20,30.0%,0.23,-9166.5
15m,1.0%,75pt,+60%,-30%,True,3,0.0%,0.0,-4473.0,6,-4937.4,20,30.0%,0.22,-10072.1
15m,1.3%,75pt,+100%,-35%,True,3,0.0%,0.0,-4473.0,6,-5721.6,20,30.0%,0.19,-11634.0
15m,0.75%,75pt,+40%,-20%,True,3,0.0%,0.0,-4473.0,5,-1305.4,18,27.8%,0.28,-6422.6
15m,1.0%,75pt,+80%,-20%,True,3,0.0%,0.0,-4473.0,6,-3220.8,20,30.0%,0.26,-8044.3
15m,1.0%,75pt,+80%,-30%,True,3,0.0%,0.0,-4473.0,6,-4937.4,20,30.0%,0.22,-10072.1
15m,0.75%,75pt,+100%,-25%,True,3,0.0%,0.0,-4473.0,5,-1783.2,18,27.8%,0.26,-7166.5
15m,0.75%,75pt,+100%,-35%,True,3,0.0%,0.0,-4473.0,5,-2674.5,18,27.8%,0.22,-8880.7
15m,0.75%,75pt,+100%,-30%,True,3,0.0%,0.0,-4473.0,5,-2336.8,18,27.8%,0.24,-7765.3
15m,1.0%,75pt,+80%,-25%,True,3,0.0%,0.0,-4473.0,6,-4077.0,20,30.0%,0.23,-9166.5
15m,0.75%,75pt,+80%,-20%,True,3,0.0%,0.0,-4473.0,5,-1305.4,18,27.8%,0.28,-6422.6
15m,0.75%,75pt,+60%,-35%,True,3,0.0%,0.0,-4473.0,5,-2674.5,18,27.8%,0.22,-8880.7
15m,0.75%,75pt,+60%,-30%,True,3,0.0%,0.0,-4473.0,5,-2336.8,18,27.8%,0.24,-7765.3
15m,1.0%,75pt,+100%,-35%,True,3,0.0%,0.0,-4473.0,6,-5721.6,20,30.0%,0.19,-11634.0
15m,1.3%,75pt,+60%,-25%,True,3,0.0%,0.0,-4473.0,6,-4077.0,20,30.0%,0.23,-9166.5
15m,0.75%,75pt,+100%,-20%,False,2,0.0%,0.0,-4528.5,2,-2076.7,9,0.0%,0.0,-10762.7
15m,1.0%,75pt,+100%,-20%,False,2,0.0%,0.0,-4528.5,3,-3992.1,11,0.0%,0.0,-13820.0
15m,1.3%,75pt,+100%,-20%,False,2,0.0%,0.0,-4528.5,3,-3992.1,11,0.0%,0.0,-13820.0
15m,1.3%,75pt,+80%,-20%,False,2,0.0%,0.0,-4528.5,3,-3992.1,11,0.0%,0.0,-13820.0
15m,1.0%,75pt,+80%,-20%,False,2,0.0%,0.0,-4528.5,3,-3992.1,11,0.0%,0.0,-13820.0
15m,0.75%,75pt,+40%,-20%,False,2,0.0%,0.0,-4528.5,2,-2076.7,9,0.0%,0.0,-10762.7
15m,0.75%,75pt,+60%,-20%,False,2,0.0%,0.0,-4528.5,2,-2076.7,9,0.0%,0.0,-10762.7
15m,0.75%,75pt,+80%,-20%,False,2,0.0%,0.0,-4528.5,2,-2076.7,9,0.0%,0.0,-10762.7
15m,1.3%,75pt,+60%,-20%,False,2,0.0%,0.0,-4528.5,3,-3992.1,11,0.0%,0.0,-13820.0
15m,1.0%,75pt,+60%,-20%,False,2,0.0%,0.0,-4528.5,3,-3992.1,11,0.0%,0.0,-13820.0
15m,1.0%,100pt,+80%,-20%,False,2,0.0%,0.0,-4543.5,3,-4328.9,9,0.0%,0.0,-10730.9
15m,0.75%,100pt,+80%,-20%,False,2,0.0%,0.0,-4543.5,2,-2413.5,7,0.0%,0.0,-7561.3
15m,0.75%,100pt,+60%,-20%,False,2,0.0%,0.0,-4543.5,2,-2413.5,7,0.0%,0.0,-7561.3
15m,1.0%,100pt,+100%,-20%,False,2,0.0%,0.0,-4543.5,3,-4328.9,9,0.0%,0.0,-10730.9
15m,1.3%,100pt,+60%,-20%,False,2,0.0%,0.0,-4543.5,3,-4328.9,9,0.0%,0.0,-10730.9
15m,0.75%,100pt,+100%,-20%,False,2,0.0%,0.0,-4543.5,2,-2413.5,7,0.0%,0.0,-7561.3
15m,0.75%,100pt,+40%,-20%,False,2,0.0%,0.0,-4543.5,2,-2413.5,7,0.0%,0.0,-7561.3
15m,1.0%,100pt,+60%,-20%,False,2,0.0%,0.0,-4543.5,3,-4328.9,9,0.0%,0.0,-10730.9
15m,1.3%,100pt,+80%,-20%,False,2,0.0%,0.0,-4543.5,3,-4328.9,9,0.0%,0.0,-10730.9
15m,1.3%,100pt,+100%,-20%,False,2,0.0%,0.0,-4543.5,3,-4328.9,9,0.0%,0.0,-10730.9
15m,1.3%,50pt,+100%,-20%,False,2,0.0%,0.0,-4614.0,3,-3840.7,12,0.0%,0.0,-14902.8
15m,1.0%,50pt,+100%,-20%,False,2,0.0%,0.0,-4614.0,3,-3840.7,12,0.0%,0.0,-14902.8
15m,0.75%,50pt,+100%,-20%,False,2,0.0%,0.0,-4614.0,2,-2101.2,10,0.0%,0.0,-12021.3
15m,0.75%,50pt,+60%,-20%,False,2,0.0%,0.0,-4614.0,2,-2101.2,10,0.0%,0.0,-12021.3
15m,0.75%,50pt,+80%,-20%,False,2,0.0%,0.0,-4614.0,2,-2101.2,10,0.0%,0.0,-12021.3
45m,1.3%,150pt,+40%,-25%,False,2,0.0%,0.0,-4746.0,2,-3503.7,5,0.0%,0.0,-7408.8
45m,1.3%,150pt,+80%,-25%,False,2,0.0%,0.0,-4746.0,2,-3503.7,5,0.0%,0.0,-7408.8
45m,1.3%,150pt,+60%,-25%,False,2,0.0%,0.0,-4746.0,2,-3503.7,5,0.0%,0.0,-7408.8
45m,1.3%,150pt,+100%,-25%,False,2,0.0%,0.0,-4746.0,2,-3503.7,5,0.0%,0.0,-7408.8
30m,0.75%,30pt,+100%,-35%,False,1,0.0%,0.0,-4761.0,2,-3085.5,7,0.0%,0.0,-11312.8
45m,1.0%,75pt,+80%,-35%,False,1,0.0%,0.0,-4761.0,2,-3107.6,7,0.0%,0.0,-10764.9
15m,1.0%,75pt,+80%,-35%,False,1,0.0%,0.0,-4761.0,3,-6492.9,10,0.0%,0.0,-18823.2
45m,1.0%,75pt,+60%,-35%,False,1,0.0%,0.0,-4761.0,2,-3107.6,7,0.0%,0.0,-10764.9
15m,1.3%,100pt,+80%,-35%,False,1,0.0%,0.0,-4761.0,3,-6736.8,9,0.0%,0.0,-16406.6
30m,1.3%,30pt,+60%,-35%,False,1,0.0%,0.0,-4761.0,2,-3085.5,8,0.0%,0.0,-13544.7
15m,0.75%,75pt,+100%,-35%,False,1,0.0%,0.0,-4761.0,2,-3445.8,8,0.0%,0.0,-13803.9
60m,1.3%,50pt,+60%,-35%,False,1,0.0%,0.0,-4761.0,2,-2946.7,8,0.0%,0.0,-12473.6
45m,0.75%,30pt,+80%,-35%,False,1,0.0%,0.0,-4761.0,2,-3258.8,7,0.0%,0.0,-11486.0
30m,0.75%,75pt,+60%,-35%,False,1,0.0%,0.0,-4761.0,2,-3445.8,7,0.0%,0.0,-11103.0
45m,0.75%,30pt,+100%,-35%,False,1,0.0%,0.0,-4761.0,2,-3258.8,7,0.0%,0.0,-11486.0
45m,0.75%,50pt,+60%,-35%,False,1,0.0%,0.0,-4761.0,2,-3340.3,7,0.0%,0.0,-10554.4
45m,0.75%,50pt,+80%,-35%,False,1,0.0%,0.0,-4761.0,2,-3340.3,7,0.0%,0.0,-10554.4
30m,0.75%,75pt,+80%,-35%,False,1,0.0%,0.0,-4761.0,2,-3445.8,7,0.0%,0.0,-11103.0
60m,1.0%,30pt,+60%,-35%,False,1,0.0%,0.0,-4761.0,2,-3264.8,8,0.0%,0.0,-14132.7
45m,1.0%,50pt,+60%,-35%,False,1,0.0%,0.0,-4761.0,2,-3340.3,7,0.0%,0.0,-10554.4
15m,0.5%,75pt,+40%,-35%,False,1,0.0%,0.0,-4761.0,2,-3445.8,6,0.0%,0.0,-9640.3
30m,0.75%,75pt,+100%,-35%,False,1,0.0%,0.0,-4761.0,2,-3445.8,7,0.0%,0.0,-11103.0
60m,0.75%,75pt,+100%,-35%,False,1,0.0%,0.0,-4761.0,2,-3099.3,7,0.0%,0.0,-10920.2
60m,0.75%,75pt,+80%,-35%,False,1,0.0%,0.0,-4761.0,2,-3099.3,7,0.0%,0.0,-10920.2
60m,0.75%,75pt,+60%,-35%,False,1,0.0%,0.0,-4761.0,2,-3099.3,7,0.0%,0.0,-10920.2
45m,0.75%,75pt,+40%,-35%,False,1,0.0%,0.0,-4761.0,2,-3107.6,7,0.0%,0.0,-10764.9
45m,0.75%,50pt,+100%,-35%,False,1,0.0%,0.0,-4761.0,2,-3340.3,7,0.0%,0.0,-10554.4
15m,0.5%,75pt,+60%,-35%,False,1,0.0%,0.0,-4761.0,2,-3445.8,6,0.0%,0.0,-9640.3
60m,0.75%,75pt,+40%,-35%,False,1,0.0%,0.0,-4761.0,2,-3099.3,7,0.0%,0.0,-10920.2
60m,0.75%,50pt,+60%,-35%,False,1,0.0%,0.0,-4761.0,2,-2946.7,7,0.0%,0.0,-10434.4
60m,0.75%,50pt,+80%,-35%,False,1,0.0%,0.0,-4761.0,2,-2946.7,7,0.0%,0.0,-10434.4
60m,0.75%,50pt,+100%,-35%,False,1,0.0%,0.0,-4761.0,2,-2946.7,7,0.0%,0.0,-10434.4
30m,0.75%,75pt,+40%,-35%,False,1,0.0%,0.0,-4761.0,2,-3445.8,7,0.0%,0.0,-11103.0
45m,0.75%,30pt,+60%,-35%,False,1,0.0%,0.0,-4761.0,2,-3258.8,7,0.0%,0.0,-11486.0
60m,1.0%,30pt,+80%,-35%,False,1,0.0%,0.0,-4761.0,2,-3264.8,8,0.0%,0.0,-14132.7
30m,0.75%,50pt,+100%,-35%,False,1,0.0%,0.0,-4761.0,2,-3166.3,7,0.0%,0.0,-10380.5
15m,0.5%,75pt,+100%,-35%,False,1,0.0%,0.0,-4761.0,2,-3445.8,6,0.0%,0.0,-9640.3
30m,1.3%,30pt,+80%,-35%,False,1,0.0%,0.0,-4761.0,2,-3085.5,8,0.0%,0.0,-13544.7
45m,0.5%,100pt,+100%,-35%,False,1,0.0%,0.0,-4761.0,1,-2063.9,4,0.0%,0.0,-6653.0
45m,0.5%,100pt,+80%,-35%,False,1,0.0%,0.0,-4761.0,1,-2063.9,4,0.0%,0.0,-6653.0
30m,0.75%,50pt,+60%,-35%,False,1,0.0%,0.0,-4761.0,2,-3166.3,7,0.0%,0.0,-10380.5
30m,0.75%,50pt,+80%,-35%,False,1,0.0%,0.0,-4761.0,2,-3166.3,7,0.0%,0.0,-10380.5
60m,1.0%,30pt,+100%,-35%,False,1,0.0%,0.0,-4761.0,2,-3264.8,8,0.0%,0.0,-14132.7
15m,0.75%,100pt,+100%,-35%,False,1,0.0%,0.0,-4761.0,2,-3689.7,7,0.0%,0.0,-11240.2
60m,0.75%,30pt,+100%,-35%,False,1,0.0%,0.0,-4761.0,2,-3264.8,8,0.0%,0.0,-14132.7
30m,1.3%,30pt,+100%,-35%,False,1,0.0%,0.0,-4761.0,2,-3085.5,8,0.0%,0.0,-13544.7
15m,0.5%,100pt,+60%,-35%,False,1,0.0%,0.0,-4761.0,2,-3689.7,6,0.0%,0.0,-9825.4
15m,0.5%,75pt,+80%,-35%,False,1,0.0%,0.0,-4761.0,2,-3445.8,6,0.0%,0.0,-9640.3
60m,0.75%,30pt,+60%,-35%,False,1,0.0%,0.0,-4761.0,2,-3264.8,8,0.0%,0.0,-14132.7
15m,1.3%,30pt,+100%,-35%,False,1,0.0%,0.0,-4761.0,2,-3085.5,9,0.0%,0.0,-15711.5
60m,0.75%,30pt,+80%,-35%,False,1,0.0%,0.0,-4761.0,2,-3264.8,8,0.0%,0.0,-14132.7
15m,0.75%,100pt,+80%,-35%,False,1,0.0%,0.0,-4761.0,2,-3689.7,7,0.0%,0.0,-11240.2
45m,0.75%,75pt,+80%,-35%,False,1,0.0%,0.0,-4761.0,2,-3107.6,7,0.0%,0.0,-10764.9
45m,0.75%,75pt,+100%,-35%,False,1,0.0%,0.0,-4761.0,2,-3107.6,7,0.0%,0.0,-10764.9
30m,1.0%,30pt,+60%,-35%,False,1,0.0%,0.0,-4761.0,2,-3085.5,7,0.0%,0.0,-11312.8
30m,1.0%,50pt,+60%,-35%,False,1,0.0%,0.0,-4761.0,2,-3166.3,7,0.0%,0.0,-10380.5
30m,1.0%,30pt,+80%,-35%,False,1,0.0%,0.0,-4761.0,2,-3085.5,7,0.0%,0.0,-11312.8
30m,1.0%,30pt,+100%,-35%,False,1,0.0%,0.0,-4761.0,2,-3085.5,7,0.0%,0.0,-11312.8
15m,0.5%,100pt,+80%,-35%,False,1,0.0%,0.0,-4761.0,2,-3689.7,6,0.0%,0.0,-9825.4
15m,0.75%,30pt,+100%,-35%,False,1,0.0%,0.0,-4761.0,2,-3085.5,8,0.0%,0.0,-13408.2
60m,1.3%,50pt,+100%,-35%,False,1,0.0%,0.0,-4761.0,2,-2946.7,8,0.0%,0.0,-12473.6
60m,1.3%,75pt,+80%,-35%,False,1,0.0%,0.0,-4761.0,2,-3099.3,8,0.0%,0.0,-12966.5
60m,1.3%,75pt,+60%,-35%,False,1,0.0%,0.0,-4761.0,2,-3099.3,8,0.0%,0.0,-12966.5
60m,1.3%,75pt,+40%,-35%,False,1,0.0%,0.0,-4761.0,2,-3099.3,8,0.0%,0.0,-12966.5
45m,1.0%,50pt,+80%,-35%,False,1,0.0%,0.0,-4761.0,2,-3340.3,7,0.0%,0.0,-10554.4
45m,1.0%,50pt,+100%,-35%,False,1,0.0%,0.0,-4761.0,2,-3340.3,7,0.0%,0.0,-10554.4
45m,1.0%,75pt,+100%,-35%,False,1,0.0%,0.0,-4761.0,2,-3107.6,7,0.0%,0.0,-10764.9
60m,1.3%,75pt,+100%,-35%,False,1,0.0%,0.0,-4761.0,2,-3099.3,8,0.0%,0.0,-12966.5
45m,0.5%,50pt,+80%,-35%,False,1,0.0%,0.0,-4761.0,1,-1752.0,4,0.0%,0.0,-6437.8
45m,0.5%,50pt,+60%,-35%,False,1,0.0%,0.0,-4761.0,1,-1752.0,4,0.0%,0.0,-6437.8
60m,1.3%,30pt,+100%,-35%,False,1,0.0%,0.0,-4761.0,2,-3264.8,9,0.0%,0.0,-15994.5
30m,0.5%,50pt,+80%,-35%,False,1,0.0%,0.0,-4761.0,2,-3166.3,5,0.0%,0.0,-7852.1
30m,0.5%,50pt,+60%,-35%,False,1,0.0%,0.0,-4761.0,2,-3166.3,5,0.0%,0.0,-7852.1
15m,0.5%,50pt,+60%,-35%,False,1,0.0%,0.0,-4761.0,2,-3166.3,6,0.0%,0.0,-9522.1
45m,1.0%,30pt,+100%,-35%,False,1,0.0%,0.0,-4761.0,2,-3258.8,7,0.0%,0.0,-11486.0
45m,1.0%,30pt,+80%,-35%,False,1,0.0%,0.0,-4761.0,2,-3258.8,7,0.0%,0.0,-11486.0
15m,0.75%,75pt,+80%,-35%,False,1,0.0%,0.0,-4761.0,2,-3445.8,8,0.0%,0.0,-13803.9
45m,1.3%,50pt,+80%,-35%,False,1,0.0%,0.0,-4761.0,2,-3340.3,8,0.0%,0.0,-12562.0
45m,1.3%,50pt,+100%,-35%,False,1,0.0%,0.0,-4761.0,2,-3340.3,8,0.0%,0.0,-12562.0
45m,1.3%,75pt,+40%,-35%,False,1,0.0%,0.0,-4761.0,2,-3107.6,8,0.0%,0.0,-12626.7
45m,1.3%,75pt,+60%,-35%,False,1,0.0%,0.0,-4761.0,2,-3107.6,8,0.0%,0.0,-12626.7
45m,1.3%,75pt,+80%,-35%,False,1,0.0%,0.0,-4761.0,2,-3107.6,8,0.0%,0.0,-12626.7
45m,1.3%,75pt,+100%,-35%,False,1,0.0%,0.0,-4761.0,2,-3107.6,8,0.0%,0.0,-12626.7
30m,1.0%,75pt,+100%,-35%,False,1,0.0%,0.0,-4761.0,2,-3445.8,7,0.0%,0.0,-11103.0
30m,1.0%,75pt,+40%,-35%,False,1,0.0%,0.0,-4761.0,2,-3445.8,7,0.0%,0.0,-11103.0
30m,1.0%,50pt,+100%,-35%,False,1,0.0%,0.0,-4761.0,2,-3166.3,7,0.0%,0.0,-10380.5
15m,0.75%,50pt,+100%,-35%,False,1,0.0%,0.0,-4761.0,2,-3166.3,8,0.0%,0.0,-13571.0
60m,1.0%,75pt,+60%,-35%,False,1,0.0%,0.0,-4761.0,2,-3099.3,7,0.0%,0.0,-10920.2
30m,1.3%,50pt,+80%,-35%,False,1,0.0%,0.0,-4761.0,2,-3166.3,8,0.0%,0.0,-12612.4
30m,1.3%,50pt,+60%,-35%,False,1,0.0%,0.0,-4761.0,2,-3166.3,8,0.0%,0.0,-12612.4
15m,1.0%,30pt,+100%,-35%,False,1,0.0%,0.0,-4761.0,2,-3085.5,9,0.0%,0.0,-15711.5
45m,0.5%,100pt,+60%,-35%,False,1,0.0%,0.0,-4761.0,1,-2063.9,4,0.0%,0.0,-6653.0
30m,1.3%,75pt,+40%,-35%,False,1,0.0%,0.0,-4761.0,2,-3445.8,8,0.0%,0.0,-13346.4
60m,1.0%,75pt,+40%,-35%,False,1,0.0%,0.0,-4761.0,2,-3099.3,7,0.0%,0.0,-10920.2
60m,1.0%,50pt,+100%,-35%,False,1,0.0%,0.0,-4761.0,2,-2946.7,7,0.0%,0.0,-10434.4
60m,1.0%,50pt,+80%,-35%,False,1,0.0%,0.0,-4761.0,2,-2946.7,7,0.0%,0.0,-10434.4
60m,1.0%,50pt,+60%,-35%,False,1,0.0%,0.0,-4761.0,2,-2946.7,7,0.0%,0.0,-10434.4
30m,1.0%,50pt,+80%,-35%,False,1,0.0%,0.0,-4761.0,2,-3166.3,7,0.0%,0.0,-10380.5
15m,0.5%,100pt,+40%,-35%,False,1,0.0%,0.0,-4761.0,2,-3689.7,6,0.0%,0.0,-9825.4
45m,0.75%,75pt,+60%,-35%,False,1,0.0%,0.0,-4761.0,2,-3107.6,7,0.0%,0.0,-10764.9
30m,1.0%,75pt,+80%,-35%,False,1,0.0%,0.0,-4761.0,2,-3445.8,7,0.0%,0.0,-11103.0
15m,0.75%,50pt,+80%,-35%,False,1,0.0%,0.0,-4761.0,2,-3166.3,8,0.0%,0.0,-13571.0
30m,1.0%,75pt,+60%,-35%,False,1,0.0%,0.0,-4761.0,2,-3445.8,7,0.0%,0.0,-11103.0
45m,0.5%,30pt,+80%,-35%,False,1,0.0%,0.0,-4761.0,1,-1671.2,4,0.0%,0.0,-6597.5
45m,0.5%,75pt,+100%,-35%,False,1,0.0%,0.0,-4761.0,1,-1912.9,4,0.0%,0.0,-6834.4
45m,0.5%,100pt,+40%,-35%,False,1,0.0%,0.0,-4761.0,1,-2063.9,4,0.0%,0.0,-6653.0
45m,0.5%,30pt,+100%,-35%,False,1,0.0%,0.0,-4761.0,1,-1671.2,4,0.0%,0.0,-6597.5
30m,0.5%,30pt,+100%,-35%,False,1,0.0%,0.0,-4761.0,2,-3085.5,5,0.0%,0.0,-8011.8
30m,1.3%,75pt,+80%,-35%,False,1,0.0%,0.0,-4761.0,2,-3445.8,8,0.0%,0.0,-13346.4
30m,0.75%,30pt,+80%,-35%,False,1,0.0%,0.0,-4761.0,2,-3085.5,7,0.0%,0.0,-11312.8
30m,0.75%,30pt,+60%,-35%,False,1,0.0%,0.0,-4761.0,2,-3085.5,7,0.0%,0.0,-11312.8
60m,1.0%,75pt,+100%,-35%,False,1,0.0%,0.0,-4761.0,2,-3099.3,7,0.0%,0.0,-10920.2
60m,1.0%,75pt,+80%,-35%,False,1,0.0%,0.0,-4761.0,2,-3099.3,7,0.0%,0.0,-10920.2
45m,0.5%,30pt,+60%,-35%,False,1,0.0%,0.0,-4761.0,1,-1671.2,4,0.0%,0.0,-6597.5
30m,1.3%,50pt,+100%,-35%,False,1,0.0%,0.0,-4761.0,2,-3166.3,8,0.0%,0.0,-12612.4
15m,1.0%,50pt,+100%,-35%,False,1,0.0%,0.0,-4761.0,2,-3166.3,9,0.0%,0.0,-15543.3
15m,0.5%,50pt,+80%,-35%,False,1,0.0%,0.0,-4761.0,2,-3166.3,6,0.0%,0.0,-9522.1
15m,0.5%,50pt,+100%,-35%,False,1,0.0%,0.0,-4761.0,2,-3166.3,6,0.0%,0.0,-9522.1
15m,1.3%,75pt,+80%,-35%,False,1,0.0%,0.0,-4761.0,3,-6492.9,10,0.0%,0.0,-18823.2
45m,0.5%,75pt,+60%,-35%,False,1,0.0%,0.0,-4761.0,1,-1912.9,4,0.0%,0.0,-6834.4
15m,1.0%,75pt,+100%,-35%,False,1,0.0%,0.0,-4761.0,3,-6492.9,10,0.0%,0.0,-18823.2
30m,1.3%,75pt,+60%,-35%,False,1,0.0%,0.0,-4761.0,2,-3445.8,8,0.0%,0.0,-13346.4
45m,0.5%,75pt,+80%,-35%,False,1,0.0%,0.0,-4761.0,1,-1912.9,4,0.0%,0.0,-6834.4
45m,1.3%,50pt,+60%,-35%,False,1,0.0%,0.0,-4761.0,2,-3340.3,8,0.0%,0.0,-12562.0
60m,1.3%,30pt,+60%,-35%,False,1,0.0%,0.0,-4761.0,2,-3264.8,9,0.0%,0.0,-15994.5
30m,1.3%,75pt,+100%,-35%,False,1,0.0%,0.0,-4761.0,2,-3445.8,8,0.0%,0.0,-13346.4
45m,0.5%,75pt,+40%,-35%,False,1,0.0%,0.0,-4761.0,1,-1912.9,4,0.0%,0.0,-6834.4
15m,1.0%,100pt,+80%,-35%,False,1,0.0%,0.0,-4761.0,3,-6736.8,9,0.0%,0.0,-16406.6
15m,1.0%,100pt,+100%,-35%,False,1,0.0%,0.0,-4761.0,3,-6736.8,9,0.0%,0.0,-16406.6
15m,1.3%,50pt,+100%,-35%,False,1,0.0%,0.0,-4761.0,2,-3166.3,9,0.0%,0.0,-15543.3
15m,0.75%,30pt,+80%,-35%,False,1,0.0%,0.0,-4761.0,2,-3085.5,8,0.0%,0.0,-13408.2
15m,0.5%,100pt,+100%,-35%,False,1,0.0%,0.0,-4761.0,2,-3689.7,6,0.0%,0.0,-9825.4
15m,1.3%,100pt,+100%,-35%,False,1,0.0%,0.0,-4761.0,3,-6736.8,9,0.0%,0.0,-16406.6
45m,1.0%,30pt,+60%,-35%,False,1,0.0%,0.0,-4761.0,2,-3258.8,7,0.0%,0.0,-11486.0
60m,1.3%,50pt,+80%,-35%,False,1,0.0%,0.0,-4761.0,2,-2946.7,8,0.0%,0.0,-12473.6
15m,0.5%,30pt,+60%,-35%,False,1,0.0%,0.0,-4761.0,2,-3085.5,6,0.0%,0.0,-9581.8
15m,0.5%,30pt,+80%,-35%,False,1,0.0%,0.0,-4761.0,2,-3085.5,6,0.0%,0.0,-9581.8
30m,0.5%,30pt,+80%,-35%,False,1,0.0%,0.0,-4761.0,2,-3085.5,5,0.0%,0.0,-8011.8
30m,0.5%,30pt,+60%,-35%,False,1,0.0%,0.0,-4761.0,2,-3085.5,5,0.0%,0.0,-8011.8
15m,0.5%,30pt,+100%,-35%,False,1,0.0%,0.0,-4761.0,2,-3085.5,6,0.0%,0.0,-9581.8
45m,1.3%,30pt,+100%,-35%,False,1,0.0%,0.0,-4761.0,2,-3258.8,8,0.0%,0.0,-13530.1
30m,0.5%,100pt,+60%,-35%,False,1,0.0%,0.0,-4761.0,2,-3689.7,5,0.0%,0.0,-8278.8
30m,0.5%,100pt,+80%,-35%,False,1,0.0%,0.0,-4761.0,2,-3689.7,5,0.0%,0.0,-8278.8
30m,0.5%,75pt,+100%,-35%,False,1,0.0%,0.0,-4761.0,2,-3445.8,5,0.0%,0.0,-8367.3
30m,0.5%,100pt,+40%,-35%,False,1,0.0%,0.0,-4761.0,2,-3689.7,5,0.0%,0.0,-8278.8
30m,0.5%,75pt,+60%,-35%,False,1,0.0%,0.0,-4761.0,2,-3445.8,5,0.0%,0.0,-8367.3
30m,0.5%,75pt,+80%,-35%,False,1,0.0%,0.0,-4761.0,2,-3445.8,5,0.0%,0.0,-8367.3
30m,0.5%,50pt,+100%,-35%,False,1,0.0%,0.0,-4761.0,2,-3166.3,5,0.0%,0.0,-7852.1
15m,1.3%,75pt,+100%,-35%,False,1,0.0%,0.0,-4761.0,3,-6492.9,10,0.0%,0.0,-18823.2
30m,0.5%,100pt,+100%,-35%,False,1,0.0%,0.0,-4761.0,2,-3689.7,5,0.0%,0.0,-8278.8
60m,1.3%,30pt,+80%,-35%,False,1,0.0%,0.0,-4761.0,2,-3264.8,9,0.0%,0.0,-15994.5
45m,0.5%,50pt,+100%,-35%,False,1,0.0%,0.0,-4761.0,1,-1752.0,4,0.0%,0.0,-6437.8
30m,0.5%,75pt,+40%,-35%,False,1,0.0%,0.0,-4761.0,2,-3445.8,5,0.0%,0.0,-8367.3
45m,1.0%,75pt,+40%,-35%,False,1,0.0%,0.0,-4761.0,2,-3107.6,7,0.0%,0.0,-10764.9
45m,1.3%,30pt,+60%,-35%,False,1,0.0%,0.0,-4761.0,2,-3258.8,8,0.0%,0.0,-13530.1
45m,1.3%,30pt,+80%,-35%,False,1,0.0%,0.0,-4761.0,2,-3258.8,8,0.0%,0.0,-13530.1
15m,1.3%,100pt,+80%,-25%,True,3,0.0%,0.0,-4842.0,6,-4405.3,16,25.0%,0.23,-10026.5
15m,1.0%,100pt,+60%,-20%,True,3,0.0%,0.0,-4842.0,6,-3790.6,16,25.0%,0.25,-9143.9
15m,1.0%,100pt,+60%,-30%,True,3,0.0%,0.0,-4842.0,6,-5360.8,16,25.0%,0.21,-11758.9
15m,1.0%,100pt,+60%,-25%,True,3,0.0%,0.0,-4842.0,6,-4405.3,16,25.0%,0.23,-10026.5
15m,1.3%,100pt,+80%,-20%,True,3,0.0%,0.0,-4842.0,6,-3790.6,16,25.0%,0.25,-9143.9
15m,1.3%,100pt,+80%,-30%,True,3,0.0%,0.0,-4842.0,6,-5360.8,16,25.0%,0.21,-11758.9
15m,0.75%,100pt,+40%,-20%,True,3,0.0%,0.0,-4842.0,5,-1875.2,14,28.6%,0.34,-5974.3
15m,1.3%,100pt,+100%,-20%,True,3,0.0%,0.0,-4842.0,6,-3790.6,16,25.0%,0.25,-9143.9
15m,1.0%,100pt,+100%,-35%,True,3,0.0%,0.0,-4842.0,6,-6198.4,16,25.0%,0.19,-12998.2
15m,0.75%,100pt,+100%,-25%,True,3,0.0%,0.0,-4842.0,5,-2111.5,14,28.6%,0.33,-6204.7
15m,0.75%,100pt,+100%,-30%,True,3,0.0%,0.0,-4842.0,5,-2760.3,14,28.6%,0.3,-7261.7
15m,0.75%,100pt,+100%,-35%,True,3,0.0%,0.0,-4842.0,5,-3151.4,14,28.6%,0.28,-7831.8
15m,0.75%,100pt,+100%,-20%,True,3,0.0%,0.0,-4842.0,5,-1875.2,14,28.6%,0.34,-5974.3
15m,0.75%,100pt,+80%,-25%,True,3,0.0%,0.0,-4842.0,5,-2111.5,14,28.6%,0.33,-6204.7
15m,0.75%,100pt,+80%,-35%,True,3,0.0%,0.0,-4842.0,5,-3151.4,14,28.6%,0.28,-7831.8
15m,0.75%,100pt,+80%,-30%,True,3,0.0%,0.0,-4842.0,5,-2760.3,14,28.6%,0.3,-7261.7
15m,1.3%,100pt,+60%,-20%,True,3,0.0%,0.0,-4842.0,6,-3790.6,16,25.0%,0.25,-9143.9
15m,0.75%,100pt,+60%,-20%,True,3,0.0%,0.0,-4842.0,5,-1875.2,14,28.6%,0.34,-5974.3
15m,0.75%,100pt,+60%,-25%,True,3,0.0%,0.0,-4842.0,5,-2111.5,14,28.6%,0.33,-6204.7
15m,0.75%,100pt,+60%,-30%,True,3,0.0%,0.0,-4842.0,5,-2760.3,14,28.6%,0.3,-7261.7
15m,0.75%,100pt,+60%,-35%,True,3,0.0%,0.0,-4842.0,5,-3151.4,14,28.6%,0.28,-7831.8
15m,1.3%,100pt,+60%,-35%,True,3,0.0%,0.0,-4842.0,6,-6198.4,16,25.0%,0.19,-12998.2
15m,1.3%,100pt,+60%,-30%,True,3,0.0%,0.0,-4842.0,6,-5360.8,16,25.0%,0.21,-11758.9
15m,1.3%,100pt,+60%,-25%,True,3,0.0%,0.0,-4842.0,6,-4405.3,16,25.0%,0.23,-10026.5
15m,0.75%,100pt,+40%,-35%,True,3,0.0%,0.0,-4842.0,5,-3151.4,14,28.6%,0.28,-7831.8
15m,1.0%,100pt,+80%,-35%,True,3,0.0%,0.0,-4842.0,6,-6198.4,16,25.0%,0.19,-12998.2
15m,1.0%,100pt,+100%,-25%,True,3,0.0%,0.0,-4842.0,6,-4405.3,16,25.0%,0.23,-10026.5
15m,1.0%,100pt,+100%,-20%,True,3,0.0%,0.0,-4842.0,6,-3790.6,16,25.0%,0.25,-9143.9
15m,1.0%,100pt,+60%,-35%,True,3,0.0%,0.0,-4842.0,6,-6198.4,16,25.0%,0.19,-12998.2
15m,1.0%,100pt,+100%,-30%,True,3,0.0%,0.0,-4842.0,6,-5360.8,16,25.0%,0.21,-11758.9
15m,0.75%,100pt,+40%,-25%,True,3,0.0%,0.0,-4842.0,5,-2111.5,14,28.6%,0.33,-6204.7
15m,0.75%,100pt,+40%,-30%,True,3,0.0%,0.0,-4842.0,5,-2760.3,14,28.6%,0.3,-7261.7
15m,1.0%,100pt,+80%,-25%,True,3,0.0%,0.0,-4842.0,6,-4405.3,16,25.0%,0.23,-10026.5
15m,1.0%,100pt,+80%,-20%,True,3,0.0%,0.0,-4842.0,6,-3790.6,16,25.0%,0.25,-9143.9
15m,0.75%,100pt,+80%,-20%,True,3,0.0%,0.0,-4842.0,5,-1875.2,14,28.6%,0.34,-5974.3
15m,1.0%,100pt,+80%,-30%,True,3,0.0%,0.0,-4842.0,6,-5360.8,16,25.0%,0.21,-11758.9
15m,1.3%,100pt,+80%,-35%,True,3,0.0%,0.0,-4842.0,6,-6198.4,16,25.0%,0.19,-12998.2
15m,1.3%,100pt,+100%,-25%,True,3,0.0%,0.0,-4842.0,6,-4405.3,16,25.0%,0.23,-10026.5
15m,1.3%,100pt,+100%,-30%,True,3,0.0%,0.0,-4842.0,6,-5360.8,16,25.0%,0.21,-11758.9
15m,1.3%,100pt,+100%,-35%,True,3,0.0%,0.0,-4842.0,6,-6198.4,16,25.0%,0.19,-12998.2
60m,0.75%,50pt,+60%,-35%,True,4,0.0%,0.0,-4891.5,5,-4123.4,17,58.8%,0.69,-1957.5
60m,0.75%,50pt,+80%,-20%,True,4,0.0%,0.0,-4891.5,5,-3028.7,17,58.8%,0.85,-788.8
60m,0.75%,50pt,+80%,-25%,True,4,0.0%,0.0,-4891.5,5,-3575.0,17,58.8%,0.84,-801.2
60m,0.75%,50pt,+80%,-30%,True,4,0.0%,0.0,-4891.5,5,-3804.1,17,58.8%,0.77,-1314.6
60m,0.75%,50pt,+100%,-20%,True,4,0.0%,0.0,-4891.5,5,-3028.7,17,58.8%,0.85,-788.8
60m,0.75%,50pt,+80%,-35%,True,4,0.0%,0.0,-4891.5,5,-4123.4,17,58.8%,0.69,-1957.5
60m,0.75%,50pt,+100%,-25%,True,4,0.0%,0.0,-4891.5,5,-3575.0,17,58.8%,0.84,-801.2
60m,0.75%,50pt,+100%,-30%,True,4,0.0%,0.0,-4891.5,5,-3804.1,17,58.8%,0.77,-1314.6
60m,1.3%,50pt,+80%,-25%,True,4,0.0%,0.0,-4891.5,5,-3575.0,18,55.6%,0.79,-1122.0
60m,0.75%,50pt,+100%,-35%,True,4,0.0%,0.0,-4891.5,5,-4123.4,17,58.8%,0.69,-1957.5
60m,1.3%,50pt,+60%,-35%,True,4,0.0%,0.0,-4891.5,5,-4123.4,18,55.6%,0.66,-2278.4
60m,1.3%,50pt,+80%,-20%,True,4,0.0%,0.0,-4891.5,5,-3028.7,18,55.6%,0.8,-1109.7
60m,1.3%,50pt,+80%,-35%,True,4,0.0%,0.0,-4891.5,5,-4123.4,18,55.6%,0.66,-2278.4
60m,1.3%,50pt,+80%,-30%,True,4,0.0%,0.0,-4891.5,5,-3804.1,18,55.6%,0.73,-1635.5
60m,1.3%,50pt,+100%,-20%,True,4,0.0%,0.0,-4891.5,5,-3028.7,18,55.6%,0.8,-1109.7
60m,1.3%,50pt,+100%,-25%,True,4,0.0%,0.0,-4891.5,5,-3575.0,18,55.6%,0.79,-1122.0
60m,0.75%,50pt,+60%,-30%,True,4,0.0%,0.0,-4891.5,5,-3804.1,17,58.8%,0.77,-1314.6
60m,1.3%,50pt,+100%,-30%,True,4,0.0%,0.0,-4891.5,5,-3804.1,18,55.6%,0.73,-1635.5
60m,1.3%,50pt,+100%,-35%,True,4,0.0%,0.0,-4891.5,5,-4123.4,18,55.6%,0.66,-2278.4
60m,1.3%,50pt,+60%,-20%,True,4,0.0%,0.0,-4891.5,5,-3028.7,18,55.6%,0.8,-1109.7
60m,1.3%,50pt,+60%,-25%,True,4,0.0%,0.0,-4891.5,5,-3575.0,18,55.6%,0.79,-1122.0
60m,1.3%,50pt,+60%,-30%,True,4,0.0%,0.0,-4891.5,5,-3804.1,18,55.6%,0.73,-1635.5
60m,0.75%,50pt,+60%,-20%,True,4,0.0%,0.0,-4891.5,5,-3028.7,17,58.8%,0.85,-788.8
60m,0.75%,50pt,+60%,-25%,True,4,0.0%,0.0,-4891.5,5,-3575.0,17,58.8%,0.84,-801.2
60m,1.0%,50pt,+60%,-30%,True,4,0.0%,0.0,-4891.5,5,-3804.1,17,58.8%,0.77,-1314.6
60m,1.0%,50pt,+60%,-35%,True,4,0.0%,0.0,-4891.5,5,-4123.4,17,58.8%,0.69,-1957.5
60m,1.0%,50pt,+80%,-20%,True,4,0.0%,0.0,-4891.5,5,-3028.7,17,58.8%,0.85,-788.8
60m,1.0%,50pt,+80%,-25%,True,4,0.0%,0.0,-4891.5,5,-3575.0,17,58.8%,0.84,-801.2
60m,1.0%,50pt,+80%,-30%,True,4,0.0%,0.0,-4891.5,5,-3804.1,17,58.8%,0.77,-1314.6
60m,1.0%,50pt,+80%,-35%,True,4,0.0%,0.0,-4891.5,5,-4123.4,17,58.8%,0.69,-1957.5
60m,1.0%,50pt,+60%,-25%,True,4,0.0%,0.0,-4891.5,5,-3575.0,17,58.8%,0.84,-801.2
60m,1.0%,50pt,+60%,-20%,True,4,0.0%,0.0,-4891.5,5,-3028.7,17,58.8%,0.85,-788.8
60m,1.0%,50pt,+100%,-20%,True,4,0.0%,0.0,-4891.5,5,-3028.7,17,58.8%,0.85,-788.8
60m,1.0%,50pt,+100%,-25%,True,4,0.0%,0.0,-4891.5,5,-3575.0,17,58.8%,0.84,-801.2
60m,1.0%,50pt,+100%,-35%,True,4,0.0%,0.0,-4891.5,5,-4123.4,17,58.8%,0.69,-1957.5
60m,1.0%,50pt,+100%,-30%,True,4,0.0%,0.0,-4891.5,5,-3804.1,17,58.8%,0.77,-1314.6
30m,0.75%,150pt,+80%,-20%,True,2,0.0%,0.0,-4924.5,4,-3224.5,7,28.6%,0.07,-5240.2
30m,0.75%,150pt,+60%,-20%,True,2,0.0%,0.0,-4924.5,4,-3224.5,7,28.6%,0.07,-5240.2
30m,0.75%,150pt,+40%,-20%,True,2,0.0%,0.0,-4924.5,4,-3224.5,7,28.6%,0.07,-5240.2
60m,1.3%,150pt,+80%,-20%,True,2,0.0%,0.0,-4924.5,3,-2449.6,7,28.6%,0.07,-5396.4
60m,0.75%,150pt,+80%,-20%,True,2,0.0%,0.0,-4924.5,3,-2449.6,6,33.3%,0.09,-4465.3
60m,0.75%,150pt,+60%,-20%,True,2,0.0%,0.0,-4924.5,3,-2449.6,6,33.3%,0.09,-4465.3
60m,0.75%,150pt,+40%,-20%,True,2,0.0%,0.0,-4924.5,3,-2449.6,6,33.3%,0.09,-4465.3
30m,0.75%,150pt,+100%,-20%,True,2,0.0%,0.0,-4924.5,4,-3224.5,7,28.6%,0.07,-5240.2
45m,0.75%,150pt,+40%,-20%,True,2,0.0%,0.0,-4924.5,3,-2449.6,6,33.3%,0.09,-4465.3
60m,0.75%,150pt,+100%,-20%,True,2,0.0%,0.0,-4924.5,3,-2449.6,6,33.3%,0.09,-4465.3
45m,1.0%,150pt,+40%,-20%,True,2,0.0%,0.0,-4924.5,3,-2449.6,6,33.3%,0.09,-4465.3
45m,0.75%,150pt,+100%,-20%,True,2,0.0%,0.0,-4924.5,3,-2449.6,6,33.3%,0.09,-4465.3
45m,0.75%,150pt,+80%,-20%,True,2,0.0%,0.0,-4924.5,3,-2449.6,6,33.3%,0.09,-4465.3
45m,0.75%,150pt,+60%,-20%,True,2,0.0%,0.0,-4924.5,3,-2449.6,6,33.3%,0.09,-4465.3
60m,1.0%,150pt,+100%,-20%,True,2,0.0%,0.0,-4924.5,3,-2449.6,6,33.3%,0.09,-4465.3
60m,1.0%,150pt,+40%,-20%,True,2,0.0%,0.0,-4924.5,3,-2449.6,6,33.3%,0.09,-4465.3
60m,1.0%,150pt,+60%,-20%,True,2,0.0%,0.0,-4924.5,3,-2449.6,6,33.3%,0.09,-4465.3
30m,1.0%,150pt,+80%,-20%,True,2,0.0%,0.0,-4924.5,4,-3224.5,7,28.6%,0.07,-5240.2
30m,1.0%,150pt,+100%,-20%,True,2,0.0%,0.0,-4924.5,4,-3224.5,7,28.6%,0.07,-5240.2
60m,1.0%,150pt,+80%,-20%,True,2,0.0%,0.0,-4924.5,3,-2449.6,6,33.3%,0.09,-4465.3
45m,1.0%,150pt,+80%,-20%,True,2,0.0%,0.0,-4924.5,3,-2449.6,6,33.3%,0.09,-4465.3
45m,1.0%,150pt,+100%,-20%,True,2,0.0%,0.0,-4924.5,3,-2449.6,6,33.3%,0.09,-4465.3
45m,1.0%,150pt,+60%,-20%,True,2,0.0%,0.0,-4924.5,3,-2449.6,6,33.3%,0.09,-4465.3
30m,1.0%,150pt,+40%,-20%,True,2,0.0%,0.0,-4924.5,4,-3224.5,7,28.6%,0.07,-5240.2
30m,1.0%,150pt,+60%,-20%,True,2,0.0%,0.0,-4924.5,4,-3224.5,7,28.6%,0.07,-5240.2
60m,1.3%,150pt,+60%,-20%,True,2,0.0%,0.0,-4924.5,3,-2449.6,7,28.6%,0.07,-5396.4
60m,1.3%,150pt,+40%,-20%,True,2,0.0%,0.0,-4924.5,3,-2449.6,7,28.6%,0.07,-5396.4
60m,1.3%,150pt,+100%,-20%,True,2,0.0%,0.0,-4924.5,3,-2449.6,7,28.6%,0.07,-5396.4
15m,1.3%,150pt,+80%,-20%,True,2,0.0%,0.0,-4936.5,4,-5178.6,9,22.2%,0.03,-8354.5
15m,1.3%,150pt,+60%,-20%,True,2,0.0%,0.0,-4936.5,4,-5178.6,9,22.2%,0.03,-8354.5
15m,1.3%,150pt,+100%,-20%,True,2,0.0%,0.0,-4936.5,4,-5178.6,9,22.2%,0.03,-8354.5
15m,1.0%,150pt,+100%,-20%,True,2,0.0%,0.0,-4936.5,4,-5178.6,9,22.2%,0.03,-8354.5
15m,1.0%,150pt,+60%,-20%,True,2,0.0%,0.0,-4936.5,4,-5178.6,9,22.2%,0.03,-8354.5
15m,1.0%,150pt,+80%,-20%,True,2,0.0%,0.0,-4936.5,4,-5178.6,9,22.2%,0.03,-8354.5
15m,0.75%,150pt,+40%,-20%,True,2,0.0%,0.0,-4936.5,3,-3548.1,7,28.6%,0.05,-5396.8
15m,0.75%,150pt,+100%,-20%,True,2,0.0%,0.0,-4936.5,3,-3548.1,7,28.6%,0.05,-5396.8
15m,0.75%,150pt,+60%,-20%,True,2,0.0%,0.0,-4936.5,3,-3548.1,7,28.6%,0.05,-5396.8
15m,0.75%,150pt,+80%,-20%,True,2,0.0%,0.0,-4936.5,3,-3548.1,7,28.6%,0.05,-5396.8
60m,0.75%,100pt,+100%,-20%,False,2,0.0%,0.0,-4948.5,2,-2027.4,6,0.0%,0.0,-6162.8
60m,0.75%,100pt,+80%,-20%,False,2,0.0%,0.0,-4948.5,2,-2027.4,6,0.0%,0.0,-6162.8
60m,0.75%,100pt,+60%,-20%,False,2,0.0%,0.0,-4948.5,2,-2027.4,6,0.0%,0.0,-6162.8
60m,1.3%,100pt,+80%,-20%,False,2,0.0%,0.0,-4948.5,2,-2027.4,7,0.0%,0.0,-7378.7
60m,1.0%,100pt,+40%,-20%,False,2,0.0%,0.0,-4948.5,2,-2027.4,6,0.0%,0.0,-6162.8
60m,1.0%,100pt,+100%,-20%,False,2,0.0%,0.0,-4948.5,2,-2027.4,6,0.0%,0.0,-6162.8
60m,1.3%,100pt,+40%,-20%,False,2,0.0%,0.0,-4948.5,2,-2027.4,7,0.0%,0.0,-7378.7
60m,0.75%,100pt,+40%,-20%,False,2,0.0%,0.0,-4948.5,2,-2027.4,6,0.0%,0.0,-6162.8
60m,1.3%,100pt,+60%,-20%,False,2,0.0%,0.0,-4948.5,2,-2027.4,7,0.0%,0.0,-7378.7
60m,1.3%,100pt,+100%,-20%,False,2,0.0%,0.0,-4948.5,2,-2027.4,7,0.0%,0.0,-7378.7
60m,1.0%,100pt,+80%,-20%,False,2,0.0%,0.0,-4948.5,2,-2027.4,6,0.0%,0.0,-6162.8
60m,1.0%,100pt,+60%,-20%,False,2,0.0%,0.0,-4948.5,2,-2027.4,6,0.0%,0.0,-6162.8
60m,0.75%,50pt,+60%,-20%,False,2,0.0%,0.0,-5242.5,2,-1851.9,9,0.0%,0.0,-9756.8
60m,0.75%,30pt,+80%,-20%,False,2,0.0%,0.0,-5242.5,3,-3885.7,10,0.0%,0.0,-12980.0
60m,1.3%,50pt,+80%,-20%,False,2,0.0%,0.0,-5242.5,2,-1851.9,10,0.0%,0.0,-11086.1
45m,1.3%,30pt,+60%,-20%,False,2,0.0%,0.0,-5242.5,4,-5685.2,12,0.0%,0.0,-16218.0
60m,1.3%,50pt,+60%,-20%,False,2,0.0%,0.0,-5242.5,2,-1851.9,10,0.0%,0.0,-11086.1
60m,1.3%,50pt,+100%,-20%,False,2,0.0%,0.0,-5242.5,2,-1851.9,10,0.0%,0.0,-11086.1
60m,0.75%,30pt,+100%,-20%,False,2,0.0%,0.0,-5242.5,3,-3885.7,10,0.0%,0.0,-12980.0
60m,0.75%,50pt,+100%,-20%,False,2,0.0%,0.0,-5242.5,2,-1851.9,9,0.0%,0.0,-9756.8
60m,1.3%,30pt,+60%,-20%,False,2,0.0%,0.0,-5242.5,3,-3885.7,11,0.0%,0.0,-13959.1
60m,1.3%,30pt,+80%,-20%,False,2,0.0%,0.0,-5242.5,3,-3885.7,11,0.0%,0.0,-13959.1
45m,0.75%,30pt,+60%,-20%,False,2,0.0%,0.0,-5242.5,3,-3879.6,10,0.0%,0.0,-13078.1
60m,1.3%,30pt,+100%,-20%,False,2,0.0%,0.0,-5242.5,3,-3885.7,11,0.0%,0.0,-13959.1
60m,1.0%,30pt,+100%,-20%,False,2,0.0%,0.0,-5242.5,3,-3885.7,10,0.0%,0.0,-12980.0
60m,1.0%,30pt,+80%,-20%,False,2,0.0%,0.0,-5242.5,3,-3885.7,10,0.0%,0.0,-12980.0
30m,0.75%,30pt,+60%,-20%,False,2,0.0%,0.0,-5242.5,3,-3913.3,10,0.0%,0.0,-13111.8
30m,0.75%,30pt,+80%,-20%,False,2,0.0%,0.0,-5242.5,3,-3913.3,10,0.0%,0.0,-13111.8
30m,1.3%,50pt,+60%,-20%,False,2,0.0%,0.0,-5242.5,3,-3745.4,11,0.0%,0.0,-13174.8
60m,1.0%,50pt,+60%,-20%,False,2,0.0%,0.0,-5242.5,2,-1851.9,9,0.0%,0.0,-9756.8
60m,1.0%,50pt,+80%,-20%,False,2,0.0%,0.0,-5242.5,2,-1851.9,9,0.0%,0.0,-9756.8
60m,1.0%,50pt,+100%,-20%,False,2,0.0%,0.0,-5242.5,2,-1851.9,9,0.0%,0.0,-9756.8
60m,0.75%,30pt,+60%,-20%,False,2,0.0%,0.0,-5242.5,3,-3885.7,10,0.0%,0.0,-12980.0
45m,1.0%,50pt,+80%,-20%,False,2,0.0%,0.0,-5242.5,2,-2291.1,9,0.0%,0.0,-10368.2
30m,1.0%,30pt,+60%,-20%,False,2,0.0%,0.0,-5242.5,3,-3913.3,10,0.0%,0.0,-13111.8
30m,1.0%,30pt,+80%,-20%,False,2,0.0%,0.0,-5242.5,3,-3913.3,10,0.0%,0.0,-13111.8
30m,0.75%,50pt,+100%,-20%,False,2,0.0%,0.0,-5242.5,2,-2101.2,9,0.0%,0.0,-10178.3
45m,1.3%,50pt,+100%,-20%,False,2,0.0%,0.0,-5242.5,3,-3935.3,11,0.0%,0.0,-13276.8
45m,0.75%,50pt,+80%,-20%,False,2,0.0%,0.0,-5242.5,2,-2291.1,9,0.0%,0.0,-10368.2
45m,0.75%,30pt,+80%,-20%,False,2,0.0%,0.0,-5242.5,3,-3879.6,10,0.0%,0.0,-13078.1
30m,1.0%,30pt,+100%,-20%,False,2,0.0%,0.0,-5242.5,3,-3913.3,10,0.0%,0.0,-13111.8
45m,1.3%,30pt,+80%,-20%,False,2,0.0%,0.0,-5242.5,4,-5685.2,12,0.0%,0.0,-16218.0
45m,1.0%,50pt,+60%,-20%,False,2,0.0%,0.0,-5242.5,2,-2291.1,9,0.0%,0.0,-10368.2
30m,1.0%,50pt,+80%,-20%,False,2,0.0%,0.0,-5242.5,2,-2101.2,9,0.0%,0.0,-10178.3
45m,1.0%,30pt,+80%,-20%,False,2,0.0%,0.0,-5242.5,3,-3879.6,10,0.0%,0.0,-13078.1
45m,1.0%,30pt,+100%,-20%,False,2,0.0%,0.0,-5242.5,3,-3879.6,10,0.0%,0.0,-13078.1
45m,1.3%,30pt,+100%,-20%,False,2,0.0%,0.0,-5242.5,4,-5685.2,12,0.0%,0.0,-16218.0
45m,1.0%,30pt,+60%,-20%,False,2,0.0%,0.0,-5242.5,3,-3879.6,10,0.0%,0.0,-13078.1
45m,0.75%,50pt,+60%,-20%,False,2,0.0%,0.0,-5242.5,2,-2291.1,9,0.0%,0.0,-10368.2
30m,1.0%,50pt,+60%,-20%,False,2,0.0%,0.0,-5242.5,2,-2101.2,9,0.0%,0.0,-10178.3
45m,1.3%,50pt,+60%,-20%,False,2,0.0%,0.0,-5242.5,3,-3935.3,11,0.0%,0.0,-13276.8
30m,1.0%,50pt,+100%,-20%,False,2,0.0%,0.0,-5242.5,2,-2101.2,9,0.0%,0.0,-10178.3
30m,1.3%,30pt,+60%,-20%,False,2,0.0%,0.0,-5242.5,4,-5718.9,12,0.0%,0.0,-16269.7
30m,1.3%,30pt,+80%,-20%,False,2,0.0%,0.0,-5242.5,4,-5718.9,12,0.0%,0.0,-16269.7
45m,1.3%,50pt,+80%,-20%,False,2,0.0%,0.0,-5242.5,3,-3935.3,11,0.0%,0.0,-13276.8
45m,0.75%,30pt,+100%,-20%,False,2,0.0%,0.0,-5242.5,3,-3879.6,10,0.0%,0.0,-13078.1
60m,1.0%,30pt,+60%,-20%,False,2,0.0%,0.0,-5242.5,3,-3885.7,10,0.0%,0.0,-12980.0
30m,1.3%,50pt,+80%,-20%,False,2,0.0%,0.0,-5242.5,3,-3745.4,11,0.0%,0.0,-13174.8
45m,0.75%,50pt,+100%,-20%,False,2,0.0%,0.0,-5242.5,2,-2291.1,9,0.0%,0.0,-10368.2
60m,0.75%,50pt,+80%,-20%,False,2,0.0%,0.0,-5242.5,2,-1851.9,9,0.0%,0.0,-9756.8
45m,1.0%,50pt,+100%,-20%,False,2,0.0%,0.0,-5242.5,2,-2291.1,9,0.0%,0.0,-10368.2
30m,1.3%,50pt,+100%,-20%,False,2,0.0%,0.0,-5242.5,3,-3745.4,11,0.0%,0.0,-13174.8
30m,1.3%,30pt,+100%,-20%,False,2,0.0%,0.0,-5242.5,4,-5718.9,12,0.0%,0.0,-16269.7
30m,0.75%,50pt,+60%,-20%,False,2,0.0%,0.0,-5242.5,2,-2101.2,9,0.0%,0.0,-10178.3
30m,0.75%,30pt,+100%,-20%,False,2,0.0%,0.0,-5242.5,3,-3913.3,10,0.0%,0.0,-13111.8
30m,0.75%,50pt,+80%,-20%,False,2,0.0%,0.0,-5242.5,2,-2101.2,9,0.0%,0.0,-10178.3
15m,1.0%,75pt,+100%,-25%,False,2,0.0%,0.0,-5313.0,3,-4848.3,10,0.0%,0.0,-14047.8
15m,1.0%,75pt,+80%,-25%,False,2,0.0%,0.0,-5313.0,3,-4848.3,10,0.0%,0.0,-14047.8
15m,0.75%,75pt,+100%,-25%,False,2,0.0%,0.0,-5313.0,2,-2554.5,8,0.0%,0.0,-10305.1
15m,1.0%,75pt,+60%,-25%,False,2,0.0%,0.0,-5313.0,3,-4848.3,10,0.0%,0.0,-14047.8
15m,1.3%,75pt,+100%,-25%,False,2,0.0%,0.0,-5313.0,3,-4848.3,10,0.0%,0.0,-14047.8
15m,0.75%,75pt,+60%,-25%,False,2,0.0%,0.0,-5313.0,2,-2554.5,8,0.0%,0.0,-10305.1
15m,0.75%,75pt,+80%,-25%,False,2,0.0%,0.0,-5313.0,2,-2554.5,8,0.0%,0.0,-10305.1
15m,0.75%,75pt,+40%,-25%,False,2,0.0%,0.0,-5313.0,2,-2554.5,8,0.0%,0.0,-10305.1
15m,1.3%,75pt,+80%,-25%,False,2,0.0%,0.0,-5313.0,3,-4848.3,10,0.0%,0.0,-14047.8
15m,1.3%,75pt,+60%,-25%,False,2,0.0%,0.0,-5313.0,3,-4848.3,10,0.0%,0.0,-14047.8
30m,0.75%,75pt,+100%,-20%,True,3,0.0%,0.0,-5322.0,5,-1283.3,15,26.7%,0.22,-6065.9
30m,0.75%,75pt,+60%,-20%,True,3,0.0%,0.0,-5322.0,5,-1283.3,15,26.7%,0.22,-6065.9
30m,0.75%,75pt,+40%,-35%,True,3,0.0%,0.0,-5322.0,5,-2652.4,15,26.7%,0.19,-7678.7
30m,0.75%,75pt,+100%,-35%,True,3,0.0%,0.0,-5322.0,5,-2652.4,15,26.7%,0.19,-7678.7
30m,0.75%,75pt,+100%,-30%,True,3,0.0%,0.0,-5322.0,5,-2314.7,15,26.7%,0.21,-6563.3
30m,1.3%,75pt,+80%,-25%,True,3,0.0%,0.0,-5322.0,6,-3847.2,17,23.5%,0.16,-9136.4
30m,0.75%,75pt,+40%,-20%,True,3,0.0%,0.0,-5322.0,5,-1283.3,15,26.7%,0.22,-6065.9
30m,0.75%,75pt,+80%,-35%,True,3,0.0%,0.0,-5322.0,5,-2652.4,15,26.7%,0.19,-7678.7
30m,1.3%,75pt,+40%,-35%,True,3,0.0%,0.0,-5322.0,5,-2652.4,16,25.0%,0.15,-9922.1
30m,1.3%,75pt,+60%,-20%,True,3,0.0%,0.0,-5322.0,6,-2968.2,17,23.5%,0.17,-8819.8
30m,1.3%,75pt,+40%,-30%,True,3,0.0%,0.0,-5322.0,5,-2314.7,16,25.0%,0.18,-8103.6
30m,1.0%,75pt,+100%,-35%,True,3,0.0%,0.0,-5322.0,5,-2652.4,15,26.7%,0.19,-7678.7
30m,1.0%,75pt,+100%,-30%,True,3,0.0%,0.0,-5322.0,5,-2314.7,15,26.7%,0.21,-6563.3
30m,0.75%,75pt,+40%,-30%,True,3,0.0%,0.0,-5322.0,5,-2314.7,15,26.7%,0.21,-6563.3
30m,1.3%,75pt,+60%,-35%,True,3,0.0%,0.0,-5322.0,5,-2652.4,16,25.0%,0.15,-9922.1
30m,1.3%,75pt,+40%,-20%,True,3,0.0%,0.0,-5322.0,6,-2968.2,17,23.5%,0.17,-8819.8
30m,1.0%,75pt,+80%,-30%,True,3,0.0%,0.0,-5322.0,5,-2314.7,15,26.7%,0.21,-6563.3
30m,1.0%,75pt,+100%,-20%,True,3,0.0%,0.0,-5322.0,5,-1283.3,15,26.7%,0.22,-6065.9
30m,0.75%,75pt,+60%,-30%,True,3,0.0%,0.0,-5322.0,5,-2314.7,15,26.7%,0.21,-6563.3
30m,1.3%,75pt,+40%,-25%,True,3,0.0%,0.0,-5322.0,6,-3847.2,17,23.5%,0.16,-9136.4
30m,1.0%,75pt,+100%,-25%,True,3,0.0%,0.0,-5322.0,5,-1761.1,15,26.7%,0.23,-5758.7
30m,1.0%,75pt,+40%,-20%,True,3,0.0%,0.0,-5322.0,5,-1283.3,15,26.7%,0.22,-6065.9
30m,0.75%,75pt,+80%,-25%,True,3,0.0%,0.0,-5322.0,5,-1761.1,15,26.7%,0.23,-5758.7
30m,1.0%,75pt,+80%,-35%,True,3,0.0%,0.0,-5322.0,5,-2652.4,15,26.7%,0.19,-7678.7
30m,0.75%,75pt,+60%,-25%,True,3,0.0%,0.0,-5322.0,5,-1761.1,15,26.7%,0.23,-5758.7
30m,0.75%,75pt,+80%,-20%,True,3,0.0%,0.0,-5322.0,5,-1283.3,15,26.7%,0.22,-6065.9
30m,0.75%,75pt,+60%,-35%,True,3,0.0%,0.0,-5322.0,5,-2652.4,15,26.7%,0.19,-7678.7
30m,1.3%,75pt,+80%,-30%,True,3,0.0%,0.0,-5322.0,5,-2314.7,16,25.0%,0.18,-8103.6
30m,1.0%,75pt,+40%,-35%,True,3,0.0%,0.0,-5322.0,5,-2652.4,15,26.7%,0.19,-7678.7
30m,1.3%,75pt,+60%,-25%,True,3,0.0%,0.0,-5322.0,6,-3847.2,17,23.5%,0.16,-9136.4
30m,1.0%,75pt,+40%,-30%,True,3,0.0%,0.0,-5322.0,5,-2314.7,15,26.7%,0.21,-6563.3
30m,1.3%,75pt,+60%,-30%,True,3,0.0%,0.0,-5322.0,5,-2314.7,16,25.0%,0.18,-8103.6
30m,1.0%,75pt,+60%,-20%,True,3,0.0%,0.0,-5322.0,5,-1283.3,15,26.7%,0.22,-6065.9
30m,1.3%,75pt,+80%,-20%,True,3,0.0%,0.0,-5322.0,6,-2968.2,17,23.5%,0.17,-8819.8
30m,1.0%,75pt,+60%,-25%,True,3,0.0%,0.0,-5322.0,5,-1761.1,15,26.7%,0.23,-5758.7
30m,1.0%,75pt,+40%,-25%,True,3,0.0%,0.0,-5322.0,5,-1761.1,15,26.7%,0.23,-5758.7
30m,1.0%,75pt,+60%,-35%,True,3,0.0%,0.0,-5322.0,5,-2652.4,15,26.7%,0.19,-7678.7
30m,1.0%,75pt,+80%,-20%,True,3,0.0%,0.0,-5322.0,5,-1283.3,15,26.7%,0.22,-6065.9
30m,1.0%,75pt,+80%,-25%,True,3,0.0%,0.0,-5322.0,5,-1761.1,15,26.7%,0.23,-5758.7
30m,0.75%,75pt,+80%,-30%,True,3,0.0%,0.0,-5322.0,5,-2314.7,15,26.7%,0.21,-6563.3
30m,0.75%,75pt,+40%,-25%,True,3,0.0%,0.0,-5322.0,5,-1761.1,15,26.7%,0.23,-5758.7
30m,1.3%,75pt,+80%,-35%,True,3,0.0%,0.0,-5322.0,5,-2652.4,16,25.0%,0.15,-9922.1
30m,1.3%,75pt,+100%,-20%,True,3,0.0%,0.0,-5322.0,6,-2968.2,17,23.5%,0.17,-8819.8
30m,1.3%,75pt,+100%,-25%,True,3,0.0%,0.0,-5322.0,6,-3847.2,17,23.5%,0.16,-9136.4
30m,1.0%,75pt,+60%,-30%,True,3,0.0%,0.0,-5322.0,5,-2314.7,15,26.7%,0.21,-6563.3
30m,1.3%,75pt,+100%,-35%,True,3,0.0%,0.0,-5322.0,5,-2652.4,16,25.0%,0.15,-9922.1
30m,1.3%,75pt,+100%,-30%,True,3,0.0%,0.0,-5322.0,5,-2314.7,16,25.0%,0.18,-8103.6
30m,0.75%,75pt,+100%,-25%,True,3,0.0%,0.0,-5322.0,5,-1761.1,15,26.7%,0.23,-5758.7
45m,0.75%,100pt,+60%,-20%,False,2,0.0%,0.0,-5407.5,2,-1962.0,7,0.0%,0.0,-7110.1
30m,1.0%,100pt,+80%,-20%,False,2,0.0%,0.0,-5407.5,2,-2413.5,7,0.0%,0.0,-7561.6
30m,0.75%,100pt,+100%,-20%,False,2,0.0%,0.0,-5407.5,2,-2413.5,7,0.0%,0.0,-7561.6
45m,1.0%,100pt,+80%,-20%,False,2,0.0%,0.0,-5407.5,2,-1962.0,7,0.0%,0.0,-7110.1
45m,1.0%,100pt,+40%,-20%,False,2,0.0%,0.0,-5407.5,2,-1962.0,7,0.0%,0.0,-7110.1
30m,0.75%,100pt,+80%,-20%,False,2,0.0%,0.0,-5407.5,2,-2413.5,7,0.0%,0.0,-7561.6
45m,1.0%,100pt,+60%,-20%,False,2,0.0%,0.0,-5407.5,2,-1962.0,7,0.0%,0.0,-7110.1
30m,1.0%,100pt,+100%,-20%,False,2,0.0%,0.0,-5407.5,2,-2413.5,7,0.0%,0.0,-7561.6
45m,0.75%,100pt,+80%,-20%,False,2,0.0%,0.0,-5407.5,2,-1962.0,7,0.0%,0.0,-7110.1
45m,0.75%,100pt,+100%,-20%,False,2,0.0%,0.0,-5407.5,2,-1962.0,7,0.0%,0.0,-7110.1
45m,0.75%,100pt,+40%,-20%,False,2,0.0%,0.0,-5407.5,2,-1962.0,7,0.0%,0.0,-7110.1
30m,0.75%,100pt,+40%,-20%,False,2,0.0%,0.0,-5407.5,2,-2413.5,7,0.0%,0.0,-7561.6
30m,1.3%,100pt,+60%,-20%,False,2,0.0%,0.0,-5407.5,3,-4014.4,9,0.0%,0.0,-10295.9
45m,1.3%,100pt,+40%,-20%,False,2,0.0%,0.0,-5407.5,3,-3587.8,9,0.0%,0.0,-10065.2
45m,1.0%,100pt,+100%,-20%,False,2,0.0%,0.0,-5407.5,2,-1962.0,7,0.0%,0.0,-7110.1
30m,1.3%,100pt,+100%,-20%,False,2,0.0%,0.0,-5407.5,3,-4014.4,9,0.0%,0.0,-10295.9
30m,1.3%,100pt,+40%,-20%,False,2,0.0%,0.0,-5407.5,3,-4014.4,9,0.0%,0.0,-10295.9
30m,1.3%,100pt,+80%,-20%,False,2,0.0%,0.0,-5407.5,3,-4014.4,9,0.0%,0.0,-10295.9
45m,1.3%,100pt,+100%,-20%,False,2,0.0%,0.0,-5407.5,3,-3587.8,9,0.0%,0.0,-10065.2
30m,1.0%,100pt,+40%,-20%,False,2,0.0%,0.0,-5407.5,2,-2413.5,7,0.0%,0.0,-7561.6
30m,1.0%,100pt,+60%,-20%,False,2,0.0%,0.0,-5407.5,2,-2413.5,7,0.0%,0.0,-7561.6
45m,1.3%,100pt,+80%,-20%,False,2,0.0%,0.0,-5407.5,3,-3587.8,9,0.0%,0.0,-10065.2
45m,1.3%,100pt,+60%,-20%,False,2,0.0%,0.0,-5407.5,3,-3587.8,9,0.0%,0.0,-10065.2
30m,0.75%,100pt,+60%,-20%,False,2,0.0%,0.0,-5407.5,2,-2413.5,7,0.0%,0.0,-7561.6
45m,0.75%,50pt,+100%,-35%,True,4,0.0%,0.0,-5436.0,5,-3536.6,17,58.8%,0.46,-5112.3
45m,0.75%,50pt,+100%,-30%,True,4,0.0%,0.0,-5436.0,5,-3251.2,17,58.8%,0.49,-4503.4
45m,0.75%,50pt,+100%,-25%,True,4,0.0%,0.0,-5436.0,5,-2833.5,17,58.8%,0.51,-4102.6
45m,0.75%,50pt,+100%,-20%,True,4,0.0%,0.0,-5436.0,5,-2487.4,17,52.9%,0.49,-4256.6
45m,1.3%,50pt,+80%,-20%,True,4,0.0%,0.0,-5436.0,6,-4131.5,19,47.4%,0.36,-7165.2
45m,1.0%,50pt,+100%,-20%,True,4,0.0%,0.0,-5436.0,5,-2487.4,17,52.9%,0.49,-4256.6
45m,1.0%,50pt,+100%,-25%,True,4,0.0%,0.0,-5436.0,5,-2833.5,17,58.8%,0.51,-4102.6
45m,1.0%,50pt,+100%,-30%,True,4,0.0%,0.0,-5436.0,5,-3251.2,17,58.8%,0.49,-4503.4
45m,1.0%,50pt,+100%,-35%,True,4,0.0%,0.0,-5436.0,5,-3536.6,17,58.8%,0.46,-5112.3
45m,1.0%,50pt,+80%,-35%,True,4,0.0%,0.0,-5436.0,5,-3536.6,17,58.8%,0.46,-5112.3
45m,1.3%,50pt,+60%,-30%,True,4,0.0%,0.0,-5436.0,5,-3251.2,18,55.6%,0.41,-6219.2
45m,1.3%,50pt,+60%,-35%,True,4,0.0%,0.0,-5436.0,5,-3536.6,18,55.6%,0.38,-7119.8
45m,0.75%,50pt,+80%,-35%,True,4,0.0%,0.0,-5436.0,5,-3536.6,17,58.8%,0.46,-5112.3
45m,0.75%,50pt,+80%,-25%,True,4,0.0%,0.0,-5436.0,5,-2833.5,17,58.8%,0.51,-4102.6
45m,0.75%,50pt,+80%,-20%,True,4,0.0%,0.0,-5436.0,5,-2487.4,17,52.9%,0.49,-4256.6
45m,0.75%,50pt,+60%,-35%,True,4,0.0%,0.0,-5436.0,5,-3536.6,17,58.8%,0.46,-5112.3
45m,0.75%,50pt,+60%,-30%,True,4,0.0%,0.0,-5436.0,5,-3251.2,17,58.8%,0.49,-4503.4
45m,1.3%,50pt,+100%,-35%,True,4,0.0%,0.0,-5436.0,5,-3536.6,18,55.6%,0.38,-7119.8
45m,1.3%,50pt,+100%,-25%,True,4,0.0%,0.0,-5436.0,5,-2833.5,18,55.6%,0.44,-5548.1
45m,1.3%,50pt,+100%,-30%,True,4,0.0%,0.0,-5436.0,5,-3251.2,18,55.6%,0.41,-6219.2
45m,1.3%,50pt,+100%,-20%,True,4,0.0%,0.0,-5436.0,6,-4131.5,19,47.4%,0.36,-7165.2
45m,1.3%,50pt,+80%,-35%,True,4,0.0%,0.0,-5436.0,5,-3536.6,18,55.6%,0.38,-7119.8
45m,1.3%,50pt,+80%,-30%,True,4,0.0%,0.0,-5436.0,5,-3251.2,18,55.6%,0.41,-6219.2
45m,1.3%,50pt,+80%,-25%,True,4,0.0%,0.0,-5436.0,5,-2833.5,18,55.6%,0.44,-5548.1
45m,0.75%,50pt,+60%,-25%,True,4,0.0%,0.0,-5436.0,5,-2833.5,17,58.8%,0.51,-4102.6
45m,0.75%,50pt,+60%,-20%,True,4,0.0%,0.0,-5436.0,5,-2487.4,17,52.9%,0.49,-4256.6
45m,1.3%,50pt,+60%,-25%,True,4,0.0%,0.0,-5436.0,5,-2833.5,18,55.6%,0.44,-5548.1
45m,1.0%,50pt,+60%,-20%,True,4,0.0%,0.0,-5436.0,5,-2487.4,17,52.9%,0.49,-4256.6
45m,0.75%,50pt,+80%,-30%,True,4,0.0%,0.0,-5436.0,5,-3251.2,17,58.8%,0.49,-4503.4
45m,1.0%,50pt,+80%,-25%,True,4,0.0%,0.0,-5436.0,5,-2833.5,17,58.8%,0.51,-4102.6
45m,1.0%,50pt,+80%,-20%,True,4,0.0%,0.0,-5436.0,5,-2487.4,17,52.9%,0.49,-4256.6
45m,1.0%,50pt,+80%,-30%,True,4,0.0%,0.0,-5436.0,5,-3251.2,17,58.8%,0.49,-4503.4
45m,1.0%,50pt,+60%,-25%,True,4,0.0%,0.0,-5436.0,5,-2833.5,17,58.8%,0.51,-4102.6
45m,1.3%,50pt,+60%,-20%,True,4,0.0%,0.0,-5436.0,6,-4131.5,19,47.4%,0.36,-7165.2
45m,1.0%,50pt,+60%,-35%,True,4,0.0%,0.0,-5436.0,5,-3536.6,17,58.8%,0.46,-5112.3
45m,1.0%,50pt,+60%,-30%,True,4,0.0%,0.0,-5436.0,5,-3251.2,17,58.8%,0.49,-4503.4
60m,0.75%,100pt,+80%,-25%,False,2,0.0%,0.0,-5553.0,2,-2531.4,6,0.0%,0.0,-7287.6
60m,0.75%,100pt,+40%,-25%,False,2,0.0%,0.0,-5553.0,2,-2531.4,6,0.0%,0.0,-7287.6
60m,1.3%,100pt,+60%,-25%,False,2,0.0%,0.0,-5553.0,2,-2531.4,7,0.0%,0.0,-8810.6
60m,1.0%,100pt,+100%,-25%,False,2,0.0%,0.0,-5553.0,2,-2531.4,6,0.0%,0.0,-7287.6
60m,1.3%,100pt,+100%,-25%,False,2,0.0%,0.0,-5553.0,2,-2531.4,7,0.0%,0.0,-8810.6
60m,1.3%,100pt,+80%,-25%,False,2,0.0%,0.0,-5553.0,2,-2531.4,7,0.0%,0.0,-8810.6
60m,0.75%,100pt,+100%,-25%,False,2,0.0%,0.0,-5553.0,2,-2531.4,6,0.0%,0.0,-7287.6
60m,0.75%,100pt,+60%,-25%,False,2,0.0%,0.0,-5553.0,2,-2531.4,6,0.0%,0.0,-7287.6
60m,1.0%,100pt,+40%,-25%,False,2,0.0%,0.0,-5553.0,2,-2531.4,6,0.0%,0.0,-7287.6
60m,1.0%,100pt,+80%,-25%,False,2,0.0%,0.0,-5553.0,2,-2531.4,6,0.0%,0.0,-7287.6
60m,1.0%,100pt,+60%,-25%,False,2,0.0%,0.0,-5553.0,2,-2531.4,6,0.0%,0.0,-7287.6
60m,1.3%,100pt,+40%,-25%,False,2,0.0%,0.0,-5553.0,2,-2531.4,7,0.0%,0.0,-8810.6
45m,0.75%,150pt,+80%,-25%,True,2,0.0%,0.0,-5584.5,3,-2037.9,6,33.3%,0.09,-4321.2
45m,0.75%,150pt,+100%,-25%,True,2,0.0%,0.0,-5584.5,3,-2037.9,6,33.3%,0.09,-4321.2
45m,0.75%,150pt,+60%,-25%,True,2,0.0%,0.0,-5584.5,3,-2037.9,6,33.3%,0.09,-4321.2
45m,0.75%,150pt,+40%,-25%,True,2,0.0%,0.0,-5584.5,3,-2037.9,6,33.3%,0.09,-4321.2
60m,1.0%,150pt,+60%,-25%,True,2,0.0%,0.0,-5584.5,3,-2037.9,6,33.3%,0.09,-4321.2
45m,1.0%,150pt,+100%,-25%,True,2,0.0%,0.0,-5584.5,3,-2037.9,6,33.3%,0.09,-4321.2
60m,1.0%,150pt,+40%,-25%,True,2,0.0%,0.0,-5584.5,3,-2037.9,6,33.3%,0.09,-4321.2
60m,1.0%,150pt,+80%,-25%,True,2,0.0%,0.0,-5584.5,3,-2037.9,6,33.3%,0.09,-4321.2
60m,1.3%,150pt,+40%,-25%,True,2,0.0%,0.0,-5584.5,3,-2037.9,7,28.6%,0.07,-5811.0
60m,1.3%,150pt,+60%,-25%,True,2,0.0%,0.0,-5584.5,3,-2037.9,7,28.6%,0.07,-5811.0
30m,1.3%,150pt,+40%,-25%,True,2,0.0%,0.0,-5584.5,5,-5216.8,9,22.2%,0.05,-8803.3
60m,1.0%,150pt,+100%,-25%,True,2,0.0%,0.0,-5584.5,3,-2037.9,6,33.3%,0.09,-4321.2
60m,1.3%,150pt,+100%,-25%,True,2,0.0%,0.0,-5584.5,3,-2037.9,7,28.6%,0.07,-5811.0
60m,0.75%,150pt,+80%,-25%,True,2,0.0%,0.0,-5584.5,3,-2037.9,6,33.3%,0.09,-4321.2
60m,0.75%,150pt,+40%,-25%,True,2,0.0%,0.0,-5584.5,3,-2037.9,6,33.3%,0.09,-4321.2
60m,0.75%,150pt,+60%,-25%,True,2,0.0%,0.0,-5584.5,3,-2037.9,6,33.3%,0.09,-4321.2
30m,0.75%,150pt,+80%,-25%,True,2,0.0%,0.0,-5584.5,4,-2960.3,7,28.6%,0.07,-5243.6
60m,0.75%,150pt,+100%,-25%,True,2,0.0%,0.0,-5584.5,3,-2037.9,6,33.3%,0.09,-4321.2
30m,1.0%,150pt,+100%,-25%,True,2,0.0%,0.0,-5584.5,4,-2960.3,7,28.6%,0.07,-5243.6
30m,1.0%,150pt,+80%,-25%,True,2,0.0%,0.0,-5584.5,4,-2960.3,7,28.6%,0.07,-5243.6
45m,1.0%,150pt,+40%,-25%,True,2,0.0%,0.0,-5584.5,3,-2037.9,6,33.3%,0.09,-4321.2
30m,1.0%,150pt,+60%,-25%,True,2,0.0%,0.0,-5584.5,4,-2960.3,7,28.6%,0.07,-5243.6
45m,1.0%,150pt,+60%,-25%,True,2,0.0%,0.0,-5584.5,3,-2037.9,6,33.3%,0.09,-4321.2
30m,1.0%,150pt,+40%,-25%,True,2,0.0%,0.0,-5584.5,4,-2960.3,7,28.6%,0.07,-5243.6
60m,1.3%,150pt,+80%,-25%,True,2,0.0%,0.0,-5584.5,3,-2037.9,7,28.6%,0.07,-5811.0
30m,1.3%,150pt,+80%,-25%,True,2,0.0%,0.0,-5584.5,5,-5216.8,9,22.2%,0.05,-8803.3
30m,1.3%,150pt,+60%,-25%,True,2,0.0%,0.0,-5584.5,5,-5216.8,9,22.2%,0.05,-8803.3
30m,1.3%,150pt,+100%,-25%,True,2,0.0%,0.0,-5584.5,5,-5216.8,9,22.2%,0.05,-8803.3
45m,1.0%,150pt,+80%,-25%,True,2,0.0%,0.0,-5584.5,3,-2037.9,6,33.3%,0.09,-4321.2
30m,0.75%,150pt,+60%,-25%,True,2,0.0%,0.0,-5584.5,4,-2960.3,7,28.6%,0.07,-5243.6
30m,0.75%,150pt,+40%,-25%,True,2,0.0%,0.0,-5584.5,4,-2960.3,7,28.6%,0.07,-5243.6
30m,0.75%,150pt,+100%,-25%,True,2,0.0%,0.0,-5584.5,4,-2960.3,7,28.6%,0.07,-5243.6
45m,1.3%,75pt,+100%,-20%,False,2,0.0%,0.0,-5629.5,3,-3552.4,10,0.0%,0.0,-11451.1
60m,1.3%,75pt,+60%,-20%,False,2,0.0%,0.0,-5629.5,2,-1794.6,8,0.0%,0.0,-8547.5
45m,1.0%,75pt,+60%,-20%,False,2,0.0%,0.0,-5629.5,2,-1867.6,8,0.0%,0.0,-8787.1
60m,1.3%,75pt,+100%,-20%,False,2,0.0%,0.0,-5629.5,2,-1794.6,8,0.0%,0.0,-8547.5
45m,0.75%,75pt,+80%,-20%,False,2,0.0%,0.0,-5629.5,2,-1867.6,8,0.0%,0.0,-8787.1
60m,1.3%,75pt,+40%,-20%,False,2,0.0%,0.0,-5629.5,2,-1794.6,8,0.0%,0.0,-8547.5
45m,1.0%,75pt,+100%,-20%,False,2,0.0%,0.0,-5629.5,2,-1867.6,8,0.0%,0.0,-8787.1
45m,1.0%,75pt,+80%,-20%,False,2,0.0%,0.0,-5629.5,2,-1867.6,8,0.0%,0.0,-8787.1
45m,0.75%,75pt,+100%,-20%,False,2,0.0%,0.0,-5629.5,2,-1867.6,8,0.0%,0.0,-8787.1
60m,1.0%,75pt,+60%,-20%,False,2,0.0%,0.0,-5629.5,2,-1794.6,7,0.0%,0.0,-7331.6
60m,0.75%,75pt,+60%,-20%,False,2,0.0%,0.0,-5629.5,2,-1794.6,7,0.0%,0.0,-7331.6
30m,1.3%,75pt,+60%,-20%,False,2,0.0%,0.0,-5629.5,3,-3761.6,10,0.0%,0.0,-11750.2
30m,1.3%,75pt,+40%,-20%,False,2,0.0%,0.0,-5629.5,3,-3761.6,10,0.0%,0.0,-11750.2
30m,1.3%,75pt,+100%,-20%,False,2,0.0%,0.0,-5629.5,3,-3761.6,10,0.0%,0.0,-11750.2
60m,1.0%,75pt,+80%,-20%,False,2,0.0%,0.0,-5629.5,2,-1794.6,7,0.0%,0.0,-7331.6
60m,0.75%,75pt,+80%,-20%,False,2,0.0%,0.0,-5629.5,2,-1794.6,7,0.0%,0.0,-7331.6
60m,0.75%,75pt,+100%,-20%,False,2,0.0%,0.0,-5629.5,2,-1794.6,7,0.0%,0.0,-7331.6
60m,1.0%,75pt,+40%,-20%,False,2,0.0%,0.0,-5629.5,2,-1794.6,7,0.0%,0.0,-7331.6
60m,1.0%,75pt,+100%,-20%,False,2,0.0%,0.0,-5629.5,2,-1794.6,7,0.0%,0.0,-7331.6
45m,1.0%,75pt,+40%,-20%,False,2,0.0%,0.0,-5629.5,2,-1867.6,8,0.0%,0.0,-8787.1
45m,0.75%,75pt,+40%,-20%,False,2,0.0%,0.0,-5629.5,2,-1867.6,8,0.0%,0.0,-8787.1
45m,0.75%,75pt,+60%,-20%,False,2,0.0%,0.0,-5629.5,2,-1867.6,8,0.0%,0.0,-8787.1
60m,1.3%,75pt,+80%,-20%,False,2,0.0%,0.0,-5629.5,2,-1794.6,8,0.0%,0.0,-8547.5
30m,0.75%,75pt,+100%,-20%,False,2,0.0%,0.0,-5629.5,2,-2076.7,8,0.0%,0.0,-8996.2
30m,1.0%,75pt,+80%,-20%,False,2,0.0%,0.0,-5629.5,2,-2076.7,8,0.0%,0.0,-8996.2
45m,1.3%,75pt,+40%,-20%,False,2,0.0%,0.0,-5629.5,3,-3552.4,10,0.0%,0.0,-11451.1
30m,0.75%,75pt,+80%,-20%,False,2,0.0%,0.0,-5629.5,2,-2076.7,8,0.0%,0.0,-8996.2
60m,0.75%,75pt,+40%,-20%,False,2,0.0%,0.0,-5629.5,2,-1794.6,7,0.0%,0.0,-7331.6
30m,1.0%,75pt,+60%,-20%,False,2,0.0%,0.0,-5629.5,2,-2076.7,8,0.0%,0.0,-8996.2
30m,0.75%,75pt,+60%,-20%,False,2,0.0%,0.0,-5629.5,2,-2076.7,8,0.0%,0.0,-8996.2
30m,1.3%,75pt,+80%,-20%,False,2,0.0%,0.0,-5629.5,3,-3761.6,10,0.0%,0.0,-11750.2
30m,0.75%,75pt,+40%,-20%,False,2,0.0%,0.0,-5629.5,2,-2076.7,8,0.0%,0.0,-8996.2
45m,1.3%,75pt,+60%,-20%,False,2,0.0%,0.0,-5629.5,3,-3552.4,10,0.0%,0.0,-11451.1
30m,1.0%,75pt,+100%,-20%,False,2,0.0%,0.0,-5629.5,2,-2076.7,8,0.0%,0.0,-8996.2
30m,1.0%,75pt,+40%,-20%,False,2,0.0%,0.0,-5629.5,2,-2076.7,8,0.0%,0.0,-8996.2
45m,1.3%,75pt,+80%,-20%,False,2,0.0%,0.0,-5629.5,3,-3552.4,10,0.0%,0.0,-11451.1
45m,1.3%,100pt,+80%,-25%,False,2,0.0%,0.0,-5793.0,3,-4372.8,9,0.0%,0.0,-11811.1
45m,1.3%,100pt,+100%,-25%,False,2,0.0%,0.0,-5793.0,3,-4372.8,9,0.0%,0.0,-11811.1
45m,1.3%,100pt,+60%,-25%,False,2,0.0%,0.0,-5793.0,3,-4372.8,9,0.0%,0.0,-11811.1
30m,0.75%,100pt,+60%,-25%,False,2,0.0%,0.0,-5793.0,2,-2649.8,7,0.0%,0.0,-8577.7
45m,0.75%,100pt,+100%,-25%,False,2,0.0%,0.0,-5793.0,2,-2345.9,7,0.0%,0.0,-8273.8
45m,1.0%,100pt,+40%,-25%,False,2,0.0%,0.0,-5793.0,2,-2345.9,7,0.0%,0.0,-8273.8
30m,0.75%,100pt,+40%,-25%,False,2,0.0%,0.0,-5793.0,2,-2649.8,7,0.0%,0.0,-8577.7
30m,1.0%,100pt,+80%,-25%,False,2,0.0%,0.0,-5793.0,2,-2649.8,7,0.0%,0.0,-8577.7
45m,0.75%,100pt,+40%,-25%,False,2,0.0%,0.0,-5793.0,2,-2345.9,7,0.0%,0.0,-8273.8
30m,0.75%,100pt,+80%,-25%,False,2,0.0%,0.0,-5793.0,2,-2649.8,7,0.0%,0.0,-8577.7
30m,0.75%,100pt,+100%,-25%,False,2,0.0%,0.0,-5793.0,2,-2649.8,7,0.0%,0.0,-8577.7
30m,1.0%,100pt,+100%,-25%,False,2,0.0%,0.0,-5793.0,2,-2649.8,7,0.0%,0.0,-8577.7
45m,0.75%,100pt,+80%,-25%,False,2,0.0%,0.0,-5793.0,2,-2345.9,7,0.0%,0.0,-8273.8
45m,0.75%,100pt,+60%,-25%,False,2,0.0%,0.0,-5793.0,2,-2345.9,7,0.0%,0.0,-8273.8
45m,1.0%,100pt,+60%,-25%,False,2,0.0%,0.0,-5793.0,2,-2345.9,7,0.0%,0.0,-8273.8
30m,1.3%,100pt,+100%,-25%,False,2,0.0%,0.0,-5793.0,2,-2649.8,8,0.0%,0.0,-10079.9
30m,1.3%,100pt,+80%,-25%,False,2,0.0%,0.0,-5793.0,2,-2649.8,8,0.0%,0.0,-10079.9
30m,1.3%,100pt,+60%,-25%,False,2,0.0%,0.0,-5793.0,2,-2649.8,8,0.0%,0.0,-10079.9
45m,1.0%,100pt,+100%,-25%,False,2,0.0%,0.0,-5793.0,2,-2345.9,7,0.0%,0.0,-8273.8
45m,1.0%,100pt,+80%,-25%,False,2,0.0%,0.0,-5793.0,2,-2345.9,7,0.0%,0.0,-8273.8
30m,1.0%,100pt,+60%,-25%,False,2,0.0%,0.0,-5793.0,2,-2649.8,7,0.0%,0.0,-8577.7
45m,1.3%,100pt,+40%,-25%,False,2,0.0%,0.0,-5793.0,3,-4372.8,9,0.0%,0.0,-11811.1
30m,1.3%,100pt,+40%,-25%,False,2,0.0%,0.0,-5793.0,2,-2649.8,8,0.0%,0.0,-10079.9
30m,1.0%,100pt,+40%,-25%,False,2,0.0%,0.0,-5793.0,2,-2649.8,7,0.0%,0.0,-8577.7
30m,1.3%,150pt,+40%,-30%,True,2,0.0%,0.0,-5865.0,5,-5939.0,9,22.2%,0.04,-10652.9
60m,1.0%,150pt,+80%,-35%,True,2,0.0%,0.0,-5865.0,3,-2463.1,6,33.3%,0.07,-6014.1
60m,1.0%,150pt,+100%,-35%,True,2,0.0%,0.0,-5865.0,3,-2463.1,6,33.3%,0.07,-6014.1
60m,1.3%,150pt,+100%,-30%,True,2,0.0%,0.0,-5865.0,3,-2223.7,7,28.6%,0.06,-6565.5
60m,1.3%,150pt,+40%,-30%,True,2,0.0%,0.0,-5865.0,3,-2223.7,7,28.6%,0.06,-6565.5
60m,1.3%,150pt,+40%,-35%,True,2,0.0%,0.0,-5865.0,3,-2463.1,7,28.6%,0.05,-7539.0
60m,1.3%,150pt,+60%,-30%,True,2,0.0%,0.0,-5865.0,3,-2223.7,7,28.6%,0.06,-6565.5
60m,1.0%,150pt,+100%,-30%,True,2,0.0%,0.0,-5865.0,3,-2223.7,6,33.3%,0.08,-5075.7
45m,1.3%,150pt,+100%,-35%,True,2,0.0%,0.0,-5865.0,3,-2463.1,7,28.6%,0.05,-8060.4
45m,1.3%,150pt,+100%,-30%,True,2,0.0%,0.0,-5865.0,4,-4896.9,8,25.0%,0.04,-9497.6
45m,1.3%,150pt,+80%,-35%,True,2,0.0%,0.0,-5865.0,3,-2463.1,7,28.6%,0.05,-8060.4
45m,1.3%,150pt,+80%,-30%,True,2,0.0%,0.0,-5865.0,4,-4896.9,8,25.0%,0.04,-9497.6
45m,1.3%,150pt,+40%,-30%,True,2,0.0%,0.0,-5865.0,4,-4896.9,8,25.0%,0.04,-9497.6
45m,1.3%,150pt,+40%,-35%,True,2,0.0%,0.0,-5865.0,3,-2463.1,7,28.6%,0.05,-8060.4
45m,0.75%,150pt,+100%,-30%,True,2,0.0%,0.0,-5865.0,3,-2223.7,6,33.3%,0.08,-5075.7
45m,1.3%,150pt,+60%,-35%,True,2,0.0%,0.0,-5865.0,3,-2463.1,7,28.6%,0.05,-8060.4
45m,0.75%,150pt,+40%,-35%,True,2,0.0%,0.0,-5865.0,3,-2463.1,6,33.3%,0.07,-6014.1
45m,0.75%,150pt,+60%,-30%,True,2,0.0%,0.0,-5865.0,3,-2223.7,6,33.3%,0.08,-5075.7
45m,0.75%,150pt,+80%,-30%,True,2,0.0%,0.0,-5865.0,3,-2223.7,6,33.3%,0.08,-5075.7
45m,0.75%,150pt,+60%,-35%,True,2,0.0%,0.0,-5865.0,3,-2463.1,6,33.3%,0.07,-6014.1
45m,0.75%,150pt,+80%,-35%,True,2,0.0%,0.0,-5865.0,3,-2463.1,6,33.3%,0.07,-6014.1
45m,1.3%,150pt,+60%,-30%,True,2,0.0%,0.0,-5865.0,4,-4896.9,8,25.0%,0.04,-9497.6
45m,0.75%,150pt,+40%,-30%,True,2,0.0%,0.0,-5865.0,3,-2223.7,6,33.3%,0.08,-5075.7
45m,1.0%,150pt,+100%,-30%,True,2,0.0%,0.0,-5865.0,3,-2223.7,6,33.3%,0.08,-5075.7
60m,0.75%,150pt,+100%,-35%,True,2,0.0%,0.0,-5865.0,3,-2463.1,6,33.3%,0.07,-6014.1
60m,1.0%,150pt,+60%,-30%,True,2,0.0%,0.0,-5865.0,3,-2223.7,6,33.3%,0.08,-5075.7
60m,1.0%,150pt,+40%,-35%,True,2,0.0%,0.0,-5865.0,3,-2463.1,6,33.3%,0.07,-6014.1
30m,1.0%,150pt,+60%,-30%,True,2,0.0%,0.0,-5865.0,4,-3281.3,7,28.6%,0.06,-6133.3
45m,1.0%,150pt,+80%,-30%,True,2,0.0%,0.0,-5865.0,3,-2223.7,6,33.3%,0.08,-5075.7
45m,1.0%,150pt,+80%,-35%,True,2,0.0%,0.0,-5865.0,3,-2463.1,6,33.3%,0.07,-6014.1
30m,1.0%,150pt,+100%,-35%,True,2,0.0%,0.0,-5865.0,4,-3713.7,7,28.6%,0.05,-7264.7
30m,1.0%,150pt,+100%,-30%,True,2,0.0%,0.0,-5865.0,4,-3281.3,7,28.6%,0.06,-6133.3
60m,1.0%,150pt,+80%,-30%,True,2,0.0%,0.0,-5865.0,3,-2223.7,6,33.3%,0.08,-5075.7
60m,0.75%,150pt,+100%,-30%,True,2,0.0%,0.0,-5865.0,3,-2223.7,6,33.3%,0.08,-5075.7
60m,1.0%,150pt,+60%,-35%,True,2,0.0%,0.0,-5865.0,3,-2463.1,6,33.3%,0.07,-6014.1
60m,1.0%,150pt,+40%,-30%,True,2,0.0%,0.0,-5865.0,3,-2223.7,6,33.3%,0.08,-5075.7
30m,1.0%,150pt,+80%,-35%,True,2,0.0%,0.0,-5865.0,4,-3713.7,7,28.6%,0.05,-7264.7
45m,0.75%,150pt,+100%,-35%,True,2,0.0%,0.0,-5865.0,3,-2463.1,6,33.3%,0.07,-6014.1
30m,1.0%,150pt,+80%,-30%,True,2,0.0%,0.0,-5865.0,4,-3281.3,7,28.6%,0.06,-6133.3
30m,1.0%,150pt,+60%,-35%,True,2,0.0%,0.0,-5865.0,4,-3713.7,7,28.6%,0.05,-7264.7
60m,0.75%,150pt,+80%,-30%,True,2,0.0%,0.0,-5865.0,3,-2223.7,6,33.3%,0.08,-5075.7
60m,0.75%,150pt,+80%,-35%,True,2,0.0%,0.0,-5865.0,3,-2463.1,6,33.3%,0.07,-6014.1
45m,1.0%,150pt,+60%,-30%,True,2,0.0%,0.0,-5865.0,3,-2223.7,6,33.3%,0.08,-5075.7
30m,1.0%,150pt,+40%,-30%,True,2,0.0%,0.0,-5865.0,4,-3281.3,7,28.6%,0.06,-6133.3
30m,0.75%,150pt,+100%,-35%,True,2,0.0%,0.0,-5865.0,4,-3713.7,7,28.6%,0.05,-7264.7
30m,0.75%,150pt,+40%,-30%,True,2,0.0%,0.0,-5865.0,4,-3281.3,7,28.6%,0.06,-6133.3
30m,0.75%,150pt,+40%,-35%,True,2,0.0%,0.0,-5865.0,4,-3713.7,7,28.6%,0.05,-7264.7
45m,1.0%,150pt,+40%,-30%,True,2,0.0%,0.0,-5865.0,3,-2223.7,6,33.3%,0.08,-5075.7
60m,0.75%,150pt,+40%,-35%,True,2,0.0%,0.0,-5865.0,3,-2463.1,6,33.3%,0.07,-6014.1
60m,0.75%,150pt,+40%,-30%,True,2,0.0%,0.0,-5865.0,3,-2223.7,6,33.3%,0.08,-5075.7
60m,0.75%,150pt,+60%,-35%,True,2,0.0%,0.0,-5865.0,3,-2463.1,6,33.3%,0.07,-6014.1
30m,0.75%,150pt,+100%,-30%,True,2,0.0%,0.0,-5865.0,4,-3281.3,7,28.6%,0.06,-6133.3
30m,0.75%,150pt,+80%,-30%,True,2,0.0%,0.0,-5865.0,4,-3281.3,7,28.6%,0.06,-6133.3
30m,0.75%,150pt,+80%,-35%,True,2,0.0%,0.0,-5865.0,4,-3713.7,7,28.6%,0.05,-7264.7
30m,0.75%,150pt,+60%,-35%,True,2,0.0%,0.0,-5865.0,4,-3713.7,7,28.6%,0.05,-7264.7
30m,0.75%,150pt,+60%,-30%,True,2,0.0%,0.0,-5865.0,4,-3281.3,7,28.6%,0.06,-6133.3
60m,0.75%,150pt,+60%,-30%,True,2,0.0%,0.0,-5865.0,3,-2223.7,6,33.3%,0.08,-5075.7
45m,1.0%,150pt,+60%,-35%,True,2,0.0%,0.0,-5865.0,3,-2463.1,6,33.3%,0.07,-6014.1
30m,1.0%,150pt,+40%,-35%,True,2,0.0%,0.0,-5865.0,4,-3713.7,7,28.6%,0.05,-7264.7
45m,1.0%,150pt,+100%,-35%,True,2,0.0%,0.0,-5865.0,3,-2463.1,6,33.3%,0.07,-6014.1
45m,1.0%,150pt,+40%,-35%,True,2,0.0%,0.0,-5865.0,3,-2463.1,6,33.3%,0.07,-6014.1
30m,1.3%,150pt,+80%,-30%,True,2,0.0%,0.0,-5865.0,5,-5939.0,9,22.2%,0.04,-10652.9
30m,1.3%,150pt,+60%,-35%,True,2,0.0%,0.0,-5865.0,4,-3713.7,8,25.0%,0.04,-9126.6
30m,1.3%,150pt,+60%,-30%,True,2,0.0%,0.0,-5865.0,5,-5939.0,9,22.2%,0.04,-10652.9
60m,1.3%,150pt,+80%,-35%,True,2,0.0%,0.0,-5865.0,3,-2463.1,7,28.6%,0.05,-7539.0
30m,1.3%,150pt,+100%,-30%,True,2,0.0%,0.0,-5865.0,5,-5939.0,9,22.2%,0.04,-10652.9
30m,1.3%,150pt,+100%,-35%,True,2,0.0%,0.0,-5865.0,4,-3713.7,8,25.0%,0.04,-9126.6
60m,1.3%,150pt,+80%,-30%,True,2,0.0%,0.0,-5865.0,3,-2223.7,7,28.6%,0.06,-6565.5
30m,1.3%,150pt,+40%,-35%,True,2,0.0%,0.0,-5865.0,4,-3713.7,8,25.0%,0.04,-9126.6
30m,1.3%,150pt,+80%,-35%,True,2,0.0%,0.0,-5865.0,4,-3713.7,8,25.0%,0.04,-9126.6
60m,1.3%,150pt,+60%,-35%,True,2,0.0%,0.0,-5865.0,3,-2463.1,7,28.6%,0.05,-7539.0
60m,1.3%,150pt,+100%,-35%,True,2,0.0%,0.0,-5865.0,3,-2463.1,7,28.6%,0.05,-7539.0
30m,1.3%,100pt,+100%,-35%,True,3,0.0%,0.0,-5959.5,5,-3731.5,14,21.4%,0.23,-9325.4
30m,1.3%,100pt,+100%,-30%,True,3,0.0%,0.0,-5959.5,5,-3340.4,14,21.4%,0.25,-8434.0
30m,1.3%,100pt,+100%,-25%,True,3,0.0%,0.0,-5959.5,5,-2691.6,14,21.4%,0.28,-7227.1
30m,1.3%,100pt,+100%,-20%,True,3,0.0%,0.0,-5959.5,6,-4056.2,15,20.0%,0.24,-8835.8
30m,1.3%,100pt,+80%,-35%,True,3,0.0%,0.0,-5959.5,5,-3731.5,14,21.4%,0.23,-9325.4
30m,1.3%,100pt,+80%,-30%,True,3,0.0%,0.0,-5959.5,5,-3340.4,14,21.4%,0.25,-8434.0
30m,1.3%,100pt,+80%,-25%,True,3,0.0%,0.0,-5959.5,5,-2691.6,14,21.4%,0.28,-7227.1
30m,1.3%,100pt,+80%,-20%,True,3,0.0%,0.0,-5959.5,6,-4056.2,15,20.0%,0.24,-8835.8
30m,1.3%,100pt,+60%,-35%,True,3,0.0%,0.0,-5959.5,5,-3731.5,14,21.4%,0.23,-9325.4
30m,1.3%,100pt,+60%,-30%,True,3,0.0%,0.0,-5959.5,5,-3340.4,14,21.4%,0.25,-8434.0
30m,1.3%,100pt,+60%,-25%,True,3,0.0%,0.0,-5959.5,5,-2691.6,14,21.4%,0.28,-7227.1
30m,1.3%,100pt,+40%,-35%,True,3,0.0%,0.0,-5959.5,5,-3731.5,14,21.4%,0.23,-9325.4
30m,1.3%,100pt,+40%,-30%,True,3,0.0%,0.0,-5959.5,5,-3340.4,14,21.4%,0.25,-8434.0
30m,1.3%,100pt,+40%,-25%,True,3,0.0%,0.0,-5959.5,5,-2691.6,14,21.4%,0.28,-7227.1
30m,1.3%,100pt,+40%,-20%,True,3,0.0%,0.0,-5959.5,6,-4056.2,15,20.0%,0.24,-8835.8
30m,1.0%,100pt,+100%,-35%,True,3,0.0%,0.0,-5959.5,5,-3731.5,13,23.1%,0.27,-7352.1
30m,1.0%,100pt,+100%,-30%,True,3,0.0%,0.0,-5959.5,5,-3340.4,13,23.1%,0.29,-6782.0
30m,1.0%,100pt,+60%,-35%,True,3,0.0%,0.0,-5959.5,5,-3731.5,13,23.1%,0.27,-7352.1
30m,0.75%,100pt,+60%,-25%,True,3,0.0%,0.0,-5959.5,5,-2691.6,13,23.1%,0.32,-5725.0
30m,0.75%,100pt,+60%,-20%,True,3,0.0%,0.0,-5959.5,5,-2455.3,13,23.1%,0.31,-6101.5
30m,0.75%,100pt,+40%,-35%,True,3,0.0%,0.0,-5959.5,5,-3731.5,13,23.1%,0.27,-7352.1
30m,1.0%,100pt,+60%,-30%,True,3,0.0%,0.0,-5959.5,5,-3340.4,13,23.1%,0.29,-6782.0
30m,1.3%,100pt,+60%,-20%,True,3,0.0%,0.0,-5959.5,6,-4056.2,15,20.0%,0.24,-8835.8
30m,1.0%,100pt,+100%,-25%,True,3,0.0%,0.0,-5959.5,5,-2691.6,13,23.1%,0.32,-5725.0
30m,1.0%,100pt,+100%,-20%,True,3,0.0%,0.0,-5959.5,5,-2455.3,13,23.1%,0.31,-6101.5
30m,1.0%,100pt,+80%,-35%,True,3,0.0%,0.0,-5959.5,5,-3731.5,13,23.1%,0.27,-7352.1
30m,1.0%,100pt,+80%,-30%,True,3,0.0%,0.0,-5959.5,5,-3340.4,13,23.1%,0.29,-6782.0
30m,1.0%,100pt,+80%,-25%,True,3,0.0%,0.0,-5959.5,5,-2691.6,13,23.1%,0.32,-5725.0
30m,1.0%,100pt,+80%,-20%,True,3,0.0%,0.0,-5959.5,5,-2455.3,13,23.1%,0.31,-6101.5
30m,1.0%,100pt,+60%,-20%,True,3,0.0%,0.0,-5959.5,5,-2455.3,13,23.1%,0.31,-6101.5
30m,1.0%,100pt,+40%,-35%,True,3,0.0%,0.0,-5959.5,5,-3731.5,13,23.1%,0.27,-7352.1
30m,1.0%,100pt,+40%,-30%,True,3,0.0%,0.0,-5959.5,5,-3340.4,13,23.1%,0.29,-6782.0
30m,1.0%,100pt,+40%,-25%,True,3,0.0%,0.0,-5959.5,5,-2691.6,13,23.1%,0.32,-5725.0
30m,1.0%,100pt,+40%,-20%,True,3,0.0%,0.0,-5959.5,5,-2455.3,13,23.1%,0.31,-6101.5
30m,0.75%,100pt,+80%,-30%,True,3,0.0%,0.0,-5959.5,5,-3340.4,13,23.1%,0.29,-6782.0
30m,0.75%,100pt,+80%,-25%,True,3,0.0%,0.0,-5959.5,5,-2691.6,13,23.1%,0.32,-5725.0
30m,0.75%,100pt,+80%,-20%,True,3,0.0%,0.0,-5959.5,5,-2455.3,13,23.1%,0.31,-6101.5
30m,0.75%,100pt,+60%,-35%,True,3,0.0%,0.0,-5959.5,5,-3731.5,13,23.1%,0.27,-7352.1
30m,0.75%,100pt,+60%,-30%,True,3,0.0%,0.0,-5959.5,5,-3340.4,13,23.1%,0.29,-6782.0
30m,1.0%,100pt,+60%,-25%,True,3,0.0%,0.0,-5959.5,5,-2691.6,13,23.1%,0.32,-5725.0
30m,0.75%,100pt,+40%,-30%,True,3,0.0%,0.0,-5959.5,5,-3340.4,13,23.1%,0.29,-6782.0
30m,0.75%,100pt,+40%,-25%,True,3,0.0%,0.0,-5959.5,5,-2691.6,13,23.1%,0.32,-5725.0
30m,0.75%,100pt,+40%,-20%,True,3,0.0%,0.0,-5959.5,5,-2455.3,13,23.1%,0.31,-6101.5
30m,0.75%,100pt,+100%,-35%,True,3,0.0%,0.0,-5959.5,5,-3731.5,13,23.1%,0.27,-7352.1
30m,0.75%,100pt,+100%,-30%,True,3,0.0%,0.0,-5959.5,5,-3340.4,13,23.1%,0.29,-6782.0
30m,0.75%,100pt,+100%,-25%,True,3,0.0%,0.0,-5959.5,5,-2691.6,13,23.1%,0.32,-5725.0
30m,0.75%,100pt,+100%,-20%,True,3,0.0%,0.0,-5959.5,5,-2455.3,13,23.1%,0.31,-6101.5
30m,0.75%,100pt,+80%,-35%,True,3,0.0%,0.0,-5959.5,5,-3731.5,13,23.1%,0.27,-7352.1
45m,1.3%,150pt,+100%,-20%,True,3,0.0%,0.0,-6241.5,4,-4155.5,8,25.0%,0.05,-7387.2
45m,1.3%,150pt,+40%,-20%,True,3,0.0%,0.0,-6241.5,4,-4155.5,8,25.0%,0.05,-7387.2
45m,1.3%,150pt,+60%,-20%,True,3,0.0%,0.0,-6241.5,4,-4155.5,8,25.0%,0.05,-7387.2
45m,1.3%,150pt,+80%,-20%,True,3,0.0%,0.0,-6241.5,4,-4155.5,8,25.0%,0.05,-7387.2
45m,0.75%,75pt,+80%,-25%,False,2,0.0%,0.0,-6420.0,2,-2321.9,7,0.0%,0.0,-8130.8
45m,1.0%,75pt,+80%,-25%,False,2,0.0%,0.0,-6420.0,2,-2321.9,7,0.0%,0.0,-8130.8
45m,1.0%,75pt,+60%,-25%,False,2,0.0%,0.0,-6420.0,2,-2321.9,7,0.0%,0.0,-8130.8
60m,1.3%,75pt,+100%,-25%,False,2,0.0%,0.0,-6420.0,2,-2198.4,8,0.0%,0.0,-9694.0
60m,1.3%,75pt,+40%,-25%,False,2,0.0%,0.0,-6420.0,2,-2198.4,8,0.0%,0.0,-9694.0
45m,1.0%,75pt,+100%,-25%,False,2,0.0%,0.0,-6420.0,2,-2321.9,7,0.0%,0.0,-8130.8
30m,1.3%,75pt,+60%,-25%,False,2,0.0%,0.0,-6420.0,3,-4640.5,9,0.0%,0.0,-11741.1
60m,0.75%,75pt,+80%,-25%,False,2,0.0%,0.0,-6420.0,2,-2198.4,7,0.0%,0.0,-8171.0
60m,1.0%,75pt,+80%,-25%,False,2,0.0%,0.0,-6420.0,2,-2198.4,7,0.0%,0.0,-8171.0
30m,0.75%,75pt,+40%,-25%,False,2,0.0%,0.0,-6420.0,2,-2554.5,7,0.0%,0.0,-8363.4
60m,1.3%,75pt,+80%,-25%,False,2,0.0%,0.0,-6420.0,2,-2198.4,8,0.0%,0.0,-9694.0
60m,0.75%,75pt,+40%,-25%,False,2,0.0%,0.0,-6420.0,2,-2198.4,7,0.0%,0.0,-8171.0
60m,0.75%,75pt,+60%,-25%,False,2,0.0%,0.0,-6420.0,2,-2198.4,7,0.0%,0.0,-8171.0
60m,1.3%,75pt,+60%,-25%,False,2,0.0%,0.0,-6420.0,2,-2198.4,8,0.0%,0.0,-9694.0
30m,0.75%,75pt,+80%,-25%,False,2,0.0%,0.0,-6420.0,2,-2554.5,7,0.0%,0.0,-8363.4
30m,1.0%,75pt,+100%,-25%,False,2,0.0%,0.0,-6420.0,2,-2554.5,7,0.0%,0.0,-8363.4
45m,1.3%,75pt,+40%,-25%,False,2,0.0%,0.0,-6420.0,3,-4408.0,9,0.0%,0.0,-11520.0
60m,1.0%,75pt,+60%,-25%,False,2,0.0%,0.0,-6420.0,2,-2198.4,7,0.0%,0.0,-8171.0
30m,1.3%,75pt,+80%,-25%,False,2,0.0%,0.0,-6420.0,3,-4640.5,9,0.0%,0.0,-11741.1
60m,0.75%,75pt,+100%,-25%,False,2,0.0%,0.0,-6420.0,2,-2198.4,7,0.0%,0.0,-8171.0
45m,0.75%,75pt,+60%,-25%,False,2,0.0%,0.0,-6420.0,2,-2321.9,7,0.0%,0.0,-8130.8
30m,0.75%,75pt,+60%,-25%,False,2,0.0%,0.0,-6420.0,2,-2554.5,7,0.0%,0.0,-8363.4
30m,0.75%,75pt,+100%,-25%,False,2,0.0%,0.0,-6420.0,2,-2554.5,7,0.0%,0.0,-8363.4
45m,0.75%,75pt,+40%,-25%,False,2,0.0%,0.0,-6420.0,2,-2321.9,7,0.0%,0.0,-8130.8
45m,1.3%,75pt,+80%,-25%,False,2,0.0%,0.0,-6420.0,3,-4408.0,9,0.0%,0.0,-11520.0
30m,1.3%,75pt,+40%,-25%,False,2,0.0%,0.0,-6420.0,3,-4640.5,9,0.0%,0.0,-11741.1
45m,1.3%,75pt,+60%,-25%,False,2,0.0%,0.0,-6420.0,3,-4408.0,9,0.0%,0.0,-11520.0
45m,1.3%,75pt,+100%,-25%,False,2,0.0%,0.0,-6420.0,3,-4408.0,9,0.0%,0.0,-11520.0
30m,1.0%,75pt,+80%,-25%,False,2,0.0%,0.0,-6420.0,2,-2554.5,7,0.0%,0.0,-8363.4
30m,1.0%,75pt,+40%,-25%,False,2,0.0%,0.0,-6420.0,2,-2554.5,7,0.0%,0.0,-8363.4
30m,1.3%,75pt,+100%,-25%,False,2,0.0%,0.0,-6420.0,3,-4640.5,9,0.0%,0.0,-11741.1
45m,1.0%,75pt,+40%,-25%,False,2,0.0%,0.0,-6420.0,2,-2321.9,7,0.0%,0.0,-8130.8
30m,1.0%,75pt,+60%,-25%,False,2,0.0%,0.0,-6420.0,2,-2554.5,7,0.0%,0.0,-8363.4
45m,0.75%,75pt,+100%,-25%,False,2,0.0%,0.0,-6420.0,2,-2321.9,7,0.0%,0.0,-8130.8
60m,1.0%,75pt,+40%,-25%,False,2,0.0%,0.0,-6420.0,2,-2198.4,7,0.0%,0.0,-8171.0
60m,1.0%,75pt,+100%,-25%,False,2,0.0%,0.0,-6420.0,2,-2198.4,7,0.0%,0.0,-8171.0
60m,1.3%,75pt,+40%,-35%,True,4,0.0%,0.0,-6441.0,5,-3286.4,14,28.6%,0.1,-8759.0
60m,1.3%,75pt,+40%,-30%,True,4,0.0%,0.0,-6441.0,5,-3041.8,14,28.6%,0.12,-7439.1
60m,1.3%,75pt,+40%,-20%,True,4,0.0%,0.0,-6441.0,5,-1981.7,14,28.6%,0.13,-6380.2
60m,1.3%,75pt,+40%,-25%,True,4,0.0%,0.0,-6441.0,5,-2385.5,14,28.6%,0.14,-6306.1
60m,1.3%,75pt,+60%,-20%,True,4,0.0%,0.0,-6441.0,5,-1981.7,14,28.6%,0.13,-6380.2
60m,1.3%,75pt,+80%,-20%,True,4,0.0%,0.0,-6441.0,5,-1981.7,14,28.6%,0.13,-6380.2
60m,1.3%,75pt,+60%,-30%,True,4,0.0%,0.0,-6441.0,5,-3041.8,14,28.6%,0.12,-7439.1
60m,1.3%,75pt,+100%,-25%,True,4,0.0%,0.0,-6441.0,5,-2385.5,14,28.6%,0.14,-6306.1
60m,1.3%,75pt,+100%,-35%,True,4,0.0%,0.0,-6441.0,5,-3286.4,14,28.6%,0.1,-8759.0
60m,1.3%,75pt,+100%,-30%,True,4,0.0%,0.0,-6441.0,5,-3041.8,14,28.6%,0.12,-7439.1
60m,0.75%,75pt,+100%,-25%,True,4,0.0%,0.0,-6441.0,5,-2385.5,13,30.8%,0.17,-4783.1
60m,0.75%,75pt,+60%,-25%,True,4,0.0%,0.0,-6441.0,5,-2385.5,13,30.8%,0.17,-4783.1
60m,0.75%,75pt,+60%,-30%,True,4,0.0%,0.0,-6441.0,5,-3041.8,13,30.8%,0.15,-5690.4
60m,1.0%,75pt,+40%,-25%,True,4,0.0%,0.0,-6441.0,5,-2385.5,13,30.8%,0.17,-4783.1
60m,1.0%,75pt,+40%,-30%,True,4,0.0%,0.0,-6441.0,5,-3041.8,13,30.8%,0.15,-5690.4
60m,1.0%,75pt,+40%,-35%,True,4,0.0%,0.0,-6441.0,5,-3286.4,13,30.8%,0.13,-6712.7
60m,1.0%,75pt,+60%,-25%,True,4,0.0%,0.0,-6441.0,5,-2385.5,13,30.8%,0.17,-4783.1
60m,1.0%,75pt,+60%,-20%,True,4,0.0%,0.0,-6441.0,5,-1981.7,13,30.8%,0.16,-5164.3
60m,1.0%,75pt,+60%,-35%,True,4,0.0%,0.0,-6441.0,5,-3286.4,13,30.8%,0.13,-6712.7
60m,1.0%,75pt,+60%,-30%,True,4,0.0%,0.0,-6441.0,5,-3041.8,13,30.8%,0.15,-5690.4
60m,1.0%,75pt,+80%,-25%,True,4,0.0%,0.0,-6441.0,5,-2385.5,13,30.8%,0.17,-4783.1
60m,1.0%,75pt,+80%,-35%,True,4,0.0%,0.0,-6441.0,5,-3286.4,13,30.8%,0.13,-6712.7
60m,1.0%,75pt,+80%,-20%,True,4,0.0%,0.0,-6441.0,5,-1981.7,13,30.8%,0.16,-5164.3
60m,0.75%,75pt,+100%,-35%,True,4,0.0%,0.0,-6441.0,5,-3286.4,13,30.8%,0.13,-6712.7
60m,0.75%,75pt,+40%,-20%,True,4,0.0%,0.0,-6441.0,5,-1981.7,13,30.8%,0.16,-5164.3
60m,0.75%,75pt,+100%,-30%,True,4,0.0%,0.0,-6441.0,5,-3041.8,13,30.8%,0.15,-5690.4
60m,0.75%,75pt,+80%,-35%,True,4,0.0%,0.0,-6441.0,5,-3286.4,13,30.8%,0.13,-6712.7
60m,0.75%,75pt,+60%,-35%,True,4,0.0%,0.0,-6441.0,5,-3286.4,13,30.8%,0.13,-6712.7
60m,1.3%,75pt,+60%,-35%,True,4,0.0%,0.0,-6441.0,5,-3286.4,14,28.6%,0.1,-8759.0
60m,0.75%,75pt,+40%,-35%,True,4,0.0%,0.0,-6441.0,5,-3286.4,13,30.8%,0.13,-6712.7
60m,0.75%,75pt,+40%,-30%,True,4,0.0%,0.0,-6441.0,5,-3041.8,13,30.8%,0.15,-5690.4
60m,0.75%,75pt,+100%,-20%,True,4,0.0%,0.0,-6441.0,5,-1981.7,13,30.8%,0.16,-5164.3
60m,1.3%,75pt,+100%,-20%,True,4,0.0%,0.0,-6441.0,5,-1981.7,14,28.6%,0.13,-6380.2
60m,0.75%,75pt,+80%,-30%,True,4,0.0%,0.0,-6441.0,5,-3041.8,13,30.8%,0.15,-5690.4
60m,0.75%,75pt,+80%,-25%,True,4,0.0%,0.0,-6441.0,5,-2385.5,13,30.8%,0.17,-4783.1
60m,0.75%,75pt,+80%,-20%,True,4,0.0%,0.0,-6441.0,5,-1981.7,13,30.8%,0.16,-5164.3
60m,1.0%,75pt,+40%,-20%,True,4,0.0%,0.0,-6441.0,5,-1981.7,13,30.8%,0.16,-5164.3
60m,1.3%,75pt,+80%,-30%,True,4,0.0%,0.0,-6441.0,5,-3041.8,14,28.6%,0.12,-7439.1
60m,1.3%,75pt,+80%,-25%,True,4,0.0%,0.0,-6441.0,5,-2385.5,14,28.6%,0.14,-6306.1
60m,0.75%,75pt,+60%,-20%,True,4,0.0%,0.0,-6441.0,5,-1981.7,13,30.8%,0.16,-5164.3
60m,1.3%,75pt,+80%,-35%,True,4,0.0%,0.0,-6441.0,5,-3286.4,14,28.6%,0.1,-8759.0
60m,1.3%,75pt,+60%,-25%,True,4,0.0%,0.0,-6441.0,5,-2385.5,14,28.6%,0.14,-6306.1
60m,0.75%,75pt,+40%,-25%,True,4,0.0%,0.0,-6441.0,5,-2385.5,13,30.8%,0.17,-4783.1
60m,1.0%,75pt,+100%,-20%,True,4,0.0%,0.0,-6441.0,5,-1981.7,13,30.8%,0.16,-5164.3
60m,1.0%,75pt,+100%,-25%,True,4,0.0%,0.0,-6441.0,5,-2385.5,13,30.8%,0.17,-4783.1
60m,1.0%,75pt,+100%,-30%,True,4,0.0%,0.0,-6441.0,5,-3041.8,13,30.8%,0.15,-5690.4
60m,1.0%,75pt,+100%,-35%,True,4,0.0%,0.0,-6441.0,5,-3286.4,13,30.8%,0.13,-6712.7
60m,1.0%,75pt,+80%,-30%,True,4,0.0%,0.0,-6441.0,5,-3041.8,13,30.8%,0.15,-5690.4
30m,1.3%,150pt,+60%,-20%,True,3,0.0%,0.0,-6526.5,5,-4914.9,9,22.2%,0.05,-7909.8
30m,1.3%,150pt,+40%,-20%,True,3,0.0%,0.0,-6526.5,5,-4914.9,9,22.2%,0.05,-7909.8
30m,1.3%,150pt,+80%,-20%,True,3,0.0%,0.0,-6526.5,5,-4914.9,9,22.2%,0.05,-7909.8
30m,1.3%,150pt,+100%,-20%,True,3,0.0%,0.0,-6526.5,5,-4914.9,9,22.2%,0.05,-7909.8
60m,1.3%,100pt,+40%,-20%,True,4,0.0%,0.0,-6754.5,5,-3877.9,12,16.7%,0.2,-7393.8
60m,1.3%,100pt,+100%,-30%,True,4,0.0%,0.0,-6754.5,5,-4758.9,12,16.7%,0.16,-9387.9
60m,1.3%,100pt,+100%,-35%,True,4,0.0%,0.0,-6754.5,5,-5305.2,12,16.7%,0.15,-10580.5
60m,0.75%,100pt,+100%,-30%,True,4,0.0%,0.0,-6754.5,5,-4758.9,11,18.2%,0.19,-7639.1
60m,0.75%,100pt,+60%,-35%,True,4,0.0%,0.0,-6754.5,5,-5305.2,11,18.2%,0.18,-8534.3
60m,0.75%,100pt,+80%,-20%,True,4,0.0%,0.0,-6754.5,5,-3877.9,11,18.2%,0.23,-6177.8
60m,0.75%,100pt,+100%,-25%,True,4,0.0%,0.0,-6754.5,5,-4382.0,11,18.2%,0.21,-6854.0
60m,1.0%,100pt,+80%,-35%,True,4,0.0%,0.0,-6754.5,5,-5305.2,11,18.2%,0.18,-8534.3
60m,0.75%,100pt,+40%,-25%,True,4,0.0%,0.0,-6754.5,5,-4382.0,11,18.2%,0.21,-6854.0
60m,0.75%,100pt,+40%,-20%,True,4,0.0%,0.0,-6754.5,5,-3877.9,11,18.2%,0.23,-6177.8
60m,0.75%,100pt,+80%,-25%,True,4,0.0%,0.0,-6754.5,5,-4382.0,11,18.2%,0.21,-6854.0
60m,0.75%,100pt,+80%,-30%,True,4,0.0%,0.0,-6754.5,5,-4758.9,11,18.2%,0.19,-7639.1
60m,0.75%,100pt,+80%,-35%,True,4,0.0%,0.0,-6754.5,5,-5305.2,11,18.2%,0.18,-8534.3
60m,0.75%,100pt,+100%,-20%,True,4,0.0%,0.0,-6754.5,5,-3877.9,11,18.2%,0.23,-6177.8
60m,0.75%,100pt,+60%,-30%,True,4,0.0%,0.0,-6754.5,5,-4758.9,11,18.2%,0.19,-7639.1
60m,0.75%,100pt,+100%,-35%,True,4,0.0%,0.0,-6754.5,5,-5305.2,11,18.2%,0.18,-8534.3
60m,1.0%,100pt,+80%,-25%,True,4,0.0%,0.0,-6754.5,5,-4382.0,11,18.2%,0.21,-6854.0
60m,1.0%,100pt,+80%,-30%,True,4,0.0%,0.0,-6754.5,5,-4758.9,11,18.2%,0.19,-7639.1
60m,1.0%,100pt,+80%,-20%,True,4,0.0%,0.0,-6754.5,5,-3877.9,11,18.2%,0.23,-6177.8
60m,1.0%,100pt,+100%,-30%,True,4,0.0%,0.0,-6754.5,5,-4758.9,11,18.2%,0.19,-7639.1
60m,1.0%,100pt,+100%,-35%,True,4,0.0%,0.0,-6754.5,5,-5305.2,11,18.2%,0.18,-8534.3
60m,1.0%,100pt,+100%,-25%,True,4,0.0%,0.0,-6754.5,5,-4382.0,11,18.2%,0.21,-6854.0
60m,1.0%,100pt,+100%,-20%,True,4,0.0%,0.0,-6754.5,5,-3877.9,11,18.2%,0.23,-6177.8
60m,0.75%,100pt,+60%,-20%,True,4,0.0%,0.0,-6754.5,5,-3877.9,11,18.2%,0.23,-6177.8
60m,1.0%,100pt,+40%,-20%,True,4,0.0%,0.0,-6754.5,5,-3877.9,11,18.2%,0.23,-6177.8
60m,1.0%,100pt,+40%,-25%,True,4,0.0%,0.0,-6754.5,5,-4382.0,11,18.2%,0.21,-6854.0
60m,1.0%,100pt,+40%,-30%,True,4,0.0%,0.0,-6754.5,5,-4758.9,11,18.2%,0.19,-7639.1
60m,1.0%,100pt,+40%,-35%,True,4,0.0%,0.0,-6754.5,5,-5305.2,11,18.2%,0.18,-8534.3
60m,1.0%,100pt,+60%,-20%,True,4,0.0%,0.0,-6754.5,5,-3877.9,11,18.2%,0.23,-6177.8
60m,1.0%,100pt,+60%,-25%,True,4,0.0%,0.0,-6754.5,5,-4382.0,11,18.2%,0.21,-6854.0
60m,1.0%,100pt,+60%,-30%,True,4,0.0%,0.0,-6754.5,5,-4758.9,11,18.2%,0.19,-7639.1
60m,1.0%,100pt,+60%,-35%,True,4,0.0%,0.0,-6754.5,5,-5305.2,11,18.2%,0.18,-8534.3
60m,1.3%,100pt,+80%,-30%,True,4,0.0%,0.0,-6754.5,5,-4758.9,12,16.7%,0.16,-9387.9
60m,0.75%,100pt,+40%,-30%,True,4,0.0%,0.0,-6754.5,5,-4758.9,11,18.2%,0.19,-7639.1
60m,0.75%,100pt,+60%,-25%,True,4,0.0%,0.0,-6754.5,5,-4382.0,11,18.2%,0.21,-6854.0
60m,1.3%,100pt,+80%,-35%,True,4,0.0%,0.0,-6754.5,5,-5305.2,12,16.7%,0.15,-10580.5
60m,0.75%,100pt,+40%,-35%,True,4,0.0%,0.0,-6754.5,5,-5305.2,11,18.2%,0.18,-8534.3
60m,1.3%,100pt,+60%,-30%,True,4,0.0%,0.0,-6754.5,5,-4758.9,12,16.7%,0.16,-9387.9
60m,1.3%,100pt,+60%,-25%,True,4,0.0%,0.0,-6754.5,5,-4382.0,12,16.7%,0.18,-8377.0
60m,1.3%,100pt,+60%,-20%,True,4,0.0%,0.0,-6754.5,5,-3877.9,12,16.7%,0.2,-7393.8
60m,1.3%,100pt,+40%,-35%,True,4,0.0%,0.0,-6754.5,5,-5305.2,12,16.7%,0.15,-10580.5
60m,1.3%,100pt,+40%,-30%,True,4,0.0%,0.0,-6754.5,5,-4758.9,12,16.7%,0.16,-9387.9
60m,1.3%,100pt,+40%,-25%,True,4,0.0%,0.0,-6754.5,5,-4382.0,12,16.7%,0.18,-8377.0
60m,1.3%,100pt,+80%,-25%,True,4,0.0%,0.0,-6754.5,5,-4382.0,12,16.7%,0.18,-8377.0
60m,1.3%,100pt,+80%,-20%,True,4,0.0%,0.0,-6754.5,5,-3877.9,12,16.7%,0.2,-7393.8
60m,1.3%,100pt,+60%,-35%,True,4,0.0%,0.0,-6754.5,5,-5305.2,12,16.7%,0.15,-10580.5
60m,1.3%,100pt,+100%,-25%,True,4,0.0%,0.0,-6754.5,5,-4382.0,12,16.7%,0.18,-8377.0
60m,1.3%,100pt,+100%,-20%,True,4,0.0%,0.0,-6754.5,5,-3877.9,12,16.7%,0.2,-7393.8
60m,1.3%,100pt,+100%,-30%,False,2,0.0%,0.0,-6760.5,2,-2908.3,7,0.0%,0.0,-9985.6
60m,1.3%,100pt,+40%,-30%,False,2,0.0%,0.0,-6760.5,2,-2908.3,7,0.0%,0.0,-9985.6
60m,1.3%,100pt,+60%,-30%,False,2,0.0%,0.0,-6760.5,2,-2908.3,7,0.0%,0.0,-9985.6
60m,1.3%,100pt,+80%,-30%,False,2,0.0%,0.0,-6760.5,2,-2908.3,7,0.0%,0.0,-9985.6
60m,1.0%,100pt,+40%,-30%,False,2,0.0%,0.0,-6760.5,2,-2908.3,6,0.0%,0.0,-8236.9
60m,0.75%,100pt,+60%,-30%,False,2,0.0%,0.0,-6760.5,2,-2908.3,6,0.0%,0.0,-8236.9
60m,1.0%,100pt,+60%,-30%,False,2,0.0%,0.0,-6760.5,2,-2908.3,6,0.0%,0.0,-8236.9
60m,0.75%,100pt,+80%,-30%,False,2,0.0%,0.0,-6760.5,2,-2908.3,6,0.0%,0.0,-8236.9
60m,0.75%,100pt,+100%,-30%,False,2,0.0%,0.0,-6760.5,2,-2908.3,6,0.0%,0.0,-8236.9
60m,0.75%,100pt,+40%,-30%,False,2,0.0%,0.0,-6760.5,2,-2908.3,6,0.0%,0.0,-8236.9
60m,1.0%,100pt,+100%,-30%,False,2,0.0%,0.0,-6760.5,2,-2908.3,6,0.0%,0.0,-8236.9
60m,1.0%,100pt,+80%,-30%,False,2,0.0%,0.0,-6760.5,2,-2908.3,6,0.0%,0.0,-8236.9
45m,1.3%,100pt,+80%,-30%,False,2,0.0%,0.0,-6883.5,2,-2775.4,8,0.0%,0.0,-11260.9
45m,0.75%,100pt,+100%,-30%,False,2,0.0%,0.0,-6883.5,2,-2775.4,7,0.0%,0.0,-9480.1
30m,1.0%,100pt,+60%,-30%,False,2,0.0%,0.0,-6883.5,2,-3298.6,7,0.0%,0.0,-10003.3
45m,0.75%,100pt,+60%,-30%,False,2,0.0%,0.0,-6883.5,2,-2775.4,7,0.0%,0.0,-9480.1
30m,0.75%,100pt,+80%,-30%,False,2,0.0%,0.0,-6883.5,2,-3298.6,7,0.0%,0.0,-10003.3
45m,1.3%,100pt,+100%,-30%,False,2,0.0%,0.0,-6883.5,2,-2775.4,8,0.0%,0.0,-11260.9
30m,1.0%,100pt,+40%,-30%,False,2,0.0%,0.0,-6883.5,2,-3298.6,7,0.0%,0.0,-10003.3
45m,1.3%,100pt,+60%,-30%,False,2,0.0%,0.0,-6883.5,2,-2775.4,8,0.0%,0.0,-11260.9
45m,0.75%,100pt,+80%,-30%,False,2,0.0%,0.0,-6883.5,2,-2775.4,7,0.0%,0.0,-9480.1
45m,0.75%,100pt,+40%,-30%,False,2,0.0%,0.0,-6883.5,2,-2775.4,7,0.0%,0.0,-9480.1
30m,0.75%,100pt,+40%,-30%,False,2,0.0%,0.0,-6883.5,2,-3298.6,7,0.0%,0.0,-10003.3
45m,1.0%,100pt,+100%,-30%,False,2,0.0%,0.0,-6883.5,2,-2775.4,7,0.0%,0.0,-9480.1
30m,1.3%,100pt,+60%,-30%,False,2,0.0%,0.0,-6883.5,2,-3298.6,8,0.0%,0.0,-11655.4
30m,1.3%,100pt,+80%,-30%,False,2,0.0%,0.0,-6883.5,2,-3298.6,8,0.0%,0.0,-11655.4
30m,0.75%,100pt,+60%,-30%,False,2,0.0%,0.0,-6883.5,2,-3298.6,7,0.0%,0.0,-10003.3
45m,1.0%,100pt,+80%,-30%,False,2,0.0%,0.0,-6883.5,2,-2775.4,7,0.0%,0.0,-9480.1
30m,1.0%,100pt,+80%,-30%,False,2,0.0%,0.0,-6883.5,2,-3298.6,7,0.0%,0.0,-10003.3
30m,1.0%,100pt,+100%,-30%,False,2,0.0%,0.0,-6883.5,2,-3298.6,7,0.0%,0.0,-10003.3
30m,1.3%,100pt,+40%,-30%,False,2,0.0%,0.0,-6883.5,2,-3298.6,8,0.0%,0.0,-11655.4
45m,1.3%,100pt,+40%,-30%,False,2,0.0%,0.0,-6883.5,2,-2775.4,8,0.0%,0.0,-11260.9
30m,1.3%,100pt,+100%,-30%,False,2,0.0%,0.0,-6883.5,2,-3298.6,8,0.0%,0.0,-11655.4
30m,0.75%,100pt,+100%,-30%,False,2,0.0%,0.0,-6883.5,2,-3298.6,7,0.0%,0.0,-10003.3
45m,1.0%,100pt,+60%,-30%,False,2,0.0%,0.0,-6883.5,2,-2775.4,7,0.0%,0.0,-9480.1
45m,1.0%,100pt,+40%,-30%,False,2,0.0%,0.0,-6883.5,2,-2775.4,7,0.0%,0.0,-9480.1
45m,1.3%,75pt,+40%,-35%,True,4,0.0%,0.0,-7251.0,5,-2314.3,16,25.0%,0.16,-9202.4
45m,1.3%,75pt,+60%,-25%,True,4,0.0%,0.0,-7251.0,6,-3614.6,17,23.5%,0.16,-8915.4
45m,1.3%,75pt,+60%,-20%,True,4,0.0%,0.0,-7251.0,6,-2759.1,17,23.5%,0.17,-8520.8
45m,1.3%,75pt,+80%,-20%,True,4,0.0%,0.0,-7251.0,6,-2759.1,17,23.5%,0.17,-8520.8
45m,0.75%,75pt,+100%,-30%,True,4,0.0%,0.0,-7251.0,5,-2172.2,15,26.7%,0.22,-6420.8
45m,1.3%,75pt,+80%,-30%,True,4,0.0%,0.0,-7251.0,5,-2172.2,16,25.0%,0.18,-8282.6
45m,1.3%,75pt,+80%,-25%,True,4,0.0%,0.0,-7251.0,6,-3614.6,17,23.5%,0.16,-8915.4
45m,0.75%,75pt,+40%,-30%,True,4,0.0%,0.0,-7251.0,5,-2172.2,15,26.7%,0.22,-6420.8
45m,0.75%,75pt,+100%,-35%,True,4,0.0%,0.0,-7251.0,5,-2314.3,15,26.7%,0.19,-7340.6
45m,1.0%,75pt,+40%,-25%,True,4,0.0%,0.0,-7251.0,5,-1528.6,15,26.7%,0.24,-5526.2
45m,1.0%,75pt,+40%,-20%,True,4,0.0%,0.0,-7251.0,5,-1074.2,15,26.7%,0.23,-5856.8
45m,0.75%,75pt,+40%,-35%,True,4,0.0%,0.0,-7251.0,5,-2314.3,15,26.7%,0.19,-7340.6
45m,1.3%,75pt,+100%,-25%,True,4,0.0%,0.0,-7251.0,6,-3614.6,17,23.5%,0.16,-8915.4
45m,1.3%,75pt,+100%,-35%,True,4,0.0%,0.0,-7251.0,5,-2314.3,16,25.0%,0.16,-9202.4
45m,1.3%,75pt,+80%,-35%,True,4,0.0%,0.0,-7251.0,5,-2314.3,16,25.0%,0.16,-9202.4
45m,1.3%,75pt,+100%,-20%,True,4,0.0%,0.0,-7251.0,6,-2759.1,17,23.5%,0.17,-8520.8
45m,1.3%,75pt,+100%,-30%,True,4,0.0%,0.0,-7251.0,5,-2172.2,16,25.0%,0.18,-8282.6
45m,1.0%,75pt,+60%,-20%,True,4,0.0%,0.0,-7251.0,5,-1074.2,15,26.7%,0.23,-5856.8
45m,1.0%,75pt,+60%,-25%,True,4,0.0%,0.0,-7251.0,5,-1528.6,15,26.7%,0.24,-5526.2
45m,1.0%,75pt,+60%,-30%,True,4,0.0%,0.0,-7251.0,5,-2172.2,15,26.7%,0.22,-6420.8
45m,1.0%,75pt,+80%,-25%,True,4,0.0%,0.0,-7251.0,5,-1528.6,15,26.7%,0.24,-5526.2
45m,1.0%,75pt,+100%,-20%,True,4,0.0%,0.0,-7251.0,5,-1074.2,15,26.7%,0.23,-5856.8
45m,1.0%,75pt,+80%,-35%,True,4,0.0%,0.0,-7251.0,5,-2314.3,15,26.7%,0.19,-7340.6
45m,1.0%,75pt,+80%,-30%,True,4,0.0%,0.0,-7251.0,5,-2172.2,15,26.7%,0.22,-6420.8
45m,1.0%,75pt,+100%,-30%,True,4,0.0%,0.0,-7251.0,5,-2172.2,15,26.7%,0.22,-6420.8
45m,1.0%,75pt,+100%,-35%,True,4,0.0%,0.0,-7251.0,5,-2314.3,15,26.7%,0.19,-7340.6
45m,1.0%,75pt,+80%,-20%,True,4,0.0%,0.0,-7251.0,5,-1074.2,15,26.7%,0.23,-5856.8
45m,1.0%,75pt,+60%,-35%,True,4,0.0%,0.0,-7251.0,5,-2314.3,15,26.7%,0.19,-7340.6
45m,0.75%,75pt,+80%,-25%,True,4,0.0%,0.0,-7251.0,5,-1528.6,15,26.7%,0.24,-5526.2
45m,1.0%,75pt,+40%,-30%,True,4,0.0%,0.0,-7251.0,5,-2172.2,15,26.7%,0.22,-6420.8
45m,0.75%,75pt,+60%,-20%,True,4,0.0%,0.0,-7251.0,5,-1074.2,15,26.7%,0.23,-5856.8
45m,0.75%,75pt,+80%,-20%,True,4,0.0%,0.0,-7251.0,5,-1074.2,15,26.7%,0.23,-5856.8
45m,0.75%,75pt,+80%,-30%,True,4,0.0%,0.0,-7251.0,5,-2172.2,15,26.7%,0.22,-6420.8
45m,0.75%,75pt,+60%,-35%,True,4,0.0%,0.0,-7251.0,5,-2314.3,15,26.7%,0.19,-7340.6
45m,0.75%,75pt,+60%,-30%,True,4,0.0%,0.0,-7251.0,5,-2172.2,15,26.7%,0.22,-6420.8
45m,0.75%,75pt,+60%,-25%,True,4,0.0%,0.0,-7251.0,5,-1528.6,15,26.7%,0.24,-5526.2
45m,0.75%,75pt,+80%,-35%,True,4,0.0%,0.0,-7251.0,5,-2314.3,15,26.7%,0.19,-7340.6
45m,0.75%,75pt,+100%,-20%,True,4,0.0%,0.0,-7251.0,5,-1074.2,15,26.7%,0.23,-5856.8
45m,0.75%,75pt,+40%,-25%,True,4,0.0%,0.0,-7251.0,5,-1528.6,15,26.7%,0.24,-5526.2
45m,0.75%,75pt,+40%,-20%,True,4,0.0%,0.0,-7251.0,5,-1074.2,15,26.7%,0.23,-5856.8
45m,0.75%,75pt,+100%,-25%,True,4,0.0%,0.0,-7251.0,5,-1528.6,15,26.7%,0.24,-5526.2
45m,1.3%,75pt,+60%,-30%,True,4,0.0%,0.0,-7251.0,5,-2172.2,16,25.0%,0.18,-8282.6
45m,1.3%,75pt,+40%,-30%,True,4,0.0%,0.0,-7251.0,5,-2172.2,16,25.0%,0.18,-8282.6
45m,1.3%,75pt,+40%,-20%,True,4,0.0%,0.0,-7251.0,6,-2759.1,17,23.5%,0.17,-8520.8
45m,1.3%,75pt,+60%,-35%,True,4,0.0%,0.0,-7251.0,5,-2314.3,16,25.0%,0.16,-9202.4
45m,1.3%,75pt,+40%,-25%,True,4,0.0%,0.0,-7251.0,6,-3614.6,17,23.5%,0.16,-8915.4
45m,1.0%,75pt,+100%,-25%,True,4,0.0%,0.0,-7251.0,5,-1528.6,15,26.7%,0.24,-5526.2
45m,1.0%,75pt,+40%,-35%,True,4,0.0%,0.0,-7251.0,5,-2314.3,15,26.7%,0.19,-7340.6
45m,1.3%,150pt,+40%,-25%,True,3,0.0%,0.0,-7282.5,4,-4309.9,8,25.0%,0.05,-8116.2
45m,1.3%,150pt,+80%,-25%,True,3,0.0%,0.0,-7282.5,4,-4309.9,8,25.0%,0.05,-8116.2
45m,1.3%,150pt,+100%,-25%,True,3,0.0%,0.0,-7282.5,4,-4309.9,8,25.0%,0.05,-8116.2
45m,1.3%,150pt,+60%,-25%,True,3,0.0%,0.0,-7282.5,4,-4309.9,8,25.0%,0.05,-8116.2
30m,1.0%,75pt,+80%,-30%,False,2,0.0%,0.0,-7578.0,2,-3108.1,7,0.0%,0.0,-9470.9
45m,0.75%,75pt,+80%,-30%,False,2,0.0%,0.0,-7578.0,2,-2965.5,7,0.0%,0.0,-9328.3
45m,1.0%,75pt,+80%,-30%,False,2,0.0%,0.0,-7578.0,2,-2965.5,7,0.0%,0.0,-9328.3
30m,0.75%,75pt,+100%,-30%,False,2,0.0%,0.0,-7578.0,2,-3108.1,7,0.0%,0.0,-9470.9
60m,0.75%,75pt,+80%,-30%,False,2,0.0%,0.0,-7578.0,2,-2854.7,7,0.0%,0.0,-9381.2
60m,0.75%,75pt,+60%,-30%,False,2,0.0%,0.0,-7578.0,2,-2854.7,7,0.0%,0.0,-9381.2
45m,0.75%,75pt,+60%,-30%,False,2,0.0%,0.0,-7578.0,2,-2965.5,7,0.0%,0.0,-9328.3
45m,1.0%,75pt,+60%,-30%,False,2,0.0%,0.0,-7578.0,2,-2965.5,7,0.0%,0.0,-9328.3
45m,1.0%,75pt,+100%,-30%,False,2,0.0%,0.0,-7578.0,2,-2965.5,7,0.0%,0.0,-9328.3
60m,1.3%,75pt,+100%,-30%,False,2,0.0%,0.0,-7578.0,2,-2854.7,8,0.0%,0.0,-11129.9
60m,1.3%,75pt,+40%,-30%,False,2,0.0%,0.0,-7578.0,2,-2854.7,8,0.0%,0.0,-11129.9
45m,1.3%,75pt,+100%,-30%,False,2,0.0%,0.0,-7578.0,2,-2965.5,8,0.0%,0.0,-11190.2
60m,1.0%,75pt,+100%,-30%,False,2,0.0%,0.0,-7578.0,2,-2854.7,7,0.0%,0.0,-9381.2
60m,1.0%,75pt,+40%,-30%,False,2,0.0%,0.0,-7578.0,2,-2854.7,7,0.0%,0.0,-9381.2
60m,1.3%,75pt,+80%,-30%,False,2,0.0%,0.0,-7578.0,2,-2854.7,8,0.0%,0.0,-11129.9
45m,1.0%,75pt,+40%,-30%,False,2,0.0%,0.0,-7578.0,2,-2965.5,7,0.0%,0.0,-9328.3
60m,1.0%,75pt,+60%,-30%,False,2,0.0%,0.0,-7578.0,2,-2854.7,7,0.0%,0.0,-9381.2
60m,0.75%,75pt,+40%,-30%,False,2,0.0%,0.0,-7578.0,2,-2854.7,7,0.0%,0.0,-9381.2
30m,0.75%,75pt,+40%,-30%,False,2,0.0%,0.0,-7578.0,2,-3108.1,7,0.0%,0.0,-9470.9
30m,1.0%,75pt,+100%,-30%,False,2,0.0%,0.0,-7578.0,2,-3108.1,7,0.0%,0.0,-9470.9
30m,0.75%,75pt,+80%,-30%,False,2,0.0%,0.0,-7578.0,2,-3108.1,7,0.0%,0.0,-9470.9
60m,1.0%,75pt,+80%,-30%,False,2,0.0%,0.0,-7578.0,2,-2854.7,7,0.0%,0.0,-9381.2
60m,1.3%,75pt,+60%,-30%,False,2,0.0%,0.0,-7578.0,2,-2854.7,8,0.0%,0.0,-11129.9
45m,1.3%,75pt,+80%,-30%,False,2,0.0%,0.0,-7578.0,2,-2965.5,8,0.0%,0.0,-11190.2
30m,1.3%,75pt,+80%,-30%,False,2,0.0%,0.0,-7578.0,2,-3108.1,8,0.0%,0.0,-11011.1
30m,1.0%,75pt,+60%,-30%,False,2,0.0%,0.0,-7578.0,2,-3108.1,7,0.0%,0.0,-9470.9
30m,0.75%,75pt,+60%,-30%,False,2,0.0%,0.0,-7578.0,2,-3108.1,7,0.0%,0.0,-9470.9
30m,1.3%,75pt,+100%,-30%,False,2,0.0%,0.0,-7578.0,2,-3108.1,8,0.0%,0.0,-11011.1
45m,0.75%,75pt,+40%,-30%,False,2,0.0%,0.0,-7578.0,2,-2965.5,7,0.0%,0.0,-9328.3
45m,0.75%,75pt,+100%,-30%,False,2,0.0%,0.0,-7578.0,2,-2965.5,7,0.0%,0.0,-9328.3
30m,1.0%,75pt,+40%,-30%,False,2,0.0%,0.0,-7578.0,2,-3108.1,7,0.0%,0.0,-9470.9
45m,1.3%,75pt,+40%,-30%,False,2,0.0%,0.0,-7578.0,2,-2965.5,8,0.0%,0.0,-11190.2
60m,0.75%,75pt,+100%,-30%,False,2,0.0%,0.0,-7578.0,2,-2854.7,7,0.0%,0.0,-9381.2
30m,1.3%,75pt,+60%,-30%,False,2,0.0%,0.0,-7578.0,2,-3108.1,8,0.0%,0.0,-11011.1
45m,1.3%,75pt,+60%,-30%,False,2,0.0%,0.0,-7578.0,2,-2965.5,8,0.0%,0.0,-11190.2
30m,1.3%,75pt,+40%,-30%,False,2,0.0%,0.0,-7578.0,2,-3108.1,8,0.0%,0.0,-11011.1
45m,1.3%,100pt,+80%,-35%,True,4,0.0%,0.0,-8052.0,5,-3356.4,14,21.4%,0.23,-9016.2
45m,1.3%,100pt,+80%,-30%,True,4,0.0%,0.0,-8052.0,5,-2817.2,14,21.4%,0.25,-8039.5
45m,0.75%,100pt,+100%,-20%,True,4,0.0%,0.0,-8052.0,5,-2003.8,13,23.1%,0.33,-5650.0
45m,0.75%,100pt,+100%,-25%,True,4,0.0%,0.0,-8052.0,5,-2387.7,13,23.1%,0.34,-5421.0
45m,1.3%,100pt,+100%,-35%,True,4,0.0%,0.0,-8052.0,5,-3356.4,14,21.4%,0.23,-9016.2
45m,1.3%,100pt,+40%,-25%,True,4,0.0%,0.0,-8052.0,6,-4414.6,15,20.0%,0.23,-8958.3
45m,1.3%,100pt,+100%,-25%,True,4,0.0%,0.0,-8052.0,6,-4414.6,15,20.0%,0.23,-8958.3
45m,1.3%,100pt,+60%,-35%,True,4,0.0%,0.0,-8052.0,5,-3356.4,14,21.4%,0.23,-9016.2
45m,1.0%,100pt,+60%,-20%,True,4,0.0%,0.0,-8052.0,5,-2003.8,13,23.1%,0.33,-5650.0
45m,1.0%,100pt,+40%,-35%,True,4,0.0%,0.0,-8052.0,5,-3356.4,13,23.1%,0.28,-6976.9
45m,1.0%,100pt,+60%,-30%,True,4,0.0%,0.0,-8052.0,5,-2817.2,13,23.1%,0.3,-6258.8
45m,1.0%,100pt,+60%,-35%,True,4,0.0%,0.0,-8052.0,5,-3356.4,13,23.1%,0.28,-6976.9
45m,1.0%,100pt,+60%,-25%,True,4,0.0%,0.0,-8052.0,5,-2387.7,13,23.1%,0.34,-5421.0
45m,1.0%,100pt,+100%,-35%,True,4,0.0%,0.0,-8052.0,5,-3356.4,13,23.1%,0.28,-6976.9
45m,1.0%,100pt,+40%,-25%,True,4,0.0%,0.0,-8052.0,5,-2387.7,13,23.1%,0.34,-5421.0
45m,1.0%,100pt,+80%,-20%,True,4,0.0%,0.0,-8052.0,5,-2003.8,13,23.1%,0.33,-5650.0
45m,0.75%,100pt,+80%,-35%,True,4,0.0%,0.0,-8052.0,5,-3356.4,13,23.1%,0.28,-6976.9
45m,0.75%,100pt,+100%,-35%,True,4,0.0%,0.0,-8052.0,5,-3356.4,13,23.1%,0.28,-6976.9
45m,0.75%,100pt,+100%,-30%,True,4,0.0%,0.0,-8052.0,5,-2817.2,13,23.1%,0.3,-6258.8
45m,0.75%,100pt,+60%,-25%,True,4,0.0%,0.0,-8052.0,5,-2387.7,13,23.1%,0.34,-5421.0
45m,1.3%,100pt,+40%,-30%,True,4,0.0%,0.0,-8052.0,5,-2817.2,14,21.4%,0.25,-8039.5
45m,0.75%,100pt,+60%,-20%,True,4,0.0%,0.0,-8052.0,5,-2003.8,13,23.1%,0.33,-5650.0
45m,1.3%,100pt,+40%,-20%,True,4,0.0%,0.0,-8052.0,6,-3629.6,15,20.0%,0.24,-8605.1
45m,0.75%,100pt,+60%,-30%,True,4,0.0%,0.0,-8052.0,5,-2817.2,13,23.1%,0.3,-6258.8
45m,1.3%,100pt,+100%,-20%,True,4,0.0%,0.0,-8052.0,6,-3629.6,15,20.0%,0.24,-8605.1
45m,1.3%,100pt,+100%,-30%,True,4,0.0%,0.0,-8052.0,5,-2817.2,14,21.4%,0.25,-8039.5
45m,1.3%,100pt,+80%,-20%,True,4,0.0%,0.0,-8052.0,6,-3629.6,15,20.0%,0.24,-8605.1
45m,1.3%,100pt,+80%,-25%,True,4,0.0%,0.0,-8052.0,6,-4414.6,15,20.0%,0.23,-8958.3
45m,1.3%,100pt,+60%,-30%,True,4,0.0%,0.0,-8052.0,5,-2817.2,14,21.4%,0.25,-8039.5
45m,1.3%,100pt,+60%,-25%,True,4,0.0%,0.0,-8052.0,6,-4414.6,15,20.0%,0.23,-8958.3
45m,1.3%,100pt,+60%,-20%,True,4,0.0%,0.0,-8052.0,6,-3629.6,15,20.0%,0.24,-8605.1
45m,0.75%,100pt,+80%,-30%,True,4,0.0%,0.0,-8052.0,5,-2817.2,13,23.1%,0.3,-6258.8
45m,0.75%,100pt,+80%,-20%,True,4,0.0%,0.0,-8052.0,5,-2003.8,13,23.1%,0.33,-5650.0
45m,0.75%,100pt,+80%,-25%,True,4,0.0%,0.0,-8052.0,5,-2387.7,13,23.1%,0.34,-5421.0
45m,1.3%,100pt,+40%,-35%,True,4,0.0%,0.0,-8052.0,5,-3356.4,14,21.4%,0.23,-9016.2
45m,0.75%,100pt,+40%,-25%,True,4,0.0%,0.0,-8052.0,5,-2387.7,13,23.1%,0.34,-5421.0
45m,0.75%,100pt,+40%,-35%,True,4,0.0%,0.0,-8052.0,5,-3356.4,13,23.1%,0.28,-6976.9
45m,0.75%,100pt,+60%,-35%,True,4,0.0%,0.0,-8052.0,5,-3356.4,13,23.1%,0.28,-6976.9
45m,1.0%,100pt,+80%,-30%,True,4,0.0%,0.0,-8052.0,5,-2817.2,13,23.1%,0.3,-6258.8
45m,1.0%,100pt,+80%,-25%,True,4,0.0%,0.0,-8052.0,5,-2387.7,13,23.1%,0.34,-5421.0
45m,1.0%,100pt,+40%,-30%,True,4,0.0%,0.0,-8052.0,5,-2817.2,13,23.1%,0.3,-6258.8
45m,0.75%,100pt,+40%,-30%,True,4,0.0%,0.0,-8052.0,5,-2817.2,13,23.1%,0.3,-6258.8
45m,0.75%,100pt,+40%,-20%,True,4,0.0%,0.0,-8052.0,5,-2003.8,13,23.1%,0.33,-5650.0
45m,1.0%,100pt,+40%,-20%,True,4,0.0%,0.0,-8052.0,5,-2003.8,13,23.1%,0.33,-5650.0
45m,1.0%,100pt,+100%,-25%,True,4,0.0%,0.0,-8052.0,5,-2387.7,13,23.1%,0.34,-5421.0
45m,1.0%,100pt,+80%,-35%,True,4,0.0%,0.0,-8052.0,5,-3356.4,13,23.1%,0.28,-6976.9
45m,1.0%,100pt,+100%,-20%,True,4,0.0%,0.0,-8052.0,5,-2003.8,13,23.1%,0.33,-5650.0
45m,1.0%,100pt,+100%,-30%,True,4,0.0%,0.0,-8052.0,5,-2817.2,13,23.1%,0.3,-6258.8
45m,1.3%,100pt,+60%,-35%,False,2,0.0%,0.0,-8089.5,2,-3314.6,8,0.0%,0.0,-12904.6
45m,1.3%,100pt,+40%,-35%,False,2,0.0%,0.0,-8089.5,2,-3314.6,8,0.0%,0.0,-12904.6
45m,0.75%,100pt,+100%,-35%,False,2,0.0%,0.0,-8089.5,2,-3314.6,7,0.0%,0.0,-10865.4
30m,1.0%,100pt,+40%,-35%,False,2,0.0%,0.0,-8089.5,2,-3689.7,7,0.0%,0.0,-11240.5
45m,1.3%,100pt,+100%,-35%,False,2,0.0%,0.0,-8089.5,2,-3314.6,8,0.0%,0.0,-12904.6
30m,0.75%,100pt,+60%,-35%,False,2,0.0%,0.0,-8089.5,2,-3689.7,7,0.0%,0.0,-11240.5
30m,0.75%,100pt,+80%,-35%,False,2,0.0%,0.0,-8089.5,2,-3689.7,7,0.0%,0.0,-11240.5
45m,1.3%,100pt,+80%,-35%,False,2,0.0%,0.0,-8089.5,2,-3314.6,8,0.0%,0.0,-12904.6
45m,0.75%,100pt,+60%,-35%,False,2,0.0%,0.0,-8089.5,2,-3314.6,7,0.0%,0.0,-10865.4
30m,1.3%,100pt,+40%,-35%,False,2,0.0%,0.0,-8089.5,2,-3689.7,8,0.0%,0.0,-13213.8
30m,1.0%,100pt,+100%,-35%,False,2,0.0%,0.0,-8089.5,2,-3689.7,7,0.0%,0.0,-11240.5
30m,1.3%,100pt,+60%,-35%,False,2,0.0%,0.0,-8089.5,2,-3689.7,8,0.0%,0.0,-13213.8
45m,0.75%,100pt,+40%,-35%,False,2,0.0%,0.0,-8089.5,2,-3314.6,7,0.0%,0.0,-10865.4
30m,1.0%,100pt,+80%,-35%,False,2,0.0%,0.0,-8089.5,2,-3689.7,7,0.0%,0.0,-11240.5
45m,0.75%,100pt,+80%,-35%,False,2,0.0%,0.0,-8089.5,2,-3314.6,7,0.0%,0.0,-10865.4
30m,1.0%,100pt,+60%,-35%,False,2,0.0%,0.0,-8089.5,2,-3689.7,7,0.0%,0.0,-11240.5
30m,1.3%,100pt,+80%,-35%,False,2,0.0%,0.0,-8089.5,2,-3689.7,8,0.0%,0.0,-13213.8
30m,1.3%,100pt,+100%,-35%,False,2,0.0%,0.0,-8089.5,2,-3689.7,8,0.0%,0.0,-13213.8
30m,0.75%,100pt,+40%,-35%,False,2,0.0%,0.0,-8089.5,2,-3689.7,7,0.0%,0.0,-11240.5
45m,1.0%,100pt,+100%,-35%,False,2,0.0%,0.0,-8089.5,2,-3314.6,7,0.0%,0.0,-10865.4
45m,1.0%,100pt,+80%,-35%,False,2,0.0%,0.0,-8089.5,2,-3314.6,7,0.0%,0.0,-10865.4
45m,1.0%,100pt,+60%,-35%,False,2,0.0%,0.0,-8089.5,2,-3314.6,7,0.0%,0.0,-10865.4
30m,0.75%,100pt,+100%,-35%,False,2,0.0%,0.0,-8089.5,2,-3689.7,7,0.0%,0.0,-11240.5
45m,1.0%,100pt,+40%,-35%,False,2,0.0%,0.0,-8089.5,2,-3314.6,7,0.0%,0.0,-10865.4
