entry,tp,sl,hold,otm,trades,wr,pf,pnl,avg,max_dd
09:30,+50%,-15%,120m,0pt,9,44.4%,1.33,2144.87,238.32,4592.78
09:30,+70%,-20%,120m,100pt,9,44.4%,1.34,2101.64,233.52,4396.0
09:30,+70%,-20%,120m,200pt,9,44.4%,1.46,2038.4,226.49,3174.2
09:30,+40%,-15%,120m,0pt,9,44.4%,1.29,1887.31,209.7,4592.78
09:30,+50%,-25%,120m,0pt,9,44.4%,1.21,1512.57,168.06,5275.25
09:30,+50%,-30%,120m,0pt,9,44.4%,1.21,1512.57,168.06,5275.25
09:30,+50%,-20%,120m,0pt,9,44.4%,1.21,1512.57,168.06,5275.25
09:30,+70%,-25%,120m,100pt,9,44.4%,1.22,1461.12,162.35,5083.04
09:30,+70%,-30%,120m,100pt,9,44.4%,1.21,1458.17,162.02,5085.99
09:30,+50%,-20%,120m,200pt,9,44.4%,1.28,1263.41,140.38,3174.2
09:30,+40%,-30%,120m,0pt,9,44.4%,1.18,1255.01,139.45,5275.25
09:30,+40%,-20%,120m,0pt,9,44.4%,1.18,1255.01,139.45,5275.25
09:30,+40%,-25%,120m,0pt,9,44.4%,1.18,1255.01,139.45,5275.25
09:30,+70%,-25%,120m,200pt,9,44.4%,1.2,1078.27,119.81,3901.82
09:30,+40%,-20%,90m,0pt,9,44.4%,1.2,1067.75,118.64,4583.99
09:30,+40%,-25%,90m,0pt,9,44.4%,1.2,1067.75,118.64,4583.99
09:30,+40%,-15%,90m,0pt,9,44.4%,1.2,1067.75,118.64,4583.99
09:30,+40%,-30%,90m,0pt,9,44.4%,1.2,1067.75,118.64,4583.99
09:30,+40%,-20%,120m,200pt,9,44.4%,1.22,960.25,106.69,3174.2
09:30,+50%,-20%,120m,100pt,9,44.4%,1.14,884.49,98.28,4396.0
09:30,+40%,-20%,120m,100pt,9,44.4%,1.14,884.49,98.28,4396.0
09:30,+30%,-15%,120m,0pt,9,44.4%,1.14,877.73,97.53,4592.78
09:30,+70%,-30%,90m,0pt,9,44.4%,1.16,870.01,96.67,4583.99
09:30,+50%,-20%,90m,0pt,9,44.4%,1.16,870.01,96.67,4583.99
09:30,+50%,-15%,90m,0pt,9,44.4%,1.16,870.01,96.67,4583.99
09:30,+70%,-20%,90m,0pt,9,44.4%,1.16,870.01,96.67,4583.99
09:30,+70%,-15%,90m,0pt,9,44.4%,1.16,870.01,96.67,4583.99
09:30,+50%,-25%,90m,0pt,9,44.4%,1.16,870.01,96.67,4583.99
09:30,+50%,-30%,90m,0pt,9,44.4%,1.16,870.01,96.67,4583.99
09:30,+70%,-25%,90m,0pt,9,44.4%,1.16,870.01,96.67,4583.99
09:30,+70%,-25%,90m,100pt,9,44.4%,1.15,779.52,86.61,4460.56
09:30,+70%,-20%,90m,100pt,9,44.4%,1.15,779.52,86.61,4460.56
09:30,+70%,-30%,90m,100pt,9,44.4%,1.15,779.52,86.61,4460.56
09:30,+70%,-15%,120m,100pt,9,33.3%,1.1,629.75,69.97,4907.59
09:30,+70%,-15%,90m,200pt,9,44.4%,1.13,563.14,62.57,3545.86
09:30,+30%,-20%,120m,200pt,9,44.4%,1.13,555.14,61.68,3174.2
09:30,+70%,-15%,90m,100pt,9,44.4%,1.1,542.22,60.25,4479.33
09:30,+70%,-30%,120m,200pt,9,44.4%,1.09,517.55,57.51,4433.68
09:30,+70%,-15%,120m,200pt,9,33.3%,1.1,482.97,53.66,3697.47
10:00,+70%,-15%,90m,200pt,10,40.0%,1.1,422.91,42.29,1756.75
09:30,+20%,-20%,120m,200pt,9,44.4%,1.08,344.21,38.25,3174.2
09:30,+50%,-25%,120m,200pt,9,44.4%,1.06,303.29,33.7,3901.82
09:30,+30%,-30%,120m,0pt,9,44.4%,1.03,245.43,27.27,5275.25
09:30,+30%,-20%,120m,0pt,9,44.4%,1.03,245.43,27.27,5275.25
09:30,+30%,-25%,120m,0pt,9,44.4%,1.03,245.43,27.27,5275.25
09:30,+50%,-25%,120m,100pt,9,44.4%,1.04,243.97,27.11,5083.04
09:30,+40%,-25%,120m,100pt,9,44.4%,1.04,243.97,27.11,5083.04
09:30,+40%,-30%,120m,100pt,9,44.4%,1.04,241.02,26.78,5085.99
09:30,+50%,-30%,120m,100pt,9,44.4%,1.04,241.02,26.78,5085.99
09:30,+30%,-15%,90m,0pt,9,44.4%,1.01,58.17,6.46,4583.99
09:30,+30%,-30%,90m,0pt,9,44.4%,1.01,58.17,6.46,4583.99
09:30,+30%,-25%,90m,0pt,9,44.4%,1.01,58.17,6.46,4583.99
09:30,+30%,-20%,90m,0pt,9,44.4%,1.01,58.17,6.46,4583.99
09:30,+70%,-25%,90m,200pt,9,44.4%,1.0,19.93,2.21,4112.85
09:30,+70%,-30%,90m,200pt,9,44.4%,1.0,19.93,2.21,4112.85
09:30,+50%,-20%,90m,100pt,9,44.4%,1.0,2.65,0.29,4460.56
09:30,+40%,-25%,90m,100pt,9,44.4%,1.0,2.65,0.29,4460.56
09:30,+40%,-30%,90m,100pt,9,44.4%,1.0,2.65,0.29,4460.56
09:30,+40%,-20%,90m,100pt,9,44.4%,1.0,2.65,0.29,4460.56
09:30,+50%,-30%,90m,100pt,9,44.4%,1.0,2.65,0.29,4460.56
09:30,+50%,-25%,90m,100pt,9,44.4%,1.0,2.65,0.29,4460.56
09:30,+40%,-25%,120m,200pt,9,44.4%,1.0,0.12,0.01,3901.82
09:30,+20%,-20%,120m,100pt,9,44.4%,1.0,-11.28,-1.25,4396.0
09:30,+30%,-20%,120m,100pt,9,44.4%,0.98,-137.45,-15.27,4396.0
10:00,+50%,-15%,90m,200pt,10,40.0%,0.96,-171.75,-17.18,1756.75
09:30,+20%,-15%,120m,0pt,9,44.4%,0.97,-183.86,-20.43,4592.78
09:30,+50%,-15%,90m,200pt,9,44.4%,0.95,-211.85,-23.54,3545.86
09:30,+50%,-15%,90m,100pt,9,44.4%,0.96,-234.65,-26.07,4479.33
09:30,+40%,-15%,90m,100pt,9,44.4%,0.96,-234.65,-26.07,4479.33
09:30,+70%,-20%,90m,200pt,9,44.4%,0.95,-245.03,-27.23,4190.74
09:30,+50%,-30%,120m,200pt,9,44.4%,0.96,-257.44,-28.6,4433.68
09:30,+50%,-15%,120m,200pt,9,33.3%,0.94,-292.02,-32.45,3697.47
10:00,+20%,-15%,120m,200pt,10,40.0%,0.92,-370.77,-37.08,1659.3
09:30,+30%,-25%,120m,200pt,9,44.4%,0.93,-404.98,-45.0,3901.82
10:00,+50%,-15%,90m,100pt,10,40.0%,0.91,-484.02,-48.4,2402.29
09:30,+40%,-15%,90m,200pt,9,44.4%,0.88,-515.01,-57.22,3545.86
09:30,+40%,-30%,120m,200pt,9,44.4%,0.91,-560.6,-62.29,4433.68
09:30,+50%,-15%,120m,100pt,9,33.3%,0.91,-587.41,-65.27,4907.59
09:30,+40%,-15%,120m,100pt,9,33.3%,0.91,-587.41,-65.27,4907.59
09:30,+40%,-15%,120m,200pt,9,33.3%,0.88,-595.18,-66.13,3697.47
09:30,+20%,-25%,120m,200pt,9,44.4%,0.89,-615.92,-68.44,3901.82
10:00,+40%,-15%,90m,200pt,10,40.0%,0.85,-635.28,-63.53,1756.75
09:30,+20%,-25%,120m,100pt,9,44.4%,0.9,-651.8,-72.42,5083.04
09:30,+20%,-30%,120m,100pt,9,44.4%,0.9,-654.75,-72.75,5085.99
10:00,+70%,-20%,90m,200pt,10,40.0%,0.87,-672.62,-67.26,2245.72
09:30,+20%,-25%,90m,100pt,9,44.4%,0.87,-678.76,-75.42,4460.56
09:30,+20%,-20%,90m,100pt,9,44.4%,0.87,-678.76,-75.42,4460.56
09:30,+20%,-30%,90m,100pt,9,44.4%,0.87,-678.76,-75.42,4460.56
10:00,+20%,-15%,90m,200pt,10,50.0%,0.82,-717.63,-71.76,1659.3
09:30,+50%,-30%,90m,200pt,9,44.4%,0.84,-755.06,-83.9,4112.85
09:30,+50%,-25%,90m,200pt,9,44.4%,0.84,-755.06,-83.9,4112.85
10:00,+30%,-15%,90m,200pt,10,40.0%,0.81,-777.71,-77.77,1756.75
09:30,+30%,-25%,120m,100pt,9,44.4%,0.89,-777.97,-86.44,5083.04
09:30,+30%,-30%,120m,100pt,9,44.4%,0.89,-780.92,-86.77,5085.99
09:30,+20%,-15%,90m,200pt,9,44.4%,0.81,-788.17,-87.57,3545.86
09:30,+20%,-30%,120m,0pt,9,44.4%,0.88,-816.16,-90.68,5275.25
09:30,+20%,-20%,120m,0pt,9,44.4%,0.88,-816.16,-90.68,5275.25
09:30,+20%,-25%,120m,0pt,9,44.4%,0.88,-816.16,-90.68,5275.25
09:30,+20%,-15%,90m,100pt,9,44.4%,0.83,-916.06,-101.78,4479.33
09:30,+30%,-15%,90m,200pt,9,44.4%,0.78,-920.12,-102.24,3545.86
10:00,+30%,-30%,90m,0pt,10,40.0%,0.85,-920.77,-92.08,2577.18
10:00,+30%,-20%,90m,0pt,10,40.0%,0.85,-920.77,-92.08,2577.18
10:00,+30%,-25%,90m,0pt,10,40.0%,0.85,-920.77,-92.08,2577.18
10:00,+30%,-15%,90m,0pt,10,40.0%,0.85,-920.77,-92.08,2577.18
10:00,+50%,-20%,90m,100pt,10,40.0%,0.85,-941.63,-94.16,2512.18
10:00,+50%,-30%,90m,100pt,10,40.0%,0.85,-941.63,-94.16,2512.18
10:00,+50%,-25%,90m,100pt,10,40.0%,0.85,-941.63,-94.16,2512.18
09:30,+30%,-30%,120m,200pt,9,44.4%,0.84,-965.71,-107.3,4433.68
10:00,+70%,-25%,90m,200pt,10,40.0%,0.82,-994.43,-99.44,2326.47
10:00,+70%,-30%,90m,200pt,10,40.0%,0.82,-994.43,-99.44,2326.47
10:00,+40%,-15%,90m,100pt,10,40.0%,0.82,-998.35,-99.84,2402.29
09:30,+30%,-15%,120m,200pt,9,33.3%,0.79,-1000.28,-111.14,3697.47
09:30,+20%,-30%,90m,0pt,9,44.4%,0.81,-1003.42,-111.49,4583.99
09:30,+20%,-20%,90m,0pt,9,44.4%,0.81,-1003.42,-111.49,4583.99
09:30,+20%,-25%,90m,0pt,9,44.4%,0.81,-1003.42,-111.49,4583.99
09:30,+20%,-15%,90m,0pt,9,44.4%,0.81,-1003.42,-111.49,4583.99
09:30,+30%,-30%,90m,100pt,9,44.4%,0.8,-1019.29,-113.25,4460.56
09:30,+30%,-20%,90m,100pt,9,44.4%,0.8,-1019.29,-113.25,4460.56
09:30,+30%,-25%,90m,100pt,9,44.4%,0.8,-1019.29,-113.25,4460.56
09:30,+50%,-20%,90m,200pt,9,44.4%,0.8,-1020.02,-113.34,4190.74
09:30,+40%,-30%,90m,200pt,9,44.4%,0.78,-1058.22,-117.58,4112.85
09:30,+40%,-25%,90m,200pt,9,44.4%,0.78,-1058.22,-117.58,4112.85
10:00,+30%,-15%,90m,100pt,10,40.0%,0.79,-1163.07,-116.31,2402.29
09:30,+20%,-30%,120m,200pt,9,44.4%,0.8,-1176.64,-130.74,4433.68
09:30,+20%,-15%,120m,200pt,9,33.3%,0.75,-1211.22,-134.58,3697.47
11:00,+30%,-30%,30m,200pt,10,30.0%,0.64,-1223.79,-122.38,1489.53
11:00,+30%,-25%,30m,200pt,10,30.0%,0.64,-1223.79,-122.38,1489.53
11:00,+30%,-15%,30m,200pt,10,30.0%,0.64,-1223.79,-122.38,1489.53
11:00,+30%,-20%,30m,200pt,10,30.0%,0.64,-1223.79,-122.38,1489.53
09:30,+30%,-25%,60m,0pt,9,44.4%,0.64,-1225.3,-136.14,1666.3
09:30,+50%,-20%,60m,0pt,9,44.4%,0.64,-1225.3,-136.14,1666.3
09:30,+40%,-30%,60m,0pt,9,44.4%,0.64,-1225.3,-136.14,1666.3
09:30,+40%,-20%,60m,0pt,9,44.4%,0.64,-1225.3,-136.14,1666.3
09:30,+20%,-20%,60m,0pt,9,44.4%,0.64,-1225.3,-136.14,1666.3
09:30,+40%,-25%,60m,0pt,9,44.4%,0.64,-1225.3,-136.14,1666.3
09:30,+70%,-20%,60m,0pt,9,44.4%,0.64,-1225.3,-136.14,1666.3
09:30,+70%,-25%,60m,0pt,9,44.4%,0.64,-1225.3,-136.14,1666.3
09:30,+30%,-15%,60m,0pt,9,44.4%,0.64,-1225.3,-136.14,1666.3
09:30,+20%,-25%,60m,0pt,9,44.4%,0.64,-1225.3,-136.14,1666.3
09:30,+50%,-30%,60m,0pt,9,44.4%,0.64,-1225.3,-136.14,1666.3
09:30,+30%,-20%,60m,0pt,9,44.4%,0.64,-1225.3,-136.14,1666.3
09:30,+40%,-15%,60m,0pt,9,44.4%,0.64,-1225.3,-136.14,1666.3
09:30,+50%,-15%,60m,0pt,9,44.4%,0.64,-1225.3,-136.14,1666.3
09:30,+20%,-30%,60m,0pt,9,44.4%,0.64,-1225.3,-136.14,1666.3
09:30,+70%,-30%,60m,0pt,9,44.4%,0.64,-1225.3,-136.14,1666.3
09:30,+20%,-15%,60m,0pt,9,44.4%,0.64,-1225.3,-136.14,1666.3
09:30,+70%,-15%,60m,0pt,9,44.4%,0.64,-1225.3,-136.14,1666.3
09:30,+30%,-30%,60m,0pt,9,44.4%,0.64,-1225.3,-136.14,1666.3
09:30,+50%,-25%,60m,0pt,9,44.4%,0.64,-1225.3,-136.14,1666.3
09:30,+70%,-30%,60m,100pt,9,44.4%,0.62,-1247.14,-138.57,1648.47
09:30,+20%,-25%,60m,100pt,9,44.4%,0.62,-1247.14,-138.57,1648.47
09:30,+50%,-25%,60m,100pt,9,44.4%,0.62,-1247.14,-138.57,1648.47
09:30,+70%,-20%,60m,100pt,9,44.4%,0.62,-1247.14,-138.57,1648.47
09:30,+70%,-25%,60m,100pt,9,44.4%,0.62,-1247.14,-138.57,1648.47
09:30,+20%,-30%,60m,100pt,9,44.4%,0.62,-1247.14,-138.57,1648.47
09:30,+30%,-25%,60m,100pt,9,44.4%,0.62,-1247.14,-138.57,1648.47
09:30,+30%,-20%,60m,100pt,9,44.4%,0.62,-1247.14,-138.57,1648.47
09:30,+30%,-15%,60m,100pt,9,44.4%,0.62,-1247.14,-138.57,1648.47
09:30,+50%,-30%,60m,100pt,9,44.4%,0.62,-1247.14,-138.57,1648.47
09:30,+50%,-15%,60m,100pt,9,44.4%,0.62,-1247.14,-138.57,1648.47
09:30,+30%,-30%,60m,100pt,9,44.4%,0.62,-1247.14,-138.57,1648.47
09:30,+40%,-15%,60m,100pt,9,44.4%,0.62,-1247.14,-138.57,1648.47
09:30,+50%,-20%,60m,100pt,9,44.4%,0.62,-1247.14,-138.57,1648.47
09:30,+40%,-30%,60m,100pt,9,44.4%,0.62,-1247.14,-138.57,1648.47
09:30,+40%,-20%,60m,100pt,9,44.4%,0.62,-1247.14,-138.57,1648.47
09:30,+20%,-20%,60m,100pt,9,44.4%,0.62,-1247.14,-138.57,1648.47
09:30,+40%,-25%,60m,100pt,9,44.4%,0.62,-1247.14,-138.57,1648.47
09:30,+20%,-15%,60m,100pt,9,44.4%,0.62,-1247.14,-138.57,1648.47
09:30,+70%,-15%,60m,100pt,9,44.4%,0.62,-1247.14,-138.57,1648.47
09:30,+30%,-15%,90m,100pt,9,44.4%,0.77,-1256.59,-139.62,4479.33
10:00,+50%,-20%,90m,200pt,10,40.0%,0.76,-1267.27,-126.73,2245.72
09:30,+50%,-20%,60m,200pt,9,33.3%,0.57,-1300.87,-144.54,1593.96
09:30,+70%,-25%,60m,200pt,9,33.3%,0.57,-1300.87,-144.54,1593.96
09:30,+40%,-25%,60m,200pt,9,33.3%,0.57,-1300.87,-144.54,1593.96
09:30,+50%,-15%,60m,200pt,9,33.3%,0.57,-1300.87,-144.54,1593.96
09:30,+40%,-15%,60m,200pt,9,33.3%,0.57,-1300.87,-144.54,1593.96
09:30,+70%,-15%,60m,200pt,9,33.3%,0.57,-1300.87,-144.54,1593.96
09:30,+30%,-20%,60m,200pt,9,33.3%,0.57,-1300.87,-144.54,1593.96
09:30,+50%,-25%,60m,200pt,9,33.3%,0.57,-1300.87,-144.54,1593.96
09:30,+50%,-30%,60m,200pt,9,33.3%,0.57,-1300.87,-144.54,1593.96
09:30,+30%,-15%,60m,200pt,9,33.3%,0.57,-1300.87,-144.54,1593.96
09:30,+70%,-30%,60m,200pt,9,33.3%,0.57,-1300.87,-144.54,1593.96
09:30,+70%,-20%,60m,200pt,9,33.3%,0.57,-1300.87,-144.54,1593.96
09:30,+40%,-30%,60m,200pt,9,33.3%,0.57,-1300.87,-144.54,1593.96
09:30,+30%,-25%,60m,200pt,9,33.3%,0.57,-1300.87,-144.54,1593.96
09:30,+30%,-30%,60m,200pt,9,33.3%,0.57,-1300.87,-144.54,1593.96
09:30,+40%,-20%,60m,200pt,9,33.3%,0.57,-1300.87,-144.54,1593.96
09:30,+40%,-20%,90m,200pt,9,44.4%,0.74,-1323.18,-147.02,4190.74
09:30,+20%,-25%,90m,200pt,9,44.4%,0.72,-1331.38,-147.93,4112.85
09:30,+20%,-30%,90m,200pt,9,44.4%,0.72,-1331.38,-147.93,4112.85
13:00,+50%,-15%,60m,200pt,10,10.0%,0.64,-1370.87,-137.09,2858.86
13:00,+50%,-15%,120m,200pt,10,10.0%,0.64,-1370.87,-137.09,2858.86
13:00,+50%,-15%,90m,200pt,10,10.0%,0.64,-1370.87,-137.09,2858.86
13:00,+70%,-15%,60m,200pt,10,10.0%,0.64,-1370.87,-137.09,2858.86
13:00,+70%,-15%,120m,200pt,10,10.0%,0.64,-1370.87,-137.09,2858.86
13:00,+70%,-15%,90m,200pt,10,10.0%,0.64,-1370.87,-137.09,2858.86
10:00,+40%,-25%,90m,100pt,10,40.0%,0.76,-1455.96,-145.6,2512.18
10:00,+40%,-20%,90m,100pt,10,40.0%,0.76,-1455.96,-145.6,2512.18
10:00,+40%,-30%,90m,100pt,10,40.0%,0.76,-1455.96,-145.6,2512.18
09:30,+30%,-25%,90m,200pt,9,44.4%,0.69,-1463.32,-162.59,4112.85
09:30,+30%,-30%,90m,200pt,9,44.4%,0.69,-1463.32,-162.59,4112.85
10:00,+20%,-20%,120m,200pt,10,40.0%,0.74,-1466.3,-146.63,2148.27
09:30,+70%,-15%,120m,0pt,9,44.4%,0.77,-1480.82,-164.54,4592.78
09:30,+20%,-15%,120m,100pt,9,33.3%,0.76,-1483.18,-164.8,4907.59
10:00,+30%,-30%,30m,0pt,10,20.0%,0.46,-1509.29,-150.93,1305.22
10:00,+30%,-25%,30m,0pt,10,20.0%,0.46,-1509.29,-150.93,1305.22
10:00,+50%,-15%,30m,0pt,10,20.0%,0.46,-1509.29,-150.93,1305.22
10:00,+20%,-30%,30m,0pt,10,20.0%,0.46,-1509.29,-150.93,1305.22
10:00,+30%,-15%,30m,0pt,10,20.0%,0.46,-1509.29,-150.93,1305.22
10:00,+70%,-15%,30m,0pt,10,20.0%,0.46,-1509.29,-150.93,1305.22
10:00,+70%,-25%,30m,0pt,10,20.0%,0.46,-1509.29,-150.93,1305.22
10:00,+20%,-15%,30m,0pt,10,20.0%,0.46,-1509.29,-150.93,1305.22
10:00,+20%,-20%,30m,0pt,10,20.0%,0.46,-1509.29,-150.93,1305.22
10:00,+70%,-20%,30m,0pt,10,20.0%,0.46,-1509.29,-150.93,1305.22
10:00,+70%,-30%,30m,0pt,10,20.0%,0.46,-1509.29,-150.93,1305.22
10:00,+20%,-25%,30m,0pt,10,20.0%,0.46,-1509.29,-150.93,1305.22
10:00,+50%,-30%,30m,0pt,10,20.0%,0.46,-1509.29,-150.93,1305.22
10:00,+30%,-20%,30m,0pt,10,20.0%,0.46,-1509.29,-150.93,1305.22
10:00,+50%,-20%,30m,0pt,10,20.0%,0.46,-1509.29,-150.93,1305.22
10:00,+40%,-25%,30m,0pt,10,20.0%,0.46,-1509.29,-150.93,1305.22
10:00,+40%,-30%,30m,0pt,10,20.0%,0.46,-1509.29,-150.93,1305.22
10:00,+40%,-15%,30m,0pt,10,20.0%,0.46,-1509.29,-150.93,1305.22
10:00,+40%,-20%,30m,0pt,10,20.0%,0.46,-1509.29,-150.93,1305.22
10:00,+50%,-25%,30m,0pt,10,20.0%,0.46,-1509.29,-150.93,1305.22
10:00,+70%,-25%,30m,100pt,10,20.0%,0.44,-1513.13,-151.31,1277.19
10:00,+20%,-20%,30m,100pt,10,20.0%,0.44,-1513.13,-151.31,1277.19
10:00,+70%,-30%,30m,100pt,10,20.0%,0.44,-1513.13,-151.31,1277.19
10:00,+40%,-30%,30m,100pt,10,20.0%,0.44,-1513.13,-151.31,1277.19
10:00,+40%,-20%,30m,100pt,10,20.0%,0.44,-1513.13,-151.31,1277.19
10:00,+40%,-25%,30m,100pt,10,20.0%,0.44,-1513.13,-151.31,1277.19
10:00,+50%,-20%,30m,100pt,10,20.0%,0.44,-1513.13,-151.31,1277.19
10:00,+20%,-15%,30m,100pt,10,20.0%,0.44,-1513.13,-151.31,1277.19
10:00,+50%,-25%,30m,100pt,10,20.0%,0.44,-1513.13,-151.31,1277.19
10:00,+30%,-30%,30m,100pt,10,20.0%,0.44,-1513.13,-151.31,1277.19
10:00,+70%,-20%,30m,100pt,10,20.0%,0.44,-1513.13,-151.31,1277.19
10:00,+70%,-15%,30m,100pt,10,20.0%,0.44,-1513.13,-151.31,1277.19
10:00,+20%,-25%,30m,100pt,10,20.0%,0.44,-1513.13,-151.31,1277.19
10:00,+20%,-30%,30m,100pt,10,20.0%,0.44,-1513.13,-151.31,1277.19
10:00,+30%,-15%,30m,100pt,10,20.0%,0.44,-1513.13,-151.31,1277.19
10:00,+50%,-15%,30m,100pt,10,20.0%,0.44,-1513.13,-151.31,1277.19
10:00,+50%,-30%,30m,100pt,10,20.0%,0.44,-1513.13,-151.31,1277.19
10:00,+30%,-25%,30m,100pt,10,20.0%,0.44,-1513.13,-151.31,1277.19
10:00,+40%,-15%,30m,100pt,10,20.0%,0.44,-1513.13,-151.31,1277.19
10:00,+30%,-20%,30m,100pt,10,20.0%,0.44,-1513.13,-151.31,1277.19
13:00,+40%,-15%,120m,200pt,10,20.0%,0.56,-1515.69,-151.57,1973.09
13:00,+40%,-15%,60m,200pt,10,20.0%,0.56,-1515.69,-151.57,1973.09
13:00,+40%,-15%,90m,200pt,10,20.0%,0.56,-1515.69,-151.57,1973.09
10:00,+50%,-20%,30m,200pt,10,20.0%,0.4,-1518.61,-151.86,1197.97
10:00,+50%,-30%,30m,200pt,10,20.0%,0.4,-1518.61,-151.86,1197.97
10:00,+30%,-25%,30m,200pt,10,20.0%,0.4,-1518.61,-151.86,1197.97
10:00,+50%,-15%,30m,200pt,10,20.0%,0.4,-1518.61,-151.86,1197.97
10:00,+30%,-30%,30m,200pt,10,20.0%,0.4,-1518.61,-151.86,1197.97
10:00,+40%,-20%,30m,200pt,10,20.0%,0.4,-1518.61,-151.86,1197.97
10:00,+40%,-15%,30m,200pt,10,20.0%,0.4,-1518.61,-151.86,1197.97
10:00,+40%,-30%,30m,200pt,10,20.0%,0.4,-1518.61,-151.86,1197.97
10:00,+40%,-25%,30m,200pt,10,20.0%,0.4,-1518.61,-151.86,1197.97
10:00,+30%,-20%,30m,200pt,10,20.0%,0.4,-1518.61,-151.86,1197.97
10:00,+70%,-15%,30m,200pt,10,20.0%,0.4,-1518.61,-151.86,1197.97
10:00,+50%,-25%,30m,200pt,10,20.0%,0.4,-1518.61,-151.86,1197.97
10:00,+30%,-15%,30m,200pt,10,20.0%,0.4,-1518.61,-151.86,1197.97
10:00,+70%,-20%,30m,200pt,10,20.0%,0.4,-1518.61,-151.86,1197.97
10:00,+70%,-25%,30m,200pt,10,20.0%,0.4,-1518.61,-151.86,1197.97
10:00,+70%,-30%,30m,200pt,10,20.0%,0.4,-1518.61,-151.86,1197.97
11:00,+20%,-15%,30m,100pt,10,30.0%,0.59,-1527.35,-152.73,1749.74
11:00,+20%,-20%,30m,100pt,10,30.0%,0.59,-1527.35,-152.73,1749.74
11:00,+20%,-25%,30m,100pt,10,30.0%,0.59,-1527.35,-152.73,1749.74
11:00,+20%,-30%,30m,100pt,10,30.0%,0.59,-1527.35,-152.73,1749.74
10:00,+50%,-25%,90m,200pt,10,40.0%,0.71,-1589.08,-158.91,2326.47
10:00,+50%,-30%,90m,200pt,10,40.0%,0.71,-1589.08,-158.91,2326.47
09:30,+20%,-20%,90m,200pt,9,44.4%,0.68,-1596.34,-177.37,4190.74
09:30,+30%,-15%,120m,100pt,9,33.3%,0.74,-1609.35,-178.82,4907.59
10:00,+30%,-25%,90m,100pt,10,40.0%,0.73,-1620.68,-162.07,2512.18
10:00,+30%,-30%,90m,100pt,10,40.0%,0.73,-1620.68,-162.07,2512.18
10:00,+30%,-20%,90m,100pt,10,40.0%,0.73,-1620.68,-162.07,2512.18
11:00,+20%,-30%,30m,200pt,10,30.0%,0.51,-1653.53,-165.35,1718.65
11:00,+20%,-20%,30m,200pt,10,30.0%,0.51,-1653.53,-165.35,1718.65
11:00,+20%,-15%,30m,200pt,10,30.0%,0.51,-1653.53,-165.35,1718.65
11:00,+20%,-25%,30m,200pt,10,30.0%,0.51,-1653.53,-165.35,1718.65
10:00,+20%,-25%,30m,200pt,10,20.0%,0.35,-1661.57,-166.16,1230.54
10:00,+20%,-30%,30m,200pt,10,20.0%,0.35,-1661.57,-166.16,1230.54
10:00,+20%,-15%,30m,200pt,10,20.0%,0.35,-1661.57,-166.16,1230.54
10:00,+20%,-20%,30m,200pt,10,20.0%,0.35,-1661.57,-166.16,1230.54
11:00,+70%,-15%,30m,200pt,10,30.0%,0.5,-1693.14,-169.31,1891.51
11:00,+40%,-20%,30m,200pt,10,30.0%,0.5,-1693.14,-169.31,1891.51
11:00,+50%,-25%,30m,200pt,10,30.0%,0.5,-1693.14,-169.31,1891.51
11:00,+50%,-30%,30m,200pt,10,30.0%,0.5,-1693.14,-169.31,1891.51
11:00,+70%,-20%,30m,200pt,10,30.0%,0.5,-1693.14,-169.31,1891.51
11:00,+40%,-30%,30m,200pt,10,30.0%,0.5,-1693.14,-169.31,1891.51
11:00,+40%,-15%,30m,200pt,10,30.0%,0.5,-1693.14,-169.31,1891.51
11:00,+50%,-20%,30m,200pt,10,30.0%,0.5,-1693.14,-169.31,1891.51
11:00,+50%,-15%,30m,200pt,10,30.0%,0.5,-1693.14,-169.31,1891.51
11:00,+70%,-25%,30m,200pt,10,30.0%,0.5,-1693.14,-169.31,1891.51
11:00,+70%,-30%,30m,200pt,10,30.0%,0.5,-1693.14,-169.31,1891.51
11:00,+40%,-25%,30m,200pt,10,30.0%,0.5,-1693.14,-169.31,1891.51
09:30,+30%,-20%,90m,200pt,9,44.4%,0.66,-1728.29,-192.03,4190.74
10:00,+40%,-20%,90m,200pt,10,40.0%,0.67,-1730.81,-173.08,2245.72
09:30,+20%,-15%,60m,200pt,9,33.3%,0.43,-1738.27,-193.14,1593.96
09:30,+20%,-25%,60m,200pt,9,33.3%,0.43,-1738.27,-193.14,1593.96
09:30,+20%,-30%,60m,200pt,9,33.3%,0.43,-1738.27,-193.14,1593.96
09:30,+20%,-20%,60m,200pt,9,33.3%,0.43,-1738.27,-193.14,1593.96
10:00,+50%,-15%,60m,200pt,10,40.0%,0.59,-1759.68,-175.97,2772.66
11:00,+30%,-25%,30m,100pt,10,30.0%,0.52,-1791.67,-179.17,2014.06
11:00,+50%,-25%,30m,100pt,10,30.0%,0.52,-1791.67,-179.17,2014.06
11:00,+50%,-15%,30m,100pt,10,30.0%,0.52,-1791.67,-179.17,2014.06
11:00,+70%,-15%,30m,100pt,10,30.0%,0.52,-1791.67,-179.17,2014.06
11:00,+50%,-30%,30m,100pt,10,30.0%,0.52,-1791.67,-179.17,2014.06
11:00,+30%,-15%,30m,100pt,10,30.0%,0.52,-1791.67,-179.17,2014.06
11:00,+40%,-25%,30m,100pt,10,30.0%,0.52,-1791.67,-179.17,2014.06
11:00,+40%,-20%,30m,100pt,10,30.0%,0.52,-1791.67,-179.17,2014.06
11:00,+70%,-20%,30m,100pt,10,30.0%,0.52,-1791.67,-179.17,2014.06
11:00,+70%,-30%,30m,100pt,10,30.0%,0.52,-1791.67,-179.17,2014.06
11:00,+50%,-20%,30m,100pt,10,30.0%,0.52,-1791.67,-179.17,2014.06
11:00,+70%,-25%,30m,100pt,10,30.0%,0.52,-1791.67,-179.17,2014.06
11:00,+30%,-20%,30m,100pt,10,30.0%,0.52,-1791.67,-179.17,2014.06
11:00,+40%,-15%,30m,100pt,10,30.0%,0.52,-1791.67,-179.17,2014.06
11:00,+30%,-30%,30m,100pt,10,30.0%,0.52,-1791.67,-179.17,2014.06
11:00,+40%,-30%,30m,100pt,10,30.0%,0.52,-1791.67,-179.17,2014.06
10:00,+20%,-20%,90m,200pt,10,50.0%,0.65,-1813.15,-181.32,2148.27
11:00,+40%,-20%,30m,0pt,10,30.0%,0.53,-1826.6,-182.66,2056.93
11:00,+70%,-15%,30m,0pt,10,30.0%,0.53,-1826.6,-182.66,2056.93
11:00,+20%,-20%,30m,0pt,10,30.0%,0.53,-1826.6,-182.66,2056.93
11:00,+50%,-20%,30m,0pt,10,30.0%,0.53,-1826.6,-182.66,2056.93
11:00,+70%,-25%,30m,0pt,10,30.0%,0.53,-1826.6,-182.66,2056.93
11:00,+50%,-25%,30m,0pt,10,30.0%,0.53,-1826.6,-182.66,2056.93
11:00,+50%,-15%,30m,0pt,10,30.0%,0.53,-1826.6,-182.66,2056.93
11:00,+50%,-30%,30m,0pt,10,30.0%,0.53,-1826.6,-182.66,2056.93
11:00,+30%,-30%,30m,0pt,10,30.0%,0.53,-1826.6,-182.66,2056.93
11:00,+30%,-20%,30m,0pt,10,30.0%,0.53,-1826.6,-182.66,2056.93
11:00,+40%,-30%,30m,0pt,10,30.0%,0.53,-1826.6,-182.66,2056.93
11:00,+30%,-25%,30m,0pt,10,30.0%,0.53,-1826.6,-182.66,2056.93
11:00,+70%,-20%,30m,0pt,10,30.0%,0.53,-1826.6,-182.66,2056.93
11:00,+70%,-30%,30m,0pt,10,30.0%,0.53,-1826.6,-182.66,2056.93
11:00,+40%,-25%,30m,0pt,10,30.0%,0.53,-1826.6,-182.66,2056.93
11:00,+20%,-25%,30m,0pt,10,30.0%,0.53,-1826.6,-182.66,2056.93
11:00,+20%,-15%,30m,0pt,10,30.0%,0.53,-1826.6,-182.66,2056.93
11:00,+40%,-15%,30m,0pt,10,30.0%,0.53,-1826.6,-182.66,2056.93
11:00,+20%,-30%,30m,0pt,10,30.0%,0.53,-1826.6,-182.66,2056.93
11:00,+30%,-15%,30m,0pt,10,30.0%,0.53,-1826.6,-182.66,2056.93
10:00,+30%,-20%,60m,100pt,10,40.0%,0.61,-1858.46,-185.85,3154.4
10:00,+30%,-30%,60m,100pt,10,40.0%,0.61,-1858.46,-185.85,3154.4
10:00,+30%,-15%,60m,100pt,10,40.0%,0.61,-1858.46,-185.85,3154.4
10:00,+30%,-25%,60m,100pt,10,40.0%,0.61,-1858.46,-185.85,3154.4
10:00,+20%,-15%,90m,100pt,10,40.0%,0.67,-1859.93,-185.99,2402.29
10:00,+30%,-20%,90m,200pt,10,40.0%,0.64,-1873.23,-187.32,2245.72
10:00,+50%,-20%,60m,200pt,10,40.0%,0.57,-1881.75,-188.18,2894.73
10:00,+50%,-25%,60m,200pt,10,40.0%,0.57,-1881.75,-188.18,2894.73
10:00,+50%,-30%,60m,200pt,10,40.0%,0.57,-1881.75,-188.18,2894.73
13:00,+30%,-15%,45m,200pt,10,20.0%,0.45,-1885.75,-188.58,1973.09
13:00,+30%,-15%,60m,200pt,10,20.0%,0.45,-1885.75,-188.58,1973.09
13:00,+30%,-15%,120m,200pt,10,20.0%,0.45,-1885.75,-188.58,1973.09
13:00,+30%,-15%,90m,200pt,10,20.0%,0.45,-1885.75,-188.58,1973.09
10:00,+70%,-15%,60m,200pt,10,40.0%,0.55,-1928.52,-192.85,2772.66
10:00,+70%,-25%,60m,0pt,10,40.0%,0.59,-2037.32,-203.73,3247.12
10:00,+70%,-15%,60m,0pt,10,40.0%,0.59,-2037.32,-203.73,3247.12
10:00,+70%,-30%,60m,0pt,10,40.0%,0.59,-2037.32,-203.73,3247.12
10:00,+70%,-20%,60m,0pt,10,40.0%,0.59,-2037.32,-203.73,3247.12
10:00,+50%,-30%,60m,0pt,10,40.0%,0.59,-2037.32,-203.73,3247.12
10:00,+30%,-20%,60m,0pt,10,40.0%,0.59,-2037.32,-203.73,3247.12
10:00,+40%,-15%,60m,0pt,10,40.0%,0.59,-2037.32,-203.73,3247.12
10:00,+40%,-20%,60m,0pt,10,40.0%,0.59,-2037.32,-203.73,3247.12
10:00,+40%,-25%,60m,0pt,10,40.0%,0.59,-2037.32,-203.73,3247.12
10:00,+30%,-25%,60m,0pt,10,40.0%,0.59,-2037.32,-203.73,3247.12
10:00,+30%,-30%,60m,0pt,10,40.0%,0.59,-2037.32,-203.73,3247.12
10:00,+50%,-20%,60m,0pt,10,40.0%,0.59,-2037.32,-203.73,3247.12
10:00,+40%,-30%,60m,0pt,10,40.0%,0.59,-2037.32,-203.73,3247.12
10:00,+50%,-15%,60m,0pt,10,40.0%,0.59,-2037.32,-203.73,3247.12
10:00,+50%,-25%,60m,0pt,10,40.0%,0.59,-2037.32,-203.73,3247.12
10:00,+30%,-15%,60m,0pt,10,40.0%,0.59,-2037.32,-203.73,3247.12
13:00,+40%,-15%,45m,200pt,10,20.0%,0.41,-2039.74,-203.97,1973.09
10:00,+70%,-20%,60m,100pt,10,40.0%,0.58,-2043.43,-204.34,3154.4
10:00,+70%,-30%,60m,100pt,10,40.0%,0.58,-2043.43,-204.34,3154.4
10:00,+70%,-25%,60m,100pt,10,40.0%,0.58,-2043.43,-204.34,3154.4
10:00,+50%,-15%,60m,100pt,10,40.0%,0.58,-2043.43,-204.34,3154.4
10:00,+50%,-20%,60m,100pt,10,40.0%,0.58,-2043.43,-204.34,3154.4
10:00,+70%,-15%,60m,100pt,10,40.0%,0.58,-2043.43,-204.34,3154.4
10:00,+40%,-30%,60m,100pt,10,40.0%,0.58,-2043.43,-204.34,3154.4
10:00,+50%,-25%,60m,100pt,10,40.0%,0.58,-2043.43,-204.34,3154.4
10:00,+50%,-30%,60m,100pt,10,40.0%,0.58,-2043.43,-204.34,3154.4
10:00,+40%,-20%,60m,100pt,10,40.0%,0.58,-2043.43,-204.34,3154.4
10:00,+40%,-15%,60m,100pt,10,40.0%,0.58,-2043.43,-204.34,3154.4
10:00,+40%,-25%,60m,100pt,10,40.0%,0.58,-2043.43,-204.34,3154.4
10:00,+70%,-20%,60m,200pt,10,40.0%,0.54,-2050.59,-205.06,2894.73
10:00,+70%,-30%,60m,200pt,10,40.0%,0.54,-2050.59,-205.06,2894.73
10:00,+70%,-25%,60m,200pt,10,40.0%,0.54,-2050.59,-205.06,2894.73
10:00,+40%,-25%,90m,200pt,10,40.0%,0.63,-2052.62,-205.26,2326.47
10:00,+40%,-30%,90m,200pt,10,40.0%,0.63,-2052.62,-205.26,2326.47
13:00,+20%,-15%,120m,200pt,10,30.0%,0.34,-2057.26,-205.73,2299.55
13:00,+20%,-15%,45m,200pt,10,30.0%,0.34,-2057.26,-205.73,2299.55
13:00,+20%,-15%,60m,200pt,10,30.0%,0.34,-2057.26,-205.73,2299.55
13:00,+20%,-15%,90m,200pt,10,30.0%,0.34,-2057.26,-205.73,2299.55
10:00,+20%,-20%,45m,200pt,10,30.0%,0.45,-2108.38,-210.84,2516.39
10:00,+20%,-30%,45m,200pt,10,30.0%,0.45,-2108.38,-210.84,2516.39
10:00,+20%,-25%,45m,200pt,10,30.0%,0.45,-2108.38,-210.84,2516.39
10:00,+20%,-15%,45m,200pt,10,30.0%,0.45,-2108.38,-210.84,2516.39
09:30,+70%,-20%,120m,0pt,9,44.4%,0.7,-2113.11,-234.79,5275.25
09:30,+70%,-30%,120m,0pt,9,44.4%,0.7,-2113.11,-234.79,5275.25
09:30,+70%,-25%,120m,0pt,9,44.4%,0.7,-2113.11,-234.79,5275.25
10:00,+20%,-25%,90m,200pt,10,50.0%,0.61,-2134.96,-213.5,2229.02
10:00,+20%,-30%,90m,200pt,10,50.0%,0.61,-2134.96,-213.5,2229.02
10:00,+20%,-30%,90m,0pt,10,40.0%,0.65,-2181.27,-218.13,2577.18
10:00,+20%,-25%,90m,0pt,10,40.0%,0.65,-2181.27,-218.13,2577.18
10:00,+20%,-15%,90m,0pt,10,40.0%,0.65,-2181.27,-218.13,2577.18
10:00,+20%,-20%,90m,0pt,10,40.0%,0.65,-2181.27,-218.13,2577.18
10:00,+30%,-30%,90m,200pt,10,40.0%,0.61,-2195.04,-219.5,2326.47
10:00,+30%,-25%,90m,200pt,10,40.0%,0.61,-2195.04,-219.5,2326.47
10:00,+40%,-15%,60m,200pt,10,40.0%,0.48,-2223.22,-222.32,2772.66
10:00,+30%,-15%,45m,200pt,10,30.0%,0.41,-2289.44,-228.94,2633.43
10:00,+30%,-30%,45m,200pt,10,30.0%,0.41,-2289.44,-228.94,2633.43
10:00,+30%,-25%,45m,200pt,10,30.0%,0.41,-2289.44,-228.94,2633.43
10:00,+30%,-20%,45m,200pt,10,30.0%,0.41,-2289.44,-228.94,2633.43
10:00,+20%,-25%,90m,100pt,10,40.0%,0.62,-2317.54,-231.75,2512.18
10:00,+20%,-20%,90m,100pt,10,40.0%,0.62,-2317.54,-231.75,2512.18
10:00,+20%,-30%,90m,100pt,10,40.0%,0.62,-2317.54,-231.75,2512.18
10:00,+40%,-30%,60m,200pt,10,40.0%,0.47,-2345.29,-234.53,2894.73
10:00,+40%,-25%,60m,200pt,10,40.0%,0.47,-2345.29,-234.53,2894.73
10:00,+40%,-20%,60m,200pt,10,40.0%,0.47,-2345.29,-234.53,2894.73
13:00,+40%,-15%,30m,200pt,10,20.0%,0.2,-2357.57,-235.76,2040.4
13:00,+30%,-15%,30m,200pt,10,20.0%,0.2,-2357.57,-235.76,2040.4
10:00,+30%,-15%,60m,200pt,10,40.0%,0.45,-2365.64,-236.56,2772.66
10:00,+20%,-30%,45m,100pt,10,30.0%,0.43,-2368.79,-236.88,2833.17
10:00,+20%,-25%,45m,100pt,10,30.0%,0.43,-2368.79,-236.88,2833.17
10:00,+20%,-20%,45m,100pt,10,30.0%,0.43,-2368.79,-236.88,2833.17
10:00,+20%,-15%,45m,100pt,10,30.0%,0.43,-2368.79,-236.88,2833.17
13:30,+30%,-15%,90m,200pt,10,10.0%,0.25,-2379.13,-237.91,2461.95
13:30,+30%,-15%,120m,200pt,10,10.0%,0.25,-2379.13,-237.91,2461.95
13:30,+30%,-15%,60m,200pt,10,10.0%,0.25,-2379.13,-237.91,2461.95
13:30,+30%,-15%,45m,200pt,10,10.0%,0.25,-2379.13,-237.91,2461.95
13:00,+20%,-15%,30m,200pt,10,30.0%,0.17,-2382.16,-238.22,2299.55
10:00,+20%,-20%,60m,0pt,10,40.0%,0.52,-2397.53,-239.75,3247.12
10:00,+20%,-25%,60m,0pt,10,40.0%,0.52,-2397.53,-239.75,3247.12
10:00,+20%,-30%,60m,0pt,10,40.0%,0.52,-2397.53,-239.75,3247.12
10:00,+20%,-15%,60m,0pt,10,40.0%,0.52,-2397.53,-239.75,3247.12
10:00,+70%,-20%,45m,200pt,10,30.0%,0.37,-2425.76,-242.58,2633.43
10:00,+50%,-20%,45m,200pt,10,30.0%,0.37,-2425.76,-242.58,2633.43
10:00,+40%,-30%,45m,200pt,10,30.0%,0.37,-2425.76,-242.58,2633.43
10:00,+50%,-15%,45m,200pt,10,30.0%,0.37,-2425.76,-242.58,2633.43
10:00,+70%,-25%,45m,200pt,10,30.0%,0.37,-2425.76,-242.58,2633.43
10:00,+70%,-30%,45m,200pt,10,30.0%,0.37,-2425.76,-242.58,2633.43
10:00,+50%,-30%,45m,200pt,10,30.0%,0.37,-2425.76,-242.58,2633.43
10:00,+50%,-25%,45m,200pt,10,30.0%,0.37,-2425.76,-242.58,2633.43
10:00,+40%,-25%,45m,200pt,10,30.0%,0.37,-2425.76,-242.58,2633.43
10:00,+70%,-15%,45m,200pt,10,30.0%,0.37,-2425.76,-242.58,2633.43
10:00,+40%,-15%,45m,200pt,10,30.0%,0.37,-2425.76,-242.58,2633.43
10:00,+40%,-20%,45m,200pt,10,30.0%,0.37,-2425.76,-242.58,2633.43
13:00,+70%,-15%,90m,100pt,10,10.0%,0.6,-2472.69,-247.27,4794.09
13:00,+70%,-15%,120m,100pt,10,10.0%,0.6,-2472.69,-247.27,4794.09
10:00,+30%,-20%,60m,200pt,10,40.0%,0.44,-2487.71,-248.77,2894.73
10:00,+30%,-30%,60m,200pt,10,40.0%,0.44,-2487.71,-248.77,2894.73
10:00,+30%,-25%,60m,200pt,10,40.0%,0.44,-2487.71,-248.77,2894.73
13:00,+70%,-20%,60m,200pt,10,10.0%,0.49,-2503.13,-250.31,3769.76
13:00,+50%,-20%,90m,200pt,10,10.0%,0.49,-2503.13,-250.31,3769.76
13:00,+70%,-20%,90m,200pt,10,10.0%,0.49,-2503.13,-250.31,3769.76
13:00,+50%,-20%,60m,200pt,10,10.0%,0.49,-2503.13,-250.31,3769.76
13:00,+50%,-20%,120m,200pt,10,10.0%,0.49,-2503.13,-250.31,3769.76
13:00,+70%,-20%,120m,200pt,10,10.0%,0.49,-2503.13,-250.31,3769.76
13:00,+40%,-20%,120m,200pt,10,20.0%,0.44,-2513.33,-251.33,2749.38
13:00,+40%,-20%,90m,200pt,10,20.0%,0.44,-2513.33,-251.33,2749.38
13:00,+40%,-20%,60m,200pt,10,20.0%,0.44,-2513.33,-251.33,2749.38
10:00,+30%,-20%,45m,100pt,10,30.0%,0.4,-2519.36,-251.94,2833.17
10:00,+40%,-15%,45m,100pt,10,30.0%,0.4,-2519.36,-251.94,2833.17
10:00,+40%,-20%,45m,100pt,10,30.0%,0.4,-2519.36,-251.94,2833.17
10:00,+30%,-25%,45m,100pt,10,30.0%,0.4,-2519.36,-251.94,2833.17
10:00,+40%,-30%,45m,100pt,10,30.0%,0.4,-2519.36,-251.94,2833.17
10:00,+70%,-20%,45m,100pt,10,30.0%,0.4,-2519.36,-251.94,2833.17
10:00,+70%,-15%,45m,100pt,10,30.0%,0.4,-2519.36,-251.94,2833.17
10:00,+50%,-20%,45m,100pt,10,30.0%,0.4,-2519.36,-251.94,2833.17
10:00,+50%,-25%,45m,100pt,10,30.0%,0.4,-2519.36,-251.94,2833.17
10:00,+70%,-30%,45m,100pt,10,30.0%,0.4,-2519.36,-251.94,2833.17
10:00,+70%,-25%,45m,100pt,10,30.0%,0.4,-2519.36,-251.94,2833.17
10:00,+40%,-25%,45m,100pt,10,30.0%,0.4,-2519.36,-251.94,2833.17
10:00,+30%,-15%,45m,100pt,10,30.0%,0.4,-2519.36,-251.94,2833.17
10:00,+30%,-30%,45m,100pt,10,30.0%,0.4,-2519.36,-251.94,2833.17
10:00,+50%,-30%,45m,100pt,10,30.0%,0.4,-2519.36,-251.94,2833.17
10:00,+50%,-15%,45m,100pt,10,30.0%,0.4,-2519.36,-251.94,2833.17
10:00,+40%,-15%,45m,0pt,10,30.0%,0.41,-2551.01,-255.1,2904.04
10:00,+30%,-25%,45m,0pt,10,30.0%,0.41,-2551.01,-255.1,2904.04
10:00,+30%,-30%,45m,0pt,10,30.0%,0.41,-2551.01,-255.1,2904.04
10:00,+40%,-30%,45m,0pt,10,30.0%,0.41,-2551.01,-255.1,2904.04
10:00,+40%,-25%,45m,0pt,10,30.0%,0.41,-2551.01,-255.1,2904.04
10:00,+40%,-20%,45m,0pt,10,30.0%,0.41,-2551.01,-255.1,2904.04
10:00,+70%,-30%,45m,0pt,10,30.0%,0.41,-2551.01,-255.1,2904.04
10:00,+50%,-20%,45m,0pt,10,30.0%,0.41,-2551.01,-255.1,2904.04
10:00,+70%,-15%,45m,0pt,10,30.0%,0.41,-2551.01,-255.1,2904.04
10:00,+30%,-20%,45m,0pt,10,30.0%,0.41,-2551.01,-255.1,2904.04
10:00,+20%,-20%,45m,0pt,10,30.0%,0.41,-2551.01,-255.1,2904.04
10:00,+70%,-25%,45m,0pt,10,30.0%,0.41,-2551.01,-255.1,2904.04
10:00,+20%,-25%,45m,0pt,10,30.0%,0.41,-2551.01,-255.1,2904.04
10:00,+20%,-15%,45m,0pt,10,30.0%,0.41,-2551.01,-255.1,2904.04
10:00,+20%,-30%,45m,0pt,10,30.0%,0.41,-2551.01,-255.1,2904.04
10:00,+50%,-30%,45m,0pt,10,30.0%,0.41,-2551.01,-255.1,2904.04
10:00,+50%,-25%,45m,0pt,10,30.0%,0.41,-2551.01,-255.1,2904.04
10:00,+50%,-15%,45m,0pt,10,30.0%,0.41,-2551.01,-255.1,2904.04
10:00,+30%,-15%,45m,0pt,10,30.0%,0.41,-2551.01,-255.1,2904.04
10:00,+70%,-20%,45m,0pt,10,30.0%,0.41,-2551.01,-255.1,2904.04
10:00,+20%,-15%,60m,100pt,10,40.0%,0.47,-2555.32,-255.53,3154.4
10:00,+20%,-25%,60m,100pt,10,40.0%,0.47,-2555.32,-255.53,3154.4
10:00,+20%,-30%,60m,100pt,10,40.0%,0.47,-2555.32,-255.53,3154.4
10:00,+20%,-20%,60m,100pt,10,40.0%,0.47,-2555.32,-255.53,3154.4
10:00,+20%,-15%,60m,200pt,10,40.0%,0.4,-2568.65,-256.86,2772.66
11:00,+20%,-15%,45m,200pt,10,20.0%,0.39,-2660.77,-266.08,2527.01
13:00,+30%,-20%,45m,200pt,10,20.0%,0.37,-2682.88,-268.29,2749.38
10:00,+20%,-30%,60m,200pt,10,40.0%,0.39,-2690.72,-269.07,2894.73
10:00,+20%,-25%,60m,200pt,10,40.0%,0.39,-2690.72,-269.07,2894.73
10:00,+20%,-20%,60m,200pt,10,40.0%,0.39,-2690.72,-269.07,2894.73
13:30,+20%,-15%,45m,200pt,10,10.0%,0.16,-2693.7,-269.37,2461.95
13:30,+20%,-15%,60m,200pt,10,10.0%,0.16,-2693.7,-269.37,2461.95
13:30,+20%,-15%,90m,200pt,10,10.0%,0.16,-2693.7,-269.37,2461.95
13:30,+20%,-15%,120m,200pt,10,10.0%,0.16,-2693.7,-269.37,2461.95
10:00,+20%,-25%,120m,200pt,10,40.0%,0.61,-2766.39,-276.64,2817.97
11:00,+20%,-25%,45m,200pt,10,20.0%,0.38,-2836.6,-283.66,2645.45
11:00,+20%,-20%,45m,200pt,10,20.0%,0.38,-2836.6,-283.66,2645.45
11:00,+20%,-30%,45m,200pt,10,20.0%,0.38,-2836.6,-283.66,2645.45
13:00,+40%,-20%,45m,200pt,10,20.0%,0.33,-2836.87,-283.69,2749.38
13:00,+70%,-15%,60m,100pt,10,10.0%,0.53,-2859.23,-285.92,4794.09
13:00,+30%,-20%,120m,200pt,10,20.0%,0.35,-2883.39,-288.34,2749.38
13:00,+30%,-20%,60m,200pt,10,20.0%,0.35,-2883.39,-288.34,2749.38
13:00,+30%,-20%,90m,200pt,10,20.0%,0.35,-2883.39,-288.34,2749.38
09:30,+20%,-20%,30m,200pt,9,11.1%,0.02,-2887.02,-320.78,2461.09
09:30,+40%,-15%,30m,200pt,9,11.1%,0.02,-2887.02,-320.78,2461.09
09:30,+50%,-30%,30m,200pt,9,11.1%,0.02,-2887.02,-320.78,2461.09
09:30,+40%,-20%,30m,200pt,9,11.1%,0.02,-2887.02,-320.78,2461.09
09:30,+40%,-25%,30m,200pt,9,11.1%,0.02,-2887.02,-320.78,2461.09
09:30,+40%,-30%,30m,200pt,9,11.1%,0.02,-2887.02,-320.78,2461.09
09:30,+50%,-25%,30m,200pt,9,11.1%,0.02,-2887.02,-320.78,2461.09
09:30,+50%,-15%,30m,200pt,9,11.1%,0.02,-2887.02,-320.78,2461.09
09:30,+20%,-25%,30m,200pt,9,11.1%,0.02,-2887.02,-320.78,2461.09
09:30,+70%,-20%,30m,200pt,9,11.1%,0.02,-2887.02,-320.78,2461.09
09:30,+50%,-20%,30m,200pt,9,11.1%,0.02,-2887.02,-320.78,2461.09
09:30,+70%,-30%,30m,200pt,9,11.1%,0.02,-2887.02,-320.78,2461.09
09:30,+70%,-15%,30m,200pt,9,11.1%,0.02,-2887.02,-320.78,2461.09
09:30,+30%,-15%,30m,200pt,9,11.1%,0.02,-2887.02,-320.78,2461.09
09:30,+70%,-25%,30m,200pt,9,11.1%,0.02,-2887.02,-320.78,2461.09
09:30,+30%,-30%,30m,200pt,9,11.1%,0.02,-2887.02,-320.78,2461.09
09:30,+20%,-15%,30m,200pt,9,11.1%,0.02,-2887.02,-320.78,2461.09
09:30,+20%,-30%,30m,200pt,9,11.1%,0.02,-2887.02,-320.78,2461.09
09:30,+30%,-20%,30m,200pt,9,11.1%,0.02,-2887.02,-320.78,2461.09
09:30,+30%,-25%,30m,200pt,9,11.1%,0.02,-2887.02,-320.78,2461.09
10:00,+70%,-15%,120m,200pt,10,20.0%,0.51,-2898.63,-289.86,4278.42
13:00,+50%,-15%,45m,200pt,10,10.0%,0.22,-2925.51,-292.55,2858.86
13:00,+70%,-15%,45m,200pt,10,10.0%,0.22,-2925.51,-292.55,2858.86
13:30,+50%,-15%,45m,200pt,10,10.0%,0.08,-2945.04,-294.5,2466.46
13:30,+70%,-15%,45m,200pt,10,10.0%,0.08,-2945.04,-294.5,2466.46
13:30,+40%,-15%,45m,200pt,10,10.0%,0.08,-2945.04,-294.5,2466.46
13:00,+20%,-20%,120m,200pt,10,30.0%,0.27,-2965.73,-296.57,3075.84
13:00,+20%,-20%,60m,200pt,10,30.0%,0.27,-2965.73,-296.57,3075.84
13:00,+20%,-20%,45m,200pt,10,30.0%,0.27,-2965.73,-296.57,3075.84
13:00,+20%,-20%,90m,200pt,10,30.0%,0.27,-2965.73,-296.57,3075.84
13:00,+40%,-20%,30m,200pt,10,20.0%,0.16,-3034.61,-303.46,2717.44
13:00,+30%,-20%,30m,200pt,10,20.0%,0.16,-3034.61,-303.46,2717.44
13:00,+20%,-20%,30m,200pt,10,30.0%,0.14,-3059.2,-305.92,2976.59
09:30,+20%,-15%,30m,100pt,9,11.1%,0.03,-3066.64,-340.74,2595.68
09:30,+30%,-15%,30m,100pt,9,11.1%,0.03,-3066.64,-340.74,2595.68
09:30,+50%,-30%,30m,100pt,9,11.1%,0.03,-3066.64,-340.74,2595.68
09:30,+30%,-30%,30m,100pt,9,11.1%,0.03,-3066.64,-340.74,2595.68
09:30,+40%,-15%,30m,100pt,9,11.1%,0.03,-3066.64,-340.74,2595.68
09:30,+30%,-25%,30m,100pt,9,11.1%,0.03,-3066.64,-340.74,2595.68
09:30,+70%,-15%,30m,100pt,9,11.1%,0.03,-3066.64,-340.74,2595.68
09:30,+20%,-20%,30m,100pt,9,11.1%,0.03,-3066.64,-340.74,2595.68
09:30,+30%,-20%,30m,100pt,9,11.1%,0.03,-3066.64,-340.74,2595.68
09:30,+70%,-25%,30m,100pt,9,11.1%,0.03,-3066.64,-340.74,2595.68
09:30,+40%,-30%,30m,100pt,9,11.1%,0.03,-3066.64,-340.74,2595.68
09:30,+50%,-15%,30m,100pt,9,11.1%,0.03,-3066.64,-340.74,2595.68
09:30,+70%,-20%,30m,100pt,9,11.1%,0.03,-3066.64,-340.74,2595.68
09:30,+50%,-20%,30m,100pt,9,11.1%,0.03,-3066.64,-340.74,2595.68
09:30,+50%,-25%,30m,100pt,9,11.1%,0.03,-3066.64,-340.74,2595.68
09:30,+20%,-30%,30m,100pt,9,11.1%,0.03,-3066.64,-340.74,2595.68
09:30,+40%,-25%,30m,100pt,9,11.1%,0.03,-3066.64,-340.74,2595.68
09:30,+40%,-20%,30m,100pt,9,11.1%,0.03,-3066.64,-340.74,2595.68
09:30,+70%,-30%,30m,100pt,9,11.1%,0.03,-3066.64,-340.74,2595.68
09:30,+20%,-25%,30m,100pt,9,11.1%,0.03,-3066.64,-340.74,2595.68
10:00,+20%,-15%,120m,100pt,10,30.0%,0.56,-3120.88,-312.09,3879.07
09:30,+50%,-25%,30m,0pt,9,11.1%,0.03,-3130.03,-347.78,2642.81
09:30,+20%,-20%,30m,0pt,9,11.1%,0.03,-3130.03,-347.78,2642.81
09:30,+50%,-20%,30m,0pt,9,11.1%,0.03,-3130.03,-347.78,2642.81
09:30,+50%,-15%,30m,0pt,9,11.1%,0.03,-3130.03,-347.78,2642.81
09:30,+40%,-30%,30m,0pt,9,11.1%,0.03,-3130.03,-347.78,2642.81
09:30,+70%,-30%,30m,0pt,9,11.1%,0.03,-3130.03,-347.78,2642.81
09:30,+30%,-15%,30m,0pt,9,11.1%,0.03,-3130.03,-347.78,2642.81
09:30,+70%,-15%,30m,0pt,9,11.1%,0.03,-3130.03,-347.78,2642.81
09:30,+30%,-25%,30m,0pt,9,11.1%,0.03,-3130.03,-347.78,2642.81
09:30,+40%,-15%,30m,0pt,9,11.1%,0.03,-3130.03,-347.78,2642.81
09:30,+70%,-20%,30m,0pt,9,11.1%,0.03,-3130.03,-347.78,2642.81
09:30,+30%,-30%,30m,0pt,9,11.1%,0.03,-3130.03,-347.78,2642.81
09:30,+50%,-30%,30m,0pt,9,11.1%,0.03,-3130.03,-347.78,2642.81
09:30,+20%,-25%,30m,0pt,9,11.1%,0.03,-3130.03,-347.78,2642.81
09:30,+70%,-25%,30m,0pt,9,11.1%,0.03,-3130.03,-347.78,2642.81
09:30,+20%,-15%,30m,0pt,9,11.1%,0.03,-3130.03,-347.78,2642.81
09:30,+30%,-20%,30m,0pt,9,11.1%,0.03,-3130.03,-347.78,2642.81
09:30,+20%,-30%,30m,0pt,9,11.1%,0.03,-3130.03,-347.78,2642.81
09:30,+40%,-25%,30m,0pt,9,11.1%,0.03,-3130.03,-347.78,2642.81
09:30,+40%,-20%,30m,0pt,9,11.1%,0.03,-3130.03,-347.78,2642.81
13:00,+30%,-30%,30m,200pt,10,20.0%,0.15,-3144.61,-314.46,2827.45
13:00,+40%,-30%,30m,200pt,10,20.0%,0.15,-3144.61,-314.46,2827.45
13:00,+40%,-25%,30m,200pt,10,20.0%,0.15,-3152.79,-315.28,2835.63
13:00,+30%,-25%,30m,200pt,10,20.0%,0.15,-3152.79,-315.28,2835.63
13:00,+20%,-30%,30m,200pt,10,30.0%,0.13,-3169.2,-316.92,3086.6
13:00,+20%,-25%,30m,200pt,10,30.0%,0.13,-3177.39,-317.74,3094.78
13:00,+40%,-15%,60m,100pt,10,10.0%,0.47,-3203.97,-320.4,4794.09
13:00,+50%,-15%,60m,100pt,10,10.0%,0.47,-3203.97,-320.4,4794.09
13:30,+30%,-20%,120m,200pt,10,10.0%,0.2,-3205.82,-320.58,3004.4
13:30,+30%,-20%,90m,200pt,10,10.0%,0.2,-3205.82,-320.58,3004.4
13:30,+30%,-20%,60m,200pt,10,10.0%,0.2,-3205.82,-320.58,3004.4
13:30,+30%,-20%,45m,200pt,10,10.0%,0.2,-3205.82,-320.58,3004.4
13:30,+50%,-15%,30m,200pt,10,0.0%,0.0,-3211.8,-321.18,2733.23
13:30,+30%,-15%,30m,200pt,10,0.0%,0.0,-3211.8,-321.18,2733.23
13:30,+70%,-15%,30m,200pt,10,0.0%,0.0,-3211.8,-321.18,2733.23
13:30,+40%,-15%,30m,200pt,10,0.0%,0.0,-3211.8,-321.18,2733.23
13:30,+20%,-15%,30m,200pt,10,0.0%,0.0,-3211.8,-321.18,2733.23
13:00,+50%,-25%,60m,200pt,10,10.0%,0.43,-3215.31,-321.53,4361.88
13:00,+70%,-25%,60m,200pt,10,10.0%,0.43,-3215.31,-321.53,4361.88
13:00,+40%,-25%,60m,200pt,10,20.0%,0.38,-3225.51,-322.55,3341.49
13:00,+70%,-15%,30m,200pt,10,10.0%,0.0,-3243.34,-324.33,2926.18
13:00,+50%,-15%,30m,200pt,10,10.0%,0.0,-3243.34,-324.33,2926.18
13:00,+20%,-15%,45m,100pt,10,20.0%,0.38,-3284.06,-328.41,3415.0
13:00,+50%,-25%,90m,200pt,10,10.0%,0.42,-3329.64,-332.96,4361.88
13:00,+50%,-25%,120m,200pt,10,10.0%,0.42,-3329.64,-332.96,4361.88
13:00,+70%,-25%,120m,200pt,10,10.0%,0.42,-3329.64,-332.96,4361.88
13:00,+70%,-25%,90m,200pt,10,10.0%,0.42,-3329.64,-332.96,4361.88
13:00,+40%,-25%,90m,200pt,10,20.0%,0.37,-3339.84,-333.98,3341.49
13:00,+40%,-25%,120m,200pt,10,20.0%,0.37,-3339.84,-333.98,3341.49
13:00,+50%,-15%,90m,100pt,10,10.0%,0.46,-3373.99,-337.4,4794.09
13:00,+50%,-15%,120m,100pt,10,10.0%,0.46,-3373.99,-337.4,4794.09
13:00,+40%,-15%,90m,100pt,10,10.0%,0.46,-3373.99,-337.4,4794.09
13:00,+40%,-15%,120m,100pt,10,10.0%,0.46,-3373.99,-337.4,4794.09
13:00,+30%,-25%,45m,200pt,10,20.0%,0.31,-3455.24,-345.52,3341.49
13:00,+20%,-15%,60m,100pt,10,20.0%,0.37,-3458.73,-345.87,3415.0
10:00,+50%,-15%,120m,200pt,10,20.0%,0.41,-3493.28,-349.33,4278.42
13:30,+20%,-20%,90m,200pt,10,10.0%,0.12,-3520.39,-352.04,3004.4
13:30,+20%,-20%,45m,200pt,10,10.0%,0.12,-3520.39,-352.04,3004.4
13:30,+20%,-20%,120m,200pt,10,10.0%,0.12,-3520.39,-352.04,3004.4
13:30,+20%,-20%,60m,200pt,10,10.0%,0.12,-3520.39,-352.04,3004.4
13:00,+20%,-15%,30m,100pt,10,20.0%,0.19,-3526.23,-352.62,3177.66
10:00,+20%,-30%,120m,200pt,10,40.0%,0.54,-3567.47,-356.75,3129.1
13:00,+30%,-25%,60m,200pt,10,20.0%,0.3,-3595.57,-359.56,3341.49
13:00,+40%,-25%,45m,200pt,10,20.0%,0.28,-3609.23,-360.92,3341.49
13:00,+20%,-20%,30m,100pt,10,20.0%,0.18,-3619.24,-361.92,3270.67
13:00,+20%,-30%,30m,100pt,10,20.0%,0.18,-3619.24,-361.92,3270.67
13:00,+20%,-25%,30m,100pt,10,20.0%,0.18,-3619.24,-361.92,3270.67
13:00,+20%,-15%,90m,100pt,10,20.0%,0.36,-3628.74,-362.87,3415.0
13:00,+20%,-15%,120m,100pt,10,20.0%,0.36,-3628.74,-362.87,3415.0
11:00,+30%,-15%,45m,200pt,10,10.0%,0.21,-3660.28,-366.03,3069.97
10:00,+70%,-15%,90m,100pt,10,30.0%,0.4,-3688.91,-368.89,3199.95
13:00,+30%,-25%,90m,200pt,10,20.0%,0.3,-3709.9,-370.99,3341.49
13:00,+30%,-25%,120m,200pt,10,20.0%,0.3,-3709.9,-370.99,3341.49
11:00,+20%,-15%,60m,200pt,10,20.0%,0.32,-3734.65,-373.46,3342.86
13:00,+20%,-25%,45m,200pt,10,30.0%,0.22,-3738.09,-373.81,3667.96
13:00,+20%,-25%,60m,200pt,10,30.0%,0.22,-3738.09,-373.81,3667.96
13:00,+20%,-25%,90m,200pt,10,30.0%,0.22,-3738.09,-373.81,3667.96
13:00,+20%,-25%,120m,200pt,10,30.0%,0.22,-3738.09,-373.81,3667.96
13:30,+70%,-20%,45m,200pt,10,10.0%,0.06,-3771.73,-377.17,3074.21
13:30,+40%,-20%,45m,200pt,10,10.0%,0.06,-3771.73,-377.17,3074.21
13:30,+50%,-20%,45m,200pt,10,10.0%,0.06,-3771.73,-377.17,3074.21
09:30,+20%,-20%,45m,200pt,9,0.0%,0.0,-3793.68,-421.52,3389.97
09:30,+30%,-25%,45m,200pt,9,0.0%,0.0,-3793.68,-421.52,3389.97
09:30,+30%,-15%,45m,200pt,9,0.0%,0.0,-3793.68,-421.52,3389.97
09:30,+20%,-15%,45m,200pt,9,0.0%,0.0,-3793.68,-421.52,3389.97
09:30,+20%,-25%,45m,200pt,9,0.0%,0.0,-3793.68,-421.52,3389.97
09:30,+40%,-25%,45m,200pt,9,0.0%,0.0,-3793.68,-421.52,3389.97
09:30,+40%,-20%,45m,200pt,9,0.0%,0.0,-3793.68,-421.52,3389.97
09:30,+40%,-30%,45m,200pt,9,0.0%,0.0,-3793.68,-421.52,3389.97
09:30,+50%,-20%,45m,200pt,9,0.0%,0.0,-3793.68,-421.52,3389.97
09:30,+50%,-25%,45m,200pt,9,0.0%,0.0,-3793.68,-421.52,3389.97
09:30,+70%,-25%,45m,200pt,9,0.0%,0.0,-3793.68,-421.52,3389.97
09:30,+70%,-30%,45m,200pt,9,0.0%,0.0,-3793.68,-421.52,3389.97
09:30,+20%,-30%,45m,200pt,9,0.0%,0.0,-3793.68,-421.52,3389.97
09:30,+50%,-30%,45m,200pt,9,0.0%,0.0,-3793.68,-421.52,3389.97
09:30,+70%,-20%,45m,200pt,9,0.0%,0.0,-3793.68,-421.52,3389.97
09:30,+50%,-15%,45m,200pt,9,0.0%,0.0,-3793.68,-421.52,3389.97
09:30,+30%,-30%,45m,200pt,9,0.0%,0.0,-3793.68,-421.52,3389.97
09:30,+40%,-15%,45m,200pt,9,0.0%,0.0,-3793.68,-421.52,3389.97
09:30,+30%,-20%,45m,200pt,9,0.0%,0.0,-3793.68,-421.52,3389.97
09:30,+70%,-15%,45m,200pt,9,0.0%,0.0,-3793.68,-421.52,3389.97
11:00,+30%,-30%,45m,200pt,10,10.0%,0.2,-3836.11,-383.61,3195.0
11:00,+30%,-25%,45m,200pt,10,10.0%,0.2,-3836.11,-383.61,3195.0
11:00,+30%,-20%,45m,200pt,10,10.0%,0.2,-3836.11,-383.61,3195.0
13:00,+70%,-20%,45m,200pt,10,10.0%,0.18,-3857.25,-385.72,3769.76
13:00,+50%,-20%,45m,200pt,10,10.0%,0.18,-3857.25,-385.72,3769.76
13:30,+50%,-15%,90m,200pt,10,0.0%,0.0,-3864.01,-386.4,3385.43
13:30,+50%,-15%,60m,200pt,10,0.0%,0.0,-3864.01,-386.4,3385.43
13:30,+40%,-15%,60m,200pt,10,0.0%,0.0,-3864.01,-386.4,3385.43
13:30,+50%,-15%,120m,200pt,10,0.0%,0.0,-3864.01,-386.4,3385.43
13:30,+70%,-15%,60m,200pt,10,0.0%,0.0,-3864.01,-386.4,3385.43
13:30,+70%,-15%,120m,200pt,10,0.0%,0.0,-3864.01,-386.4,3385.43
13:30,+70%,-15%,90m,200pt,10,0.0%,0.0,-3864.01,-386.4,3385.43
13:30,+40%,-15%,120m,200pt,10,0.0%,0.0,-3864.01,-386.4,3385.43
13:30,+40%,-15%,90m,200pt,10,0.0%,0.0,-3864.01,-386.4,3385.43
13:00,+70%,-20%,120m,0pt,10,20.0%,0.64,-3903.39,-390.34,6375.36
11:00,+20%,-15%,90m,200pt,10,20.0%,0.3,-3939.76,-393.98,3547.98
11:00,+20%,-15%,120m,200pt,10,20.0%,0.3,-3939.76,-393.98,3547.98
12:00,+40%,-20%,120m,200pt,10,20.0%,0.39,-3948.48,-394.85,3055.04
12:00,+50%,-20%,90m,200pt,10,20.0%,0.39,-3948.48,-394.85,3055.04
12:00,+50%,-20%,120m,200pt,10,20.0%,0.39,-3948.48,-394.85,3055.04
12:00,+40%,-20%,90m,200pt,10,20.0%,0.39,-3948.48,-394.85,3055.04
10:00,+40%,-15%,120m,200pt,10,20.0%,0.34,-3956.82,-395.68,4278.42
13:30,+30%,-25%,120m,200pt,10,10.0%,0.17,-3967.69,-396.77,3610.07
13:30,+30%,-25%,60m,200pt,10,10.0%,0.17,-3967.69,-396.77,3610.07
13:30,+30%,-25%,90m,200pt,10,10.0%,0.17,-3967.69,-396.77,3610.07
13:30,+30%,-25%,45m,200pt,10,10.0%,0.17,-3967.69,-396.77,3610.07
13:30,+30%,-20%,30m,200pt,10,0.0%,0.0,-4038.49,-403.85,3340.97
13:30,+50%,-20%,30m,200pt,10,0.0%,0.0,-4038.49,-403.85,3340.97
13:30,+40%,-20%,30m,200pt,10,0.0%,0.0,-4038.49,-403.85,3340.97
13:30,+20%,-20%,30m,200pt,10,0.0%,0.0,-4038.49,-403.85,3340.97
13:30,+70%,-20%,30m,200pt,10,0.0%,0.0,-4038.49,-403.85,3340.97
13:00,+30%,-30%,45m,200pt,10,20.0%,0.28,-4042.42,-404.24,3966.82
13:00,+70%,-20%,30m,200pt,10,10.0%,0.0,-4054.99,-405.5,3737.83
13:00,+50%,-20%,30m,200pt,10,10.0%,0.0,-4054.99,-405.5,3737.83
12:00,+50%,-15%,120m,200pt,10,10.0%,0.24,-4078.28,-407.83,3488.28
12:00,+40%,-15%,90m,200pt,10,10.0%,0.24,-4078.28,-407.83,3488.28
12:00,+40%,-15%,120m,200pt,10,10.0%,0.24,-4078.28,-407.83,3488.28
12:00,+50%,-15%,90m,200pt,10,10.0%,0.24,-4078.28,-407.83,3488.28
09:30,+20%,-30%,45m,100pt,9,0.0%,0.0,-4085.1,-453.9,3640.97
09:30,+20%,-20%,45m,100pt,9,0.0%,0.0,-4085.1,-453.9,3640.97
09:30,+20%,-15%,45m,100pt,9,0.0%,0.0,-4085.1,-453.9,3640.97
09:30,+50%,-15%,45m,100pt,9,0.0%,0.0,-4085.1,-453.9,3640.97
09:30,+50%,-20%,45m,100pt,9,0.0%,0.0,-4085.1,-453.9,3640.97
09:30,+70%,-25%,45m,100pt,9,0.0%,0.0,-4085.1,-453.9,3640.97
09:30,+70%,-15%,45m,100pt,9,0.0%,0.0,-4085.1,-453.9,3640.97
09:30,+50%,-30%,45m,100pt,9,0.0%,0.0,-4085.1,-453.9,3640.97
09:30,+70%,-30%,45m,100pt,9,0.0%,0.0,-4085.1,-453.9,3640.97
09:30,+50%,-25%,45m,100pt,9,0.0%,0.0,-4085.1,-453.9,3640.97
09:30,+30%,-20%,45m,100pt,9,0.0%,0.0,-4085.1,-453.9,3640.97
09:30,+30%,-15%,45m,100pt,9,0.0%,0.0,-4085.1,-453.9,3640.97
09:30,+30%,-25%,45m,100pt,9,0.0%,0.0,-4085.1,-453.9,3640.97
09:30,+40%,-15%,45m,100pt,9,0.0%,0.0,-4085.1,-453.9,3640.97
09:30,+40%,-30%,45m,100pt,9,0.0%,0.0,-4085.1,-453.9,3640.97
09:30,+40%,-20%,45m,100pt,9,0.0%,0.0,-4085.1,-453.9,3640.97
09:30,+40%,-25%,45m,100pt,9,0.0%,0.0,-4085.1,-453.9,3640.97
09:30,+30%,-30%,45m,100pt,9,0.0%,0.0,-4085.1,-453.9,3640.97
09:30,+70%,-20%,45m,100pt,9,0.0%,0.0,-4085.1,-453.9,3640.97
09:30,+20%,-25%,45m,100pt,9,0.0%,0.0,-4085.1,-453.9,3640.97
10:00,+30%,-15%,120m,200pt,10,20.0%,0.31,-4099.24,-409.92,4278.42
10:00,+70%,-30%,90m,100pt,10,30.0%,0.37,-4146.52,-414.65,3425.77
10:00,+70%,-20%,90m,100pt,10,30.0%,0.37,-4146.52,-414.65,3425.77
10:00,+70%,-25%,90m,100pt,10,30.0%,0.37,-4146.52,-414.65,3425.77
13:00,+50%,-25%,30m,200pt,10,10.0%,0.0,-4173.18,-417.32,3856.02
13:00,+70%,-25%,30m,200pt,10,10.0%,0.0,-4173.18,-417.32,3856.02
13:00,+40%,-30%,60m,200pt,10,20.0%,0.32,-4181.38,-418.14,4093.87
12:00,+30%,-15%,120m,100pt,10,20.0%,0.43,-4186.62,-418.66,3555.92
12:00,+30%,-15%,90m,100pt,10,20.0%,0.43,-4186.62,-418.66,3555.92
12:00,+40%,-15%,90m,100pt,10,20.0%,0.43,-4186.62,-418.66,3555.92
12:00,+40%,-15%,120m,100pt,10,20.0%,0.43,-4186.62,-418.66,3555.92
09:30,+20%,-30%,45m,0pt,9,0.0%,0.0,-4188.83,-465.43,3730.17
09:30,+30%,-20%,45m,0pt,9,0.0%,0.0,-4188.83,-465.43,3730.17
09:30,+20%,-20%,45m,0pt,9,0.0%,0.0,-4188.83,-465.43,3730.17
09:30,+20%,-15%,45m,0pt,9,0.0%,0.0,-4188.83,-465.43,3730.17
09:30,+40%,-25%,45m,0pt,9,0.0%,0.0,-4188.83,-465.43,3730.17
09:30,+40%,-15%,45m,0pt,9,0.0%,0.0,-4188.83,-465.43,3730.17
09:30,+40%,-20%,45m,0pt,9,0.0%,0.0,-4188.83,-465.43,3730.17
09:30,+30%,-30%,45m,0pt,9,0.0%,0.0,-4188.83,-465.43,3730.17
09:30,+30%,-25%,45m,0pt,9,0.0%,0.0,-4188.83,-465.43,3730.17
09:30,+40%,-30%,45m,0pt,9,0.0%,0.0,-4188.83,-465.43,3730.17
09:30,+50%,-15%,45m,0pt,9,0.0%,0.0,-4188.83,-465.43,3730.17
09:30,+50%,-20%,45m,0pt,9,0.0%,0.0,-4188.83,-465.43,3730.17
09:30,+20%,-25%,45m,0pt,9,0.0%,0.0,-4188.83,-465.43,3730.17
09:30,+30%,-15%,45m,0pt,9,0.0%,0.0,-4188.83,-465.43,3730.17
09:30,+50%,-30%,45m,0pt,9,0.0%,0.0,-4188.83,-465.43,3730.17
09:30,+50%,-25%,45m,0pt,9,0.0%,0.0,-4188.83,-465.43,3730.17
09:30,+70%,-15%,45m,0pt,9,0.0%,0.0,-4188.83,-465.43,3730.17
09:30,+70%,-30%,45m,0pt,9,0.0%,0.0,-4188.83,-465.43,3730.17
09:30,+70%,-25%,45m,0pt,9,0.0%,0.0,-4188.83,-465.43,3730.17
09:30,+70%,-20%,45m,0pt,9,0.0%,0.0,-4188.83,-465.43,3730.17
13:00,+50%,-30%,30m,200pt,10,10.0%,0.0,-4189.6,-418.96,3872.43
13:00,+70%,-30%,30m,200pt,10,10.0%,0.0,-4189.6,-418.96,3872.43
13:00,+40%,-30%,45m,200pt,10,20.0%,0.25,-4196.41,-419.64,3966.82
10:00,+70%,-20%,120m,200pt,10,20.0%,0.42,-4217.31,-421.73,5099.43
13:00,+50%,-30%,60m,200pt,10,10.0%,0.36,-4233.26,-423.33,5176.34
13:00,+70%,-30%,60m,200pt,10,10.0%,0.36,-4233.26,-423.33,5176.34
10:00,+70%,-20%,90m,0pt,10,30.0%,0.38,-4274.53,-427.45,3526.37
10:00,+70%,-15%,90m,0pt,10,30.0%,0.38,-4274.53,-427.45,3526.37
10:00,+70%,-25%,90m,0pt,10,30.0%,0.38,-4274.53,-427.45,3526.37
10:00,+50%,-30%,90m,0pt,10,30.0%,0.38,-4274.53,-427.45,3526.37
10:00,+70%,-30%,90m,0pt,10,30.0%,0.38,-4274.53,-427.45,3526.37
10:00,+50%,-15%,90m,0pt,10,30.0%,0.38,-4274.53,-427.45,3526.37
10:00,+50%,-25%,90m,0pt,10,30.0%,0.38,-4274.53,-427.45,3526.37
10:00,+50%,-20%,90m,0pt,10,30.0%,0.38,-4274.53,-427.45,3526.37
10:00,+40%,-20%,90m,0pt,10,30.0%,0.38,-4274.53,-427.45,3526.37
10:00,+40%,-25%,90m,0pt,10,30.0%,0.38,-4274.53,-427.45,3526.37
10:00,+40%,-30%,90m,0pt,10,30.0%,0.38,-4274.53,-427.45,3526.37
10:00,+40%,-15%,90m,0pt,10,30.0%,0.38,-4274.53,-427.45,3526.37
13:30,+20%,-25%,90m,200pt,10,10.0%,0.1,-4282.26,-428.23,3610.07
13:30,+20%,-25%,45m,200pt,10,10.0%,0.1,-4282.26,-428.23,3610.07
13:30,+20%,-25%,60m,200pt,10,10.0%,0.1,-4282.26,-428.23,3610.07
13:30,+20%,-25%,120m,200pt,10,10.0%,0.1,-4282.26,-428.23,3610.07
13:30,+20%,-15%,90m,100pt,10,10.0%,0.2,-4305.87,-430.59,4072.2
13:30,+20%,-15%,45m,100pt,10,10.0%,0.2,-4305.87,-430.59,4072.2
13:30,+20%,-15%,120m,100pt,10,10.0%,0.2,-4305.87,-430.59,4072.2
13:30,+20%,-15%,60m,100pt,10,10.0%,0.2,-4305.87,-430.59,4072.2
13:00,+20%,-30%,45m,200pt,10,30.0%,0.2,-4325.27,-432.53,4293.29
10:00,+50%,-15%,120m,100pt,10,20.0%,0.45,-4343.82,-434.38,5549.93
13:00,+40%,-30%,120m,200pt,10,20.0%,0.31,-4378.15,-437.81,4093.87
13:00,+40%,-30%,90m,200pt,10,20.0%,0.31,-4378.15,-437.81,4093.87
13:00,+30%,-15%,60m,100pt,10,10.0%,0.27,-4392.26,-439.23,4794.09
13:00,+70%,-30%,120m,200pt,10,10.0%,0.35,-4430.03,-443.0,5176.34
13:00,+70%,-30%,90m,200pt,10,10.0%,0.35,-4430.03,-443.0,5176.34
13:00,+50%,-30%,120m,200pt,10,10.0%,0.35,-4430.03,-443.0,5176.34
13:00,+50%,-30%,90m,200pt,10,10.0%,0.35,-4430.03,-443.0,5176.34
11:00,+20%,-25%,45m,100pt,10,10.0%,0.16,-4430.41,-443.04,3728.34
11:00,+20%,-15%,45m,100pt,10,10.0%,0.16,-4430.41,-443.04,3728.34
11:00,+20%,-20%,45m,100pt,10,10.0%,0.16,-4430.41,-443.04,3728.34
11:00,+20%,-30%,45m,100pt,10,10.0%,0.16,-4430.41,-443.04,3728.34
11:00,+70%,-15%,45m,200pt,10,10.0%,0.04,-4441.17,-444.12,3787.83
11:00,+40%,-15%,45m,200pt,10,10.0%,0.04,-4441.17,-444.12,3787.83
11:00,+50%,-15%,45m,200pt,10,10.0%,0.04,-4441.17,-444.12,3787.83
13:30,+20%,-25%,30m,200pt,10,0.0%,0.0,-4513.16,-451.32,3815.64
13:30,+50%,-25%,30m,200pt,10,0.0%,0.0,-4513.16,-451.32,3815.64
13:30,+30%,-25%,30m,200pt,10,0.0%,0.0,-4513.16,-451.32,3815.64
13:30,+70%,-25%,30m,200pt,10,0.0%,0.0,-4513.16,-451.32,3815.64
13:30,+40%,-25%,30m,200pt,10,0.0%,0.0,-4513.16,-451.32,3815.64
12:00,+40%,-20%,45m,200pt,10,10.0%,0.21,-4520.98,-452.1,3563.35
12:00,+50%,-20%,45m,200pt,10,10.0%,0.21,-4520.98,-452.1,3563.35
13:00,+70%,-20%,120m,100pt,10,10.0%,0.45,-4522.01,-452.2,6165.85
13:00,+70%,-20%,90m,100pt,10,10.0%,0.45,-4522.01,-452.2,6165.85
13:30,+70%,-25%,45m,200pt,10,10.0%,0.05,-4533.59,-453.36,3728.79
13:30,+40%,-25%,45m,200pt,10,10.0%,0.05,-4533.59,-453.36,3728.79
13:30,+50%,-25%,45m,200pt,10,10.0%,0.05,-4533.59,-453.36,3728.79
13:00,+30%,-30%,60m,200pt,10,20.0%,0.26,-4551.44,-455.14,4093.87
12:00,+50%,-30%,45m,200pt,10,10.0%,0.21,-4554.94,-455.49,3597.31
12:00,+50%,-25%,45m,200pt,10,10.0%,0.21,-4554.94,-455.49,3597.31
12:00,+40%,-30%,45m,200pt,10,10.0%,0.21,-4554.94,-455.49,3597.31
12:00,+40%,-25%,45m,200pt,10,10.0%,0.21,-4554.94,-455.49,3597.31
13:00,+30%,-15%,120m,100pt,10,10.0%,0.27,-4562.27,-456.23,4794.09
13:00,+30%,-15%,90m,100pt,10,10.0%,0.27,-4562.27,-456.23,4794.09
13:30,+30%,-30%,60m,200pt,10,10.0%,0.15,-4601.54,-460.15,4150.72
13:30,+30%,-30%,120m,200pt,10,10.0%,0.15,-4601.54,-460.15,4150.72
13:30,+30%,-30%,45m,200pt,10,10.0%,0.15,-4601.54,-460.15,4150.72
13:30,+30%,-30%,90m,200pt,10,10.0%,0.15,-4601.54,-460.15,4150.72
11:00,+70%,-30%,45m,200pt,10,10.0%,0.04,-4617.0,-461.7,3963.66
11:00,+50%,-20%,45m,200pt,10,10.0%,0.04,-4617.0,-461.7,3963.66
11:00,+70%,-25%,45m,200pt,10,10.0%,0.04,-4617.0,-461.7,3963.66
11:00,+50%,-30%,45m,200pt,10,10.0%,0.04,-4617.0,-461.7,3963.66
11:00,+40%,-25%,45m,200pt,10,10.0%,0.04,-4617.0,-461.7,3963.66
11:00,+50%,-25%,45m,200pt,10,10.0%,0.04,-4617.0,-461.7,3963.66
11:00,+40%,-30%,45m,200pt,10,10.0%,0.04,-4617.0,-461.7,3963.66
11:00,+70%,-20%,45m,200pt,10,10.0%,0.04,-4617.0,-461.7,3963.66
11:00,+40%,-20%,45m,200pt,10,10.0%,0.04,-4617.0,-461.7,3963.66
13:00,+70%,-15%,120m,0pt,10,10.0%,0.54,-4618.48,-461.85,7517.59
13:00,+70%,-15%,90m,0pt,10,10.0%,0.54,-4618.48,-461.85,7517.59
13:00,+50%,-25%,45m,200pt,10,10.0%,0.15,-4629.62,-462.96,4361.88
13:00,+70%,-25%,45m,200pt,10,10.0%,0.15,-4629.62,-462.96,4361.88
12:00,+30%,-15%,120m,200pt,10,10.0%,0.14,-4645.2,-464.52,3888.54
12:00,+30%,-15%,90m,200pt,10,10.0%,0.14,-4645.2,-464.52,3888.54
13:00,+70%,-20%,60m,100pt,10,10.0%,0.41,-4673.65,-467.36,6165.85
13:30,+50%,-20%,120m,200pt,10,0.0%,0.0,-4690.7,-469.07,3993.18
13:30,+40%,-20%,90m,200pt,10,0.0%,0.0,-4690.7,-469.07,3993.18
13:30,+70%,-20%,120m,200pt,10,0.0%,0.0,-4690.7,-469.07,3993.18
13:30,+70%,-20%,60m,200pt,10,0.0%,0.0,-4690.7,-469.07,3993.18
13:30,+70%,-20%,90m,200pt,10,0.0%,0.0,-4690.7,-469.07,3993.18
13:30,+40%,-20%,60m,200pt,10,0.0%,0.0,-4690.7,-469.07,3993.18
13:30,+50%,-20%,90m,200pt,10,0.0%,0.0,-4690.7,-469.07,3993.18
13:30,+50%,-20%,60m,200pt,10,0.0%,0.0,-4690.7,-469.07,3993.18
13:30,+40%,-20%,120m,200pt,10,0.0%,0.0,-4690.7,-469.07,3993.18
13:00,+20%,-30%,90m,200pt,10,30.0%,0.19,-4693.96,-469.4,4420.34
13:00,+20%,-30%,60m,200pt,10,30.0%,0.19,-4693.96,-469.4,4420.34
13:00,+20%,-30%,120m,200pt,10,30.0%,0.19,-4693.96,-469.4,4420.34
13:00,+70%,-30%,120m,100pt,10,20.0%,0.52,-4703.91,-470.39,5811.18
13:00,+20%,-20%,45m,100pt,10,20.0%,0.3,-4713.18,-471.32,4696.77
13:00,+30%,-30%,120m,200pt,10,20.0%,0.25,-4748.21,-474.82,4093.87
13:00,+30%,-30%,90m,200pt,10,20.0%,0.25,-4748.21,-474.82,4093.87
12:00,+30%,-25%,120m,100pt,10,30.0%,0.52,-4776.09,-477.61,4042.66
10:00,+50%,-20%,120m,200pt,10,20.0%,0.34,-4811.96,-481.2,5099.43
11:00,+20%,-20%,60m,200pt,10,20.0%,0.26,-4830.81,-483.08,4137.61
13:00,+40%,-15%,45m,100pt,10,10.0%,0.18,-4831.81,-483.18,4794.09
13:00,+70%,-15%,45m,100pt,10,10.0%,0.18,-4831.81,-483.18,4794.09
13:00,+50%,-15%,45m,100pt,10,10.0%,0.18,-4831.81,-483.18,4794.09
13:00,+30%,-15%,45m,100pt,10,10.0%,0.18,-4831.81,-483.18,4794.09
11:00,+20%,-30%,60m,200pt,10,20.0%,0.26,-4849.09,-484.91,4080.75
11:00,+20%,-25%,60m,200pt,10,20.0%,0.26,-4849.09,-484.91,4080.75
10:00,+40%,-15%,120m,100pt,10,20.0%,0.38,-4858.15,-485.81,5549.93
13:30,+70%,-30%,30m,200pt,10,0.0%,0.0,-4874.08,-487.41,4176.56
13:30,+40%,-30%,30m,200pt,10,0.0%,0.0,-4874.08,-487.41,4176.56
13:30,+50%,-30%,30m,200pt,10,0.0%,0.0,-4874.08,-487.41,4176.56
13:30,+30%,-30%,30m,200pt,10,0.0%,0.0,-4874.08,-487.41,4176.56
13:30,+20%,-30%,30m,200pt,10,0.0%,0.0,-4874.08,-487.41,4176.56
13:00,+40%,-15%,30m,100pt,10,10.0%,0.01,-4905.32,-490.53,4556.74
13:00,+50%,-15%,30m,100pt,10,10.0%,0.01,-4905.32,-490.53,4556.74
13:00,+30%,-15%,30m,100pt,10,10.0%,0.01,-4905.32,-490.53,4556.74
13:00,+70%,-15%,30m,100pt,10,10.0%,0.01,-4905.32,-490.53,4556.74
12:00,+20%,-15%,120m,200pt,10,10.0%,0.09,-4906.42,-490.64,4149.76
12:00,+20%,-15%,90m,200pt,10,10.0%,0.09,-4906.42,-490.64,4149.76
13:30,+20%,-30%,120m,200pt,10,10.0%,0.09,-4916.1,-491.61,4150.72
13:30,+20%,-30%,90m,200pt,10,10.0%,0.09,-4916.1,-491.61,4150.72
13:30,+20%,-30%,45m,200pt,10,10.0%,0.09,-4916.1,-491.61,4150.72
13:30,+20%,-30%,60m,200pt,10,10.0%,0.09,-4916.1,-491.61,4150.72
12:00,+40%,-15%,45m,100pt,10,10.0%,0.23,-4967.81,-496.78,3903.84
12:00,+30%,-15%,45m,100pt,10,10.0%,0.23,-4967.81,-496.78,3903.84
12:00,+40%,-25%,45m,100pt,10,10.0%,0.23,-4974.21,-497.42,3910.23
12:00,+40%,-30%,45m,100pt,10,10.0%,0.23,-4974.21,-497.42,3910.23
12:00,+30%,-20%,45m,100pt,10,10.0%,0.23,-4974.21,-497.42,3910.23
12:00,+30%,-30%,45m,100pt,10,10.0%,0.23,-4974.21,-497.42,3910.23
12:00,+30%,-25%,45m,100pt,10,10.0%,0.23,-4974.21,-497.42,3910.23
12:00,+40%,-20%,45m,100pt,10,10.0%,0.23,-4974.21,-497.42,3910.23
12:00,+70%,-20%,45m,200pt,10,10.0%,0.13,-4975.04,-497.5,4017.41
13:30,+50%,-15%,45m,100pt,10,10.0%,0.07,-4979.91,-497.99,4141.9
13:30,+30%,-15%,45m,100pt,10,10.0%,0.07,-4979.91,-497.99,4141.9
13:30,+40%,-15%,45m,100pt,10,10.0%,0.07,-4979.91,-497.99,4141.9
13:30,+70%,-15%,45m,100pt,10,10.0%,0.07,-4979.91,-497.99,4141.9
12:00,+70%,-30%,45m,200pt,10,10.0%,0.13,-5009.0,-500.9,4051.37
12:00,+70%,-25%,45m,200pt,10,10.0%,0.13,-5009.0,-500.9,4051.37
13:00,+40%,-20%,60m,100pt,10,10.0%,0.36,-5018.4,-501.84,6165.85
13:00,+50%,-20%,60m,100pt,10,10.0%,0.36,-5018.4,-501.84,6165.85
10:00,+30%,-15%,120m,100pt,10,20.0%,0.36,-5022.88,-502.29,5549.93
12:00,+70%,-15%,30m,200pt,10,0.0%,0.0,-5033.15,-503.31,4326.78
12:00,+50%,-15%,30m,200pt,10,0.0%,0.0,-5033.15,-503.31,4326.78
12:00,+20%,-15%,30m,200pt,10,0.0%,0.0,-5033.15,-503.31,4326.78
12:00,+40%,-15%,30m,200pt,10,0.0%,0.0,-5033.15,-503.31,4326.78
12:00,+30%,-15%,30m,200pt,10,0.0%,0.0,-5033.15,-503.31,4326.78
13:00,+50%,-30%,30m,100pt,10,10.0%,0.01,-5033.82,-503.38,4685.25
13:00,+40%,-25%,30m,100pt,10,10.0%,0.01,-5033.82,-503.38,4685.25
13:00,+40%,-30%,30m,100pt,10,10.0%,0.01,-5033.82,-503.38,4685.25
13:00,+30%,-20%,30m,100pt,10,10.0%,0.01,-5033.82,-503.38,4685.25
13:00,+50%,-20%,30m,100pt,10,10.0%,0.01,-5033.82,-503.38,4685.25
13:00,+50%,-25%,30m,100pt,10,10.0%,0.01,-5033.82,-503.38,4685.25
13:00,+70%,-30%,30m,100pt,10,10.0%,0.01,-5033.82,-503.38,4685.25
13:00,+70%,-25%,30m,100pt,10,10.0%,0.01,-5033.82,-503.38,4685.25
13:00,+40%,-20%,30m,100pt,10,10.0%,0.01,-5033.82,-503.38,4685.25
13:00,+30%,-30%,30m,100pt,10,10.0%,0.01,-5033.82,-503.38,4685.25
13:00,+30%,-25%,30m,100pt,10,10.0%,0.01,-5033.82,-503.38,4685.25
13:00,+70%,-20%,30m,100pt,10,10.0%,0.01,-5033.82,-503.38,4685.25
12:00,+40%,-25%,120m,100pt,10,30.0%,0.5,-5036.61,-503.66,4042.66
10:00,+20%,-20%,120m,100pt,10,30.0%,0.44,-5038.42,-503.84,4679.9
12:00,+50%,-30%,30m,200pt,10,0.0%,0.0,-5056.75,-505.68,4350.38
12:00,+20%,-30%,30m,200pt,10,0.0%,0.0,-5056.75,-505.68,4350.38
12:00,+30%,-25%,30m,200pt,10,0.0%,0.0,-5056.75,-505.68,4350.38
12:00,+70%,-20%,30m,200pt,10,0.0%,0.0,-5056.75,-505.68,4350.38
12:00,+70%,-30%,30m,200pt,10,0.0%,0.0,-5056.75,-505.68,4350.38
12:00,+40%,-30%,30m,200pt,10,0.0%,0.0,-5056.75,-505.68,4350.38
12:00,+50%,-25%,30m,200pt,10,0.0%,0.0,-5056.75,-505.68,4350.38
12:00,+70%,-25%,30m,200pt,10,0.0%,0.0,-5056.75,-505.68,4350.38
12:00,+30%,-20%,30m,200pt,10,0.0%,0.0,-5056.75,-505.68,4350.38
12:00,+40%,-25%,30m,200pt,10,0.0%,0.0,-5056.75,-505.68,4350.38
12:00,+40%,-20%,30m,200pt,10,0.0%,0.0,-5056.75,-505.68,4350.38
12:00,+50%,-20%,30m,200pt,10,0.0%,0.0,-5056.75,-505.68,4350.38
12:00,+20%,-20%,30m,200pt,10,0.0%,0.0,-5056.75,-505.68,4350.38
12:00,+30%,-30%,30m,200pt,10,0.0%,0.0,-5056.75,-505.68,4350.38
12:00,+20%,-25%,30m,200pt,10,0.0%,0.0,-5056.75,-505.68,4350.38
11:00,+70%,-15%,45m,100pt,10,10.0%,0.05,-5057.62,-505.76,4355.56
11:00,+30%,-30%,45m,100pt,10,10.0%,0.05,-5057.62,-505.76,4355.56
11:00,+40%,-25%,45m,100pt,10,10.0%,0.05,-5057.62,-505.76,4355.56
11:00,+50%,-30%,45m,100pt,10,10.0%,0.05,-5057.62,-505.76,4355.56
11:00,+40%,-30%,45m,100pt,10,10.0%,0.05,-5057.62,-505.76,4355.56
11:00,+50%,-15%,45m,100pt,10,10.0%,0.05,-5057.62,-505.76,4355.56
11:00,+30%,-25%,45m,100pt,10,10.0%,0.05,-5057.62,-505.76,4355.56
11:00,+70%,-25%,45m,100pt,10,10.0%,0.05,-5057.62,-505.76,4355.56
11:00,+40%,-20%,45m,100pt,10,10.0%,0.05,-5057.62,-505.76,4355.56
11:00,+30%,-20%,45m,100pt,10,10.0%,0.05,-5057.62,-505.76,4355.56
11:00,+70%,-20%,45m,100pt,10,10.0%,0.05,-5057.62,-505.76,4355.56
11:00,+70%,-30%,45m,100pt,10,10.0%,0.05,-5057.62,-505.76,4355.56
11:00,+50%,-25%,45m,100pt,10,10.0%,0.05,-5057.62,-505.76,4355.56
11:00,+50%,-20%,45m,100pt,10,10.0%,0.05,-5057.62,-505.76,4355.56
11:00,+30%,-15%,45m,100pt,10,10.0%,0.05,-5057.62,-505.76,4355.56
11:00,+40%,-15%,45m,100pt,10,10.0%,0.05,-5057.62,-505.76,4355.56
12:00,+30%,-20%,120m,200pt,10,20.0%,0.21,-5114.7,-511.47,4119.75
12:00,+30%,-20%,90m,200pt,10,20.0%,0.21,-5114.7,-511.47,4119.75
12:00,+30%,-20%,45m,200pt,10,10.0%,0.1,-5120.29,-512.03,4162.65
12:00,+20%,-20%,45m,200pt,10,10.0%,0.1,-5120.29,-512.03,4162.65
12:00,+20%,-25%,45m,0pt,10,10.0%,0.24,-5122.42,-512.24,4020.23
12:00,+20%,-15%,45m,0pt,10,10.0%,0.24,-5122.42,-512.24,4020.23
12:00,+20%,-20%,45m,0pt,10,10.0%,0.24,-5122.42,-512.24,4020.23
12:00,+20%,-30%,45m,0pt,10,10.0%,0.24,-5122.42,-512.24,4020.23
12:00,+20%,-25%,45m,200pt,10,10.0%,0.1,-5154.25,-515.42,4196.61
12:00,+20%,-30%,45m,200pt,10,10.0%,0.1,-5154.25,-515.42,4196.61
12:00,+30%,-25%,45m,200pt,10,10.0%,0.1,-5154.25,-515.42,4196.61
12:00,+30%,-30%,45m,200pt,10,10.0%,0.1,-5154.25,-515.42,4196.61
12:00,+50%,-20%,60m,200pt,10,10.0%,0.19,-5157.52,-515.75,4162.57
12:00,+40%,-20%,60m,200pt,10,10.0%,0.19,-5157.52,-515.75,4162.57
13:30,+50%,-30%,45m,200pt,10,10.0%,0.05,-5167.44,-516.74,4313.51
13:30,+40%,-30%,45m,200pt,10,10.0%,0.05,-5167.44,-516.74,4313.51
13:30,+70%,-30%,45m,200pt,10,10.0%,0.05,-5167.44,-516.74,4313.51
11:00,+30%,-15%,60m,200pt,10,10.0%,0.16,-5174.58,-517.46,4263.22
13:00,+20%,-20%,60m,100pt,10,20.0%,0.28,-5183.15,-518.31,4696.77
13:00,+20%,-25%,45m,100pt,10,20.0%,0.28,-5211.78,-521.18,5195.37
13:00,+20%,-30%,45m,100pt,10,20.0%,0.28,-5215.11,-521.51,5198.7
11:00,+70%,-30%,45m,0pt,10,10.0%,0.05,-5216.38,-521.64,4497.22
11:00,+40%,-30%,45m,0pt,10,10.0%,0.05,-5216.38,-521.64,4497.22
11:00,+30%,-30%,45m,0pt,10,10.0%,0.05,-5216.38,-521.64,4497.22
11:00,+50%,-30%,45m,0pt,10,10.0%,0.05,-5216.38,-521.64,4497.22
11:00,+70%,-20%,45m,0pt,10,10.0%,0.05,-5216.38,-521.64,4497.22
11:00,+40%,-15%,45m,0pt,10,10.0%,0.05,-5216.38,-521.64,4497.22
11:00,+20%,-20%,45m,0pt,10,10.0%,0.05,-5216.38,-521.64,4497.22
11:00,+30%,-20%,45m,0pt,10,10.0%,0.05,-5216.38,-521.64,4497.22
11:00,+20%,-15%,45m,0pt,10,10.0%,0.05,-5216.38,-521.64,4497.22
11:00,+30%,-15%,45m,0pt,10,10.0%,0.05,-5216.38,-521.64,4497.22
11:00,+20%,-30%,45m,0pt,10,10.0%,0.05,-5216.38,-521.64,4497.22
11:00,+50%,-25%,45m,0pt,10,10.0%,0.05,-5216.38,-521.64,4497.22
11:00,+70%,-25%,45m,0pt,10,10.0%,0.05,-5216.38,-521.64,4497.22
11:00,+30%,-25%,45m,0pt,10,10.0%,0.05,-5216.38,-521.64,4497.22
11:00,+40%,-20%,45m,0pt,10,10.0%,0.05,-5216.38,-521.64,4497.22
11:00,+50%,-20%,45m,0pt,10,10.0%,0.05,-5216.38,-521.64,4497.22
11:00,+70%,-15%,45m,0pt,10,10.0%,0.05,-5216.38,-521.64,4497.22
11:00,+40%,-25%,45m,0pt,10,10.0%,0.05,-5216.38,-521.64,4497.22
11:00,+50%,-15%,45m,0pt,10,10.0%,0.05,-5216.38,-521.64,4497.22
11:00,+20%,-25%,45m,0pt,10,10.0%,0.05,-5216.38,-521.64,4497.22
10:00,+40%,-20%,120m,200pt,10,20.0%,0.27,-5275.5,-527.55,5099.43
13:00,+50%,-30%,45m,200pt,10,10.0%,0.14,-5278.88,-527.89,5049.29
13:00,+70%,-30%,45m,200pt,10,10.0%,0.14,-5278.88,-527.89,5049.29
13:00,+50%,-20%,120m,0pt,10,20.0%,0.51,-5327.08,-532.71,6375.36
12:00,+50%,-25%,90m,200pt,10,20.0%,0.32,-5342.23,-534.22,4149.4
12:00,+50%,-25%,120m,200pt,10,20.0%,0.32,-5342.23,-534.22,4149.4
12:00,+40%,-25%,120m,200pt,10,20.0%,0.32,-5342.23,-534.22,4149.4
12:00,+40%,-25%,90m,200pt,10,20.0%,0.32,-5342.23,-534.22,4149.4
13:30,+70%,-15%,30m,100pt,10,10.0%,0.0,-5349.31,-534.93,4511.3
13:30,+50%,-15%,30m,100pt,10,10.0%,0.0,-5349.31,-534.93,4511.3
13:30,+20%,-15%,30m,100pt,10,10.0%,0.0,-5349.31,-534.93,4511.3
13:30,+40%,-15%,30m,100pt,10,10.0%,0.0,-5349.31,-534.93,4511.3
13:30,+30%,-15%,30m,100pt,10,10.0%,0.0,-5349.31,-534.93,4511.3
13:00,+70%,-20%,90m,0pt,10,10.0%,0.5,-5362.0,-536.2,8431.35
13:00,+40%,-30%,30m,0pt,10,10.0%,0.01,-5365.71,-536.57,5006.56
13:00,+20%,-25%,30m,0pt,10,10.0%,0.01,-5365.71,-536.57,5006.56
13:00,+20%,-20%,30m,0pt,10,10.0%,0.01,-5365.71,-536.57,5006.56
13:00,+30%,-15%,30m,0pt,10,10.0%,0.01,-5365.71,-536.57,5006.56
13:00,+30%,-25%,30m,0pt,10,10.0%,0.01,-5365.71,-536.57,5006.56
13:00,+50%,-25%,30m,0pt,10,10.0%,0.01,-5365.71,-536.57,5006.56
13:00,+20%,-30%,30m,0pt,10,10.0%,0.01,-5365.71,-536.57,5006.56
13:00,+20%,-15%,30m,0pt,10,10.0%,0.01,-5365.71,-536.57,5006.56
13:00,+70%,-30%,30m,0pt,10,10.0%,0.01,-5365.71,-536.57,5006.56
13:00,+70%,-20%,30m,0pt,10,10.0%,0.01,-5365.71,-536.57,5006.56
13:00,+70%,-15%,30m,0pt,10,10.0%,0.01,-5365.71,-536.57,5006.56
13:00,+70%,-25%,30m,0pt,10,10.0%,0.01,-5365.71,-536.57,5006.56
13:00,+50%,-30%,30m,0pt,10,10.0%,0.01,-5365.71,-536.57,5006.56
13:00,+50%,-20%,30m,0pt,10,10.0%,0.01,-5365.71,-536.57,5006.56
13:00,+30%,-30%,30m,0pt,10,10.0%,0.01,-5365.71,-536.57,5006.56
13:00,+30%,-20%,30m,0pt,10,10.0%,0.01,-5365.71,-536.57,5006.56
13:00,+40%,-15%,30m,0pt,10,10.0%,0.01,-5365.71,-536.57,5006.56
13:00,+40%,-20%,30m,0pt,10,10.0%,0.01,-5365.71,-536.57,5006.56
13:00,+50%,-15%,30m,0pt,10,10.0%,0.01,-5365.71,-536.57,5006.56
13:00,+40%,-25%,30m,0pt,10,10.0%,0.01,-5365.71,-536.57,5006.56
12:00,+20%,-20%,120m,200pt,10,20.0%,0.16,-5375.93,-537.59,4380.97
12:00,+20%,-20%,90m,200pt,10,20.0%,0.16,-5375.93,-537.59,4380.97
13:00,+20%,-30%,120m,100pt,10,30.0%,0.39,-5416.89,-541.69,3989.03
10:00,+30%,-20%,120m,200pt,10,20.0%,0.26,-5417.93,-541.79,5099.43
13:00,+50%,-20%,120m,100pt,10,10.0%,0.34,-5423.31,-542.33,6165.85
13:00,+40%,-20%,90m,100pt,10,10.0%,0.34,-5423.31,-542.33,6165.85
13:00,+40%,-20%,120m,100pt,10,10.0%,0.34,-5423.31,-542.33,6165.85
13:00,+50%,-20%,90m,100pt,10,10.0%,0.34,-5423.31,-542.33,6165.85
12:00,+30%,-15%,45m,200pt,10,0.0%,0.0,-5480.44,-548.04,4723.78
12:00,+40%,-15%,45m,200pt,10,0.0%,0.0,-5480.44,-548.04,4723.78
12:00,+20%,-15%,45m,200pt,10,0.0%,0.0,-5480.44,-548.04,4723.78
12:00,+70%,-15%,45m,200pt,10,0.0%,0.0,-5480.44,-548.04,4723.78
12:00,+50%,-15%,45m,200pt,10,0.0%,0.0,-5480.44,-548.04,4723.78
12:00,+40%,-15%,60m,200pt,10,0.0%,0.0,-5488.77,-548.88,4732.11
12:00,+30%,-15%,60m,200pt,10,0.0%,0.0,-5488.77,-548.88,4732.11
12:00,+20%,-15%,60m,200pt,10,0.0%,0.0,-5488.77,-548.88,4732.11
12:00,+70%,-15%,60m,200pt,10,0.0%,0.0,-5488.77,-548.88,4732.11
12:00,+50%,-15%,60m,200pt,10,0.0%,0.0,-5488.77,-548.88,4732.11
10:00,+70%,-25%,120m,200pt,10,20.0%,0.36,-5515.16,-551.52,5930.1
12:00,+50%,-15%,45m,100pt,10,10.0%,0.15,-5519.48,-551.95,4455.5
12:00,+70%,-15%,45m,100pt,10,10.0%,0.15,-5519.48,-551.95,4455.5
12:00,+50%,-25%,45m,100pt,10,10.0%,0.15,-5525.87,-552.59,4461.9
12:00,+50%,-20%,45m,100pt,10,10.0%,0.15,-5525.87,-552.59,4461.9
12:00,+50%,-30%,45m,100pt,10,10.0%,0.15,-5525.87,-552.59,4461.9
12:00,+70%,-20%,45m,100pt,10,10.0%,0.15,-5525.87,-552.59,4461.9
12:00,+70%,-30%,45m,100pt,10,10.0%,0.15,-5525.87,-552.59,4461.9
12:00,+70%,-25%,45m,100pt,10,10.0%,0.15,-5525.87,-552.59,4461.9
13:30,+40%,-25%,60m,200pt,10,0.0%,0.0,-5549.46,-554.95,4744.66
13:30,+50%,-25%,120m,200pt,10,0.0%,0.0,-5549.46,-554.95,4744.66
13:30,+70%,-25%,60m,200pt,10,0.0%,0.0,-5549.46,-554.95,4744.66
13:30,+50%,-25%,60m,200pt,10,0.0%,0.0,-5549.46,-554.95,4744.66
13:30,+50%,-25%,90m,200pt,10,0.0%,0.0,-5549.46,-554.95,4744.66
13:30,+70%,-25%,90m,200pt,10,0.0%,0.0,-5549.46,-554.95,4744.66
13:30,+70%,-25%,120m,200pt,10,0.0%,0.0,-5549.46,-554.95,4744.66
13:30,+40%,-25%,90m,200pt,10,0.0%,0.0,-5549.46,-554.95,4744.66
13:30,+40%,-25%,120m,200pt,10,0.0%,0.0,-5549.46,-554.95,4744.66
13:00,+20%,-20%,120m,100pt,10,20.0%,0.26,-5588.07,-558.81,4696.77
13:00,+20%,-20%,90m,100pt,10,20.0%,0.26,-5588.07,-558.81,4696.77
13:00,+50%,-30%,120m,100pt,10,20.0%,0.43,-5605.21,-560.52,5811.18
13:00,+40%,-30%,120m,100pt,10,20.0%,0.43,-5605.21,-560.52,5811.18
11:00,+30%,-15%,120m,200pt,10,10.0%,0.15,-5625.23,-562.52,4713.87
11:00,+30%,-15%,90m,200pt,10,10.0%,0.15,-5625.23,-562.52,4713.87
12:00,+20%,-15%,120m,100pt,10,20.0%,0.24,-5636.37,-563.64,4572.4
12:00,+20%,-15%,90m,100pt,10,20.0%,0.24,-5636.37,-563.64,4572.4
13:00,+40%,-20%,120m,0pt,10,20.0%,0.48,-5649.08,-564.91,6375.36
13:00,+40%,-15%,60m,0pt,10,10.0%,0.39,-5661.05,-566.1,7517.59
12:00,+30%,-25%,45m,0pt,10,10.0%,0.15,-5710.87,-571.09,4608.68
12:00,+30%,-15%,45m,0pt,10,10.0%,0.15,-5710.87,-571.09,4608.68
12:00,+70%,-20%,45m,0pt,10,10.0%,0.15,-5710.87,-571.09,4608.68
12:00,+70%,-25%,45m,0pt,10,10.0%,0.15,-5710.87,-571.09,4608.68
12:00,+50%,-25%,45m,0pt,10,10.0%,0.15,-5710.87,-571.09,4608.68
12:00,+50%,-15%,45m,0pt,10,10.0%,0.15,-5710.87,-571.09,4608.68
12:00,+70%,-30%,45m,0pt,10,10.0%,0.15,-5710.87,-571.09,4608.68
12:00,+40%,-30%,45m,0pt,10,10.0%,0.15,-5710.87,-571.09,4608.68
12:00,+40%,-25%,45m,0pt,10,10.0%,0.15,-5710.87,-571.09,4608.68
12:00,+40%,-20%,45m,0pt,10,10.0%,0.15,-5710.87,-571.09,4608.68
12:00,+50%,-30%,45m,0pt,10,10.0%,0.15,-5710.87,-571.09,4608.68
12:00,+70%,-15%,45m,0pt,10,10.0%,0.15,-5710.87,-571.09,4608.68
12:00,+30%,-20%,45m,0pt,10,10.0%,0.15,-5710.87,-571.09,4608.68
12:00,+50%,-20%,45m,0pt,10,10.0%,0.15,-5710.87,-571.09,4608.68
12:00,+40%,-15%,45m,0pt,10,10.0%,0.15,-5710.87,-571.09,4608.68
12:00,+30%,-30%,45m,0pt,10,10.0%,0.15,-5710.87,-571.09,4608.68
12:00,+20%,-15%,45m,100pt,10,10.0%,0.12,-5711.35,-571.14,4647.38
12:00,+20%,-30%,45m,100pt,10,10.0%,0.12,-5717.75,-571.78,4653.78
12:00,+20%,-25%,45m,100pt,10,10.0%,0.12,-5717.75,-571.78,4653.78
12:00,+20%,-20%,45m,100pt,10,10.0%,0.12,-5717.75,-571.78,4653.78
12:00,+30%,-15%,60m,100pt,10,10.0%,0.21,-5720.59,-572.06,4656.61
12:00,+40%,-15%,60m,100pt,10,10.0%,0.21,-5720.59,-572.06,4656.61
12:00,+50%,-20%,30m,100pt,10,0.0%,0.0,-5730.45,-573.04,4951.67
12:00,+70%,-15%,30m,100pt,10,0.0%,0.0,-5730.45,-573.04,4951.67
12:00,+50%,-30%,30m,100pt,10,0.0%,0.0,-5730.45,-573.04,4951.67
12:00,+70%,-20%,30m,100pt,10,0.0%,0.0,-5730.45,-573.04,4951.67
12:00,+30%,-25%,30m,100pt,10,0.0%,0.0,-5730.45,-573.04,4951.67
12:00,+20%,-30%,30m,100pt,10,0.0%,0.0,-5730.45,-573.04,4951.67
12:00,+30%,-15%,30m,100pt,10,0.0%,0.0,-5730.45,-573.04,4951.67
12:00,+30%,-20%,30m,100pt,10,0.0%,0.0,-5730.45,-573.04,4951.67
12:00,+20%,-20%,30m,100pt,10,0.0%,0.0,-5730.45,-573.04,4951.67
12:00,+30%,-30%,30m,100pt,10,0.0%,0.0,-5730.45,-573.04,4951.67
12:00,+20%,-25%,30m,100pt,10,0.0%,0.0,-5730.45,-573.04,4951.67
12:00,+40%,-15%,30m,100pt,10,0.0%,0.0,-5730.45,-573.04,4951.67
12:00,+70%,-30%,30m,100pt,10,0.0%,0.0,-5730.45,-573.04,4951.67
12:00,+50%,-15%,30m,100pt,10,0.0%,0.0,-5730.45,-573.04,4951.67
12:00,+20%,-15%,30m,100pt,10,0.0%,0.0,-5730.45,-573.04,4951.67
12:00,+70%,-25%,30m,100pt,10,0.0%,0.0,-5730.45,-573.04,4951.67
12:00,+40%,-25%,30m,100pt,10,0.0%,0.0,-5730.45,-573.04,4951.67
12:00,+40%,-20%,30m,100pt,10,0.0%,0.0,-5730.45,-573.04,4951.67
12:00,+40%,-30%,30m,100pt,10,0.0%,0.0,-5730.45,-573.04,4951.67
12:00,+50%,-25%,30m,100pt,10,0.0%,0.0,-5730.45,-573.04,4951.67
12:00,+30%,-20%,60m,200pt,10,10.0%,0.09,-5756.83,-575.68,4761.87
12:00,+20%,-20%,60m,200pt,10,10.0%,0.09,-5756.83,-575.68,4761.87
12:00,+50%,-25%,60m,200pt,10,10.0%,0.17,-5779.26,-577.93,4586.43
12:00,+40%,-25%,60m,200pt,10,10.0%,0.17,-5779.26,-577.93,4586.43
13:30,+20%,-20%,90m,100pt,10,10.0%,0.15,-5811.65,-581.16,5303.13
13:30,+20%,-20%,120m,100pt,10,10.0%,0.15,-5811.65,-581.16,5303.13
13:30,+20%,-20%,60m,100pt,10,10.0%,0.15,-5811.65,-581.16,5303.13
13:30,+20%,-20%,45m,100pt,10,10.0%,0.15,-5811.65,-581.16,5303.13
11:00,+50%,-15%,60m,200pt,10,10.0%,0.05,-5812.82,-581.28,4901.46
11:00,+70%,-15%,60m,200pt,10,10.0%,0.05,-5812.82,-581.28,4901.46
11:00,+40%,-15%,60m,200pt,10,10.0%,0.05,-5812.82,-581.28,4901.46
11:00,+20%,-20%,120m,200pt,10,20.0%,0.23,-5884.99,-588.5,5040.41
11:00,+20%,-20%,90m,200pt,10,20.0%,0.23,-5884.99,-588.5,5040.41
13:00,+50%,-15%,60m,0pt,10,10.0%,0.36,-5919.65,-591.96,7517.59
13:00,+70%,-15%,60m,0pt,10,10.0%,0.36,-5919.65,-591.96,7517.59
10:00,+20%,-25%,120m,100pt,10,30.0%,0.4,-5955.56,-595.56,5210.02
12:00,+70%,-15%,120m,200pt,10,0.0%,0.0,-5957.1,-595.71,5200.44
12:00,+70%,-15%,90m,200pt,10,0.0%,0.0,-5957.1,-595.71,5200.44
12:00,+70%,-20%,60m,200pt,10,10.0%,0.06,-5963.09,-596.31,4968.13
12:00,+40%,-15%,30m,0pt,10,0.0%,0.0,-5980.78,-598.08,5176.07
12:00,+70%,-25%,30m,0pt,10,0.0%,0.0,-5980.78,-598.08,5176.07
12:00,+30%,-15%,30m,0pt,10,0.0%,0.0,-5980.78,-598.08,5176.07
12:00,+20%,-25%,30m,0pt,10,0.0%,0.0,-5980.78,-598.08,5176.07
12:00,+70%,-15%,30m,0pt,10,0.0%,0.0,-5980.78,-598.08,5176.07
12:00,+20%,-20%,30m,0pt,10,0.0%,0.0,-5980.78,-598.08,5176.07
12:00,+70%,-30%,30m,0pt,10,0.0%,0.0,-5980.78,-598.08,5176.07
12:00,+40%,-20%,30m,0pt,10,0.0%,0.0,-5980.78,-598.08,5176.07
12:00,+20%,-30%,30m,0pt,10,0.0%,0.0,-5980.78,-598.08,5176.07
12:00,+50%,-30%,30m,0pt,10,0.0%,0.0,-5980.78,-598.08,5176.07
12:00,+40%,-30%,30m,0pt,10,0.0%,0.0,-5980.78,-598.08,5176.07
12:00,+40%,-25%,30m,0pt,10,0.0%,0.0,-5980.78,-598.08,5176.07
12:00,+50%,-25%,30m,0pt,10,0.0%,0.0,-5980.78,-598.08,5176.07
12:00,+30%,-30%,30m,0pt,10,0.0%,0.0,-5980.78,-598.08,5176.07
12:00,+30%,-25%,30m,0pt,10,0.0%,0.0,-5980.78,-598.08,5176.07
12:00,+70%,-20%,30m,0pt,10,0.0%,0.0,-5980.78,-598.08,5176.07
12:00,+50%,-20%,30m,0pt,10,0.0%,0.0,-5980.78,-598.08,5176.07
12:00,+30%,-20%,30m,0pt,10,0.0%,0.0,-5980.78,-598.08,5176.07
12:00,+50%,-15%,30m,0pt,10,0.0%,0.0,-5980.78,-598.08,5176.07
12:00,+20%,-15%,30m,0pt,10,0.0%,0.0,-5980.78,-598.08,5176.07
10:00,+30%,-15%,120m,0pt,10,20.0%,0.38,-6017.06,-601.71,6596.27
13:00,+50%,-15%,120m,0pt,10,10.0%,0.4,-6042.17,-604.22,7517.59
13:00,+50%,-15%,90m,0pt,10,10.0%,0.4,-6042.17,-604.22,7517.59
10:00,+20%,-30%,120m,100pt,10,30.0%,0.4,-6056.15,-605.62,5248.67
13:00,+70%,-25%,60m,100pt,10,10.0%,0.34,-6108.23,-610.82,7394.39
10:00,+50%,-25%,120m,200pt,10,20.0%,0.29,-6109.81,-610.98,5930.1
13:30,+70%,-15%,60m,100pt,10,0.0%,0.0,-6111.84,-611.18,5273.83
13:30,+50%,-15%,120m,100pt,10,0.0%,0.0,-6111.84,-611.18,5273.83
13:30,+70%,-15%,90m,100pt,10,0.0%,0.0,-6111.84,-611.18,5273.83
13:30,+50%,-15%,90m,100pt,10,0.0%,0.0,-6111.84,-611.18,5273.83
13:30,+40%,-15%,60m,100pt,10,0.0%,0.0,-6111.84,-611.18,5273.83
13:30,+30%,-15%,90m,100pt,10,0.0%,0.0,-6111.84,-611.18,5273.83
13:30,+30%,-15%,120m,100pt,10,0.0%,0.0,-6111.84,-611.18,5273.83
13:30,+70%,-15%,120m,100pt,10,0.0%,0.0,-6111.84,-611.18,5273.83
13:30,+40%,-15%,90m,100pt,10,0.0%,0.0,-6111.84,-611.18,5273.83
13:30,+30%,-15%,60m,100pt,10,0.0%,0.0,-6111.84,-611.18,5273.83
13:30,+50%,-15%,60m,100pt,10,0.0%,0.0,-6111.84,-611.18,5273.83
13:30,+40%,-15%,120m,100pt,10,0.0%,0.0,-6111.84,-611.18,5273.83
13:00,+70%,-25%,90m,100pt,10,10.0%,0.38,-6167.52,-616.75,7394.39
13:00,+70%,-25%,120m,100pt,10,10.0%,0.38,-6167.52,-616.75,7394.39
13:30,+50%,-30%,60m,200pt,10,0.0%,0.0,-6183.3,-618.33,5329.37
13:30,+70%,-30%,60m,200pt,10,0.0%,0.0,-6183.3,-618.33,5329.37
13:30,+40%,-30%,60m,200pt,10,0.0%,0.0,-6183.3,-618.33,5329.37
13:00,+30%,-20%,60m,100pt,10,10.0%,0.21,-6206.68,-620.67,6165.85
10:00,+50%,-20%,120m,100pt,10,20.0%,0.36,-6261.36,-626.14,6628.88
11:00,+30%,-20%,60m,200pt,10,10.0%,0.13,-6270.74,-627.07,5203.28
13:00,+30%,-20%,120m,0pt,10,20.0%,0.43,-6279.62,-627.96,6375.36
11:00,+30%,-30%,60m,200pt,10,10.0%,0.13,-6289.02,-628.9,5221.56
11:00,+30%,-25%,60m,200pt,10,10.0%,0.13,-6289.02,-628.9,5221.56
13:00,+30%,-15%,60m,0pt,10,10.0%,0.32,-6291.59,-629.16,7517.59
10:00,+70%,-30%,120m,200pt,10,20.0%,0.33,-6316.24,-631.62,6168.88
12:00,+20%,-20%,120m,0pt,10,30.0%,0.47,-6317.17,-631.72,5097.58
12:00,+40%,-30%,60m,200pt,10,10.0%,0.16,-6327.56,-632.76,5006.69
12:00,+50%,-30%,60m,200pt,10,10.0%,0.16,-6327.56,-632.76,5006.69
13:00,+50%,-20%,45m,100pt,10,10.0%,0.14,-6350.93,-635.09,6165.85
13:00,+30%,-20%,45m,100pt,10,10.0%,0.14,-6350.93,-635.09,6165.85
13:00,+70%,-20%,45m,100pt,10,10.0%,0.14,-6350.93,-635.09,6165.85
13:00,+40%,-20%,45m,100pt,10,10.0%,0.14,-6350.93,-635.09,6165.85
13:00,+40%,-15%,90m,0pt,10,10.0%,0.36,-6364.17,-636.42,7517.59
13:00,+40%,-15%,120m,0pt,10,10.0%,0.36,-6364.17,-636.42,7517.59
12:00,+20%,-25%,60m,200pt,10,10.0%,0.08,-6378.56,-637.86,5185.73
12:00,+30%,-25%,60m,200pt,10,10.0%,0.08,-6378.56,-637.86,5185.73
13:30,+40%,-20%,30m,100pt,10,10.0%,0.0,-6388.84,-638.88,5550.83
13:30,+70%,-20%,30m,100pt,10,10.0%,0.0,-6388.84,-638.88,5550.83
13:30,+30%,-20%,30m,100pt,10,10.0%,0.0,-6388.84,-638.88,5550.83
13:30,+50%,-20%,30m,100pt,10,10.0%,0.0,-6388.84,-638.88,5550.83
13:30,+20%,-20%,30m,100pt,10,10.0%,0.0,-6388.84,-638.88,5550.83
13:30,+50%,-30%,90m,200pt,10,0.0%,0.0,-6429.33,-642.93,5575.41
13:30,+50%,-30%,120m,200pt,10,0.0%,0.0,-6429.33,-642.93,5575.41
13:30,+40%,-30%,90m,200pt,10,0.0%,0.0,-6429.33,-642.93,5575.41
13:30,+40%,-30%,120m,200pt,10,0.0%,0.0,-6429.33,-642.93,5575.41
13:30,+70%,-30%,90m,200pt,10,0.0%,0.0,-6429.33,-642.93,5575.41
13:30,+70%,-30%,120m,200pt,10,0.0%,0.0,-6429.33,-642.93,5575.41
13:00,+50%,-25%,60m,100pt,10,10.0%,0.31,-6452.97,-645.3,7394.39
13:00,+40%,-25%,60m,100pt,10,10.0%,0.31,-6452.97,-645.3,7394.39
12:00,+20%,-15%,60m,100pt,10,10.0%,0.1,-6464.13,-646.41,5400.16
12:00,+30%,-20%,120m,100pt,10,20.0%,0.33,-6473.89,-647.39,5069.81
12:00,+40%,-20%,90m,100pt,10,20.0%,0.33,-6473.89,-647.39,5069.81
12:00,+40%,-20%,120m,100pt,10,20.0%,0.33,-6473.89,-647.39,5069.81
12:00,+30%,-20%,90m,100pt,10,20.0%,0.33,-6473.89,-647.39,5069.81
13:00,+20%,-25%,60m,100pt,10,20.0%,0.24,-6475.07,-647.51,5782.65
13:30,+30%,-20%,45m,100pt,10,10.0%,0.06,-6485.69,-648.57,5512.26
13:30,+50%,-20%,45m,100pt,10,10.0%,0.06,-6485.69,-648.57,5512.26
13:30,+70%,-20%,45m,100pt,10,10.0%,0.06,-6485.69,-648.57,5512.26
13:30,+40%,-20%,45m,100pt,10,10.0%,0.06,-6485.69,-648.57,5512.26
13:00,+70%,-25%,120m,0pt,10,20.0%,0.52,-6497.68,-649.77,8349.1
12:00,+30%,-25%,120m,200pt,10,20.0%,0.17,-6508.45,-650.84,5315.62
12:00,+30%,-25%,90m,200pt,10,20.0%,0.17,-6508.45,-650.84,5315.62
13:00,+70%,-30%,90m,100pt,10,10.0%,0.37,-6509.08,-650.91,7616.36
10:00,+40%,-25%,120m,200pt,10,20.0%,0.23,-6573.35,-657.34,5930.1
12:00,+70%,-25%,60m,200pt,10,10.0%,0.05,-6584.82,-658.48,5391.99
13:30,+20%,-25%,30m,100pt,10,10.0%,0.0,-6592.03,-659.2,5754.02
13:30,+50%,-30%,30m,100pt,10,10.0%,0.0,-6592.03,-659.2,5754.02
13:30,+30%,-30%,30m,100pt,10,10.0%,0.0,-6592.03,-659.2,5754.02
13:30,+20%,-30%,30m,100pt,10,10.0%,0.0,-6592.03,-659.2,5754.02
13:30,+40%,-30%,30m,100pt,10,10.0%,0.0,-6592.03,-659.2,5754.02
13:30,+40%,-25%,30m,100pt,10,10.0%,0.0,-6592.03,-659.2,5754.02
13:30,+70%,-25%,30m,100pt,10,10.0%,0.0,-6592.03,-659.2,5754.02
13:30,+70%,-30%,30m,100pt,10,10.0%,0.0,-6592.03,-659.2,5754.02
13:30,+30%,-25%,30m,100pt,10,10.0%,0.0,-6592.03,-659.2,5754.02
13:30,+50%,-25%,30m,100pt,10,10.0%,0.0,-6592.03,-659.2,5754.02
13:00,+30%,-20%,90m,100pt,10,10.0%,0.2,-6611.59,-661.16,6165.85
13:00,+30%,-20%,120m,100pt,10,10.0%,0.2,-6611.59,-661.16,6165.85
12:00,+30%,-30%,120m,100pt,10,30.0%,0.44,-6687.27,-668.73,5382.39
12:00,+50%,-15%,60m,100pt,10,10.0%,0.07,-6689.61,-668.96,5625.63
12:00,+70%,-15%,60m,100pt,10,10.0%,0.07,-6689.61,-668.96,5625.63
12:00,+40%,-30%,90m,200pt,10,20.0%,0.27,-6703.18,-670.32,5290.68
12:00,+50%,-30%,90m,200pt,10,20.0%,0.27,-6703.18,-670.32,5290.68
10:00,+30%,-25%,120m,200pt,10,20.0%,0.22,-6715.77,-671.58,5930.1
13:00,+30%,-30%,120m,100pt,10,20.0%,0.31,-6725.71,-672.57,5743.41
12:00,+20%,-25%,90m,200pt,10,20.0%,0.14,-6769.68,-676.97,5576.84
12:00,+20%,-25%,120m,200pt,10,20.0%,0.14,-6769.68,-676.97,5576.84
10:00,+40%,-20%,120m,100pt,10,20.0%,0.31,-6775.7,-677.57,6628.88
12:00,+40%,-20%,60m,100pt,10,10.0%,0.18,-6779.59,-677.96,5375.51
12:00,+30%,-20%,60m,100pt,10,10.0%,0.18,-6779.59,-677.96,5375.51
13:00,+50%,-20%,90m,0pt,10,10.0%,0.37,-6785.69,-678.57,8431.35
12:00,+20%,-25%,120m,100pt,10,30.0%,0.32,-6831.11,-683.11,5492.41
12:00,+50%,-30%,120m,200pt,10,20.0%,0.26,-6907.43,-690.74,5494.93
12:00,+40%,-30%,120m,200pt,10,20.0%,0.26,-6907.43,-690.74,5494.93
11:00,+50%,-20%,60m,200pt,10,10.0%,0.05,-6908.99,-690.9,5841.53
11:00,+70%,-20%,60m,200pt,10,10.0%,0.05,-6908.99,-690.9,5841.53
11:00,+40%,-20%,60m,200pt,10,10.0%,0.05,-6908.99,-690.9,5841.53
10:00,+50%,-30%,120m,200pt,10,20.0%,0.26,-6910.89,-691.09,6168.88
12:00,+30%,-30%,60m,200pt,10,10.0%,0.08,-6926.86,-692.69,5605.99
12:00,+20%,-30%,60m,200pt,10,10.0%,0.08,-6926.86,-692.69,5605.99
11:00,+50%,-30%,60m,200pt,10,10.0%,0.04,-6927.27,-692.73,5859.8
11:00,+70%,-30%,60m,200pt,10,10.0%,0.04,-6927.27,-692.73,5859.8
11:00,+40%,-30%,60m,200pt,10,10.0%,0.04,-6927.27,-692.73,5859.8
11:00,+40%,-25%,60m,200pt,10,10.0%,0.04,-6927.27,-692.73,5859.8
11:00,+50%,-25%,60m,200pt,10,10.0%,0.04,-6927.27,-692.73,5859.8
11:00,+70%,-25%,60m,200pt,10,10.0%,0.04,-6927.27,-692.73,5859.8
10:00,+30%,-20%,120m,100pt,10,20.0%,0.29,-6940.42,-694.04,6628.88
12:00,+40%,-30%,120m,100pt,10,30.0%,0.42,-6947.8,-694.78,5382.39
13:00,+70%,-25%,45m,100pt,10,10.0%,0.13,-6992.19,-699.22,6807.11
13:00,+30%,-25%,45m,100pt,10,10.0%,0.13,-6992.19,-699.22,6807.11
13:00,+40%,-25%,45m,100pt,10,10.0%,0.13,-6992.19,-699.22,6807.11
13:00,+50%,-25%,45m,100pt,10,10.0%,0.13,-6992.19,-699.22,6807.11
13:00,+30%,-15%,90m,0pt,10,10.0%,0.3,-6994.71,-699.47,7517.59
13:00,+30%,-15%,120m,0pt,10,10.0%,0.3,-6994.71,-699.47,7517.59
12:00,+40%,-30%,60m,100pt,10,10.0%,0.18,-7011.83,-701.18,5532.23
12:00,+30%,-30%,60m,100pt,10,10.0%,0.18,-7011.83,-701.18,5532.23
12:00,+40%,-25%,60m,100pt,10,10.0%,0.18,-7011.83,-701.18,5532.23
12:00,+30%,-25%,60m,100pt,10,10.0%,0.18,-7011.83,-701.18,5532.23
13:00,+30%,-30%,45m,100pt,10,10.0%,0.13,-7055.51,-705.55,6870.43
13:00,+40%,-30%,45m,100pt,10,10.0%,0.13,-7055.51,-705.55,6870.43
13:00,+70%,-30%,45m,100pt,10,10.0%,0.13,-7055.51,-705.55,6870.43
13:00,+50%,-30%,45m,100pt,10,10.0%,0.13,-7055.51,-705.55,6870.43
13:00,+50%,-25%,120m,100pt,10,10.0%,0.29,-7068.81,-706.88,7394.39
13:00,+50%,-25%,90m,100pt,10,10.0%,0.29,-7068.81,-706.88,7394.39
13:00,+40%,-25%,90m,100pt,10,10.0%,0.29,-7068.81,-706.88,7394.39
13:00,+40%,-25%,120m,100pt,10,10.0%,0.29,-7068.81,-706.88,7394.39
11:00,+20%,-15%,60m,100pt,10,10.0%,0.11,-7077.98,-707.8,5919.75
13:30,+20%,-30%,45m,100pt,10,10.0%,0.13,-7078.98,-707.9,5899.08
13:00,+20%,-25%,90m,100pt,10,20.0%,0.22,-7090.91,-709.09,5782.65
13:00,+20%,-25%,120m,100pt,10,20.0%,0.22,-7090.91,-709.09,5782.65
11:00,+20%,-25%,90m,200pt,10,20.0%,0.2,-7103.1,-710.31,5876.01
13:00,+40%,-20%,90m,0pt,10,10.0%,0.34,-7107.69,-710.77,8431.35
12:00,+20%,-15%,60m,0pt,10,10.0%,0.19,-7109.12,-710.91,5621.1
12:00,+70%,-30%,60m,200pt,10,10.0%,0.05,-7133.12,-713.31,5812.25
10:00,+50%,-25%,120m,100pt,10,20.0%,0.33,-7178.5,-717.85,6978.71
12:00,+20%,-15%,120m,0pt,10,20.0%,0.33,-7187.92,-718.79,5699.89
12:00,+20%,-15%,90m,0pt,10,20.0%,0.33,-7187.92,-718.79,5699.89
11:00,+20%,-20%,60m,100pt,10,10.0%,0.11,-7205.5,-720.55,6047.26
11:00,+20%,-25%,60m,100pt,10,10.0%,0.11,-7205.5,-720.55,6047.26
11:00,+20%,-30%,60m,100pt,10,10.0%,0.11,-7205.5,-720.55,6047.26
13:30,+20%,-25%,30m,0pt,10,10.0%,0.0,-7208.64,-720.86,6317.0
13:30,+50%,-30%,30m,0pt,10,10.0%,0.0,-7208.64,-720.86,6317.0
13:30,+50%,-15%,30m,0pt,10,10.0%,0.0,-7208.64,-720.86,6317.0
13:30,+30%,-15%,30m,0pt,10,10.0%,0.0,-7208.64,-720.86,6317.0
13:30,+40%,-15%,30m,0pt,10,10.0%,0.0,-7208.64,-720.86,6317.0
13:30,+70%,-15%,30m,0pt,10,10.0%,0.0,-7208.64,-720.86,6317.0
13:30,+50%,-25%,30m,0pt,10,10.0%,0.0,-7208.64,-720.86,6317.0
13:30,+30%,-30%,30m,0pt,10,10.0%,0.0,-7208.64,-720.86,6317.0
13:30,+30%,-20%,30m,0pt,10,10.0%,0.0,-7208.64,-720.86,6317.0
13:30,+30%,-25%,30m,0pt,10,10.0%,0.0,-7208.64,-720.86,6317.0
13:30,+40%,-20%,30m,0pt,10,10.0%,0.0,-7208.64,-720.86,6317.0
13:30,+50%,-20%,30m,0pt,10,10.0%,0.0,-7208.64,-720.86,6317.0
13:30,+70%,-30%,30m,0pt,10,10.0%,0.0,-7208.64,-720.86,6317.0
13:30,+40%,-30%,30m,0pt,10,10.0%,0.0,-7208.64,-720.86,6317.0
13:30,+20%,-15%,30m,0pt,10,10.0%,0.0,-7208.64,-720.86,6317.0
13:30,+20%,-20%,30m,0pt,10,10.0%,0.0,-7208.64,-720.86,6317.0
13:30,+70%,-25%,30m,0pt,10,10.0%,0.0,-7208.64,-720.86,6317.0
13:30,+40%,-25%,30m,0pt,10,10.0%,0.0,-7208.64,-720.86,6317.0
13:30,+70%,-20%,30m,0pt,10,10.0%,0.0,-7208.64,-720.86,6317.0
13:30,+20%,-30%,30m,0pt,10,10.0%,0.0,-7208.64,-720.86,6317.0
13:30,+20%,-25%,90m,100pt,10,10.0%,0.13,-7227.14,-722.71,6392.01
13:30,+20%,-25%,60m,100pt,10,10.0%,0.13,-7227.14,-722.71,6392.01
13:30,+20%,-25%,120m,100pt,10,10.0%,0.13,-7227.14,-722.71,6392.01
13:30,+20%,-25%,45m,100pt,10,10.0%,0.13,-7227.14,-722.71,6392.01
13:00,+70%,-30%,60m,100pt,10,10.0%,0.31,-7234.86,-723.49,8401.42
12:00,+20%,-30%,60m,0pt,10,10.0%,0.18,-7269.55,-726.96,5732.67
12:00,+20%,-20%,60m,0pt,10,10.0%,0.18,-7269.55,-726.96,5732.67
12:00,+20%,-25%,60m,0pt,10,10.0%,0.18,-7269.55,-726.96,5732.67
10:00,+20%,-15%,120m,0pt,10,20.0%,0.25,-7277.55,-727.76,6596.27
10:00,+50%,-30%,120m,100pt,10,20.0%,0.33,-7279.09,-727.91,7017.37
13:00,+20%,-30%,90m,100pt,10,20.0%,0.22,-7289.84,-728.98,5861.98
12:00,+70%,-20%,90m,200pt,10,0.0%,0.0,-7290.6,-729.06,6295.64
11:00,+50%,-15%,90m,200pt,10,0.0%,0.0,-7292.01,-729.2,6380.65
11:00,+70%,-15%,120m,200pt,10,0.0%,0.0,-7292.01,-729.2,6380.65
11:00,+40%,-15%,90m,200pt,10,0.0%,0.0,-7292.01,-729.2,6380.65
11:00,+70%,-15%,90m,200pt,10,0.0%,0.0,-7292.01,-729.2,6380.65
11:00,+50%,-15%,120m,200pt,10,0.0%,0.0,-7292.01,-729.2,6380.65
11:00,+40%,-15%,120m,200pt,10,0.0%,0.0,-7292.01,-729.2,6380.65
11:00,+20%,-25%,120m,200pt,10,20.0%,0.19,-7296.77,-729.68,6069.68
10:00,+40%,-30%,120m,200pt,10,20.0%,0.21,-7374.43,-737.44,6168.88
13:00,+40%,-15%,45m,0pt,10,10.0%,0.13,-7408.28,-740.83,7243.29
13:00,+30%,-15%,45m,0pt,10,10.0%,0.13,-7408.28,-740.83,7243.29
13:00,+20%,-15%,45m,0pt,10,10.0%,0.13,-7408.28,-740.83,7243.29
13:00,+70%,-15%,45m,0pt,10,10.0%,0.13,-7408.28,-740.83,7243.29
13:00,+50%,-15%,45m,0pt,10,10.0%,0.13,-7408.28,-740.83,7243.29
13:00,+50%,-30%,90m,100pt,10,10.0%,0.28,-7410.38,-741.04,7616.36
13:00,+40%,-30%,90m,100pt,10,10.0%,0.28,-7410.38,-741.04,7616.36
13:00,+20%,-30%,60m,100pt,10,20.0%,0.21,-7459.06,-745.91,6647.04
10:00,+30%,-20%,120m,0pt,10,20.0%,0.33,-7488.38,-748.84,7251.02
10:00,+30%,-30%,120m,0pt,10,20.0%,0.33,-7488.38,-748.84,7251.02
10:00,+30%,-25%,120m,0pt,10,20.0%,0.33,-7488.38,-748.84,7251.02
10:00,+30%,-30%,120m,200pt,10,20.0%,0.2,-7516.85,-751.68,6168.88
12:00,+20%,-20%,60m,100pt,10,10.0%,0.09,-7523.13,-752.31,6119.05
11:00,+70%,-15%,60m,100pt,10,10.0%,0.05,-7524.35,-752.44,6366.12
11:00,+40%,-15%,60m,100pt,10,10.0%,0.05,-7524.35,-752.44,6366.12
11:00,+50%,-15%,60m,100pt,10,10.0%,0.05,-7524.35,-752.44,6366.12
11:00,+30%,-15%,60m,100pt,10,10.0%,0.05,-7524.35,-752.44,6366.12
12:00,+70%,-20%,120m,200pt,10,0.0%,0.0,-7537.23,-753.72,6542.27
13:00,+40%,-30%,60m,100pt,10,10.0%,0.27,-7579.6,-757.96,8401.42
13:00,+50%,-30%,60m,100pt,10,10.0%,0.27,-7579.6,-757.96,8401.42
13:00,+30%,-25%,45m,0pt,10,10.0%,0.13,-7596.64,-759.66,7431.65
13:00,+30%,-20%,45m,0pt,10,10.0%,0.13,-7596.64,-759.66,7431.65
13:00,+20%,-20%,45m,0pt,10,10.0%,0.13,-7596.64,-759.66,7431.65
13:00,+70%,-20%,45m,0pt,10,10.0%,0.13,-7596.64,-759.66,7431.65
13:00,+70%,-25%,45m,0pt,10,10.0%,0.13,-7596.64,-759.66,7431.65
13:00,+20%,-25%,45m,0pt,10,10.0%,0.13,-7596.64,-759.66,7431.65
13:00,+50%,-30%,45m,0pt,10,10.0%,0.13,-7596.64,-759.66,7431.65
13:00,+50%,-25%,45m,0pt,10,10.0%,0.13,-7596.64,-759.66,7431.65
13:00,+50%,-20%,45m,0pt,10,10.0%,0.13,-7596.64,-759.66,7431.65
13:00,+30%,-30%,45m,0pt,10,10.0%,0.13,-7596.64,-759.66,7431.65
13:00,+40%,-20%,45m,0pt,10,10.0%,0.13,-7596.64,-759.66,7431.65
13:00,+70%,-30%,45m,0pt,10,10.0%,0.13,-7596.64,-759.66,7431.65
13:00,+40%,-25%,45m,0pt,10,10.0%,0.13,-7596.64,-759.66,7431.65
13:00,+20%,-30%,45m,0pt,10,10.0%,0.13,-7596.64,-759.66,7431.65
13:00,+40%,-30%,45m,0pt,10,10.0%,0.13,-7596.64,-759.66,7431.65
13:00,+30%,-25%,60m,100pt,10,10.0%,0.18,-7641.26,-764.13,7394.39
11:00,+30%,-30%,60m,100pt,10,10.0%,0.05,-7651.87,-765.19,6493.64
11:00,+40%,-25%,60m,100pt,10,10.0%,0.05,-7651.87,-765.19,6493.64
11:00,+70%,-30%,60m,100pt,10,10.0%,0.05,-7651.87,-765.19,6493.64
11:00,+70%,-20%,60m,100pt,10,10.0%,0.05,-7651.87,-765.19,6493.64
11:00,+30%,-25%,60m,100pt,10,10.0%,0.05,-7651.87,-765.19,6493.64
11:00,+30%,-20%,60m,100pt,10,10.0%,0.05,-7651.87,-765.19,6493.64
11:00,+40%,-30%,60m,100pt,10,10.0%,0.05,-7651.87,-765.19,6493.64
11:00,+50%,-30%,60m,100pt,10,10.0%,0.05,-7651.87,-765.19,6493.64
11:00,+70%,-25%,60m,100pt,10,10.0%,0.05,-7651.87,-765.19,6493.64
11:00,+50%,-25%,60m,100pt,10,10.0%,0.05,-7651.87,-765.19,6493.64
11:00,+40%,-20%,60m,100pt,10,10.0%,0.05,-7651.87,-765.19,6493.64
11:00,+50%,-20%,60m,100pt,10,10.0%,0.05,-7651.87,-765.19,6493.64
10:00,+40%,-25%,120m,100pt,10,20.0%,0.28,-7692.83,-769.28,6978.71
13:00,+70%,-25%,90m,0pt,10,10.0%,0.41,-7695.04,-769.5,10405.09
13:00,+30%,-20%,90m,0pt,10,10.0%,0.28,-7738.23,-773.82,8431.35
13:30,+70%,-20%,60m,100pt,10,0.0%,0.0,-7744.12,-774.41,6770.69
13:30,+50%,-20%,60m,100pt,10,0.0%,0.0,-7744.12,-774.41,6770.69
13:30,+40%,-20%,60m,100pt,10,0.0%,0.0,-7744.12,-774.41,6770.69
13:30,+30%,-20%,60m,100pt,10,0.0%,0.0,-7744.12,-774.41,6770.69
13:00,+20%,-20%,120m,0pt,10,20.0%,0.29,-7748.06,-774.81,6359.97
12:00,+50%,-20%,60m,100pt,10,10.0%,0.06,-7748.6,-774.86,6344.52
12:00,+70%,-20%,60m,100pt,10,10.0%,0.06,-7748.6,-774.86,6344.52
13:30,+70%,-30%,45m,100pt,10,10.0%,0.05,-7753.02,-775.3,6362.11
13:30,+40%,-30%,45m,100pt,10,10.0%,0.05,-7753.02,-775.3,6362.11
13:30,+30%,-30%,45m,100pt,10,10.0%,0.05,-7753.02,-775.3,6362.11
13:30,+50%,-30%,45m,100pt,10,10.0%,0.05,-7753.02,-775.3,6362.11
12:00,+20%,-25%,60m,100pt,10,10.0%,0.09,-7755.37,-775.54,6275.77
12:00,+20%,-30%,60m,100pt,10,10.0%,0.09,-7755.37,-775.54,6275.77
13:00,+20%,-15%,60m,0pt,10,10.0%,0.16,-7775.41,-777.54,7517.59
10:00,+40%,-30%,120m,100pt,10,20.0%,0.28,-7793.42,-779.34,7017.37
10:00,+30%,-25%,120m,100pt,10,20.0%,0.27,-7857.56,-785.76,6978.71
12:00,+30%,-30%,90m,200pt,10,20.0%,0.14,-7869.4,-786.94,6456.9
11:00,+30%,-20%,90m,200pt,10,10.0%,0.11,-7889.2,-788.92,6670.35
11:00,+30%,-20%,120m,200pt,10,10.0%,0.11,-7889.2,-788.92,6670.35
13:30,+50%,-25%,45m,100pt,10,10.0%,0.05,-7901.18,-790.12,6728.72
13:30,+70%,-25%,45m,100pt,10,10.0%,0.05,-7901.18,-790.12,6728.72
13:30,+40%,-25%,45m,100pt,10,10.0%,0.05,-7901.18,-790.12,6728.72
13:30,+30%,-25%,45m,100pt,10,10.0%,0.05,-7901.18,-790.12,6728.72
11:00,+30%,-30%,60m,0pt,10,10.0%,0.06,-7913.31,-791.33,6723.06
11:00,+40%,-30%,60m,0pt,10,10.0%,0.06,-7913.31,-791.33,6723.06
11:00,+50%,-25%,60m,0pt,10,10.0%,0.06,-7913.31,-791.33,6723.06
11:00,+20%,-30%,60m,0pt,10,10.0%,0.06,-7913.31,-791.33,6723.06
11:00,+20%,-15%,60m,0pt,10,10.0%,0.06,-7913.31,-791.33,6723.06
11:00,+40%,-20%,60m,0pt,10,10.0%,0.06,-7913.31,-791.33,6723.06
11:00,+40%,-15%,60m,0pt,10,10.0%,0.06,-7913.31,-791.33,6723.06
11:00,+30%,-15%,60m,0pt,10,10.0%,0.06,-7913.31,-791.33,6723.06
11:00,+70%,-20%,60m,0pt,10,10.0%,0.06,-7913.31,-791.33,6723.06
11:00,+70%,-15%,60m,0pt,10,10.0%,0.06,-7913.31,-791.33,6723.06
11:00,+50%,-20%,60m,0pt,10,10.0%,0.06,-7913.31,-791.33,6723.06
11:00,+40%,-25%,60m,0pt,10,10.0%,0.06,-7913.31,-791.33,6723.06
11:00,+30%,-25%,60m,0pt,10,10.0%,0.06,-7913.31,-791.33,6723.06
11:00,+50%,-15%,60m,0pt,10,10.0%,0.06,-7913.31,-791.33,6723.06
11:00,+30%,-20%,60m,0pt,10,10.0%,0.06,-7913.31,-791.33,6723.06
11:00,+70%,-30%,60m,0pt,10,10.0%,0.06,-7913.31,-791.33,6723.06
11:00,+20%,-20%,60m,0pt,10,10.0%,0.06,-7913.31,-791.33,6723.06
11:00,+70%,-25%,60m,0pt,10,10.0%,0.06,-7913.31,-791.33,6723.06
11:00,+50%,-30%,60m,0pt,10,10.0%,0.06,-7913.31,-791.33,6723.06
11:00,+20%,-25%,60m,0pt,10,10.0%,0.06,-7913.31,-791.33,6723.06
13:00,+50%,-25%,120m,0pt,10,20.0%,0.41,-7921.36,-792.14,8349.1
12:00,+20%,-20%,90m,100pt,10,20.0%,0.18,-7923.64,-792.36,6519.56
12:00,+20%,-20%,120m,100pt,10,20.0%,0.18,-7923.64,-792.36,6519.56
12:00,+40%,-25%,90m,100pt,10,20.0%,0.29,-7956.76,-795.68,6250.22
12:00,+30%,-25%,90m,100pt,10,20.0%,0.29,-7956.76,-795.68,6250.22
10:00,+30%,-30%,120m,100pt,10,20.0%,0.26,-7958.15,-795.82,7017.37
11:00,+20%,-30%,120m,200pt,10,20.0%,0.18,-7970.59,-797.06,6273.49
12:00,+50%,-25%,60m,100pt,10,10.0%,0.06,-7980.84,-798.08,6501.25
12:00,+70%,-30%,60m,100pt,10,10.0%,0.06,-7980.84,-798.08,6501.25
12:00,+70%,-25%,60m,100pt,10,10.0%,0.06,-7980.84,-798.08,6501.25
12:00,+50%,-30%,60m,100pt,10,10.0%,0.06,-7980.84,-798.08,6501.25
13:00,+40%,-20%,60m,0pt,10,10.0%,0.31,-8004.2,-800.42,9567.99
11:00,+20%,-30%,90m,200pt,10,20.0%,0.18,-8038.99,-803.9,6667.66
10:00,+70%,-15%,120m,100pt,10,10.0%,0.09,-8056.07,-805.61,6639.11
12:00,+30%,-30%,120m,200pt,10,20.0%,0.14,-8073.65,-807.36,6661.15
13:30,+70%,-20%,120m,100pt,10,0.0%,0.0,-8076.32,-807.63,7102.89
13:30,+40%,-20%,120m,100pt,10,0.0%,0.0,-8076.32,-807.63,7102.89
13:30,+50%,-20%,120m,100pt,10,0.0%,0.0,-8076.32,-807.63,7102.89
13:30,+50%,-20%,90m,100pt,10,0.0%,0.0,-8076.32,-807.63,7102.89
13:30,+40%,-20%,90m,100pt,10,0.0%,0.0,-8076.32,-807.63,7102.89
13:30,+30%,-20%,90m,100pt,10,0.0%,0.0,-8076.32,-807.63,7102.89
13:30,+70%,-20%,90m,100pt,10,0.0%,0.0,-8076.32,-807.63,7102.89
13:30,+30%,-20%,120m,100pt,10,0.0%,0.0,-8076.32,-807.63,7102.89
13:30,+20%,-30%,60m,100pt,10,10.0%,0.12,-8121.57,-812.16,6941.67
12:00,+20%,-30%,90m,200pt,10,20.0%,0.12,-8130.63,-813.06,6718.12
12:00,+30%,-15%,60m,0pt,10,10.0%,0.07,-8138.93,-813.89,6650.91
12:00,+50%,-15%,60m,0pt,10,10.0%,0.07,-8138.93,-813.89,6650.91
12:00,+70%,-15%,60m,0pt,10,10.0%,0.07,-8138.93,-813.89,6650.91
12:00,+40%,-15%,60m,0pt,10,10.0%,0.07,-8138.93,-813.89,6650.91
13:30,+20%,-15%,45m,0pt,10,10.0%,0.05,-8240.69,-824.07,7111.21
13:30,+30%,-15%,45m,0pt,10,10.0%,0.05,-8240.69,-824.07,7111.21
13:30,+50%,-15%,45m,0pt,10,10.0%,0.05,-8240.69,-824.07,7111.21
13:30,+40%,-15%,45m,0pt,10,10.0%,0.05,-8240.69,-824.07,7111.21
13:30,+70%,-15%,45m,0pt,10,10.0%,0.05,-8240.69,-824.07,7111.21
13:00,+40%,-25%,120m,0pt,10,20.0%,0.39,-8243.37,-824.34,8349.1
13:00,+30%,-25%,90m,100pt,10,10.0%,0.17,-8257.1,-825.71,7394.39
13:00,+30%,-25%,120m,100pt,10,10.0%,0.17,-8257.1,-825.71,7394.39
13:00,+50%,-20%,60m,0pt,10,10.0%,0.29,-8262.8,-826.28,9567.99
13:00,+70%,-20%,60m,0pt,10,10.0%,0.29,-8262.8,-826.28,9567.99
12:00,+70%,-25%,60m,0pt,10,10.0%,0.07,-8299.36,-829.94,6762.47
12:00,+30%,-20%,60m,0pt,10,10.0%,0.07,-8299.36,-829.94,6762.47
12:00,+30%,-25%,60m,0pt,10,10.0%,0.07,-8299.36,-829.94,6762.47
12:00,+30%,-30%,60m,0pt,10,10.0%,0.07,-8299.36,-829.94,6762.47
12:00,+40%,-25%,60m,0pt,10,10.0%,0.07,-8299.36,-829.94,6762.47
12:00,+40%,-20%,60m,0pt,10,10.0%,0.07,-8299.36,-829.94,6762.47
12:00,+70%,-30%,60m,0pt,10,10.0%,0.07,-8299.36,-829.94,6762.47
12:00,+50%,-25%,60m,0pt,10,10.0%,0.07,-8299.36,-829.94,6762.47
12:00,+50%,-30%,60m,0pt,10,10.0%,0.07,-8299.36,-829.94,6762.47
12:00,+70%,-20%,60m,0pt,10,10.0%,0.07,-8299.36,-829.94,6762.47
12:00,+50%,-20%,60m,0pt,10,10.0%,0.07,-8299.36,-829.94,6762.47
12:00,+40%,-30%,60m,0pt,10,10.0%,0.07,-8299.36,-829.94,6762.47
12:00,+20%,-30%,120m,200pt,10,20.0%,0.11,-8334.88,-833.49,6922.37
12:00,+30%,-20%,120m,0pt,10,20.0%,0.31,-8337.25,-833.72,6859.06
12:00,+70%,-15%,90m,100pt,10,0.0%,0.0,-8352.1,-835.21,7288.13
12:00,+50%,-15%,90m,100pt,10,0.0%,0.0,-8352.1,-835.21,7288.13
13:00,+40%,-25%,60m,0pt,10,10.0%,0.3,-8362.07,-836.21,9871.0
13:00,+40%,-30%,60m,0pt,10,10.0%,0.3,-8362.07,-836.21,9871.0
13:30,+40%,-20%,45m,0pt,10,10.0%,0.05,-8439.57,-843.96,6971.43
13:30,+50%,-20%,45m,0pt,10,10.0%,0.05,-8439.57,-843.96,6971.43
13:30,+20%,-20%,45m,0pt,10,10.0%,0.05,-8439.57,-843.96,6971.43
13:30,+30%,-20%,45m,0pt,10,10.0%,0.05,-8439.57,-843.96,6971.43
13:30,+70%,-20%,45m,0pt,10,10.0%,0.05,-8439.57,-843.96,6971.43
13:00,+20%,-15%,120m,0pt,10,10.0%,0.15,-8478.54,-847.85,7517.59
13:00,+20%,-15%,90m,0pt,10,10.0%,0.15,-8478.54,-847.85,7517.59
13:00,+30%,-30%,90m,100pt,10,10.0%,0.16,-8598.66,-859.87,7616.36
13:00,+50%,-30%,60m,0pt,10,10.0%,0.28,-8620.67,-862.07,9871.0
13:00,+70%,-25%,60m,0pt,10,10.0%,0.28,-8620.67,-862.07,9871.0
13:00,+50%,-25%,60m,0pt,10,10.0%,0.28,-8620.67,-862.07,9871.0
13:00,+70%,-30%,60m,0pt,10,10.0%,0.28,-8620.67,-862.07,9871.0
13:00,+30%,-20%,60m,0pt,10,10.0%,0.26,-8634.74,-863.47,9567.99
13:30,+50%,-30%,45m,0pt,10,10.0%,0.05,-8680.22,-868.02,7186.49
13:30,+70%,-30%,45m,0pt,10,10.0%,0.05,-8680.22,-868.02,7186.49
13:30,+30%,-25%,45m,0pt,10,10.0%,0.05,-8680.22,-868.02,7186.49
13:30,+30%,-30%,45m,0pt,10,10.0%,0.05,-8680.22,-868.02,7186.49
13:30,+70%,-25%,45m,0pt,10,10.0%,0.05,-8680.22,-868.02,7186.49
13:30,+20%,-30%,45m,0pt,10,10.0%,0.05,-8680.22,-868.02,7186.49
13:30,+40%,-25%,45m,0pt,10,10.0%,0.05,-8680.22,-868.02,7186.49
13:30,+40%,-30%,45m,0pt,10,10.0%,0.05,-8680.22,-868.02,7186.49
13:30,+50%,-25%,45m,0pt,10,10.0%,0.05,-8680.22,-868.02,7186.49
13:30,+20%,-25%,45m,0pt,10,10.0%,0.05,-8680.22,-868.02,7186.49
11:00,+20%,-15%,90m,100pt,10,10.0%,0.09,-8710.37,-871.04,7440.68
11:00,+20%,-15%,120m,100pt,10,10.0%,0.09,-8710.37,-871.04,7440.68
12:00,+20%,-30%,120m,100pt,10,30.0%,0.27,-8742.29,-874.23,6832.14
10:00,+20%,-25%,120m,0pt,10,20.0%,0.22,-8748.88,-874.89,7251.02
10:00,+20%,-20%,120m,0pt,10,20.0%,0.22,-8748.88,-874.89,7251.02
10:00,+20%,-30%,120m,0pt,10,20.0%,0.22,-8748.88,-874.89,7251.02
13:30,+20%,-30%,120m,100pt,10,10.0%,0.11,-8754.05,-875.4,7574.15
13:30,+20%,-30%,90m,100pt,10,10.0%,0.11,-8754.05,-875.4,7574.15
13:00,+30%,-30%,60m,100pt,10,10.0%,0.16,-8767.88,-876.79,8401.42
12:00,+50%,-15%,120m,100pt,10,0.0%,0.0,-8779.58,-877.96,7715.6
12:00,+70%,-15%,120m,100pt,10,0.0%,0.0,-8779.58,-877.96,7715.6
12:00,+70%,-25%,90m,200pt,10,0.0%,0.0,-8844.18,-884.42,7651.35
13:00,+30%,-25%,120m,0pt,10,20.0%,0.34,-8873.91,-887.39,8349.1
13:00,+30%,-30%,60m,0pt,10,10.0%,0.25,-8992.61,-899.26,9871.0
13:00,+30%,-25%,60m,0pt,10,10.0%,0.25,-8992.61,-899.26,9871.0
12:00,+30%,-30%,90m,100pt,10,20.0%,0.26,-9001.68,-900.17,7253.51
12:00,+40%,-30%,90m,100pt,10,20.0%,0.26,-9001.68,-900.17,7253.51
12:00,+30%,-15%,90m,0pt,10,10.0%,0.17,-9078.08,-907.81,7590.06
13:00,+50%,-25%,90m,0pt,10,10.0%,0.3,-9118.73,-911.87,10405.09
13:00,+70%,-30%,90m,0pt,10,10.0%,0.37,-9145.46,-914.55,11360.32
13:30,+40%,-25%,60m,100pt,10,0.0%,0.0,-9159.61,-915.96,7987.15
13:30,+50%,-25%,60m,100pt,10,0.0%,0.0,-9159.61,-915.96,7987.15
13:30,+30%,-25%,60m,100pt,10,0.0%,0.0,-9159.61,-915.96,7987.15
13:30,+70%,-25%,60m,100pt,10,0.0%,0.0,-9159.61,-915.96,7987.15
12:00,+70%,-25%,120m,200pt,10,0.0%,0.0,-9182.03,-918.2,7989.19
12:00,+20%,-20%,90m,0pt,10,20.0%,0.27,-9210.29,-921.03,7393.58
11:00,+30%,-25%,90m,200pt,10,10.0%,0.09,-9210.54,-921.05,7744.94
13:00,+20%,-20%,90m,0pt,10,10.0%,0.14,-9222.05,-922.2,8431.35
12:00,+20%,-25%,120m,0pt,10,30.0%,0.38,-9306.24,-930.62,7266.69
13:00,+70%,-30%,120m,0pt,10,20.0%,0.43,-9323.97,-932.4,10329.27
12:00,+20%,-25%,90m,100pt,10,20.0%,0.16,-9406.51,-940.65,7699.97
13:00,+40%,-25%,90m,0pt,10,10.0%,0.28,-9440.73,-944.07,10405.09
13:30,+30%,-25%,90m,100pt,10,0.0%,0.0,-9491.81,-949.18,8319.36
13:30,+30%,-25%,120m,100pt,10,0.0%,0.0,-9491.81,-949.18,8319.36
13:30,+40%,-25%,120m,100pt,10,0.0%,0.0,-9491.81,-949.18,8319.36
13:30,+40%,-25%,90m,100pt,10,0.0%,0.0,-9491.81,-949.18,8319.36
13:30,+50%,-25%,120m,100pt,10,0.0%,0.0,-9491.81,-949.18,8319.36
13:30,+50%,-25%,90m,100pt,10,0.0%,0.0,-9491.81,-949.18,8319.36
13:30,+70%,-25%,90m,100pt,10,0.0%,0.0,-9491.81,-949.18,8319.36
13:30,+70%,-25%,120m,100pt,10,0.0%,0.0,-9491.81,-949.18,8319.36
11:00,+30%,-25%,120m,200pt,10,10.0%,0.09,-9510.0,-951.0,8044.41
11:00,+40%,-20%,120m,200pt,10,0.0%,0.0,-9555.98,-955.6,8337.13
11:00,+70%,-20%,90m,200pt,10,0.0%,0.0,-9555.98,-955.6,8337.13
11:00,+70%,-20%,120m,200pt,10,0.0%,0.0,-9555.98,-955.6,8337.13
11:00,+50%,-20%,90m,200pt,10,0.0%,0.0,-9555.98,-955.6,8337.13
11:00,+50%,-20%,120m,200pt,10,0.0%,0.0,-9555.98,-955.6,8337.13
11:00,+40%,-20%,90m,200pt,10,0.0%,0.0,-9555.98,-955.6,8337.13
13:30,+20%,-15%,60m,0pt,10,0.0%,0.0,-9590.6,-959.06,8461.12
13:30,+50%,-15%,60m,0pt,10,0.0%,0.0,-9590.6,-959.06,8461.12
13:30,+70%,-15%,60m,0pt,10,0.0%,0.0,-9590.6,-959.06,8461.12
13:30,+40%,-15%,60m,0pt,10,0.0%,0.0,-9590.6,-959.06,8461.12
13:30,+30%,-15%,60m,0pt,10,0.0%,0.0,-9590.6,-959.06,8461.12
12:00,+20%,-25%,90m,0pt,10,20.0%,0.26,-9867.93,-986.79,8051.23
12:00,+20%,-30%,90m,0pt,10,20.0%,0.26,-9867.93,-986.79,8051.23
10:00,+70%,-15%,120m,0pt,10,10.0%,0.08,-9889.23,-988.92,8079.73
10:00,+40%,-15%,120m,0pt,10,10.0%,0.08,-9889.23,-988.92,8079.73
10:00,+50%,-15%,120m,0pt,10,10.0%,0.08,-9889.23,-988.92,8079.73
10:00,+70%,-20%,120m,100pt,10,10.0%,0.08,-9956.7,-995.67,8039.24
13:30,+70%,-15%,120m,0pt,10,0.0%,0.0,-9957.62,-995.76,8828.14
13:30,+70%,-15%,90m,0pt,10,0.0%,0.0,-9957.62,-995.76,8828.14
13:30,+30%,-15%,90m,0pt,10,0.0%,0.0,-9957.62,-995.76,8828.14
13:30,+30%,-15%,120m,0pt,10,0.0%,0.0,-9957.62,-995.76,8828.14
13:30,+20%,-15%,120m,0pt,10,0.0%,0.0,-9957.62,-995.76,8828.14
13:30,+20%,-15%,90m,0pt,10,0.0%,0.0,-9957.62,-995.76,8828.14
13:30,+40%,-15%,90m,0pt,10,0.0%,0.0,-9957.62,-995.76,8828.14
13:30,+50%,-15%,120m,0pt,10,0.0%,0.0,-9957.62,-995.76,8828.14
13:30,+50%,-15%,90m,0pt,10,0.0%,0.0,-9957.62,-995.76,8828.14
13:30,+40%,-15%,120m,0pt,10,0.0%,0.0,-9957.62,-995.76,8828.14
12:00,+30%,-15%,120m,0pt,10,10.0%,0.16,-9965.25,-996.52,8477.23
13:30,+40%,-30%,60m,100pt,10,0.0%,0.0,-10054.03,-1005.4,8663.12
13:30,+70%,-30%,60m,100pt,10,0.0%,0.0,-10054.03,-1005.4,8663.12
13:30,+50%,-30%,60m,100pt,10,0.0%,0.0,-10054.03,-1005.4,8663.12
13:30,+30%,-30%,60m,100pt,10,0.0%,0.0,-10054.03,-1005.4,8663.12
13:00,+30%,-25%,90m,0pt,10,10.0%,0.23,-10071.27,-1007.13,10405.09
13:00,+20%,-20%,60m,0pt,10,10.0%,0.13,-10118.56,-1011.86,9567.99
11:00,+30%,-30%,90m,200pt,10,10.0%,0.09,-10146.43,-1014.64,8684.06
12:00,+70%,-30%,90m,200pt,10,0.0%,0.0,-10205.13,-1020.51,8792.63
13:00,+20%,-25%,120m,0pt,10,20.0%,0.24,-10342.34,-1034.23,8333.71
11:00,+70%,-15%,90m,100pt,10,0.0%,0.0,-10409.46,-1040.95,9139.78
11:00,+70%,-15%,120m,100pt,10,0.0%,0.0,-10409.46,-1040.95,9139.78
11:00,+40%,-15%,120m,100pt,10,0.0%,0.0,-10409.46,-1040.95,9139.78
11:00,+30%,-15%,120m,100pt,10,0.0%,0.0,-10409.46,-1040.95,9139.78
11:00,+30%,-15%,90m,100pt,10,0.0%,0.0,-10409.46,-1040.95,9139.78
11:00,+50%,-15%,120m,100pt,10,0.0%,0.0,-10409.46,-1040.95,9139.78
11:00,+40%,-15%,90m,100pt,10,0.0%,0.0,-10409.46,-1040.95,9139.78
11:00,+50%,-15%,90m,100pt,10,0.0%,0.0,-10409.46,-1040.95,9139.78
12:00,+20%,-30%,90m,100pt,10,20.0%,0.14,-10451.43,-1045.14,8703.26
12:00,+20%,-30%,120m,0pt,10,30.0%,0.35,-10469.32,-1046.93,7527.77
13:00,+20%,-25%,60m,0pt,10,10.0%,0.13,-10476.43,-1047.64,9871.0
13:00,+20%,-30%,60m,0pt,10,10.0%,0.13,-10476.43,-1047.64,9871.0
11:00,+30%,-30%,120m,200pt,10,10.0%,0.08,-10487.1,-1048.71,8698.96
13:00,+50%,-30%,90m,0pt,10,10.0%,0.27,-10569.15,-1056.92,11360.32
12:00,+50%,-25%,120m,100pt,10,10.0%,0.14,-10616.74,-1061.67,9622.78
12:00,+70%,-25%,120m,100pt,10,10.0%,0.14,-10616.74,-1061.67,9622.78
13:00,+50%,-30%,120m,0pt,10,20.0%,0.34,-10747.65,-1074.76,10329.27
11:00,+50%,-25%,90m,200pt,10,0.0%,0.0,-10837.16,-1083.72,9371.56
11:00,+40%,-25%,90m,200pt,10,0.0%,0.0,-10837.16,-1083.72,9371.56
11:00,+70%,-25%,90m,200pt,10,0.0%,0.0,-10837.16,-1083.72,9371.56
12:00,+70%,-20%,90m,100pt,10,0.0%,0.0,-10860.78,-1086.08,9456.7
12:00,+50%,-20%,90m,100pt,10,0.0%,0.0,-10860.78,-1086.08,9456.7
10:00,+70%,-25%,120m,100pt,10,10.0%,0.07,-10873.84,-1087.38,8584.78
12:00,+70%,-30%,120m,200pt,10,0.0%,0.0,-10877.98,-1087.8,9465.47
13:00,+40%,-30%,90m,0pt,10,10.0%,0.25,-10891.16,-1089.12,11360.32
11:00,+20%,-20%,90m,100pt,10,10.0%,0.07,-10966.3,-1096.63,9336.87
10:00,+70%,-30%,120m,100pt,10,10.0%,0.07,-10974.43,-1097.44,8741.99
13:00,+40%,-30%,120m,0pt,10,20.0%,0.32,-11069.66,-1106.97,10329.27
12:00,+30%,-20%,90m,0pt,10,10.0%,0.14,-11100.45,-1110.04,9283.75
12:00,+30%,-25%,120m,0pt,10,20.0%,0.25,-11326.32,-1132.63,9028.17
10:00,+50%,-25%,120m,0pt,10,10.0%,0.07,-11360.55,-1136.05,9070.13
10:00,+50%,-30%,120m,0pt,10,10.0%,0.07,-11360.55,-1136.05,9070.13
10:00,+70%,-25%,120m,0pt,10,10.0%,0.07,-11360.55,-1136.05,9070.13
10:00,+40%,-20%,120m,0pt,10,10.0%,0.07,-11360.55,-1136.05,9070.13
10:00,+70%,-20%,120m,0pt,10,10.0%,0.07,-11360.55,-1136.05,9070.13
10:00,+40%,-30%,120m,0pt,10,10.0%,0.07,-11360.55,-1136.05,9070.13
10:00,+50%,-20%,120m,0pt,10,10.0%,0.07,-11360.55,-1136.05,9070.13
10:00,+70%,-30%,120m,0pt,10,10.0%,0.07,-11360.55,-1136.05,9070.13
10:00,+40%,-25%,120m,0pt,10,10.0%,0.07,-11360.55,-1136.05,9070.13
11:00,+40%,-25%,120m,200pt,10,0.0%,0.0,-11434.15,-1143.42,9968.55
11:00,+70%,-25%,120m,200pt,10,0.0%,0.0,-11434.15,-1143.42,9968.55
11:00,+50%,-25%,120m,200pt,10,0.0%,0.0,-11434.15,-1143.42,9968.55
11:00,+20%,-20%,120m,100pt,10,10.0%,0.07,-11449.42,-1144.94,9819.99
12:00,+50%,-20%,120m,100pt,10,0.0%,0.0,-11460.74,-1146.07,10056.66
12:00,+70%,-20%,120m,100pt,10,0.0%,0.0,-11460.74,-1146.07,10056.66
13:30,+40%,-30%,120m,100pt,10,0.0%,0.0,-11486.11,-1148.61,10095.2
13:30,+70%,-30%,120m,100pt,10,0.0%,0.0,-11486.11,-1148.61,10095.2
13:30,+50%,-30%,90m,100pt,10,0.0%,0.0,-11486.11,-1148.61,10095.2
13:30,+50%,-30%,120m,100pt,10,0.0%,0.0,-11486.11,-1148.61,10095.2
13:30,+40%,-30%,90m,100pt,10,0.0%,0.0,-11486.11,-1148.61,10095.2
13:30,+70%,-30%,90m,100pt,10,0.0%,0.0,-11486.11,-1148.61,10095.2
13:30,+30%,-30%,120m,100pt,10,0.0%,0.0,-11486.11,-1148.61,10095.2
13:30,+30%,-30%,90m,100pt,10,0.0%,0.0,-11486.11,-1148.61,10095.2
13:30,+40%,-20%,60m,0pt,10,0.0%,0.0,-11500.61,-1150.06,10032.47
13:30,+50%,-20%,60m,0pt,10,0.0%,0.0,-11500.61,-1150.06,10032.47
13:30,+20%,-20%,60m,0pt,10,0.0%,0.0,-11500.61,-1150.06,10032.47
13:30,+70%,-20%,60m,0pt,10,0.0%,0.0,-11500.61,-1150.06,10032.47
13:30,+30%,-20%,60m,0pt,10,0.0%,0.0,-11500.61,-1150.06,10032.47
13:00,+30%,-30%,90m,0pt,10,10.0%,0.21,-11521.69,-1152.17,11360.32
13:00,+20%,-25%,90m,0pt,10,10.0%,0.12,-11555.09,-1155.51,10405.09
12:00,+40%,-20%,120m,0pt,10,10.0%,0.14,-11600.12,-1160.01,10121.92
12:00,+70%,-20%,120m,0pt,10,10.0%,0.14,-11600.12,-1160.01,10121.92
12:00,+50%,-20%,120m,0pt,10,10.0%,0.14,-11600.12,-1160.01,10121.92
12:00,+50%,-30%,120m,100pt,10,10.0%,0.13,-11633.97,-1163.4,10068.57
12:00,+70%,-30%,120m,100pt,10,10.0%,0.13,-11633.97,-1163.4,10068.57
13:00,+30%,-30%,120m,0pt,10,20.0%,0.28,-11700.2,-1170.02,10329.27
12:00,+50%,-15%,90m,0pt,10,0.0%,0.0,-11703.88,-1170.39,10215.86
12:00,+70%,-15%,90m,0pt,10,0.0%,0.0,-11703.88,-1170.39,10215.86
12:00,+40%,-15%,90m,0pt,10,0.0%,0.0,-11703.88,-1170.39,10215.86
12:00,+30%,-25%,90m,0pt,10,10.0%,0.14,-11758.1,-1175.81,9941.39
12:00,+30%,-30%,90m,0pt,10,10.0%,0.14,-11758.1,-1175.81,9941.39
11:00,+40%,-30%,90m,200pt,10,0.0%,0.0,-11773.04,-1177.3,10310.68
11:00,+70%,-30%,90m,200pt,10,0.0%,0.0,-11773.04,-1177.3,10310.68
11:00,+50%,-30%,90m,200pt,10,0.0%,0.0,-11773.04,-1177.3,10310.68
11:00,+20%,-25%,90m,100pt,10,10.0%,0.07,-12049.25,-1204.92,10454.11
11:00,+20%,-30%,90m,100pt,10,10.0%,0.07,-12115.26,-1211.53,10520.11
12:00,+50%,-25%,90m,100pt,10,0.0%,0.0,-12155.52,-1215.55,10448.98
12:00,+70%,-25%,90m,100pt,10,0.0%,0.0,-12155.52,-1215.55,10448.98
11:00,+50%,-30%,120m,200pt,10,0.0%,0.0,-12411.24,-1241.12,10623.1
11:00,+70%,-30%,120m,200pt,10,0.0%,0.0,-12411.24,-1241.12,10623.1
11:00,+40%,-30%,120m,200pt,10,0.0%,0.0,-12411.24,-1241.12,10623.1
12:00,+30%,-30%,120m,0pt,10,20.0%,0.23,-12489.41,-1248.94,9445.9
11:00,+30%,-20%,90m,100pt,10,0.0%,0.0,-12608.51,-1260.85,10979.08
11:00,+40%,-20%,90m,100pt,10,0.0%,0.0,-12608.51,-1260.85,10979.08
11:00,+70%,-20%,90m,100pt,10,0.0%,0.0,-12608.51,-1260.85,10979.08
11:00,+50%,-20%,90m,100pt,10,0.0%,0.0,-12608.51,-1260.85,10979.08
12:00,+70%,-15%,120m,0pt,10,0.0%,0.0,-12891.67,-1289.17,11403.65
12:00,+50%,-15%,120m,0pt,10,0.0%,0.0,-12891.67,-1289.17,11403.65
12:00,+40%,-15%,120m,0pt,10,0.0%,0.0,-12891.67,-1289.17,11403.65
13:00,+20%,-30%,90m,0pt,10,10.0%,0.11,-13005.52,-1300.55,11360.32
13:30,+70%,-30%,120m,0pt,10,10.0%,0.25,-13066.8,-1306.68,10879.82
13:30,+30%,-25%,60m,0pt,10,0.0%,0.0,-13149.07,-1314.91,11370.75
13:30,+20%,-25%,60m,0pt,10,0.0%,0.0,-13149.07,-1314.91,11370.75
13:30,+70%,-25%,60m,0pt,10,0.0%,0.0,-13149.07,-1314.91,11370.75
13:30,+50%,-25%,60m,0pt,10,0.0%,0.0,-13149.07,-1314.91,11370.75
13:30,+40%,-25%,60m,0pt,10,0.0%,0.0,-13149.07,-1314.91,11370.75
13:00,+20%,-30%,120m,0pt,10,20.0%,0.2,-13168.63,-1316.86,10656.74
12:00,+70%,-30%,90m,100pt,10,0.0%,0.0,-13200.44,-1320.04,11452.27
12:00,+50%,-30%,90m,100pt,10,0.0%,0.0,-13200.44,-1320.04,11452.27
11:00,+20%,-25%,120m,100pt,10,10.0%,0.06,-13234.55,-1323.46,11188.41
11:00,+20%,-15%,90m,0pt,10,0.0%,0.0,-13328.04,-1332.8,11679.23
11:00,+50%,-15%,90m,0pt,10,0.0%,0.0,-13328.04,-1332.8,11679.23
11:00,+30%,-15%,90m,0pt,10,0.0%,0.0,-13328.04,-1332.8,11679.23
11:00,+40%,-15%,90m,0pt,10,0.0%,0.0,-13328.04,-1332.8,11679.23
11:00,+70%,-15%,90m,0pt,10,0.0%,0.0,-13328.04,-1332.8,11679.23
11:00,+30%,-20%,120m,100pt,10,0.0%,0.0,-13469.72,-1346.97,11840.29
11:00,+40%,-20%,120m,100pt,10,0.0%,0.0,-13469.72,-1346.97,11840.29
11:00,+70%,-20%,120m,100pt,10,0.0%,0.0,-13469.72,-1346.97,11840.29
11:00,+50%,-20%,120m,100pt,10,0.0%,0.0,-13469.72,-1346.97,11840.29
13:30,+40%,-20%,90m,0pt,10,0.0%,0.0,-13565.64,-1356.56,12097.5
13:30,+40%,-20%,120m,0pt,10,0.0%,0.0,-13565.64,-1356.56,12097.5
13:30,+70%,-20%,120m,0pt,10,0.0%,0.0,-13565.64,-1356.56,12097.5
13:30,+50%,-20%,120m,0pt,10,0.0%,0.0,-13565.64,-1356.56,12097.5
13:30,+50%,-20%,90m,0pt,10,0.0%,0.0,-13565.64,-1356.56,12097.5
13:30,+70%,-20%,90m,0pt,10,0.0%,0.0,-13565.64,-1356.56,12097.5
13:30,+20%,-20%,90m,0pt,10,0.0%,0.0,-13565.64,-1356.56,12097.5
13:30,+20%,-20%,120m,0pt,10,0.0%,0.0,-13565.64,-1356.56,12097.5
13:30,+30%,-20%,120m,0pt,10,0.0%,0.0,-13565.64,-1356.56,12097.5
13:30,+30%,-20%,90m,0pt,10,0.0%,0.0,-13565.64,-1356.56,12097.5
11:00,+40%,-25%,90m,100pt,10,0.0%,0.0,-13691.47,-1369.15,12096.32
11:00,+50%,-25%,90m,100pt,10,0.0%,0.0,-13691.47,-1369.15,12096.32
11:00,+70%,-25%,90m,100pt,10,0.0%,0.0,-13691.47,-1369.15,12096.32
11:00,+30%,-25%,90m,100pt,10,0.0%,0.0,-13691.47,-1369.15,12096.32
12:00,+70%,-20%,90m,0pt,10,0.0%,0.0,-13726.25,-1372.62,11909.55
12:00,+40%,-20%,90m,0pt,10,0.0%,0.0,-13726.25,-1372.62,11909.55
12:00,+50%,-20%,90m,0pt,10,0.0%,0.0,-13726.25,-1372.62,11909.55
11:00,+50%,-30%,90m,100pt,10,0.0%,0.0,-13757.48,-1375.75,12162.33
11:00,+70%,-30%,90m,100pt,10,0.0%,0.0,-13757.48,-1375.75,12162.33
11:00,+30%,-30%,90m,100pt,10,0.0%,0.0,-13757.48,-1375.75,12162.33
11:00,+40%,-30%,90m,100pt,10,0.0%,0.0,-13757.48,-1375.75,12162.33
13:30,+50%,-30%,60m,0pt,10,0.0%,0.0,-13786.61,-1378.66,12008.29
13:30,+30%,-30%,60m,0pt,10,0.0%,0.0,-13786.61,-1378.66,12008.29
13:30,+70%,-30%,60m,0pt,10,0.0%,0.0,-13786.61,-1378.66,12008.29
13:30,+20%,-30%,60m,0pt,10,0.0%,0.0,-13786.61,-1378.66,12008.29
13:30,+40%,-30%,60m,0pt,10,0.0%,0.0,-13786.61,-1378.66,12008.29
12:00,+70%,-25%,120m,0pt,10,10.0%,0.12,-14173.78,-1417.38,11875.63
12:00,+40%,-25%,120m,0pt,10,10.0%,0.12,-14173.78,-1417.38,11875.63
12:00,+50%,-25%,120m,0pt,10,10.0%,0.12,-14173.78,-1417.38,11875.63
11:00,+50%,-30%,90m,0pt,10,0.0%,0.0,-14345.37,-1434.54,12703.27
11:00,+70%,-20%,90m,0pt,10,0.0%,0.0,-14345.37,-1434.54,12703.27
11:00,+70%,-25%,90m,0pt,10,0.0%,0.0,-14345.37,-1434.54,12703.27
11:00,+20%,-20%,90m,0pt,10,0.0%,0.0,-14345.37,-1434.54,12703.27
11:00,+50%,-25%,90m,0pt,10,0.0%,0.0,-14345.37,-1434.54,12703.27
11:00,+20%,-30%,90m,0pt,10,0.0%,0.0,-14345.37,-1434.54,12703.27
11:00,+70%,-30%,90m,0pt,10,0.0%,0.0,-14345.37,-1434.54,12703.27
11:00,+20%,-25%,90m,0pt,10,0.0%,0.0,-14345.37,-1434.54,12703.27
11:00,+40%,-20%,90m,0pt,10,0.0%,0.0,-14345.37,-1434.54,12703.27
11:00,+50%,-20%,90m,0pt,10,0.0%,0.0,-14345.37,-1434.54,12703.27
11:00,+30%,-25%,90m,0pt,10,0.0%,0.0,-14345.37,-1434.54,12703.27
11:00,+30%,-20%,90m,0pt,10,0.0%,0.0,-14345.37,-1434.54,12703.27
11:00,+40%,-30%,90m,0pt,10,0.0%,0.0,-14345.37,-1434.54,12703.27
11:00,+30%,-30%,90m,0pt,10,0.0%,0.0,-14345.37,-1434.54,12703.27
11:00,+40%,-25%,90m,0pt,10,0.0%,0.0,-14345.37,-1434.54,12703.27
11:00,+70%,-15%,120m,0pt,10,0.0%,0.0,-14354.55,-1435.46,12705.74
11:00,+50%,-15%,120m,0pt,10,0.0%,0.0,-14354.55,-1435.46,12705.74
11:00,+30%,-15%,120m,0pt,10,0.0%,0.0,-14354.55,-1435.46,12705.74
11:00,+20%,-15%,120m,0pt,10,0.0%,0.0,-14354.55,-1435.46,12705.74
11:00,+40%,-15%,120m,0pt,10,0.0%,0.0,-14354.55,-1435.46,12705.74
12:00,+40%,-25%,90m,0pt,10,0.0%,0.0,-14383.9,-1438.39,12567.19
12:00,+70%,-30%,90m,0pt,10,0.0%,0.0,-14383.9,-1438.39,12567.19
12:00,+50%,-25%,90m,0pt,10,0.0%,0.0,-14383.9,-1438.39,12567.19
12:00,+50%,-30%,90m,0pt,10,0.0%,0.0,-14383.9,-1438.39,12567.19
12:00,+70%,-25%,90m,0pt,10,0.0%,0.0,-14383.9,-1438.39,12567.19
12:00,+40%,-30%,90m,0pt,10,0.0%,0.0,-14383.9,-1438.39,12567.19
13:30,+50%,-30%,120m,0pt,10,10.0%,0.15,-14928.06,-1492.81,12741.08
13:30,+40%,-30%,90m,0pt,10,10.0%,0.12,-15135.24,-1513.52,12948.26
13:30,+30%,-30%,90m,0pt,10,10.0%,0.12,-15135.24,-1513.52,12948.26
13:30,+70%,-30%,90m,0pt,10,10.0%,0.11,-15314.81,-1531.48,13127.84
13:30,+50%,-30%,90m,0pt,10,10.0%,0.11,-15314.81,-1531.48,13127.84
12:00,+40%,-30%,120m,0pt,10,10.0%,0.11,-15336.87,-1533.69,12293.37
12:00,+50%,-30%,120m,0pt,10,10.0%,0.11,-15336.87,-1533.69,12293.37
12:00,+70%,-30%,120m,0pt,10,10.0%,0.11,-15336.87,-1533.69,12293.37
11:00,+20%,-30%,120m,100pt,10,10.0%,0.05,-15347.16,-1534.72,12981.07
11:00,+70%,-25%,120m,100pt,10,0.0%,0.0,-15356.7,-1535.67,13310.57
11:00,+40%,-25%,120m,100pt,10,0.0%,0.0,-15356.7,-1535.67,13310.57
11:00,+30%,-25%,120m,100pt,10,0.0%,0.0,-15356.7,-1535.67,13310.57
11:00,+50%,-25%,120m,100pt,10,0.0%,0.0,-15356.7,-1535.67,13310.57
13:30,+30%,-30%,120m,0pt,10,10.0%,0.12,-15498.1,-1549.81,13311.12
13:30,+40%,-30%,120m,0pt,10,10.0%,0.12,-15498.1,-1549.81,13311.12
13:30,+20%,-30%,90m,0pt,10,10.0%,0.07,-16032.02,-1603.2,13845.04
13:30,+50%,-25%,120m,0pt,10,0.0%,0.0,-16047.89,-1604.79,14228.25
13:30,+50%,-25%,90m,0pt,10,0.0%,0.0,-16047.89,-1604.79,14228.25
13:30,+70%,-25%,90m,0pt,10,0.0%,0.0,-16047.89,-1604.79,14228.25
13:30,+40%,-25%,120m,0pt,10,0.0%,0.0,-16047.89,-1604.79,14228.25
13:30,+40%,-25%,90m,0pt,10,0.0%,0.0,-16047.89,-1604.79,14228.25
13:30,+70%,-25%,120m,0pt,10,0.0%,0.0,-16047.89,-1604.79,14228.25
13:30,+20%,-25%,120m,0pt,10,0.0%,0.0,-16047.89,-1604.79,14228.25
13:30,+30%,-25%,90m,0pt,10,0.0%,0.0,-16047.89,-1604.79,14228.25
13:30,+30%,-25%,120m,0pt,10,0.0%,0.0,-16047.89,-1604.79,14228.25
13:30,+20%,-25%,90m,0pt,10,0.0%,0.0,-16047.89,-1604.79,14228.25
13:30,+20%,-30%,120m,0pt,10,10.0%,0.06,-16394.88,-1639.49,14207.9
11:00,+40%,-20%,120m,0pt,10,0.0%,0.0,-17227.24,-1722.72,15035.29
11:00,+70%,-20%,120m,0pt,10,0.0%,0.0,-17227.24,-1722.72,15035.29
11:00,+20%,-20%,120m,0pt,10,0.0%,0.0,-17227.24,-1722.72,15035.29
11:00,+30%,-20%,120m,0pt,10,0.0%,0.0,-17227.24,-1722.72,15035.29
11:00,+50%,-20%,120m,0pt,10,0.0%,0.0,-17227.24,-1722.72,15035.29
11:00,+30%,-30%,120m,100pt,10,0.0%,0.0,-17745.87,-1774.59,15379.78
11:00,+40%,-30%,120m,100pt,10,0.0%,0.0,-17745.87,-1774.59,15379.78
11:00,+70%,-30%,120m,100pt,10,0.0%,0.0,-17745.87,-1774.59,15379.78
11:00,+50%,-30%,120m,100pt,10,0.0%,0.0,-17745.87,-1774.59,15379.78
11:00,+70%,-25%,120m,0pt,10,0.0%,0.0,-19388.1,-1938.81,16943.23
11:00,+20%,-25%,120m,0pt,10,0.0%,0.0,-19388.1,-1938.81,16943.23
11:00,+40%,-25%,120m,0pt,10,0.0%,0.0,-19388.1,-1938.81,16943.23
11:00,+30%,-25%,120m,0pt,10,0.0%,0.0,-19388.1,-1938.81,16943.23
11:00,+50%,-25%,120m,0pt,10,0.0%,0.0,-19388.1,-1938.81,16943.23
11:00,+50%,-30%,120m,0pt,10,0.0%,0.0,-19450.07,-1945.01,17005.2
11:00,+70%,-30%,120m,0pt,10,0.0%,0.0,-19450.07,-1945.01,17005.2
11:00,+20%,-30%,120m,0pt,10,0.0%,0.0,-19450.07,-1945.01,17005.2
11:00,+30%,-30%,120m,0pt,10,0.0%,0.0,-19450.07,-1945.01,17005.2
11:00,+40%,-30%,120m,0pt,10,0.0%,0.0,-19450.07,-1945.01,17005.2
