entry,tp,sl,hold,otm,trades,wr,pf,pnl,avg_trade,max_dd
13:00,+70%,-10%,120m,400pt,10,0.0%,0.0,-1478.0,-147.8,1287.5
13:00,+70%,-10%,90m,400pt,10,0.0%,0.0,-1478.0,-147.8,1287.5
13:00,+70%,-10%,60m,400pt,10,0.0%,0.0,-1478.0,-147.8,1287.5
13:00,+70%,-10%,45m,400pt,10,0.0%,0.0,-1478.0,-147.8,1287.5
13:00,+70%,-10%,30m,400pt,10,0.0%,0.0,-1478.0,-147.8,1287.5
13:00,+50%,-10%,45m,400pt,10,0.0%,0.0,-1478.0,-147.8,1287.5
13:00,+50%,-10%,60m,400pt,10,0.0%,0.0,-1478.0,-147.8,1287.5
13:00,+50%,-10%,90m,400pt,10,0.0%,0.0,-1478.0,-147.8,1287.5
13:00,+50%,-10%,120m,400pt,10,0.0%,0.0,-1478.0,-147.8,1287.5
13:00,+50%,-10%,30m,400pt,10,0.0%,0.0,-1478.0,-147.8,1287.5
13:00,+15%,-10%,60m,400pt,10,0.0%,0.0,-1478.0,-147.8,1287.5
13:00,+15%,-10%,45m,400pt,10,0.0%,0.0,-1478.0,-147.8,1287.5
13:00,+15%,-10%,30m,400pt,10,0.0%,0.0,-1478.0,-147.8,1287.5
13:00,+35%,-10%,90m,400pt,10,0.0%,0.0,-1478.0,-147.8,1287.5
13:00,+25%,-10%,90m,400pt,10,0.0%,0.0,-1478.0,-147.8,1287.5
13:00,+25%,-10%,45m,400pt,10,0.0%,0.0,-1478.0,-147.8,1287.5
13:00,+25%,-10%,120m,400pt,10,0.0%,0.0,-1478.0,-147.8,1287.5
13:00,+25%,-10%,30m,400pt,10,0.0%,0.0,-1478.0,-147.8,1287.5
13:00,+25%,-10%,60m,400pt,10,0.0%,0.0,-1478.0,-147.8,1287.5
13:00,+35%,-10%,120m,400pt,10,0.0%,0.0,-1478.0,-147.8,1287.5
13:00,+35%,-10%,30m,400pt,10,0.0%,0.0,-1478.0,-147.8,1287.5
13:00,+15%,-10%,90m,400pt,10,0.0%,0.0,-1478.0,-147.8,1287.5
13:00,+35%,-10%,60m,400pt,10,0.0%,0.0,-1478.0,-147.8,1287.5
13:00,+35%,-10%,45m,400pt,10,0.0%,0.0,-1478.0,-147.8,1287.5
13:00,+15%,-10%,120m,400pt,10,0.0%,0.0,-1478.0,-147.8,1287.5
13:00,+50%,-15%,90m,400pt,10,0.0%,0.0,-1769.8,-177.0,1533.5
13:00,+50%,-15%,120m,400pt,10,0.0%,0.0,-1769.8,-177.0,1533.5
13:00,+50%,-15%,60m,400pt,10,0.0%,0.0,-1769.8,-177.0,1533.5
13:00,+50%,-15%,45m,400pt,10,0.0%,0.0,-1769.8,-177.0,1533.5
13:00,+15%,-15%,45m,400pt,10,0.0%,0.0,-1769.8,-177.0,1533.5
13:00,+35%,-15%,30m,400pt,10,0.0%,0.0,-1769.8,-177.0,1533.5
13:00,+15%,-15%,120m,400pt,10,0.0%,0.0,-1769.8,-177.0,1533.5
13:00,+15%,-15%,60m,400pt,10,0.0%,0.0,-1769.8,-177.0,1533.5
13:00,+15%,-15%,90m,400pt,10,0.0%,0.0,-1769.8,-177.0,1533.5
13:00,+25%,-15%,30m,400pt,10,0.0%,0.0,-1769.8,-177.0,1533.5
13:00,+25%,-15%,45m,400pt,10,0.0%,0.0,-1769.8,-177.0,1533.5
13:00,+25%,-15%,60m,400pt,10,0.0%,0.0,-1769.8,-177.0,1533.5
13:00,+70%,-15%,45m,400pt,10,0.0%,0.0,-1769.8,-177.0,1533.5
13:00,+70%,-15%,120m,400pt,10,0.0%,0.0,-1769.8,-177.0,1533.5
13:00,+70%,-15%,90m,400pt,10,0.0%,0.0,-1769.8,-177.0,1533.5
13:00,+70%,-15%,60m,400pt,10,0.0%,0.0,-1769.8,-177.0,1533.5
13:00,+35%,-15%,60m,400pt,10,0.0%,0.0,-1769.8,-177.0,1533.5
13:00,+35%,-15%,45m,400pt,10,0.0%,0.0,-1769.8,-177.0,1533.5
13:00,+25%,-15%,120m,400pt,10,0.0%,0.0,-1769.8,-177.0,1533.5
13:00,+35%,-15%,90m,400pt,10,0.0%,0.0,-1769.8,-177.0,1533.5
13:00,+15%,-15%,30m,400pt,10,0.0%,0.0,-1769.8,-177.0,1533.5
13:00,+50%,-15%,30m,400pt,10,0.0%,0.0,-1769.8,-177.0,1533.5
13:00,+35%,-15%,120m,400pt,10,0.0%,0.0,-1769.8,-177.0,1533.5
13:00,+25%,-15%,90m,400pt,10,0.0%,0.0,-1769.8,-177.0,1533.5
13:00,+70%,-15%,30m,400pt,10,0.0%,0.0,-1769.8,-177.0,1533.5
12:00,+25%,-10%,60m,400pt,10,0.0%,0.0,-1961.0,-196.1,1700.3
12:00,+35%,-10%,120m,400pt,10,0.0%,0.0,-1961.0,-196.1,1700.3
12:00,+25%,-10%,45m,400pt,10,0.0%,0.0,-1961.0,-196.1,1700.3
12:00,+35%,-10%,30m,400pt,10,0.0%,0.0,-1961.0,-196.1,1700.3
12:00,+35%,-10%,90m,400pt,10,0.0%,0.0,-1961.0,-196.1,1700.3
12:00,+15%,-10%,120m,400pt,10,0.0%,0.0,-1961.0,-196.1,1700.3
12:00,+25%,-10%,30m,400pt,10,0.0%,0.0,-1961.0,-196.1,1700.3
12:00,+15%,-10%,60m,400pt,10,0.0%,0.0,-1961.0,-196.1,1700.3
12:00,+15%,-10%,30m,400pt,10,0.0%,0.0,-1961.0,-196.1,1700.3
12:00,+25%,-10%,120m,400pt,10,0.0%,0.0,-1961.0,-196.1,1700.3
12:00,+25%,-10%,90m,400pt,10,0.0%,0.0,-1961.0,-196.1,1700.3
12:00,+15%,-10%,90m,400pt,10,0.0%,0.0,-1961.0,-196.1,1700.3
12:00,+15%,-10%,45m,400pt,10,0.0%,0.0,-1961.0,-196.1,1700.3
12:00,+35%,-10%,60m,400pt,10,0.0%,0.0,-1961.0,-196.1,1700.3
12:00,+35%,-10%,45m,400pt,10,0.0%,0.0,-1961.0,-196.1,1700.3
12:00,+50%,-10%,30m,400pt,10,0.0%,0.0,-1961.0,-196.1,1700.3
12:00,+50%,-10%,120m,400pt,10,0.0%,0.0,-1961.0,-196.1,1700.3
12:00,+70%,-10%,45m,400pt,10,0.0%,0.0,-1961.0,-196.1,1700.3
12:00,+70%,-10%,30m,400pt,10,0.0%,0.0,-1961.0,-196.1,1700.3
12:00,+50%,-10%,60m,400pt,10,0.0%,0.0,-1961.0,-196.1,1700.3
12:00,+50%,-10%,45m,400pt,10,0.0%,0.0,-1961.0,-196.1,1700.3
12:00,+70%,-10%,120m,400pt,10,0.0%,0.0,-1961.0,-196.1,1700.3
12:00,+50%,-10%,90m,400pt,10,0.0%,0.0,-1961.0,-196.1,1700.3
12:00,+70%,-10%,60m,400pt,10,0.0%,0.0,-1961.0,-196.1,1700.3
12:00,+70%,-10%,90m,400pt,10,0.0%,0.0,-1961.0,-196.1,1700.3
13:00,+70%,-20%,90m,400pt,10,0.0%,0.0,-2083.1,-208.3,1795.9
13:00,+70%,-20%,120m,400pt,10,0.0%,0.0,-2083.1,-208.3,1795.9
13:00,+50%,-20%,45m,400pt,10,0.0%,0.0,-2083.1,-208.3,1795.9
13:00,+50%,-20%,30m,400pt,10,0.0%,0.0,-2083.1,-208.3,1795.9
13:00,+50%,-20%,60m,400pt,10,0.0%,0.0,-2083.1,-208.3,1795.9
13:00,+35%,-20%,45m,400pt,10,0.0%,0.0,-2083.1,-208.3,1795.9
13:00,+70%,-20%,45m,400pt,10,0.0%,0.0,-2083.1,-208.3,1795.9
13:00,+70%,-20%,60m,400pt,10,0.0%,0.0,-2083.1,-208.3,1795.9
13:00,+25%,-20%,90m,400pt,10,0.0%,0.0,-2083.1,-208.3,1795.9
13:00,+25%,-20%,120m,400pt,10,0.0%,0.0,-2083.1,-208.3,1795.9
13:00,+25%,-20%,45m,400pt,10,0.0%,0.0,-2083.1,-208.3,1795.9
13:00,+25%,-20%,30m,400pt,10,0.0%,0.0,-2083.1,-208.3,1795.9
13:00,+50%,-20%,120m,400pt,10,0.0%,0.0,-2083.1,-208.3,1795.9
13:00,+35%,-20%,30m,400pt,10,0.0%,0.0,-2083.1,-208.3,1795.9
13:00,+35%,-20%,120m,400pt,10,0.0%,0.0,-2083.1,-208.3,1795.9
13:00,+35%,-20%,90m,400pt,10,0.0%,0.0,-2083.1,-208.3,1795.9
13:00,+35%,-20%,60m,400pt,10,0.0%,0.0,-2083.1,-208.3,1795.9
13:00,+50%,-20%,90m,400pt,10,0.0%,0.0,-2083.1,-208.3,1795.9
13:00,+70%,-20%,30m,400pt,10,0.0%,0.0,-2083.1,-208.3,1795.9
13:00,+15%,-20%,60m,400pt,10,0.0%,0.0,-2083.1,-208.3,1795.9
13:00,+15%,-20%,30m,400pt,10,0.0%,0.0,-2083.1,-208.3,1795.9
13:00,+25%,-20%,60m,400pt,10,0.0%,0.0,-2083.1,-208.3,1795.9
13:00,+15%,-20%,90m,400pt,10,0.0%,0.0,-2083.1,-208.3,1795.9
13:00,+15%,-20%,45m,400pt,10,0.0%,0.0,-2083.1,-208.3,1795.9
13:00,+15%,-20%,120m,400pt,10,0.0%,0.0,-2083.1,-208.3,1795.9
13:00,+35%,-25%,60m,400pt,10,0.0%,0.0,-2344.1,-234.4,2010.4
13:00,+50%,-25%,120m,400pt,10,0.0%,0.0,-2344.1,-234.4,2010.4
13:00,+70%,-25%,120m,400pt,10,0.0%,0.0,-2344.1,-234.4,2010.4
13:00,+35%,-25%,45m,400pt,10,0.0%,0.0,-2344.1,-234.4,2010.4
13:00,+35%,-25%,30m,400pt,10,0.0%,0.0,-2344.1,-234.4,2010.4
13:00,+50%,-25%,30m,400pt,10,0.0%,0.0,-2344.1,-234.4,2010.4
13:00,+50%,-25%,90m,400pt,10,0.0%,0.0,-2344.1,-234.4,2010.4
13:00,+50%,-25%,60m,400pt,10,0.0%,0.0,-2344.1,-234.4,2010.4
13:00,+50%,-25%,45m,400pt,10,0.0%,0.0,-2344.1,-234.4,2010.4
13:00,+35%,-25%,90m,400pt,10,0.0%,0.0,-2344.1,-234.4,2010.4
13:00,+25%,-25%,90m,400pt,10,0.0%,0.0,-2344.1,-234.4,2010.4
13:00,+25%,-25%,120m,400pt,10,0.0%,0.0,-2344.1,-234.4,2010.4
13:00,+25%,-25%,45m,400pt,10,0.0%,0.0,-2344.1,-234.4,2010.4
13:00,+25%,-25%,30m,400pt,10,0.0%,0.0,-2344.1,-234.4,2010.4
13:00,+35%,-25%,120m,400pt,10,0.0%,0.0,-2344.1,-234.4,2010.4
13:00,+25%,-25%,60m,400pt,10,0.0%,0.0,-2344.1,-234.4,2010.4
13:00,+15%,-25%,30m,400pt,10,0.0%,0.0,-2344.1,-234.4,2010.4
13:00,+15%,-25%,120m,400pt,10,0.0%,0.0,-2344.1,-234.4,2010.4
13:00,+15%,-25%,45m,400pt,10,0.0%,0.0,-2344.1,-234.4,2010.4
13:00,+15%,-25%,60m,400pt,10,0.0%,0.0,-2344.1,-234.4,2010.4
13:00,+15%,-25%,90m,400pt,10,0.0%,0.0,-2344.1,-234.4,2010.4
13:00,+70%,-25%,30m,400pt,10,0.0%,0.0,-2344.1,-234.4,2010.4
13:00,+70%,-25%,45m,400pt,10,0.0%,0.0,-2344.1,-234.4,2010.4
13:00,+70%,-25%,60m,400pt,10,0.0%,0.0,-2344.1,-234.4,2010.4
13:00,+70%,-25%,90m,400pt,10,0.0%,0.0,-2344.1,-234.4,2010.4
11:00,+15%,-10%,30m,400pt,10,0.0%,0.0,-2504.4,-250.4,2164.9
11:00,+15%,-10%,45m,400pt,10,0.0%,0.0,-2504.4,-250.4,2164.9
11:00,+15%,-10%,60m,400pt,10,0.0%,0.0,-2504.4,-250.4,2164.9
11:00,+15%,-10%,90m,400pt,10,0.0%,0.0,-2504.4,-250.4,2164.9
11:00,+15%,-10%,120m,400pt,10,0.0%,0.0,-2504.4,-250.4,2164.9
11:00,+25%,-10%,30m,400pt,10,0.0%,0.0,-2504.4,-250.4,2164.9
11:00,+25%,-10%,45m,400pt,10,0.0%,0.0,-2504.4,-250.4,2164.9
11:00,+25%,-10%,60m,400pt,10,0.0%,0.0,-2504.4,-250.4,2164.9
11:00,+25%,-10%,90m,400pt,10,0.0%,0.0,-2504.4,-250.4,2164.9
11:00,+25%,-10%,120m,400pt,10,0.0%,0.0,-2504.4,-250.4,2164.9
11:00,+35%,-10%,30m,400pt,10,0.0%,0.0,-2504.4,-250.4,2164.9
11:00,+35%,-10%,45m,400pt,10,0.0%,0.0,-2504.4,-250.4,2164.9
11:00,+35%,-10%,60m,400pt,10,0.0%,0.0,-2504.4,-250.4,2164.9
11:00,+35%,-10%,90m,400pt,10,0.0%,0.0,-2504.4,-250.4,2164.9
11:00,+35%,-10%,120m,400pt,10,0.0%,0.0,-2504.4,-250.4,2164.9
11:00,+50%,-10%,30m,400pt,10,0.0%,0.0,-2504.4,-250.4,2164.9
11:00,+50%,-10%,45m,400pt,10,0.0%,0.0,-2504.4,-250.4,2164.9
11:00,+50%,-10%,60m,400pt,10,0.0%,0.0,-2504.4,-250.4,2164.9
11:00,+50%,-10%,90m,400pt,10,0.0%,0.0,-2504.4,-250.4,2164.9
11:00,+50%,-10%,120m,400pt,10,0.0%,0.0,-2504.4,-250.4,2164.9
11:00,+70%,-10%,30m,400pt,10,0.0%,0.0,-2504.4,-250.4,2164.9
11:00,+70%,-10%,45m,400pt,10,0.0%,0.0,-2504.4,-250.4,2164.9
11:00,+70%,-10%,60m,400pt,10,0.0%,0.0,-2504.4,-250.4,2164.9
11:00,+70%,-10%,90m,400pt,10,0.0%,0.0,-2504.4,-250.4,2164.9
11:00,+70%,-10%,120m,400pt,10,0.0%,0.0,-2504.4,-250.4,2164.9
12:00,+15%,-15%,30m,400pt,10,0.0%,0.0,-2562.2,-256.2,2191.2
12:00,+15%,-15%,45m,400pt,10,0.0%,0.0,-2562.2,-256.2,2191.2
12:00,+15%,-15%,60m,400pt,10,0.0%,0.0,-2562.2,-256.2,2191.2
12:00,+15%,-15%,90m,400pt,10,0.0%,0.0,-2562.2,-256.2,2191.2
12:00,+15%,-15%,120m,400pt,10,0.0%,0.0,-2562.2,-256.2,2191.2
12:00,+25%,-15%,30m,400pt,10,0.0%,0.0,-2562.2,-256.2,2191.2
12:00,+25%,-15%,45m,400pt,10,0.0%,0.0,-2562.2,-256.2,2191.2
12:00,+25%,-15%,60m,400pt,10,0.0%,0.0,-2562.2,-256.2,2191.2
12:00,+25%,-15%,90m,400pt,10,0.0%,0.0,-2562.2,-256.2,2191.2
12:00,+25%,-15%,120m,400pt,10,0.0%,0.0,-2562.2,-256.2,2191.2
12:00,+35%,-15%,30m,400pt,10,0.0%,0.0,-2562.2,-256.2,2191.2
12:00,+35%,-15%,45m,400pt,10,0.0%,0.0,-2562.2,-256.2,2191.2
12:00,+35%,-15%,60m,400pt,10,0.0%,0.0,-2562.2,-256.2,2191.2
12:00,+35%,-15%,90m,400pt,10,0.0%,0.0,-2562.2,-256.2,2191.2
12:00,+35%,-15%,120m,400pt,10,0.0%,0.0,-2562.2,-256.2,2191.2
12:00,+50%,-15%,30m,400pt,10,0.0%,0.0,-2562.2,-256.2,2191.2
12:00,+50%,-15%,45m,400pt,10,0.0%,0.0,-2562.2,-256.2,2191.2
12:00,+50%,-15%,60m,400pt,10,0.0%,0.0,-2562.2,-256.2,2191.2
12:00,+50%,-15%,90m,400pt,10,0.0%,0.0,-2562.2,-256.2,2191.2
12:00,+50%,-15%,120m,400pt,10,0.0%,0.0,-2562.2,-256.2,2191.2
12:00,+70%,-15%,30m,400pt,10,0.0%,0.0,-2562.2,-256.2,2191.2
12:00,+70%,-15%,45m,400pt,10,0.0%,0.0,-2562.2,-256.2,2191.2
12:00,+70%,-15%,60m,400pt,10,0.0%,0.0,-2562.2,-256.2,2191.2
12:00,+70%,-15%,90m,400pt,10,0.0%,0.0,-2562.2,-256.2,2191.2
12:00,+70%,-15%,120m,400pt,10,0.0%,0.0,-2562.2,-256.2,2191.2
13:00,+35%,-30%,30m,400pt,10,0.0%,0.0,-2641.9,-264.2,2241.2
13:00,+35%,-30%,90m,400pt,10,0.0%,0.0,-2641.9,-264.2,2241.2
13:00,+35%,-30%,120m,400pt,10,0.0%,0.0,-2641.9,-264.2,2241.2
13:00,+35%,-30%,60m,400pt,10,0.0%,0.0,-2641.9,-264.2,2241.2
13:00,+35%,-30%,45m,400pt,10,0.0%,0.0,-2641.9,-264.2,2241.2
13:00,+25%,-30%,45m,400pt,10,0.0%,0.0,-2641.9,-264.2,2241.2
13:00,+50%,-30%,120m,400pt,10,0.0%,0.0,-2641.9,-264.2,2241.2
13:00,+50%,-30%,30m,400pt,10,0.0%,0.0,-2641.9,-264.2,2241.2
13:00,+50%,-30%,45m,400pt,10,0.0%,0.0,-2641.9,-264.2,2241.2
13:00,+50%,-30%,60m,400pt,10,0.0%,0.0,-2641.9,-264.2,2241.2
13:00,+50%,-30%,90m,400pt,10,0.0%,0.0,-2641.9,-264.2,2241.2
13:00,+70%,-30%,90m,400pt,10,0.0%,0.0,-2641.9,-264.2,2241.2
13:00,+70%,-30%,120m,400pt,10,0.0%,0.0,-2641.9,-264.2,2241.2
13:00,+70%,-30%,30m,400pt,10,0.0%,0.0,-2641.9,-264.2,2241.2
13:00,+15%,-30%,30m,400pt,10,0.0%,0.0,-2641.9,-264.2,2241.2
13:00,+15%,-30%,60m,400pt,10,0.0%,0.0,-2641.9,-264.2,2241.2
13:00,+15%,-30%,45m,400pt,10,0.0%,0.0,-2641.9,-264.2,2241.2
13:00,+25%,-30%,120m,400pt,10,0.0%,0.0,-2641.9,-264.2,2241.2
13:00,+25%,-30%,60m,400pt,10,0.0%,0.0,-2641.9,-264.2,2241.2
13:00,+25%,-30%,90m,400pt,10,0.0%,0.0,-2641.9,-264.2,2241.2
13:00,+25%,-30%,30m,400pt,10,0.0%,0.0,-2641.9,-264.2,2241.2
13:00,+15%,-30%,90m,400pt,10,0.0%,0.0,-2641.9,-264.2,2241.2
13:00,+70%,-30%,45m,400pt,10,0.0%,0.0,-2641.9,-264.2,2241.2
13:00,+70%,-30%,60m,400pt,10,0.0%,0.0,-2641.9,-264.2,2241.2
13:00,+15%,-30%,120m,400pt,10,0.0%,0.0,-2641.9,-264.2,2241.2
09:30,+35%,-10%,60m,400pt,9,0.0%,0.0,-2871.0,-319.0,2646.2
09:30,+35%,-10%,45m,400pt,9,0.0%,0.0,-2871.0,-319.0,2646.2
09:30,+50%,-10%,45m,400pt,9,0.0%,0.0,-2871.0,-319.0,2646.2
09:30,+50%,-10%,120m,400pt,9,0.0%,0.0,-2871.0,-319.0,2646.2
09:30,+50%,-10%,30m,400pt,9,0.0%,0.0,-2871.0,-319.0,2646.2
09:30,+25%,-10%,45m,400pt,9,0.0%,0.0,-2871.0,-319.0,2646.2
09:30,+70%,-10%,60m,400pt,9,0.0%,0.0,-2871.0,-319.0,2646.2
09:30,+70%,-10%,45m,400pt,9,0.0%,0.0,-2871.0,-319.0,2646.2
09:30,+15%,-10%,60m,400pt,9,0.0%,0.0,-2871.0,-319.0,2646.2
09:30,+70%,-10%,120m,400pt,9,0.0%,0.0,-2871.0,-319.0,2646.2
09:30,+15%,-10%,120m,400pt,9,0.0%,0.0,-2871.0,-319.0,2646.2
09:30,+15%,-10%,45m,400pt,9,0.0%,0.0,-2871.0,-319.0,2646.2
09:30,+25%,-10%,30m,400pt,9,0.0%,0.0,-2871.0,-319.0,2646.2
09:30,+50%,-10%,90m,400pt,9,0.0%,0.0,-2871.0,-319.0,2646.2
09:30,+25%,-10%,60m,400pt,9,0.0%,0.0,-2871.0,-319.0,2646.2
09:30,+50%,-10%,60m,400pt,9,0.0%,0.0,-2871.0,-319.0,2646.2
09:30,+25%,-10%,90m,400pt,9,0.0%,0.0,-2871.0,-319.0,2646.2
09:30,+25%,-10%,120m,400pt,9,0.0%,0.0,-2871.0,-319.0,2646.2
09:30,+35%,-10%,120m,400pt,9,0.0%,0.0,-2871.0,-319.0,2646.2
09:30,+35%,-10%,90m,400pt,9,0.0%,0.0,-2871.0,-319.0,2646.2
09:30,+70%,-10%,30m,400pt,9,0.0%,0.0,-2871.0,-319.0,2646.2
09:30,+70%,-10%,90m,400pt,9,0.0%,0.0,-2871.0,-319.0,2646.2
09:30,+35%,-10%,30m,400pt,9,0.0%,0.0,-2871.0,-319.0,2646.2
09:30,+15%,-10%,30m,400pt,9,0.0%,0.0,-2871.0,-319.0,2646.2
09:30,+15%,-10%,90m,400pt,9,0.0%,0.0,-2871.0,-319.0,2646.2
10:00,+70%,-10%,45m,400pt,10,0.0%,0.0,-3038.8,-303.9,2631.9
10:00,+50%,-10%,60m,400pt,10,0.0%,0.0,-3038.8,-303.9,2631.9
10:00,+15%,-10%,120m,400pt,10,0.0%,0.0,-3038.8,-303.9,2631.9
10:00,+25%,-10%,60m,400pt,10,0.0%,0.0,-3038.8,-303.9,2631.9
10:00,+25%,-10%,90m,400pt,10,0.0%,0.0,-3038.8,-303.9,2631.9
10:00,+25%,-10%,120m,400pt,10,0.0%,0.0,-3038.8,-303.9,2631.9
10:00,+15%,-10%,90m,400pt,10,0.0%,0.0,-3038.8,-303.9,2631.9
10:00,+50%,-10%,45m,400pt,10,0.0%,0.0,-3038.8,-303.9,2631.9
10:00,+50%,-10%,30m,400pt,10,0.0%,0.0,-3038.8,-303.9,2631.9
10:00,+50%,-10%,120m,400pt,10,0.0%,0.0,-3038.8,-303.9,2631.9
10:00,+25%,-10%,45m,400pt,10,0.0%,0.0,-3038.8,-303.9,2631.9
10:00,+50%,-10%,90m,400pt,10,0.0%,0.0,-3038.8,-303.9,2631.9
10:00,+25%,-10%,30m,400pt,10,0.0%,0.0,-3038.8,-303.9,2631.9
10:00,+70%,-10%,30m,400pt,10,0.0%,0.0,-3038.8,-303.9,2631.9
10:00,+35%,-10%,90m,400pt,10,0.0%,0.0,-3038.8,-303.9,2631.9
10:00,+15%,-10%,60m,400pt,10,0.0%,0.0,-3038.8,-303.9,2631.9
10:00,+70%,-10%,120m,400pt,10,0.0%,0.0,-3038.8,-303.9,2631.9
10:00,+70%,-10%,60m,400pt,10,0.0%,0.0,-3038.8,-303.9,2631.9
10:00,+35%,-10%,120m,400pt,10,0.0%,0.0,-3038.8,-303.9,2631.9
10:00,+15%,-10%,30m,400pt,10,0.0%,0.0,-3038.8,-303.9,2631.9
10:00,+15%,-10%,45m,400pt,10,0.0%,0.0,-3038.8,-303.9,2631.9
10:00,+70%,-10%,90m,400pt,10,0.0%,0.0,-3038.8,-303.9,2631.9
10:00,+35%,-10%,60m,400pt,10,0.0%,0.0,-3038.8,-303.9,2631.9
10:00,+35%,-10%,30m,400pt,10,0.0%,0.0,-3038.8,-303.9,2631.9
10:00,+35%,-10%,45m,400pt,10,0.0%,0.0,-3038.8,-303.9,2631.9
12:00,+25%,-20%,60m,400pt,10,0.0%,0.0,-3105.4,-310.5,2664.5
12:00,+70%,-20%,90m,400pt,10,0.0%,0.0,-3105.4,-310.5,2664.5
12:00,+70%,-20%,60m,400pt,10,0.0%,0.0,-3105.4,-310.5,2664.5
12:00,+50%,-20%,90m,400pt,10,0.0%,0.0,-3105.4,-310.5,2664.5
12:00,+50%,-20%,45m,400pt,10,0.0%,0.0,-3105.4,-310.5,2664.5
12:00,+25%,-20%,45m,400pt,10,0.0%,0.0,-3105.4,-310.5,2664.5
12:00,+25%,-20%,120m,400pt,10,0.0%,0.0,-3105.4,-310.5,2664.5
12:00,+25%,-20%,90m,400pt,10,0.0%,0.0,-3105.4,-310.5,2664.5
12:00,+35%,-20%,90m,400pt,10,0.0%,0.0,-3105.4,-310.5,2664.5
12:00,+35%,-20%,120m,400pt,10,0.0%,0.0,-3105.4,-310.5,2664.5
12:00,+70%,-20%,120m,400pt,10,0.0%,0.0,-3105.4,-310.5,2664.5
12:00,+70%,-20%,30m,400pt,10,0.0%,0.0,-3105.4,-310.5,2664.5
12:00,+70%,-20%,45m,400pt,10,0.0%,0.0,-3105.4,-310.5,2664.5
12:00,+35%,-20%,45m,400pt,10,0.0%,0.0,-3105.4,-310.5,2664.5
12:00,+35%,-20%,60m,400pt,10,0.0%,0.0,-3105.4,-310.5,2664.5
12:00,+15%,-20%,60m,400pt,10,0.0%,0.0,-3105.4,-310.5,2664.5
12:00,+15%,-20%,30m,400pt,10,0.0%,0.0,-3105.4,-310.5,2664.5
12:00,+15%,-20%,90m,400pt,10,0.0%,0.0,-3105.4,-310.5,2664.5
12:00,+15%,-20%,120m,400pt,10,0.0%,0.0,-3105.4,-310.5,2664.5
12:00,+25%,-20%,30m,400pt,10,0.0%,0.0,-3105.4,-310.5,2664.5
12:00,+15%,-20%,45m,400pt,10,0.0%,0.0,-3105.4,-310.5,2664.5
12:00,+50%,-20%,30m,400pt,10,0.0%,0.0,-3105.4,-310.5,2664.5
12:00,+50%,-20%,120m,400pt,10,0.0%,0.0,-3105.4,-310.5,2664.5
12:00,+50%,-20%,60m,400pt,10,0.0%,0.0,-3105.4,-310.5,2664.5
12:00,+35%,-20%,30m,400pt,10,0.0%,0.0,-3105.4,-310.5,2664.5
09:30,+35%,-20%,30m,400pt,9,0.0%,0.0,-3117.7,-346.4,2825.7
09:30,+50%,-25%,30m,400pt,9,0.0%,0.0,-3117.7,-346.4,2825.7
09:30,+50%,-20%,30m,400pt,9,0.0%,0.0,-3117.7,-346.4,2825.7
09:30,+25%,-15%,30m,400pt,9,0.0%,0.0,-3117.7,-346.4,2825.7
09:30,+35%,-25%,30m,400pt,9,0.0%,0.0,-3117.7,-346.4,2825.7
09:30,+15%,-30%,30m,400pt,9,0.0%,0.0,-3117.7,-346.4,2825.7
09:30,+50%,-15%,30m,400pt,9,0.0%,0.0,-3117.7,-346.4,2825.7
09:30,+35%,-30%,30m,400pt,9,0.0%,0.0,-3117.7,-346.4,2825.7
09:30,+70%,-15%,30m,400pt,9,0.0%,0.0,-3117.7,-346.4,2825.7
09:30,+70%,-20%,30m,400pt,9,0.0%,0.0,-3117.7,-346.4,2825.7
09:30,+25%,-30%,30m,400pt,9,0.0%,0.0,-3117.7,-346.4,2825.7
09:30,+70%,-25%,30m,400pt,9,0.0%,0.0,-3117.7,-346.4,2825.7
09:30,+70%,-30%,30m,400pt,9,0.0%,0.0,-3117.7,-346.4,2825.7
09:30,+25%,-25%,30m,400pt,9,0.0%,0.0,-3117.7,-346.4,2825.7
09:30,+25%,-20%,30m,400pt,9,0.0%,0.0,-3117.7,-346.4,2825.7
09:30,+15%,-25%,30m,400pt,9,0.0%,0.0,-3117.7,-346.4,2825.7
09:30,+50%,-30%,30m,400pt,9,0.0%,0.0,-3117.7,-346.4,2825.7
09:30,+35%,-15%,30m,400pt,9,0.0%,0.0,-3117.7,-346.4,2825.7
09:30,+15%,-15%,30m,400pt,9,0.0%,0.0,-3117.7,-346.4,2825.7
09:30,+15%,-20%,30m,400pt,9,0.0%,0.0,-3117.7,-346.4,2825.7
13:00,+50%,-10%,60m,200pt,10,0.0%,0.0,-3232.8,-323.3,2813.3
13:00,+50%,-10%,120m,200pt,10,0.0%,0.0,-3232.8,-323.3,2813.3
13:00,+15%,-10%,90m,200pt,10,0.0%,0.0,-3232.8,-323.3,2813.3
13:00,+25%,-10%,90m,200pt,10,0.0%,0.0,-3232.8,-323.3,2813.3
13:00,+25%,-10%,45m,200pt,10,0.0%,0.0,-3232.8,-323.3,2813.3
13:00,+35%,-10%,30m,200pt,10,0.0%,0.0,-3232.8,-323.3,2813.3
13:00,+15%,-10%,120m,200pt,10,0.0%,0.0,-3232.8,-323.3,2813.3
13:00,+35%,-10%,90m,200pt,10,0.0%,0.0,-3232.8,-323.3,2813.3
13:00,+25%,-10%,30m,200pt,10,0.0%,0.0,-3232.8,-323.3,2813.3
13:00,+25%,-10%,120m,200pt,10,0.0%,0.0,-3232.8,-323.3,2813.3
13:00,+70%,-10%,60m,200pt,10,0.0%,0.0,-3232.8,-323.3,2813.3
13:00,+70%,-10%,45m,200pt,10,0.0%,0.0,-3232.8,-323.3,2813.3
13:00,+70%,-10%,30m,200pt,10,0.0%,0.0,-3232.8,-323.3,2813.3
13:00,+25%,-10%,60m,200pt,10,0.0%,0.0,-3232.8,-323.3,2813.3
13:00,+35%,-10%,60m,200pt,10,0.0%,0.0,-3232.8,-323.3,2813.3
13:00,+35%,-10%,120m,200pt,10,0.0%,0.0,-3232.8,-323.3,2813.3
13:00,+35%,-10%,45m,200pt,10,0.0%,0.0,-3232.8,-323.3,2813.3
13:00,+70%,-10%,120m,200pt,10,0.0%,0.0,-3232.8,-323.3,2813.3
13:00,+70%,-10%,90m,200pt,10,0.0%,0.0,-3232.8,-323.3,2813.3
13:00,+15%,-10%,30m,200pt,10,0.0%,0.0,-3232.8,-323.3,2813.3
13:00,+15%,-10%,60m,200pt,10,0.0%,0.0,-3232.8,-323.3,2813.3
13:00,+15%,-10%,45m,200pt,10,0.0%,0.0,-3232.8,-323.3,2813.3
13:00,+50%,-10%,30m,200pt,10,0.0%,0.0,-3232.8,-323.3,2813.3
13:00,+50%,-10%,90m,200pt,10,0.0%,0.0,-3232.8,-323.3,2813.3
13:00,+50%,-10%,45m,200pt,10,0.0%,0.0,-3232.8,-323.3,2813.3
11:00,+25%,-15%,30m,400pt,10,0.0%,0.0,-3246.4,-324.6,2808.8
11:00,+35%,-15%,30m,400pt,10,0.0%,0.0,-3246.4,-324.6,2808.8
11:00,+50%,-15%,30m,400pt,10,0.0%,0.0,-3246.4,-324.6,2808.8
11:00,+70%,-15%,30m,400pt,10,0.0%,0.0,-3246.4,-324.6,2808.8
11:00,+15%,-15%,30m,400pt,10,0.0%,0.0,-3246.4,-324.6,2808.8
12:00,+15%,-25%,30m,400pt,10,0.0%,0.0,-3312.3,-331.2,2827.9
12:00,+25%,-25%,30m,400pt,10,0.0%,0.0,-3312.3,-331.2,2827.9
12:00,+50%,-25%,30m,400pt,10,0.0%,0.0,-3312.3,-331.2,2827.9
12:00,+35%,-25%,30m,400pt,10,0.0%,0.0,-3312.3,-331.2,2827.9
12:00,+70%,-25%,30m,400pt,10,0.0%,0.0,-3312.3,-331.2,2827.9
11:00,+25%,-15%,45m,400pt,10,0.0%,0.0,-3374.5,-337.4,2906.6
11:00,+70%,-15%,60m,400pt,10,0.0%,0.0,-3374.5,-337.4,2906.6
11:00,+70%,-15%,90m,400pt,10,0.0%,0.0,-3374.5,-337.4,2906.6
11:00,+70%,-15%,120m,400pt,10,0.0%,0.0,-3374.5,-337.4,2906.6
11:00,+70%,-15%,45m,400pt,10,0.0%,0.0,-3374.5,-337.4,2906.6
11:00,+35%,-15%,90m,400pt,10,0.0%,0.0,-3374.5,-337.4,2906.6
11:00,+35%,-15%,60m,400pt,10,0.0%,0.0,-3374.5,-337.4,2906.6
11:00,+35%,-15%,45m,400pt,10,0.0%,0.0,-3374.5,-337.4,2906.6
11:00,+35%,-15%,120m,400pt,10,0.0%,0.0,-3374.5,-337.4,2906.6
11:00,+25%,-15%,120m,400pt,10,0.0%,0.0,-3374.5,-337.4,2906.6
11:00,+25%,-15%,90m,400pt,10,0.0%,0.0,-3374.5,-337.4,2906.6
11:00,+25%,-15%,60m,400pt,10,0.0%,0.0,-3374.5,-337.4,2906.6
11:00,+50%,-15%,90m,400pt,10,0.0%,0.0,-3374.5,-337.4,2906.6
11:00,+50%,-15%,120m,400pt,10,0.0%,0.0,-3374.5,-337.4,2906.6
11:00,+50%,-15%,45m,400pt,10,0.0%,0.0,-3374.5,-337.4,2906.6
11:00,+50%,-15%,60m,400pt,10,0.0%,0.0,-3374.5,-337.4,2906.6
11:00,+15%,-15%,45m,400pt,10,0.0%,0.0,-3374.5,-337.4,2906.6
11:00,+15%,-15%,60m,400pt,10,0.0%,0.0,-3374.5,-337.4,2906.6
11:00,+15%,-15%,90m,400pt,10,0.0%,0.0,-3374.5,-337.4,2906.6
11:00,+15%,-15%,120m,400pt,10,0.0%,0.0,-3374.5,-337.4,2906.6
12:00,+50%,-30%,30m,400pt,10,0.0%,0.0,-3376.7,-337.7,2892.2
12:00,+15%,-30%,30m,400pt,10,0.0%,0.0,-3376.7,-337.7,2892.2
12:00,+35%,-30%,30m,400pt,10,0.0%,0.0,-3376.7,-337.7,2892.2
12:00,+25%,-30%,30m,400pt,10,0.0%,0.0,-3376.7,-337.7,2892.2
12:00,+70%,-30%,30m,400pt,10,0.0%,0.0,-3376.7,-337.7,2892.2
11:00,+50%,-20%,30m,400pt,10,0.0%,0.0,-3439.6,-344.0,3002.0
11:00,+15%,-20%,30m,400pt,10,0.0%,0.0,-3439.6,-344.0,3002.0
11:00,+35%,-20%,30m,400pt,10,0.0%,0.0,-3439.6,-344.0,3002.0
11:00,+25%,-20%,30m,400pt,10,0.0%,0.0,-3439.6,-344.0,3002.0
11:00,+70%,-20%,30m,400pt,10,0.0%,0.0,-3439.6,-344.0,3002.0
11:00,+35%,-30%,30m,400pt,10,0.0%,0.0,-3446.7,-344.7,3009.1
11:00,+70%,-25%,30m,400pt,10,0.0%,0.0,-3446.7,-344.7,3009.1
11:00,+15%,-30%,30m,400pt,10,0.0%,0.0,-3446.7,-344.7,3009.1
11:00,+35%,-25%,30m,400pt,10,0.0%,0.0,-3446.7,-344.7,3009.1
11:00,+15%,-25%,30m,400pt,10,0.0%,0.0,-3446.7,-344.7,3009.1
11:00,+25%,-25%,30m,400pt,10,0.0%,0.0,-3446.7,-344.7,3009.1
11:00,+25%,-30%,30m,400pt,10,0.0%,0.0,-3446.7,-344.7,3009.1
11:00,+50%,-25%,30m,400pt,10,0.0%,0.0,-3446.7,-344.7,3009.1
11:00,+50%,-30%,30m,400pt,10,0.0%,0.0,-3446.7,-344.7,3009.1
11:00,+70%,-30%,30m,400pt,10,0.0%,0.0,-3446.7,-344.7,3009.1
10:00,+35%,-30%,30m,400pt,10,0.0%,0.0,-3519.3,-351.9,3060.2
10:00,+25%,-20%,30m,400pt,10,0.0%,0.0,-3519.3,-351.9,3060.2
10:00,+25%,-25%,30m,400pt,10,0.0%,0.0,-3519.3,-351.9,3060.2
10:00,+25%,-30%,30m,400pt,10,0.0%,0.0,-3519.3,-351.9,3060.2
10:00,+15%,-20%,30m,400pt,10,0.0%,0.0,-3519.3,-351.9,3060.2
10:00,+50%,-30%,30m,400pt,10,0.0%,0.0,-3519.3,-351.9,3060.2
10:00,+50%,-20%,30m,400pt,10,0.0%,0.0,-3519.3,-351.9,3060.2
10:00,+50%,-25%,30m,400pt,10,0.0%,0.0,-3519.3,-351.9,3060.2
10:00,+35%,-20%,30m,400pt,10,0.0%,0.0,-3519.3,-351.9,3060.2
10:00,+70%,-20%,30m,400pt,10,0.0%,0.0,-3519.3,-351.9,3060.2
10:00,+70%,-25%,30m,400pt,10,0.0%,0.0,-3519.3,-351.9,3060.2
10:00,+35%,-25%,30m,400pt,10,0.0%,0.0,-3519.3,-351.9,3060.2
10:00,+15%,-30%,30m,400pt,10,0.0%,0.0,-3519.3,-351.9,3060.2
10:00,+15%,-25%,30m,400pt,10,0.0%,0.0,-3519.3,-351.9,3060.2
10:00,+70%,-30%,30m,400pt,10,0.0%,0.0,-3519.3,-351.9,3060.2
10:00,+15%,-15%,30m,400pt,10,0.0%,0.0,-3537.4,-353.7,3078.3
10:00,+50%,-15%,30m,400pt,10,0.0%,0.0,-3537.4,-353.7,3078.3
10:00,+25%,-15%,30m,400pt,10,0.0%,0.0,-3537.4,-353.7,3078.3
10:00,+70%,-15%,30m,400pt,10,0.0%,0.0,-3537.4,-353.7,3078.3
10:00,+35%,-15%,30m,400pt,10,0.0%,0.0,-3537.4,-353.7,3078.3
12:00,+50%,-25%,120m,400pt,10,0.0%,0.0,-3639.3,-363.9,3109.0
12:00,+50%,-25%,90m,400pt,10,0.0%,0.0,-3639.3,-363.9,3109.0
12:00,+50%,-25%,60m,400pt,10,0.0%,0.0,-3639.3,-363.9,3109.0
12:00,+50%,-25%,45m,400pt,10,0.0%,0.0,-3639.3,-363.9,3109.0
12:00,+25%,-25%,45m,400pt,10,0.0%,0.0,-3639.3,-363.9,3109.0
12:00,+25%,-25%,60m,400pt,10,0.0%,0.0,-3639.3,-363.9,3109.0
12:00,+25%,-25%,90m,400pt,10,0.0%,0.0,-3639.3,-363.9,3109.0
12:00,+25%,-25%,120m,400pt,10,0.0%,0.0,-3639.3,-363.9,3109.0
12:00,+70%,-25%,120m,400pt,10,0.0%,0.0,-3639.3,-363.9,3109.0
12:00,+70%,-25%,90m,400pt,10,0.0%,0.0,-3639.3,-363.9,3109.0
12:00,+70%,-25%,60m,400pt,10,0.0%,0.0,-3639.3,-363.9,3109.0
12:00,+70%,-25%,45m,400pt,10,0.0%,0.0,-3639.3,-363.9,3109.0
12:00,+35%,-25%,60m,400pt,10,0.0%,0.0,-3639.3,-363.9,3109.0
12:00,+35%,-25%,120m,400pt,10,0.0%,0.0,-3639.3,-363.9,3109.0
12:00,+35%,-25%,90m,400pt,10,0.0%,0.0,-3639.3,-363.9,3109.0
12:00,+35%,-25%,45m,400pt,10,0.0%,0.0,-3639.3,-363.9,3109.0
12:00,+15%,-25%,120m,400pt,10,0.0%,0.0,-3639.3,-363.9,3109.0
12:00,+15%,-25%,90m,400pt,10,0.0%,0.0,-3639.3,-363.9,3109.0
12:00,+15%,-25%,60m,400pt,10,0.0%,0.0,-3639.3,-363.9,3109.0
12:00,+15%,-25%,45m,400pt,10,0.0%,0.0,-3639.3,-363.9,3109.0
09:30,+70%,-15%,120m,400pt,9,0.0%,0.0,-3897.3,-433.0,3594.0
09:30,+70%,-15%,90m,400pt,9,0.0%,0.0,-3897.3,-433.0,3594.0
09:30,+15%,-15%,90m,400pt,9,0.0%,0.0,-3897.3,-433.0,3594.0
09:30,+35%,-15%,45m,400pt,9,0.0%,0.0,-3897.3,-433.0,3594.0
09:30,+70%,-15%,60m,400pt,9,0.0%,0.0,-3897.3,-433.0,3594.0
09:30,+70%,-15%,45m,400pt,9,0.0%,0.0,-3897.3,-433.0,3594.0
09:30,+50%,-15%,60m,400pt,9,0.0%,0.0,-3897.3,-433.0,3594.0
09:30,+25%,-15%,45m,400pt,9,0.0%,0.0,-3897.3,-433.0,3594.0
09:30,+50%,-15%,45m,400pt,9,0.0%,0.0,-3897.3,-433.0,3594.0
09:30,+35%,-15%,60m,400pt,9,0.0%,0.0,-3897.3,-433.0,3594.0
09:30,+35%,-15%,120m,400pt,9,0.0%,0.0,-3897.3,-433.0,3594.0
09:30,+15%,-15%,60m,400pt,9,0.0%,0.0,-3897.3,-433.0,3594.0
09:30,+15%,-15%,45m,400pt,9,0.0%,0.0,-3897.3,-433.0,3594.0
09:30,+25%,-15%,60m,400pt,9,0.0%,0.0,-3897.3,-433.0,3594.0
09:30,+25%,-15%,90m,400pt,9,0.0%,0.0,-3897.3,-433.0,3594.0
09:30,+25%,-15%,120m,400pt,9,0.0%,0.0,-3897.3,-433.0,3594.0
09:30,+50%,-15%,120m,400pt,9,0.0%,0.0,-3897.3,-433.0,3594.0
09:30,+50%,-15%,90m,400pt,9,0.0%,0.0,-3897.3,-433.0,3594.0
09:30,+35%,-15%,90m,400pt,9,0.0%,0.0,-3897.3,-433.0,3594.0
09:30,+15%,-15%,120m,400pt,9,0.0%,0.0,-3897.3,-433.0,3594.0
10:00,+35%,-15%,45m,400pt,10,0.0%,0.0,-4112.2,-411.2,3537.2
10:00,+15%,-15%,45m,400pt,10,0.0%,0.0,-4112.2,-411.2,3537.2
10:00,+70%,-15%,45m,400pt,10,0.0%,0.0,-4112.2,-411.2,3537.2
10:00,+70%,-15%,60m,400pt,10,0.0%,0.0,-4112.2,-411.2,3537.2
10:00,+70%,-15%,90m,400pt,10,0.0%,0.0,-4112.2,-411.2,3537.2
10:00,+25%,-15%,45m,400pt,10,0.0%,0.0,-4112.2,-411.2,3537.2
10:00,+25%,-15%,60m,400pt,10,0.0%,0.0,-4112.2,-411.2,3537.2
10:00,+25%,-15%,120m,400pt,10,0.0%,0.0,-4112.2,-411.2,3537.2
10:00,+25%,-15%,90m,400pt,10,0.0%,0.0,-4112.2,-411.2,3537.2
10:00,+50%,-15%,120m,400pt,10,0.0%,0.0,-4112.2,-411.2,3537.2
10:00,+50%,-15%,45m,400pt,10,0.0%,0.0,-4112.2,-411.2,3537.2
10:00,+15%,-15%,60m,400pt,10,0.0%,0.0,-4112.2,-411.2,3537.2
10:00,+50%,-15%,60m,400pt,10,0.0%,0.0,-4112.2,-411.2,3537.2
10:00,+35%,-15%,90m,400pt,10,0.0%,0.0,-4112.2,-411.2,3537.2
10:00,+35%,-15%,120m,400pt,10,0.0%,0.0,-4112.2,-411.2,3537.2
10:00,+15%,-15%,120m,400pt,10,0.0%,0.0,-4112.2,-411.2,3537.2
10:00,+50%,-15%,90m,400pt,10,0.0%,0.0,-4112.2,-411.2,3537.2
10:00,+35%,-15%,60m,400pt,10,0.0%,0.0,-4112.2,-411.2,3537.2
10:00,+70%,-15%,120m,400pt,10,0.0%,0.0,-4112.2,-411.2,3537.2
10:00,+15%,-15%,90m,400pt,10,0.0%,0.0,-4112.2,-411.2,3537.2
11:00,+35%,-20%,60m,400pt,10,0.0%,0.0,-4124.9,-412.5,3535.4
11:00,+35%,-20%,45m,400pt,10,0.0%,0.0,-4124.9,-412.5,3535.4
11:00,+70%,-20%,120m,400pt,10,0.0%,0.0,-4124.9,-412.5,3535.4
11:00,+70%,-20%,90m,400pt,10,0.0%,0.0,-4124.9,-412.5,3535.4
11:00,+15%,-20%,120m,400pt,10,0.0%,0.0,-4124.9,-412.5,3535.4
11:00,+25%,-20%,45m,400pt,10,0.0%,0.0,-4124.9,-412.5,3535.4
11:00,+35%,-20%,120m,400pt,10,0.0%,0.0,-4124.9,-412.5,3535.4
11:00,+50%,-20%,90m,400pt,10,0.0%,0.0,-4124.9,-412.5,3535.4
11:00,+50%,-20%,60m,400pt,10,0.0%,0.0,-4124.9,-412.5,3535.4
11:00,+35%,-20%,90m,400pt,10,0.0%,0.0,-4124.9,-412.5,3535.4
11:00,+15%,-20%,60m,400pt,10,0.0%,0.0,-4124.9,-412.5,3535.4
11:00,+25%,-20%,120m,400pt,10,0.0%,0.0,-4124.9,-412.5,3535.4
11:00,+25%,-20%,60m,400pt,10,0.0%,0.0,-4124.9,-412.5,3535.4
11:00,+15%,-20%,90m,400pt,10,0.0%,0.0,-4124.9,-412.5,3535.4
11:00,+70%,-20%,60m,400pt,10,0.0%,0.0,-4124.9,-412.5,3535.4
11:00,+70%,-20%,45m,400pt,10,0.0%,0.0,-4124.9,-412.5,3535.4
11:00,+25%,-20%,90m,400pt,10,0.0%,0.0,-4124.9,-412.5,3535.4
11:00,+15%,-20%,45m,400pt,10,0.0%,0.0,-4124.9,-412.5,3535.4
11:00,+50%,-20%,45m,400pt,10,0.0%,0.0,-4124.9,-412.5,3535.4
11:00,+50%,-20%,120m,400pt,10,0.0%,0.0,-4124.9,-412.5,3535.4
09:30,+50%,-15%,30m,200pt,9,0.0%,0.0,-4126.3,-458.5,3700.3
09:30,+25%,-15%,30m,200pt,9,0.0%,0.0,-4126.3,-458.5,3700.3
09:30,+70%,-25%,30m,200pt,9,0.0%,0.0,-4126.3,-458.5,3700.3
09:30,+70%,-20%,30m,200pt,9,0.0%,0.0,-4126.3,-458.5,3700.3
09:30,+15%,-25%,30m,200pt,9,0.0%,0.0,-4126.3,-458.5,3700.3
09:30,+15%,-30%,30m,200pt,9,0.0%,0.0,-4126.3,-458.5,3700.3
09:30,+25%,-20%,30m,200pt,9,0.0%,0.0,-4126.3,-458.5,3700.3
09:30,+50%,-20%,30m,200pt,9,0.0%,0.0,-4126.3,-458.5,3700.3
09:30,+35%,-25%,30m,200pt,9,0.0%,0.0,-4126.3,-458.5,3700.3
09:30,+35%,-15%,30m,200pt,9,0.0%,0.0,-4126.3,-458.5,3700.3
09:30,+35%,-10%,30m,200pt,9,0.0%,0.0,-4126.3,-458.5,3700.3
09:30,+15%,-15%,30m,200pt,9,0.0%,0.0,-4126.3,-458.5,3700.3
09:30,+25%,-30%,30m,200pt,9,0.0%,0.0,-4126.3,-458.5,3700.3
09:30,+35%,-20%,30m,200pt,9,0.0%,0.0,-4126.3,-458.5,3700.3
09:30,+15%,-20%,30m,200pt,9,0.0%,0.0,-4126.3,-458.5,3700.3
09:30,+15%,-10%,30m,200pt,9,0.0%,0.0,-4126.3,-458.5,3700.3
09:30,+70%,-10%,30m,200pt,9,0.0%,0.0,-4126.3,-458.5,3700.3
09:30,+25%,-10%,30m,200pt,9,0.0%,0.0,-4126.3,-458.5,3700.3
09:30,+50%,-25%,30m,200pt,9,0.0%,0.0,-4126.3,-458.5,3700.3
09:30,+35%,-30%,30m,200pt,9,0.0%,0.0,-4126.3,-458.5,3700.3
09:30,+50%,-10%,30m,200pt,9,0.0%,0.0,-4126.3,-458.5,3700.3
09:30,+25%,-25%,30m,200pt,9,0.0%,0.0,-4126.3,-458.5,3700.3
09:30,+70%,-30%,30m,200pt,9,0.0%,0.0,-4126.3,-458.5,3700.3
09:30,+70%,-15%,30m,200pt,9,0.0%,0.0,-4126.3,-458.5,3700.3
09:30,+50%,-30%,30m,200pt,9,0.0%,0.0,-4126.3,-458.5,3700.3
12:00,+15%,-10%,45m,200pt,10,0.0%,0.0,-4157.4,-415.7,3630.5
12:00,+15%,-10%,90m,200pt,10,0.0%,0.0,-4157.4,-415.7,3630.5
12:00,+15%,-10%,60m,200pt,10,0.0%,0.0,-4157.4,-415.7,3630.5
12:00,+15%,-10%,120m,200pt,10,0.0%,0.0,-4157.4,-415.7,3630.5
12:00,+15%,-10%,30m,200pt,10,0.0%,0.0,-4157.4,-415.7,3630.5
12:00,+25%,-10%,45m,200pt,10,0.0%,0.0,-4157.4,-415.7,3630.5
12:00,+25%,-10%,60m,200pt,10,0.0%,0.0,-4157.4,-415.7,3630.5
12:00,+25%,-10%,90m,200pt,10,0.0%,0.0,-4157.4,-415.7,3630.5
12:00,+25%,-10%,30m,200pt,10,0.0%,0.0,-4157.4,-415.7,3630.5
12:00,+35%,-10%,120m,200pt,10,0.0%,0.0,-4157.4,-415.7,3630.5
12:00,+35%,-10%,45m,200pt,10,0.0%,0.0,-4157.4,-415.7,3630.5
12:00,+35%,-10%,60m,200pt,10,0.0%,0.0,-4157.4,-415.7,3630.5
12:00,+35%,-10%,90m,200pt,10,0.0%,0.0,-4157.4,-415.7,3630.5
12:00,+50%,-10%,90m,200pt,10,0.0%,0.0,-4157.4,-415.7,3630.5
12:00,+50%,-10%,60m,200pt,10,0.0%,0.0,-4157.4,-415.7,3630.5
12:00,+70%,-10%,90m,200pt,10,0.0%,0.0,-4157.4,-415.7,3630.5
12:00,+70%,-10%,120m,200pt,10,0.0%,0.0,-4157.4,-415.7,3630.5
12:00,+70%,-10%,30m,200pt,10,0.0%,0.0,-4157.4,-415.7,3630.5
12:00,+70%,-10%,45m,200pt,10,0.0%,0.0,-4157.4,-415.7,3630.5
12:00,+70%,-10%,60m,200pt,10,0.0%,0.0,-4157.4,-415.7,3630.5
12:00,+50%,-10%,120m,200pt,10,0.0%,0.0,-4157.4,-415.7,3630.5
12:00,+25%,-10%,120m,200pt,10,0.0%,0.0,-4157.4,-415.7,3630.5
12:00,+35%,-10%,30m,200pt,10,0.0%,0.0,-4157.4,-415.7,3630.5
12:00,+50%,-10%,45m,200pt,10,0.0%,0.0,-4157.4,-415.7,3630.5
12:00,+50%,-10%,30m,200pt,10,0.0%,0.0,-4157.4,-415.7,3630.5
12:00,+15%,-30%,90m,400pt,10,0.0%,0.0,-4165.7,-416.6,3547.8
12:00,+15%,-30%,60m,400pt,10,0.0%,0.0,-4165.7,-416.6,3547.8
12:00,+15%,-30%,45m,400pt,10,0.0%,0.0,-4165.7,-416.6,3547.8
12:00,+15%,-30%,120m,400pt,10,0.0%,0.0,-4165.7,-416.6,3547.8
12:00,+25%,-30%,45m,400pt,10,0.0%,0.0,-4165.7,-416.6,3547.8
12:00,+25%,-30%,60m,400pt,10,0.0%,0.0,-4165.7,-416.6,3547.8
12:00,+25%,-30%,90m,400pt,10,0.0%,0.0,-4165.7,-416.6,3547.8
12:00,+25%,-30%,120m,400pt,10,0.0%,0.0,-4165.7,-416.6,3547.8
12:00,+35%,-30%,90m,400pt,10,0.0%,0.0,-4165.7,-416.6,3547.8
12:00,+35%,-30%,60m,400pt,10,0.0%,0.0,-4165.7,-416.6,3547.8
12:00,+35%,-30%,45m,400pt,10,0.0%,0.0,-4165.7,-416.6,3547.8
12:00,+35%,-30%,120m,400pt,10,0.0%,0.0,-4165.7,-416.6,3547.8
12:00,+50%,-30%,120m,400pt,10,0.0%,0.0,-4165.7,-416.6,3547.8
12:00,+50%,-30%,45m,400pt,10,0.0%,0.0,-4165.7,-416.6,3547.8
12:00,+50%,-30%,60m,400pt,10,0.0%,0.0,-4165.7,-416.6,3547.8
12:00,+50%,-30%,90m,400pt,10,0.0%,0.0,-4165.7,-416.6,3547.8
12:00,+70%,-30%,120m,400pt,10,0.0%,0.0,-4165.7,-416.6,3547.8
12:00,+70%,-30%,90m,400pt,10,0.0%,0.0,-4165.7,-416.6,3547.8
12:00,+70%,-30%,60m,400pt,10,0.0%,0.0,-4165.7,-416.6,3547.8
12:00,+70%,-30%,45m,400pt,10,0.0%,0.0,-4165.7,-416.6,3547.8
09:30,+70%,-20%,45m,400pt,9,0.0%,0.0,-4333.2,-481.5,3959.0
09:30,+35%,-20%,45m,400pt,9,0.0%,0.0,-4333.2,-481.5,3959.0
09:30,+50%,-20%,45m,400pt,9,0.0%,0.0,-4333.2,-481.5,3959.0
09:30,+15%,-20%,45m,400pt,9,0.0%,0.0,-4333.2,-481.5,3959.0
09:30,+25%,-20%,45m,400pt,9,0.0%,0.0,-4333.2,-481.5,3959.0
13:00,+25%,-15%,90m,200pt,10,0.0%,0.0,-4335.3,-433.5,3761.4
13:00,+15%,-15%,90m,200pt,10,0.0%,0.0,-4335.3,-433.5,3761.4
13:00,+15%,-15%,45m,200pt,10,0.0%,0.0,-4335.3,-433.5,3761.4
13:00,+25%,-15%,60m,200pt,10,0.0%,0.0,-4335.3,-433.5,3761.4
13:00,+15%,-15%,30m,200pt,10,0.0%,0.0,-4335.3,-433.5,3761.4
13:00,+25%,-15%,45m,200pt,10,0.0%,0.0,-4335.3,-433.5,3761.4
13:00,+15%,-15%,120m,200pt,10,0.0%,0.0,-4335.3,-433.5,3761.4
13:00,+70%,-15%,45m,200pt,10,0.0%,0.0,-4335.3,-433.5,3761.4
13:00,+50%,-15%,120m,200pt,10,0.0%,0.0,-4335.3,-433.5,3761.4
13:00,+35%,-15%,45m,200pt,10,0.0%,0.0,-4335.3,-433.5,3761.4
13:00,+35%,-15%,60m,200pt,10,0.0%,0.0,-4335.3,-433.5,3761.4
13:00,+35%,-15%,90m,200pt,10,0.0%,0.0,-4335.3,-433.5,3761.4
13:00,+35%,-15%,120m,200pt,10,0.0%,0.0,-4335.3,-433.5,3761.4
13:00,+35%,-15%,30m,200pt,10,0.0%,0.0,-4335.3,-433.5,3761.4
13:00,+25%,-15%,30m,200pt,10,0.0%,0.0,-4335.3,-433.5,3761.4
13:00,+25%,-15%,120m,200pt,10,0.0%,0.0,-4335.3,-433.5,3761.4
13:00,+70%,-15%,30m,200pt,10,0.0%,0.0,-4335.3,-433.5,3761.4
13:00,+70%,-15%,60m,200pt,10,0.0%,0.0,-4335.3,-433.5,3761.4
13:00,+70%,-15%,120m,200pt,10,0.0%,0.0,-4335.3,-433.5,3761.4
13:00,+50%,-15%,90m,200pt,10,0.0%,0.0,-4335.3,-433.5,3761.4
13:00,+50%,-15%,60m,200pt,10,0.0%,0.0,-4335.3,-433.5,3761.4
13:00,+50%,-15%,45m,200pt,10,0.0%,0.0,-4335.3,-433.5,3761.4
13:00,+50%,-15%,30m,200pt,10,0.0%,0.0,-4335.3,-433.5,3761.4
13:00,+70%,-15%,90m,200pt,10,0.0%,0.0,-4335.3,-433.5,3761.4
13:00,+15%,-15%,60m,200pt,10,0.0%,0.0,-4335.3,-433.5,3761.4
09:30,+35%,-25%,45m,400pt,9,0.0%,0.0,-4346.9,-483.0,3954.8
09:30,+70%,-30%,45m,400pt,9,0.0%,0.0,-4346.9,-483.0,3954.8
09:30,+50%,-25%,45m,400pt,9,0.0%,0.0,-4346.9,-483.0,3954.8
09:30,+50%,-30%,45m,400pt,9,0.0%,0.0,-4346.9,-483.0,3954.8
09:30,+15%,-25%,45m,400pt,9,0.0%,0.0,-4346.9,-483.0,3954.8
09:30,+35%,-30%,45m,400pt,9,0.0%,0.0,-4346.9,-483.0,3954.8
09:30,+70%,-25%,45m,400pt,9,0.0%,0.0,-4346.9,-483.0,3954.8
09:30,+25%,-30%,45m,400pt,9,0.0%,0.0,-4346.9,-483.0,3954.8
09:30,+15%,-30%,45m,400pt,9,0.0%,0.0,-4346.9,-483.0,3954.8
09:30,+25%,-25%,45m,400pt,9,0.0%,0.0,-4346.9,-483.0,3954.8
09:30,+35%,-30%,30m,0pt,9,0.0%,0.0,-4562.5,-506.9,4075.3
09:30,+70%,-10%,30m,0pt,9,0.0%,0.0,-4562.5,-506.9,4075.3
09:30,+50%,-30%,30m,0pt,9,0.0%,0.0,-4562.5,-506.9,4075.3
09:30,+25%,-10%,30m,0pt,9,0.0%,0.0,-4562.5,-506.9,4075.3
09:30,+25%,-25%,30m,0pt,9,0.0%,0.0,-4562.5,-506.9,4075.3
09:30,+50%,-15%,30m,0pt,9,0.0%,0.0,-4562.5,-506.9,4075.3
09:30,+70%,-15%,30m,0pt,9,0.0%,0.0,-4562.5,-506.9,4075.3
09:30,+50%,-25%,30m,0pt,9,0.0%,0.0,-4562.5,-506.9,4075.3
09:30,+50%,-10%,30m,0pt,9,0.0%,0.0,-4562.5,-506.9,4075.3
09:30,+25%,-20%,30m,0pt,9,0.0%,0.0,-4562.5,-506.9,4075.3
09:30,+50%,-20%,30m,0pt,9,0.0%,0.0,-4562.5,-506.9,4075.3
09:30,+15%,-15%,30m,0pt,9,0.0%,0.0,-4562.5,-506.9,4075.3
09:30,+15%,-20%,30m,0pt,9,0.0%,0.0,-4562.5,-506.9,4075.3
09:30,+70%,-30%,30m,0pt,9,0.0%,0.0,-4562.5,-506.9,4075.3
09:30,+35%,-20%,30m,0pt,9,0.0%,0.0,-4562.5,-506.9,4075.3
09:30,+35%,-25%,30m,0pt,9,0.0%,0.0,-4562.5,-506.9,4075.3
09:30,+35%,-10%,30m,0pt,9,0.0%,0.0,-4562.5,-506.9,4075.3
09:30,+35%,-15%,30m,0pt,9,0.0%,0.0,-4562.5,-506.9,4075.3
09:30,+25%,-30%,30m,0pt,9,0.0%,0.0,-4562.5,-506.9,4075.3
09:30,+15%,-10%,30m,0pt,9,0.0%,0.0,-4562.5,-506.9,4075.3
09:30,+70%,-20%,30m,0pt,9,0.0%,0.0,-4562.5,-506.9,4075.3
09:30,+25%,-15%,30m,0pt,9,0.0%,0.0,-4562.5,-506.9,4075.3
09:30,+70%,-25%,30m,0pt,9,0.0%,0.0,-4562.5,-506.9,4075.3
09:30,+15%,-30%,30m,0pt,9,0.0%,0.0,-4562.5,-506.9,4075.3
09:30,+15%,-25%,30m,0pt,9,0.0%,0.0,-4562.5,-506.9,4075.3
11:00,+70%,-25%,45m,400pt,10,0.0%,0.0,-4581.7,-458.2,3922.4
11:00,+15%,-25%,45m,400pt,10,0.0%,0.0,-4581.7,-458.2,3922.4
11:00,+50%,-25%,45m,400pt,10,0.0%,0.0,-4581.7,-458.2,3922.4
11:00,+25%,-25%,45m,400pt,10,0.0%,0.0,-4581.7,-458.2,3922.4
11:00,+35%,-25%,45m,400pt,10,0.0%,0.0,-4581.7,-458.2,3922.4
11:00,+15%,-30%,45m,400pt,10,0.0%,0.0,-4740.4,-474.0,4081.1
11:00,+70%,-30%,45m,400pt,10,0.0%,0.0,-4740.4,-474.0,4081.1
11:00,+25%,-30%,45m,400pt,10,0.0%,0.0,-4740.4,-474.0,4081.1
11:00,+50%,-30%,45m,400pt,10,0.0%,0.0,-4740.4,-474.0,4081.1
11:00,+35%,-30%,45m,400pt,10,0.0%,0.0,-4740.4,-474.0,4081.1
10:00,+25%,-20%,45m,400pt,10,0.0%,0.0,-4748.0,-474.8,4120.2
10:00,+70%,-20%,45m,400pt,10,0.0%,0.0,-4748.0,-474.8,4120.2
10:00,+15%,-20%,45m,400pt,10,0.0%,0.0,-4748.0,-474.8,4120.2
10:00,+35%,-20%,45m,400pt,10,0.0%,0.0,-4748.0,-474.8,4120.2
10:00,+50%,-20%,45m,400pt,10,0.0%,0.0,-4748.0,-474.8,4120.2
10:00,+15%,-10%,30m,200pt,10,0.0%,0.0,-4751.0,-475.1,4172.5
10:00,+25%,-10%,30m,200pt,10,0.0%,0.0,-4751.0,-475.1,4172.5
10:00,+50%,-10%,30m,200pt,10,0.0%,0.0,-4751.0,-475.1,4172.5
10:00,+70%,-10%,30m,200pt,10,0.0%,0.0,-4751.0,-475.1,4172.5
10:00,+35%,-10%,30m,200pt,10,0.0%,0.0,-4751.0,-475.1,4172.5
10:00,+25%,-20%,30m,200pt,10,0.0%,0.0,-4763.7,-476.4,4185.2
10:00,+35%,-15%,30m,200pt,10,0.0%,0.0,-4763.7,-476.4,4185.2
10:00,+50%,-30%,30m,200pt,10,0.0%,0.0,-4763.7,-476.4,4185.2
10:00,+50%,-15%,30m,200pt,10,0.0%,0.0,-4763.7,-476.4,4185.2
10:00,+35%,-30%,30m,200pt,10,0.0%,0.0,-4763.7,-476.4,4185.2
10:00,+15%,-15%,30m,200pt,10,0.0%,0.0,-4763.7,-476.4,4185.2
10:00,+50%,-20%,30m,200pt,10,0.0%,0.0,-4763.7,-476.4,4185.2
10:00,+50%,-25%,30m,200pt,10,0.0%,0.0,-4763.7,-476.4,4185.2
10:00,+25%,-15%,30m,200pt,10,0.0%,0.0,-4763.7,-476.4,4185.2
10:00,+25%,-25%,30m,200pt,10,0.0%,0.0,-4763.7,-476.4,4185.2
10:00,+70%,-30%,30m,200pt,10,0.0%,0.0,-4763.7,-476.4,4185.2
10:00,+70%,-20%,30m,200pt,10,0.0%,0.0,-4763.7,-476.4,4185.2
10:00,+70%,-25%,30m,200pt,10,0.0%,0.0,-4763.7,-476.4,4185.2
10:00,+70%,-15%,30m,200pt,10,0.0%,0.0,-4763.7,-476.4,4185.2
10:00,+35%,-25%,30m,200pt,10,0.0%,0.0,-4763.7,-476.4,4185.2
10:00,+15%,-30%,30m,200pt,10,0.0%,0.0,-4763.7,-476.4,4185.2
10:00,+35%,-20%,30m,200pt,10,0.0%,0.0,-4763.7,-476.4,4185.2
10:00,+15%,-25%,30m,200pt,10,0.0%,0.0,-4763.7,-476.4,4185.2
10:00,+15%,-20%,30m,200pt,10,0.0%,0.0,-4763.7,-476.4,4185.2
10:00,+25%,-30%,30m,200pt,10,0.0%,0.0,-4763.7,-476.4,4185.2
10:00,+25%,-30%,45m,400pt,10,0.0%,0.0,-4795.5,-479.6,4167.7
10:00,+15%,-30%,45m,400pt,10,0.0%,0.0,-4795.5,-479.6,4167.7
10:00,+35%,-25%,45m,400pt,10,0.0%,0.0,-4795.5,-479.6,4167.7
10:00,+50%,-30%,45m,400pt,10,0.0%,0.0,-4795.5,-479.6,4167.7
10:00,+50%,-25%,45m,400pt,10,0.0%,0.0,-4795.5,-479.6,4167.7
10:00,+25%,-25%,45m,400pt,10,0.0%,0.0,-4795.5,-479.6,4167.7
10:00,+35%,-30%,45m,400pt,10,0.0%,0.0,-4795.5,-479.6,4167.7
10:00,+70%,-25%,45m,400pt,10,0.0%,0.0,-4795.5,-479.6,4167.7
10:00,+70%,-30%,45m,400pt,10,0.0%,0.0,-4795.5,-479.6,4167.7
10:00,+15%,-25%,45m,400pt,10,0.0%,0.0,-4795.5,-479.6,4167.7
11:00,+50%,-10%,30m,200pt,10,0.0%,0.0,-4811.8,-481.2,4233.7
11:00,+15%,-10%,30m,200pt,10,0.0%,0.0,-4811.8,-481.2,4233.7
11:00,+70%,-10%,30m,200pt,10,0.0%,0.0,-4811.8,-481.2,4233.7
11:00,+25%,-10%,30m,200pt,10,0.0%,0.0,-4811.8,-481.2,4233.7
11:00,+35%,-10%,30m,200pt,10,0.0%,0.0,-4811.8,-481.2,4233.7
09:30,+70%,-20%,120m,400pt,9,0.0%,0.0,-4948.0,-549.8,4573.8
09:30,+35%,-20%,120m,400pt,9,0.0%,0.0,-4948.0,-549.8,4573.8
09:30,+35%,-20%,90m,400pt,9,0.0%,0.0,-4948.0,-549.8,4573.8
09:30,+15%,-20%,60m,400pt,9,0.0%,0.0,-4948.0,-549.8,4573.8
09:30,+15%,-20%,90m,400pt,9,0.0%,0.0,-4948.0,-549.8,4573.8
09:30,+15%,-20%,120m,400pt,9,0.0%,0.0,-4948.0,-549.8,4573.8
09:30,+70%,-20%,90m,400pt,9,0.0%,0.0,-4948.0,-549.8,4573.8
09:30,+50%,-20%,60m,400pt,9,0.0%,0.0,-4948.0,-549.8,4573.8
09:30,+50%,-20%,120m,400pt,9,0.0%,0.0,-4948.0,-549.8,4573.8
09:30,+50%,-20%,90m,400pt,9,0.0%,0.0,-4948.0,-549.8,4573.8
09:30,+25%,-20%,60m,400pt,9,0.0%,0.0,-4948.0,-549.8,4573.8
09:30,+25%,-20%,120m,400pt,9,0.0%,0.0,-4948.0,-549.8,4573.8
09:30,+70%,-20%,60m,400pt,9,0.0%,0.0,-4948.0,-549.8,4573.8
09:30,+35%,-20%,60m,400pt,9,0.0%,0.0,-4948.0,-549.8,4573.8
09:30,+25%,-20%,90m,400pt,9,0.0%,0.0,-4948.0,-549.8,4573.8
11:00,+25%,-25%,120m,400pt,10,0.0%,0.0,-5002.7,-500.3,4284.4
11:00,+25%,-25%,60m,400pt,10,0.0%,0.0,-5002.7,-500.3,4284.4
11:00,+50%,-25%,90m,400pt,10,0.0%,0.0,-5002.7,-500.3,4284.4
11:00,+50%,-25%,60m,400pt,10,0.0%,0.0,-5002.7,-500.3,4284.4
11:00,+70%,-25%,90m,400pt,10,0.0%,0.0,-5002.7,-500.3,4284.4
11:00,+35%,-25%,60m,400pt,10,0.0%,0.0,-5002.7,-500.3,4284.4
11:00,+15%,-25%,120m,400pt,10,0.0%,0.0,-5002.7,-500.3,4284.4
11:00,+15%,-25%,90m,400pt,10,0.0%,0.0,-5002.7,-500.3,4284.4
11:00,+35%,-25%,90m,400pt,10,0.0%,0.0,-5002.7,-500.3,4284.4
11:00,+35%,-25%,120m,400pt,10,0.0%,0.0,-5002.7,-500.3,4284.4
11:00,+70%,-25%,120m,400pt,10,0.0%,0.0,-5002.7,-500.3,4284.4
11:00,+15%,-25%,60m,400pt,10,0.0%,0.0,-5002.7,-500.3,4284.4
11:00,+50%,-25%,120m,400pt,10,0.0%,0.0,-5002.7,-500.3,4284.4
11:00,+25%,-25%,90m,400pt,10,0.0%,0.0,-5002.7,-500.3,4284.4
11:00,+70%,-25%,60m,400pt,10,0.0%,0.0,-5002.7,-500.3,4284.4
11:00,+15%,-30%,30m,200pt,10,0.0%,0.0,-5006.7,-500.7,4428.7
11:00,+35%,-30%,30m,200pt,10,0.0%,0.0,-5006.7,-500.7,4428.7
11:00,+35%,-25%,30m,200pt,10,0.0%,0.0,-5006.7,-500.7,4428.7
11:00,+70%,-30%,30m,200pt,10,0.0%,0.0,-5006.7,-500.7,4428.7
11:00,+35%,-20%,30m,200pt,10,0.0%,0.0,-5006.7,-500.7,4428.7
11:00,+25%,-25%,30m,200pt,10,0.0%,0.0,-5006.7,-500.7,4428.7
11:00,+25%,-30%,30m,200pt,10,0.0%,0.0,-5006.7,-500.7,4428.7
11:00,+70%,-15%,30m,200pt,10,0.0%,0.0,-5006.7,-500.7,4428.7
11:00,+25%,-15%,30m,200pt,10,0.0%,0.0,-5006.7,-500.7,4428.7
11:00,+70%,-25%,30m,200pt,10,0.0%,0.0,-5006.7,-500.7,4428.7
11:00,+15%,-20%,30m,200pt,10,0.0%,0.0,-5006.7,-500.7,4428.7
11:00,+70%,-20%,30m,200pt,10,0.0%,0.0,-5006.7,-500.7,4428.7
11:00,+35%,-15%,30m,200pt,10,0.0%,0.0,-5006.7,-500.7,4428.7
11:00,+50%,-15%,30m,200pt,10,0.0%,0.0,-5006.7,-500.7,4428.7
11:00,+50%,-25%,30m,200pt,10,0.0%,0.0,-5006.7,-500.7,4428.7
11:00,+50%,-20%,30m,200pt,10,0.0%,0.0,-5006.7,-500.7,4428.7
11:00,+15%,-25%,30m,200pt,10,0.0%,0.0,-5006.7,-500.7,4428.7
11:00,+50%,-30%,30m,200pt,10,0.0%,0.0,-5006.7,-500.7,4428.7
11:00,+15%,-15%,30m,200pt,10,0.0%,0.0,-5006.7,-500.7,4428.7
11:00,+25%,-20%,30m,200pt,10,0.0%,0.0,-5006.7,-500.7,4428.7
11:00,+25%,-10%,120m,200pt,10,0.0%,0.0,-5019.2,-501.9,4376.3
11:00,+50%,-10%,45m,200pt,10,0.0%,0.0,-5019.2,-501.9,4376.3
11:00,+15%,-10%,90m,200pt,10,0.0%,0.0,-5019.2,-501.9,4376.3
11:00,+15%,-10%,60m,200pt,10,0.0%,0.0,-5019.2,-501.9,4376.3
11:00,+70%,-10%,60m,200pt,10,0.0%,0.0,-5019.2,-501.9,4376.3
11:00,+25%,-10%,60m,200pt,10,0.0%,0.0,-5019.2,-501.9,4376.3
11:00,+35%,-10%,120m,200pt,10,0.0%,0.0,-5019.2,-501.9,4376.3
11:00,+15%,-10%,120m,200pt,10,0.0%,0.0,-5019.2,-501.9,4376.3
11:00,+15%,-10%,45m,200pt,10,0.0%,0.0,-5019.2,-501.9,4376.3
11:00,+70%,-10%,45m,200pt,10,0.0%,0.0,-5019.2,-501.9,4376.3
11:00,+70%,-10%,90m,200pt,10,0.0%,0.0,-5019.2,-501.9,4376.3
11:00,+70%,-10%,120m,200pt,10,0.0%,0.0,-5019.2,-501.9,4376.3
11:00,+25%,-10%,45m,200pt,10,0.0%,0.0,-5019.2,-501.9,4376.3
11:00,+35%,-10%,60m,200pt,10,0.0%,0.0,-5019.2,-501.9,4376.3
11:00,+50%,-10%,60m,200pt,10,0.0%,0.0,-5019.2,-501.9,4376.3
11:00,+35%,-10%,45m,200pt,10,0.0%,0.0,-5019.2,-501.9,4376.3
11:00,+25%,-10%,90m,200pt,10,0.0%,0.0,-5019.2,-501.9,4376.3
11:00,+35%,-10%,90m,200pt,10,0.0%,0.0,-5019.2,-501.9,4376.3
11:00,+50%,-10%,120m,200pt,10,0.0%,0.0,-5019.2,-501.9,4376.3
11:00,+50%,-10%,90m,200pt,10,0.0%,0.0,-5019.2,-501.9,4376.3
10:00,+35%,-20%,120m,400pt,10,0.0%,0.0,-5260.3,-526.0,4524.4
10:00,+25%,-20%,60m,400pt,10,0.0%,0.0,-5260.3,-526.0,4524.4
10:00,+15%,-20%,90m,400pt,10,0.0%,0.0,-5260.3,-526.0,4524.4
10:00,+50%,-20%,60m,400pt,10,0.0%,0.0,-5260.3,-526.0,4524.4
10:00,+35%,-20%,90m,400pt,10,0.0%,0.0,-5260.3,-526.0,4524.4
10:00,+35%,-20%,60m,400pt,10,0.0%,0.0,-5260.3,-526.0,4524.4
10:00,+50%,-20%,120m,400pt,10,0.0%,0.0,-5260.3,-526.0,4524.4
10:00,+50%,-20%,90m,400pt,10,0.0%,0.0,-5260.3,-526.0,4524.4
10:00,+25%,-20%,90m,400pt,10,0.0%,0.0,-5260.3,-526.0,4524.4
10:00,+15%,-20%,60m,400pt,10,0.0%,0.0,-5260.3,-526.0,4524.4
10:00,+15%,-20%,120m,400pt,10,0.0%,0.0,-5260.3,-526.0,4524.4
10:00,+70%,-20%,90m,400pt,10,0.0%,0.0,-5260.3,-526.0,4524.4
10:00,+70%,-20%,60m,400pt,10,0.0%,0.0,-5260.3,-526.0,4524.4
10:00,+25%,-20%,120m,400pt,10,0.0%,0.0,-5260.3,-526.0,4524.4
10:00,+70%,-20%,120m,400pt,10,0.0%,0.0,-5260.3,-526.0,4524.4
10:00,+50%,-25%,30m,0pt,10,0.0%,0.0,-5312.3,-531.2,4686.2
10:00,+35%,-25%,30m,0pt,10,0.0%,0.0,-5312.3,-531.2,4686.2
10:00,+35%,-20%,30m,0pt,10,0.0%,0.0,-5312.3,-531.2,4686.2
10:00,+50%,-20%,30m,0pt,10,0.0%,0.0,-5312.3,-531.2,4686.2
10:00,+35%,-15%,30m,0pt,10,0.0%,0.0,-5312.3,-531.2,4686.2
10:00,+50%,-10%,30m,0pt,10,0.0%,0.0,-5312.3,-531.2,4686.2
10:00,+35%,-30%,30m,0pt,10,0.0%,0.0,-5312.3,-531.2,4686.2
10:00,+50%,-15%,30m,0pt,10,0.0%,0.0,-5312.3,-531.2,4686.2
10:00,+15%,-15%,30m,0pt,10,0.0%,0.0,-5312.3,-531.2,4686.2
10:00,+25%,-15%,30m,0pt,10,0.0%,0.0,-5312.3,-531.2,4686.2
10:00,+25%,-10%,30m,0pt,10,0.0%,0.0,-5312.3,-531.2,4686.2
10:00,+25%,-20%,30m,0pt,10,0.0%,0.0,-5312.3,-531.2,4686.2
10:00,+25%,-30%,30m,0pt,10,0.0%,0.0,-5312.3,-531.2,4686.2
10:00,+50%,-30%,30m,0pt,10,0.0%,0.0,-5312.3,-531.2,4686.2
10:00,+70%,-10%,30m,0pt,10,0.0%,0.0,-5312.3,-531.2,4686.2
10:00,+70%,-15%,30m,0pt,10,0.0%,0.0,-5312.3,-531.2,4686.2
10:00,+70%,-25%,30m,0pt,10,0.0%,0.0,-5312.3,-531.2,4686.2
10:00,+35%,-10%,30m,0pt,10,0.0%,0.0,-5312.3,-531.2,4686.2
10:00,+15%,-20%,30m,0pt,10,0.0%,0.0,-5312.3,-531.2,4686.2
10:00,+70%,-20%,30m,0pt,10,0.0%,0.0,-5312.3,-531.2,4686.2
10:00,+70%,-30%,30m,0pt,10,0.0%,0.0,-5312.3,-531.2,4686.2
10:00,+25%,-25%,30m,0pt,10,0.0%,0.0,-5312.3,-531.2,4686.2
10:00,+15%,-10%,30m,0pt,10,0.0%,0.0,-5312.3,-531.2,4686.2
10:00,+15%,-30%,30m,0pt,10,0.0%,0.0,-5312.3,-531.2,4686.2
10:00,+15%,-25%,30m,0pt,10,0.0%,0.0,-5312.3,-531.2,4686.2
13:00,+15%,-20%,30m,200pt,10,0.0%,0.0,-5386.8,-538.7,4660.0
13:00,+70%,-20%,30m,200pt,10,0.0%,0.0,-5386.8,-538.7,4660.0
13:00,+35%,-20%,30m,200pt,10,0.0%,0.0,-5386.8,-538.7,4660.0
13:00,+50%,-20%,30m,200pt,10,0.0%,0.0,-5386.8,-538.7,4660.0
13:00,+25%,-20%,30m,200pt,10,0.0%,0.0,-5386.8,-538.7,4660.0
12:00,+15%,-15%,30m,200pt,10,0.0%,0.0,-5388.8,-538.9,4682.4
12:00,+35%,-15%,30m,200pt,10,0.0%,0.0,-5388.8,-538.9,4682.4
12:00,+50%,-15%,30m,200pt,10,0.0%,0.0,-5388.8,-538.9,4682.4
12:00,+70%,-15%,30m,200pt,10,0.0%,0.0,-5388.8,-538.9,4682.4
12:00,+25%,-15%,30m,200pt,10,0.0%,0.0,-5388.8,-538.9,4682.4
09:30,+15%,-25%,60m,400pt,9,0.0%,0.0,-5414.1,-601.6,4969.1
09:30,+25%,-25%,60m,400pt,9,0.0%,0.0,-5414.1,-601.6,4969.1
09:30,+50%,-25%,60m,400pt,9,0.0%,0.0,-5414.1,-601.6,4969.1
09:30,+35%,-25%,60m,400pt,9,0.0%,0.0,-5414.1,-601.6,4969.1
09:30,+70%,-25%,60m,400pt,9,0.0%,0.0,-5414.1,-601.6,4969.1
09:30,+25%,-10%,90m,200pt,9,0.0%,0.0,-5439.5,-604.4,4960.4
09:30,+25%,-10%,45m,200pt,9,0.0%,0.0,-5439.5,-604.4,4960.4
09:30,+35%,-10%,45m,200pt,9,0.0%,0.0,-5439.5,-604.4,4960.4
09:30,+25%,-10%,60m,200pt,9,0.0%,0.0,-5439.5,-604.4,4960.4
09:30,+25%,-10%,120m,200pt,9,0.0%,0.0,-5439.5,-604.4,4960.4
09:30,+70%,-10%,60m,200pt,9,0.0%,0.0,-5439.5,-604.4,4960.4
09:30,+70%,-10%,120m,200pt,9,0.0%,0.0,-5439.5,-604.4,4960.4
09:30,+70%,-10%,90m,200pt,9,0.0%,0.0,-5439.5,-604.4,4960.4
09:30,+35%,-10%,90m,200pt,9,0.0%,0.0,-5439.5,-604.4,4960.4
09:30,+15%,-10%,60m,200pt,9,0.0%,0.0,-5439.5,-604.4,4960.4
09:30,+35%,-10%,60m,200pt,9,0.0%,0.0,-5439.5,-604.4,4960.4
09:30,+15%,-10%,120m,200pt,9,0.0%,0.0,-5439.5,-604.4,4960.4
09:30,+50%,-10%,60m,200pt,9,0.0%,0.0,-5439.5,-604.4,4960.4
09:30,+70%,-10%,45m,200pt,9,0.0%,0.0,-5439.5,-604.4,4960.4
09:30,+50%,-10%,90m,200pt,9,0.0%,0.0,-5439.5,-604.4,4960.4
09:30,+50%,-10%,45m,200pt,9,0.0%,0.0,-5439.5,-604.4,4960.4
09:30,+35%,-10%,120m,200pt,9,0.0%,0.0,-5439.5,-604.4,4960.4
09:30,+15%,-10%,45m,200pt,9,0.0%,0.0,-5439.5,-604.4,4960.4
09:30,+15%,-10%,90m,200pt,9,0.0%,0.0,-5439.5,-604.4,4960.4
09:30,+50%,-10%,120m,200pt,9,0.0%,0.0,-5439.5,-604.4,4960.4
09:30,+50%,-30%,60m,400pt,9,0.0%,0.0,-5458.0,-606.4,4997.9
09:30,+35%,-30%,60m,400pt,9,0.0%,0.0,-5458.0,-606.4,4997.9
09:30,+15%,-30%,60m,400pt,9,0.0%,0.0,-5458.0,-606.4,4997.9
09:30,+25%,-30%,60m,400pt,9,0.0%,0.0,-5458.0,-606.4,4997.9
09:30,+70%,-30%,60m,400pt,9,0.0%,0.0,-5458.0,-606.4,4997.9
12:00,+15%,-20%,30m,200pt,10,0.0%,0.0,-5458.3,-545.8,4751.9
12:00,+15%,-25%,30m,200pt,10,0.0%,0.0,-5458.3,-545.8,4751.9
12:00,+25%,-20%,30m,200pt,10,0.0%,0.0,-5458.3,-545.8,4751.9
12:00,+25%,-30%,30m,200pt,10,0.0%,0.0,-5458.3,-545.8,4751.9
12:00,+15%,-30%,30m,200pt,10,0.0%,0.0,-5458.3,-545.8,4751.9
12:00,+25%,-25%,30m,200pt,10,0.0%,0.0,-5458.3,-545.8,4751.9
12:00,+35%,-25%,30m,200pt,10,0.0%,0.0,-5458.3,-545.8,4751.9
12:00,+50%,-30%,30m,200pt,10,0.0%,0.0,-5458.3,-545.8,4751.9
12:00,+50%,-20%,30m,200pt,10,0.0%,0.0,-5458.3,-545.8,4751.9
12:00,+35%,-20%,30m,200pt,10,0.0%,0.0,-5458.3,-545.8,4751.9
12:00,+35%,-30%,30m,200pt,10,0.0%,0.0,-5458.3,-545.8,4751.9
12:00,+50%,-25%,30m,200pt,10,0.0%,0.0,-5458.3,-545.8,4751.9
12:00,+70%,-30%,30m,200pt,10,0.0%,0.0,-5458.3,-545.8,4751.9
12:00,+70%,-25%,30m,200pt,10,0.0%,0.0,-5458.3,-545.8,4751.9
12:00,+70%,-20%,30m,200pt,10,0.0%,0.0,-5458.3,-545.8,4751.9
13:00,+70%,-20%,90m,200pt,10,0.0%,0.0,-5479.6,-548.0,4752.7
13:00,+70%,-20%,60m,200pt,10,0.0%,0.0,-5479.6,-548.0,4752.7
13:00,+70%,-20%,45m,200pt,10,0.0%,0.0,-5479.6,-548.0,4752.7
13:00,+70%,-20%,120m,200pt,10,0.0%,0.0,-5479.6,-548.0,4752.7
13:00,+50%,-20%,90m,200pt,10,0.0%,0.0,-5479.6,-548.0,4752.7
13:00,+50%,-20%,120m,200pt,10,0.0%,0.0,-5479.6,-548.0,4752.7
13:00,+50%,-20%,45m,200pt,10,0.0%,0.0,-5479.6,-548.0,4752.7
13:00,+50%,-20%,60m,200pt,10,0.0%,0.0,-5479.6,-548.0,4752.7
13:00,+35%,-20%,45m,200pt,10,0.0%,0.0,-5479.6,-548.0,4752.7
13:00,+35%,-20%,60m,200pt,10,0.0%,0.0,-5479.6,-548.0,4752.7
13:00,+35%,-20%,90m,200pt,10,0.0%,0.0,-5479.6,-548.0,4752.7
13:00,+35%,-20%,120m,200pt,10,0.0%,0.0,-5479.6,-548.0,4752.7
13:00,+25%,-20%,60m,200pt,10,0.0%,0.0,-5479.6,-548.0,4752.7
13:00,+25%,-20%,90m,200pt,10,0.0%,0.0,-5479.6,-548.0,4752.7
13:00,+25%,-20%,120m,200pt,10,0.0%,0.0,-5479.6,-548.0,4752.7
13:00,+25%,-20%,45m,200pt,10,0.0%,0.0,-5479.6,-548.0,4752.7
13:00,+15%,-20%,120m,200pt,10,0.0%,0.0,-5479.6,-548.0,4752.7
13:00,+15%,-20%,45m,200pt,10,0.0%,0.0,-5479.6,-548.0,4752.7
13:00,+15%,-20%,60m,200pt,10,0.0%,0.0,-5479.6,-548.0,4752.7
13:00,+15%,-20%,90m,200pt,10,0.0%,0.0,-5479.6,-548.0,4752.7
11:00,+35%,-30%,60m,400pt,10,0.0%,0.0,-5668.0,-566.8,4847.4
11:00,+15%,-30%,60m,400pt,10,0.0%,0.0,-5668.0,-566.8,4847.4
11:00,+70%,-30%,60m,400pt,10,0.0%,0.0,-5668.0,-566.8,4847.4
11:00,+50%,-30%,60m,400pt,10,0.0%,0.0,-5668.0,-566.8,4847.4
11:00,+25%,-30%,60m,400pt,10,0.0%,0.0,-5668.0,-566.8,4847.4
13:00,+50%,-25%,30m,200pt,10,0.0%,0.0,-5709.3,-570.9,4963.1
13:00,+25%,-25%,30m,200pt,10,0.0%,0.0,-5709.3,-570.9,4963.1
13:00,+15%,-25%,30m,200pt,10,0.0%,0.0,-5709.3,-570.9,4963.1
13:00,+35%,-25%,30m,200pt,10,0.0%,0.0,-5709.3,-570.9,4963.1
13:00,+70%,-25%,30m,200pt,10,0.0%,0.0,-5709.3,-570.9,4963.1
11:00,+70%,-25%,30m,0pt,10,0.0%,0.0,-5739.3,-573.9,5103.2
11:00,+35%,-30%,30m,0pt,10,0.0%,0.0,-5739.3,-573.9,5103.2
11:00,+15%,-30%,30m,0pt,10,0.0%,0.0,-5739.3,-573.9,5103.2
11:00,+70%,-20%,30m,0pt,10,0.0%,0.0,-5739.3,-573.9,5103.2
11:00,+15%,-25%,30m,0pt,10,0.0%,0.0,-5739.3,-573.9,5103.2
11:00,+70%,-15%,30m,0pt,10,0.0%,0.0,-5739.3,-573.9,5103.2
11:00,+25%,-20%,30m,0pt,10,0.0%,0.0,-5739.3,-573.9,5103.2
11:00,+15%,-15%,30m,0pt,10,0.0%,0.0,-5739.3,-573.9,5103.2
11:00,+15%,-20%,30m,0pt,10,0.0%,0.0,-5739.3,-573.9,5103.2
11:00,+25%,-15%,30m,0pt,10,0.0%,0.0,-5739.3,-573.9,5103.2
11:00,+70%,-30%,30m,0pt,10,0.0%,0.0,-5739.3,-573.9,5103.2
11:00,+50%,-25%,30m,0pt,10,0.0%,0.0,-5739.3,-573.9,5103.2
11:00,+70%,-10%,30m,0pt,10,0.0%,0.0,-5739.3,-573.9,5103.2
11:00,+25%,-25%,30m,0pt,10,0.0%,0.0,-5739.3,-573.9,5103.2
11:00,+35%,-10%,30m,0pt,10,0.0%,0.0,-5739.3,-573.9,5103.2
11:00,+15%,-10%,30m,0pt,10,0.0%,0.0,-5739.3,-573.9,5103.2
11:00,+50%,-10%,30m,0pt,10,0.0%,0.0,-5739.3,-573.9,5103.2
11:00,+25%,-10%,30m,0pt,10,0.0%,0.0,-5739.3,-573.9,5103.2
11:00,+35%,-20%,30m,0pt,10,0.0%,0.0,-5739.3,-573.9,5103.2
11:00,+35%,-25%,30m,0pt,10,0.0%,0.0,-5739.3,-573.9,5103.2
11:00,+50%,-20%,30m,0pt,10,0.0%,0.0,-5739.3,-573.9,5103.2
11:00,+25%,-30%,30m,0pt,10,0.0%,0.0,-5739.3,-573.9,5103.2
11:00,+50%,-30%,30m,0pt,10,0.0%,0.0,-5739.3,-573.9,5103.2
11:00,+35%,-15%,30m,0pt,10,0.0%,0.0,-5739.3,-573.9,5103.2
11:00,+50%,-15%,30m,0pt,10,0.0%,0.0,-5739.3,-573.9,5103.2
11:00,+25%,-30%,90m,400pt,10,0.0%,0.0,-5759.4,-575.9,4918.9
11:00,+50%,-30%,120m,400pt,10,0.0%,0.0,-5759.4,-575.9,4918.9
11:00,+35%,-30%,120m,400pt,10,0.0%,0.0,-5759.4,-575.9,4918.9
11:00,+35%,-30%,90m,400pt,10,0.0%,0.0,-5759.4,-575.9,4918.9
11:00,+70%,-30%,90m,400pt,10,0.0%,0.0,-5759.4,-575.9,4918.9
11:00,+15%,-30%,90m,400pt,10,0.0%,0.0,-5759.4,-575.9,4918.9
11:00,+15%,-30%,120m,400pt,10,0.0%,0.0,-5759.4,-575.9,4918.9
11:00,+70%,-30%,120m,400pt,10,0.0%,0.0,-5759.4,-575.9,4918.9
11:00,+50%,-30%,90m,400pt,10,0.0%,0.0,-5759.4,-575.9,4918.9
11:00,+25%,-30%,120m,400pt,10,0.0%,0.0,-5759.4,-575.9,4918.9
13:00,+70%,-30%,30m,200pt,10,0.0%,0.0,-5782.5,-578.2,5036.4
13:00,+35%,-30%,30m,200pt,10,0.0%,0.0,-5782.5,-578.2,5036.4
13:00,+50%,-30%,30m,200pt,10,0.0%,0.0,-5782.5,-578.2,5036.4
13:00,+25%,-30%,30m,200pt,10,0.0%,0.0,-5782.5,-578.2,5036.4
13:00,+15%,-30%,30m,200pt,10,0.0%,0.0,-5782.5,-578.2,5036.4
10:00,+50%,-10%,120m,200pt,10,0.0%,0.0,-5792.3,-579.2,5058.3
10:00,+70%,-10%,120m,200pt,10,0.0%,0.0,-5792.3,-579.2,5058.3
10:00,+35%,-10%,45m,200pt,10,0.0%,0.0,-5792.3,-579.2,5058.3
10:00,+15%,-10%,120m,200pt,10,0.0%,0.0,-5792.3,-579.2,5058.3
10:00,+35%,-10%,60m,200pt,10,0.0%,0.0,-5792.3,-579.2,5058.3
10:00,+70%,-10%,90m,200pt,10,0.0%,0.0,-5792.3,-579.2,5058.3
10:00,+70%,-10%,45m,200pt,10,0.0%,0.0,-5792.3,-579.2,5058.3
10:00,+70%,-10%,60m,200pt,10,0.0%,0.0,-5792.3,-579.2,5058.3
10:00,+50%,-10%,90m,200pt,10,0.0%,0.0,-5792.3,-579.2,5058.3
10:00,+25%,-10%,45m,200pt,10,0.0%,0.0,-5792.3,-579.2,5058.3
10:00,+25%,-10%,60m,200pt,10,0.0%,0.0,-5792.3,-579.2,5058.3
10:00,+25%,-10%,120m,200pt,10,0.0%,0.0,-5792.3,-579.2,5058.3
10:00,+25%,-10%,90m,200pt,10,0.0%,0.0,-5792.3,-579.2,5058.3
10:00,+50%,-10%,45m,200pt,10,0.0%,0.0,-5792.3,-579.2,5058.3
10:00,+35%,-10%,120m,200pt,10,0.0%,0.0,-5792.3,-579.2,5058.3
10:00,+35%,-10%,90m,200pt,10,0.0%,0.0,-5792.3,-579.2,5058.3
10:00,+50%,-10%,60m,200pt,10,0.0%,0.0,-5792.3,-579.2,5058.3
10:00,+15%,-10%,90m,200pt,10,0.0%,0.0,-5792.3,-579.2,5058.3
10:00,+15%,-10%,60m,200pt,10,0.0%,0.0,-5792.3,-579.2,5058.3
10:00,+15%,-10%,45m,200pt,10,0.0%,0.0,-5792.3,-579.2,5058.3
12:00,+15%,-15%,120m,200pt,10,0.0%,0.0,-5793.1,-579.3,5036.5
12:00,+15%,-15%,90m,200pt,10,0.0%,0.0,-5793.1,-579.3,5036.5
12:00,+15%,-15%,45m,200pt,10,0.0%,0.0,-5793.1,-579.3,5036.5
12:00,+25%,-15%,60m,200pt,10,0.0%,0.0,-5793.1,-579.3,5036.5
12:00,+25%,-15%,45m,200pt,10,0.0%,0.0,-5793.1,-579.3,5036.5
12:00,+70%,-15%,120m,200pt,10,0.0%,0.0,-5793.1,-579.3,5036.5
12:00,+25%,-15%,90m,200pt,10,0.0%,0.0,-5793.1,-579.3,5036.5
12:00,+15%,-15%,60m,200pt,10,0.0%,0.0,-5793.1,-579.3,5036.5
12:00,+70%,-15%,45m,200pt,10,0.0%,0.0,-5793.1,-579.3,5036.5
12:00,+70%,-15%,60m,200pt,10,0.0%,0.0,-5793.1,-579.3,5036.5
12:00,+25%,-15%,120m,200pt,10,0.0%,0.0,-5793.1,-579.3,5036.5
12:00,+35%,-15%,45m,200pt,10,0.0%,0.0,-5793.1,-579.3,5036.5
12:00,+50%,-15%,45m,200pt,10,0.0%,0.0,-5793.1,-579.3,5036.5
12:00,+70%,-15%,90m,200pt,10,0.0%,0.0,-5793.1,-579.3,5036.5
12:00,+50%,-15%,90m,200pt,10,0.0%,0.0,-5793.1,-579.3,5036.5
12:00,+50%,-15%,60m,200pt,10,0.0%,0.0,-5793.1,-579.3,5036.5
12:00,+35%,-15%,90m,200pt,10,0.0%,0.0,-5793.1,-579.3,5036.5
12:00,+35%,-15%,60m,200pt,10,0.0%,0.0,-5793.1,-579.3,5036.5
12:00,+35%,-15%,120m,200pt,10,0.0%,0.0,-5793.1,-579.3,5036.5
12:00,+50%,-15%,120m,200pt,10,0.0%,0.0,-5793.1,-579.3,5036.5
09:30,+15%,-25%,45m,200pt,9,0.0%,0.0,-5947.3,-660.8,5349.9
09:30,+15%,-30%,45m,200pt,9,0.0%,0.0,-5947.3,-660.8,5349.9
09:30,+70%,-30%,45m,200pt,9,0.0%,0.0,-5947.3,-660.8,5349.9
09:30,+50%,-30%,45m,200pt,9,0.0%,0.0,-5947.3,-660.8,5349.9
09:30,+70%,-15%,45m,200pt,9,0.0%,0.0,-5947.3,-660.8,5349.9
09:30,+50%,-25%,45m,200pt,9,0.0%,0.0,-5947.3,-660.8,5349.9
09:30,+35%,-30%,45m,200pt,9,0.0%,0.0,-5947.3,-660.8,5349.9
09:30,+25%,-25%,45m,200pt,9,0.0%,0.0,-5947.3,-660.8,5349.9
09:30,+25%,-15%,45m,200pt,9,0.0%,0.0,-5947.3,-660.8,5349.9
09:30,+50%,-20%,45m,200pt,9,0.0%,0.0,-5947.3,-660.8,5349.9
09:30,+50%,-15%,45m,200pt,9,0.0%,0.0,-5947.3,-660.8,5349.9
09:30,+25%,-20%,45m,200pt,9,0.0%,0.0,-5947.3,-660.8,5349.9
09:30,+70%,-20%,45m,200pt,9,0.0%,0.0,-5947.3,-660.8,5349.9
09:30,+35%,-25%,45m,200pt,9,0.0%,0.0,-5947.3,-660.8,5349.9
09:30,+35%,-15%,45m,200pt,9,0.0%,0.0,-5947.3,-660.8,5349.9
09:30,+35%,-20%,45m,200pt,9,0.0%,0.0,-5947.3,-660.8,5349.9
09:30,+25%,-30%,45m,200pt,9,0.0%,0.0,-5947.3,-660.8,5349.9
09:30,+70%,-25%,45m,200pt,9,0.0%,0.0,-5947.3,-660.8,5349.9
09:30,+15%,-20%,45m,200pt,9,0.0%,0.0,-5947.3,-660.8,5349.9
09:30,+15%,-15%,45m,200pt,9,0.0%,0.0,-5947.3,-660.8,5349.9
10:00,+25%,-25%,60m,400pt,10,0.0%,0.0,-5976.1,-597.6,5145.8
10:00,+35%,-25%,60m,400pt,10,0.0%,0.0,-5976.1,-597.6,5145.8
10:00,+70%,-25%,60m,400pt,10,0.0%,0.0,-5976.1,-597.6,5145.8
10:00,+15%,-25%,60m,400pt,10,0.0%,0.0,-5976.1,-597.6,5145.8
10:00,+50%,-25%,60m,400pt,10,0.0%,0.0,-5976.1,-597.6,5145.8
09:30,+35%,-25%,90m,400pt,9,0.0%,0.0,-6020.8,-669.0,5575.9
09:30,+15%,-25%,90m,400pt,9,0.0%,0.0,-6020.8,-669.0,5575.9
09:30,+25%,-25%,90m,400pt,9,0.0%,0.0,-6020.8,-669.0,5575.9
09:30,+35%,-25%,120m,400pt,9,0.0%,0.0,-6020.8,-669.0,5575.9
09:30,+15%,-25%,120m,400pt,9,0.0%,0.0,-6020.8,-669.0,5575.9
09:30,+25%,-25%,120m,400pt,9,0.0%,0.0,-6020.8,-669.0,5575.9
09:30,+70%,-25%,120m,400pt,9,0.0%,0.0,-6020.8,-669.0,5575.9
09:30,+50%,-25%,120m,400pt,9,0.0%,0.0,-6020.8,-669.0,5575.9
09:30,+70%,-25%,90m,400pt,9,0.0%,0.0,-6020.8,-669.0,5575.9
09:30,+50%,-25%,90m,400pt,9,0.0%,0.0,-6020.8,-669.0,5575.9
10:00,+35%,-30%,60m,400pt,10,0.0%,0.0,-6249.7,-625.0,5419.4
10:00,+70%,-30%,60m,400pt,10,0.0%,0.0,-6249.7,-625.0,5419.4
10:00,+50%,-30%,60m,400pt,10,0.0%,0.0,-6249.7,-625.0,5419.4
10:00,+15%,-30%,60m,400pt,10,0.0%,0.0,-6249.7,-625.0,5419.4
10:00,+25%,-30%,60m,400pt,10,0.0%,0.0,-6249.7,-625.0,5419.4
10:00,+35%,-25%,90m,400pt,10,0.0%,0.0,-6367.0,-636.7,5458.2
10:00,+70%,-25%,90m,400pt,10,0.0%,0.0,-6367.0,-636.7,5458.2
10:00,+50%,-25%,120m,400pt,10,0.0%,0.0,-6367.0,-636.7,5458.2
10:00,+50%,-25%,90m,400pt,10,0.0%,0.0,-6367.0,-636.7,5458.2
10:00,+35%,-25%,120m,400pt,10,0.0%,0.0,-6367.0,-636.7,5458.2
10:00,+70%,-25%,120m,400pt,10,0.0%,0.0,-6367.0,-636.7,5458.2
10:00,+25%,-25%,120m,400pt,10,0.0%,0.0,-6367.0,-636.7,5458.2
10:00,+15%,-25%,90m,400pt,10,0.0%,0.0,-6367.0,-636.7,5458.2
10:00,+15%,-25%,120m,400pt,10,0.0%,0.0,-6367.0,-636.7,5458.2
10:00,+25%,-25%,90m,400pt,10,0.0%,0.0,-6367.0,-636.7,5458.2
12:00,+50%,-10%,30m,0pt,10,0.0%,0.0,-6528.9,-652.9,5724.2
12:00,+50%,-20%,30m,0pt,10,0.0%,0.0,-6528.9,-652.9,5724.2
12:00,+70%,-20%,30m,0pt,10,0.0%,0.0,-6528.9,-652.9,5724.2
12:00,+50%,-15%,30m,0pt,10,0.0%,0.0,-6528.9,-652.9,5724.2
12:00,+50%,-25%,30m,0pt,10,0.0%,0.0,-6528.9,-652.9,5724.2
12:00,+35%,-10%,30m,0pt,10,0.0%,0.0,-6528.9,-652.9,5724.2
12:00,+70%,-25%,30m,0pt,10,0.0%,0.0,-6528.9,-652.9,5724.2
12:00,+70%,-30%,30m,0pt,10,0.0%,0.0,-6528.9,-652.9,5724.2
12:00,+50%,-30%,30m,0pt,10,0.0%,0.0,-6528.9,-652.9,5724.2
12:00,+70%,-10%,30m,0pt,10,0.0%,0.0,-6528.9,-652.9,5724.2
12:00,+70%,-15%,30m,0pt,10,0.0%,0.0,-6528.9,-652.9,5724.2
12:00,+35%,-15%,30m,0pt,10,0.0%,0.0,-6528.9,-652.9,5724.2
12:00,+15%,-15%,30m,0pt,10,0.0%,0.0,-6528.9,-652.9,5724.2
12:00,+35%,-20%,30m,0pt,10,0.0%,0.0,-6528.9,-652.9,5724.2
12:00,+35%,-25%,30m,0pt,10,0.0%,0.0,-6528.9,-652.9,5724.2
12:00,+35%,-30%,30m,0pt,10,0.0%,0.0,-6528.9,-652.9,5724.2
12:00,+25%,-20%,30m,0pt,10,0.0%,0.0,-6528.9,-652.9,5724.2
12:00,+25%,-25%,30m,0pt,10,0.0%,0.0,-6528.9,-652.9,5724.2
12:00,+25%,-10%,30m,0pt,10,0.0%,0.0,-6528.9,-652.9,5724.2
12:00,+15%,-25%,30m,0pt,10,0.0%,0.0,-6528.9,-652.9,5724.2
12:00,+25%,-30%,30m,0pt,10,0.0%,0.0,-6528.9,-652.9,5724.2
12:00,+15%,-20%,30m,0pt,10,0.0%,0.0,-6528.9,-652.9,5724.2
12:00,+15%,-10%,30m,0pt,10,0.0%,0.0,-6528.9,-652.9,5724.2
12:00,+25%,-15%,30m,0pt,10,0.0%,0.0,-6528.9,-652.9,5724.2
12:00,+15%,-30%,30m,0pt,10,0.0%,0.0,-6528.9,-652.9,5724.2
13:00,+70%,-25%,60m,200pt,10,0.0%,0.0,-6640.0,-664.0,5751.2
13:00,+70%,-25%,45m,200pt,10,0.0%,0.0,-6640.0,-664.0,5751.2
13:00,+70%,-25%,120m,200pt,10,0.0%,0.0,-6640.0,-664.0,5751.2
13:00,+15%,-25%,60m,200pt,10,0.0%,0.0,-6640.0,-664.0,5751.2
13:00,+15%,-25%,90m,200pt,10,0.0%,0.0,-6640.0,-664.0,5751.2
13:00,+15%,-25%,120m,200pt,10,0.0%,0.0,-6640.0,-664.0,5751.2
13:00,+15%,-25%,45m,200pt,10,0.0%,0.0,-6640.0,-664.0,5751.2
13:00,+25%,-25%,60m,200pt,10,0.0%,0.0,-6640.0,-664.0,5751.2
13:00,+25%,-25%,90m,200pt,10,0.0%,0.0,-6640.0,-664.0,5751.2
13:00,+25%,-25%,120m,200pt,10,0.0%,0.0,-6640.0,-664.0,5751.2
13:00,+50%,-25%,45m,200pt,10,0.0%,0.0,-6640.0,-664.0,5751.2
13:00,+50%,-25%,120m,200pt,10,0.0%,0.0,-6640.0,-664.0,5751.2
13:00,+70%,-25%,90m,200pt,10,0.0%,0.0,-6640.0,-664.0,5751.2
13:00,+50%,-25%,90m,200pt,10,0.0%,0.0,-6640.0,-664.0,5751.2
13:00,+50%,-25%,60m,200pt,10,0.0%,0.0,-6640.0,-664.0,5751.2
13:00,+35%,-25%,45m,200pt,10,0.0%,0.0,-6640.0,-664.0,5751.2
13:00,+35%,-25%,120m,200pt,10,0.0%,0.0,-6640.0,-664.0,5751.2
13:00,+35%,-25%,60m,200pt,10,0.0%,0.0,-6640.0,-664.0,5751.2
13:00,+35%,-25%,90m,200pt,10,0.0%,0.0,-6640.0,-664.0,5751.2
13:00,+25%,-25%,45m,200pt,10,0.0%,0.0,-6640.0,-664.0,5751.2
09:30,+15%,-15%,45m,0pt,9,0.0%,0.0,-6646.2,-738.5,5953.8
09:30,+50%,-30%,45m,0pt,9,0.0%,0.0,-6646.2,-738.5,5953.8
09:30,+50%,-25%,45m,0pt,9,0.0%,0.0,-6646.2,-738.5,5953.8
09:30,+70%,-30%,45m,0pt,9,0.0%,0.0,-6646.2,-738.5,5953.8
09:30,+50%,-15%,45m,0pt,9,0.0%,0.0,-6646.2,-738.5,5953.8
09:30,+50%,-10%,45m,0pt,9,0.0%,0.0,-6646.2,-738.5,5953.8
09:30,+50%,-20%,45m,0pt,9,0.0%,0.0,-6646.2,-738.5,5953.8
09:30,+70%,-10%,45m,0pt,9,0.0%,0.0,-6646.2,-738.5,5953.8
09:30,+35%,-30%,45m,0pt,9,0.0%,0.0,-6646.2,-738.5,5953.8
09:30,+35%,-20%,45m,0pt,9,0.0%,0.0,-6646.2,-738.5,5953.8
09:30,+35%,-15%,45m,0pt,9,0.0%,0.0,-6646.2,-738.5,5953.8
09:30,+25%,-30%,45m,0pt,9,0.0%,0.0,-6646.2,-738.5,5953.8
09:30,+35%,-10%,45m,0pt,9,0.0%,0.0,-6646.2,-738.5,5953.8
09:30,+25%,-20%,45m,0pt,9,0.0%,0.0,-6646.2,-738.5,5953.8
09:30,+25%,-10%,45m,0pt,9,0.0%,0.0,-6646.2,-738.5,5953.8
09:30,+15%,-20%,45m,0pt,9,0.0%,0.0,-6646.2,-738.5,5953.8
09:30,+70%,-25%,45m,0pt,9,0.0%,0.0,-6646.2,-738.5,5953.8
09:30,+15%,-10%,45m,0pt,9,0.0%,0.0,-6646.2,-738.5,5953.8
09:30,+15%,-25%,45m,0pt,9,0.0%,0.0,-6646.2,-738.5,5953.8
09:30,+15%,-30%,45m,0pt,9,0.0%,0.0,-6646.2,-738.5,5953.8
09:30,+25%,-15%,45m,0pt,9,0.0%,0.0,-6646.2,-738.5,5953.8
09:30,+70%,-20%,45m,0pt,9,0.0%,0.0,-6646.2,-738.5,5953.8
09:30,+70%,-15%,45m,0pt,9,0.0%,0.0,-6646.2,-738.5,5953.8
09:30,+35%,-25%,45m,0pt,9,0.0%,0.0,-6646.2,-738.5,5953.8
09:30,+25%,-25%,45m,0pt,9,0.0%,0.0,-6646.2,-738.5,5953.8
10:00,+25%,-15%,45m,200pt,10,0.0%,0.0,-6664.6,-666.5,5862.5
10:00,+50%,-30%,45m,200pt,10,0.0%,0.0,-6664.6,-666.5,5862.5
10:00,+15%,-30%,45m,200pt,10,0.0%,0.0,-6664.6,-666.5,5862.5
10:00,+25%,-30%,45m,200pt,10,0.0%,0.0,-6664.6,-666.5,5862.5
10:00,+25%,-20%,45m,200pt,10,0.0%,0.0,-6664.6,-666.5,5862.5
10:00,+25%,-25%,45m,200pt,10,0.0%,0.0,-6664.6,-666.5,5862.5
10:00,+35%,-30%,45m,200pt,10,0.0%,0.0,-6664.6,-666.5,5862.5
10:00,+50%,-20%,45m,200pt,10,0.0%,0.0,-6664.6,-666.5,5862.5
10:00,+15%,-15%,45m,200pt,10,0.0%,0.0,-6664.6,-666.5,5862.5
10:00,+50%,-15%,45m,200pt,10,0.0%,0.0,-6664.6,-666.5,5862.5
10:00,+15%,-20%,45m,200pt,10,0.0%,0.0,-6664.6,-666.5,5862.5
10:00,+35%,-20%,45m,200pt,10,0.0%,0.0,-6664.6,-666.5,5862.5
10:00,+35%,-25%,45m,200pt,10,0.0%,0.0,-6664.6,-666.5,5862.5
10:00,+35%,-15%,45m,200pt,10,0.0%,0.0,-6664.6,-666.5,5862.5
10:00,+70%,-25%,45m,200pt,10,0.0%,0.0,-6664.6,-666.5,5862.5
10:00,+70%,-15%,45m,200pt,10,0.0%,0.0,-6664.6,-666.5,5862.5
10:00,+50%,-25%,45m,200pt,10,0.0%,0.0,-6664.6,-666.5,5862.5
10:00,+15%,-25%,45m,200pt,10,0.0%,0.0,-6664.6,-666.5,5862.5
10:00,+70%,-30%,45m,200pt,10,0.0%,0.0,-6664.6,-666.5,5862.5
10:00,+70%,-20%,45m,200pt,10,0.0%,0.0,-6664.6,-666.5,5862.5
11:00,+50%,-15%,45m,200pt,10,0.0%,0.0,-6884.2,-688.4,5983.1
11:00,+35%,-15%,45m,200pt,10,0.0%,0.0,-6884.2,-688.4,5983.1
11:00,+25%,-15%,45m,200pt,10,0.0%,0.0,-6884.2,-688.4,5983.1
11:00,+70%,-15%,45m,200pt,10,0.0%,0.0,-6884.2,-688.4,5983.1
11:00,+15%,-15%,45m,200pt,10,0.0%,0.0,-6884.2,-688.4,5983.1
09:30,+50%,-30%,90m,400pt,9,0.0%,0.0,-7064.5,-784.9,6543.1
09:30,+35%,-30%,90m,400pt,9,0.0%,0.0,-7064.5,-784.9,6543.1
09:30,+25%,-30%,120m,400pt,9,0.0%,0.0,-7064.5,-784.9,6543.1
09:30,+15%,-30%,120m,400pt,9,0.0%,0.0,-7064.5,-784.9,6543.1
09:30,+15%,-30%,90m,400pt,9,0.0%,0.0,-7064.5,-784.9,6543.1
09:30,+50%,-30%,120m,400pt,9,0.0%,0.0,-7064.5,-784.9,6543.1
09:30,+70%,-30%,90m,400pt,9,0.0%,0.0,-7064.5,-784.9,6543.1
09:30,+70%,-30%,120m,400pt,9,0.0%,0.0,-7064.5,-784.9,6543.1
09:30,+35%,-30%,120m,400pt,9,0.0%,0.0,-7064.5,-784.9,6543.1
09:30,+25%,-30%,90m,400pt,9,0.0%,0.0,-7064.5,-784.9,6543.1
11:00,+35%,-15%,120m,200pt,10,0.0%,0.0,-7081.3,-708.1,6160.9
11:00,+35%,-15%,90m,200pt,10,0.0%,0.0,-7081.3,-708.1,6160.9
11:00,+35%,-15%,60m,200pt,10,0.0%,0.0,-7081.3,-708.1,6160.9
11:00,+50%,-15%,60m,200pt,10,0.0%,0.0,-7081.3,-708.1,6160.9
11:00,+50%,-15%,90m,200pt,10,0.0%,0.0,-7081.3,-708.1,6160.9
11:00,+25%,-15%,90m,200pt,10,0.0%,0.0,-7081.3,-708.1,6160.9
11:00,+15%,-15%,120m,200pt,10,0.0%,0.0,-7081.3,-708.1,6160.9
11:00,+15%,-15%,90m,200pt,10,0.0%,0.0,-7081.3,-708.1,6160.9
11:00,+15%,-15%,60m,200pt,10,0.0%,0.0,-7081.3,-708.1,6160.9
11:00,+70%,-15%,90m,200pt,10,0.0%,0.0,-7081.3,-708.1,6160.9
11:00,+25%,-15%,60m,200pt,10,0.0%,0.0,-7081.3,-708.1,6160.9
11:00,+25%,-15%,120m,200pt,10,0.0%,0.0,-7081.3,-708.1,6160.9
11:00,+70%,-15%,120m,200pt,10,0.0%,0.0,-7081.3,-708.1,6160.9
11:00,+70%,-15%,60m,200pt,10,0.0%,0.0,-7081.3,-708.1,6160.9
11:00,+50%,-15%,120m,200pt,10,0.0%,0.0,-7081.3,-708.1,6160.9
11:00,+35%,-30%,45m,200pt,10,0.0%,0.0,-7152.2,-715.2,6251.2
11:00,+35%,-25%,45m,200pt,10,0.0%,0.0,-7152.2,-715.2,6251.2
11:00,+35%,-20%,45m,200pt,10,0.0%,0.0,-7152.2,-715.2,6251.2
11:00,+50%,-20%,45m,200pt,10,0.0%,0.0,-7152.2,-715.2,6251.2
11:00,+15%,-30%,45m,200pt,10,0.0%,0.0,-7152.2,-715.2,6251.2
11:00,+15%,-25%,45m,200pt,10,0.0%,0.0,-7152.2,-715.2,6251.2
11:00,+50%,-30%,45m,200pt,10,0.0%,0.0,-7152.2,-715.2,6251.2
11:00,+25%,-25%,45m,200pt,10,0.0%,0.0,-7152.2,-715.2,6251.2
11:00,+50%,-25%,45m,200pt,10,0.0%,0.0,-7152.2,-715.2,6251.2
11:00,+25%,-30%,45m,200pt,10,0.0%,0.0,-7152.2,-715.2,6251.2
11:00,+25%,-20%,45m,200pt,10,0.0%,0.0,-7152.2,-715.2,6251.2
11:00,+70%,-20%,45m,200pt,10,0.0%,0.0,-7152.2,-715.2,6251.2
11:00,+70%,-30%,45m,200pt,10,0.0%,0.0,-7152.2,-715.2,6251.2
11:00,+15%,-20%,45m,200pt,10,0.0%,0.0,-7152.2,-715.2,6251.2
11:00,+70%,-25%,45m,200pt,10,0.0%,0.0,-7152.2,-715.2,6251.2
12:00,+70%,-20%,45m,200pt,10,0.0%,0.0,-7334.9,-733.5,6377.3
12:00,+50%,-20%,45m,200pt,10,0.0%,0.0,-7334.9,-733.5,6377.3
12:00,+35%,-20%,45m,200pt,10,0.0%,0.0,-7334.9,-733.5,6377.3
12:00,+25%,-20%,45m,200pt,10,0.0%,0.0,-7334.9,-733.5,6377.3
12:00,+15%,-20%,45m,200pt,10,0.0%,0.0,-7334.9,-733.5,6377.3
13:00,+35%,-10%,30m,0pt,10,0.0%,0.0,-7338.2,-733.8,6458.1
13:00,+70%,-10%,30m,0pt,10,0.0%,0.0,-7338.2,-733.8,6458.1
13:00,+25%,-10%,30m,0pt,10,0.0%,0.0,-7338.2,-733.8,6458.1
13:00,+50%,-10%,30m,0pt,10,0.0%,0.0,-7338.2,-733.8,6458.1
13:00,+15%,-10%,30m,0pt,10,0.0%,0.0,-7338.2,-733.8,6458.1
10:00,+25%,-30%,120m,400pt,10,0.0%,0.0,-7394.3,-739.4,6334.1
10:00,+35%,-30%,120m,400pt,10,0.0%,0.0,-7394.3,-739.4,6334.1
10:00,+35%,-30%,90m,400pt,10,0.0%,0.0,-7394.3,-739.4,6334.1
10:00,+70%,-30%,120m,400pt,10,0.0%,0.0,-7394.3,-739.4,6334.1
10:00,+50%,-30%,120m,400pt,10,0.0%,0.0,-7394.3,-739.4,6334.1
10:00,+50%,-30%,90m,400pt,10,0.0%,0.0,-7394.3,-739.4,6334.1
10:00,+70%,-30%,90m,400pt,10,0.0%,0.0,-7394.3,-739.4,6334.1
10:00,+15%,-30%,120m,400pt,10,0.0%,0.0,-7394.3,-739.4,6334.1
10:00,+15%,-30%,90m,400pt,10,0.0%,0.0,-7394.3,-739.4,6334.1
10:00,+25%,-30%,90m,400pt,10,0.0%,0.0,-7394.3,-739.4,6334.1
12:00,+70%,-20%,60m,200pt,10,0.0%,0.0,-7412.0,-741.2,6417.0
12:00,+15%,-20%,60m,200pt,10,0.0%,0.0,-7412.0,-741.2,6417.0
12:00,+15%,-20%,90m,200pt,10,0.0%,0.0,-7412.0,-741.2,6417.0
12:00,+15%,-20%,120m,200pt,10,0.0%,0.0,-7412.0,-741.2,6417.0
12:00,+70%,-20%,90m,200pt,10,0.0%,0.0,-7412.0,-741.2,6417.0
12:00,+25%,-20%,60m,200pt,10,0.0%,0.0,-7412.0,-741.2,6417.0
12:00,+25%,-20%,90m,200pt,10,0.0%,0.0,-7412.0,-741.2,6417.0
12:00,+25%,-20%,120m,200pt,10,0.0%,0.0,-7412.0,-741.2,6417.0
12:00,+50%,-20%,120m,200pt,10,0.0%,0.0,-7412.0,-741.2,6417.0
12:00,+70%,-20%,120m,200pt,10,0.0%,0.0,-7412.0,-741.2,6417.0
12:00,+50%,-20%,90m,200pt,10,0.0%,0.0,-7412.0,-741.2,6417.0
12:00,+50%,-20%,60m,200pt,10,0.0%,0.0,-7412.0,-741.2,6417.0
12:00,+35%,-20%,120m,200pt,10,0.0%,0.0,-7412.0,-741.2,6417.0
12:00,+35%,-20%,60m,200pt,10,0.0%,0.0,-7412.0,-741.2,6417.0
12:00,+35%,-20%,90m,200pt,10,0.0%,0.0,-7412.0,-741.2,6417.0
09:30,+15%,-15%,60m,200pt,9,0.0%,0.0,-7471.0,-830.1,6797.2
09:30,+25%,-15%,60m,200pt,9,0.0%,0.0,-7471.0,-830.1,6797.2
09:30,+70%,-15%,60m,200pt,9,0.0%,0.0,-7471.0,-830.1,6797.2
09:30,+35%,-15%,60m,200pt,9,0.0%,0.0,-7471.0,-830.1,6797.2
09:30,+50%,-15%,60m,200pt,9,0.0%,0.0,-7471.0,-830.1,6797.2
10:00,+15%,-10%,45m,0pt,10,0.0%,0.0,-7492.7,-749.3,6621.1
10:00,+15%,-15%,45m,0pt,10,0.0%,0.0,-7492.7,-749.3,6621.1
10:00,+50%,-10%,45m,0pt,10,0.0%,0.0,-7492.7,-749.3,6621.1
10:00,+35%,-30%,45m,0pt,10,0.0%,0.0,-7492.7,-749.3,6621.1
10:00,+50%,-20%,45m,0pt,10,0.0%,0.0,-7492.7,-749.3,6621.1
10:00,+50%,-15%,45m,0pt,10,0.0%,0.0,-7492.7,-749.3,6621.1
10:00,+35%,-10%,45m,0pt,10,0.0%,0.0,-7492.7,-749.3,6621.1
10:00,+15%,-30%,45m,0pt,10,0.0%,0.0,-7492.7,-749.3,6621.1
10:00,+35%,-25%,45m,0pt,10,0.0%,0.0,-7492.7,-749.3,6621.1
10:00,+15%,-20%,45m,0pt,10,0.0%,0.0,-7492.7,-749.3,6621.1
10:00,+25%,-30%,45m,0pt,10,0.0%,0.0,-7492.7,-749.3,6621.1
10:00,+35%,-20%,45m,0pt,10,0.0%,0.0,-7492.7,-749.3,6621.1
10:00,+25%,-25%,45m,0pt,10,0.0%,0.0,-7492.7,-749.3,6621.1
10:00,+35%,-15%,45m,0pt,10,0.0%,0.0,-7492.7,-749.3,6621.1
10:00,+15%,-25%,45m,0pt,10,0.0%,0.0,-7492.7,-749.3,6621.1
10:00,+25%,-20%,45m,0pt,10,0.0%,0.0,-7492.7,-749.3,6621.1
10:00,+70%,-30%,45m,0pt,10,0.0%,0.0,-7492.7,-749.3,6621.1
10:00,+25%,-15%,45m,0pt,10,0.0%,0.0,-7492.7,-749.3,6621.1
10:00,+25%,-10%,45m,0pt,10,0.0%,0.0,-7492.7,-749.3,6621.1
10:00,+70%,-25%,45m,0pt,10,0.0%,0.0,-7492.7,-749.3,6621.1
10:00,+70%,-10%,45m,0pt,10,0.0%,0.0,-7492.7,-749.3,6621.1
10:00,+70%,-20%,45m,0pt,10,0.0%,0.0,-7492.7,-749.3,6621.1
10:00,+50%,-30%,45m,0pt,10,0.0%,0.0,-7492.7,-749.3,6621.1
10:00,+50%,-25%,45m,0pt,10,0.0%,0.0,-7492.7,-749.3,6621.1
10:00,+70%,-15%,45m,0pt,10,0.0%,0.0,-7492.7,-749.3,6621.1
13:00,+70%,-30%,30m,0pt,10,0.0%,0.0,-7522.2,-752.2,6617.7
13:00,+35%,-20%,30m,0pt,10,0.0%,0.0,-7522.2,-752.2,6617.7
13:00,+35%,-15%,30m,0pt,10,0.0%,0.0,-7522.2,-752.2,6617.7
13:00,+35%,-25%,30m,0pt,10,0.0%,0.0,-7522.2,-752.2,6617.7
13:00,+25%,-30%,30m,0pt,10,0.0%,0.0,-7522.2,-752.2,6617.7
13:00,+25%,-20%,30m,0pt,10,0.0%,0.0,-7522.2,-752.2,6617.7
13:00,+70%,-25%,30m,0pt,10,0.0%,0.0,-7522.2,-752.2,6617.7
13:00,+15%,-15%,30m,0pt,10,0.0%,0.0,-7522.2,-752.2,6617.7
13:00,+15%,-30%,30m,0pt,10,0.0%,0.0,-7522.2,-752.2,6617.7
13:00,+15%,-25%,30m,0pt,10,0.0%,0.0,-7522.2,-752.2,6617.7
13:00,+35%,-30%,30m,0pt,10,0.0%,0.0,-7522.2,-752.2,6617.7
13:00,+15%,-20%,30m,0pt,10,0.0%,0.0,-7522.2,-752.2,6617.7
13:00,+50%,-30%,30m,0pt,10,0.0%,0.0,-7522.2,-752.2,6617.7
13:00,+50%,-20%,30m,0pt,10,0.0%,0.0,-7522.2,-752.2,6617.7
13:00,+50%,-25%,30m,0pt,10,0.0%,0.0,-7522.2,-752.2,6617.7
13:00,+25%,-15%,30m,0pt,10,0.0%,0.0,-7522.2,-752.2,6617.7
13:00,+25%,-25%,30m,0pt,10,0.0%,0.0,-7522.2,-752.2,6617.7
13:00,+70%,-20%,30m,0pt,10,0.0%,0.0,-7522.2,-752.2,6617.7
13:00,+70%,-15%,30m,0pt,10,0.0%,0.0,-7522.2,-752.2,6617.7
13:00,+50%,-15%,30m,0pt,10,0.0%,0.0,-7522.2,-752.2,6617.7
13:00,+70%,-10%,45m,0pt,10,0.0%,0.0,-7522.3,-752.2,6642.2
13:00,+35%,-10%,45m,0pt,10,0.0%,0.0,-7522.3,-752.2,6642.2
13:00,+35%,-10%,60m,0pt,10,0.0%,0.0,-7522.3,-752.2,6642.2
13:00,+70%,-10%,120m,0pt,10,0.0%,0.0,-7522.3,-752.2,6642.2
13:00,+70%,-10%,90m,0pt,10,0.0%,0.0,-7522.3,-752.2,6642.2
13:00,+50%,-10%,60m,0pt,10,0.0%,0.0,-7522.3,-752.2,6642.2
13:00,+35%,-10%,90m,0pt,10,0.0%,0.0,-7522.3,-752.2,6642.2
13:00,+70%,-10%,60m,0pt,10,0.0%,0.0,-7522.3,-752.2,6642.2
13:00,+50%,-10%,120m,0pt,10,0.0%,0.0,-7522.3,-752.2,6642.2
13:00,+50%,-10%,45m,0pt,10,0.0%,0.0,-7522.3,-752.2,6642.2
13:00,+50%,-10%,90m,0pt,10,0.0%,0.0,-7522.3,-752.2,6642.2
13:00,+15%,-10%,120m,0pt,10,0.0%,0.0,-7522.3,-752.2,6642.2
13:00,+15%,-10%,90m,0pt,10,0.0%,0.0,-7522.3,-752.2,6642.2
13:00,+15%,-10%,60m,0pt,10,0.0%,0.0,-7522.3,-752.2,6642.2
13:00,+15%,-10%,45m,0pt,10,0.0%,0.0,-7522.3,-752.2,6642.2
13:00,+25%,-10%,120m,0pt,10,0.0%,0.0,-7522.3,-752.2,6642.2
13:00,+25%,-10%,90m,0pt,10,0.0%,0.0,-7522.3,-752.2,6642.2
13:00,+25%,-10%,60m,0pt,10,0.0%,0.0,-7522.3,-752.2,6642.2
13:00,+25%,-10%,45m,0pt,10,0.0%,0.0,-7522.3,-752.2,6642.2
13:00,+35%,-10%,120m,0pt,10,0.0%,0.0,-7522.3,-752.2,6642.2
09:30,+50%,-25%,60m,200pt,9,0.0%,0.0,-7591.5,-843.5,6875.6
09:30,+25%,-30%,60m,200pt,9,0.0%,0.0,-7591.5,-843.5,6875.6
09:30,+15%,-25%,60m,200pt,9,0.0%,0.0,-7591.5,-843.5,6875.6
09:30,+35%,-30%,60m,200pt,9,0.0%,0.0,-7591.5,-843.5,6875.6
09:30,+35%,-20%,60m,200pt,9,0.0%,0.0,-7591.5,-843.5,6875.6
09:30,+70%,-25%,60m,200pt,9,0.0%,0.0,-7591.5,-843.5,6875.6
09:30,+35%,-25%,60m,200pt,9,0.0%,0.0,-7591.5,-843.5,6875.6
09:30,+15%,-30%,60m,200pt,9,0.0%,0.0,-7591.5,-843.5,6875.6
09:30,+50%,-20%,60m,200pt,9,0.0%,0.0,-7591.5,-843.5,6875.6
09:30,+70%,-30%,60m,200pt,9,0.0%,0.0,-7591.5,-843.5,6875.6
09:30,+25%,-25%,60m,200pt,9,0.0%,0.0,-7591.5,-843.5,6875.6
09:30,+15%,-20%,60m,200pt,9,0.0%,0.0,-7591.5,-843.5,6875.6
09:30,+70%,-20%,60m,200pt,9,0.0%,0.0,-7591.5,-843.5,6875.6
09:30,+25%,-20%,60m,200pt,9,0.0%,0.0,-7591.5,-843.5,6875.6
09:30,+50%,-30%,60m,200pt,9,0.0%,0.0,-7591.5,-843.5,6875.6
09:30,+35%,-15%,120m,200pt,9,0.0%,0.0,-7701.8,-855.8,7028.0
09:30,+25%,-15%,90m,200pt,9,0.0%,0.0,-7701.8,-855.8,7028.0
09:30,+70%,-15%,120m,200pt,9,0.0%,0.0,-7701.8,-855.8,7028.0
09:30,+35%,-15%,90m,200pt,9,0.0%,0.0,-7701.8,-855.8,7028.0
09:30,+50%,-15%,120m,200pt,9,0.0%,0.0,-7701.8,-855.8,7028.0
09:30,+15%,-15%,90m,200pt,9,0.0%,0.0,-7701.8,-855.8,7028.0
09:30,+15%,-15%,120m,200pt,9,0.0%,0.0,-7701.8,-855.8,7028.0
09:30,+70%,-15%,90m,200pt,9,0.0%,0.0,-7701.8,-855.8,7028.0
09:30,+25%,-15%,120m,200pt,9,0.0%,0.0,-7701.8,-855.8,7028.0
09:30,+50%,-15%,90m,200pt,9,0.0%,0.0,-7701.8,-855.8,7028.0
13:00,+25%,-30%,90m,200pt,10,0.0%,0.0,-7763.7,-776.4,6725.4
13:00,+25%,-30%,120m,200pt,10,0.0%,0.0,-7763.7,-776.4,6725.4
13:00,+70%,-30%,45m,200pt,10,0.0%,0.0,-7763.7,-776.4,6725.4
13:00,+15%,-30%,90m,200pt,10,0.0%,0.0,-7763.7,-776.4,6725.4
13:00,+70%,-30%,120m,200pt,10,0.0%,0.0,-7763.7,-776.4,6725.4
13:00,+70%,-30%,90m,200pt,10,0.0%,0.0,-7763.7,-776.4,6725.4
13:00,+25%,-30%,60m,200pt,10,0.0%,0.0,-7763.7,-776.4,6725.4
13:00,+15%,-30%,45m,200pt,10,0.0%,0.0,-7763.7,-776.4,6725.4
13:00,+35%,-30%,90m,200pt,10,0.0%,0.0,-7763.7,-776.4,6725.4
13:00,+15%,-30%,60m,200pt,10,0.0%,0.0,-7763.7,-776.4,6725.4
13:00,+35%,-30%,45m,200pt,10,0.0%,0.0,-7763.7,-776.4,6725.4
13:00,+15%,-30%,120m,200pt,10,0.0%,0.0,-7763.7,-776.4,6725.4
13:00,+35%,-30%,60m,200pt,10,0.0%,0.0,-7763.7,-776.4,6725.4
13:00,+35%,-30%,120m,200pt,10,0.0%,0.0,-7763.7,-776.4,6725.4
13:00,+50%,-30%,60m,200pt,10,0.0%,0.0,-7763.7,-776.4,6725.4
13:00,+70%,-30%,60m,200pt,10,0.0%,0.0,-7763.7,-776.4,6725.4
13:00,+50%,-30%,45m,200pt,10,0.0%,0.0,-7763.7,-776.4,6725.4
13:00,+25%,-30%,45m,200pt,10,0.0%,0.0,-7763.7,-776.4,6725.4
13:00,+50%,-30%,90m,200pt,10,0.0%,0.0,-7763.7,-776.4,6725.4
13:00,+50%,-30%,120m,200pt,10,0.0%,0.0,-7763.7,-776.4,6725.4
12:00,+15%,-25%,45m,200pt,10,0.0%,0.0,-7923.4,-792.3,6965.7
12:00,+25%,-25%,45m,200pt,10,0.0%,0.0,-7923.4,-792.3,6965.7
12:00,+50%,-25%,45m,200pt,10,0.0%,0.0,-7923.4,-792.3,6965.7
12:00,+35%,-25%,45m,200pt,10,0.0%,0.0,-7923.4,-792.3,6965.7
12:00,+70%,-25%,45m,200pt,10,0.0%,0.0,-7923.4,-792.3,6965.7
12:00,+15%,-30%,45m,200pt,10,0.0%,0.0,-7934.4,-793.4,6976.7
12:00,+35%,-30%,45m,200pt,10,0.0%,0.0,-7934.4,-793.4,6976.7
12:00,+25%,-30%,45m,200pt,10,0.0%,0.0,-7934.4,-793.4,6976.7
12:00,+50%,-30%,45m,200pt,10,0.0%,0.0,-7934.4,-793.4,6976.7
12:00,+70%,-30%,45m,200pt,10,0.0%,0.0,-7934.4,-793.4,6976.7
10:00,+15%,-15%,60m,200pt,10,0.0%,0.0,-8262.5,-826.2,7182.7
10:00,+50%,-15%,60m,200pt,10,0.0%,0.0,-8262.5,-826.2,7182.7
10:00,+35%,-15%,60m,200pt,10,0.0%,0.0,-8262.5,-826.2,7182.7
10:00,+70%,-15%,60m,200pt,10,0.0%,0.0,-8262.5,-826.2,7182.7
10:00,+25%,-15%,60m,200pt,10,0.0%,0.0,-8262.5,-826.2,7182.7
10:00,+35%,-15%,90m,200pt,10,0.0%,0.0,-8281.5,-828.2,7201.8
10:00,+15%,-15%,120m,200pt,10,0.0%,0.0,-8281.5,-828.2,7201.8
10:00,+35%,-15%,120m,200pt,10,0.0%,0.0,-8281.5,-828.2,7201.8
10:00,+70%,-15%,120m,200pt,10,0.0%,0.0,-8281.5,-828.2,7201.8
10:00,+25%,-15%,120m,200pt,10,0.0%,0.0,-8281.5,-828.2,7201.8
10:00,+25%,-15%,90m,200pt,10,0.0%,0.0,-8281.5,-828.2,7201.8
10:00,+15%,-15%,90m,200pt,10,0.0%,0.0,-8281.5,-828.2,7201.8
10:00,+50%,-15%,120m,200pt,10,0.0%,0.0,-8281.5,-828.2,7201.8
10:00,+70%,-15%,90m,200pt,10,0.0%,0.0,-8281.5,-828.2,7201.8
10:00,+50%,-15%,90m,200pt,10,0.0%,0.0,-8281.5,-828.2,7201.8
11:00,+35%,-25%,45m,0pt,10,0.0%,0.0,-8293.4,-829.3,7291.1
11:00,+50%,-20%,45m,0pt,10,0.0%,0.0,-8293.4,-829.3,7291.1
11:00,+35%,-10%,45m,0pt,10,0.0%,0.0,-8293.4,-829.3,7291.1
11:00,+15%,-25%,45m,0pt,10,0.0%,0.0,-8293.4,-829.3,7291.1
11:00,+15%,-30%,45m,0pt,10,0.0%,0.0,-8293.4,-829.3,7291.1
11:00,+70%,-30%,45m,0pt,10,0.0%,0.0,-8293.4,-829.3,7291.1
11:00,+50%,-15%,45m,0pt,10,0.0%,0.0,-8293.4,-829.3,7291.1
11:00,+25%,-10%,45m,0pt,10,0.0%,0.0,-8293.4,-829.3,7291.1
11:00,+50%,-25%,45m,0pt,10,0.0%,0.0,-8293.4,-829.3,7291.1
11:00,+70%,-20%,45m,0pt,10,0.0%,0.0,-8293.4,-829.3,7291.1
11:00,+15%,-10%,45m,0pt,10,0.0%,0.0,-8293.4,-829.3,7291.1
11:00,+70%,-25%,45m,0pt,10,0.0%,0.0,-8293.4,-829.3,7291.1
11:00,+25%,-15%,45m,0pt,10,0.0%,0.0,-8293.4,-829.3,7291.1
11:00,+15%,-15%,45m,0pt,10,0.0%,0.0,-8293.4,-829.3,7291.1
11:00,+25%,-30%,45m,0pt,10,0.0%,0.0,-8293.4,-829.3,7291.1
11:00,+15%,-20%,45m,0pt,10,0.0%,0.0,-8293.4,-829.3,7291.1
11:00,+25%,-25%,45m,0pt,10,0.0%,0.0,-8293.4,-829.3,7291.1
11:00,+70%,-10%,45m,0pt,10,0.0%,0.0,-8293.4,-829.3,7291.1
11:00,+35%,-30%,45m,0pt,10,0.0%,0.0,-8293.4,-829.3,7291.1
11:00,+35%,-15%,45m,0pt,10,0.0%,0.0,-8293.4,-829.3,7291.1
11:00,+70%,-15%,45m,0pt,10,0.0%,0.0,-8293.4,-829.3,7291.1
11:00,+50%,-10%,45m,0pt,10,0.0%,0.0,-8293.4,-829.3,7291.1
11:00,+50%,-30%,45m,0pt,10,0.0%,0.0,-8293.4,-829.3,7291.1
11:00,+25%,-20%,45m,0pt,10,0.0%,0.0,-8293.4,-829.3,7291.1
11:00,+35%,-20%,45m,0pt,10,0.0%,0.0,-8293.4,-829.3,7291.1
09:30,+15%,-10%,60m,0pt,9,0.0%,0.0,-8528.7,-947.6,7693.7
09:30,+15%,-15%,60m,0pt,9,0.0%,0.0,-8528.7,-947.6,7693.7
09:30,+70%,-15%,60m,0pt,9,0.0%,0.0,-8528.7,-947.6,7693.7
09:30,+70%,-20%,60m,0pt,9,0.0%,0.0,-8528.7,-947.6,7693.7
09:30,+50%,-30%,60m,0pt,9,0.0%,0.0,-8528.7,-947.6,7693.7
09:30,+50%,-15%,60m,0pt,9,0.0%,0.0,-8528.7,-947.6,7693.7
09:30,+35%,-10%,60m,0pt,9,0.0%,0.0,-8528.7,-947.6,7693.7
09:30,+50%,-25%,60m,0pt,9,0.0%,0.0,-8528.7,-947.6,7693.7
09:30,+50%,-10%,60m,0pt,9,0.0%,0.0,-8528.7,-947.6,7693.7
09:30,+15%,-20%,60m,0pt,9,0.0%,0.0,-8528.7,-947.6,7693.7
09:30,+25%,-25%,60m,0pt,9,0.0%,0.0,-8528.7,-947.6,7693.7
09:30,+25%,-10%,60m,0pt,9,0.0%,0.0,-8528.7,-947.6,7693.7
09:30,+25%,-30%,60m,0pt,9,0.0%,0.0,-8528.7,-947.6,7693.7
09:30,+15%,-30%,60m,0pt,9,0.0%,0.0,-8528.7,-947.6,7693.7
09:30,+35%,-25%,60m,0pt,9,0.0%,0.0,-8528.7,-947.6,7693.7
09:30,+50%,-20%,60m,0pt,9,0.0%,0.0,-8528.7,-947.6,7693.7
09:30,+25%,-20%,60m,0pt,9,0.0%,0.0,-8528.7,-947.6,7693.7
09:30,+70%,-25%,60m,0pt,9,0.0%,0.0,-8528.7,-947.6,7693.7
09:30,+35%,-30%,60m,0pt,9,0.0%,0.0,-8528.7,-947.6,7693.7
09:30,+70%,-10%,60m,0pt,9,0.0%,0.0,-8528.7,-947.6,7693.7
09:30,+15%,-25%,60m,0pt,9,0.0%,0.0,-8528.7,-947.6,7693.7
09:30,+35%,-15%,60m,0pt,9,0.0%,0.0,-8528.7,-947.6,7693.7
09:30,+70%,-30%,60m,0pt,9,0.0%,0.0,-8528.7,-947.6,7693.7
09:30,+25%,-15%,60m,0pt,9,0.0%,0.0,-8528.7,-947.6,7693.7
09:30,+35%,-20%,60m,0pt,9,0.0%,0.0,-8528.7,-947.6,7693.7
12:00,+35%,-10%,120m,0pt,10,0.0%,0.0,-8694.4,-869.4,7657.1
12:00,+25%,-10%,90m,0pt,10,0.0%,0.0,-8694.4,-869.4,7657.1
12:00,+15%,-10%,90m,0pt,10,0.0%,0.0,-8694.4,-869.4,7657.1
12:00,+50%,-10%,90m,0pt,10,0.0%,0.0,-8694.4,-869.4,7657.1
12:00,+50%,-10%,60m,0pt,10,0.0%,0.0,-8694.4,-869.4,7657.1
12:00,+50%,-10%,45m,0pt,10,0.0%,0.0,-8694.4,-869.4,7657.1
12:00,+35%,-10%,45m,0pt,10,0.0%,0.0,-8694.4,-869.4,7657.1
12:00,+70%,-10%,45m,0pt,10,0.0%,0.0,-8694.4,-869.4,7657.1
12:00,+50%,-10%,120m,0pt,10,0.0%,0.0,-8694.4,-869.4,7657.1
12:00,+25%,-10%,60m,0pt,10,0.0%,0.0,-8694.4,-869.4,7657.1
12:00,+25%,-10%,120m,0pt,10,0.0%,0.0,-8694.4,-869.4,7657.1
12:00,+15%,-10%,120m,0pt,10,0.0%,0.0,-8694.4,-869.4,7657.1
12:00,+35%,-10%,90m,0pt,10,0.0%,0.0,-8694.4,-869.4,7657.1
12:00,+15%,-10%,60m,0pt,10,0.0%,0.0,-8694.4,-869.4,7657.1
12:00,+15%,-10%,45m,0pt,10,0.0%,0.0,-8694.4,-869.4,7657.1
12:00,+70%,-10%,90m,0pt,10,0.0%,0.0,-8694.4,-869.4,7657.1
12:00,+70%,-10%,60m,0pt,10,0.0%,0.0,-8694.4,-869.4,7657.1
12:00,+70%,-10%,120m,0pt,10,0.0%,0.0,-8694.4,-869.4,7657.1
12:00,+25%,-10%,45m,0pt,10,0.0%,0.0,-8694.4,-869.4,7657.1
12:00,+35%,-10%,60m,0pt,10,0.0%,0.0,-8694.4,-869.4,7657.1
10:00,+15%,-25%,60m,200pt,10,0.0%,0.0,-8939.0,-893.9,7859.2
10:00,+15%,-30%,60m,200pt,10,0.0%,0.0,-8939.0,-893.9,7859.2
10:00,+15%,-20%,60m,200pt,10,0.0%,0.0,-8939.0,-893.9,7859.2
10:00,+25%,-20%,60m,200pt,10,0.0%,0.0,-8939.0,-893.9,7859.2
10:00,+70%,-30%,60m,200pt,10,0.0%,0.0,-8939.0,-893.9,7859.2
10:00,+25%,-25%,60m,200pt,10,0.0%,0.0,-8939.0,-893.9,7859.2
10:00,+35%,-30%,60m,200pt,10,0.0%,0.0,-8939.0,-893.9,7859.2
10:00,+50%,-25%,60m,200pt,10,0.0%,0.0,-8939.0,-893.9,7859.2
10:00,+35%,-20%,60m,200pt,10,0.0%,0.0,-8939.0,-893.9,7859.2
10:00,+35%,-25%,60m,200pt,10,0.0%,0.0,-8939.0,-893.9,7859.2
10:00,+50%,-20%,60m,200pt,10,0.0%,0.0,-8939.0,-893.9,7859.2
10:00,+70%,-25%,60m,200pt,10,0.0%,0.0,-8939.0,-893.9,7859.2
10:00,+50%,-30%,60m,200pt,10,0.0%,0.0,-8939.0,-893.9,7859.2
10:00,+70%,-20%,60m,200pt,10,0.0%,0.0,-8939.0,-893.9,7859.2
10:00,+25%,-30%,60m,200pt,10,0.0%,0.0,-8939.0,-893.9,7859.2
12:00,+15%,-25%,60m,200pt,10,0.0%,0.0,-9002.3,-900.2,7809.5
12:00,+15%,-25%,120m,200pt,10,0.0%,0.0,-9002.3,-900.2,7809.5
12:00,+15%,-25%,90m,200pt,10,0.0%,0.0,-9002.3,-900.2,7809.5
12:00,+25%,-25%,90m,200pt,10,0.0%,0.0,-9002.3,-900.2,7809.5
12:00,+35%,-25%,120m,200pt,10,0.0%,0.0,-9002.3,-900.2,7809.5
12:00,+35%,-25%,90m,200pt,10,0.0%,0.0,-9002.3,-900.2,7809.5
12:00,+35%,-25%,60m,200pt,10,0.0%,0.0,-9002.3,-900.2,7809.5
12:00,+25%,-25%,120m,200pt,10,0.0%,0.0,-9002.3,-900.2,7809.5
12:00,+70%,-25%,120m,200pt,10,0.0%,0.0,-9002.3,-900.2,7809.5
12:00,+70%,-25%,60m,200pt,10,0.0%,0.0,-9002.3,-900.2,7809.5
12:00,+25%,-25%,60m,200pt,10,0.0%,0.0,-9002.3,-900.2,7809.5
12:00,+70%,-25%,90m,200pt,10,0.0%,0.0,-9002.3,-900.2,7809.5
12:00,+50%,-25%,90m,200pt,10,0.0%,0.0,-9002.3,-900.2,7809.5
12:00,+50%,-25%,120m,200pt,10,0.0%,0.0,-9002.3,-900.2,7809.5
12:00,+50%,-25%,60m,200pt,10,0.0%,0.0,-9002.3,-900.2,7809.5
11:00,+15%,-20%,60m,200pt,10,0.0%,0.0,-9043.8,-904.4,7901.7
11:00,+25%,-20%,60m,200pt,10,0.0%,0.0,-9043.8,-904.4,7901.7
11:00,+70%,-20%,60m,200pt,10,0.0%,0.0,-9043.8,-904.4,7901.7
11:00,+50%,-20%,60m,200pt,10,0.0%,0.0,-9043.8,-904.4,7901.7
11:00,+35%,-20%,60m,200pt,10,0.0%,0.0,-9043.8,-904.4,7901.7
11:00,+35%,-20%,90m,200pt,10,0.0%,0.0,-9228.5,-922.8,8009.7
11:00,+50%,-20%,120m,200pt,10,0.0%,0.0,-9228.5,-922.8,8009.7
11:00,+25%,-20%,120m,200pt,10,0.0%,0.0,-9228.5,-922.8,8009.7
11:00,+70%,-20%,120m,200pt,10,0.0%,0.0,-9228.5,-922.8,8009.7
11:00,+70%,-20%,90m,200pt,10,0.0%,0.0,-9228.5,-922.8,8009.7
11:00,+35%,-20%,120m,200pt,10,0.0%,0.0,-9228.5,-922.8,8009.7
11:00,+15%,-20%,120m,200pt,10,0.0%,0.0,-9228.5,-922.8,8009.7
11:00,+50%,-20%,90m,200pt,10,0.0%,0.0,-9228.5,-922.8,8009.7
11:00,+15%,-20%,90m,200pt,10,0.0%,0.0,-9228.5,-922.8,8009.7
11:00,+25%,-20%,90m,200pt,10,0.0%,0.0,-9228.5,-922.8,8009.7
11:00,+25%,-25%,60m,200pt,10,0.0%,0.0,-9405.4,-940.5,8263.3
11:00,+50%,-25%,60m,200pt,10,0.0%,0.0,-9405.4,-940.5,8263.3
11:00,+25%,-30%,60m,200pt,10,0.0%,0.0,-9405.4,-940.5,8263.3
11:00,+70%,-30%,60m,200pt,10,0.0%,0.0,-9405.4,-940.5,8263.3
11:00,+35%,-25%,60m,200pt,10,0.0%,0.0,-9405.4,-940.5,8263.3
11:00,+35%,-30%,60m,200pt,10,0.0%,0.0,-9405.4,-940.5,8263.3
11:00,+15%,-25%,60m,200pt,10,0.0%,0.0,-9405.4,-940.5,8263.3
11:00,+70%,-25%,60m,200pt,10,0.0%,0.0,-9405.4,-940.5,8263.3
11:00,+50%,-30%,60m,200pt,10,0.0%,0.0,-9405.4,-940.5,8263.3
11:00,+15%,-30%,60m,200pt,10,0.0%,0.0,-9405.4,-940.5,8263.3
12:00,+50%,-20%,45m,0pt,10,0.0%,0.0,-9660.3,-966.0,8558.1
12:00,+25%,-30%,45m,0pt,10,0.0%,0.0,-9660.3,-966.0,8558.1
12:00,+35%,-25%,45m,0pt,10,0.0%,0.0,-9660.3,-966.0,8558.1
12:00,+15%,-20%,45m,0pt,10,0.0%,0.0,-9660.3,-966.0,8558.1
12:00,+35%,-20%,45m,0pt,10,0.0%,0.0,-9660.3,-966.0,8558.1
12:00,+50%,-30%,45m,0pt,10,0.0%,0.0,-9660.3,-966.0,8558.1
12:00,+50%,-15%,45m,0pt,10,0.0%,0.0,-9660.3,-966.0,8558.1
12:00,+15%,-15%,45m,0pt,10,0.0%,0.0,-9660.3,-966.0,8558.1
12:00,+25%,-25%,45m,0pt,10,0.0%,0.0,-9660.3,-966.0,8558.1
12:00,+25%,-15%,45m,0pt,10,0.0%,0.0,-9660.3,-966.0,8558.1
12:00,+25%,-20%,45m,0pt,10,0.0%,0.0,-9660.3,-966.0,8558.1
12:00,+70%,-15%,45m,0pt,10,0.0%,0.0,-9660.3,-966.0,8558.1
12:00,+70%,-30%,45m,0pt,10,0.0%,0.0,-9660.3,-966.0,8558.1
12:00,+70%,-25%,45m,0pt,10,0.0%,0.0,-9660.3,-966.0,8558.1
12:00,+70%,-20%,45m,0pt,10,0.0%,0.0,-9660.3,-966.0,8558.1
12:00,+15%,-30%,45m,0pt,10,0.0%,0.0,-9660.3,-966.0,8558.1
12:00,+50%,-25%,45m,0pt,10,0.0%,0.0,-9660.3,-966.0,8558.1
12:00,+35%,-15%,45m,0pt,10,0.0%,0.0,-9660.3,-966.0,8558.1
12:00,+15%,-25%,45m,0pt,10,0.0%,0.0,-9660.3,-966.0,8558.1
12:00,+35%,-30%,45m,0pt,10,0.0%,0.0,-9660.3,-966.0,8558.1
09:30,+70%,-10%,90m,0pt,9,0.0%,0.0,-9750.0,-1083.3,8792.5
09:30,+15%,-10%,90m,0pt,9,0.0%,0.0,-9750.0,-1083.3,8792.5
09:30,+15%,-10%,120m,0pt,9,0.0%,0.0,-9750.0,-1083.3,8792.5
09:30,+50%,-10%,120m,0pt,9,0.0%,0.0,-9750.0,-1083.3,8792.5
09:30,+35%,-10%,120m,0pt,9,0.0%,0.0,-9750.0,-1083.3,8792.5
09:30,+50%,-10%,90m,0pt,9,0.0%,0.0,-9750.0,-1083.3,8792.5
09:30,+25%,-10%,90m,0pt,9,0.0%,0.0,-9750.0,-1083.3,8792.5
09:30,+35%,-10%,90m,0pt,9,0.0%,0.0,-9750.0,-1083.3,8792.5
09:30,+25%,-10%,120m,0pt,9,0.0%,0.0,-9750.0,-1083.3,8792.5
09:30,+70%,-10%,120m,0pt,9,0.0%,0.0,-9750.0,-1083.3,8792.5
11:00,+70%,-10%,120m,0pt,10,0.0%,0.0,-9799.7,-980.0,8674.4
11:00,+25%,-10%,90m,0pt,10,0.0%,0.0,-9799.7,-980.0,8674.4
11:00,+50%,-10%,120m,0pt,10,0.0%,0.0,-9799.7,-980.0,8674.4
11:00,+50%,-10%,60m,0pt,10,0.0%,0.0,-9799.7,-980.0,8674.4
11:00,+15%,-10%,120m,0pt,10,0.0%,0.0,-9799.7,-980.0,8674.4
11:00,+15%,-10%,60m,0pt,10,0.0%,0.0,-9799.7,-980.0,8674.4
11:00,+50%,-10%,90m,0pt,10,0.0%,0.0,-9799.7,-980.0,8674.4
11:00,+70%,-10%,90m,0pt,10,0.0%,0.0,-9799.7,-980.0,8674.4
11:00,+15%,-10%,90m,0pt,10,0.0%,0.0,-9799.7,-980.0,8674.4
11:00,+25%,-10%,60m,0pt,10,0.0%,0.0,-9799.7,-980.0,8674.4
11:00,+25%,-10%,120m,0pt,10,0.0%,0.0,-9799.7,-980.0,8674.4
11:00,+35%,-10%,60m,0pt,10,0.0%,0.0,-9799.7,-980.0,8674.4
11:00,+35%,-10%,90m,0pt,10,0.0%,0.0,-9799.7,-980.0,8674.4
11:00,+70%,-10%,60m,0pt,10,0.0%,0.0,-9799.7,-980.0,8674.4
11:00,+35%,-10%,120m,0pt,10,0.0%,0.0,-9799.7,-980.0,8674.4
09:30,+25%,-20%,120m,200pt,9,0.0%,0.0,-10064.9,-1118.3,9200.1
09:30,+35%,-20%,120m,200pt,9,0.0%,0.0,-10064.9,-1118.3,9200.1
09:30,+15%,-20%,90m,200pt,9,0.0%,0.0,-10064.9,-1118.3,9200.1
09:30,+25%,-20%,90m,200pt,9,0.0%,0.0,-10064.9,-1118.3,9200.1
09:30,+70%,-20%,120m,200pt,9,0.0%,0.0,-10064.9,-1118.3,9200.1
09:30,+50%,-20%,120m,200pt,9,0.0%,0.0,-10064.9,-1118.3,9200.1
09:30,+15%,-20%,120m,200pt,9,0.0%,0.0,-10064.9,-1118.3,9200.1
09:30,+50%,-20%,90m,200pt,9,0.0%,0.0,-10064.9,-1118.3,9200.1
09:30,+35%,-20%,90m,200pt,9,0.0%,0.0,-10064.9,-1118.3,9200.1
09:30,+70%,-20%,90m,200pt,9,0.0%,0.0,-10064.9,-1118.3,9200.1
10:00,+15%,-25%,60m,0pt,10,0.0%,0.0,-10130.9,-1013.1,8950.7
10:00,+70%,-30%,60m,0pt,10,0.0%,0.0,-10130.9,-1013.1,8950.7
10:00,+70%,-15%,60m,0pt,10,0.0%,0.0,-10130.9,-1013.1,8950.7
10:00,+35%,-10%,60m,0pt,10,0.0%,0.0,-10130.9,-1013.1,8950.7
10:00,+25%,-25%,60m,0pt,10,0.0%,0.0,-10130.9,-1013.1,8950.7
10:00,+25%,-30%,60m,0pt,10,0.0%,0.0,-10130.9,-1013.1,8950.7
10:00,+70%,-20%,60m,0pt,10,0.0%,0.0,-10130.9,-1013.1,8950.7
10:00,+15%,-30%,60m,0pt,10,0.0%,0.0,-10130.9,-1013.1,8950.7
10:00,+50%,-20%,60m,0pt,10,0.0%,0.0,-10130.9,-1013.1,8950.7
10:00,+25%,-15%,60m,0pt,10,0.0%,0.0,-10130.9,-1013.1,8950.7
10:00,+15%,-10%,60m,0pt,10,0.0%,0.0,-10130.9,-1013.1,8950.7
10:00,+50%,-25%,60m,0pt,10,0.0%,0.0,-10130.9,-1013.1,8950.7
10:00,+50%,-10%,60m,0pt,10,0.0%,0.0,-10130.9,-1013.1,8950.7
10:00,+35%,-30%,60m,0pt,10,0.0%,0.0,-10130.9,-1013.1,8950.7
10:00,+15%,-15%,60m,0pt,10,0.0%,0.0,-10130.9,-1013.1,8950.7
10:00,+35%,-20%,60m,0pt,10,0.0%,0.0,-10130.9,-1013.1,8950.7
10:00,+50%,-15%,60m,0pt,10,0.0%,0.0,-10130.9,-1013.1,8950.7
10:00,+70%,-10%,60m,0pt,10,0.0%,0.0,-10130.9,-1013.1,8950.7
10:00,+50%,-30%,60m,0pt,10,0.0%,0.0,-10130.9,-1013.1,8950.7
10:00,+35%,-25%,60m,0pt,10,0.0%,0.0,-10130.9,-1013.1,8950.7
10:00,+70%,-25%,60m,0pt,10,0.0%,0.0,-10130.9,-1013.1,8950.7
10:00,+35%,-15%,60m,0pt,10,0.0%,0.0,-10130.9,-1013.1,8950.7
10:00,+15%,-20%,60m,0pt,10,0.0%,0.0,-10130.9,-1013.1,8950.7
10:00,+25%,-20%,60m,0pt,10,0.0%,0.0,-10130.9,-1013.1,8950.7
10:00,+25%,-10%,60m,0pt,10,0.0%,0.0,-10130.9,-1013.1,8950.7
12:00,+35%,-30%,60m,200pt,10,0.0%,0.0,-10207.1,-1020.7,8886.2
12:00,+50%,-30%,60m,200pt,10,0.0%,0.0,-10207.1,-1020.7,8886.2
12:00,+70%,-30%,60m,200pt,10,0.0%,0.0,-10207.1,-1020.7,8886.2
12:00,+15%,-30%,60m,200pt,10,0.0%,0.0,-10207.1,-1020.7,8886.2
12:00,+25%,-30%,60m,200pt,10,0.0%,0.0,-10207.1,-1020.7,8886.2
10:00,+35%,-10%,90m,0pt,10,0.0%,0.0,-10716.7,-1071.7,9448.5
10:00,+35%,-10%,120m,0pt,10,0.0%,0.0,-10716.7,-1071.7,9448.5
10:00,+25%,-10%,90m,0pt,10,0.0%,0.0,-10716.7,-1071.7,9448.5
10:00,+25%,-10%,120m,0pt,10,0.0%,0.0,-10716.7,-1071.7,9448.5
10:00,+70%,-10%,90m,0pt,10,0.0%,0.0,-10716.7,-1071.7,9448.5
10:00,+70%,-10%,120m,0pt,10,0.0%,0.0,-10716.7,-1071.7,9448.5
10:00,+50%,-10%,120m,0pt,10,0.0%,0.0,-10716.7,-1071.7,9448.5
10:00,+50%,-10%,90m,0pt,10,0.0%,0.0,-10716.7,-1071.7,9448.5
10:00,+15%,-10%,90m,0pt,10,0.0%,0.0,-10716.7,-1071.7,9448.5
10:00,+15%,-10%,120m,0pt,10,0.0%,0.0,-10716.7,-1071.7,9448.5
10:00,+50%,-20%,120m,200pt,10,0.0%,0.0,-10722.8,-1072.3,9335.9
10:00,+70%,-20%,120m,200pt,10,0.0%,0.0,-10722.8,-1072.3,9335.9
10:00,+70%,-20%,90m,200pt,10,0.0%,0.0,-10722.8,-1072.3,9335.9
10:00,+50%,-20%,90m,200pt,10,0.0%,0.0,-10722.8,-1072.3,9335.9
10:00,+35%,-20%,90m,200pt,10,0.0%,0.0,-10722.8,-1072.3,9335.9
10:00,+35%,-20%,120m,200pt,10,0.0%,0.0,-10722.8,-1072.3,9335.9
10:00,+15%,-20%,90m,200pt,10,0.0%,0.0,-10722.8,-1072.3,9335.9
10:00,+25%,-20%,120m,200pt,10,0.0%,0.0,-10722.8,-1072.3,9335.9
10:00,+15%,-20%,120m,200pt,10,0.0%,0.0,-10722.8,-1072.3,9335.9
10:00,+25%,-20%,90m,200pt,10,0.0%,0.0,-10722.8,-1072.3,9335.9
12:00,+15%,-30%,90m,200pt,10,0.0%,0.0,-10733.7,-1073.4,9321.2
12:00,+50%,-30%,90m,200pt,10,0.0%,0.0,-10733.7,-1073.4,9321.2
12:00,+25%,-30%,120m,200pt,10,0.0%,0.0,-10733.7,-1073.4,9321.2
12:00,+25%,-30%,90m,200pt,10,0.0%,0.0,-10733.7,-1073.4,9321.2
12:00,+35%,-30%,120m,200pt,10,0.0%,0.0,-10733.7,-1073.4,9321.2
12:00,+50%,-30%,120m,200pt,10,0.0%,0.0,-10733.7,-1073.4,9321.2
12:00,+15%,-30%,120m,200pt,10,0.0%,0.0,-10733.7,-1073.4,9321.2
12:00,+35%,-30%,90m,200pt,10,0.0%,0.0,-10733.7,-1073.4,9321.2
12:00,+70%,-30%,90m,200pt,10,0.0%,0.0,-10733.7,-1073.4,9321.2
12:00,+70%,-30%,120m,200pt,10,0.0%,0.0,-10733.7,-1073.4,9321.2
13:00,+15%,-15%,45m,0pt,10,0.0%,0.0,-10833.6,-1083.4,9551.7
13:00,+35%,-15%,45m,0pt,10,0.0%,0.0,-10833.6,-1083.4,9551.7
13:00,+25%,-15%,45m,0pt,10,0.0%,0.0,-10833.6,-1083.4,9551.7
13:00,+70%,-15%,45m,0pt,10,0.0%,0.0,-10833.6,-1083.4,9551.7
13:00,+50%,-15%,45m,0pt,10,0.0%,0.0,-10833.6,-1083.4,9551.7
13:00,+50%,-15%,120m,0pt,10,0.0%,0.0,-10914.9,-1091.5,9633.0
13:00,+35%,-15%,120m,0pt,10,0.0%,0.0,-10914.9,-1091.5,9633.0
13:00,+70%,-15%,60m,0pt,10,0.0%,0.0,-10914.9,-1091.5,9633.0
13:00,+15%,-15%,60m,0pt,10,0.0%,0.0,-10914.9,-1091.5,9633.0
13:00,+15%,-15%,90m,0pt,10,0.0%,0.0,-10914.9,-1091.5,9633.0
13:00,+70%,-15%,90m,0pt,10,0.0%,0.0,-10914.9,-1091.5,9633.0
13:00,+35%,-15%,60m,0pt,10,0.0%,0.0,-10914.9,-1091.5,9633.0
13:00,+50%,-15%,60m,0pt,10,0.0%,0.0,-10914.9,-1091.5,9633.0
13:00,+50%,-15%,90m,0pt,10,0.0%,0.0,-10914.9,-1091.5,9633.0
13:00,+70%,-15%,120m,0pt,10,0.0%,0.0,-10914.9,-1091.5,9633.0
13:00,+25%,-15%,120m,0pt,10,0.0%,0.0,-10914.9,-1091.5,9633.0
13:00,+15%,-15%,120m,0pt,10,0.0%,0.0,-10914.9,-1091.5,9633.0
13:00,+25%,-15%,60m,0pt,10,0.0%,0.0,-10914.9,-1091.5,9633.0
13:00,+25%,-15%,90m,0pt,10,0.0%,0.0,-10914.9,-1091.5,9633.0
13:00,+35%,-15%,90m,0pt,10,0.0%,0.0,-10914.9,-1091.5,9633.0
11:00,+35%,-15%,60m,0pt,10,0.0%,0.0,-11011.8,-1101.2,9733.9
11:00,+15%,-25%,60m,0pt,10,0.0%,0.0,-11011.8,-1101.2,9733.9
11:00,+35%,-30%,60m,0pt,10,0.0%,0.0,-11011.8,-1101.2,9733.9
11:00,+70%,-15%,60m,0pt,10,0.0%,0.0,-11011.8,-1101.2,9733.9
11:00,+50%,-15%,60m,0pt,10,0.0%,0.0,-11011.8,-1101.2,9733.9
11:00,+25%,-30%,60m,0pt,10,0.0%,0.0,-11011.8,-1101.2,9733.9
11:00,+25%,-15%,60m,0pt,10,0.0%,0.0,-11011.8,-1101.2,9733.9
11:00,+25%,-20%,60m,0pt,10,0.0%,0.0,-11011.8,-1101.2,9733.9
11:00,+25%,-25%,60m,0pt,10,0.0%,0.0,-11011.8,-1101.2,9733.9
11:00,+70%,-20%,60m,0pt,10,0.0%,0.0,-11011.8,-1101.2,9733.9
11:00,+50%,-20%,60m,0pt,10,0.0%,0.0,-11011.8,-1101.2,9733.9
11:00,+15%,-20%,60m,0pt,10,0.0%,0.0,-11011.8,-1101.2,9733.9
11:00,+35%,-25%,60m,0pt,10,0.0%,0.0,-11011.8,-1101.2,9733.9
11:00,+15%,-15%,60m,0pt,10,0.0%,0.0,-11011.8,-1101.2,9733.9
11:00,+50%,-25%,60m,0pt,10,0.0%,0.0,-11011.8,-1101.2,9733.9
11:00,+15%,-30%,60m,0pt,10,0.0%,0.0,-11011.8,-1101.2,9733.9
11:00,+35%,-20%,60m,0pt,10,0.0%,0.0,-11011.8,-1101.2,9733.9
11:00,+70%,-30%,60m,0pt,10,0.0%,0.0,-11011.8,-1101.2,9733.9
11:00,+70%,-25%,60m,0pt,10,0.0%,0.0,-11011.8,-1101.2,9733.9
11:00,+50%,-30%,60m,0pt,10,0.0%,0.0,-11011.8,-1101.2,9733.9
11:00,+35%,-25%,120m,200pt,10,0.0%,0.0,-11195.1,-1119.5,9729.5
11:00,+70%,-25%,120m,200pt,10,0.0%,0.0,-11195.1,-1119.5,9729.5
11:00,+25%,-25%,120m,200pt,10,0.0%,0.0,-11195.1,-1119.5,9729.5
11:00,+25%,-25%,90m,200pt,10,0.0%,0.0,-11195.1,-1119.5,9729.5
11:00,+15%,-25%,90m,200pt,10,0.0%,0.0,-11195.1,-1119.5,9729.5
11:00,+70%,-25%,90m,200pt,10,0.0%,0.0,-11195.1,-1119.5,9729.5
11:00,+15%,-25%,120m,200pt,10,0.0%,0.0,-11195.1,-1119.5,9729.5
11:00,+50%,-25%,90m,200pt,10,0.0%,0.0,-11195.1,-1119.5,9729.5
11:00,+50%,-25%,120m,200pt,10,0.0%,0.0,-11195.1,-1119.5,9729.5
11:00,+35%,-25%,90m,200pt,10,0.0%,0.0,-11195.1,-1119.5,9729.5
13:00,+15%,-20%,45m,0pt,10,0.0%,0.0,-11204.9,-1120.5,9858.7
13:00,+50%,-30%,45m,0pt,10,0.0%,0.0,-11204.9,-1120.5,9858.7
13:00,+25%,-30%,45m,0pt,10,0.0%,0.0,-11204.9,-1120.5,9858.7
13:00,+25%,-25%,45m,0pt,10,0.0%,0.0,-11204.9,-1120.5,9858.7
13:00,+70%,-30%,45m,0pt,10,0.0%,0.0,-11204.9,-1120.5,9858.7
13:00,+70%,-25%,45m,0pt,10,0.0%,0.0,-11204.9,-1120.5,9858.7
13:00,+35%,-20%,45m,0pt,10,0.0%,0.0,-11204.9,-1120.5,9858.7
13:00,+25%,-20%,45m,0pt,10,0.0%,0.0,-11204.9,-1120.5,9858.7
13:00,+35%,-25%,45m,0pt,10,0.0%,0.0,-11204.9,-1120.5,9858.7
13:00,+15%,-30%,45m,0pt,10,0.0%,0.0,-11204.9,-1120.5,9858.7
13:00,+35%,-30%,45m,0pt,10,0.0%,0.0,-11204.9,-1120.5,9858.7
13:00,+15%,-25%,45m,0pt,10,0.0%,0.0,-11204.9,-1120.5,9858.7
13:00,+50%,-20%,45m,0pt,10,0.0%,0.0,-11204.9,-1120.5,9858.7
13:00,+70%,-20%,45m,0pt,10,0.0%,0.0,-11204.9,-1120.5,9858.7
13:00,+50%,-25%,45m,0pt,10,0.0%,0.0,-11204.9,-1120.5,9858.7
09:30,+35%,-25%,90m,200pt,9,0.0%,0.0,-11248.7,-1249.9,10174.7
09:30,+15%,-25%,90m,200pt,9,0.0%,0.0,-11248.7,-1249.9,10174.7
09:30,+50%,-25%,90m,200pt,9,0.0%,0.0,-11248.7,-1249.9,10174.7
09:30,+25%,-25%,90m,200pt,9,0.0%,0.0,-11248.7,-1249.9,10174.7
09:30,+70%,-25%,90m,200pt,9,0.0%,0.0,-11248.7,-1249.9,10174.7
09:30,+25%,-30%,90m,200pt,9,0.0%,0.0,-11265.5,-1251.7,10174.7
09:30,+50%,-30%,90m,200pt,9,0.0%,0.0,-11265.5,-1251.7,10174.7
09:30,+15%,-30%,90m,200pt,9,0.0%,0.0,-11265.5,-1251.7,10174.7
09:30,+70%,-30%,90m,200pt,9,0.0%,0.0,-11265.5,-1251.7,10174.7
09:30,+35%,-30%,90m,200pt,9,0.0%,0.0,-11265.5,-1251.7,10174.7
09:30,+35%,-25%,120m,200pt,9,0.0%,0.0,-12321.0,-1369.0,11247.1
09:30,+25%,-25%,120m,200pt,9,0.0%,0.0,-12321.0,-1369.0,11247.1
09:30,+15%,-25%,120m,200pt,9,0.0%,0.0,-12321.0,-1369.0,11247.1
09:30,+50%,-25%,120m,200pt,9,0.0%,0.0,-12321.0,-1369.0,11247.1
09:30,+70%,-25%,120m,200pt,9,0.0%,0.0,-12321.0,-1369.0,11247.1
12:00,+25%,-15%,60m,0pt,10,0.0%,0.0,-12461.6,-1246.2,10973.6
12:00,+15%,-15%,60m,0pt,10,0.0%,0.0,-12461.6,-1246.2,10973.6
12:00,+50%,-15%,60m,0pt,10,0.0%,0.0,-12461.6,-1246.2,10973.6
12:00,+70%,-15%,60m,0pt,10,0.0%,0.0,-12461.6,-1246.2,10973.6
12:00,+35%,-15%,60m,0pt,10,0.0%,0.0,-12461.6,-1246.2,10973.6
12:00,+35%,-15%,120m,0pt,10,0.0%,0.0,-12655.5,-1265.6,11167.5
12:00,+70%,-15%,120m,0pt,10,0.0%,0.0,-12655.5,-1265.6,11167.5
12:00,+25%,-15%,120m,0pt,10,0.0%,0.0,-12655.5,-1265.6,11167.5
12:00,+70%,-15%,90m,0pt,10,0.0%,0.0,-12655.5,-1265.6,11167.5
12:00,+25%,-15%,90m,0pt,10,0.0%,0.0,-12655.5,-1265.6,11167.5
12:00,+15%,-15%,120m,0pt,10,0.0%,0.0,-12655.5,-1265.6,11167.5
12:00,+50%,-15%,90m,0pt,10,0.0%,0.0,-12655.5,-1265.6,11167.5
12:00,+15%,-15%,90m,0pt,10,0.0%,0.0,-12655.5,-1265.6,11167.5
12:00,+50%,-15%,120m,0pt,10,0.0%,0.0,-12655.5,-1265.6,11167.5
12:00,+35%,-15%,90m,0pt,10,0.0%,0.0,-12655.5,-1265.6,11167.5
10:00,+15%,-25%,90m,200pt,10,0.0%,0.0,-12719.0,-1271.9,11141.1
10:00,+25%,-25%,90m,200pt,10,0.0%,0.0,-12719.0,-1271.9,11141.1
10:00,+70%,-25%,90m,200pt,10,0.0%,0.0,-12719.0,-1271.9,11141.1
10:00,+35%,-25%,90m,200pt,10,0.0%,0.0,-12719.0,-1271.9,11141.1
10:00,+50%,-25%,90m,200pt,10,0.0%,0.0,-12719.0,-1271.9,11141.1
12:00,+15%,-20%,60m,0pt,10,0.0%,0.0,-12778.2,-1277.8,11241.3
12:00,+35%,-25%,60m,0pt,10,0.0%,0.0,-12778.2,-1277.8,11241.3
12:00,+25%,-30%,60m,0pt,10,0.0%,0.0,-12778.2,-1277.8,11241.3
12:00,+50%,-25%,60m,0pt,10,0.0%,0.0,-12778.2,-1277.8,11241.3
12:00,+35%,-20%,60m,0pt,10,0.0%,0.0,-12778.2,-1277.8,11241.3
12:00,+35%,-30%,60m,0pt,10,0.0%,0.0,-12778.2,-1277.8,11241.3
12:00,+50%,-30%,60m,0pt,10,0.0%,0.0,-12778.2,-1277.8,11241.3
12:00,+15%,-30%,60m,0pt,10,0.0%,0.0,-12778.2,-1277.8,11241.3
12:00,+15%,-25%,60m,0pt,10,0.0%,0.0,-12778.2,-1277.8,11241.3
12:00,+70%,-25%,60m,0pt,10,0.0%,0.0,-12778.2,-1277.8,11241.3
12:00,+70%,-30%,60m,0pt,10,0.0%,0.0,-12778.2,-1277.8,11241.3
12:00,+25%,-25%,60m,0pt,10,0.0%,0.0,-12778.2,-1277.8,11241.3
12:00,+70%,-20%,60m,0pt,10,0.0%,0.0,-12778.2,-1277.8,11241.3
12:00,+50%,-20%,60m,0pt,10,0.0%,0.0,-12778.2,-1277.8,11241.3
12:00,+25%,-20%,60m,0pt,10,0.0%,0.0,-12778.2,-1277.8,11241.3
09:30,+25%,-15%,90m,0pt,9,0.0%,0.0,-12793.2,-1421.5,11503.3
09:30,+15%,-25%,90m,0pt,9,0.0%,0.0,-12793.2,-1421.5,11503.3
09:30,+50%,-15%,90m,0pt,9,0.0%,0.0,-12793.2,-1421.5,11503.3
09:30,+35%,-15%,90m,0pt,9,0.0%,0.0,-12793.2,-1421.5,11503.3
09:30,+50%,-25%,90m,0pt,9,0.0%,0.0,-12793.2,-1421.5,11503.3
09:30,+50%,-20%,90m,0pt,9,0.0%,0.0,-12793.2,-1421.5,11503.3
09:30,+35%,-25%,90m,0pt,9,0.0%,0.0,-12793.2,-1421.5,11503.3
09:30,+35%,-20%,90m,0pt,9,0.0%,0.0,-12793.2,-1421.5,11503.3
09:30,+15%,-30%,90m,0pt,9,0.0%,0.0,-12793.2,-1421.5,11503.3
09:30,+70%,-15%,90m,0pt,9,0.0%,0.0,-12793.2,-1421.5,11503.3
09:30,+25%,-25%,90m,0pt,9,0.0%,0.0,-12793.2,-1421.5,11503.3
09:30,+15%,-15%,90m,0pt,9,0.0%,0.0,-12793.2,-1421.5,11503.3
09:30,+50%,-30%,90m,0pt,9,0.0%,0.0,-12793.2,-1421.5,11503.3
09:30,+25%,-20%,90m,0pt,9,0.0%,0.0,-12793.2,-1421.5,11503.3
09:30,+15%,-20%,90m,0pt,9,0.0%,0.0,-12793.2,-1421.5,11503.3
09:30,+70%,-20%,90m,0pt,9,0.0%,0.0,-12793.2,-1421.5,11503.3
09:30,+70%,-30%,90m,0pt,9,0.0%,0.0,-12793.2,-1421.5,11503.3
09:30,+35%,-30%,90m,0pt,9,0.0%,0.0,-12793.2,-1421.5,11503.3
09:30,+25%,-30%,90m,0pt,9,0.0%,0.0,-12793.2,-1421.5,11503.3
09:30,+70%,-25%,90m,0pt,9,0.0%,0.0,-12793.2,-1421.5,11503.3
10:00,+35%,-30%,90m,200pt,10,0.0%,0.0,-13145.7,-1314.6,11567.9
10:00,+50%,-30%,90m,200pt,10,0.0%,0.0,-13145.7,-1314.6,11567.9
10:00,+70%,-30%,90m,200pt,10,0.0%,0.0,-13145.7,-1314.6,11567.9
10:00,+25%,-30%,90m,200pt,10,0.0%,0.0,-13145.7,-1314.6,11567.9
10:00,+15%,-30%,90m,200pt,10,0.0%,0.0,-13145.7,-1314.6,11567.9
11:00,+70%,-30%,120m,200pt,10,0.0%,0.0,-13201.6,-1320.2,11457.1
11:00,+35%,-30%,120m,200pt,10,0.0%,0.0,-13201.6,-1320.2,11457.1
11:00,+15%,-30%,90m,200pt,10,0.0%,0.0,-13201.6,-1320.2,11457.1
11:00,+70%,-30%,90m,200pt,10,0.0%,0.0,-13201.6,-1320.2,11457.1
11:00,+25%,-30%,120m,200pt,10,0.0%,0.0,-13201.6,-1320.2,11457.1
11:00,+25%,-30%,90m,200pt,10,0.0%,0.0,-13201.6,-1320.2,11457.1
11:00,+50%,-30%,120m,200pt,10,0.0%,0.0,-13201.6,-1320.2,11457.1
11:00,+35%,-30%,90m,200pt,10,0.0%,0.0,-13201.6,-1320.2,11457.1
11:00,+15%,-30%,120m,200pt,10,0.0%,0.0,-13201.6,-1320.2,11457.1
11:00,+50%,-30%,90m,200pt,10,0.0%,0.0,-13201.6,-1320.2,11457.1
10:00,+25%,-25%,120m,200pt,10,0.0%,0.0,-13240.5,-1324.0,11508.0
10:00,+15%,-25%,120m,200pt,10,0.0%,0.0,-13240.5,-1324.0,11508.0
10:00,+70%,-25%,120m,200pt,10,0.0%,0.0,-13240.5,-1324.0,11508.0
10:00,+50%,-25%,120m,200pt,10,0.0%,0.0,-13240.5,-1324.0,11508.0
10:00,+35%,-25%,120m,200pt,10,0.0%,0.0,-13240.5,-1324.0,11508.0
11:00,+70%,-15%,90m,0pt,10,0.0%,0.0,-14143.4,-1414.3,12494.5
11:00,+50%,-15%,90m,0pt,10,0.0%,0.0,-14143.4,-1414.3,12494.5
11:00,+25%,-15%,120m,0pt,10,0.0%,0.0,-14143.4,-1414.3,12494.5
11:00,+50%,-15%,120m,0pt,10,0.0%,0.0,-14143.4,-1414.3,12494.5
11:00,+25%,-15%,90m,0pt,10,0.0%,0.0,-14143.4,-1414.3,12494.5
11:00,+35%,-15%,90m,0pt,10,0.0%,0.0,-14143.4,-1414.3,12494.5
11:00,+35%,-15%,120m,0pt,10,0.0%,0.0,-14143.4,-1414.3,12494.5
11:00,+15%,-15%,120m,0pt,10,0.0%,0.0,-14143.4,-1414.3,12494.5
11:00,+15%,-15%,90m,0pt,10,0.0%,0.0,-14143.4,-1414.3,12494.5
11:00,+70%,-15%,120m,0pt,10,0.0%,0.0,-14143.4,-1414.3,12494.5
13:00,+15%,-20%,60m,0pt,10,0.0%,0.0,-14224.4,-1422.4,12567.0
13:00,+70%,-20%,90m,0pt,10,0.0%,0.0,-14224.4,-1422.4,12567.0
13:00,+70%,-20%,60m,0pt,10,0.0%,0.0,-14224.4,-1422.4,12567.0
13:00,+35%,-20%,60m,0pt,10,0.0%,0.0,-14224.4,-1422.4,12567.0
13:00,+25%,-20%,120m,0pt,10,0.0%,0.0,-14224.4,-1422.4,12567.0
13:00,+50%,-20%,90m,0pt,10,0.0%,0.0,-14224.4,-1422.4,12567.0
13:00,+70%,-20%,120m,0pt,10,0.0%,0.0,-14224.4,-1422.4,12567.0
13:00,+35%,-20%,120m,0pt,10,0.0%,0.0,-14224.4,-1422.4,12567.0
13:00,+35%,-20%,90m,0pt,10,0.0%,0.0,-14224.4,-1422.4,12567.0
13:00,+25%,-20%,60m,0pt,10,0.0%,0.0,-14224.4,-1422.4,12567.0
13:00,+15%,-20%,120m,0pt,10,0.0%,0.0,-14224.4,-1422.4,12567.0
13:00,+50%,-20%,60m,0pt,10,0.0%,0.0,-14224.4,-1422.4,12567.0
13:00,+15%,-20%,90m,0pt,10,0.0%,0.0,-14224.4,-1422.4,12567.0
13:00,+50%,-20%,120m,0pt,10,0.0%,0.0,-14224.4,-1422.4,12567.0
13:00,+25%,-20%,90m,0pt,10,0.0%,0.0,-14224.4,-1422.4,12567.0
09:30,+15%,-15%,120m,0pt,9,0.0%,0.0,-14248.9,-1583.2,12861.5
09:30,+25%,-15%,120m,0pt,9,0.0%,0.0,-14248.9,-1583.2,12861.5
09:30,+35%,-15%,120m,0pt,9,0.0%,0.0,-14248.9,-1583.2,12861.5
09:30,+70%,-15%,120m,0pt,9,0.0%,0.0,-14248.9,-1583.2,12861.5
09:30,+50%,-15%,120m,0pt,9,0.0%,0.0,-14248.9,-1583.2,12861.5
09:30,+50%,-30%,120m,200pt,9,0.0%,0.0,-14381.0,-1597.9,13085.9
09:30,+15%,-30%,120m,200pt,9,0.0%,0.0,-14381.0,-1597.9,13085.9
09:30,+25%,-30%,120m,200pt,9,0.0%,0.0,-14381.0,-1597.9,13085.9
09:30,+70%,-30%,120m,200pt,9,0.0%,0.0,-14381.0,-1597.9,13085.9
09:30,+35%,-30%,120m,200pt,9,0.0%,0.0,-14381.0,-1597.9,13085.9
10:00,+35%,-15%,90m,0pt,10,0.0%,0.0,-15067.2,-1506.7,13330.9
10:00,+15%,-15%,90m,0pt,10,0.0%,0.0,-15067.2,-1506.7,13330.9
10:00,+25%,-15%,90m,0pt,10,0.0%,0.0,-15067.2,-1506.7,13330.9
10:00,+50%,-15%,90m,0pt,10,0.0%,0.0,-15067.2,-1506.7,13330.9
10:00,+70%,-15%,90m,0pt,10,0.0%,0.0,-15067.2,-1506.7,13330.9
10:00,+50%,-20%,90m,0pt,10,0.0%,0.0,-15070.2,-1507.0,13333.9
10:00,+35%,-25%,90m,0pt,10,0.0%,0.0,-15070.2,-1507.0,13333.9
10:00,+70%,-25%,90m,0pt,10,0.0%,0.0,-15070.2,-1507.0,13333.9
10:00,+35%,-30%,90m,0pt,10,0.0%,0.0,-15070.2,-1507.0,13333.9
10:00,+35%,-20%,90m,0pt,10,0.0%,0.0,-15070.2,-1507.0,13333.9
10:00,+70%,-30%,90m,0pt,10,0.0%,0.0,-15070.2,-1507.0,13333.9
10:00,+50%,-30%,90m,0pt,10,0.0%,0.0,-15070.2,-1507.0,13333.9
10:00,+50%,-25%,90m,0pt,10,0.0%,0.0,-15070.2,-1507.0,13333.9
10:00,+15%,-20%,90m,0pt,10,0.0%,0.0,-15070.2,-1507.0,13333.9
10:00,+70%,-20%,90m,0pt,10,0.0%,0.0,-15070.2,-1507.0,13333.9
10:00,+15%,-30%,90m,0pt,10,0.0%,0.0,-15070.2,-1507.0,13333.9
10:00,+25%,-20%,90m,0pt,10,0.0%,0.0,-15070.2,-1507.0,13333.9
10:00,+15%,-25%,90m,0pt,10,0.0%,0.0,-15070.2,-1507.0,13333.9
10:00,+25%,-25%,90m,0pt,10,0.0%,0.0,-15070.2,-1507.0,13333.9
10:00,+25%,-30%,90m,0pt,10,0.0%,0.0,-15070.2,-1507.0,13333.9
13:00,+70%,-25%,60m,0pt,10,0.0%,0.0,-15326.1,-1532.6,13610.1
13:00,+25%,-30%,60m,0pt,10,0.0%,0.0,-15326.1,-1532.6,13610.1
13:00,+70%,-30%,60m,0pt,10,0.0%,0.0,-15326.1,-1532.6,13610.1
13:00,+15%,-25%,60m,0pt,10,0.0%,0.0,-15326.1,-1532.6,13610.1
13:00,+35%,-25%,60m,0pt,10,0.0%,0.0,-15326.1,-1532.6,13610.1
13:00,+25%,-25%,60m,0pt,10,0.0%,0.0,-15326.1,-1532.6,13610.1
13:00,+35%,-30%,60m,0pt,10,0.0%,0.0,-15326.1,-1532.6,13610.1
13:00,+15%,-30%,60m,0pt,10,0.0%,0.0,-15326.1,-1532.6,13610.1
13:00,+50%,-30%,60m,0pt,10,0.0%,0.0,-15326.1,-1532.6,13610.1
13:00,+50%,-25%,60m,0pt,10,0.0%,0.0,-15326.1,-1532.6,13610.1
10:00,+70%,-15%,120m,0pt,10,0.0%,0.0,-15513.1,-1551.3,13703.6
10:00,+25%,-15%,120m,0pt,10,0.0%,0.0,-15513.1,-1551.3,13703.6
10:00,+35%,-15%,120m,0pt,10,0.0%,0.0,-15513.1,-1551.3,13703.6
10:00,+15%,-15%,120m,0pt,10,0.0%,0.0,-15513.1,-1551.3,13703.6
10:00,+50%,-15%,120m,0pt,10,0.0%,0.0,-15513.1,-1551.3,13703.6
10:00,+70%,-30%,120m,200pt,10,0.0%,0.0,-15687.6,-1568.8,13663.8
10:00,+35%,-30%,120m,200pt,10,0.0%,0.0,-15687.6,-1568.8,13663.8
10:00,+25%,-30%,120m,200pt,10,0.0%,0.0,-15687.6,-1568.8,13663.8
10:00,+15%,-30%,120m,200pt,10,0.0%,0.0,-15687.6,-1568.8,13663.8
10:00,+50%,-30%,120m,200pt,10,0.0%,0.0,-15687.6,-1568.8,13663.8
12:00,+70%,-20%,120m,0pt,10,0.0%,0.0,-16441.7,-1644.2,14517.6
12:00,+35%,-20%,90m,0pt,10,0.0%,0.0,-16441.7,-1644.2,14517.6
12:00,+15%,-20%,120m,0pt,10,0.0%,0.0,-16441.7,-1644.2,14517.6
12:00,+25%,-20%,120m,0pt,10,0.0%,0.0,-16441.7,-1644.2,14517.6
12:00,+50%,-20%,120m,0pt,10,0.0%,0.0,-16441.7,-1644.2,14517.6
12:00,+35%,-20%,120m,0pt,10,0.0%,0.0,-16441.7,-1644.2,14517.6
12:00,+70%,-20%,90m,0pt,10,0.0%,0.0,-16441.7,-1644.2,14517.6
12:00,+50%,-20%,90m,0pt,10,0.0%,0.0,-16441.7,-1644.2,14517.6
12:00,+15%,-20%,90m,0pt,10,0.0%,0.0,-16441.7,-1644.2,14517.6
12:00,+25%,-20%,90m,0pt,10,0.0%,0.0,-16441.7,-1644.2,14517.6
11:00,+50%,-30%,90m,0pt,10,0.0%,0.0,-16740.7,-1674.1,14738.1
11:00,+25%,-25%,90m,0pt,10,0.0%,0.0,-16740.7,-1674.1,14738.1
11:00,+50%,-20%,90m,0pt,10,0.0%,0.0,-16740.7,-1674.1,14738.1
11:00,+25%,-30%,90m,0pt,10,0.0%,0.0,-16740.7,-1674.1,14738.1
11:00,+15%,-20%,90m,0pt,10,0.0%,0.0,-16740.7,-1674.1,14738.1
11:00,+35%,-30%,90m,0pt,10,0.0%,0.0,-16740.7,-1674.1,14738.1
11:00,+50%,-25%,90m,0pt,10,0.0%,0.0,-16740.7,-1674.1,14738.1
11:00,+35%,-25%,90m,0pt,10,0.0%,0.0,-16740.7,-1674.1,14738.1
11:00,+70%,-30%,90m,0pt,10,0.0%,0.0,-16740.7,-1674.1,14738.1
11:00,+15%,-25%,90m,0pt,10,0.0%,0.0,-16740.7,-1674.1,14738.1
11:00,+70%,-25%,90m,0pt,10,0.0%,0.0,-16740.7,-1674.1,14738.1
11:00,+25%,-20%,90m,0pt,10,0.0%,0.0,-16740.7,-1674.1,14738.1
11:00,+35%,-20%,90m,0pt,10,0.0%,0.0,-16740.7,-1674.1,14738.1
11:00,+15%,-30%,90m,0pt,10,0.0%,0.0,-16740.7,-1674.1,14738.1
11:00,+70%,-20%,90m,0pt,10,0.0%,0.0,-16740.7,-1674.1,14738.1
09:30,+70%,-25%,120m,0pt,9,0.0%,0.0,-17176.4,-1908.5,15455.6
09:30,+50%,-20%,120m,0pt,9,0.0%,0.0,-17176.4,-1908.5,15455.6
09:30,+50%,-25%,120m,0pt,9,0.0%,0.0,-17176.4,-1908.5,15455.6
09:30,+50%,-30%,120m,0pt,9,0.0%,0.0,-17176.4,-1908.5,15455.6
09:30,+15%,-25%,120m,0pt,9,0.0%,0.0,-17176.4,-1908.5,15455.6
09:30,+25%,-20%,120m,0pt,9,0.0%,0.0,-17176.4,-1908.5,15455.6
09:30,+70%,-20%,120m,0pt,9,0.0%,0.0,-17176.4,-1908.5,15455.6
09:30,+70%,-30%,120m,0pt,9,0.0%,0.0,-17176.4,-1908.5,15455.6
09:30,+25%,-30%,120m,0pt,9,0.0%,0.0,-17176.4,-1908.5,15455.6
09:30,+35%,-30%,120m,0pt,9,0.0%,0.0,-17176.4,-1908.5,15455.6
09:30,+35%,-20%,120m,0pt,9,0.0%,0.0,-17176.4,-1908.5,15455.6
09:30,+15%,-30%,120m,0pt,9,0.0%,0.0,-17176.4,-1908.5,15455.6
09:30,+35%,-25%,120m,0pt,9,0.0%,0.0,-17176.4,-1908.5,15455.6
09:30,+25%,-25%,120m,0pt,9,0.0%,0.0,-17176.4,-1908.5,15455.6
09:30,+15%,-20%,120m,0pt,9,0.0%,0.0,-17176.4,-1908.5,15455.6
13:00,+15%,-25%,90m,0pt,10,0.0%,0.0,-17493.3,-1749.3,15471.6
13:00,+35%,-25%,90m,0pt,10,0.0%,0.0,-17493.3,-1749.3,15471.6
13:00,+35%,-25%,120m,0pt,10,0.0%,0.0,-17493.3,-1749.3,15471.6
13:00,+25%,-25%,120m,0pt,10,0.0%,0.0,-17493.3,-1749.3,15471.6
13:00,+70%,-25%,90m,0pt,10,0.0%,0.0,-17493.3,-1749.3,15471.6
13:00,+25%,-25%,90m,0pt,10,0.0%,0.0,-17493.3,-1749.3,15471.6
13:00,+70%,-25%,120m,0pt,10,0.0%,0.0,-17493.3,-1749.3,15471.6
13:00,+15%,-25%,120m,0pt,10,0.0%,0.0,-17493.3,-1749.3,15471.6
13:00,+50%,-25%,90m,0pt,10,0.0%,0.0,-17493.3,-1749.3,15471.6
13:00,+50%,-25%,120m,0pt,10,0.0%,0.0,-17493.3,-1749.3,15471.6
11:00,+25%,-20%,120m,0pt,10,0.0%,0.0,-18561.7,-1856.2,16369.0
11:00,+70%,-20%,120m,0pt,10,0.0%,0.0,-18561.7,-1856.2,16369.0
11:00,+35%,-20%,120m,0pt,10,0.0%,0.0,-18561.7,-1856.2,16369.0
11:00,+15%,-20%,120m,0pt,10,0.0%,0.0,-18561.7,-1856.2,16369.0
11:00,+50%,-20%,120m,0pt,10,0.0%,0.0,-18561.7,-1856.2,16369.0
12:00,+35%,-25%,90m,0pt,10,0.0%,0.0,-19500.3,-1950.0,17139.0
12:00,+35%,-30%,90m,0pt,10,0.0%,0.0,-19500.3,-1950.0,17139.0
12:00,+25%,-25%,90m,0pt,10,0.0%,0.0,-19500.3,-1950.0,17139.0
12:00,+15%,-25%,90m,0pt,10,0.0%,0.0,-19500.3,-1950.0,17139.0
12:00,+15%,-30%,90m,0pt,10,0.0%,0.0,-19500.3,-1950.0,17139.0
12:00,+25%,-30%,90m,0pt,10,0.0%,0.0,-19500.3,-1950.0,17139.0
12:00,+50%,-25%,90m,0pt,10,0.0%,0.0,-19500.3,-1950.0,17139.0
12:00,+50%,-30%,90m,0pt,10,0.0%,0.0,-19500.3,-1950.0,17139.0
12:00,+70%,-25%,90m,0pt,10,0.0%,0.0,-19500.3,-1950.0,17139.0
12:00,+70%,-30%,90m,0pt,10,0.0%,0.0,-19500.3,-1950.0,17139.0
10:00,+70%,-20%,120m,0pt,10,0.0%,0.0,-20242.8,-2024.3,17864.8
10:00,+25%,-20%,120m,0pt,10,0.0%,0.0,-20242.8,-2024.3,17864.8
10:00,+15%,-20%,120m,0pt,10,0.0%,0.0,-20242.8,-2024.3,17864.8
10:00,+50%,-20%,120m,0pt,10,0.0%,0.0,-20242.8,-2024.3,17864.8
10:00,+35%,-20%,120m,0pt,10,0.0%,0.0,-20242.8,-2024.3,17864.8
10:00,+35%,-30%,120m,0pt,10,0.0%,0.0,-20342.7,-2034.3,17964.7
10:00,+35%,-25%,120m,0pt,10,0.0%,0.0,-20342.7,-2034.3,17964.7
10:00,+25%,-25%,120m,0pt,10,0.0%,0.0,-20342.7,-2034.3,17964.7
10:00,+25%,-30%,120m,0pt,10,0.0%,0.0,-20342.7,-2034.3,17964.7
10:00,+15%,-30%,120m,0pt,10,0.0%,0.0,-20342.7,-2034.3,17964.7
10:00,+50%,-30%,120m,0pt,10,0.0%,0.0,-20342.7,-2034.3,17964.7
10:00,+70%,-30%,120m,0pt,10,0.0%,0.0,-20342.7,-2034.3,17964.7
10:00,+50%,-25%,120m,0pt,10,0.0%,0.0,-20342.7,-2034.3,17964.7
10:00,+15%,-25%,120m,0pt,10,0.0%,0.0,-20342.7,-2034.3,17964.7
10:00,+70%,-25%,120m,0pt,10,0.0%,0.0,-20342.7,-2034.3,17964.7
12:00,+35%,-25%,120m,0pt,10,0.0%,0.0,-20361.2,-2036.1,17962.4
12:00,+25%,-25%,120m,0pt,10,0.0%,0.0,-20361.2,-2036.1,17962.4
12:00,+50%,-25%,120m,0pt,10,0.0%,0.0,-20361.2,-2036.1,17962.4
12:00,+70%,-25%,120m,0pt,10,0.0%,0.0,-20361.2,-2036.1,17962.4
12:00,+15%,-25%,120m,0pt,10,0.0%,0.0,-20361.2,-2036.1,17962.4
13:00,+50%,-30%,90m,0pt,10,0.0%,0.0,-20822.7,-2082.3,18310.8
13:00,+25%,-30%,120m,0pt,10,0.0%,0.0,-20822.7,-2082.3,18310.8
13:00,+70%,-30%,90m,0pt,10,0.0%,0.0,-20822.7,-2082.3,18310.8
13:00,+70%,-30%,120m,0pt,10,0.0%,0.0,-20822.7,-2082.3,18310.8
13:00,+25%,-30%,90m,0pt,10,0.0%,0.0,-20822.7,-2082.3,18310.8
13:00,+15%,-30%,120m,0pt,10,0.0%,0.0,-20822.7,-2082.3,18310.8
13:00,+15%,-30%,90m,0pt,10,0.0%,0.0,-20822.7,-2082.3,18310.8
13:00,+35%,-30%,90m,0pt,10,0.0%,0.0,-20822.7,-2082.3,18310.8
13:00,+35%,-30%,120m,0pt,10,0.0%,0.0,-20822.7,-2082.3,18310.8
13:00,+50%,-30%,120m,0pt,10,0.0%,0.0,-20822.7,-2082.3,18310.8
11:00,+15%,-25%,120m,0pt,10,0.0%,0.0,-22780.5,-2278.0,20094.6
11:00,+35%,-25%,120m,0pt,10,0.0%,0.0,-22780.5,-2278.0,20094.6
11:00,+25%,-25%,120m,0pt,10,0.0%,0.0,-22780.5,-2278.0,20094.6
11:00,+50%,-25%,120m,0pt,10,0.0%,0.0,-22780.5,-2278.0,20094.6
11:00,+70%,-25%,120m,0pt,10,0.0%,0.0,-22780.5,-2278.0,20094.6
11:00,+25%,-30%,120m,0pt,10,0.0%,0.0,-22990.0,-2299.0,20255.2
11:00,+35%,-30%,120m,0pt,10,0.0%,0.0,-22990.0,-2299.0,20255.2
11:00,+15%,-30%,120m,0pt,10,0.0%,0.0,-22990.0,-2299.0,20255.2
11:00,+70%,-30%,120m,0pt,10,0.0%,0.0,-22990.0,-2299.0,20255.2
11:00,+50%,-30%,120m,0pt,10,0.0%,0.0,-22990.0,-2299.0,20255.2
12:00,+70%,-30%,120m,0pt,10,0.0%,0.0,-24315.2,-2431.5,21468.7
12:00,+50%,-30%,120m,0pt,10,0.0%,0.0,-24315.2,-2431.5,21468.7
12:00,+35%,-30%,120m,0pt,10,0.0%,0.0,-24315.2,-2431.5,21468.7
12:00,+25%,-30%,120m,0pt,10,0.0%,0.0,-24315.2,-2431.5,21468.7
12:00,+15%,-30%,120m,0pt,10,0.0%,0.0,-24315.2,-2431.5,21468.7
