box_m,max_pct,buf,tp,sl,spot_sl,trades,wr,pf,pnl,avg_trade,max_dd
60m,0.75%,50pt,+30%,-25%,True,17,64.7%,1.47,1974.6,116.2,1556.8
60m,1.0%,50pt,+30%,-25%,True,17,64.7%,1.47,1974.6,116.2,1556.8
60m,1.0%,50pt,+30%,-20%,True,17,64.7%,1.41,1786.8,105.1,2090.8
60m,0.75%,50pt,+30%,-20%,True,17,64.7%,1.41,1786.8,105.1,2090.8
60m,0.75%,50pt,+30%,-30%,True,17,64.7%,1.36,1627.0,95.7,1841.2
60m,1.0%,50pt,+30%,-30%,True,17,64.7%,1.36,1627.0,95.7,1841.2
60m,1.5%,50pt,+30%,-25%,True,19,57.9%,1.1,581.4,30.6,2475.0
60m,0.5%,50pt,+60%,-20%,True,9,66.7%,1.19,432.1,48.0,1188.1
60m,0.5%,50pt,+30%,-20%,True,9,66.7%,1.19,432.1,48.0,1188.1
60m,0.5%,50pt,+80%,-20%,True,9,66.7%,1.19,432.1,48.0,1188.1
60m,0.5%,50pt,+40%,-20%,True,9,66.7%,1.19,432.1,48.0,1188.1
60m,0.5%,50pt,+50%,-20%,True,9,66.7%,1.19,432.1,48.0,1188.1
60m,1.5%,50pt,+30%,-20%,True,19,57.9%,1.07,393.5,20.7,2229.6
60m,1.0%,50pt,+30%,-15%,True,17,52.9%,1.07,325.3,19.1,2266.5
60m,0.75%,50pt,+30%,-15%,True,17,52.9%,1.07,325.3,19.1,2266.5
60m,1.5%,50pt,+30%,-30%,True,19,57.9%,1.04,233.8,12.3,2538.3
45m,0.5%,50pt,+30%,-25%,True,10,70.0%,1.04,128.8,12.9,1927.5
45m,0.5%,50pt,+80%,-25%,True,10,70.0%,1.04,128.8,12.9,1927.5
45m,0.5%,50pt,+40%,-25%,True,10,70.0%,1.04,128.8,12.9,1927.5
45m,0.5%,50pt,+60%,-25%,True,10,70.0%,1.04,128.8,12.9,1927.5
45m,0.5%,50pt,+50%,-25%,True,10,70.0%,1.04,128.8,12.9,1927.5
60m,0.5%,50pt,+60%,-25%,True,9,66.7%,0.94,-165.0,-18.3,1651.1
60m,0.5%,50pt,+40%,-25%,True,9,66.7%,0.94,-165.0,-18.3,1651.1
60m,0.5%,50pt,+50%,-25%,True,9,66.7%,0.94,-165.0,-18.3,1651.1
60m,0.5%,50pt,+30%,-25%,True,9,66.7%,0.94,-165.0,-18.3,1651.1
60m,0.5%,50pt,+80%,-25%,True,9,66.7%,0.94,-165.0,-18.3,1651.1
45m,0.5%,50pt,+40%,-30%,True,10,70.0%,0.93,-218.8,-21.9,2275.1
45m,0.5%,50pt,+30%,-30%,True,10,70.0%,0.93,-218.8,-21.9,2275.1
45m,0.5%,50pt,+50%,-30%,True,10,70.0%,0.93,-218.8,-21.9,2275.1
45m,0.5%,50pt,+60%,-30%,True,10,70.0%,0.93,-218.8,-21.9,2275.1
45m,0.5%,50pt,+80%,-30%,True,10,70.0%,0.93,-218.8,-21.9,2275.1
45m,0.5%,50pt,+40%,-20%,True,10,60.0%,0.84,-511.3,-51.1,2567.5
45m,0.5%,50pt,+60%,-20%,True,10,60.0%,0.84,-511.3,-51.1,2567.5
45m,0.5%,50pt,+30%,-20%,True,10,60.0%,0.84,-511.3,-51.1,2567.5
45m,0.5%,50pt,+80%,-20%,True,10,60.0%,0.84,-511.3,-51.1,2567.5
45m,0.5%,50pt,+50%,-20%,True,10,60.0%,0.84,-511.3,-51.1,2567.5
60m,0.5%,50pt,+80%,-30%,True,9,66.7%,0.84,-512.6,-57.0,1998.7
60m,0.5%,50pt,+60%,-30%,True,9,66.7%,0.84,-512.6,-57.0,1998.7
60m,0.5%,50pt,+30%,-30%,True,9,66.7%,0.84,-512.6,-57.0,1998.7
60m,0.5%,50pt,+40%,-30%,True,9,66.7%,0.84,-512.6,-57.0,1998.7
60m,0.5%,50pt,+50%,-30%,True,9,66.7%,0.84,-512.6,-57.0,1998.7
45m,0.5%,50pt,+30%,-15%,True,10,50.0%,0.78,-713.8,-71.4,2770.1
45m,0.5%,50pt,+60%,-15%,True,10,50.0%,0.78,-713.8,-71.4,2770.1
45m,0.5%,50pt,+80%,-15%,True,10,50.0%,0.78,-713.8,-71.4,2770.1
45m,0.5%,50pt,+50%,-15%,True,10,50.0%,0.78,-713.8,-71.4,2770.1
45m,0.5%,50pt,+40%,-15%,True,10,50.0%,0.78,-713.8,-71.4,2770.1
60m,1.0%,50pt,+40%,-20%,True,17,58.8%,0.85,-788.8,-46.4,3028.7
60m,0.75%,50pt,+60%,-20%,True,17,58.8%,0.85,-788.8,-46.4,3028.7
60m,0.75%,50pt,+50%,-20%,True,17,58.8%,0.85,-788.8,-46.4,3028.7
60m,1.0%,50pt,+60%,-20%,True,17,58.8%,0.85,-788.8,-46.4,3028.7
60m,1.0%,50pt,+80%,-20%,True,17,58.8%,0.85,-788.8,-46.4,3028.7
60m,0.75%,50pt,+80%,-20%,True,17,58.8%,0.85,-788.8,-46.4,3028.7
60m,0.75%,50pt,+40%,-20%,True,17,58.8%,0.85,-788.8,-46.4,3028.7
60m,1.0%,50pt,+50%,-20%,True,17,58.8%,0.85,-788.8,-46.4,3028.7
60m,0.75%,50pt,+50%,-25%,True,17,58.8%,0.84,-801.2,-47.1,3575.0
60m,0.75%,50pt,+80%,-25%,True,17,58.8%,0.84,-801.2,-47.1,3575.0
60m,0.75%,50pt,+60%,-25%,True,17,58.8%,0.84,-801.2,-47.1,3575.0
60m,1.0%,50pt,+50%,-25%,True,17,58.8%,0.84,-801.2,-47.1,3575.0
60m,0.75%,50pt,+40%,-25%,True,17,58.8%,0.84,-801.2,-47.1,3575.0
60m,1.0%,50pt,+40%,-25%,True,17,58.8%,0.84,-801.2,-47.1,3575.0
60m,1.0%,50pt,+80%,-25%,True,17,58.8%,0.84,-801.2,-47.1,3575.0
60m,1.0%,50pt,+60%,-25%,True,17,58.8%,0.84,-801.2,-47.1,3575.0
30m,0.5%,50pt,+50%,-25%,True,11,63.6%,0.77,-915.2,-83.2,2971.5
30m,0.5%,50pt,+60%,-25%,True,11,63.6%,0.77,-915.2,-83.2,2971.5
30m,0.5%,50pt,+40%,-25%,True,11,63.6%,0.77,-915.2,-83.2,2971.5
30m,0.5%,50pt,+30%,-25%,True,11,63.6%,0.77,-915.2,-83.2,2971.5
30m,0.5%,50pt,+80%,-25%,True,11,63.6%,0.77,-915.2,-83.2,2971.5
60m,1.5%,50pt,+30%,-15%,True,19,47.4%,0.83,-1068.0,-56.2,2939.5
60m,0.5%,50pt,+30%,-15%,True,9,44.4%,0.6,-1284.1,-142.7,2770.1
60m,0.5%,50pt,+40%,-15%,True,9,44.4%,0.6,-1284.1,-142.7,2770.1
60m,0.5%,50pt,+50%,-15%,True,9,44.4%,0.6,-1284.1,-142.7,2770.1
60m,0.5%,50pt,+60%,-15%,True,9,44.4%,0.6,-1284.1,-142.7,2770.1
60m,0.5%,50pt,+80%,-15%,True,9,44.4%,0.6,-1284.1,-142.7,2770.1
60m,1.0%,50pt,+40%,-30%,True,17,58.8%,0.77,-1314.6,-77.3,3804.1
60m,1.0%,50pt,+50%,-30%,True,17,58.8%,0.77,-1314.6,-77.3,3804.1
60m,0.75%,50pt,+50%,-30%,True,17,58.8%,0.77,-1314.6,-77.3,3804.1
60m,0.75%,50pt,+40%,-30%,True,17,58.8%,0.77,-1314.6,-77.3,3804.1
60m,0.75%,50pt,+60%,-30%,True,17,58.8%,0.77,-1314.6,-77.3,3804.1
60m,0.75%,50pt,+80%,-30%,True,17,58.8%,0.77,-1314.6,-77.3,3804.1
60m,1.0%,50pt,+60%,-30%,True,17,58.8%,0.77,-1314.6,-77.3,3804.1
60m,1.0%,50pt,+80%,-30%,True,17,58.8%,0.77,-1314.6,-77.3,3804.1
30m,0.5%,50pt,+40%,-15%,True,11,45.5%,0.65,-1358.4,-123.5,3414.7
30m,0.5%,50pt,+30%,-15%,True,11,45.5%,0.65,-1358.4,-123.5,3414.7
30m,0.5%,50pt,+60%,-15%,True,11,45.5%,0.65,-1358.4,-123.5,3414.7
30m,0.5%,50pt,+50%,-15%,True,11,45.5%,0.65,-1358.4,-123.5,3414.7
30m,0.5%,50pt,+80%,-15%,True,11,45.5%,0.65,-1358.4,-123.5,3414.7
30m,0.5%,50pt,+30%,-30%,True,11,63.6%,0.67,-1485.7,-135.1,3542.0
30m,0.5%,50pt,+40%,-30%,True,11,63.6%,0.67,-1485.7,-135.1,3542.0
30m,0.5%,50pt,+50%,-30%,True,11,63.6%,0.67,-1485.7,-135.1,3542.0
30m,0.5%,50pt,+60%,-30%,True,11,63.6%,0.67,-1485.7,-135.1,3542.0
30m,0.5%,50pt,+80%,-30%,True,11,63.6%,0.67,-1485.7,-135.1,3542.0
30m,0.5%,50pt,+40%,-20%,True,11,54.5%,0.65,-1510.3,-137.3,3566.6
30m,0.5%,50pt,+50%,-20%,True,11,54.5%,0.65,-1510.3,-137.3,3566.6
30m,0.5%,50pt,+60%,-20%,True,11,54.5%,0.65,-1510.3,-137.3,3566.6
30m,0.5%,50pt,+30%,-20%,True,11,54.5%,0.65,-1510.3,-137.3,3566.6
30m,0.5%,50pt,+80%,-20%,True,11,54.5%,0.65,-1510.3,-137.3,3566.6
60m,0.5%,30pt,+60%,-15%,True,9,44.4%,0.66,-1677.4,-186.4,2714.3
60m,0.5%,30pt,+80%,-15%,True,9,44.4%,0.66,-1677.4,-186.4,2714.3
60m,0.5%,30pt,+50%,-15%,True,9,44.4%,0.66,-1677.4,-186.4,2714.3
60m,0.5%,30pt,+40%,-15%,True,9,44.4%,0.66,-1677.4,-186.4,2714.3
60m,0.5%,30pt,+30%,-15%,True,9,44.4%,0.66,-1677.4,-186.4,2714.3
45m,0.5%,30pt,+30%,-20%,True,10,50.0%,0.66,-1962.6,-196.3,3882.3
45m,0.5%,30pt,+50%,-20%,True,10,50.0%,0.66,-1962.6,-196.3,3882.3
45m,0.5%,30pt,+60%,-20%,True,10,50.0%,0.66,-1962.6,-196.3,3882.3
45m,0.5%,30pt,+40%,-20%,True,10,50.0%,0.66,-1962.6,-196.3,3882.3
45m,0.5%,30pt,+80%,-20%,True,10,50.0%,0.66,-1962.6,-196.3,3882.3
15m,0.5%,50pt,+30%,-25%,True,13,53.8%,0.59,-2127.2,-163.6,3602.4
15m,0.5%,50pt,+50%,-25%,True,13,53.8%,0.59,-2127.2,-163.6,3602.4
15m,0.5%,50pt,+60%,-25%,True,13,53.8%,0.59,-2127.2,-163.6,3602.4
15m,0.5%,50pt,+40%,-25%,True,13,53.8%,0.59,-2127.2,-163.6,3602.4
15m,0.5%,50pt,+80%,-25%,True,13,53.8%,0.59,-2127.2,-163.6,3602.4
60m,1.0%,50pt,+80%,-15%,True,17,47.1%,0.62,-2167.7,-127.5,4039.3
60m,0.75%,50pt,+40%,-15%,True,17,47.1%,0.62,-2167.7,-127.5,4039.3
60m,0.75%,50pt,+50%,-15%,True,17,47.1%,0.62,-2167.7,-127.5,4039.3
60m,0.75%,50pt,+60%,-15%,True,17,47.1%,0.62,-2167.7,-127.5,4039.3
60m,1.0%,50pt,+50%,-15%,True,17,47.1%,0.62,-2167.7,-127.5,4039.3
60m,0.75%,50pt,+80%,-15%,True,17,47.1%,0.62,-2167.7,-127.5,4039.3
60m,1.0%,50pt,+60%,-15%,True,17,47.1%,0.62,-2167.7,-127.5,4039.3
60m,1.0%,50pt,+40%,-15%,True,17,47.1%,0.62,-2167.7,-127.5,4039.3
60m,1.5%,50pt,+60%,-20%,True,19,52.6%,0.66,-2182.1,-114.8,4101.1
60m,1.5%,50pt,+40%,-20%,True,19,52.6%,0.66,-2182.1,-114.8,4101.1
60m,1.5%,50pt,+50%,-20%,True,19,52.6%,0.66,-2182.1,-114.8,4101.1
60m,1.5%,50pt,+80%,-20%,True,19,52.6%,0.66,-2182.1,-114.8,4101.1
60m,1.5%,50pt,+60%,-25%,True,19,52.6%,0.66,-2194.4,-115.5,4647.4
60m,1.5%,50pt,+80%,-25%,True,19,52.6%,0.66,-2194.4,-115.5,4647.4
60m,1.5%,50pt,+40%,-25%,True,19,52.6%,0.66,-2194.4,-115.5,4647.4
60m,1.5%,50pt,+50%,-25%,True,19,52.6%,0.66,-2194.4,-115.5,4647.4
45m,0.5%,100pt,+40%,-20%,True,8,37.5%,0.54,-2305.9,-288.2,3985.6
45m,0.5%,100pt,+30%,-20%,True,8,37.5%,0.54,-2305.9,-288.2,3985.6
45m,0.5%,100pt,+80%,-20%,True,8,37.5%,0.54,-2305.9,-288.2,3985.6
45m,0.5%,100pt,+60%,-20%,True,8,37.5%,0.54,-2305.9,-288.2,3985.6
45m,0.5%,100pt,+50%,-20%,True,8,37.5%,0.54,-2305.9,-288.2,3985.6
30m,0.75%,50pt,+30%,-15%,True,17,47.1%,0.68,-2309.4,-135.8,4861.2
30m,1.0%,50pt,+30%,-15%,True,17,47.1%,0.68,-2309.4,-135.8,4861.2
60m,0.5%,30pt,+60%,-20%,True,9,44.4%,0.58,-2361.2,-262.4,3398.2
60m,0.5%,30pt,+50%,-20%,True,9,44.4%,0.58,-2361.2,-262.4,3398.2
60m,0.5%,30pt,+30%,-20%,True,9,44.4%,0.58,-2361.2,-262.4,3398.2
60m,0.5%,30pt,+80%,-20%,True,9,44.4%,0.58,-2361.2,-262.4,3398.2
60m,0.5%,30pt,+40%,-20%,True,9,44.4%,0.58,-2361.2,-262.4,3398.2
45m,0.5%,100pt,+40%,-15%,True,8,37.5%,0.52,-2487.3,-310.9,4416.6
45m,0.5%,100pt,+60%,-15%,True,8,37.5%,0.52,-2487.3,-310.9,4416.6
45m,0.5%,100pt,+80%,-15%,True,8,37.5%,0.52,-2487.3,-310.9,4416.6
45m,0.5%,100pt,+30%,-15%,True,8,37.5%,0.52,-2487.3,-310.9,4416.6
45m,0.5%,100pt,+50%,-15%,True,8,37.5%,0.52,-2487.3,-310.9,4416.6
45m,0.5%,30pt,+60%,-15%,True,10,40.0%,0.57,-2515.9,-251.6,4435.6
45m,0.5%,30pt,+40%,-15%,True,10,40.0%,0.57,-2515.9,-251.6,4435.6
45m,0.5%,30pt,+80%,-15%,True,10,40.0%,0.57,-2515.9,-251.6,4435.6
45m,0.5%,30pt,+50%,-15%,True,10,40.0%,0.57,-2515.9,-251.6,4435.6
45m,0.5%,30pt,+30%,-15%,True,10,40.0%,0.57,-2515.9,-251.6,4435.6
45m,0.5%,30pt,+50%,-25%,True,10,50.0%,0.6,-2527.9,-252.8,4447.7
45m,0.5%,30pt,+30%,-25%,True,10,50.0%,0.6,-2527.9,-252.8,4447.7
45m,0.5%,30pt,+60%,-25%,True,10,50.0%,0.6,-2527.9,-252.8,4447.7
45m,0.5%,30pt,+40%,-25%,True,10,50.0%,0.6,-2527.9,-252.8,4447.7
45m,0.5%,30pt,+80%,-25%,True,10,50.0%,0.6,-2527.9,-252.8,4447.7
45m,0.5%,30pt,+80%,-30%,True,10,50.0%,0.6,-2547.9,-254.8,4467.6
45m,0.5%,30pt,+60%,-30%,True,10,50.0%,0.6,-2547.9,-254.8,4467.6
45m,0.5%,30pt,+40%,-30%,True,10,50.0%,0.6,-2547.9,-254.8,4467.6
45m,0.5%,30pt,+50%,-30%,True,10,50.0%,0.6,-2547.9,-254.8,4467.6
45m,0.5%,30pt,+30%,-30%,True,10,50.0%,0.6,-2547.9,-254.8,4467.6
15m,0.5%,50pt,+80%,-15%,True,13,38.5%,0.49,-2570.4,-197.7,4045.7
15m,0.5%,50pt,+40%,-15%,True,13,38.5%,0.49,-2570.4,-197.7,4045.7
15m,0.5%,50pt,+60%,-15%,True,13,38.5%,0.49,-2570.4,-197.7,4045.7
15m,0.5%,50pt,+30%,-15%,True,13,38.5%,0.49,-2570.4,-197.7,4045.7
15m,0.5%,50pt,+50%,-15%,True,13,38.5%,0.49,-2570.4,-197.7,4045.7
60m,1.5%,50pt,+40%,-30%,True,19,52.6%,0.62,-2707.9,-142.5,4876.5
60m,1.5%,50pt,+50%,-30%,True,19,52.6%,0.62,-2707.9,-142.5,4876.5
60m,1.5%,50pt,+80%,-30%,True,19,52.6%,0.62,-2707.9,-142.5,4876.5
60m,1.5%,50pt,+60%,-30%,True,19,52.6%,0.62,-2707.9,-142.5,4876.5
15m,0.5%,50pt,+40%,-20%,True,13,46.2%,0.5,-2722.3,-209.4,4197.6
15m,0.5%,50pt,+30%,-20%,True,13,46.2%,0.5,-2722.3,-209.4,4197.6
15m,0.5%,50pt,+80%,-20%,True,13,46.2%,0.5,-2722.3,-209.4,4197.6
15m,0.5%,50pt,+50%,-20%,True,13,46.2%,0.5,-2722.3,-209.4,4197.6
15m,0.5%,50pt,+60%,-20%,True,13,46.2%,0.5,-2722.3,-209.4,4197.6
30m,1.0%,50pt,+30%,-25%,True,17,58.8%,0.67,-2775.2,-163.2,5217.0
30m,0.75%,50pt,+30%,-25%,True,17,58.8%,0.67,-2775.2,-163.2,5217.0
45m,1.0%,50pt,+30%,-15%,True,17,47.1%,0.64,-2853.7,-167.9,5405.6
45m,0.75%,50pt,+30%,-15%,True,17,47.1%,0.64,-2853.7,-167.9,5405.6
60m,1.0%,75pt,+30%,-25%,True,13,38.5%,0.42,-2856.5,-219.7,3661.7
60m,0.75%,75pt,+30%,-25%,True,13,38.5%,0.42,-2856.5,-219.7,3661.7
30m,0.75%,50pt,+30%,-20%,True,17,52.9%,0.65,-2884.3,-169.7,5436.1
30m,1.0%,50pt,+30%,-20%,True,17,52.9%,0.65,-2884.3,-169.7,5436.1
45m,0.75%,50pt,+30%,-25%,True,17,58.8%,0.65,-2920.2,-171.8,5362.0
45m,1.0%,50pt,+30%,-25%,True,17,58.8%,0.65,-2920.2,-171.8,5362.0
15m,0.5%,50pt,+60%,-30%,True,13,53.8%,0.51,-2924.1,-224.9,4399.4
15m,0.5%,50pt,+40%,-30%,True,13,53.8%,0.51,-2924.1,-224.9,4399.4
15m,0.5%,50pt,+30%,-30%,True,13,53.8%,0.51,-2924.1,-224.9,4399.4
15m,0.5%,50pt,+80%,-30%,True,13,53.8%,0.51,-2924.1,-224.9,4399.4
15m,0.5%,50pt,+50%,-30%,True,13,53.8%,0.51,-2924.1,-224.9,4399.4
60m,0.5%,30pt,+80%,-25%,True,9,44.4%,0.52,-2926.6,-325.2,3940.2
60m,0.5%,30pt,+60%,-25%,True,9,44.4%,0.52,-2926.6,-325.2,3940.2
60m,0.5%,30pt,+30%,-25%,True,9,44.4%,0.52,-2926.6,-325.2,3940.2
60m,0.5%,30pt,+50%,-25%,True,9,44.4%,0.52,-2926.6,-325.2,3940.2
60m,0.5%,30pt,+40%,-25%,True,9,44.4%,0.52,-2926.6,-325.2,3940.2
60m,0.5%,30pt,+60%,-30%,True,9,44.4%,0.52,-2946.5,-327.4,3960.2
60m,0.5%,30pt,+40%,-30%,True,9,44.4%,0.52,-2946.5,-327.4,3960.2
60m,0.5%,30pt,+30%,-30%,True,9,44.4%,0.52,-2946.5,-327.4,3960.2
60m,0.5%,30pt,+50%,-30%,True,9,44.4%,0.52,-2946.5,-327.4,3960.2
60m,0.5%,30pt,+80%,-30%,True,9,44.4%,0.52,-2946.5,-327.4,3960.2
30m,0.5%,30pt,+80%,-20%,True,11,45.5%,0.56,-2961.6,-269.2,4881.4
30m,0.5%,30pt,+60%,-20%,True,11,45.5%,0.56,-2961.6,-269.2,4881.4
30m,0.5%,30pt,+40%,-20%,True,11,45.5%,0.56,-2961.6,-269.2,4881.4
30m,0.5%,30pt,+50%,-20%,True,11,45.5%,0.56,-2961.6,-269.2,4881.4
30m,0.5%,30pt,+30%,-20%,True,11,45.5%,0.56,-2961.6,-269.2,4881.4
60m,0.75%,30pt,+30%,-15%,True,17,41.2%,0.63,-2994.7,-176.2,4986.4
45m,0.5%,100pt,+40%,-25%,True,8,37.5%,0.47,-3044.4,-380.6,4636.7
30m,1.0%,50pt,+30%,-30%,True,17,58.8%,0.64,-3044.4,-179.1,5486.2
45m,0.5%,100pt,+30%,-25%,True,8,37.5%,0.47,-3044.4,-380.6,4636.7
45m,0.5%,100pt,+50%,-25%,True,8,37.5%,0.47,-3044.4,-380.6,4636.7
45m,0.5%,100pt,+60%,-25%,True,8,37.5%,0.47,-3044.4,-380.6,4636.7
45m,0.5%,100pt,+80%,-25%,True,8,37.5%,0.47,-3044.4,-380.6,4636.7
30m,0.75%,50pt,+30%,-30%,True,17,58.8%,0.64,-3044.4,-179.1,5486.2
15m,0.5%,75pt,+30%,-15%,True,12,33.3%,0.45,-3062.6,-255.2,3953.6
60m,1.5%,150pt,+30%,-25%,True,7,42.9%,0.35,-3070.4,-438.6,3492.9
45m,1.0%,50pt,+30%,-20%,True,17,52.9%,0.63,-3074.2,-180.8,5626.0
45m,0.75%,50pt,+30%,-20%,True,17,52.9%,0.63,-3074.2,-180.8,5626.0
60m,0.5%,100pt,+60%,-20%,True,7,28.6%,0.37,-3102.3,-443.2,3875.9
60m,0.5%,100pt,+30%,-20%,True,7,28.6%,0.37,-3102.3,-443.2,3875.9
60m,0.5%,100pt,+80%,-20%,True,7,28.6%,0.37,-3102.3,-443.2,3875.9
60m,0.5%,100pt,+40%,-20%,True,7,28.6%,0.37,-3102.3,-443.2,3875.9
60m,0.5%,100pt,+50%,-20%,True,7,28.6%,0.37,-3102.3,-443.2,3875.9
15m,0.5%,75pt,+30%,-20%,True,12,41.7%,0.47,-3145.0,-262.1,4036.0
30m,0.5%,30pt,+50%,-15%,True,11,36.4%,0.51,-3160.5,-287.3,5080.3
30m,0.5%,30pt,+30%,-15%,True,11,36.4%,0.51,-3160.5,-287.3,5080.3
30m,0.5%,30pt,+60%,-15%,True,11,36.4%,0.51,-3160.5,-287.3,5080.3
30m,0.5%,30pt,+80%,-15%,True,11,36.4%,0.51,-3160.5,-287.3,5080.3
30m,0.5%,30pt,+40%,-15%,True,11,36.4%,0.51,-3160.5,-287.3,5080.3
60m,1.0%,75pt,+30%,-15%,True,13,30.8%,0.36,-3181.0,-244.7,3986.2
60m,0.75%,75pt,+30%,-15%,True,13,30.8%,0.36,-3181.0,-244.7,3986.2
60m,1.5%,150pt,+30%,-20%,True,7,42.9%,0.34,-3214.4,-459.2,3637.0
60m,1.0%,30pt,+30%,-15%,True,18,38.9%,0.61,-3225.9,-179.2,5217.6
60m,0.75%,30pt,+30%,-20%,True,17,41.2%,0.61,-3227.2,-189.8,5219.0
60m,0.5%,100pt,+40%,-15%,True,7,28.6%,0.36,-3283.7,-469.1,4306.9
60m,0.5%,100pt,+50%,-15%,True,7,28.6%,0.36,-3283.7,-469.1,4306.9
60m,0.5%,100pt,+80%,-15%,True,7,28.6%,0.36,-3283.7,-469.1,4306.9
60m,0.5%,100pt,+60%,-15%,True,7,28.6%,0.36,-3283.7,-469.1,4306.9
60m,0.5%,100pt,+30%,-15%,True,7,28.6%,0.36,-3283.7,-469.1,4306.9
45m,0.75%,50pt,+30%,-30%,True,17,58.8%,0.62,-3321.0,-195.4,5762.8
45m,1.0%,50pt,+30%,-30%,True,17,58.8%,0.62,-3321.0,-195.4,5762.8
60m,1.5%,30pt,+30%,-15%,True,20,40.0%,0.64,-3342.7,-167.1,5334.4
45m,1.0%,75pt,+30%,-25%,True,15,33.3%,0.47,-3353.8,-223.6,5261.8
45m,0.75%,75pt,+30%,-25%,True,15,33.3%,0.47,-3353.8,-223.6,5261.8
60m,1.0%,75pt,+30%,-20%,True,13,38.5%,0.38,-3387.3,-260.6,4192.5
60m,0.75%,75pt,+30%,-20%,True,13,38.5%,0.38,-3387.3,-260.6,4192.5
60m,1.0%,30pt,+30%,-20%,True,18,38.9%,0.59,-3458.4,-192.1,5450.1
30m,1.0%,50pt,+60%,-15%,True,17,47.1%,0.52,-3491.8,-205.4,5933.6
30m,0.75%,50pt,+80%,-15%,True,17,47.1%,0.52,-3491.8,-205.4,5933.6
30m,0.75%,50pt,+40%,-15%,True,17,47.1%,0.52,-3491.8,-205.4,5933.6
30m,0.75%,50pt,+50%,-15%,True,17,47.1%,0.52,-3491.8,-205.4,5933.6
30m,1.0%,50pt,+80%,-15%,True,17,47.1%,0.52,-3491.8,-205.4,5933.6
30m,1.0%,50pt,+40%,-15%,True,17,47.1%,0.52,-3491.8,-205.4,5933.6
30m,0.75%,50pt,+60%,-15%,True,17,47.1%,0.52,-3491.8,-205.4,5933.6
30m,1.0%,50pt,+50%,-15%,True,17,47.1%,0.52,-3491.8,-205.4,5933.6
30m,0.5%,100pt,+40%,-20%,True,9,33.3%,0.44,-3532.3,-392.5,5211.9
30m,0.5%,100pt,+60%,-20%,True,9,33.3%,0.44,-3532.3,-392.5,5211.9
30m,0.5%,100pt,+80%,-20%,True,9,33.3%,0.44,-3532.3,-392.5,5211.9
30m,0.5%,100pt,+50%,-20%,True,9,33.3%,0.44,-3532.3,-392.5,5211.9
30m,0.5%,100pt,+30%,-20%,True,9,33.3%,0.44,-3532.3,-392.5,5211.9
60m,1.5%,50pt,+50%,-15%,True,19,42.1%,0.5,-3561.0,-187.4,5432.6
60m,1.5%,50pt,+40%,-15%,True,19,42.1%,0.5,-3561.0,-187.4,5432.6
60m,1.5%,50pt,+80%,-15%,True,19,42.1%,0.5,-3561.0,-187.4,5432.6
60m,1.5%,50pt,+60%,-15%,True,19,42.1%,0.5,-3561.0,-187.4,5432.6
30m,0.5%,30pt,+30%,-25%,True,11,45.5%,0.52,-3571.9,-324.7,5491.7
30m,0.5%,30pt,+80%,-25%,True,11,45.5%,0.52,-3571.9,-324.7,5491.7
30m,0.5%,30pt,+40%,-25%,True,11,45.5%,0.52,-3571.9,-324.7,5491.7
30m,0.5%,30pt,+50%,-25%,True,11,45.5%,0.52,-3571.9,-324.7,5491.7
30m,0.5%,30pt,+60%,-25%,True,11,45.5%,0.52,-3571.9,-324.7,5491.7
60m,0.75%,30pt,+50%,-15%,True,17,41.2%,0.56,-3573.6,-210.2,4986.4
60m,0.75%,30pt,+80%,-15%,True,17,41.2%,0.56,-3573.6,-210.2,4986.4
60m,0.75%,30pt,+40%,-15%,True,17,41.2%,0.56,-3573.6,-210.2,4986.4
60m,0.75%,30pt,+60%,-15%,True,17,41.2%,0.56,-3573.6,-210.2,4986.4
60m,1.5%,30pt,+30%,-20%,True,20,40.0%,0.62,-3575.2,-178.8,5567.0
60m,1.0%,75pt,+30%,-30%,True,13,38.5%,0.37,-3585.2,-275.8,4390.4
60m,0.75%,75pt,+30%,-30%,True,13,38.5%,0.37,-3585.2,-275.8,4390.4
60m,1.0%,75pt,+30%,-15%,False,8,25.0%,0.37,-3604.7,-450.6,3713.2
60m,0.75%,75pt,+30%,-15%,False,8,25.0%,0.37,-3604.7,-450.6,3713.2
15m,0.5%,75pt,+30%,-25%,True,12,41.7%,0.43,-3622.8,-301.9,4513.8
60m,1.5%,150pt,+30%,-20%,False,5,20.0%,0.26,-3637.0,-727.4,3585.9
45m,1.0%,75pt,+30%,-15%,True,15,26.7%,0.42,-3678.3,-245.2,5586.3
45m,0.75%,75pt,+30%,-15%,True,15,26.7%,0.42,-3678.3,-245.2,5586.3
60m,0.75%,75pt,+30%,-20%,False,7,28.6%,0.36,-3711.4,-530.2,3225.2
60m,1.0%,75pt,+30%,-20%,False,7,28.6%,0.36,-3711.4,-530.2,3225.2
30m,0.5%,100pt,+40%,-15%,True,9,33.3%,0.42,-3713.7,-412.6,5642.9
30m,0.5%,100pt,+30%,-15%,True,9,33.3%,0.42,-3713.7,-412.6,5642.9
30m,0.5%,100pt,+80%,-15%,True,9,33.3%,0.42,-3713.7,-412.6,5642.9
30m,0.5%,100pt,+60%,-15%,True,9,33.3%,0.42,-3713.7,-412.6,5642.9
30m,0.5%,100pt,+50%,-15%,True,9,33.3%,0.42,-3713.7,-412.6,5642.9
60m,1.5%,150pt,+30%,-15%,True,8,37.5%,0.31,-3714.5,-464.3,3813.5
45m,0.5%,100pt,+50%,-30%,True,8,37.5%,0.42,-3747.0,-468.4,5339.2
45m,0.5%,100pt,+80%,-30%,True,8,37.5%,0.42,-3747.0,-468.4,5339.2
45m,0.5%,100pt,+30%,-30%,True,8,37.5%,0.42,-3747.0,-468.4,5339.2
45m,0.5%,100pt,+40%,-30%,True,8,37.5%,0.42,-3747.0,-468.4,5339.2
45m,0.5%,100pt,+60%,-30%,True,8,37.5%,0.42,-3747.0,-468.4,5339.2
60m,0.75%,30pt,+30%,-25%,True,17,41.2%,0.57,-3792.6,-223.1,5533.3
60m,1.0%,30pt,+80%,-15%,True,18,38.9%,0.54,-3804.8,-211.4,5217.6
60m,1.0%,30pt,+40%,-15%,True,18,38.9%,0.54,-3804.8,-211.4,5217.6
60m,1.0%,30pt,+50%,-15%,True,18,38.9%,0.54,-3804.8,-211.4,5217.6
60m,1.0%,30pt,+60%,-15%,True,18,38.9%,0.54,-3804.8,-211.4,5217.6
60m,0.75%,30pt,+40%,-20%,True,17,41.2%,0.54,-3806.2,-223.9,5219.0
60m,0.75%,30pt,+80%,-20%,True,17,41.2%,0.54,-3806.2,-223.9,5219.0
60m,0.75%,30pt,+50%,-20%,True,17,41.2%,0.54,-3806.2,-223.9,5219.0
60m,0.75%,30pt,+60%,-20%,True,17,41.2%,0.54,-3806.2,-223.9,5219.0
60m,0.75%,30pt,+30%,-30%,True,17,41.2%,0.57,-3812.5,-224.3,5268.9
30m,0.5%,30pt,+30%,-30%,True,11,45.5%,0.5,-3814.7,-346.8,5734.5
30m,0.5%,30pt,+50%,-30%,True,11,45.5%,0.5,-3814.7,-346.8,5734.5
30m,0.5%,30pt,+60%,-30%,True,11,45.5%,0.5,-3814.7,-346.8,5734.5
30m,0.5%,30pt,+80%,-30%,True,11,45.5%,0.5,-3814.7,-346.8,5734.5
30m,0.5%,30pt,+40%,-30%,True,11,45.5%,0.5,-3814.7,-346.8,5734.5
30m,0.5%,50pt,+50%,-15%,False,5,0.0%,0.0,-3818.0,-763.6,2629.9
30m,0.5%,50pt,+40%,-15%,False,5,0.0%,0.0,-3818.0,-763.6,2629.9
30m,0.5%,50pt,+80%,-15%,False,5,0.0%,0.0,-3818.0,-763.6,2629.9
30m,0.5%,50pt,+60%,-15%,False,5,0.0%,0.0,-3818.0,-763.6,2629.9
30m,0.5%,50pt,+30%,-15%,False,5,0.0%,0.0,-3818.0,-763.6,2629.9
60m,1.5%,150pt,+30%,-30%,True,7,42.9%,0.3,-3824.8,-546.4,4247.4
45m,1.0%,75pt,+30%,-25%,False,7,28.6%,0.37,-3838.7,-548.4,3474.7
45m,0.75%,75pt,+30%,-25%,False,7,28.6%,0.37,-3838.7,-548.4,3474.7
60m,0.5%,100pt,+80%,-25%,True,7,28.6%,0.32,-3840.9,-548.7,4527.0
60m,0.5%,100pt,+40%,-25%,True,7,28.6%,0.32,-3840.9,-548.7,4527.0
60m,0.5%,100pt,+50%,-25%,True,7,28.6%,0.32,-3840.9,-548.7,4527.0
60m,0.5%,100pt,+30%,-25%,True,7,28.6%,0.32,-3840.9,-548.7,4527.0
60m,0.5%,100pt,+60%,-25%,True,7,28.6%,0.32,-3840.9,-548.7,4527.0
45m,0.5%,75pt,+50%,-20%,True,9,33.3%,0.25,-3856.2,-428.5,4548.9
45m,0.5%,75pt,+60%,-20%,True,9,33.3%,0.25,-3856.2,-428.5,4548.9
45m,0.5%,75pt,+40%,-20%,True,9,33.3%,0.25,-3856.2,-428.5,4548.9
45m,0.5%,75pt,+30%,-20%,True,9,33.3%,0.25,-3856.2,-428.5,4548.9
45m,0.5%,75pt,+80%,-20%,True,9,33.3%,0.25,-3856.2,-428.5,4548.9
15m,0.5%,30pt,+30%,-20%,True,13,46.2%,0.48,-3876.2,-298.2,4935.7
15m,0.5%,30pt,+40%,-20%,True,13,46.2%,0.48,-3876.2,-298.2,4935.7
15m,0.5%,30pt,+80%,-20%,True,13,46.2%,0.48,-3876.2,-298.2,4935.7
15m,0.5%,30pt,+60%,-20%,True,13,46.2%,0.48,-3876.2,-298.2,4935.7
15m,0.5%,30pt,+50%,-20%,True,13,46.2%,0.48,-3876.2,-298.2,4935.7
45m,0.75%,75pt,+30%,-20%,True,15,33.3%,0.43,-3884.6,-259.0,5792.5
45m,1.0%,75pt,+30%,-20%,True,15,33.3%,0.43,-3884.6,-259.0,5792.5
45m,0.75%,150pt,+80%,-15%,True,6,33.3%,0.1,-3894.7,-649.1,4317.2
45m,0.75%,150pt,+50%,-15%,True,6,33.3%,0.1,-3894.7,-649.1,4317.2
45m,1.0%,150pt,+30%,-15%,True,6,33.3%,0.1,-3894.7,-649.1,4317.2
60m,0.75%,150pt,+30%,-15%,True,6,33.3%,0.1,-3894.7,-649.1,4317.2
60m,0.75%,150pt,+80%,-15%,True,6,33.3%,0.1,-3894.7,-649.1,4317.2
60m,1.0%,150pt,+40%,-15%,True,6,33.3%,0.1,-3894.7,-649.1,4317.2
60m,1.0%,150pt,+80%,-15%,True,6,33.3%,0.1,-3894.7,-649.1,4317.2
60m,1.0%,150pt,+60%,-15%,True,6,33.3%,0.1,-3894.7,-649.1,4317.2
45m,1.0%,150pt,+40%,-15%,True,6,33.3%,0.1,-3894.7,-649.1,4317.2
45m,0.75%,150pt,+40%,-15%,True,6,33.3%,0.1,-3894.7,-649.1,4317.2
60m,0.75%,150pt,+60%,-15%,True,6,33.3%,0.1,-3894.7,-649.1,4317.2
45m,0.75%,150pt,+30%,-15%,True,6,33.3%,0.1,-3894.7,-649.1,4317.2
45m,0.75%,150pt,+60%,-15%,True,6,33.3%,0.1,-3894.7,-649.1,4317.2
60m,0.75%,150pt,+40%,-15%,True,6,33.3%,0.1,-3894.7,-649.1,4317.2
45m,1.0%,150pt,+80%,-15%,True,6,33.3%,0.1,-3894.7,-649.1,4317.2
60m,1.0%,150pt,+50%,-15%,True,6,33.3%,0.1,-3894.7,-649.1,4317.2
60m,1.0%,150pt,+30%,-15%,True,6,33.3%,0.1,-3894.7,-649.1,4317.2
60m,0.75%,150pt,+50%,-15%,True,6,33.3%,0.1,-3894.7,-649.1,4317.2
45m,1.0%,150pt,+50%,-15%,True,6,33.3%,0.1,-3894.7,-649.1,4317.2
45m,1.0%,150pt,+60%,-15%,True,6,33.3%,0.1,-3894.7,-649.1,4317.2
45m,0.5%,75pt,+30%,-15%,True,9,22.2%,0.2,-3904.6,-433.8,4597.3
45m,0.5%,75pt,+40%,-15%,True,9,22.2%,0.2,-3904.6,-433.8,4597.3
45m,0.5%,75pt,+50%,-15%,True,9,22.2%,0.2,-3904.6,-433.8,4597.3
45m,0.5%,75pt,+60%,-15%,True,9,22.2%,0.2,-3904.6,-433.8,4597.3
45m,0.5%,75pt,+80%,-15%,True,9,22.2%,0.2,-3904.6,-433.8,4597.3
60m,1.5%,30pt,+50%,-15%,True,20,40.0%,0.57,-3921.6,-196.1,5334.4
60m,1.5%,30pt,+60%,-15%,True,20,40.0%,0.57,-3921.6,-196.1,5334.4
60m,1.5%,30pt,+80%,-15%,True,20,40.0%,0.57,-3921.6,-196.1,5334.4
60m,1.5%,30pt,+40%,-15%,True,20,40.0%,0.57,-3921.6,-196.1,5334.4
30m,0.75%,50pt,+80%,-25%,True,17,58.8%,0.52,-3957.6,-232.8,6399.4
30m,0.75%,50pt,+40%,-25%,True,17,58.8%,0.52,-3957.6,-232.8,6399.4
30m,0.75%,50pt,+60%,-25%,True,17,58.8%,0.52,-3957.6,-232.8,6399.4
30m,1.0%,50pt,+80%,-25%,True,17,58.8%,0.52,-3957.6,-232.8,6399.4
30m,0.75%,50pt,+50%,-25%,True,17,58.8%,0.52,-3957.6,-232.8,6399.4
30m,1.0%,50pt,+40%,-25%,True,17,58.8%,0.52,-3957.6,-232.8,6399.4
30m,1.0%,50pt,+60%,-25%,True,17,58.8%,0.52,-3957.6,-232.8,6399.4
30m,1.0%,50pt,+50%,-25%,True,17,58.8%,0.52,-3957.6,-232.8,6399.4
30m,0.5%,150pt,+60%,-15%,True,5,20.0%,0.02,-3957.7,-791.5,4056.6
30m,0.5%,150pt,+40%,-15%,True,5,20.0%,0.02,-3957.7,-791.5,4056.6
30m,0.5%,150pt,+50%,-15%,True,5,20.0%,0.02,-3957.7,-791.5,4056.6
30m,0.5%,150pt,+80%,-15%,True,5,20.0%,0.02,-3957.7,-791.5,4056.6
30m,0.5%,150pt,+30%,-15%,True,5,20.0%,0.02,-3957.7,-791.5,4056.6
15m,0.5%,150pt,+50%,-15%,True,5,20.0%,0.02,-3972.9,-794.6,4056.6
15m,0.5%,150pt,+30%,-15%,True,5,20.0%,0.02,-3972.9,-794.6,4056.6
15m,0.5%,150pt,+80%,-15%,True,5,20.0%,0.02,-3972.9,-794.6,4056.6
15m,0.5%,150pt,+40%,-15%,True,5,20.0%,0.02,-3972.9,-794.6,4056.6
15m,0.5%,150pt,+60%,-15%,True,5,20.0%,0.02,-3972.9,-794.6,4056.6
60m,1.0%,30pt,+30%,-25%,True,18,38.9%,0.56,-4023.7,-223.5,5764.5
45m,1.0%,50pt,+40%,-15%,True,17,47.1%,0.48,-4036.1,-237.4,6477.9
45m,1.0%,50pt,+50%,-15%,True,17,47.1%,0.48,-4036.1,-237.4,6477.9
45m,0.75%,50pt,+40%,-15%,True,17,47.1%,0.48,-4036.1,-237.4,6477.9
45m,0.75%,50pt,+60%,-15%,True,17,47.1%,0.48,-4036.1,-237.4,6477.9
45m,1.0%,50pt,+60%,-15%,True,17,47.1%,0.48,-4036.1,-237.4,6477.9
45m,0.75%,50pt,+50%,-15%,True,17,47.1%,0.48,-4036.1,-237.4,6477.9
45m,0.75%,50pt,+80%,-15%,True,17,47.1%,0.48,-4036.1,-237.4,6477.9
45m,1.0%,50pt,+80%,-15%,True,17,47.1%,0.48,-4036.1,-237.4,6477.9
60m,1.0%,30pt,+80%,-20%,True,18,38.9%,0.53,-4037.4,-224.3,5450.1
60m,1.0%,30pt,+40%,-20%,True,18,38.9%,0.53,-4037.4,-224.3,5450.1
60m,1.0%,30pt,+50%,-20%,True,18,38.9%,0.53,-4037.4,-224.3,5450.1
60m,1.0%,30pt,+60%,-20%,True,18,38.9%,0.53,-4037.4,-224.3,5450.1
60m,1.0%,30pt,+30%,-30%,True,18,38.9%,0.56,-4043.7,-224.6,5500.1
30m,0.75%,50pt,+80%,-20%,True,17,52.9%,0.5,-4066.7,-239.2,6508.5
30m,0.75%,50pt,+50%,-20%,True,17,52.9%,0.5,-4066.7,-239.2,6508.5
30m,1.0%,50pt,+50%,-20%,True,17,52.9%,0.5,-4066.7,-239.2,6508.5
30m,1.0%,50pt,+60%,-20%,True,17,52.9%,0.5,-4066.7,-239.2,6508.5
30m,0.75%,50pt,+60%,-20%,True,17,52.9%,0.5,-4066.7,-239.2,6508.5
30m,1.0%,50pt,+80%,-20%,True,17,52.9%,0.5,-4066.7,-239.2,6508.5
30m,0.75%,50pt,+40%,-20%,True,17,52.9%,0.5,-4066.7,-239.2,6508.5
30m,1.0%,50pt,+40%,-20%,True,17,52.9%,0.5,-4066.7,-239.2,6508.5
15m,0.5%,30pt,+80%,-15%,True,13,38.5%,0.42,-4075.0,-313.5,5134.5
15m,0.5%,30pt,+30%,-15%,True,13,38.5%,0.42,-4075.0,-313.5,5134.5
15m,0.5%,30pt,+60%,-15%,True,13,38.5%,0.42,-4075.0,-313.5,5134.5
15m,0.5%,30pt,+50%,-15%,True,13,38.5%,0.42,-4075.0,-313.5,5134.5
15m,0.5%,30pt,+40%,-15%,True,13,38.5%,0.42,-4075.0,-313.5,5134.5
45m,1.0%,75pt,+30%,-30%,True,15,33.3%,0.42,-4082.5,-272.2,5990.5
45m,0.75%,75pt,+30%,-30%,True,15,33.3%,0.42,-4082.5,-272.2,5990.5
45m,0.75%,50pt,+60%,-25%,True,17,58.8%,0.51,-4102.6,-241.3,6544.4
45m,1.0%,50pt,+60%,-25%,True,17,58.8%,0.51,-4102.6,-241.3,6544.4
45m,0.75%,50pt,+40%,-25%,True,17,58.8%,0.51,-4102.6,-241.3,6544.4
45m,1.0%,50pt,+40%,-25%,True,17,58.8%,0.51,-4102.6,-241.3,6544.4
45m,1.0%,50pt,+80%,-25%,True,17,58.8%,0.51,-4102.6,-241.3,6544.4
45m,0.75%,50pt,+50%,-25%,True,17,58.8%,0.51,-4102.6,-241.3,6544.4
45m,1.0%,50pt,+50%,-25%,True,17,58.8%,0.51,-4102.6,-241.3,6544.4
45m,0.75%,50pt,+80%,-25%,True,17,58.8%,0.51,-4102.6,-241.3,6544.4
60m,0.5%,75pt,+30%,-20%,True,7,28.6%,0.08,-4108.6,-586.9,3895.2
60m,0.5%,75pt,+40%,-20%,True,7,28.6%,0.08,-4108.6,-586.9,3895.2
60m,0.5%,75pt,+50%,-20%,True,7,28.6%,0.08,-4108.6,-586.9,3895.2
60m,0.5%,75pt,+60%,-20%,True,7,28.6%,0.08,-4108.6,-586.9,3895.2
60m,0.5%,75pt,+80%,-20%,True,7,28.6%,0.08,-4108.6,-586.9,3895.2
45m,0.5%,75pt,+80%,-25%,True,9,33.3%,0.24,-4110.4,-456.7,4803.1
45m,0.5%,75pt,+30%,-25%,True,9,33.3%,0.24,-4110.4,-456.7,4803.1
45m,0.5%,75pt,+40%,-25%,True,9,33.3%,0.24,-4110.4,-456.7,4803.1
45m,0.5%,75pt,+60%,-25%,True,9,33.3%,0.24,-4110.4,-456.7,4803.1
45m,0.5%,75pt,+50%,-25%,True,9,33.3%,0.24,-4110.4,-456.7,4803.1
60m,0.75%,75pt,+30%,-25%,False,7,28.6%,0.34,-4124.6,-589.2,3638.4
60m,1.0%,75pt,+30%,-25%,False,7,28.6%,0.34,-4124.6,-589.2,3638.4
60m,1.5%,150pt,+30%,-15%,False,6,16.7%,0.23,-4137.1,-689.5,4086.0
60m,1.5%,30pt,+30%,-25%,True,20,40.0%,0.59,-4140.6,-207.0,5881.3
60m,1.5%,30pt,+80%,-20%,True,20,40.0%,0.56,-4154.2,-207.7,5567.0
60m,1.5%,30pt,+60%,-20%,True,20,40.0%,0.56,-4154.2,-207.7,5567.0
60m,1.5%,30pt,+50%,-20%,True,20,40.0%,0.56,-4154.2,-207.7,5567.0
60m,1.5%,30pt,+40%,-20%,True,20,40.0%,0.56,-4154.2,-207.7,5567.0
60m,1.5%,75pt,+30%,-25%,True,15,40.0%,0.36,-4155.8,-277.1,5184.7
60m,0.5%,75pt,+80%,-15%,True,7,14.3%,0.02,-4157.0,-593.9,3943.5
60m,0.5%,75pt,+30%,-15%,True,7,14.3%,0.02,-4157.0,-593.9,3943.5
60m,0.5%,75pt,+40%,-15%,True,7,14.3%,0.02,-4157.0,-593.9,3943.5
60m,0.5%,75pt,+50%,-15%,True,7,14.3%,0.02,-4157.0,-593.9,3943.5
60m,0.5%,75pt,+60%,-15%,True,7,14.3%,0.02,-4157.0,-593.9,3943.5
60m,1.5%,30pt,+30%,-30%,True,20,40.0%,0.58,-4160.5,-208.0,5616.9
60m,1.5%,75pt,+30%,-15%,True,15,33.3%,0.33,-4173.3,-278.2,5202.2
60m,1.0%,50pt,+30%,-15%,False,9,22.2%,0.35,-4182.0,-464.7,4210.5
60m,0.75%,50pt,+30%,-15%,False,9,22.2%,0.35,-4182.0,-464.7,4210.5
30m,1.0%,50pt,+80%,-30%,True,17,58.8%,0.51,-4226.8,-248.6,6668.6
30m,1.0%,50pt,+40%,-30%,True,17,58.8%,0.51,-4226.8,-248.6,6668.6
30m,0.75%,50pt,+50%,-30%,True,17,58.8%,0.51,-4226.8,-248.6,6668.6
30m,1.0%,50pt,+50%,-30%,True,17,58.8%,0.51,-4226.8,-248.6,6668.6
30m,0.75%,50pt,+40%,-30%,True,17,58.8%,0.51,-4226.8,-248.6,6668.6
30m,0.75%,50pt,+80%,-30%,True,17,58.8%,0.51,-4226.8,-248.6,6668.6
30m,0.75%,50pt,+60%,-30%,True,17,58.8%,0.51,-4226.8,-248.6,6668.6
30m,1.0%,50pt,+60%,-30%,True,17,58.8%,0.51,-4226.8,-248.6,6668.6
15m,0.5%,75pt,+50%,-15%,True,12,25.0%,0.24,-4248.5,-354.0,5139.5
15m,0.5%,75pt,+80%,-15%,True,12,25.0%,0.24,-4248.5,-354.0,5139.5
15m,0.5%,75pt,+60%,-15%,True,12,25.0%,0.24,-4248.5,-354.0,5139.5
15m,0.5%,75pt,+40%,-15%,True,12,25.0%,0.24,-4248.5,-354.0,5139.5
45m,0.75%,50pt,+50%,-20%,True,17,52.9%,0.49,-4256.6,-250.4,6698.4
45m,1.0%,50pt,+40%,-20%,True,17,52.9%,0.49,-4256.6,-250.4,6698.4
45m,1.0%,50pt,+60%,-20%,True,17,52.9%,0.49,-4256.6,-250.4,6698.4
45m,0.75%,50pt,+60%,-20%,True,17,52.9%,0.49,-4256.6,-250.4,6698.4
45m,1.0%,50pt,+80%,-20%,True,17,52.9%,0.49,-4256.6,-250.4,6698.4
45m,0.75%,50pt,+40%,-20%,True,17,52.9%,0.49,-4256.6,-250.4,6698.4
45m,1.0%,50pt,+50%,-20%,True,17,52.9%,0.49,-4256.6,-250.4,6698.4
45m,0.75%,50pt,+80%,-20%,True,17,52.9%,0.49,-4256.6,-250.4,6698.4
30m,0.5%,100pt,+80%,-25%,True,9,33.3%,0.39,-4270.8,-474.5,5863.1
30m,0.5%,100pt,+50%,-25%,True,9,33.3%,0.39,-4270.8,-474.5,5863.1
30m,0.5%,100pt,+30%,-25%,True,9,33.3%,0.39,-4270.8,-474.5,5863.1
30m,0.5%,100pt,+60%,-25%,True,9,33.3%,0.39,-4270.8,-474.5,5863.1
30m,0.5%,100pt,+40%,-25%,True,9,33.3%,0.39,-4270.8,-474.5,5863.1
45m,0.75%,150pt,+80%,-25%,True,6,33.3%,0.09,-4321.2,-720.2,4743.8
45m,0.75%,150pt,+60%,-25%,True,6,33.3%,0.09,-4321.2,-720.2,4743.8
45m,0.75%,150pt,+50%,-25%,True,6,33.3%,0.09,-4321.2,-720.2,4743.8
45m,0.75%,150pt,+30%,-25%,True,6,33.3%,0.09,-4321.2,-720.2,4743.8
60m,0.75%,150pt,+80%,-25%,True,6,33.3%,0.09,-4321.2,-720.2,4743.8
60m,0.75%,150pt,+60%,-25%,True,6,33.3%,0.09,-4321.2,-720.2,4743.8
45m,0.75%,150pt,+40%,-25%,True,6,33.3%,0.09,-4321.2,-720.2,4743.8
45m,1.0%,150pt,+30%,-25%,True,6,33.3%,0.09,-4321.2,-720.2,4743.8
45m,1.0%,150pt,+80%,-25%,True,6,33.3%,0.09,-4321.2,-720.2,4743.8
45m,1.0%,150pt,+40%,-25%,True,6,33.3%,0.09,-4321.2,-720.2,4743.8
60m,0.75%,150pt,+30%,-25%,True,6,33.3%,0.09,-4321.2,-720.2,4743.8
45m,1.0%,150pt,+50%,-25%,True,6,33.3%,0.09,-4321.2,-720.2,4743.8
60m,1.0%,150pt,+40%,-25%,True,6,33.3%,0.09,-4321.2,-720.2,4743.8
60m,1.0%,150pt,+50%,-25%,True,6,33.3%,0.09,-4321.2,-720.2,4743.8
60m,0.75%,150pt,+40%,-25%,True,6,33.3%,0.09,-4321.2,-720.2,4743.8
60m,0.75%,150pt,+50%,-25%,True,6,33.3%,0.09,-4321.2,-720.2,4743.8
60m,1.0%,150pt,+80%,-25%,True,6,33.3%,0.09,-4321.2,-720.2,4743.8
60m,1.0%,150pt,+30%,-25%,True,6,33.3%,0.09,-4321.2,-720.2,4743.8
60m,1.0%,150pt,+60%,-25%,True,6,33.3%,0.09,-4321.2,-720.2,4743.8
45m,1.0%,150pt,+60%,-25%,True,6,33.3%,0.09,-4321.2,-720.2,4743.8
15m,0.5%,75pt,+80%,-20%,True,12,33.3%,0.28,-4330.9,-360.9,5221.9
15m,0.5%,75pt,+60%,-20%,True,12,33.3%,0.28,-4330.9,-360.9,5221.9
15m,0.5%,75pt,+40%,-20%,True,12,33.3%,0.28,-4330.9,-360.9,5221.9
15m,0.5%,75pt,+50%,-20%,True,12,33.3%,0.28,-4330.9,-360.9,5221.9
60m,0.5%,75pt,+40%,-25%,True,7,28.6%,0.08,-4362.8,-623.3,4149.3
60m,0.5%,75pt,+30%,-25%,True,7,28.6%,0.08,-4362.8,-623.3,4149.3
60m,0.5%,75pt,+50%,-25%,True,7,28.6%,0.08,-4362.8,-623.3,4149.3
60m,0.5%,75pt,+60%,-25%,True,7,28.6%,0.08,-4362.8,-623.3,4149.3
60m,0.5%,75pt,+80%,-25%,True,7,28.6%,0.08,-4362.8,-623.3,4149.3
45m,1.5%,50pt,+30%,-25%,True,18,55.6%,0.56,-4365.7,-242.5,6807.5
60m,0.75%,30pt,+40%,-25%,True,17,41.2%,0.51,-4371.5,-257.1,5533.3
60m,0.75%,30pt,+60%,-25%,True,17,41.2%,0.51,-4371.5,-257.1,5533.3
60m,0.75%,30pt,+50%,-25%,True,17,41.2%,0.51,-4371.5,-257.1,5533.3
60m,0.75%,30pt,+80%,-25%,True,17,41.2%,0.51,-4371.5,-257.1,5533.3
60m,1.5%,75pt,+30%,-20%,True,15,40.0%,0.35,-4379.5,-292.0,5408.4
60m,0.75%,30pt,+80%,-30%,True,17,41.2%,0.51,-4391.5,-258.3,5514.2
60m,0.75%,30pt,+60%,-30%,True,17,41.2%,0.51,-4391.5,-258.3,5514.2
60m,0.75%,30pt,+40%,-30%,True,17,41.2%,0.51,-4391.5,-258.3,5514.2
60m,0.75%,30pt,+50%,-30%,True,17,41.2%,0.51,-4391.5,-258.3,5514.2
15m,0.5%,75pt,+30%,-30%,True,12,41.7%,0.38,-4427.4,-369.0,5318.4
30m,0.75%,150pt,+40%,-15%,True,7,28.6%,0.09,-4446.7,-635.2,4869.3
30m,0.75%,150pt,+80%,-15%,True,7,28.6%,0.09,-4446.7,-635.2,4869.3
30m,1.0%,150pt,+60%,-15%,True,7,28.6%,0.09,-4446.7,-635.2,4869.3
30m,1.0%,150pt,+80%,-15%,True,7,28.6%,0.09,-4446.7,-635.2,4869.3
30m,1.0%,150pt,+40%,-15%,True,7,28.6%,0.09,-4446.7,-635.2,4869.3
30m,1.0%,150pt,+50%,-15%,True,7,28.6%,0.09,-4446.7,-635.2,4869.3
30m,0.75%,150pt,+30%,-15%,True,7,28.6%,0.09,-4446.7,-635.2,4869.3
30m,0.75%,150pt,+50%,-15%,True,7,28.6%,0.09,-4446.7,-635.2,4869.3
30m,0.75%,150pt,+60%,-15%,True,7,28.6%,0.09,-4446.7,-635.2,4869.3
30m,1.0%,150pt,+30%,-15%,True,7,28.6%,0.09,-4446.7,-635.2,4869.3
60m,1.0%,150pt,+50%,-20%,True,6,33.3%,0.09,-4465.3,-744.2,4887.9
60m,1.0%,150pt,+60%,-20%,True,6,33.3%,0.09,-4465.3,-744.2,4887.9
45m,1.0%,150pt,+60%,-20%,True,6,33.3%,0.09,-4465.3,-744.2,4887.9
45m,0.75%,150pt,+80%,-20%,True,6,33.3%,0.09,-4465.3,-744.2,4887.9
45m,0.75%,150pt,+30%,-20%,True,6,33.3%,0.09,-4465.3,-744.2,4887.9
45m,1.0%,150pt,+30%,-20%,True,6,33.3%,0.09,-4465.3,-744.2,4887.9
45m,0.75%,150pt,+60%,-20%,True,6,33.3%,0.09,-4465.3,-744.2,4887.9
45m,1.0%,150pt,+80%,-20%,True,6,33.3%,0.09,-4465.3,-744.2,4887.9
45m,1.0%,150pt,+40%,-20%,True,6,33.3%,0.09,-4465.3,-744.2,4887.9
45m,0.75%,150pt,+40%,-20%,True,6,33.3%,0.09,-4465.3,-744.2,4887.9
60m,1.0%,150pt,+80%,-20%,True,6,33.3%,0.09,-4465.3,-744.2,4887.9
60m,0.75%,150pt,+50%,-20%,True,6,33.3%,0.09,-4465.3,-744.2,4887.9
60m,0.75%,150pt,+80%,-20%,True,6,33.3%,0.09,-4465.3,-744.2,4887.9
60m,0.75%,150pt,+60%,-20%,True,6,33.3%,0.09,-4465.3,-744.2,4887.9
60m,0.75%,150pt,+30%,-20%,True,6,33.3%,0.09,-4465.3,-744.2,4887.9
60m,0.75%,150pt,+40%,-20%,True,6,33.3%,0.09,-4465.3,-744.2,4887.9
60m,1.0%,150pt,+30%,-20%,True,6,33.3%,0.09,-4465.3,-744.2,4887.9
45m,0.75%,150pt,+50%,-20%,True,6,33.3%,0.09,-4465.3,-744.2,4887.9
45m,1.0%,150pt,+50%,-20%,True,6,33.3%,0.09,-4465.3,-744.2,4887.9
60m,1.0%,150pt,+40%,-20%,True,6,33.3%,0.09,-4465.3,-744.2,4887.9
15m,0.5%,30pt,+40%,-25%,True,13,46.2%,0.44,-4486.4,-345.1,5546.0
15m,0.5%,30pt,+30%,-25%,True,13,46.2%,0.44,-4486.4,-345.1,5546.0
15m,0.5%,30pt,+80%,-25%,True,13,46.2%,0.44,-4486.4,-345.1,5546.0
15m,0.5%,30pt,+60%,-25%,True,13,46.2%,0.44,-4486.4,-345.1,5546.0
15m,0.5%,30pt,+50%,-25%,True,13,46.2%,0.44,-4486.4,-345.1,5546.0
45m,1.0%,50pt,+80%,-30%,True,17,58.8%,0.49,-4503.4,-264.9,6945.2
45m,1.0%,50pt,+60%,-30%,True,17,58.8%,0.49,-4503.4,-264.9,6945.2
45m,0.75%,50pt,+50%,-30%,True,17,58.8%,0.49,-4503.4,-264.9,6945.2
45m,1.0%,50pt,+50%,-30%,True,17,58.8%,0.49,-4503.4,-264.9,6945.2
45m,0.75%,50pt,+80%,-30%,True,17,58.8%,0.49,-4503.4,-264.9,6945.2
45m,1.0%,50pt,+40%,-30%,True,17,58.8%,0.49,-4503.4,-264.9,6945.2
45m,0.75%,50pt,+40%,-30%,True,17,58.8%,0.49,-4503.4,-264.9,6945.2
45m,0.75%,50pt,+60%,-30%,True,17,58.8%,0.49,-4503.4,-264.9,6945.2
30m,1.5%,50pt,+30%,-25%,True,18,55.6%,0.55,-4509.1,-250.5,6950.9
60m,0.5%,100pt,+60%,-30%,True,7,28.6%,0.29,-4543.4,-649.1,5229.5
60m,0.5%,100pt,+40%,-30%,True,7,28.6%,0.29,-4543.4,-649.1,5229.5
60m,0.5%,100pt,+50%,-30%,True,7,28.6%,0.29,-4543.4,-649.1,5229.5
60m,0.5%,100pt,+30%,-30%,True,7,28.6%,0.29,-4543.4,-649.1,5229.5
60m,0.5%,100pt,+80%,-30%,True,7,28.6%,0.29,-4543.4,-649.1,5229.5
60m,1.0%,30pt,+80%,-25%,True,18,38.9%,0.49,-4602.7,-255.7,5764.5
60m,1.0%,30pt,+40%,-25%,True,18,38.9%,0.49,-4602.7,-255.7,5764.5
60m,1.0%,30pt,+50%,-25%,True,18,38.9%,0.49,-4602.7,-255.7,5764.5
60m,1.0%,30pt,+60%,-25%,True,18,38.9%,0.49,-4602.7,-255.7,5764.5
15m,0.75%,150pt,+30%,-15%,True,7,28.6%,0.05,-4603.3,-657.6,4687.1
15m,0.75%,150pt,+40%,-15%,True,7,28.6%,0.05,-4603.3,-657.6,4687.1
15m,0.75%,150pt,+80%,-15%,True,7,28.6%,0.05,-4603.3,-657.6,4687.1
15m,0.75%,150pt,+50%,-15%,True,7,28.6%,0.05,-4603.3,-657.6,4687.1
15m,0.75%,150pt,+60%,-15%,True,7,28.6%,0.05,-4603.3,-657.6,4687.1
15m,0.5%,75pt,+30%,-20%,False,6,16.7%,0.19,-4620.3,-770.1,4126.4
60m,1.0%,30pt,+80%,-30%,True,18,38.9%,0.49,-4622.7,-256.8,5745.3
60m,1.0%,30pt,+60%,-30%,True,18,38.9%,0.49,-4622.7,-256.8,5745.3
60m,1.0%,30pt,+40%,-30%,True,18,38.9%,0.49,-4622.7,-256.8,5745.3
60m,1.0%,30pt,+50%,-30%,True,18,38.9%,0.49,-4622.7,-256.8,5745.3
30m,0.5%,150pt,+80%,-25%,True,5,20.0%,0.02,-4673.4,-934.7,4772.3
30m,0.5%,150pt,+60%,-25%,True,5,20.0%,0.02,-4673.4,-934.7,4772.3
30m,0.5%,150pt,+40%,-25%,True,5,20.0%,0.02,-4673.4,-934.7,4772.3
30m,0.5%,150pt,+30%,-25%,True,5,20.0%,0.02,-4673.4,-934.7,4772.3
30m,0.5%,150pt,+50%,-25%,True,5,20.0%,0.02,-4673.4,-934.7,4772.3
15m,0.5%,150pt,+30%,-25%,True,5,20.0%,0.02,-4688.6,-937.7,4772.3
15m,0.5%,150pt,+50%,-25%,True,5,20.0%,0.02,-4688.6,-937.7,4772.3
15m,0.5%,150pt,+40%,-25%,True,5,20.0%,0.02,-4688.6,-937.7,4772.3
15m,0.5%,150pt,+80%,-25%,True,5,20.0%,0.02,-4688.6,-937.7,4772.3
15m,0.5%,150pt,+60%,-25%,True,5,20.0%,0.02,-4688.6,-937.7,4772.3
60m,1.5%,30pt,+80%,-25%,True,20,40.0%,0.53,-4719.5,-236.0,5881.3
60m,1.5%,30pt,+40%,-25%,True,20,40.0%,0.53,-4719.5,-236.0,5881.3
60m,1.5%,30pt,+50%,-25%,True,20,40.0%,0.53,-4719.5,-236.0,5881.3
60m,1.5%,30pt,+60%,-25%,True,20,40.0%,0.53,-4719.5,-236.0,5881.3
15m,0.5%,30pt,+40%,-30%,True,13,46.2%,0.43,-4729.2,-363.8,5788.8
15m,0.5%,30pt,+30%,-30%,True,13,46.2%,0.43,-4729.2,-363.8,5788.8
15m,0.5%,30pt,+80%,-30%,True,13,46.2%,0.43,-4729.2,-363.8,5788.8
15m,0.5%,30pt,+50%,-30%,True,13,46.2%,0.43,-4729.2,-363.8,5788.8
15m,0.5%,30pt,+60%,-30%,True,13,46.2%,0.43,-4729.2,-363.8,5788.8
30m,0.5%,75pt,+60%,-15%,True,10,20.0%,0.17,-4732.7,-473.3,5425.3
30m,0.5%,75pt,+40%,-15%,True,10,20.0%,0.17,-4732.7,-473.3,5425.3
30m,0.5%,75pt,+50%,-15%,True,10,20.0%,0.17,-4732.7,-473.3,5425.3
30m,0.5%,75pt,+30%,-15%,True,10,20.0%,0.17,-4732.7,-473.3,5425.3
30m,0.5%,75pt,+80%,-15%,True,10,20.0%,0.17,-4732.7,-473.3,5425.3
60m,1.5%,30pt,+60%,-30%,True,20,40.0%,0.53,-4739.5,-237.0,5862.2
60m,1.5%,30pt,+50%,-30%,True,20,40.0%,0.53,-4739.5,-237.0,5862.2
60m,1.5%,30pt,+80%,-30%,True,20,40.0%,0.53,-4739.5,-237.0,5862.2
60m,1.5%,30pt,+40%,-30%,True,20,40.0%,0.53,-4739.5,-237.0,5862.2
60m,0.75%,50pt,+30%,-30%,False,7,28.6%,0.32,-4749.5,-678.5,4248.5
60m,1.0%,50pt,+30%,-30%,False,7,28.6%,0.32,-4749.5,-678.5,4248.5
30m,0.5%,150pt,+50%,-20%,True,5,20.0%,0.02,-4751.2,-950.2,4850.1
30m,0.5%,150pt,+30%,-20%,True,5,20.0%,0.02,-4751.2,-950.2,4850.1
30m,0.5%,150pt,+40%,-20%,True,5,20.0%,0.02,-4751.2,-950.2,4850.1
30m,0.5%,150pt,+60%,-20%,True,5,20.0%,0.02,-4751.2,-950.2,4850.1
30m,0.5%,150pt,+80%,-20%,True,5,20.0%,0.02,-4751.2,-950.2,4850.1
15m,0.5%,150pt,+40%,-20%,True,5,20.0%,0.02,-4766.4,-953.3,4850.1
15m,0.5%,150pt,+50%,-20%,True,5,20.0%,0.02,-4766.4,-953.3,4850.1
15m,0.5%,150pt,+30%,-20%,True,5,20.0%,0.02,-4766.4,-953.3,4850.1
15m,0.5%,150pt,+80%,-20%,True,5,20.0%,0.02,-4766.4,-953.3,4850.1
15m,0.5%,150pt,+60%,-20%,True,5,20.0%,0.02,-4766.4,-953.3,4850.1
60m,0.75%,75pt,+50%,-25%,True,13,30.8%,0.17,-4783.1,-367.9,4569.7
60m,1.0%,75pt,+80%,-25%,True,13,30.8%,0.17,-4783.1,-367.9,4569.7
60m,0.75%,75pt,+60%,-25%,True,13,30.8%,0.17,-4783.1,-367.9,4569.7
60m,1.0%,75pt,+50%,-25%,True,13,30.8%,0.17,-4783.1,-367.9,4569.7
60m,1.0%,75pt,+40%,-25%,True,13,30.8%,0.17,-4783.1,-367.9,4569.7
60m,0.75%,75pt,+40%,-25%,True,13,30.8%,0.17,-4783.1,-367.9,4569.7
60m,1.0%,75pt,+60%,-25%,True,13,30.8%,0.17,-4783.1,-367.9,4569.7
60m,0.75%,75pt,+80%,-25%,True,13,30.8%,0.17,-4783.1,-367.9,4569.7
15m,0.5%,75pt,+50%,-25%,True,12,33.3%,0.26,-4808.7,-400.7,5699.7
15m,0.5%,75pt,+80%,-25%,True,12,33.3%,0.26,-4808.7,-400.7,5699.7
15m,0.5%,75pt,+60%,-25%,True,12,33.3%,0.26,-4808.7,-400.7,5699.7
15m,0.5%,75pt,+40%,-25%,True,12,33.3%,0.26,-4808.7,-400.7,5699.7
60m,0.75%,75pt,+80%,-15%,True,13,23.1%,0.13,-4810.5,-370.0,4597.0
60m,0.75%,75pt,+40%,-15%,True,13,23.1%,0.13,-4810.5,-370.0,4597.0
60m,1.0%,75pt,+50%,-15%,True,13,23.1%,0.13,-4810.5,-370.0,4597.0
60m,1.0%,75pt,+80%,-15%,True,13,23.1%,0.13,-4810.5,-370.0,4597.0
60m,0.75%,75pt,+50%,-15%,True,13,23.1%,0.13,-4810.5,-370.0,4597.0
60m,0.75%,75pt,+60%,-15%,True,13,23.1%,0.13,-4810.5,-370.0,4597.0
60m,1.0%,75pt,+60%,-15%,True,13,23.1%,0.13,-4810.5,-370.0,4597.0
60m,1.0%,75pt,+40%,-15%,True,13,23.1%,0.13,-4810.5,-370.0,4597.0
30m,0.5%,75pt,+40%,-20%,True,10,30.0%,0.21,-4815.1,-481.5,5507.8
30m,0.5%,75pt,+30%,-20%,True,10,30.0%,0.21,-4815.1,-481.5,5507.8
30m,0.5%,75pt,+50%,-20%,True,10,30.0%,0.21,-4815.1,-481.5,5507.8
30m,0.5%,75pt,+80%,-20%,True,10,30.0%,0.21,-4815.1,-481.5,5507.8
30m,0.5%,75pt,+60%,-20%,True,10,30.0%,0.21,-4815.1,-481.5,5507.8
30m,1.5%,50pt,+30%,-15%,True,19,42.1%,0.51,-4836.9,-254.6,6482.7
45m,0.5%,75pt,+40%,-30%,True,9,33.3%,0.21,-4839.1,-537.7,5531.8
45m,0.5%,75pt,+60%,-30%,True,9,33.3%,0.21,-4839.1,-537.7,5531.8
45m,0.5%,75pt,+80%,-30%,True,9,33.3%,0.21,-4839.1,-537.7,5531.8
45m,0.5%,75pt,+30%,-30%,True,9,33.3%,0.21,-4839.1,-537.7,5531.8
45m,0.5%,75pt,+50%,-30%,True,9,33.3%,0.21,-4839.1,-537.7,5531.8
30m,1.0%,150pt,+60%,-15%,False,5,0.0%,0.0,-4869.3,-973.9,3567.3
15m,0.75%,150pt,+60%,-15%,False,5,0.0%,0.0,-4869.3,-973.9,3567.3
15m,0.75%,150pt,+30%,-15%,False,5,0.0%,0.0,-4869.3,-973.9,3567.3
30m,0.75%,150pt,+40%,-15%,False,5,0.0%,0.0,-4869.3,-973.9,3567.3
15m,0.75%,150pt,+50%,-15%,False,5,0.0%,0.0,-4869.3,-973.9,3567.3
30m,0.75%,150pt,+30%,-15%,False,5,0.0%,0.0,-4869.3,-973.9,3567.3
30m,1.0%,150pt,+50%,-15%,False,5,0.0%,0.0,-4869.3,-973.9,3567.3
15m,0.75%,150pt,+40%,-15%,False,5,0.0%,0.0,-4869.3,-973.9,3567.3
15m,0.75%,150pt,+80%,-15%,False,5,0.0%,0.0,-4869.3,-973.9,3567.3
30m,1.0%,150pt,+80%,-15%,False,5,0.0%,0.0,-4869.3,-973.9,3567.3
30m,1.0%,150pt,+30%,-15%,False,5,0.0%,0.0,-4869.3,-973.9,3567.3
30m,1.0%,150pt,+40%,-15%,False,5,0.0%,0.0,-4869.3,-973.9,3567.3
30m,0.75%,150pt,+50%,-15%,False,5,0.0%,0.0,-4869.3,-973.9,3567.3
30m,0.75%,150pt,+80%,-15%,False,5,0.0%,0.0,-4869.3,-973.9,3567.3
30m,0.75%,150pt,+60%,-15%,False,5,0.0%,0.0,-4869.3,-973.9,3567.3
45m,0.75%,75pt,+30%,-30%,False,7,28.6%,0.31,-4870.3,-695.8,4255.4
45m,1.0%,75pt,+30%,-30%,False,7,28.6%,0.31,-4870.3,-695.8,4255.4
60m,1.5%,75pt,+30%,-20%,False,8,25.0%,0.3,-4927.3,-615.9,4441.1
30m,1.5%,50pt,+30%,-30%,True,18,55.6%,0.53,-4969.3,-276.1,7411.1
45m,1.0%,75pt,+30%,-20%,False,8,25.0%,0.31,-4971.7,-621.5,4607.7
45m,0.75%,75pt,+30%,-20%,False,8,25.0%,0.31,-4971.7,-621.5,4607.7
15m,0.5%,50pt,+50%,-15%,False,6,0.0%,0.0,-5003.8,-834.0,3815.7
15m,0.5%,50pt,+40%,-15%,False,6,0.0%,0.0,-5003.8,-834.0,3815.7
15m,0.5%,50pt,+80%,-15%,False,6,0.0%,0.0,-5003.8,-834.0,3815.7
15m,0.5%,50pt,+30%,-15%,False,6,0.0%,0.0,-5003.8,-834.0,3815.7
15m,0.5%,50pt,+60%,-15%,False,6,0.0%,0.0,-5003.8,-834.0,3815.7
30m,0.5%,50pt,+80%,-20%,False,5,0.0%,0.0,-5015.7,-1003.1,3827.6
30m,0.5%,50pt,+50%,-20%,False,5,0.0%,0.0,-5015.7,-1003.1,3827.6
30m,0.5%,50pt,+40%,-20%,False,5,0.0%,0.0,-5015.7,-1003.1,3827.6
30m,0.5%,50pt,+60%,-20%,False,5,0.0%,0.0,-5015.7,-1003.1,3827.6
30m,0.5%,50pt,+30%,-20%,False,5,0.0%,0.0,-5015.7,-1003.1,3827.6
45m,1.5%,50pt,+30%,-30%,True,18,55.6%,0.52,-5036.8,-279.8,7478.6
45m,1.0%,150pt,+40%,-30%,True,6,33.3%,0.08,-5075.7,-846.0,5498.3
60m,1.0%,150pt,+40%,-30%,True,6,33.3%,0.08,-5075.7,-846.0,5498.3
60m,0.75%,150pt,+30%,-30%,True,6,33.3%,0.08,-5075.7,-846.0,5498.3
45m,1.0%,150pt,+50%,-30%,True,6,33.3%,0.08,-5075.7,-846.0,5498.3
60m,0.75%,150pt,+80%,-30%,True,6,33.3%,0.08,-5075.7,-846.0,5498.3
45m,1.0%,150pt,+80%,-30%,True,6,33.3%,0.08,-5075.7,-846.0,5498.3
45m,1.0%,150pt,+60%,-30%,True,6,33.3%,0.08,-5075.7,-846.0,5498.3
45m,1.0%,150pt,+30%,-30%,True,6,33.3%,0.08,-5075.7,-846.0,5498.3
45m,0.75%,150pt,+40%,-30%,True,6,33.3%,0.08,-5075.7,-846.0,5498.3
45m,0.75%,150pt,+30%,-30%,True,6,33.3%,0.08,-5075.7,-846.0,5498.3
60m,0.75%,150pt,+40%,-30%,True,6,33.3%,0.08,-5075.7,-846.0,5498.3
60m,1.0%,150pt,+80%,-30%,True,6,33.3%,0.08,-5075.7,-846.0,5498.3
60m,0.75%,150pt,+60%,-30%,True,6,33.3%,0.08,-5075.7,-846.0,5498.3
60m,0.75%,150pt,+50%,-30%,True,6,33.3%,0.08,-5075.7,-846.0,5498.3
60m,1.0%,150pt,+50%,-30%,True,6,33.3%,0.08,-5075.7,-846.0,5498.3
60m,1.0%,150pt,+30%,-30%,True,6,33.3%,0.08,-5075.7,-846.0,5498.3
60m,1.0%,150pt,+60%,-30%,True,6,33.3%,0.08,-5075.7,-846.0,5498.3
45m,0.75%,150pt,+50%,-30%,True,6,33.3%,0.08,-5075.7,-846.0,5498.3
45m,0.75%,150pt,+80%,-30%,True,6,33.3%,0.08,-5075.7,-846.0,5498.3
45m,0.75%,150pt,+60%,-30%,True,6,33.3%,0.08,-5075.7,-846.0,5498.3
60m,0.5%,75pt,+60%,-30%,True,7,28.6%,0.07,-5091.5,-727.4,4878.0
60m,0.5%,75pt,+80%,-30%,True,7,28.6%,0.07,-5091.5,-727.4,4878.0
60m,0.5%,75pt,+50%,-30%,True,7,28.6%,0.07,-5091.5,-727.4,4878.0
60m,0.5%,75pt,+30%,-30%,True,7,28.6%,0.07,-5091.5,-727.4,4878.0
60m,0.5%,75pt,+40%,-30%,True,7,28.6%,0.07,-5091.5,-727.4,4878.0
15m,0.5%,75pt,+30%,-25%,False,6,16.7%,0.18,-5098.1,-849.7,4604.2
60m,1.5%,75pt,+30%,-30%,True,15,40.0%,0.31,-5110.3,-340.7,6139.2
60m,0.5%,100pt,+60%,-15%,False,5,0.0%,0.0,-5119.2,-1023.8,4306.9
60m,0.5%,100pt,+80%,-15%,False,5,0.0%,0.0,-5119.2,-1023.8,4306.9
60m,0.5%,100pt,+50%,-15%,False,5,0.0%,0.0,-5119.2,-1023.8,4306.9
60m,0.5%,100pt,+30%,-15%,False,5,0.0%,0.0,-5119.2,-1023.8,4306.9
60m,0.5%,100pt,+40%,-15%,False,5,0.0%,0.0,-5119.2,-1023.8,4306.9
15m,0.75%,75pt,+30%,-15%,True,18,27.8%,0.39,-5154.2,-286.3,5091.0
60m,1.0%,75pt,+30%,-30%,False,7,28.6%,0.29,-5156.2,-736.6,4419.0
60m,0.75%,75pt,+30%,-30%,False,7,28.6%,0.29,-5156.2,-736.6,4419.0
60m,1.0%,75pt,+80%,-20%,True,13,30.8%,0.16,-5164.3,-397.3,4950.8
60m,0.75%,75pt,+80%,-20%,True,13,30.8%,0.16,-5164.3,-397.3,4950.8
60m,0.75%,75pt,+40%,-20%,True,13,30.8%,0.16,-5164.3,-397.3,4950.8
60m,0.75%,75pt,+50%,-20%,True,13,30.8%,0.16,-5164.3,-397.3,4950.8
60m,0.75%,75pt,+60%,-20%,True,13,30.8%,0.16,-5164.3,-397.3,4950.8
60m,1.0%,75pt,+50%,-20%,True,13,30.8%,0.16,-5164.3,-397.3,4950.8
60m,1.0%,75pt,+60%,-20%,True,13,30.8%,0.16,-5164.3,-397.3,4950.8
60m,1.0%,75pt,+40%,-20%,True,13,30.8%,0.16,-5164.3,-397.3,4950.8
45m,1.5%,50pt,+30%,-15%,True,19,42.1%,0.49,-5170.1,-272.1,6815.9
45m,0.5%,100pt,+80%,-15%,False,5,0.0%,0.0,-5228.9,-1045.8,4416.6
45m,0.5%,100pt,+30%,-15%,False,5,0.0%,0.0,-5228.9,-1045.8,4416.6
45m,0.5%,100pt,+60%,-15%,False,5,0.0%,0.0,-5228.9,-1045.8,4416.6
45m,0.5%,100pt,+50%,-15%,False,5,0.0%,0.0,-5228.9,-1045.8,4416.6
45m,0.5%,100pt,+40%,-15%,False,5,0.0%,0.0,-5228.9,-1045.8,4416.6
15m,0.75%,75pt,+30%,-20%,True,18,33.3%,0.41,-5236.7,-290.9,5173.5
30m,1.0%,150pt,+50%,-20%,True,7,28.6%,0.07,-5240.2,-748.6,5662.8
30m,1.0%,150pt,+60%,-20%,True,7,28.6%,0.07,-5240.2,-748.6,5662.8
30m,0.75%,150pt,+40%,-20%,True,7,28.6%,0.07,-5240.2,-748.6,5662.8
30m,0.75%,150pt,+50%,-20%,True,7,28.6%,0.07,-5240.2,-748.6,5662.8
30m,0.75%,150pt,+60%,-20%,True,7,28.6%,0.07,-5240.2,-748.6,5662.8
30m,1.0%,150pt,+30%,-20%,True,7,28.6%,0.07,-5240.2,-748.6,5662.8
30m,0.75%,150pt,+80%,-20%,True,7,28.6%,0.07,-5240.2,-748.6,5662.8
30m,0.75%,150pt,+30%,-20%,True,7,28.6%,0.07,-5240.2,-748.6,5662.8
30m,1.0%,150pt,+80%,-20%,True,7,28.6%,0.07,-5240.2,-748.6,5662.8
30m,1.0%,150pt,+40%,-20%,True,7,28.6%,0.07,-5240.2,-748.6,5662.8
30m,1.0%,150pt,+50%,-25%,True,7,28.6%,0.07,-5243.6,-749.1,5666.2
30m,1.0%,150pt,+60%,-25%,True,7,28.6%,0.07,-5243.6,-749.1,5666.2
30m,1.0%,150pt,+30%,-25%,True,7,28.6%,0.07,-5243.6,-749.1,5666.2
30m,0.75%,150pt,+40%,-25%,True,7,28.6%,0.07,-5243.6,-749.1,5666.2
30m,1.0%,150pt,+80%,-25%,True,7,28.6%,0.07,-5243.6,-749.1,5666.2
30m,0.75%,150pt,+50%,-25%,True,7,28.6%,0.07,-5243.6,-749.1,5666.2
30m,0.75%,150pt,+80%,-25%,True,7,28.6%,0.07,-5243.6,-749.1,5666.2
30m,0.75%,150pt,+60%,-25%,True,7,28.6%,0.07,-5243.6,-749.1,5666.2
30m,1.0%,150pt,+40%,-25%,True,7,28.6%,0.07,-5243.6,-749.1,5666.2
30m,0.75%,150pt,+30%,-25%,True,7,28.6%,0.07,-5243.6,-749.1,5666.2
30m,0.5%,75pt,+40%,-25%,True,10,30.0%,0.2,-5292.9,-529.3,5985.6
30m,0.5%,75pt,+80%,-25%,True,10,30.0%,0.2,-5292.9,-529.3,5985.6
30m,0.5%,75pt,+50%,-25%,True,10,30.0%,0.2,-5292.9,-529.3,5985.6
30m,0.5%,75pt,+30%,-25%,True,10,30.0%,0.2,-5292.9,-529.3,5985.6
30m,0.5%,75pt,+60%,-25%,True,10,30.0%,0.2,-5292.9,-529.3,5985.6
30m,0.5%,150pt,+50%,-30%,True,5,20.0%,0.02,-5297.6,-1059.5,5396.5
30m,0.5%,150pt,+60%,-30%,True,5,20.0%,0.02,-5297.6,-1059.5,5396.5
30m,0.5%,150pt,+30%,-30%,True,5,20.0%,0.02,-5297.6,-1059.5,5396.5
30m,0.5%,150pt,+40%,-30%,True,5,20.0%,0.02,-5297.6,-1059.5,5396.5
30m,0.5%,150pt,+80%,-30%,True,5,20.0%,0.02,-5297.6,-1059.5,5396.5
15m,0.5%,150pt,+60%,-30%,True,5,20.0%,0.02,-5312.7,-1062.5,5396.5
15m,0.5%,150pt,+30%,-30%,True,5,20.0%,0.02,-5312.7,-1062.5,5396.5
15m,0.5%,150pt,+40%,-30%,True,5,20.0%,0.02,-5312.7,-1062.5,5396.5
15m,0.5%,150pt,+80%,-30%,True,5,20.0%,0.02,-5312.7,-1062.5,5396.5
15m,0.5%,150pt,+50%,-30%,True,5,20.0%,0.02,-5312.7,-1062.5,5396.5
30m,0.5%,100pt,+50%,-30%,True,9,33.3%,0.34,-5327.8,-592.0,6920.1
30m,0.5%,100pt,+80%,-30%,True,9,33.3%,0.34,-5327.8,-592.0,6920.1
30m,0.5%,100pt,+60%,-30%,True,9,33.3%,0.34,-5327.8,-592.0,6920.1
30m,0.5%,100pt,+40%,-30%,True,9,33.3%,0.34,-5327.8,-592.0,6920.1
30m,0.5%,100pt,+30%,-30%,True,9,33.3%,0.34,-5327.8,-592.0,6920.1
45m,1.0%,100pt,+50%,-15%,True,13,23.1%,0.34,-5353.9,-411.8,6946.1
45m,1.0%,100pt,+40%,-15%,True,13,23.1%,0.34,-5353.9,-411.8,6946.1
45m,0.75%,100pt,+30%,-15%,True,13,23.1%,0.34,-5353.9,-411.8,6946.1
45m,0.75%,100pt,+50%,-15%,True,13,23.1%,0.34,-5353.9,-411.8,6946.1
45m,0.75%,100pt,+40%,-15%,True,13,23.1%,0.34,-5353.9,-411.8,6946.1
45m,0.75%,100pt,+80%,-15%,True,13,23.1%,0.34,-5353.9,-411.8,6946.1
45m,1.0%,100pt,+80%,-15%,True,13,23.1%,0.34,-5353.9,-411.8,6946.1
45m,0.75%,100pt,+60%,-15%,True,13,23.1%,0.34,-5353.9,-411.8,6946.1
45m,1.0%,100pt,+60%,-15%,True,13,23.1%,0.34,-5353.9,-411.8,6946.1
45m,1.0%,100pt,+30%,-15%,True,13,23.1%,0.34,-5353.9,-411.8,6946.1
60m,1.5%,150pt,+80%,-20%,True,7,28.6%,0.07,-5396.4,-770.9,5818.9
60m,1.5%,150pt,+50%,-20%,True,7,28.6%,0.07,-5396.4,-770.9,5818.9
60m,1.5%,150pt,+60%,-20%,True,7,28.6%,0.07,-5396.4,-770.9,5818.9
60m,1.5%,150pt,+40%,-20%,True,7,28.6%,0.07,-5396.4,-770.9,5818.9
15m,0.75%,150pt,+60%,-20%,True,7,28.6%,0.05,-5396.8,-771.0,5480.6
15m,0.75%,150pt,+50%,-20%,True,7,28.6%,0.05,-5396.8,-771.0,5480.6
15m,0.75%,150pt,+80%,-20%,True,7,28.6%,0.05,-5396.8,-771.0,5480.6
15m,0.75%,150pt,+40%,-20%,True,7,28.6%,0.05,-5396.8,-771.0,5480.6
15m,0.75%,150pt,+30%,-20%,True,7,28.6%,0.05,-5396.8,-771.0,5480.6
15m,0.75%,150pt,+30%,-25%,True,7,28.6%,0.05,-5400.3,-771.5,5484.0
15m,0.75%,150pt,+40%,-25%,True,7,28.6%,0.05,-5400.3,-771.5,5484.0
15m,0.75%,150pt,+80%,-25%,True,7,28.6%,0.05,-5400.3,-771.5,5484.0
15m,0.75%,150pt,+50%,-25%,True,7,28.6%,0.05,-5400.3,-771.5,5484.0
15m,0.75%,150pt,+60%,-25%,True,7,28.6%,0.05,-5400.3,-771.5,5484.0
45m,1.0%,100pt,+60%,-25%,True,13,23.1%,0.34,-5421.0,-417.0,7013.2
45m,1.0%,100pt,+50%,-25%,True,13,23.1%,0.34,-5421.0,-417.0,7013.2
45m,1.0%,100pt,+40%,-25%,True,13,23.1%,0.34,-5421.0,-417.0,7013.2
45m,1.0%,100pt,+80%,-25%,True,13,23.1%,0.34,-5421.0,-417.0,7013.2
45m,0.75%,100pt,+60%,-25%,True,13,23.1%,0.34,-5421.0,-417.0,7013.2
45m,0.75%,100pt,+50%,-25%,True,13,23.1%,0.34,-5421.0,-417.0,7013.2
45m,0.75%,100pt,+80%,-25%,True,13,23.1%,0.34,-5421.0,-417.0,7013.2
45m,1.0%,100pt,+30%,-25%,True,13,23.1%,0.34,-5421.0,-417.0,7013.2
45m,0.75%,100pt,+40%,-25%,True,13,23.1%,0.34,-5421.0,-417.0,7013.2
45m,0.75%,100pt,+30%,-25%,True,13,23.1%,0.34,-5421.0,-417.0,7013.2
45m,0.75%,75pt,+40%,-25%,True,15,26.7%,0.24,-5526.2,-368.4,6218.9
45m,0.75%,75pt,+50%,-25%,True,15,26.7%,0.24,-5526.2,-368.4,6218.9
45m,0.75%,75pt,+80%,-25%,True,15,26.7%,0.24,-5526.2,-368.4,6218.9
45m,0.75%,75pt,+60%,-25%,True,15,26.7%,0.24,-5526.2,-368.4,6218.9
45m,1.0%,75pt,+80%,-25%,True,15,26.7%,0.24,-5526.2,-368.4,6218.9
45m,1.0%,75pt,+60%,-25%,True,15,26.7%,0.24,-5526.2,-368.4,6218.9
45m,1.0%,75pt,+50%,-25%,True,15,26.7%,0.24,-5526.2,-368.4,6218.9
45m,1.0%,75pt,+40%,-25%,True,15,26.7%,0.24,-5526.2,-368.4,6218.9
45m,1.5%,50pt,+80%,-25%,True,18,55.6%,0.44,-5548.1,-308.2,7989.9
45m,1.5%,50pt,+60%,-25%,True,18,55.6%,0.44,-5548.1,-308.2,7989.9
45m,1.5%,50pt,+40%,-25%,True,18,55.6%,0.44,-5548.1,-308.2,7989.9
45m,1.5%,50pt,+50%,-25%,True,18,55.6%,0.44,-5548.1,-308.2,7989.9
45m,0.75%,75pt,+50%,-15%,True,15,20.0%,0.21,-5567.9,-371.2,6260.6
45m,0.75%,75pt,+60%,-15%,True,15,20.0%,0.21,-5567.9,-371.2,6260.6
45m,1.0%,75pt,+80%,-15%,True,15,20.0%,0.21,-5567.9,-371.2,6260.6
45m,1.0%,75pt,+60%,-15%,True,15,20.0%,0.21,-5567.9,-371.2,6260.6
45m,0.75%,75pt,+40%,-15%,True,15,20.0%,0.21,-5567.9,-371.2,6260.6
45m,0.75%,75pt,+80%,-15%,True,15,20.0%,0.21,-5567.9,-371.2,6260.6
45m,1.0%,75pt,+50%,-15%,True,15,20.0%,0.21,-5567.9,-371.2,6260.6
45m,1.0%,75pt,+40%,-15%,True,15,20.0%,0.21,-5567.9,-371.2,6260.6
15m,0.5%,75pt,+40%,-30%,True,12,33.3%,0.23,-5613.3,-467.8,6504.3
15m,0.5%,75pt,+60%,-30%,True,12,33.3%,0.23,-5613.3,-467.8,6504.3
15m,0.5%,75pt,+50%,-30%,True,12,33.3%,0.23,-5613.3,-467.8,6504.3
15m,0.5%,75pt,+80%,-30%,True,12,33.3%,0.23,-5613.3,-467.8,6504.3
45m,1.5%,75pt,+30%,-15%,True,17,23.5%,0.32,-5641.6,-331.9,6355.1
15m,0.5%,100pt,+50%,-15%,True,10,20.0%,0.27,-5642.6,-564.3,5953.9
15m,0.5%,100pt,+40%,-15%,True,10,20.0%,0.27,-5642.6,-564.3,5953.9
15m,0.5%,100pt,+80%,-15%,True,10,20.0%,0.27,-5642.6,-564.3,5953.9
15m,0.5%,100pt,+60%,-15%,True,10,20.0%,0.27,-5642.6,-564.3,5953.9
15m,0.5%,100pt,+30%,-15%,True,10,20.0%,0.27,-5642.6,-564.3,5953.9
45m,0.75%,75pt,+30%,-15%,False,9,22.2%,0.28,-5646.3,-627.4,4683.7
45m,1.0%,75pt,+30%,-15%,False,9,22.2%,0.28,-5646.3,-627.4,4683.7
60m,1.5%,75pt,+30%,-25%,False,8,25.0%,0.27,-5647.6,-706.0,5161.4
45m,1.0%,100pt,+30%,-20%,True,13,23.1%,0.33,-5650.0,-434.6,7242.2
45m,1.0%,100pt,+80%,-20%,True,13,23.1%,0.33,-5650.0,-434.6,7242.2
45m,0.75%,100pt,+50%,-20%,True,13,23.1%,0.33,-5650.0,-434.6,7242.2
45m,1.0%,100pt,+40%,-20%,True,13,23.1%,0.33,-5650.0,-434.6,7242.2
45m,0.75%,100pt,+60%,-20%,True,13,23.1%,0.33,-5650.0,-434.6,7242.2
45m,1.0%,100pt,+50%,-20%,True,13,23.1%,0.33,-5650.0,-434.6,7242.2
45m,0.75%,100pt,+30%,-20%,True,13,23.1%,0.33,-5650.0,-434.6,7242.2
45m,0.75%,100pt,+40%,-20%,True,13,23.1%,0.33,-5650.0,-434.6,7242.2
45m,0.75%,100pt,+80%,-20%,True,13,23.1%,0.33,-5650.0,-434.6,7242.2
45m,1.0%,100pt,+60%,-20%,True,13,23.1%,0.33,-5650.0,-434.6,7242.2
60m,1.5%,150pt,+50%,-15%,True,8,25.0%,0.07,-5659.7,-707.5,5758.6
60m,1.5%,150pt,+40%,-15%,True,8,25.0%,0.07,-5659.7,-707.5,5758.6
60m,1.5%,150pt,+60%,-15%,True,8,25.0%,0.07,-5659.7,-707.5,5758.6
60m,1.5%,150pt,+80%,-15%,True,8,25.0%,0.07,-5659.7,-707.5,5758.6
30m,1.0%,150pt,+80%,-20%,False,5,0.0%,0.0,-5662.8,-1132.6,4360.8
30m,0.75%,150pt,+30%,-20%,False,5,0.0%,0.0,-5662.8,-1132.6,4360.8
30m,1.0%,150pt,+30%,-20%,False,5,0.0%,0.0,-5662.8,-1132.6,4360.8
30m,1.0%,150pt,+60%,-20%,False,5,0.0%,0.0,-5662.8,-1132.6,4360.8
15m,0.75%,150pt,+80%,-20%,False,5,0.0%,0.0,-5662.8,-1132.6,4360.8
30m,1.0%,150pt,+40%,-20%,False,5,0.0%,0.0,-5662.8,-1132.6,4360.8
15m,0.75%,150pt,+60%,-20%,False,5,0.0%,0.0,-5662.8,-1132.6,4360.8
30m,0.75%,150pt,+60%,-20%,False,5,0.0%,0.0,-5662.8,-1132.6,4360.8
30m,0.75%,150pt,+50%,-20%,False,5,0.0%,0.0,-5662.8,-1132.6,4360.8
15m,0.75%,150pt,+50%,-20%,False,5,0.0%,0.0,-5662.8,-1132.6,4360.8
15m,0.75%,150pt,+40%,-20%,False,5,0.0%,0.0,-5662.8,-1132.6,4360.8
30m,1.0%,150pt,+50%,-20%,False,5,0.0%,0.0,-5662.8,-1132.6,4360.8
15m,0.75%,150pt,+30%,-20%,False,5,0.0%,0.0,-5662.8,-1132.6,4360.8
30m,0.75%,150pt,+80%,-20%,False,5,0.0%,0.0,-5662.8,-1132.6,4360.8
30m,0.75%,150pt,+40%,-20%,False,5,0.0%,0.0,-5662.8,-1132.6,4360.8
60m,1.0%,75pt,+80%,-30%,True,13,30.8%,0.15,-5690.4,-437.7,5476.9
60m,0.75%,75pt,+50%,-30%,True,13,30.8%,0.15,-5690.4,-437.7,5476.9
60m,1.0%,75pt,+60%,-30%,True,13,30.8%,0.15,-5690.4,-437.7,5476.9
60m,1.0%,75pt,+50%,-30%,True,13,30.8%,0.15,-5690.4,-437.7,5476.9
60m,0.75%,75pt,+40%,-30%,True,13,30.8%,0.15,-5690.4,-437.7,5476.9
60m,0.75%,75pt,+60%,-30%,True,13,30.8%,0.15,-5690.4,-437.7,5476.9
60m,0.75%,75pt,+80%,-30%,True,13,30.8%,0.15,-5690.4,-437.7,5476.9
60m,1.0%,75pt,+40%,-30%,True,13,30.8%,0.15,-5690.4,-437.7,5476.9
30m,1.5%,50pt,+40%,-25%,True,18,55.6%,0.43,-5691.5,-316.2,8133.3
30m,1.5%,50pt,+80%,-25%,True,18,55.6%,0.43,-5691.5,-316.2,8133.3
30m,1.5%,50pt,+50%,-25%,True,18,55.6%,0.43,-5691.5,-316.2,8133.3
30m,1.5%,50pt,+60%,-25%,True,18,55.6%,0.43,-5691.5,-316.2,8133.3
30m,0.5%,75pt,+30%,-20%,False,5,0.0%,0.0,-5712.8,-1142.6,4126.4
30m,0.5%,75pt,+50%,-20%,False,5,0.0%,0.0,-5712.8,-1142.6,4126.4
30m,0.5%,75pt,+40%,-20%,False,5,0.0%,0.0,-5712.8,-1142.6,4126.4
30m,0.5%,75pt,+60%,-20%,False,5,0.0%,0.0,-5712.8,-1142.6,4126.4
30m,0.5%,75pt,+80%,-20%,False,5,0.0%,0.0,-5712.8,-1142.6,4126.4
15m,0.5%,100pt,+60%,-20%,True,10,20.0%,0.26,-5715.8,-571.6,6027.2
15m,0.5%,100pt,+50%,-20%,True,10,20.0%,0.26,-5715.8,-571.6,6027.2
15m,0.5%,100pt,+80%,-20%,True,10,20.0%,0.26,-5715.8,-571.6,6027.2
15m,0.5%,100pt,+40%,-20%,True,10,20.0%,0.26,-5715.8,-571.6,6027.2
15m,0.5%,100pt,+30%,-20%,True,10,20.0%,0.26,-5715.8,-571.6,6027.2
30m,0.75%,100pt,+50%,-25%,True,13,23.1%,0.32,-5725.0,-440.4,7317.2
30m,0.75%,100pt,+60%,-25%,True,13,23.1%,0.32,-5725.0,-440.4,7317.2
30m,0.75%,100pt,+30%,-25%,True,13,23.1%,0.32,-5725.0,-440.4,7317.2
30m,1.0%,100pt,+50%,-25%,True,13,23.1%,0.32,-5725.0,-440.4,7317.2
30m,0.75%,100pt,+80%,-25%,True,13,23.1%,0.32,-5725.0,-440.4,7317.2
30m,0.75%,100pt,+40%,-25%,True,13,23.1%,0.32,-5725.0,-440.4,7317.2
30m,1.0%,100pt,+60%,-25%,True,13,23.1%,0.32,-5725.0,-440.4,7317.2
30m,1.0%,100pt,+80%,-25%,True,13,23.1%,0.32,-5725.0,-440.4,7317.2
30m,1.0%,100pt,+40%,-25%,True,13,23.1%,0.32,-5725.0,-440.4,7317.2
30m,1.0%,100pt,+30%,-25%,True,13,23.1%,0.32,-5725.0,-440.4,7317.2
30m,0.75%,75pt,+40%,-15%,True,15,20.0%,0.2,-5728.8,-381.9,6421.4
30m,0.75%,75pt,+80%,-15%,True,15,20.0%,0.2,-5728.8,-381.9,6421.4
30m,1.0%,75pt,+80%,-15%,True,15,20.0%,0.2,-5728.8,-381.9,6421.4
30m,1.0%,75pt,+30%,-15%,True,15,20.0%,0.2,-5728.8,-381.9,6421.4
30m,0.75%,75pt,+30%,-15%,True,15,20.0%,0.2,-5728.8,-381.9,6421.4
30m,1.0%,75pt,+50%,-15%,True,15,20.0%,0.2,-5728.8,-381.9,6421.4
30m,1.0%,75pt,+40%,-15%,True,15,20.0%,0.2,-5728.8,-381.9,6421.4
30m,0.75%,75pt,+50%,-15%,True,15,20.0%,0.2,-5728.8,-381.9,6421.4
30m,0.75%,75pt,+60%,-15%,True,15,20.0%,0.2,-5728.8,-381.9,6421.4
30m,1.0%,75pt,+60%,-15%,True,15,20.0%,0.2,-5728.8,-381.9,6421.4
30m,0.5%,100pt,+40%,-20%,False,5,0.0%,0.0,-5742.2,-1148.4,4680.3
30m,0.5%,100pt,+30%,-20%,False,5,0.0%,0.0,-5742.2,-1148.4,4680.3
30m,0.5%,100pt,+50%,-20%,False,5,0.0%,0.0,-5742.2,-1148.4,4680.3
30m,0.5%,100pt,+80%,-20%,False,5,0.0%,0.0,-5742.2,-1148.4,4680.3
30m,0.5%,100pt,+60%,-20%,False,5,0.0%,0.0,-5742.2,-1148.4,4680.3
30m,0.75%,75pt,+50%,-25%,True,15,26.7%,0.23,-5758.7,-383.9,6451.4
30m,1.0%,75pt,+50%,-25%,True,15,26.7%,0.23,-5758.7,-383.9,6451.4
30m,0.75%,75pt,+40%,-25%,True,15,26.7%,0.23,-5758.7,-383.9,6451.4
30m,0.75%,75pt,+30%,-25%,True,15,26.7%,0.23,-5758.7,-383.9,6451.4
30m,0.75%,75pt,+60%,-25%,True,15,26.7%,0.23,-5758.7,-383.9,6451.4
30m,0.75%,75pt,+80%,-25%,True,15,26.7%,0.23,-5758.7,-383.9,6451.4
30m,1.0%,75pt,+60%,-25%,True,15,26.7%,0.23,-5758.7,-383.9,6451.4
30m,1.0%,75pt,+30%,-25%,True,15,26.7%,0.23,-5758.7,-383.9,6451.4
30m,1.0%,75pt,+40%,-25%,True,15,26.7%,0.23,-5758.7,-383.9,6451.4
30m,1.0%,75pt,+80%,-25%,True,15,26.7%,0.23,-5758.7,-383.9,6451.4
15m,0.5%,75pt,+30%,-15%,False,7,14.3%,0.16,-5790.2,-827.2,3492.1
60m,1.5%,75pt,+40%,-15%,True,15,26.7%,0.14,-5802.7,-386.8,5812.9
60m,1.5%,75pt,+50%,-15%,True,15,26.7%,0.14,-5802.7,-386.8,5812.9
60m,1.5%,75pt,+80%,-15%,True,15,26.7%,0.14,-5802.7,-386.8,5812.9
60m,1.5%,75pt,+60%,-15%,True,15,26.7%,0.14,-5802.7,-386.8,5812.9
60m,1.5%,150pt,+80%,-25%,True,7,28.6%,0.07,-5811.0,-830.1,6233.5
60m,1.5%,150pt,+60%,-25%,True,7,28.6%,0.07,-5811.0,-830.1,6233.5
60m,1.5%,150pt,+40%,-25%,True,7,28.6%,0.07,-5811.0,-830.1,6233.5
60m,1.5%,150pt,+50%,-25%,True,7,28.6%,0.07,-5811.0,-830.1,6233.5
60m,1.5%,150pt,+40%,-20%,False,5,0.0%,0.0,-5818.9,-1163.8,4516.9
60m,1.5%,150pt,+60%,-20%,False,5,0.0%,0.0,-5818.9,-1163.8,4516.9
60m,1.5%,150pt,+50%,-20%,False,5,0.0%,0.0,-5818.9,-1163.8,4516.9
60m,1.5%,150pt,+80%,-20%,False,5,0.0%,0.0,-5818.9,-1163.8,4516.9
45m,0.75%,75pt,+40%,-20%,True,15,26.7%,0.23,-5856.8,-390.5,6549.5
45m,0.75%,75pt,+50%,-20%,True,15,26.7%,0.23,-5856.8,-390.5,6549.5
45m,0.75%,75pt,+80%,-20%,True,15,26.7%,0.23,-5856.8,-390.5,6549.5
45m,1.0%,75pt,+40%,-20%,True,15,26.7%,0.23,-5856.8,-390.5,6549.5
45m,1.0%,75pt,+50%,-20%,True,15,26.7%,0.23,-5856.8,-390.5,6549.5
45m,1.0%,75pt,+80%,-20%,True,15,26.7%,0.23,-5856.8,-390.5,6549.5
45m,1.0%,75pt,+60%,-20%,True,15,26.7%,0.23,-5856.8,-390.5,6549.5
45m,0.75%,75pt,+60%,-20%,True,15,26.7%,0.23,-5856.8,-390.5,6549.5
60m,0.75%,50pt,+30%,-20%,False,9,22.2%,0.28,-5874.1,-652.7,5455.8
60m,1.0%,50pt,+30%,-20%,False,9,22.2%,0.28,-5874.1,-652.7,5455.8
30m,1.5%,50pt,+30%,-20%,True,19,47.4%,0.47,-5880.7,-309.5,7526.5
15m,0.75%,100pt,+30%,-15%,True,14,28.6%,0.34,-5901.0,-421.5,6376.2
15m,0.75%,100pt,+80%,-15%,True,14,28.6%,0.34,-5901.0,-421.5,6376.2
15m,0.75%,100pt,+50%,-15%,True,14,28.6%,0.34,-5901.0,-421.5,6376.2
15m,0.75%,100pt,+60%,-15%,True,14,28.6%,0.34,-5901.0,-421.5,6376.2
15m,0.75%,100pt,+40%,-15%,True,14,28.6%,0.34,-5901.0,-421.5,6376.2
45m,1.5%,75pt,+30%,-30%,True,16,31.2%,0.33,-5944.4,-371.5,7852.3
15m,0.75%,100pt,+80%,-20%,True,14,28.6%,0.34,-5974.3,-426.7,6449.5
15m,0.75%,100pt,+60%,-20%,True,14,28.6%,0.34,-5974.3,-426.7,6449.5
15m,0.75%,100pt,+40%,-20%,True,14,28.6%,0.34,-5974.3,-426.7,6449.5
15m,0.75%,100pt,+30%,-20%,True,14,28.6%,0.34,-5974.3,-426.7,6449.5
15m,0.75%,100pt,+50%,-20%,True,14,28.6%,0.34,-5974.3,-426.7,6449.5
15m,0.75%,75pt,+30%,-25%,True,18,33.3%,0.37,-5980.6,-332.3,5917.3
60m,1.5%,75pt,+30%,-15%,False,10,20.0%,0.26,-5981.3,-598.1,4929.2
45m,1.5%,50pt,+30%,-20%,True,19,47.4%,0.47,-5982.8,-314.9,7628.5
15m,0.5%,75pt,+30%,-30%,False,6,16.7%,0.15,-6001.2,-1000.2,5256.3
30m,1.5%,50pt,+40%,-15%,True,19,42.1%,0.39,-6019.3,-316.8,7555.0
30m,1.5%,50pt,+60%,-15%,True,19,42.1%,0.39,-6019.3,-316.8,7555.0
30m,1.5%,50pt,+50%,-15%,True,19,42.1%,0.39,-6019.3,-316.8,7555.0
30m,1.5%,50pt,+80%,-15%,True,19,42.1%,0.39,-6019.3,-316.8,7555.0
30m,1.0%,100pt,+60%,-15%,True,13,23.1%,0.31,-6028.2,-463.7,7620.5
30m,0.75%,100pt,+30%,-15%,True,13,23.1%,0.31,-6028.2,-463.7,7620.5
30m,0.75%,100pt,+50%,-15%,True,13,23.1%,0.31,-6028.2,-463.7,7620.5
30m,1.0%,100pt,+40%,-15%,True,13,23.1%,0.31,-6028.2,-463.7,7620.5
30m,0.75%,100pt,+40%,-15%,True,13,23.1%,0.31,-6028.2,-463.7,7620.5
30m,0.75%,100pt,+60%,-15%,True,13,23.1%,0.31,-6028.2,-463.7,7620.5
30m,1.0%,100pt,+50%,-15%,True,13,23.1%,0.31,-6028.2,-463.7,7620.5
30m,0.75%,100pt,+80%,-15%,True,13,23.1%,0.31,-6028.2,-463.7,7620.5
30m,1.0%,100pt,+30%,-15%,True,13,23.1%,0.31,-6028.2,-463.7,7620.5
30m,1.0%,100pt,+80%,-15%,True,13,23.1%,0.31,-6028.2,-463.7,7620.5
45m,0.5%,75pt,+60%,-15%,False,5,0.0%,0.0,-6054.6,-1210.9,3756.5
45m,0.5%,75pt,+50%,-15%,False,5,0.0%,0.0,-6054.6,-1210.9,3756.5
45m,0.5%,75pt,+30%,-15%,False,5,0.0%,0.0,-6054.6,-1210.9,3756.5
45m,0.5%,75pt,+40%,-15%,False,5,0.0%,0.0,-6054.6,-1210.9,3756.5
45m,0.5%,75pt,+80%,-15%,False,5,0.0%,0.0,-6054.6,-1210.9,3756.5
30m,0.75%,75pt,+30%,-20%,True,15,26.7%,0.22,-6065.9,-404.4,6758.6
30m,1.0%,75pt,+60%,-20%,True,15,26.7%,0.22,-6065.9,-404.4,6758.6
30m,0.75%,75pt,+50%,-20%,True,15,26.7%,0.22,-6065.9,-404.4,6758.6
30m,0.75%,75pt,+80%,-20%,True,15,26.7%,0.22,-6065.9,-404.4,6758.6
30m,0.75%,75pt,+40%,-20%,True,15,26.7%,0.22,-6065.9,-404.4,6758.6
30m,0.75%,75pt,+60%,-20%,True,15,26.7%,0.22,-6065.9,-404.4,6758.6
30m,1.0%,75pt,+50%,-20%,True,15,26.7%,0.22,-6065.9,-404.4,6758.6
30m,1.0%,75pt,+40%,-20%,True,15,26.7%,0.22,-6065.9,-404.4,6758.6
30m,1.0%,75pt,+30%,-20%,True,15,26.7%,0.22,-6065.9,-404.4,6758.6
30m,1.0%,75pt,+80%,-20%,True,15,26.7%,0.22,-6065.9,-404.4,6758.6
60m,1.5%,150pt,+40%,-15%,False,6,0.0%,0.0,-6082.3,-1013.7,4780.3
60m,1.5%,150pt,+50%,-15%,False,6,0.0%,0.0,-6082.3,-1013.7,4780.3
60m,1.5%,150pt,+80%,-15%,False,6,0.0%,0.0,-6082.3,-1013.7,4780.3
60m,1.5%,150pt,+60%,-15%,False,6,0.0%,0.0,-6082.3,-1013.7,4780.3
60m,1.5%,75pt,+40%,-25%,True,15,33.3%,0.17,-6082.4,-405.5,6092.6
60m,1.5%,75pt,+80%,-25%,True,15,33.3%,0.17,-6082.4,-405.5,6092.6
60m,1.5%,75pt,+60%,-25%,True,15,33.3%,0.17,-6082.4,-405.5,6092.6
60m,1.5%,75pt,+50%,-25%,True,15,33.3%,0.17,-6082.4,-405.5,6092.6
30m,0.5%,75pt,+40%,-30%,True,10,30.0%,0.17,-6097.5,-609.8,6790.2
30m,0.5%,75pt,+30%,-30%,True,10,30.0%,0.17,-6097.5,-609.8,6790.2
30m,0.5%,75pt,+50%,-30%,True,10,30.0%,0.17,-6097.5,-609.8,6790.2
30m,0.5%,75pt,+80%,-30%,True,10,30.0%,0.17,-6097.5,-609.8,6790.2
30m,0.5%,75pt,+60%,-30%,True,10,30.0%,0.17,-6097.5,-609.8,6790.2
30m,1.0%,100pt,+60%,-20%,True,13,23.1%,0.31,-6101.5,-469.3,7693.7
30m,0.75%,100pt,+50%,-20%,True,13,23.1%,0.31,-6101.5,-469.3,7693.7
30m,1.0%,100pt,+50%,-20%,True,13,23.1%,0.31,-6101.5,-469.3,7693.7
30m,1.0%,100pt,+40%,-20%,True,13,23.1%,0.31,-6101.5,-469.3,7693.7
30m,1.0%,100pt,+80%,-20%,True,13,23.1%,0.31,-6101.5,-469.3,7693.7
30m,1.0%,100pt,+30%,-20%,True,13,23.1%,0.31,-6101.5,-469.3,7693.7
30m,0.75%,100pt,+30%,-20%,True,13,23.1%,0.31,-6101.5,-469.3,7693.7
30m,0.75%,100pt,+60%,-20%,True,13,23.1%,0.31,-6101.5,-469.3,7693.7
30m,0.75%,100pt,+40%,-20%,True,13,23.1%,0.31,-6101.5,-469.3,7693.7
30m,0.75%,100pt,+80%,-20%,True,13,23.1%,0.31,-6101.5,-469.3,7693.7
30m,0.75%,150pt,+30%,-30%,True,7,28.6%,0.06,-6133.3,-876.2,6555.9
30m,0.75%,150pt,+40%,-30%,True,7,28.6%,0.06,-6133.3,-876.2,6555.9
30m,0.75%,150pt,+80%,-30%,True,7,28.6%,0.06,-6133.3,-876.2,6555.9
30m,0.75%,150pt,+60%,-30%,True,7,28.6%,0.06,-6133.3,-876.2,6555.9
30m,1.0%,150pt,+60%,-30%,True,7,28.6%,0.06,-6133.3,-876.2,6555.9
30m,1.0%,150pt,+40%,-30%,True,7,28.6%,0.06,-6133.3,-876.2,6555.9
30m,1.0%,150pt,+80%,-30%,True,7,28.6%,0.06,-6133.3,-876.2,6555.9
30m,1.0%,150pt,+50%,-30%,True,7,28.6%,0.06,-6133.3,-876.2,6555.9
30m,1.0%,150pt,+30%,-30%,True,7,28.6%,0.06,-6133.3,-876.2,6555.9
30m,0.75%,150pt,+50%,-30%,True,7,28.6%,0.06,-6133.3,-876.2,6555.9
60m,0.75%,50pt,+30%,-25%,False,8,25.0%,0.27,-6133.6,-766.7,5321.4
60m,1.0%,50pt,+30%,-25%,False,8,25.0%,0.27,-6133.6,-766.7,5321.4
30m,1.5%,50pt,+40%,-30%,True,18,55.6%,0.41,-6151.7,-341.8,8593.5
30m,1.5%,50pt,+80%,-30%,True,18,55.6%,0.41,-6151.7,-341.8,8593.5
30m,1.5%,50pt,+60%,-30%,True,18,55.6%,0.41,-6151.7,-341.8,8593.5
30m,1.5%,50pt,+50%,-30%,True,18,55.6%,0.41,-6151.7,-341.8,8593.5
60m,1.5%,75pt,+80%,-20%,True,15,33.3%,0.16,-6156.5,-410.4,6166.8
60m,1.5%,75pt,+60%,-20%,True,15,33.3%,0.16,-6156.5,-410.4,6166.8
60m,1.5%,75pt,+40%,-20%,True,15,33.3%,0.16,-6156.5,-410.4,6166.8
60m,1.5%,75pt,+50%,-20%,True,15,33.3%,0.16,-6156.5,-410.4,6166.8
60m,1.0%,100pt,+60%,-20%,False,6,0.0%,0.0,-6162.8,-1027.1,5100.8
60m,0.75%,100pt,+40%,-20%,False,6,0.0%,0.0,-6162.8,-1027.1,5100.8
60m,1.0%,100pt,+40%,-20%,False,6,0.0%,0.0,-6162.8,-1027.1,5100.8
60m,0.75%,100pt,+80%,-20%,False,6,0.0%,0.0,-6162.8,-1027.1,5100.8
60m,1.0%,100pt,+80%,-20%,False,6,0.0%,0.0,-6162.8,-1027.1,5100.8
60m,1.0%,100pt,+50%,-20%,False,6,0.0%,0.0,-6162.8,-1027.1,5100.8
60m,0.75%,100pt,+30%,-20%,False,6,0.0%,0.0,-6162.8,-1027.1,5100.8
60m,0.75%,100pt,+60%,-20%,False,6,0.0%,0.0,-6162.8,-1027.1,5100.8
60m,1.0%,100pt,+30%,-20%,False,6,0.0%,0.0,-6162.8,-1027.1,5100.8
60m,0.75%,100pt,+50%,-20%,False,6,0.0%,0.0,-6162.8,-1027.1,5100.8
60m,0.75%,100pt,+30%,-20%,True,11,18.2%,0.23,-6177.8,-561.6,6951.4
60m,0.75%,100pt,+40%,-20%,True,11,18.2%,0.23,-6177.8,-561.6,6951.4
60m,1.0%,100pt,+80%,-20%,True,11,18.2%,0.23,-6177.8,-561.6,6951.4
60m,1.0%,100pt,+50%,-20%,True,11,18.2%,0.23,-6177.8,-561.6,6951.4
60m,0.75%,100pt,+80%,-20%,True,11,18.2%,0.23,-6177.8,-561.6,6951.4
60m,1.0%,100pt,+30%,-20%,True,11,18.2%,0.23,-6177.8,-561.6,6951.4
60m,0.75%,100pt,+60%,-20%,True,11,18.2%,0.23,-6177.8,-561.6,6951.4
60m,1.0%,100pt,+60%,-20%,True,11,18.2%,0.23,-6177.8,-561.6,6951.4
60m,0.75%,100pt,+50%,-20%,True,11,18.2%,0.23,-6177.8,-561.6,6951.4
60m,1.0%,100pt,+40%,-20%,True,11,18.2%,0.23,-6177.8,-561.6,6951.4
30m,0.5%,75pt,+30%,-25%,False,5,0.0%,0.0,-6190.6,-1238.1,4604.2
30m,0.5%,75pt,+80%,-25%,False,5,0.0%,0.0,-6190.6,-1238.1,4604.2
30m,0.5%,75pt,+60%,-25%,False,5,0.0%,0.0,-6190.6,-1238.1,4604.2
30m,0.5%,75pt,+50%,-25%,False,5,0.0%,0.0,-6190.6,-1238.1,4604.2
30m,0.5%,75pt,+40%,-25%,False,5,0.0%,0.0,-6190.6,-1238.1,4604.2
15m,0.5%,50pt,+50%,-20%,False,6,0.0%,0.0,-6201.4,-1033.6,5013.3
15m,0.5%,50pt,+30%,-20%,False,6,0.0%,0.0,-6201.4,-1033.6,5013.3
15m,0.5%,50pt,+60%,-20%,False,6,0.0%,0.0,-6201.4,-1033.6,5013.3
15m,0.5%,50pt,+80%,-20%,False,6,0.0%,0.0,-6201.4,-1033.6,5013.3
15m,0.5%,50pt,+40%,-20%,False,6,0.0%,0.0,-6201.4,-1033.6,5013.3
15m,0.75%,100pt,+80%,-25%,True,14,28.6%,0.33,-6204.7,-443.2,6679.9
15m,0.75%,100pt,+60%,-25%,True,14,28.6%,0.33,-6204.7,-443.2,6679.9
15m,0.75%,100pt,+40%,-25%,True,14,28.6%,0.33,-6204.7,-443.2,6679.9
15m,0.75%,100pt,+50%,-25%,True,14,28.6%,0.33,-6204.7,-443.2,6679.9
15m,0.75%,100pt,+30%,-25%,True,14,28.6%,0.33,-6204.7,-443.2,6679.9
45m,1.5%,50pt,+60%,-30%,True,18,55.6%,0.41,-6219.2,-345.5,8661.0
45m,1.5%,50pt,+80%,-30%,True,18,55.6%,0.41,-6219.2,-345.5,8661.0
45m,1.5%,50pt,+40%,-30%,True,18,55.6%,0.41,-6219.2,-345.5,8661.0
45m,1.5%,50pt,+50%,-30%,True,18,55.6%,0.41,-6219.2,-345.5,8661.0
30m,1.0%,75pt,+30%,-25%,False,7,14.3%,0.14,-6243.6,-891.9,4657.3
30m,0.75%,75pt,+30%,-25%,False,7,14.3%,0.14,-6243.6,-891.9,4657.3
45m,0.75%,100pt,+60%,-30%,True,13,23.1%,0.3,-6258.8,-481.4,7851.0
45m,1.0%,100pt,+40%,-30%,True,13,23.1%,0.3,-6258.8,-481.4,7851.0
45m,1.0%,100pt,+60%,-30%,True,13,23.1%,0.3,-6258.8,-481.4,7851.0
45m,1.0%,100pt,+30%,-30%,True,13,23.1%,0.3,-6258.8,-481.4,7851.0
45m,0.75%,100pt,+30%,-30%,True,13,23.1%,0.3,-6258.8,-481.4,7851.0
45m,0.75%,100pt,+40%,-30%,True,13,23.1%,0.3,-6258.8,-481.4,7851.0
45m,1.0%,100pt,+50%,-30%,True,13,23.1%,0.3,-6258.8,-481.4,7851.0
45m,1.0%,100pt,+80%,-30%,True,13,23.1%,0.3,-6258.8,-481.4,7851.0
45m,0.75%,100pt,+50%,-30%,True,13,23.1%,0.3,-6258.8,-481.4,7851.0
45m,0.75%,100pt,+80%,-30%,True,13,23.1%,0.3,-6258.8,-481.4,7851.0
30m,1.0%,50pt,+30%,-20%,False,9,22.2%,0.25,-6259.9,-695.5,4619.2
30m,0.75%,50pt,+30%,-20%,False,9,22.2%,0.25,-6259.9,-695.5,4619.2
15m,0.5%,100pt,+30%,-25%,True,10,20.0%,0.25,-6276.4,-627.6,6587.7
15m,0.5%,100pt,+50%,-25%,True,10,20.0%,0.25,-6276.4,-627.6,6587.7
15m,0.5%,100pt,+60%,-25%,True,10,20.0%,0.25,-6276.4,-627.6,6587.7
15m,0.5%,100pt,+80%,-25%,True,10,20.0%,0.25,-6276.4,-627.6,6587.7
15m,0.5%,100pt,+40%,-25%,True,10,20.0%,0.25,-6276.4,-627.6,6587.7
15m,0.75%,150pt,+40%,-30%,True,7,28.6%,0.04,-6290.0,-898.6,6373.7
15m,0.75%,150pt,+30%,-30%,True,7,28.6%,0.04,-6290.0,-898.6,6373.7
15m,0.75%,150pt,+60%,-30%,True,7,28.6%,0.04,-6290.0,-898.6,6373.7
15m,0.75%,150pt,+50%,-30%,True,7,28.6%,0.04,-6290.0,-898.6,6373.7
15m,0.75%,150pt,+80%,-30%,True,7,28.6%,0.04,-6290.0,-898.6,6373.7
15m,1.5%,75pt,+30%,-15%,True,20,30.0%,0.36,-6307.2,-315.4,5337.9
15m,1.0%,75pt,+30%,-15%,True,20,30.0%,0.36,-6307.2,-315.4,5337.9
30m,0.5%,50pt,+50%,-25%,False,5,0.0%,0.0,-6313.4,-1262.7,4874.3
30m,0.5%,50pt,+30%,-25%,False,5,0.0%,0.0,-6313.4,-1262.7,4874.3
30m,0.5%,50pt,+40%,-25%,False,5,0.0%,0.0,-6313.4,-1262.7,4874.3
30m,0.5%,50pt,+60%,-25%,False,5,0.0%,0.0,-6313.4,-1262.7,4874.3
30m,0.5%,50pt,+80%,-25%,False,5,0.0%,0.0,-6313.4,-1262.7,4874.3
15m,0.75%,75pt,+40%,-15%,True,18,22.2%,0.26,-6340.2,-352.2,6276.9
15m,0.75%,75pt,+80%,-15%,True,18,22.2%,0.26,-6340.2,-352.2,6276.9
15m,0.75%,75pt,+60%,-15%,True,18,22.2%,0.26,-6340.2,-352.2,6276.9
15m,0.75%,75pt,+50%,-15%,True,18,22.2%,0.26,-6340.2,-352.2,6276.9
45m,1.5%,50pt,+50%,-15%,True,19,42.1%,0.37,-6352.5,-334.3,7888.2
45m,1.5%,50pt,+60%,-15%,True,19,42.1%,0.37,-6352.5,-334.3,7888.2
45m,1.5%,50pt,+40%,-15%,True,19,42.1%,0.37,-6352.5,-334.3,7888.2
45m,1.5%,50pt,+80%,-15%,True,19,42.1%,0.37,-6352.5,-334.3,7888.2
60m,0.75%,100pt,+30%,-15%,True,11,18.2%,0.22,-6359.3,-578.1,7382.4
60m,0.75%,100pt,+40%,-15%,True,11,18.2%,0.22,-6359.3,-578.1,7382.4
60m,1.0%,100pt,+60%,-15%,True,11,18.2%,0.22,-6359.3,-578.1,7382.4
60m,0.75%,100pt,+60%,-15%,True,11,18.2%,0.22,-6359.3,-578.1,7382.4
60m,1.0%,100pt,+30%,-15%,True,11,18.2%,0.22,-6359.3,-578.1,7382.4
60m,1.0%,100pt,+80%,-15%,True,11,18.2%,0.22,-6359.3,-578.1,7382.4
60m,0.75%,100pt,+80%,-15%,True,11,18.2%,0.22,-6359.3,-578.1,7382.4
60m,1.0%,100pt,+50%,-15%,True,11,18.2%,0.22,-6359.3,-578.1,7382.4
60m,1.0%,100pt,+40%,-15%,True,11,18.2%,0.22,-6359.3,-578.1,7382.4
60m,0.75%,100pt,+50%,-15%,True,11,18.2%,0.22,-6359.3,-578.1,7382.4
45m,0.75%,75pt,+40%,-30%,True,15,26.7%,0.22,-6420.8,-428.1,7113.4
45m,1.0%,75pt,+60%,-30%,True,15,26.7%,0.22,-6420.8,-428.1,7113.4
45m,1.0%,75pt,+40%,-30%,True,15,26.7%,0.22,-6420.8,-428.1,7113.4
45m,1.0%,75pt,+80%,-30%,True,15,26.7%,0.22,-6420.8,-428.1,7113.4
45m,0.75%,75pt,+80%,-30%,True,15,26.7%,0.22,-6420.8,-428.1,7113.4
45m,1.0%,75pt,+50%,-30%,True,15,26.7%,0.22,-6420.8,-428.1,7113.4
45m,0.75%,75pt,+60%,-30%,True,15,26.7%,0.22,-6420.8,-428.1,7113.4
45m,0.75%,75pt,+50%,-30%,True,15,26.7%,0.22,-6420.8,-428.1,7113.4
15m,0.75%,75pt,+50%,-20%,True,18,27.8%,0.28,-6422.6,-356.8,6359.4
15m,0.75%,75pt,+80%,-20%,True,18,27.8%,0.28,-6422.6,-356.8,6359.4
15m,0.75%,75pt,+40%,-20%,True,18,27.8%,0.28,-6422.6,-356.8,6359.4
15m,0.75%,75pt,+60%,-20%,True,18,27.8%,0.28,-6422.6,-356.8,6359.4
45m,0.75%,50pt,+30%,-20%,False,9,22.2%,0.25,-6449.8,-716.6,4809.1
45m,1.0%,50pt,+30%,-20%,False,9,22.2%,0.25,-6449.8,-716.6,4809.1
30m,0.5%,100pt,+80%,-15%,False,6,0.0%,0.0,-6455.3,-1075.9,5642.9
30m,0.5%,100pt,+30%,-15%,False,6,0.0%,0.0,-6455.3,-1075.9,5642.9
30m,0.5%,100pt,+50%,-15%,False,6,0.0%,0.0,-6455.3,-1075.9,5642.9
30m,0.5%,100pt,+40%,-15%,False,6,0.0%,0.0,-6455.3,-1075.9,5642.9
30m,0.5%,100pt,+60%,-15%,False,6,0.0%,0.0,-6455.3,-1075.9,5642.9
30m,0.5%,100pt,+80%,-25%,False,5,0.0%,0.0,-6480.8,-1296.2,5095.3
30m,0.5%,100pt,+60%,-25%,False,5,0.0%,0.0,-6480.8,-1296.2,5095.3
30m,0.5%,100pt,+50%,-25%,False,5,0.0%,0.0,-6480.8,-1296.2,5095.3
30m,0.5%,100pt,+30%,-25%,False,5,0.0%,0.0,-6480.8,-1296.2,5095.3
30m,0.5%,100pt,+40%,-25%,False,5,0.0%,0.0,-6480.8,-1296.2,5095.3
45m,0.5%,30pt,+40%,-20%,False,5,0.0%,0.0,-6481.7,-1296.3,5293.6
45m,0.5%,30pt,+50%,-20%,False,5,0.0%,0.0,-6481.7,-1296.3,5293.6
45m,0.5%,30pt,+60%,-20%,False,5,0.0%,0.0,-6481.7,-1296.3,5293.6
45m,0.5%,30pt,+80%,-20%,False,5,0.0%,0.0,-6481.7,-1296.3,5293.6
60m,0.5%,30pt,+80%,-20%,False,5,0.0%,0.0,-6481.7,-1296.3,5293.6
60m,0.5%,30pt,+60%,-20%,False,5,0.0%,0.0,-6481.7,-1296.3,5293.6
45m,0.5%,30pt,+30%,-20%,False,5,0.0%,0.0,-6481.7,-1296.3,5293.6
60m,0.5%,30pt,+50%,-20%,False,5,0.0%,0.0,-6481.7,-1296.3,5293.6
60m,0.5%,30pt,+30%,-20%,False,5,0.0%,0.0,-6481.7,-1296.3,5293.6
60m,0.5%,30pt,+40%,-20%,False,5,0.0%,0.0,-6481.7,-1296.3,5293.6
45m,1.5%,75pt,+30%,-20%,True,17,29.4%,0.31,-6548.6,-385.2,6771.7
30m,0.75%,75pt,+80%,-30%,True,15,26.7%,0.21,-6563.3,-437.6,7256.0
30m,1.0%,75pt,+30%,-30%,True,15,26.7%,0.21,-6563.3,-437.6,7256.0
30m,1.0%,75pt,+40%,-30%,True,15,26.7%,0.21,-6563.3,-437.6,7256.0
30m,0.75%,75pt,+40%,-30%,True,15,26.7%,0.21,-6563.3,-437.6,7256.0
30m,0.75%,75pt,+50%,-30%,True,15,26.7%,0.21,-6563.3,-437.6,7256.0
30m,0.75%,75pt,+60%,-30%,True,15,26.7%,0.21,-6563.3,-437.6,7256.0
30m,1.0%,75pt,+60%,-30%,True,15,26.7%,0.21,-6563.3,-437.6,7256.0
30m,1.0%,75pt,+80%,-30%,True,15,26.7%,0.21,-6563.3,-437.6,7256.0
30m,1.0%,75pt,+50%,-30%,True,15,26.7%,0.21,-6563.3,-437.6,7256.0
30m,0.75%,75pt,+30%,-30%,True,15,26.7%,0.21,-6563.3,-437.6,7256.0
60m,1.5%,150pt,+40%,-30%,True,7,28.6%,0.06,-6565.5,-937.9,6988.0
60m,1.5%,150pt,+80%,-30%,True,7,28.6%,0.06,-6565.5,-937.9,6988.0
60m,1.5%,150pt,+60%,-30%,True,7,28.6%,0.06,-6565.5,-937.9,6988.0
60m,1.5%,150pt,+50%,-30%,True,7,28.6%,0.06,-6565.5,-937.9,6988.0
15m,0.75%,75pt,+30%,-30%,True,18,33.3%,0.35,-6579.4,-365.5,6516.2
15m,0.5%,75pt,+60%,-20%,False,6,0.0%,0.0,-6628.3,-1104.7,5041.9
15m,0.5%,75pt,+40%,-20%,False,6,0.0%,0.0,-6628.3,-1104.7,5041.9
15m,0.5%,75pt,+50%,-20%,False,6,0.0%,0.0,-6628.3,-1104.7,5041.9
15m,0.5%,75pt,+80%,-20%,False,6,0.0%,0.0,-6628.3,-1104.7,5041.9
15m,0.5%,100pt,+50%,-20%,False,6,0.0%,0.0,-6644.9,-1107.5,5583.0
15m,0.5%,100pt,+40%,-20%,False,6,0.0%,0.0,-6644.9,-1107.5,5583.0
15m,0.5%,100pt,+80%,-20%,False,6,0.0%,0.0,-6644.9,-1107.5,5583.0
15m,0.5%,100pt,+30%,-20%,False,6,0.0%,0.0,-6644.9,-1107.5,5583.0
15m,0.5%,100pt,+60%,-20%,False,6,0.0%,0.0,-6644.9,-1107.5,5583.0
30m,0.75%,50pt,+30%,-15%,False,10,20.0%,0.24,-6664.4,-666.4,5246.5
30m,1.0%,50pt,+30%,-15%,False,10,20.0%,0.24,-6664.4,-666.4,5246.5
15m,0.75%,50pt,+30%,-15%,True,20,35.0%,0.35,-6678.8,-333.9,7627.5
15m,0.75%,50pt,+50%,-15%,True,20,35.0%,0.35,-6678.8,-333.9,7627.5
15m,0.75%,50pt,+80%,-15%,True,20,35.0%,0.35,-6678.8,-333.9,7627.5
15m,0.75%,50pt,+40%,-15%,True,20,35.0%,0.35,-6678.8,-333.9,7627.5
15m,0.75%,50pt,+60%,-15%,True,20,35.0%,0.35,-6678.8,-333.9,7627.5
45m,1.5%,150pt,+40%,-15%,True,8,25.0%,0.06,-6697.5,-837.2,6796.4
45m,1.5%,150pt,+80%,-15%,True,8,25.0%,0.06,-6697.5,-837.2,6796.4
45m,1.5%,150pt,+60%,-15%,True,8,25.0%,0.06,-6697.5,-837.2,6796.4
45m,1.5%,150pt,+50%,-15%,True,8,25.0%,0.06,-6697.5,-837.2,6796.4
45m,1.5%,150pt,+30%,-15%,True,8,25.0%,0.06,-6697.5,-837.2,6796.4
45m,1.5%,75pt,+30%,-30%,False,8,25.0%,0.25,-6732.1,-841.5,6117.2
45m,1.5%,75pt,+30%,-25%,True,17,29.4%,0.31,-6743.0,-396.6,6564.9
60m,1.5%,50pt,+30%,-15%,False,11,18.2%,0.25,-6773.8,-615.8,5355.9
30m,0.75%,100pt,+40%,-30%,True,13,23.1%,0.29,-6782.0,-521.7,8374.2
30m,1.0%,100pt,+80%,-30%,True,13,23.1%,0.29,-6782.0,-521.7,8374.2
30m,0.75%,100pt,+80%,-30%,True,13,23.1%,0.29,-6782.0,-521.7,8374.2
30m,0.75%,100pt,+30%,-30%,True,13,23.1%,0.29,-6782.0,-521.7,8374.2
30m,0.75%,100pt,+50%,-30%,True,13,23.1%,0.29,-6782.0,-521.7,8374.2
30m,1.0%,100pt,+40%,-30%,True,13,23.1%,0.29,-6782.0,-521.7,8374.2
30m,1.0%,100pt,+50%,-30%,True,13,23.1%,0.29,-6782.0,-521.7,8374.2
30m,0.75%,100pt,+60%,-30%,True,13,23.1%,0.29,-6782.0,-521.7,8374.2
30m,1.0%,100pt,+60%,-30%,True,13,23.1%,0.29,-6782.0,-521.7,8374.2
30m,1.0%,100pt,+30%,-30%,True,13,23.1%,0.29,-6782.0,-521.7,8374.2
30m,1.5%,150pt,+60%,-15%,True,9,22.2%,0.06,-6787.0,-754.1,6885.9
30m,1.5%,150pt,+50%,-15%,True,9,22.2%,0.06,-6787.0,-754.1,6885.9
30m,1.5%,150pt,+80%,-15%,True,9,22.2%,0.06,-6787.0,-754.1,6885.9
30m,1.5%,150pt,+30%,-15%,True,9,22.2%,0.06,-6787.0,-754.1,6885.9
30m,1.5%,150pt,+40%,-15%,True,9,22.2%,0.06,-6787.0,-754.1,6885.9
60m,1.0%,75pt,+80%,-15%,False,8,0.0%,0.0,-6798.7,-849.8,5694.0
60m,1.0%,75pt,+60%,-15%,False,8,0.0%,0.0,-6798.7,-849.8,5694.0
60m,0.75%,75pt,+40%,-15%,False,8,0.0%,0.0,-6798.7,-849.8,5694.0
60m,0.75%,75pt,+50%,-15%,False,8,0.0%,0.0,-6798.7,-849.8,5694.0
60m,0.75%,75pt,+80%,-15%,False,8,0.0%,0.0,-6798.7,-849.8,5694.0
60m,0.75%,75pt,+60%,-15%,False,8,0.0%,0.0,-6798.7,-849.8,5694.0
60m,1.0%,75pt,+50%,-15%,False,8,0.0%,0.0,-6798.7,-849.8,5694.0
60m,1.0%,75pt,+40%,-15%,False,8,0.0%,0.0,-6798.7,-849.8,5694.0
60m,1.0%,100pt,+80%,-25%,True,11,18.2%,0.21,-6854.0,-623.1,7540.1
60m,1.0%,100pt,+50%,-25%,True,11,18.2%,0.21,-6854.0,-623.1,7540.1
60m,1.0%,100pt,+30%,-25%,True,11,18.2%,0.21,-6854.0,-623.1,7540.1
60m,1.0%,100pt,+40%,-25%,True,11,18.2%,0.21,-6854.0,-623.1,7540.1
60m,0.75%,100pt,+80%,-25%,True,11,18.2%,0.21,-6854.0,-623.1,7540.1
60m,0.75%,100pt,+60%,-25%,True,11,18.2%,0.21,-6854.0,-623.1,7540.1
60m,0.75%,100pt,+50%,-25%,True,11,18.2%,0.21,-6854.0,-623.1,7540.1
60m,0.75%,100pt,+30%,-25%,True,11,18.2%,0.21,-6854.0,-623.1,7540.1
60m,1.0%,100pt,+60%,-25%,True,11,18.2%,0.21,-6854.0,-623.1,7540.1
60m,0.75%,100pt,+40%,-25%,True,11,18.2%,0.21,-6854.0,-623.1,7540.1
15m,1.0%,75pt,+30%,-20%,True,20,35.0%,0.36,-6858.4,-342.9,5889.0
15m,1.5%,75pt,+30%,-20%,True,20,35.0%,0.36,-6858.4,-342.9,5889.0
60m,0.75%,100pt,+30%,-15%,False,7,0.0%,0.0,-6875.8,-982.3,6063.5
60m,0.75%,100pt,+60%,-15%,False,7,0.0%,0.0,-6875.8,-982.3,6063.5
60m,1.0%,100pt,+80%,-15%,False,7,0.0%,0.0,-6875.8,-982.3,6063.5
60m,1.0%,100pt,+60%,-15%,False,7,0.0%,0.0,-6875.8,-982.3,6063.5
60m,1.0%,100pt,+40%,-15%,False,7,0.0%,0.0,-6875.8,-982.3,6063.5
60m,1.0%,100pt,+50%,-15%,False,7,0.0%,0.0,-6875.8,-982.3,6063.5
60m,0.75%,100pt,+50%,-15%,False,7,0.0%,0.0,-6875.8,-982.3,6063.5
60m,0.75%,100pt,+80%,-15%,False,7,0.0%,0.0,-6875.8,-982.3,6063.5
60m,1.0%,100pt,+30%,-15%,False,7,0.0%,0.0,-6875.8,-982.3,6063.5
60m,0.75%,100pt,+40%,-15%,False,7,0.0%,0.0,-6875.8,-982.3,6063.5
30m,0.5%,75pt,+50%,-15%,False,6,0.0%,0.0,-6882.6,-1147.1,4584.5
30m,0.5%,75pt,+30%,-15%,False,6,0.0%,0.0,-6882.6,-1147.1,4584.5
30m,0.5%,75pt,+40%,-15%,False,6,0.0%,0.0,-6882.6,-1147.1,4584.5
30m,0.5%,75pt,+80%,-15%,False,6,0.0%,0.0,-6882.6,-1147.1,4584.5
30m,0.5%,75pt,+60%,-15%,False,6,0.0%,0.0,-6882.6,-1147.1,4584.5
60m,1.5%,75pt,+30%,-30%,False,8,25.0%,0.23,-6905.0,-863.1,6167.8
45m,0.75%,30pt,+40%,-20%,True,17,35.3%,0.39,-6938.1,-408.1,8857.9
45m,0.75%,30pt,+60%,-20%,True,17,35.3%,0.39,-6938.1,-408.1,8857.9
45m,0.75%,30pt,+30%,-20%,True,17,35.3%,0.39,-6938.1,-408.1,8857.9
45m,0.75%,30pt,+80%,-20%,True,17,35.3%,0.39,-6938.1,-408.1,8857.9
45m,0.75%,30pt,+50%,-20%,True,17,35.3%,0.39,-6938.1,-408.1,8857.9
30m,0.5%,30pt,+40%,-30%,False,5,0.0%,0.0,-6965.6,-1393.1,5242.2
30m,0.5%,30pt,+30%,-30%,False,5,0.0%,0.0,-6965.6,-1393.1,5242.2
30m,0.5%,30pt,+50%,-30%,False,5,0.0%,0.0,-6965.6,-1393.1,5242.2
30m,0.5%,30pt,+60%,-30%,False,5,0.0%,0.0,-6965.6,-1393.1,5242.2
30m,0.5%,30pt,+80%,-30%,False,5,0.0%,0.0,-6965.6,-1393.1,5242.2
30m,0.5%,50pt,+80%,-30%,False,5,0.0%,0.0,-6982.3,-1396.5,5258.9
30m,0.5%,50pt,+40%,-30%,False,5,0.0%,0.0,-6982.3,-1396.5,5258.9
30m,0.5%,50pt,+30%,-30%,False,5,0.0%,0.0,-6982.3,-1396.5,5258.9
30m,0.5%,50pt,+60%,-30%,False,5,0.0%,0.0,-6982.3,-1396.5,5258.9
30m,0.5%,50pt,+50%,-30%,False,5,0.0%,0.0,-6982.3,-1396.5,5258.9
60m,0.5%,30pt,+30%,-25%,False,5,0.0%,0.0,-7047.1,-1409.4,5608.0
60m,0.5%,30pt,+40%,-25%,False,5,0.0%,0.0,-7047.1,-1409.4,5608.0
60m,0.5%,30pt,+80%,-25%,False,5,0.0%,0.0,-7047.1,-1409.4,5608.0
45m,0.5%,30pt,+60%,-25%,False,5,0.0%,0.0,-7047.1,-1409.4,5608.0
45m,0.5%,30pt,+40%,-25%,False,5,0.0%,0.0,-7047.1,-1409.4,5608.0
60m,0.5%,30pt,+60%,-25%,False,5,0.0%,0.0,-7047.1,-1409.4,5608.0
60m,0.5%,30pt,+50%,-25%,False,5,0.0%,0.0,-7047.1,-1409.4,5608.0
45m,0.5%,30pt,+50%,-25%,False,5,0.0%,0.0,-7047.1,-1409.4,5608.0
45m,0.5%,30pt,+80%,-25%,False,5,0.0%,0.0,-7047.1,-1409.4,5608.0
45m,0.5%,30pt,+30%,-25%,False,5,0.0%,0.0,-7047.1,-1409.4,5608.0
30m,1.5%,50pt,+40%,-20%,True,19,47.4%,0.37,-7063.1,-371.7,8598.8
30m,1.5%,50pt,+50%,-20%,True,19,47.4%,0.37,-7063.1,-371.7,8598.8
30m,1.5%,50pt,+60%,-20%,True,19,47.4%,0.37,-7063.1,-371.7,8598.8
30m,1.5%,50pt,+80%,-20%,True,19,47.4%,0.37,-7063.1,-371.7,8598.8
30m,0.5%,75pt,+30%,-30%,False,5,0.0%,0.0,-7093.6,-1418.7,5256.3
30m,0.5%,75pt,+40%,-30%,False,5,0.0%,0.0,-7093.6,-1418.7,5256.3
30m,0.5%,75pt,+80%,-30%,False,5,0.0%,0.0,-7093.6,-1418.7,5256.3
30m,0.5%,75pt,+60%,-30%,False,5,0.0%,0.0,-7093.6,-1418.7,5256.3
30m,0.5%,75pt,+50%,-30%,False,5,0.0%,0.0,-7093.6,-1418.7,5256.3
15m,0.5%,100pt,+80%,-15%,False,7,0.0%,0.0,-7103.3,-1014.8,6290.9
15m,0.5%,100pt,+30%,-15%,False,7,0.0%,0.0,-7103.3,-1014.8,6290.9
15m,0.5%,100pt,+50%,-15%,False,7,0.0%,0.0,-7103.3,-1014.8,6290.9
15m,0.5%,100pt,+40%,-15%,False,7,0.0%,0.0,-7103.3,-1014.8,6290.9
15m,0.5%,100pt,+60%,-15%,False,7,0.0%,0.0,-7103.3,-1014.8,6290.9
15m,0.5%,75pt,+60%,-25%,False,6,0.0%,0.0,-7106.1,-1184.4,5519.7
15m,0.5%,75pt,+80%,-25%,False,6,0.0%,0.0,-7106.1,-1184.4,5519.7
15m,0.5%,75pt,+40%,-25%,False,6,0.0%,0.0,-7106.1,-1184.4,5519.7
15m,0.5%,75pt,+50%,-25%,False,6,0.0%,0.0,-7106.1,-1184.4,5519.7
45m,0.75%,100pt,+50%,-20%,False,7,0.0%,0.0,-7110.1,-1015.7,6048.2
45m,1.0%,100pt,+80%,-20%,False,7,0.0%,0.0,-7110.1,-1015.7,6048.2
45m,0.75%,100pt,+40%,-20%,False,7,0.0%,0.0,-7110.1,-1015.7,6048.2
45m,0.75%,100pt,+30%,-20%,False,7,0.0%,0.0,-7110.1,-1015.7,6048.2
45m,0.75%,100pt,+60%,-20%,False,7,0.0%,0.0,-7110.1,-1015.7,6048.2
45m,1.0%,100pt,+40%,-20%,False,7,0.0%,0.0,-7110.1,-1015.7,6048.2
45m,1.0%,100pt,+60%,-20%,False,7,0.0%,0.0,-7110.1,-1015.7,6048.2
45m,0.75%,100pt,+80%,-20%,False,7,0.0%,0.0,-7110.1,-1015.7,6048.2
45m,1.0%,100pt,+30%,-20%,False,7,0.0%,0.0,-7110.1,-1015.7,6048.2
45m,1.0%,100pt,+50%,-20%,False,7,0.0%,0.0,-7110.1,-1015.7,6048.2
15m,0.75%,30pt,+80%,-15%,True,20,35.0%,0.35,-7113.7,-355.7,7425.5
15m,0.75%,30pt,+50%,-15%,True,20,35.0%,0.35,-7113.7,-355.7,7425.5
15m,0.75%,30pt,+40%,-15%,True,20,35.0%,0.35,-7113.7,-355.7,7425.5
15m,0.75%,30pt,+60%,-15%,True,20,35.0%,0.35,-7113.7,-355.7,7425.5
15m,0.75%,30pt,+30%,-15%,True,20,35.0%,0.35,-7113.7,-355.7,7425.5
45m,1.5%,150pt,+40%,-15%,False,6,0.0%,0.0,-7120.1,-1186.7,5818.1
45m,1.5%,150pt,+30%,-15%,False,6,0.0%,0.0,-7120.1,-1186.7,5818.1
45m,1.5%,150pt,+60%,-15%,False,6,0.0%,0.0,-7120.1,-1186.7,5818.1
45m,1.5%,150pt,+50%,-15%,False,6,0.0%,0.0,-7120.1,-1186.7,5818.1
45m,1.5%,150pt,+80%,-15%,False,6,0.0%,0.0,-7120.1,-1186.7,5818.1
30m,1.0%,75pt,+30%,-20%,False,8,12.5%,0.12,-7153.0,-894.1,5566.6
30m,0.75%,75pt,+30%,-20%,False,8,12.5%,0.12,-7153.0,-894.1,5566.6
45m,1.5%,50pt,+50%,-20%,True,19,47.4%,0.36,-7165.2,-377.1,8700.8
45m,1.5%,50pt,+60%,-20%,True,19,47.4%,0.36,-7165.2,-377.1,8700.8
45m,1.5%,50pt,+40%,-20%,True,19,47.4%,0.36,-7165.2,-377.1,8700.8
45m,1.5%,50pt,+80%,-20%,True,19,47.4%,0.36,-7165.2,-377.1,8700.8
15m,0.75%,75pt,+80%,-25%,True,18,27.8%,0.26,-7166.5,-398.1,7103.2
15m,0.75%,75pt,+50%,-25%,True,18,27.8%,0.26,-7166.5,-398.1,7103.2
15m,0.75%,75pt,+60%,-25%,True,18,27.8%,0.26,-7166.5,-398.1,7103.2
15m,0.75%,75pt,+40%,-25%,True,18,27.8%,0.26,-7166.5,-398.1,7103.2
45m,1.0%,30pt,+30%,-20%,True,18,33.3%,0.38,-7169.3,-398.3,9089.0
45m,1.0%,30pt,+40%,-20%,True,18,33.3%,0.38,-7169.3,-398.3,9089.0
45m,1.0%,30pt,+60%,-20%,True,18,33.3%,0.38,-7169.3,-398.3,9089.0
45m,1.0%,30pt,+50%,-20%,True,18,33.3%,0.38,-7169.3,-398.3,9089.0
45m,1.0%,30pt,+80%,-20%,True,18,33.3%,0.38,-7169.3,-398.3,9089.0
45m,1.0%,50pt,+30%,-15%,False,10,20.0%,0.23,-7208.8,-720.9,5790.9
45m,0.75%,50pt,+30%,-15%,False,10,20.0%,0.23,-7208.8,-720.9,5790.9
30m,1.5%,150pt,+40%,-15%,False,7,0.0%,0.0,-7209.5,-1029.9,5907.5
30m,1.5%,150pt,+80%,-15%,False,7,0.0%,0.0,-7209.5,-1029.9,5907.5
30m,1.5%,150pt,+30%,-15%,False,7,0.0%,0.0,-7209.5,-1029.9,5907.5
30m,1.5%,150pt,+60%,-15%,False,7,0.0%,0.0,-7209.5,-1029.9,5907.5
30m,1.5%,150pt,+50%,-15%,False,7,0.0%,0.0,-7209.5,-1029.9,5907.5
60m,1.5%,75pt,+40%,-30%,True,15,33.3%,0.14,-7215.4,-481.0,7225.7
60m,1.5%,75pt,+60%,-30%,True,15,33.3%,0.14,-7215.4,-481.0,7225.7
60m,1.5%,75pt,+80%,-30%,True,15,33.3%,0.14,-7215.4,-481.0,7225.7
60m,1.5%,75pt,+50%,-30%,True,15,33.3%,0.14,-7215.4,-481.0,7225.7
30m,1.5%,100pt,+80%,-25%,True,14,21.4%,0.28,-7227.1,-516.2,8819.3
30m,1.5%,100pt,+60%,-25%,True,14,21.4%,0.28,-7227.1,-516.2,8819.3
30m,1.5%,100pt,+30%,-25%,True,14,21.4%,0.28,-7227.1,-516.2,8819.3
30m,1.5%,100pt,+50%,-25%,True,14,21.4%,0.28,-7227.1,-516.2,8819.3
30m,1.5%,100pt,+40%,-25%,True,14,21.4%,0.28,-7227.1,-516.2,8819.3
45m,1.5%,75pt,+30%,-25%,False,9,22.2%,0.24,-7227.9,-803.1,5641.5
15m,0.75%,50pt,+80%,-20%,True,20,40.0%,0.35,-7253.7,-362.7,8202.4
15m,0.75%,50pt,+50%,-20%,True,20,40.0%,0.35,-7253.7,-362.7,8202.4
15m,0.75%,50pt,+60%,-20%,True,20,40.0%,0.35,-7253.7,-362.7,8202.4
15m,0.75%,50pt,+40%,-20%,True,20,40.0%,0.35,-7253.7,-362.7,8202.4
15m,0.75%,50pt,+30%,-20%,True,20,40.0%,0.35,-7253.7,-362.7,8202.4
15m,1.0%,150pt,+30%,-15%,True,9,22.2%,0.04,-7254.3,-806.0,7338.1
15m,1.5%,150pt,+60%,-15%,True,9,22.2%,0.04,-7254.3,-806.0,7338.1
15m,1.5%,150pt,+30%,-15%,True,9,22.2%,0.04,-7254.3,-806.0,7338.1
15m,1.0%,150pt,+40%,-15%,True,9,22.2%,0.04,-7254.3,-806.0,7338.1
15m,1.0%,150pt,+80%,-15%,True,9,22.2%,0.04,-7254.3,-806.0,7338.1
15m,1.0%,150pt,+60%,-15%,True,9,22.2%,0.04,-7254.3,-806.0,7338.1
15m,1.5%,150pt,+50%,-15%,True,9,22.2%,0.04,-7254.3,-806.0,7338.1
15m,1.0%,150pt,+50%,-15%,True,9,22.2%,0.04,-7254.3,-806.0,7338.1
15m,1.5%,150pt,+80%,-15%,True,9,22.2%,0.04,-7254.3,-806.0,7338.1
15m,1.5%,150pt,+40%,-15%,True,9,22.2%,0.04,-7254.3,-806.0,7338.1
15m,0.75%,100pt,+50%,-30%,True,14,28.6%,0.3,-7261.7,-518.7,7736.9
15m,0.75%,100pt,+30%,-30%,True,14,28.6%,0.3,-7261.7,-518.7,7736.9
15m,0.75%,100pt,+40%,-30%,True,14,28.6%,0.3,-7261.7,-518.7,7736.9
15m,0.75%,100pt,+80%,-30%,True,14,28.6%,0.3,-7261.7,-518.7,7736.9
15m,0.75%,100pt,+60%,-30%,True,14,28.6%,0.3,-7261.7,-518.7,7736.9
60m,0.75%,100pt,+60%,-25%,False,6,0.0%,0.0,-7287.6,-1214.6,5902.1
60m,1.0%,100pt,+30%,-25%,False,6,0.0%,0.0,-7287.6,-1214.6,5902.1
60m,0.75%,100pt,+80%,-25%,False,6,0.0%,0.0,-7287.6,-1214.6,5902.1
60m,1.0%,100pt,+40%,-25%,False,6,0.0%,0.0,-7287.6,-1214.6,5902.1
60m,1.0%,100pt,+80%,-25%,False,6,0.0%,0.0,-7287.6,-1214.6,5902.1
60m,1.0%,100pt,+50%,-25%,False,6,0.0%,0.0,-7287.6,-1214.6,5902.1
60m,0.75%,100pt,+40%,-25%,False,6,0.0%,0.0,-7287.6,-1214.6,5902.1
60m,0.75%,100pt,+30%,-25%,False,6,0.0%,0.0,-7287.6,-1214.6,5902.1
60m,1.0%,100pt,+60%,-25%,False,6,0.0%,0.0,-7287.6,-1214.6,5902.1
60m,0.75%,100pt,+50%,-25%,False,6,0.0%,0.0,-7287.6,-1214.6,5902.1
60m,1.0%,75pt,+50%,-20%,False,7,0.0%,0.0,-7331.6,-1047.4,5745.3
60m,0.75%,75pt,+80%,-20%,False,7,0.0%,0.0,-7331.6,-1047.4,5745.3
60m,0.75%,75pt,+60%,-20%,False,7,0.0%,0.0,-7331.6,-1047.4,5745.3
60m,0.75%,75pt,+40%,-20%,False,7,0.0%,0.0,-7331.6,-1047.4,5745.3
60m,1.0%,75pt,+80%,-20%,False,7,0.0%,0.0,-7331.6,-1047.4,5745.3
60m,0.75%,75pt,+50%,-20%,False,7,0.0%,0.0,-7331.6,-1047.4,5745.3
60m,1.0%,75pt,+40%,-20%,False,7,0.0%,0.0,-7331.6,-1047.4,5745.3
60m,1.0%,75pt,+60%,-20%,False,7,0.0%,0.0,-7331.6,-1047.4,5745.3
15m,0.5%,100pt,+50%,-30%,True,10,20.0%,0.22,-7333.4,-733.3,7644.7
15m,0.5%,100pt,+30%,-30%,True,10,20.0%,0.22,-7333.4,-733.3,7644.7
15m,0.5%,100pt,+80%,-30%,True,10,20.0%,0.22,-7333.4,-733.3,7644.7
15m,0.5%,100pt,+40%,-30%,True,10,20.0%,0.22,-7333.4,-733.3,7644.7
15m,0.5%,100pt,+60%,-30%,True,10,20.0%,0.22,-7333.4,-733.3,7644.7
30m,0.75%,75pt,+30%,-30%,False,7,14.3%,0.12,-7351.1,-1050.2,5513.8
30m,1.0%,75pt,+30%,-30%,False,7,14.3%,0.12,-7351.1,-1050.2,5513.8
30m,0.75%,30pt,+40%,-20%,True,17,35.3%,0.37,-7370.1,-433.5,9289.9
30m,0.75%,30pt,+80%,-20%,True,17,35.3%,0.37,-7370.1,-433.5,9289.9
30m,0.75%,30pt,+60%,-20%,True,17,35.3%,0.37,-7370.1,-433.5,9289.9
30m,0.75%,30pt,+50%,-20%,True,17,35.3%,0.37,-7370.1,-433.5,9289.9
30m,0.75%,30pt,+30%,-20%,True,17,35.3%,0.37,-7370.1,-433.5,9289.9
45m,1.5%,150pt,+60%,-20%,True,8,25.0%,0.05,-7387.2,-923.4,7486.1
45m,1.5%,150pt,+50%,-20%,True,8,25.0%,0.05,-7387.2,-923.4,7486.1
45m,1.5%,150pt,+80%,-20%,True,8,25.0%,0.05,-7387.2,-923.4,7486.1
45m,1.5%,150pt,+40%,-20%,True,8,25.0%,0.05,-7387.2,-923.4,7486.1
45m,1.5%,150pt,+30%,-20%,True,8,25.0%,0.05,-7387.2,-923.4,7486.1
15m,1.5%,150pt,+40%,-30%,False,5,0.0%,0.0,-7393.6,-1478.7,5602.1
15m,1.0%,150pt,+30%,-30%,False,5,0.0%,0.0,-7393.6,-1478.7,5602.1
15m,1.5%,150pt,+30%,-30%,False,5,0.0%,0.0,-7393.6,-1478.7,5602.1
15m,1.5%,150pt,+80%,-30%,False,5,0.0%,0.0,-7393.6,-1478.7,5602.1
15m,1.5%,150pt,+50%,-30%,False,5,0.0%,0.0,-7393.6,-1478.7,5602.1
15m,1.0%,150pt,+80%,-30%,False,5,0.0%,0.0,-7393.6,-1478.7,5602.1
15m,1.0%,150pt,+50%,-30%,False,5,0.0%,0.0,-7393.6,-1478.7,5602.1
15m,1.0%,150pt,+40%,-30%,False,5,0.0%,0.0,-7393.6,-1478.7,5602.1
15m,1.0%,150pt,+60%,-30%,False,5,0.0%,0.0,-7393.6,-1478.7,5602.1
15m,1.5%,150pt,+60%,-30%,False,5,0.0%,0.0,-7393.6,-1478.7,5602.1
15m,1.5%,50pt,+40%,-30%,True,21,47.6%,0.38,-7406.9,-352.7,8355.6
15m,1.0%,50pt,+50%,-30%,True,21,47.6%,0.38,-7406.9,-352.7,8355.6
15m,1.0%,50pt,+40%,-30%,True,21,47.6%,0.38,-7406.9,-352.7,8355.6
15m,1.0%,50pt,+30%,-30%,True,21,47.6%,0.38,-7406.9,-352.7,8355.6
15m,1.0%,50pt,+80%,-30%,True,21,47.6%,0.38,-7406.9,-352.7,8355.6
15m,1.5%,50pt,+50%,-30%,True,21,47.6%,0.38,-7406.9,-352.7,8355.6
15m,1.5%,50pt,+30%,-30%,True,21,47.6%,0.38,-7406.9,-352.7,8355.6
15m,1.5%,50pt,+60%,-30%,True,21,47.6%,0.38,-7406.9,-352.7,8355.6
15m,1.0%,50pt,+60%,-30%,True,21,47.6%,0.38,-7406.9,-352.7,8355.6
15m,1.5%,50pt,+80%,-30%,True,21,47.6%,0.38,-7406.9,-352.7,8355.6
45m,1.5%,150pt,+80%,-25%,False,5,0.0%,0.0,-7408.8,-1481.8,5920.5
45m,1.5%,150pt,+40%,-25%,False,5,0.0%,0.0,-7408.8,-1481.8,5920.5
45m,1.5%,150pt,+60%,-25%,False,5,0.0%,0.0,-7408.8,-1481.8,5920.5
45m,1.5%,150pt,+50%,-25%,False,5,0.0%,0.0,-7408.8,-1481.8,5920.5
45m,1.5%,150pt,+30%,-25%,False,5,0.0%,0.0,-7408.8,-1481.8,5920.5
15m,0.75%,50pt,+60%,-25%,True,20,45.0%,0.36,-7410.7,-370.5,8359.5
15m,0.75%,50pt,+30%,-25%,True,20,45.0%,0.36,-7410.7,-370.5,8359.5
15m,0.75%,50pt,+80%,-25%,True,20,45.0%,0.36,-7410.7,-370.5,8359.5
15m,0.75%,50pt,+50%,-25%,True,20,45.0%,0.36,-7410.7,-370.5,8359.5
15m,0.75%,50pt,+40%,-25%,True,20,45.0%,0.36,-7410.7,-370.5,8359.5
30m,1.0%,50pt,+30%,-30%,False,8,25.0%,0.22,-7432.8,-929.1,6801.8
30m,0.75%,50pt,+30%,-30%,False,8,25.0%,0.22,-7432.8,-929.1,6801.8
60m,0.5%,30pt,+40%,-15%,False,6,0.0%,0.0,-7440.3,-1240.0,5142.2
60m,0.5%,30pt,+80%,-15%,False,6,0.0%,0.0,-7440.3,-1240.0,5142.2
60m,0.5%,30pt,+30%,-15%,False,6,0.0%,0.0,-7440.3,-1240.0,5142.2
60m,0.5%,30pt,+60%,-15%,False,6,0.0%,0.0,-7440.3,-1240.0,5142.2
60m,0.5%,30pt,+50%,-15%,False,6,0.0%,0.0,-7440.3,-1240.0,5142.2
60m,1.5%,100pt,+30%,-20%,True,13,15.4%,0.2,-7443.8,-572.6,8217.3
60m,1.5%,100pt,+50%,-20%,True,13,15.4%,0.2,-7443.8,-572.6,8217.3
60m,1.5%,100pt,+40%,-20%,True,13,15.4%,0.2,-7443.8,-572.6,8217.3
60m,1.5%,100pt,+60%,-20%,True,13,15.4%,0.2,-7443.8,-572.6,8217.3
60m,1.5%,100pt,+80%,-20%,True,13,15.4%,0.2,-7443.8,-572.6,8217.3
15m,0.5%,75pt,+50%,-15%,False,7,0.0%,0.0,-7457.0,-1065.3,5158.9
15m,0.5%,75pt,+40%,-15%,False,7,0.0%,0.0,-7457.0,-1065.3,5158.9
15m,0.5%,75pt,+80%,-15%,False,7,0.0%,0.0,-7457.0,-1065.3,5158.9
15m,0.5%,75pt,+60%,-15%,False,7,0.0%,0.0,-7457.0,-1065.3,5158.9
30m,0.5%,30pt,+40%,-20%,False,6,0.0%,0.0,-7480.8,-1246.8,6292.7
30m,0.5%,30pt,+30%,-20%,False,6,0.0%,0.0,-7480.8,-1246.8,6292.7
30m,0.5%,30pt,+50%,-20%,False,6,0.0%,0.0,-7480.8,-1246.8,6292.7
30m,0.5%,30pt,+60%,-20%,False,6,0.0%,0.0,-7480.8,-1246.8,6292.7
30m,0.5%,30pt,+80%,-20%,False,6,0.0%,0.0,-7480.8,-1246.8,6292.7
15m,1.5%,75pt,+60%,-15%,True,20,25.0%,0.25,-7493.1,-374.7,6523.8
15m,1.5%,75pt,+80%,-15%,True,20,25.0%,0.25,-7493.1,-374.7,6523.8
15m,1.0%,75pt,+80%,-15%,True,20,25.0%,0.25,-7493.1,-374.7,6523.8
15m,1.0%,75pt,+40%,-15%,True,20,25.0%,0.25,-7493.1,-374.7,6523.8
15m,1.5%,75pt,+50%,-15%,True,20,25.0%,0.25,-7493.1,-374.7,6523.8
15m,1.0%,75pt,+50%,-15%,True,20,25.0%,0.25,-7493.1,-374.7,6523.8
15m,1.0%,75pt,+60%,-15%,True,20,25.0%,0.25,-7493.1,-374.7,6523.8
15m,1.5%,75pt,+40%,-15%,True,20,25.0%,0.25,-7493.1,-374.7,6523.8
15m,0.5%,50pt,+50%,-25%,False,6,0.0%,0.0,-7499.1,-1249.9,6060.0
15m,0.5%,50pt,+80%,-25%,False,6,0.0%,0.0,-7499.1,-1249.9,6060.0
15m,0.5%,50pt,+40%,-25%,False,6,0.0%,0.0,-7499.1,-1249.9,6060.0
15m,0.5%,50pt,+60%,-25%,False,6,0.0%,0.0,-7499.1,-1249.9,6060.0
15m,0.5%,50pt,+30%,-25%,False,6,0.0%,0.0,-7499.1,-1249.9,6060.0
45m,0.75%,30pt,+30%,-15%,True,17,29.4%,0.34,-7519.7,-442.3,9439.5
45m,0.75%,30pt,+60%,-15%,True,17,29.4%,0.34,-7519.7,-442.3,9439.5
45m,0.75%,30pt,+80%,-15%,True,17,29.4%,0.34,-7519.7,-442.3,9439.5
45m,0.75%,30pt,+50%,-15%,True,17,29.4%,0.34,-7519.7,-442.3,9439.5
45m,0.75%,30pt,+40%,-15%,True,17,29.4%,0.34,-7519.7,-442.3,9439.5
15m,1.5%,150pt,+80%,-15%,False,7,0.0%,0.0,-7520.3,-1074.3,6218.3
15m,1.0%,150pt,+50%,-15%,False,7,0.0%,0.0,-7520.3,-1074.3,6218.3
15m,1.5%,150pt,+40%,-15%,False,7,0.0%,0.0,-7520.3,-1074.3,6218.3
15m,1.0%,150pt,+30%,-15%,False,7,0.0%,0.0,-7520.3,-1074.3,6218.3
15m,1.0%,150pt,+60%,-15%,False,7,0.0%,0.0,-7520.3,-1074.3,6218.3
15m,1.5%,150pt,+50%,-15%,False,7,0.0%,0.0,-7520.3,-1074.3,6218.3
15m,1.0%,150pt,+80%,-15%,False,7,0.0%,0.0,-7520.3,-1074.3,6218.3
15m,1.5%,150pt,+30%,-15%,False,7,0.0%,0.0,-7520.3,-1074.3,6218.3
15m,1.5%,150pt,+60%,-15%,False,7,0.0%,0.0,-7520.3,-1074.3,6218.3
15m,1.0%,150pt,+40%,-15%,False,7,0.0%,0.0,-7520.3,-1074.3,6218.3
45m,1.5%,75pt,+50%,-15%,True,17,17.6%,0.16,-7531.2,-443.0,7317.7
45m,1.5%,75pt,+40%,-15%,True,17,17.6%,0.16,-7531.2,-443.0,7317.7
45m,1.5%,75pt,+60%,-15%,True,17,17.6%,0.16,-7531.2,-443.0,7317.7
45m,1.5%,75pt,+80%,-15%,True,17,17.6%,0.16,-7531.2,-443.0,7317.7
30m,0.5%,100pt,+60%,-30%,False,5,0.0%,0.0,-7537.8,-1507.6,5906.2
30m,0.5%,100pt,+30%,-30%,False,5,0.0%,0.0,-7537.8,-1507.6,5906.2
30m,0.5%,100pt,+40%,-30%,False,5,0.0%,0.0,-7537.8,-1507.6,5906.2
30m,0.5%,100pt,+50%,-30%,False,5,0.0%,0.0,-7537.8,-1507.6,5906.2
30m,0.5%,100pt,+80%,-30%,False,5,0.0%,0.0,-7537.8,-1507.6,5906.2
15m,0.5%,100pt,+30%,-25%,False,6,0.0%,0.0,-7542.5,-1257.1,6157.0
15m,0.5%,100pt,+40%,-25%,False,6,0.0%,0.0,-7542.5,-1257.1,6157.0
15m,0.5%,100pt,+50%,-25%,False,6,0.0%,0.0,-7542.5,-1257.1,6157.0
15m,0.5%,100pt,+80%,-25%,False,6,0.0%,0.0,-7542.5,-1257.1,6157.0
15m,0.5%,100pt,+60%,-25%,False,6,0.0%,0.0,-7542.5,-1257.1,6157.0
15m,0.75%,100pt,+80%,-20%,False,7,0.0%,0.0,-7561.3,-1080.2,6499.4
15m,0.75%,100pt,+60%,-20%,False,7,0.0%,0.0,-7561.3,-1080.2,6499.4
15m,0.75%,100pt,+50%,-20%,False,7,0.0%,0.0,-7561.3,-1080.2,6499.4
15m,0.75%,100pt,+40%,-20%,False,7,0.0%,0.0,-7561.3,-1080.2,6499.4
15m,0.75%,100pt,+30%,-20%,False,7,0.0%,0.0,-7561.3,-1080.2,6499.4
30m,0.75%,100pt,+80%,-20%,False,7,0.0%,0.0,-7561.6,-1080.2,6499.6
30m,1.0%,100pt,+30%,-20%,False,7,0.0%,0.0,-7561.6,-1080.2,6499.6
30m,1.0%,100pt,+60%,-20%,False,7,0.0%,0.0,-7561.6,-1080.2,6499.6
30m,1.0%,100pt,+80%,-20%,False,7,0.0%,0.0,-7561.6,-1080.2,6499.6
30m,1.0%,100pt,+40%,-20%,False,7,0.0%,0.0,-7561.6,-1080.2,6499.6
30m,0.75%,100pt,+40%,-20%,False,7,0.0%,0.0,-7561.6,-1080.2,6499.6
30m,1.0%,100pt,+50%,-20%,False,7,0.0%,0.0,-7561.6,-1080.2,6499.6
30m,0.75%,100pt,+60%,-20%,False,7,0.0%,0.0,-7561.6,-1080.2,6499.6
30m,0.75%,100pt,+50%,-20%,False,7,0.0%,0.0,-7561.6,-1080.2,6499.6
30m,0.75%,100pt,+30%,-20%,False,7,0.0%,0.0,-7561.6,-1080.2,6499.6
30m,0.75%,30pt,+50%,-15%,True,17,29.4%,0.33,-7597.2,-446.9,9517.0
30m,0.75%,30pt,+80%,-15%,True,17,29.4%,0.33,-7597.2,-446.9,9517.0
30m,0.75%,30pt,+60%,-15%,True,17,29.4%,0.33,-7597.2,-446.9,9517.0
30m,0.75%,30pt,+40%,-15%,True,17,29.4%,0.33,-7597.2,-446.9,9517.0
30m,0.75%,30pt,+30%,-15%,True,17,29.4%,0.33,-7597.2,-446.9,9517.0
30m,1.0%,30pt,+50%,-20%,True,18,33.3%,0.37,-7601.3,-422.3,9521.0
30m,1.0%,30pt,+30%,-20%,True,18,33.3%,0.37,-7601.3,-422.3,9521.0
30m,1.0%,30pt,+60%,-20%,True,18,33.3%,0.37,-7601.3,-422.3,9521.0
30m,1.0%,30pt,+80%,-20%,True,18,33.3%,0.37,-7601.3,-422.3,9521.0
30m,1.0%,30pt,+40%,-20%,True,18,33.3%,0.37,-7601.3,-422.3,9521.0
15m,0.75%,30pt,+60%,-20%,True,20,40.0%,0.36,-7603.9,-380.2,7915.7
15m,0.75%,30pt,+30%,-20%,True,20,40.0%,0.36,-7603.9,-380.2,7915.7
15m,0.75%,30pt,+80%,-20%,True,20,40.0%,0.36,-7603.9,-380.2,7915.7
15m,0.75%,30pt,+40%,-20%,True,20,40.0%,0.36,-7603.9,-380.2,7915.7
15m,0.75%,30pt,+50%,-20%,True,20,40.0%,0.36,-7603.9,-380.2,7915.7
45m,1.5%,75pt,+30%,-15%,False,11,18.2%,0.23,-7609.5,-691.8,5452.5
45m,0.5%,30pt,+30%,-15%,False,6,0.0%,0.0,-7623.4,-1270.6,5142.2
45m,0.5%,30pt,+80%,-15%,False,6,0.0%,0.0,-7623.4,-1270.6,5142.2
45m,0.5%,30pt,+60%,-15%,False,6,0.0%,0.0,-7623.4,-1270.6,5142.2
45m,0.5%,30pt,+50%,-15%,False,6,0.0%,0.0,-7623.4,-1270.6,5142.2
45m,0.5%,30pt,+40%,-15%,False,6,0.0%,0.0,-7623.4,-1270.6,5142.2
60m,1.5%,100pt,+30%,-15%,True,13,15.4%,0.19,-7625.2,-586.6,8648.3
60m,1.5%,100pt,+40%,-15%,True,13,15.4%,0.19,-7625.2,-586.6,8648.3
60m,1.5%,100pt,+60%,-15%,True,13,15.4%,0.19,-7625.2,-586.6,8648.3
60m,1.5%,100pt,+50%,-15%,True,13,15.4%,0.19,-7625.2,-586.6,8648.3
60m,1.5%,100pt,+80%,-15%,True,13,15.4%,0.19,-7625.2,-586.6,8648.3
15m,1.0%,50pt,+50%,-15%,True,22,36.4%,0.34,-7634.1,-347.0,7676.7
15m,1.0%,50pt,+40%,-15%,True,22,36.4%,0.34,-7634.1,-347.0,7676.7
15m,1.0%,50pt,+30%,-15%,True,22,36.4%,0.34,-7634.1,-347.0,7676.7
15m,1.5%,50pt,+30%,-15%,True,22,36.4%,0.34,-7634.1,-347.0,7676.7
15m,1.5%,50pt,+60%,-15%,True,22,36.4%,0.34,-7634.1,-347.0,7676.7
15m,1.5%,50pt,+50%,-15%,True,22,36.4%,0.34,-7634.1,-347.0,7676.7
15m,1.0%,50pt,+80%,-15%,True,22,36.4%,0.34,-7634.1,-347.0,7676.7
15m,1.5%,50pt,+40%,-15%,True,22,36.4%,0.34,-7634.1,-347.0,7676.7
15m,1.5%,50pt,+80%,-15%,True,22,36.4%,0.34,-7634.1,-347.0,7676.7
15m,1.0%,50pt,+60%,-15%,True,22,36.4%,0.34,-7634.1,-347.0,7676.7
45m,1.5%,75pt,+30%,-20%,False,10,20.0%,0.23,-7635.7,-763.6,6049.4
60m,1.0%,100pt,+30%,-30%,True,11,18.2%,0.19,-7639.1,-694.5,8325.2
60m,1.0%,100pt,+80%,-30%,True,11,18.2%,0.19,-7639.1,-694.5,8325.2
60m,1.0%,100pt,+40%,-30%,True,11,18.2%,0.19,-7639.1,-694.5,8325.2
60m,0.75%,100pt,+40%,-30%,True,11,18.2%,0.19,-7639.1,-694.5,8325.2
60m,0.75%,100pt,+50%,-30%,True,11,18.2%,0.19,-7639.1,-694.5,8325.2
60m,0.75%,100pt,+30%,-30%,True,11,18.2%,0.19,-7639.1,-694.5,8325.2
60m,1.0%,100pt,+60%,-30%,True,11,18.2%,0.19,-7639.1,-694.5,8325.2
60m,0.75%,100pt,+60%,-30%,True,11,18.2%,0.19,-7639.1,-694.5,8325.2
60m,1.0%,100pt,+50%,-30%,True,11,18.2%,0.19,-7639.1,-694.5,8325.2
60m,0.75%,100pt,+80%,-30%,True,11,18.2%,0.19,-7639.1,-694.5,8325.2
45m,1.5%,100pt,+30%,-15%,True,15,20.0%,0.26,-7693.4,-512.9,8379.5
45m,1.5%,100pt,+50%,-15%,True,15,20.0%,0.26,-7693.4,-512.9,8379.5
45m,1.5%,100pt,+80%,-15%,True,15,20.0%,0.26,-7693.4,-512.9,8379.5
45m,1.5%,100pt,+40%,-15%,True,15,20.0%,0.26,-7693.4,-512.9,8379.5
45m,1.5%,100pt,+60%,-15%,True,15,20.0%,0.26,-7693.4,-512.9,8379.5
30m,0.75%,75pt,+30%,-15%,False,9,11.1%,0.12,-7696.7,-855.2,5398.6
30m,1.0%,75pt,+30%,-15%,False,9,11.1%,0.12,-7696.7,-855.2,5398.6
15m,0.75%,50pt,+60%,-30%,True,20,45.0%,0.35,-7700.6,-385.0,8649.3
15m,0.75%,50pt,+80%,-30%,True,20,45.0%,0.35,-7700.6,-385.0,8649.3
15m,0.75%,50pt,+40%,-30%,True,20,45.0%,0.35,-7700.6,-385.0,8649.3
15m,0.75%,50pt,+30%,-30%,True,20,45.0%,0.35,-7700.6,-385.0,8649.3
15m,0.75%,50pt,+50%,-30%,True,20,45.0%,0.35,-7700.6,-385.0,8649.3
60m,1.0%,50pt,+50%,-15%,False,9,0.0%,0.0,-7703.4,-855.9,6285.5
60m,0.75%,50pt,+40%,-15%,False,9,0.0%,0.0,-7703.4,-855.9,6285.5
60m,0.75%,50pt,+80%,-15%,False,9,0.0%,0.0,-7703.4,-855.9,6285.5
60m,0.75%,50pt,+50%,-15%,False,9,0.0%,0.0,-7703.4,-855.9,6285.5
60m,1.0%,50pt,+60%,-15%,False,9,0.0%,0.0,-7703.4,-855.9,6285.5
60m,1.0%,50pt,+80%,-15%,False,9,0.0%,0.0,-7703.4,-855.9,6285.5
60m,0.75%,50pt,+60%,-15%,False,9,0.0%,0.0,-7703.4,-855.9,6285.5
60m,1.0%,50pt,+40%,-15%,False,9,0.0%,0.0,-7703.4,-855.9,6285.5
45m,0.75%,50pt,+30%,-30%,False,8,25.0%,0.21,-7709.4,-963.7,7078.4
45m,1.0%,50pt,+30%,-30%,False,8,25.0%,0.21,-7709.4,-963.7,7078.4
30m,1.5%,75pt,+30%,-15%,True,17,17.6%,0.16,-7721.8,-454.2,7508.4
30m,1.5%,75pt,+80%,-15%,True,17,17.6%,0.16,-7721.8,-454.2,7508.4
30m,1.5%,75pt,+50%,-15%,True,17,17.6%,0.16,-7721.8,-454.2,7508.4
30m,1.5%,75pt,+60%,-15%,True,17,17.6%,0.16,-7721.8,-454.2,7508.4
30m,1.5%,75pt,+40%,-15%,True,17,17.6%,0.16,-7721.8,-454.2,7508.4
45m,1.0%,30pt,+80%,-15%,True,18,27.8%,0.33,-7750.9,-430.6,9670.7
45m,1.0%,30pt,+60%,-15%,True,18,27.8%,0.33,-7750.9,-430.6,9670.7
45m,1.0%,30pt,+30%,-15%,True,18,27.8%,0.33,-7750.9,-430.6,9670.7
45m,1.0%,30pt,+50%,-15%,True,18,27.8%,0.33,-7750.9,-430.6,9670.7
45m,1.0%,30pt,+40%,-15%,True,18,27.8%,0.33,-7750.9,-430.6,9670.7
15m,0.75%,75pt,+60%,-30%,True,18,27.8%,0.24,-7765.3,-431.4,7702.1
15m,0.75%,75pt,+80%,-30%,True,18,27.8%,0.24,-7765.3,-431.4,7702.1
15m,0.75%,75pt,+50%,-30%,True,18,27.8%,0.24,-7765.3,-431.4,7702.1
15m,0.75%,75pt,+40%,-30%,True,18,27.8%,0.24,-7765.3,-431.4,7702.1
45m,1.5%,150pt,+80%,-20%,False,6,0.0%,0.0,-7809.8,-1301.6,6507.8
45m,1.5%,150pt,+50%,-20%,False,6,0.0%,0.0,-7809.8,-1301.6,6507.8
45m,1.5%,150pt,+30%,-20%,False,6,0.0%,0.0,-7809.8,-1301.6,6507.8
45m,1.5%,150pt,+40%,-20%,False,6,0.0%,0.0,-7809.8,-1301.6,6507.8
45m,1.5%,150pt,+60%,-20%,False,6,0.0%,0.0,-7809.8,-1301.6,6507.8
30m,1.0%,30pt,+50%,-15%,True,18,27.8%,0.33,-7828.4,-434.9,9748.2
30m,1.0%,30pt,+60%,-15%,True,18,27.8%,0.33,-7828.4,-434.9,9748.2
30m,1.0%,30pt,+40%,-15%,True,18,27.8%,0.33,-7828.4,-434.9,9748.2
30m,1.0%,30pt,+80%,-15%,True,18,27.8%,0.33,-7828.4,-434.9,9748.2
30m,1.0%,30pt,+30%,-15%,True,18,27.8%,0.33,-7828.4,-434.9,9748.2
30m,1.5%,150pt,+80%,-20%,True,9,22.2%,0.05,-7909.8,-878.9,8008.7
30m,1.5%,150pt,+60%,-20%,True,9,22.2%,0.05,-7909.8,-878.9,8008.7
30m,1.5%,150pt,+50%,-20%,True,9,22.2%,0.05,-7909.8,-878.9,8008.7
30m,1.5%,150pt,+40%,-20%,True,9,22.2%,0.05,-7909.8,-878.9,8008.7
30m,1.5%,150pt,+30%,-20%,True,9,22.2%,0.05,-7909.8,-878.9,8008.7
45m,0.75%,30pt,+80%,-30%,True,17,35.3%,0.36,-7934.6,-466.7,9854.4
45m,0.75%,30pt,+40%,-30%,True,17,35.3%,0.36,-7934.6,-466.7,9854.4
45m,0.75%,30pt,+50%,-30%,True,17,35.3%,0.36,-7934.6,-466.7,9854.4
45m,0.75%,30pt,+60%,-30%,True,17,35.3%,0.36,-7934.6,-466.7,9854.4
45m,0.75%,30pt,+30%,-30%,True,17,35.3%,0.36,-7934.6,-466.7,9854.4
15m,1.0%,75pt,+30%,-25%,True,20,35.0%,0.33,-7980.6,-399.0,7011.3
15m,1.5%,75pt,+30%,-25%,True,20,35.0%,0.33,-7980.6,-399.0,7011.3
45m,0.75%,30pt,+30%,-25%,True,17,35.3%,0.35,-7989.5,-470.0,9909.3
45m,0.75%,30pt,+50%,-25%,True,17,35.3%,0.35,-7989.5,-470.0,9909.3
45m,0.75%,30pt,+60%,-25%,True,17,35.3%,0.35,-7989.5,-470.0,9909.3
45m,0.75%,30pt,+80%,-25%,True,17,35.3%,0.35,-7989.5,-470.0,9909.3
45m,0.75%,30pt,+40%,-25%,True,17,35.3%,0.35,-7989.5,-470.0,9909.3
45m,1.5%,100pt,+80%,-30%,True,14,21.4%,0.25,-8039.5,-574.2,9631.8
45m,1.5%,100pt,+40%,-30%,True,14,21.4%,0.25,-8039.5,-574.2,9631.8
45m,1.5%,100pt,+50%,-30%,True,14,21.4%,0.25,-8039.5,-574.2,9631.8
45m,1.5%,100pt,+30%,-30%,True,14,21.4%,0.25,-8039.5,-574.2,9631.8
45m,1.5%,100pt,+60%,-30%,True,14,21.4%,0.25,-8039.5,-574.2,9631.8
15m,1.5%,75pt,+40%,-20%,True,20,30.0%,0.26,-8044.3,-402.2,7074.9
15m,1.5%,75pt,+80%,-20%,True,20,30.0%,0.26,-8044.3,-402.2,7074.9
15m,1.0%,75pt,+50%,-20%,True,20,30.0%,0.26,-8044.3,-402.2,7074.9
15m,1.0%,75pt,+80%,-20%,True,20,30.0%,0.26,-8044.3,-402.2,7074.9
15m,1.5%,75pt,+60%,-20%,True,20,30.0%,0.26,-8044.3,-402.2,7074.9
15m,1.5%,75pt,+50%,-20%,True,20,30.0%,0.26,-8044.3,-402.2,7074.9
15m,1.0%,75pt,+60%,-20%,True,20,30.0%,0.26,-8044.3,-402.2,7074.9
15m,1.0%,75pt,+40%,-20%,True,20,30.0%,0.26,-8044.3,-402.2,7074.9
30m,0.5%,30pt,+40%,-25%,False,6,0.0%,0.0,-8091.1,-1348.5,6652.0
30m,0.5%,30pt,+80%,-25%,False,6,0.0%,0.0,-8091.1,-1348.5,6652.0
30m,0.5%,30pt,+50%,-25%,False,6,0.0%,0.0,-8091.1,-1348.5,6652.0
30m,0.5%,30pt,+60%,-25%,False,6,0.0%,0.0,-8091.1,-1348.5,6652.0
30m,0.5%,30pt,+30%,-25%,False,6,0.0%,0.0,-8091.1,-1348.5,6652.0
30m,1.5%,150pt,+40%,-25%,False,6,0.0%,0.0,-8096.0,-1349.3,6607.6
30m,1.5%,150pt,+60%,-25%,False,6,0.0%,0.0,-8096.0,-1349.3,6607.6
30m,1.5%,150pt,+80%,-25%,False,6,0.0%,0.0,-8096.0,-1349.3,6607.6
30m,1.5%,150pt,+50%,-25%,False,6,0.0%,0.0,-8096.0,-1349.3,6607.6
30m,1.5%,150pt,+30%,-25%,False,6,0.0%,0.0,-8096.0,-1349.3,6607.6
30m,1.5%,75pt,+60%,-30%,True,16,25.0%,0.18,-8103.6,-506.5,8796.2
30m,1.5%,75pt,+80%,-30%,True,16,25.0%,0.18,-8103.6,-506.5,8796.2
30m,1.5%,75pt,+40%,-30%,True,16,25.0%,0.18,-8103.6,-506.5,8796.2
30m,1.5%,75pt,+30%,-30%,True,16,25.0%,0.18,-8103.6,-506.5,8796.2
30m,1.5%,75pt,+50%,-30%,True,16,25.0%,0.18,-8103.6,-506.5,8796.2
45m,1.5%,150pt,+60%,-25%,True,8,25.0%,0.05,-8116.2,-1014.5,8215.1
45m,1.5%,150pt,+30%,-25%,True,8,25.0%,0.05,-8116.2,-1014.5,8215.1
45m,1.5%,150pt,+50%,-25%,True,8,25.0%,0.05,-8116.2,-1014.5,8215.1
45m,1.5%,150pt,+40%,-25%,True,8,25.0%,0.05,-8116.2,-1014.5,8215.1
45m,1.5%,150pt,+80%,-25%,True,8,25.0%,0.05,-8116.2,-1014.5,8215.1
45m,1.0%,75pt,+40%,-25%,False,7,0.0%,0.0,-8130.8,-1161.5,6544.5
45m,1.0%,75pt,+80%,-25%,False,7,0.0%,0.0,-8130.8,-1161.5,6544.5
45m,0.75%,75pt,+40%,-25%,False,7,0.0%,0.0,-8130.8,-1161.5,6544.5
45m,0.75%,75pt,+50%,-25%,False,7,0.0%,0.0,-8130.8,-1161.5,6544.5
45m,0.75%,75pt,+60%,-25%,False,7,0.0%,0.0,-8130.8,-1161.5,6544.5
45m,1.0%,75pt,+60%,-25%,False,7,0.0%,0.0,-8130.8,-1161.5,6544.5
45m,1.0%,75pt,+50%,-25%,False,7,0.0%,0.0,-8130.8,-1161.5,6544.5
45m,0.75%,75pt,+80%,-25%,False,7,0.0%,0.0,-8130.8,-1161.5,6544.5
15m,0.5%,75pt,+40%,-30%,False,6,0.0%,0.0,-8159.4,-1359.9,6322.1
15m,0.5%,75pt,+50%,-30%,False,6,0.0%,0.0,-8159.4,-1359.9,6322.1
15m,0.5%,75pt,+60%,-30%,False,6,0.0%,0.0,-8159.4,-1359.9,6322.1
15m,0.5%,75pt,+80%,-30%,False,6,0.0%,0.0,-8159.4,-1359.9,6322.1
45m,1.0%,30pt,+30%,-30%,True,18,33.3%,0.35,-8165.8,-453.7,10085.6
45m,1.0%,30pt,+50%,-30%,True,18,33.3%,0.35,-8165.8,-453.7,10085.6
45m,1.0%,30pt,+40%,-30%,True,18,33.3%,0.35,-8165.8,-453.7,10085.6
45m,1.0%,30pt,+80%,-30%,True,18,33.3%,0.35,-8165.8,-453.7,10085.6
45m,1.0%,30pt,+60%,-30%,True,18,33.3%,0.35,-8165.8,-453.7,10085.6
60m,0.75%,75pt,+80%,-25%,False,7,0.0%,0.0,-8171.0,-1167.3,6584.7
60m,1.0%,75pt,+60%,-25%,False,7,0.0%,0.0,-8171.0,-1167.3,6584.7
60m,0.75%,75pt,+60%,-25%,False,7,0.0%,0.0,-8171.0,-1167.3,6584.7
60m,1.0%,75pt,+80%,-25%,False,7,0.0%,0.0,-8171.0,-1167.3,6584.7
60m,0.75%,75pt,+40%,-25%,False,7,0.0%,0.0,-8171.0,-1167.3,6584.7
60m,1.0%,75pt,+50%,-25%,False,7,0.0%,0.0,-8171.0,-1167.3,6584.7
60m,0.75%,75pt,+50%,-25%,False,7,0.0%,0.0,-8171.0,-1167.3,6584.7
60m,1.0%,75pt,+40%,-25%,False,7,0.0%,0.0,-8171.0,-1167.3,6584.7
45m,1.0%,30pt,+50%,-25%,True,18,33.3%,0.35,-8220.7,-456.7,10140.5
45m,1.0%,30pt,+80%,-25%,True,18,33.3%,0.35,-8220.7,-456.7,10140.5
45m,1.0%,30pt,+30%,-25%,True,18,33.3%,0.35,-8220.7,-456.7,10140.5
45m,1.0%,30pt,+60%,-25%,True,18,33.3%,0.35,-8220.7,-456.7,10140.5
45m,1.0%,30pt,+40%,-25%,True,18,33.3%,0.35,-8220.7,-456.7,10140.5
60m,0.75%,100pt,+40%,-30%,False,6,0.0%,0.0,-8236.9,-1372.8,6605.3
60m,1.0%,100pt,+50%,-30%,False,6,0.0%,0.0,-8236.9,-1372.8,6605.3
60m,0.75%,100pt,+30%,-30%,False,6,0.0%,0.0,-8236.9,-1372.8,6605.3
60m,1.0%,100pt,+80%,-30%,False,6,0.0%,0.0,-8236.9,-1372.8,6605.3
60m,0.75%,100pt,+80%,-30%,False,6,0.0%,0.0,-8236.9,-1372.8,6605.3
60m,1.0%,100pt,+40%,-30%,False,6,0.0%,0.0,-8236.9,-1372.8,6605.3
60m,0.75%,100pt,+50%,-30%,False,6,0.0%,0.0,-8236.9,-1372.8,6605.3
60m,0.75%,100pt,+60%,-30%,False,6,0.0%,0.0,-8236.9,-1372.8,6605.3
60m,1.0%,100pt,+30%,-30%,False,6,0.0%,0.0,-8236.9,-1372.8,6605.3
60m,1.0%,100pt,+60%,-30%,False,6,0.0%,0.0,-8236.9,-1372.8,6605.3
15m,1.0%,150pt,+30%,-30%,True,8,25.0%,0.03,-8257.6,-1032.2,8341.4
15m,1.0%,150pt,+50%,-30%,True,8,25.0%,0.03,-8257.6,-1032.2,8341.4
15m,1.0%,150pt,+40%,-30%,True,8,25.0%,0.03,-8257.6,-1032.2,8341.4
15m,1.5%,150pt,+60%,-30%,True,8,25.0%,0.03,-8257.6,-1032.2,8341.4
15m,1.5%,150pt,+50%,-30%,True,8,25.0%,0.03,-8257.6,-1032.2,8341.4
15m,1.5%,150pt,+30%,-30%,True,8,25.0%,0.03,-8257.6,-1032.2,8341.4
15m,1.0%,150pt,+80%,-30%,True,8,25.0%,0.03,-8257.6,-1032.2,8341.4
15m,1.0%,150pt,+60%,-30%,True,8,25.0%,0.03,-8257.6,-1032.2,8341.4
15m,1.5%,150pt,+80%,-30%,True,8,25.0%,0.03,-8257.6,-1032.2,8341.4
15m,1.5%,150pt,+40%,-30%,True,8,25.0%,0.03,-8257.6,-1032.2,8341.4
30m,0.5%,30pt,+50%,-15%,False,7,0.0%,0.0,-8268.0,-1181.1,5786.8
30m,0.5%,30pt,+80%,-15%,False,7,0.0%,0.0,-8268.0,-1181.1,5786.8
30m,0.5%,30pt,+40%,-15%,False,7,0.0%,0.0,-8268.0,-1181.1,5786.8
30m,0.5%,30pt,+60%,-15%,False,7,0.0%,0.0,-8268.0,-1181.1,5786.8
30m,0.5%,30pt,+30%,-15%,False,7,0.0%,0.0,-8268.0,-1181.1,5786.8
45m,1.0%,100pt,+80%,-25%,False,7,0.0%,0.0,-8273.8,-1182.0,6888.3
45m,0.75%,100pt,+40%,-25%,False,7,0.0%,0.0,-8273.8,-1182.0,6888.3
45m,0.75%,100pt,+30%,-25%,False,7,0.0%,0.0,-8273.8,-1182.0,6888.3
45m,0.75%,100pt,+50%,-25%,False,7,0.0%,0.0,-8273.8,-1182.0,6888.3
45m,0.75%,100pt,+60%,-25%,False,7,0.0%,0.0,-8273.8,-1182.0,6888.3
45m,0.75%,100pt,+80%,-25%,False,7,0.0%,0.0,-8273.8,-1182.0,6888.3
45m,1.0%,100pt,+40%,-25%,False,7,0.0%,0.0,-8273.8,-1182.0,6888.3
45m,1.0%,100pt,+50%,-25%,False,7,0.0%,0.0,-8273.8,-1182.0,6888.3
45m,1.0%,100pt,+60%,-25%,False,7,0.0%,0.0,-8273.8,-1182.0,6888.3
45m,1.0%,100pt,+30%,-25%,False,7,0.0%,0.0,-8273.8,-1182.0,6888.3
30m,1.5%,100pt,+40%,-15%,True,15,20.0%,0.25,-8275.4,-551.7,8961.5
30m,1.5%,100pt,+30%,-15%,True,15,20.0%,0.25,-8275.4,-551.7,8961.5
30m,1.5%,100pt,+50%,-15%,True,15,20.0%,0.25,-8275.4,-551.7,8961.5
30m,1.5%,100pt,+80%,-15%,True,15,20.0%,0.25,-8275.4,-551.7,8961.5
30m,1.5%,100pt,+60%,-15%,True,15,20.0%,0.25,-8275.4,-551.7,8961.5
45m,1.5%,75pt,+60%,-30%,True,16,25.0%,0.18,-8282.6,-517.7,8975.3
45m,1.5%,75pt,+40%,-30%,True,16,25.0%,0.18,-8282.6,-517.7,8975.3
45m,1.5%,75pt,+80%,-30%,True,16,25.0%,0.18,-8282.6,-517.7,8975.3
45m,1.5%,75pt,+50%,-30%,True,16,25.0%,0.18,-8282.6,-517.7,8975.3
15m,1.0%,100pt,+30%,-15%,True,16,25.0%,0.27,-8294.8,-518.4,7700.1
15m,1.5%,100pt,+30%,-15%,True,16,25.0%,0.27,-8294.8,-518.4,7700.1
15m,1.5%,100pt,+40%,-15%,True,16,25.0%,0.27,-8294.8,-518.4,7700.1
15m,1.5%,100pt,+60%,-15%,True,16,25.0%,0.27,-8294.8,-518.4,7700.1
15m,1.5%,100pt,+80%,-15%,True,16,25.0%,0.27,-8294.8,-518.4,7700.1
15m,1.5%,100pt,+50%,-15%,True,16,25.0%,0.27,-8294.8,-518.4,7700.1
15m,1.0%,100pt,+40%,-15%,True,16,25.0%,0.27,-8294.8,-518.4,7700.1
15m,1.0%,100pt,+60%,-15%,True,16,25.0%,0.27,-8294.8,-518.4,7700.1
15m,1.0%,100pt,+50%,-15%,True,16,25.0%,0.27,-8294.8,-518.4,7700.1
15m,1.0%,100pt,+80%,-15%,True,16,25.0%,0.27,-8294.8,-518.4,7700.1
15m,0.75%,75pt,+30%,-25%,False,8,12.5%,0.12,-8297.1,-1037.1,6471.4
30m,1.5%,150pt,+50%,-20%,False,7,0.0%,0.0,-8332.4,-1190.3,7030.4
30m,1.5%,150pt,+30%,-20%,False,7,0.0%,0.0,-8332.4,-1190.3,7030.4
30m,1.5%,150pt,+60%,-20%,False,7,0.0%,0.0,-8332.4,-1190.3,7030.4
30m,1.5%,150pt,+80%,-20%,False,7,0.0%,0.0,-8332.4,-1190.3,7030.4
30m,1.5%,150pt,+40%,-20%,False,7,0.0%,0.0,-8332.4,-1190.3,7030.4
15m,1.5%,150pt,+80%,-25%,False,6,0.0%,0.0,-8344.5,-1390.8,6856.2
15m,1.5%,150pt,+30%,-25%,False,6,0.0%,0.0,-8344.5,-1390.8,6856.2
15m,1.5%,150pt,+40%,-25%,False,6,0.0%,0.0,-8344.5,-1390.8,6856.2
15m,1.0%,150pt,+50%,-25%,False,6,0.0%,0.0,-8344.5,-1390.8,6856.2
15m,1.0%,150pt,+60%,-25%,False,6,0.0%,0.0,-8344.5,-1390.8,6856.2
15m,1.0%,150pt,+30%,-25%,False,6,0.0%,0.0,-8344.5,-1390.8,6856.2
15m,1.0%,150pt,+40%,-25%,False,6,0.0%,0.0,-8344.5,-1390.8,6856.2
15m,1.5%,150pt,+50%,-25%,False,6,0.0%,0.0,-8344.5,-1390.8,6856.2
15m,1.0%,150pt,+80%,-25%,False,6,0.0%,0.0,-8344.5,-1390.8,6856.2
15m,1.5%,150pt,+60%,-25%,False,6,0.0%,0.0,-8344.5,-1390.8,6856.2
15m,1.5%,150pt,+40%,-20%,True,9,22.2%,0.03,-8354.5,-928.3,8438.3
15m,1.5%,150pt,+50%,-20%,True,9,22.2%,0.03,-8354.5,-928.3,8438.3
15m,1.5%,150pt,+80%,-20%,True,9,22.2%,0.03,-8354.5,-928.3,8438.3
15m,1.5%,150pt,+60%,-20%,True,9,22.2%,0.03,-8354.5,-928.3,8438.3
15m,1.0%,150pt,+80%,-20%,True,9,22.2%,0.03,-8354.5,-928.3,8438.3
15m,1.0%,150pt,+50%,-20%,True,9,22.2%,0.03,-8354.5,-928.3,8438.3
15m,1.0%,150pt,+60%,-20%,True,9,22.2%,0.03,-8354.5,-928.3,8438.3
15m,1.0%,150pt,+30%,-20%,True,9,22.2%,0.03,-8354.5,-928.3,8438.3
15m,1.5%,150pt,+30%,-20%,True,9,22.2%,0.03,-8354.5,-928.3,8438.3
15m,1.0%,150pt,+40%,-20%,True,9,22.2%,0.03,-8354.5,-928.3,8438.3
30m,0.75%,75pt,+60%,-25%,False,7,0.0%,0.0,-8363.4,-1194.8,6777.1
30m,1.0%,75pt,+40%,-25%,False,7,0.0%,0.0,-8363.4,-1194.8,6777.1
30m,1.0%,75pt,+60%,-25%,False,7,0.0%,0.0,-8363.4,-1194.8,6777.1
30m,1.0%,75pt,+50%,-25%,False,7,0.0%,0.0,-8363.4,-1194.8,6777.1
30m,1.0%,75pt,+80%,-25%,False,7,0.0%,0.0,-8363.4,-1194.8,6777.1
30m,0.75%,75pt,+40%,-25%,False,7,0.0%,0.0,-8363.4,-1194.8,6777.1
30m,0.75%,75pt,+50%,-25%,False,7,0.0%,0.0,-8363.4,-1194.8,6777.1
30m,0.75%,75pt,+80%,-25%,False,7,0.0%,0.0,-8363.4,-1194.8,6777.1
15m,0.5%,30pt,+80%,-30%,False,6,0.0%,0.0,-8365.9,-1394.3,6642.5
15m,0.5%,30pt,+40%,-30%,False,6,0.0%,0.0,-8365.9,-1394.3,6642.5
15m,0.5%,30pt,+50%,-30%,False,6,0.0%,0.0,-8365.9,-1394.3,6642.5
15m,0.5%,30pt,+30%,-30%,False,6,0.0%,0.0,-8365.9,-1394.3,6642.5
15m,0.5%,30pt,+60%,-30%,False,6,0.0%,0.0,-8365.9,-1394.3,6642.5
15m,0.5%,50pt,+50%,-30%,False,6,0.0%,0.0,-8394.6,-1399.1,6671.1
15m,0.5%,50pt,+60%,-30%,False,6,0.0%,0.0,-8394.6,-1399.1,6671.1
15m,0.5%,50pt,+30%,-30%,False,6,0.0%,0.0,-8394.6,-1399.1,6671.1
15m,0.5%,50pt,+40%,-30%,False,6,0.0%,0.0,-8394.6,-1399.1,6671.1
15m,0.5%,50pt,+80%,-30%,False,6,0.0%,0.0,-8394.6,-1399.1,6671.1
60m,1.5%,100pt,+60%,-25%,True,13,15.4%,0.18,-8426.9,-648.2,9113.1
60m,1.5%,100pt,+40%,-25%,True,13,15.4%,0.18,-8426.9,-648.2,9113.1
60m,1.5%,100pt,+50%,-25%,True,13,15.4%,0.18,-8426.9,-648.2,9113.1
60m,1.5%,100pt,+80%,-25%,True,13,15.4%,0.18,-8426.9,-648.2,9113.1
60m,1.5%,100pt,+30%,-25%,True,13,15.4%,0.18,-8426.9,-648.2,9113.1
30m,1.5%,100pt,+30%,-30%,True,14,21.4%,0.25,-8434.0,-602.4,10026.2
30m,1.5%,100pt,+60%,-30%,True,14,21.4%,0.25,-8434.0,-602.4,10026.2
30m,1.5%,100pt,+50%,-30%,True,14,21.4%,0.25,-8434.0,-602.4,10026.2
30m,1.5%,100pt,+40%,-30%,True,14,21.4%,0.25,-8434.0,-602.4,10026.2
30m,1.5%,100pt,+80%,-30%,True,14,21.4%,0.25,-8434.0,-602.4,10026.2
15m,0.75%,30pt,+60%,-30%,True,20,40.0%,0.34,-8436.0,-421.8,8747.8
15m,0.75%,30pt,+80%,-30%,True,20,40.0%,0.34,-8436.0,-421.8,8747.8
15m,0.75%,30pt,+40%,-30%,True,20,40.0%,0.34,-8436.0,-421.8,8747.8
15m,0.75%,30pt,+50%,-30%,True,20,40.0%,0.34,-8436.0,-421.8,8747.8
15m,0.75%,30pt,+30%,-30%,True,20,40.0%,0.34,-8436.0,-421.8,8747.8
30m,1.0%,50pt,+30%,-25%,False,9,22.2%,0.2,-8437.5,-937.5,6402.9
30m,0.75%,50pt,+30%,-25%,False,9,22.2%,0.2,-8437.5,-937.5,6402.9
15m,0.5%,30pt,+30%,-20%,False,7,0.0%,0.0,-8444.1,-1206.3,7256.1
15m,0.5%,30pt,+50%,-20%,False,7,0.0%,0.0,-8444.1,-1206.3,7256.1
15m,0.5%,30pt,+60%,-20%,False,7,0.0%,0.0,-8444.1,-1206.3,7256.1
15m,0.5%,30pt,+40%,-20%,False,7,0.0%,0.0,-8444.1,-1206.3,7256.1
15m,0.5%,30pt,+80%,-20%,False,7,0.0%,0.0,-8444.1,-1206.3,7256.1
30m,0.75%,30pt,+40%,-25%,True,17,35.3%,0.34,-8466.4,-498.0,10386.2
30m,0.75%,30pt,+80%,-25%,True,17,35.3%,0.34,-8466.4,-498.0,10386.2
30m,0.75%,30pt,+60%,-25%,True,17,35.3%,0.34,-8466.4,-498.0,10386.2
30m,0.75%,30pt,+30%,-25%,True,17,35.3%,0.34,-8466.4,-498.0,10386.2
30m,0.75%,30pt,+50%,-25%,True,17,35.3%,0.34,-8466.4,-498.0,10386.2
15m,0.75%,30pt,+40%,-25%,True,20,40.0%,0.34,-8494.5,-424.7,8806.3
15m,0.75%,30pt,+80%,-25%,True,20,40.0%,0.34,-8494.5,-424.7,8806.3
15m,0.75%,30pt,+50%,-25%,True,20,40.0%,0.34,-8494.5,-424.7,8806.3
15m,0.75%,30pt,+30%,-25%,True,20,40.0%,0.34,-8494.5,-424.7,8806.3
15m,0.75%,30pt,+60%,-25%,True,20,40.0%,0.34,-8494.5,-424.7,8806.3
45m,1.0%,100pt,+80%,-15%,False,9,0.0%,0.0,-8515.3,-946.1,7703.0
45m,0.75%,100pt,+80%,-15%,False,9,0.0%,0.0,-8515.3,-946.1,7703.0
45m,0.75%,100pt,+40%,-15%,False,9,0.0%,0.0,-8515.3,-946.1,7703.0
45m,0.75%,100pt,+60%,-15%,False,9,0.0%,0.0,-8515.3,-946.1,7703.0
45m,1.0%,100pt,+60%,-15%,False,9,0.0%,0.0,-8515.3,-946.1,7703.0
45m,1.0%,100pt,+40%,-15%,False,9,0.0%,0.0,-8515.3,-946.1,7703.0
45m,0.75%,100pt,+30%,-15%,False,9,0.0%,0.0,-8515.3,-946.1,7703.0
45m,0.75%,100pt,+50%,-15%,False,9,0.0%,0.0,-8515.3,-946.1,7703.0
45m,1.0%,100pt,+30%,-15%,False,9,0.0%,0.0,-8515.3,-946.1,7703.0
45m,1.0%,100pt,+50%,-15%,False,9,0.0%,0.0,-8515.3,-946.1,7703.0
45m,1.5%,75pt,+60%,-20%,True,17,23.5%,0.17,-8520.8,-501.2,8307.4
45m,1.5%,75pt,+80%,-20%,True,17,23.5%,0.17,-8520.8,-501.2,8307.4
45m,1.5%,75pt,+40%,-20%,True,17,23.5%,0.17,-8520.8,-501.2,8307.4
45m,1.5%,75pt,+50%,-20%,True,17,23.5%,0.17,-8520.8,-501.2,8307.4
60m,1.5%,75pt,+60%,-20%,False,8,0.0%,0.0,-8547.5,-1068.4,6961.2
60m,1.5%,75pt,+80%,-20%,False,8,0.0%,0.0,-8547.5,-1068.4,6961.2
60m,1.5%,75pt,+50%,-20%,False,8,0.0%,0.0,-8547.5,-1068.4,6961.2
60m,1.5%,75pt,+40%,-20%,False,8,0.0%,0.0,-8547.5,-1068.4,6961.2
15m,0.75%,100pt,+30%,-25%,False,7,0.0%,0.0,-8577.4,-1225.3,7191.9
15m,0.75%,100pt,+40%,-25%,False,7,0.0%,0.0,-8577.4,-1225.3,7191.9
15m,0.75%,100pt,+50%,-25%,False,7,0.0%,0.0,-8577.4,-1225.3,7191.9
15m,0.75%,100pt,+80%,-25%,False,7,0.0%,0.0,-8577.4,-1225.3,7191.9
15m,0.75%,100pt,+60%,-25%,False,7,0.0%,0.0,-8577.4,-1225.3,7191.9
30m,0.75%,100pt,+60%,-25%,False,7,0.0%,0.0,-8577.7,-1225.4,7192.2
30m,1.0%,100pt,+50%,-25%,False,7,0.0%,0.0,-8577.7,-1225.4,7192.2
30m,1.0%,100pt,+80%,-25%,False,7,0.0%,0.0,-8577.7,-1225.4,7192.2
30m,0.75%,100pt,+30%,-25%,False,7,0.0%,0.0,-8577.7,-1225.4,7192.2
30m,1.0%,100pt,+60%,-25%,False,7,0.0%,0.0,-8577.7,-1225.4,7192.2
30m,0.75%,100pt,+40%,-25%,False,7,0.0%,0.0,-8577.7,-1225.4,7192.2
30m,1.0%,100pt,+40%,-25%,False,7,0.0%,0.0,-8577.7,-1225.4,7192.2
30m,1.0%,100pt,+30%,-25%,False,7,0.0%,0.0,-8577.7,-1225.4,7192.2
30m,0.75%,100pt,+80%,-25%,False,7,0.0%,0.0,-8577.7,-1225.4,7192.2
30m,0.75%,100pt,+50%,-25%,False,7,0.0%,0.0,-8577.7,-1225.4,7192.2
45m,0.75%,50pt,+30%,-25%,False,9,22.2%,0.2,-8582.5,-953.6,6547.9
45m,1.0%,50pt,+30%,-25%,False,9,22.2%,0.2,-8582.5,-953.6,6547.9
45m,1.5%,100pt,+40%,-20%,True,15,20.0%,0.24,-8605.1,-573.7,9291.2
45m,1.5%,100pt,+60%,-20%,True,15,20.0%,0.24,-8605.1,-573.7,9291.2
45m,1.5%,100pt,+30%,-20%,True,15,20.0%,0.24,-8605.1,-573.7,9291.2
45m,1.5%,100pt,+80%,-20%,True,15,20.0%,0.24,-8605.1,-573.7,9291.2
45m,1.5%,100pt,+50%,-20%,True,15,20.0%,0.24,-8605.1,-573.7,9291.2
15m,1.5%,150pt,+80%,-20%,False,7,0.0%,0.0,-8620.5,-1231.5,7318.5
15m,1.0%,150pt,+30%,-20%,False,7,0.0%,0.0,-8620.5,-1231.5,7318.5
15m,1.0%,150pt,+60%,-20%,False,7,0.0%,0.0,-8620.5,-1231.5,7318.5
15m,1.5%,150pt,+40%,-20%,False,7,0.0%,0.0,-8620.5,-1231.5,7318.5
15m,1.5%,150pt,+30%,-20%,False,7,0.0%,0.0,-8620.5,-1231.5,7318.5
15m,1.0%,150pt,+80%,-20%,False,7,0.0%,0.0,-8620.5,-1231.5,7318.5
15m,1.5%,150pt,+60%,-20%,False,7,0.0%,0.0,-8620.5,-1231.5,7318.5
15m,1.0%,150pt,+40%,-20%,False,7,0.0%,0.0,-8620.5,-1231.5,7318.5
15m,1.0%,150pt,+50%,-20%,False,7,0.0%,0.0,-8620.5,-1231.5,7318.5
15m,1.5%,150pt,+50%,-20%,False,7,0.0%,0.0,-8620.5,-1231.5,7318.5
30m,0.75%,30pt,+80%,-30%,True,17,35.3%,0.34,-8634.4,-507.9,10554.2
30m,0.75%,30pt,+40%,-30%,True,17,35.3%,0.34,-8634.4,-507.9,10554.2
30m,0.75%,30pt,+50%,-30%,True,17,35.3%,0.34,-8634.4,-507.9,10554.2
30m,0.75%,30pt,+60%,-30%,True,17,35.3%,0.34,-8634.4,-507.9,10554.2
30m,0.75%,30pt,+30%,-30%,True,17,35.3%,0.34,-8634.4,-507.9,10554.2
45m,1.5%,30pt,+50%,-20%,True,20,35.0%,0.35,-8638.7,-431.9,9652.3
45m,1.5%,30pt,+60%,-20%,True,20,35.0%,0.35,-8638.7,-431.9,9652.3
45m,1.5%,30pt,+80%,-20%,True,20,35.0%,0.35,-8638.7,-431.9,9652.3
45m,1.5%,30pt,+30%,-20%,True,20,35.0%,0.35,-8638.7,-431.9,9652.3
45m,1.5%,30pt,+40%,-20%,True,20,35.0%,0.35,-8638.7,-431.9,9652.3
30m,1.0%,30pt,+40%,-25%,True,18,33.3%,0.33,-8697.6,-483.2,10617.4
30m,1.0%,30pt,+30%,-25%,True,18,33.3%,0.33,-8697.6,-483.2,10617.4
30m,1.0%,30pt,+50%,-25%,True,18,33.3%,0.33,-8697.6,-483.2,10617.4
30m,1.0%,30pt,+80%,-25%,True,18,33.3%,0.33,-8697.6,-483.2,10617.4
30m,1.0%,30pt,+60%,-25%,True,18,33.3%,0.33,-8697.6,-483.2,10617.4
15m,1.0%,50pt,+30%,-20%,True,22,40.9%,0.33,-8699.5,-395.4,8742.1
15m,1.0%,50pt,+50%,-20%,True,22,40.9%,0.33,-8699.5,-395.4,8742.1
15m,1.5%,50pt,+50%,-20%,True,22,40.9%,0.33,-8699.5,-395.4,8742.1
15m,1.5%,50pt,+40%,-20%,True,22,40.9%,0.33,-8699.5,-395.4,8742.1
15m,1.5%,50pt,+80%,-20%,True,22,40.9%,0.33,-8699.5,-395.4,8742.1
15m,1.5%,50pt,+60%,-20%,True,22,40.9%,0.33,-8699.5,-395.4,8742.1
15m,1.5%,50pt,+30%,-20%,True,22,40.9%,0.33,-8699.5,-395.4,8742.1
15m,1.0%,50pt,+80%,-20%,True,22,40.9%,0.33,-8699.5,-395.4,8742.1
15m,1.0%,50pt,+60%,-20%,True,22,40.9%,0.33,-8699.5,-395.4,8742.1
15m,1.0%,50pt,+40%,-20%,True,22,40.9%,0.33,-8699.5,-395.4,8742.1
45m,1.5%,30pt,+40%,-15%,True,20,30.0%,0.32,-8742.3,-437.1,9755.9
45m,1.5%,30pt,+50%,-15%,True,20,30.0%,0.32,-8742.3,-437.1,9755.9
45m,1.5%,30pt,+30%,-15%,True,20,30.0%,0.32,-8742.3,-437.1,9755.9
45m,1.5%,30pt,+80%,-15%,True,20,30.0%,0.32,-8742.3,-437.1,9755.9
45m,1.5%,30pt,+60%,-15%,True,20,30.0%,0.32,-8742.3,-437.1,9755.9
15m,0.75%,75pt,+30%,-20%,False,9,11.1%,0.11,-8754.7,-972.7,7273.8
45m,0.75%,75pt,+40%,-20%,False,8,0.0%,0.0,-8787.1,-1098.4,7200.8
45m,1.0%,75pt,+80%,-20%,False,8,0.0%,0.0,-8787.1,-1098.4,7200.8
45m,1.0%,75pt,+40%,-20%,False,8,0.0%,0.0,-8787.1,-1098.4,7200.8
45m,1.0%,75pt,+50%,-20%,False,8,0.0%,0.0,-8787.1,-1098.4,7200.8
45m,1.0%,75pt,+60%,-20%,False,8,0.0%,0.0,-8787.1,-1098.4,7200.8
45m,0.75%,75pt,+80%,-20%,False,8,0.0%,0.0,-8787.1,-1098.4,7200.8
45m,0.75%,75pt,+50%,-20%,False,8,0.0%,0.0,-8787.1,-1098.4,7200.8
45m,0.75%,75pt,+60%,-20%,False,8,0.0%,0.0,-8787.1,-1098.4,7200.8
45m,1.5%,150pt,+60%,-30%,False,5,0.0%,0.0,-8790.3,-1758.1,6998.7
45m,1.5%,150pt,+30%,-30%,False,5,0.0%,0.0,-8790.3,-1758.1,6998.7
45m,1.5%,150pt,+80%,-30%,False,5,0.0%,0.0,-8790.3,-1758.1,6998.7
45m,1.5%,150pt,+40%,-30%,False,5,0.0%,0.0,-8790.3,-1758.1,6998.7
45m,1.5%,150pt,+50%,-30%,False,5,0.0%,0.0,-8790.3,-1758.1,6998.7
30m,1.5%,150pt,+60%,-25%,True,9,22.2%,0.05,-8803.3,-978.1,8902.2
30m,1.5%,150pt,+40%,-25%,True,9,22.2%,0.05,-8803.3,-978.1,8902.2
30m,1.5%,150pt,+50%,-25%,True,9,22.2%,0.05,-8803.3,-978.1,8902.2
30m,1.5%,150pt,+80%,-25%,True,9,22.2%,0.05,-8803.3,-978.1,8902.2
30m,1.5%,150pt,+30%,-25%,True,9,22.2%,0.05,-8803.3,-978.1,8902.2
15m,0.5%,100pt,+40%,-30%,False,6,0.0%,0.0,-8804.0,-1467.3,7172.4
15m,0.5%,100pt,+50%,-30%,False,6,0.0%,0.0,-8804.0,-1467.3,7172.4
15m,0.5%,100pt,+80%,-30%,False,6,0.0%,0.0,-8804.0,-1467.3,7172.4
15m,0.5%,100pt,+60%,-30%,False,6,0.0%,0.0,-8804.0,-1467.3,7172.4
15m,0.5%,100pt,+30%,-30%,False,6,0.0%,0.0,-8804.0,-1467.3,7172.4
60m,1.5%,100pt,+30%,-25%,False,7,0.0%,0.0,-8810.6,-1258.7,7425.1
60m,1.5%,100pt,+50%,-25%,False,7,0.0%,0.0,-8810.6,-1258.7,7425.1
60m,1.5%,100pt,+60%,-25%,False,7,0.0%,0.0,-8810.6,-1258.7,7425.1
60m,1.5%,100pt,+80%,-25%,False,7,0.0%,0.0,-8810.6,-1258.7,7425.1
60m,1.5%,100pt,+40%,-25%,False,7,0.0%,0.0,-8810.6,-1258.7,7425.1
30m,1.5%,75pt,+30%,-20%,True,17,23.5%,0.17,-8819.8,-518.8,8606.4
30m,1.5%,75pt,+50%,-20%,True,17,23.5%,0.17,-8819.8,-518.8,8606.4
30m,1.5%,75pt,+60%,-20%,True,17,23.5%,0.17,-8819.8,-518.8,8606.4
30m,1.5%,75pt,+80%,-20%,True,17,23.5%,0.17,-8819.8,-518.8,8606.4
30m,1.5%,75pt,+40%,-20%,True,17,23.5%,0.17,-8819.8,-518.8,8606.4
30m,1.5%,100pt,+50%,-20%,True,15,20.0%,0.24,-8835.8,-589.1,9521.9
30m,1.5%,100pt,+60%,-20%,True,15,20.0%,0.24,-8835.8,-589.1,9521.9
30m,1.5%,100pt,+40%,-20%,True,15,20.0%,0.24,-8835.8,-589.1,9521.9
30m,1.5%,100pt,+30%,-20%,True,15,20.0%,0.24,-8835.8,-589.1,9521.9
30m,1.5%,100pt,+80%,-20%,True,15,20.0%,0.24,-8835.8,-589.1,9521.9
30m,1.0%,30pt,+30%,-30%,True,18,33.3%,0.33,-8865.6,-492.5,10785.4
30m,1.0%,30pt,+60%,-30%,True,18,33.3%,0.33,-8865.6,-492.5,10785.4
30m,1.0%,30pt,+40%,-30%,True,18,33.3%,0.33,-8865.6,-492.5,10785.4
30m,1.0%,30pt,+80%,-30%,True,18,33.3%,0.33,-8865.6,-492.5,10785.4
30m,1.0%,30pt,+50%,-30%,True,18,33.3%,0.33,-8865.6,-492.5,10785.4
15m,1.5%,75pt,+30%,-30%,True,20,35.0%,0.3,-8886.2,-444.3,7916.8
15m,1.0%,75pt,+30%,-30%,True,20,35.0%,0.3,-8886.2,-444.3,7916.8
30m,1.5%,75pt,+30%,-30%,False,8,12.5%,0.1,-8891.3,-1111.4,7054.0
60m,1.5%,50pt,+30%,-20%,False,11,18.2%,0.2,-8893.8,-808.5,7253.2
45m,1.5%,75pt,+50%,-25%,True,17,23.5%,0.16,-8915.4,-524.4,8701.9
45m,1.5%,75pt,+60%,-25%,True,17,23.5%,0.16,-8915.4,-524.4,8701.9
45m,1.5%,75pt,+40%,-25%,True,17,23.5%,0.16,-8915.4,-524.4,8701.9
45m,1.5%,75pt,+80%,-25%,True,17,23.5%,0.16,-8915.4,-524.4,8701.9
45m,1.5%,100pt,+50%,-25%,True,15,20.0%,0.23,-8958.3,-597.2,9644.4
45m,1.5%,100pt,+30%,-25%,True,15,20.0%,0.23,-8958.3,-597.2,9644.4
45m,1.5%,100pt,+80%,-25%,True,15,20.0%,0.23,-8958.3,-597.2,9644.4
45m,1.5%,100pt,+60%,-25%,True,15,20.0%,0.23,-8958.3,-597.2,9644.4
45m,1.5%,100pt,+40%,-25%,True,15,20.0%,0.23,-8958.3,-597.2,9644.4
30m,1.0%,75pt,+50%,-20%,False,8,0.0%,0.0,-8996.2,-1124.5,7409.9
30m,0.75%,75pt,+40%,-20%,False,8,0.0%,0.0,-8996.2,-1124.5,7409.9
30m,1.0%,75pt,+40%,-20%,False,8,0.0%,0.0,-8996.2,-1124.5,7409.9
30m,1.0%,75pt,+80%,-20%,False,8,0.0%,0.0,-8996.2,-1124.5,7409.9
30m,0.75%,75pt,+60%,-20%,False,8,0.0%,0.0,-8996.2,-1124.5,7409.9
30m,0.75%,75pt,+50%,-20%,False,8,0.0%,0.0,-8996.2,-1124.5,7409.9
30m,0.75%,75pt,+80%,-20%,False,8,0.0%,0.0,-8996.2,-1124.5,7409.9
30m,1.0%,75pt,+60%,-20%,False,8,0.0%,0.0,-8996.2,-1124.5,7409.9
60m,1.5%,100pt,+80%,-20%,False,8,0.0%,0.0,-9000.9,-1125.1,7939.0
60m,1.5%,100pt,+30%,-20%,False,8,0.0%,0.0,-9000.9,-1125.1,7939.0
60m,1.5%,100pt,+50%,-20%,False,8,0.0%,0.0,-9000.9,-1125.1,7939.0
60m,1.5%,100pt,+60%,-20%,False,8,0.0%,0.0,-9000.9,-1125.1,7939.0
60m,1.5%,100pt,+40%,-20%,False,8,0.0%,0.0,-9000.9,-1125.1,7939.0
15m,1.5%,50pt,+30%,-25%,True,22,45.5%,0.33,-9069.9,-412.3,9112.4
15m,1.5%,50pt,+80%,-25%,True,22,45.5%,0.33,-9069.9,-412.3,9112.4
15m,1.5%,50pt,+60%,-25%,True,22,45.5%,0.33,-9069.9,-412.3,9112.4
15m,1.5%,50pt,+50%,-25%,True,22,45.5%,0.33,-9069.9,-412.3,9112.4
15m,1.0%,50pt,+60%,-25%,True,22,45.5%,0.33,-9069.9,-412.3,9112.4
15m,1.0%,50pt,+50%,-25%,True,22,45.5%,0.33,-9069.9,-412.3,9112.4
15m,1.0%,50pt,+40%,-25%,True,22,45.5%,0.33,-9069.9,-412.3,9112.4
15m,1.0%,50pt,+30%,-25%,True,22,45.5%,0.33,-9069.9,-412.3,9112.4
15m,1.5%,50pt,+40%,-25%,True,22,45.5%,0.33,-9069.9,-412.3,9112.4
15m,1.0%,50pt,+80%,-25%,True,22,45.5%,0.33,-9069.9,-412.3,9112.4
15m,0.5%,30pt,+50%,-15%,False,8,0.0%,0.0,-9095.7,-1137.0,6614.5
15m,0.5%,30pt,+30%,-15%,False,8,0.0%,0.0,-9095.7,-1137.0,6614.5
15m,0.5%,30pt,+80%,-15%,False,8,0.0%,0.0,-9095.7,-1137.0,6614.5
15m,0.5%,30pt,+60%,-15%,False,8,0.0%,0.0,-9095.7,-1137.0,6614.5
15m,0.5%,30pt,+40%,-15%,False,8,0.0%,0.0,-9095.7,-1137.0,6614.5
45m,0.75%,75pt,+60%,-15%,False,9,0.0%,0.0,-9100.4,-1011.2,6802.3
45m,1.0%,75pt,+80%,-15%,False,9,0.0%,0.0,-9100.4,-1011.2,6802.3
45m,0.75%,75pt,+50%,-15%,False,9,0.0%,0.0,-9100.4,-1011.2,6802.3
45m,1.0%,75pt,+40%,-15%,False,9,0.0%,0.0,-9100.4,-1011.2,6802.3
45m,1.0%,75pt,+50%,-15%,False,9,0.0%,0.0,-9100.4,-1011.2,6802.3
45m,1.0%,75pt,+60%,-15%,False,9,0.0%,0.0,-9100.4,-1011.2,6802.3
45m,0.75%,75pt,+40%,-15%,False,9,0.0%,0.0,-9100.4,-1011.2,6802.3
45m,0.75%,75pt,+80%,-15%,False,9,0.0%,0.0,-9100.4,-1011.2,6802.3
15m,1.0%,30pt,+80%,-30%,True,21,38.1%,0.32,-9122.5,-434.4,9434.3
15m,1.0%,30pt,+30%,-30%,True,21,38.1%,0.32,-9122.5,-434.4,9434.3
15m,1.0%,30pt,+50%,-30%,True,21,38.1%,0.32,-9122.5,-434.4,9434.3
15m,1.0%,30pt,+40%,-30%,True,21,38.1%,0.32,-9122.5,-434.4,9434.3
15m,1.5%,30pt,+40%,-30%,True,21,38.1%,0.32,-9122.5,-434.4,9434.3
15m,1.5%,30pt,+80%,-30%,True,21,38.1%,0.32,-9122.5,-434.4,9434.3
15m,1.5%,30pt,+50%,-30%,True,21,38.1%,0.32,-9122.5,-434.4,9434.3
15m,1.5%,30pt,+30%,-30%,True,21,38.1%,0.32,-9122.5,-434.4,9434.3
15m,1.0%,30pt,+60%,-30%,True,21,38.1%,0.32,-9122.5,-434.4,9434.3
15m,1.5%,30pt,+60%,-30%,True,21,38.1%,0.32,-9122.5,-434.4,9434.3
30m,1.5%,75pt,+50%,-25%,True,17,23.5%,0.16,-9136.4,-537.4,8923.0
30m,1.5%,75pt,+30%,-25%,True,17,23.5%,0.16,-9136.4,-537.4,8923.0
30m,1.5%,75pt,+80%,-25%,True,17,23.5%,0.16,-9136.4,-537.4,8923.0
30m,1.5%,75pt,+60%,-25%,True,17,23.5%,0.16,-9136.4,-537.4,8923.0
30m,1.5%,75pt,+40%,-25%,True,17,23.5%,0.16,-9136.4,-537.4,8923.0
15m,1.5%,100pt,+50%,-20%,True,16,25.0%,0.25,-9143.9,-571.5,8549.1
15m,1.0%,100pt,+60%,-20%,True,16,25.0%,0.25,-9143.9,-571.5,8549.1
15m,1.5%,100pt,+80%,-20%,True,16,25.0%,0.25,-9143.9,-571.5,8549.1
15m,1.5%,100pt,+30%,-20%,True,16,25.0%,0.25,-9143.9,-571.5,8549.1
15m,1.5%,100pt,+60%,-20%,True,16,25.0%,0.25,-9143.9,-571.5,8549.1
15m,1.5%,100pt,+40%,-20%,True,16,25.0%,0.25,-9143.9,-571.5,8549.1
15m,1.0%,100pt,+40%,-20%,True,16,25.0%,0.25,-9143.9,-571.5,8549.1
15m,1.0%,100pt,+80%,-20%,True,16,25.0%,0.25,-9143.9,-571.5,8549.1
15m,1.0%,100pt,+50%,-20%,True,16,25.0%,0.25,-9143.9,-571.5,8549.1
15m,1.0%,100pt,+30%,-20%,True,16,25.0%,0.25,-9143.9,-571.5,8549.1
15m,1.0%,75pt,+80%,-25%,True,20,30.0%,0.23,-9166.5,-458.3,8197.2
15m,1.0%,75pt,+40%,-25%,True,20,30.0%,0.23,-9166.5,-458.3,8197.2
15m,1.5%,75pt,+60%,-25%,True,20,30.0%,0.23,-9166.5,-458.3,8197.2
15m,1.5%,75pt,+40%,-25%,True,20,30.0%,0.23,-9166.5,-458.3,8197.2
15m,1.5%,75pt,+50%,-25%,True,20,30.0%,0.23,-9166.5,-458.3,8197.2
15m,1.0%,75pt,+50%,-25%,True,20,30.0%,0.23,-9166.5,-458.3,8197.2
15m,1.5%,75pt,+80%,-25%,True,20,30.0%,0.23,-9166.5,-458.3,8197.2
15m,1.0%,75pt,+60%,-25%,True,20,30.0%,0.23,-9166.5,-458.3,8197.2
60m,1.5%,75pt,+80%,-15%,False,10,0.0%,0.0,-9175.3,-917.5,8070.6
60m,1.5%,75pt,+50%,-15%,False,10,0.0%,0.0,-9175.3,-917.5,8070.6
60m,1.5%,75pt,+40%,-15%,False,10,0.0%,0.0,-9175.3,-917.5,8070.6
60m,1.5%,75pt,+60%,-15%,False,10,0.0%,0.0,-9175.3,-917.5,8070.6
60m,1.5%,50pt,+30%,-30%,False,9,22.2%,0.2,-9187.9,-1020.9,7464.5
15m,0.75%,100pt,+80%,-15%,False,9,0.0%,0.0,-9189.4,-1021.0,8377.1
15m,0.75%,100pt,+40%,-15%,False,9,0.0%,0.0,-9189.4,-1021.0,8377.1
15m,0.75%,100pt,+30%,-15%,False,9,0.0%,0.0,-9189.4,-1021.0,8377.1
15m,0.75%,100pt,+50%,-15%,False,9,0.0%,0.0,-9189.4,-1021.0,8377.1
15m,0.75%,100pt,+60%,-15%,False,9,0.0%,0.0,-9189.4,-1021.0,8377.1
30m,1.0%,100pt,+50%,-15%,False,9,0.0%,0.0,-9189.6,-1021.1,8377.3
30m,1.0%,100pt,+30%,-15%,False,9,0.0%,0.0,-9189.6,-1021.1,8377.3
30m,1.0%,100pt,+80%,-15%,False,9,0.0%,0.0,-9189.6,-1021.1,8377.3
30m,1.0%,100pt,+40%,-15%,False,9,0.0%,0.0,-9189.6,-1021.1,8377.3
30m,0.75%,100pt,+50%,-15%,False,9,0.0%,0.0,-9189.6,-1021.1,8377.3
30m,0.75%,100pt,+60%,-15%,False,9,0.0%,0.0,-9189.6,-1021.1,8377.3
30m,0.75%,100pt,+80%,-15%,False,9,0.0%,0.0,-9189.6,-1021.1,8377.3
30m,1.0%,100pt,+60%,-15%,False,9,0.0%,0.0,-9189.6,-1021.1,8377.3
30m,0.75%,100pt,+30%,-15%,False,9,0.0%,0.0,-9189.6,-1021.1,8377.3
30m,0.75%,100pt,+40%,-15%,False,9,0.0%,0.0,-9189.6,-1021.1,8377.3
30m,1.5%,50pt,+30%,-15%,False,12,16.7%,0.19,-9192.0,-766.0,7774.1
15m,0.75%,75pt,+30%,-15%,False,10,10.0%,0.11,-9200.8,-920.1,8072.3
15m,1.0%,150pt,+60%,-25%,True,9,22.2%,0.03,-9208.5,-1023.2,9292.2
15m,1.5%,150pt,+80%,-25%,True,9,22.2%,0.03,-9208.5,-1023.2,9292.2
15m,1.0%,150pt,+50%,-25%,True,9,22.2%,0.03,-9208.5,-1023.2,9292.2
15m,1.5%,150pt,+30%,-25%,True,9,22.2%,0.03,-9208.5,-1023.2,9292.2
15m,1.5%,150pt,+50%,-25%,True,9,22.2%,0.03,-9208.5,-1023.2,9292.2
15m,1.5%,150pt,+40%,-25%,True,9,22.2%,0.03,-9208.5,-1023.2,9292.2
15m,1.5%,150pt,+60%,-25%,True,9,22.2%,0.03,-9208.5,-1023.2,9292.2
15m,1.0%,150pt,+80%,-25%,True,9,22.2%,0.03,-9208.5,-1023.2,9292.2
15m,1.0%,150pt,+30%,-25%,True,9,22.2%,0.03,-9208.5,-1023.2,9292.2
15m,1.0%,150pt,+40%,-25%,True,9,22.2%,0.03,-9208.5,-1023.2,9292.2
30m,1.5%,50pt,+30%,-20%,False,11,18.2%,0.19,-9256.3,-841.5,7615.6
30m,0.75%,75pt,+80%,-15%,False,9,0.0%,0.0,-9261.3,-1029.0,6963.2
30m,1.0%,75pt,+60%,-15%,False,9,0.0%,0.0,-9261.3,-1029.0,6963.2
30m,1.0%,75pt,+50%,-15%,False,9,0.0%,0.0,-9261.3,-1029.0,6963.2
30m,1.0%,75pt,+40%,-15%,False,9,0.0%,0.0,-9261.3,-1029.0,6963.2
30m,1.0%,75pt,+80%,-15%,False,9,0.0%,0.0,-9261.3,-1029.0,6963.2
30m,0.75%,75pt,+40%,-15%,False,9,0.0%,0.0,-9261.3,-1029.0,6963.2
30m,0.75%,75pt,+50%,-15%,False,9,0.0%,0.0,-9261.3,-1029.0,6963.2
30m,0.75%,75pt,+60%,-15%,False,9,0.0%,0.0,-9261.3,-1029.0,6963.2
60m,0.75%,50pt,+50%,-30%,False,7,0.0%,0.0,-9274.8,-1325.0,7551.4
60m,0.75%,50pt,+40%,-30%,False,7,0.0%,0.0,-9274.8,-1325.0,7551.4
60m,1.0%,50pt,+50%,-30%,False,7,0.0%,0.0,-9274.8,-1325.0,7551.4
60m,1.0%,50pt,+60%,-30%,False,7,0.0%,0.0,-9274.8,-1325.0,7551.4
60m,1.0%,50pt,+40%,-30%,False,7,0.0%,0.0,-9274.8,-1325.0,7551.4
60m,0.75%,50pt,+80%,-30%,False,7,0.0%,0.0,-9274.8,-1325.0,7551.4
60m,0.75%,50pt,+60%,-30%,False,7,0.0%,0.0,-9274.8,-1325.0,7551.4
60m,1.0%,50pt,+80%,-30%,False,7,0.0%,0.0,-9274.8,-1325.0,7551.4
15m,0.5%,30pt,+50%,-25%,False,7,0.0%,0.0,-9285.8,-1326.5,7846.7
15m,0.5%,30pt,+80%,-25%,False,7,0.0%,0.0,-9285.8,-1326.5,7846.7
15m,0.5%,30pt,+40%,-25%,False,7,0.0%,0.0,-9285.8,-1326.5,7846.7
15m,0.5%,30pt,+60%,-25%,False,7,0.0%,0.0,-9285.8,-1326.5,7846.7
15m,0.5%,30pt,+30%,-25%,False,7,0.0%,0.0,-9285.8,-1326.5,7846.7
60m,1.5%,100pt,+80%,-15%,False,9,0.0%,0.0,-9312.8,-1034.8,8500.4
60m,1.5%,100pt,+50%,-15%,False,9,0.0%,0.0,-9312.8,-1034.8,8500.4
60m,1.5%,100pt,+30%,-15%,False,9,0.0%,0.0,-9312.8,-1034.8,8500.4
60m,1.5%,100pt,+60%,-15%,False,9,0.0%,0.0,-9312.8,-1034.8,8500.4
60m,1.5%,100pt,+40%,-15%,False,9,0.0%,0.0,-9312.8,-1034.8,8500.4
45m,1.0%,75pt,+80%,-30%,False,7,0.0%,0.0,-9328.3,-1332.6,7491.0
45m,0.75%,75pt,+50%,-30%,False,7,0.0%,0.0,-9328.3,-1332.6,7491.0
45m,0.75%,75pt,+40%,-30%,False,7,0.0%,0.0,-9328.3,-1332.6,7491.0
45m,0.75%,75pt,+60%,-30%,False,7,0.0%,0.0,-9328.3,-1332.6,7491.0
45m,0.75%,75pt,+80%,-30%,False,7,0.0%,0.0,-9328.3,-1332.6,7491.0
45m,1.0%,75pt,+40%,-30%,False,7,0.0%,0.0,-9328.3,-1332.6,7491.0
45m,1.0%,75pt,+60%,-30%,False,7,0.0%,0.0,-9328.3,-1332.6,7491.0
45m,1.0%,75pt,+50%,-30%,False,7,0.0%,0.0,-9328.3,-1332.6,7491.0
30m,1.5%,50pt,+30%,-30%,False,9,22.2%,0.18,-9357.8,-1039.8,8726.7
45m,1.5%,50pt,+30%,-20%,False,11,18.2%,0.18,-9358.3,-850.8,7717.6
60m,1.0%,75pt,+60%,-30%,False,7,0.0%,0.0,-9381.2,-1340.2,7543.9
60m,1.0%,75pt,+50%,-30%,False,7,0.0%,0.0,-9381.2,-1340.2,7543.9
60m,1.0%,75pt,+40%,-30%,False,7,0.0%,0.0,-9381.2,-1340.2,7543.9
60m,0.75%,75pt,+80%,-30%,False,7,0.0%,0.0,-9381.2,-1340.2,7543.9
60m,0.75%,75pt,+60%,-30%,False,7,0.0%,0.0,-9381.2,-1340.2,7543.9
60m,0.75%,75pt,+50%,-30%,False,7,0.0%,0.0,-9381.2,-1340.2,7543.9
60m,1.0%,75pt,+80%,-30%,False,7,0.0%,0.0,-9381.2,-1340.2,7543.9
60m,0.75%,75pt,+40%,-30%,False,7,0.0%,0.0,-9381.2,-1340.2,7543.9
45m,1.5%,50pt,+30%,-30%,False,9,22.2%,0.18,-9425.3,-1047.3,8794.3
60m,1.5%,100pt,+40%,-30%,True,13,15.4%,0.16,-9437.9,-726.0,10124.0
60m,1.5%,100pt,+50%,-30%,True,13,15.4%,0.16,-9437.9,-726.0,10124.0
60m,1.5%,100pt,+30%,-30%,True,13,15.4%,0.16,-9437.9,-726.0,10124.0
60m,1.5%,100pt,+60%,-30%,True,13,15.4%,0.16,-9437.9,-726.0,10124.0
60m,1.5%,100pt,+80%,-30%,True,13,15.4%,0.16,-9437.9,-726.0,10124.0
15m,1.0%,30pt,+50%,-15%,True,22,31.8%,0.28,-9451.7,-429.6,8857.4
15m,1.5%,30pt,+80%,-15%,True,22,31.8%,0.28,-9451.7,-429.6,8857.4
15m,1.5%,30pt,+30%,-15%,True,22,31.8%,0.28,-9451.7,-429.6,8857.4
15m,1.0%,30pt,+60%,-15%,True,22,31.8%,0.28,-9451.7,-429.6,8857.4
15m,1.0%,30pt,+80%,-15%,True,22,31.8%,0.28,-9451.7,-429.6,8857.4
15m,1.0%,30pt,+30%,-15%,True,22,31.8%,0.28,-9451.7,-429.6,8857.4
15m,1.5%,30pt,+60%,-15%,True,22,31.8%,0.28,-9451.7,-429.6,8857.4
15m,1.5%,30pt,+40%,-15%,True,22,31.8%,0.28,-9451.7,-429.6,8857.4
15m,1.5%,30pt,+50%,-15%,True,22,31.8%,0.28,-9451.7,-429.6,8857.4
15m,1.0%,30pt,+40%,-15%,True,22,31.8%,0.28,-9451.7,-429.6,8857.4
30m,0.75%,75pt,+80%,-30%,False,7,0.0%,0.0,-9470.9,-1353.0,7633.6
30m,0.75%,75pt,+50%,-30%,False,7,0.0%,0.0,-9470.9,-1353.0,7633.6
30m,0.75%,75pt,+60%,-30%,False,7,0.0%,0.0,-9470.9,-1353.0,7633.6
30m,1.0%,75pt,+60%,-30%,False,7,0.0%,0.0,-9470.9,-1353.0,7633.6
30m,1.0%,75pt,+50%,-30%,False,7,0.0%,0.0,-9470.9,-1353.0,7633.6
30m,0.75%,75pt,+40%,-30%,False,7,0.0%,0.0,-9470.9,-1353.0,7633.6
30m,1.0%,75pt,+80%,-30%,False,7,0.0%,0.0,-9470.9,-1353.0,7633.6
30m,1.0%,75pt,+40%,-30%,False,7,0.0%,0.0,-9470.9,-1353.0,7633.6
45m,0.75%,100pt,+50%,-30%,False,7,0.0%,0.0,-9480.1,-1354.3,7848.5
45m,0.75%,100pt,+60%,-30%,False,7,0.0%,0.0,-9480.1,-1354.3,7848.5
45m,0.75%,100pt,+80%,-30%,False,7,0.0%,0.0,-9480.1,-1354.3,7848.5
45m,1.0%,100pt,+40%,-30%,False,7,0.0%,0.0,-9480.1,-1354.3,7848.5
45m,1.0%,100pt,+80%,-30%,False,7,0.0%,0.0,-9480.1,-1354.3,7848.5
45m,1.0%,100pt,+30%,-30%,False,7,0.0%,0.0,-9480.1,-1354.3,7848.5
45m,0.75%,100pt,+40%,-30%,False,7,0.0%,0.0,-9480.1,-1354.3,7848.5
45m,0.75%,100pt,+30%,-30%,False,7,0.0%,0.0,-9480.1,-1354.3,7848.5
45m,1.0%,100pt,+50%,-30%,False,7,0.0%,0.0,-9480.1,-1354.3,7848.5
45m,1.0%,100pt,+60%,-30%,False,7,0.0%,0.0,-9480.1,-1354.3,7848.5
45m,1.5%,150pt,+30%,-30%,True,8,25.0%,0.04,-9497.6,-1187.2,9596.5
45m,1.5%,150pt,+80%,-30%,True,8,25.0%,0.04,-9497.6,-1187.2,9596.5
45m,1.5%,150pt,+50%,-30%,True,8,25.0%,0.04,-9497.6,-1187.2,9596.5
45m,1.5%,150pt,+60%,-30%,True,8,25.0%,0.04,-9497.6,-1187.2,9596.5
45m,1.5%,150pt,+40%,-30%,True,8,25.0%,0.04,-9497.6,-1187.2,9596.5
45m,1.5%,50pt,+30%,-15%,False,12,16.7%,0.18,-9525.2,-793.8,8107.3
15m,0.75%,75pt,+30%,-30%,False,8,12.5%,0.1,-9525.4,-1190.7,7509.2
30m,1.5%,75pt,+30%,-25%,False,9,11.1%,0.09,-9621.3,-1069.0,8034.9
30m,1.5%,75pt,+30%,-15%,False,11,9.1%,0.09,-9689.8,-880.9,7391.7
60m,1.5%,75pt,+50%,-25%,False,8,0.0%,0.0,-9694.0,-1211.8,8107.6
60m,1.5%,75pt,+80%,-25%,False,8,0.0%,0.0,-9694.0,-1211.8,8107.6
60m,1.5%,75pt,+60%,-25%,False,8,0.0%,0.0,-9694.0,-1211.8,8107.6
60m,1.5%,75pt,+40%,-25%,False,8,0.0%,0.0,-9694.0,-1211.8,8107.6
60m,1.0%,50pt,+80%,-20%,False,9,0.0%,0.0,-9756.8,-1084.1,8116.1
60m,0.75%,50pt,+80%,-20%,False,9,0.0%,0.0,-9756.8,-1084.1,8116.1
60m,0.75%,50pt,+50%,-20%,False,9,0.0%,0.0,-9756.8,-1084.1,8116.1
60m,0.75%,50pt,+60%,-20%,False,9,0.0%,0.0,-9756.8,-1084.1,8116.1
60m,1.0%,50pt,+60%,-20%,False,9,0.0%,0.0,-9756.8,-1084.1,8116.1
60m,1.0%,50pt,+40%,-20%,False,9,0.0%,0.0,-9756.8,-1084.1,8116.1
60m,0.75%,50pt,+40%,-20%,False,9,0.0%,0.0,-9756.8,-1084.1,8116.1
60m,1.0%,50pt,+50%,-20%,False,9,0.0%,0.0,-9756.8,-1084.1,8116.1
60m,0.75%,30pt,+30%,-30%,False,8,12.5%,0.1,-9898.4,-1237.3,9267.4
60m,1.0%,30pt,+30%,-30%,False,8,12.5%,0.1,-9898.4,-1237.3,9267.4
60m,1.5%,50pt,+30%,-25%,False,10,20.0%,0.18,-9900.5,-990.0,7865.9
30m,1.5%,75pt,+30%,-20%,False,10,10.0%,0.09,-9906.9,-990.7,8320.6
15m,1.0%,30pt,+40%,-20%,True,22,36.4%,0.3,-9909.9,-450.4,9315.6
15m,1.5%,30pt,+50%,-20%,True,22,36.4%,0.3,-9909.9,-450.4,9315.6
15m,1.0%,30pt,+50%,-20%,True,22,36.4%,0.3,-9909.9,-450.4,9315.6
15m,1.0%,30pt,+80%,-20%,True,22,36.4%,0.3,-9909.9,-450.4,9315.6
15m,1.5%,30pt,+40%,-20%,True,22,36.4%,0.3,-9909.9,-450.4,9315.6
15m,1.0%,30pt,+30%,-20%,True,22,36.4%,0.3,-9909.9,-450.4,9315.6
15m,1.0%,30pt,+60%,-20%,True,22,36.4%,0.3,-9909.9,-450.4,9315.6
15m,1.5%,30pt,+80%,-20%,True,22,36.4%,0.3,-9909.9,-450.4,9315.6
15m,1.5%,30pt,+60%,-20%,True,22,36.4%,0.3,-9909.9,-450.4,9315.6
15m,1.5%,30pt,+30%,-20%,True,22,36.4%,0.3,-9909.9,-450.4,9315.6
30m,1.5%,150pt,+50%,-30%,False,6,0.0%,0.0,-9945.5,-1657.6,8154.0
30m,1.5%,150pt,+80%,-30%,False,6,0.0%,0.0,-9945.5,-1657.6,8154.0
30m,1.5%,150pt,+40%,-30%,False,6,0.0%,0.0,-9945.5,-1657.6,8154.0
30m,1.5%,150pt,+30%,-30%,False,6,0.0%,0.0,-9945.5,-1657.6,8154.0
30m,1.5%,150pt,+60%,-30%,False,6,0.0%,0.0,-9945.5,-1657.6,8154.0
30m,0.75%,50pt,+80%,-15%,False,10,0.0%,0.0,-9963.0,-996.3,8545.1
30m,0.75%,50pt,+60%,-15%,False,10,0.0%,0.0,-9963.0,-996.3,8545.1
30m,0.75%,50pt,+50%,-15%,False,10,0.0%,0.0,-9963.0,-996.3,8545.1
30m,1.0%,50pt,+80%,-15%,False,10,0.0%,0.0,-9963.0,-996.3,8545.1
30m,1.0%,50pt,+40%,-15%,False,10,0.0%,0.0,-9963.0,-996.3,8545.1
30m,1.0%,50pt,+50%,-15%,False,10,0.0%,0.0,-9963.0,-996.3,8545.1
30m,1.0%,50pt,+60%,-15%,False,10,0.0%,0.0,-9963.0,-996.3,8545.1
30m,0.75%,50pt,+40%,-15%,False,10,0.0%,0.0,-9963.0,-996.3,8545.1
60m,1.5%,100pt,+80%,-30%,False,7,0.0%,0.0,-9985.6,-1426.5,8354.0
60m,1.5%,100pt,+60%,-30%,False,7,0.0%,0.0,-9985.6,-1426.5,8354.0
60m,1.5%,100pt,+50%,-30%,False,7,0.0%,0.0,-9985.6,-1426.5,8354.0
60m,1.5%,100pt,+40%,-30%,False,7,0.0%,0.0,-9985.6,-1426.5,8354.0
60m,1.5%,100pt,+30%,-30%,False,7,0.0%,0.0,-9985.6,-1426.5,8354.0
15m,0.75%,100pt,+80%,-30%,False,7,0.0%,0.0,-10003.1,-1429.0,8371.5
15m,0.75%,100pt,+60%,-30%,False,7,0.0%,0.0,-10003.1,-1429.0,8371.5
15m,0.75%,100pt,+30%,-30%,False,7,0.0%,0.0,-10003.1,-1429.0,8371.5
15m,0.75%,100pt,+50%,-30%,False,7,0.0%,0.0,-10003.1,-1429.0,8371.5
15m,0.75%,100pt,+40%,-30%,False,7,0.0%,0.0,-10003.1,-1429.0,8371.5
30m,1.0%,100pt,+80%,-30%,False,7,0.0%,0.0,-10003.3,-1429.0,8371.7
30m,1.0%,100pt,+60%,-30%,False,7,0.0%,0.0,-10003.3,-1429.0,8371.7
30m,1.0%,100pt,+30%,-30%,False,7,0.0%,0.0,-10003.3,-1429.0,8371.7
30m,1.0%,100pt,+50%,-30%,False,7,0.0%,0.0,-10003.3,-1429.0,8371.7
30m,0.75%,100pt,+40%,-30%,False,7,0.0%,0.0,-10003.3,-1429.0,8371.7
30m,0.75%,100pt,+60%,-30%,False,7,0.0%,0.0,-10003.3,-1429.0,8371.7
30m,0.75%,100pt,+30%,-30%,False,7,0.0%,0.0,-10003.3,-1429.0,8371.7
30m,0.75%,100pt,+80%,-30%,False,7,0.0%,0.0,-10003.3,-1429.0,8371.7
30m,0.75%,100pt,+50%,-30%,False,7,0.0%,0.0,-10003.3,-1429.0,8371.7
30m,1.0%,100pt,+40%,-30%,False,7,0.0%,0.0,-10003.3,-1429.0,8371.7
15m,1.5%,100pt,+40%,-25%,True,16,25.0%,0.23,-10026.5,-626.7,9431.8
15m,1.5%,100pt,+60%,-25%,True,16,25.0%,0.23,-10026.5,-626.7,9431.8
15m,1.5%,100pt,+30%,-25%,True,16,25.0%,0.23,-10026.5,-626.7,9431.8
15m,1.5%,100pt,+50%,-25%,True,16,25.0%,0.23,-10026.5,-626.7,9431.8
15m,1.5%,100pt,+80%,-25%,True,16,25.0%,0.23,-10026.5,-626.7,9431.8
15m,1.0%,100pt,+80%,-25%,True,16,25.0%,0.23,-10026.5,-626.7,9431.8
15m,1.0%,100pt,+60%,-25%,True,16,25.0%,0.23,-10026.5,-626.7,9431.8
15m,1.0%,100pt,+40%,-25%,True,16,25.0%,0.23,-10026.5,-626.7,9431.8
15m,1.0%,100pt,+30%,-25%,True,16,25.0%,0.23,-10026.5,-626.7,9431.8
15m,1.0%,100pt,+50%,-25%,True,16,25.0%,0.23,-10026.5,-626.7,9431.8
45m,1.5%,50pt,+30%,-25%,False,10,20.0%,0.17,-10028.0,-1002.8,7993.4
45m,1.5%,100pt,+40%,-20%,False,9,0.0%,0.0,-10065.2,-1118.4,9003.3
45m,1.5%,100pt,+80%,-20%,False,9,0.0%,0.0,-10065.2,-1118.4,9003.3
45m,1.5%,100pt,+60%,-20%,False,9,0.0%,0.0,-10065.2,-1118.4,9003.3
45m,1.5%,100pt,+30%,-20%,False,9,0.0%,0.0,-10065.2,-1118.4,9003.3
45m,1.5%,100pt,+50%,-20%,False,9,0.0%,0.0,-10065.2,-1118.4,9003.3
45m,1.5%,30pt,+30%,-25%,True,20,35.0%,0.32,-10068.5,-503.4,11082.2
45m,1.5%,30pt,+50%,-25%,True,20,35.0%,0.32,-10068.5,-503.4,11082.2
45m,1.5%,30pt,+80%,-25%,True,20,35.0%,0.32,-10068.5,-503.4,11082.2
45m,1.5%,30pt,+40%,-25%,True,20,35.0%,0.32,-10068.5,-503.4,11082.2
45m,1.5%,30pt,+60%,-25%,True,20,35.0%,0.32,-10068.5,-503.4,11082.2
15m,1.0%,75pt,+60%,-30%,True,20,30.0%,0.22,-10072.1,-503.6,9102.7
15m,1.0%,75pt,+40%,-30%,True,20,30.0%,0.22,-10072.1,-503.6,9102.7
15m,1.0%,75pt,+50%,-30%,True,20,30.0%,0.22,-10072.1,-503.6,9102.7
15m,1.5%,75pt,+80%,-30%,True,20,30.0%,0.22,-10072.1,-503.6,9102.7
15m,1.5%,75pt,+50%,-30%,True,20,30.0%,0.22,-10072.1,-503.6,9102.7
15m,1.5%,75pt,+60%,-30%,True,20,30.0%,0.22,-10072.1,-503.6,9102.7
15m,1.0%,75pt,+80%,-30%,True,20,30.0%,0.22,-10072.1,-503.6,9102.7
15m,1.5%,75pt,+40%,-30%,True,20,30.0%,0.22,-10072.1,-503.6,9102.7
30m,1.5%,100pt,+80%,-25%,False,8,0.0%,0.0,-10079.9,-1260.0,8694.4
30m,1.5%,100pt,+50%,-25%,False,8,0.0%,0.0,-10079.9,-1260.0,8694.4
30m,1.5%,100pt,+30%,-25%,False,8,0.0%,0.0,-10079.9,-1260.0,8694.4
30m,1.5%,100pt,+60%,-25%,False,8,0.0%,0.0,-10079.9,-1260.0,8694.4
30m,1.5%,100pt,+40%,-25%,False,8,0.0%,0.0,-10079.9,-1260.0,8694.4
30m,1.5%,50pt,+30%,-25%,False,10,20.0%,0.17,-10171.4,-1017.1,8136.8
30m,1.0%,50pt,+80%,-20%,False,9,0.0%,0.0,-10178.3,-1130.9,8537.6
30m,1.0%,50pt,+50%,-20%,False,9,0.0%,0.0,-10178.3,-1130.9,8537.6
30m,0.75%,50pt,+80%,-20%,False,9,0.0%,0.0,-10178.3,-1130.9,8537.6
30m,0.75%,50pt,+40%,-20%,False,9,0.0%,0.0,-10178.3,-1130.9,8537.6
30m,0.75%,50pt,+60%,-20%,False,9,0.0%,0.0,-10178.3,-1130.9,8537.6
30m,0.75%,50pt,+50%,-20%,False,9,0.0%,0.0,-10178.3,-1130.9,8537.6
30m,1.0%,50pt,+40%,-20%,False,9,0.0%,0.0,-10178.3,-1130.9,8537.6
30m,1.0%,50pt,+60%,-20%,False,9,0.0%,0.0,-10178.3,-1130.9,8537.6
60m,1.0%,50pt,+60%,-25%,False,8,0.0%,0.0,-10216.4,-1277.0,8181.8
60m,0.75%,50pt,+40%,-25%,False,8,0.0%,0.0,-10216.4,-1277.0,8181.8
60m,1.0%,50pt,+80%,-25%,False,8,0.0%,0.0,-10216.4,-1277.0,8181.8
60m,1.0%,50pt,+40%,-25%,False,8,0.0%,0.0,-10216.4,-1277.0,8181.8
60m,1.0%,50pt,+50%,-25%,False,8,0.0%,0.0,-10216.4,-1277.0,8181.8
60m,0.75%,50pt,+50%,-25%,False,8,0.0%,0.0,-10216.4,-1277.0,8181.8
60m,0.75%,50pt,+60%,-25%,False,8,0.0%,0.0,-10216.4,-1277.0,8181.8
60m,0.75%,50pt,+80%,-25%,False,8,0.0%,0.0,-10216.4,-1277.0,8181.8
60m,1.5%,50pt,+50%,-15%,False,11,0.0%,0.0,-10295.2,-935.9,8877.3
60m,1.5%,50pt,+80%,-15%,False,11,0.0%,0.0,-10295.2,-935.9,8877.3
60m,1.5%,50pt,+40%,-15%,False,11,0.0%,0.0,-10295.2,-935.9,8877.3
60m,1.5%,50pt,+60%,-15%,False,11,0.0%,0.0,-10295.2,-935.9,8877.3
30m,1.5%,100pt,+80%,-20%,False,9,0.0%,0.0,-10295.9,-1144.0,9234.0
30m,1.5%,100pt,+40%,-20%,False,9,0.0%,0.0,-10295.9,-1144.0,9234.0
30m,1.5%,100pt,+30%,-20%,False,9,0.0%,0.0,-10295.9,-1144.0,9234.0
30m,1.5%,100pt,+50%,-20%,False,9,0.0%,0.0,-10295.9,-1144.0,9234.0
30m,1.5%,100pt,+60%,-20%,False,9,0.0%,0.0,-10295.9,-1144.0,9234.0
15m,0.75%,75pt,+60%,-25%,False,8,0.0%,0.0,-10305.1,-1288.1,8479.4
15m,0.75%,75pt,+40%,-25%,False,8,0.0%,0.0,-10305.1,-1288.1,8479.4
15m,0.75%,75pt,+50%,-25%,False,8,0.0%,0.0,-10305.1,-1288.1,8479.4
15m,0.75%,75pt,+80%,-25%,False,8,0.0%,0.0,-10305.1,-1288.1,8479.4
45m,0.75%,50pt,+40%,-20%,False,9,0.0%,0.0,-10368.2,-1152.0,8727.5
45m,0.75%,50pt,+80%,-20%,False,9,0.0%,0.0,-10368.2,-1152.0,8727.5
45m,1.0%,50pt,+50%,-20%,False,9,0.0%,0.0,-10368.2,-1152.0,8727.5
45m,1.0%,50pt,+40%,-20%,False,9,0.0%,0.0,-10368.2,-1152.0,8727.5
45m,1.0%,50pt,+60%,-20%,False,9,0.0%,0.0,-10368.2,-1152.0,8727.5
45m,1.0%,50pt,+80%,-20%,False,9,0.0%,0.0,-10368.2,-1152.0,8727.5
45m,0.75%,50pt,+50%,-20%,False,9,0.0%,0.0,-10368.2,-1152.0,8727.5
45m,0.75%,50pt,+60%,-20%,False,9,0.0%,0.0,-10368.2,-1152.0,8727.5
30m,1.5%,30pt,+40%,-15%,True,20,25.0%,0.27,-10440.6,-522.0,11454.2
30m,1.5%,30pt,+60%,-15%,True,20,25.0%,0.27,-10440.6,-522.0,11454.2
30m,1.5%,30pt,+50%,-15%,True,20,25.0%,0.27,-10440.6,-522.0,11454.2
30m,1.5%,30pt,+30%,-15%,True,20,25.0%,0.27,-10440.6,-522.0,11454.2
30m,1.5%,30pt,+80%,-15%,True,20,25.0%,0.27,-10440.6,-522.0,11454.2
45m,1.0%,50pt,+80%,-15%,False,10,0.0%,0.0,-10507.4,-1050.7,9089.5
45m,1.0%,50pt,+50%,-15%,False,10,0.0%,0.0,-10507.4,-1050.7,9089.5
45m,1.0%,50pt,+40%,-15%,False,10,0.0%,0.0,-10507.4,-1050.7,9089.5
45m,0.75%,50pt,+50%,-15%,False,10,0.0%,0.0,-10507.4,-1050.7,9089.5
45m,0.75%,50pt,+80%,-15%,False,10,0.0%,0.0,-10507.4,-1050.7,9089.5
45m,1.0%,50pt,+60%,-15%,False,10,0.0%,0.0,-10507.4,-1050.7,9089.5
45m,0.75%,50pt,+60%,-15%,False,10,0.0%,0.0,-10507.4,-1050.7,9089.5
45m,0.75%,50pt,+40%,-15%,False,10,0.0%,0.0,-10507.4,-1050.7,9089.5
45m,1.5%,30pt,+40%,-30%,True,20,35.0%,0.31,-10533.7,-526.7,11547.3
45m,1.5%,30pt,+80%,-30%,True,20,35.0%,0.31,-10533.7,-526.7,11547.3
45m,1.5%,30pt,+50%,-30%,True,20,35.0%,0.31,-10533.7,-526.7,11547.3
45m,1.5%,30pt,+60%,-30%,True,20,35.0%,0.31,-10533.7,-526.7,11547.3
45m,1.5%,30pt,+30%,-30%,True,20,35.0%,0.31,-10533.7,-526.7,11547.3
30m,1.5%,150pt,+80%,-30%,True,9,22.2%,0.04,-10652.9,-1183.7,10751.8
30m,1.5%,150pt,+60%,-30%,True,9,22.2%,0.04,-10652.9,-1183.7,10751.8
30m,1.5%,150pt,+50%,-30%,True,9,22.2%,0.04,-10652.9,-1183.7,10751.8
30m,1.5%,150pt,+40%,-30%,True,9,22.2%,0.04,-10652.9,-1183.7,10751.8
30m,1.5%,150pt,+30%,-30%,True,9,22.2%,0.04,-10652.9,-1183.7,10751.8
15m,1.0%,100pt,+60%,-20%,False,9,0.0%,0.0,-10730.9,-1192.3,9669.0
15m,1.0%,100pt,+50%,-20%,False,9,0.0%,0.0,-10730.9,-1192.3,9669.0
15m,1.5%,100pt,+30%,-20%,False,9,0.0%,0.0,-10730.9,-1192.3,9669.0
15m,1.5%,100pt,+80%,-20%,False,9,0.0%,0.0,-10730.9,-1192.3,9669.0
15m,1.5%,100pt,+60%,-20%,False,9,0.0%,0.0,-10730.9,-1192.3,9669.0
15m,1.5%,100pt,+40%,-20%,False,9,0.0%,0.0,-10730.9,-1192.3,9669.0
15m,1.5%,100pt,+50%,-20%,False,9,0.0%,0.0,-10730.9,-1192.3,9669.0
15m,1.0%,100pt,+80%,-20%,False,9,0.0%,0.0,-10730.9,-1192.3,9669.0
15m,1.0%,100pt,+30%,-20%,False,9,0.0%,0.0,-10730.9,-1192.3,9669.0
15m,1.0%,100pt,+40%,-20%,False,9,0.0%,0.0,-10730.9,-1192.3,9669.0
30m,1.5%,30pt,+50%,-20%,True,20,30.0%,0.29,-10759.2,-538.0,11772.8
30m,1.5%,30pt,+40%,-20%,True,20,30.0%,0.29,-10759.2,-538.0,11772.8
30m,1.5%,30pt,+60%,-20%,True,20,30.0%,0.29,-10759.2,-538.0,11772.8
30m,1.5%,30pt,+30%,-20%,True,20,30.0%,0.29,-10759.2,-538.0,11772.8
30m,1.5%,30pt,+80%,-20%,True,20,30.0%,0.29,-10759.2,-538.0,11772.8
15m,0.75%,75pt,+40%,-20%,False,9,0.0%,0.0,-10762.7,-1195.9,9281.8
15m,0.75%,75pt,+50%,-20%,False,9,0.0%,0.0,-10762.7,-1195.9,9281.8
15m,0.75%,75pt,+60%,-20%,False,9,0.0%,0.0,-10762.7,-1195.9,9281.8
15m,0.75%,75pt,+80%,-20%,False,9,0.0%,0.0,-10762.7,-1195.9,9281.8
60m,0.75%,30pt,+30%,-15%,False,11,9.1%,0.09,-10802.2,-982.0,8504.1
60m,1.0%,30pt,+30%,-15%,False,11,9.1%,0.09,-10802.2,-982.0,8504.1
45m,1.5%,100pt,+40%,-15%,False,11,0.0%,0.0,-10854.8,-986.8,10042.5
45m,1.5%,100pt,+60%,-15%,False,11,0.0%,0.0,-10854.8,-986.8,10042.5
45m,1.5%,100pt,+50%,-15%,False,11,0.0%,0.0,-10854.8,-986.8,10042.5
45m,1.5%,100pt,+80%,-15%,False,11,0.0%,0.0,-10854.8,-986.8,10042.5
45m,1.5%,100pt,+30%,-15%,False,11,0.0%,0.0,-10854.8,-986.8,10042.5
15m,0.75%,75pt,+60%,-15%,False,10,0.0%,0.0,-10867.5,-1086.8,9739.0
15m,0.75%,75pt,+40%,-15%,False,10,0.0%,0.0,-10867.5,-1086.8,9739.0
15m,0.75%,75pt,+80%,-15%,False,10,0.0%,0.0,-10867.5,-1086.8,9739.0
15m,0.75%,75pt,+50%,-15%,False,10,0.0%,0.0,-10867.5,-1086.8,9739.0
60m,0.75%,30pt,+30%,-20%,False,10,10.0%,0.09,-10972.1,-1097.2,9233.9
60m,1.0%,30pt,+30%,-20%,False,10,10.0%,0.09,-10972.1,-1097.2,9233.9
30m,1.5%,75pt,+80%,-30%,False,8,0.0%,0.0,-11011.1,-1376.4,9173.8
30m,1.5%,75pt,+50%,-30%,False,8,0.0%,0.0,-11011.1,-1376.4,9173.8
30m,1.5%,75pt,+40%,-30%,False,8,0.0%,0.0,-11011.1,-1376.4,9173.8
30m,1.5%,75pt,+60%,-30%,False,8,0.0%,0.0,-11011.1,-1376.4,9173.8
45m,1.5%,75pt,+40%,-15%,False,11,0.0%,0.0,-11063.7,-1005.8,8765.6
45m,1.5%,75pt,+60%,-15%,False,11,0.0%,0.0,-11063.7,-1005.8,8765.6
45m,1.5%,75pt,+80%,-15%,False,11,0.0%,0.0,-11063.7,-1005.8,8765.6
45m,1.5%,75pt,+50%,-15%,False,11,0.0%,0.0,-11063.7,-1005.8,8765.6
60m,1.5%,75pt,+40%,-30%,False,8,0.0%,0.0,-11129.9,-1391.2,9292.6
60m,1.5%,75pt,+80%,-30%,False,8,0.0%,0.0,-11129.9,-1391.2,9292.6
60m,1.5%,75pt,+60%,-30%,False,8,0.0%,0.0,-11129.9,-1391.2,9292.6
60m,1.5%,75pt,+50%,-30%,False,8,0.0%,0.0,-11129.9,-1391.2,9292.6
45m,1.5%,75pt,+60%,-30%,False,8,0.0%,0.0,-11190.2,-1398.8,9352.9
45m,1.5%,75pt,+40%,-30%,False,8,0.0%,0.0,-11190.2,-1398.8,9352.9
45m,1.5%,75pt,+50%,-30%,False,8,0.0%,0.0,-11190.2,-1398.8,9352.9
45m,1.5%,75pt,+80%,-30%,False,8,0.0%,0.0,-11190.2,-1398.8,9352.9
15m,1.0%,30pt,+60%,-25%,True,22,36.4%,0.28,-11201.6,-509.2,10607.3
15m,1.0%,30pt,+80%,-25%,True,22,36.4%,0.28,-11201.6,-509.2,10607.3
15m,1.0%,30pt,+50%,-25%,True,22,36.4%,0.28,-11201.6,-509.2,10607.3
15m,1.5%,30pt,+50%,-25%,True,22,36.4%,0.28,-11201.6,-509.2,10607.3
15m,1.5%,30pt,+80%,-25%,True,22,36.4%,0.28,-11201.6,-509.2,10607.3
15m,1.5%,30pt,+30%,-25%,True,22,36.4%,0.28,-11201.6,-509.2,10607.3
15m,1.0%,30pt,+40%,-25%,True,22,36.4%,0.28,-11201.6,-509.2,10607.3
15m,1.5%,30pt,+40%,-25%,True,22,36.4%,0.28,-11201.6,-509.2,10607.3
15m,1.0%,30pt,+30%,-25%,True,22,36.4%,0.28,-11201.6,-509.2,10607.3
15m,1.5%,30pt,+60%,-25%,True,22,36.4%,0.28,-11201.6,-509.2,10607.3
30m,1.5%,75pt,+40%,-15%,False,11,0.0%,0.0,-11254.3,-1023.1,8956.2
30m,1.5%,75pt,+50%,-15%,False,11,0.0%,0.0,-11254.3,-1023.1,8956.2
30m,1.5%,75pt,+80%,-15%,False,11,0.0%,0.0,-11254.3,-1023.1,8956.2
30m,1.5%,75pt,+60%,-15%,False,11,0.0%,0.0,-11254.3,-1023.1,8956.2
45m,1.5%,100pt,+60%,-30%,False,8,0.0%,0.0,-11260.9,-1407.6,9629.3
45m,1.5%,100pt,+40%,-30%,False,8,0.0%,0.0,-11260.9,-1407.6,9629.3
45m,1.5%,100pt,+30%,-30%,False,8,0.0%,0.0,-11260.9,-1407.6,9629.3
45m,1.5%,100pt,+50%,-30%,False,8,0.0%,0.0,-11260.9,-1407.6,9629.3
45m,1.5%,100pt,+80%,-30%,False,8,0.0%,0.0,-11260.9,-1407.6,9629.3
30m,1.5%,100pt,+50%,-15%,False,11,0.0%,0.0,-11436.8,-1039.7,10624.5
30m,1.5%,100pt,+40%,-15%,False,11,0.0%,0.0,-11436.8,-1039.7,10624.5
30m,1.5%,100pt,+80%,-15%,False,11,0.0%,0.0,-11436.8,-1039.7,10624.5
30m,1.5%,100pt,+60%,-15%,False,11,0.0%,0.0,-11436.8,-1039.7,10624.5
30m,1.5%,100pt,+30%,-15%,False,11,0.0%,0.0,-11436.8,-1039.7,10624.5
45m,1.5%,75pt,+80%,-20%,False,10,0.0%,0.0,-11451.1,-1145.1,9864.8
45m,1.5%,75pt,+60%,-20%,False,10,0.0%,0.0,-11451.1,-1145.1,9864.8
45m,1.5%,75pt,+40%,-20%,False,10,0.0%,0.0,-11451.1,-1145.1,9864.8
45m,1.5%,75pt,+50%,-20%,False,10,0.0%,0.0,-11451.1,-1145.1,9864.8
45m,1.5%,75pt,+60%,-25%,False,9,0.0%,0.0,-11520.0,-1280.0,9933.7
45m,1.5%,75pt,+40%,-25%,False,9,0.0%,0.0,-11520.0,-1280.0,9933.7
45m,1.5%,75pt,+80%,-25%,False,9,0.0%,0.0,-11520.0,-1280.0,9933.7
45m,1.5%,75pt,+50%,-25%,False,9,0.0%,0.0,-11520.0,-1280.0,9933.7
15m,1.0%,100pt,+80%,-15%,False,11,0.0%,0.0,-11583.2,-1053.0,10770.9
15m,1.0%,100pt,+60%,-15%,False,11,0.0%,0.0,-11583.2,-1053.0,10770.9
15m,1.0%,100pt,+40%,-15%,False,11,0.0%,0.0,-11583.2,-1053.0,10770.9
15m,1.5%,100pt,+50%,-15%,False,11,0.0%,0.0,-11583.2,-1053.0,10770.9
15m,1.0%,100pt,+50%,-15%,False,11,0.0%,0.0,-11583.2,-1053.0,10770.9
15m,1.5%,100pt,+40%,-15%,False,11,0.0%,0.0,-11583.2,-1053.0,10770.9
15m,1.5%,100pt,+60%,-15%,False,11,0.0%,0.0,-11583.2,-1053.0,10770.9
15m,1.5%,100pt,+80%,-15%,False,11,0.0%,0.0,-11583.2,-1053.0,10770.9
15m,1.5%,100pt,+30%,-15%,False,11,0.0%,0.0,-11583.2,-1053.0,10770.9
15m,1.0%,100pt,+30%,-15%,False,11,0.0%,0.0,-11583.2,-1053.0,10770.9
15m,1.5%,75pt,+30%,-15%,False,12,8.3%,0.09,-11598.3,-966.5,10469.9
15m,1.0%,75pt,+30%,-15%,False,12,8.3%,0.09,-11598.3,-966.5,10469.9
30m,1.5%,100pt,+40%,-30%,False,8,0.0%,0.0,-11655.4,-1456.9,10023.8
30m,1.5%,100pt,+50%,-30%,False,8,0.0%,0.0,-11655.4,-1456.9,10023.8
30m,1.5%,100pt,+80%,-30%,False,8,0.0%,0.0,-11655.4,-1456.9,10023.8
30m,1.5%,100pt,+30%,-30%,False,8,0.0%,0.0,-11655.4,-1456.9,10023.8
30m,1.5%,100pt,+60%,-30%,False,8,0.0%,0.0,-11655.4,-1456.9,10023.8
15m,0.75%,75pt,+80%,-30%,False,8,0.0%,0.0,-11683.6,-1460.4,9667.4
15m,0.75%,75pt,+60%,-30%,False,8,0.0%,0.0,-11683.6,-1460.4,9667.4
15m,0.75%,75pt,+50%,-30%,False,8,0.0%,0.0,-11683.6,-1460.4,9667.4
15m,0.75%,75pt,+40%,-30%,False,8,0.0%,0.0,-11683.6,-1460.4,9667.4
30m,1.5%,75pt,+40%,-25%,False,9,0.0%,0.0,-11741.1,-1304.6,10154.8
30m,1.5%,75pt,+60%,-25%,False,9,0.0%,0.0,-11741.1,-1304.6,10154.8
30m,1.5%,75pt,+80%,-25%,False,9,0.0%,0.0,-11741.1,-1304.6,10154.8
30m,1.5%,75pt,+50%,-25%,False,9,0.0%,0.0,-11741.1,-1304.6,10154.8
30m,1.5%,75pt,+50%,-20%,False,10,0.0%,0.0,-11750.2,-1175.0,10163.8
30m,1.5%,75pt,+80%,-20%,False,10,0.0%,0.0,-11750.2,-1175.0,10163.8
30m,1.5%,75pt,+60%,-20%,False,10,0.0%,0.0,-11750.2,-1175.0,10163.8
30m,1.5%,75pt,+40%,-20%,False,10,0.0%,0.0,-11750.2,-1175.0,10163.8
15m,1.0%,100pt,+40%,-30%,True,16,25.0%,0.21,-11758.9,-734.9,11164.2
15m,1.5%,100pt,+60%,-30%,True,16,25.0%,0.21,-11758.9,-734.9,11164.2
15m,1.5%,100pt,+30%,-30%,True,16,25.0%,0.21,-11758.9,-734.9,11164.2
15m,1.5%,100pt,+40%,-30%,True,16,25.0%,0.21,-11758.9,-734.9,11164.2
15m,1.5%,100pt,+80%,-30%,True,16,25.0%,0.21,-11758.9,-734.9,11164.2
15m,1.5%,100pt,+50%,-30%,True,16,25.0%,0.21,-11758.9,-734.9,11164.2
15m,1.0%,100pt,+80%,-30%,True,16,25.0%,0.21,-11758.9,-734.9,11164.2
15m,1.0%,100pt,+50%,-30%,True,16,25.0%,0.21,-11758.9,-734.9,11164.2
15m,1.0%,100pt,+60%,-30%,True,16,25.0%,0.21,-11758.9,-734.9,11164.2
15m,1.0%,100pt,+30%,-30%,True,16,25.0%,0.21,-11758.9,-734.9,11164.2
30m,0.75%,50pt,+60%,-30%,False,8,0.0%,0.0,-11778.1,-1472.3,10054.6
30m,0.75%,50pt,+80%,-30%,False,8,0.0%,0.0,-11778.1,-1472.3,10054.6
30m,0.75%,50pt,+50%,-30%,False,8,0.0%,0.0,-11778.1,-1472.3,10054.6
30m,0.75%,50pt,+40%,-30%,False,8,0.0%,0.0,-11778.1,-1472.3,10054.6
30m,1.0%,50pt,+60%,-30%,False,8,0.0%,0.0,-11778.1,-1472.3,10054.6
30m,1.0%,50pt,+50%,-30%,False,8,0.0%,0.0,-11778.1,-1472.3,10054.6
30m,1.0%,50pt,+40%,-30%,False,8,0.0%,0.0,-11778.1,-1472.3,10054.6
30m,1.0%,50pt,+80%,-30%,False,8,0.0%,0.0,-11778.1,-1472.3,10054.6
45m,1.5%,100pt,+60%,-25%,False,9,0.0%,0.0,-11811.1,-1312.3,10425.6
45m,1.5%,100pt,+80%,-25%,False,9,0.0%,0.0,-11811.1,-1312.3,10425.6
45m,1.5%,100pt,+50%,-25%,False,9,0.0%,0.0,-11811.1,-1312.3,10425.6
45m,1.5%,100pt,+30%,-25%,False,9,0.0%,0.0,-11811.1,-1312.3,10425.6
45m,1.5%,100pt,+40%,-25%,False,9,0.0%,0.0,-11811.1,-1312.3,10425.6
15m,1.0%,75pt,+30%,-20%,False,11,9.1%,0.08,-11812.1,-1073.8,10331.2
15m,1.5%,75pt,+30%,-20%,False,11,9.1%,0.08,-11812.1,-1073.8,10331.2
15m,0.75%,50pt,+50%,-20%,False,10,0.0%,0.0,-12021.3,-1202.1,10597.7
15m,0.75%,50pt,+60%,-20%,False,10,0.0%,0.0,-12021.3,-1202.1,10597.7
15m,0.75%,50pt,+30%,-20%,False,10,0.0%,0.0,-12021.3,-1202.1,10597.7
15m,0.75%,50pt,+40%,-20%,False,10,0.0%,0.0,-12021.3,-1202.1,10597.7
15m,0.75%,50pt,+80%,-20%,False,10,0.0%,0.0,-12021.3,-1202.1,10597.7
15m,1.5%,75pt,+30%,-25%,False,10,10.0%,0.08,-12039.9,-1204.0,10214.2
15m,1.0%,75pt,+30%,-25%,False,10,10.0%,0.08,-12039.9,-1204.0,10214.2
45m,0.75%,50pt,+40%,-30%,False,8,0.0%,0.0,-12054.7,-1506.8,10331.2
45m,0.75%,50pt,+60%,-30%,False,8,0.0%,0.0,-12054.7,-1506.8,10331.2
45m,1.0%,50pt,+80%,-30%,False,8,0.0%,0.0,-12054.7,-1506.8,10331.2
45m,1.0%,50pt,+60%,-30%,False,8,0.0%,0.0,-12054.7,-1506.8,10331.2
45m,1.0%,50pt,+50%,-30%,False,8,0.0%,0.0,-12054.7,-1506.8,10331.2
45m,1.0%,50pt,+40%,-30%,False,8,0.0%,0.0,-12054.7,-1506.8,10331.2
45m,0.75%,50pt,+80%,-30%,False,8,0.0%,0.0,-12054.7,-1506.8,10331.2
45m,0.75%,50pt,+50%,-30%,False,8,0.0%,0.0,-12054.7,-1506.8,10331.2
60m,0.75%,30pt,+40%,-30%,False,8,0.0%,0.0,-12056.5,-1507.1,10333.1
60m,0.75%,30pt,+60%,-30%,False,8,0.0%,0.0,-12056.5,-1507.1,10333.1
60m,1.0%,30pt,+50%,-30%,False,8,0.0%,0.0,-12056.5,-1507.1,10333.1
60m,0.75%,30pt,+80%,-30%,False,8,0.0%,0.0,-12056.5,-1507.1,10333.1
60m,1.0%,30pt,+80%,-30%,False,8,0.0%,0.0,-12056.5,-1507.1,10333.1
60m,1.0%,30pt,+60%,-30%,False,8,0.0%,0.0,-12056.5,-1507.1,10333.1
60m,1.0%,30pt,+40%,-30%,False,8,0.0%,0.0,-12056.5,-1507.1,10333.1
60m,0.75%,30pt,+50%,-30%,False,8,0.0%,0.0,-12056.5,-1507.1,10333.1
30m,0.75%,30pt,+30%,-30%,False,8,0.0%,0.0,-12293.6,-1536.7,10570.1
30m,0.75%,30pt,+60%,-30%,False,8,0.0%,0.0,-12293.6,-1536.7,10570.1
30m,1.0%,30pt,+40%,-30%,False,8,0.0%,0.0,-12293.6,-1536.7,10570.1
30m,1.0%,30pt,+50%,-30%,False,8,0.0%,0.0,-12293.6,-1536.7,10570.1
30m,1.0%,30pt,+80%,-30%,False,8,0.0%,0.0,-12293.6,-1536.7,10570.1
30m,0.75%,30pt,+50%,-30%,False,8,0.0%,0.0,-12293.6,-1536.7,10570.1
30m,0.75%,30pt,+40%,-30%,False,8,0.0%,0.0,-12293.6,-1536.7,10570.1
30m,0.75%,30pt,+80%,-30%,False,8,0.0%,0.0,-12293.6,-1536.7,10570.1
30m,1.0%,30pt,+30%,-30%,False,8,0.0%,0.0,-12293.6,-1536.7,10570.1
30m,1.0%,30pt,+60%,-30%,False,8,0.0%,0.0,-12293.6,-1536.7,10570.1
45m,0.75%,30pt,+50%,-30%,False,8,0.0%,0.0,-12346.6,-1543.3,10623.1
45m,0.75%,30pt,+80%,-30%,False,8,0.0%,0.0,-12346.6,-1543.3,10623.1
45m,0.75%,30pt,+60%,-30%,False,8,0.0%,0.0,-12346.6,-1543.3,10623.1
45m,0.75%,30pt,+40%,-30%,False,8,0.0%,0.0,-12346.6,-1543.3,10623.1
45m,1.0%,30pt,+50%,-30%,False,8,0.0%,0.0,-12346.6,-1543.3,10623.1
45m,1.0%,30pt,+30%,-30%,False,8,0.0%,0.0,-12346.6,-1543.3,10623.1
45m,1.0%,30pt,+40%,-30%,False,8,0.0%,0.0,-12346.6,-1543.3,10623.1
45m,1.0%,30pt,+80%,-30%,False,8,0.0%,0.0,-12346.6,-1543.3,10623.1
45m,1.0%,30pt,+60%,-30%,False,8,0.0%,0.0,-12346.6,-1543.3,10623.1
45m,0.75%,30pt,+30%,-30%,False,8,0.0%,0.0,-12346.6,-1543.3,10623.1
30m,1.0%,50pt,+50%,-25%,False,9,0.0%,0.0,-12356.0,-1372.9,10321.4
30m,1.0%,50pt,+80%,-25%,False,9,0.0%,0.0,-12356.0,-1372.9,10321.4
30m,1.0%,50pt,+40%,-25%,False,9,0.0%,0.0,-12356.0,-1372.9,10321.4
30m,0.75%,50pt,+80%,-25%,False,9,0.0%,0.0,-12356.0,-1372.9,10321.4
30m,0.75%,50pt,+60%,-25%,False,9,0.0%,0.0,-12356.0,-1372.9,10321.4
30m,0.75%,50pt,+50%,-25%,False,9,0.0%,0.0,-12356.0,-1372.9,10321.4
30m,1.0%,50pt,+60%,-25%,False,9,0.0%,0.0,-12356.0,-1372.9,10321.4
30m,0.75%,50pt,+40%,-25%,False,9,0.0%,0.0,-12356.0,-1372.9,10321.4
15m,1.5%,100pt,+80%,-25%,False,9,0.0%,0.0,-12399.3,-1377.7,11013.8
15m,1.5%,100pt,+60%,-25%,False,9,0.0%,0.0,-12399.3,-1377.7,11013.8
15m,1.5%,100pt,+50%,-25%,False,9,0.0%,0.0,-12399.3,-1377.7,11013.8
15m,1.5%,100pt,+40%,-25%,False,9,0.0%,0.0,-12399.3,-1377.7,11013.8
15m,1.0%,100pt,+30%,-25%,False,9,0.0%,0.0,-12399.3,-1377.7,11013.8
15m,1.0%,100pt,+40%,-25%,False,9,0.0%,0.0,-12399.3,-1377.7,11013.8
15m,1.0%,100pt,+80%,-25%,False,9,0.0%,0.0,-12399.3,-1377.7,11013.8
15m,1.5%,100pt,+30%,-25%,False,9,0.0%,0.0,-12399.3,-1377.7,11013.8
15m,1.0%,100pt,+50%,-25%,False,9,0.0%,0.0,-12399.3,-1377.7,11013.8
15m,1.0%,100pt,+60%,-25%,False,9,0.0%,0.0,-12399.3,-1377.7,11013.8
60m,0.75%,30pt,+30%,-25%,False,10,10.0%,0.08,-12434.7,-1243.5,10426.2
60m,1.0%,30pt,+30%,-25%,False,10,10.0%,0.08,-12434.7,-1243.5,10426.2
60m,0.75%,30pt,+40%,-15%,False,11,0.0%,0.0,-12469.0,-1133.5,10170.9
60m,1.0%,30pt,+40%,-15%,False,11,0.0%,0.0,-12469.0,-1133.5,10170.9
60m,1.0%,30pt,+50%,-15%,False,11,0.0%,0.0,-12469.0,-1133.5,10170.9
60m,1.0%,30pt,+80%,-15%,False,11,0.0%,0.0,-12469.0,-1133.5,10170.9
60m,0.75%,30pt,+50%,-15%,False,11,0.0%,0.0,-12469.0,-1133.5,10170.9
60m,0.75%,30pt,+80%,-15%,False,11,0.0%,0.0,-12469.0,-1133.5,10170.9
60m,0.75%,30pt,+60%,-15%,False,11,0.0%,0.0,-12469.0,-1133.5,10170.9
60m,1.0%,30pt,+60%,-15%,False,11,0.0%,0.0,-12469.0,-1133.5,10170.9
30m,1.5%,50pt,+80%,-15%,False,12,0.0%,0.0,-12490.6,-1040.9,11072.7
30m,1.5%,50pt,+50%,-15%,False,12,0.0%,0.0,-12490.6,-1040.9,11072.7
30m,1.5%,50pt,+60%,-15%,False,12,0.0%,0.0,-12490.6,-1040.9,11072.7
30m,1.5%,50pt,+40%,-15%,False,12,0.0%,0.0,-12490.6,-1040.9,11072.7
45m,0.75%,50pt,+50%,-25%,False,9,0.0%,0.0,-12500.9,-1389.0,10466.4
45m,0.75%,50pt,+40%,-25%,False,9,0.0%,0.0,-12500.9,-1389.0,10466.4
45m,1.0%,50pt,+50%,-25%,False,9,0.0%,0.0,-12500.9,-1389.0,10466.4
45m,0.75%,50pt,+60%,-25%,False,9,0.0%,0.0,-12500.9,-1389.0,10466.4
45m,0.75%,50pt,+80%,-25%,False,9,0.0%,0.0,-12500.9,-1389.0,10466.4
45m,1.0%,50pt,+40%,-25%,False,9,0.0%,0.0,-12500.9,-1389.0,10466.4
45m,1.0%,50pt,+80%,-25%,False,9,0.0%,0.0,-12500.9,-1389.0,10466.4
45m,1.0%,50pt,+60%,-25%,False,9,0.0%,0.0,-12500.9,-1389.0,10466.4
30m,1.5%,30pt,+40%,-25%,True,20,30.0%,0.26,-12615.5,-630.8,13629.2
30m,1.5%,30pt,+80%,-25%,True,20,30.0%,0.26,-12615.5,-630.8,13629.2
30m,1.5%,30pt,+30%,-25%,True,20,30.0%,0.26,-12615.5,-630.8,13629.2
30m,1.5%,30pt,+50%,-25%,True,20,30.0%,0.26,-12615.5,-630.8,13629.2
30m,1.5%,30pt,+60%,-25%,True,20,30.0%,0.26,-12615.5,-630.8,13629.2
60m,1.5%,50pt,+60%,-20%,False,11,0.0%,0.0,-12776.5,-1161.5,11135.8
60m,1.5%,50pt,+40%,-20%,False,11,0.0%,0.0,-12776.5,-1161.5,11135.8
60m,1.5%,50pt,+80%,-20%,False,11,0.0%,0.0,-12776.5,-1161.5,11135.8
60m,1.5%,50pt,+50%,-20%,False,11,0.0%,0.0,-12776.5,-1161.5,11135.8
30m,1.0%,30pt,+80%,-15%,False,11,0.0%,0.0,-12793.6,-1163.1,10312.4
30m,1.0%,30pt,+60%,-15%,False,11,0.0%,0.0,-12793.6,-1163.1,10312.4
30m,0.75%,30pt,+80%,-15%,False,11,0.0%,0.0,-12793.6,-1163.1,10312.4
30m,0.75%,30pt,+30%,-15%,False,11,0.0%,0.0,-12793.6,-1163.1,10312.4
30m,0.75%,30pt,+50%,-15%,False,11,0.0%,0.0,-12793.6,-1163.1,10312.4
30m,1.0%,30pt,+30%,-15%,False,11,0.0%,0.0,-12793.6,-1163.1,10312.4
30m,0.75%,30pt,+60%,-15%,False,11,0.0%,0.0,-12793.6,-1163.1,10312.4
30m,1.0%,30pt,+50%,-15%,False,11,0.0%,0.0,-12793.6,-1163.1,10312.4
30m,1.0%,30pt,+40%,-15%,False,11,0.0%,0.0,-12793.6,-1163.1,10312.4
30m,0.75%,30pt,+40%,-15%,False,11,0.0%,0.0,-12793.6,-1163.1,10312.4
45m,1.5%,50pt,+40%,-15%,False,12,0.0%,0.0,-12823.7,-1068.6,11405.8
45m,1.5%,50pt,+80%,-15%,False,12,0.0%,0.0,-12823.7,-1068.6,11405.8
45m,1.5%,50pt,+60%,-15%,False,12,0.0%,0.0,-12823.7,-1068.6,11405.8
45m,1.5%,50pt,+50%,-15%,False,12,0.0%,0.0,-12823.7,-1068.6,11405.8
60m,1.5%,30pt,+30%,-15%,False,13,7.7%,0.08,-12959.3,-996.9,10661.2
60m,1.0%,30pt,+50%,-20%,False,10,0.0%,0.0,-12980.0,-1298.0,11241.8
60m,1.0%,30pt,+40%,-20%,False,10,0.0%,0.0,-12980.0,-1298.0,11241.8
60m,1.0%,30pt,+60%,-20%,False,10,0.0%,0.0,-12980.0,-1298.0,11241.8
60m,0.75%,30pt,+60%,-20%,False,10,0.0%,0.0,-12980.0,-1298.0,11241.8
60m,0.75%,30pt,+50%,-20%,False,10,0.0%,0.0,-12980.0,-1298.0,11241.8
60m,1.0%,30pt,+80%,-20%,False,10,0.0%,0.0,-12980.0,-1298.0,11241.8
60m,0.75%,30pt,+40%,-20%,False,10,0.0%,0.0,-12980.0,-1298.0,11241.8
60m,0.75%,30pt,+80%,-20%,False,10,0.0%,0.0,-12980.0,-1298.0,11241.8
45m,0.75%,30pt,+60%,-20%,False,10,0.0%,0.0,-13078.1,-1307.8,11339.9
45m,0.75%,30pt,+40%,-20%,False,10,0.0%,0.0,-13078.1,-1307.8,11339.9
45m,1.0%,30pt,+30%,-20%,False,10,0.0%,0.0,-13078.1,-1307.8,11339.9
45m,1.0%,30pt,+40%,-20%,False,10,0.0%,0.0,-13078.1,-1307.8,11339.9
45m,1.0%,30pt,+50%,-20%,False,10,0.0%,0.0,-13078.1,-1307.8,11339.9
45m,1.0%,30pt,+60%,-20%,False,10,0.0%,0.0,-13078.1,-1307.8,11339.9
45m,1.0%,30pt,+80%,-20%,False,10,0.0%,0.0,-13078.1,-1307.8,11339.9
45m,0.75%,30pt,+50%,-20%,False,10,0.0%,0.0,-13078.1,-1307.8,11339.9
45m,0.75%,30pt,+30%,-20%,False,10,0.0%,0.0,-13078.1,-1307.8,11339.9
45m,0.75%,30pt,+80%,-20%,False,10,0.0%,0.0,-13078.1,-1307.8,11339.9
30m,1.0%,30pt,+40%,-20%,False,10,0.0%,0.0,-13111.8,-1311.2,11373.6
30m,0.75%,30pt,+80%,-20%,False,10,0.0%,0.0,-13111.8,-1311.2,11373.6
30m,0.75%,30pt,+40%,-20%,False,10,0.0%,0.0,-13111.8,-1311.2,11373.6
30m,0.75%,30pt,+30%,-20%,False,10,0.0%,0.0,-13111.8,-1311.2,11373.6
30m,0.75%,30pt,+50%,-20%,False,10,0.0%,0.0,-13111.8,-1311.2,11373.6
30m,1.0%,30pt,+60%,-20%,False,10,0.0%,0.0,-13111.8,-1311.2,11373.6
30m,1.0%,30pt,+80%,-20%,False,10,0.0%,0.0,-13111.8,-1311.2,11373.6
30m,0.75%,30pt,+60%,-20%,False,10,0.0%,0.0,-13111.8,-1311.2,11373.6
30m,1.0%,30pt,+30%,-20%,False,10,0.0%,0.0,-13111.8,-1311.2,11373.6
30m,1.0%,30pt,+50%,-20%,False,10,0.0%,0.0,-13111.8,-1311.2,11373.6
45m,1.0%,30pt,+60%,-15%,False,11,0.0%,0.0,-13114.3,-1192.2,10633.2
45m,1.0%,30pt,+50%,-15%,False,11,0.0%,0.0,-13114.3,-1192.2,10633.2
45m,1.0%,30pt,+80%,-15%,False,11,0.0%,0.0,-13114.3,-1192.2,10633.2
45m,0.75%,30pt,+50%,-15%,False,11,0.0%,0.0,-13114.3,-1192.2,10633.2
45m,0.75%,30pt,+40%,-15%,False,11,0.0%,0.0,-13114.3,-1192.2,10633.2
45m,0.75%,30pt,+60%,-15%,False,11,0.0%,0.0,-13114.3,-1192.2,10633.2
45m,0.75%,30pt,+30%,-15%,False,11,0.0%,0.0,-13114.3,-1192.2,10633.2
45m,0.75%,30pt,+80%,-15%,False,11,0.0%,0.0,-13114.3,-1192.2,10633.2
45m,1.0%,30pt,+30%,-15%,False,11,0.0%,0.0,-13114.3,-1192.2,10633.2
45m,1.0%,30pt,+40%,-15%,False,11,0.0%,0.0,-13114.3,-1192.2,10633.2
30m,1.5%,50pt,+40%,-20%,False,11,0.0%,0.0,-13174.8,-1197.7,11534.1
30m,1.5%,50pt,+80%,-20%,False,11,0.0%,0.0,-13174.8,-1197.7,11534.1
30m,1.5%,50pt,+50%,-20%,False,11,0.0%,0.0,-13174.8,-1197.7,11534.1
30m,1.5%,50pt,+60%,-20%,False,11,0.0%,0.0,-13174.8,-1197.7,11534.1
15m,1.0%,75pt,+40%,-15%,False,12,0.0%,0.0,-13265.1,-1105.4,12136.6
15m,1.5%,75pt,+60%,-15%,False,12,0.0%,0.0,-13265.1,-1105.4,12136.6
15m,1.5%,75pt,+50%,-15%,False,12,0.0%,0.0,-13265.1,-1105.4,12136.6
15m,1.5%,75pt,+80%,-15%,False,12,0.0%,0.0,-13265.1,-1105.4,12136.6
15m,1.5%,75pt,+40%,-15%,False,12,0.0%,0.0,-13265.1,-1105.4,12136.6
15m,1.0%,75pt,+80%,-15%,False,12,0.0%,0.0,-13265.1,-1105.4,12136.6
15m,1.0%,75pt,+50%,-15%,False,12,0.0%,0.0,-13265.1,-1105.4,12136.6
15m,1.0%,75pt,+60%,-15%,False,12,0.0%,0.0,-13265.1,-1105.4,12136.6
45m,1.5%,50pt,+60%,-20%,False,11,0.0%,0.0,-13276.8,-1207.0,11636.1
45m,1.5%,50pt,+80%,-20%,False,11,0.0%,0.0,-13276.8,-1207.0,11636.1
45m,1.5%,50pt,+40%,-20%,False,11,0.0%,0.0,-13276.8,-1207.0,11636.1
45m,1.5%,50pt,+50%,-20%,False,11,0.0%,0.0,-13276.8,-1207.0,11636.1
15m,0.75%,30pt,+60%,-15%,False,12,0.0%,0.0,-13463.9,-1122.0,12420.1
15m,0.75%,30pt,+80%,-15%,False,12,0.0%,0.0,-13463.9,-1122.0,12420.1
15m,0.75%,30pt,+40%,-15%,False,12,0.0%,0.0,-13463.9,-1122.0,12420.1
15m,0.75%,30pt,+50%,-15%,False,12,0.0%,0.0,-13463.9,-1122.0,12420.1
15m,0.75%,30pt,+30%,-15%,False,12,0.0%,0.0,-13463.9,-1122.0,12420.1
30m,1.5%,30pt,+30%,-30%,True,20,30.0%,0.24,-13494.6,-674.7,14508.2
30m,1.5%,30pt,+50%,-30%,True,20,30.0%,0.24,-13494.6,-674.7,14508.2
30m,1.5%,30pt,+40%,-30%,True,20,30.0%,0.24,-13494.6,-674.7,14508.2
30m,1.5%,30pt,+80%,-30%,True,20,30.0%,0.24,-13494.6,-674.7,14508.2
30m,1.5%,30pt,+60%,-30%,True,20,30.0%,0.24,-13494.6,-674.7,14508.2
30m,1.5%,50pt,+40%,-30%,False,9,0.0%,0.0,-13703.0,-1522.6,11979.6
30m,1.5%,50pt,+50%,-30%,False,9,0.0%,0.0,-13703.0,-1522.6,11979.6
30m,1.5%,50pt,+80%,-30%,False,9,0.0%,0.0,-13703.0,-1522.6,11979.6
30m,1.5%,50pt,+60%,-30%,False,9,0.0%,0.0,-13703.0,-1522.6,11979.6
60m,1.5%,50pt,+80%,-30%,False,9,0.0%,0.0,-13713.2,-1523.7,11989.8
60m,1.5%,50pt,+40%,-30%,False,9,0.0%,0.0,-13713.2,-1523.7,11989.8
60m,1.5%,50pt,+60%,-30%,False,9,0.0%,0.0,-13713.2,-1523.7,11989.8
60m,1.5%,50pt,+50%,-30%,False,9,0.0%,0.0,-13713.2,-1523.7,11989.8
60m,1.5%,30pt,+30%,-20%,False,12,8.3%,0.07,-13717.9,-1143.2,11979.7
45m,1.5%,50pt,+60%,-30%,False,9,0.0%,0.0,-13770.5,-1530.1,12047.1
45m,1.5%,50pt,+40%,-30%,False,9,0.0%,0.0,-13770.5,-1530.1,12047.1
45m,1.5%,50pt,+80%,-30%,False,9,0.0%,0.0,-13770.5,-1530.1,12047.1
45m,1.5%,50pt,+50%,-30%,False,9,0.0%,0.0,-13770.5,-1530.1,12047.1
15m,1.5%,75pt,+60%,-20%,False,11,0.0%,0.0,-13820.0,-1256.4,12339.1
15m,1.5%,75pt,+40%,-20%,False,11,0.0%,0.0,-13820.0,-1256.4,12339.1
15m,1.5%,75pt,+50%,-20%,False,11,0.0%,0.0,-13820.0,-1256.4,12339.1
15m,1.0%,75pt,+80%,-20%,False,11,0.0%,0.0,-13820.0,-1256.4,12339.1
15m,1.0%,75pt,+50%,-20%,False,11,0.0%,0.0,-13820.0,-1256.4,12339.1
15m,1.5%,75pt,+80%,-20%,False,11,0.0%,0.0,-13820.0,-1256.4,12339.1
15m,1.0%,75pt,+40%,-20%,False,11,0.0%,0.0,-13820.0,-1256.4,12339.1
15m,1.0%,75pt,+60%,-20%,False,11,0.0%,0.0,-13820.0,-1256.4,12339.1
15m,1.5%,75pt,+30%,-30%,False,10,10.0%,0.07,-13865.8,-1386.6,11849.6
15m,1.0%,75pt,+30%,-30%,False,10,10.0%,0.07,-13865.8,-1386.6,11849.6
45m,1.5%,50pt,+50%,-25%,False,10,0.0%,0.0,-13946.4,-1394.6,11911.8
45m,1.5%,50pt,+40%,-25%,False,10,0.0%,0.0,-13946.4,-1394.6,11911.8
45m,1.5%,50pt,+60%,-25%,False,10,0.0%,0.0,-13946.4,-1394.6,11911.8
45m,1.5%,50pt,+80%,-25%,False,10,0.0%,0.0,-13946.4,-1394.6,11911.8
60m,1.5%,50pt,+50%,-25%,False,10,0.0%,0.0,-13983.3,-1398.3,11948.7
60m,1.5%,50pt,+80%,-25%,False,10,0.0%,0.0,-13983.3,-1398.3,11948.7
60m,1.5%,50pt,+60%,-25%,False,10,0.0%,0.0,-13983.3,-1398.3,11948.7
60m,1.5%,50pt,+40%,-25%,False,10,0.0%,0.0,-13983.3,-1398.3,11948.7
15m,1.0%,75pt,+80%,-25%,False,10,0.0%,0.0,-14047.8,-1404.8,12222.1
15m,1.0%,75pt,+40%,-25%,False,10,0.0%,0.0,-14047.8,-1404.8,12222.1
15m,1.5%,75pt,+80%,-25%,False,10,0.0%,0.0,-14047.8,-1404.8,12222.1
15m,1.5%,75pt,+50%,-25%,False,10,0.0%,0.0,-14047.8,-1404.8,12222.1
15m,1.5%,75pt,+60%,-25%,False,10,0.0%,0.0,-14047.8,-1404.8,12222.1
15m,1.0%,75pt,+60%,-25%,False,10,0.0%,0.0,-14047.8,-1404.8,12222.1
15m,1.5%,75pt,+40%,-25%,False,10,0.0%,0.0,-14047.8,-1404.8,12222.1
15m,1.0%,75pt,+50%,-25%,False,10,0.0%,0.0,-14047.8,-1404.8,12222.1
30m,1.5%,50pt,+40%,-25%,False,10,0.0%,0.0,-14089.8,-1409.0,12055.2
30m,1.5%,50pt,+80%,-25%,False,10,0.0%,0.0,-14089.8,-1409.0,12055.2
30m,1.5%,50pt,+60%,-25%,False,10,0.0%,0.0,-14089.8,-1409.0,12055.2
30m,1.5%,50pt,+50%,-25%,False,10,0.0%,0.0,-14089.8,-1409.0,12055.2
15m,0.75%,50pt,+50%,-15%,False,12,0.0%,0.0,-14225.1,-1185.4,13153.9
15m,0.75%,50pt,+80%,-15%,False,12,0.0%,0.0,-14225.1,-1185.4,13153.9
15m,0.75%,50pt,+30%,-15%,False,12,0.0%,0.0,-14225.1,-1185.4,13153.9
15m,0.75%,50pt,+60%,-15%,False,12,0.0%,0.0,-14225.1,-1185.4,13153.9
15m,0.75%,50pt,+40%,-15%,False,12,0.0%,0.0,-14225.1,-1185.4,13153.9
60m,1.5%,30pt,+30%,-30%,False,10,10.0%,0.07,-14234.7,-1423.5,13603.7
15m,0.75%,30pt,+80%,-30%,False,9,0.0%,0.0,-14258.2,-1584.2,12295.3
15m,0.75%,30pt,+60%,-30%,False,9,0.0%,0.0,-14258.2,-1584.2,12295.3
15m,0.75%,30pt,+40%,-30%,False,9,0.0%,0.0,-14258.2,-1584.2,12295.3
15m,0.75%,30pt,+50%,-30%,False,9,0.0%,0.0,-14258.2,-1584.2,12295.3
15m,0.75%,30pt,+30%,-30%,False,9,0.0%,0.0,-14258.2,-1584.2,12295.3
15m,0.75%,30pt,+50%,-20%,False,11,0.0%,0.0,-14293.4,-1299.4,12924.6
15m,0.75%,30pt,+60%,-20%,False,11,0.0%,0.0,-14293.4,-1299.4,12924.6
15m,0.75%,30pt,+30%,-20%,False,11,0.0%,0.0,-14293.4,-1299.4,12924.6
15m,0.75%,30pt,+40%,-20%,False,11,0.0%,0.0,-14293.4,-1299.4,12924.6
15m,0.75%,30pt,+80%,-20%,False,11,0.0%,0.0,-14293.4,-1299.4,12924.6
60m,1.0%,30pt,+50%,-25%,False,10,0.0%,0.0,-14442.6,-1444.3,12434.1
60m,1.0%,30pt,+60%,-25%,False,10,0.0%,0.0,-14442.6,-1444.3,12434.1
60m,1.0%,30pt,+40%,-25%,False,10,0.0%,0.0,-14442.6,-1444.3,12434.1
60m,0.75%,30pt,+50%,-25%,False,10,0.0%,0.0,-14442.6,-1444.3,12434.1
60m,1.0%,30pt,+80%,-25%,False,10,0.0%,0.0,-14442.6,-1444.3,12434.1
60m,0.75%,30pt,+40%,-25%,False,10,0.0%,0.0,-14442.6,-1444.3,12434.1
60m,0.75%,30pt,+80%,-25%,False,10,0.0%,0.0,-14442.6,-1444.3,12434.1
60m,0.75%,30pt,+60%,-25%,False,10,0.0%,0.0,-14442.6,-1444.3,12434.1
15m,1.0%,100pt,+60%,-30%,False,9,0.0%,0.0,-14500.3,-1611.1,12868.7
15m,1.0%,100pt,+50%,-30%,False,9,0.0%,0.0,-14500.3,-1611.1,12868.7
15m,1.0%,100pt,+80%,-30%,False,9,0.0%,0.0,-14500.3,-1611.1,12868.7
15m,1.0%,100pt,+30%,-30%,False,9,0.0%,0.0,-14500.3,-1611.1,12868.7
15m,1.0%,100pt,+40%,-30%,False,9,0.0%,0.0,-14500.3,-1611.1,12868.7
15m,1.5%,100pt,+30%,-30%,False,9,0.0%,0.0,-14500.3,-1611.1,12868.7
15m,1.5%,100pt,+80%,-30%,False,9,0.0%,0.0,-14500.3,-1611.1,12868.7
15m,1.5%,100pt,+60%,-30%,False,9,0.0%,0.0,-14500.3,-1611.1,12868.7
15m,1.5%,100pt,+50%,-30%,False,9,0.0%,0.0,-14500.3,-1611.1,12868.7
15m,1.5%,100pt,+40%,-30%,False,9,0.0%,0.0,-14500.3,-1611.1,12868.7
15m,0.75%,50pt,+30%,-30%,False,9,0.0%,0.0,-14525.2,-1613.9,12397.9
15m,0.75%,50pt,+40%,-30%,False,9,0.0%,0.0,-14525.2,-1613.9,12397.9
15m,0.75%,50pt,+80%,-30%,False,9,0.0%,0.0,-14525.2,-1613.9,12397.9
15m,0.75%,50pt,+60%,-30%,False,9,0.0%,0.0,-14525.2,-1613.9,12397.9
15m,0.75%,50pt,+50%,-30%,False,9,0.0%,0.0,-14525.2,-1613.9,12397.9
30m,0.75%,30pt,+40%,-25%,False,10,0.0%,0.0,-14620.3,-1462.0,12611.8
30m,0.75%,30pt,+30%,-25%,False,10,0.0%,0.0,-14620.3,-1462.0,12611.8
30m,1.0%,30pt,+40%,-25%,False,10,0.0%,0.0,-14620.3,-1462.0,12611.8
30m,1.0%,30pt,+30%,-25%,False,10,0.0%,0.0,-14620.3,-1462.0,12611.8
30m,0.75%,30pt,+60%,-25%,False,10,0.0%,0.0,-14620.3,-1462.0,12611.8
30m,1.0%,30pt,+80%,-25%,False,10,0.0%,0.0,-14620.3,-1462.0,12611.8
30m,1.0%,30pt,+60%,-25%,False,10,0.0%,0.0,-14620.3,-1462.0,12611.8
30m,0.75%,30pt,+50%,-25%,False,10,0.0%,0.0,-14620.3,-1462.0,12611.8
30m,1.0%,30pt,+50%,-25%,False,10,0.0%,0.0,-14620.3,-1462.0,12611.8
30m,0.75%,30pt,+80%,-25%,False,10,0.0%,0.0,-14620.3,-1462.0,12611.8
60m,1.5%,30pt,+80%,-15%,False,13,0.0%,0.0,-14626.0,-1125.1,12327.9
60m,1.5%,30pt,+40%,-15%,False,13,0.0%,0.0,-14626.0,-1125.1,12327.9
60m,1.5%,30pt,+60%,-15%,False,13,0.0%,0.0,-14626.0,-1125.1,12327.9
60m,1.5%,30pt,+50%,-15%,False,13,0.0%,0.0,-14626.0,-1125.1,12327.9
45m,1.0%,30pt,+40%,-25%,False,10,0.0%,0.0,-14672.6,-1467.3,12664.1
45m,0.75%,30pt,+50%,-25%,False,10,0.0%,0.0,-14672.6,-1467.3,12664.1
45m,0.75%,30pt,+30%,-25%,False,10,0.0%,0.0,-14672.6,-1467.3,12664.1
45m,1.0%,30pt,+50%,-25%,False,10,0.0%,0.0,-14672.6,-1467.3,12664.1
45m,0.75%,30pt,+80%,-25%,False,10,0.0%,0.0,-14672.6,-1467.3,12664.1
45m,0.75%,30pt,+60%,-25%,False,10,0.0%,0.0,-14672.6,-1467.3,12664.1
45m,1.0%,30pt,+80%,-25%,False,10,0.0%,0.0,-14672.6,-1467.3,12664.1
45m,1.0%,30pt,+30%,-25%,False,10,0.0%,0.0,-14672.6,-1467.3,12664.1
45m,0.75%,30pt,+40%,-25%,False,10,0.0%,0.0,-14672.6,-1467.3,12664.1
45m,1.0%,30pt,+60%,-25%,False,10,0.0%,0.0,-14672.6,-1467.3,12664.1
15m,0.75%,50pt,+80%,-25%,False,10,0.0%,0.0,-14809.8,-1481.0,13041.4
15m,0.75%,50pt,+30%,-25%,False,10,0.0%,0.0,-14809.8,-1481.0,13041.4
15m,0.75%,50pt,+60%,-25%,False,10,0.0%,0.0,-14809.8,-1481.0,13041.4
15m,0.75%,50pt,+50%,-25%,False,10,0.0%,0.0,-14809.8,-1481.0,13041.4
15m,0.75%,50pt,+40%,-25%,False,10,0.0%,0.0,-14809.8,-1481.0,13041.4
15m,1.5%,50pt,+40%,-20%,False,12,0.0%,0.0,-14902.8,-1241.9,13479.2
15m,1.5%,50pt,+80%,-20%,False,12,0.0%,0.0,-14902.8,-1241.9,13479.2
15m,1.0%,50pt,+60%,-20%,False,12,0.0%,0.0,-14902.8,-1241.9,13479.2
15m,1.0%,50pt,+80%,-20%,False,12,0.0%,0.0,-14902.8,-1241.9,13479.2
15m,1.0%,50pt,+40%,-20%,False,12,0.0%,0.0,-14902.8,-1241.9,13479.2
15m,1.0%,50pt,+50%,-20%,False,12,0.0%,0.0,-14902.8,-1241.9,13479.2
15m,1.5%,50pt,+50%,-20%,False,12,0.0%,0.0,-14902.8,-1241.9,13479.2
15m,1.5%,50pt,+60%,-20%,False,12,0.0%,0.0,-14902.8,-1241.9,13479.2
15m,1.5%,50pt,+30%,-20%,False,12,0.0%,0.0,-14902.8,-1241.9,13479.2
15m,1.0%,50pt,+30%,-20%,False,12,0.0%,0.0,-14902.8,-1241.9,13479.2
45m,1.5%,30pt,+40%,-15%,False,13,0.0%,0.0,-15380.3,-1183.1,12899.2
45m,1.5%,30pt,+60%,-15%,False,13,0.0%,0.0,-15380.3,-1183.1,12899.2
45m,1.5%,30pt,+30%,-15%,False,13,0.0%,0.0,-15380.3,-1183.1,12899.2
45m,1.5%,30pt,+50%,-15%,False,13,0.0%,0.0,-15380.3,-1183.1,12899.2
45m,1.5%,30pt,+80%,-15%,False,13,0.0%,0.0,-15380.3,-1183.1,12899.2
30m,1.5%,30pt,+60%,-15%,False,13,0.0%,0.0,-15405.7,-1185.1,12924.6
30m,1.5%,30pt,+80%,-15%,False,13,0.0%,0.0,-15405.7,-1185.1,12924.6
30m,1.5%,30pt,+30%,-15%,False,13,0.0%,0.0,-15405.7,-1185.1,12924.6
30m,1.5%,30pt,+40%,-15%,False,13,0.0%,0.0,-15405.7,-1185.1,12924.6
30m,1.5%,30pt,+50%,-15%,False,13,0.0%,0.0,-15405.7,-1185.1,12924.6
60m,1.5%,30pt,+60%,-20%,False,12,0.0%,0.0,-15725.8,-1310.5,13987.6
60m,1.5%,30pt,+80%,-20%,False,12,0.0%,0.0,-15725.8,-1310.5,13987.6
60m,1.5%,30pt,+40%,-20%,False,12,0.0%,0.0,-15725.8,-1310.5,13987.6
60m,1.5%,30pt,+50%,-20%,False,12,0.0%,0.0,-15725.8,-1310.5,13987.6
15m,1.0%,30pt,+50%,-15%,False,14,0.0%,0.0,-15801.9,-1128.7,14758.2
15m,1.0%,30pt,+40%,-15%,False,14,0.0%,0.0,-15801.9,-1128.7,14758.2
15m,1.0%,30pt,+80%,-15%,False,14,0.0%,0.0,-15801.9,-1128.7,14758.2
15m,1.5%,30pt,+80%,-15%,False,14,0.0%,0.0,-15801.9,-1128.7,14758.2
15m,1.5%,30pt,+30%,-15%,False,14,0.0%,0.0,-15801.9,-1128.7,14758.2
15m,1.5%,30pt,+60%,-15%,False,14,0.0%,0.0,-15801.9,-1128.7,14758.2
15m,1.5%,30pt,+40%,-15%,False,14,0.0%,0.0,-15801.9,-1128.7,14758.2
15m,1.5%,30pt,+50%,-15%,False,14,0.0%,0.0,-15801.9,-1128.7,14758.2
15m,1.0%,30pt,+30%,-15%,False,14,0.0%,0.0,-15801.9,-1128.7,14758.2
15m,1.0%,30pt,+60%,-15%,False,14,0.0%,0.0,-15801.9,-1128.7,14758.2
60m,1.5%,30pt,+30%,-25%,False,12,8.3%,0.06,-15811.2,-1317.6,13802.7
15m,1.5%,75pt,+80%,-30%,False,10,0.0%,0.0,-16023.9,-1602.4,14007.7
15m,1.5%,75pt,+60%,-30%,False,10,0.0%,0.0,-16023.9,-1602.4,14007.7
15m,1.5%,75pt,+50%,-30%,False,10,0.0%,0.0,-16023.9,-1602.4,14007.7
15m,1.0%,75pt,+40%,-30%,False,10,0.0%,0.0,-16023.9,-1602.4,14007.7
15m,1.5%,75pt,+40%,-30%,False,10,0.0%,0.0,-16023.9,-1602.4,14007.7
15m,1.0%,75pt,+60%,-30%,False,10,0.0%,0.0,-16023.9,-1602.4,14007.7
15m,1.0%,75pt,+80%,-30%,False,10,0.0%,0.0,-16023.9,-1602.4,14007.7
15m,1.0%,75pt,+50%,-30%,False,10,0.0%,0.0,-16023.9,-1602.4,14007.7
45m,1.5%,30pt,+30%,-20%,False,12,0.0%,0.0,-16218.0,-1351.5,14479.8
45m,1.5%,30pt,+50%,-20%,False,12,0.0%,0.0,-16218.0,-1351.5,14479.8
45m,1.5%,30pt,+40%,-20%,False,12,0.0%,0.0,-16218.0,-1351.5,14479.8
45m,1.5%,30pt,+80%,-20%,False,12,0.0%,0.0,-16218.0,-1351.5,14479.8
45m,1.5%,30pt,+60%,-20%,False,12,0.0%,0.0,-16218.0,-1351.5,14479.8
15m,0.75%,30pt,+60%,-25%,False,11,0.0%,0.0,-16261.3,-1478.3,14657.3
15m,0.75%,30pt,+80%,-25%,False,11,0.0%,0.0,-16261.3,-1478.3,14657.3
15m,0.75%,30pt,+50%,-25%,False,11,0.0%,0.0,-16261.3,-1478.3,14657.3
15m,0.75%,30pt,+40%,-25%,False,11,0.0%,0.0,-16261.3,-1478.3,14657.3
15m,0.75%,30pt,+30%,-25%,False,11,0.0%,0.0,-16261.3,-1478.3,14657.3
15m,1.5%,50pt,+30%,-30%,False,10,0.0%,0.0,-16265.1,-1626.5,14137.7
15m,1.5%,50pt,+50%,-30%,False,10,0.0%,0.0,-16265.1,-1626.5,14137.7
15m,1.0%,50pt,+80%,-30%,False,10,0.0%,0.0,-16265.1,-1626.5,14137.7
15m,1.0%,50pt,+30%,-30%,False,10,0.0%,0.0,-16265.1,-1626.5,14137.7
15m,1.0%,50pt,+40%,-30%,False,10,0.0%,0.0,-16265.1,-1626.5,14137.7
15m,1.0%,50pt,+60%,-30%,False,10,0.0%,0.0,-16265.1,-1626.5,14137.7
15m,1.0%,50pt,+50%,-30%,False,10,0.0%,0.0,-16265.1,-1626.5,14137.7
15m,1.5%,50pt,+40%,-30%,False,10,0.0%,0.0,-16265.1,-1626.5,14137.7
15m,1.5%,50pt,+80%,-30%,False,10,0.0%,0.0,-16265.1,-1626.5,14137.7
15m,1.5%,50pt,+60%,-30%,False,10,0.0%,0.0,-16265.1,-1626.5,14137.7
30m,1.5%,30pt,+50%,-20%,False,12,0.0%,0.0,-16269.7,-1355.8,14531.5
30m,1.5%,30pt,+30%,-20%,False,12,0.0%,0.0,-16269.7,-1355.8,14531.5
30m,1.5%,30pt,+40%,-20%,False,12,0.0%,0.0,-16269.7,-1355.8,14531.5
30m,1.5%,30pt,+80%,-20%,False,12,0.0%,0.0,-16269.7,-1355.8,14531.5
30m,1.5%,30pt,+60%,-20%,False,12,0.0%,0.0,-16269.7,-1355.8,14531.5
15m,1.0%,30pt,+30%,-30%,False,10,0.0%,0.0,-16380.4,-1638.0,14417.5
15m,1.0%,30pt,+60%,-30%,False,10,0.0%,0.0,-16380.4,-1638.0,14417.5
15m,1.5%,30pt,+50%,-30%,False,10,0.0%,0.0,-16380.4,-1638.0,14417.5
15m,1.0%,30pt,+80%,-30%,False,10,0.0%,0.0,-16380.4,-1638.0,14417.5
15m,1.0%,30pt,+50%,-30%,False,10,0.0%,0.0,-16380.4,-1638.0,14417.5
15m,1.0%,30pt,+40%,-30%,False,10,0.0%,0.0,-16380.4,-1638.0,14417.5
15m,1.5%,30pt,+40%,-30%,False,10,0.0%,0.0,-16380.4,-1638.0,14417.5
15m,1.5%,30pt,+80%,-30%,False,10,0.0%,0.0,-16380.4,-1638.0,14417.5
15m,1.5%,30pt,+60%,-30%,False,10,0.0%,0.0,-16380.4,-1638.0,14417.5
15m,1.5%,30pt,+30%,-30%,False,10,0.0%,0.0,-16380.4,-1638.0,14417.5
60m,1.5%,30pt,+80%,-30%,False,10,0.0%,0.0,-16392.9,-1639.3,14669.5
60m,1.5%,30pt,+60%,-30%,False,10,0.0%,0.0,-16392.9,-1639.3,14669.5
60m,1.5%,30pt,+50%,-30%,False,10,0.0%,0.0,-16392.9,-1639.3,14669.5
60m,1.5%,30pt,+40%,-30%,False,10,0.0%,0.0,-16392.9,-1639.3,14669.5
15m,1.0%,50pt,+60%,-15%,False,14,0.0%,0.0,-16425.0,-1173.2,15353.8
15m,1.5%,50pt,+50%,-15%,False,14,0.0%,0.0,-16425.0,-1173.2,15353.8
15m,1.5%,50pt,+40%,-15%,False,14,0.0%,0.0,-16425.0,-1173.2,15353.8
15m,1.5%,50pt,+80%,-15%,False,14,0.0%,0.0,-16425.0,-1173.2,15353.8
15m,1.5%,50pt,+30%,-15%,False,14,0.0%,0.0,-16425.0,-1173.2,15353.8
15m,1.5%,50pt,+60%,-15%,False,14,0.0%,0.0,-16425.0,-1173.2,15353.8
15m,1.0%,50pt,+40%,-15%,False,14,0.0%,0.0,-16425.0,-1173.2,15353.8
15m,1.0%,50pt,+50%,-15%,False,14,0.0%,0.0,-16425.0,-1173.2,15353.8
15m,1.0%,50pt,+30%,-15%,False,14,0.0%,0.0,-16425.0,-1173.2,15353.8
15m,1.0%,50pt,+80%,-15%,False,14,0.0%,0.0,-16425.0,-1173.2,15353.8
45m,1.5%,30pt,+60%,-30%,False,10,0.0%,0.0,-16836.3,-1683.6,15112.9
45m,1.5%,30pt,+50%,-30%,False,10,0.0%,0.0,-16836.3,-1683.6,15112.9
45m,1.5%,30pt,+40%,-30%,False,10,0.0%,0.0,-16836.3,-1683.6,15112.9
45m,1.5%,30pt,+80%,-30%,False,10,0.0%,0.0,-16836.3,-1683.6,15112.9
45m,1.5%,30pt,+30%,-30%,False,10,0.0%,0.0,-16836.3,-1683.6,15112.9
30m,1.5%,30pt,+50%,-30%,False,10,0.0%,0.0,-16922.6,-1692.3,15199.1
30m,1.5%,30pt,+80%,-30%,False,10,0.0%,0.0,-16922.6,-1692.3,15199.1
30m,1.5%,30pt,+60%,-30%,False,10,0.0%,0.0,-16922.6,-1692.3,15199.1
30m,1.5%,30pt,+40%,-30%,False,10,0.0%,0.0,-16922.6,-1692.3,15199.1
30m,1.5%,30pt,+30%,-30%,False,10,0.0%,0.0,-16922.6,-1692.3,15199.1
15m,1.5%,30pt,+60%,-20%,False,13,0.0%,0.0,-17295.0,-1330.4,15926.2
15m,1.0%,30pt,+30%,-20%,False,13,0.0%,0.0,-17295.0,-1330.4,15926.2
15m,1.0%,30pt,+50%,-20%,False,13,0.0%,0.0,-17295.0,-1330.4,15926.2
15m,1.0%,30pt,+40%,-20%,False,13,0.0%,0.0,-17295.0,-1330.4,15926.2
15m,1.0%,30pt,+80%,-20%,False,13,0.0%,0.0,-17295.0,-1330.4,15926.2
15m,1.0%,30pt,+60%,-20%,False,13,0.0%,0.0,-17295.0,-1330.4,15926.2
15m,1.5%,30pt,+80%,-20%,False,13,0.0%,0.0,-17295.0,-1330.4,15926.2
15m,1.5%,30pt,+40%,-20%,False,13,0.0%,0.0,-17295.0,-1330.4,15926.2
15m,1.5%,30pt,+30%,-20%,False,13,0.0%,0.0,-17295.0,-1330.4,15926.2
15m,1.5%,30pt,+50%,-20%,False,13,0.0%,0.0,-17295.0,-1330.4,15926.2
60m,1.5%,30pt,+60%,-25%,False,12,0.0%,0.0,-17819.1,-1484.9,15810.6
60m,1.5%,30pt,+40%,-25%,False,12,0.0%,0.0,-17819.1,-1484.9,15810.6
60m,1.5%,30pt,+80%,-25%,False,12,0.0%,0.0,-17819.1,-1484.9,15810.6
60m,1.5%,30pt,+50%,-25%,False,12,0.0%,0.0,-17819.1,-1484.9,15810.6
15m,1.0%,50pt,+40%,-25%,False,12,0.0%,0.0,-18211.6,-1517.6,16443.2
15m,1.5%,50pt,+50%,-25%,False,12,0.0%,0.0,-18211.6,-1517.6,16443.2
15m,1.0%,50pt,+60%,-25%,False,12,0.0%,0.0,-18211.6,-1517.6,16443.2
15m,1.5%,50pt,+40%,-25%,False,12,0.0%,0.0,-18211.6,-1517.6,16443.2
15m,1.5%,50pt,+60%,-25%,False,12,0.0%,0.0,-18211.6,-1517.6,16443.2
15m,1.5%,50pt,+80%,-25%,False,12,0.0%,0.0,-18211.6,-1517.6,16443.2
15m,1.5%,50pt,+30%,-25%,False,12,0.0%,0.0,-18211.6,-1517.6,16443.2
15m,1.0%,50pt,+80%,-25%,False,12,0.0%,0.0,-18211.6,-1517.6,16443.2
15m,1.0%,50pt,+30%,-25%,False,12,0.0%,0.0,-18211.6,-1517.6,16443.2
15m,1.0%,50pt,+50%,-25%,False,12,0.0%,0.0,-18211.6,-1517.6,16443.2
45m,1.5%,30pt,+50%,-25%,False,12,0.0%,0.0,-18371.9,-1531.0,16363.4
45m,1.5%,30pt,+80%,-25%,False,12,0.0%,0.0,-18371.9,-1531.0,16363.4
45m,1.5%,30pt,+60%,-25%,False,12,0.0%,0.0,-18371.9,-1531.0,16363.4
45m,1.5%,30pt,+30%,-25%,False,12,0.0%,0.0,-18371.9,-1531.0,16363.4
45m,1.5%,30pt,+40%,-25%,False,12,0.0%,0.0,-18371.9,-1531.0,16363.4
30m,1.5%,30pt,+80%,-25%,False,12,0.0%,0.0,-18538.2,-1544.9,16529.8
30m,1.5%,30pt,+40%,-25%,False,12,0.0%,0.0,-18538.2,-1544.9,16529.8
30m,1.5%,30pt,+50%,-25%,False,12,0.0%,0.0,-18538.2,-1544.9,16529.8
30m,1.5%,30pt,+30%,-25%,False,12,0.0%,0.0,-18538.2,-1544.9,16529.8
30m,1.5%,30pt,+60%,-25%,False,12,0.0%,0.0,-18538.2,-1544.9,16529.8
15m,1.5%,30pt,+40%,-25%,False,13,0.0%,0.0,-20008.3,-1539.1,18404.3
15m,1.5%,30pt,+80%,-25%,False,13,0.0%,0.0,-20008.3,-1539.1,18404.3
15m,1.5%,30pt,+50%,-25%,False,13,0.0%,0.0,-20008.3,-1539.1,18404.3
15m,1.5%,30pt,+30%,-25%,False,13,0.0%,0.0,-20008.3,-1539.1,18404.3
15m,1.5%,30pt,+60%,-25%,False,13,0.0%,0.0,-20008.3,-1539.1,18404.3
15m,1.0%,30pt,+60%,-25%,False,13,0.0%,0.0,-20008.3,-1539.1,18404.3
15m,1.0%,30pt,+80%,-25%,False,13,0.0%,0.0,-20008.3,-1539.1,18404.3
15m,1.0%,30pt,+30%,-25%,False,13,0.0%,0.0,-20008.3,-1539.1,18404.3
15m,1.0%,30pt,+40%,-25%,False,13,0.0%,0.0,-20008.3,-1539.1,18404.3
15m,1.0%,30pt,+50%,-25%,False,13,0.0%,0.0,-20008.3,-1539.1,18404.3
