timestamp,open,high,low,close,volume
2026-09-21T09:15:00+05:30,80.15,84.3,68.0,78.3,1373
2026-09-21T09:16:00+05:30,79.0,85.95,73.15,73.15,711
2026-09-21T09:17:00+05:30,71.8,73.1,66.6,67.6,591
2026-09-21T09:18:00+05:30,67.6,70.85,64.65,67.4,490
2026-09-21T09:19:00+05:30,68.55,72.25,67.4,71.7,370
2026-09-21T09:20:00+05:30,71.55,73.0,68.6,71.3,170
2026-09-21T09:21:00+05:30,70.85,73.65,70.45,73.0,629
2026-09-21T09:22:00+05:30,73.45,73.8,67.9,67.95,296
2026-09-21T09:23:00+05:30,67.8,68.2,64.55,65.0,343
2026-09-21T09:24:00+05:30,64.5,66.6,64.3,64.55,264
2026-09-21T09:25:00+05:30,65.65,66.9,63.7,64.3,562
2026-09-21T09:26:00+05:30,64.05,65.4,63.2,64.1,172
2026-09-21T09:27:00+05:30,64.15,66.0,63.25,65.85,212
2026-09-21T09:28:00+05:30,66.15,66.25,64.6,65.0,122
2026-09-21T09:29:00+05:30,65.4,65.4,62.6,63.3,171
2026-09-21T09:30:00+05:30,63.45,63.75,62.0,63.0,92
2026-09-21T09:31:00+05:30,63.4,63.9,62.0,63.3,302
2026-09-21T09:32:00+05:30,63.25,63.25,61.8,62.4,165
2026-09-21T09:33:00+05:30,62.15,62.85,61.6,62.0,127
2026-09-21T09:34:00+05:30,62.1,63.55,62.0,62.2,239
2026-09-21T09:35:00+05:30,62.15,62.25,59.45,59.45,142
2026-09-21T09:36:00+05:30,60.25,63.15,59.6,62.85,191
2026-09-21T09:37:00+05:30,62.7,64.95,61.9,64.75,157
2026-09-21T09:38:00+05:30,65.0,66.0,63.6,65.4,220
2026-09-21T09:39:00+05:30,65.35,65.85,63.0,64.85,253
2026-09-21T09:40:00+05:30,64.8,65.2,64.0,64.35,104
2026-09-21T09:41:00+05:30,64.4,64.85,62.1,62.75,122
2026-09-21T09:42:00+05:30,62.7,62.8,60.75,62.3,231
2026-09-21T09:43:00+05:30,62.0,62.0,60.55,61.6,126
2026-09-21T09:44:00+05:30,61.3,61.35,59.7,60.2,239
2026-09-21T09:45:00+05:30,61.0,61.0,59.8,60.25,274
2026-09-21T09:46:00+05:30,60.15,60.65,59.55,59.8,140
2026-09-21T09:47:00+05:30,59.85,62.2,59.85,62.2,251
2026-09-21T09:48:00+05:30,62.15,62.65,60.85,61.55,170
2026-09-21T09:49:00+05:30,61.45,61.45,60.0,60.9,80
2026-09-21T09:50:00+05:30,60.9,61.1,60.4,60.75,48
2026-09-21T09:51:00+05:30,60.95,60.95,59.0,60.25,256
2026-09-21T09:52:00+05:30,60.5,61.7,60.3,61.25,258
2026-09-21T09:53:00+05:30,61.2,63.75,61.1,63.7,218
2026-09-21T09:54:00+05:30,63.4,64.1,63.0,64.0,305
2026-09-21T09:55:00+05:30,64.1,65.25,63.9,65.25,175
2026-09-21T09:56:00+05:30,64.95,65.4,64.4,65.15,359
2026-09-21T09:57:00+05:30,64.65,64.8,62.7,63.7,175
2026-09-21T09:58:00+05:30,63.5,65.15,63.3,65.05,77
2026-09-21T09:59:00+05:30,64.85,65.7,64.55,64.55,109
2026-09-21T10:00:00+05:30,64.65,66.2,64.65,66.0,83
2026-09-21T10:01:00+05:30,65.75,67.5,65.75,67.5,107
2026-09-21T10:02:00+05:30,67.4,68.2,66.2,68.2,110
2026-09-21T10:03:00+05:30,67.95,68.65,67.55,67.95,101
2026-09-21T10:04:00+05:30,68.0,69.0,67.8,68.95,123
2026-09-21T10:05:00+05:30,68.25,69.25,67.2,69.15,129
2026-09-21T10:06:00+05:30,69.05,71.4,69.05,70.65,202
2026-09-21T10:07:00+05:30,70.2,70.55,68.65,69.75,88
2026-09-21T10:08:00+05:30,69.1,69.5,68.65,68.65,49
2026-09-21T10:09:00+05:30,67.0,67.8,66.65,66.95,46
2026-09-21T10:10:00+05:30,66.85,67.0,65.0,65.75,124
2026-09-21T10:11:00+05:30,65.55,67.3,65.3,66.9,62
2026-09-21T10:12:00+05:30,66.25,67.8,65.75,66.85,133
2026-09-21T10:13:00+05:30,67.15,69.85,67.15,68.85,254
2026-09-21T10:14:00+05:30,68.75,71.35,68.55,70.0,166
2026-09-21T10:15:00+05:30,70.4,71.15,69.55,70.0,114
2026-09-21T10:16:00+05:30,69.45,70.1,66.25,66.45,43
2026-09-21T10:17:00+05:30,66.4,69.1,66.1,69.0,54
2026-09-21T10:18:00+05:30,68.55,69.0,66.9,67.1,46
2026-09-21T10:19:00+05:30,67.85,69.3,67.85,68.75,23
2026-09-21T10:20:00+05:30,68.45,68.8,67.3,68.8,19
2026-09-21T10:21:00+05:30,69.0,69.5,65.95,66.3,60
2026-09-21T10:22:00+05:30,66.95,68.05,66.8,66.8,20
2026-09-21T10:23:00+05:30,66.95,67.2,66.0,66.25,34
2026-09-21T10:24:00+05:30,66.0,67.6,65.8,67.5,44
2026-09-21T10:25:00+05:30,67.7,68.1,67.1,67.65,82
2026-09-21T10:26:00+05:30,67.15,67.8,66.65,67.8,52
2026-09-21T10:27:00+05:30,67.55,69.35,67.55,68.85,69
2026-09-21T10:28:00+05:30,68.55,68.55,67.65,67.7,74
2026-09-21T10:29:00+05:30,68.35,68.35,67.0,67.0,34
2026-09-21T10:30:00+05:30,67.25,68.0,67.1,67.3,53
2026-09-21T10:31:00+05:30,67.05,67.95,67.05,67.3,19
2026-09-21T10:32:00+05:30,67.3,68.8,67.05,67.8,106
2026-09-21T10:33:00+05:30,67.65,68.55,67.45,68.35,19
2026-09-21T10:34:00+05:30,68.35,69.45,68.35,69.3,211
2026-09-21T10:35:00+05:30,69.3,69.75,68.15,68.35,155
2026-09-21T10:36:00+05:30,68.3,68.45,67.15,67.15,911
2026-09-21T10:37:00+05:30,67.25,68.25,67.0,67.8,79
2026-09-21T10:38:00+05:30,68.15,68.4,67.3,67.85,98
2026-09-21T10:39:00+05:30,68.05,69.0,67.95,69.0,275
2026-09-21T10:40:00+05:30,68.7,68.85,67.85,68.55,147
2026-09-21T10:41:00+05:30,68.05,68.35,67.0,67.05,260
2026-09-21T10:42:00+05:30,67.3,68.0,66.5,67.55,272
2026-09-21T10:43:00+05:30,67.0,67.1,66.0,66.0,309
2026-09-21T10:44:00+05:30,65.8,66.2,65.1,65.6,310
2026-09-21T10:45:00+05:30,65.25,65.4,63.85,63.85,372
2026-09-21T10:46:00+05:30,63.6,63.75,61.6,62.4,231
2026-09-21T10:47:00+05:30,62.5,63.5,60.95,63.25,136
2026-09-21T10:48:00+05:30,63.0,63.2,62.3,62.95,50
2026-09-21T10:49:00+05:30,62.5,63.0,61.7,62.35,89
2026-09-21T10:50:00+05:30,62.5,62.65,62.1,62.3,28
2026-09-21T10:51:00+05:30,62.1,62.7,62.0,62.5,90
2026-09-21T10:52:00+05:30,62.15,63.3,62.1,62.5,60
2026-09-21T10:53:00+05:30,62.45,62.45,61.8,62.0,44
2026-09-21T10:54:00+05:30,62.05,62.7,61.6,61.75,44
2026-09-21T10:55:00+05:30,61.85,63.15,61.75,63.15,74
2026-09-21T10:56:00+05:30,62.6,62.9,62.0,62.15,82
2026-09-21T10:57:00+05:30,61.75,61.75,60.8,61.65,129
2026-09-21T10:58:00+05:30,61.4,62.0,61.2,62.0,34
2026-09-21T10:59:00+05:30,61.75,61.75,60.15,60.2,111
2026-09-21T11:00:00+05:30,60.15,61.75,59.95,61.6,88
2026-09-21T11:01:00+05:30,61.55,61.65,61.35,61.35,13
2026-09-21T11:02:00+05:30,61.1,61.3,60.0,61.3,48
2026-09-21T11:03:00+05:30,61.15,61.15,59.7,59.9,57
2026-09-21T11:04:00+05:30,59.7,60.55,59.5,60.05,46
2026-09-21T11:05:00+05:30,59.75,60.25,59.5,60.0,97
2026-09-21T11:06:00+05:30,60.0,60.15,57.85,58.65,659
2026-09-21T11:07:00+05:30,58.35,59.0,57.55,57.95,191
2026-09-21T11:08:00+05:30,57.8,58.4,57.25,58.1,181
2026-09-21T11:09:00+05:30,58.2,58.2,57.25,58.05,172
2026-09-21T11:10:00+05:30,58.1,58.5,57.65,58.15,548
2026-09-21T11:11:00+05:30,58.3,58.3,57.45,57.45,112
2026-09-21T11:12:00+05:30,57.7,58.55,57.55,58.45,240
2026-09-21T11:13:00+05:30,58.4,58.4,57.8,58.0,149
2026-09-21T11:14:00+05:30,58.05,58.55,57.8,57.8,168
2026-09-21T11:15:00+05:30,57.75,58.5,57.4,58.15,42
2026-09-21T11:16:00+05:30,58.15,59.2,57.9,58.8,116
2026-09-21T11:17:00+05:30,58.85,59.8,58.75,59.65,70
2026-09-21T11:18:00+05:30,59.65,60.7,59.2,60.35,94
2026-09-21T11:19:00+05:30,60.15,60.5,60.1,60.25,40
2026-09-21T11:20:00+05:30,60.15,62.8,59.7,61.7,2089
2026-09-21T11:21:00+05:30,61.4,62.2,60.85,61.2,40
2026-09-21T11:22:00+05:30,61.1,61.6,60.65,61.1,96
2026-09-21T11:23:00+05:30,60.95,60.95,59.8,59.95,34
2026-09-21T11:24:00+05:30,60.25,60.7,59.85,60.3,47
2026-09-21T11:25:00+05:30,60.35,60.55,60.15,60.2,20
2026-09-21T11:26:00+05:30,60.0,60.25,59.3,60.1,47
2026-09-21T11:27:00+05:30,60.15,60.15,58.75,58.75,38
2026-09-21T11:28:00+05:30,58.5,58.8,58.0,58.25,98
2026-09-21T11:29:00+05:30,58.25,58.9,58.25,58.85,22
2026-09-21T11:30:00+05:30,58.75,58.9,57.8,58.4,80
2026-09-21T11:31:00+05:30,58.7,59.9,58.6,59.65,91
2026-09-21T11:32:00+05:30,59.95,60.0,59.25,59.65,151
2026-09-21T11:33:00+05:30,59.7,60.0,59.25,59.25,73
2026-09-21T11:34:00+05:30,59.25,60.0,59.1,59.85,33
2026-09-21T11:35:00+05:30,60.3,62.1,59.95,62.1,66
2026-09-21T11:36:00+05:30,61.65,61.85,60.95,61.0,26
2026-09-21T11:37:00+05:30,60.95,61.45,60.8,61.15,32
2026-09-21T11:38:00+05:30,61.05,61.75,61.0,61.75,81
2026-09-21T11:39:00+05:30,61.3,61.75,60.8,61.75,87
2026-09-21T11:40:00+05:30,61.45,61.45,60.9,60.95,91
2026-09-21T11:41:00+05:30,60.75,60.75,60.0,60.25,24
2026-09-21T11:42:00+05:30,60.0,60.75,59.4,60.3,64
2026-09-21T11:43:00+05:30,60.1,60.6,59.85,60.25,52
2026-09-21T11:44:00+05:30,60.15,62.0,60.05,61.2,123
2026-09-21T11:45:00+05:30,60.9,61.65,60.8,61.15,41
2026-09-21T11:46:00+05:30,61.15,62.45,60.8,62.0,74
2026-09-21T11:47:00+05:30,62.0,62.6,61.6,62.1,34
2026-09-21T11:48:00+05:30,62.1,62.55,61.7,62.2,59
2026-09-21T11:49:00+05:30,62.45,62.45,61.85,62.0,16
2026-09-21T11:50:00+05:30,62.0,62.35,61.45,61.5,35
2026-09-21T11:51:00+05:30,61.45,61.95,61.2,61.55,41
2026-09-21T11:52:00+05:30,61.4,61.75,60.7,60.7,65
2026-09-21T11:53:00+05:30,60.75,61.0,60.6,60.8,68
2026-09-21T11:54:00+05:30,60.65,60.7,59.4,59.75,102
2026-09-21T11:55:00+05:30,59.9,60.4,59.9,60.25,34
2026-09-21T11:56:00+05:30,59.95,60.3,58.65,58.95,110
2026-09-21T11:57:00+05:30,58.75,59.1,57.3,57.9,136
2026-09-21T11:58:00+05:30,57.75,57.85,57.15,57.65,98
2026-09-21T11:59:00+05:30,57.5,58.3,57.25,58.15,58
2026-09-21T12:00:00+05:30,57.85,58.15,57.2,57.75,200
2026-09-21T12:01:00+05:30,57.75,57.95,57.3,57.55,82
2026-09-21T12:02:00+05:30,57.6,59.0,57.6,58.5,65
2026-09-21T12:03:00+05:30,58.4,59.05,58.2,58.85,38
2026-09-21T12:04:00+05:30,58.85,59.15,58.2,58.25,40
2026-09-21T12:05:00+05:30,58.05,58.95,58.0,58.55,25
2026-09-21T12:06:00+05:30,58.55,58.95,58.25,58.65,72
2026-09-21T12:07:00+05:30,58.85,59.55,58.15,59.35,119
2026-09-21T12:08:00+05:30,59.3,60.35,59.3,60.2,89
2026-09-21T12:09:00+05:30,60.15,61.55,60.15,60.9,77
2026-09-21T12:10:00+05:30,60.8,62.0,60.75,61.6,163
2026-09-21T12:11:00+05:30,61.45,61.55,60.85,61.35,74
2026-09-21T12:12:00+05:30,61.35,61.55,60.65,61.25,27
2026-09-21T12:13:00+05:30,61.55,61.6,60.8,60.8,27
2026-09-21T12:14:00+05:30,61.0,61.2,60.5,60.9,128
2026-09-21T12:15:00+05:30,60.7,61.6,60.3,60.3,61
2026-09-21T12:16:00+05:30,60.4,60.4,59.95,60.2,29
2026-09-21T12:17:00+05:30,60.45,61.1,60.45,60.85,69
2026-09-21T12:18:00+05:30,60.8,62.0,60.8,62.0,55
2026-09-21T12:19:00+05:30,61.95,62.5,61.7,61.7,128
2026-09-21T12:20:00+05:30,61.7,62.2,61.7,62.1,72
2026-09-21T12:21:00+05:30,62.0,62.0,60.75,61.5,28
2026-09-21T12:22:00+05:30,61.8,62.25,61.5,62.25,12
2026-09-21T12:23:00+05:30,62.05,63.4,62.05,63.15,267
2026-09-21T12:24:00+05:30,63.1,63.1,61.8,61.8,106
2026-09-21T12:25:00+05:30,61.85,62.1,61.5,61.65,58
2026-09-21T12:26:00+05:30,61.65,61.85,60.7,61.4,88
2026-09-21T12:27:00+05:30,61.4,61.55,60.3,60.35,76
2026-09-21T12:28:00+05:30,60.45,60.85,60.1,60.45,74
2026-09-21T12:29:00+05:30,60.4,60.5,59.55,59.8,60
2026-09-21T12:30:00+05:30,59.95,60.1,57.85,57.85,178
2026-09-21T12:31:00+05:30,57.85,58.75,57.85,58.55,58
2026-09-21T12:32:00+05:30,58.7,59.9,58.7,59.3,48
2026-09-21T12:33:00+05:30,59.5,60.35,59.15,60.2,30
2026-09-21T12:34:00+05:30,60.2,60.4,59.05,59.05,115
2026-09-21T12:35:00+05:30,59.0,59.8,58.3,58.3,78
2026-09-21T12:36:00+05:30,58.3,59.25,58.3,59.25,47
2026-09-21T12:37:00+05:30,59.05,59.25,58.3,58.85,27
2026-09-21T12:38:00+05:30,58.7,59.35,58.7,59.25,41
2026-09-21T12:39:00+05:30,59.15,59.5,58.3,58.8,31
2026-09-21T12:40:00+05:30,58.65,59.4,58.15,58.6,38
2026-09-21T12:41:00+05:30,59.05,59.65,59.05,59.25,47
2026-09-21T12:42:00+05:30,59.3,59.3,58.5,58.7,32
2026-09-21T12:43:00+05:30,58.6,58.8,58.15,58.5,86
2026-09-21T12:44:00+05:30,58.0,58.0,56.35,56.5,158
2026-09-21T12:45:00+05:30,56.25,56.55,56.05,56.3,105
2026-09-21T12:46:00+05:30,56.2,56.8,55.7,56.15,62
2026-09-21T12:47:00+05:30,56.6,57.4,56.55,57.35,33
2026-09-21T12:48:00+05:30,57.25,57.3,56.8,57.1,54
2026-09-21T12:49:00+05:30,57.0,57.85,56.65,57.5,50
2026-09-21T12:50:00+05:30,57.8,58.0,57.8,57.9,64
2026-09-21T12:51:00+05:30,58.0,58.5,57.7,57.7,8
2026-09-21T12:52:00+05:30,57.5,58.45,57.5,58.4,64
2026-09-21T12:53:00+05:30,58.8,58.8,57.8,58.1,23
2026-09-21T12:54:00+05:30,57.3,57.95,57.3,57.55,36
2026-09-21T12:55:00+05:30,57.35,58.0,57.0,57.7,16
2026-09-21T12:56:00+05:30,57.9,58.35,57.85,57.9,32
2026-09-21T12:57:00+05:30,57.7,58.5,57.7,58.05,18
2026-09-21T12:58:00+05:30,57.9,58.35,57.9,58.15,10
2026-09-21T12:59:00+05:30,58.2,59.0,58.15,58.7,85
2026-09-21T13:00:00+05:30,58.55,58.95,58.45,58.95,14
2026-09-21T13:01:00+05:30,58.6,58.95,58.3,58.4,49
2026-09-21T13:02:00+05:30,58.0,58.95,58.0,58.8,42
2026-09-21T13:03:00+05:30,59.0,59.4,58.85,59.3,53
2026-09-21T13:04:00+05:30,59.35,60.05,59.3,59.75,44
2026-09-21T13:05:00+05:30,59.35,59.6,58.5,58.7,23
2026-09-21T13:06:00+05:30,58.7,59.05,58.3,58.3,23
2026-09-21T13:07:00+05:30,58.5,58.75,58.0,58.55,13
2026-09-21T13:08:00+05:30,58.5,58.5,58.25,58.3,7
2026-09-21T13:09:00+05:30,58.3,59.25,58.0,58.8,36
2026-09-21T13:10:00+05:30,58.7,58.7,57.5,57.6,39
2026-09-21T13:11:00+05:30,57.95,58.45,57.85,58.25,29
2026-09-21T13:12:00+05:30,58.25,58.35,57.85,58.35,18
2026-09-21T13:13:00+05:30,58.9,59.0,58.0,58.0,56
2026-09-21T13:14:00+05:30,58.0,58.0,57.1,57.65,30
2026-09-21T13:15:00+05:30,57.7,57.75,54.8,55.3,281
2026-09-21T13:16:00+05:30,55.35,55.55,54.05,55.25,184
2026-09-21T13:17:00+05:30,55.3,55.65,54.25,54.75,59
2026-09-21T13:18:00+05:30,54.45,54.45,52.15,52.2,128
2026-09-21T13:19:00+05:30,52.45,52.9,51.25,52.4,570
2026-09-21T13:20:00+05:30,52.5,53.5,51.75,53.5,161
2026-09-21T13:21:00+05:30,53.3,54.55,53.3,53.5,129
2026-09-21T13:22:00+05:30,53.55,54.4,53.0,54.4,103
2026-09-21T13:23:00+05:30,54.2,54.65,53.8,54.65,92
2026-09-21T13:24:00+05:30,54.55,55.25,54.1,54.25,133
2026-09-21T13:25:00+05:30,54.35,55.0,54.3,55.0,22
2026-09-21T13:26:00+05:30,54.6,54.75,53.9,54.1,62
2026-09-21T13:27:00+05:30,54.05,54.05,53.1,54.0,40
2026-09-21T13:28:00+05:30,54.0,54.3,53.9,53.9,46
2026-09-21T13:29:00+05:30,53.75,54.15,53.55,53.7,26
2026-09-21T13:30:00+05:30,53.8,53.85,53.2,53.65,224
2026-09-21T13:31:00+05:30,53.7,53.7,53.15,53.15,61
2026-09-21T13:32:00+05:30,53.05,53.1,52.55,52.55,86
2026-09-21T13:33:00+05:30,52.4,52.55,51.75,51.75,81
2026-09-21T13:34:00+05:30,51.5,51.95,50.5,50.5,75
2026-09-21T13:35:00+05:30,50.55,50.75,49.7,50.15,236
2026-09-21T13:36:00+05:30,50.15,50.35,49.4,49.75,162
2026-09-21T13:37:00+05:30,49.5,50.1,48.8,49.7,260
2026-09-21T13:38:00+05:30,49.7,50.5,49.4,50.0,172
2026-09-21T13:39:00+05:30,50.1,50.3,49.1,49.1,142
2026-09-21T13:40:00+05:30,49.0,49.2,48.2,49.1,218
2026-09-21T13:41:00+05:30,49.2,49.2,47.8,47.8,105
2026-09-21T13:42:00+05:30,47.9,49.0,47.1,48.55,102
2026-09-21T13:43:00+05:30,48.8,50.0,48.7,50.0,283
2026-09-21T13:44:00+05:30,49.85,50.05,49.3,49.35,108
2026-09-21T13:45:00+05:30,49.65,50.25,49.55,50.05,62
2026-09-21T13:46:00+05:30,50.05,50.5,50.05,50.45,70
2026-09-21T13:47:00+05:30,50.0,50.0,49.25,49.65,53
2026-09-21T13:48:00+05:30,49.65,50.15,49.2,50.15,186
2026-09-21T13:49:00+05:30,50.45,50.6,49.2,49.2,62
2026-09-21T13:50:00+05:30,49.1,49.9,48.85,49.7,101
2026-09-21T13:51:00+05:30,49.5,49.5,48.0,48.25,270
2026-09-21T13:52:00+05:30,48.6,48.7,48.0,48.65,76
2026-09-21T13:53:00+05:30,48.5,49.0,48.35,49.0,46
2026-09-21T13:54:00+05:30,49.0,49.35,48.0,48.05,148
2026-09-21T13:55:00+05:30,48.1,48.3,47.75,48.2,61
2026-09-21T13:56:00+05:30,48.3,48.45,47.9,48.1,75
2026-09-21T13:57:00+05:30,47.9,47.9,46.9,47.45,160
2026-09-21T13:58:00+05:30,47.4,47.4,46.25,46.9,217
2026-09-21T13:59:00+05:30,46.8,46.85,45.45,46.6,476
2026-09-21T14:00:00+05:30,46.35,46.65,45.5,45.5,482
2026-09-21T14:01:00+05:30,45.65,46.05,45.3,45.65,170
2026-09-21T14:02:00+05:30,45.75,45.75,45.05,45.25,327
2026-09-21T14:03:00+05:30,45.1,45.45,44.85,45.3,232
2026-09-21T14:04:00+05:30,45.5,46.2,45.2,45.95,280
2026-09-21T14:05:00+05:30,45.95,46.3,45.55,45.55,352
2026-09-21T14:06:00+05:30,45.6,45.6,44.65,44.95,196
2026-09-21T14:07:00+05:30,44.95,45.25,44.5,45.05,173
2026-09-21T14:08:00+05:30,45.3,45.7,45.1,45.65,82
2026-09-21T14:09:00+05:30,45.6,46.15,45.6,45.65,77
2026-09-21T14:10:00+05:30,45.75,46.7,45.7,46.6,94
2026-09-21T14:11:00+05:30,46.6,46.95,45.8,45.85,100
2026-09-21T14:12:00+05:30,45.9,46.0,45.4,45.95,40
2026-09-21T14:13:00+05:30,45.8,46.7,45.8,46.25,18
2026-09-21T14:14:00+05:30,46.0,46.45,46.0,46.45,6
2026-09-21T14:15:00+05:30,46.35,46.35,46.0,46.3,73
2026-09-21T14:16:00+05:30,46.3,46.3,45.8,45.8,18
2026-09-21T14:17:00+05:30,45.5,45.85,45.0,45.3,186
2026-09-21T14:18:00+05:30,45.5,45.5,44.75,44.75,43
2026-09-21T14:19:00+05:30,44.8,44.85,44.35,44.55,45
2026-09-21T14:20:00+05:30,44.35,44.7,44.2,44.7,61
2026-09-21T14:21:00+05:30,44.7,45.45,44.5,45.45,59
2026-09-21T14:22:00+05:30,45.3,45.3,45.0,45.0,33
2026-09-21T14:23:00+05:30,44.9,45.2,44.6,44.8,30
2026-09-21T14:24:00+05:30,44.85,44.95,44.75,44.95,17
2026-09-21T14:25:00+05:30,44.95,45.45,44.95,45.45,80
2026-09-21T14:26:00+05:30,45.35,45.9,45.2,45.7,66
2026-09-21T14:27:00+05:30,45.6,45.9,45.25,45.65,49
2026-09-21T14:28:00+05:30,45.4,46.1,45.4,45.95,25
2026-09-21T14:29:00+05:30,46.2,46.7,46.0,46.4,140
2026-09-21T14:30:00+05:30,46.3,47.65,46.2,47.3,215
2026-09-21T14:31:00+05:30,47.2,47.35,46.55,46.7,263
2026-09-21T14:32:00+05:30,46.85,46.85,46.2,46.5,20
2026-09-21T14:33:00+05:30,46.4,46.9,46.3,46.65,74
2026-09-21T14:34:00+05:30,46.8,47.0,46.2,47.0,319
2026-09-21T14:35:00+05:30,47.05,47.05,46.35,46.7,201
2026-09-21T14:36:00+05:30,46.55,46.55,46.0,46.1,50
2026-09-21T14:37:00+05:30,46.15,46.35,46.0,46.1,71
2026-09-21T14:38:00+05:30,45.95,46.1,45.45,45.65,48
2026-09-21T14:39:00+05:30,45.9,46.4,45.85,46.35,36
2026-09-21T14:40:00+05:30,45.95,46.05,45.25,45.45,95
2026-09-21T14:41:00+05:30,45.3,45.95,45.2,45.75,76
2026-09-21T14:42:00+05:30,45.75,46.0,45.0,45.0,45
2026-09-21T14:43:00+05:30,45.0,45.4,44.65,45.15,38
2026-09-21T14:44:00+05:30,45.35,45.45,44.6,44.9,249
2026-09-21T14:45:00+05:30,45.05,45.15,44.5,45.15,221
2026-09-21T14:46:00+05:30,45.1,45.55,44.95,45.3,43
2026-09-21T14:47:00+05:30,45.5,45.5,45.05,45.25,82
2026-09-21T14:48:00+05:30,45.1,45.7,44.9,45.7,159
2026-09-21T14:49:00+05:30,45.7,46.35,45.7,46.2,30
2026-09-21T14:50:00+05:30,45.9,46.5,45.6,46.5,74
2026-09-21T14:51:00+05:30,46.7,47.75,46.55,47.3,140
2026-09-21T14:52:00+05:30,47.25,47.8,47.2,47.5,61
2026-09-21T14:53:00+05:30,47.5,48.0,47.35,47.35,49
2026-09-21T14:54:00+05:30,47.45,47.65,47.0,47.05,42
2026-09-21T14:55:00+05:30,47.3,47.45,46.9,46.9,56
2026-09-21T14:56:00+05:30,47.05,47.05,46.45,46.55,35
2026-09-21T14:57:00+05:30,46.4,46.4,45.45,46.0,100
2026-09-21T14:58:00+05:30,46.15,46.25,45.9,46.0,172
2026-09-21T14:59:00+05:30,46.25,46.35,45.6,45.95,204
2026-09-21T15:00:00+05:30,46.1,48.0,46.1,46.9,102
2026-09-21T15:01:00+05:30,47.25,47.7,47.0,47.55,125
2026-09-21T15:02:00+05:30,47.6,48.35,47.1,48.35,139
2026-09-21T15:03:00+05:30,48.1,49.15,48.1,48.6,538
2026-09-21T15:04:00+05:30,48.85,49.2,48.65,48.65,393
2026-09-21T15:05:00+05:30,48.45,48.6,48.05,48.2,1185
2026-09-21T15:06:00+05:30,48.2,48.3,47.55,48.15,174
2026-09-21T15:07:00+05:30,48.2,48.85,48.0,48.2,226
2026-09-21T15:08:00+05:30,48.4,48.95,48.3,48.4,299
2026-09-21T15:09:00+05:30,48.4,48.55,47.9,48.2,216
2026-09-21T15:10:00+05:30,48.2,49.3,48.2,49.3,343
2026-09-21T15:11:00+05:30,49.25,49.55,49.0,49.3,304
2026-09-21T15:12:00+05:30,49.4,50.5,49.4,50.0,347
2026-09-21T15:13:00+05:30,50.45,50.8,49.4,50.05,349
2026-09-21T15:14:00+05:30,50.2,50.35,49.55,49.75,66
2026-09-21T15:15:00+05:30,50.25,50.55,49.65,49.9,206
2026-09-21T15:16:00+05:30,50.15,50.65,49.7,49.7,163
2026-09-21T15:17:00+05:30,49.95,50.1,49.7,49.95,51
2026-09-21T15:18:00+05:30,49.8,50.1,49.6,49.9,116
2026-09-21T15:19:00+05:30,49.9,50.15,49.6,49.95,67
2026-09-21T15:20:00+05:30,49.85,50.4,49.75,50.4,68
2026-09-21T15:21:00+05:30,50.25,50.25,49.45,49.65,266
2026-09-21T15:22:00+05:30,49.35,49.8,49.25,49.25,122
2026-09-21T15:23:00+05:30,49.25,49.3,48.5,48.7,218
2026-09-21T15:24:00+05:30,48.65,48.8,47.95,48.1,98
2026-09-21T15:25:00+05:30,48.0,49.05,48.0,48.65,257
2026-09-21T15:26:00+05:30,48.95,50.25,48.8,50.0,251
2026-09-21T15:27:00+05:30,49.95,50.2,49.6,49.85,69
2026-09-21T15:28:00+05:30,49.75,50.0,49.6,49.75,100
2026-09-21T15:29:00+05:30,50.0,50.25,49.6,50.0,156
2026-09-21T15:30:00+05:30,50.35,50.45,49.85,50.0,114
2026-09-21T15:31:00+05:30,49.95,49.95,49.45,49.5,307
2026-09-21T15:32:00+05:30,49.8,50.9,49.8,50.8,266
2026-09-21T15:33:00+05:30,50.45,50.9,50.4,50.4,93
2026-09-21T15:34:00+05:30,50.4,50.6,50.15,50.25,37
2026-09-21T15:35:00+05:30,50.6,50.6,50.15,50.2,20
2026-09-21T15:36:00+05:30,50.15,51.8,50.15,51.75,369
2026-09-21T15:37:00+05:30,51.75,51.9,51.05,51.8,186
2026-09-21T15:38:00+05:30,51.85,52.15,51.45,51.65,186
2026-09-21T15:39:00+05:30,51.65,53.15,51.6,52.55,291
2026-09-22T09:15:00+05:30,52.55,52.55,40.7,41.3,1126
2026-09-22T09:16:00+05:30,41.3,43.85,40.35,43.45,604
2026-09-22T09:17:00+05:30,43.7,43.85,40.15,40.15,1083
2026-09-22T09:18:00+05:30,40.05,40.45,38.05,38.35,1731
2026-09-22T09:19:00+05:30,38.5,38.95,37.5,37.55,609
2026-09-22T09:20:00+05:30,37.6,38.35,36.2,38.0,653
2026-09-22T09:21:00+05:30,37.9,38.65,37.35,37.45,338
2026-09-22T09:22:00+05:30,37.45,37.95,36.75,37.9,393
2026-09-22T09:23:00+05:30,37.95,37.95,36.25,36.4,168
2026-09-22T09:24:00+05:30,36.35,36.95,35.4,36.9,379
2026-09-22T09:25:00+05:30,37.05,38.0,36.9,36.95,176
2026-09-22T09:26:00+05:30,36.9,37.4,36.15,37.1,738
2026-09-22T09:27:00+05:30,37.05,37.4,36.35,36.35,475
2026-09-22T09:28:00+05:30,36.25,36.75,35.15,35.75,413
2026-09-22T09:29:00+05:30,35.85,35.9,33.7,33.8,883
2026-09-22T09:30:00+05:30,33.65,34.3,33.45,34.25,761
2026-09-22T09:31:00+05:30,34.15,35.1,34.1,34.5,191
2026-09-22T09:32:00+05:30,34.35,35.7,34.25,35.7,144
2026-09-22T09:33:00+05:30,35.6,35.8,34.95,35.8,90
2026-09-22T09:34:00+05:30,35.85,36.0,34.95,35.2,450
2026-09-22T09:35:00+05:30,35.2,35.2,34.65,35.0,119
2026-09-22T09:36:00+05:30,35.05,35.05,34.4,34.65,142
2026-09-22T09:37:00+05:30,34.45,34.55,33.55,33.8,207
2026-09-22T09:38:00+05:30,33.8,34.0,33.25,33.95,191
2026-09-22T09:39:00+05:30,33.55,33.8,33.15,33.35,153
2026-09-22T09:40:00+05:30,33.45,33.75,33.25,33.3,266
2026-09-22T09:41:00+05:30,33.15,33.15,32.7,33.05,152
2026-09-22T09:42:00+05:30,32.85,33.2,31.95,32.35,334
2026-09-22T09:43:00+05:30,32.35,32.75,32.05,32.3,113
2026-09-22T09:44:00+05:30,32.2,32.6,31.35,31.6,363
2026-09-22T09:45:00+05:30,31.6,32.0,31.35,31.95,181
2026-09-22T09:46:00+05:30,31.7,32.1,31.0,31.2,339
2026-09-22T09:47:00+05:30,31.2,31.2,30.5,30.8,235
2026-09-22T09:48:00+05:30,30.7,31.2,30.15,31.2,260
2026-09-22T09:49:00+05:30,31.1,31.25,30.2,30.5,505
2026-09-22T09:50:00+05:30,30.45,30.45,29.4,29.75,256
2026-09-22T09:51:00+05:30,29.7,30.35,29.65,30.35,134
2026-09-22T09:52:00+05:30,30.2,30.6,29.8,30.2,100
2026-09-22T09:53:00+05:30,30.05,30.1,29.55,29.7,146
2026-09-22T09:54:00+05:30,29.7,29.85,29.35,29.5,163
2026-09-22T09:55:00+05:30,29.4,30.45,29.4,30.1,410
2026-09-22T09:56:00+05:30,30.35,30.4,29.65,30.15,1145
2026-09-22T09:57:00+05:30,30.25,30.95,29.95,30.75,531
2026-09-22T09:58:00+05:30,30.7,30.7,29.85,29.85,132
2026-09-22T09:59:00+05:30,29.6,29.9,29.55,29.7,56
2026-09-22T10:00:00+05:30,29.7,29.85,28.95,29.2,314
2026-09-22T10:01:00+05:30,28.95,30.2,28.8,30.1,145
2026-09-22T10:02:00+05:30,30.3,31.05,30.1,31.05,119
2026-09-22T10:03:00+05:30,30.9,31.15,30.65,30.8,151
2026-09-22T10:04:00+05:30,30.6,30.6,29.95,30.1,44
2026-09-22T10:05:00+05:30,30.15,30.5,29.9,30.5,147
2026-09-22T10:06:00+05:30,30.5,31.65,30.5,31.55,88
2026-09-22T10:07:00+05:30,31.6,31.8,30.7,30.95,392
2026-09-22T10:08:00+05:30,30.95,31.5,30.45,30.45,133
2026-09-22T10:09:00+05:30,30.45,30.45,29.3,29.35,115
2026-09-22T10:10:00+05:30,29.45,30.15,29.45,29.95,123
2026-09-22T10:11:00+05:30,29.75,29.75,28.8,29.2,120
2026-09-22T10:12:00+05:30,29.3,29.75,29.2,29.75,62
2026-09-22T10:13:00+05:30,29.6,30.05,29.6,29.7,362
2026-09-22T10:14:00+05:30,29.4,29.7,28.95,29.6,452
2026-09-22T10:15:00+05:30,29.6,29.75,29.3,29.4,74
2026-09-22T10:16:00+05:30,29.8,30.25,29.35,29.7,127
2026-09-22T10:17:00+05:30,29.8,29.95,29.55,29.65,69
2026-09-22T10:18:00+05:30,29.9,30.4,29.4,29.45,523
2026-09-22T10:19:00+05:30,29.4,29.7,29.25,29.55,130
2026-09-22T10:20:00+05:30,29.55,30.55,29.55,30.45,172
2026-09-22T10:21:00+05:30,30.5,32.15,30.2,32.1,281
2026-09-22T10:22:00+05:30,32.05,33.2,31.9,32.75,496
2026-09-22T10:23:00+05:30,32.6,32.6,31.3,31.8,181
2026-09-22T10:24:00+05:30,31.7,32.25,31.55,32.15,232
2026-09-22T10:25:00+05:30,31.95,32.3,31.85,31.9,95
2026-09-22T10:26:00+05:30,32.0,32.75,32.0,32.45,104
2026-09-22T10:27:00+05:30,32.65,33.0,31.55,31.55,261
2026-09-22T10:28:00+05:30,31.8,32.05,31.25,31.55,108
2026-09-22T10:29:00+05:30,31.25,31.95,30.9,31.95,98
2026-09-22T10:30:00+05:30,31.85,35.0,31.85,34.55,254
2026-09-22T10:31:00+05:30,34.6,37.65,34.55,36.3,743
2026-09-22T10:32:00+05:30,36.05,38.55,35.25,38.2,290
2026-09-22T10:33:00+05:30,38.2,42.0,37.8,41.05,462
2026-09-22T10:34:00+05:30,41.6,41.7,39.0,40.25,389
2026-09-22T10:35:00+05:30,40.5,46.1,40.5,46.1,740
2026-09-22T10:36:00+05:30,46.1,47.0,43.6,43.7,521
2026-09-22T10:37:00+05:30,44.1,44.4,41.4,41.75,556
2026-09-22T10:38:00+05:30,41.6,42.4,40.3,42.4,249
2026-09-22T10:39:00+05:30,42.3,43.05,41.55,41.75,365
2026-09-22T10:40:00+05:30,41.6,42.4,40.85,41.8,212
2026-09-22T10:41:00+05:30,41.95,46.9,41.95,46.65,258
2026-09-22T10:42:00+05:30,47.2,52.0,47.2,48.85,1537
2026-09-22T10:43:00+05:30,49.1,50.0,47.25,48.0,644
2026-09-22T10:44:00+05:30,48.0,50.45,47.55,49.95,491
2026-09-22T10:45:00+05:30,50.2,53.15,50.2,51.9,701
2026-09-22T10:46:00+05:30,51.35,51.7,49.5,49.5,211
2026-09-22T10:47:00+05:30,49.5,49.95,47.55,48.0,341
2026-09-22T10:48:00+05:30,48.25,49.7,47.55,49.6,155
2026-09-22T10:49:00+05:30,49.35,50.0,48.0,50.0,143
2026-09-22T10:50:00+05:30,50.5,53.0,50.45,51.4,247
2026-09-22T10:51:00+05:30,51.65,53.65,51.05,52.3,154
2026-09-22T10:52:00+05:30,52.3,54.25,51.7,53.35,175
2026-09-22T10:53:00+05:30,53.25,53.7,52.6,52.6,123
2026-09-22T10:54:00+05:30,52.5,53.05,50.65,50.8,266
2026-09-22T10:55:00+05:30,50.85,51.4,48.65,48.65,408
2026-09-22T10:56:00+05:30,48.85,49.85,48.25,49.0,126
2026-09-22T10:57:00+05:30,49.0,49.1,46.65,47.5,192
2026-09-22T10:58:00+05:30,47.5,48.3,46.2,46.2,323
2026-09-22T10:59:00+05:30,46.7,47.25,44.85,45.75,268
2026-09-22T11:00:00+05:30,45.65,47.75,45.25,47.4,104
2026-09-22T11:01:00+05:30,47.3,50.7,47.25,49.6,131
2026-09-22T11:02:00+05:30,49.8,51.25,49.7,50.15,128
2026-09-22T11:03:00+05:30,50.55,51.6,50.5,50.8,44
2026-09-22T11:04:00+05:30,50.6,51.5,50.0,51.1,243
2026-09-22T11:05:00+05:30,51.25,53.0,49.85,52.3,273
2026-09-22T11:06:00+05:30,52.25,52.45,50.4,50.4,152
2026-09-22T11:07:00+05:30,50.3,52.0,50.15,50.7,217
2026-09-22T11:08:00+05:30,50.3,51.5,50.3,50.75,112
2026-09-22T11:09:00+05:30,51.15,51.15,48.65,48.9,139
2026-09-22T11:10:00+05:30,48.8,48.8,46.65,46.95,216
2026-09-22T11:11:00+05:30,46.9,47.65,46.0,47.55,149
2026-09-22T11:12:00+05:30,47.25,47.25,46.3,46.3,78
2026-09-22T11:13:00+05:30,46.2,46.55,45.2,45.2,189
2026-09-22T11:14:00+05:30,46.1,46.25,44.0,45.6,925
2026-09-22T11:15:00+05:30,45.5,46.8,45.5,46.5,139
2026-09-22T11:16:00+05:30,46.6,47.15,45.3,45.5,67
2026-09-22T11:17:00+05:30,45.2,46.1,44.3,45.45,85
2026-09-22T11:18:00+05:30,45.75,46.55,45.3,45.8,116
2026-09-22T11:19:00+05:30,46.55,47.3,46.1,46.4,55
2026-09-22T11:20:00+05:30,45.6,47.0,45.5,46.2,91
2026-09-22T11:21:00+05:30,46.55,46.55,45.1,45.4,33
2026-09-22T11:22:00+05:30,45.25,46.4,45.0,45.3,68
2026-09-22T11:23:00+05:30,44.8,45.5,44.4,45.35,119
2026-09-22T11:24:00+05:30,44.85,44.95,44.25,44.6,60
2026-09-22T11:25:00+05:30,44.65,44.65,43.5,44.2,56
2026-09-22T11:26:00+05:30,44.7,45.4,44.4,44.4,68
2026-09-22T11:27:00+05:30,45.1,45.5,44.6,44.9,32
2026-09-22T11:28:00+05:30,44.8,45.0,43.95,44.2,120
2026-09-22T11:29:00+05:30,44.45,45.0,44.1,45.0,14
2026-09-22T11:30:00+05:30,44.65,47.65,44.65,47.2,70
2026-09-22T11:31:00+05:30,46.8,48.75,46.75,48.7,100
2026-09-22T11:32:00+05:30,48.45,50.0,48.1,48.1,298
2026-09-22T11:33:00+05:30,48.2,49.75,48.05,49.05,212
2026-09-22T11:34:00+05:30,49.25,51.9,49.25,51.6,103
2026-09-22T11:35:00+05:30,51.75,53.25,51.05,51.35,206
2026-09-22T11:36:00+05:30,51.2,52.2,50.65,50.65,186
2026-09-22T11:37:00+05:30,50.65,52.0,50.55,51.15,92
2026-09-22T11:38:00+05:30,50.9,51.0,50.0,50.2,203
2026-09-22T11:39:00+05:30,50.3,52.45,50.1,52.05,159
2026-09-22T11:40:00+05:30,51.95,54.5,51.4,51.6,226
2026-09-22T11:41:00+05:30,51.7,51.7,50.55,51.1,166
2026-09-22T11:42:00+05:30,50.95,52.7,50.95,52.25,112
2026-09-22T11:43:00+05:30,52.4,52.6,51.4,52.05,104
2026-09-22T11:44:00+05:30,52.05,52.55,50.85,50.9,178
2026-09-22T11:45:00+05:30,51.25,52.0,50.7,51.1,39
2026-09-22T11:46:00+05:30,50.95,54.65,50.9,53.3,220
2026-09-22T11:47:00+05:30,54.1,54.65,52.6,52.95,167
2026-09-22T11:48:00+05:30,52.25,52.25,50.65,51.25,137
2026-09-22T11:49:00+05:30,51.5,52.25,51.25,51.65,81
2026-09-22T11:50:00+05:30,52.1,52.15,51.3,51.6,80
2026-09-22T11:51:00+05:30,51.7,52.8,51.35,51.85,148
2026-09-22T11:52:00+05:30,52.0,52.0,49.3,49.65,90
2026-09-22T11:53:00+05:30,49.65,51.3,49.65,50.45,67
2026-09-22T11:54:00+05:30,50.55,52.5,50.55,52.3,50
2026-09-22T11:55:00+05:30,52.85,53.25,52.35,52.35,33
2026-09-22T11:56:00+05:30,53.05,53.8,51.4,51.55,66
2026-09-22T11:57:00+05:30,51.75,52.0,50.7,50.7,76
2026-09-22T11:58:00+05:30,50.85,51.45,49.4,49.65,127
2026-09-22T11:59:00+05:30,49.4,49.75,48.8,49.0,87
2026-09-22T12:00:00+05:30,49.9,49.9,48.7,49.6,109
2026-09-22T12:01:00+05:30,49.75,50.75,49.65,49.85,49
2026-09-22T12:02:00+05:30,49.2,49.95,48.6,49.95,178
2026-09-22T12:03:00+05:30,49.9,49.9,47.25,47.75,50
2026-09-22T12:04:00+05:30,47.7,48.35,47.25,47.5,65
2026-09-22T12:05:00+05:30,47.4,47.95,46.6,46.75,168
2026-09-22T12:06:00+05:30,46.95,47.8,46.8,47.05,58
2026-09-22T12:07:00+05:30,47.95,48.5,47.95,48.25,187
2026-09-22T12:08:00+05:30,48.25,48.35,46.55,46.75,77
2026-09-22T12:09:00+05:30,46.65,46.95,45.8,45.8,29
2026-09-22T12:10:00+05:30,46.1,46.1,45.6,46.1,77
2026-09-22T12:11:00+05:30,46.35,47.45,46.1,46.95,100
2026-09-22T12:12:00+05:30,47.25,48.2,47.2,48.2,79
2026-09-22T12:13:00+05:30,48.5,49.0,48.25,48.45,84
2026-09-22T12:14:00+05:30,48.5,49.5,47.0,49.45,109
2026-09-22T12:15:00+05:30,49.95,50.55,49.85,50.1,118
2026-09-22T12:16:00+05:30,50.1,50.3,48.15,48.15,154
2026-09-22T12:17:00+05:30,48.15,48.15,46.75,46.75,38
2026-09-22T12:18:00+05:30,46.75,46.75,46.25,46.5,21
2026-09-22T12:19:00+05:30,46.45,46.45,44.7,45.35,56
2026-09-22T12:20:00+05:30,45.0,45.8,44.75,45.45,80
2026-09-22T12:21:00+05:30,45.7,45.75,43.65,43.95,175
2026-09-22T12:22:00+05:30,43.9,45.2,43.9,45.2,57
2026-09-22T12:23:00+05:30,45.5,45.6,44.9,45.25,56
2026-09-22T12:24:00+05:30,45.45,46.3,45.4,45.5,104
2026-09-22T12:25:00+05:30,45.95,46.1,45.15,45.95,46
2026-09-22T12:26:00+05:30,45.85,45.85,44.45,45.25,112
2026-09-22T12:27:00+05:30,44.45,45.8,44.25,45.0,25
2026-09-22T12:28:00+05:30,45.35,45.55,44.25,44.7,35
2026-09-22T12:29:00+05:30,44.9,46.0,44.5,45.95,106
2026-09-22T12:30:00+05:30,46.0,47.55,46.0,47.55,154
2026-09-22T12:31:00+05:30,47.65,48.0,46.8,46.8,60
2026-09-22T12:32:00+05:30,45.8,46.2,45.8,46.2,6
2026-09-22T12:33:00+05:30,46.25,46.35,45.5,46.35,14
2026-09-22T12:34:00+05:30,46.45,46.5,45.5,45.5,46
2026-09-22T12:35:00+05:30,45.4,45.8,45.05,45.3,112
2026-09-22T12:36:00+05:30,46.0,46.65,46.0,46.2,32
2026-09-22T12:37:00+05:30,46.75,47.35,46.55,47.1,42
2026-09-22T12:38:00+05:30,46.8,47.55,46.8,47.3,41
2026-09-22T12:39:00+05:30,47.25,48.65,47.25,48.15,111
2026-09-22T12:40:00+05:30,48.2,49.2,47.65,47.95,61
2026-09-22T12:41:00+05:30,48.0,49.2,48.0,49.05,43
2026-09-22T12:42:00+05:30,48.95,49.2,48.4,48.85,97
2026-09-22T12:43:00+05:30,48.65,50.4,48.3,50.1,151
2026-09-22T12:44:00+05:30,50.9,52.35,50.7,52.35,139
2026-09-22T12:45:00+05:30,52.5,53.25,51.7,52.5,273
2026-09-22T12:46:00+05:30,52.6,52.6,50.95,51.45,45
2026-09-22T12:47:00+05:30,52.0,52.25,50.85,51.2,59
2026-09-22T12:48:00+05:30,51.0,51.15,49.45,49.45,497
2026-09-22T12:49:00+05:30,49.5,51.4,48.95,51.0,619
2026-09-22T12:50:00+05:30,51.85,52.4,51.8,52.05,54
2026-09-22T12:51:00+05:30,52.0,53.45,51.45,52.6,141
2026-09-22T12:52:00+05:30,52.7,52.95,51.3,51.45,36
2026-09-22T12:53:00+05:30,51.1,52.4,51.05,51.25,40
2026-09-22T12:54:00+05:30,51.7,52.0,51.05,51.9,33
2026-09-22T12:55:00+05:30,52.1,54.7,52.0,54.7,61
2026-09-22T12:56:00+05:30,54.3,55.0,51.9,51.9,88
2026-09-22T12:57:00+05:30,51.9,52.45,51.2,52.3,58
2026-09-22T12:58:00+05:30,52.65,52.65,51.0,51.85,109
2026-09-22T12:59:00+05:30,51.75,52.05,51.75,52.0,34
2026-09-22T13:00:00+05:30,52.3,55.7,52.3,54.15,266
2026-09-22T13:01:00+05:30,54.2,54.8,51.8,52.0,258
2026-09-22T13:02:00+05:30,51.95,54.15,51.2,53.85,50
2026-09-22T13:03:00+05:30,53.95,55.0,53.95,54.05,166
2026-09-22T13:04:00+05:30,54.2,54.85,53.7,54.75,685
2026-09-22T13:05:00+05:30,54.8,55.05,53.3,53.65,327
2026-09-22T13:06:00+05:30,53.85,53.9,52.5,53.2,130
2026-09-22T13:07:00+05:30,53.35,53.35,51.85,52.1,765
2026-09-22T13:08:00+05:30,52.2,53.75,51.6,51.6,377
2026-09-22T13:09:00+05:30,51.95,52.15,50.9,50.9,201
2026-09-22T13:10:00+05:30,50.9,51.1,50.0,50.8,62
2026-09-22T13:11:00+05:30,51.0,52.7,50.95,51.95,84
2026-09-22T13:12:00+05:30,52.2,52.45,51.05,51.55,39
2026-09-22T13:13:00+05:30,51.15,52.55,51.15,52.1,37
2026-09-22T13:14:00+05:30,51.85,52.05,49.75,50.0,63
2026-09-22T13:15:00+05:30,50.0,50.25,49.0,50.0,127
2026-09-22T13:16:00+05:30,50.45,50.75,49.7,49.7,70
2026-09-22T13:17:00+05:30,50.35,52.35,50.05,52.35,203
2026-09-22T13:18:00+05:30,52.4,53.6,51.85,51.85,190
2026-09-22T13:19:00+05:30,51.85,51.9,51.0,51.75,95
2026-09-22T13:20:00+05:30,51.75,53.5,51.7,53.5,256
2026-09-22T13:21:00+05:30,53.1,53.75,52.7,53.45,165
2026-09-22T13:22:00+05:30,53.45,54.0,52.85,53.2,112
2026-09-22T13:23:00+05:30,52.9,53.65,52.5,52.5,43
2026-09-22T13:24:00+05:30,53.25,53.25,51.9,51.9,19
2026-09-22T13:25:00+05:30,51.9,52.65,51.9,52.3,54
2026-09-22T13:26:00+05:30,52.3,53.85,51.8,53.4,25
2026-09-22T13:27:00+05:30,53.1,53.95,52.2,53.05,1023
2026-09-22T13:28:00+05:30,53.0,53.0,51.6,52.4,129
2026-09-22T13:29:00+05:30,52.55,52.8,51.9,52.05,19
2026-09-22T13:30:00+05:30,52.15,52.7,51.8,52.2,110
2026-09-22T13:31:00+05:30,52.15,52.2,51.2,51.65,127
2026-09-22T13:32:00+05:30,51.7,51.8,50.55,51.6,56
2026-09-22T13:33:00+05:30,51.6,51.7,50.65,51.15,134
2026-09-22T13:34:00+05:30,50.65,51.15,50.45,50.85,22
2026-09-22T13:35:00+05:30,51.3,51.3,50.2,50.5,10
2026-09-22T13:36:00+05:30,50.0,50.8,49.4,50.8,53
2026-09-22T13:37:00+05:30,50.8,51.2,49.6,49.7,82
2026-09-22T13:38:00+05:30,49.8,51.25,49.8,51.25,24
2026-09-22T13:39:00+05:30,50.8,50.8,49.9,50.25,27
2026-09-22T13:40:00+05:30,50.2,50.9,50.2,50.3,24
2026-09-22T13:41:00+05:30,50.2,50.65,49.75,50.65,42
2026-09-22T13:42:00+05:30,50.75,50.75,48.65,49.35,86
2026-09-22T13:43:00+05:30,49.45,50.8,49.45,50.35,48
2026-09-22T13:44:00+05:30,50.65,52.4,50.2,52.4,88
2026-09-22T13:45:00+05:30,52.35,53.35,52.25,52.95,211
2026-09-22T13:46:00+05:30,53.5,54.1,53.05,53.5,152
2026-09-22T13:47:00+05:30,53.85,53.85,52.1,52.65,107
2026-09-22T13:48:00+05:30,52.85,53.35,52.5,53.2,43
2026-09-22T13:49:00+05:30,54.5,55.35,53.15,53.15,181
2026-09-22T13:50:00+05:30,53.45,54.45,53.4,53.75,94
2026-09-22T13:51:00+05:30,54.1,55.25,53.8,54.5,81
2026-09-22T13:52:00+05:30,54.25,54.8,53.85,54.0,122
2026-09-22T13:53:00+05:30,54.0,62.05,54.0,60.25,381
2026-09-22T13:54:00+05:30,60.3,64.45,60.3,61.5,643
2026-09-22T13:55:00+05:30,61.05,61.5,57.35,59.25,429
2026-09-22T13:56:00+05:30,59.25,60.45,59.0,59.6,224
2026-09-22T13:57:00+05:30,59.8,60.55,58.9,59.9,324
2026-09-22T13:58:00+05:30,60.0,61.25,59.7,60.2,147
2026-09-22T13:59:00+05:30,60.55,60.8,59.0,59.2,172
2026-09-22T14:00:00+05:30,59.8,63.05,59.7,62.75,267
2026-09-22T14:01:00+05:30,62.75,62.75,59.35,59.35,275
2026-09-22T14:02:00+05:30,59.35,60.5,57.95,60.0,329
2026-09-22T14:03:00+05:30,59.75,59.8,58.5,58.5,115
2026-09-22T14:04:00+05:30,58.8,59.5,56.65,56.65,161
2026-09-22T14:05:00+05:30,57.2,58.4,55.8,57.6,151
2026-09-22T14:06:00+05:30,58.6,59.55,56.55,56.55,62
2026-09-22T14:07:00+05:30,58.0,59.35,57.75,59.1,59
2026-09-22T14:08:00+05:30,58.9,59.75,58.9,59.35,86
2026-09-22T14:09:00+05:30,58.7,59.1,55.15,55.2,119
2026-09-22T14:10:00+05:30,55.2,56.1,53.0,54.8,220
2026-09-22T14:11:00+05:30,54.85,56.45,51.8,52.65,257
2026-09-22T14:12:00+05:30,53.15,53.9,47.95,49.8,374
2026-09-22T14:13:00+05:30,49.1,50.8,48.6,49.45,280
2026-09-22T14:14:00+05:30,50.25,50.25,39.8,39.8,1127
2026-09-22T14:15:00+05:30,40.05,44.75,38.3,44.75,1363
2026-09-22T14:16:00+05:30,44.6,49.15,44.45,46.85,468
2026-09-22T14:17:00+05:30,46.55,46.7,43.8,43.8,376
2026-09-22T14:18:00+05:30,43.45,47.15,43.35,46.0,101
2026-09-22T14:19:00+05:30,46.0,46.75,43.8,43.8,457
2026-09-22T14:20:00+05:30,43.65,44.8,41.8,42.9,290
2026-09-22T14:21:00+05:30,43.0,44.65,41.55,44.65,198
2026-09-22T14:22:00+05:30,44.55,45.25,44.3,44.7,169
2026-09-22T14:23:00+05:30,45.0,45.1,43.9,45.1,126
2026-09-22T14:24:00+05:30,45.55,46.55,44.75,46.2,206
2026-09-22T14:25:00+05:30,46.25,46.6,43.2,43.75,220
2026-09-22T14:26:00+05:30,43.75,44.55,42.4,43.25,162
2026-09-22T14:27:00+05:30,42.65,43.95,42.5,43.1,181
2026-09-22T14:28:00+05:30,43.15,44.1,42.6,42.6,200
2026-09-22T14:29:00+05:30,42.4,42.6,41.85,42.55,191
2026-09-22T14:30:00+05:30,42.65,42.65,41.4,41.95,97
2026-09-22T14:31:00+05:30,41.8,42.1,40.05,40.4,316
2026-09-22T14:32:00+05:30,40.35,40.55,38.25,38.9,275
2026-09-22T14:33:00+05:30,38.95,41.15,38.9,41.05,94
2026-09-22T14:34:00+05:30,41.45,43.4,40.85,42.7,242
2026-09-22T14:35:00+05:30,42.75,43.35,41.65,41.9,84
2026-09-22T14:36:00+05:30,41.9,42.3,40.55,40.55,133
2026-09-22T14:37:00+05:30,42.05,42.9,42.0,42.0,52
2026-09-22T14:38:00+05:30,41.9,43.85,41.9,43.85,44
2026-09-22T14:39:00+05:30,43.75,44.05,42.5,42.9,66
2026-09-22T14:40:00+05:30,42.45,44.4,42.45,44.25,47
2026-09-22T14:41:00+05:30,44.8,46.0,43.3,44.75,281
2026-09-22T14:42:00+05:30,44.7,48.0,44.7,46.75,227
2026-09-22T14:43:00+05:30,46.6,46.65,45.65,46.2,137
2026-09-22T14:44:00+05:30,45.85,45.85,44.95,45.3,51
2026-09-22T14:45:00+05:30,45.15,46.05,42.6,43.0,96
2026-09-22T14:46:00+05:30,43.55,44.9,43.3,43.65,84
2026-09-22T14:47:00+05:30,43.65,44.8,43.45,44.35,18
2026-09-22T14:48:00+05:30,44.7,46.25,44.4,45.85,149
2026-09-22T14:49:00+05:30,46.0,46.4,45.55,46.25,105
2026-09-22T14:50:00+05:30,47.0,47.35,44.8,44.85,107
2026-09-22T14:51:00+05:30,45.2,46.55,45.2,46.55,31
2026-09-22T14:52:00+05:30,46.75,47.2,45.45,45.45,54
2026-09-22T14:53:00+05:30,45.4,46.15,44.8,45.6,94
2026-09-22T14:54:00+05:30,45.65,46.0,44.9,45.4,39
2026-09-22T14:55:00+05:30,45.2,45.65,44.25,44.45,59
2026-09-22T14:56:00+05:30,44.3,46.15,44.3,45.15,73
2026-09-22T14:57:00+05:30,45.0,45.8,44.9,45.8,110
2026-09-22T14:58:00+05:30,45.8,47.25,45.25,47.05,64
2026-09-22T14:59:00+05:30,47.0,48.1,46.75,47.1,339
2026-09-22T15:00:00+05:30,46.65,47.5,45.8,47.5,289
2026-09-22T15:01:00+05:30,47.5,48.55,45.7,46.0,108
2026-09-22T15:02:00+05:30,46.1,46.2,44.5,45.4,102
2026-09-22T15:03:00+05:30,45.6,45.7,43.5,43.6,105
2026-09-22T15:04:00+05:30,43.55,44.9,43.55,44.6,81
2026-09-22T15:05:00+05:30,45.25,45.5,44.55,45.5,121
2026-09-22T15:06:00+05:30,45.7,46.7,45.55,45.6,111
2026-09-22T15:07:00+05:30,45.7,46.9,45.5,46.9,99
2026-09-22T15:08:00+05:30,46.9,47.65,46.85,47.4,156
2026-09-22T15:09:00+05:30,47.4,47.85,46.3,46.3,63
2026-09-22T15:10:00+05:30,46.75,47.35,45.2,45.35,391
2026-09-22T15:11:00+05:30,45.9,46.45,43.6,43.95,242
2026-09-22T15:12:00+05:30,43.85,45.1,42.95,42.95,178
2026-09-22T15:13:00+05:30,43.5,44.2,43.05,43.95,139
2026-09-22T15:14:00+05:30,43.4,44.15,42.95,44.1,127
2026-09-22T15:15:00+05:30,44.05,45.7,44.05,45.25,79
2026-09-22T15:16:00+05:30,45.25,45.25,43.7,43.85,124
2026-09-22T15:17:00+05:30,43.5,44.75,43.5,44.75,102
2026-09-22T15:18:00+05:30,44.5,44.95,44.15,44.95,83
2026-09-22T15:19:00+05:30,45.0,45.85,44.75,44.75,124
2026-09-22T15:20:00+05:30,44.45,46.5,44.45,45.05,122
2026-09-22T15:21:00+05:30,44.05,45.45,43.75,44.4,106
2026-09-22T15:22:00+05:30,44.4,45.9,43.55,43.95,142
2026-09-22T15:23:00+05:30,43.95,44.0,42.8,43.2,150
2026-09-22T15:24:00+05:30,43.25,43.3,42.5,42.8,80
2026-09-22T15:25:00+05:30,42.85,43.5,42.6,43.3,112
2026-09-22T15:26:00+05:30,43.0,43.65,42.2,43.2,112
2026-09-22T15:27:00+05:30,43.1,43.85,42.9,43.3,203
2026-09-22T15:28:00+05:30,43.6,45.0,43.6,44.5,164
2026-09-22T15:29:00+05:30,44.3,46.05,44.15,45.9,484
2026-09-22T15:30:00+05:30,45.9,47.7,45.85,47.5,221
2026-09-22T15:31:00+05:30,47.4,47.5,46.15,46.8,1031
2026-09-22T15:32:00+05:30,46.85,47.6,46.35,47.0,550
2026-09-22T15:33:00+05:30,47.0,47.2,43.85,44.0,290
2026-09-22T15:34:00+05:30,44.0,44.0,41.5,41.65,416
2026-09-22T15:35:00+05:30,41.5,42.1,39.55,39.6,473
2026-09-22T15:36:00+05:30,39.6,39.7,38.75,38.95,265
2026-09-22T15:37:00+05:30,38.75,38.85,36.5,36.55,374
2026-09-22T15:38:00+05:30,36.4,37.0,35.8,36.2,851
2026-09-22T15:39:00+05:30,36.05,37.9,34.2,37.9,801
2026-09-23T09:15:00+05:30,40.55,40.55,30.15,35.2,2065
2026-09-23T09:16:00+05:30,35.3,35.35,32.1,32.75,1073
2026-09-23T09:17:00+05:30,32.55,32.75,30.55,30.75,833
2026-09-23T09:18:00+05:30,30.5,30.85,28.8,30.0,1083
2026-09-23T09:19:00+05:30,29.9,29.9,28.4,28.7,628
2026-09-23T09:20:00+05:30,28.6,28.9,27.4,28.6,880
2026-09-23T09:21:00+05:30,28.3,29.7,27.95,29.65,399
2026-09-23T09:22:00+05:30,29.55,29.7,28.35,29.45,528
2026-09-23T09:23:00+05:30,29.2,30.3,28.65,30.25,259
2026-09-23T09:24:00+05:30,30.2,31.05,30.05,30.1,241
2026-09-23T09:25:00+05:30,30.5,33.0,30.5,31.5,642
2026-09-23T09:26:00+05:30,31.45,32.6,30.9,32.25,275
2026-09-23T09:27:00+05:30,32.15,32.3,30.35,30.7,139
2026-09-23T09:28:00+05:30,30.75,30.85,29.7,30.1,405
2026-09-23T09:29:00+05:30,30.3,30.8,29.6,30.3,195
2026-09-23T09:30:00+05:30,30.15,30.15,27.95,28.0,387
2026-09-23T09:31:00+05:30,28.2,29.35,27.4,29.2,251
2026-09-23T09:32:00+05:30,29.2,29.2,27.6,27.7,167
2026-09-23T09:33:00+05:30,27.85,28.65,27.2,27.5,166
2026-09-23T09:34:00+05:30,27.6,28.0,27.1,27.15,134
2026-09-23T09:35:00+05:30,27.05,27.7,26.7,27.55,394
2026-09-23T09:36:00+05:30,27.35,29.4,27.1,28.1,416
2026-09-23T09:37:00+05:30,27.9,28.05,27.55,27.55,282
2026-09-23T09:38:00+05:30,27.5,27.6,26.95,27.15,180
2026-09-23T09:39:00+05:30,27.2,28.65,27.0,28.65,153
2026-09-23T09:40:00+05:30,28.55,28.55,27.0,27.3,187
2026-09-23T09:41:00+05:30,27.25,27.35,26.5,26.7,148
2026-09-23T09:42:00+05:30,26.6,26.6,25.85,26.35,147
2026-09-23T09:43:00+05:30,26.2,26.55,26.1,26.3,149
2026-09-23T09:44:00+05:30,26.2,26.7,25.05,25.35,191
2026-09-23T09:45:00+05:30,25.2,25.25,24.5,25.15,654
2026-09-23T09:46:00+05:30,25.2,25.3,24.6,25.0,91
2026-09-23T09:47:00+05:30,25.05,25.1,24.45,24.85,228
2026-09-23T09:48:00+05:30,24.75,25.9,24.4,25.9,101
2026-09-23T09:49:00+05:30,26.0,27.3,25.9,26.1,136
2026-09-23T09:50:00+05:30,26.35,27.3,26.35,26.75,212
2026-09-23T09:51:00+05:30,26.85,27.15,26.15,26.6,429
2026-09-23T09:52:00+05:30,26.4,26.95,25.8,26.45,96
2026-09-23T09:53:00+05:30,26.25,27.05,25.7,27.05,80
2026-09-23T09:54:00+05:30,27.0,28.9,27.0,28.15,218
2026-09-23T09:55:00+05:30,27.9,28.25,27.2,27.2,157
2026-09-23T09:56:00+05:30,27.0,27.0,26.0,26.05,206
2026-09-23T09:57:00+05:30,25.9,25.95,25.15,25.7,121
2026-09-23T09:58:00+05:30,25.95,26.05,24.75,25.05,129
2026-09-23T09:59:00+05:30,25.0,25.0,23.4,23.9,613
2026-09-23T10:00:00+05:30,24.05,24.55,22.6,23.2,575
2026-09-23T10:01:00+05:30,23.4,23.65,22.85,23.6,366
2026-09-23T10:02:00+05:30,23.5,23.95,23.3,23.8,440
2026-09-23T10:03:00+05:30,23.6,23.85,22.9,23.4,470
2026-09-23T10:04:00+05:30,23.3,23.5,22.7,23.2,169
2026-09-23T10:05:00+05:30,23.2,23.3,22.65,22.85,204
2026-09-23T10:06:00+05:30,22.9,23.25,22.55,23.1,291
2026-09-23T10:07:00+05:30,23.25,23.65,23.2,23.45,119
2026-09-23T10:08:00+05:30,23.8,23.8,22.95,23.35,160
2026-09-23T10:09:00+05:30,23.35,23.35,22.95,23.1,139
2026-09-23T10:10:00+05:30,23.15,23.45,22.75,23.45,377
2026-09-23T10:11:00+05:30,23.6,24.15,23.5,24.0,187
2026-09-23T10:12:00+05:30,23.95,24.0,23.15,23.4,71
2026-09-23T10:13:00+05:30,23.0,23.35,22.5,23.05,189
2026-09-23T10:14:00+05:30,23.0,23.3,22.85,22.85,117
2026-09-23T10:15:00+05:30,23.0,23.1,22.45,22.55,135
2026-09-23T10:16:00+05:30,22.4,22.9,22.0,22.5,284
2026-09-23T10:17:00+05:30,22.45,22.6,21.95,22.2,152
2026-09-23T10:18:00+05:30,22.2,22.2,21.45,22.2,328
2026-09-23T10:19:00+05:30,22.0,22.6,22.0,22.15,125
2026-09-23T10:20:00+05:30,22.15,22.3,21.75,21.95,114
2026-09-23T10:21:00+05:30,21.8,22.0,21.6,22.0,255
2026-09-23T10:22:00+05:30,21.95,22.6,21.7,22.55,684
2026-09-23T10:23:00+05:30,22.4,22.45,21.8,21.95,266
2026-09-23T10:24:00+05:30,22.0,22.65,22.0,22.4,206
2026-09-23T10:25:00+05:30,22.35,22.45,22.0,22.15,566
2026-09-23T10:26:00+05:30,22.05,22.35,21.65,21.95,312
2026-09-23T10:27:00+05:30,21.85,21.9,21.45,21.65,110
2026-09-23T10:28:00+05:30,21.7,21.8,21.05,21.5,195
2026-09-23T10:29:00+05:30,21.45,21.9,21.45,21.8,327
2026-09-23T10:30:00+05:30,21.65,22.25,21.55,22.2,186
2026-09-23T10:31:00+05:30,22.1,22.5,22.05,22.15,165
2026-09-23T10:32:00+05:30,22.25,22.55,22.0,22.0,73
2026-09-23T10:33:00+05:30,22.0,22.45,21.95,21.95,78
2026-09-23T10:34:00+05:30,21.9,22.1,21.8,21.95,905
2026-09-23T10:35:00+05:30,21.85,22.35,21.5,22.25,1236
2026-09-23T10:36:00+05:30,22.25,22.35,21.6,21.7,129
2026-09-23T10:37:00+05:30,21.65,21.7,20.95,21.05,281
2026-09-23T10:38:00+05:30,21.0,21.15,20.65,20.65,210
2026-09-23T10:39:00+05:30,20.6,21.0,20.4,20.8,190
2026-09-23T10:40:00+05:30,20.85,21.2,20.7,21.1,254
2026-09-23T10:41:00+05:30,21.05,21.6,20.85,21.5,181
2026-09-23T10:42:00+05:30,21.4,21.55,21.05,21.45,505
2026-09-23T10:43:00+05:30,21.45,21.5,21.15,21.25,115
2026-09-23T10:44:00+05:30,21.25,21.25,20.8,20.8,411
2026-09-23T10:45:00+05:30,20.85,21.2,20.75,21.1,168
2026-09-23T10:46:00+05:30,21.0,21.45,20.8,21.3,301
2026-09-23T10:47:00+05:30,21.45,21.7,20.95,21.65,325
2026-09-23T10:48:00+05:30,21.7,22.0,21.55,21.85,122
2026-09-23T10:49:00+05:30,21.8,22.2,21.7,22.0,199
2026-09-23T10:50:00+05:30,21.95,22.0,21.45,21.6,148
2026-09-23T10:51:00+05:30,21.55,21.8,21.5,21.6,124
2026-09-23T10:52:00+05:30,21.6,21.65,20.95,21.05,425
2026-09-23T10:53:00+05:30,21.1,21.25,20.65,20.8,108
2026-09-23T10:54:00+05:30,20.9,21.5,20.7,21.3,270
2026-09-23T10:55:00+05:30,21.1,21.25,20.8,20.95,184
2026-09-23T10:56:00+05:30,21.0,21.45,20.8,21.2,200
2026-09-23T10:57:00+05:30,21.1,21.5,20.9,21.2,177
2026-09-23T10:58:00+05:30,21.2,21.25,20.9,21.1,58
2026-09-23T10:59:00+05:30,21.1,21.4,21.1,21.2,251
2026-09-23T11:00:00+05:30,21.2,21.55,21.0,21.5,145
2026-09-23T11:01:00+05:30,21.2,21.4,20.95,21.25,117
2026-09-23T11:02:00+05:30,21.05,21.35,21.05,21.1,158
2026-09-23T11:03:00+05:30,21.2,21.25,20.9,21.15,81
2026-09-23T11:04:00+05:30,21.15,21.35,21.0,21.25,65
2026-09-23T11:05:00+05:30,21.25,21.35,20.7,20.8,199
2026-09-23T11:06:00+05:30,20.8,20.8,20.35,20.4,188
2026-09-23T11:07:00+05:30,20.55,20.55,20.15,20.3,160
2026-09-23T11:08:00+05:30,20.45,20.6,20.2,20.35,273
2026-09-23T11:09:00+05:30,20.45,20.65,20.45,20.5,155
2026-09-23T11:10:00+05:30,20.45,20.5,20.15,20.35,137
2026-09-23T11:11:00+05:30,20.3,20.35,20.1,20.3,107
2026-09-23T11:12:00+05:30,20.3,20.35,20.15,20.3,74
2026-09-23T11:13:00+05:30,20.25,20.45,20.15,20.4,53
2026-09-23T11:14:00+05:30,20.4,20.55,20.3,20.5,180
2026-09-23T11:15:00+05:30,20.4,20.65,20.3,20.55,249
2026-09-23T11:16:00+05:30,20.6,21.1,20.55,20.95,122
2026-09-23T11:17:00+05:30,20.9,21.1,20.8,20.95,222
2026-09-23T11:18:00+05:30,21.0,21.15,20.85,21.0,447
2026-09-23T11:19:00+05:30,21.05,21.25,20.95,21.1,202
2026-09-23T11:20:00+05:30,21.1,21.15,20.8,21.0,99
2026-09-23T11:21:00+05:30,21.0,21.2,20.85,21.05,216
2026-09-23T11:22:00+05:30,21.1,21.15,20.9,21.0,46
2026-09-23T11:23:00+05:30,21.05,21.2,20.95,21.2,21
2026-09-23T11:24:00+05:30,21.15,21.25,21.0,21.1,167
2026-09-23T11:25:00+05:30,21.25,21.4,20.9,21.0,162
2026-09-23T11:26:00+05:30,20.9,21.15,20.7,21.05,321
2026-09-23T11:27:00+05:30,21.1,21.75,21.1,21.5,151
2026-09-23T11:28:00+05:30,21.45,21.55,21.4,21.4,110
2026-09-23T11:29:00+05:30,21.5,21.5,21.4,21.4,5
2026-09-23T11:30:00+05:30,21.45,21.45,20.9,21.3,100
2026-09-23T11:31:00+05:30,21.3,21.45,21.05,21.25,48
2026-09-23T11:32:00+05:30,21.15,21.2,20.7,20.8,99
2026-09-23T11:33:00+05:30,20.9,21.15,20.75,20.9,113
2026-09-23T11:34:00+05:30,20.95,21.3,20.85,21.25,86
2026-09-23T11:35:00+05:30,21.3,21.55,21.25,21.4,86
2026-09-23T11:36:00+05:30,21.4,21.55,21.25,21.35,52
2026-09-23T11:37:00+05:30,21.35,21.6,21.3,21.5,173
2026-09-23T11:38:00+05:30,21.65,21.75,21.3,21.4,137
2026-09-23T11:39:00+05:30,21.45,21.7,21.3,21.3,36
2026-09-23T11:40:00+05:30,21.25,21.25,20.95,21.0,44
2026-09-23T11:41:00+05:30,20.9,20.9,20.55,20.55,116
2026-09-23T11:42:00+05:30,20.65,20.7,20.3,20.4,136
2026-09-23T11:43:00+05:30,20.35,20.35,20.05,20.15,172
2026-09-23T11:44:00+05:30,20.15,20.25,20.05,20.15,138
2026-09-23T11:45:00+05:30,20.15,20.5,20.1,20.5,45
2026-09-23T11:46:00+05:30,20.5,20.65,20.25,20.35,101
2026-09-23T11:47:00+05:30,20.4,20.65,20.3,20.35,79
2026-09-23T11:48:00+05:30,20.4,20.7,20.3,20.5,128
2026-09-23T11:49:00+05:30,20.5,20.85,20.4,20.85,165
2026-09-23T11:50:00+05:30,21.05,21.45,21.0,21.35,86
2026-09-23T11:51:00+05:30,21.45,21.85,21.25,21.75,120
2026-09-23T11:52:00+05:30,21.8,21.95,21.35,21.35,204
2026-09-23T11:53:00+05:30,21.3,21.3,21.0,21.05,81
2026-09-23T11:54:00+05:30,21.05,21.15,20.9,21.15,28
2026-09-23T11:55:00+05:30,21.05,21.3,21.0,21.3,24
2026-09-23T11:56:00+05:30,21.3,21.4,21.15,21.3,25
2026-09-23T11:57:00+05:30,21.45,21.55,21.35,21.55,78
2026-09-23T11:58:00+05:30,21.45,21.45,21.15,21.35,46
2026-09-23T11:59:00+05:30,21.05,21.25,21.05,21.25,35
2026-09-23T12:00:00+05:30,21.2,21.2,20.95,21.15,31
2026-09-23T12:01:00+05:30,20.95,20.95,20.1,20.1,50
2026-09-23T12:02:00+05:30,20.25,20.65,20.05,20.25,211
2026-09-23T12:03:00+05:30,20.15,20.35,20.1,20.1,34
2026-09-23T12:04:00+05:30,20.1,20.2,19.95,20.15,178
2026-09-23T12:05:00+05:30,20.05,20.3,19.65,20.15,83
2026-09-23T12:06:00+05:30,19.95,20.1,19.6,19.6,267
2026-09-23T12:07:00+05:30,19.75,20.15,19.7,20.1,118
2026-09-23T12:08:00+05:30,20.15,20.5,20.0,20.4,54
2026-09-23T12:09:00+05:30,20.45,20.45,20.25,20.35,43
2026-09-23T12:10:00+05:30,20.15,20.25,19.8,20.05,71
2026-09-23T12:11:00+05:30,20.1,20.2,20.0,20.0,33
2026-09-23T12:12:00+05:30,20.1,20.1,19.95,19.95,21
2026-09-23T12:13:00+05:30,19.9,20.2,19.9,20.05,3
2026-09-23T12:14:00+05:30,19.95,20.2,19.9,20.15,38
2026-09-23T12:15:00+05:30,20.2,20.45,20.2,20.3,48
2026-09-23T12:16:00+05:30,20.45,20.5,20.3,20.3,29
2026-09-23T12:17:00+05:30,20.4,20.5,20.25,20.25,160
2026-09-23T12:18:00+05:30,20.25,20.3,20.1,20.1,32
2026-09-23T12:19:00+05:30,20.25,20.25,20.05,20.05,18
2026-09-23T12:20:00+05:30,20.1,20.4,20.1,20.35,36
2026-09-23T12:21:00+05:30,20.3,20.5,20.2,20.5,124
2026-09-23T12:22:00+05:30,20.5,20.7,20.45,20.55,16
2026-09-23T12:23:00+05:30,20.55,20.8,20.5,20.8,37
2026-09-23T12:24:00+05:30,20.8,20.95,20.5,20.85,112
2026-09-23T12:25:00+05:30,20.75,21.2,20.65,21.15,89
2026-09-23T12:26:00+05:30,21.1,21.15,20.65,21.0,88
2026-09-23T12:27:00+05:30,21.0,21.15,20.75,20.9,221
2026-09-23T12:28:00+05:30,20.95,21.0,20.8,20.85,55
2026-09-23T12:29:00+05:30,20.8,21.0,20.8,21.0,18
2026-09-23T12:30:00+05:30,20.65,21.05,20.65,20.95,21
2026-09-23T12:31:00+05:30,21.1,21.1,20.6,20.9,22
2026-09-23T12:32:00+05:30,20.85,20.85,20.5,20.6,84
2026-09-23T12:33:00+05:30,20.5,20.55,20.15,20.2,77
2026-09-23T12:34:00+05:30,20.2,20.65,19.8,20.4,59
2026-09-23T12:35:00+05:30,20.3,20.7,20.25,20.65,88
2026-09-23T12:36:00+05:30,20.6,20.8,20.5,20.8,70
2026-09-23T12:37:00+05:30,20.85,20.95,20.75,20.9,52
2026-09-23T12:38:00+05:30,20.85,20.85,20.65,20.65,22
2026-09-23T12:39:00+05:30,20.75,20.85,20.7,20.7,18
2026-09-23T12:40:00+05:30,20.7,20.9,20.7,20.75,25
2026-09-23T12:41:00+05:30,20.6,21.0,20.3,20.45,225
2026-09-23T12:42:00+05:30,20.4,20.55,20.35,20.45,53
2026-09-23T12:43:00+05:30,20.45,20.45,20.3,20.45,35
2026-09-23T12:44:00+05:30,20.6,20.7,20.6,20.7,5
2026-09-23T12:45:00+05:30,20.7,20.95,20.65,20.7,17
2026-09-23T12:46:00+05:30,20.6,20.95,20.55,20.95,188
2026-09-23T12:47:00+05:30,20.9,21.25,20.8,21.25,194
2026-09-23T12:48:00+05:30,21.1,21.25,20.85,20.85,38
2026-09-23T12:49:00+05:30,20.85,20.9,20.45,20.6,143
2026-09-23T12:50:00+05:30,20.55,20.75,20.5,20.55,43
2026-09-23T12:51:00+05:30,20.5,20.85,20.5,20.85,7
2026-09-23T12:52:00+05:30,20.75,21.4,20.75,21.1,23
2026-09-23T12:53:00+05:30,21.35,21.65,21.25,21.5,33
2026-09-23T12:54:00+05:30,21.4,21.8,21.3,21.5,92
2026-09-23T12:55:00+05:30,21.5,21.65,21.1,21.2,95
2026-09-23T12:56:00+05:30,21.0,21.0,20.55,20.9,21
2026-09-23T12:57:00+05:30,20.9,20.95,20.45,20.6,75
2026-09-23T12:58:00+05:30,20.6,20.7,20.5,20.7,54
2026-09-23T12:59:00+05:30,20.7,20.75,20.3,20.5,127
2026-09-23T13:00:00+05:30,20.5,20.8,20.2,20.3,77
2026-09-23T13:01:00+05:30,20.3,20.45,20.05,20.4,78
2026-09-23T13:02:00+05:30,20.25,20.4,19.65,19.75,94
2026-09-23T13:03:00+05:30,19.85,20.25,19.7,19.8,92
2026-09-23T13:04:00+05:30,19.9,20.25,19.9,20.05,112
2026-09-23T13:05:00+05:30,20.0,20.35,19.85,20.25,86
2026-09-23T13:06:00+05:30,20.35,20.4,20.0,20.1,53
2026-09-23T13:07:00+05:30,20.0,20.0,19.35,19.55,225
2026-09-23T13:08:00+05:30,19.7,19.85,19.45,19.75,95
2026-09-23T13:09:00+05:30,19.95,20.05,19.8,19.95,173
2026-09-23T13:10:00+05:30,19.85,20.05,19.75,20.05,114
2026-09-23T13:11:00+05:30,19.95,20.4,19.85,20.1,102
2026-09-23T13:12:00+05:30,20.05,20.2,20.0,20.05,64
2026-09-23T13:13:00+05:30,20.1,20.35,20.0,20.25,58
2026-09-23T13:14:00+05:30,20.15,20.25,20.1,20.1,33
2026-09-23T13:15:00+05:30,20.1,20.25,20.1,20.2,60
2026-09-23T13:16:00+05:30,20.1,20.2,19.9,20.0,163
2026-09-23T13:17:00+05:30,20.15,20.4,20.1,20.4,34
2026-09-23T13:18:00+05:30,20.3,20.4,20.25,20.25,10
2026-09-23T13:19:00+05:30,20.25,20.3,20.0,20.25,200
2026-09-23T13:20:00+05:30,20.2,20.35,20.05,20.35,70
2026-09-23T13:21:00+05:30,20.4,20.55,20.2,20.55,201
2026-09-23T13:22:00+05:30,20.4,20.45,20.25,20.35,38
2026-09-23T13:23:00+05:30,20.35,20.6,20.35,20.45,36
2026-09-23T13:24:00+05:30,20.4,20.75,20.35,20.65,29
2026-09-23T13:25:00+05:30,20.6,20.6,20.55,20.55,8
2026-09-23T13:26:00+05:30,20.75,20.8,20.75,20.8,13
2026-09-23T13:27:00+05:30,20.65,20.8,20.55,20.8,14
2026-09-23T13:28:00+05:30,20.7,20.8,20.7,20.8,20
2026-09-23T13:29:00+05:30,20.8,21.0,20.8,20.85,51
2026-09-23T13:30:00+05:30,20.95,21.25,20.95,21.05,64
2026-09-23T13:31:00+05:30,21.0,21.1,20.7,21.1,19
2026-09-23T13:32:00+05:30,21.15,21.3,21.0,21.2,47
2026-09-23T13:33:00+05:30,21.3,21.55,21.2,21.4,23
2026-09-23T13:34:00+05:30,21.5,21.6,21.1,21.35,34
2026-09-23T13:35:00+05:30,21.5,21.8,21.3,21.75,83
2026-09-23T13:36:00+05:30,21.55,21.9,21.45,21.55,83
2026-09-23T13:37:00+05:30,21.35,21.35,20.85,20.85,88
2026-09-23T13:38:00+05:30,21.0,21.0,20.8,20.9,33
2026-09-23T13:39:00+05:30,20.85,20.95,20.55,20.6,103
2026-09-23T13:40:00+05:30,20.55,20.95,20.4,20.8,153
2026-09-23T13:41:00+05:30,20.85,21.1,20.45,20.55,32
2026-09-23T13:42:00+05:30,20.5,20.7,20.2,20.35,101
2026-09-23T13:43:00+05:30,20.3,20.35,20.15,20.2,18
2026-09-23T13:44:00+05:30,20.3,20.4,19.95,20.05,55
2026-09-23T13:45:00+05:30,19.85,19.95,19.55,19.6,195
2026-09-23T13:46:00+05:30,19.55,19.6,19.25,19.55,67
2026-09-23T13:47:00+05:30,19.6,20.15,19.6,20.15,15
2026-09-23T13:48:00+05:30,19.6,19.95,19.55,19.55,139
2026-09-23T13:49:00+05:30,19.55,19.6,19.3,19.35,90
2026-09-23T13:50:00+05:30,19.45,19.75,19.45,19.75,26
2026-09-23T13:51:00+05:30,19.65,19.9,19.55,19.85,67
2026-09-23T13:52:00+05:30,19.85,19.85,19.8,19.8,98
2026-09-23T13:53:00+05:30,19.9,19.9,19.9,19.9,15
2026-09-23T13:54:00+05:30,19.7,19.9,19.55,19.6,19
2026-09-23T13:55:00+05:30,19.55,19.8,19.5,19.75,48
2026-09-23T13:56:00+05:30,19.7,19.8,19.5,19.8,94
2026-09-23T13:57:00+05:30,19.65,19.9,19.6,19.75,39
2026-09-23T13:58:00+05:30,19.85,19.95,19.75,19.9,25
2026-09-23T13:59:00+05:30,19.95,19.95,19.8,19.95,30
2026-09-23T14:00:00+05:30,19.8,19.85,19.65,19.75,95
2026-09-23T14:01:00+05:30,19.75,19.85,19.6,19.7,268
2026-09-23T14:02:00+05:30,19.6,19.7,19.4,19.45,32
2026-09-23T14:03:00+05:30,19.55,19.55,19.1,19.15,73
2026-09-23T14:04:00+05:30,19.0,19.45,18.85,19.45,225
2026-09-23T14:05:00+05:30,19.2,19.35,19.05,19.2,50
2026-09-23T14:06:00+05:30,19.05,19.1,18.95,18.95,38
2026-09-23T14:07:00+05:30,19.05,19.2,18.65,18.8,51
2026-09-23T14:08:00+05:30,18.85,19.0,18.45,18.45,360
2026-09-23T14:09:00+05:30,18.5,18.55,18.15,18.35,124
2026-09-23T14:10:00+05:30,18.4,18.5,18.15,18.35,113
2026-09-23T14:11:00+05:30,18.2,18.4,18.05,18.3,127
2026-09-23T14:12:00+05:30,18.3,18.4,18.1,18.4,124
2026-09-23T14:13:00+05:30,18.35,18.35,18.1,18.1,8
2026-09-23T14:14:00+05:30,18.45,18.5,17.95,18.2,243
2026-09-23T14:15:00+05:30,18.05,18.1,17.9,18.0,40
2026-09-23T14:16:00+05:30,17.9,18.05,17.85,17.85,17
2026-09-23T14:17:00+05:30,17.9,18.15,17.85,18.0,61
2026-09-23T14:18:00+05:30,17.75,17.9,17.6,17.6,55
2026-09-23T14:19:00+05:30,17.55,17.95,17.5,17.85,161
2026-09-23T14:20:00+05:30,17.9,18.0,17.8,17.9,78
2026-09-23T14:21:00+05:30,17.95,18.0,17.7,17.7,37
2026-09-23T14:22:00+05:30,17.8,18.0,17.65,17.95,101
2026-09-23T14:23:00+05:30,17.9,17.9,17.55,17.6,40
2026-09-23T14:24:00+05:30,17.7,18.05,17.65,18.0,65
2026-09-23T14:25:00+05:30,18.0,18.2,17.9,18.1,177
2026-09-23T14:26:00+05:30,18.05,18.1,17.85,18.0,104
2026-09-23T14:27:00+05:30,18.0,18.0,17.8,17.85,48
2026-09-23T14:28:00+05:30,17.95,18.0,17.6,17.6,75
2026-09-23T14:29:00+05:30,17.65,17.8,17.5,17.6,72
2026-09-23T14:30:00+05:30,17.6,17.6,17.4,17.5,53
2026-09-23T14:31:00+05:30,17.45,17.8,17.35,17.6,51
2026-09-23T14:32:00+05:30,17.7,17.8,17.6,17.6,267
2026-09-23T14:33:00+05:30,17.55,17.75,17.5,17.75,165
2026-09-23T14:34:00+05:30,17.75,17.75,17.55,17.6,292
2026-09-23T14:35:00+05:30,17.6,18.0,17.6,17.9,465
2026-09-23T14:36:00+05:30,17.95,18.2,17.7,17.95,178
2026-09-23T14:37:00+05:30,18.0,18.15,17.9,17.9,46
2026-09-23T14:38:00+05:30,17.9,18.4,17.9,18.05,282
2026-09-23T14:39:00+05:30,18.0,18.25,18.0,18.15,57
2026-09-23T14:40:00+05:30,18.05,18.45,17.95,18.15,77
2026-09-23T14:41:00+05:30,18.2,18.55,18.2,18.45,72
2026-09-23T14:42:00+05:30,18.55,18.7,18.35,18.55,38
2026-09-23T14:43:00+05:30,18.6,18.75,18.2,18.2,217
2026-09-23T14:44:00+05:30,18.25,18.3,18.0,18.15,39
2026-09-23T14:45:00+05:30,18.1,18.15,17.8,18.0,278
2026-09-23T14:46:00+05:30,18.0,18.3,17.55,17.7,171
2026-09-23T14:47:00+05:30,17.9,18.4,17.9,18.2,151
2026-09-23T14:48:00+05:30,18.35,18.4,17.95,18.05,138
2026-09-23T14:49:00+05:30,18.15,18.25,17.95,18.1,165
2026-09-23T14:50:00+05:30,18.25,18.4,18.0,18.25,51
2026-09-23T14:51:00+05:30,18.1,18.35,17.9,17.95,217
2026-09-23T14:52:00+05:30,17.85,18.35,17.7,18.3,164
2026-09-23T14:53:00+05:30,18.3,18.3,18.0,18.05,56
2026-09-23T14:54:00+05:30,18.1,18.15,17.9,18.0,79
2026-09-23T14:55:00+05:30,17.85,17.85,17.4,17.6,196
2026-09-23T14:56:00+05:30,17.65,17.8,17.5,17.7,202
2026-09-23T14:57:00+05:30,17.65,18.0,17.65,17.95,147
2026-09-23T14:58:00+05:30,17.9,18.25,17.85,18.25,224
2026-09-23T14:59:00+05:30,18.2,18.3,17.55,18.0,184
2026-09-23T15:00:00+05:30,18.15,18.3,17.9,18.05,80
2026-09-23T15:01:00+05:30,18.05,18.3,17.85,18.3,212
2026-09-23T15:02:00+05:30,18.2,18.8,18.15,18.25,296
2026-09-23T15:03:00+05:30,18.45,18.7,18.25,18.5,451
2026-09-23T15:04:00+05:30,18.45,18.65,17.65,17.95,236
2026-09-23T15:05:00+05:30,18.0,18.05,17.5,17.75,363
2026-09-23T15:06:00+05:30,17.8,17.85,17.25,17.5,246
2026-09-23T15:07:00+05:30,17.5,17.95,17.4,17.7,178
2026-09-23T15:08:00+05:30,17.8,18.0,17.55,17.9,290
2026-09-23T15:09:00+05:30,17.85,18.0,17.6,18.0,65
2026-09-23T15:10:00+05:30,18.05,18.25,17.9,18.2,69
2026-09-23T15:11:00+05:30,18.2,18.2,17.4,17.4,113
2026-09-23T15:12:00+05:30,17.4,17.65,17.25,17.35,169
2026-09-23T15:13:00+05:30,17.25,17.45,17.15,17.35,143
2026-09-23T15:14:00+05:30,17.35,17.35,16.6,16.8,301
2026-09-23T15:15:00+05:30,16.85,17.15,16.55,16.55,118
2026-09-23T15:16:00+05:30,16.75,17.25,16.55,17.1,310
2026-09-23T15:17:00+05:30,17.2,17.4,17.15,17.2,150
2026-09-23T15:18:00+05:30,17.25,17.65,17.25,17.35,26
2026-09-23T15:19:00+05:30,17.55,17.6,16.9,17.0,109
2026-09-23T15:20:00+05:30,17.15,17.5,16.95,17.45,26
2026-09-23T15:21:00+05:30,17.45,17.55,17.3,17.5,164
2026-09-23T15:22:00+05:30,17.55,17.55,17.0,17.05,108
2026-09-23T15:23:00+05:30,17.05,17.2,16.9,17.05,91
2026-09-23T15:24:00+05:30,17.0,17.0,16.45,16.6,259
2026-09-23T15:25:00+05:30,16.75,16.9,16.65,16.75,128
2026-09-23T15:26:00+05:30,16.75,17.0,16.55,16.7,279
2026-09-23T15:27:00+05:30,16.8,16.95,16.65,16.75,219
2026-09-23T15:28:00+05:30,16.85,16.95,16.7,16.85,79
2026-09-23T15:29:00+05:30,16.95,16.95,16.4,16.4,265
2026-09-23T15:30:00+05:30,16.4,16.55,16.2,16.35,409
2026-09-23T15:31:00+05:30,16.35,16.4,16.05,16.15,576
2026-09-23T15:32:00+05:30,16.15,16.95,16.1,16.8,211
2026-09-23T15:33:00+05:30,16.85,17.0,16.8,17.0,177
2026-09-23T15:34:00+05:30,17.05,17.15,16.9,17.05,57
2026-09-23T15:35:00+05:30,17.0,17.05,16.75,16.95,148
2026-09-23T15:36:00+05:30,17.0,17.05,16.55,16.7,211
2026-09-23T15:37:00+05:30,16.85,16.95,16.4,16.4,248
2026-09-23T15:38:00+05:30,16.45,16.7,16.0,16.05,576
2026-09-23T15:39:00+05:30,16.25,16.3,15.6,15.65,796
2026-09-24T09:15:00+05:30,79.15,79.15,41.6,53.95,5573
2026-09-24T09:16:00+05:30,54.35,65.2,53.5,57.1,4668
2026-09-24T09:17:00+05:30,57.3,72.1,56.45,71.2,3280
2026-09-24T09:18:00+05:30,71.3,75.35,68.85,72.15,2334
2026-09-24T09:19:00+05:30,72.2,83.9,67.0,81.85,5478
2026-09-24T09:20:00+05:30,81.85,83.0,78.0,80.05,2097
2026-09-24T09:21:00+05:30,80.2,87.6,77.9,83.65,1810
2026-09-24T09:22:00+05:30,83.65,86.65,71.5,72.15,4135
2026-09-24T09:23:00+05:30,72.85,73.2,66.45,68.25,1841
2026-09-24T09:24:00+05:30,67.85,70.35,65.6,70.0,1380
2026-09-24T09:25:00+05:30,69.8,79.0,69.45,76.7,1460
2026-09-24T09:26:00+05:30,77.4,79.35,73.2,77.5,2556
2026-09-24T09:27:00+05:30,77.65,83.2,77.65,80.3,2215
2026-09-24T09:28:00+05:30,80.5,82.1,77.0,79.2,1167
2026-09-24T09:29:00+05:30,79.6,82.15,78.0,79.25,847
2026-09-24T09:30:00+05:30,79.6,88.9,79.25,88.2,2310
2026-09-24T09:31:00+05:30,87.75,93.1,82.3,91.0,2206
2026-09-24T09:32:00+05:30,91.05,91.3,86.15,89.0,994
2026-09-24T09:33:00+05:30,89.4,92.9,88.15,90.3,731
2026-09-24T09:34:00+05:30,90.2,91.1,88.05,88.05,1500
2026-09-24T09:35:00+05:30,87.7,89.45,84.35,87.55,1034
2026-09-24T09:36:00+05:30,88.4,89.9,86.3,87.4,759
2026-09-24T09:37:00+05:30,87.1,92.35,86.95,92.1,914
2026-09-24T09:38:00+05:30,91.9,106.15,91.3,105.0,1557
2026-09-24T09:39:00+05:30,105.3,113.9,101.45,111.5,2585
2026-09-24T09:40:00+05:30,111.1,114.0,104.7,105.2,1648
2026-09-24T09:41:00+05:30,104.85,113.0,104.65,111.1,1155
2026-09-24T09:42:00+05:30,110.6,115.7,109.3,111.5,2063
2026-09-24T09:43:00+05:30,111.7,127.3,110.9,124.05,1915
2026-09-24T09:44:00+05:30,123.95,133.35,122.45,129.55,2084
2026-09-24T09:45:00+05:30,129.95,140.65,122.95,123.65,2042
2026-09-24T09:46:00+05:30,122.45,129.0,119.45,127.8,1457
2026-09-24T09:47:00+05:30,127.5,131.25,125.1,129.7,927
2026-09-24T09:48:00+05:30,130.8,131.45,124.5,126.15,1034
2026-09-24T09:49:00+05:30,126.05,126.1,116.5,117.7,995
2026-09-24T09:50:00+05:30,117.8,122.15,114.65,114.65,1275
2026-09-24T09:51:00+05:30,114.4,120.55,113.0,120.15,757
2026-09-24T09:52:00+05:30,120.0,122.0,116.4,121.5,671
2026-09-24T09:53:00+05:30,120.9,123.95,120.05,123.65,604
2026-09-24T09:54:00+05:30,123.85,124.5,122.25,123.1,640
2026-09-24T09:55:00+05:30,123.6,128.9,122.8,123.15,894
2026-09-24T09:56:00+05:30,123.75,125.85,121.8,124.1,573
2026-09-24T09:57:00+05:30,124.45,125.0,122.15,122.4,367
2026-09-24T09:58:00+05:30,123.4,123.8,117.6,119.4,536
2026-09-24T09:59:00+05:30,119.85,122.55,116.4,117.95,590
2026-09-24T10:00:00+05:30,118.3,120.75,112.0,112.2,859
2026-09-24T10:01:00+05:30,111.6,113.2,109.35,111.05,627
2026-09-24T10:02:00+05:30,111.55,113.6,106.05,107.0,821
2026-09-24T10:03:00+05:30,106.85,107.95,100.55,100.7,933
2026-09-24T10:04:00+05:30,101.05,103.0,96.2,103.0,1704
2026-09-24T10:05:00+05:30,103.05,108.8,102.8,104.35,930
2026-09-24T10:06:00+05:30,104.8,109.2,104.2,106.9,511
2026-09-24T10:07:00+05:30,106.15,106.5,100.7,101.0,584
2026-09-24T10:08:00+05:30,100.9,101.65,93.95,94.4,430
2026-09-24T10:09:00+05:30,94.45,94.8,90.5,93.4,910
2026-09-24T10:10:00+05:30,93.7,100.05,93.0,98.3,537
2026-09-24T10:11:00+05:30,99.35,104.8,98.55,101.85,436
2026-09-24T10:12:00+05:30,102.15,105.55,101.45,105.5,402
2026-09-24T10:13:00+05:30,105.85,110.15,102.55,110.15,502
2026-09-24T10:14:00+05:30,110.3,112.85,108.3,110.4,567
2026-09-24T10:15:00+05:30,110.1,111.0,106.3,106.95,638
2026-09-24T10:16:00+05:30,106.25,108.25,105.15,107.65,544
2026-09-24T10:17:00+05:30,107.4,110.45,107.4,108.4,424
2026-09-24T10:18:00+05:30,108.0,110.45,106.55,110.35,490
2026-09-24T10:19:00+05:30,111.0,112.5,103.35,104.0,708
2026-09-24T10:20:00+05:30,103.85,109.4,103.45,107.95,330
2026-09-24T10:21:00+05:30,108.5,113.55,108.0,112.95,340
2026-09-24T10:22:00+05:30,113.25,117.15,112.8,116.9,443
2026-09-24T10:23:00+05:30,117.0,117.4,112.95,115.0,349
2026-09-24T10:24:00+05:30,115.0,116.35,113.1,115.3,1098
2026-09-24T10:25:00+05:30,115.7,120.75,115.7,118.7,470
2026-09-24T10:26:00+05:30,118.5,120.15,112.35,113.45,409
2026-09-24T10:27:00+05:30,113.5,114.1,109.95,112.65,412
2026-09-24T10:28:00+05:30,112.75,117.95,111.6,117.3,205
2026-09-24T10:29:00+05:30,116.35,117.1,113.4,115.9,189
2026-09-24T10:30:00+05:30,115.15,116.55,113.0,113.0,135
2026-09-24T10:31:00+05:30,112.5,113.1,107.65,108.05,419
2026-09-24T10:32:00+05:30,107.9,108.05,104.8,105.9,758
2026-09-24T10:33:00+05:30,106.15,107.3,99.2,100.0,536
2026-09-24T10:34:00+05:30,99.85,104.5,98.8,101.15,516
2026-09-24T10:35:00+05:30,101.15,104.95,99.95,104.2,384
2026-09-24T10:36:00+05:30,104.25,105.0,96.0,99.0,586
2026-09-24T10:37:00+05:30,98.55,102.2,97.35,102.2,156
2026-09-24T10:38:00+05:30,102.15,102.35,96.6,101.6,344
2026-09-24T10:39:00+05:30,101.95,102.35,99.5,100.95,205
2026-09-24T10:40:00+05:30,101.8,107.75,101.8,106.5,289
2026-09-24T10:41:00+05:30,106.5,106.95,103.5,105.15,402
2026-09-24T10:42:00+05:30,105.8,107.0,103.5,104.15,132
2026-09-24T10:43:00+05:30,104.25,109.95,103.9,108.05,173
2026-09-24T10:44:00+05:30,108.25,108.6,105.0,105.0,188
2026-09-24T10:45:00+05:30,105.35,105.35,101.6,101.65,287
2026-09-24T10:46:00+05:30,102.05,103.45,100.2,102.6,244
2026-09-24T10:47:00+05:30,103.2,103.95,100.65,101.05,224
2026-09-24T10:48:00+05:30,101.15,106.0,101.15,105.2,174
2026-09-24T10:49:00+05:30,105.2,106.6,103.4,104.0,726
2026-09-24T10:50:00+05:30,103.1,105.65,102.7,103.6,622
2026-09-24T10:51:00+05:30,103.6,103.95,96.0,101.85,646
2026-09-24T10:52:00+05:30,101.25,102.3,95.25,96.75,345
2026-09-24T10:53:00+05:30,96.4,96.95,92.3,95.75,561
2026-09-24T10:54:00+05:30,95.2,95.8,92.25,92.65,259
2026-09-24T10:55:00+05:30,92.9,92.9,87.4,88.65,823
2026-09-24T10:56:00+05:30,88.65,93.5,88.65,93.25,405
2026-09-24T10:57:00+05:30,93.05,94.1,91.55,92.95,516
2026-09-24T10:58:00+05:30,93.0,97.3,92.0,94.1,337
2026-09-24T10:59:00+05:30,94.55,94.95,90.8,90.8,785
2026-09-24T11:00:00+05:30,90.5,93.3,90.3,91.75,280
2026-09-24T11:01:00+05:30,91.7,92.75,87.0,92.3,840
2026-09-24T11:02:00+05:30,92.25,92.25,87.35,87.9,174
2026-09-24T11:03:00+05:30,88.55,90.7,87.9,90.65,190
2026-09-24T11:04:00+05:30,91.4,92.35,89.7,90.65,1147
2026-09-24T11:05:00+05:30,91.1,95.5,91.1,95.5,195
2026-09-24T11:06:00+05:30,95.85,99.4,95.15,98.5,858
2026-09-24T11:07:00+05:30,98.25,98.55,94.15,95.6,312
2026-09-24T11:08:00+05:30,94.8,99.7,94.8,98.9,658
2026-09-24T11:09:00+05:30,99.05,102.7,98.85,101.35,553
2026-09-24T11:10:00+05:30,101.85,103.15,100.25,100.8,153
2026-09-24T11:11:00+05:30,100.55,102.7,97.45,101.65,287
2026-09-24T11:12:00+05:30,102.6,103.3,99.85,102.75,256
2026-09-24T11:13:00+05:30,102.6,110.0,101.6,105.8,661
2026-09-24T11:14:00+05:30,105.75,107.5,103.9,105.6,274
2026-09-24T11:15:00+05:30,105.8,106.8,99.1,99.75,265
2026-09-24T11:16:00+05:30,99.4,99.85,97.65,98.1,335
2026-09-24T11:17:00+05:30,97.5,98.0,93.25,96.3,746
2026-09-24T11:18:00+05:30,94.35,94.45,88.8,90.95,602
2026-09-24T11:19:00+05:30,90.9,92.85,87.0,88.65,439
2026-09-24T11:20:00+05:30,88.1,92.45,87.45,91.5,192
2026-09-24T11:21:00+05:30,91.45,93.9,90.75,91.45,218
2026-09-24T11:22:00+05:30,91.6,95.55,90.95,93.4,270
2026-09-24T11:23:00+05:30,94.0,97.25,94.0,96.7,312
2026-09-24T11:24:00+05:30,96.45,100.55,95.95,100.1,288
2026-09-24T11:25:00+05:30,100.45,104.75,98.35,104.75,788
2026-09-24T11:26:00+05:30,105.0,107.05,102.0,102.55,329
2026-09-24T11:27:00+05:30,102.7,102.85,100.3,100.95,409
2026-09-24T11:28:00+05:30,100.85,102.3,98.7,101.1,314
2026-09-24T11:29:00+05:30,100.4,102.6,99.65,102.05,83
2026-09-24T11:30:00+05:30,102.2,102.7,101.2,102.4,157
2026-09-24T11:31:00+05:30,102.4,105.1,101.25,104.05,651
2026-09-24T11:32:00+05:30,104.15,110.65,104.0,109.05,699
2026-09-24T11:33:00+05:30,109.35,110.6,103.65,104.25,388
2026-09-24T11:34:00+05:30,104.25,109.15,103.0,108.1,229
2026-09-24T11:35:00+05:30,108.85,108.95,104.95,105.15,106
2026-09-24T11:36:00+05:30,105.2,105.9,100.4,100.75,276
2026-09-24T11:37:00+05:30,100.55,102.0,97.6,98.55,281
2026-09-24T11:38:00+05:30,98.95,99.85,96.65,99.4,391
2026-09-24T11:39:00+05:30,100.05,100.8,95.5,96.6,186
2026-09-24T11:40:00+05:30,96.0,99.0,95.6,97.5,121
2026-09-24T11:41:00+05:30,97.15,100.0,95.55,100.0,178
2026-09-24T11:42:00+05:30,99.95,100.65,97.9,99.6,98
2026-09-24T11:43:00+05:30,99.55,101.25,98.45,99.35,355
2026-09-24T11:44:00+05:30,99.9,102.05,99.9,101.6,71
2026-09-24T11:45:00+05:30,101.45,102.0,98.25,98.7,146
2026-09-24T11:46:00+05:30,98.7,99.0,96.65,98.85,136
2026-09-24T11:47:00+05:30,99.05,101.1,98.0,101.0,165
2026-09-24T11:48:00+05:30,101.0,102.75,99.05,99.15,129
2026-09-24T11:49:00+05:30,99.0,102.2,98.15,101.8,479
2026-09-24T11:50:00+05:30,102.4,102.65,99.35,102.4,152
2026-09-24T11:51:00+05:30,102.1,104.0,101.6,102.95,96
2026-09-24T11:52:00+05:30,102.6,102.95,100.75,101.1,120
2026-09-24T11:53:00+05:30,101.0,102.45,98.9,101.45,131
2026-09-24T11:54:00+05:30,101.3,101.65,99.5,100.55,191
2026-09-24T11:55:00+05:30,100.75,104.0,99.9,102.95,147
2026-09-24T11:56:00+05:30,103.1,106.0,103.05,105.05,410
2026-09-24T11:57:00+05:30,105.5,108.0,103.65,106.25,767
2026-09-24T11:58:00+05:30,106.65,106.65,101.65,102.35,169
2026-09-24T11:59:00+05:30,103.9,103.9,101.2,101.8,103
2026-09-24T12:00:00+05:30,102.15,104.65,100.6,100.85,365
2026-09-24T12:01:00+05:30,101.0,101.0,96.0,96.4,368
2026-09-24T12:02:00+05:30,96.6,97.0,92.3,96.45,484
2026-09-24T12:03:00+05:30,96.4,99.25,95.85,98.85,183
2026-09-24T12:04:00+05:30,99.05,99.5,97.65,98.2,119
2026-09-24T12:05:00+05:30,98.6,99.1,97.2,98.85,627
2026-09-24T12:06:00+05:30,98.65,98.75,96.6,97.7,204
2026-09-24T12:07:00+05:30,98.35,98.65,96.55,96.95,73
2026-09-24T12:08:00+05:30,98.25,101.5,98.15,99.8,610
2026-09-24T12:09:00+05:30,100.0,100.0,97.2,98.65,180
2026-09-24T12:10:00+05:30,98.0,100.05,96.65,96.75,126
2026-09-24T12:11:00+05:30,96.9,97.25,95.2,96.6,144
2026-09-24T12:12:00+05:30,96.65,98.6,96.15,98.55,281
2026-09-24T12:13:00+05:30,98.65,99.7,97.4,99.7,136
2026-09-24T12:14:00+05:30,99.55,102.75,98.7,101.95,150
2026-09-24T12:15:00+05:30,102.4,102.6,97.8,99.75,273
2026-09-24T12:16:00+05:30,99.6,102.0,99.35,100.35,476
2026-09-24T12:17:00+05:30,100.15,101.3,99.3,100.9,315
2026-09-24T12:18:00+05:30,101.15,101.15,98.6,98.65,186
2026-09-24T12:19:00+05:30,98.6,99.45,96.25,96.55,217
2026-09-24T12:20:00+05:30,96.45,97.75,93.45,97.65,255
2026-09-24T12:21:00+05:30,97.5,98.0,96.2,97.2,62
2026-09-24T12:22:00+05:30,97.55,99.5,96.95,99.5,97
2026-09-24T12:23:00+05:30,99.6,104.25,99.6,101.05,207
2026-09-24T12:24:00+05:30,101.15,101.65,98.6,99.95,558
2026-09-24T12:25:00+05:30,99.9,108.7,99.9,108.7,327
2026-09-24T12:26:00+05:30,108.45,109.2,101.0,101.0,1162
2026-09-24T12:27:00+05:30,101.2,103.2,99.5,99.5,283
2026-09-24T12:28:00+05:30,99.35,99.4,95.25,96.55,984
2026-09-24T12:29:00+05:30,96.5,99.7,96.3,98.8,267
2026-09-24T12:30:00+05:30,97.5,100.3,94.45,94.85,697
2026-09-24T12:31:00+05:30,95.0,100.7,92.75,100.3,543
2026-09-24T12:32:00+05:30,100.55,109.1,100.55,107.5,985
2026-09-24T12:33:00+05:30,107.05,107.55,102.35,104.0,1030
2026-09-24T12:34:00+05:30,104.45,105.85,101.8,102.1,1081
2026-09-24T12:35:00+05:30,101.75,114.6,101.55,107.15,1388
2026-09-24T12:36:00+05:30,107.55,114.15,103.0,103.1,956
2026-09-24T12:37:00+05:30,103.25,107.65,103.25,103.7,426
2026-09-24T12:38:00+05:30,103.7,103.9,98.8,100.1,994
2026-09-24T12:39:00+05:30,99.75,102.4,99.05,100.95,561
2026-09-24T12:40:00+05:30,101.6,102.0,97.75,98.45,777
2026-09-24T12:41:00+05:30,97.8,100.3,95.1,99.8,912
2026-09-24T12:42:00+05:30,99.35,100.3,97.15,99.75,312
2026-09-24T12:43:00+05:30,99.9,102.9,99.35,102.2,181
2026-09-24T12:44:00+05:30,102.45,105.05,101.9,104.85,367
2026-09-24T12:45:00+05:30,105.1,106.8,102.0,103.95,287
2026-09-24T12:46:00+05:30,103.9,106.0,102.55,105.7,331
2026-09-24T12:47:00+05:30,105.25,107.95,104.65,105.25,343
2026-09-24T12:48:00+05:30,105.4,108.75,103.5,108.25,685
2026-09-24T12:49:00+05:30,107.8,109.15,106.0,107.85,826
2026-09-24T12:50:00+05:30,107.6,107.6,103.05,105.15,877
2026-09-24T12:51:00+05:30,105.25,106.15,102.85,104.65,177
2026-09-24T12:52:00+05:30,104.65,106.6,103.9,106.55,437
2026-09-24T12:53:00+05:30,106.75,108.2,105.2,107.5,237
2026-09-24T12:54:00+05:30,107.6,112.25,107.45,110.85,733
2026-09-24T12:55:00+05:30,110.6,111.35,107.15,107.6,445
2026-09-24T12:56:00+05:30,107.6,108.45,103.65,104.6,830
2026-09-24T12:57:00+05:30,104.6,106.8,102.65,103.2,512
2026-09-24T12:58:00+05:30,103.65,104.0,101.85,103.65,303
2026-09-24T12:59:00+05:30,104.6,105.55,103.0,103.15,476
2026-09-24T13:00:00+05:30,103.35,105.5,100.45,103.85,268
2026-09-24T13:01:00+05:30,102.4,102.75,99.0,100.85,294
2026-09-24T13:02:00+05:30,100.05,100.2,96.7,96.75,179
2026-09-24T13:03:00+05:30,96.85,97.1,93.25,93.85,512
2026-09-24T13:04:00+05:30,94.5,97.4,94.25,97.4,449
2026-09-24T13:05:00+05:30,96.15,98.95,94.4,98.95,204
2026-09-24T13:06:00+05:30,98.65,101.0,97.7,98.1,527
2026-09-24T13:07:00+05:30,97.95,98.1,95.0,95.5,514
2026-09-24T13:08:00+05:30,94.8,96.5,92.8,96.05,859
2026-09-24T13:09:00+05:30,96.1,98.2,95.45,97.2,125
2026-09-24T13:10:00+05:30,97.2,101.1,97.2,99.05,215
2026-09-24T13:11:00+05:30,99.6,99.6,97.7,98.9,102
2026-09-24T13:12:00+05:30,100.0,100.15,96.1,96.1,197
2026-09-24T13:13:00+05:30,96.05,97.1,93.75,94.0,309
2026-09-24T13:14:00+05:30,93.7,93.85,90.0,93.5,459
2026-09-24T13:15:00+05:30,93.7,95.4,92.0,92.9,174
2026-09-24T13:16:00+05:30,92.65,94.3,92.2,92.75,48
2026-09-24T13:17:00+05:30,93.5,98.5,93.5,96.6,135
2026-09-24T13:18:00+05:30,96.25,97.55,95.4,97.55,194
2026-09-24T13:19:00+05:30,98.0,98.0,95.6,96.8,117
2026-09-24T13:20:00+05:30,97.15,100.2,97.0,97.05,233
2026-09-24T13:21:00+05:30,97.5,98.95,96.45,96.7,100
2026-09-24T13:22:00+05:30,98.45,99.35,96.6,97.65,170
2026-09-24T13:23:00+05:30,98.3,99.8,97.45,98.4,160
2026-09-24T13:24:00+05:30,98.3,99.2,95.8,95.85,127
2026-09-24T13:25:00+05:30,96.25,102.95,95.85,101.9,170
2026-09-24T13:26:00+05:30,102.2,123.5,100.25,123.1,1230
2026-09-24T13:27:00+05:30,123.6,129.3,115.95,121.95,1509
2026-09-24T13:28:00+05:30,122.4,125.0,119.6,120.7,649
2026-09-24T13:29:00+05:30,120.8,122.2,116.6,121.45,696
2026-09-24T13:30:00+05:30,121.55,121.6,114.5,116.8,466
2026-09-24T13:31:00+05:30,116.25,117.75,107.9,108.95,657
2026-09-24T13:32:00+05:30,109.65,116.0,109.6,113.2,948
2026-09-24T13:33:00+05:30,114.5,118.4,111.2,113.6,433
2026-09-24T13:34:00+05:30,113.5,120.0,113.3,116.7,409
2026-09-24T13:35:00+05:30,116.55,120.5,114.75,119.9,405
2026-09-24T13:36:00+05:30,120.3,124.0,117.1,118.85,557
2026-09-24T13:37:00+05:30,118.0,119.25,115.45,118.25,314
2026-09-24T13:38:00+05:30,118.5,121.75,117.5,121.75,295
2026-09-24T13:39:00+05:30,121.7,128.1,121.4,125.5,930
2026-09-24T13:40:00+05:30,125.6,132.5,123.9,127.6,921
2026-09-24T13:41:00+05:30,127.6,130.85,125.4,127.0,784
2026-09-24T13:42:00+05:30,127.15,134.4,124.55,133.6,944
2026-09-24T13:43:00+05:30,132.85,152.25,131.6,150.85,1459
2026-09-24T13:44:00+05:30,149.8,193.7,148.55,180.15,3924
2026-09-24T13:45:00+05:30,180.4,205.0,165.45,205.0,2174
2026-09-24T13:46:00+05:30,204.85,233.35,202.45,211.8,2618
2026-09-24T13:47:00+05:30,214.0,216.15,194.9,209.9,1676
2026-09-24T13:48:00+05:30,210.0,212.7,201.0,204.7,1494
2026-09-24T13:49:00+05:30,202.65,204.15,184.45,187.95,1606
2026-09-24T13:50:00+05:30,187.9,192.0,178.3,186.4,1519
2026-09-24T13:51:00+05:30,186.4,206.65,184.7,205.9,917
2026-09-24T13:52:00+05:30,205.4,214.55,198.4,204.35,918
2026-09-24T13:53:00+05:30,204.35,207.65,199.8,205.4,587
2026-09-24T13:54:00+05:30,208.0,230.9,206.95,218.8,1107
2026-09-24T13:55:00+05:30,220.0,225.0,208.5,214.85,1797
2026-09-24T13:56:00+05:30,213.9,222.8,212.1,217.7,689
2026-09-24T13:57:00+05:30,217.05,231.0,211.15,228.25,1317
2026-09-24T13:58:00+05:30,228.1,255.1,224.0,253.0,2347
2026-09-24T13:59:00+05:30,252.5,256.15,231.05,241.0,1592
2026-09-24T14:00:00+05:30,241.1,241.1,210.15,213.8,1168
2026-09-24T14:01:00+05:30,213.0,213.0,195.2,197.6,1112
2026-09-24T14:02:00+05:30,196.75,206.7,186.7,190.3,1365
2026-09-24T14:03:00+05:30,187.65,196.25,178.85,193.7,930
2026-09-24T14:04:00+05:30,192.5,218.55,183.6,213.6,1702
2026-09-24T14:05:00+05:30,212.4,216.0,199.6,201.75,1230
2026-09-24T14:06:00+05:30,202.55,218.0,200.5,215.6,525
2026-09-24T14:07:00+05:30,214.5,216.0,207.0,207.65,630
2026-09-24T14:08:00+05:30,207.75,209.4,193.4,197.4,954
2026-09-24T14:09:00+05:30,197.95,205.6,190.0,195.45,632
2026-09-24T14:10:00+05:30,195.2,197.4,187.5,197.15,471
2026-09-24T14:11:00+05:30,196.25,201.55,194.6,200.5,271
2026-09-24T14:12:00+05:30,200.2,200.9,190.35,193.65,493
2026-09-24T14:13:00+05:30,193.3,200.0,187.0,193.55,511
2026-09-24T14:14:00+05:30,191.75,196.8,189.0,191.2,213
2026-09-24T14:15:00+05:30,190.0,200.75,186.4,200.4,783
2026-09-24T14:16:00+05:30,201.65,201.65,189.5,192.75,306
2026-09-24T14:17:00+05:30,195.2,197.15,191.5,192.4,232
2026-09-24T14:18:00+05:30,191.45,194.65,186.75,191.5,304
2026-09-24T14:19:00+05:30,192.75,204.1,191.6,197.85,411
2026-09-24T14:20:00+05:30,197.4,202.75,193.45,201.2,740
2026-09-24T14:21:00+05:30,201.6,208.95,200.0,200.05,702
2026-09-24T14:22:00+05:30,200.2,213.4,198.5,212.15,503
2026-09-24T14:23:00+05:30,211.7,226.9,209.7,219.95,801
2026-09-24T14:24:00+05:30,219.75,221.4,206.25,208.5,633
2026-09-24T14:25:00+05:30,207.9,210.75,196.8,201.85,544
2026-09-24T14:26:00+05:30,201.95,212.25,199.6,204.35,523
2026-09-24T14:27:00+05:30,204.05,206.95,200.05,200.65,330
2026-09-24T14:28:00+05:30,201.8,204.7,193.25,204.1,486
2026-09-24T14:29:00+05:30,204.25,206.45,200.75,203.45,339
2026-09-24T14:30:00+05:30,202.75,207.9,198.4,201.05,227
2026-09-24T14:31:00+05:30,201.2,205.0,191.0,193.55,660
2026-09-24T14:32:00+05:30,192.9,196.1,183.0,196.1,654
2026-09-24T14:33:00+05:30,196.0,201.0,190.8,194.0,413
2026-09-24T14:34:00+05:30,194.2,194.2,184.4,186.05,316
2026-09-24T14:35:00+05:30,185.3,186.25,178.9,178.9,411
2026-09-24T14:36:00+05:30,179.35,183.1,170.0,170.9,520
2026-09-24T14:37:00+05:30,171.2,173.2,162.9,163.8,709
2026-09-24T14:38:00+05:30,165.35,165.55,155.6,163.2,614
2026-09-24T14:39:00+05:30,161.55,163.05,145.25,146.65,618
2026-09-24T14:40:00+05:30,145.3,150.95,144.0,150.15,974
2026-09-24T14:41:00+05:30,150.15,156.2,148.3,151.7,509
2026-09-24T14:42:00+05:30,151.5,164.0,150.55,157.6,641
2026-09-24T14:43:00+05:30,157.0,159.0,150.0,153.0,505
2026-09-24T14:44:00+05:30,152.5,158.15,152.2,155.0,243
2026-09-24T14:45:00+05:30,155.0,158.4,143.7,143.7,526
2026-09-24T14:46:00+05:30,143.65,147.1,141.3,147.1,686
2026-09-24T14:47:00+05:30,147.35,150.75,141.0,146.8,419
2026-09-24T14:48:00+05:30,146.85,148.5,140.95,143.05,389
2026-09-24T14:49:00+05:30,143.35,147.25,142.0,142.05,303
2026-09-24T14:50:00+05:30,142.0,142.3,133.9,136.2,712
2026-09-24T14:51:00+05:30,136.45,138.75,128.8,130.1,664
2026-09-24T14:52:00+05:30,130.2,132.0,126.1,130.25,583
2026-09-24T14:53:00+05:30,130.2,132.3,127.8,128.6,349
2026-09-24T14:54:00+05:30,127.75,131.8,124.65,131.05,594
2026-09-24T14:55:00+05:30,130.65,132.0,121.0,125.15,682
2026-09-24T14:56:00+05:30,124.6,131.6,120.0,131.2,347
2026-09-24T14:57:00+05:30,132.0,137.85,132.0,133.7,760
2026-09-24T14:58:00+05:30,133.25,142.35,133.25,136.8,654
2026-09-24T14:59:00+05:30,136.15,149.2,136.15,147.95,690
2026-09-24T15:00:00+05:30,146.45,150.25,141.7,150.0,531
2026-09-24T15:01:00+05:30,150.35,155.0,141.8,143.05,907
2026-09-24T15:02:00+05:30,143.35,144.95,131.35,132.2,496
2026-09-24T15:03:00+05:30,131.75,139.8,131.45,136.4,1213
2026-09-24T15:04:00+05:30,136.55,137.45,128.95,131.9,422
2026-09-24T15:05:00+05:30,132.05,146.0,131.35,143.4,410
2026-09-24T15:06:00+05:30,143.25,148.8,140.8,143.3,288
2026-09-24T15:07:00+05:30,143.35,149.05,142.45,146.85,310
2026-09-24T15:08:00+05:30,145.0,154.65,142.95,151.25,463
2026-09-24T15:09:00+05:30,152.45,153.1,143.0,144.45,345
2026-09-24T15:10:00+05:30,144.6,155.0,141.8,152.65,433
2026-09-24T15:11:00+05:30,153.05,156.05,145.25,148.3,489
2026-09-24T15:12:00+05:30,148.55,164.0,147.0,154.95,2199
2026-09-24T15:13:00+05:30,155.9,171.1,153.7,169.4,1745
2026-09-24T15:14:00+05:30,168.55,168.8,161.95,165.95,433
2026-09-24T15:15:00+05:30,164.1,176.4,164.1,174.8,572
2026-09-24T15:16:00+05:30,175.55,175.6,169.1,172.65,413
2026-09-24T15:17:00+05:30,172.15,172.65,163.1,167.7,295
2026-09-24T15:18:00+05:30,167.55,167.65,154.6,155.95,364
2026-09-24T15:19:00+05:30,155.65,156.5,148.3,152.55,572
2026-09-24T15:20:00+05:30,153.1,162.75,153.0,158.4,310
2026-09-24T15:21:00+05:30,158.2,161.4,157.5,159.0,277
2026-09-24T15:22:00+05:30,159.0,159.85,148.35,148.35,526
2026-09-24T15:23:00+05:30,148.65,155.2,147.25,154.5,382
2026-09-24T15:24:00+05:30,154.55,154.8,142.5,143.0,450
2026-09-24T15:25:00+05:30,143.25,144.0,135.15,135.15,698
2026-09-24T15:26:00+05:30,135.3,142.5,131.4,141.7,582
2026-09-24T15:27:00+05:30,141.15,143.65,140.0,142.05,214
2026-09-24T15:28:00+05:30,141.8,143.5,141.25,142.8,340
2026-09-24T15:29:00+05:30,142.6,148.2,140.95,148.2,308
2026-09-24T15:30:00+05:30,148.3,153.15,147.0,152.4,447
2026-09-24T15:31:00+05:30,152.25,159.05,152.25,158.35,675
2026-09-24T15:32:00+05:30,159.2,160.0,152.9,155.85,478
2026-09-24T15:33:00+05:30,155.7,160.95,155.65,160.4,544
2026-09-24T15:34:00+05:30,160.8,164.0,160.2,162.6,555
2026-09-24T15:35:00+05:30,162.1,162.75,159.0,160.0,422
2026-09-24T15:36:00+05:30,160.0,170.7,159.6,168.1,514
2026-09-24T15:37:00+05:30,168.75,169.3,167.0,167.0,339
2026-09-24T15:38:00+05:30,167.0,168.5,160.5,167.85,417
2026-09-24T15:39:00+05:30,167.1,175.0,167.1,175.0,743
2026-09-25T09:15:00+05:30,156.85,175.0,101.3,104.0,5323
2026-09-25T09:16:00+05:30,100.75,108.7,95.05,100.8,3661
2026-09-25T09:17:00+05:30,101.05,104.45,96.8,98.8,2087
2026-09-25T09:18:00+05:30,99.5,108.6,98.85,105.55,1714
2026-09-25T09:19:00+05:30,105.0,106.85,99.55,106.85,1817
2026-09-25T09:20:00+05:30,107.4,111.9,104.5,105.4,1446
2026-09-25T09:21:00+05:30,106.75,114.45,104.55,108.95,1384
2026-09-25T09:22:00+05:30,108.6,109.8,100.3,100.3,881
2026-09-25T09:23:00+05:30,100.5,107.3,97.4,107.3,1417
2026-09-25T09:24:00+05:30,107.3,111.0,103.4,106.35,1250
2026-09-25T09:25:00+05:30,106.65,106.65,100.35,101.45,744
2026-09-25T09:26:00+05:30,101.65,102.25,96.0,96.1,1274
2026-09-25T09:27:00+05:30,96.1,99.3,94.45,95.6,1457
2026-09-25T09:28:00+05:30,95.5,102.8,93.6,98.0,1260
2026-09-25T09:29:00+05:30,97.6,99.45,94.5,95.95,983
2026-09-25T09:30:00+05:30,94.9,99.85,93.55,95.7,1208
2026-09-25T09:31:00+05:30,95.25,101.25,93.0,99.15,1619
2026-09-25T09:32:00+05:30,98.2,100.6,94.5,100.05,693
2026-09-25T09:33:00+05:30,100.5,102.95,99.0,100.0,1119
2026-09-25T09:34:00+05:30,99.95,101.65,92.5,94.9,916
2026-09-25T09:35:00+05:30,94.6,95.55,91.1,92.6,1162
2026-09-25T09:36:00+05:30,92.55,102.3,91.7,102.3,1150
2026-09-25T09:37:00+05:30,101.7,112.95,99.5,112.6,2193
2026-09-25T09:38:00+05:30,112.85,116.65,108.75,113.65,1847
2026-09-25T09:39:00+05:30,113.75,116.1,110.0,115.1,2452
2026-09-25T09:40:00+05:30,115.65,130.95,115.25,127.35,3474
2026-09-25T09:41:00+05:30,127.35,131.0,121.65,123.55,1804
2026-09-25T09:42:00+05:30,122.05,133.6,121.0,129.95,1911
2026-09-25T09:43:00+05:30,129.35,151.0,129.35,143.95,2683
2026-09-25T09:44:00+05:30,143.15,145.15,138.8,141.45,1826
2026-09-25T09:45:00+05:30,141.45,143.95,132.8,143.0,1884
2026-09-25T09:46:00+05:30,143.15,144.7,138.1,141.3,1488
2026-09-25T09:47:00+05:30,141.5,142.55,127.0,128.3,1922
2026-09-25T09:48:00+05:30,128.45,136.0,126.8,133.2,969
2026-09-25T09:49:00+05:30,132.45,141.0,132.4,140.45,1112
2026-09-25T09:50:00+05:30,140.1,140.8,135.0,139.85,1738
2026-09-25T09:51:00+05:30,139.85,142.45,134.35,136.0,1586
2026-09-25T09:52:00+05:30,135.6,157.2,135.6,153.4,1848
2026-09-25T09:53:00+05:30,153.95,156.1,144.9,147.1,1480
2026-09-25T09:54:00+05:30,147.3,149.0,139.2,141.4,1358
2026-09-25T09:55:00+05:30,143.0,144.45,137.5,144.15,1427
2026-09-25T09:56:00+05:30,143.85,145.0,136.85,139.35,758
2026-09-25T09:57:00+05:30,139.45,144.65,137.55,141.3,652
2026-09-25T09:58:00+05:30,140.95,147.45,138.05,138.7,1088
2026-09-25T09:59:00+05:30,138.7,140.55,127.65,131.7,1609
2026-09-25T10:00:00+05:30,134.2,134.3,127.25,128.85,1124
2026-09-25T10:01:00+05:30,128.1,132.3,127.0,131.5,832
2026-09-25T10:02:00+05:30,131.15,131.8,120.15,121.65,1065
2026-09-25T10:03:00+05:30,121.5,122.55,114.1,120.5,2066
2026-09-25T10:04:00+05:30,119.45,121.35,113.3,120.15,2180
2026-09-25T10:05:00+05:30,119.7,122.5,111.45,121.6,1267
2026-09-25T10:06:00+05:30,121.55,122.6,112.5,114.05,1093
2026-09-25T10:07:00+05:30,114.55,118.25,105.0,109.0,1594
2026-09-25T10:08:00+05:30,108.45,109.25,89.05,90.3,4355
2026-09-25T10:09:00+05:30,90.7,97.45,87.8,90.7,2075
2026-09-25T10:10:00+05:30,90.15,95.15,85.75,95.05,3251
2026-09-25T10:11:00+05:30,95.2,102.6,94.25,101.8,1514
2026-09-25T10:12:00+05:30,101.75,104.4,96.75,98.15,1319
2026-09-25T10:13:00+05:30,98.35,98.7,94.3,98.05,1111
2026-09-25T10:14:00+05:30,98.35,99.4,95.0,97.85,769
2026-09-25T10:15:00+05:30,97.25,98.9,94.25,96.3,645
2026-09-25T10:16:00+05:30,95.85,95.85,91.8,95.0,543
2026-09-25T10:17:00+05:30,94.3,96.95,93.7,94.95,610
2026-09-25T10:18:00+05:30,95.5,103.0,95.5,102.5,851
2026-09-25T10:19:00+05:30,102.5,105.9,99.95,103.25,752
2026-09-25T10:20:00+05:30,103.5,105.35,99.9,102.5,932
2026-09-25T10:21:00+05:30,102.75,103.0,96.9,98.15,581
2026-09-25T10:22:00+05:30,98.15,103.35,98.0,103.35,536
2026-09-25T10:23:00+05:30,103.25,106.7,103.2,105.25,753
2026-09-25T10:24:00+05:30,105.25,114.9,103.5,113.1,1409
2026-09-25T10:25:00+05:30,113.35,114.6,104.95,104.95,1304
2026-09-25T10:26:00+05:30,106.0,110.35,104.45,107.95,650
2026-09-25T10:27:00+05:30,108.0,112.55,108.0,111.1,788
2026-09-25T10:28:00+05:30,110.65,119.75,110.65,114.25,1828
2026-09-25T10:29:00+05:30,114.7,117.6,111.0,112.0,781
2026-09-25T10:30:00+05:30,112.25,112.25,106.35,107.3,955
2026-09-25T10:31:00+05:30,107.8,110.2,101.85,110.2,2869
2026-09-25T10:32:00+05:30,111.0,116.75,111.0,114.55,778
2026-09-25T10:33:00+05:30,115.0,115.5,110.0,112.6,930
2026-09-25T10:34:00+05:30,113.4,123.65,110.45,123.55,1077
2026-09-25T10:35:00+05:30,123.8,126.5,119.1,122.0,1065
2026-09-25T10:36:00+05:30,121.7,122.7,117.4,117.45,994
2026-09-25T10:37:00+05:30,117.05,117.5,112.5,112.85,1053
2026-09-25T10:38:00+05:30,112.85,115.8,110.35,110.55,865
2026-09-25T10:39:00+05:30,110.7,111.3,107.45,110.7,737
2026-09-25T10:40:00+05:30,111.65,113.3,106.8,109.85,593
2026-09-25T10:41:00+05:30,109.15,117.65,108.5,114.65,668
2026-09-25T10:42:00+05:30,114.4,114.55,108.0,113.2,1446
2026-09-25T10:43:00+05:30,112.7,118.1,112.2,115.5,596
2026-09-25T10:44:00+05:30,116.0,118.0,114.8,116.95,776
2026-09-25T10:45:00+05:30,115.85,118.8,115.0,117.1,389
2026-09-25T10:46:00+05:30,117.5,119.65,116.35,116.7,546
2026-09-25T10:47:00+05:30,116.65,124.5,116.05,124.1,946
2026-09-25T10:48:00+05:30,124.3,125.65,120.3,120.85,1635
2026-09-25T10:49:00+05:30,120.5,122.5,116.85,119.7,732
2026-09-25T10:50:00+05:30,118.75,121.05,116.4,118.8,599
2026-09-25T10:51:00+05:30,118.25,118.25,112.5,113.5,958
2026-09-25T10:52:00+05:30,113.0,116.35,110.75,114.7,573
2026-09-25T10:53:00+05:30,115.0,117.2,115.0,117.2,359
2026-09-25T10:54:00+05:30,117.45,117.55,111.0,112.2,595
2026-09-25T10:55:00+05:30,112.4,112.4,107.0,108.0,1058
2026-09-25T10:56:00+05:30,108.35,110.8,104.35,105.7,833
2026-09-25T10:57:00+05:30,105.5,110.7,105.5,110.0,446
2026-09-25T10:58:00+05:30,109.9,110.85,106.45,109.7,353
2026-09-25T10:59:00+05:30,109.3,110.45,105.2,106.25,357
2026-09-25T11:00:00+05:30,106.05,108.4,101.15,103.15,617
2026-09-25T11:01:00+05:30,102.75,103.6,97.0,102.15,1032
2026-09-25T11:02:00+05:30,101.2,101.7,90.7,96.1,1462
2026-09-25T11:03:00+05:30,96.0,97.8,90.65,95.75,1340
2026-09-25T11:04:00+05:30,95.7,97.3,92.8,95.7,718
2026-09-25T11:05:00+05:30,96.0,96.6,92.2,94.15,442
2026-09-25T11:06:00+05:30,94.6,97.45,93.8,95.5,487
2026-09-25T11:07:00+05:30,95.25,95.5,90.05,91.3,1369
2026-09-25T11:08:00+05:30,90.45,95.5,90.45,94.3,625
2026-09-25T11:09:00+05:30,93.7,94.0,91.4,92.75,653
2026-09-25T11:10:00+05:30,92.3,93.45,90.8,91.6,305
2026-09-25T11:11:00+05:30,91.1,91.35,88.5,89.1,1072
2026-09-25T11:12:00+05:30,88.85,91.4,88.1,91.3,586
2026-09-25T11:13:00+05:30,91.5,97.0,90.7,96.35,750
2026-09-25T11:14:00+05:30,96.9,97.25,92.0,93.35,941
2026-09-25T11:15:00+05:30,93.55,95.65,91.55,92.85,469
2026-09-25T11:16:00+05:30,92.9,93.75,91.05,92.65,430
2026-09-25T11:17:00+05:30,92.2,92.6,88.7,90.25,561
2026-09-25T11:18:00+05:30,90.4,94.75,90.4,92.85,795
2026-09-25T11:19:00+05:30,93.3,94.2,91.7,93.35,487
2026-09-25T11:20:00+05:30,93.8,93.8,91.25,92.4,347
2026-09-25T11:21:00+05:30,92.0,92.15,88.7,91.05,670
2026-09-25T11:22:00+05:30,91.2,91.5,89.0,90.6,288
2026-09-25T11:23:00+05:30,90.5,94.65,90.05,94.4,767
2026-09-25T11:24:00+05:30,93.65,100.85,93.6,100.85,1232
2026-09-25T11:25:00+05:30,101.0,103.0,99.6,100.2,1205
2026-09-25T11:26:00+05:30,100.3,102.55,97.9,100.85,540
2026-09-25T11:27:00+05:30,101.25,102.75,99.1,100.85,701
2026-09-25T11:28:00+05:30,100.9,102.0,98.0,100.4,687
2026-09-25T11:29:00+05:30,100.35,100.45,96.35,96.7,783
2026-09-25T11:30:00+05:30,96.85,98.05,94.45,96.9,941
2026-09-25T11:31:00+05:30,96.25,96.4,89.6,92.0,988
2026-09-25T11:32:00+05:30,92.6,93.55,91.0,93.35,523
2026-09-25T11:33:00+05:30,93.3,95.25,91.0,95.0,568
2026-09-25T11:34:00+05:30,95.55,97.0,93.5,93.9,453
2026-09-25T11:35:00+05:30,93.7,94.55,92.0,94.15,174
2026-09-25T11:36:00+05:30,94.65,97.0,94.45,97.0,304
2026-09-25T11:37:00+05:30,97.15,97.65,95.65,97.0,525
2026-09-25T11:38:00+05:30,96.0,97.5,94.05,94.9,225
2026-09-25T11:39:00+05:30,94.5,94.55,90.1,90.1,561
2026-09-25T11:40:00+05:30,90.65,94.1,89.8,93.75,573
2026-09-25T11:41:00+05:30,93.7,95.5,93.6,93.85,335
2026-09-25T11:42:00+05:30,93.85,94.15,91.05,91.95,309
2026-09-25T11:43:00+05:30,92.2,95.5,91.1,95.5,304
2026-09-25T11:44:00+05:30,95.3,95.6,91.65,93.75,497
2026-09-25T11:45:00+05:30,94.2,94.8,92.3,92.6,237
2026-09-25T11:46:00+05:30,93.05,93.05,90.0,91.2,556
2026-09-25T11:47:00+05:30,91.3,91.7,89.75,91.35,355
2026-09-25T11:48:00+05:30,91.45,93.65,91.25,91.65,310
2026-09-25T11:49:00+05:30,91.6,94.1,91.6,92.05,503
2026-09-25T11:50:00+05:30,92.35,92.35,87.8,90.9,806
2026-09-25T11:51:00+05:30,90.45,92.1,89.0,90.6,332
2026-09-25T11:52:00+05:30,90.0,91.3,88.05,89.6,610
2026-09-25T11:53:00+05:30,89.4,90.65,88.55,90.55,305
2026-09-25T11:54:00+05:30,90.15,91.2,88.0,88.65,334
2026-09-25T11:55:00+05:30,88.55,91.95,87.2,90.9,482
2026-09-25T11:56:00+05:30,90.65,92.35,89.5,92.25,191
2026-09-25T11:57:00+05:30,91.45,92.35,90.45,91.65,255
2026-09-25T11:58:00+05:30,91.9,93.0,90.8,90.95,243
2026-09-25T11:59:00+05:30,90.95,94.3,90.05,94.25,624
2026-09-25T12:00:00+05:30,93.5,93.95,91.55,92.55,238
2026-09-25T12:01:00+05:30,92.5,97.85,91.35,96.2,717
2026-09-25T12:02:00+05:30,96.4,96.4,93.3,95.6,402
2026-09-25T12:03:00+05:30,95.85,101.55,95.85,100.0,1435
2026-09-25T12:04:00+05:30,100.3,102.0,96.45,97.55,664
2026-09-25T12:05:00+05:30,97.0,98.85,95.1,95.9,574
2026-09-25T12:06:00+05:30,96.05,98.45,95.0,97.65,452
2026-09-25T12:07:00+05:30,97.6,98.4,95.6,98.3,660
2026-09-25T12:08:00+05:30,98.5,99.0,94.3,94.4,467
2026-09-25T12:09:00+05:30,94.15,95.0,91.4,91.7,827
2026-09-25T12:10:00+05:30,91.9,94.3,91.25,91.25,444
2026-09-25T12:11:00+05:30,91.0,91.0,88.35,89.55,1144
2026-09-25T12:12:00+05:30,89.55,90.9,88.05,89.95,705
2026-09-25T12:13:00+05:30,90.0,92.95,90.0,92.3,314
2026-09-25T12:14:00+05:30,92.1,94.95,91.85,93.0,368
2026-09-25T12:15:00+05:30,91.6,93.3,91.05,92.45,328
2026-09-25T12:16:00+05:30,92.55,92.6,90.3,92.2,301
2026-09-25T12:17:00+05:30,91.85,95.95,91.45,95.15,438
2026-09-25T12:18:00+05:30,94.95,95.35,92.7,93.6,388
2026-09-25T12:19:00+05:30,93.2,94.8,92.55,94.8,175
2026-09-25T12:20:00+05:30,94.8,97.15,94.5,96.05,619
2026-09-25T12:21:00+05:30,95.75,98.15,95.5,97.75,387
2026-09-25T12:22:00+05:30,98.1,100.0,96.0,100.0,431
2026-09-25T12:23:00+05:30,100.25,101.15,97.2,98.35,394
2026-09-25T12:24:00+05:30,97.9,101.65,97.3,100.05,392
2026-09-25T12:25:00+05:30,98.95,102.85,98.5,100.65,672
2026-09-25T12:26:00+05:30,100.5,101.05,97.55,97.8,480
2026-09-25T12:27:00+05:30,97.55,99.8,96.2,98.15,399
2026-09-25T12:28:00+05:30,97.1,97.55,94.15,95.3,566
2026-09-25T12:29:00+05:30,95.45,96.5,93.25,93.25,325
2026-09-25T12:30:00+05:30,93.0,94.35,88.35,90.3,1454
2026-09-25T12:31:00+05:30,90.45,91.05,89.0,90.85,1056
2026-09-25T12:32:00+05:30,90.2,91.95,89.0,91.1,372
2026-09-25T12:33:00+05:30,90.9,94.1,90.9,94.1,595
2026-09-25T12:34:00+05:30,94.55,95.6,91.95,95.6,356
2026-09-25T12:35:00+05:30,95.85,98.5,94.4,98.0,548
2026-09-25T12:36:00+05:30,97.8,102.0,97.15,101.1,689
2026-09-25T12:37:00+05:30,100.65,100.65,97.0,99.7,381
2026-09-25T12:38:00+05:30,99.4,100.55,96.6,97.0,451
2026-09-25T12:39:00+05:30,96.65,98.25,95.5,95.75,444
2026-09-25T12:40:00+05:30,95.45,97.2,94.2,96.95,411
2026-09-25T12:41:00+05:30,96.85,98.2,94.55,95.45,490
2026-09-25T12:42:00+05:30,95.65,100.0,95.65,99.4,527
2026-09-25T12:43:00+05:30,99.0,101.5,97.95,98.7,465
2026-09-25T12:44:00+05:30,98.7,100.6,96.5,99.5,303
2026-09-25T12:45:00+05:30,100.1,102.8,99.5,101.85,965
2026-09-25T12:46:00+05:30,100.5,101.25,98.0,100.55,473
2026-09-25T12:47:00+05:30,100.85,101.5,98.1,98.85,1079
2026-09-25T12:48:00+05:30,98.75,102.45,98.7,102.45,869
2026-09-25T12:49:00+05:30,102.35,108.05,100.65,105.45,1195
2026-09-25T12:50:00+05:30,105.55,112.3,103.6,109.75,1763
2026-09-25T12:51:00+05:30,109.65,115.6,107.4,112.8,1366
2026-09-25T12:52:00+05:30,112.8,113.75,106.95,108.9,1024
2026-09-25T12:53:00+05:30,109.0,113.9,107.9,108.8,922
2026-09-25T12:54:00+05:30,108.45,112.35,108.0,111.6,522
2026-09-25T12:55:00+05:30,111.8,114.25,110.45,113.3,682
2026-09-25T12:56:00+05:30,113.75,128.95,110.55,127.15,2708
2026-09-25T12:57:00+05:30,127.25,131.6,118.45,120.85,2780
2026-09-25T12:58:00+05:30,121.15,121.6,114.3,114.4,1891
2026-09-25T12:59:00+05:30,114.45,116.85,110.15,110.35,826
2026-09-25T13:00:00+05:30,110.45,111.6,104.7,108.3,1331
2026-09-25T13:01:00+05:30,108.05,109.2,104.2,106.3,680
2026-09-25T13:02:00+05:30,105.75,117.0,105.75,114.5,1002
2026-09-25T13:03:00+05:30,114.3,115.65,110.35,113.65,799
2026-09-25T13:04:00+05:30,113.45,115.35,111.6,114.85,481
2026-09-25T13:05:00+05:30,114.55,117.0,109.65,111.65,525
2026-09-25T13:06:00+05:30,111.6,112.0,108.5,109.8,476
2026-09-25T13:07:00+05:30,109.45,111.7,107.0,110.85,604
2026-09-25T13:08:00+05:30,111.45,112.9,107.8,107.85,368
2026-09-25T13:09:00+05:30,107.95,108.3,103.55,104.7,881
2026-09-25T13:10:00+05:30,104.35,106.7,103.2,103.9,709
2026-09-25T13:11:00+05:30,103.0,103.0,99.7,102.8,1072
2026-09-25T13:12:00+05:30,102.25,105.1,100.35,104.35,736
2026-09-25T13:13:00+05:30,104.45,106.0,102.75,103.75,237
2026-09-25T13:14:00+05:30,103.85,109.0,103.2,108.45,438
2026-09-25T13:15:00+05:30,107.65,109.4,104.65,108.7,356
2026-09-25T13:16:00+05:30,109.4,110.15,106.15,106.3,684
2026-09-25T13:17:00+05:30,106.45,109.65,103.0,107.55,507
2026-09-25T13:18:00+05:30,107.4,108.6,106.6,106.75,424
2026-09-25T13:19:00+05:30,106.3,108.0,103.2,108.0,371
2026-09-25T13:20:00+05:30,107.95,107.95,104.3,107.5,281
2026-09-25T13:21:00+05:30,107.25,107.25,103.65,104.45,331
2026-09-25T13:22:00+05:30,104.15,108.95,102.35,108.3,371
2026-09-25T13:23:00+05:30,108.85,110.5,104.5,106.65,439
2026-09-25T13:24:00+05:30,107.4,111.0,107.1,108.0,372
2026-09-25T13:25:00+05:30,108.4,110.4,106.15,107.6,651
2026-09-25T13:26:00+05:30,107.5,107.6,103.2,104.7,665
2026-09-25T13:27:00+05:30,104.6,108.0,103.95,107.15,258
2026-09-25T13:28:00+05:30,107.6,108.55,106.5,107.0,359
2026-09-25T13:29:00+05:30,106.85,107.45,105.5,107.0,254
2026-09-25T13:30:00+05:30,107.1,109.3,104.25,107.85,467
2026-09-25T13:31:00+05:30,107.45,107.75,104.65,106.55,316
2026-09-25T13:32:00+05:30,106.05,109.0,105.95,108.0,255
2026-09-25T13:33:00+05:30,108.3,113.6,108.05,113.35,574
2026-09-25T13:34:00+05:30,113.75,117.2,112.9,115.3,921
2026-09-25T13:35:00+05:30,115.9,119.45,113.9,114.35,1321
2026-09-25T13:36:00+05:30,115.45,118.0,112.65,115.0,815
2026-09-25T13:37:00+05:30,114.75,121.1,112.0,112.35,971
2026-09-25T13:38:00+05:30,113.05,116.75,112.95,115.35,500
2026-09-25T13:39:00+05:30,115.5,119.0,113.0,118.2,451
2026-09-25T13:40:00+05:30,118.05,118.05,111.4,111.75,413
2026-09-25T13:41:00+05:30,112.85,114.4,110.45,113.15,835
2026-09-25T13:42:00+05:30,113.0,114.6,106.05,106.35,686
2026-09-25T13:43:00+05:30,106.0,112.45,103.6,111.55,1152
2026-09-25T13:44:00+05:30,111.6,111.6,108.45,110.4,510
2026-09-25T13:45:00+05:30,110.2,110.65,105.6,106.2,452
2026-09-25T13:46:00+05:30,106.0,107.2,98.15,98.45,1695
2026-09-25T13:47:00+05:30,98.7,106.5,98.25,103.1,707
2026-09-25T13:48:00+05:30,103.2,106.0,102.8,104.8,412
2026-09-25T13:49:00+05:30,104.55,106.25,102.9,105.35,352
2026-09-25T13:50:00+05:30,105.6,108.6,105.6,108.15,414
2026-09-25T13:51:00+05:30,107.8,108.65,104.75,105.15,660
2026-09-25T13:52:00+05:30,105.25,107.5,104.1,105.55,538
2026-09-25T13:53:00+05:30,105.9,107.3,103.65,106.6,315
2026-09-25T13:54:00+05:30,106.4,106.75,102.0,102.95,396
2026-09-25T13:55:00+05:30,103.1,103.85,98.0,98.0,816
2026-09-25T13:56:00+05:30,98.3,101.05,91.5,92.5,1279
2026-09-25T13:57:00+05:30,91.8,97.5,91.75,97.0,919
2026-09-25T13:58:00+05:30,97.3,97.35,92.6,94.35,394
2026-09-25T13:59:00+05:30,94.2,94.7,89.0,89.5,1381
2026-09-25T14:00:00+05:30,88.9,89.0,73.95,78.1,2780
2026-09-25T14:01:00+05:30,78.3,83.6,75.75,79.05,1968
2026-09-25T14:02:00+05:30,79.1,80.0,74.45,77.35,1279
2026-09-25T14:03:00+05:30,77.15,77.3,64.6,65.1,4714
2026-09-25T14:04:00+05:30,65.1,75.05,65.1,72.0,2138
2026-09-25T14:05:00+05:30,72.35,77.25,70.2,75.95,1858
2026-09-25T14:06:00+05:30,75.4,76.15,71.85,75.25,729
2026-09-25T14:07:00+05:30,75.6,76.8,70.95,72.5,1315
2026-09-25T14:08:00+05:30,72.45,76.95,71.0,75.1,1648
2026-09-25T14:09:00+05:30,74.7,84.0,74.6,80.3,2074
2026-09-25T14:10:00+05:30,80.7,81.7,77.25,78.8,829
2026-09-25T14:11:00+05:30,79.65,80.05,73.45,75.25,851
2026-09-25T14:12:00+05:30,75.1,77.95,73.0,77.5,1464
2026-09-25T14:13:00+05:30,77.0,78.6,75.05,78.55,1363
2026-09-25T14:14:00+05:30,78.65,80.65,77.5,78.7,1078
2026-09-25T14:15:00+05:30,78.3,78.3,72.45,72.5,1991
2026-09-25T14:16:00+05:30,72.4,74.7,70.75,70.9,1217
2026-09-25T14:17:00+05:30,71.0,71.35,68.0,69.4,1046
2026-09-25T14:18:00+05:30,69.4,69.4,66.0,67.7,1184
2026-09-25T14:19:00+05:30,67.25,69.6,67.1,68.4,1062
2026-09-25T14:20:00+05:30,68.0,71.0,66.55,69.8,764
2026-09-25T14:21:00+05:30,69.35,69.35,64.9,67.05,1386
2026-09-25T14:22:00+05:30,67.05,67.85,65.7,66.5,464
2026-09-25T14:23:00+05:30,66.45,68.35,66.15,67.4,869
2026-09-25T14:24:00+05:30,67.4,68.3,66.2,67.8,338
2026-09-25T14:25:00+05:30,67.55,68.85,61.25,66.2,2703
2026-09-25T14:26:00+05:30,65.9,71.0,64.9,67.85,1383
2026-09-25T14:27:00+05:30,68.05,69.3,65.35,68.15,837
2026-09-25T14:28:00+05:30,67.95,68.3,64.1,65.35,652
2026-09-25T14:29:00+05:30,65.5,65.6,64.2,65.4,334
2026-09-25T14:30:00+05:30,65.35,65.85,60.0,60.6,2819
2026-09-25T14:31:00+05:30,61.0,64.0,59.8,60.95,1563
2026-09-25T14:32:00+05:30,60.85,62.05,59.6,61.25,1222
2026-09-25T14:33:00+05:30,61.05,62.25,58.8,62.25,2315
2026-09-25T14:34:00+05:30,62.15,63.1,60.55,61.3,812
2026-09-25T14:35:00+05:30,61.5,63.5,61.05,63.5,386
2026-09-25T14:36:00+05:30,63.35,63.55,61.65,63.45,295
2026-09-25T14:37:00+05:30,63.35,63.75,61.8,62.5,418
2026-09-25T14:38:00+05:30,62.5,63.0,60.8,62.0,473
2026-09-25T14:39:00+05:30,61.7,61.9,60.2,60.65,454
2026-09-25T14:40:00+05:30,60.95,63.45,60.9,63.25,472
2026-09-25T14:41:00+05:30,63.2,65.0,62.6,64.95,604
2026-09-25T14:42:00+05:30,64.75,66.35,64.75,66.35,858
2026-09-25T14:43:00+05:30,66.35,68.0,65.2,67.4,825
2026-09-25T14:44:00+05:30,67.4,68.3,66.1,67.35,536
2026-09-25T14:45:00+05:30,67.35,69.45,65.6,69.45,951
2026-09-25T14:46:00+05:30,69.2,72.75,68.65,71.3,1239
2026-09-25T14:47:00+05:30,71.5,74.5,70.8,74.25,874
2026-09-25T14:48:00+05:30,74.25,75.0,71.3,71.3,850
2026-09-25T14:49:00+05:30,71.2,73.05,69.3,72.7,972
2026-09-25T14:50:00+05:30,72.65,76.25,70.3,74.95,1479
2026-09-25T14:51:00+05:30,74.55,75.8,72.4,73.15,798
2026-09-25T14:52:00+05:30,72.4,72.5,70.0,71.6,740
2026-09-25T14:53:00+05:30,71.0,71.6,68.7,70.85,358
2026-09-25T14:54:00+05:30,70.1,71.5,67.3,67.3,1074
2026-09-25T14:55:00+05:30,67.3,74.65,66.55,74.5,1579
2026-09-25T14:56:00+05:30,74.55,75.8,72.3,74.8,905
2026-09-25T14:57:00+05:30,74.7,77.5,74.2,74.4,772
2026-09-25T14:58:00+05:30,75.0,77.55,73.8,76.05,1189
2026-09-25T14:59:00+05:30,75.8,76.2,73.2,73.95,613
2026-09-25T15:00:00+05:30,74.65,78.1,74.35,74.9,1236
2026-09-25T15:01:00+05:30,75.3,80.5,74.55,80.35,915
2026-09-25T15:02:00+05:30,80.2,83.1,77.45,79.0,2691
2026-09-25T15:03:00+05:30,79.25,82.0,78.55,80.0,584
2026-09-25T15:04:00+05:30,80.05,82.0,78.2,78.25,793
2026-09-25T15:05:00+05:30,78.9,82.9,78.5,82.4,741
2026-09-25T15:06:00+05:30,82.35,83.0,76.45,76.75,1698
2026-09-25T15:07:00+05:30,76.6,83.35,75.25,83.1,1119
2026-09-25T15:08:00+05:30,83.3,93.8,82.3,93.45,1987
2026-09-25T15:09:00+05:30,94.0,95.0,88.15,90.3,2128
2026-09-25T15:10:00+05:30,90.3,92.65,85.3,88.1,1378
2026-09-25T15:11:00+05:30,88.9,89.5,86.55,87.2,1173
2026-09-25T15:12:00+05:30,87.1,87.7,82.0,82.4,1893
2026-09-25T15:13:00+05:30,82.6,84.6,80.0,80.55,1725
2026-09-25T15:14:00+05:30,80.6,81.55,76.8,77.25,1210
2026-09-25T15:15:00+05:30,76.95,79.7,75.85,79.5,810
2026-09-25T15:16:00+05:30,79.4,82.25,79.35,80.25,863
2026-09-25T15:17:00+05:30,80.75,81.85,80.0,80.5,363
2026-09-25T15:18:00+05:30,80.0,80.0,74.6,75.8,1112
2026-09-25T15:19:00+05:30,75.35,78.05,75.35,77.5,689
2026-09-25T15:20:00+05:30,77.6,78.2,73.9,77.4,1351
2026-09-25T15:21:00+05:30,77.5,79.4,77.2,77.3,542
2026-09-25T15:22:00+05:30,77.7,80.8,77.2,80.2,1380
2026-09-25T15:23:00+05:30,80.3,81.8,79.4,81.35,951
2026-09-25T15:24:00+05:30,81.45,82.4,77.4,81.2,1058
2026-09-25T15:25:00+05:30,81.3,81.85,78.85,80.4,751
2026-09-25T15:26:00+05:30,80.5,81.5,79.55,80.0,741
2026-09-25T15:27:00+05:30,80.5,81.0,78.8,80.05,655
2026-09-25T15:28:00+05:30,80.25,80.35,79.0,79.0,506
2026-09-25T15:29:00+05:30,79.45,79.75,75.05,77.4,844
2026-09-25T15:30:00+05:30,77.6,79.65,77.1,79.35,849
2026-09-25T15:31:00+05:30,79.65,80.3,78.5,79.75,571
2026-09-25T15:32:00+05:30,80.0,82.8,79.85,82.8,1187
2026-09-25T15:33:00+05:30,82.8,84.55,81.4,81.95,742
2026-09-25T15:34:00+05:30,81.7,81.8,78.05,79.65,749
2026-09-25T15:35:00+05:30,79.7,80.35,76.2,76.8,652
2026-09-25T15:36:00+05:30,76.35,81.55,75.6,80.25,1015
2026-09-25T15:37:00+05:30,80.45,80.85,73.0,76.45,713
2026-09-25T15:38:00+05:30,76.45,78.05,76.2,77.9,392
2026-09-25T15:39:00+05:30,77.85,78.0,76.2,76.3,412
2026-09-28T09:15:00+05:30,89.95,163.9,89.95,162.95,11131
2026-09-28T09:16:00+05:30,162.6,205.0,160.85,181.2,10082
2026-09-28T09:17:00+05:30,181.1,199.35,180.0,190.15,6949
2026-09-28T09:18:00+05:30,190.3,207.3,184.0,199.2,6490
2026-09-28T09:19:00+05:30,200.1,250.0,192.45,242.85,11641
2026-09-28T09:20:00+05:30,241.85,273.8,232.75,263.25,9522
2026-09-28T09:21:00+05:30,263.85,266.1,243.65,259.5,7083
2026-09-28T09:22:00+05:30,259.5,280.85,257.3,277.2,8227
2026-09-28T09:23:00+05:30,277.2,277.2,240.05,257.95,6737
2026-09-28T09:24:00+05:30,258.45,263.4,232.6,247.25,5032
2026-09-28T09:25:00+05:30,248.2,285.4,246.5,279.2,8519
2026-09-28T09:26:00+05:30,281.8,287.0,274.5,283.8,3321
2026-09-28T09:27:00+05:30,284.8,285.15,257.8,274.0,5325
2026-09-28T09:28:00+05:30,273.7,285.0,269.45,270.3,3649
2026-09-28T09:29:00+05:30,270.25,275.0,266.85,269.0,1951
2026-09-28T09:30:00+05:30,269.35,286.0,267.3,271.35,4753
2026-09-28T09:31:00+05:30,271.0,285.25,269.35,281.9,2891
2026-09-28T09:32:00+05:30,281.2,293.6,280.4,292.8,4274
2026-09-28T09:33:00+05:30,292.45,318.95,291.55,307.95,8203
2026-09-28T09:34:00+05:30,306.8,323.0,306.55,308.35,3593
2026-09-28T09:35:00+05:30,308.8,384.0,307.35,362.2,9203
2026-09-28T09:36:00+05:30,362.5,386.6,356.2,377.55,4336
2026-09-28T09:37:00+05:30,377.6,390.0,360.7,367.05,4605
2026-09-28T09:38:00+05:30,368.5,410.0,368.4,387.05,3793
2026-09-28T09:39:00+05:30,386.4,392.35,374.6,384.25,2175
2026-09-28T09:40:00+05:30,384.35,397.0,375.0,375.0,1867
2026-09-28T09:41:00+05:30,375.2,383.5,348.0,357.3,2659
2026-09-28T09:42:00+05:30,357.55,377.95,357.2,372.1,1858
2026-09-28T09:43:00+05:30,373.4,391.25,372.0,384.35,1375
2026-09-28T09:44:00+05:30,385.2,394.75,383.0,383.45,1041
2026-09-28T09:45:00+05:30,384.6,388.35,374.8,379.25,633
2026-09-28T09:46:00+05:30,378.15,381.6,365.0,366.0,1412
2026-09-28T09:47:00+05:30,366.35,375.3,361.0,369.55,976
2026-09-28T09:48:00+05:30,370.0,373.0,353.85,368.6,1110
2026-09-28T09:49:00+05:30,367.95,378.0,363.0,364.75,725
2026-09-28T09:50:00+05:30,365.45,370.8,356.2,362.95,929
2026-09-28T09:51:00+05:30,361.85,383.8,360.0,381.8,1312
2026-09-28T09:52:00+05:30,381.15,388.0,378.0,383.2,881
2026-09-28T09:53:00+05:30,382.6,384.65,368.55,374.25,794
2026-09-28T09:54:00+05:30,374.8,387.8,372.9,383.35,885
2026-09-28T09:55:00+05:30,384.6,386.0,373.0,383.9,810
2026-09-28T09:56:00+05:30,383.0,387.95,370.15,373.0,874
2026-09-28T09:57:00+05:30,372.1,375.75,360.0,363.8,916
2026-09-28T09:58:00+05:30,362.8,365.45,349.2,357.75,1617
2026-09-28T09:59:00+05:30,359.3,364.9,354.55,359.95,700
2026-09-28T10:00:00+05:30,360.0,379.95,358.8,374.4,1181
2026-09-28T10:01:00+05:30,377.95,383.55,372.9,375.35,976
2026-09-28T10:02:00+05:30,376.55,381.0,369.0,373.5,675
2026-09-28T10:03:00+05:30,373.55,384.4,368.8,383.9,805
2026-09-28T10:04:00+05:30,384.95,400.0,383.2,391.25,1835
2026-09-28T10:05:00+05:30,390.6,430.2,385.0,422.8,2482
2026-09-28T10:06:00+05:30,423.1,440.0,412.1,433.5,3051
2026-09-28T10:07:00+05:30,434.0,450.0,415.05,424.4,1970
2026-09-28T10:08:00+05:30,426.4,437.6,417.0,432.2,1020
2026-09-28T10:09:00+05:30,435.4,449.0,431.3,445.4,1629
2026-09-28T10:10:00+05:30,446.2,448.7,425.0,430.0,1371
2026-09-28T10:11:00+05:30,429.45,432.05,416.8,420.85,1206
2026-09-28T10:12:00+05:30,420.75,437.9,418.2,432.0,1297
2026-09-28T10:13:00+05:30,429.85,432.7,411.85,413.3,781
2026-09-28T10:14:00+05:30,414.0,430.0,408.0,430.0,778
2026-09-28T10:15:00+05:30,429.25,439.2,425.0,433.4,917
2026-09-28T10:16:00+05:30,432.75,440.0,429.2,435.0,709
2026-09-28T10:17:00+05:30,436.0,473.65,432.3,471.5,3095
2026-09-28T10:18:00+05:30,467.45,476.0,436.1,446.55,2259
2026-09-28T10:19:00+05:30,445.15,445.7,426.15,429.35,1030
2026-09-28T10:20:00+05:30,430.4,433.55,396.65,412.4,2207
2026-09-28T10:21:00+05:30,410.8,434.65,409.45,431.95,996
2026-09-28T10:22:00+05:30,428.15,436.05,419.4,429.9,802
2026-09-28T10:23:00+05:30,428.45,442.65,423.5,432.8,1352
2026-09-28T10:24:00+05:30,434.2,451.5,432.75,437.1,1391
2026-09-28T10:25:00+05:30,437.8,451.25,435.35,448.85,929
2026-09-28T10:26:00+05:30,450.0,454.6,439.5,446.9,804
2026-09-28T10:27:00+05:30,447.0,450.6,442.5,446.0,445
2026-09-28T10:28:00+05:30,448.3,449.5,425.4,428.6,909
2026-09-28T10:29:00+05:30,430.35,446.8,428.15,439.0,1399
2026-09-28T10:30:00+05:30,437.95,437.95,417.75,423.0,704
2026-09-28T10:31:00+05:30,426.3,431.2,422.3,427.8,501
2026-09-28T10:32:00+05:30,429.7,440.0,429.0,432.4,428
2026-09-28T10:33:00+05:30,430.85,448.0,428.0,446.55,415
2026-09-28T10:34:00+05:30,448.0,450.0,438.25,444.35,571
2026-09-28T10:35:00+05:30,446.0,449.9,440.25,444.0,342
2026-09-28T10:36:00+05:30,442.45,443.6,426.95,437.9,618
2026-09-28T10:37:00+05:30,438.45,449.2,436.2,441.0,434
2026-09-28T10:38:00+05:30,441.85,451.35,438.15,449.8,677
2026-09-28T10:39:00+05:30,448.0,464.0,441.8,458.0,1242
2026-09-28T10:40:00+05:30,457.0,457.0,445.0,455.95,754
2026-09-28T10:41:00+05:30,455.8,489.85,448.85,466.15,2534
2026-09-28T10:42:00+05:30,468.1,481.1,465.2,479.5,1160
2026-09-28T10:43:00+05:30,478.7,484.0,468.4,478.6,762
2026-09-28T10:44:00+05:30,477.75,481.0,470.0,475.95,497
2026-09-28T10:45:00+05:30,474.15,478.75,462.65,468.65,637
2026-09-28T10:46:00+05:30,467.0,470.55,458.3,465.3,500
2026-09-28T10:47:00+05:30,464.0,471.7,457.0,465.0,397
2026-09-28T10:48:00+05:30,466.05,480.0,466.05,474.0,442
2026-09-28T10:49:00+05:30,475.55,506.0,475.05,485.65,2716
2026-09-28T10:50:00+05:30,483.45,496.7,482.45,491.75,551
2026-09-28T10:51:00+05:30,491.75,496.15,482.6,485.25,491
2026-09-28T10:52:00+05:30,486.35,503.0,484.3,491.1,623
2026-09-28T10:53:00+05:30,488.1,494.3,476.75,480.6,623
2026-09-28T10:54:00+05:30,480.0,480.05,458.25,465.9,1664
2026-09-28T10:55:00+05:30,464.15,464.65,432.3,438.65,1327
2026-09-28T10:56:00+05:30,439.55,449.0,429.3,447.45,805
2026-09-28T10:57:00+05:30,449.9,457.0,438.0,454.55,519
2026-09-28T10:58:00+05:30,452.85,456.0,441.0,448.3,302
2026-09-28T10:59:00+05:30,451.5,461.8,444.75,460.0,242
2026-09-28T11:00:00+05:30,458.35,475.65,457.35,467.55,713
2026-09-28T11:01:00+05:30,466.5,479.0,462.35,465.7,346
2026-09-28T11:02:00+05:30,465.55,471.4,454.2,459.3,378
2026-09-28T11:03:00+05:30,458.65,475.0,458.65,474.15,543
2026-09-28T11:04:00+05:30,473.4,486.75,468.0,480.0,1201
2026-09-28T11:05:00+05:30,478.75,484.95,472.45,477.7,554
2026-09-28T11:06:00+05:30,476.75,478.4,465.45,474.2,499
2026-09-28T11:07:00+05:30,475.0,481.75,467.4,481.75,797
2026-09-28T11:08:00+05:30,482.0,496.1,482.0,491.0,1139
2026-09-28T11:09:00+05:30,492.0,495.3,484.0,490.0,444
2026-09-28T11:10:00+05:30,491.3,500.0,485.0,499.15,610
2026-09-28T11:11:00+05:30,499.65,502.1,488.95,500.55,730
2026-09-28T11:12:00+05:30,504.0,510.0,488.65,500.4,1160
2026-09-28T11:13:00+05:30,500.0,505.0,493.75,498.0,591
2026-09-28T11:14:00+05:30,497.0,498.85,488.85,491.05,402
2026-09-28T11:15:00+05:30,492.1,493.0,468.1,486.45,1008
2026-09-28T11:16:00+05:30,485.0,506.4,483.25,497.0,920
2026-09-28T11:17:00+05:30,498.4,502.1,488.4,496.15,572
2026-09-28T11:18:00+05:30,497.35,498.9,472.65,477.5,582
2026-09-28T11:19:00+05:30,477.2,480.55,463.4,468.2,789
2026-09-28T11:20:00+05:30,466.35,479.85,460.0,478.8,604
2026-09-28T11:21:00+05:30,476.9,484.8,460.0,475.65,556
2026-09-28T11:22:00+05:30,476.4,477.95,470.0,475.0,185
2026-09-28T11:23:00+05:30,475.0,478.0,464.0,471.75,231
2026-09-28T11:24:00+05:30,473.0,488.4,469.85,482.0,285
2026-09-28T11:25:00+05:30,482.25,485.65,474.95,482.1,287
2026-09-28T11:26:00+05:30,483.1,483.1,467.6,473.6,298
2026-09-28T11:27:00+05:30,476.0,478.8,457.0,459.5,385
2026-09-28T11:28:00+05:30,463.0,465.0,451.25,463.55,501
2026-09-28T11:29:00+05:30,461.55,466.9,456.25,462.4,209
2026-09-28T11:30:00+05:30,460.0,461.35,440.35,451.0,908
2026-09-28T11:31:00+05:30,451.35,451.45,437.55,445.75,588
2026-09-28T11:32:00+05:30,444.2,463.4,434.25,461.95,603
2026-09-28T11:33:00+05:30,461.65,492.0,460.0,481.6,1278
2026-09-28T11:34:00+05:30,481.45,485.3,475.0,484.6,458
2026-09-28T11:35:00+05:30,484.15,487.5,473.6,473.6,363
2026-09-28T11:36:00+05:30,473.1,476.0,460.45,462.05,282
2026-09-28T11:37:00+05:30,461.8,461.8,443.35,444.95,808
2026-09-28T11:38:00+05:30,444.0,453.55,442.2,450.3,345
2026-09-28T11:39:00+05:30,449.4,452.0,440.75,444.15,228
2026-09-28T11:40:00+05:30,445.5,445.8,434.0,439.0,306
2026-09-28T11:41:00+05:30,440.65,444.3,413.1,423.4,1200
2026-09-28T11:42:00+05:30,425.2,430.65,420.55,428.8,624
2026-09-28T11:43:00+05:30,430.0,433.0,420.85,430.6,381
2026-09-28T11:44:00+05:30,431.05,434.1,426.65,433.0,583
2026-09-28T11:45:00+05:30,431.8,432.2,418.25,431.0,601
2026-09-28T11:46:00+05:30,430.2,432.35,421.7,431.1,586
2026-09-28T11:47:00+05:30,430.05,447.55,428.0,447.55,398
2026-09-28T11:48:00+05:30,447.0,455.95,440.1,440.4,899
2026-09-28T11:49:00+05:30,442.2,455.2,442.15,450.0,323
2026-09-28T11:50:00+05:30,449.4,456.0,446.6,453.2,437
2026-09-28T11:51:00+05:30,453.95,464.0,448.6,461.7,478
2026-09-28T11:52:00+05:30,461.25,464.0,449.9,449.9,349
2026-09-28T11:53:00+05:30,450.85,459.95,441.45,450.6,377
2026-09-28T11:54:00+05:30,450.6,461.25,449.35,460.0,260
2026-09-28T11:55:00+05:30,459.9,468.55,455.8,467.2,320
2026-09-28T11:56:00+05:30,468.7,479.9,464.15,466.55,735
2026-09-28T11:57:00+05:30,465.0,469.9,460.45,469.5,390
2026-09-28T11:58:00+05:30,469.25,473.0,462.25,462.25,173
2026-09-28T11:59:00+05:30,463.35,466.0,446.3,454.7,546
2026-09-28T12:00:00+05:30,457.25,460.0,448.05,448.05,403
2026-09-28T12:01:00+05:30,451.65,459.25,439.25,453.95,470
2026-09-28T12:02:00+05:30,455.8,461.7,447.25,448.15,164
2026-09-28T12:03:00+05:30,449.1,465.0,448.85,457.05,249
2026-09-28T12:04:00+05:30,456.2,464.0,448.0,461.85,347
2026-09-28T12:05:00+05:30,462.2,463.1,450.05,451.8,208
2026-09-28T12:06:00+05:30,450.05,450.05,437.5,448.35,400
2026-09-28T12:07:00+05:30,446.6,452.15,442.5,450.95,201
2026-09-28T12:08:00+05:30,451.05,458.95,447.0,449.6,293
2026-09-28T12:09:00+05:30,449.6,454.95,448.5,451.9,59
2026-09-28T12:10:00+05:30,453.35,456.05,441.0,442.4,242
2026-09-28T12:11:00+05:30,442.65,449.35,433.55,449.0,361
2026-09-28T12:12:00+05:30,450.0,452.9,443.25,451.8,140
2026-09-28T12:13:00+05:30,450.0,453.75,447.4,448.6,138
2026-09-28T12:14:00+05:30,447.55,454.1,441.35,453.55,165
2026-09-28T12:15:00+05:30,454.55,463.6,453.3,461.2,304
2026-09-28T12:16:00+05:30,461.2,462.55,445.0,449.4,197
2026-09-28T12:17:00+05:30,450.45,453.55,449.0,453.25,112
2026-09-28T12:18:00+05:30,452.65,456.0,441.7,445.45,168
2026-09-28T12:19:00+05:30,447.25,450.2,440.9,442.85,114
2026-09-28T12:20:00+05:30,441.55,453.0,437.4,450.8,229
2026-09-28T12:21:00+05:30,450.95,453.35,445.6,448.65,198
2026-09-28T12:22:00+05:30,449.05,461.55,445.0,457.15,216
2026-09-28T12:23:00+05:30,456.85,457.0,442.5,442.5,295
2026-09-28T12:24:00+05:30,442.4,452.4,440.0,441.75,324
2026-09-28T12:25:00+05:30,440.6,440.6,425.0,428.0,725
2026-09-28T12:26:00+05:30,427.2,429.05,411.45,426.0,1108
2026-09-28T12:27:00+05:30,425.7,431.95,425.0,429.05,252
2026-09-28T12:28:00+05:30,429.25,433.35,422.4,429.55,218
2026-09-28T12:29:00+05:30,427.9,427.9,408.2,408.45,347
2026-09-28T12:30:00+05:30,409.75,427.95,406.3,421.05,417
2026-09-28T12:31:00+05:30,424.25,432.35,417.7,423.85,354
2026-09-28T12:32:00+05:30,423.6,428.05,418.7,424.5,219
2026-09-28T12:33:00+05:30,425.45,445.0,423.8,440.0,576
2026-09-28T12:34:00+05:30,442.75,462.0,441.5,451.4,934
2026-09-28T12:35:00+05:30,451.5,458.05,442.6,449.1,479
2026-09-28T12:36:00+05:30,447.3,453.6,445.0,452.55,182
2026-09-28T12:37:00+05:30,448.3,452.15,441.85,450.6,113
2026-09-28T12:38:00+05:30,451.7,452.8,445.05,449.0,110
2026-09-28T12:39:00+05:30,446.2,452.0,444.35,449.95,88
2026-09-28T12:40:00+05:30,447.85,453.45,439.85,451.95,180
2026-09-28T12:41:00+05:30,453.45,453.55,445.8,447.85,191
2026-09-28T12:42:00+05:30,446.35,450.45,433.15,440.05,322
2026-09-28T12:43:00+05:30,441.0,442.5,434.25,438.0,235
2026-09-28T12:44:00+05:30,438.65,453.15,438.65,450.4,505
2026-09-28T12:45:00+05:30,451.0,457.0,443.65,446.75,144
2026-09-28T12:46:00+05:30,446.7,448.2,435.6,440.3,294
2026-09-28T12:47:00+05:30,441.0,449.0,438.65,444.0,132
2026-09-28T12:48:00+05:30,443.8,453.1,438.85,443.5,197
2026-09-28T12:49:00+05:30,440.0,446.25,439.1,441.7,229
2026-09-28T12:50:00+05:30,444.05,444.05,438.0,441.25,133
2026-09-28T12:51:00+05:30,444.4,461.0,444.4,452.05,397
2026-09-28T12:52:00+05:30,452.75,468.7,446.3,468.45,420
2026-09-28T12:53:00+05:30,468.95,481.05,452.0,453.65,655
2026-09-28T12:54:00+05:30,453.0,457.35,442.0,451.6,310
2026-09-28T12:55:00+05:30,451.55,460.0,447.55,452.9,108
2026-09-28T12:56:00+05:30,450.3,463.05,450.3,459.5,163
2026-09-28T12:57:00+05:30,460.65,470.0,457.95,468.3,221
2026-09-28T12:58:00+05:30,468.55,470.0,452.3,452.6,253
2026-09-28T12:59:00+05:30,452.0,460.45,451.0,458.6,247
2026-09-28T13:00:00+05:30,456.0,465.2,452.05,458.6,173
2026-09-28T13:01:00+05:30,457.95,458.55,446.15,452.45,116
2026-09-28T13:02:00+05:30,450.55,459.0,450.05,457.1,97
2026-09-28T13:03:00+05:30,456.85,460.25,452.0,458.95,145
2026-09-28T13:04:00+05:30,458.15,471.25,457.75,468.95,231
2026-09-28T13:05:00+05:30,469.1,470.95,457.8,462.8,243
2026-09-28T13:06:00+05:30,457.1,467.45,454.1,466.4,229
2026-09-28T13:07:00+05:30,467.85,488.0,465.0,471.65,684
2026-09-28T13:08:00+05:30,473.0,481.75,472.5,474.0,271
2026-09-28T13:09:00+05:30,474.35,475.1,457.4,462.2,244
2026-09-28T13:10:00+05:30,457.9,460.45,438.0,442.2,420
2026-09-28T13:11:00+05:30,441.3,450.5,428.0,450.25,537
2026-09-28T13:12:00+05:30,451.25,459.25,448.4,459.2,258
2026-09-28T13:13:00+05:30,458.1,458.1,446.5,448.7,112
2026-09-28T13:14:00+05:30,452.0,460.45,448.4,459.0,178
2026-09-28T13:15:00+05:30,458.3,460.55,450.0,458.85,152
2026-09-28T13:16:00+05:30,453.95,455.0,450.0,452.5,94
2026-09-28T13:17:00+05:30,450.0,453.55,445.5,450.55,248
2026-09-28T13:18:00+05:30,446.4,458.5,446.4,456.15,142
2026-09-28T13:19:00+05:30,458.75,461.5,450.45,451.4,94
2026-09-28T13:20:00+05:30,450.1,460.0,449.0,457.5,59
2026-09-28T13:21:00+05:30,457.4,459.4,450.6,453.05,120
2026-09-28T13:22:00+05:30,450.35,450.85,431.15,442.85,336
2026-09-28T13:23:00+05:30,442.1,444.3,428.0,431.85,263
2026-09-28T13:24:00+05:30,430.4,442.2,428.0,435.75,316
2026-09-28T13:25:00+05:30,434.1,442.0,424.25,424.25,212
2026-09-28T13:26:00+05:30,425.3,427.4,411.7,422.05,610
2026-09-28T13:27:00+05:30,422.05,430.0,410.0,427.05,394
2026-09-28T13:28:00+05:30,429.2,431.55,420.0,428.6,589
2026-09-28T13:29:00+05:30,428.6,433.0,420.0,425.15,238
2026-09-28T13:30:00+05:30,421.85,442.95,421.85,433.75,395
2026-09-28T13:31:00+05:30,433.5,445.0,432.5,445.0,164
2026-09-28T13:32:00+05:30,445.0,446.4,438.2,440.9,202
2026-09-28T13:33:00+05:30,443.0,455.85,435.0,452.3,347
2026-09-28T13:34:00+05:30,455.0,467.9,447.15,465.2,726
2026-09-28T13:35:00+05:30,463.3,468.05,452.0,466.4,261
2026-09-28T13:36:00+05:30,467.35,468.0,457.8,467.2,232
2026-09-28T13:37:00+05:30,465.0,475.0,461.6,472.7,541
2026-09-28T13:38:00+05:30,470.95,474.3,464.65,472.25,259
2026-09-28T13:39:00+05:30,471.3,471.9,451.0,451.0,771
2026-09-28T13:40:00+05:30,451.75,463.0,445.35,446.3,199
2026-09-28T13:41:00+05:30,447.0,449.05,440.0,443.75,328
2026-09-28T13:42:00+05:30,445.2,452.2,442.45,450.7,169
2026-09-28T13:43:00+05:30,451.5,467.55,451.35,461.4,244
2026-09-28T13:44:00+05:30,462.65,463.0,444.25,446.75,182
2026-09-28T13:45:00+05:30,447.05,454.15,442.4,454.15,343
2026-09-28T13:46:00+05:30,450.0,454.05,443.5,448.6,84
2026-09-28T13:47:00+05:30,448.4,457.0,440.5,454.85,128
2026-09-28T13:48:00+05:30,452.7,461.55,451.95,459.95,181
2026-09-28T13:49:00+05:30,456.95,482.3,452.45,457.15,568
2026-09-28T13:50:00+05:30,455.9,458.1,449.45,455.45,109
2026-09-28T13:51:00+05:30,457.6,463.0,453.6,458.25,39
2026-09-28T13:52:00+05:30,455.4,457.5,445.0,449.45,152
2026-09-28T13:53:00+05:30,449.45,463.85,445.05,458.25,152
2026-09-28T13:54:00+05:30,459.2,466.8,459.0,459.95,599
2026-09-28T13:55:00+05:30,460.35,464.2,452.75,455.35,78
2026-09-28T13:56:00+05:30,454.0,457.6,437.0,450.0,268
2026-09-28T13:57:00+05:30,450.35,459.55,446.0,459.55,656
2026-09-28T13:58:00+05:30,458.0,462.0,449.9,450.0,546
2026-09-28T13:59:00+05:30,449.8,450.5,444.3,448.4,538
2026-09-28T14:00:00+05:30,447.75,452.25,444.0,449.95,215
2026-09-28T14:01:00+05:30,449.25,462.15,449.25,459.7,271
2026-09-28T14:02:00+05:30,458.45,465.9,458.25,458.25,399
2026-09-28T14:03:00+05:30,459.65,460.95,452.8,456.45,191
2026-09-28T14:04:00+05:30,456.1,458.7,450.8,456.6,128
2026-09-28T14:05:00+05:30,457.9,460.95,450.7,458.8,189
2026-09-28T14:06:00+05:30,456.05,472.65,455.4,470.0,781
2026-09-28T14:07:00+05:30,469.5,473.0,460.9,467.25,313
2026-09-28T14:08:00+05:30,467.25,468.45,460.0,463.9,269
2026-09-28T14:09:00+05:30,462.7,485.0,462.7,473.4,585
2026-09-28T14:10:00+05:30,473.75,475.0,460.05,465.5,519
2026-09-28T14:11:00+05:30,465.0,467.9,460.7,461.2,486
2026-09-28T14:12:00+05:30,462.4,463.75,451.0,459.7,296
2026-09-28T14:13:00+05:30,462.1,478.55,462.0,473.6,383
2026-09-28T14:14:00+05:30,474.55,476.15,466.2,468.0,152
2026-09-28T14:15:00+05:30,468.05,500.0,460.35,490.15,1273
2026-09-28T14:16:00+05:30,494.0,501.55,481.7,495.0,957
2026-09-28T14:17:00+05:30,495.0,520.0,491.55,516.1,1149
2026-09-28T14:18:00+05:30,516.35,553.2,508.6,532.0,2285
2026-09-28T14:19:00+05:30,530.0,545.15,528.5,539.95,460
2026-09-28T14:20:00+05:30,540.8,542.15,511.0,519.1,889
2026-09-28T14:21:00+05:30,522.45,522.45,505.0,510.9,548
2026-09-28T14:22:00+05:30,508.9,525.0,508.9,516.95,232
2026-09-28T14:23:00+05:30,518.45,533.05,510.0,510.5,1219
2026-09-28T14:24:00+05:30,512.35,521.5,506.25,514.0,273
2026-09-28T14:25:00+05:30,513.0,517.55,502.0,507.15,353
2026-09-28T14:26:00+05:30,503.2,512.95,495.0,506.0,442
2026-09-28T14:27:00+05:30,508.0,509.55,495.0,500.25,195
2026-09-28T14:28:00+05:30,497.5,516.4,493.85,515.4,222
2026-09-28T14:29:00+05:30,513.8,516.9,505.7,516.45,218
2026-09-28T14:30:00+05:30,514.65,514.65,483.75,486.95,583
2026-09-28T14:31:00+05:30,486.1,509.5,485.95,508.2,413
2026-09-28T14:32:00+05:30,512.0,521.95,502.5,519.2,430
2026-09-28T14:33:00+05:30,519.2,522.0,510.6,515.0,446
2026-09-28T14:34:00+05:30,515.5,527.55,514.9,523.0,612
2026-09-28T14:35:00+05:30,519.75,525.0,510.0,516.65,417
2026-09-28T14:36:00+05:30,519.6,521.15,501.2,517.2,498
2026-09-28T14:37:00+05:30,515.95,529.0,512.9,526.15,416
2026-09-28T14:38:00+05:30,527.9,567.2,526.15,555.1,1780
2026-09-28T14:39:00+05:30,558.0,564.3,548.0,556.1,776
2026-09-28T14:40:00+05:30,554.75,558.95,543.35,550.6,335
2026-09-28T14:41:00+05:30,548.0,550.9,532.2,547.8,736
2026-09-28T14:42:00+05:30,545.65,563.1,541.1,558.55,682
2026-09-28T14:43:00+05:30,557.1,561.45,550.2,553.15,467
2026-09-28T14:44:00+05:30,551.6,560.0,543.0,552.05,331
2026-09-28T14:45:00+05:30,551.65,552.8,535.35,552.8,341
2026-09-28T14:46:00+05:30,549.6,550.85,513.2,527.4,871
2026-09-28T14:47:00+05:30,526.15,534.0,520.0,529.2,347
2026-09-28T14:48:00+05:30,528.0,533.0,516.25,526.75,146
2026-09-28T14:49:00+05:30,523.6,523.6,498.3,511.65,394
2026-09-28T14:50:00+05:30,512.0,517.8,497.0,505.15,357
2026-09-28T14:51:00+05:30,509.0,523.95,505.65,522.45,308
2026-09-28T14:52:00+05:30,520.1,525.4,510.0,510.85,280
2026-09-28T14:53:00+05:30,508.85,515.0,501.7,513.95,426
2026-09-28T14:54:00+05:30,513.7,515.2,506.15,515.0,129
2026-09-28T14:55:00+05:30,512.75,525.0,509.0,519.3,216
2026-09-28T14:56:00+05:30,521.3,523.2,515.0,521.4,398
2026-09-28T14:57:00+05:30,521.4,526.0,513.1,526.0,314
2026-09-28T14:58:00+05:30,521.8,538.9,518.9,538.9,444
2026-09-28T14:59:00+05:30,534.85,536.45,516.9,526.2,309
2026-09-28T15:00:00+05:30,528.0,530.6,517.4,525.05,255
2026-09-28T15:01:00+05:30,528.25,528.25,513.4,521.65,207
2026-09-28T15:02:00+05:30,521.55,537.65,518.85,523.25,229
2026-09-28T15:03:00+05:30,525.65,528.2,498.15,501.65,741
2026-09-28T15:04:00+05:30,498.05,517.0,495.0,517.0,1249
2026-09-28T15:05:00+05:30,517.95,526.3,510.0,516.8,358
2026-09-28T15:06:00+05:30,518.15,518.15,512.0,512.1,143
2026-09-28T15:07:00+05:30,513.35,521.4,504.0,518.5,334
2026-09-28T15:08:00+05:30,518.15,519.1,509.6,512.95,144
2026-09-28T15:09:00+05:30,512.7,515.8,508.0,510.5,180
2026-09-28T15:10:00+05:30,510.5,514.35,502.85,513.5,345
2026-09-28T15:11:00+05:30,515.0,526.15,515.0,516.75,329
2026-09-28T15:12:00+05:30,517.85,523.4,511.1,520.1,178
2026-09-28T15:13:00+05:30,522.9,526.2,516.15,520.05,233
2026-09-28T15:14:00+05:30,521.85,524.8,515.4,515.85,558
2026-09-28T15:15:00+05:30,517.2,518.4,511.0,511.2,267
2026-09-28T15:16:00+05:30,511.15,538.0,510.0,538.0,698
2026-09-28T15:17:00+05:30,536.65,536.8,516.05,526.75,168
2026-09-28T15:18:00+05:30,527.15,531.95,519.05,523.15,537
2026-09-28T15:19:00+05:30,523.0,539.0,523.0,531.9,201
2026-09-28T15:20:00+05:30,530.75,538.95,505.05,533.0,1218
2026-09-28T15:21:00+05:30,534.3,537.15,520.0,521.95,449
2026-09-28T15:22:00+05:30,520.65,532.05,519.45,531.2,229
2026-09-28T15:23:00+05:30,530.2,530.2,520.5,525.35,201
2026-09-28T15:24:00+05:30,525.35,527.25,513.3,518.4,416
2026-09-28T15:25:00+05:30,519.95,519.95,508.0,512.4,319
2026-09-28T15:26:00+05:30,511.85,516.2,510.45,516.2,199
2026-09-28T15:27:00+05:30,516.3,523.35,516.3,518.1,160
2026-09-28T15:28:00+05:30,519.0,519.0,513.2,513.45,256
2026-09-28T15:29:00+05:30,515.0,528.7,513.0,514.6,745
2026-09-28T15:30:00+05:30,514.05,519.95,511.65,516.75,355
