timestamp,open,high,low,close,volume
2026-09-21T09:15:00+05:30,63.2,63.2,50.05,54.05,40
2026-09-21T09:16:00+05:30,56.9,58.0,51.8,51.8,102
2026-09-21T09:17:00+05:30,51.5,52.4,47.6,48.75,193
2026-09-21T09:18:00+05:30,48.7,50.25,46.25,48.05,194
2026-09-21T09:19:00+05:30,47.5,50.6,47.4,50.6,28
2026-09-21T09:20:00+05:30,49.95,50.8,48.25,50.8,63
2026-09-21T09:21:00+05:30,49.8,51.9,49.8,50.95,281
2026-09-21T09:22:00+05:30,51.8,51.85,48.6,48.85,24
2026-09-21T09:23:00+05:30,47.8,47.8,45.85,45.85,11
2026-09-21T09:24:00+05:30,46.65,46.8,45.3,45.45,87
2026-09-21T09:25:00+05:30,46.35,46.35,45.0,45.0,7
2026-09-21T09:26:00+05:30,45.3,45.9,44.75,44.75,29
2026-09-21T09:27:00+05:30,44.75,46.1,44.75,46.1,14
2026-09-21T09:28:00+05:30,46.85,46.85,45.7,45.8,28
2026-09-21T09:29:00+05:30,45.6,45.6,44.2,44.3,26
2026-09-21T09:30:00+05:30,45.0,45.0,43.8,44.35,42
2026-09-21T09:31:00+05:30,44.45,44.8,43.9,44.35,40
2026-09-21T09:32:00+05:30,44.0,44.1,43.55,44.0,17
2026-09-21T09:33:00+05:30,43.7,44.15,43.7,44.15,4
2026-09-21T09:34:00+05:30,44.25,44.65,43.8,43.8,31
2026-09-21T09:35:00+05:30,43.1,43.1,42.5,42.55,17
2026-09-21T09:36:00+05:30,41.75,43.7,41.75,43.7,36
2026-09-21T09:37:00+05:30,43.9,45.15,43.35,45.15,15
2026-09-21T09:38:00+05:30,45.4,46.25,44.8,45.75,44
2026-09-21T09:39:00+05:30,46.0,46.0,44.85,45.45,20
2026-09-21T09:40:00+05:30,45.3,45.4,44.6,44.65,49
2026-09-21T09:41:00+05:30,44.75,45.0,43.3,43.3,13
2026-09-21T09:42:00+05:30,42.65,43.3,42.4,43.25,19
2026-09-21T09:43:00+05:30,42.9,42.9,42.0,42.8,20
2026-09-21T09:44:00+05:30,41.6,42.5,41.6,42.25,210
2026-09-21T09:45:00+05:30,42.7,42.8,42.15,42.4,43
2026-09-21T09:46:00+05:30,42.2,42.6,41.85,41.85,7
2026-09-21T09:47:00+05:30,41.85,42.5,41.8,42.5,16
2026-09-21T09:48:00+05:30,43.6,43.6,42.5,42.75,33
2026-09-21T09:49:00+05:30,42.5,42.5,42.5,42.5,1
2026-09-21T09:50:00+05:30,42.3,42.3,41.75,41.75,2
2026-09-21T09:51:00+05:30,42.15,42.15,41.35,41.7,35
2026-09-21T09:52:00+05:30,42.35,42.9,42.35,42.9,22
2026-09-21T09:53:00+05:30,42.7,44.25,42.7,44.0,48
2026-09-21T09:54:00+05:30,44.2,44.65,44.05,44.65,7
2026-09-21T09:55:00+05:30,45.0,45.5,45.0,45.5,9
2026-09-21T09:56:00+05:30,45.55,45.65,45.0,45.0,185
2026-09-21T09:57:00+05:30,44.65,44.65,43.4,44.35,183
2026-09-21T09:58:00+05:30,44.2,44.75,44.2,44.75,17
2026-09-21T09:59:00+05:30,45.45,45.7,45.1,45.1,20
2026-09-21T10:00:00+05:30,45.5,46.4,45.5,46.4,14
2026-09-21T10:01:00+05:30,46.55,46.85,46.25,46.65,13
2026-09-21T10:02:00+05:30,46.4,46.4,46.4,46.4,2
2026-09-21T10:03:00+05:30,47.4,47.4,46.4,46.4,106
2026-09-21T10:04:00+05:30,47.15,47.7,47.05,47.35,29
2026-09-21T10:05:00+05:30,47.4,48.1,47.4,48.05,45
2026-09-21T10:06:00+05:30,48.4,49.3,48.4,48.85,14
2026-09-21T10:07:00+05:30,48.55,48.7,47.15,47.55,27
2026-09-21T10:08:00+05:30,47.9,47.9,47.9,47.9,1
2026-09-21T10:09:00+05:30,46.7,46.7,46.35,46.35,34
2026-09-21T10:10:00+05:30,45.65,45.85,44.8,45.15,30
2026-09-21T10:11:00+05:30,45.1,46.2,45.1,45.7,97
2026-09-21T10:12:00+05:30,45.9,46.25,45.75,45.75,10
2026-09-21T10:13:00+05:30,46.45,47.3,46.4,47.05,51
2026-09-21T10:14:00+05:30,47.3,48.9,47.3,48.2,18
2026-09-21T10:15:00+05:30,49.1,49.1,48.35,48.35,4
2026-09-21T10:16:00+05:30,47.8,47.8,47.4,47.4,2
2026-09-21T10:17:00+05:30,46.7,47.3,46.7,47.2,11
2026-09-21T10:18:00+05:30,47.4,47.4,46.3,46.5,15
2026-09-21T10:19:00+05:30,46.6,47.85,46.6,47.3,11
2026-09-21T10:20:00+05:30,46.35,46.5,46.35,46.5,2
2026-09-21T10:21:00+05:30,47.25,47.25,45.4,45.45,13
2026-09-21T10:22:00+05:30,46.15,46.95,46.15,46.35,3
2026-09-21T10:23:00+05:30,46.2,46.2,45.5,45.55,4
2026-09-21T10:24:00+05:30,45.6,46.7,45.6,46.7,74
2026-09-21T10:25:00+05:30,47.0,47.0,46.6,46.7,14
2026-09-21T10:26:00+05:30,46.4,46.5,45.75,46.4,36
2026-09-21T10:27:00+05:30,46.65,47.7,46.65,47.45,6
2026-09-21T10:28:00+05:30,47.3,47.3,46.7,46.95,13
2026-09-21T10:29:00+05:30,47.05,47.05,46.65,46.65,5
2026-09-21T10:30:00+05:30,46.45,46.6,46.45,46.6,9
2026-09-21T10:31:00+05:30,46.7,46.8,46.6,46.6,14
2026-09-21T10:32:00+05:30,47.1,47.1,46.7,46.7,9
2026-09-21T10:33:00+05:30,46.55,46.55,46.55,46.55,5
2026-09-21T10:34:00+05:30,47.5,47.5,47.5,47.5,3
2026-09-21T10:35:00+05:30,47.0,47.55,47.0,47.55,2
2026-09-21T10:36:00+05:30,46.55,46.7,46.25,46.25,11
2026-09-21T10:37:00+05:30,46.3,47.0,46.2,47.0,9
2026-09-21T10:38:00+05:30,46.8,46.85,46.8,46.85,4
2026-09-21T10:39:00+05:30,47.15,47.35,47.15,47.35,6
2026-09-21T10:40:00+05:30,47.15,47.25,47.15,47.25,2
2026-09-21T10:41:00+05:30,47.0,47.15,46.25,46.25,21
2026-09-21T10:42:00+05:30,46.15,46.45,45.95,46.45,35
2026-09-21T10:43:00+05:30,46.05,46.05,45.55,45.55,8
2026-09-21T10:44:00+05:30,45.2,45.35,45.2,45.35,5
2026-09-21T10:45:00+05:30,44.5,44.5,43.8,43.85,7
2026-09-21T10:46:00+05:30,43.45,43.85,42.55,42.55,41
2026-09-21T10:47:00+05:30,42.8,43.25,41.7,43.05,96
2026-09-21T10:48:00+05:30,42.85,43.0,42.75,43.0,18
2026-09-21T10:49:00+05:30,42.55,43.0,42.55,43.0,4
2026-09-21T10:51:00+05:30,42.55,42.8,42.55,42.65,7
2026-09-21T10:52:00+05:30,42.7,42.7,42.7,42.7,6
2026-09-21T10:53:00+05:30,42.65,42.85,42.4,42.4,8
2026-09-21T10:54:00+05:30,42.15,42.55,42.15,42.55,2
2026-09-21T10:56:00+05:30,42.6,42.6,42.6,42.6,1
2026-09-21T10:57:00+05:30,41.85,42.15,41.7,42.05,30
2026-09-21T10:58:00+05:30,42.0,42.55,42.0,42.35,28
2026-09-21T10:59:00+05:30,42.45,42.45,41.45,41.6,26
2026-09-21T11:00:00+05:30,41.0,41.8,41.0,41.8,57
2026-09-21T11:02:00+05:30,41.6,41.7,41.0,41.7,73
2026-09-21T11:03:00+05:30,41.4,41.4,40.45,40.95,46
2026-09-21T11:04:00+05:30,40.95,41.05,40.65,41.0,13
2026-09-21T11:05:00+05:30,40.75,40.75,40.75,40.75,4
2026-09-21T11:06:00+05:30,40.3,40.4,39.6,40.05,32
2026-09-21T11:07:00+05:30,40.4,40.7,39.55,39.65,57
2026-09-21T11:08:00+05:30,39.65,39.85,39.3,39.85,48
2026-09-21T11:09:00+05:30,39.7,39.8,39.5,39.5,7
2026-09-21T11:10:00+05:30,39.9,40.25,39.75,40.05,33
2026-09-21T11:11:00+05:30,40.1,40.15,39.45,39.75,30
2026-09-21T11:12:00+05:30,39.55,40.0,39.55,40.0,3
2026-09-21T11:13:00+05:30,40.35,40.35,39.7,39.85,7
2026-09-21T11:15:00+05:30,39.85,39.85,39.85,39.85,3
2026-09-21T11:16:00+05:30,40.15,40.3,40.15,40.3,2
2026-09-21T11:17:00+05:30,41.05,41.1,41.05,41.1,3
2026-09-21T11:18:00+05:30,41.3,41.3,41.2,41.2,3
2026-09-21T11:19:00+05:30,41.6,41.6,41.55,41.6,3
2026-09-21T11:20:00+05:30,41.55,42.6,41.55,42.35,30
2026-09-21T11:21:00+05:30,42.1,42.2,42.0,42.2,14
2026-09-21T11:22:00+05:30,41.85,41.95,41.7,41.95,24
2026-09-21T11:23:00+05:30,41.4,41.4,40.95,41.0,10
2026-09-21T11:25:00+05:30,41.45,41.45,41.0,41.0,58
2026-09-21T11:26:00+05:30,40.65,40.65,40.55,40.55,6
2026-09-21T11:27:00+05:30,40.9,40.9,40.0,40.3,24
2026-09-21T11:28:00+05:30,39.8,39.8,39.75,39.75,5
2026-09-21T11:29:00+05:30,39.85,40.0,39.85,40.0,7
2026-09-21T11:30:00+05:30,39.8,39.8,39.8,39.8,1
2026-09-21T11:31:00+05:30,39.8,40.4,39.8,40.4,3
2026-09-21T11:32:00+05:30,40.6,40.6,40.35,40.55,7
2026-09-21T11:33:00+05:30,40.75,40.75,40.65,40.65,5
2026-09-21T11:34:00+05:30,40.7,40.9,40.7,40.9,2
2026-09-21T11:35:00+05:30,40.9,42.2,40.9,42.2,19
2026-09-21T11:36:00+05:30,42.1,42.1,41.25,41.25,7
2026-09-21T11:37:00+05:30,41.55,42.05,41.55,42.05,13
2026-09-21T11:38:00+05:30,41.9,41.9,41.9,41.9,1
2026-09-21T11:40:00+05:30,41.7,41.9,41.45,41.9,13
2026-09-21T11:41:00+05:30,41.55,41.55,41.05,41.05,2
2026-09-21T11:42:00+05:30,40.9,41.4,40.65,41.4,7
2026-09-21T11:43:00+05:30,41.1,41.1,41.1,41.1,3
2026-09-21T11:45:00+05:30,41.8,42.25,41.8,42.25,5
2026-09-21T11:46:00+05:30,42.05,42.6,42.05,42.6,7
2026-09-21T11:47:00+05:30,42.2,42.2,42.2,42.2,3
2026-09-21T11:48:00+05:30,42.4,42.5,42.4,42.5,5
2026-09-21T11:49:00+05:30,42.7,42.7,42.65,42.65,2
2026-09-21T11:51:00+05:30,42.1,42.1,42.1,42.1,2
2026-09-21T11:52:00+05:30,41.75,41.75,41.45,41.45,5
2026-09-21T11:54:00+05:30,41.65,41.65,40.15,40.15,39
2026-09-21T11:55:00+05:30,40.85,40.95,40.75,40.9,5
2026-09-21T11:56:00+05:30,40.6,40.8,40.15,40.15,33
2026-09-21T11:57:00+05:30,39.9,39.9,39.05,39.15,40
2026-09-21T11:58:00+05:30,39.15,39.45,38.9,39.45,40
2026-09-21T11:59:00+05:30,39.4,40.05,39.4,39.9,36
2026-09-21T12:00:00+05:30,39.45,39.85,39.2,39.85,63
2026-09-21T12:01:00+05:30,39.65,39.8,39.4,39.4,32
2026-09-21T12:02:00+05:30,39.5,39.75,39.5,39.7,10
2026-09-21T12:03:00+05:30,39.85,40.0,39.6,40.0,15
2026-09-21T12:04:00+05:30,40.1,40.1,39.85,39.85,9
2026-09-21T12:05:00+05:30,40.2,40.2,40.2,40.2,1
2026-09-21T12:06:00+05:30,40.3,40.3,40.2,40.2,2
2026-09-21T12:07:00+05:30,40.1,40.1,39.9,39.95,19
2026-09-21T12:09:00+05:30,41.5,42.2,41.5,42.0,83
2026-09-21T12:10:00+05:30,42.0,42.3,42.0,42.3,6
2026-09-21T12:12:00+05:30,42.05,42.05,42.05,42.05,12
2026-09-21T12:13:00+05:30,42.1,42.2,42.05,42.2,5
2026-09-21T12:14:00+05:30,41.55,41.55,41.55,41.55,2
2026-09-21T12:16:00+05:30,41.05,41.05,41.05,41.05,1
2026-09-21T12:18:00+05:30,41.85,41.95,41.85,41.95,4
2026-09-21T12:19:00+05:30,42.55,42.55,41.75,42.0,22
2026-09-21T12:20:00+05:30,42.4,42.5,42.2,42.5,10
2026-09-21T12:21:00+05:30,42.25,42.4,41.95,41.95,12
2026-09-21T12:22:00+05:30,41.9,42.25,41.85,42.25,10
2026-09-21T12:23:00+05:30,42.8,43.2,42.7,43.1,9
2026-09-21T12:24:00+05:30,42.85,42.85,42.0,42.0,85
2026-09-21T12:26:00+05:30,41.5,41.5,41.5,41.5,1
2026-09-21T12:27:00+05:30,41.05,41.05,41.05,41.05,1
2026-09-21T12:28:00+05:30,40.95,41.2,40.95,41.1,4
2026-09-21T12:30:00+05:30,40.65,40.65,39.4,39.4,38
2026-09-21T12:31:00+05:30,39.75,39.8,39.75,39.8,4
2026-09-21T12:32:00+05:30,40.55,40.8,40.55,40.8,3
2026-09-21T12:33:00+05:30,40.35,40.8,40.35,40.8,2
2026-09-21T12:35:00+05:30,40.0,40.0,39.95,39.95,3
2026-09-21T12:37:00+05:30,40.1,40.15,40.1,40.15,2
2026-09-21T12:39:00+05:30,40.35,40.35,40.25,40.25,3
2026-09-21T12:40:00+05:30,40.2,40.2,40.2,40.2,1
2026-09-21T12:43:00+05:30,40.1,40.1,39.6,39.75,11
2026-09-21T12:44:00+05:30,39.85,39.85,39.1,39.2,15
2026-09-21T12:45:00+05:30,38.4,38.5,38.25,38.25,6
2026-09-21T12:46:00+05:30,38.2,38.4,38.15,38.4,5
2026-09-21T12:47:00+05:30,38.45,38.95,38.45,38.95,8
2026-09-21T12:48:00+05:30,38.8,39.0,38.4,38.85,37
2026-09-21T12:50:00+05:30,39.3,39.45,39.3,39.35,19
2026-09-21T12:55:00+05:30,39.0,39.05,39.0,39.05,3
2026-09-21T12:56:00+05:30,39.5,39.5,39.45,39.45,2
2026-09-21T12:57:00+05:30,39.35,39.4,39.35,39.4,2
2026-09-21T12:58:00+05:30,39.55,39.55,39.4,39.4,4
2026-09-21T12:59:00+05:30,39.45,39.45,39.45,39.45,2
2026-09-21T13:00:00+05:30,39.7,39.7,39.7,39.7,1
2026-09-21T13:05:00+05:30,40.6,40.6,40.6,40.6,1
2026-09-21T13:06:00+05:30,40.2,40.2,40.2,40.2,1
2026-09-21T13:07:00+05:30,39.85,39.85,39.85,39.85,1
2026-09-21T13:09:00+05:30,39.7,39.7,39.7,39.7,1
2026-09-21T13:10:00+05:30,39.95,39.95,39.95,39.95,1
2026-09-21T13:12:00+05:30,40.05,40.05,40.05,40.05,1
2026-09-21T13:13:00+05:30,39.8,39.8,39.75,39.75,8
2026-09-21T13:14:00+05:30,39.3,39.3,39.05,39.05,3
2026-09-21T13:15:00+05:30,38.45,38.5,37.35,37.75,43
2026-09-21T13:16:00+05:30,37.8,37.9,37.0,37.7,30
2026-09-21T13:17:00+05:30,37.6,37.6,37.55,37.55,2
2026-09-21T13:18:00+05:30,36.8,36.85,35.6,35.8,57
2026-09-21T13:19:00+05:30,35.6,36.1,35.3,35.95,32
2026-09-21T13:20:00+05:30,36.0,36.9,35.5,36.9,50
2026-09-21T13:21:00+05:30,36.9,37.75,36.85,37.4,95
2026-09-21T13:22:00+05:30,37.1,37.35,36.7,37.35,44
2026-09-21T13:23:00+05:30,37.45,37.8,37.35,37.6,20
2026-09-21T13:24:00+05:30,37.9,38.5,37.6,37.85,65
2026-09-21T13:25:00+05:30,37.75,37.95,37.75,37.95,19
2026-09-21T13:26:00+05:30,37.7,37.7,37.3,37.3,2
2026-09-21T13:27:00+05:30,37.1,37.5,36.7,37.4,18
2026-09-21T13:28:00+05:30,37.45,37.45,37.3,37.35,5
2026-09-21T13:29:00+05:30,37.35,37.35,37.35,37.35,1
2026-09-21T13:30:00+05:30,37.2,37.25,37.2,37.25,7
2026-09-21T13:31:00+05:30,37.05,37.05,37.0,37.05,8
2026-09-21T13:32:00+05:30,36.85,37.05,36.45,36.75,36
2026-09-21T13:33:00+05:30,36.1,36.1,35.75,35.75,29
2026-09-21T13:34:00+05:30,35.45,35.65,35.05,35.05,40
2026-09-21T13:35:00+05:30,35.05,35.15,34.4,34.4,126
2026-09-21T13:36:00+05:30,34.25,34.65,34.15,34.5,12
2026-09-21T13:37:00+05:30,34.2,34.65,34.15,34.5,20
2026-09-21T13:38:00+05:30,34.35,35.0,34.35,35.0,57
2026-09-21T13:39:00+05:30,34.45,34.45,34.15,34.15,2
2026-09-21T13:40:00+05:30,33.8,33.85,33.4,33.85,20
2026-09-21T13:41:00+05:30,33.6,33.6,33.15,33.2,12
2026-09-21T13:42:00+05:30,32.8,33.75,32.75,33.75,36
2026-09-21T13:43:00+05:30,34.0,34.7,34.0,34.7,4
2026-09-21T13:44:00+05:30,34.3,34.3,34.3,34.3,1
2026-09-21T13:45:00+05:30,34.35,34.75,34.35,34.75,9
2026-09-21T13:46:00+05:30,34.8,34.9,34.75,34.75,6
2026-09-21T13:47:00+05:30,34.75,34.75,34.2,34.5,23
2026-09-21T13:49:00+05:30,35.0,35.0,34.7,34.7,11
2026-09-21T13:50:00+05:30,34.65,34.65,34.65,34.65,1
2026-09-21T13:51:00+05:30,34.2,34.3,33.7,34.15,16
2026-09-21T13:52:00+05:30,33.85,34.25,33.65,34.15,13
2026-09-21T13:53:00+05:30,34.0,34.35,33.85,34.3,75
2026-09-21T13:54:00+05:30,34.75,34.75,34.05,34.15,255
2026-09-21T13:55:00+05:30,34.0,34.25,33.75,33.95,36
2026-09-21T13:56:00+05:30,34.15,34.4,33.85,33.85,211
2026-09-21T13:57:00+05:30,33.75,33.75,33.3,33.35,25
2026-09-21T13:58:00+05:30,33.25,33.25,32.85,33.15,38
2026-09-21T13:59:00+05:30,32.2,32.8,32.2,32.8,22
2026-09-21T14:00:00+05:30,32.65,32.65,32.0,32.0,17
2026-09-21T14:01:00+05:30,32.1,32.3,31.9,32.05,20
2026-09-21T14:02:00+05:30,32.0,32.2,32.0,32.0,26
2026-09-21T14:03:00+05:30,32.0,32.0,31.8,31.95,22
2026-09-21T14:04:00+05:30,32.15,32.5,32.15,32.5,21
2026-09-21T14:05:00+05:30,32.45,32.55,32.2,32.2,16
2026-09-21T14:06:00+05:30,31.65,31.65,31.65,31.65,1
2026-09-21T14:07:00+05:30,31.45,31.9,31.35,31.85,56
2026-09-21T14:08:00+05:30,32.0,32.1,32.0,32.1,3
2026-09-21T14:09:00+05:30,32.1,32.3,32.1,32.15,20
2026-09-21T14:10:00+05:30,32.2,32.6,32.2,32.55,45
2026-09-21T14:11:00+05:30,32.7,32.85,32.2,32.4,7
2026-09-21T14:12:00+05:30,32.3,32.4,32.15,32.35,55
2026-09-21T14:13:00+05:30,32.35,33.05,32.35,32.75,351
2026-09-21T14:14:00+05:30,32.75,32.8,32.5,32.8,13
2026-09-21T14:15:00+05:30,32.65,32.65,32.65,32.65,1
2026-09-21T14:16:00+05:30,32.85,32.85,32.35,32.35,18
2026-09-21T14:17:00+05:30,32.25,32.5,32.25,32.3,83
2026-09-21T14:18:00+05:30,32.3,32.3,32.25,32.25,116
2026-09-21T14:19:00+05:30,31.8,31.95,31.7,31.95,31
2026-09-21T14:20:00+05:30,31.5,31.6,31.45,31.6,10
2026-09-21T14:22:00+05:30,31.95,31.95,31.7,31.7,12
2026-09-21T14:23:00+05:30,31.5,31.9,31.5,31.8,14
2026-09-21T14:24:00+05:30,31.65,31.7,31.6,31.7,3
2026-09-21T14:25:00+05:30,31.85,32.0,31.85,32.0,6
2026-09-21T14:26:00+05:30,32.0,32.05,32.0,32.05,2
2026-09-21T14:27:00+05:30,32.15,32.15,32.05,32.1,8
2026-09-21T14:28:00+05:30,32.0,32.25,32.0,32.25,3
2026-09-21T14:29:00+05:30,32.35,32.75,32.35,32.5,25
2026-09-21T14:30:00+05:30,32.65,33.2,32.6,33.15,14
2026-09-21T14:31:00+05:30,32.95,32.95,32.6,32.75,8
2026-09-21T14:32:00+05:30,32.5,32.5,32.5,32.5,2
2026-09-21T14:33:00+05:30,32.55,32.65,32.4,32.4,81
2026-09-21T14:34:00+05:30,32.45,32.55,32.0,32.55,98
2026-09-21T14:35:00+05:30,32.5,32.65,32.15,32.15,23
2026-09-21T14:36:00+05:30,32.15,32.35,32.1,32.25,35
2026-09-21T14:38:00+05:30,32.1,32.15,32.0,32.0,39
2026-09-21T14:39:00+05:30,32.0,32.25,32.0,32.1,45
2026-09-21T14:40:00+05:30,31.7,31.7,31.45,31.45,16
2026-09-21T14:41:00+05:30,31.55,31.55,31.55,31.55,1
2026-09-21T14:42:00+05:30,31.45,31.8,31.45,31.55,13
2026-09-21T14:43:00+05:30,31.45,31.55,31.2,31.55,22
2026-09-21T14:44:00+05:30,31.6,31.65,31.6,31.65,4
2026-09-21T14:45:00+05:30,31.45,31.45,31.2,31.2,9
2026-09-21T14:46:00+05:30,31.5,31.8,31.5,31.7,6
2026-09-21T14:47:00+05:30,31.4,31.4,31.25,31.25,3
2026-09-21T14:48:00+05:30,31.1,31.65,31.1,31.5,6
2026-09-21T14:49:00+05:30,31.9,32.1,31.9,32.1,4
2026-09-21T14:50:00+05:30,31.7,31.8,31.55,31.55,24
2026-09-21T14:51:00+05:30,32.4,33.2,32.4,32.7,53
2026-09-21T14:52:00+05:30,32.65,33.05,32.65,32.85,20
2026-09-21T14:53:00+05:30,32.85,32.85,32.75,32.8,8
2026-09-21T14:54:00+05:30,32.8,32.8,32.55,32.55,7
2026-09-21T14:55:00+05:30,32.55,32.55,32.55,32.55,1
2026-09-21T14:56:00+05:30,32.35,32.4,31.9,32.0,12
2026-09-21T14:57:00+05:30,31.65,32.0,31.65,31.95,15
2026-09-21T14:58:00+05:30,31.9,32.2,31.6,32.1,181
2026-09-21T14:59:00+05:30,32.05,32.25,32.0,32.15,108
2026-09-21T15:00:00+05:30,31.9,32.8,31.9,32.5,21
2026-09-21T15:01:00+05:30,32.5,32.5,32.45,32.45,8
2026-09-21T15:02:00+05:30,32.35,33.2,32.25,33.15,39
2026-09-21T15:03:00+05:30,33.55,35.0,33.35,33.45,193
2026-09-21T15:04:00+05:30,33.4,33.4,33.4,33.4,2
2026-09-21T15:05:00+05:30,33.25,33.25,33.05,33.05,12
2026-09-21T15:06:00+05:30,33.15,33.15,32.55,33.05,12
2026-09-21T15:07:00+05:30,33.0,33.6,33.0,33.2,42
2026-09-21T15:08:00+05:30,33.5,33.5,33.25,33.35,5
2026-09-21T15:09:00+05:30,33.4,33.4,32.95,32.95,8
2026-09-21T15:10:00+05:30,33.3,33.95,33.3,33.95,12
2026-09-21T15:11:00+05:30,33.9,34.05,33.75,33.75,17
2026-09-21T15:12:00+05:30,34.2,34.9,34.15,34.65,22
2026-09-21T15:13:00+05:30,34.65,35.0,34.25,34.85,188
2026-09-21T15:14:00+05:30,34.6,34.65,34.55,34.6,4
2026-09-21T15:15:00+05:30,35.05,35.1,34.5,34.5,18
2026-09-21T15:16:00+05:30,34.7,35.1,34.5,34.5,20
2026-09-21T15:17:00+05:30,34.55,34.75,34.35,34.55,19
2026-09-21T15:18:00+05:30,34.15,34.4,34.1,34.4,10
2026-09-21T15:19:00+05:30,34.75,34.75,34.25,34.25,3
2026-09-21T15:20:00+05:30,34.5,34.85,34.5,34.75,26
2026-09-21T15:21:00+05:30,34.85,34.85,34.25,34.25,29
2026-09-21T15:22:00+05:30,34.25,34.3,34.2,34.25,9
2026-09-21T15:23:00+05:30,34.2,34.25,33.9,33.9,26
2026-09-21T15:24:00+05:30,33.75,33.75,33.5,33.5,31
2026-09-21T15:25:00+05:30,33.45,33.85,33.45,33.85,7
2026-09-21T15:26:00+05:30,34.0,34.8,34.0,34.8,72
2026-09-21T15:27:00+05:30,34.85,34.9,34.75,34.8,55
2026-09-21T15:28:00+05:30,34.8,34.95,34.8,34.95,18
2026-09-21T15:29:00+05:30,34.95,35.0,34.9,34.9,29
2026-09-21T15:30:00+05:30,34.95,34.95,34.85,34.85,25
2026-09-21T15:31:00+05:30,34.75,34.8,34.75,34.8,21
2026-09-21T15:32:00+05:30,34.6,35.25,34.6,35.25,27
2026-09-21T15:33:00+05:30,35.25,35.4,35.25,35.3,35
2026-09-21T15:34:00+05:30,35.3,35.35,35.25,35.3,34
2026-09-21T15:35:00+05:30,35.3,35.3,35.0,35.0,23
2026-09-21T15:36:00+05:30,35.05,36.2,35.05,36.15,146
2026-09-21T15:37:00+05:30,36.65,36.65,36.0,36.1,30
2026-09-21T15:38:00+05:30,36.2,36.2,36.2,36.2,4
2026-09-21T15:39:00+05:30,36.05,38.3,35.85,36.8,108
2026-09-22T09:15:00+05:30,30.0,30.45,25.5,28.8,40
2026-09-22T09:16:00+05:30,28.15,29.8,28.15,29.8,86
2026-09-22T09:17:00+05:30,30.0,30.0,27.15,27.25,153
2026-09-22T09:18:00+05:30,27.05,27.05,25.9,26.0,149
2026-09-22T09:19:00+05:30,26.0,26.05,25.4,25.4,16
2026-09-22T09:20:00+05:30,25.25,25.5,25.0,25.5,284
2026-09-22T09:21:00+05:30,25.45,26.05,25.45,25.45,174
2026-09-22T09:22:00+05:30,25.3,25.3,24.55,25.3,124
2026-09-22T09:23:00+05:30,24.9,25.0,24.25,24.6,80
2026-09-22T09:24:00+05:30,24.35,24.4,23.75,24.4,21
2026-09-22T09:25:00+05:30,24.95,25.7,24.8,25.2,71
2026-09-22T09:26:00+05:30,25.0,25.15,24.45,25.15,27
2026-09-22T09:27:00+05:30,24.95,25.3,24.7,24.75,12
2026-09-22T09:28:00+05:30,24.6,24.6,23.95,23.95,12
2026-09-22T09:29:00+05:30,23.7,23.9,23.0,23.0,56
2026-09-22T09:30:00+05:30,22.95,23.25,22.75,23.25,44
2026-09-22T09:31:00+05:30,23.15,23.5,23.15,23.2,16
2026-09-22T09:32:00+05:30,23.65,24.1,23.4,24.1,22
2026-09-22T09:33:00+05:30,23.7,23.95,23.4,23.95,39
2026-09-22T09:34:00+05:30,23.95,24.0,23.8,23.85,11
2026-09-22T09:35:00+05:30,23.35,23.6,23.1,23.6,33
2026-09-22T09:36:00+05:30,23.6,23.6,22.95,22.95,8
2026-09-22T09:37:00+05:30,22.85,22.9,22.85,22.9,2
2026-09-22T09:38:00+05:30,22.4,22.65,22.25,22.55,34
2026-09-22T09:39:00+05:30,22.65,22.75,22.55,22.75,8
2026-09-22T09:40:00+05:30,22.55,22.55,22.55,22.55,1
2026-09-22T09:41:00+05:30,22.3,22.4,22.15,22.4,36
2026-09-22T09:42:00+05:30,22.1,22.5,21.95,21.95,27
2026-09-22T09:43:00+05:30,22.05,22.1,22.05,22.1,13
2026-09-22T09:44:00+05:30,22.0,22.0,21.75,21.8,14
2026-09-22T09:45:00+05:30,21.45,21.5,21.25,21.5,6
2026-09-22T09:46:00+05:30,21.55,21.55,21.45,21.45,2
2026-09-22T09:48:00+05:30,20.65,21.1,20.25,21.1,32
2026-09-22T09:49:00+05:30,21.1,21.1,20.6,20.6,6
2026-09-22T09:50:00+05:30,20.6,20.65,19.9,20.1,48
2026-09-22T09:51:00+05:30,20.1,20.2,20.1,20.2,13
2026-09-22T09:52:00+05:30,20.65,20.65,20.45,20.45,22
2026-09-22T09:53:00+05:30,20.05,20.05,19.95,19.95,12
2026-09-22T09:54:00+05:30,20.0,20.05,19.8,19.8,8
2026-09-22T09:55:00+05:30,20.35,20.35,20.35,20.35,3
2026-09-22T09:56:00+05:30,20.2,20.2,20.2,20.2,2
2026-09-22T09:58:00+05:30,20.6,20.6,20.6,20.6,1
2026-09-22T09:59:00+05:30,20.15,20.25,20.15,20.25,10
2026-09-22T10:00:00+05:30,20.2,20.2,19.65,19.7,10
2026-09-22T10:02:00+05:30,20.25,20.25,19.85,19.85,12
2026-09-22T10:04:00+05:30,20.6,20.6,20.2,20.2,5
2026-09-22T10:05:00+05:30,20.3,20.4,20.3,20.4,25
2026-09-22T10:06:00+05:30,21.05,21.1,21.05,21.05,4
2026-09-22T10:07:00+05:30,20.95,20.95,20.55,20.55,61
2026-09-22T10:08:00+05:30,20.6,20.6,20.4,20.4,16
2026-09-22T10:09:00+05:30,20.05,20.05,19.7,19.7,2
2026-09-22T10:10:00+05:30,19.85,20.85,19.7,20.1,29
2026-09-22T10:11:00+05:30,19.8,19.9,19.8,19.85,11
2026-09-22T10:14:00+05:30,19.85,19.85,19.7,19.7,6
2026-09-22T10:15:00+05:30,19.95,19.95,19.9,19.9,4
2026-09-22T10:16:00+05:30,20.0,20.3,19.6,20.3,98
2026-09-22T10:17:00+05:30,20.0,20.0,19.95,20.0,22
2026-09-22T10:18:00+05:30,20.0,20.0,19.95,19.95,17
2026-09-22T10:20:00+05:30,19.95,20.25,19.9,20.25,28
2026-09-22T10:21:00+05:30,20.45,21.45,20.45,21.45,4
2026-09-22T10:22:00+05:30,21.5,21.75,21.5,21.75,3
2026-09-22T10:23:00+05:30,21.2,21.35,21.0,21.0,8
2026-09-22T10:24:00+05:30,21.3,21.3,21.3,21.3,3
2026-09-22T10:25:00+05:30,21.25,21.25,21.25,21.25,3
2026-09-22T10:27:00+05:30,21.55,21.55,21.15,21.2,41
2026-09-22T10:28:00+05:30,21.35,21.35,21.35,21.35,12
2026-09-22T10:29:00+05:30,20.65,20.65,20.55,20.55,3
2026-09-22T10:30:00+05:30,21.25,22.7,21.25,22.2,10
2026-09-22T10:31:00+05:30,23.95,24.3,23.25,23.25,33
2026-09-22T10:32:00+05:30,23.7,25.5,23.7,25.45,16
2026-09-22T10:33:00+05:30,25.25,27.4,25.25,27.35,87
2026-09-22T10:34:00+05:30,27.3,27.3,26.4,26.4,2
2026-09-22T10:35:00+05:30,28.25,30.1,28.15,29.85,65
2026-09-22T10:36:00+05:30,30.6,31.5,29.35,29.4,31
2026-09-22T10:37:00+05:30,29.4,29.4,27.6,27.6,83
2026-09-22T10:38:00+05:30,27.75,28.1,27.3,28.1,15
2026-09-22T10:39:00+05:30,28.3,28.35,27.85,27.95,40
2026-09-22T10:40:00+05:30,27.9,28.1,27.35,27.9,25
2026-09-22T10:41:00+05:30,28.1,31.25,28.1,31.15,23
2026-09-22T10:42:00+05:30,31.15,34.75,31.15,33.15,126
2026-09-22T10:43:00+05:30,33.55,33.7,32.5,32.5,10
2026-09-22T10:44:00+05:30,33.0,33.0,32.25,32.25,14
2026-09-22T10:45:00+05:30,34.55,36.0,34.45,35.8,110
2026-09-22T10:46:00+05:30,34.15,34.4,33.7,33.7,80
2026-09-22T10:47:00+05:30,32.9,32.9,32.25,32.25,7
2026-09-22T10:48:00+05:30,32.5,33.6,32.5,33.6,6
2026-09-22T10:49:00+05:30,32.9,33.15,32.25,32.95,7
2026-09-22T10:50:00+05:30,34.05,35.45,34.05,34.85,80
2026-09-22T10:51:00+05:30,34.9,35.15,34.85,34.85,6
2026-09-22T10:52:00+05:30,35.4,36.3,35.15,35.55,38
2026-09-22T10:53:00+05:30,35.9,36.2,35.6,35.6,16
2026-09-22T10:54:00+05:30,35.65,35.65,34.5,34.5,44
2026-09-22T10:56:00+05:30,32.8,33.1,32.8,33.1,9
2026-09-22T10:57:00+05:30,31.9,31.9,31.5,31.5,2
2026-09-22T10:58:00+05:30,32.1,32.1,30.85,30.85,5
2026-09-22T10:59:00+05:30,31.3,31.3,30.05,30.35,39
2026-09-22T11:00:00+05:30,31.05,32.0,31.05,32.0,21
2026-09-22T11:01:00+05:30,32.1,33.75,32.1,33.75,10
2026-09-22T11:02:00+05:30,33.7,34.0,33.65,33.7,6
2026-09-22T11:03:00+05:30,33.7,34.35,33.7,34.35,5
2026-09-22T11:05:00+05:30,34.35,34.55,34.35,34.55,6
2026-09-22T11:06:00+05:30,34.6,34.6,34.0,34.0,7
2026-09-22T11:07:00+05:30,34.3,34.45,34.1,34.3,12
2026-09-22T11:08:00+05:30,33.7,33.8,33.65,33.65,12
2026-09-22T11:09:00+05:30,32.65,32.65,32.3,32.3,11
2026-09-22T11:10:00+05:30,31.35,31.35,31.05,31.05,4
2026-09-22T11:11:00+05:30,31.2,31.3,31.2,31.3,7
2026-09-22T11:12:00+05:30,31.1,31.1,31.0,31.0,2
2026-09-22T11:13:00+05:30,30.35,30.35,30.35,30.35,1
2026-09-22T11:14:00+05:30,29.85,30.0,29.4,30.0,19
2026-09-22T11:15:00+05:30,30.05,30.8,30.05,30.55,39
2026-09-22T11:16:00+05:30,30.85,31.15,30.1,30.1,10
2026-09-22T11:17:00+05:30,30.1,30.45,29.55,30.05,28
2026-09-22T11:18:00+05:30,30.05,30.55,30.05,30.15,23
2026-09-22T11:19:00+05:30,30.45,31.05,30.45,30.8,20
2026-09-22T11:20:00+05:30,30.35,30.35,30.35,30.35,1
2026-09-22T11:21:00+05:30,29.9,29.9,29.9,29.9,1
2026-09-22T11:22:00+05:30,29.65,30.0,29.65,30.0,3
2026-09-22T11:23:00+05:30,29.65,29.65,29.65,29.65,1
2026-09-22T11:24:00+05:30,29.5,29.5,29.15,29.15,2
2026-09-22T11:25:00+05:30,29.3,29.3,28.55,28.55,12
2026-09-22T11:27:00+05:30,29.35,29.35,29.35,29.35,4
2026-09-22T11:28:00+05:30,29.2,29.2,29.2,29.2,12
2026-09-22T11:29:00+05:30,29.15,29.15,29.15,29.15,1
2026-09-22T11:30:00+05:30,30.0,30.0,30.0,30.0,1
2026-09-22T11:32:00+05:30,32.0,32.35,31.85,31.85,13
2026-09-22T11:33:00+05:30,31.8,31.95,31.8,31.95,13
2026-09-22T11:34:00+05:30,33.55,33.55,33.55,33.55,1
2026-09-22T11:35:00+05:30,34.2,34.7,34.0,34.15,7
2026-09-22T11:36:00+05:30,34.1,34.55,34.1,34.2,26
2026-09-22T11:38:00+05:30,33.25,33.25,33.1,33.1,3
2026-09-22T11:39:00+05:30,33.0,34.2,33.0,34.2,2
2026-09-22T11:40:00+05:30,34.5,35.45,34.5,35.45,3
2026-09-22T11:41:00+05:30,33.15,33.4,33.15,33.4,3
2026-09-22T11:42:00+05:30,33.55,33.85,33.55,33.85,3
2026-09-22T11:43:00+05:30,34.0,34.05,34.0,34.05,3
2026-09-22T11:44:00+05:30,34.0,34.4,33.25,33.25,5
2026-09-22T11:45:00+05:30,33.4,33.45,33.0,33.0,3
2026-09-22T11:46:00+05:30,33.45,34.9,33.45,34.9,9
2026-09-22T11:47:00+05:30,34.3,34.55,34.3,34.55,3
2026-09-22T11:48:00+05:30,33.6,33.6,33.0,33.25,34
2026-09-22T11:49:00+05:30,33.65,33.65,33.35,33.35,15
2026-09-22T11:51:00+05:30,33.6,33.7,33.3,33.7,8
2026-09-22T11:52:00+05:30,33.0,33.3,32.6,32.6,314
2026-09-22T11:53:00+05:30,33.0,33.2,32.65,33.2,8
2026-09-22T11:54:00+05:30,33.5,33.9,33.5,33.9,9
2026-09-22T11:55:00+05:30,34.7,35.15,34.45,34.5,8
2026-09-22T11:57:00+05:30,34.3,34.4,34.0,34.0,37
2026-09-22T11:58:00+05:30,33.35,33.4,32.95,32.95,14
2026-09-22T11:59:00+05:30,32.3,32.55,32.2,32.2,12
2026-09-22T12:00:00+05:30,32.8,32.85,32.2,32.7,18
2026-09-22T12:01:00+05:30,32.65,33.3,32.65,33.3,5
2026-09-22T12:02:00+05:30,32.5,32.5,32.15,32.2,3
2026-09-22T12:03:00+05:30,31.8,31.8,31.15,31.15,3
2026-09-22T12:04:00+05:30,31.25,32.0,31.15,31.15,31
2026-09-22T12:05:00+05:30,31.05,31.3,30.75,30.75,5
2026-09-22T12:06:00+05:30,30.75,31.05,30.75,31.0,4
2026-09-22T12:07:00+05:30,31.55,31.75,31.55,31.75,7
2026-09-22T12:08:00+05:30,31.8,31.8,30.6,30.6,3
2026-09-22T12:09:00+05:30,30.1,30.55,30.05,30.15,33
2026-09-22T12:10:00+05:30,30.15,30.4,30.1,30.4,8
2026-09-22T12:11:00+05:30,30.4,31.0,30.4,30.95,23
2026-09-22T12:12:00+05:30,31.1,31.2,31.05,31.05,5
2026-09-22T12:13:00+05:30,31.6,32.1,31.6,32.1,9
2026-09-22T12:14:00+05:30,31.1,31.65,31.1,31.65,13
2026-09-22T12:16:00+05:30,32.9,32.9,31.5,31.5,8
2026-09-22T12:17:00+05:30,31.35,31.35,30.9,30.9,6
2026-09-22T12:18:00+05:30,30.5,30.5,30.3,30.5,17
2026-09-22T12:19:00+05:30,30.1,30.15,29.35,29.35,38
2026-09-22T12:20:00+05:30,29.75,29.8,29.5,29.8,12
2026-09-22T12:21:00+05:30,29.85,29.85,29.0,29.0,9
2026-09-22T12:22:00+05:30,28.95,29.4,28.95,29.4,5
2026-09-22T12:23:00+05:30,29.55,29.55,29.55,29.55,4
2026-09-22T12:24:00+05:30,29.9,29.9,29.9,29.9,3
2026-09-22T12:27:00+05:30,29.35,29.35,28.55,28.8,34
2026-09-22T12:31:00+05:30,30.55,30.8,30.4,30.8,11
2026-09-22T12:32:00+05:30,30.0,30.0,30.0,30.0,2
2026-09-22T12:33:00+05:30,29.95,29.95,29.95,29.95,1
2026-09-22T12:34:00+05:30,30.2,30.2,29.45,29.5,8
2026-09-22T12:35:00+05:30,29.15,29.5,29.15,29.5,9
2026-09-22T12:38:00+05:30,30.4,30.65,30.3,30.45,15
2026-09-22T12:39:00+05:30,30.9,31.4,30.9,30.9,15
2026-09-22T12:40:00+05:30,31.0,31.55,30.65,30.95,18
2026-09-22T12:41:00+05:30,31.35,31.4,31.1,31.4,6
2026-09-22T12:42:00+05:30,31.5,31.5,31.4,31.4,8
2026-09-22T12:43:00+05:30,32.65,32.65,32.6,32.6,2
2026-09-22T12:44:00+05:30,33.45,33.95,33.45,33.95,12
2026-09-22T12:45:00+05:30,33.55,33.6,33.2,33.5,45
2026-09-22T12:46:00+05:30,33.75,34.45,33.75,34.0,23
2026-09-22T12:47:00+05:30,33.25,33.25,33.25,33.25,1
2026-09-22T12:48:00+05:30,32.95,32.95,32.95,32.95,2
2026-09-22T12:49:00+05:30,32.05,32.4,31.95,32.4,4
2026-09-22T12:51:00+05:30,33.8,34.65,33.8,34.65,12
2026-09-22T12:52:00+05:30,34.3,34.3,33.25,33.25,3
2026-09-22T12:55:00+05:30,33.75,35.05,33.75,35.0,10
2026-09-22T12:56:00+05:30,35.1,35.5,33.9,33.9,15
2026-09-22T12:57:00+05:30,33.6,33.6,33.5,33.5,2
2026-09-22T12:59:00+05:30,33.25,33.25,33.2,33.2,2
2026-09-22T13:00:00+05:30,35.5,35.5,35.45,35.5,49
2026-09-22T13:01:00+05:30,35.15,35.35,34.75,34.75,20
2026-09-22T13:02:00+05:30,33.3,33.4,33.0,33.0,8
2026-09-22T13:03:00+05:30,34.95,35.05,34.95,35.05,9
2026-09-22T13:04:00+05:30,34.25,35.0,34.25,35.0,3
2026-09-22T13:05:00+05:30,35.3,35.3,35.0,35.0,21
2026-09-22T13:07:00+05:30,33.35,33.35,33.35,33.35,1
2026-09-22T13:10:00+05:30,32.25,32.5,32.25,32.5,18
2026-09-22T13:12:00+05:30,33.65,33.65,33.2,33.2,6
2026-09-22T13:13:00+05:30,33.75,33.8,33.65,33.8,4
2026-09-22T13:16:00+05:30,32.05,32.05,32.05,32.05,1
2026-09-22T13:18:00+05:30,33.4,33.4,33.4,33.4,1
2026-09-22T13:20:00+05:30,33.9,33.9,33.9,33.9,1
2026-09-22T13:21:00+05:30,34.1,34.1,33.9,33.9,10
2026-09-22T13:24:00+05:30,34.05,34.2,34.05,34.2,10
2026-09-22T13:26:00+05:30,33.65,34.05,33.65,34.05,2
2026-09-22T13:27:00+05:30,33.9,34.05,33.9,34.05,3
2026-09-22T13:30:00+05:30,33.55,33.55,33.55,33.55,1
2026-09-22T13:33:00+05:30,32.75,32.75,32.75,32.75,1
2026-09-22T13:34:00+05:30,32.65,32.65,32.65,32.65,2
2026-09-22T13:36:00+05:30,32.0,32.1,32.0,32.0,7
2026-09-22T13:37:00+05:30,31.95,31.95,31.95,31.95,1
2026-09-22T13:38:00+05:30,31.75,33.1,31.75,32.95,67
2026-09-22T13:39:00+05:30,32.6,32.6,32.25,32.25,3
2026-09-22T13:40:00+05:30,32.4,32.4,32.4,32.4,1
2026-09-22T13:41:00+05:30,32.2,32.2,32.2,32.2,1
2026-09-22T13:42:00+05:30,32.5,32.55,31.3,31.3,6
2026-09-22T13:43:00+05:30,31.65,31.75,31.3,31.75,75
2026-09-22T13:44:00+05:30,33.65,33.65,33.05,33.05,2
2026-09-22T13:45:00+05:30,34.65,34.65,33.85,33.95,11
2026-09-22T13:46:00+05:30,34.2,34.2,34.2,34.2,1
2026-09-22T13:47:00+05:30,34.4,34.4,34.4,34.4,1
2026-09-22T13:49:00+05:30,35.0,35.0,35.0,35.0,20
2026-09-22T13:50:00+05:30,35.0,35.0,35.0,35.0,1
2026-09-22T13:53:00+05:30,34.55,39.0,34.45,39.0,11
2026-09-22T13:54:00+05:30,40.0,41.25,40.0,40.5,56
2026-09-22T13:55:00+05:30,39.7,39.7,37.75,37.95,26
2026-09-22T13:57:00+05:30,38.85,38.9,38.85,38.9,2
2026-09-22T13:58:00+05:30,38.9,38.9,38.65,38.9,28
2026-09-22T13:59:00+05:30,39.0,39.0,38.45,38.45,5
2026-09-22T14:00:00+05:30,39.05,40.65,39.05,40.65,16
2026-09-22T14:01:00+05:30,40.4,40.4,38.75,38.75,30
2026-09-22T14:02:00+05:30,38.45,39.25,37.35,37.35,36
2026-09-22T14:03:00+05:30,38.3,38.3,38.3,38.3,1
2026-09-22T14:04:00+05:30,38.15,38.35,38.15,38.35,2
2026-09-22T14:05:00+05:30,36.2,36.2,36.2,36.2,8
2026-09-22T14:06:00+05:30,37.55,37.55,36.7,36.7,14
2026-09-22T14:08:00+05:30,38.0,38.05,38.0,38.05,3
2026-09-22T14:09:00+05:30,38.0,38.0,35.65,35.9,21
2026-09-22T14:10:00+05:30,35.75,35.75,35.2,35.2,9
2026-09-22T14:12:00+05:30,33.15,33.15,30.45,30.75,14
2026-09-22T14:13:00+05:30,31.35,32.3,31.35,32.2,8
2026-09-22T14:14:00+05:30,32.3,32.4,25.85,25.85,95
2026-09-22T14:15:00+05:30,26.0,28.65,25.05,28.65,126
2026-09-22T14:16:00+05:30,29.2,32.0,29.2,30.65,46
2026-09-22T14:17:00+05:30,30.0,30.0,29.05,29.05,20
2026-09-22T14:18:00+05:30,29.2,30.45,29.2,30.45,3
2026-09-22T14:19:00+05:30,29.75,29.9,29.75,29.9,6
2026-09-22T14:20:00+05:30,29.3,29.4,27.45,28.3,51
2026-09-22T14:21:00+05:30,28.55,29.0,27.2,28.8,93
2026-09-22T14:22:00+05:30,29.6,29.65,29.25,29.45,17
2026-09-22T14:23:00+05:30,28.65,29.65,28.45,29.65,23
2026-09-22T14:24:00+05:30,29.65,30.35,28.95,29.95,61
2026-09-22T14:25:00+05:30,30.05,30.05,28.55,28.55,7
2026-09-22T14:26:00+05:30,28.65,28.65,27.9,28.0,8
2026-09-22T14:27:00+05:30,28.35,28.65,28.1,28.25,11
2026-09-22T14:28:00+05:30,28.1,28.75,28.1,28.35,12
2026-09-22T14:29:00+05:30,28.0,28.0,27.7,27.7,6
2026-09-22T14:30:00+05:30,27.5,28.0,27.4,27.65,20
2026-09-22T14:31:00+05:30,27.0,27.1,26.2,26.45,48
2026-09-22T14:32:00+05:30,26.25,26.4,24.8,25.75,149
2026-09-22T14:33:00+05:30,25.6,26.7,25.6,26.7,37
2026-09-22T14:34:00+05:30,27.15,28.0,27.15,27.85,21
2026-09-22T14:35:00+05:30,27.8,27.8,27.7,27.7,2
2026-09-22T14:37:00+05:30,27.25,27.25,27.25,27.25,1
2026-09-22T14:38:00+05:30,27.35,28.35,27.35,28.3,19
2026-09-22T14:39:00+05:30,28.4,28.5,27.7,28.1,79
2026-09-22T14:40:00+05:30,28.2,28.3,27.95,28.3,9
2026-09-22T14:41:00+05:30,29.1,29.95,29.0,29.0,27
2026-09-22T14:42:00+05:30,31.05,31.05,31.05,31.05,1
2026-09-22T14:44:00+05:30,29.95,29.95,29.95,29.95,12
2026-09-22T14:45:00+05:30,28.1,28.1,27.95,27.95,3
2026-09-22T14:46:00+05:30,28.95,28.95,28.15,28.15,44
2026-09-22T14:47:00+05:30,28.6,29.15,28.5,29.15,5
2026-09-22T14:48:00+05:30,29.2,29.85,29.2,29.85,13
2026-09-22T14:49:00+05:30,29.9,29.9,29.9,29.9,15
2026-09-22T14:50:00+05:30,30.1,30.1,30.1,30.1,3
2026-09-22T14:51:00+05:30,29.15,30.05,29.15,30.0,11
2026-09-22T14:52:00+05:30,30.0,30.05,29.95,29.95,34
2026-09-22T14:53:00+05:30,29.35,29.75,29.35,29.75,2
2026-09-22T14:55:00+05:30,28.45,28.45,28.45,28.45,2
2026-09-22T14:56:00+05:30,29.4,29.55,29.4,29.4,9
2026-09-22T14:57:00+05:30,29.25,29.45,29.25,29.45,3
2026-09-22T14:58:00+05:30,29.25,29.55,29.25,29.55,13
2026-09-22T14:59:00+05:30,30.6,30.6,30.6,30.6,1
2026-09-22T15:01:00+05:30,30.9,30.9,30.15,30.15,2
2026-09-22T15:02:00+05:30,28.85,28.95,28.65,28.95,10
2026-09-22T15:04:00+05:30,28.2,28.65,27.65,28.6,212
2026-09-22T15:05:00+05:30,28.8,29.1,28.6,29.05,5
2026-09-22T15:08:00+05:30,30.3,30.3,30.0,30.0,123
2026-09-22T15:09:00+05:30,30.5,30.5,30.5,30.5,1
2026-09-22T15:10:00+05:30,30.1,30.45,29.8,30.0,87
2026-09-22T15:11:00+05:30,29.4,29.9,27.95,28.1,113
2026-09-22T15:12:00+05:30,28.8,29.0,28.55,28.55,4
2026-09-22T15:13:00+05:30,27.8,28.45,27.8,28.45,16
2026-09-22T15:14:00+05:30,28.1,28.4,27.9,28.2,19
2026-09-22T15:15:00+05:30,28.5,29.45,28.4,29.45,31
2026-09-22T15:16:00+05:30,28.75,28.75,28.75,28.75,7
2026-09-22T15:18:00+05:30,28.45,28.75,28.45,28.75,4
2026-09-22T15:19:00+05:30,28.8,28.8,28.7,28.7,2
2026-09-22T15:20:00+05:30,29.3,29.45,29.3,29.45,2
2026-09-22T15:23:00+05:30,28.15,28.15,27.6,27.65,10
2026-09-22T15:25:00+05:30,27.3,27.5,26.85,27.15,22
2026-09-22T15:26:00+05:30,27.65,27.65,27.0,27.2,46
2026-09-22T15:27:00+05:30,27.45,27.65,27.15,27.65,21
2026-09-22T15:28:00+05:30,27.95,28.4,27.85,28.4,48
2026-09-22T15:29:00+05:30,29.0,29.2,28.65,28.95,31
2026-09-22T15:30:00+05:30,29.35,30.0,29.2,30.0,34
2026-09-22T15:31:00+05:30,29.8,29.85,29.4,29.6,77
2026-09-22T15:32:00+05:30,29.8,30.1,29.8,29.85,72
2026-09-22T15:33:00+05:30,29.85,29.95,28.0,28.0,26
2026-09-22T15:34:00+05:30,26.9,26.9,26.7,26.7,3
2026-09-22T15:35:00+05:30,26.55,27.0,25.5,25.5,234
2026-09-22T15:36:00+05:30,25.25,25.25,24.9,24.9,71
2026-09-22T15:37:00+05:30,24.4,24.5,23.0,23.4,45
2026-09-22T15:38:00+05:30,22.95,23.6,22.55,22.65,169
2026-09-22T15:39:00+05:30,22.2,23.0,21.9,23.0,52
2026-09-23T09:15:00+05:30,28.0,28.0,19.95,22.0,252
2026-09-23T09:16:00+05:30,21.55,21.55,20.15,20.95,160
2026-09-23T09:17:00+05:30,20.1,20.4,19.2,19.2,33
2026-09-23T09:18:00+05:30,19.35,19.4,18.2,18.8,321
2026-09-23T09:19:00+05:30,18.75,18.9,18.1,18.1,72
2026-09-23T09:20:00+05:30,18.25,18.25,17.5,18.05,162
2026-09-23T09:21:00+05:30,17.8,18.5,17.8,18.5,12
2026-09-23T09:22:00+05:30,18.85,18.85,18.2,18.2,31
2026-09-23T09:23:00+05:30,18.45,19.0,18.05,19.0,116
2026-09-23T09:24:00+05:30,19.3,19.5,19.05,19.15,33
2026-09-23T09:25:00+05:30,19.5,20.8,19.5,20.25,141
2026-09-23T09:26:00+05:30,20.05,20.5,19.65,20.2,50
2026-09-23T09:27:00+05:30,19.9,19.9,19.25,19.6,23
2026-09-23T09:28:00+05:30,19.0,19.4,19.0,19.0,33
2026-09-23T09:29:00+05:30,19.0,19.35,18.7,19.3,11
2026-09-23T09:30:00+05:30,18.65,18.65,17.75,18.0,69
2026-09-23T09:31:00+05:30,17.8,18.6,17.65,18.5,48
2026-09-23T09:32:00+05:30,18.0,18.0,17.7,17.8,28
2026-09-23T09:33:00+05:30,17.65,17.95,17.45,17.75,22
2026-09-23T09:34:00+05:30,17.5,17.75,17.5,17.75,32
2026-09-23T09:35:00+05:30,17.25,17.3,17.05,17.1,10
2026-09-23T09:36:00+05:30,17.45,18.4,17.45,17.8,22
2026-09-23T09:37:00+05:30,17.85,18.05,17.8,17.8,33
2026-09-23T09:38:00+05:30,17.75,17.75,16.85,17.45,79
2026-09-23T09:39:00+05:30,17.4,18.0,17.4,18.0,16
2026-09-23T09:40:00+05:30,18.15,18.15,17.35,17.5,13
2026-09-23T09:41:00+05:30,17.15,17.3,16.95,17.0,96
2026-09-23T09:42:00+05:30,17.0,17.0,16.55,16.85,29
2026-09-23T09:43:00+05:30,16.95,16.95,16.9,16.95,36
2026-09-23T09:44:00+05:30,16.85,16.85,16.0,16.0,92
2026-09-23T09:45:00+05:30,16.0,16.05,15.55,15.85,49
2026-09-23T09:46:00+05:30,15.95,15.95,15.8,15.95,20
2026-09-23T09:47:00+05:30,15.7,16.0,15.7,15.9,99
2026-09-23T09:48:00+05:30,15.85,16.3,15.7,16.3,130
2026-09-23T09:49:00+05:30,16.4,17.0,16.4,17.0,10
2026-09-23T09:50:00+05:30,16.9,17.1,16.75,17.05,17
2026-09-23T09:51:00+05:30,17.2,17.2,16.75,16.85,40
2026-09-23T09:52:00+05:30,16.85,17.0,16.7,16.7,48
2026-09-23T09:53:00+05:30,16.7,16.8,16.65,16.8,9
2026-09-23T09:54:00+05:30,18.05,18.25,18.05,18.25,9
2026-09-23T09:55:00+05:30,17.55,17.55,17.55,17.55,15
2026-09-23T09:56:00+05:30,17.25,17.25,16.75,16.75,44
2026-09-23T09:57:00+05:30,16.65,16.7,16.3,16.45,28
2026-09-23T09:58:00+05:30,16.15,16.2,16.15,16.2,4
2026-09-23T09:59:00+05:30,15.95,16.0,15.35,15.6,58
2026-09-23T10:00:00+05:30,15.55,15.6,14.85,15.0,65
2026-09-23T10:01:00+05:30,15.0,15.2,14.8,15.2,50
2026-09-23T10:02:00+05:30,15.1,15.65,15.1,15.55,223
2026-09-23T10:03:00+05:30,15.4,15.55,15.1,15.35,246
2026-09-23T10:04:00+05:30,15.4,15.5,15.05,15.25,131
2026-09-23T10:05:00+05:30,15.25,15.25,15.1,15.15,47
2026-09-23T10:06:00+05:30,15.1,15.2,15.05,15.2,71
2026-09-23T10:07:00+05:30,15.2,15.45,15.2,15.45,21
2026-09-23T10:08:00+05:30,15.55,15.55,15.15,15.15,16
2026-09-23T10:09:00+05:30,15.15,15.3,15.1,15.3,6
2026-09-23T10:10:00+05:30,15.2,15.4,15.2,15.4,8
2026-09-23T10:11:00+05:30,15.75,15.75,15.45,15.65,7
2026-09-23T10:12:00+05:30,15.55,15.55,15.4,15.5,7
2026-09-23T10:13:00+05:30,15.1,15.15,14.9,15.1,28
2026-09-23T10:14:00+05:30,15.1,15.15,15.1,15.1,7
2026-09-23T10:15:00+05:30,15.05,15.05,14.8,14.8,19
2026-09-23T10:16:00+05:30,14.7,15.0,14.65,14.85,34
2026-09-23T10:17:00+05:30,14.9,14.9,14.6,14.7,33
2026-09-23T10:18:00+05:30,14.8,14.8,14.2,14.55,195
2026-09-23T10:19:00+05:30,14.5,14.95,14.5,14.7,30
2026-09-23T10:20:00+05:30,14.55,14.7,14.55,14.7,12
2026-09-23T10:21:00+05:30,14.4,14.45,14.25,14.3,24
2026-09-23T10:22:00+05:30,14.35,14.9,14.3,14.85,84
2026-09-23T10:23:00+05:30,14.9,14.9,14.55,14.55,151
2026-09-23T10:24:00+05:30,14.65,14.95,14.65,14.95,23
2026-09-23T10:25:00+05:30,14.9,14.95,14.7,14.7,31
2026-09-23T10:26:00+05:30,14.75,14.75,14.55,14.65,80
2026-09-23T10:27:00+05:30,14.55,14.6,14.5,14.5,20
2026-09-23T10:28:00+05:30,14.35,14.5,14.3,14.4,17
2026-09-23T10:29:00+05:30,14.4,14.5,14.35,14.45,24
2026-09-23T10:30:00+05:30,14.35,14.65,14.35,14.65,17
2026-09-23T10:31:00+05:30,14.75,15.0,14.7,14.95,54
2026-09-23T10:32:00+05:30,14.95,15.0,14.7,14.7,28
2026-09-23T10:33:00+05:30,14.8,14.95,14.55,14.55,32
2026-09-23T10:34:00+05:30,14.5,14.6,14.45,14.6,45
2026-09-23T10:35:00+05:30,14.55,14.65,14.35,14.6,31
2026-09-23T10:36:00+05:30,14.65,14.65,14.3,14.35,28
2026-09-23T10:37:00+05:30,14.3,14.3,13.9,14.15,31
2026-09-23T10:38:00+05:30,14.1,14.1,13.7,13.7,40
2026-09-23T10:39:00+05:30,13.65,13.95,13.65,13.95,23
2026-09-23T10:40:00+05:30,13.9,14.1,13.9,14.1,15
2026-09-23T10:41:00+05:30,14.1,14.35,14.05,14.35,136
2026-09-23T10:42:00+05:30,14.2,14.25,14.15,14.15,15
2026-09-23T10:43:00+05:30,14.35,14.35,14.0,14.05,54
2026-09-23T10:44:00+05:30,14.15,14.15,14.05,14.05,10
2026-09-23T10:45:00+05:30,14.1,14.3,14.1,14.3,52
2026-09-23T10:46:00+05:30,14.2,14.35,14.2,14.35,34
2026-09-23T10:47:00+05:30,14.35,14.5,14.35,14.5,3
2026-09-23T10:48:00+05:30,14.5,14.75,14.5,14.6,20
2026-09-23T10:49:00+05:30,14.6,14.95,14.55,14.95,28
2026-09-23T10:50:00+05:30,14.7,14.7,14.55,14.55,20
2026-09-23T10:51:00+05:30,14.5,14.55,14.5,14.55,7
2026-09-23T10:52:00+05:30,14.55,14.55,14.25,14.35,73
2026-09-23T10:53:00+05:30,14.4,14.4,14.1,14.35,34
2026-09-23T10:54:00+05:30,14.3,14.65,14.3,14.65,10
2026-09-23T10:56:00+05:30,14.35,14.5,14.35,14.5,10
2026-09-23T10:57:00+05:30,14.55,14.65,14.45,14.5,23
2026-09-23T10:58:00+05:30,14.45,14.45,14.45,14.45,7
2026-09-23T10:59:00+05:30,14.55,14.75,14.55,14.65,31
2026-09-23T11:00:00+05:30,14.55,14.7,14.45,14.6,41
2026-09-23T11:01:00+05:30,14.5,14.5,14.35,14.4,43
2026-09-23T11:02:00+05:30,14.4,14.55,14.35,14.55,19
2026-09-23T11:03:00+05:30,14.5,14.65,14.5,14.65,16
2026-09-23T11:04:00+05:30,14.45,14.45,14.35,14.45,7
2026-09-23T11:05:00+05:30,14.45,14.45,14.4,14.4,6
2026-09-23T11:06:00+05:30,14.25,14.3,14.15,14.2,79
2026-09-23T11:07:00+05:30,14.1,14.35,13.95,14.2,163
2026-09-23T11:08:00+05:30,14.3,14.3,14.1,14.2,30
2026-09-23T11:09:00+05:30,14.2,14.2,14.2,14.2,1
2026-09-23T11:10:00+05:30,14.1,14.1,14.05,14.05,2
2026-09-23T11:11:00+05:30,14.05,14.05,13.95,13.95,7
2026-09-23T11:12:00+05:30,14.0,14.0,13.95,13.95,3
2026-09-23T11:13:00+05:30,13.95,13.95,13.95,13.95,4
2026-09-23T11:15:00+05:30,14.05,14.15,14.05,14.15,3
2026-09-23T11:17:00+05:30,14.3,14.3,14.05,14.05,20
2026-09-23T11:19:00+05:30,14.35,14.5,14.35,14.5,10
2026-09-23T11:20:00+05:30,14.3,14.5,14.3,14.5,11
2026-09-23T11:21:00+05:30,14.45,14.5,14.45,14.5,11
2026-09-23T11:22:00+05:30,14.4,14.45,14.35,14.45,6
2026-09-23T11:24:00+05:30,14.5,14.5,14.4,14.45,7
2026-09-23T11:25:00+05:30,14.5,14.5,14.2,14.25,58
2026-09-23T11:26:00+05:30,14.25,14.45,14.25,14.45,14
2026-09-23T11:27:00+05:30,14.45,14.55,14.45,14.5,6
2026-09-23T11:28:00+05:30,14.55,14.55,14.5,14.5,28
2026-09-23T11:29:00+05:30,14.55,14.6,14.55,14.6,24
2026-09-23T11:30:00+05:30,14.5,14.5,14.2,14.3,18
2026-09-23T11:31:00+05:30,14.35,14.4,14.35,14.4,8
2026-09-23T11:32:00+05:30,14.35,14.4,14.15,14.15,10
2026-09-23T11:34:00+05:30,14.25,14.25,14.25,14.25,4
2026-09-23T11:35:00+05:30,14.5,14.55,14.5,14.55,10
2026-09-23T11:36:00+05:30,14.6,14.6,14.4,14.4,15
2026-09-23T11:37:00+05:30,14.55,14.55,14.45,14.45,4
2026-09-23T11:38:00+05:30,14.55,14.55,14.45,14.5,22
2026-09-23T11:39:00+05:30,14.5,14.55,14.45,14.45,23
2026-09-23T11:40:00+05:30,14.4,14.45,14.3,14.45,27
2026-09-23T11:41:00+05:30,14.15,14.15,14.05,14.1,16
2026-09-23T11:42:00+05:30,14.05,14.05,14.0,14.0,10
2026-09-23T11:43:00+05:30,13.8,13.8,13.65,13.75,16
2026-09-23T11:44:00+05:30,13.75,13.8,13.65,13.75,45
2026-09-23T11:45:00+05:30,13.65,13.8,13.65,13.75,15
2026-09-23T11:46:00+05:30,13.95,13.95,13.8,13.8,6
2026-09-23T11:47:00+05:30,13.8,13.95,13.75,13.8,19
2026-09-23T11:48:00+05:30,14.0,14.0,13.85,13.85,5
2026-09-23T11:49:00+05:30,14.0,14.0,14.0,14.0,4
2026-09-23T11:50:00+05:30,14.05,14.25,14.05,14.25,28
2026-09-23T11:51:00+05:30,14.3,14.3,14.2,14.25,12
2026-09-23T11:52:00+05:30,14.4,14.4,14.3,14.3,8
2026-09-23T11:53:00+05:30,14.25,14.25,14.1,14.1,14
2026-09-23T11:54:00+05:30,14.0,14.05,14.0,14.05,11
2026-09-23T11:55:00+05:30,14.1,14.1,14.05,14.05,6
2026-09-23T11:56:00+05:30,14.15,14.25,14.15,14.2,16
2026-09-23T11:57:00+05:30,14.25,14.25,14.25,14.25,1
2026-09-23T11:58:00+05:30,14.35,14.35,14.35,14.35,2
2026-09-23T12:01:00+05:30,13.75,13.75,13.55,13.55,23
2026-09-23T12:02:00+05:30,13.65,13.8,13.5,13.55,27
2026-09-23T12:03:00+05:30,13.5,13.55,13.5,13.55,11
2026-09-23T12:04:00+05:30,13.55,13.55,13.55,13.55,1
2026-09-23T12:05:00+05:30,13.45,13.45,13.3,13.35,3
2026-09-23T12:06:00+05:30,13.45,13.5,13.35,13.35,5
2026-09-23T12:07:00+05:30,13.55,13.6,13.55,13.6,4
2026-09-23T12:08:00+05:30,13.65,13.7,13.65,13.7,2
2026-09-23T12:10:00+05:30,13.55,13.6,13.55,13.55,4
2026-09-23T12:11:00+05:30,13.65,13.65,13.55,13.55,6
2026-09-23T12:14:00+05:30,13.65,13.65,13.65,13.65,2
2026-09-23T12:16:00+05:30,13.85,13.85,13.7,13.7,3
2026-09-23T12:17:00+05:30,13.85,13.85,13.85,13.85,2
2026-09-23T12:19:00+05:30,13.8,13.8,13.75,13.75,14
2026-09-23T12:22:00+05:30,13.8,13.8,13.8,13.8,1
2026-09-23T12:23:00+05:30,13.85,13.85,13.8,13.8,6
2026-09-23T12:24:00+05:30,13.9,13.9,13.85,13.85,5
2026-09-23T12:25:00+05:30,14.05,14.2,14.05,14.2,5
2026-09-23T12:26:00+05:30,14.05,14.05,14.05,14.05,1
2026-09-23T12:27:00+05:30,13.95,14.05,13.95,14.05,4
2026-09-23T12:28:00+05:30,14.0,14.05,14.0,14.05,3
2026-09-23T12:30:00+05:30,14.0,14.0,14.0,14.0,1
2026-09-23T12:31:00+05:30,14.1,14.1,13.95,14.0,4
2026-09-23T12:32:00+05:30,14.05,14.05,13.9,13.9,6
2026-09-23T12:33:00+05:30,13.9,13.9,13.85,13.85,9
2026-09-23T12:34:00+05:30,13.65,13.65,13.55,13.6,4
2026-09-23T12:35:00+05:30,13.7,13.9,13.7,13.9,3
2026-09-23T12:36:00+05:30,13.85,14.0,13.85,14.0,14
2026-09-23T12:37:00+05:30,13.95,13.95,13.95,13.95,1
2026-09-23T12:38:00+05:30,14.05,14.05,14.05,14.05,3
2026-09-23T12:39:00+05:30,14.0,14.0,14.0,14.0,1
2026-09-23T12:40:00+05:30,13.95,13.95,13.95,13.95,2
2026-09-23T12:41:00+05:30,13.95,13.95,13.8,13.8,6
2026-09-23T12:42:00+05:30,13.85,13.85,13.8,13.8,2
2026-09-23T12:43:00+05:30,13.8,13.8,13.75,13.8,3
2026-09-23T12:44:00+05:30,13.95,13.95,13.85,13.9,3
2026-09-23T12:45:00+05:30,13.95,14.05,13.95,14.05,2
2026-09-23T12:46:00+05:30,14.1,14.25,14.1,14.25,8
2026-09-23T12:47:00+05:30,14.2,14.35,14.2,14.35,2
2026-09-23T12:48:00+05:30,14.3,14.3,14.3,14.3,1
2026-09-23T12:49:00+05:30,14.0,14.0,14.0,14.0,1
2026-09-23T12:50:00+05:30,13.95,14.0,13.9,14.0,3
2026-09-23T12:51:00+05:30,13.95,13.95,13.95,13.95,1
2026-09-23T12:52:00+05:30,14.1,14.3,14.0,14.2,24
2026-09-23T12:53:00+05:30,14.3,14.4,14.3,14.4,8
2026-09-23T12:54:00+05:30,14.4,14.6,14.35,14.6,9
2026-09-23T12:55:00+05:30,14.4,14.4,14.25,14.4,16
2026-09-23T12:56:00+05:30,14.05,14.15,13.9,14.15,9
2026-09-23T12:57:00+05:30,14.2,14.2,13.95,14.2,21
2026-09-23T12:58:00+05:30,14.1,14.1,13.9,14.1,18
2026-09-23T13:00:00+05:30,14.05,14.1,14.05,14.1,3
2026-09-23T13:01:00+05:30,13.8,13.8,13.75,13.75,2
2026-09-23T13:02:00+05:30,13.85,13.85,13.5,13.5,11
2026-09-23T13:03:00+05:30,13.7,13.75,13.5,13.5,4
2026-09-23T13:04:00+05:30,13.7,13.9,13.7,13.8,30
2026-09-23T13:05:00+05:30,13.8,13.8,13.75,13.75,10
2026-09-23T13:06:00+05:30,13.8,13.8,13.75,13.75,16
2026-09-23T13:07:00+05:30,13.7,13.7,13.4,13.45,16
2026-09-23T13:09:00+05:30,13.65,13.65,13.65,13.65,1
2026-09-23T13:10:00+05:30,13.65,13.65,13.65,13.65,1
2026-09-23T13:11:00+05:30,13.95,14.0,13.95,14.0,3
2026-09-23T13:12:00+05:30,13.9,13.9,13.9,13.9,6
2026-09-23T13:14:00+05:30,14.0,14.0,14.0,14.0,14
2026-09-23T13:15:00+05:30,13.9,13.9,13.9,13.9,1
2026-09-23T13:17:00+05:30,13.8,13.8,13.8,13.8,1
2026-09-23T13:18:00+05:30,13.85,13.85,13.85,13.85,1
2026-09-23T13:19:00+05:30,13.8,13.8,13.8,13.8,2
2026-09-23T13:20:00+05:30,13.85,13.95,13.85,13.95,9
2026-09-23T13:21:00+05:30,14.0,14.0,13.95,13.95,2
2026-09-23T13:23:00+05:30,14.0,14.1,14.0,14.0,57
2026-09-23T13:24:00+05:30,14.05,14.15,14.05,14.15,3
2026-09-23T13:28:00+05:30,14.15,14.15,14.15,14.15,1
2026-09-23T13:30:00+05:30,14.25,14.25,14.25,14.25,1
2026-09-23T13:33:00+05:30,14.55,14.55,14.55,14.55,1
2026-09-23T13:34:00+05:30,14.5,14.6,14.45,14.55,12
2026-09-23T13:35:00+05:30,14.6,14.65,14.55,14.65,7
2026-09-23T13:36:00+05:30,14.6,14.7,14.6,14.65,10
2026-09-23T13:37:00+05:30,14.6,14.6,14.35,14.35,10
2026-09-23T13:38:00+05:30,14.3,14.3,14.3,14.3,1
2026-09-23T13:40:00+05:30,14.1,14.1,14.1,14.1,3
2026-09-23T13:41:00+05:30,14.2,14.2,14.2,14.2,1
2026-09-23T13:42:00+05:30,13.95,13.95,13.9,13.9,3
2026-09-23T13:43:00+05:30,13.9,13.9,13.9,13.9,1
2026-09-23T13:44:00+05:30,13.7,13.7,13.6,13.6,2
2026-09-23T13:45:00+05:30,13.55,13.55,13.55,13.55,2
2026-09-23T13:46:00+05:30,13.45,13.5,13.45,13.5,2
2026-09-23T13:47:00+05:30,13.3,13.6,13.1,13.6,55
2026-09-23T13:48:00+05:30,13.4,13.4,13.1,13.25,138
2026-09-23T13:49:00+05:30,13.2,13.25,13.2,13.2,4
2026-09-23T13:50:00+05:30,13.15,13.25,13.0,13.25,25
2026-09-23T13:52:00+05:30,13.3,13.3,13.3,13.3,5
2026-09-23T13:53:00+05:30,13.25,13.25,13.25,13.25,3
2026-09-23T13:54:00+05:30,13.3,13.3,13.3,13.3,1
2026-09-23T13:55:00+05:30,13.2,13.2,13.2,13.2,1
2026-09-23T13:57:00+05:30,13.4,13.4,13.4,13.4,2
2026-09-23T13:58:00+05:30,13.45,13.45,13.45,13.45,2
2026-09-23T14:00:00+05:30,13.4,13.4,13.4,13.4,1
2026-09-23T14:01:00+05:30,13.4,13.4,13.4,13.4,2
2026-09-23T14:03:00+05:30,13.2,13.2,13.0,13.05,17
2026-09-23T14:04:00+05:30,13.0,13.05,12.85,12.9,131
2026-09-23T14:05:00+05:30,13.0,13.05,13.0,13.05,7
2026-09-23T14:06:00+05:30,12.95,12.95,12.95,12.95,5
2026-09-23T14:07:00+05:30,13.0,13.0,12.8,12.85,11
2026-09-23T14:08:00+05:30,12.95,12.95,12.75,12.75,3
2026-09-23T14:09:00+05:30,12.7,12.8,12.45,12.5,92
2026-09-23T14:10:00+05:30,12.6,12.65,12.4,12.55,46
2026-09-23T14:12:00+05:30,12.55,12.65,12.55,12.65,6
2026-09-23T14:13:00+05:30,12.6,12.6,12.55,12.6,10
2026-09-23T14:14:00+05:30,12.7,12.75,12.6,12.6,9
2026-09-23T14:15:00+05:30,12.45,12.45,12.2,12.3,77
2026-09-23T14:16:00+05:30,12.2,12.2,12.2,12.2,2
2026-09-23T14:18:00+05:30,12.15,12.2,12.0,12.05,18
2026-09-23T14:19:00+05:30,12.15,12.25,12.15,12.25,3
2026-09-23T14:20:00+05:30,12.2,12.25,12.15,12.25,8
2026-09-23T14:21:00+05:30,12.15,12.2,12.0,12.2,15
2026-09-23T14:22:00+05:30,12.15,12.15,12.05,12.1,26
2026-09-23T14:23:00+05:30,12.15,12.15,12.0,12.0,5
2026-09-23T14:24:00+05:30,12.05,12.25,12.05,12.25,6
2026-09-23T14:25:00+05:30,12.3,12.35,12.3,12.35,6
2026-09-23T14:26:00+05:30,12.4,14.1,12.25,12.4,427
2026-09-23T14:27:00+05:30,12.2,12.2,12.2,12.2,3
2026-09-23T14:28:00+05:30,12.2,12.2,12.0,12.0,31
2026-09-23T14:29:00+05:30,12.05,12.1,11.95,12.0,124
2026-09-23T14:30:00+05:30,11.95,11.95,11.95,11.95,3
2026-09-23T14:31:00+05:30,11.95,12.1,11.85,12.05,90
2026-09-23T14:32:00+05:30,12.05,12.2,12.0,12.05,53
2026-09-23T14:33:00+05:30,12.1,12.15,12.05,12.15,16
2026-09-23T14:34:00+05:30,12.15,12.15,12.1,12.1,2
2026-09-23T14:36:00+05:30,12.2,12.3,12.15,12.3,7
2026-09-23T14:37:00+05:30,12.25,12.35,12.25,12.35,2
2026-09-23T14:40:00+05:30,12.25,12.35,12.25,12.3,3
2026-09-23T14:41:00+05:30,12.4,12.45,12.4,12.45,13
2026-09-23T14:42:00+05:30,12.45,12.45,12.4,12.4,6
2026-09-23T14:43:00+05:30,12.45,12.5,12.25,12.35,27
2026-09-23T14:44:00+05:30,12.25,12.25,12.15,12.25,44
2026-09-23T14:45:00+05:30,12.15,12.15,12.05,12.05,13
2026-09-23T14:46:00+05:30,12.1,12.1,12.05,12.05,32
2026-09-23T14:48:00+05:30,11.95,11.95,11.95,11.95,6
2026-09-23T14:49:00+05:30,12.0,12.0,11.95,11.95,4
2026-09-23T14:50:00+05:30,12.05,12.1,12.05,12.1,5
2026-09-23T14:52:00+05:30,12.0,12.05,11.8,12.05,16
2026-09-23T14:53:00+05:30,12.0,12.05,12.0,12.05,2
2026-09-23T14:54:00+05:30,12.0,12.0,11.85,11.85,37
2026-09-23T14:55:00+05:30,11.8,11.85,11.75,11.75,9
2026-09-23T14:56:00+05:30,11.7,11.75,11.65,11.65,12
2026-09-23T14:57:00+05:30,11.8,11.95,11.8,11.95,3
2026-09-23T14:58:00+05:30,11.95,12.05,11.95,12.05,2
2026-09-23T14:59:00+05:30,12.15,12.2,11.75,12.05,17
2026-09-23T15:00:00+05:30,12.1,12.2,12.1,12.2,5
2026-09-23T15:01:00+05:30,12.1,12.1,11.9,12.0,35
2026-09-23T15:02:00+05:30,12.0,12.25,12.0,12.1,49
2026-09-23T15:03:00+05:30,12.05,12.15,12.05,12.15,3
2026-09-23T15:04:00+05:30,12.1,12.1,11.85,11.85,4
2026-09-23T15:05:00+05:30,11.8,11.8,11.65,11.7,41
2026-09-23T15:06:00+05:30,11.55,11.55,11.4,11.4,19
2026-09-23T15:07:00+05:30,11.45,11.8,11.45,11.8,12
2026-09-23T15:08:00+05:30,11.7,11.7,11.7,11.7,1
2026-09-23T15:10:00+05:30,11.85,11.85,11.85,11.85,2
2026-09-23T15:11:00+05:30,11.9,11.9,11.6,11.6,186
2026-09-23T15:12:00+05:30,11.55,11.65,11.5,11.6,19
2026-09-23T15:13:00+05:30,11.6,11.8,11.6,11.65,28
2026-09-23T15:14:00+05:30,11.5,11.5,11.2,11.3,24
2026-09-23T15:15:00+05:30,11.5,11.5,11.25,11.3,51
2026-09-23T15:16:00+05:30,11.35,11.6,11.35,11.5,8
2026-09-23T15:17:00+05:30,11.55,11.7,11.5,11.6,6
2026-09-23T15:18:00+05:30,11.75,11.75,11.55,11.7,101
2026-09-23T15:19:00+05:30,11.7,11.75,11.6,11.6,19
2026-09-23T15:20:00+05:30,11.75,11.8,11.7,11.8,3
2026-09-23T15:21:00+05:30,11.85,11.85,11.65,11.75,23
2026-09-23T15:22:00+05:30,11.8,11.8,11.6,11.6,13
2026-09-23T15:24:00+05:30,11.45,11.5,11.25,11.25,10
2026-09-23T15:25:00+05:30,11.35,11.4,11.25,11.3,13
2026-09-23T15:26:00+05:30,11.45,11.45,11.3,11.4,6
2026-09-23T15:27:00+05:30,11.4,11.5,11.35,11.35,24
2026-09-23T15:28:00+05:30,11.45,11.5,11.4,11.4,21
2026-09-23T15:29:00+05:30,11.35,11.35,11.0,11.0,207
2026-09-23T15:31:00+05:30,10.8,11.0,10.75,10.9,45
2026-09-23T15:32:00+05:30,10.9,11.3,10.8,11.3,11
2026-09-23T15:33:00+05:30,11.3,11.45,11.2,11.35,81
2026-09-23T15:34:00+05:30,11.35,11.55,11.25,11.3,46
2026-09-23T15:35:00+05:30,11.35,11.45,11.2,11.4,23
2026-09-23T15:36:00+05:30,11.35,11.35,11.1,11.3,23
2026-09-23T15:37:00+05:30,11.25,11.3,11.15,11.2,10
2026-09-23T15:38:00+05:30,11.1,11.1,10.75,10.8,73
2026-09-23T15:39:00+05:30,10.85,10.9,10.6,10.6,36
2026-09-24T09:15:00+05:30,44.25,44.25,30.8,33.45,450
2026-09-24T09:16:00+05:30,33.65,41.65,33.2,34.85,802
2026-09-24T09:17:00+05:30,35.1,44.0,34.75,43.5,302
2026-09-24T09:18:00+05:30,43.6,45.7,42.6,42.9,133
2026-09-24T09:19:00+05:30,43.95,52.55,41.0,50.0,485
2026-09-24T09:20:00+05:30,50.35,51.4,48.1,48.8,216
2026-09-24T09:21:00+05:30,48.85,53.85,48.0,51.25,298
2026-09-24T09:22:00+05:30,51.15,53.05,43.5,43.65,154
2026-09-24T09:23:00+05:30,43.9,43.9,40.0,40.5,135
2026-09-24T09:24:00+05:30,40.2,41.85,39.45,41.85,62
2026-09-24T09:25:00+05:30,41.75,47.1,41.75,46.1,96
2026-09-24T09:26:00+05:30,47.05,47.35,43.45,46.0,80
2026-09-24T09:27:00+05:30,47.1,49.75,47.0,47.45,78
2026-09-24T09:28:00+05:30,48.05,49.1,46.0,46.95,108
2026-09-24T09:29:00+05:30,47.5,48.35,46.5,47.15,95
2026-09-24T09:30:00+05:30,47.5,53.4,46.95,52.95,245
2026-09-24T09:31:00+05:30,53.3,56.4,51.1,55.6,230
2026-09-24T09:32:00+05:30,54.85,55.15,52.1,53.85,322
2026-09-24T09:33:00+05:30,53.85,55.9,53.4,54.6,85
2026-09-24T09:34:00+05:30,54.6,55.1,53.2,53.55,56
2026-09-24T09:35:00+05:30,52.75,53.4,50.55,52.9,96
2026-09-24T09:36:00+05:30,52.95,54.05,52.0,52.0,135
2026-09-24T09:37:00+05:30,52.4,55.55,52.05,54.45,115
2026-09-24T09:38:00+05:30,55.4,65.0,54.95,64.35,98
2026-09-24T09:39:00+05:30,64.55,70.3,62.0,68.15,190
2026-09-24T09:40:00+05:30,67.35,70.0,64.25,64.65,579
2026-09-24T09:41:00+05:30,64.3,69.8,64.25,68.1,274
2026-09-24T09:42:00+05:30,67.95,71.4,67.3,68.8,177
2026-09-24T09:43:00+05:30,68.75,79.55,68.7,76.95,90
2026-09-24T09:44:00+05:30,78.4,84.2,76.9,82.05,396
2026-09-24T09:45:00+05:30,82.2,89.1,77.5,77.65,385
2026-09-24T09:46:00+05:30,76.25,80.85,75.25,80.25,101
2026-09-24T09:47:00+05:30,80.7,82.95,80.0,82.25,235
2026-09-24T09:48:00+05:30,82.55,82.95,78.4,79.45,109
2026-09-24T09:49:00+05:30,79.05,79.25,72.7,72.9,115
2026-09-24T09:50:00+05:30,72.95,76.55,70.95,70.95,155
2026-09-24T09:51:00+05:30,70.65,73.95,70.05,73.95,45
2026-09-24T09:52:00+05:30,74.3,75.55,71.9,74.6,97
2026-09-24T09:53:00+05:30,74.7,76.15,73.85,76.15,88
2026-09-24T09:54:00+05:30,75.65,76.65,75.65,76.5,53
2026-09-24T09:55:00+05:30,76.25,80.0,76.0,76.0,84
2026-09-24T09:56:00+05:30,76.0,78.0,76.0,76.95,86
2026-09-24T09:57:00+05:30,76.9,77.55,76.2,76.8,30
2026-09-24T09:58:00+05:30,75.15,75.35,72.55,73.9,32
2026-09-24T09:59:00+05:30,73.5,75.1,71.8,72.85,77
2026-09-24T10:00:00+05:30,73.2,74.35,69.0,69.0,79
2026-09-24T10:01:00+05:30,68.8,69.45,67.2,68.3,181
2026-09-24T10:02:00+05:30,68.15,69.25,64.6,64.85,82
2026-09-24T10:03:00+05:30,65.3,65.3,60.85,61.55,106
2026-09-24T10:04:00+05:30,60.6,61.65,57.85,61.65,218
2026-09-24T10:05:00+05:30,62.2,66.05,62.1,63.0,209
2026-09-24T10:06:00+05:30,63.25,66.0,63.0,63.8,51
2026-09-24T10:07:00+05:30,63.95,63.95,61.35,61.75,93
2026-09-24T10:08:00+05:30,60.4,60.75,56.05,56.05,102
2026-09-24T10:09:00+05:30,56.0,56.3,53.95,55.6,114
2026-09-24T10:10:00+05:30,55.7,59.85,55.6,59.35,105
2026-09-24T10:11:00+05:30,59.45,63.0,59.15,60.75,161
2026-09-24T10:12:00+05:30,61.5,63.15,60.75,63.15,123
2026-09-24T10:13:00+05:30,63.6,64.8,61.3,64.8,37
2026-09-24T10:14:00+05:30,66.4,67.65,65.55,66.45,62
2026-09-24T10:15:00+05:30,66.35,66.55,63.85,64.25,112
2026-09-24T10:16:00+05:30,63.9,64.95,63.1,64.05,78
2026-09-24T10:17:00+05:30,64.25,66.1,64.25,65.0,51
2026-09-24T10:18:00+05:30,64.55,66.05,64.0,65.95,42
2026-09-24T10:19:00+05:30,67.05,67.75,63.05,63.05,26
2026-09-24T10:20:00+05:30,62.3,65.5,62.3,65.0,46
2026-09-24T10:21:00+05:30,65.05,68.55,65.05,68.2,65
2026-09-24T10:22:00+05:30,68.4,70.8,68.25,70.5,64
2026-09-24T10:23:00+05:30,70.75,71.05,68.4,69.9,31
2026-09-24T10:24:00+05:30,70.55,70.6,68.75,70.3,80
2026-09-24T10:25:00+05:30,70.8,73.45,70.8,72.2,43
2026-09-24T10:26:00+05:30,73.05,73.6,68.45,69.2,124
2026-09-24T10:27:00+05:30,68.6,69.0,67.6,68.45,60
2026-09-24T10:28:00+05:30,68.35,71.8,68.0,71.6,49
2026-09-24T10:29:00+05:30,71.2,71.8,69.1,70.55,56
2026-09-24T10:30:00+05:30,69.75,69.9,69.0,69.35,9
2026-09-24T10:31:00+05:30,68.2,68.2,65.3,65.65,38
2026-09-24T10:32:00+05:30,65.15,65.15,63.15,63.75,91
2026-09-24T10:33:00+05:30,63.85,65.3,59.35,59.55,182
2026-09-24T10:34:00+05:30,59.7,62.2,59.15,60.6,77
2026-09-24T10:35:00+05:30,60.1,62.5,60.1,62.5,24
2026-09-24T10:36:00+05:30,62.85,63.1,57.5,59.15,838
2026-09-24T10:37:00+05:30,59.4,61.05,58.0,61.05,376
2026-09-24T10:38:00+05:30,60.7,60.7,57.45,60.65,125
2026-09-24T10:39:00+05:30,60.95,61.05,59.45,60.05,36
2026-09-24T10:40:00+05:30,60.85,64.25,60.85,63.9,53
2026-09-24T10:41:00+05:30,63.85,64.4,62.0,63.6,315
2026-09-24T10:42:00+05:30,64.0,65.0,62.4,62.55,15
2026-09-24T10:43:00+05:30,62.65,66.05,62.6,65.3,44
2026-09-24T10:44:00+05:30,65.4,65.45,64.05,64.3,44
2026-09-24T10:45:00+05:30,63.05,63.05,61.0,61.35,11
2026-09-24T10:46:00+05:30,61.35,62.1,60.2,60.75,30
2026-09-24T10:47:00+05:30,61.9,62.05,60.2,60.2,33
2026-09-24T10:48:00+05:30,61.45,63.7,61.45,63.35,32
2026-09-24T10:49:00+05:30,63.35,63.9,61.75,61.75,13
2026-09-24T10:50:00+05:30,62.75,63.25,62.25,62.25,8
2026-09-24T10:51:00+05:30,62.15,62.7,57.8,61.6,235
2026-09-24T10:52:00+05:30,61.0,62.05,57.0,57.8,167
2026-09-24T10:53:00+05:30,57.75,58.05,55.2,57.05,142
2026-09-24T10:54:00+05:30,56.95,57.1,55.05,55.2,97
2026-09-24T10:55:00+05:30,54.85,55.05,52.2,52.45,121
2026-09-24T10:56:00+05:30,52.75,55.4,52.75,55.4,62
2026-09-24T10:57:00+05:30,55.5,55.95,54.95,55.2,56
2026-09-24T10:58:00+05:30,54.8,57.65,54.8,56.75,53
2026-09-24T10:59:00+05:30,56.55,56.55,54.0,54.0,46
2026-09-24T11:00:00+05:30,53.75,55.15,53.75,54.15,17
2026-09-24T11:01:00+05:30,53.15,55.05,51.6,55.05,21
2026-09-24T11:02:00+05:30,54.1,54.1,51.75,51.85,17
2026-09-24T11:03:00+05:30,52.4,53.85,52.3,53.85,64
2026-09-24T11:04:00+05:30,54.45,54.85,53.3,53.7,83
2026-09-24T11:05:00+05:30,54.7,57.0,54.65,57.0,54
2026-09-24T11:06:00+05:30,57.3,59.4,57.15,59.4,113
2026-09-24T11:07:00+05:30,57.5,57.65,56.05,56.55,9
2026-09-24T11:08:00+05:30,57.75,59.65,57.75,59.2,5
2026-09-24T11:09:00+05:30,59.6,61.95,59.55,61.5,42
2026-09-24T11:10:00+05:30,61.5,62.1,60.55,61.2,39
2026-09-24T11:11:00+05:30,60.9,62.1,58.8,62.1,16
2026-09-24T11:12:00+05:30,62.45,62.45,61.2,61.6,9
2026-09-24T11:13:00+05:30,61.75,67.35,61.75,65.0,91
2026-09-24T11:14:00+05:30,64.8,65.05,63.35,64.85,6
2026-09-24T11:15:00+05:30,64.65,64.85,60.15,60.35,35
2026-09-24T11:16:00+05:30,59.4,60.2,59.3,59.5,17
2026-09-24T11:17:00+05:30,58.75,58.95,55.95,57.2,103
2026-09-24T11:18:00+05:30,57.0,57.0,53.3,54.8,90
2026-09-24T11:19:00+05:30,54.9,55.2,52.45,53.25,79
2026-09-24T11:20:00+05:30,52.9,55.25,52.5,55.25,31
2026-09-24T11:21:00+05:30,55.45,56.0,55.25,55.5,18
2026-09-24T11:22:00+05:30,56.2,57.4,54.65,57.0,40
2026-09-24T11:23:00+05:30,58.5,58.5,57.45,57.55,6
2026-09-24T11:24:00+05:30,58.4,60.6,57.8,60.6,13
2026-09-24T11:25:00+05:30,60.85,63.6,59.25,63.55,191
2026-09-24T11:26:00+05:30,64.0,65.45,62.35,62.35,30
2026-09-24T11:27:00+05:30,62.3,62.3,61.0,61.35,106
2026-09-24T11:28:00+05:30,61.35,61.95,60.1,61.45,38
2026-09-24T11:29:00+05:30,61.15,61.9,60.9,61.7,7
2026-09-24T11:30:00+05:30,62.0,62.15,61.3,62.15,8
2026-09-24T11:31:00+05:30,61.1,62.9,61.1,62.9,7
2026-09-24T11:32:00+05:30,63.05,67.45,63.05,66.75,115
2026-09-24T11:33:00+05:30,66.8,67.4,63.1,63.3,197
2026-09-24T11:34:00+05:30,63.1,66.0,63.1,65.65,38
2026-09-24T11:35:00+05:30,65.25,66.65,63.4,63.95,91
2026-09-24T11:36:00+05:30,63.2,63.2,60.9,60.9,10
2026-09-24T11:37:00+05:30,61.0,62.05,59.45,59.65,31
2026-09-24T11:38:00+05:30,59.4,60.3,58.25,60.3,58
2026-09-24T11:39:00+05:30,60.6,60.8,58.0,58.0,15
2026-09-24T11:40:00+05:30,59.55,59.55,59.3,59.35,4
2026-09-24T11:41:00+05:30,58.8,61.85,58.0,60.5,98
2026-09-24T11:42:00+05:30,60.75,61.0,60.3,60.75,10
2026-09-24T11:43:00+05:30,60.55,61.5,60.25,60.25,13
2026-09-24T11:44:00+05:30,61.45,61.85,60.4,61.8,53
2026-09-24T11:45:00+05:30,61.6,61.8,59.9,59.9,16
2026-09-24T11:46:00+05:30,59.0,59.05,58.5,58.95,10
2026-09-24T11:47:00+05:30,60.2,61.35,60.1,61.2,10
2026-09-24T11:48:00+05:30,61.35,62.15,60.0,60.0,18
2026-09-24T11:49:00+05:30,60.8,62.4,60.0,62.2,33
2026-09-24T11:50:00+05:30,62.35,62.6,61.0,62.5,108
2026-09-24T11:51:00+05:30,62.2,63.5,62.2,63.4,11
2026-09-24T11:52:00+05:30,62.05,62.75,61.55,61.75,38
2026-09-24T11:53:00+05:30,61.5,62.1,60.7,61.95,41
2026-09-24T11:54:00+05:30,61.65,61.65,60.45,60.7,98
2026-09-24T11:55:00+05:30,61.15,62.8,60.5,62.7,47
2026-09-24T11:56:00+05:30,63.6,64.3,63.4,63.95,41
2026-09-24T11:57:00+05:30,64.45,65.5,63.45,65.0,38
2026-09-24T11:58:00+05:30,64.3,64.5,61.85,62.15,14
2026-09-24T11:59:00+05:30,62.2,62.2,61.35,61.35,5
2026-09-24T12:00:00+05:30,63.15,63.25,61.15,61.4,21
2026-09-24T12:01:00+05:30,60.5,60.5,58.0,58.15,39
2026-09-24T12:02:00+05:30,58.05,58.2,55.35,58.15,119
2026-09-24T12:03:00+05:30,59.0,59.85,57.75,59.85,9
2026-09-24T12:04:00+05:30,59.9,60.15,59.1,60.15,6
2026-09-24T12:05:00+05:30,59.75,60.15,58.95,59.4,46
2026-09-24T12:06:00+05:30,59.2,59.4,58.3,58.85,12
2026-09-24T12:07:00+05:30,59.6,59.6,58.5,59.25,6
2026-09-24T12:08:00+05:30,59.6,61.75,59.6,60.95,80
2026-09-24T12:09:00+05:30,59.45,59.5,59.25,59.45,127
2026-09-24T12:10:00+05:30,59.0,59.05,58.4,58.4,16
2026-09-24T12:11:00+05:30,58.25,58.25,57.7,58.05,10
2026-09-24T12:12:00+05:30,58.05,58.8,57.95,58.65,9
2026-09-24T12:13:00+05:30,59.55,59.55,58.7,58.7,11
2026-09-24T12:14:00+05:30,59.9,61.9,59.9,61.7,18
2026-09-24T12:15:00+05:30,62.1,62.1,59.75,59.8,21
2026-09-24T12:16:00+05:30,60.15,61.35,60.0,61.05,11
2026-09-24T12:17:00+05:30,60.8,61.2,60.5,61.2,9
2026-09-24T12:18:00+05:30,60.8,60.8,59.8,60.05,8
2026-09-24T12:19:00+05:30,59.55,59.9,58.0,58.05,12
2026-09-24T12:20:00+05:30,58.1,58.9,56.35,58.9,16
2026-09-24T12:21:00+05:30,58.95,58.95,58.75,58.75,4
2026-09-24T12:22:00+05:30,58.9,59.85,58.6,59.85,8
2026-09-24T12:23:00+05:30,61.15,63.2,61.05,63.05,37
2026-09-24T12:24:00+05:30,61.2,61.2,59.65,60.7,47
2026-09-24T12:25:00+05:30,61.0,66.15,61.0,66.0,48
2026-09-24T12:26:00+05:30,66.55,66.55,61.65,61.65,14
2026-09-24T12:27:00+05:30,61.8,62.5,60.55,60.55,35
2026-09-24T12:28:00+05:30,60.0,60.0,57.7,58.55,23
2026-09-24T12:29:00+05:30,58.7,60.35,58.7,60.15,7
2026-09-24T12:30:00+05:30,58.2,60.35,57.7,57.7,21
2026-09-24T12:31:00+05:30,57.35,60.95,56.25,60.9,32
2026-09-24T12:32:00+05:30,61.0,66.65,61.0,65.15,161
2026-09-24T12:33:00+05:30,64.35,65.05,62.75,62.95,29
2026-09-24T12:34:00+05:30,63.7,64.0,62.6,62.6,19
2026-09-24T12:35:00+05:30,61.95,69.0,61.95,64.6,194
2026-09-24T12:36:00+05:30,66.0,70.05,62.85,62.85,111
2026-09-24T12:37:00+05:30,63.15,65.8,62.8,65.0,20
2026-09-24T12:38:00+05:30,63.45,63.45,60.35,60.8,39
2026-09-24T12:39:00+05:30,61.55,62.15,60.75,60.75,9
2026-09-24T12:40:00+05:30,61.05,61.8,59.65,59.7,37
2026-09-24T12:41:00+05:30,59.35,60.45,57.95,60.45,31
2026-09-24T12:42:00+05:30,60.2,60.2,59.65,59.65,2
2026-09-24T12:43:00+05:30,60.45,62.7,60.45,62.6,912
2026-09-24T12:44:00+05:30,62.7,64.25,62.45,64.2,20
2026-09-24T12:45:00+05:30,63.6,65.2,62.45,64.25,932
2026-09-24T12:46:00+05:30,63.3,63.6,62.5,63.55,6
2026-09-24T12:47:00+05:30,64.25,65.55,64.25,64.5,5
2026-09-24T12:48:00+05:30,64.7,66.75,63.55,66.3,113
2026-09-24T12:49:00+05:30,66.3,66.6,65.4,66.15,8
2026-09-24T12:50:00+05:30,66.0,66.0,63.35,63.55,12
2026-09-24T12:51:00+05:30,65.0,65.0,63.45,64.85,10
2026-09-24T12:52:00+05:30,64.0,64.1,63.8,64.1,22
2026-09-24T12:53:00+05:30,65.4,66.4,65.25,65.35,34
2026-09-24T12:54:00+05:30,68.2,68.9,68.0,68.7,6
2026-09-24T12:55:00+05:30,67.65,67.7,65.45,66.0,16
2026-09-24T12:56:00+05:30,65.6,65.85,63.7,64.05,32
2026-09-24T12:57:00+05:30,64.95,64.95,62.5,62.5,12
2026-09-24T12:58:00+05:30,63.1,63.35,61.0,63.3,72
2026-09-24T12:59:00+05:30,63.85,64.2,62.85,62.85,12
2026-09-24T13:00:00+05:30,63.1,64.25,61.5,63.25,38
2026-09-24T13:01:00+05:30,61.75,61.75,60.0,60.5,27
2026-09-24T13:02:00+05:30,60.2,60.2,59.0,59.1,36
2026-09-24T13:03:00+05:30,58.2,58.25,56.2,56.45,48
2026-09-24T13:04:00+05:30,57.6,59.0,57.55,58.7,20
2026-09-24T13:05:00+05:30,58.1,59.6,57.55,59.6,13
2026-09-24T13:06:00+05:30,59.85,60.7,58.85,59.35,24
2026-09-24T13:07:00+05:30,58.55,59.2,56.95,56.95,28
2026-09-24T13:08:00+05:30,57.2,58.4,55.45,58.0,101
2026-09-24T13:09:00+05:30,58.1,59.0,58.1,58.95,14
2026-09-24T13:10:00+05:30,59.55,61.25,59.55,60.5,40
2026-09-24T13:11:00+05:30,60.65,60.9,60.6,60.6,3
2026-09-24T13:12:00+05:30,60.6,60.95,58.3,58.35,30
2026-09-24T13:13:00+05:30,57.75,58.35,57.75,58.15,5
2026-09-24T13:14:00+05:30,56.15,56.4,54.55,55.65,32
2026-09-24T13:15:00+05:30,56.7,57.95,55.7,56.4,22
2026-09-24T13:16:00+05:30,56.15,56.8,56.05,56.05,7
2026-09-24T13:17:00+05:30,57.2,60.0,57.2,59.1,17
2026-09-24T13:18:00+05:30,59.0,59.0,58.5,58.95,6
2026-09-24T13:19:00+05:30,58.4,58.9,58.15,58.65,22
2026-09-24T13:20:00+05:30,59.3,61.1,59.3,59.85,66
2026-09-24T13:21:00+05:30,59.35,59.35,58.85,59.35,18
2026-09-24T13:22:00+05:30,59.7,60.1,59.7,60.1,12
2026-09-24T13:24:00+05:30,59.9,60.25,58.2,58.2,19
2026-09-24T13:25:00+05:30,59.1,62.55,59.1,61.4,25
2026-09-24T13:26:00+05:30,61.25,76.4,61.25,76.35,1188
2026-09-24T13:27:00+05:30,76.65,80.8,71.7,76.6,518
2026-09-24T13:28:00+05:30,75.2,78.75,74.85,75.8,50
2026-09-24T13:29:00+05:30,75.95,76.5,72.5,74.1,150
2026-09-24T13:30:00+05:30,75.85,75.85,71.0,72.55,118
2026-09-24T13:31:00+05:30,72.55,72.75,68.0,69.0,96
2026-09-24T13:32:00+05:30,67.85,71.85,67.85,69.5,43
2026-09-24T13:33:00+05:30,71.9,73.6,69.05,70.0,79
2026-09-24T13:34:00+05:30,71.85,74.65,70.8,73.25,32
2026-09-24T13:35:00+05:30,71.6,75.0,71.4,75.0,23
2026-09-24T13:36:00+05:30,75.1,77.4,72.9,73.9,35
2026-09-24T13:37:00+05:30,72.05,74.2,72.05,74.2,5
2026-09-24T13:38:00+05:30,74.1,75.75,73.5,75.75,31
2026-09-24T13:39:00+05:30,76.1,80.75,76.1,78.8,114
2026-09-24T13:40:00+05:30,78.2,84.0,77.65,81.45,381
2026-09-24T13:41:00+05:30,81.0,82.7,79.2,79.4,30
2026-09-24T13:42:00+05:30,79.4,85.0,79.4,85.0,200
2026-09-24T13:43:00+05:30,84.25,96.3,83.15,96.3,148
2026-09-24T13:44:00+05:30,96.15,127.6,96.15,117.75,675
2026-09-24T13:45:00+05:30,115.75,134.1,107.8,134.1,234
2026-09-24T13:46:00+05:30,136.5,156.8,135.0,144.15,491
2026-09-24T13:47:00+05:30,143.15,145.85,130.85,140.25,259
2026-09-24T13:48:00+05:30,140.45,141.45,136.0,137.35,128
2026-09-24T13:49:00+05:30,136.6,136.6,122.05,124.9,182
2026-09-24T13:50:00+05:30,125.5,127.5,118.85,124.35,232
2026-09-24T13:51:00+05:30,124.7,138.55,124.7,138.55,160
2026-09-24T13:52:00+05:30,138.55,143.25,133.35,135.5,53
2026-09-24T13:53:00+05:30,135.5,138.75,134.65,137.75,112
2026-09-24T13:54:00+05:30,139.0,157.35,139.0,148.4,253
2026-09-24T13:55:00+05:30,149.6,153.2,142.4,143.4,169
2026-09-24T13:56:00+05:30,144.45,152.15,144.45,147.85,51
2026-09-24T13:57:00+05:30,147.5,157.2,145.05,156.9,123
2026-09-24T13:58:00+05:30,155.8,175.75,154.55,174.75,296
2026-09-24T13:59:00+05:30,175.8,178.0,160.5,168.1,369
2026-09-24T14:00:00+05:30,164.8,165.9,143.1,143.2,161
2026-09-24T14:01:00+05:30,142.85,142.85,130.95,132.65,120
2026-09-24T14:02:00+05:30,131.65,138.25,124.5,126.25,185
2026-09-24T14:03:00+05:30,124.55,130.2,120.0,129.15,182
2026-09-24T14:04:00+05:30,128.65,146.65,122.1,144.75,261
2026-09-24T14:05:00+05:30,142.7,145.8,134.4,136.5,47
2026-09-24T14:06:00+05:30,135.95,146.25,135.95,146.25,109
2026-09-24T14:07:00+05:30,144.95,144.95,139.85,141.95,21
2026-09-24T14:08:00+05:30,139.7,140.35,129.6,131.6,113
2026-09-24T14:09:00+05:30,132.85,137.6,127.35,131.05,73
2026-09-24T14:10:00+05:30,130.0,132.8,126.4,131.95,161
2026-09-24T14:11:00+05:30,131.6,134.3,130.5,134.0,38
2026-09-24T14:12:00+05:30,133.95,133.95,129.0,129.0,98
2026-09-24T14:13:00+05:30,129.15,133.25,125.05,128.85,50
2026-09-24T14:14:00+05:30,128.2,129.35,126.15,127.75,27
2026-09-24T14:15:00+05:30,125.4,134.95,124.55,134.95,86
2026-09-24T14:16:00+05:30,134.25,134.45,126.6,131.95,97
2026-09-24T14:17:00+05:30,131.25,131.45,128.4,130.15,132
2026-09-24T14:18:00+05:30,128.35,129.6,124.6,128.5,69
2026-09-24T14:19:00+05:30,129.0,136.0,127.95,133.4,56
2026-09-24T14:20:00+05:30,132.05,136.0,129.5,134.65,153
2026-09-24T14:21:00+05:30,134.35,140.0,133.95,133.95,84
2026-09-24T14:22:00+05:30,134.15,143.2,133.0,142.6,58
2026-09-24T14:23:00+05:30,141.3,153.1,141.3,150.25,64
2026-09-24T14:24:00+05:30,148.4,148.9,138.55,139.35,109
2026-09-24T14:25:00+05:30,139.1,141.65,132.1,132.5,44
2026-09-24T14:26:00+05:30,135.0,140.95,134.3,136.8,96
2026-09-24T14:27:00+05:30,138.25,138.25,134.2,134.2,34
2026-09-24T14:28:00+05:30,133.75,136.45,128.65,136.45,48
2026-09-24T14:29:00+05:30,136.35,137.5,133.6,136.8,25
2026-09-24T14:30:00+05:30,136.0,139.0,133.0,133.85,34
2026-09-24T14:31:00+05:30,134.4,136.6,127.8,129.0,38
2026-09-24T14:32:00+05:30,128.6,129.95,121.25,129.95,97
2026-09-24T14:33:00+05:30,129.85,132.85,126.4,128.3,51
2026-09-24T14:34:00+05:30,127.9,128.3,122.0,122.45,40
2026-09-24T14:35:00+05:30,121.7,122.55,117.4,117.4,56
2026-09-24T14:36:00+05:30,117.5,119.7,111.05,111.9,205
2026-09-24T14:37:00+05:30,111.5,114.0,106.2,107.0,115
2026-09-24T14:38:00+05:30,107.75,107.75,100.55,105.6,440
2026-09-24T14:39:00+05:30,105.0,105.0,93.0,93.0,271
2026-09-24T14:40:00+05:30,92.6,96.8,92.0,96.0,145
2026-09-24T14:41:00+05:30,96.25,100.45,95.05,97.35,55
2026-09-24T14:42:00+05:30,97.45,105.6,97.45,100.3,288
2026-09-24T14:43:00+05:30,101.25,101.25,96.6,98.2,56
2026-09-24T14:44:00+05:30,98.15,101.2,98.15,99.15,94
2026-09-24T14:45:00+05:30,100.0,101.1,92.4,93.1,42
2026-09-24T14:46:00+05:30,91.15,93.55,89.8,93.15,93
2026-09-24T14:47:00+05:30,94.5,95.3,89.65,93.05,66
2026-09-24T14:48:00+05:30,93.55,94.1,89.6,90.95,66
2026-09-24T14:49:00+05:30,91.05,93.75,89.45,90.3,149
2026-09-24T14:50:00+05:30,89.9,89.9,84.7,86.3,125
2026-09-24T14:51:00+05:30,86.7,87.6,80.85,82.0,83
2026-09-24T14:52:00+05:30,81.45,83.0,80.0,82.65,154
2026-09-24T14:53:00+05:30,81.85,83.1,79.9,79.9,38
2026-09-24T14:54:00+05:30,79.0,82.6,78.6,82.25,50
2026-09-24T14:55:00+05:30,81.75,81.75,76.65,78.65,24
2026-09-24T14:56:00+05:30,78.1,83.95,75.85,82.8,55
2026-09-24T14:57:00+05:30,83.45,87.0,83.3,84.7,43
2026-09-24T14:58:00+05:30,84.7,90.7,84.7,85.65,134
2026-09-24T14:59:00+05:30,86.35,94.35,86.35,94.0,18
2026-09-24T15:00:00+05:30,94.0,96.0,90.75,94.45,171
2026-09-24T15:01:00+05:30,95.5,97.75,91.6,91.8,43
2026-09-24T15:02:00+05:30,90.45,91.85,83.2,83.2,24
2026-09-24T15:03:00+05:30,84.2,88.0,84.2,86.95,40
2026-09-24T15:04:00+05:30,87.1,87.2,81.9,83.55,17
2026-09-24T15:05:00+05:30,83.1,92.5,83.1,90.85,35
2026-09-24T15:06:00+05:30,90.2,94.2,89.6,93.95,12
2026-09-24T15:07:00+05:30,91.65,94.9,91.65,93.6,48
2026-09-24T15:08:00+05:30,92.0,98.6,90.8,97.05,72
2026-09-24T15:09:00+05:30,97.6,97.65,92.1,92.1,37
2026-09-24T15:10:00+05:30,92.2,99.25,91.75,97.55,48
2026-09-24T15:11:00+05:30,97.65,99.2,93.85,94.4,71
2026-09-24T15:12:00+05:30,94.55,104.8,94.55,99.5,185
2026-09-24T15:13:00+05:30,99.2,110.0,98.3,108.75,285
2026-09-24T15:14:00+05:30,107.75,108.35,104.15,105.5,75
2026-09-24T15:15:00+05:30,104.5,113.35,104.5,112.85,133
2026-09-24T15:16:00+05:30,113.0,113.0,108.6,111.0,87
2026-09-24T15:17:00+05:30,110.15,111.05,104.85,108.0,58
2026-09-24T15:18:00+05:30,108.1,108.1,97.65,98.3,178
2026-09-24T15:19:00+05:30,97.95,97.95,93.85,96.0,41
2026-09-24T15:20:00+05:30,96.45,102.9,96.45,100.5,74
2026-09-24T15:21:00+05:30,100.45,101.9,100.2,101.0,29
2026-09-24T15:22:00+05:30,101.0,101.1,92.95,93.15,105
2026-09-24T15:23:00+05:30,93.3,97.5,92.75,97.1,43
2026-09-24T15:24:00+05:30,97.05,97.55,89.2,89.35,135
2026-09-24T15:25:00+05:30,89.1,90.25,85.0,85.0,80
2026-09-24T15:26:00+05:30,84.35,89.15,82.0,89.15,168
2026-09-24T15:27:00+05:30,88.6,89.35,87.75,88.8,24
2026-09-24T15:28:00+05:30,89.45,89.9,88.75,89.15,48
2026-09-24T15:29:00+05:30,88.9,92.85,88.8,92.85,46
2026-09-24T15:30:00+05:30,92.55,95.0,92.45,94.6,64
2026-09-24T15:31:00+05:30,96.1,100.55,96.1,100.55,42
2026-09-24T15:32:00+05:30,100.7,101.1,97.1,98.65,119
2026-09-24T15:33:00+05:30,98.6,103.1,98.55,102.3,149
2026-09-24T15:34:00+05:30,102.65,104.0,102.5,103.65,96
2026-09-24T15:35:00+05:30,103.3,103.55,101.55,101.95,52
2026-09-24T15:36:00+05:30,101.95,109.4,101.95,107.2,70
2026-09-24T15:37:00+05:30,107.3,107.7,105.95,106.7,122
2026-09-24T15:38:00+05:30,106.1,107.55,105.8,105.8,125
2026-09-24T15:39:00+05:30,106.2,112.8,106.2,112.8,150
2026-09-25T09:15:00+05:30,101.0,115.05,60.0,60.6,1570
2026-09-25T09:16:00+05:30,59.25,63.95,56.1,59.65,1021
2026-09-25T09:17:00+05:30,58.4,62.4,56.95,59.75,768
2026-09-25T09:18:00+05:30,60.4,65.55,60.15,63.35,356
2026-09-25T09:19:00+05:30,63.65,64.0,59.75,64.0,449
2026-09-25T09:20:00+05:30,64.65,67.5,63.1,63.5,236
2026-09-25T09:21:00+05:30,65.45,68.75,63.0,65.6,116
2026-09-25T09:22:00+05:30,65.4,65.85,60.15,60.3,196
2026-09-25T09:23:00+05:30,60.0,63.8,58.3,63.8,236
2026-09-25T09:24:00+05:30,63.95,66.35,61.65,63.9,246
2026-09-25T09:25:00+05:30,63.5,63.5,60.0,60.7,731
2026-09-25T09:26:00+05:30,60.4,60.4,56.9,56.9,328
2026-09-25T09:27:00+05:30,56.6,58.4,55.9,56.4,296
2026-09-25T09:28:00+05:30,56.4,60.55,55.45,57.8,235
2026-09-25T09:29:00+05:30,57.55,58.65,55.7,57.0,144
2026-09-25T09:30:00+05:30,55.8,58.6,55.1,56.2,159
2026-09-25T09:31:00+05:30,55.85,59.3,54.55,58.25,142
2026-09-25T09:32:00+05:30,57.6,58.6,55.3,58.5,142
2026-09-25T09:33:00+05:30,58.85,60.3,58.35,58.45,196
2026-09-25T09:34:00+05:30,58.45,59.55,54.1,55.45,254
2026-09-25T09:35:00+05:30,55.15,55.6,53.05,53.95,515
2026-09-25T09:36:00+05:30,53.95,59.7,53.6,59.7,448
2026-09-25T09:37:00+05:30,60.0,66.3,58.85,65.55,368
2026-09-25T09:38:00+05:30,66.75,69.65,63.3,67.55,632
2026-09-25T09:39:00+05:30,67.9,68.4,64.65,68.0,227
2026-09-25T09:40:00+05:30,69.0,79.7,68.5,76.9,1607
2026-09-25T09:41:00+05:30,77.05,78.9,73.4,73.95,406
2026-09-25T09:42:00+05:30,73.55,80.8,73.0,78.85,404
2026-09-25T09:43:00+05:30,78.55,93.55,78.55,88.35,1026
2026-09-25T09:44:00+05:30,88.6,89.6,85.05,87.05,393
2026-09-25T09:45:00+05:30,87.0,88.15,81.25,87.7,863
2026-09-25T09:46:00+05:30,87.9,88.95,84.8,86.75,228
2026-09-25T09:47:00+05:30,86.6,86.95,77.0,77.5,439
2026-09-25T09:48:00+05:30,77.9,82.4,77.35,80.85,177
2026-09-25T09:49:00+05:30,80.45,85.8,80.35,85.75,200
2026-09-25T09:50:00+05:30,85.85,86.1,82.35,85.15,120
2026-09-25T09:51:00+05:30,85.5,86.85,82.25,83.1,237
2026-09-25T09:52:00+05:30,82.95,96.9,82.95,94.25,453
2026-09-25T09:53:00+05:30,95.0,96.05,88.4,89.8,275
2026-09-25T09:54:00+05:30,90.2,90.85,84.95,86.95,295
2026-09-25T09:55:00+05:30,86.25,88.0,83.8,86.4,199
2026-09-25T09:56:00+05:30,87.75,88.9,82.85,84.3,206
2026-09-25T09:57:00+05:30,85.1,87.65,83.75,85.7,153
2026-09-25T09:58:00+05:30,85.35,89.75,84.0,84.05,307
2026-09-25T09:59:00+05:30,82.95,84.8,76.6,79.8,376
2026-09-25T10:00:00+05:30,80.3,80.3,76.0,76.0,385
2026-09-25T10:01:00+05:30,76.3,79.65,75.35,79.05,165
2026-09-25T10:02:00+05:30,79.15,79.7,72.1,72.55,248
2026-09-25T10:03:00+05:30,72.5,73.2,67.8,71.55,402
2026-09-25T10:04:00+05:30,71.1,72.3,67.35,71.5,314
2026-09-25T10:05:00+05:30,71.5,73.1,66.15,73.1,257
2026-09-25T10:06:00+05:30,72.7,72.7,66.95,67.7,261
2026-09-25T10:07:00+05:30,67.7,69.9,61.4,63.45,360
2026-09-25T10:08:00+05:30,63.75,64.05,52.8,53.0,702
2026-09-25T10:09:00+05:30,53.2,57.75,51.4,54.2,1084
2026-09-25T10:10:00+05:30,53.8,57.4,51.45,57.05,434
2026-09-25T10:11:00+05:30,57.1,61.65,56.85,61.3,276
2026-09-25T10:12:00+05:30,61.1,63.4,58.95,59.0,229
2026-09-25T10:13:00+05:30,59.1,59.1,56.95,59.0,262
2026-09-25T10:14:00+05:30,59.7,59.85,57.4,58.8,83
2026-09-25T10:15:00+05:30,57.8,59.35,56.35,57.75,109
2026-09-25T10:16:00+05:30,56.45,56.95,54.85,56.95,104
2026-09-25T10:17:00+05:30,55.95,57.65,55.95,57.0,72
2026-09-25T10:18:00+05:30,57.35,62.1,57.25,61.9,257
2026-09-25T10:19:00+05:30,61.65,64.05,60.25,62.8,143
2026-09-25T10:20:00+05:30,63.65,63.7,60.7,61.75,146
2026-09-25T10:21:00+05:30,61.95,62.0,58.35,59.95,103
2026-09-25T10:22:00+05:30,58.8,62.15,58.8,62.15,68
2026-09-25T10:23:00+05:30,62.0,64.55,61.9,63.95,225
2026-09-25T10:24:00+05:30,63.7,69.15,62.85,68.95,252
2026-09-25T10:25:00+05:30,69.15,69.7,63.3,63.9,220
2026-09-25T10:26:00+05:30,63.6,66.35,63.4,65.25,98
2026-09-25T10:27:00+05:30,65.1,68.45,65.1,67.55,131
2026-09-25T10:28:00+05:30,67.4,72.95,67.4,70.2,599
2026-09-25T10:29:00+05:30,69.8,71.65,67.95,68.45,268
2026-09-25T10:30:00+05:30,67.5,67.65,64.55,64.55,178
2026-09-25T10:31:00+05:30,65.4,66.5,61.75,66.5,197
2026-09-25T10:32:00+05:30,67.7,71.5,67.65,69.95,480
2026-09-25T10:33:00+05:30,70.25,70.4,66.95,68.9,162
2026-09-25T10:34:00+05:30,69.15,75.5,67.5,75.2,237
2026-09-25T10:35:00+05:30,75.35,78.25,73.3,74.6,383
2026-09-25T10:36:00+05:30,74.9,75.75,71.8,71.8,170
2026-09-25T10:37:00+05:30,71.65,72.0,68.75,69.05,499
2026-09-25T10:38:00+05:30,68.4,70.4,67.2,67.2,212
2026-09-25T10:39:00+05:30,67.0,67.4,65.4,66.25,120
2026-09-25T10:40:00+05:30,68.45,68.45,64.65,66.25,109
2026-09-25T10:41:00+05:30,65.7,71.25,65.7,69.25,129
2026-09-25T10:42:00+05:30,68.85,69.0,65.5,68.35,221
2026-09-25T10:43:00+05:30,68.7,70.95,68.65,70.1,113
2026-09-25T10:44:00+05:30,70.05,71.75,69.5,70.8,83
2026-09-25T10:45:00+05:30,70.35,71.75,69.7,71.15,117
2026-09-25T10:46:00+05:30,71.25,72.6,70.55,71.0,47
2026-09-25T10:47:00+05:30,70.75,75.7,70.55,75.7,91
2026-09-25T10:48:00+05:30,75.8,76.85,73.45,74.15,214
2026-09-25T10:49:00+05:30,73.7,74.6,71.5,72.65,156
2026-09-25T10:50:00+05:30,72.45,73.05,70.8,72.25,139
2026-09-25T10:51:00+05:30,70.9,71.75,68.5,68.5,161
2026-09-25T10:52:00+05:30,68.5,70.7,67.1,69.6,129
2026-09-25T10:53:00+05:30,69.75,70.9,69.75,70.9,43
2026-09-25T10:54:00+05:30,70.7,70.85,66.8,67.75,149
2026-09-25T10:55:00+05:30,67.2,67.2,64.3,64.85,173
2026-09-25T10:56:00+05:30,65.05,66.0,62.85,63.35,272
2026-09-25T10:57:00+05:30,63.65,66.3,63.65,66.0,157
2026-09-25T10:58:00+05:30,65.85,66.15,64.0,65.55,51
2026-09-25T10:59:00+05:30,65.55,65.65,63.15,63.15,51
2026-09-25T11:00:00+05:30,64.45,65.2,60.9,61.75,99
2026-09-25T11:01:00+05:30,61.15,61.6,58.85,61.35,282
2026-09-25T11:02:00+05:30,60.2,60.45,53.7,57.0,424
2026-09-25T11:03:00+05:30,57.0,57.7,53.6,56.4,399
2026-09-25T11:04:00+05:30,57.0,57.35,55.0,57.25,142
2026-09-25T11:05:00+05:30,57.1,57.2,55.05,55.55,106
2026-09-25T11:06:00+05:30,55.85,57.55,55.8,56.55,82
2026-09-25T11:07:00+05:30,56.6,56.65,53.8,54.1,310
2026-09-25T11:08:00+05:30,54.0,56.65,53.6,56.3,171
2026-09-25T11:09:00+05:30,56.3,56.55,54.65,55.45,249
2026-09-25T11:10:00+05:30,55.25,56.05,54.2,54.8,250
2026-09-25T11:11:00+05:30,54.55,54.65,52.95,53.75,556
2026-09-25T11:12:00+05:30,53.1,54.85,52.65,54.7,520
2026-09-25T11:13:00+05:30,54.9,58.25,54.35,57.65,417
2026-09-25T11:14:00+05:30,57.8,58.0,54.2,56.0,188
2026-09-25T11:15:00+05:30,55.95,57.05,54.8,55.75,106
2026-09-25T11:16:00+05:30,55.8,55.8,54.5,55.55,66
2026-09-25T11:17:00+05:30,54.95,55.05,53.15,54.15,121
2026-09-25T11:18:00+05:30,54.05,56.65,54.05,55.4,102
2026-09-25T11:19:00+05:30,56.05,56.65,55.3,55.9,79
2026-09-25T11:20:00+05:30,56.35,56.35,54.8,55.15,136
2026-09-25T11:21:00+05:30,55.05,55.05,52.85,54.5,107
2026-09-25T11:22:00+05:30,54.5,54.65,53.0,54.6,111
2026-09-25T11:23:00+05:30,54.15,56.5,53.8,56.15,245
2026-09-25T11:24:00+05:30,56.15,60.8,56.0,60.8,150
2026-09-25T11:25:00+05:30,60.7,61.55,59.8,60.0,214
2026-09-25T11:26:00+05:30,60.2,61.65,59.1,60.95,53
2026-09-25T11:27:00+05:30,60.45,61.35,60.05,61.15,85
2026-09-25T11:28:00+05:30,60.3,61.05,59.4,60.85,67
2026-09-25T11:29:00+05:30,59.55,60.15,57.8,57.8,102
2026-09-25T11:30:00+05:30,57.95,58.8,56.8,57.9,105
2026-09-25T11:31:00+05:30,57.05,57.9,53.75,55.05,170
2026-09-25T11:32:00+05:30,55.15,55.75,54.4,55.6,113
2026-09-25T11:33:00+05:30,55.0,57.0,54.7,57.0,121
2026-09-25T11:34:00+05:30,57.4,57.85,56.05,56.05,100
2026-09-25T11:35:00+05:30,56.1,56.3,55.1,56.3,104
2026-09-25T11:36:00+05:30,57.0,57.85,56.7,57.85,36
2026-09-25T11:37:00+05:30,57.95,58.05,57.35,57.85,65
2026-09-25T11:38:00+05:30,58.0,58.0,56.45,56.65,30
2026-09-25T11:39:00+05:30,56.7,56.7,54.0,54.0,67
2026-09-25T11:40:00+05:30,54.05,56.6,53.95,56.45,219
2026-09-25T11:41:00+05:30,56.55,57.6,56.55,56.75,110
2026-09-25T11:42:00+05:30,56.35,56.45,55.05,55.4,72
2026-09-25T11:43:00+05:30,55.25,57.0,55.25,57.0,30
2026-09-25T11:44:00+05:30,57.5,57.55,54.75,56.45,183
2026-09-25T11:45:00+05:30,56.85,56.9,55.45,55.6,66
2026-09-25T11:46:00+05:30,55.95,55.95,53.95,54.65,17
2026-09-25T11:47:00+05:30,54.7,54.75,53.65,54.35,43
2026-09-25T11:48:00+05:30,55.55,55.55,55.0,55.0,27
2026-09-25T11:49:00+05:30,55.15,56.1,54.8,54.85,26
2026-09-25T11:50:00+05:30,54.85,54.85,51.75,54.1,101
2026-09-25T11:51:00+05:30,53.55,54.55,53.15,53.65,370
2026-09-25T11:52:00+05:30,53.05,54.4,52.45,53.15,322
2026-09-25T11:53:00+05:30,52.95,53.5,52.35,53.5,58
2026-09-25T11:54:00+05:30,53.85,53.9,52.55,52.7,28
2026-09-25T11:55:00+05:30,52.15,54.3,52.15,54.25,79
2026-09-25T11:56:00+05:30,53.65,54.75,52.85,54.2,24
2026-09-25T11:57:00+05:30,54.75,54.75,53.65,54.4,35
2026-09-25T11:58:00+05:30,54.1,55.2,53.75,54.2,71
2026-09-25T11:59:00+05:30,53.7,55.95,53.5,55.95,63
2026-09-25T12:00:00+05:30,55.9,55.9,54.65,54.95,36
2026-09-25T12:01:00+05:30,55.1,58.05,54.45,57.2,122
2026-09-25T12:02:00+05:30,56.95,57.0,55.1,56.8,40
2026-09-25T12:03:00+05:30,56.9,60.0,56.9,59.45,209
2026-09-25T12:04:00+05:30,59.65,60.6,57.4,58.05,197
2026-09-25T12:05:00+05:30,57.8,58.35,56.75,57.35,123
2026-09-25T12:06:00+05:30,57.35,58.4,57.35,58.05,49
2026-09-25T12:07:00+05:30,58.3,58.5,57.1,58.4,25
2026-09-25T12:08:00+05:30,58.95,58.95,56.6,56.7,23
2026-09-25T12:09:00+05:30,56.15,56.25,54.3,54.8,153
2026-09-25T12:10:00+05:30,54.8,56.0,54.05,54.05,24
2026-09-25T12:11:00+05:30,53.35,53.6,52.3,53.25,97
2026-09-25T12:12:00+05:30,52.4,53.7,52.25,53.55,19
2026-09-25T12:13:00+05:30,53.8,54.7,53.8,54.7,8
2026-09-25T12:14:00+05:30,54.5,56.0,54.5,55.95,15
2026-09-25T12:15:00+05:30,54.4,55.15,54.25,54.7,54
2026-09-25T12:16:00+05:30,54.3,54.7,53.45,54.3,78
2026-09-25T12:17:00+05:30,54.6,56.55,54.15,56.55,24
2026-09-25T12:18:00+05:30,56.3,56.3,55.3,55.45,55
2026-09-25T12:19:00+05:30,54.95,55.95,54.75,55.95,23
2026-09-25T12:20:00+05:30,56.3,57.35,56.3,56.8,62
2026-09-25T12:21:00+05:30,57.2,58.0,56.6,57.7,140
2026-09-25T12:22:00+05:30,58.05,58.9,56.75,58.9,28
2026-09-25T12:23:00+05:30,59.0,59.7,57.95,57.95,146
2026-09-25T12:24:00+05:30,57.85,59.5,57.7,59.0,38
2026-09-25T12:25:00+05:30,58.75,60.7,58.7,59.45,25
2026-09-25T12:26:00+05:30,59.1,59.3,58.2,58.2,8
2026-09-25T12:27:00+05:30,57.55,58.6,57.05,57.6,68
2026-09-25T12:28:00+05:30,57.55,57.55,55.5,56.5,55
2026-09-25T12:29:00+05:30,56.35,57.05,55.0,55.0,52
2026-09-25T12:30:00+05:30,54.85,55.25,51.85,52.5,223
2026-09-25T12:31:00+05:30,52.4,53.1,52.0,52.7,48
2026-09-25T12:32:00+05:30,52.5,53.8,52.4,53.8,19
2026-09-25T12:33:00+05:30,53.6,55.0,53.6,55.0,17
2026-09-25T12:34:00+05:30,55.55,55.8,54.0,55.8,113
2026-09-25T12:35:00+05:30,56.4,57.65,55.5,56.85,136
2026-09-25T12:36:00+05:30,57.3,59.8,56.85,59.8,74
2026-09-25T12:37:00+05:30,59.2,59.3,57.3,58.65,109
2026-09-25T12:38:00+05:30,58.55,59.1,56.95,56.95,32
2026-09-25T12:39:00+05:30,56.85,57.75,56.25,56.25,54
2026-09-25T12:40:00+05:30,55.95,57.15,55.0,56.65,142
2026-09-25T12:41:00+05:30,56.7,57.15,55.4,55.7,62
2026-09-25T12:42:00+05:30,55.65,58.9,55.65,58.5,83
2026-09-25T12:43:00+05:30,58.0,59.7,57.8,58.05,61
2026-09-25T12:44:00+05:30,57.85,59.0,56.7,58.7,35
2026-09-25T12:45:00+05:30,58.5,60.5,58.4,59.45,195
2026-09-25T12:46:00+05:30,59.35,59.35,57.6,58.9,86
2026-09-25T12:47:00+05:30,59.1,59.45,57.95,58.15,64
2026-09-25T12:48:00+05:30,57.85,60.15,57.85,60.15,121
2026-09-25T12:49:00+05:30,60.45,63.15,59.05,62.2,127
2026-09-25T12:50:00+05:30,61.25,66.05,61.2,64.35,292
2026-09-25T12:51:00+05:30,64.7,68.45,63.4,66.65,365
2026-09-25T12:52:00+05:30,66.6,67.05,63.0,63.7,97
2026-09-25T12:53:00+05:30,64.2,66.85,63.5,64.2,101
2026-09-25T12:54:00+05:30,64.15,66.05,63.85,66.0,69
2026-09-25T12:55:00+05:30,66.0,67.45,65.4,67.05,156
2026-09-25T12:56:00+05:30,67.65,77.6,65.7,77.1,482
2026-09-25T12:57:00+05:30,76.4,79.1,71.45,72.0,1287
2026-09-25T12:58:00+05:30,72.8,72.9,68.35,68.45,226
2026-09-25T12:59:00+05:30,68.7,69.95,65.8,65.8,186
2026-09-25T13:00:00+05:30,66.15,66.4,62.6,64.55,312
2026-09-25T13:01:00+05:30,64.55,64.9,62.0,63.3,203
2026-09-25T13:02:00+05:30,64.05,69.95,64.05,68.85,262
2026-09-25T13:03:00+05:30,68.65,68.85,65.9,67.85,203
2026-09-25T13:04:00+05:30,68.15,68.9,67.3,68.6,86
2026-09-25T13:05:00+05:30,69.0,70.1,65.65,66.8,204
2026-09-25T13:06:00+05:30,66.5,66.85,64.9,65.6,89
2026-09-25T13:07:00+05:30,65.25,66.2,63.65,66.2,146
2026-09-25T13:08:00+05:30,66.35,67.1,64.5,64.6,86
2026-09-25T13:09:00+05:30,64.0,64.05,61.8,62.0,251
2026-09-25T13:10:00+05:30,62.1,63.1,61.0,61.0,195
2026-09-25T13:11:00+05:30,60.3,60.5,58.7,60.5,367
2026-09-25T13:12:00+05:30,59.65,62.0,59.2,60.9,261
2026-09-25T13:13:00+05:30,61.55,62.2,60.3,61.55,110
2026-09-25T13:14:00+05:30,60.8,64.3,60.8,63.8,99
2026-09-25T13:15:00+05:30,63.4,64.45,61.75,64.4,93
2026-09-25T13:16:00+05:30,64.4,65.1,62.45,62.45,107
2026-09-25T13:17:00+05:30,62.85,64.25,61.25,63.6,46
2026-09-25T13:18:00+05:30,63.2,63.95,62.9,63.6,66
2026-09-25T13:19:00+05:30,62.75,63.6,61.0,63.1,141
2026-09-25T13:20:00+05:30,62.85,63.2,61.65,63.2,120
2026-09-25T13:21:00+05:30,62.7,62.7,60.95,60.95,70
2026-09-25T13:22:00+05:30,61.15,63.8,60.3,63.55,156
2026-09-25T13:23:00+05:30,64.1,65.0,61.6,63.0,69
2026-09-25T13:24:00+05:30,64.0,65.15,64.0,64.0,5
2026-09-25T13:25:00+05:30,63.8,65.15,62.55,63.3,39
2026-09-25T13:26:00+05:30,62.85,62.85,61.0,61.55,86
2026-09-25T13:27:00+05:30,61.4,62.55,61.1,62.4,19
2026-09-25T13:28:00+05:30,62.9,63.5,62.7,63.2,19
2026-09-25T13:29:00+05:30,62.1,62.75,62.1,62.7,14
2026-09-25T13:30:00+05:30,62.45,63.9,61.7,63.6,42
2026-09-25T13:31:00+05:30,62.5,62.6,61.15,62.4,24
2026-09-25T13:32:00+05:30,63.75,64.0,62.75,63.5,38
2026-09-25T13:33:00+05:30,63.65,66.7,63.65,66.6,138
2026-09-25T13:34:00+05:30,67.05,69.0,66.35,67.6,102
2026-09-25T13:35:00+05:30,68.1,70.9,67.05,67.85,215
2026-09-25T13:36:00+05:30,67.9,69.0,66.7,67.95,74
2026-09-25T13:37:00+05:30,67.55,71.4,66.3,66.45,152
2026-09-25T13:38:00+05:30,66.7,69.0,66.7,68.3,75
2026-09-25T13:39:00+05:30,68.0,70.45,67.05,70.45,113
2026-09-25T13:40:00+05:30,70.05,70.05,65.75,66.5,97
2026-09-25T13:41:00+05:30,65.95,67.6,64.95,66.9,72
2026-09-25T13:42:00+05:30,67.5,67.6,62.5,62.5,121
2026-09-25T13:43:00+05:30,62.2,65.95,60.8,65.95,128
2026-09-25T13:44:00+05:30,65.1,65.15,64.2,64.6,47
2026-09-25T13:45:00+05:30,64.95,64.95,62.55,62.55,91
2026-09-25T13:46:00+05:30,62.25,62.85,57.1,57.2,235
2026-09-25T13:47:00+05:30,57.45,62.0,57.35,60.65,220
2026-09-25T13:48:00+05:30,60.4,61.65,60.4,61.35,41
2026-09-25T13:49:00+05:30,60.85,62.1,60.15,62.1,55
2026-09-25T13:50:00+05:30,62.05,63.35,62.05,63.1,20
2026-09-25T13:51:00+05:30,63.2,63.4,61.4,61.5,34
2026-09-25T13:52:00+05:30,61.35,62.2,61.2,61.85,81
2026-09-25T13:53:00+05:30,61.7,62.3,60.9,61.9,13
2026-09-25T13:54:00+05:30,62.1,62.35,59.8,60.1,39
2026-09-25T13:55:00+05:30,60.05,60.05,56.85,57.0,496
2026-09-25T13:56:00+05:30,57.7,58.3,52.65,53.1,198
2026-09-25T13:57:00+05:30,53.1,55.55,53.1,55.55,194
2026-09-25T13:58:00+05:30,55.95,56.1,54.0,54.0,159
2026-09-25T13:59:00+05:30,54.0,54.5,50.7,51.3,200
2026-09-25T14:00:00+05:30,51.15,51.15,42.6,45.25,851
2026-09-25T14:01:00+05:30,45.6,48.35,44.2,45.65,508
2026-09-25T14:02:00+05:30,45.6,46.15,43.1,45.0,329
2026-09-25T14:03:00+05:30,44.95,45.0,37.95,38.4,666
2026-09-25T14:04:00+05:30,38.15,43.55,38.15,42.5,557
2026-09-25T14:05:00+05:30,42.1,44.75,41.0,44.2,375
2026-09-25T14:06:00+05:30,44.25,44.6,42.15,44.0,167
2026-09-25T14:07:00+05:30,44.35,45.0,42.0,42.3,284
2026-09-25T14:08:00+05:30,42.1,44.9,41.5,43.7,284
2026-09-25T14:09:00+05:30,44.15,48.9,43.9,47.1,346
2026-09-25T14:10:00+05:30,47.2,47.65,45.15,45.9,233
2026-09-25T14:11:00+05:30,46.45,46.75,43.55,44.45,68
2026-09-25T14:12:00+05:30,44.3,45.55,42.65,45.35,366
2026-09-25T14:13:00+05:30,45.3,45.7,43.85,45.7,58
2026-09-25T14:14:00+05:30,46.35,46.7,45.2,45.7,110
2026-09-25T14:15:00+05:30,45.7,45.7,42.0,42.15,648
2026-09-25T14:16:00+05:30,41.55,42.8,40.55,40.7,373
2026-09-25T14:17:00+05:30,40.6,40.65,39.0,39.4,288
2026-09-25T14:18:00+05:30,39.7,39.7,37.8,38.7,124
2026-09-25T14:19:00+05:30,39.05,39.25,38.55,39.0,106
2026-09-25T14:20:00+05:30,38.95,40.5,38.4,39.9,166
2026-09-25T14:21:00+05:30,39.6,39.65,37.15,38.2,234
2026-09-25T14:22:00+05:30,38.3,38.65,37.65,37.7,66
2026-09-25T14:23:00+05:30,38.35,38.8,37.9,38.4,90
2026-09-25T14:24:00+05:30,38.25,38.35,37.5,37.8,139
2026-09-25T14:25:00+05:30,38.1,38.6,34.75,37.3,191
2026-09-25T14:26:00+05:30,37.15,40.2,36.35,38.7,209
2026-09-25T14:27:00+05:30,39.0,39.0,37.05,38.3,61
2026-09-25T14:28:00+05:30,36.95,37.1,36.25,36.8,45
2026-09-25T14:29:00+05:30,36.8,37.0,36.25,36.5,56
2026-09-25T14:30:00+05:30,36.85,36.9,34.05,34.15,203
2026-09-25T14:31:00+05:30,34.25,35.55,33.55,34.0,162
2026-09-25T14:32:00+05:30,34.15,34.7,33.6,34.15,112
2026-09-25T14:33:00+05:30,34.3,34.5,32.75,34.5,84
2026-09-25T14:34:00+05:30,34.9,35.2,34.0,34.0,79
2026-09-25T14:35:00+05:30,34.35,35.3,34.0,35.2,297
2026-09-25T14:36:00+05:30,35.55,35.7,34.3,35.6,657
2026-09-25T14:37:00+05:30,35.45,35.65,34.8,34.8,103
2026-09-25T14:38:00+05:30,35.05,35.25,34.4,34.75,67
2026-09-25T14:39:00+05:30,34.6,34.6,33.95,34.2,368
2026-09-25T14:40:00+05:30,34.25,35.4,34.25,35.4,65
2026-09-25T14:41:00+05:30,35.4,36.4,35.2,36.2,307
2026-09-25T14:42:00+05:30,36.4,37.1,36.2,37.1,62
2026-09-25T14:43:00+05:30,37.35,38.15,36.7,38.0,156
2026-09-25T14:44:00+05:30,38.1,38.5,37.1,37.75,126
2026-09-25T14:45:00+05:30,37.7,38.75,36.9,38.7,284
2026-09-25T14:46:00+05:30,39.0,40.7,38.7,40.2,124
2026-09-25T14:47:00+05:30,40.15,42.0,39.95,41.9,92
2026-09-25T14:48:00+05:30,41.3,42.15,39.9,39.9,129
2026-09-25T14:49:00+05:30,40.1,40.85,38.85,40.4,113
2026-09-25T14:50:00+05:30,40.5,42.65,39.1,41.55,125
2026-09-25T14:51:00+05:30,42.1,42.5,40.75,40.9,73
2026-09-25T14:52:00+05:30,40.45,40.7,39.2,39.95,196
2026-09-25T14:53:00+05:30,39.8,40.0,38.25,39.1,209
2026-09-25T14:54:00+05:30,39.35,40.05,38.0,38.0,132
2026-09-25T14:55:00+05:30,37.65,41.6,37.65,41.15,160
2026-09-25T14:56:00+05:30,41.75,42.45,40.65,42.1,61
2026-09-25T14:57:00+05:30,42.05,43.3,41.55,41.55,326
2026-09-25T14:58:00+05:30,41.8,43.15,41.25,42.45,188
2026-09-25T14:59:00+05:30,42.35,42.5,40.8,41.45,349
2026-09-25T15:00:00+05:30,41.3,43.45,41.3,41.85,631
2026-09-25T15:01:00+05:30,42.1,45.0,41.85,44.55,271
2026-09-25T15:02:00+05:30,44.7,46.2,43.55,44.3,653
2026-09-25T15:03:00+05:30,44.4,45.55,43.9,44.7,85
2026-09-25T15:04:00+05:30,45.05,45.7,43.75,43.75,120
2026-09-25T15:05:00+05:30,44.0,46.05,44.0,45.9,139
2026-09-25T15:06:00+05:30,45.8,46.0,42.85,42.85,299
2026-09-25T15:07:00+05:30,42.85,46.45,42.15,46.45,264
2026-09-25T15:08:00+05:30,46.5,52.7,45.95,52.7,244
2026-09-25T15:09:00+05:30,52.9,53.55,49.4,50.6,702
2026-09-25T15:10:00+05:30,50.6,51.75,47.7,49.55,532
2026-09-25T15:11:00+05:30,49.8,50.3,47.8,48.4,474
2026-09-25T15:12:00+05:30,48.35,48.55,45.6,45.8,603
2026-09-25T15:13:00+05:30,45.3,46.6,43.0,44.1,330
2026-09-25T15:14:00+05:30,44.2,44.85,42.1,42.15,672
2026-09-25T15:15:00+05:30,42.25,43.75,41.4,43.6,630
2026-09-25T15:16:00+05:30,43.8,45.25,43.55,43.95,85
2026-09-25T15:17:00+05:30,44.05,45.1,44.05,44.35,16
2026-09-25T15:18:00+05:30,43.7,43.9,40.9,41.55,570
2026-09-25T15:19:00+05:30,41.55,43.0,41.55,42.65,80
2026-09-25T15:20:00+05:30,43.05,43.1,40.85,42.55,176
2026-09-25T15:21:00+05:30,42.9,43.3,42.1,42.2,53
2026-09-25T15:22:00+05:30,42.5,44.1,42.2,44.1,239
2026-09-25T15:23:00+05:30,43.65,44.3,43.6,43.9,260
2026-09-25T15:24:00+05:30,43.7,44.95,41.95,44.3,316
2026-09-25T15:25:00+05:30,44.35,44.45,43.05,43.65,201
2026-09-25T15:26:00+05:30,43.85,44.25,43.2,43.7,111
2026-09-25T15:27:00+05:30,44.05,44.25,43.1,43.1,149
2026-09-25T15:28:00+05:30,43.6,43.85,43.25,43.35,65
2026-09-25T15:29:00+05:30,43.15,43.55,41.1,42.15,124
2026-09-25T15:30:00+05:30,41.95,43.1,41.7,43.0,1150
2026-09-25T15:31:00+05:30,42.9,43.4,42.1,42.85,170
2026-09-25T15:32:00+05:30,43.05,44.15,42.85,44.0,244
2026-09-25T15:33:00+05:30,44.55,46.25,43.7,44.0,216
2026-09-25T15:34:00+05:30,43.55,43.85,42.55,43.25,202
2026-09-25T15:35:00+05:30,43.4,43.65,41.0,41.0,240
2026-09-25T15:36:00+05:30,41.0,44.55,40.35,43.55,400
2026-09-25T15:37:00+05:30,43.7,43.9,38.25,40.6,619
2026-09-25T15:38:00+05:30,40.95,42.0,40.95,41.9,237
2026-09-25T15:39:00+05:30,41.75,41.95,40.65,41.0,193
2026-09-28T09:15:00+05:30,58.85,87.3,57.3,83.05,3631
2026-09-28T09:16:00+05:30,85.8,110.9,85.55,95.55,3453
2026-09-28T09:17:00+05:30,94.4,105.0,93.15,99.1,1963
2026-09-28T09:18:00+05:30,99.9,109.4,95.05,105.4,2026
2026-09-28T09:19:00+05:30,105.1,137.55,100.85,134.3,3794
2026-09-28T09:20:00+05:30,135.0,155.0,128.9,149.0,2387
2026-09-28T09:21:00+05:30,149.05,151.8,138.15,145.4,2062
2026-09-28T09:22:00+05:30,147.6,162.0,144.95,158.95,2312
2026-09-28T09:23:00+05:30,158.25,158.25,135.3,144.7,2391
2026-09-28T09:24:00+05:30,144.8,147.6,127.05,136.8,1761
2026-09-28T09:25:00+05:30,137.45,162.0,135.95,158.55,2257
2026-09-28T09:26:00+05:30,158.75,160.2,153.25,158.7,1411
2026-09-28T09:27:00+05:30,158.0,159.3,145.55,152.6,1332
2026-09-28T09:28:00+05:30,152.35,157.65,149.4,149.4,770
2026-09-28T09:29:00+05:30,149.7,153.6,147.75,149.4,963
2026-09-28T09:30:00+05:30,149.55,160.4,148.25,149.4,1299
2026-09-28T09:31:00+05:30,149.65,159.0,148.95,157.1,1039
2026-09-28T09:32:00+05:30,156.5,165.45,156.5,164.8,1613
2026-09-28T09:33:00+05:30,164.8,182.8,163.45,174.85,3340
2026-09-28T09:34:00+05:30,174.05,185.8,173.95,176.0,2507
2026-09-28T09:35:00+05:30,175.55,228.0,174.7,215.1,5219
2026-09-28T09:36:00+05:30,214.55,231.0,210.0,225.75,4604
2026-09-28T09:37:00+05:30,225.1,239.15,201.3,216.25,5425
2026-09-28T09:38:00+05:30,218.55,251.7,218.4,233.5,7245
2026-09-28T09:39:00+05:30,233.85,238.2,219.4,231.2,4977
2026-09-28T09:40:00+05:30,230.85,239.95,222.65,224.0,3051
2026-09-28T09:41:00+05:30,222.9,229.0,204.9,211.85,4188
2026-09-28T09:42:00+05:30,211.95,227.95,211.35,224.0,2627
2026-09-28T09:43:00+05:30,224.9,237.6,223.6,233.55,3428
2026-09-28T09:44:00+05:30,233.25,240.0,231.25,232.2,2276
2026-09-28T09:45:00+05:30,232.2,235.0,225.0,229.7,1654
2026-09-28T09:46:00+05:30,228.75,230.0,217.0,219.6,2252
2026-09-28T09:47:00+05:30,219.45,225.6,215.0,221.3,1359
2026-09-28T09:48:00+05:30,221.05,224.5,211.0,221.9,1863
2026-09-28T09:49:00+05:30,221.1,227.5,216.6,218.75,1620
2026-09-28T09:50:00+05:30,218.6,222.5,211.0,216.0,1891
2026-09-28T09:51:00+05:30,215.3,231.7,213.5,230.3,1863
2026-09-28T09:52:00+05:30,230.7,235.0,226.0,230.15,3213
2026-09-28T09:53:00+05:30,229.35,233.3,219.25,224.65,2775
2026-09-28T09:54:00+05:30,224.3,234.55,222.35,231.0,1930
2026-09-28T09:55:00+05:30,231.2,233.0,222.6,231.8,1975
2026-09-28T09:56:00+05:30,230.55,234.55,220.0,223.25,2813
2026-09-28T09:57:00+05:30,222.35,225.4,212.45,215.25,3123
2026-09-28T09:58:00+05:30,215.75,216.75,204.4,211.8,2674
2026-09-28T09:59:00+05:30,212.15,215.85,208.65,213.0,1253
2026-09-28T10:00:00+05:30,212.9,228.0,211.75,227.0,2568
2026-09-28T10:01:00+05:30,227.05,232.45,223.0,225.2,2040
2026-09-28T10:02:00+05:30,225.65,229.6,216.75,222.9,1517
2026-09-28T10:03:00+05:30,222.25,231.45,218.15,230.45,1428
2026-09-28T10:04:00+05:30,230.45,243.8,230.1,236.8,4631
2026-09-28T10:05:00+05:30,237.0,266.85,231.55,261.1,4494
2026-09-28T10:06:00+05:30,260.9,271.95,251.45,268.2,5835
2026-09-28T10:07:00+05:30,266.7,280.2,253.45,261.65,4255
2026-09-28T10:08:00+05:30,262.6,270.35,255.0,268.75,1918
2026-09-28T10:09:00+05:30,269.0,279.75,266.6,277.75,4397
2026-09-28T10:10:00+05:30,278.0,279.0,260.15,263.6,3454
2026-09-28T10:11:00+05:30,263.45,264.9,253.1,257.6,2186
2026-09-28T10:12:00+05:30,257.95,267.75,255.5,263.65,1050
2026-09-28T10:13:00+05:30,264.65,264.9,249.05,249.6,1884
2026-09-28T10:14:00+05:30,250.45,262.65,245.65,261.95,2926
2026-09-28T10:15:00+05:30,262.85,269.7,258.6,265.9,1431
2026-09-28T10:16:00+05:30,265.3,269.6,261.45,266.65,1304
2026-09-28T10:17:00+05:30,266.0,294.15,263.4,292.15,3544
2026-09-28T10:18:00+05:30,292.05,297.3,267.0,273.05,3254
2026-09-28T10:19:00+05:30,272.4,273.25,259.75,260.9,1628
2026-09-28T10:20:00+05:30,260.65,264.0,238.05,249.5,2542
2026-09-28T10:21:00+05:30,248.0,264.55,246.55,260.45,1701
2026-09-28T10:22:00+05:30,260.15,265.2,252.8,260.85,1311
2026-09-28T10:23:00+05:30,261.2,269.7,256.1,262.25,1616
2026-09-28T10:24:00+05:30,262.45,276.25,262.4,266.2,1543
2026-09-28T10:25:00+05:30,266.1,277.05,264.6,274.45,1143
2026-09-28T10:26:00+05:30,275.0,278.6,267.0,273.9,1316
2026-09-28T10:27:00+05:30,274.6,276.0,270.0,272.3,875
2026-09-28T10:28:00+05:30,272.75,275.6,256.2,259.9,1580
2026-09-28T10:29:00+05:30,259.7,272.85,258.75,266.65,1036
2026-09-28T10:30:00+05:30,267.05,267.35,250.8,256.7,1377
2026-09-28T10:31:00+05:30,256.65,261.75,254.8,260.8,732
2026-09-28T10:32:00+05:30,259.95,268.0,257.7,260.65,923
2026-09-28T10:33:00+05:30,259.8,272.1,258.0,271.2,748
2026-09-28T10:34:00+05:30,271.1,274.0,265.25,268.45,1321
2026-09-28T10:35:00+05:30,268.8,273.4,265.6,268.5,963
2026-09-28T10:36:00+05:30,267.55,268.8,254.5,264.0,1013
2026-09-28T10:37:00+05:30,264.4,272.75,262.1,267.65,841
2026-09-28T10:38:00+05:30,267.9,274.25,265.0,272.8,602
2026-09-28T10:39:00+05:30,273.05,282.0,267.0,279.25,1555
2026-09-28T10:40:00+05:30,278.1,278.95,269.0,278.7,1014
2026-09-28T10:41:00+05:30,278.6,302.75,272.1,286.5,2958
2026-09-28T10:42:00+05:30,285.5,297.5,285.1,295.4,2950
2026-09-28T10:43:00+05:30,295.9,299.65,288.0,294.2,1810
2026-09-28T10:44:00+05:30,294.3,296.95,288.15,293.6,1431
2026-09-28T10:45:00+05:30,292.8,295.95,284.0,288.85,1230
2026-09-28T10:46:00+05:30,288.1,289.0,280.5,285.25,929
2026-09-28T10:47:00+05:30,285.25,289.5,278.25,284.75,731
2026-09-28T10:48:00+05:30,284.4,297.0,284.4,292.8,855
2026-09-28T10:49:00+05:30,292.8,316.55,291.75,300.7,2819
2026-09-28T10:50:00+05:30,299.0,309.7,297.0,305.65,1564
2026-09-28T10:51:00+05:30,305.3,308.25,297.6,300.35,934
2026-09-28T10:52:00+05:30,300.5,313.95,298.1,304.45,926
2026-09-28T10:53:00+05:30,304.1,306.75,293.45,296.95,980
2026-09-28T10:54:00+05:30,296.0,296.0,279.35,284.7,1555
2026-09-28T10:55:00+05:30,282.9,285.9,262.0,265.35,2139
2026-09-28T10:56:00+05:30,264.7,272.95,257.85,272.85,1214
2026-09-28T10:57:00+05:30,273.0,278.95,264.4,276.0,1147
2026-09-28T10:58:00+05:30,275.8,278.0,264.75,272.4,844
2026-09-28T10:59:00+05:30,272.5,281.1,268.05,280.25,1151
2026-09-28T11:00:00+05:30,279.0,292.0,278.7,283.85,2276
2026-09-28T11:01:00+05:30,284.2,294.35,281.15,283.45,1103
2026-09-28T11:02:00+05:30,284.6,288.35,275.15,280.65,690
2026-09-28T11:03:00+05:30,279.2,290.9,278.55,290.05,680
2026-09-28T11:04:00+05:30,289.7,299.2,285.8,293.7,1105
2026-09-28T11:05:00+05:30,293.85,297.9,289.0,292.45,815
2026-09-28T11:06:00+05:30,292.8,293.6,283.25,289.5,569
2026-09-28T11:07:00+05:30,290.0,296.8,285.7,296.8,529
2026-09-28T11:08:00+05:30,297.0,306.9,296.15,303.95,1701
2026-09-28T11:09:00+05:30,301.85,306.05,298.2,302.1,785
2026-09-28T11:10:00+05:30,302.45,309.75,297.7,309.0,746
2026-09-28T11:11:00+05:30,309.15,312.0,300.75,311.35,798
2026-09-28T11:12:00+05:30,311.3,316.65,302.0,310.0,1646
2026-09-28T11:13:00+05:30,309.95,313.8,303.75,307.8,763
2026-09-28T11:14:00+05:30,307.25,308.8,300.05,300.95,619
2026-09-28T11:15:00+05:30,302.95,303.0,285.0,299.1,1381
2026-09-28T11:16:00+05:30,298.3,313.75,297.25,307.65,1000
2026-09-28T11:17:00+05:30,308.25,311.0,301.0,305.8,710
2026-09-28T11:18:00+05:30,307.15,308.1,288.1,292.25,883
2026-09-28T11:19:00+05:30,293.15,294.35,281.6,285.0,1020
2026-09-28T11:20:00+05:30,284.6,294.7,278.0,293.3,1178
2026-09-28T11:21:00+05:30,293.0,299.0,279.85,292.1,1120
2026-09-28T11:22:00+05:30,293.55,294.75,288.0,294.4,431
2026-09-28T11:23:00+05:30,293.15,293.25,283.0,290.25,695
2026-09-28T11:24:00+05:30,290.65,302.4,287.4,296.9,1023
2026-09-28T11:25:00+05:30,296.55,299.65,291.25,295.7,350
2026-09-28T11:26:00+05:30,296.7,297.5,285.85,288.95,450
2026-09-28T11:27:00+05:30,290.9,292.9,277.4,280.85,925
2026-09-28T11:28:00+05:30,282.35,284.0,273.5,282.65,808
2026-09-28T11:29:00+05:30,282.0,284.9,276.45,280.2,364
2026-09-28T11:30:00+05:30,280.0,280.6,265.0,272.15,1317
2026-09-28T11:31:00+05:30,272.35,273.0,262.3,267.9,857
2026-09-28T11:32:00+05:30,267.05,282.0,260.05,280.55,1406
2026-09-28T11:33:00+05:30,280.65,303.05,278.4,294.65,2149
2026-09-28T11:34:00+05:30,293.75,299.0,291.4,296.4,855
2026-09-28T11:35:00+05:30,296.8,300.25,289.7,290.25,1316
2026-09-28T11:36:00+05:30,288.75,292.25,279.0,281.75,1020
2026-09-28T11:37:00+05:30,281.5,281.55,266.65,267.0,1495
2026-09-28T11:38:00+05:30,267.7,275.15,266.9,273.9,827
2026-09-28T11:39:00+05:30,273.6,273.7,266.0,269.65,617
2026-09-28T11:40:00+05:30,270.0,270.15,260.0,264.4,1190
2026-09-28T11:41:00+05:30,265.0,268.3,246.05,254.25,2528
2026-09-28T11:42:00+05:30,253.5,257.95,250.0,256.8,1215
2026-09-28T11:43:00+05:30,256.45,259.9,250.25,258.95,1527
2026-09-28T11:44:00+05:30,258.6,261.35,254.95,258.25,838
2026-09-28T11:45:00+05:30,258.25,259.2,248.7,257.35,958
2026-09-28T11:46:00+05:30,256.9,258.85,250.05,257.95,770
2026-09-28T11:47:00+05:30,257.9,269.0,255.9,268.65,973
2026-09-28T11:48:00+05:30,269.6,276.2,263.85,265.85,2019
2026-09-28T11:49:00+05:30,265.5,275.5,264.95,272.3,927
2026-09-28T11:50:00+05:30,271.25,275.8,268.05,274.2,980
2026-09-28T11:51:00+05:30,274.8,282.5,270.0,279.7,1332
2026-09-28T11:52:00+05:30,279.85,282.3,271.45,272.1,1228
2026-09-28T11:53:00+05:30,272.1,278.75,266.0,273.45,1080
2026-09-28T11:54:00+05:30,272.3,280.0,271.6,278.85,686
2026-09-28T11:55:00+05:30,279.05,286.3,277.0,285.8,1126
2026-09-28T11:56:00+05:30,285.95,294.85,282.0,284.2,2091
2026-09-28T11:57:00+05:30,282.75,286.45,280.15,286.2,507
2026-09-28T11:58:00+05:30,287.05,289.0,280.7,280.9,563
2026-09-28T11:59:00+05:30,281.7,284.55,268.3,276.0,1300
2026-09-28T12:00:00+05:30,277.2,279.6,270.0,272.6,643
2026-09-28T12:01:00+05:30,272.2,277.35,263.05,274.75,927
2026-09-28T12:02:00+05:30,276.05,279.6,267.6,270.25,608
2026-09-28T12:03:00+05:30,270.2,281.95,269.9,274.2,693
2026-09-28T12:04:00+05:30,272.4,281.0,268.05,278.6,569
2026-09-28T12:05:00+05:30,279.3,280.3,270.35,270.35,412
2026-09-28T12:06:00+05:30,270.3,270.75,260.6,268.7,1262
2026-09-28T12:07:00+05:30,269.35,272.85,264.6,270.5,528
2026-09-28T12:08:00+05:30,271.1,276.25,268.0,270.9,387
2026-09-28T12:09:00+05:30,270.15,272.8,269.05,271.3,242
2026-09-28T12:10:00+05:30,271.4,273.0,263.25,264.0,480
2026-09-28T12:11:00+05:30,263.7,269.55,256.4,269.55,743
2026-09-28T12:12:00+05:30,269.9,272.0,264.4,270.5,613
2026-09-28T12:13:00+05:30,269.3,272.15,266.8,268.95,309
2026-09-28T12:14:00+05:30,269.15,272.5,262.3,272.1,424
2026-09-28T12:15:00+05:30,272.3,279.9,272.3,277.75,716
2026-09-28T12:16:00+05:30,278.75,279.45,265.95,270.35,558
2026-09-28T12:17:00+05:30,269.5,274.1,269.2,272.85,159
2026-09-28T12:18:00+05:30,272.75,274.3,264.0,266.8,471
2026-09-28T12:19:00+05:30,267.0,271.5,263.0,263.15,226
2026-09-28T12:20:00+05:30,263.25,272.95,260.25,271.55,310
2026-09-28T12:21:00+05:30,271.55,272.0,267.2,269.2,298
2026-09-28T12:22:00+05:30,269.15,278.45,266.15,274.0,726
2026-09-28T12:23:00+05:30,273.05,274.45,264.0,264.0,333
2026-09-28T12:24:00+05:30,263.1,272.0,261.2,262.55,780
2026-09-28T12:25:00+05:30,262.55,262.55,250.0,253.75,1098
2026-09-28T12:26:00+05:30,252.2,254.55,240.25,253.3,1632
2026-09-28T12:27:00+05:30,252.6,256.8,250.0,254.1,746
2026-09-28T12:28:00+05:30,254.45,256.75,247.25,253.0,702
2026-09-28T12:29:00+05:30,252.8,252.8,236.75,236.8,1651
2026-09-28T12:30:00+05:30,237.1,252.35,235.2,246.9,1222
2026-09-28T12:31:00+05:30,246.95,254.55,244.8,249.3,1240
2026-09-28T12:32:00+05:30,249.1,252.4,244.05,250.0,472
2026-09-28T12:33:00+05:30,249.95,263.5,249.25,262.2,1636
2026-09-28T12:34:00+05:30,262.95,277.0,261.8,269.85,1926
2026-09-28T12:35:00+05:30,269.65,275.7,264.0,267.35,1072
2026-09-28T12:36:00+05:30,268.2,272.55,264.25,267.85,500
2026-09-28T12:37:00+05:30,268.0,270.0,262.0,269.35,605
2026-09-28T12:38:00+05:30,269.65,271.0,264.65,266.95,623
2026-09-28T12:39:00+05:30,266.95,270.75,263.85,267.55,248
2026-09-28T12:40:00+05:30,269.3,272.45,260.15,272.45,677
2026-09-28T12:41:00+05:30,272.15,272.35,265.7,267.4,695
2026-09-28T12:42:00+05:30,265.6,268.9,255.65,260.85,1028
2026-09-28T12:43:00+05:30,260.65,263.65,255.85,259.7,494
2026-09-28T12:44:00+05:30,261.45,271.0,260.5,269.8,654
2026-09-28T12:45:00+05:30,268.35,274.0,263.9,265.25,638
2026-09-28T12:46:00+05:30,266.8,267.85,257.85,262.25,786
2026-09-28T12:47:00+05:30,262.5,266.55,259.55,263.75,429
2026-09-28T12:48:00+05:30,262.8,271.0,260.0,265.05,516
2026-09-28T12:49:00+05:30,264.5,267.1,260.25,263.8,512
2026-09-28T12:50:00+05:30,264.35,265.3,259.0,263.05,261
2026-09-28T12:51:00+05:30,264.4,276.15,264.4,268.7,928
2026-09-28T12:52:00+05:30,269.5,281.75,264.15,280.1,969
2026-09-28T12:53:00+05:30,280.6,291.55,269.1,271.0,1864
2026-09-28T12:54:00+05:30,270.0,273.8,262.3,269.6,839
2026-09-28T12:55:00+05:30,267.9,275.0,264.8,270.75,511
2026-09-28T12:56:00+05:30,270.0,278.7,267.9,275.6,487
2026-09-28T12:57:00+05:30,275.3,284.15,273.85,281.7,722
2026-09-28T12:58:00+05:30,282.5,282.9,268.6,268.6,601
2026-09-28T12:59:00+05:30,268.4,276.5,268.25,274.75,373
2026-09-28T13:00:00+05:30,274.5,278.4,268.85,272.55,349
2026-09-28T13:01:00+05:30,273.8,274.35,264.0,267.45,509
2026-09-28T13:02:00+05:30,268.4,274.0,266.2,272.25,270
2026-09-28T13:03:00+05:30,272.65,275.0,268.75,272.25,484
2026-09-28T13:04:00+05:30,271.95,284.95,271.95,280.45,1073
2026-09-28T13:05:00+05:30,281.1,282.55,273.0,275.0,641
2026-09-28T13:06:00+05:30,274.65,280.15,270.0,279.75,551
2026-09-28T13:07:00+05:30,278.75,293.8,275.2,283.6,1365
2026-09-28T13:08:00+05:30,282.75,290.25,282.2,284.15,1245
2026-09-28T13:09:00+05:30,284.2,286.2,272.25,273.95,913
2026-09-28T13:10:00+05:30,273.15,275.25,257.6,260.5,1397
2026-09-28T13:11:00+05:30,260.5,267.8,250.0,267.2,1451
2026-09-28T13:12:00+05:30,267.6,273.65,264.0,272.25,819
2026-09-28T13:13:00+05:30,271.95,272.1,262.4,267.45,476
2026-09-28T13:14:00+05:30,268.55,274.7,264.55,273.35,483
2026-09-28T13:15:00+05:30,272.65,274.8,265.75,272.45,373
2026-09-28T13:16:00+05:30,269.5,271.2,265.3,268.35,292
2026-09-28T13:17:00+05:30,267.65,268.05,263.65,266.3,368
2026-09-28T13:18:00+05:30,266.05,272.5,263.9,271.95,368
2026-09-28T13:19:00+05:30,271.9,274.3,265.7,266.6,338
2026-09-28T13:20:00+05:30,267.15,273.75,264.05,270.65,453
2026-09-28T13:21:00+05:30,270.9,272.0,265.95,268.0,385
2026-09-28T13:22:00+05:30,266.9,267.85,253.0,258.0,1077
2026-09-28T13:23:00+05:30,257.95,262.05,251.0,253.2,585
2026-09-28T13:24:00+05:30,253.3,261.1,249.65,255.0,713
2026-09-28T13:25:00+05:30,254.75,260.0,247.0,247.65,835
2026-09-28T13:26:00+05:30,247.65,249.4,237.6,244.5,1570
2026-09-28T13:27:00+05:30,245.15,250.45,236.7,250.35,1202
2026-09-28T13:28:00+05:30,249.2,252.0,243.0,249.75,744
2026-09-28T13:29:00+05:30,249.9,254.0,242.95,246.35,613
2026-09-28T13:30:00+05:30,244.65,258.8,244.65,253.6,925
2026-09-28T13:31:00+05:30,252.7,261.4,250.75,260.25,888
2026-09-28T13:32:00+05:30,260.5,262.5,253.8,259.7,544
2026-09-28T13:33:00+05:30,259.6,269.75,253.35,265.9,686
2026-09-28T13:34:00+05:30,267.0,277.65,262.2,275.95,1747
2026-09-28T13:35:00+05:30,275.0,277.55,265.0,277.55,847
2026-09-28T13:36:00+05:30,277.75,277.85,270.25,277.45,861
2026-09-28T13:37:00+05:30,276.9,284.0,272.15,280.55,820
2026-09-28T13:38:00+05:30,279.35,282.85,274.45,282.2,829
2026-09-28T13:39:00+05:30,281.45,282.1,263.45,265.0,870
2026-09-28T13:40:00+05:30,264.9,274.0,260.6,261.55,922
2026-09-28T13:41:00+05:30,262.45,263.95,256.4,257.8,639
2026-09-28T13:42:00+05:30,258.0,265.95,258.0,263.9,408
2026-09-28T13:43:00+05:30,264.5,277.0,264.35,272.2,778
2026-09-28T13:44:00+05:30,272.35,275.45,259.3,261.55,765
2026-09-28T13:45:00+05:30,261.65,267.3,258.7,267.3,543
2026-09-28T13:46:00+05:30,265.05,267.3,259.75,263.25,335
2026-09-28T13:47:00+05:30,262.9,268.6,257.0,267.6,744
2026-09-28T13:48:00+05:30,267.25,273.3,265.3,270.05,445
2026-09-28T13:49:00+05:30,270.25,287.7,263.6,269.5,1448
2026-09-28T13:50:00+05:30,268.55,270.5,265.0,268.9,382
2026-09-28T13:51:00+05:30,268.95,274.0,267.1,267.85,300
2026-09-28T13:52:00+05:30,269.15,269.95,260.0,262.4,670
2026-09-28T13:53:00+05:30,263.0,274.55,260.6,270.8,784
2026-09-28T13:54:00+05:30,270.9,276.75,269.7,270.4,585
2026-09-28T13:55:00+05:30,270.75,275.0,266.15,267.9,335
2026-09-28T13:56:00+05:30,267.85,269.6,252.0,264.65,971
2026-09-28T13:57:00+05:30,263.55,271.0,260.4,270.45,527
2026-09-28T13:58:00+05:30,270.4,272.2,262.2,263.1,364
2026-09-28T13:59:00+05:30,262.7,265.0,259.35,262.55,352
2026-09-28T14:00:00+05:30,263.05,266.1,258.15,264.0,336
2026-09-28T14:01:00+05:30,264.1,272.3,262.25,269.55,476
2026-09-28T14:02:00+05:30,268.95,275.0,268.95,271.4,635
2026-09-28T14:03:00+05:30,271.4,272.55,266.35,268.65,186
2026-09-28T14:04:00+05:30,268.2,270.05,263.8,267.3,268
2026-09-28T14:05:00+05:30,266.7,271.05,262.7,267.7,378
2026-09-28T14:06:00+05:30,267.5,279.9,266.9,277.9,959
2026-09-28T14:07:00+05:30,278.0,280.5,270.75,276.1,754
2026-09-28T14:08:00+05:30,275.7,276.8,270.3,272.45,702
2026-09-28T14:09:00+05:30,273.05,288.05,272.05,280.3,1027
2026-09-28T14:10:00+05:30,281.05,281.05,268.8,272.3,830
2026-09-28T14:11:00+05:30,272.05,275.0,268.8,270.95,342
2026-09-28T14:12:00+05:30,271.5,272.0,262.4,269.4,836
2026-09-28T14:13:00+05:30,270.05,282.2,269.15,279.3,644
2026-09-28T14:14:00+05:30,278.9,280.05,273.4,274.3,340
2026-09-28T14:15:00+05:30,273.85,299.4,269.05,292.05,2328
2026-09-28T14:16:00+05:30,293.15,301.1,282.7,295.5,2020
2026-09-28T14:17:00+05:30,294.0,314.95,291.2,312.7,1462
2026-09-28T14:18:00+05:30,312.55,343.3,305.6,325.05,5498
2026-09-28T14:19:00+05:30,326.9,335.0,320.55,331.6,1979
2026-09-28T14:20:00+05:30,330.4,333.45,303.65,314.7,2102
2026-09-28T14:21:00+05:30,315.3,317.0,302.8,308.8,1041
2026-09-28T14:22:00+05:30,308.65,320.2,307.35,313.4,818
2026-09-28T14:23:00+05:30,314.3,328.75,308.8,312.85,1122
2026-09-28T14:24:00+05:30,312.9,317.7,305.85,314.75,688
2026-09-28T14:25:00+05:30,313.7,314.6,303.5,306.2,623
2026-09-28T14:26:00+05:30,303.35,311.6,298.2,306.75,761
2026-09-28T14:27:00+05:30,307.25,309.95,297.25,300.0,563
2026-09-28T14:28:00+05:30,299.4,314.2,295.0,312.1,591
2026-09-28T14:29:00+05:30,313.0,313.8,304.95,312.85,321
2026-09-28T14:30:00+05:30,313.65,313.75,288.3,289.4,1068
2026-09-28T14:31:00+05:30,290.1,307.85,289.3,307.85,987
2026-09-28T14:32:00+05:30,307.95,316.8,302.0,314.05,823
2026-09-28T14:33:00+05:30,314.2,316.2,308.0,310.35,430
2026-09-28T14:34:00+05:30,311.25,320.45,311.2,316.45,779
2026-09-28T14:35:00+05:30,315.6,318.7,308.0,314.8,822
2026-09-28T14:36:00+05:30,314.95,316.5,300.5,313.35,697
2026-09-28T14:37:00+05:30,312.6,323.4,310.0,320.85,965
2026-09-28T14:38:00+05:30,322.6,354.6,321.2,345.9,2527
2026-09-28T14:39:00+05:30,346.1,353.2,338.0,345.85,1296
2026-09-28T14:40:00+05:30,345.45,347.0,335.75,343.2,856
2026-09-28T14:41:00+05:30,342.3,343.4,325.05,337.95,1076
2026-09-28T14:42:00+05:30,336.0,348.3,332.0,346.45,742
2026-09-28T14:43:00+05:30,346.2,346.2,338.55,338.55,430
2026-09-28T14:44:00+05:30,337.0,345.0,331.8,339.1,326
2026-09-28T14:45:00+05:30,339.5,340.2,327.0,337.8,628
2026-09-28T14:46:00+05:30,338.65,338.8,308.75,319.55,1212
2026-09-28T14:47:00+05:30,318.3,323.85,313.05,321.0,444
2026-09-28T14:48:00+05:30,320.0,322.75,311.4,318.3,610
2026-09-28T14:49:00+05:30,316.0,316.95,293.0,305.35,1029
2026-09-28T14:50:00+05:30,305.6,311.85,296.25,304.45,646
2026-09-28T14:51:00+05:30,304.25,315.45,302.1,313.5,643
2026-09-28T14:52:00+05:30,313.4,316.65,302.9,305.6,709
2026-09-28T14:53:00+05:30,306.0,308.75,298.0,308.45,631
2026-09-28T14:54:00+05:30,306.6,309.9,302.1,307.25,477
2026-09-28T14:55:00+05:30,307.85,317.25,304.55,312.9,522
2026-09-28T14:56:00+05:30,312.95,315.55,307.85,315.55,354
2026-09-28T14:57:00+05:30,315.4,318.1,307.75,314.5,484
2026-09-28T14:58:00+05:30,314.15,326.8,311.0,326.25,817
2026-09-28T14:59:00+05:30,323.55,326.0,309.75,315.6,376
2026-09-28T15:00:00+05:30,317.15,320.4,309.85,316.6,501
2026-09-28T15:01:00+05:30,318.0,318.0,305.1,311.65,569
2026-09-28T15:02:00+05:30,312.8,324.0,310.65,314.2,923
2026-09-28T15:03:00+05:30,313.65,317.1,293.95,298.45,1357
2026-09-28T15:04:00+05:30,295.0,309.6,292.3,309.6,908
2026-09-28T15:05:00+05:30,310.0,316.35,306.05,310.9,334
2026-09-28T15:06:00+05:30,311.2,312.55,306.2,307.4,269
2026-09-28T15:07:00+05:30,307.0,314.4,300.55,311.8,346
2026-09-28T15:08:00+05:30,308.4,311.8,302.85,308.1,155
2026-09-28T15:09:00+05:30,308.1,310.05,302.9,304.25,371
2026-09-28T15:10:00+05:30,303.35,308.55,300.3,308.55,1011
2026-09-28T15:11:00+05:30,308.3,317.95,308.0,311.9,324
2026-09-28T15:12:00+05:30,311.65,315.55,307.15,313.3,369
2026-09-28T15:13:00+05:30,314.65,317.6,309.15,315.0,408
2026-09-28T15:14:00+05:30,313.4,316.3,308.65,309.7,573
2026-09-28T15:15:00+05:30,309.2,311.75,304.5,304.5,601
2026-09-28T15:16:00+05:30,304.2,325.55,303.4,324.55,553
2026-09-28T15:17:00+05:30,322.5,323.5,308.3,316.65,331
2026-09-28T15:18:00+05:30,316.05,319.45,309.8,312.75,212
2026-09-28T15:19:00+05:30,313.85,324.0,312.6,319.3,214
2026-09-28T15:20:00+05:30,316.1,324.35,298.8,320.3,2347
2026-09-28T15:21:00+05:30,321.35,323.4,310.05,312.75,867
2026-09-28T15:22:00+05:30,312.35,319.6,308.1,319.6,265
2026-09-28T15:23:00+05:30,319.95,320.0,310.7,315.35,567
2026-09-28T15:24:00+05:30,313.6,316.6,305.7,310.4,453
2026-09-28T15:25:00+05:30,310.6,311.9,301.1,303.5,437
2026-09-28T15:26:00+05:30,302.95,307.0,302.3,307.0,362
2026-09-28T15:27:00+05:30,307.0,313.7,307.0,309.4,439
2026-09-28T15:28:00+05:30,309.55,309.55,304.55,305.95,218
2026-09-28T15:29:00+05:30,305.95,317.1,304.0,304.0,468
2026-09-28T15:30:00+05:30,304.0,309.7,300.15,307.4,384
