timestamp,open,high,low,close,volume
2026-09-21T09:15:00+05:30,149.5,150.0,120.25,140.9,1346
2026-09-21T09:16:00+05:30,139.9,153.4,130.25,130.95,750
2026-09-21T09:17:00+05:30,130.0,130.95,119.9,122.2,546
2026-09-21T09:18:00+05:30,122.2,128.15,117.9,123.25,600
2026-09-21T09:19:00+05:30,124.6,132.75,123.0,130.85,380
2026-09-21T09:20:00+05:30,130.25,132.85,125.0,129.4,400
2026-09-21T09:21:00+05:30,130.0,133.05,127.05,132.55,366
2026-09-21T09:22:00+05:30,133.0,133.6,123.0,124.25,433
2026-09-21T09:23:00+05:30,123.4,124.5,117.75,118.0,431
2026-09-21T09:24:00+05:30,119.45,121.8,117.95,119.45,161
2026-09-21T09:25:00+05:30,119.45,122.4,117.2,118.45,458
2026-09-21T09:26:00+05:30,118.65,120.45,116.85,117.6,137
2026-09-21T09:27:00+05:30,117.35,120.9,116.4,120.6,196
2026-09-21T09:28:00+05:30,121.1,122.0,117.55,118.45,91
2026-09-21T09:29:00+05:30,118.75,119.0,114.4,116.05,129
2026-09-21T09:30:00+05:30,116.25,117.1,113.3,116.05,283
2026-09-21T09:31:00+05:30,116.25,117.5,114.15,116.35,170
2026-09-21T09:32:00+05:30,116.1,116.4,113.7,114.8,150
2026-09-21T09:33:00+05:30,114.25,115.65,113.4,114.95,93
2026-09-21T09:34:00+05:30,115.05,117.55,114.8,115.15,71
2026-09-21T09:35:00+05:30,114.5,114.5,110.0,111.6,94
2026-09-21T09:36:00+05:30,111.15,117.15,109.7,116.3,195
2026-09-21T09:37:00+05:30,116.0,120.6,115.0,120.6,145
2026-09-21T09:38:00+05:30,120.4,122.9,118.2,122.05,125
2026-09-21T09:39:00+05:30,121.75,122.15,117.2,121.15,91
2026-09-21T09:40:00+05:30,120.4,121.35,118.8,119.85,112
2026-09-21T09:41:00+05:30,120.15,120.55,116.3,118.0,154
2026-09-21T09:42:00+05:30,116.15,117.5,114.15,117.5,132
2026-09-21T09:43:00+05:30,116.25,116.25,113.8,115.25,75
2026-09-21T09:44:00+05:30,115.2,115.2,111.75,112.95,176
2026-09-21T09:45:00+05:30,114.25,114.6,112.5,113.45,55
2026-09-21T09:46:00+05:30,113.0,113.75,112.0,112.0,67
2026-09-21T09:47:00+05:30,112.35,116.85,111.95,116.85,451
2026-09-21T09:48:00+05:30,116.75,117.9,114.4,115.7,126
2026-09-21T09:49:00+05:30,113.9,115.3,112.95,115.0,182
2026-09-21T09:50:00+05:30,114.95,115.0,113.85,114.75,74
2026-09-21T09:51:00+05:30,114.95,114.95,112.7,114.2,57
2026-09-21T09:52:00+05:30,114.55,116.7,114.55,116.1,75
2026-09-21T09:53:00+05:30,115.8,120.55,115.6,120.5,196
2026-09-21T09:54:00+05:30,119.75,121.0,118.9,121.0,93
2026-09-21T09:55:00+05:30,121.0,122.9,120.4,122.9,127
2026-09-21T09:56:00+05:30,121.75,122.65,120.35,120.8,144
2026-09-21T09:57:00+05:30,120.0,120.0,117.4,119.8,60
2026-09-21T09:58:00+05:30,119.0,122.05,119.0,122.0,39
2026-09-21T09:59:00+05:30,122.1,123.45,120.75,120.75,86
2026-09-21T10:00:00+05:30,120.7,124.35,120.15,123.95,82
2026-09-21T10:01:00+05:30,123.85,126.95,123.5,126.3,170
2026-09-21T10:02:00+05:30,126.25,127.0,123.9,126.9,141
2026-09-21T10:03:00+05:30,126.45,128.0,126.05,126.4,134
2026-09-21T10:04:00+05:30,127.15,128.95,126.85,127.2,105
2026-09-21T10:05:00+05:30,127.65,129.3,125.1,129.3,145
2026-09-21T10:06:00+05:30,129.55,133.0,129.5,130.75,188
2026-09-21T10:07:00+05:30,131.7,131.8,128.1,130.85,73
2026-09-21T10:08:00+05:30,130.5,130.5,128.4,128.4,66
2026-09-21T10:09:00+05:30,127.0,127.6,125.3,126.3,97
2026-09-21T10:10:00+05:30,125.35,126.7,122.15,122.75,106
2026-09-21T10:11:00+05:30,123.5,125.7,122.85,124.6,63
2026-09-21T10:12:00+05:30,124.6,127.1,123.2,126.1,55
2026-09-21T10:13:00+05:30,128.05,129.8,127.55,129.0,63
2026-09-21T10:14:00+05:30,128.95,133.6,128.65,132.65,116
2026-09-21T10:15:00+05:30,133.2,134.05,130.35,131.25,139
2026-09-21T10:16:00+05:30,130.35,131.75,124.75,125.3,118
2026-09-21T10:17:00+05:30,125.05,130.35,124.1,129.6,58
2026-09-21T10:18:00+05:30,129.05,130.1,125.9,127.05,74
2026-09-21T10:19:00+05:30,128.35,131.0,127.85,128.7,79
2026-09-21T10:20:00+05:30,129.2,129.2,126.5,129.1,18
2026-09-21T10:21:00+05:30,130.5,130.85,123.45,125.3,94
2026-09-21T10:22:00+05:30,125.75,127.65,125.7,125.85,36
2026-09-21T10:23:00+05:30,124.9,126.5,123.8,123.8,41
2026-09-21T10:24:00+05:30,124.0,127.25,123.35,127.0,63
2026-09-21T10:25:00+05:30,127.15,128.0,126.95,127.1,94
2026-09-21T10:26:00+05:30,125.95,127.15,125.0,126.2,23
2026-09-21T10:27:00+05:30,127.55,130.35,127.4,128.55,54
2026-09-21T10:28:00+05:30,128.5,128.5,126.55,127.5,56
2026-09-21T10:29:00+05:30,128.15,128.8,126.1,126.35,31
2026-09-21T10:30:00+05:30,126.8,128.0,126.3,126.75,14
2026-09-21T10:31:00+05:30,126.95,127.95,125.7,125.7,52
2026-09-21T10:32:00+05:30,126.95,129.2,126.45,127.4,76
2026-09-21T10:33:00+05:30,127.1,128.85,126.75,128.8,73
2026-09-21T10:34:00+05:30,129.05,130.0,128.75,129.2,52
2026-09-21T10:35:00+05:30,129.95,129.95,127.15,128.55,55
2026-09-21T10:36:00+05:30,127.65,127.95,126.35,126.65,71
2026-09-21T10:37:00+05:30,126.9,129.15,126.7,128.95,31
2026-09-21T10:38:00+05:30,128.95,129.35,128.0,129.0,19
2026-09-21T10:39:00+05:30,127.7,130.0,127.7,130.0,22
2026-09-21T10:40:00+05:30,129.7,129.7,128.8,128.8,27
2026-09-21T10:41:00+05:30,128.65,129.45,125.85,126.95,38
2026-09-21T10:42:00+05:30,126.85,128.0,125.55,127.3,43
2026-09-21T10:43:00+05:30,127.25,127.25,124.5,124.95,86
2026-09-21T10:44:00+05:30,125.0,125.5,122.7,123.3,65
2026-09-21T10:45:00+05:30,122.7,122.7,120.6,121.75,87
2026-09-21T10:46:00+05:30,120.0,121.35,116.85,118.85,159
2026-09-21T10:47:00+05:30,118.85,119.95,115.25,119.95,61
2026-09-21T10:48:00+05:30,120.0,120.4,119.15,120.1,50
2026-09-21T10:49:00+05:30,118.5,120.2,118.0,118.95,19
2026-09-21T10:50:00+05:30,119.05,119.3,118.25,119.0,23
2026-09-21T10:51:00+05:30,118.6,119.0,117.95,118.35,21
2026-09-21T10:52:00+05:30,118.4,120.55,118.4,119.45,15
2026-09-21T10:53:00+05:30,119.25,119.25,117.35,117.85,303
2026-09-21T10:54:00+05:30,117.7,119.6,116.55,116.9,93
2026-09-21T10:55:00+05:30,117.6,120.0,117.55,119.35,34
2026-09-21T10:56:00+05:30,119.0,119.25,117.35,117.35,30
2026-09-21T10:57:00+05:30,116.75,117.4,115.9,117.4,44
2026-09-21T10:58:00+05:30,116.45,118.5,115.8,118.5,101
2026-09-21T10:59:00+05:30,117.35,117.35,113.55,113.8,24
2026-09-21T11:00:00+05:30,114.2,117.65,113.95,116.35,68
2026-09-21T11:01:00+05:30,116.6,117.5,116.6,117.45,12
2026-09-21T11:02:00+05:30,116.55,117.4,115.55,117.4,18
2026-09-21T11:03:00+05:30,116.55,116.55,113.9,114.7,76
2026-09-21T11:04:00+05:30,113.65,115.1,113.5,114.7,40
2026-09-21T11:05:00+05:30,113.45,114.7,113.0,114.7,59
2026-09-21T11:06:00+05:30,114.0,114.0,110.0,111.8,136
2026-09-21T11:07:00+05:30,111.2,112.65,109.75,110.4,83
2026-09-21T11:08:00+05:30,109.2,111.6,109.15,111.25,26
2026-09-21T11:09:00+05:30,110.85,111.2,109.8,111.15,94
2026-09-21T11:10:00+05:30,110.9,111.5,110.35,111.5,48
2026-09-21T11:11:00+05:30,111.05,111.25,109.8,109.95,89
2026-09-21T11:12:00+05:30,109.95,111.9,109.9,111.9,28
2026-09-21T11:13:00+05:30,111.7,112.0,110.1,110.35,24
2026-09-21T11:14:00+05:30,110.45,111.35,110.4,110.5,27
2026-09-21T11:15:00+05:30,110.0,110.8,109.5,110.7,40
2026-09-21T11:16:00+05:30,110.75,113.15,110.75,112.65,24
2026-09-21T11:17:00+05:30,113.0,114.35,112.9,114.35,17
2026-09-21T11:18:00+05:30,114.15,116.7,113.6,116.3,129
2026-09-21T11:19:00+05:30,115.75,115.95,115.0,115.0,47
2026-09-21T11:20:00+05:30,114.55,116.85,114.15,116.45,70
2026-09-21T11:21:00+05:30,115.55,117.55,115.3,115.65,40
2026-09-21T11:22:00+05:30,115.65,115.75,114.5,114.85,16
2026-09-21T11:23:00+05:30,114.8,114.8,113.2,113.3,53
2026-09-21T11:24:00+05:30,114.25,114.5,113.1,114.0,15
2026-09-21T11:25:00+05:30,114.05,114.65,113.85,114.5,35
2026-09-21T11:26:00+05:30,113.85,113.85,113.0,113.75,5
2026-09-21T11:27:00+05:30,114.0,114.0,111.5,111.5,34
2026-09-21T11:28:00+05:30,111.3,111.55,110.15,110.6,67
2026-09-21T11:29:00+05:30,111.15,112.2,111.15,112.2,27
2026-09-21T11:30:00+05:30,111.6,111.7,110.0,111.15,35
2026-09-21T11:31:00+05:30,111.55,113.55,111.5,112.65,38
2026-09-21T11:32:00+05:30,114.0,114.0,112.8,113.85,12
2026-09-21T11:33:00+05:30,114.45,114.45,112.6,112.95,14
2026-09-21T11:34:00+05:30,113.2,114.3,112.95,113.35,29
2026-09-21T11:35:00+05:30,114.45,118.15,114.3,118.0,84
2026-09-21T11:36:00+05:30,117.2,117.2,115.4,115.4,40
2026-09-21T11:37:00+05:30,116.1,117.2,116.1,117.2,35
2026-09-21T11:38:00+05:30,116.6,117.15,116.3,116.9,19
2026-09-21T11:39:00+05:30,116.6,116.95,116.0,116.75,42
2026-09-21T11:40:00+05:30,116.8,117.35,116.05,116.05,40
2026-09-21T11:41:00+05:30,116.0,116.0,114.2,114.85,17
2026-09-21T11:42:00+05:30,114.35,115.45,113.0,115.35,62
2026-09-21T11:43:00+05:30,114.55,115.0,114.0,115.0,24
2026-09-21T11:44:00+05:30,114.45,117.35,114.45,115.9,47
2026-09-21T11:45:00+05:30,115.55,117.0,115.35,116.55,21
2026-09-21T11:46:00+05:30,115.55,118.5,115.0,117.4,64
2026-09-21T11:47:00+05:30,116.75,118.0,116.75,117.4,10
2026-09-21T11:48:00+05:30,116.7,118.25,116.5,118.25,35
2026-09-21T11:49:00+05:30,118.0,118.4,117.7,118.0,15
2026-09-21T11:50:00+05:30,118.05,118.45,116.95,116.95,9
2026-09-21T11:51:00+05:30,117.15,117.25,116.75,116.95,40
2026-09-21T11:52:00+05:30,116.45,116.45,115.0,116.0,28
2026-09-21T11:53:00+05:30,115.85,116.0,115.05,115.6,82
2026-09-21T11:54:00+05:30,115.45,115.45,112.65,113.6,112
2026-09-21T11:55:00+05:30,115.3,115.3,114.7,114.85,3
2026-09-21T11:56:00+05:30,114.15,114.3,111.25,112.5,177
2026-09-21T11:57:00+05:30,112.5,112.7,110.0,110.1,107
2026-09-21T11:58:00+05:30,110.3,111.2,109.4,110.25,110
2026-09-21T11:59:00+05:30,110.25,111.35,109.75,111.1,38
2026-09-21T12:00:00+05:30,110.35,111.0,109.25,111.0,75
2026-09-21T12:01:00+05:30,110.4,110.4,109.75,110.0,6
2026-09-21T12:02:00+05:30,110.55,112.55,110.5,112.4,30
2026-09-21T12:03:00+05:30,112.2,112.7,111.6,112.25,52
2026-09-21T12:04:00+05:30,112.1,112.2,110.35,110.35,5
2026-09-21T12:05:00+05:30,111.55,112.2,111.55,112.2,14
2026-09-21T12:06:00+05:30,111.75,111.9,110.95,111.9,22
2026-09-21T12:07:00+05:30,111.4,113.05,110.95,113.05,28
2026-09-21T12:08:00+05:30,113.25,115.0,113.2,115.0,32
2026-09-21T12:09:00+05:30,115.6,116.85,115.6,116.25,29
2026-09-21T12:10:00+05:30,115.9,118.0,115.55,117.6,89
2026-09-21T12:11:00+05:30,117.15,117.15,115.3,116.0,16
2026-09-21T12:12:00+05:30,116.6,116.6,114.55,115.9,37
2026-09-21T12:13:00+05:30,116.25,116.35,115.6,115.65,25
2026-09-21T12:14:00+05:30,114.4,116.1,114.3,115.5,17
2026-09-21T12:15:00+05:30,114.3,116.7,114.3,115.75,29
2026-09-21T12:16:00+05:30,114.25,114.7,113.05,114.7,16
2026-09-21T12:17:00+05:30,115.45,115.9,115.25,115.9,14
2026-09-21T12:18:00+05:30,115.7,116.85,115.7,116.85,7
2026-09-21T12:19:00+05:30,117.0,117.1,116.2,116.2,12
2026-09-21T12:20:00+05:30,116.75,117.4,116.75,116.9,11
2026-09-21T12:21:00+05:30,116.9,117.3,115.95,116.0,20
2026-09-21T12:22:00+05:30,117.15,118.0,116.8,117.85,6
2026-09-21T12:23:00+05:30,117.8,120.35,117.4,120.35,124
2026-09-21T12:24:00+05:30,120.0,120.4,117.75,117.8,55
2026-09-21T12:25:00+05:30,117.65,118.45,117.25,118.0,46
2026-09-21T12:26:00+05:30,117.45,117.7,115.4,116.2,15
2026-09-21T12:27:00+05:30,115.0,115.0,114.8,114.8,2
2026-09-21T12:28:00+05:30,116.25,116.25,114.8,115.0,13
2026-09-21T12:29:00+05:30,115.0,115.0,114.0,114.15,14
2026-09-21T12:30:00+05:30,113.85,114.8,110.55,110.55,57
2026-09-21T12:31:00+05:30,111.1,112.7,111.1,112.65,30
2026-09-21T12:32:00+05:30,112.35,114.85,111.75,114.6,33
2026-09-21T12:33:00+05:30,114.2,115.4,113.1,115.4,22
2026-09-21T12:34:00+05:30,115.4,115.4,113.3,113.4,34
2026-09-21T12:35:00+05:30,113.1,114.5,112.2,112.2,43
2026-09-21T12:36:00+05:30,112.2,113.35,112.0,113.1,53
2026-09-21T12:37:00+05:30,113.0,113.0,111.9,111.9,5
2026-09-21T12:38:00+05:30,112.45,113.25,112.2,112.85,52
2026-09-21T12:39:00+05:30,113.2,113.5,112.0,112.0,11
2026-09-21T12:40:00+05:30,112.15,113.3,112.1,113.1,13
2026-09-21T12:41:00+05:30,113.3,113.6,113.25,113.6,19
2026-09-21T12:42:00+05:30,113.3,113.55,111.55,113.0,30
2026-09-21T12:43:00+05:30,112.3,112.3,110.95,111.6,21
2026-09-21T12:44:00+05:30,111.05,111.05,107.5,107.8,144
2026-09-21T12:45:00+05:30,107.75,108.7,107.15,108.2,25
2026-09-21T12:46:00+05:30,108.1,108.65,107.35,108.65,22
2026-09-21T12:47:00+05:30,107.9,108.95,107.75,108.95,19
2026-09-21T12:48:00+05:30,109.3,109.7,108.6,109.2,23
2026-09-21T12:49:00+05:30,109.35,110.6,109.35,110.4,17
2026-09-21T12:50:00+05:30,110.1,111.2,109.6,110.6,30
2026-09-21T12:51:00+05:30,112.0,112.0,111.35,111.35,8
2026-09-21T12:52:00+05:30,110.6,111.7,110.55,111.7,15
2026-09-21T12:54:00+05:30,110.5,110.5,109.2,109.2,16
2026-09-21T12:55:00+05:30,109.2,110.5,109.2,110.35,59
2026-09-21T12:56:00+05:30,110.8,110.8,110.65,110.65,4
2026-09-21T12:57:00+05:30,110.0,111.4,110.0,110.8,141
2026-09-21T12:58:00+05:30,110.95,111.7,110.55,110.8,30
2026-09-21T12:59:00+05:30,111.4,113.05,110.95,113.0,44
2026-09-21T13:00:00+05:30,112.8,112.8,111.8,112.5,18
2026-09-21T13:01:00+05:30,112.75,112.75,111.6,111.8,10
2026-09-21T13:02:00+05:30,110.6,112.0,110.45,112.0,44
2026-09-21T13:03:00+05:30,112.7,112.95,111.8,111.8,28
2026-09-21T13:04:00+05:30,112.5,114.0,112.1,113.5,62
2026-09-21T13:05:00+05:30,112.75,113.6,112.6,112.6,16
2026-09-21T13:06:00+05:30,112.2,112.2,111.45,111.5,18
2026-09-21T13:07:00+05:30,111.95,112.55,111.8,111.8,8
2026-09-21T13:08:00+05:30,111.85,111.85,111.0,111.45,22
2026-09-21T13:09:00+05:30,111.0,111.9,111.0,111.75,430
2026-09-21T13:10:00+05:30,111.9,112.25,109.75,110.0,16
2026-09-21T13:11:00+05:30,110.6,111.9,110.6,111.9,7
2026-09-21T13:12:00+05:30,111.4,111.4,110.55,111.0,8
2026-09-21T13:13:00+05:30,111.3,111.45,110.15,110.45,30
2026-09-21T13:14:00+05:30,110.1,110.1,108.6,109.5,95
2026-09-21T13:15:00+05:30,108.0,108.0,104.35,104.9,144
2026-09-21T13:16:00+05:30,105.2,105.4,102.95,104.45,115
2026-09-21T13:17:00+05:30,104.9,105.25,103.5,103.7,78
2026-09-21T13:18:00+05:30,103.95,104.35,99.75,100.0,401
2026-09-21T13:19:00+05:30,100.0,100.6,99.0,100.05,196
2026-09-21T13:20:00+05:30,99.9,102.25,98.4,101.85,208
2026-09-21T13:21:00+05:30,101.8,103.75,101.0,101.0,112
2026-09-21T13:22:00+05:30,101.3,102.85,100.35,102.85,88
2026-09-21T13:23:00+05:30,102.6,102.75,101.45,102.75,54
2026-09-21T13:24:00+05:30,102.75,104.25,102.1,102.1,133
2026-09-21T13:25:00+05:30,102.65,103.5,102.65,103.1,22
2026-09-21T13:26:00+05:30,101.7,101.8,101.0,101.8,41
2026-09-21T13:27:00+05:30,101.3,102.3,100.4,102.3,103
2026-09-21T13:28:00+05:30,102.35,102.6,101.6,101.8,109
2026-09-21T13:29:00+05:30,101.15,102.0,101.1,101.85,10
2026-09-21T13:30:00+05:30,101.55,102.45,100.45,102.2,58
2026-09-21T13:31:00+05:30,102.2,102.2,101.0,101.25,22
2026-09-21T13:32:00+05:30,101.25,101.25,100.0,100.05,42
2026-09-21T13:33:00+05:30,100.0,100.0,98.0,98.5,92
2026-09-21T13:34:00+05:30,98.0,98.25,96.1,96.1,163
2026-09-21T13:35:00+05:30,96.55,96.55,94.35,95.55,118
2026-09-21T13:36:00+05:30,94.85,95.0,93.65,93.9,125
2026-09-21T13:37:00+05:30,93.65,95.25,92.45,94.1,72
2026-09-21T13:38:00+05:30,94.3,95.7,93.8,95.7,56
2026-09-21T13:39:00+05:30,95.2,95.55,93.25,93.25,83
2026-09-21T13:40:00+05:30,93.1,93.3,91.45,92.45,197
2026-09-21T13:41:00+05:30,92.9,93.05,90.95,91.05,55
2026-09-21T13:42:00+05:30,90.45,92.0,89.4,92.0,149
2026-09-21T13:43:00+05:30,91.75,94.4,91.65,94.25,27
2026-09-21T13:44:00+05:30,94.1,94.1,92.5,93.25,87
2026-09-21T13:45:00+05:30,92.8,94.5,92.8,93.7,58
2026-09-21T13:46:00+05:30,94.0,95.4,93.4,94.95,380
2026-09-21T13:47:00+05:30,94.5,94.9,93.0,93.4,102
2026-09-21T13:48:00+05:30,93.1,94.75,92.85,94.1,91
2026-09-21T13:49:00+05:30,95.0,95.1,93.0,93.0,89
2026-09-21T13:50:00+05:30,92.8,93.4,92.2,93.0,135
2026-09-21T13:51:00+05:30,92.85,92.85,90.0,91.6,280
2026-09-21T13:52:00+05:30,91.4,91.65,90.2,91.4,141
2026-09-21T13:53:00+05:30,91.2,91.55,90.3,91.4,301
2026-09-21T13:54:00+05:30,91.75,92.75,91.0,91.05,128
2026-09-21T13:55:00+05:30,90.5,91.0,89.6,91.0,60
2026-09-21T13:56:00+05:30,90.8,91.1,90.1,90.6,92
2026-09-21T13:57:00+05:30,90.3,90.3,88.65,89.4,97
2026-09-21T13:58:00+05:30,88.65,89.2,86.95,88.5,254
2026-09-21T13:59:00+05:30,88.5,88.5,85.05,87.0,321
2026-09-21T14:00:00+05:30,87.0,87.0,85.4,85.5,217
2026-09-21T14:01:00+05:30,86.15,86.65,85.05,86.0,203
2026-09-21T14:02:00+05:30,85.95,85.95,84.9,84.9,229
2026-09-21T14:03:00+05:30,84.75,85.6,84.3,85.6,172
2026-09-21T14:04:00+05:30,85.65,86.9,85.05,86.6,285
2026-09-21T14:05:00+05:30,86.65,87.4,86.45,86.45,109
2026-09-21T14:06:00+05:30,86.3,86.5,85.0,85.0,226
2026-09-21T14:07:00+05:30,85.0,86.0,84.45,86.0,63
2026-09-21T14:08:00+05:30,86.0,87.0,86.0,86.85,73
2026-09-21T14:09:00+05:30,87.0,87.6,86.3,86.3,165
2026-09-21T14:10:00+05:30,86.4,88.65,86.35,88.65,87
2026-09-21T14:11:00+05:30,88.6,88.6,86.55,87.2,58
2026-09-21T14:12:00+05:30,87.2,87.2,86.0,87.0,24
2026-09-21T14:13:00+05:30,86.8,88.25,86.6,87.6,57
2026-09-21T14:14:00+05:30,87.35,88.3,86.8,88.3,195
2026-09-21T14:15:00+05:30,88.2,88.35,87.25,87.85,45
2026-09-21T14:16:00+05:30,87.65,87.7,86.8,86.8,70
2026-09-21T14:17:00+05:30,86.35,86.6,85.3,85.95,45
2026-09-21T14:18:00+05:30,85.7,85.7,84.2,84.3,81
2026-09-21T14:19:00+05:30,84.65,85.3,83.7,85.3,108
2026-09-21T14:20:00+05:30,84.0,84.8,83.8,84.5,232
2026-09-21T14:21:00+05:30,84.6,85.7,84.35,85.5,93
2026-09-21T14:22:00+05:30,85.7,85.85,84.9,85.0,85
2026-09-21T14:23:00+05:30,84.45,85.2,84.4,84.8,22
2026-09-21T14:24:00+05:30,84.45,85.2,84.3,84.9,91
2026-09-21T14:25:00+05:30,85.0,86.0,84.85,85.7,42
2026-09-21T14:26:00+05:30,86.5,87.05,85.35,86.35,67
2026-09-21T14:27:00+05:30,86.5,86.7,86.15,86.25,33
2026-09-21T14:28:00+05:30,85.7,87.2,85.7,87.05,68
2026-09-21T14:29:00+05:30,87.45,88.35,87.4,87.9,18
2026-09-21T14:30:00+05:30,87.55,90.85,87.55,89.95,286
2026-09-21T14:31:00+05:30,89.95,90.2,88.55,89.9,92
2026-09-21T14:32:00+05:30,88.25,89.35,88.25,88.65,22
2026-09-21T14:33:00+05:30,88.6,89.75,88.6,89.45,35
2026-09-21T14:34:00+05:30,89.05,89.7,89.0,89.7,198
2026-09-21T14:35:00+05:30,89.45,89.95,88.95,89.3,74
2026-09-21T14:36:00+05:30,89.3,89.3,87.9,88.6,51
2026-09-21T14:37:00+05:30,88.35,88.95,87.95,88.2,148
2026-09-21T14:38:00+05:30,88.2,88.2,87.3,87.45,19
2026-09-21T14:39:00+05:30,87.65,88.4,87.65,88.2,12
2026-09-21T14:40:00+05:30,87.65,88.0,86.4,86.45,56
2026-09-21T14:41:00+05:30,86.8,87.45,86.7,86.75,28
2026-09-21T14:42:00+05:30,87.0,88.15,85.9,85.9,36
2026-09-21T14:43:00+05:30,85.8,86.55,85.05,86.4,66
2026-09-21T14:44:00+05:30,86.3,86.4,86.05,86.1,14
2026-09-21T14:45:00+05:30,86.2,86.4,85.9,86.4,62
2026-09-21T14:46:00+05:30,86.9,87.0,86.5,86.8,21
2026-09-21T14:47:00+05:30,86.7,86.85,86.25,86.85,51
2026-09-21T14:48:00+05:30,86.45,87.85,86.05,87.85,9
2026-09-21T14:49:00+05:30,88.0,88.65,87.7,88.2,69
2026-09-21T14:50:00+05:30,88.2,89.5,87.4,89.4,61
2026-09-21T14:51:00+05:30,89.95,91.9,89.85,90.7,190
2026-09-21T14:52:00+05:30,90.6,91.8,90.6,90.95,97
2026-09-21T14:53:00+05:30,91.0,92.0,90.8,91.35,112
2026-09-21T14:54:00+05:30,91.25,91.9,90.65,91.25,115
2026-09-21T14:55:00+05:30,90.7,91.1,90.3,90.3,27
2026-09-21T14:56:00+05:30,90.65,90.65,89.35,89.5,24
2026-09-21T14:57:00+05:30,88.65,89.45,87.9,89.05,89
2026-09-21T14:58:00+05:30,88.65,89.4,88.5,89.4,63
2026-09-21T14:59:00+05:30,89.8,89.8,88.15,88.55,12
2026-09-21T15:00:00+05:30,89.8,93.1,89.8,91.0,91
2026-09-21T15:01:00+05:30,91.35,92.3,91.3,92.1,65
2026-09-21T15:02:00+05:30,91.75,93.35,91.75,93.0,181
2026-09-21T15:03:00+05:30,93.5,95.0,93.5,94.45,218
2026-09-21T15:04:00+05:30,94.45,95.05,93.05,93.05,72
2026-09-21T15:05:00+05:30,93.2,93.6,91.9,92.2,64
2026-09-21T15:06:00+05:30,91.55,92.6,91.0,92.3,49
2026-09-21T15:07:00+05:30,92.25,93.35,91.95,92.55,33
2026-09-21T15:08:00+05:30,92.75,93.25,92.05,92.05,43
2026-09-21T15:09:00+05:30,92.3,92.75,90.9,91.4,97
2026-09-21T15:10:00+05:30,92.0,93.4,92.0,93.4,89
2026-09-21T15:11:00+05:30,93.6,93.7,92.55,93.3,27
2026-09-21T15:12:00+05:30,93.7,95.35,93.7,94.9,61
2026-09-21T15:13:00+05:30,95.25,95.85,93.85,94.95,152
2026-09-21T15:14:00+05:30,94.75,94.95,93.8,94.5,155
2026-09-21T15:15:00+05:30,94.8,95.25,93.75,94.05,120
2026-09-21T15:16:00+05:30,94.5,95.5,94.0,94.4,225
2026-09-21T15:17:00+05:30,94.2,95.15,94.15,94.75,42
2026-09-21T15:18:00+05:30,94.8,94.85,94.15,94.35,47
2026-09-21T15:19:00+05:30,94.6,95.35,93.95,94.8,98
2026-09-21T15:20:00+05:30,94.7,95.75,94.7,95.35,118
2026-09-21T15:21:00+05:30,95.5,95.65,94.7,94.8,119
2026-09-21T15:22:00+05:30,94.25,94.8,93.85,93.85,92
2026-09-21T15:23:00+05:30,94.0,94.3,93.0,93.4,86
2026-09-21T15:24:00+05:30,93.6,93.6,91.8,92.0,75
2026-09-21T15:25:00+05:30,91.75,93.0,91.75,93.0,146
2026-09-21T15:26:00+05:30,93.65,95.65,93.4,94.3,304
2026-09-21T15:27:00+05:30,94.6,95.0,93.8,94.3,60
2026-09-21T15:28:00+05:30,94.15,94.9,93.95,94.9,29
2026-09-21T15:29:00+05:30,94.9,95.0,93.8,94.5,97
2026-09-21T15:30:00+05:30,94.75,95.25,94.0,94.85,193
2026-09-21T15:31:00+05:30,94.3,94.3,93.15,93.45,103
2026-09-21T15:32:00+05:30,93.45,95.0,93.35,94.95,74
2026-09-21T15:33:00+05:30,94.95,95.1,94.4,94.85,40
2026-09-21T15:34:00+05:30,94.85,95.1,94.6,94.9,38
2026-09-21T15:35:00+05:30,94.75,95.6,94.75,95.2,149
2026-09-21T15:36:00+05:30,95.25,97.5,94.35,96.75,233
2026-09-21T15:37:00+05:30,96.35,97.05,96.1,97.0,251
2026-09-21T15:38:00+05:30,97.2,97.9,96.35,96.7,50
2026-09-21T15:39:00+05:30,96.65,98.8,96.6,97.15,504
2026-09-22T09:15:00+05:30,95.95,95.95,78.05,79.8,947
2026-09-22T09:16:00+05:30,79.85,85.0,78.3,84.05,391
2026-09-22T09:17:00+05:30,84.35,85.0,78.75,78.75,353
2026-09-22T09:18:00+05:30,78.2,79.0,74.95,75.6,482
2026-09-22T09:19:00+05:30,76.2,77.55,74.25,75.45,380
2026-09-22T09:20:00+05:30,75.2,76.05,72.6,75.65,465
2026-09-22T09:21:00+05:30,75.25,76.65,73.75,73.9,215
2026-09-22T09:22:00+05:30,74.2,75.5,72.9,75.45,406
2026-09-22T09:23:00+05:30,75.45,75.45,72.15,72.2,299
2026-09-22T09:24:00+05:30,72.0,73.05,70.25,73.05,235
2026-09-22T09:25:00+05:30,73.35,75.0,73.2,73.2,225
2026-09-22T09:26:00+05:30,73.45,74.9,72.15,74.8,504
2026-09-22T09:27:00+05:30,74.45,75.6,73.4,73.95,339
2026-09-22T09:28:00+05:30,73.15,74.4,70.85,72.2,210
2026-09-22T09:29:00+05:30,72.0,72.1,67.65,67.75,483
2026-09-22T09:30:00+05:30,67.6,68.15,66.5,68.0,362
2026-09-22T09:31:00+05:30,68.0,69.5,67.8,68.3,167
2026-09-22T09:32:00+05:30,67.95,71.15,67.8,71.15,208
2026-09-22T09:33:00+05:30,70.9,71.15,69.5,71.05,64
2026-09-22T09:34:00+05:30,71.4,71.4,69.9,70.35,79
2026-09-22T09:35:00+05:30,70.2,70.8,69.4,70.3,150
2026-09-22T09:36:00+05:30,70.3,70.75,69.05,69.45,113
2026-09-22T09:37:00+05:30,69.0,69.35,67.0,67.3,69
2026-09-22T09:38:00+05:30,67.7,67.7,66.5,67.4,302
2026-09-22T09:39:00+05:30,67.45,67.5,66.0,66.75,99
2026-09-22T09:40:00+05:30,67.0,67.6,66.5,66.5,260
2026-09-22T09:41:00+05:30,66.5,66.5,65.5,65.9,131
2026-09-22T09:42:00+05:30,66.0,66.95,64.25,64.5,223
2026-09-22T09:43:00+05:30,64.65,65.3,64.4,64.9,174
2026-09-22T09:44:00+05:30,64.65,65.05,63.5,63.5,92
2026-09-22T09:45:00+05:30,63.35,64.55,62.65,64.55,220
2026-09-22T09:46:00+05:30,64.25,64.4,63.0,63.1,112
2026-09-22T09:47:00+05:30,63.2,63.2,62.1,62.25,249
2026-09-22T09:48:00+05:30,62.1,62.75,60.9,62.75,584
2026-09-22T09:49:00+05:30,62.9,63.2,61.7,61.9,318
2026-09-22T09:50:00+05:30,61.8,61.85,59.5,60.0,300
2026-09-22T09:51:00+05:30,60.45,61.3,59.95,61.15,164
2026-09-22T09:52:00+05:30,61.7,61.85,61.0,61.05,328
2026-09-22T09:53:00+05:30,61.1,61.1,59.9,60.6,136
2026-09-22T09:54:00+05:30,60.3,60.75,59.65,59.9,179
2026-09-22T09:55:00+05:30,59.85,62.25,59.75,61.8,290
2026-09-22T09:56:00+05:30,61.9,61.95,60.6,61.65,500
2026-09-22T09:57:00+05:30,61.7,63.25,61.6,63.2,111
2026-09-22T09:58:00+05:30,62.4,62.45,60.8,61.0,106
2026-09-22T09:59:00+05:30,60.85,61.45,60.35,60.85,87
2026-09-22T10:00:00+05:30,60.95,61.15,59.5,60.05,123
2026-09-22T10:01:00+05:30,59.75,62.0,59.35,61.85,163
2026-09-22T10:02:00+05:30,61.95,63.55,61.95,63.45,88
2026-09-22T10:03:00+05:30,63.45,63.5,62.5,63.05,126
2026-09-22T10:04:00+05:30,63.35,63.35,61.15,61.85,61
2026-09-22T10:05:00+05:30,61.8,62.75,61.4,62.75,32
2026-09-22T10:06:00+05:30,62.75,64.9,62.7,64.9,266
2026-09-22T10:07:00+05:30,64.45,65.0,63.05,63.35,106
2026-09-22T10:08:00+05:30,63.3,64.15,62.2,62.45,126
2026-09-22T10:09:00+05:30,62.5,62.65,60.4,60.4,101
2026-09-22T10:10:00+05:30,60.6,62.2,60.6,61.65,23
2026-09-22T10:11:00+05:30,60.45,60.45,58.95,60.2,105
2026-09-22T10:12:00+05:30,59.95,61.05,59.75,60.7,116
2026-09-22T10:13:00+05:30,60.95,61.8,60.6,61.0,68
2026-09-22T10:14:00+05:30,60.65,60.75,59.65,60.75,34
2026-09-22T10:15:00+05:30,60.65,61.6,60.25,60.65,100
2026-09-22T10:16:00+05:30,60.9,62.6,60.25,61.6,150
2026-09-22T10:17:00+05:30,61.75,62.25,61.15,62.0,49
2026-09-22T10:18:00+05:30,62.0,63.3,61.15,61.65,240
2026-09-22T10:19:00+05:30,61.35,61.7,60.5,61.5,108
2026-09-22T10:20:00+05:30,61.7,64.0,61.7,63.15,276
2026-09-22T10:21:00+05:30,63.4,66.8,62.8,66.65,209
2026-09-22T10:22:00+05:30,66.4,69.0,66.35,68.3,390
2026-09-22T10:23:00+05:30,68.1,68.25,65.1,65.65,112
2026-09-22T10:24:00+05:30,65.9,66.85,65.3,65.85,148
2026-09-22T10:25:00+05:30,66.1,66.55,65.6,66.1,107
2026-09-22T10:26:00+05:30,66.25,67.45,66.05,67.15,120
2026-09-22T10:27:00+05:30,67.85,67.85,65.45,65.45,126
2026-09-22T10:28:00+05:30,65.95,66.25,64.95,65.15,64
2026-09-22T10:29:00+05:30,65.1,66.15,63.7,65.55,219
2026-09-22T10:30:00+05:30,65.75,71.65,65.65,71.45,392
2026-09-22T10:31:00+05:30,71.8,78.05,71.65,74.6,688
2026-09-22T10:32:00+05:30,75.0,79.75,72.85,78.95,468
2026-09-22T10:33:00+05:30,79.55,85.45,77.7,83.55,958
2026-09-22T10:34:00+05:30,83.6,85.3,80.2,82.05,434
2026-09-22T10:35:00+05:30,82.6,93.0,82.4,93.0,1122
2026-09-22T10:36:00+05:30,93.2,95.3,88.7,89.45,1159
2026-09-22T10:37:00+05:30,89.75,90.05,84.95,85.3,501
2026-09-22T10:38:00+05:30,85.6,87.0,82.7,86.1,332
2026-09-22T10:39:00+05:30,86.65,87.95,84.65,86.55,190
2026-09-22T10:40:00+05:30,86.1,86.25,83.25,85.1,90
2026-09-22T10:41:00+05:30,85.8,94.7,85.8,94.35,291
2026-09-22T10:42:00+05:30,95.0,104.8,95.0,97.25,1217
2026-09-22T10:43:00+05:30,97.0,99.55,94.05,96.85,430
2026-09-22T10:44:00+05:30,95.75,100.15,94.85,99.7,449
2026-09-22T10:45:00+05:30,99.45,104.65,99.45,102.25,815
2026-09-22T10:46:00+05:30,102.45,102.45,98.25,98.25,170
2026-09-22T10:47:00+05:30,98.1,99.55,95.5,97.15,216
2026-09-22T10:48:00+05:30,97.15,100.0,96.0,99.75,128
2026-09-22T10:49:00+05:30,99.35,101.15,96.35,101.15,193
2026-09-22T10:50:00+05:30,101.55,107.8,101.1,102.85,384
2026-09-22T10:51:00+05:30,103.7,107.35,101.65,104.4,217
2026-09-22T10:52:00+05:30,104.55,109.0,103.6,106.85,205
2026-09-22T10:53:00+05:30,106.2,108.15,105.35,105.35,113
2026-09-22T10:54:00+05:30,105.4,106.25,101.0,101.35,181
2026-09-22T10:55:00+05:30,102.4,102.75,97.95,98.45,255
2026-09-22T10:56:00+05:30,97.25,100.25,96.7,98.45,301
2026-09-22T10:57:00+05:30,98.45,98.45,94.65,95.75,255
2026-09-22T10:58:00+05:30,96.4,97.65,93.4,93.8,152
2026-09-22T10:59:00+05:30,94.9,94.95,91.3,93.2,157
2026-09-22T11:00:00+05:30,92.15,96.9,92.0,96.0,318
2026-09-22T11:01:00+05:30,96.15,102.45,96.15,99.4,71
2026-09-22T11:02:00+05:30,100.15,103.45,100.1,101.7,121
2026-09-22T11:03:00+05:30,102.8,104.1,102.45,102.8,76
2026-09-22T11:04:00+05:30,102.95,104.05,101.8,103.9,112
2026-09-22T11:05:00+05:30,104.35,107.9,101.45,105.85,265
2026-09-22T11:06:00+05:30,106.0,106.35,102.75,103.05,218
2026-09-22T11:07:00+05:30,102.55,105.7,102.55,102.8,164
2026-09-22T11:08:00+05:30,103.15,105.3,103.0,104.4,69
2026-09-22T11:09:00+05:30,104.65,104.65,99.75,100.4,354
2026-09-22T11:10:00+05:30,100.4,100.4,96.5,97.2,238
2026-09-22T11:11:00+05:30,97.05,98.95,95.6,98.1,273
2026-09-22T11:12:00+05:30,97.8,98.55,96.05,96.1,79
2026-09-22T11:13:00+05:30,96.2,96.2,93.8,94.95,141
2026-09-22T11:14:00+05:30,95.9,95.9,92.15,94.35,143
2026-09-22T11:15:00+05:30,94.45,96.9,94.45,95.8,129
2026-09-22T11:16:00+05:30,96.95,98.55,94.2,94.5,99
2026-09-22T11:17:00+05:30,94.5,95.9,92.5,94.7,151
2026-09-22T11:18:00+05:30,95.0,96.75,94.8,95.6,130
2026-09-22T11:19:00+05:30,96.65,98.55,96.3,96.3,111
2026-09-22T11:20:00+05:30,95.45,98.05,94.65,95.9,155
2026-09-22T11:21:00+05:30,96.6,96.6,94.55,94.85,43
2026-09-22T11:22:00+05:30,94.6,96.5,93.75,95.1,73
2026-09-22T11:23:00+05:30,94.4,95.4,93.2,94.55,186
2026-09-22T11:24:00+05:30,94.65,94.65,92.85,93.05,78
2026-09-22T11:25:00+05:30,93.3,93.3,91.15,92.35,61
2026-09-22T11:26:00+05:30,92.95,94.25,92.75,93.65,73
2026-09-22T11:27:00+05:30,93.25,95.2,93.0,93.8,51
2026-09-22T11:28:00+05:30,93.8,94.35,91.55,92.7,82
2026-09-22T11:29:00+05:30,92.75,94.25,91.85,93.2,36
2026-09-22T11:30:00+05:30,93.9,99.2,93.9,98.3,130
2026-09-22T11:31:00+05:30,97.25,100.15,97.2,100.15,38
2026-09-22T11:32:00+05:30,101.2,104.1,100.15,100.15,355
2026-09-22T11:33:00+05:30,100.0,103.15,100.0,101.55,119
2026-09-22T11:34:00+05:30,102.2,107.25,101.8,106.5,222
2026-09-22T11:35:00+05:30,107.1,110.3,106.0,106.0,187
2026-09-22T11:36:00+05:30,105.65,108.0,105.1,105.15,158
2026-09-22T11:37:00+05:30,104.65,107.55,104.55,105.9,146
2026-09-22T11:38:00+05:30,105.55,105.75,104.15,104.2,142
2026-09-22T11:39:00+05:30,104.45,108.7,104.45,108.15,65
2026-09-22T11:40:00+05:30,107.75,113.2,106.55,107.0,219
2026-09-22T11:41:00+05:30,106.55,107.3,105.45,107.15,161
2026-09-22T11:42:00+05:30,106.9,110.35,106.6,109.9,127
2026-09-22T11:43:00+05:30,109.05,110.1,107.45,108.95,82
2026-09-22T11:44:00+05:30,109.3,110.1,107.0,107.0,134
2026-09-22T11:45:00+05:30,107.0,109.0,106.0,106.75,215
2026-09-22T11:46:00+05:30,107.35,113.95,107.35,111.7,187
2026-09-22T11:47:00+05:30,112.3,113.35,110.0,110.25,92
2026-09-22T11:48:00+05:30,110.35,110.4,106.95,108.0,121
2026-09-22T11:49:00+05:30,107.8,109.25,107.25,107.8,86
2026-09-22T11:50:00+05:30,108.7,108.7,106.55,108.1,60
2026-09-22T11:51:00+05:30,107.75,109.8,107.45,108.9,127
2026-09-22T11:52:00+05:30,109.05,109.3,103.05,104.1,157
2026-09-22T11:53:00+05:30,104.7,106.8,104.1,105.5,63
2026-09-22T11:54:00+05:30,106.2,109.4,106.2,109.4,32
2026-09-22T11:55:00+05:30,109.5,110.45,108.35,108.35,42
2026-09-22T11:56:00+05:30,110.25,111.4,106.85,106.85,60
2026-09-22T11:57:00+05:30,106.95,108.35,106.45,106.75,64
2026-09-22T11:58:00+05:30,106.45,106.75,102.25,102.85,104
2026-09-22T11:59:00+05:30,102.7,103.75,102.0,103.2,48
2026-09-22T12:00:00+05:30,104.25,104.25,102.15,104.05,145
2026-09-22T12:01:00+05:30,104.55,106.0,103.15,103.5,88
2026-09-22T12:02:00+05:30,103.25,104.35,101.7,103.85,84
2026-09-22T12:03:00+05:30,102.35,102.4,98.4,99.3,42
2026-09-22T12:04:00+05:30,99.45,101.1,98.55,98.55,43
2026-09-22T12:05:00+05:30,99.1,99.85,97.5,97.7,149
2026-09-22T12:06:00+05:30,98.4,100.55,98.4,100.4,75
2026-09-22T12:07:00+05:30,100.75,102.55,100.5,101.2,80
2026-09-22T12:08:00+05:30,101.45,101.65,97.55,97.55,43
2026-09-22T12:09:00+05:30,97.55,98.25,96.0,96.05,108
2026-09-22T12:10:00+05:30,96.3,97.4,96.1,97.4,36
2026-09-22T12:11:00+05:30,97.05,99.3,96.95,98.4,61
2026-09-22T12:12:00+05:30,98.55,100.7,98.45,100.7,17
2026-09-22T12:13:00+05:30,100.7,103.25,100.7,102.85,53
2026-09-22T12:14:00+05:30,102.5,104.05,97.55,104.05,210
2026-09-22T12:15:00+05:30,104.65,106.7,104.65,105.0,40
2026-09-22T12:16:00+05:30,105.85,106.1,101.35,101.4,80
2026-09-22T12:17:00+05:30,101.0,101.2,98.4,98.4,46
2026-09-22T12:18:00+05:30,98.75,98.8,97.35,97.95,51
2026-09-22T12:19:00+05:30,97.2,97.75,94.15,95.55,209
2026-09-22T12:20:00+05:30,95.05,96.65,94.45,96.0,129
2026-09-22T12:21:00+05:30,96.1,97.0,92.1,92.55,111
2026-09-22T12:22:00+05:30,93.55,95.3,93.3,95.3,44
2026-09-22T12:23:00+05:30,96.65,96.65,94.55,95.9,43
2026-09-22T12:24:00+05:30,96.1,97.15,95.75,96.4,56
2026-09-22T12:25:00+05:30,96.9,97.45,95.75,96.8,40
2026-09-22T12:26:00+05:30,96.25,96.25,93.65,94.5,88
2026-09-22T12:27:00+05:30,94.6,96.35,93.4,94.35,39
2026-09-22T12:28:00+05:30,95.95,95.95,92.6,93.95,150
2026-09-22T12:29:00+05:30,94.25,97.35,94.25,97.0,81
2026-09-22T12:30:00+05:30,97.1,100.05,97.0,100.05,315
2026-09-22T12:31:00+05:30,100.2,101.1,98.0,98.0,55
2026-09-22T12:32:00+05:30,97.9,97.95,96.2,97.1,46
2026-09-22T12:33:00+05:30,97.7,97.7,95.4,97.4,42
2026-09-22T12:35:00+05:30,95.2,96.35,95.05,96.0,9
2026-09-22T12:36:00+05:30,96.05,98.05,96.05,97.95,40
2026-09-22T12:37:00+05:30,98.25,99.85,96.5,98.9,114
2026-09-22T12:38:00+05:30,98.95,100.55,98.7,99.75,68
2026-09-22T12:39:00+05:30,100.55,102.55,100.55,101.25,141
2026-09-22T12:40:00+05:30,101.2,103.4,100.45,100.45,75
2026-09-22T12:41:00+05:30,100.85,103.9,100.85,103.0,28
2026-09-22T12:42:00+05:30,103.25,103.25,101.8,102.3,40
2026-09-22T12:43:00+05:30,102.45,106.2,101.85,106.2,115
2026-09-22T12:44:00+05:30,106.7,110.05,106.45,110.05,352
2026-09-22T12:45:00+05:30,110.0,112.35,109.4,110.55,177
2026-09-22T12:46:00+05:30,110.8,111.0,107.2,108.7,138
2026-09-22T12:47:00+05:30,108.95,109.6,107.05,107.8,63
2026-09-22T12:48:00+05:30,107.3,108.0,105.5,105.5,148
2026-09-22T12:49:00+05:30,105.0,109.25,103.9,109.25,123
2026-09-22T12:50:00+05:30,109.95,111.95,109.6,110.25,108
2026-09-22T12:51:00+05:30,110.35,112.75,109.55,111.15,89
2026-09-22T12:52:00+05:30,111.55,112.2,107.9,108.65,138
2026-09-22T12:53:00+05:30,107.8,109.95,107.6,108.5,47
2026-09-22T12:54:00+05:30,109.85,110.25,108.05,109.55,38
2026-09-22T12:55:00+05:30,109.9,115.1,109.5,115.05,160
2026-09-22T12:56:00+05:30,114.75,116.25,108.75,109.15,184
2026-09-22T12:57:00+05:30,109.95,110.85,108.45,110.4,84
2026-09-22T12:58:00+05:30,111.0,111.7,108.0,109.1,110
2026-09-22T12:59:00+05:30,109.3,110.0,109.2,109.8,170
2026-09-22T13:00:00+05:30,110.7,117.15,110.6,114.3,237
2026-09-22T13:01:00+05:30,114.55,116.2,110.55,110.55,354
2026-09-22T13:02:00+05:30,110.8,114.75,108.7,114.25,237
2026-09-22T13:03:00+05:30,115.0,116.7,114.5,114.7,193
2026-09-22T13:04:00+05:30,115.3,116.5,113.8,116.25,46
2026-09-22T13:05:00+05:30,115.75,116.5,113.0,113.45,56
2026-09-22T13:06:00+05:30,113.35,114.15,111.45,112.25,88
2026-09-22T13:07:00+05:30,112.1,112.35,109.45,109.9,159
2026-09-22T13:08:00+05:30,109.9,113.05,109.9,110.3,51
2026-09-22T13:09:00+05:30,109.35,110.2,107.55,107.55,59
2026-09-22T13:10:00+05:30,107.1,107.4,105.45,107.4,51
2026-09-22T13:11:00+05:30,108.3,111.0,107.45,110.0,108
2026-09-22T13:12:00+05:30,109.5,110.65,107.55,108.65,56
2026-09-22T13:13:00+05:30,107.6,110.4,107.6,109.2,43
2026-09-22T13:14:00+05:30,109.05,109.1,105.55,105.55,58
2026-09-22T13:15:00+05:30,106.1,106.4,103.8,105.1,85
2026-09-22T13:16:00+05:30,106.9,107.6,105.45,105.65,53
2026-09-22T13:17:00+05:30,106.45,110.25,106.0,110.25,80
2026-09-22T13:18:00+05:30,110.8,112.55,110.0,110.0,92
2026-09-22T13:19:00+05:30,108.9,109.65,107.25,107.35,32
2026-09-22T13:20:00+05:30,108.8,112.0,108.8,112.0,23
2026-09-22T13:21:00+05:30,112.0,113.65,112.0,113.5,75
2026-09-22T13:22:00+05:30,113.3,113.75,111.85,113.35,463
2026-09-22T13:23:00+05:30,111.95,112.9,111.55,111.55,29
2026-09-22T13:24:00+05:30,111.6,112.6,110.0,110.0,22
2026-09-22T13:25:00+05:30,110.35,111.4,109.9,111.3,51
2026-09-22T13:26:00+05:30,109.2,114.0,109.2,112.85,60
2026-09-22T13:27:00+05:30,113.05,113.5,110.4,111.0,719
2026-09-22T13:28:00+05:30,110.8,110.8,108.9,109.9,39
2026-09-22T13:29:00+05:30,110.25,110.7,107.95,109.45,87
2026-09-22T13:30:00+05:30,110.2,111.5,109.05,109.05,30
2026-09-22T13:31:00+05:30,109.3,110.0,107.95,109.15,72
2026-09-22T13:32:00+05:30,109.25,109.4,106.75,108.15,67
2026-09-22T13:33:00+05:30,108.6,108.6,107.3,107.55,76
2026-09-22T13:34:00+05:30,107.0,108.15,106.25,107.7,71
2026-09-22T13:35:00+05:30,107.9,109.7,105.85,105.85,36
2026-09-22T13:36:00+05:30,105.8,107.0,104.25,107.0,50
2026-09-22T13:37:00+05:30,106.0,106.15,104.9,104.9,46
2026-09-22T13:38:00+05:30,106.0,107.2,105.2,107.2,54
2026-09-22T13:39:00+05:30,107.2,107.55,105.45,105.75,42
2026-09-22T13:40:00+05:30,106.25,106.35,105.0,105.5,110
2026-09-22T13:41:00+05:30,104.85,106.7,104.45,105.7,23
2026-09-22T13:42:00+05:30,106.5,106.6,102.2,104.35,139
2026-09-22T13:43:00+05:30,105.1,106.8,104.65,106.8,35
2026-09-22T13:44:00+05:30,106.8,110.0,106.5,109.55,58
2026-09-22T13:45:00+05:30,110.0,112.3,109.15,110.9,262
2026-09-22T13:46:00+05:30,111.75,113.45,111.0,112.15,175
2026-09-22T13:47:00+05:30,112.75,113.3,109.4,110.1,131
2026-09-22T13:48:00+05:30,110.95,114.0,110.9,114.0,86
2026-09-22T13:49:00+05:30,114.2,115.3,111.7,111.7,197
2026-09-22T13:50:00+05:30,111.65,114.4,111.65,112.6,103
2026-09-22T13:51:00+05:30,113.15,115.4,112.4,114.85,129
2026-09-22T13:52:00+05:30,114.4,114.5,112.25,112.25,94
2026-09-22T13:53:00+05:30,114.0,128.7,113.45,124.2,373
2026-09-22T13:54:00+05:30,125.95,131.6,125.65,127.5,317
2026-09-22T13:55:00+05:30,127.0,127.65,118.95,122.65,211
2026-09-22T13:56:00+05:30,122.4,125.15,122.4,124.45,170
2026-09-22T13:57:00+05:30,124.7,125.55,122.5,124.0,80
2026-09-22T13:58:00+05:30,124.45,127.0,124.15,124.75,201
2026-09-22T13:59:00+05:30,125.35,126.05,123.1,123.55,114
2026-09-22T14:00:00+05:30,123.7,130.65,123.6,129.45,362
2026-09-22T14:01:00+05:30,130.45,130.45,123.25,123.25,201
2026-09-22T14:02:00+05:30,123.3,125.3,119.5,123.3,235
2026-09-22T14:03:00+05:30,123.45,124.75,120.8,121.0,86
2026-09-22T14:04:00+05:30,121.65,123.45,117.35,117.8,181
2026-09-22T14:05:00+05:30,118.45,120.75,115.85,120.75,115
2026-09-22T14:06:00+05:30,120.65,123.3,118.0,118.6,134
2026-09-22T14:07:00+05:30,119.15,123.1,118.2,122.05,75
2026-09-22T14:08:00+05:30,122.2,123.7,121.7,122.0,126
2026-09-22T14:09:00+05:30,121.15,122.15,114.05,114.1,125
2026-09-22T14:10:00+05:30,114.95,116.7,110.6,114.1,271
2026-09-22T14:11:00+05:30,113.85,117.55,108.9,109.45,199
2026-09-22T14:12:00+05:30,109.7,112.15,100.55,103.45,462
2026-09-22T14:13:00+05:30,102.05,105.55,102.0,103.35,157
2026-09-22T14:14:00+05:30,104.7,104.75,83.05,83.2,1093
2026-09-22T14:15:00+05:30,83.7,92.0,80.0,91.8,1652
2026-09-22T14:16:00+05:30,91.85,100.6,91.85,95.8,1152
2026-09-22T14:17:00+05:30,95.65,96.2,90.0,90.15,812
2026-09-22T14:18:00+05:30,89.5,96.8,89.4,95.2,183
2026-09-22T14:19:00+05:30,94.3,95.35,90.0,90.25,198
2026-09-22T14:20:00+05:30,90.3,91.9,86.35,88.1,696
2026-09-22T14:21:00+05:30,88.2,90.2,84.05,90.2,547
2026-09-22T14:22:00+05:30,90.7,91.75,90.0,91.4,197
2026-09-22T14:23:00+05:30,91.2,92.0,88.55,92.0,161
2026-09-22T14:24:00+05:30,93.0,95.15,91.45,95.05,116
2026-09-22T14:25:00+05:30,94.45,95.5,88.2,89.4,336
2026-09-22T14:26:00+05:30,89.3,90.95,87.25,88.55,216
2026-09-22T14:27:00+05:30,88.0,90.1,87.25,88.35,340
2026-09-22T14:28:00+05:30,88.45,90.65,87.85,87.85,231
2026-09-22T14:29:00+05:30,88.0,88.1,85.9,88.05,185
2026-09-22T14:30:00+05:30,88.35,88.45,85.55,88.0,180
2026-09-22T14:31:00+05:30,87.05,87.45,83.3,84.1,227
2026-09-22T14:32:00+05:30,83.85,84.1,79.3,81.25,172
2026-09-22T14:33:00+05:30,80.75,85.2,80.75,85.1,247
2026-09-22T14:34:00+05:30,85.55,90.3,85.15,89.35,197
2026-09-22T14:35:00+05:30,89.5,90.2,87.6,87.75,244
2026-09-22T14:36:00+05:30,87.2,87.45,84.0,84.4,98
2026-09-22T14:37:00+05:30,85.7,89.7,85.7,89.0,58
2026-09-22T14:38:00+05:30,87.6,91.65,87.6,91.65,130
2026-09-22T14:39:00+05:30,91.55,91.55,88.45,89.7,119
2026-09-22T14:40:00+05:30,89.05,92.4,88.8,92.35,100
2026-09-22T14:41:00+05:30,92.0,95.95,90.75,92.05,253
2026-09-22T14:42:00+05:30,92.6,100.85,92.6,98.75,198
2026-09-22T14:43:00+05:30,98.05,98.35,95.9,97.1,190
2026-09-22T14:44:00+05:30,96.0,96.2,94.05,94.45,72
2026-09-22T14:45:00+05:30,94.55,96.5,90.0,91.15,88
2026-09-22T14:46:00+05:30,92.0,93.75,91.15,91.15,51
2026-09-22T14:47:00+05:30,91.35,94.3,91.2,93.15,32
2026-09-22T14:48:00+05:30,93.35,96.7,92.95,96.3,38
2026-09-22T14:49:00+05:30,95.95,97.0,95.0,97.0,41
2026-09-22T14:50:00+05:30,98.25,98.9,94.0,94.05,97
2026-09-22T14:51:00+05:30,94.4,97.5,94.4,97.5,32
2026-09-22T14:52:00+05:30,97.6,99.3,95.35,95.8,115
2026-09-22T14:53:00+05:30,95.65,97.35,94.5,96.25,80
2026-09-22T14:54:00+05:30,96.3,97.1,94.9,95.55,65
2026-09-22T14:55:00+05:30,96.0,96.1,93.5,93.5,62
2026-09-22T14:56:00+05:30,93.55,97.1,93.55,94.55,45
2026-09-22T14:57:00+05:30,94.95,97.05,94.95,97.05,63
2026-09-22T14:58:00+05:30,96.7,100.0,95.6,99.35,136
2026-09-22T14:59:00+05:30,99.7,101.25,97.8,98.5,127
2026-09-22T15:00:00+05:30,98.2,100.8,96.95,100.0,124
2026-09-22T15:01:00+05:30,100.55,102.45,96.05,96.6,53
2026-09-22T15:02:00+05:30,96.45,97.0,93.9,95.8,76
2026-09-22T15:03:00+05:30,96.15,96.65,92.15,92.5,233
2026-09-22T15:04:00+05:30,92.75,95.1,91.9,94.75,270
2026-09-22T15:05:00+05:30,95.5,96.8,94.2,96.8,73
2026-09-22T15:06:00+05:30,97.55,99.0,96.45,97.0,49
2026-09-22T15:07:00+05:30,96.8,98.45,96.8,98.45,58
2026-09-22T15:08:00+05:30,99.7,100.25,98.95,99.8,79
2026-09-22T15:09:00+05:30,100.2,100.85,98.4,98.55,114
2026-09-22T15:10:00+05:30,98.15,100.4,96.0,96.4,77
2026-09-22T15:11:00+05:30,96.8,98.65,92.35,93.85,713
2026-09-22T15:12:00+05:30,94.35,95.4,91.6,91.8,387
2026-09-22T15:13:00+05:30,92.1,93.45,90.6,92.25,405
2026-09-22T15:14:00+05:30,91.9,92.35,90.25,92.05,184
2026-09-22T15:15:00+05:30,92.0,96.15,92.0,95.7,169
2026-09-22T15:16:00+05:30,95.5,95.5,91.65,92.0,227
2026-09-22T15:17:00+05:30,91.5,93.15,91.4,93.15,41
2026-09-22T15:18:00+05:30,93.85,94.05,92.85,93.5,36
2026-09-22T15:19:00+05:30,94.7,95.45,93.05,94.9,41
2026-09-22T15:20:00+05:30,93.8,97.0,92.7,94.4,228
2026-09-22T15:21:00+05:30,94.7,94.9,92.4,93.0,92
2026-09-22T15:22:00+05:30,93.75,96.0,91.0,92.35,120
2026-09-22T15:23:00+05:30,92.25,93.2,90.2,91.6,42
2026-09-22T15:24:00+05:30,91.6,91.95,90.3,90.8,32
2026-09-22T15:25:00+05:30,91.15,92.1,91.0,91.0,47
2026-09-22T15:26:00+05:30,91.0,92.8,89.15,91.65,159
2026-09-22T15:27:00+05:30,92.35,93.25,91.5,93.25,133
2026-09-22T15:28:00+05:30,93.0,94.05,92.75,93.95,105
2026-09-22T15:29:00+05:30,94.15,97.0,93.85,96.5,121
2026-09-22T15:30:00+05:30,97.0,100.65,97.0,100.65,189
2026-09-22T15:31:00+05:30,100.65,101.0,98.35,99.55,141
2026-09-22T15:32:00+05:30,99.85,100.85,99.55,100.2,351
2026-09-22T15:33:00+05:30,100.15,100.5,94.0,94.6,245
2026-09-22T15:34:00+05:30,94.0,94.0,89.7,89.8,413
2026-09-22T15:35:00+05:30,90.25,90.25,84.3,85.0,404
2026-09-22T15:36:00+05:30,84.85,84.85,82.0,82.4,618
2026-09-22T15:37:00+05:30,82.9,83.0,77.5,78.45,309
2026-09-22T15:38:00+05:30,78.4,78.95,76.15,76.15,806
2026-09-22T15:39:00+05:30,76.1,79.25,73.1,78.75,493
2026-09-23T09:15:00+05:30,90.0,90.0,70.85,79.3,1448
2026-09-23T09:16:00+05:30,79.3,79.3,71.6,73.35,1094
2026-09-23T09:17:00+05:30,72.85,73.75,68.85,69.05,843
2026-09-23T09:18:00+05:30,69.0,69.4,65.0,67.65,1031
2026-09-23T09:19:00+05:30,67.65,67.65,64.0,64.4,669
2026-09-23T09:20:00+05:30,64.55,65.2,61.35,64.5,619
2026-09-23T09:21:00+05:30,64.0,67.1,63.2,66.65,377
2026-09-23T09:22:00+05:30,67.1,67.1,63.5,65.55,327
2026-09-23T09:23:00+05:30,65.25,68.0,63.65,68.0,394
2026-09-23T09:24:00+05:30,67.9,69.95,67.3,68.9,337
2026-09-23T09:25:00+05:30,68.25,73.75,67.9,70.8,374
2026-09-23T09:26:00+05:30,70.2,73.25,69.0,72.5,365
2026-09-23T09:27:00+05:30,72.2,72.5,67.95,69.7,433
2026-09-23T09:28:00+05:30,69.5,70.0,67.2,68.3,363
2026-09-23T09:29:00+05:30,68.15,69.65,66.45,69.3,208
2026-09-23T09:30:00+05:30,68.45,68.45,63.0,63.15,533
2026-09-23T09:31:00+05:30,63.55,67.05,62.2,66.05,387
2026-09-23T09:32:00+05:30,65.7,66.1,62.25,62.75,210
2026-09-23T09:33:00+05:30,62.65,64.4,61.45,62.2,220
2026-09-23T09:34:00+05:30,62.0,63.3,61.2,61.45,321
2026-09-23T09:35:00+05:30,61.15,63.0,60.25,62.25,410
2026-09-23T09:36:00+05:30,61.7,65.5,61.05,62.75,374
2026-09-23T09:37:00+05:30,62.8,63.65,62.1,62.1,230
2026-09-23T09:38:00+05:30,62.0,62.45,60.5,61.75,199
2026-09-23T09:39:00+05:30,61.45,65.0,61.0,65.0,254
2026-09-23T09:40:00+05:30,64.15,64.45,61.2,61.55,194
2026-09-23T09:41:00+05:30,61.45,62.0,60.05,60.65,197
2026-09-23T09:42:00+05:30,60.45,60.65,58.7,59.5,290
2026-09-23T09:43:00+05:30,58.85,60.0,58.85,59.75,139
2026-09-23T09:44:00+05:30,59.65,60.5,57.0,57.95,424
2026-09-23T09:45:00+05:30,57.5,57.6,55.55,57.2,308
2026-09-23T09:46:00+05:30,57.15,57.7,55.6,56.9,327
2026-09-23T09:47:00+05:30,56.8,56.95,55.5,55.85,300
2026-09-23T09:48:00+05:30,56.0,59.1,55.2,58.55,429
2026-09-23T09:49:00+05:30,59.35,62.15,59.15,59.65,262
2026-09-23T09:50:00+05:30,59.85,62.4,59.65,61.3,161
2026-09-23T09:51:00+05:30,61.45,62.25,60.05,60.9,220
2026-09-23T09:52:00+05:30,60.6,61.6,59.15,60.3,140
2026-09-23T09:53:00+05:30,60.05,61.75,59.0,61.6,128
2026-09-23T09:54:00+05:30,61.6,66.0,61.6,64.05,377
2026-09-23T09:55:00+05:30,63.45,64.2,62.05,62.3,337
2026-09-23T09:56:00+05:30,62.1,62.1,59.2,59.55,503
2026-09-23T09:57:00+05:30,59.0,59.45,57.0,58.2,474
2026-09-23T09:58:00+05:30,58.5,59.2,56.55,56.7,429
2026-09-23T09:59:00+05:30,56.7,56.9,53.5,54.0,785
2026-09-23T10:00:00+05:30,54.15,55.3,50.55,52.35,2099
2026-09-23T10:01:00+05:30,52.5,53.4,51.0,53.4,782
2026-09-23T10:02:00+05:30,53.0,53.65,52.1,53.0,179
2026-09-23T10:03:00+05:30,53.0,53.55,51.0,52.0,179
2026-09-23T10:04:00+05:30,51.75,52.5,50.8,51.05,301
2026-09-23T10:05:00+05:30,51.0,52.0,50.6,51.0,193
2026-09-23T10:06:00+05:30,50.75,51.9,50.1,51.6,373
2026-09-23T10:07:00+05:30,51.9,52.6,51.4,52.6,87
2026-09-23T10:08:00+05:30,53.0,53.4,51.4,51.85,188
2026-09-23T10:09:00+05:30,52.0,52.2,51.2,51.7,132
2026-09-23T10:10:00+05:30,52.05,53.1,51.0,53.1,203
2026-09-23T10:11:00+05:30,53.15,54.25,52.7,54.0,130
2026-09-23T10:12:00+05:30,53.6,53.75,51.75,52.35,158
2026-09-23T10:13:00+05:30,51.85,52.3,50.25,51.25,161
2026-09-23T10:14:00+05:30,51.15,52.0,50.7,51.4,222
2026-09-23T10:15:00+05:30,51.4,51.4,49.6,49.65,205
2026-09-23T10:16:00+05:30,49.7,50.4,48.5,49.3,301
2026-09-23T10:17:00+05:30,49.1,49.6,48.15,48.55,355
2026-09-23T10:18:00+05:30,48.55,48.95,47.0,48.65,527
2026-09-23T10:19:00+05:30,48.55,49.95,48.1,48.8,239
2026-09-23T10:20:00+05:30,48.25,49.2,47.75,48.55,144
2026-09-23T10:21:00+05:30,48.25,48.65,47.2,48.1,225
2026-09-23T10:22:00+05:30,47.8,49.3,47.25,49.3,421
2026-09-23T10:23:00+05:30,48.95,48.95,47.4,47.8,349
2026-09-23T10:24:00+05:30,47.9,49.9,47.9,49.35,203
2026-09-23T10:25:00+05:30,49.0,49.5,48.1,48.25,292
2026-09-23T10:26:00+05:30,48.25,49.1,47.75,48.35,119
2026-09-23T10:27:00+05:30,48.3,48.3,47.05,47.65,159
2026-09-23T10:28:00+05:30,47.4,47.6,45.8,46.75,379
2026-09-23T10:29:00+05:30,46.9,47.6,46.6,47.05,478
2026-09-23T10:30:00+05:30,46.9,48.55,46.3,47.85,412
2026-09-23T10:31:00+05:30,47.65,48.6,47.25,48.1,166
2026-09-23T10:32:00+05:30,47.65,48.7,47.35,47.85,170
2026-09-23T10:33:00+05:30,48.3,48.95,47.5,47.6,92
2026-09-23T10:34:00+05:30,47.7,48.0,47.15,47.6,117
2026-09-23T10:35:00+05:30,47.25,48.65,46.65,48.55,370
2026-09-23T10:36:00+05:30,48.6,48.65,47.0,47.3,245
2026-09-23T10:37:00+05:30,47.45,47.6,45.5,45.6,279
2026-09-23T10:38:00+05:30,45.5,46.0,44.75,44.85,309
2026-09-23T10:39:00+05:30,44.5,45.65,44.25,44.7,222
2026-09-23T10:40:00+05:30,45.05,45.8,44.25,45.2,688
2026-09-23T10:41:00+05:30,44.95,46.3,44.45,46.05,2793
2026-09-23T10:42:00+05:30,46.05,46.15,44.7,45.9,617
2026-09-23T10:43:00+05:30,45.85,46.0,45.3,45.3,110
2026-09-23T10:44:00+05:30,45.35,45.55,44.45,44.6,203
2026-09-23T10:45:00+05:30,44.5,45.0,44.1,44.85,261
2026-09-23T10:46:00+05:30,44.5,45.6,44.1,45.3,177
2026-09-23T10:47:00+05:30,45.3,45.75,44.5,45.7,140
2026-09-23T10:48:00+05:30,45.55,47.0,45.35,46.05,1268
2026-09-23T10:49:00+05:30,46.05,47.4,45.7,46.55,205
2026-09-23T10:50:00+05:30,46.5,46.9,45.45,45.8,166
2026-09-23T10:51:00+05:30,45.65,46.1,45.5,46.0,157
2026-09-23T10:52:00+05:30,45.8,45.85,44.45,44.75,239
2026-09-23T10:53:00+05:30,44.8,45.5,43.75,44.3,394
2026-09-23T10:54:00+05:30,44.15,45.5,43.7,45.1,295
2026-09-23T10:55:00+05:30,44.75,44.75,43.85,44.15,151
2026-09-23T10:56:00+05:30,44.0,44.9,43.5,44.65,188
2026-09-23T10:57:00+05:30,44.55,44.7,43.7,44.1,136
2026-09-23T10:58:00+05:30,44.15,44.2,43.35,43.65,182
2026-09-23T10:59:00+05:30,43.6,44.4,43.6,43.8,236
2026-09-23T11:00:00+05:30,43.8,44.85,43.65,43.9,210
2026-09-23T11:01:00+05:30,43.85,44.3,43.35,43.75,158
2026-09-23T11:02:00+05:30,43.45,43.95,43.25,43.4,162
2026-09-23T11:03:00+05:30,43.55,43.95,43.1,43.95,299
2026-09-23T11:04:00+05:30,44.05,44.25,43.4,44.05,137
2026-09-23T11:05:00+05:30,44.0,44.3,42.55,43.0,370
2026-09-23T11:06:00+05:30,42.75,42.8,42.05,42.25,261
2026-09-23T11:07:00+05:30,42.05,42.65,41.3,41.4,494
2026-09-23T11:08:00+05:30,41.75,42.55,41.55,42.1,294
2026-09-23T11:09:00+05:30,42.15,42.9,42.1,42.45,144
2026-09-23T11:10:00+05:30,42.35,42.45,41.55,42.1,205
2026-09-23T11:11:00+05:30,42.15,42.2,41.35,42.0,276
2026-09-23T11:12:00+05:30,41.9,42.45,41.55,42.05,283
2026-09-23T11:13:00+05:30,42.15,42.25,41.65,42.15,126
2026-09-23T11:14:00+05:30,42.05,42.15,41.7,41.95,78
2026-09-23T11:15:00+05:30,42.15,42.85,42.15,42.85,247
2026-09-23T11:16:00+05:30,42.95,44.0,42.75,43.9,101
2026-09-23T11:17:00+05:30,43.9,44.5,43.65,44.3,216
2026-09-23T11:18:00+05:30,44.3,44.7,43.85,44.45,94
2026-09-23T11:19:00+05:30,44.45,45.15,44.1,44.8,154
2026-09-23T11:20:00+05:30,45.0,45.0,44.0,44.6,83
2026-09-23T11:21:00+05:30,44.55,44.8,44.2,44.7,137
2026-09-23T11:22:00+05:30,44.35,44.6,43.75,44.4,152
2026-09-23T11:23:00+05:30,44.4,44.6,44.0,44.6,63
2026-09-23T11:24:00+05:30,44.5,44.6,44.1,44.25,100
2026-09-23T11:25:00+05:30,44.5,44.75,43.35,43.55,101
2026-09-23T11:26:00+05:30,43.35,43.75,42.45,43.7,508
2026-09-23T11:27:00+05:30,43.7,44.8,43.7,44.8,115
2026-09-23T11:28:00+05:30,44.7,44.95,44.45,44.75,62
2026-09-23T11:29:00+05:30,44.85,44.9,44.55,44.75,27
2026-09-23T11:30:00+05:30,44.55,44.95,43.4,44.5,114
2026-09-23T11:31:00+05:30,44.8,45.3,44.2,44.8,149
2026-09-23T11:32:00+05:30,44.55,44.55,43.15,43.55,150
2026-09-23T11:33:00+05:30,43.5,44.1,43.0,43.1,69
2026-09-23T11:34:00+05:30,43.5,44.1,43.2,43.95,61
2026-09-23T11:35:00+05:30,44.15,44.85,44.15,44.65,96
2026-09-23T11:36:00+05:30,44.65,44.8,44.2,44.75,56
2026-09-23T11:37:00+05:30,44.5,44.5,44.25,44.25,10
2026-09-23T11:38:00+05:30,44.75,44.95,44.55,44.7,50
2026-09-23T11:39:00+05:30,44.55,45.05,44.4,44.6,52
2026-09-23T11:40:00+05:30,44.35,44.35,43.85,44.0,55
2026-09-23T11:41:00+05:30,43.95,43.95,43.1,43.15,96
2026-09-23T11:42:00+05:30,43.2,43.3,42.6,42.65,146
2026-09-23T11:43:00+05:30,42.6,42.75,42.0,42.2,159
2026-09-23T11:44:00+05:30,42.2,42.7,42.2,42.3,103
2026-09-23T11:45:00+05:30,42.25,42.9,42.25,42.9,44
2026-09-23T11:46:00+05:30,43.3,43.3,42.65,42.8,33
2026-09-23T11:47:00+05:30,42.6,43.3,42.6,42.95,38
2026-09-23T11:48:00+05:30,42.95,43.65,42.65,43.55,33
2026-09-23T11:49:00+05:30,43.5,44.85,43.5,44.85,53
2026-09-23T11:50:00+05:30,44.85,45.7,44.65,45.45,125
2026-09-23T11:51:00+05:30,45.7,46.6,44.95,46.1,109
2026-09-23T11:52:00+05:30,46.35,46.4,45.0,45.05,87
2026-09-23T11:53:00+05:30,44.95,45.1,44.15,44.3,102
2026-09-23T11:54:00+05:30,44.25,44.55,43.9,44.5,63
2026-09-23T11:55:00+05:30,44.65,45.2,44.35,45.2,49
2026-09-23T11:56:00+05:30,45.15,45.5,45.15,45.5,20
2026-09-23T11:57:00+05:30,45.7,46.0,45.6,46.0,18
2026-09-23T11:58:00+05:30,46.05,46.05,45.45,45.45,55
2026-09-23T11:59:00+05:30,45.45,45.95,45.0,45.35,146
2026-09-23T12:00:00+05:30,45.5,45.6,45.15,45.15,31
2026-09-23T12:01:00+05:30,44.9,44.9,42.7,42.7,168
2026-09-23T12:02:00+05:30,42.8,43.6,42.15,42.65,291
2026-09-23T12:03:00+05:30,42.15,43.0,42.0,42.65,99
2026-09-23T12:04:00+05:30,42.45,43.0,42.35,42.4,111
2026-09-23T12:05:00+05:30,42.5,43.0,41.25,42.3,136
2026-09-23T12:06:00+05:30,42.0,42.45,41.25,41.55,208
2026-09-23T12:07:00+05:30,41.55,42.7,41.55,42.5,168
2026-09-23T12:08:00+05:30,42.65,43.35,42.2,43.0,87
2026-09-23T12:09:00+05:30,43.15,43.7,42.9,42.9,117
2026-09-23T12:10:00+05:30,43.05,43.05,42.45,42.75,50
2026-09-23T12:11:00+05:30,42.9,43.0,42.35,42.5,36
2026-09-23T12:12:00+05:30,42.65,42.65,42.35,42.6,40
2026-09-23T12:13:00+05:30,42.45,42.9,41.9,42.6,72
2026-09-23T12:14:00+05:30,42.2,43.0,42.2,43.0,113
2026-09-23T12:15:00+05:30,42.7,43.3,42.55,43.05,79
2026-09-23T12:16:00+05:30,43.25,43.65,42.9,43.15,48
2026-09-23T12:17:00+05:30,43.3,43.4,42.9,43.35,141
2026-09-23T12:18:00+05:30,43.2,43.3,42.7,42.7,32
2026-09-23T12:19:00+05:30,43.1,43.1,42.6,42.6,28
2026-09-23T12:20:00+05:30,42.5,43.05,42.25,42.85,28
2026-09-23T12:21:00+05:30,42.7,43.3,42.65,42.9,58
2026-09-23T12:22:00+05:30,43.25,43.85,43.25,43.7,413
2026-09-23T12:23:00+05:30,43.5,43.95,43.4,43.95,554
2026-09-23T12:24:00+05:30,43.9,44.1,43.3,43.95,951
2026-09-23T12:25:00+05:30,43.95,45.0,43.9,45.0,344
2026-09-23T12:26:00+05:30,44.7,45.0,43.8,44.3,285
2026-09-23T12:27:00+05:30,44.45,44.45,43.85,44.0,58
2026-09-23T12:28:00+05:30,44.0,44.25,43.65,43.85,126
2026-09-23T12:29:00+05:30,43.65,44.6,43.65,44.0,83
2026-09-23T12:30:00+05:30,43.75,44.5,43.65,44.5,66
2026-09-23T12:31:00+05:30,44.55,44.55,43.6,44.0,92
2026-09-23T12:32:00+05:30,43.95,43.95,43.1,43.25,52
2026-09-23T12:33:00+05:30,43.1,43.25,42.2,42.2,135
2026-09-23T12:34:00+05:30,42.15,43.45,41.6,42.65,172
2026-09-23T12:35:00+05:30,42.4,43.5,42.3,42.95,147
2026-09-23T12:36:00+05:30,43.05,43.6,42.7,43.4,89
2026-09-23T12:37:00+05:30,43.35,43.75,43.15,43.65,38
2026-09-23T12:38:00+05:30,43.45,43.55,43.1,43.1,12
2026-09-23T12:39:00+05:30,43.35,43.5,43.25,43.4,37
2026-09-23T12:40:00+05:30,43.35,43.6,43.2,43.4,27
2026-09-23T12:41:00+05:30,43.05,43.2,42.3,42.7,209
2026-09-23T12:42:00+05:30,42.55,43.05,42.5,42.85,81
2026-09-23T12:43:00+05:30,42.7,43.3,42.2,43.3,40
2026-09-23T12:44:00+05:30,43.1,43.4,43.05,43.4,18
2026-09-23T12:45:00+05:30,43.3,44.1,43.3,43.55,37
2026-09-23T12:46:00+05:30,43.5,44.4,43.5,44.35,51
2026-09-23T12:47:00+05:30,44.25,45.25,44.25,45.15,102
2026-09-23T12:48:00+05:30,45.1,45.6,44.55,44.55,91
2026-09-23T12:49:00+05:30,44.6,44.85,43.95,43.95,69
2026-09-23T12:50:00+05:30,44.1,44.25,43.75,43.75,15
2026-09-23T12:51:00+05:30,43.6,44.6,43.4,44.5,33
2026-09-23T12:52:00+05:30,44.25,45.65,44.05,44.95,38
2026-09-23T12:53:00+05:30,44.9,46.3,44.55,45.9,196
2026-09-23T12:54:00+05:30,45.95,46.75,45.6,46.1,113
2026-09-23T12:55:00+05:30,46.05,46.1,45.2,45.5,76
2026-09-23T12:56:00+05:30,45.65,45.8,44.15,44.5,137
2026-09-23T12:57:00+05:30,44.6,44.65,43.25,43.95,105
2026-09-23T12:58:00+05:30,43.7,43.85,43.25,43.8,74
2026-09-23T12:59:00+05:30,43.65,43.9,43.2,43.35,88
2026-09-23T13:00:00+05:30,43.3,44.15,42.9,42.9,66
2026-09-23T13:01:00+05:30,43.1,43.45,42.3,43.1,138
2026-09-23T13:02:00+05:30,43.0,43.1,41.4,41.7,105
2026-09-23T13:03:00+05:30,41.55,42.2,41.1,41.35,118
2026-09-23T13:04:00+05:30,41.35,42.25,41.35,42.0,31
2026-09-23T13:05:00+05:30,41.6,42.45,41.15,42.2,43
2026-09-23T13:06:00+05:30,42.4,42.5,41.2,41.8,37
2026-09-23T13:07:00+05:30,41.5,41.7,39.8,40.25,502
2026-09-23T13:08:00+05:30,40.2,41.0,40.0,41.0,156
2026-09-23T13:09:00+05:30,40.95,41.6,40.95,41.4,295
2026-09-23T13:10:00+05:30,41.35,41.9,41.05,41.9,48
2026-09-23T13:11:00+05:30,41.9,42.55,41.75,42.05,108
2026-09-23T13:12:00+05:30,41.95,42.4,41.9,42.4,46
2026-09-23T13:13:00+05:30,42.2,42.55,42.0,42.2,78
2026-09-23T13:14:00+05:30,42.2,42.65,42.2,42.45,36
2026-09-23T13:15:00+05:30,42.3,42.5,42.0,42.05,47
2026-09-23T13:16:00+05:30,42.0,42.0,41.3,41.4,63
2026-09-23T13:17:00+05:30,41.3,42.55,41.25,42.45,140
2026-09-23T13:18:00+05:30,42.3,42.6,42.1,42.2,30
2026-09-23T13:19:00+05:30,42.1,42.5,41.8,42.25,24
2026-09-23T13:20:00+05:30,42.2,42.65,42.1,42.6,56
2026-09-23T13:21:00+05:30,42.55,42.8,42.05,42.55,80
2026-09-23T13:22:00+05:30,42.45,42.7,42.1,42.6,79
2026-09-23T13:23:00+05:30,42.55,42.8,42.05,42.45,121
2026-09-23T13:24:00+05:30,42.5,43.0,42.15,42.9,46
2026-09-23T13:25:00+05:30,42.65,42.75,42.25,42.7,60
2026-09-23T13:26:00+05:30,42.8,42.95,42.5,42.8,16
2026-09-23T13:27:00+05:30,42.7,43.25,42.55,43.0,14
2026-09-23T13:28:00+05:30,43.0,43.3,42.85,43.0,23
2026-09-23T13:29:00+05:30,43.0,43.75,42.85,43.6,147
2026-09-23T13:30:00+05:30,43.2,44.1,43.15,43.95,57
2026-09-23T13:31:00+05:30,43.85,44.0,42.9,44.0,125
2026-09-23T13:32:00+05:30,44.05,44.5,43.65,44.5,67
2026-09-23T13:33:00+05:30,44.6,45.15,44.05,45.1,67
2026-09-23T13:34:00+05:30,45.2,45.35,44.5,45.0,119
2026-09-23T13:35:00+05:30,45.4,46.0,44.7,45.95,96
2026-09-23T13:36:00+05:30,45.7,45.95,45.1,45.15,125
2026-09-23T13:37:00+05:30,45.0,45.0,44.0,44.45,99
2026-09-23T13:38:00+05:30,44.25,44.6,43.7,44.1,62
2026-09-23T13:39:00+05:30,43.9,44.4,43.6,43.85,75
2026-09-23T13:40:00+05:30,43.7,44.25,43.4,44.1,56
2026-09-23T13:41:00+05:30,44.1,44.7,43.15,43.2,90
2026-09-23T13:42:00+05:30,43.15,43.9,42.8,43.35,84
2026-09-23T13:43:00+05:30,43.1,43.3,42.45,42.7,74
2026-09-23T13:44:00+05:30,42.75,43.2,41.8,41.95,195
2026-09-23T13:45:00+05:30,41.9,42.15,41.0,41.35,164
2026-09-23T13:46:00+05:30,41.2,41.7,41.0,41.2,68
2026-09-23T13:47:00+05:30,41.1,42.55,41.1,41.5,175
2026-09-23T13:48:00+05:30,41.45,41.75,41.15,41.15,108
2026-09-23T13:49:00+05:30,41.1,41.35,41.0,41.25,143
2026-09-23T13:50:00+05:30,41.25,41.6,41.2,41.4,61
2026-09-23T13:51:00+05:30,41.25,42.0,41.05,42.0,40
2026-09-23T13:52:00+05:30,42.0,42.0,41.75,42.0,39
2026-09-23T13:53:00+05:30,41.9,42.0,41.35,41.55,98
2026-09-23T13:54:00+05:30,41.5,41.7,41.0,41.05,174
2026-09-23T13:55:00+05:30,41.0,41.8,40.9,41.8,62
2026-09-23T13:56:00+05:30,41.75,41.75,41.3,41.65,150
2026-09-23T13:57:00+05:30,41.65,42.05,41.55,42.0,18
2026-09-23T13:58:00+05:30,41.85,42.05,41.6,42.05,60
2026-09-23T13:59:00+05:30,41.9,42.35,41.75,41.75,43
2026-09-23T14:00:00+05:30,41.8,41.95,41.45,41.6,57
2026-09-23T14:01:00+05:30,41.65,42.05,41.3,41.45,47
2026-09-23T14:02:00+05:30,41.6,41.65,41.0,41.1,106
2026-09-23T14:03:00+05:30,40.9,41.45,39.95,39.95,209
2026-09-23T14:04:00+05:30,39.95,40.45,39.65,40.4,131
2026-09-23T14:05:00+05:30,39.9,40.4,39.75,40.15,45
2026-09-23T14:06:00+05:30,40.1,40.1,39.5,39.8,26
2026-09-23T14:07:00+05:30,39.7,40.0,39.0,39.2,118
2026-09-23T14:08:00+05:30,39.2,39.7,39.0,39.2,100
2026-09-23T14:09:00+05:30,39.0,39.25,38.3,38.6,145
2026-09-23T14:10:00+05:30,38.3,38.6,38.0,38.45,87
2026-09-23T14:11:00+05:30,38.0,38.25,37.5,37.9,115
2026-09-23T14:12:00+05:30,37.85,38.2,37.35,37.95,174
2026-09-23T14:13:00+05:30,37.95,38.3,37.3,37.7,161
2026-09-23T14:14:00+05:30,38.0,38.6,37.45,37.55,54
2026-09-23T14:15:00+05:30,37.7,37.85,37.3,37.85,27
2026-09-23T14:16:00+05:30,37.5,37.95,37.45,37.7,78
2026-09-23T14:17:00+05:30,37.75,38.4,37.65,38.05,63
2026-09-23T14:18:00+05:30,37.95,38.15,36.95,36.95,220
2026-09-23T14:19:00+05:30,36.85,37.8,36.65,37.6,131
2026-09-23T14:20:00+05:30,37.55,38.05,37.5,37.75,176
2026-09-23T14:21:00+05:30,37.7,37.95,37.25,37.4,66
2026-09-23T14:22:00+05:30,37.45,37.85,37.2,37.7,111
2026-09-23T14:23:00+05:30,37.65,37.7,36.7,37.0,55
2026-09-23T14:24:00+05:30,36.85,37.7,36.85,37.45,60
2026-09-23T14:25:00+05:30,37.3,37.9,37.2,37.6,253
2026-09-23T14:26:00+05:30,37.75,37.9,37.35,37.35,80
2026-09-23T14:27:00+05:30,37.7,37.7,37.25,37.25,14
2026-09-23T14:28:00+05:30,37.25,37.35,36.6,36.8,53
2026-09-23T14:29:00+05:30,37.25,37.25,36.5,36.6,35
2026-09-23T14:30:00+05:30,36.65,36.65,36.15,36.15,328
2026-09-23T14:31:00+05:30,36.3,37.25,36.05,37.05,82
2026-09-23T14:32:00+05:30,36.95,37.15,36.9,37.0,108
2026-09-23T14:33:00+05:30,36.9,37.65,36.85,37.6,88
2026-09-23T14:34:00+05:30,37.6,37.75,37.2,37.3,128
2026-09-23T14:35:00+05:30,37.5,38.6,37.5,38.45,188
2026-09-23T14:36:00+05:30,38.4,38.85,37.85,38.45,134
2026-09-23T14:37:00+05:30,38.3,38.95,38.2,38.3,57
2026-09-23T14:38:00+05:30,38.25,39.25,38.2,38.55,217
2026-09-23T14:39:00+05:30,38.5,38.9,38.45,38.85,67
2026-09-23T14:40:00+05:30,38.6,39.65,38.5,39.15,145
2026-09-23T14:41:00+05:30,39.25,39.8,39.25,39.7,38
2026-09-23T14:42:00+05:30,39.7,40.1,39.0,39.55,98
2026-09-23T14:43:00+05:30,39.7,40.2,39.45,39.45,78
2026-09-23T14:44:00+05:30,39.6,39.75,39.15,39.15,83
2026-09-23T14:45:00+05:30,39.25,39.65,38.75,39.0,145
2026-09-23T14:46:00+05:30,39.55,39.9,38.3,38.75,101
2026-09-23T14:47:00+05:30,38.9,40.25,38.9,40.05,171
2026-09-23T14:48:00+05:30,40.25,40.25,39.1,39.8,157
2026-09-23T14:49:00+05:30,39.7,40.0,39.0,39.4,1260
2026-09-23T14:50:00+05:30,39.6,40.5,39.35,39.45,431
2026-09-23T14:51:00+05:30,39.85,40.0,38.95,39.05,184
2026-09-23T14:52:00+05:30,39.15,40.45,38.85,40.35,172
2026-09-23T14:53:00+05:30,40.25,40.3,39.7,39.7,129
2026-09-23T14:54:00+05:30,39.75,39.9,39.0,39.3,53
2026-09-23T14:55:00+05:30,39.25,39.25,38.15,38.55,241
2026-09-23T14:56:00+05:30,38.5,39.35,38.5,39.35,108
2026-09-23T14:57:00+05:30,39.15,39.85,39.15,39.25,75
2026-09-23T14:58:00+05:30,39.35,40.45,39.15,40.4,246
2026-09-23T14:59:00+05:30,40.3,40.4,38.0,39.75,501
2026-09-23T15:00:00+05:30,40.0,40.7,39.45,39.95,268
2026-09-23T15:01:00+05:30,40.1,40.6,39.3,40.5,113
2026-09-23T15:02:00+05:30,40.6,41.55,40.5,41.4,170
2026-09-23T15:03:00+05:30,41.3,42.05,41.05,41.35,150
2026-09-23T15:04:00+05:30,41.35,41.85,40.4,40.4,171
2026-09-23T15:05:00+05:30,40.4,40.4,39.25,39.35,104
2026-09-23T15:06:00+05:30,39.7,39.8,38.5,38.6,288
2026-09-23T15:07:00+05:30,38.75,39.9,38.65,39.6,139
2026-09-23T15:08:00+05:30,39.25,39.65,39.05,39.65,54
2026-09-23T15:09:00+05:30,39.5,39.85,38.95,39.3,290
2026-09-23T15:10:00+05:30,39.7,40.5,39.6,40.05,150
2026-09-23T15:11:00+05:30,40.0,40.05,38.4,38.4,164
2026-09-23T15:12:00+05:30,38.25,38.9,37.6,37.75,269
2026-09-23T15:13:00+05:30,37.9,38.3,37.25,37.8,163
2026-09-23T15:14:00+05:30,37.2,37.2,35.85,36.35,220
2026-09-23T15:15:00+05:30,36.45,36.9,35.15,35.2,168
2026-09-23T15:16:00+05:30,35.2,36.5,35.2,36.25,175
2026-09-23T15:17:00+05:30,36.35,36.85,36.1,36.45,86
2026-09-23T15:18:00+05:30,36.7,37.65,36.55,37.45,139
2026-09-23T15:19:00+05:30,37.35,37.45,36.0,36.7,305
2026-09-23T15:20:00+05:30,36.85,37.6,36.0,36.85,64
2026-09-23T15:21:00+05:30,36.9,37.35,36.8,37.25,96
2026-09-23T15:22:00+05:30,37.1,37.1,36.35,36.7,121
2026-09-23T15:23:00+05:30,36.6,36.85,36.45,36.7,72
2026-09-23T15:24:00+05:30,36.7,36.75,35.8,35.8,102
2026-09-23T15:25:00+05:30,35.95,36.1,35.5,35.9,319
2026-09-23T15:26:00+05:30,35.75,36.25,35.4,35.65,154
2026-09-23T15:27:00+05:30,35.6,36.15,35.4,35.95,107
2026-09-23T15:28:00+05:30,36.0,36.05,35.45,35.8,235
2026-09-23T15:29:00+05:30,35.65,35.75,34.95,35.0,226
2026-09-23T15:30:00+05:30,34.8,35.15,34.3,34.3,271
2026-09-23T15:31:00+05:30,34.3,34.3,34.0,34.1,234
2026-09-23T15:32:00+05:30,34.1,35.8,34.1,35.15,381
2026-09-23T15:33:00+05:30,35.25,35.9,35.15,35.85,236
2026-09-23T15:34:00+05:30,35.85,36.35,35.45,35.6,170
2026-09-23T15:35:00+05:30,35.75,35.95,35.45,35.6,82
2026-09-23T15:36:00+05:30,35.65,35.85,34.55,35.85,382
2026-09-23T15:37:00+05:30,35.65,35.75,35.05,35.3,220
2026-09-23T15:38:00+05:30,35.35,35.8,34.35,34.45,371
2026-09-23T15:39:00+05:30,34.4,35.0,33.0,34.75,336
2026-09-24T09:15:00+05:30,136.6,197.9,103.6,118.7,6745
2026-09-24T09:16:00+05:30,119.2,140.95,117.3,129.7,3478
2026-09-24T09:17:00+05:30,129.6,162.65,128.2,161.15,3798
2026-09-24T09:18:00+05:30,161.35,170.0,156.2,163.15,4704
2026-09-24T09:19:00+05:30,163.85,186.7,153.05,182.55,2879
2026-09-24T09:20:00+05:30,182.85,185.05,174.55,179.55,3460
2026-09-24T09:21:00+05:30,179.2,194.4,175.2,186.4,3244
2026-09-24T09:22:00+05:30,185.9,192.55,165.6,166.0,1916
2026-09-24T09:23:00+05:30,167.5,169.15,155.75,159.6,1500
2026-09-24T09:24:00+05:30,159.6,164.55,155.0,164.35,1134
2026-09-24T09:25:00+05:30,164.6,180.55,162.25,176.0,1773
2026-09-24T09:26:00+05:30,177.1,181.8,170.0,180.0,1326
2026-09-24T09:27:00+05:30,179.9,190.55,179.75,185.15,1330
2026-09-24T09:28:00+05:30,185.55,188.4,177.95,182.4,1118
2026-09-24T09:29:00+05:30,183.1,188.75,180.6,184.6,980
2026-09-24T09:30:00+05:30,184.55,202.25,184.2,200.0,1770
2026-09-24T09:31:00+05:30,200.0,208.35,194.95,204.75,1531
2026-09-24T09:32:00+05:30,204.4,205.7,196.0,200.8,1160
2026-09-24T09:33:00+05:30,202.65,209.5,200.8,204.15,690
2026-09-24T09:34:00+05:30,203.95,205.75,200.4,201.0,1184
2026-09-24T09:35:00+05:30,200.0,203.0,193.3,201.65,1138
2026-09-24T09:36:00+05:30,202.2,204.35,198.2,199.55,680
2026-09-24T09:37:00+05:30,199.85,209.5,199.7,208.6,726
2026-09-24T09:38:00+05:30,208.05,233.4,206.65,231.3,1528
2026-09-24T09:39:00+05:30,231.1,246.45,224.55,241.7,2097
2026-09-24T09:40:00+05:30,241.95,246.45,230.15,230.3,1877
2026-09-24T09:41:00+05:30,230.75,245.0,230.75,240.35,953
2026-09-24T09:42:00+05:30,240.4,250.0,238.7,242.65,1674
2026-09-24T09:43:00+05:30,241.85,269.4,240.65,262.35,1977
2026-09-24T09:44:00+05:30,262.6,277.9,260.0,270.2,2094
2026-09-24T09:45:00+05:30,272.15,289.2,259.0,260.0,2819
2026-09-24T09:46:00+05:30,258.5,269.7,253.05,267.15,1323
2026-09-24T09:47:00+05:30,266.75,272.7,263.35,272.25,955
2026-09-24T09:48:00+05:30,271.8,273.2,261.65,265.55,938
2026-09-24T09:49:00+05:30,264.8,265.3,249.9,250.9,1180
2026-09-24T09:50:00+05:30,251.55,260.9,247.0,247.55,1284
2026-09-24T09:51:00+05:30,247.9,259.0,244.0,258.55,750
2026-09-24T09:52:00+05:30,258.55,262.45,252.0,261.65,980
2026-09-24T09:53:00+05:30,260.45,265.5,259.0,264.65,599
2026-09-24T09:54:00+05:30,264.65,266.95,262.55,263.95,535
2026-09-24T09:55:00+05:30,263.95,272.85,261.8,262.9,1129
2026-09-24T09:56:00+05:30,264.1,267.3,260.1,266.25,626
2026-09-24T09:57:00+05:30,266.2,267.05,261.95,263.25,541
2026-09-24T09:58:00+05:30,263.35,265.1,253.95,258.15,710
2026-09-24T09:59:00+05:30,256.85,262.4,253.0,255.7,400
2026-09-24T10:00:00+05:30,256.35,261.0,245.35,245.7,1057
2026-09-24T10:01:00+05:30,245.35,246.75,240.25,243.9,806
2026-09-24T10:02:00+05:30,244.05,248.2,234.55,236.45,708
2026-09-24T10:03:00+05:30,235.9,237.75,224.9,225.7,917
2026-09-24T10:04:00+05:30,226.2,230.4,216.7,230.05,896
2026-09-24T10:05:00+05:30,230.1,241.0,230.0,234.15,960
2026-09-24T10:06:00+05:30,233.5,242.0,233.35,237.0,687
2026-09-24T10:07:00+05:30,237.0,237.95,227.05,227.5,820
2026-09-24T10:08:00+05:30,227.0,229.75,215.1,215.5,548
2026-09-24T10:09:00+05:30,215.8,216.9,208.0,213.35,1321
2026-09-24T10:10:00+05:30,213.2,225.0,211.75,222.95,477
2026-09-24T10:11:00+05:30,222.95,234.25,222.6,226.8,649
2026-09-24T10:12:00+05:30,228.85,236.7,228.1,236.7,497
2026-09-24T10:13:00+05:30,237.0,244.7,230.05,244.7,547
2026-09-24T10:14:00+05:30,244.95,249.25,241.85,244.4,770
2026-09-24T10:15:00+05:30,245.4,246.25,236.7,239.85,790
2026-09-24T10:16:00+05:30,238.3,242.25,236.15,240.5,450
2026-09-24T10:17:00+05:30,242.0,246.5,241.3,243.55,490
2026-09-24T10:18:00+05:30,242.2,247.0,239.35,245.7,441
2026-09-24T10:19:00+05:30,245.8,250.75,233.65,233.65,853
2026-09-24T10:20:00+05:30,234.15,243.9,232.95,241.95,463
2026-09-24T10:21:00+05:30,241.0,251.05,241.0,249.15,749
2026-09-24T10:22:00+05:30,249.65,256.8,248.95,256.2,689
2026-09-24T10:23:00+05:30,256.3,256.8,248.35,252.4,775
2026-09-24T10:24:00+05:30,252.25,255.0,248.95,252.45,475
2026-09-24T10:25:00+05:30,252.25,261.65,252.05,257.35,943
2026-09-24T10:26:00+05:30,257.65,260.85,245.9,248.3,797
2026-09-24T10:27:00+05:30,248.2,249.8,242.4,247.85,614
2026-09-24T10:28:00+05:30,248.2,257.6,245.85,256.25,320
2026-09-24T10:29:00+05:30,255.95,256.75,248.5,252.25,291
2026-09-24T10:30:00+05:30,251.1,255.4,248.85,249.45,202
2026-09-24T10:31:00+05:30,248.1,249.0,240.0,240.25,513
2026-09-24T10:32:00+05:30,240.45,240.55,234.15,235.65,605
2026-09-24T10:33:00+05:30,236.55,239.9,224.7,226.2,826
2026-09-24T10:34:00+05:30,226.0,233.85,224.4,228.8,269
2026-09-24T10:35:00+05:30,228.85,235.7,226.55,234.25,343
2026-09-24T10:36:00+05:30,234.25,235.85,218.25,224.15,849
2026-09-24T10:37:00+05:30,225.0,231.1,221.55,230.65,375
2026-09-24T10:38:00+05:30,230.5,230.6,220.1,229.4,454
2026-09-24T10:39:00+05:30,230.0,231.2,225.0,228.8,435
2026-09-24T10:40:00+05:30,229.75,240.95,229.35,239.1,576
2026-09-24T10:41:00+05:30,238.6,239.55,233.3,236.4,574
2026-09-24T10:42:00+05:30,236.85,240.8,231.8,234.7,411
2026-09-24T10:43:00+05:30,234.2,244.8,234.2,241.8,906
2026-09-24T10:44:00+05:30,242.4,242.6,236.45,236.45,448
2026-09-24T10:45:00+05:30,236.75,236.85,229.3,231.05,794
2026-09-24T10:46:00+05:30,230.9,233.25,227.55,231.15,543
2026-09-24T10:47:00+05:30,233.7,234.9,228.85,229.8,245
2026-09-24T10:48:00+05:30,231.7,239.0,230.2,237.0,413
2026-09-24T10:49:00+05:30,237.6,239.95,233.0,233.05,213
2026-09-24T10:50:00+05:30,232.5,237.7,232.0,233.55,110
2026-09-24T10:51:00+05:30,233.1,234.3,218.35,227.7,1279
2026-09-24T10:52:00+05:30,227.7,229.55,216.0,218.2,741
2026-09-24T10:53:00+05:30,217.85,220.0,210.0,218.6,1055
2026-09-24T10:54:00+05:30,217.2,218.85,212.2,213.05,447
2026-09-24T10:55:00+05:30,213.4,213.7,203.0,204.8,1183
2026-09-24T10:56:00+05:30,204.85,214.85,204.85,214.35,530
2026-09-24T10:57:00+05:30,214.25,215.95,210.3,213.8,516
2026-09-24T10:58:00+05:30,213.5,221.95,211.2,216.3,626
2026-09-24T10:59:00+05:30,216.5,218.3,209.8,210.3,280
2026-09-24T11:00:00+05:30,210.0,214.6,209.55,211.1,289
2026-09-24T11:01:00+05:30,211.55,213.3,201.9,211.9,463
2026-09-24T11:02:00+05:30,211.35,211.45,202.8,205.55,286
2026-09-24T11:03:00+05:30,205.7,211.0,204.85,210.3,308
2026-09-24T11:04:00+05:30,210.35,212.0,207.0,209.75,803
2026-09-24T11:05:00+05:30,210.15,218.1,209.75,218.0,701
2026-09-24T11:06:00+05:30,217.9,224.85,217.15,223.15,1350
2026-09-24T11:07:00+05:30,223.3,223.4,213.75,215.75,485
2026-09-24T11:08:00+05:30,216.5,224.15,215.65,221.6,332
2026-09-24T11:09:00+05:30,221.75,229.35,221.75,227.85,762
2026-09-24T11:10:00+05:30,227.45,230.0,224.4,225.05,444
2026-09-24T11:11:00+05:30,224.8,229.65,219.3,228.0,425
2026-09-24T11:12:00+05:30,228.3,230.45,223.9,229.0,339
2026-09-24T11:13:00+05:30,228.6,242.95,227.0,235.05,1079
2026-09-24T11:14:00+05:30,234.8,237.2,230.7,233.55,418
2026-09-24T11:15:00+05:30,234.35,236.65,222.7,224.0,532
2026-09-24T11:16:00+05:30,223.6,224.35,220.4,221.25,247
2026-09-24T11:17:00+05:30,220.6,221.2,211.2,215.45,765
2026-09-24T11:18:00+05:30,214.15,214.7,203.9,208.6,797
2026-09-24T11:19:00+05:30,208.85,211.1,200.3,202.2,645
2026-09-24T11:20:00+05:30,201.95,210.55,200.8,208.8,570
2026-09-24T11:21:00+05:30,208.65,213.0,207.05,207.4,290
2026-09-24T11:22:00+05:30,208.0,216.85,206.7,212.8,499
2026-09-24T11:23:00+05:30,212.4,220.0,212.0,217.7,264
2026-09-24T11:24:00+05:30,217.45,225.0,216.2,224.15,400
2026-09-24T11:25:00+05:30,225.0,232.1,220.9,231.7,627
2026-09-24T11:26:00+05:30,232.8,236.6,226.6,227.7,651
2026-09-24T11:27:00+05:30,229.3,229.3,224.05,226.15,540
2026-09-24T11:28:00+05:30,224.8,227.2,221.2,225.9,348
2026-09-24T11:29:00+05:30,225.5,228.65,223.05,228.65,92
2026-09-24T11:30:00+05:30,228.4,230.1,226.25,228.9,267
2026-09-24T11:31:00+05:30,229.95,234.0,226.35,232.45,195
2026-09-24T11:32:00+05:30,232.05,243.8,231.6,240.75,893
2026-09-24T11:33:00+05:30,240.65,244.15,230.75,230.75,801
2026-09-24T11:34:00+05:30,231.25,240.05,228.0,239.05,538
2026-09-24T11:35:00+05:30,239.65,240.4,233.05,233.4,261
2026-09-24T11:36:00+05:30,233.45,235.05,224.6,225.0,686
2026-09-24T11:37:00+05:30,224.95,228.35,220.0,221.3,556
2026-09-24T11:38:00+05:30,221.7,223.45,217.75,223.0,380
2026-09-24T11:39:00+05:30,222.8,225.1,215.15,216.4,376
2026-09-24T11:40:00+05:30,217.35,221.2,215.75,218.75,230
2026-09-24T11:41:00+05:30,218.3,224.0,215.0,223.4,303
2026-09-24T11:42:00+05:30,223.7,224.7,219.9,222.05,164
2026-09-24T11:43:00+05:30,222.75,226.05,220.4,223.95,273
2026-09-24T11:44:00+05:30,222.9,227.3,222.75,226.95,155
2026-09-24T11:45:00+05:30,226.5,227.1,219.9,221.15,288
2026-09-24T11:46:00+05:30,221.05,222.0,216.8,222.0,187
2026-09-24T11:47:00+05:30,221.75,225.95,219.05,224.6,219
2026-09-24T11:48:00+05:30,225.15,228.0,220.0,220.0,358
2026-09-24T11:49:00+05:30,220.8,227.55,220.7,226.65,118
2026-09-24T11:50:00+05:30,227.75,228.8,222.0,227.2,187
2026-09-24T11:51:00+05:30,226.85,230.05,225.45,228.0,398
2026-09-24T11:52:00+05:30,227.35,228.45,224.9,226.5,166
2026-09-24T11:53:00+05:30,225.55,229.1,222.7,227.6,207
2026-09-24T11:54:00+05:30,225.4,227.45,223.65,224.75,123
2026-09-24T11:55:00+05:30,225.75,231.95,224.45,230.0,340
2026-09-24T11:56:00+05:30,230.0,235.5,229.65,235.0,556
2026-09-24T11:57:00+05:30,235.1,239.5,230.7,236.5,373
2026-09-24T11:58:00+05:30,237.15,237.15,227.7,230.15,247
2026-09-24T11:59:00+05:30,230.3,231.85,226.15,227.75,320
2026-09-24T12:00:00+05:30,228.2,233.05,225.1,226.35,223
2026-09-24T12:01:00+05:30,225.9,225.9,216.45,218.1,396
2026-09-24T12:02:00+05:30,217.6,218.65,209.5,218.35,605
2026-09-24T12:03:00+05:30,218.0,222.85,216.25,222.45,341
2026-09-24T12:04:00+05:30,223.55,223.8,219.55,222.25,152
2026-09-24T12:05:00+05:30,222.1,223.85,218.95,222.85,218
2026-09-24T12:06:00+05:30,221.8,222.5,218.0,219.1,222
2026-09-24T12:07:00+05:30,222.15,222.15,217.8,220.45,123
2026-09-24T12:08:00+05:30,220.2,227.0,220.05,223.2,204
2026-09-24T12:09:00+05:30,224.7,224.7,219.75,223.5,619
2026-09-24T12:10:00+05:30,221.65,225.3,218.05,219.05,269
2026-09-24T12:11:00+05:30,219.05,220.1,216.0,219.1,213
2026-09-24T12:12:00+05:30,218.45,222.6,217.45,221.95,109
2026-09-24T12:13:00+05:30,222.85,223.0,220.15,223.0,173
2026-09-24T12:14:00+05:30,224.4,230.0,223.1,229.45,436
2026-09-24T12:15:00+05:30,229.55,230.8,220.3,222.85,489
2026-09-24T12:16:00+05:30,223.7,228.25,222.65,225.45,265
2026-09-24T12:17:00+05:30,226.05,226.85,223.65,226.55,114
2026-09-24T12:18:00+05:30,226.15,227.25,222.0,222.15,345
2026-09-24T12:19:00+05:30,222.55,223.9,217.55,219.2,210
2026-09-24T12:20:00+05:30,219.15,220.95,212.95,220.45,503
2026-09-24T12:21:00+05:30,220.7,221.6,217.35,219.35,231
2026-09-24T12:22:00+05:30,219.6,224.35,219.45,224.35,221
2026-09-24T12:23:00+05:30,224.2,232.0,224.2,226.35,539
2026-09-24T12:24:00+05:30,226.65,227.8,221.35,223.65,500
2026-09-24T12:25:00+05:30,223.1,239.95,223.1,239.3,652
2026-09-24T12:26:00+05:30,239.0,240.6,225.7,226.05,777
2026-09-24T12:27:00+05:30,226.05,230.0,223.05,224.3,692
2026-09-24T12:28:00+05:30,224.3,224.45,215.8,218.1,1200
2026-09-24T12:29:00+05:30,217.9,223.45,217.1,219.9,242
2026-09-24T12:30:00+05:30,219.0,223.0,213.0,215.35,531
2026-09-24T12:31:00+05:30,214.1,225.75,210.0,224.65,714
2026-09-24T12:32:00+05:30,224.8,241.0,223.95,235.85,1317
2026-09-24T12:33:00+05:30,236.15,236.4,228.0,230.35,976
2026-09-24T12:34:00+05:30,232.0,233.7,226.4,227.2,465
2026-09-24T12:35:00+05:30,226.3,244.3,225.85,235.7,936
2026-09-24T12:36:00+05:30,236.4,249.0,228.5,228.75,941
2026-09-24T12:37:00+05:30,229.2,236.8,228.4,231.75,316
2026-09-24T12:38:00+05:30,231.9,231.9,221.3,223.1,407
2026-09-24T12:39:00+05:30,223.1,227.55,221.6,226.65,361
2026-09-24T12:40:00+05:30,225.2,226.7,218.75,220.3,387
2026-09-24T12:41:00+05:30,218.75,222.85,212.7,222.35,682
2026-09-24T12:42:00+05:30,222.15,223.0,217.35,221.85,532
2026-09-24T12:43:00+05:30,223.35,227.3,221.3,227.3,314
2026-09-24T12:44:00+05:30,226.3,231.7,225.55,230.9,435
2026-09-24T12:45:00+05:30,231.95,234.55,226.0,229.75,301
2026-09-24T12:46:00+05:30,229.4,232.65,225.9,232.15,220
2026-09-24T12:47:00+05:30,232.35,235.9,230.5,232.3,308
2026-09-24T12:48:00+05:30,231.55,237.25,228.8,235.15,354
2026-09-24T12:49:00+05:30,235.5,238.2,231.85,233.7,244
2026-09-24T12:50:00+05:30,234.55,234.8,226.85,230.55,235
2026-09-24T12:51:00+05:30,231.6,232.35,226.55,230.0,97
2026-09-24T12:52:00+05:30,229.6,233.05,227.35,233.05,102
2026-09-24T12:53:00+05:30,233.1,236.95,231.3,235.25,286
2026-09-24T12:54:00+05:30,235.75,243.9,235.4,242.8,727
2026-09-24T12:55:00+05:30,241.75,243.0,233.5,235.85,837
2026-09-24T12:56:00+05:30,235.3,237.2,228.55,230.75,417
2026-09-24T12:57:00+05:30,231.45,234.5,226.85,228.15,196
2026-09-24T12:58:00+05:30,228.3,230.95,226.0,229.8,218
2026-09-24T12:59:00+05:30,230.35,233.5,228.3,228.85,267
2026-09-24T13:00:00+05:30,230.45,233.0,223.0,229.5,222
2026-09-24T13:01:00+05:30,227.95,227.95,221.35,223.8,345
2026-09-24T13:02:00+05:30,224.1,224.1,217.0,217.35,363
2026-09-24T13:03:00+05:30,217.55,217.85,210.3,211.5,798
2026-09-24T13:04:00+05:30,211.1,217.8,210.8,216.0,425
2026-09-24T13:05:00+05:30,215.35,222.3,212.5,220.5,312
2026-09-24T13:06:00+05:30,221.1,225.6,219.0,219.2,370
2026-09-24T13:07:00+05:30,219.3,219.45,214.0,215.15,231
2026-09-24T13:08:00+05:30,214.4,217.55,210.7,216.75,406
2026-09-24T13:09:00+05:30,216.1,219.65,215.7,218.85,220
2026-09-24T13:10:00+05:30,219.8,224.55,219.45,222.0,376
2026-09-24T13:11:00+05:30,222.0,222.1,218.4,221.0,168
2026-09-24T13:12:00+05:30,221.0,222.7,215.0,215.7,251
2026-09-24T13:13:00+05:30,215.0,216.5,210.7,211.8,215
2026-09-24T13:14:00+05:30,212.15,212.15,203.8,211.0,778
2026-09-24T13:15:00+05:30,210.95,214.35,207.05,207.9,435
2026-09-24T13:16:00+05:30,208.45,212.2,207.3,209.2,252
2026-09-24T13:17:00+05:30,210.1,219.4,210.1,216.9,376
2026-09-24T13:18:00+05:30,216.35,218.05,214.7,218.0,128
2026-09-24T13:19:00+05:30,218.0,218.8,214.25,216.55,132
2026-09-24T13:20:00+05:30,217.0,222.0,217.0,217.65,416
2026-09-24T13:21:00+05:30,217.6,220.0,215.0,216.9,82
2026-09-24T13:22:00+05:30,217.0,220.65,215.7,217.7,145
2026-09-24T13:23:00+05:30,218.5,221.5,217.95,219.0,172
2026-09-24T13:24:00+05:30,219.75,221.8,214.9,214.9,208
2026-09-24T13:25:00+05:30,215.7,228.8,215.0,226.65,466
2026-09-24T13:26:00+05:30,227.55,264.25,223.8,262.05,1935
2026-09-24T13:27:00+05:30,262.75,272.0,248.2,259.45,1968
2026-09-24T13:28:00+05:30,259.4,265.0,253.5,258.7,890
2026-09-24T13:29:00+05:30,257.45,259.95,249.6,258.9,934
2026-09-24T13:30:00+05:30,257.45,258.7,246.2,251.65,549
2026-09-24T13:31:00+05:30,249.75,252.5,235.15,237.45,970
2026-09-24T13:32:00+05:30,238.95,248.4,238.3,243.1,507
2026-09-24T13:33:00+05:30,244.85,252.85,238.8,245.35,485
2026-09-24T13:34:00+05:30,243.3,256.1,243.3,250.6,336
2026-09-24T13:35:00+05:30,250.3,256.0,245.85,255.35,566
2026-09-24T13:36:00+05:30,256.1,263.35,251.0,253.3,591
2026-09-24T13:37:00+05:30,252.0,253.85,247.1,252.8,438
2026-09-24T13:38:00+05:30,252.7,259.1,251.8,256.55,403
2026-09-24T13:39:00+05:30,258.8,268.9,257.85,263.8,1087
2026-09-24T13:40:00+05:30,263.35,273.85,260.5,265.75,1174
2026-09-24T13:41:00+05:30,266.1,272.65,261.85,265.0,488
2026-09-24T13:42:00+05:30,265.15,277.45,260.05,274.45,954
2026-09-24T13:43:00+05:30,274.0,307.0,270.8,300.05,1305
2026-09-24T13:44:00+05:30,301.65,370.9,299.45,349.6,5770
2026-09-24T13:45:00+05:30,350.2,388.0,328.0,386.9,2818
2026-09-24T13:46:00+05:30,387.35,427.4,382.45,394.0,3243
2026-09-24T13:47:00+05:30,394.55,402.45,369.05,391.8,1674
2026-09-24T13:48:00+05:30,392.6,396.95,377.5,384.6,1434
2026-09-24T13:49:00+05:30,384.7,384.75,354.15,356.0,1453
2026-09-24T13:50:00+05:30,359.0,363.15,343.65,355.0,941
2026-09-24T13:51:00+05:30,355.4,386.45,352.3,385.6,738
2026-09-24T13:52:00+05:30,385.15,397.95,373.2,383.35,980
2026-09-24T13:53:00+05:30,381.95,387.1,375.0,384.0,526
2026-09-24T13:54:00+05:30,385.55,420.0,385.4,403.55,1670
2026-09-24T13:55:00+05:30,405.0,411.0,387.1,395.0,1510
2026-09-24T13:56:00+05:30,394.65,408.2,391.9,400.55,753
2026-09-24T13:57:00+05:30,400.35,419.8,387.6,415.7,1104
2026-09-24T13:58:00+05:30,418.0,453.75,408.6,447.9,2208
2026-09-24T13:59:00+05:30,448.95,451.25,415.4,432.4,1602
2026-09-24T14:00:00+05:30,429.2,430.6,387.35,388.65,914
2026-09-24T14:01:00+05:30,391.95,391.95,368.25,372.15,748
2026-09-24T14:02:00+05:30,369.6,384.5,356.3,358.0,861
2026-09-24T14:03:00+05:30,358.0,371.45,344.5,367.35,1101
2026-09-24T14:04:00+05:30,366.0,404.55,349.55,393.25,1782
2026-09-24T14:05:00+05:30,392.95,398.35,372.9,375.45,693
2026-09-24T14:06:00+05:30,376.4,401.25,374.85,398.3,625
2026-09-24T14:07:00+05:30,396.5,399.25,382.8,384.8,415
2026-09-24T14:08:00+05:30,385.25,388.2,363.05,371.35,540
2026-09-24T14:09:00+05:30,369.85,383.0,358.85,366.5,452
2026-09-24T14:10:00+05:30,366.45,370.15,355.0,369.95,542
2026-09-24T14:11:00+05:30,369.0,376.5,366.4,375.7,387
2026-09-24T14:12:00+05:30,375.2,375.2,363.05,364.8,368
2026-09-24T14:13:00+05:30,364.7,376.0,355.0,363.75,770
2026-09-24T14:14:00+05:30,363.5,368.0,357.8,360.9,255
2026-09-24T14:15:00+05:30,359.15,375.0,353.5,375.0,609
2026-09-24T14:16:00+05:30,373.2,375.75,358.4,367.85,403
2026-09-24T14:17:00+05:30,367.35,370.1,360.45,363.2,309
2026-09-24T14:18:00+05:30,361.3,367.7,354.0,363.8,449
2026-09-24T14:19:00+05:30,365.45,382.5,362.0,372.6,542
2026-09-24T14:20:00+05:30,371.1,380.0,365.75,377.2,403
2026-09-24T14:21:00+05:30,375.65,388.15,374.55,374.9,685
2026-09-24T14:22:00+05:30,374.55,395.95,373.1,393.95,446
2026-09-24T14:23:00+05:30,393.65,417.55,390.45,404.85,1421
2026-09-24T14:24:00+05:30,404.55,408.9,384.55,386.9,887
2026-09-24T14:25:00+05:30,386.95,393.2,371.0,378.8,535
2026-09-24T14:26:00+05:30,378.4,395.0,376.1,384.55,539
2026-09-24T14:27:00+05:30,381.8,387.5,376.55,378.6,458
2026-09-24T14:28:00+05:30,379.2,383.9,365.7,383.1,607
2026-09-24T14:29:00+05:30,383.1,384.3,375.9,380.95,425
2026-09-24T14:30:00+05:30,379.7,388.5,374.5,378.9,502
2026-09-24T14:31:00+05:30,375.3,383.55,362.8,367.45,476
2026-09-24T14:32:00+05:30,365.55,373.0,351.0,371.8,705
2026-09-24T14:33:00+05:30,372.3,380.0,364.45,370.1,596
2026-09-24T14:34:00+05:30,369.0,370.0,355.15,356.6,506
2026-09-24T14:35:00+05:30,357.0,359.4,346.1,347.45,580
2026-09-24T14:36:00+05:30,346.5,353.0,332.2,334.25,681
2026-09-24T14:37:00+05:30,333.65,339.75,321.4,324.85,719
2026-09-24T14:38:00+05:30,325.8,327.3,309.6,323.1,1071
2026-09-24T14:39:00+05:30,323.3,323.5,295.5,295.5,1080
2026-09-24T14:40:00+05:30,295.75,304.1,293.3,301.35,1108
2026-09-24T14:41:00+05:30,302.85,314.05,299.0,304.7,1039
2026-09-24T14:42:00+05:30,303.55,325.75,303.25,313.3,775
2026-09-24T14:43:00+05:30,314.85,316.95,301.2,309.15,436
2026-09-24T14:44:00+05:30,308.05,316.25,306.75,311.5,395
2026-09-24T14:45:00+05:30,312.45,316.25,292.7,292.75,667
2026-09-24T14:46:00+05:30,292.8,298.75,288.75,297.95,475
2026-09-24T14:47:00+05:30,298.45,304.35,289.35,298.1,364
2026-09-24T14:48:00+05:30,298.6,301.7,288.85,292.55,378
2026-09-24T14:49:00+05:30,293.05,300.9,290.65,290.65,351
2026-09-24T14:50:00+05:30,291.65,291.65,278.0,282.0,887
2026-09-24T14:51:00+05:30,282.15,285.3,268.5,271.1,882
2026-09-24T14:52:00+05:30,271.3,273.65,263.6,270.9,594
2026-09-24T14:53:00+05:30,271.05,275.0,267.0,267.0,504
2026-09-24T14:54:00+05:30,267.0,274.4,261.8,272.65,804
2026-09-24T14:55:00+05:30,272.4,274.0,257.35,262.95,812
2026-09-24T14:56:00+05:30,262.0,273.75,255.0,273.75,462
2026-09-24T14:57:00+05:30,273.75,284.0,273.25,274.55,565
2026-09-24T14:58:00+05:30,275.4,291.9,275.4,280.15,665
2026-09-24T14:59:00+05:30,281.4,302.5,281.4,298.0,565
2026-09-24T15:00:00+05:30,298.8,305.9,288.75,304.7,998
2026-09-24T15:01:00+05:30,304.2,314.0,289.75,291.55,946
2026-09-24T15:02:00+05:30,291.9,294.7,272.15,273.9,646
2026-09-24T15:03:00+05:30,273.2,286.35,272.0,280.25,343
2026-09-24T15:04:00+05:30,280.25,282.25,267.15,272.7,468
2026-09-24T15:05:00+05:30,272.0,296.15,270.6,290.55,740
2026-09-24T15:06:00+05:30,292.2,300.5,287.05,291.7,737
2026-09-24T15:07:00+05:30,292.05,302.8,291.2,296.8,519
2026-09-24T15:08:00+05:30,296.1,311.9,290.6,305.95,911
2026-09-24T15:09:00+05:30,306.4,308.45,291.9,294.0,804
2026-09-24T15:10:00+05:30,293.3,312.25,289.05,309.3,586
2026-09-24T15:11:00+05:30,309.05,313.85,295.0,301.7,545
2026-09-24T15:12:00+05:30,301.25,325.25,298.9,312.7,984
2026-09-24T15:13:00+05:30,313.65,346.0,310.15,338.35,1338
2026-09-24T15:14:00+05:30,338.45,338.45,324.25,332.1,940
2026-09-24T15:15:00+05:30,329.85,349.65,328.9,347.45,1151
2026-09-24T15:16:00+05:30,347.2,347.2,336.7,341.85,474
2026-09-24T15:17:00+05:30,342.0,343.0,327.45,335.9,478
2026-09-24T15:18:00+05:30,334.45,334.6,313.65,317.8,529
2026-09-24T15:19:00+05:30,317.5,317.85,306.1,311.25,477
2026-09-24T15:20:00+05:30,312.55,328.0,311.35,322.0,696
2026-09-24T15:21:00+05:30,322.2,326.4,319.6,322.05,321
2026-09-24T15:22:00+05:30,321.35,324.3,305.0,305.35,888
2026-09-24T15:23:00+05:30,305.5,316.0,304.0,315.05,416
2026-09-24T15:24:00+05:30,315.95,315.95,294.6,294.6,520
2026-09-24T15:25:00+05:30,295.9,297.2,281.05,281.05,933
2026-09-24T15:26:00+05:30,281.05,292.0,274.35,292.0,718
2026-09-24T15:27:00+05:30,291.7,295.0,290.0,291.25,470
2026-09-24T15:28:00+05:30,291.8,294.8,290.7,293.9,442
2026-09-24T15:29:00+05:30,294.55,304.5,292.05,303.95,485
2026-09-24T15:30:00+05:30,303.6,314.0,302.25,310.65,613
2026-09-24T15:31:00+05:30,311.5,321.8,311.05,320.75,580
2026-09-24T15:32:00+05:30,322.3,323.2,311.2,316.0,440
2026-09-24T15:33:00+05:30,315.9,323.0,314.4,322.8,416
2026-09-24T15:34:00+05:30,322.95,325.0,321.85,325.0,411
2026-09-24T15:35:00+05:30,325.0,325.0,319.55,321.1,348
2026-09-24T15:36:00+05:30,320.75,351.95,319.5,335.5,2727
2026-09-24T15:37:00+05:30,336.45,337.9,333.0,334.0,353
2026-09-24T15:38:00+05:30,333.7,337.0,332.8,333.55,330
2026-09-24T15:39:00+05:30,333.55,347.0,333.0,347.0,683
2026-09-25T09:15:00+05:30,364.35,364.35,225.4,230.25,7018
2026-09-25T09:16:00+05:30,228.65,241.45,214.4,226.9,5198
2026-09-25T09:17:00+05:30,226.25,230.85,217.3,219.7,3318
2026-09-25T09:18:00+05:30,220.65,237.8,219.2,232.65,2076
2026-09-25T09:19:00+05:30,232.65,236.4,221.5,236.4,2264
2026-09-25T09:20:00+05:30,236.65,246.75,231.95,235.65,2923
2026-09-25T09:21:00+05:30,236.25,250.0,226.3,240.15,2129
2026-09-25T09:22:00+05:30,240.35,242.25,223.95,223.95,1857
2026-09-25T09:23:00+05:30,225.0,238.45,218.0,237.75,2117
2026-09-25T09:24:00+05:30,238.5,245.85,231.2,236.6,1254
2026-09-25T09:25:00+05:30,237.2,237.95,226.0,229.25,987
2026-09-25T09:26:00+05:30,229.65,229.95,217.65,218.3,1640
2026-09-25T09:27:00+05:30,217.7,223.6,214.4,218.05,1555
2026-09-25T09:28:00+05:30,217.45,232.55,213.1,222.85,1602
2026-09-25T09:29:00+05:30,221.7,226.6,212.95,217.95,1046
2026-09-25T09:30:00+05:30,217.75,227.5,214.85,220.0,1036
2026-09-25T09:31:00+05:30,218.7,230.8,215.95,227.2,1151
2026-09-25T09:32:00+05:30,227.3,229.55,217.55,228.1,790
2026-09-25T09:33:00+05:30,229.9,235.0,226.9,228.7,1898
2026-09-25T09:34:00+05:30,229.4,232.45,215.0,219.75,1744
2026-09-25T09:35:00+05:30,219.4,221.0,213.0,215.25,1650
2026-09-25T09:36:00+05:30,215.15,233.1,214.35,232.15,1515
2026-09-25T09:37:00+05:30,232.5,255.0,224.9,253.15,5135
2026-09-25T09:38:00+05:30,252.65,260.3,244.4,256.2,3507
2026-09-25T09:39:00+05:30,255.05,259.0,247.4,258.2,2909
2026-09-25T09:40:00+05:30,258.7,284.9,257.35,277.7,5626
2026-09-25T09:41:00+05:30,277.6,284.25,266.7,266.9,3495
2026-09-25T09:42:00+05:30,267.9,288.2,265.35,281.65,2364
2026-09-25T09:43:00+05:30,281.4,318.05,281.0,303.2,5963
2026-09-25T09:44:00+05:30,304.05,307.0,296.35,301.45,2312
2026-09-25T09:45:00+05:30,301.55,305.45,286.2,303.65,2059
2026-09-25T09:46:00+05:30,304.15,307.0,295.2,301.2,1667
2026-09-25T09:47:00+05:30,301.2,303.05,277.1,280.7,2419
2026-09-25T09:48:00+05:30,280.9,294.95,276.25,287.15,2338
2026-09-25T09:49:00+05:30,287.7,301.5,287.25,300.65,1518
2026-09-25T09:50:00+05:30,300.1,301.6,290.75,298.7,1301
2026-09-25T09:51:00+05:30,299.4,303.75,289.5,291.25,2697
2026-09-25T09:52:00+05:30,291.6,329.2,291.4,322.65,4604
2026-09-25T09:53:00+05:30,323.4,329.0,308.05,312.85,3016
2026-09-25T09:54:00+05:30,313.05,315.0,299.0,305.8,1761
2026-09-25T09:55:00+05:30,306.15,309.45,296.05,309.45,1515
2026-09-25T09:56:00+05:30,308.45,311.5,296.25,300.85,1384
2026-09-25T09:57:00+05:30,300.85,311.95,300.05,306.25,895
2026-09-25T09:58:00+05:30,305.15,317.5,300.6,302.45,1597
2026-09-25T09:59:00+05:30,301.9,305.1,282.85,292.1,2296
2026-09-25T10:00:00+05:30,294.2,294.75,281.8,283.05,1289
2026-09-25T10:01:00+05:30,282.55,290.25,280.0,289.5,1304
2026-09-25T10:02:00+05:30,289.9,289.9,268.65,270.3,2150
2026-09-25T10:03:00+05:30,270.6,273.0,256.55,266.65,2659
2026-09-25T10:04:00+05:30,265.4,270.4,255.65,266.15,1620
2026-09-25T10:05:00+05:30,266.6,272.85,252.4,272.35,1993
2026-09-25T10:06:00+05:30,272.5,273.1,254.55,258.6,1547
2026-09-25T10:07:00+05:30,258.9,265.0,241.55,248.9,2503
2026-09-25T10:08:00+05:30,247.85,248.95,207.0,209.0,4740
2026-09-25T10:09:00+05:30,208.8,221.45,203.0,206.1,3723
2026-09-25T10:10:00+05:30,205.0,215.9,195.7,214.55,4213
2026-09-25T10:11:00+05:30,214.55,229.45,213.45,228.25,2224
2026-09-25T10:12:00+05:30,229.0,232.95,218.75,220.95,2286
2026-09-25T10:13:00+05:30,220.0,223.7,212.8,223.05,1101
2026-09-25T10:14:00+05:30,222.9,225.0,216.0,221.55,890
2026-09-25T10:15:00+05:30,220.6,224.3,214.0,218.6,1055
2026-09-25T10:16:00+05:30,217.9,217.9,208.9,215.8,1034
2026-09-25T10:17:00+05:30,215.65,219.6,213.1,216.5,767
2026-09-25T10:18:00+05:30,216.4,231.25,216.25,230.6,1246
2026-09-25T10:19:00+05:30,230.65,236.5,224.6,232.0,2123
2026-09-25T10:20:00+05:30,231.6,235.9,226.2,231.75,1221
2026-09-25T10:21:00+05:30,231.35,232.1,220.0,222.65,1368
2026-09-25T10:22:00+05:30,223.15,232.55,222.05,232.35,952
2026-09-25T10:23:00+05:30,232.0,238.1,231.25,233.55,1890
2026-09-25T10:24:00+05:30,234.15,249.2,230.95,248.8,2973
2026-09-25T10:25:00+05:30,248.85,255.75,233.55,234.05,3479
2026-09-25T10:26:00+05:30,234.35,244.15,232.95,240.5,1169
2026-09-25T10:27:00+05:30,240.2,249.0,240.2,245.0,1358
2026-09-25T10:28:00+05:30,245.3,260.5,244.65,250.0,4305
2026-09-25T10:29:00+05:30,250.0,257.1,243.05,245.15,1648
2026-09-25T10:30:00+05:30,245.75,245.9,235.0,237.15,1707
2026-09-25T10:31:00+05:30,238.4,244.0,227.45,244.0,1416
2026-09-25T10:32:00+05:30,244.65,254.55,244.35,250.4,2244
2026-09-25T10:33:00+05:30,252.35,252.4,240.4,248.9,1441
2026-09-25T10:34:00+05:30,248.25,268.25,242.7,266.9,2736
2026-09-25T10:35:00+05:30,266.95,272.85,260.0,264.65,4158
2026-09-25T10:36:00+05:30,263.5,267.0,256.05,256.35,2306
2026-09-25T10:37:00+05:30,256.35,257.8,249.1,249.5,1468
2026-09-25T10:38:00+05:30,249.8,256.2,245.15,245.3,1195
2026-09-25T10:39:00+05:30,245.0,248.0,239.5,248.0,1642
2026-09-25T10:40:00+05:30,248.0,251.0,238.75,244.3,860
2026-09-25T10:41:00+05:30,240.95,259.95,240.9,253.8,1209
2026-09-25T10:42:00+05:30,254.15,254.45,241.1,252.55,862
2026-09-25T10:43:00+05:30,250.9,261.45,249.2,255.95,1493
2026-09-25T10:44:00+05:30,255.05,259.0,252.6,257.45,549
2026-09-25T10:45:00+05:30,257.4,261.8,254.35,259.8,1004
2026-09-25T10:46:00+05:30,259.55,264.0,256.65,257.9,1365
2026-09-25T10:47:00+05:30,257.15,271.3,257.0,271.3,1471
2026-09-25T10:48:00+05:30,271.3,274.95,263.4,263.75,2430
2026-09-25T10:49:00+05:30,264.25,267.95,255.35,261.85,1656
2026-09-25T10:50:00+05:30,261.15,264.65,256.65,260.25,830
2026-09-25T10:51:00+05:30,260.4,260.4,249.6,251.85,1209
2026-09-25T10:52:00+05:30,250.35,257.3,246.15,254.35,1294
2026-09-25T10:53:00+05:30,254.3,259.0,253.8,259.0,866
2026-09-25T10:54:00+05:30,259.0,259.15,247.45,251.0,1217
2026-09-25T10:55:00+05:30,249.8,250.5,240.35,241.8,1241
2026-09-25T10:56:00+05:30,244.1,247.4,236.1,239.25,1999
2026-09-25T10:57:00+05:30,238.5,249.1,238.5,246.85,991
2026-09-25T10:58:00+05:30,246.55,249.0,240.8,245.6,790
2026-09-25T10:59:00+05:30,246.05,249.0,239.0,239.6,953
2026-09-25T11:00:00+05:30,240.4,244.8,230.3,234.05,918
2026-09-25T11:01:00+05:30,233.65,236.4,225.2,232.5,2106
2026-09-25T11:02:00+05:30,233.55,233.55,208.75,220.15,3216
2026-09-25T11:03:00+05:30,220.15,224.1,210.5,219.95,1694
2026-09-25T11:04:00+05:30,220.6,223.95,213.6,221.0,981
2026-09-25T11:05:00+05:30,221.2,222.3,213.0,216.8,738
2026-09-25T11:06:00+05:30,217.9,222.75,215.85,219.75,524
2026-09-25T11:07:00+05:30,220.0,220.05,208.25,210.35,2434
2026-09-25T11:08:00+05:30,211.0,218.85,209.0,216.9,846
2026-09-25T11:09:00+05:30,216.05,216.8,210.2,213.6,732
2026-09-25T11:10:00+05:30,212.55,214.85,208.85,210.5,1020
2026-09-25T11:11:00+05:30,210.0,211.05,205.15,207.0,1368
2026-09-25T11:12:00+05:30,206.55,211.65,205.0,210.8,944
2026-09-25T11:13:00+05:30,211.5,222.9,209.75,220.8,1625
2026-09-25T11:14:00+05:30,221.6,222.6,211.6,214.85,1174
2026-09-25T11:15:00+05:30,214.7,219.7,210.9,213.4,944
2026-09-25T11:16:00+05:30,213.8,215.0,209.55,211.5,592
2026-09-25T11:17:00+05:30,212.2,212.25,204.8,208.5,1000
2026-09-25T11:18:00+05:30,207.2,216.0,207.2,212.05,559
2026-09-25T11:19:00+05:30,211.6,215.0,209.35,213.4,270
2026-09-25T11:20:00+05:30,213.45,213.8,208.45,211.55,425
2026-09-25T11:21:00+05:30,211.65,212.55,205.25,210.7,724
2026-09-25T11:22:00+05:30,211.35,212.2,206.0,209.9,306
2026-09-25T11:23:00+05:30,209.75,217.0,208.5,216.6,818
2026-09-25T11:24:00+05:30,216.55,230.0,215.9,229.35,2339
2026-09-25T11:25:00+05:30,229.65,232.15,225.2,226.7,2136
2026-09-25T11:26:00+05:30,227.4,231.4,222.55,228.55,1087
2026-09-25T11:27:00+05:30,229.4,232.0,225.1,229.7,758
2026-09-25T11:28:00+05:30,229.15,231.0,223.85,227.85,652
2026-09-25T11:29:00+05:30,227.0,228.6,219.4,220.5,958
2026-09-25T11:30:00+05:30,220.55,224.25,217.0,220.15,775
2026-09-25T11:31:00+05:30,219.3,221.05,207.3,212.65,1519
2026-09-25T11:32:00+05:30,212.65,215.1,209.95,214.15,577
2026-09-25T11:33:00+05:30,214.15,218.75,210.0,218.75,584
2026-09-25T11:34:00+05:30,219.35,222.0,215.0,216.0,776
2026-09-25T11:35:00+05:30,215.0,217.5,212.25,217.45,383
2026-09-25T11:36:00+05:30,217.5,223.0,216.7,223.0,734
2026-09-25T11:37:00+05:30,223.15,223.85,220.1,222.15,436
2026-09-25T11:38:00+05:30,220.35,223.35,216.7,217.6,575
2026-09-25T11:39:00+05:30,217.5,218.0,209.0,210.55,858
2026-09-25T11:40:00+05:30,210.7,217.4,209.6,217.0,504
2026-09-25T11:41:00+05:30,215.9,219.3,215.5,216.6,482
2026-09-25T11:42:00+05:30,216.65,216.65,210.5,212.05,572
2026-09-25T11:43:00+05:30,212.65,219.0,212.05,219.0,337
2026-09-25T11:44:00+05:30,219.25,220.0,211.5,215.8,227
2026-09-25T11:45:00+05:30,215.45,217.8,212.65,213.7,325
2026-09-25T11:46:00+05:30,213.6,214.85,208.5,212.2,629
2026-09-25T11:47:00+05:30,211.25,212.6,208.05,211.15,386
2026-09-25T11:48:00+05:30,211.85,216.35,211.25,212.9,312
2026-09-25T11:49:00+05:30,214.2,217.7,212.55,213.25,558
2026-09-25T11:50:00+05:30,213.85,214.25,205.0,212.1,1083
2026-09-25T11:51:00+05:30,211.15,214.1,207.9,210.85,620
2026-09-25T11:52:00+05:30,210.0,212.95,206.5,209.5,506
2026-09-25T11:53:00+05:30,209.2,212.0,207.0,211.45,273
2026-09-25T11:54:00+05:30,211.4,213.35,206.0,207.4,781
2026-09-25T11:55:00+05:30,207.65,214.25,205.1,211.9,859
2026-09-25T11:56:00+05:30,211.85,215.2,208.65,214.65,694
2026-09-25T11:57:00+05:30,214.9,215.25,211.15,214.5,482
2026-09-25T11:58:00+05:30,213.9,216.55,211.6,211.95,290
2026-09-25T11:59:00+05:30,212.05,218.0,209.85,217.25,475
2026-09-25T12:00:00+05:30,217.6,217.65,213.3,215.7,574
2026-09-25T12:01:00+05:30,215.85,226.9,213.0,224.7,1203
2026-09-25T12:02:00+05:30,225.35,225.35,217.2,223.95,999
2026-09-25T12:03:00+05:30,224.4,235.0,223.0,231.75,2153
2026-09-25T12:04:00+05:30,232.0,236.0,225.0,225.9,1690
2026-09-25T12:05:00+05:30,226.1,229.2,222.05,223.95,788
2026-09-25T12:06:00+05:30,224.3,229.2,222.0,227.15,937
2026-09-25T12:07:00+05:30,227.45,228.6,223.0,228.2,603
2026-09-25T12:08:00+05:30,229.0,230.0,219.7,220.2,905
2026-09-25T12:09:00+05:30,220.75,222.0,215.0,215.7,1007
2026-09-25T12:10:00+05:30,215.5,221.0,214.5,214.5,669
2026-09-25T12:11:00+05:30,214.05,214.05,208.0,210.0,1337
2026-09-25T12:12:00+05:30,210.0,212.55,207.65,212.55,756
2026-09-25T12:13:00+05:30,211.85,217.8,211.65,216.7,511
2026-09-25T12:14:00+05:30,216.15,222.0,214.95,215.3,609
2026-09-25T12:15:00+05:30,215.05,218.7,212.6,217.25,591
2026-09-25T12:16:00+05:30,216.0,217.2,212.55,216.65,303
2026-09-25T12:17:00+05:30,216.65,224.85,215.35,223.6,1183
2026-09-25T12:18:00+05:30,223.85,224.0,218.4,220.25,700
2026-09-25T12:19:00+05:30,219.35,222.15,217.55,222.15,440
2026-09-25T12:20:00+05:30,222.85,227.25,222.15,224.9,766
2026-09-25T12:21:00+05:30,223.6,229.75,223.6,229.0,700
2026-09-25T12:22:00+05:30,229.0,233.7,225.5,232.8,1200
2026-09-25T12:23:00+05:30,234.5,236.55,228.0,229.4,1909
2026-09-25T12:24:00+05:30,228.9,237.0,227.4,232.2,1001
2026-09-25T12:25:00+05:30,232.15,239.5,230.1,234.1,1174
2026-09-25T12:26:00+05:30,233.95,236.0,228.4,229.0,859
2026-09-25T12:27:00+05:30,228.75,233.3,225.55,230.5,723
2026-09-25T12:28:00+05:30,228.65,230.1,222.0,225.6,719
2026-09-25T12:29:00+05:30,225.15,227.95,221.0,221.0,512
2026-09-25T12:30:00+05:30,221.0,222.65,211.0,214.15,1696
2026-09-25T12:31:00+05:30,214.25,216.2,211.55,215.95,714
2026-09-25T12:32:00+05:30,215.05,218.2,212.0,216.8,715
2026-09-25T12:33:00+05:30,217.3,223.15,216.55,222.65,666
2026-09-25T12:34:00+05:30,222.5,226.0,217.6,225.95,843
2026-09-25T12:35:00+05:30,225.3,231.2,223.3,229.95,995
2026-09-25T12:36:00+05:30,229.9,238.8,228.2,235.95,1413
2026-09-25T12:37:00+05:30,236.4,236.4,228.0,233.95,1302
2026-09-25T12:38:00+05:30,233.9,235.8,227.05,228.15,884
2026-09-25T12:39:00+05:30,227.55,230.75,225.0,225.1,611
2026-09-25T12:40:00+05:30,225.0,229.9,222.7,229.6,583
2026-09-25T12:41:00+05:30,229.1,231.6,224.35,227.15,582
2026-09-25T12:42:00+05:30,226.7,235.95,226.3,234.0,893
2026-09-25T12:43:00+05:30,234.0,239.0,230.25,232.25,1301
2026-09-25T12:44:00+05:30,234.0,237.1,227.0,235.1,1370
2026-09-25T12:45:00+05:30,235.1,240.0,234.15,238.45,1818
2026-09-25T12:46:00+05:30,238.0,238.0,231.25,237.2,1395
2026-09-25T12:47:00+05:30,237.95,239.0,232.2,233.45,938
2026-09-25T12:48:00+05:30,233.65,241.55,233.0,240.35,1013
2026-09-25T12:49:00+05:30,240.3,253.1,236.05,249.25,2490
2026-09-25T12:50:00+05:30,248.0,261.0,244.35,256.25,3626
2026-09-25T12:51:00+05:30,255.25,266.9,251.0,261.4,2912
2026-09-25T12:52:00+05:30,261.25,264.3,251.05,254.8,2041
2026-09-25T12:53:00+05:30,254.5,263.0,251.6,253.55,1552
2026-09-25T12:54:00+05:30,253.8,259.5,251.4,258.85,928
2026-09-25T12:55:00+05:30,258.25,263.0,255.4,261.5,1428
2026-09-25T12:56:00+05:30,262.0,289.2,256.5,285.55,3923
2026-09-25T12:57:00+05:30,284.65,293.0,268.5,271.6,4792
2026-09-25T12:58:00+05:30,271.95,273.85,259.5,260.0,2686
2026-09-25T12:59:00+05:30,259.3,264.0,252.95,253.9,2223
2026-09-25T13:00:00+05:30,253.15,255.85,240.0,249.75,2791
2026-09-25T13:01:00+05:30,249.65,251.5,241.0,245.5,1705
2026-09-25T13:02:00+05:30,245.8,265.75,245.8,261.95,2076
2026-09-25T13:03:00+05:30,260.05,262.3,253.65,260.05,852
2026-09-25T13:04:00+05:30,259.85,262.85,256.0,261.2,664
2026-09-25T13:05:00+05:30,261.6,265.95,250.2,255.55,1373
2026-09-25T13:06:00+05:30,254.3,256.25,250.0,251.75,683
2026-09-25T13:07:00+05:30,250.65,256.35,246.45,254.6,1037
2026-09-25T13:08:00+05:30,256.05,258.9,249.15,250.0,904
2026-09-25T13:09:00+05:30,249.2,249.6,241.4,244.5,1158
2026-09-25T13:10:00+05:30,244.3,248.5,241.25,243.2,765
2026-09-25T13:11:00+05:30,242.0,242.0,234.2,241.25,1850
2026-09-25T13:12:00+05:30,240.3,245.7,237.0,243.75,815
2026-09-25T13:13:00+05:30,243.75,247.8,242.05,243.95,663
2026-09-25T13:14:00+05:30,244.0,254.5,243.3,251.3,1186
2026-09-25T13:15:00+05:30,251.0,255.0,245.1,254.05,1062
2026-09-25T13:16:00+05:30,254.05,256.7,247.35,247.55,1695
2026-09-25T13:17:00+05:30,248.3,254.05,243.8,250.35,853
2026-09-25T13:18:00+05:30,250.9,252.25,247.2,247.9,577
2026-09-25T13:19:00+05:30,248.55,250.85,242.1,250.85,839
2026-09-25T13:20:00+05:30,251.1,251.5,244.85,250.75,678
2026-09-25T13:21:00+05:30,250.3,250.3,244.0,245.35,666
2026-09-25T13:22:00+05:30,245.65,254.8,242.1,253.8,1156
2026-09-25T13:23:00+05:30,254.2,258.0,245.55,248.75,1582
2026-09-25T13:24:00+05:30,248.9,258.0,248.9,251.0,967
2026-09-25T13:25:00+05:30,252.55,256.5,248.15,251.6,1114
2026-09-25T13:26:00+05:30,250.75,250.75,243.9,246.0,1276
2026-09-25T13:27:00+05:30,246.7,252.9,244.85,252.0,722
2026-09-25T13:28:00+05:30,252.5,254.3,250.05,251.3,709
2026-09-25T13:29:00+05:30,251.8,251.8,248.0,250.7,480
2026-09-25T13:30:00+05:30,251.05,255.4,245.6,253.4,753
2026-09-25T13:31:00+05:30,253.2,253.25,246.3,249.95,484
2026-09-25T13:32:00+05:30,249.1,255.0,249.1,253.2,663
2026-09-25T13:33:00+05:30,253.1,264.0,252.7,262.9,1726
2026-09-25T13:34:00+05:30,262.9,272.0,261.7,267.1,2607
2026-09-25T13:35:00+05:30,267.2,274.0,263.0,265.0,2663
2026-09-25T13:36:00+05:30,265.35,270.25,261.15,265.25,1369
2026-09-25T13:37:00+05:30,264.25,276.0,259.25,260.05,1915
2026-09-25T13:38:00+05:30,260.15,267.8,260.1,264.35,1069
2026-09-25T13:39:00+05:30,265.0,272.95,261.0,269.5,1156
2026-09-25T13:40:00+05:30,269.85,270.8,258.0,260.8,852
2026-09-25T13:41:00+05:30,260.5,263.55,256.05,261.55,935
2026-09-25T13:42:00+05:30,261.7,264.95,248.7,248.7,1027
2026-09-25T13:43:00+05:30,248.8,261.95,244.0,260.3,2035
2026-09-25T13:44:00+05:30,261.0,261.0,253.95,257.75,653
2026-09-25T13:45:00+05:30,257.75,258.05,248.15,250.0,907
2026-09-25T13:46:00+05:30,249.8,251.35,233.45,234.4,2239
2026-09-25T13:47:00+05:30,234.65,250.0,232.2,244.3,2084
2026-09-25T13:48:00+05:30,244.15,249.2,243.1,246.2,706
2026-09-25T13:49:00+05:30,246.2,249.25,242.6,248.1,541
2026-09-25T13:50:00+05:30,248.1,253.8,247.9,252.7,823
2026-09-25T13:51:00+05:30,252.9,254.45,246.35,247.5,1002
2026-09-25T13:52:00+05:30,247.9,252.35,246.0,247.9,467
2026-09-25T13:53:00+05:30,248.65,252.7,245.65,250.6,644
2026-09-25T13:54:00+05:30,250.7,251.15,241.85,244.6,684
2026-09-25T13:55:00+05:30,245.2,246.4,235.1,235.4,1314
2026-09-25T13:56:00+05:30,236.4,240.0,221.05,221.85,2343
2026-09-25T13:57:00+05:30,221.95,234.9,221.95,234.35,1221
2026-09-25T13:58:00+05:30,234.0,234.35,225.65,229.3,1033
2026-09-25T13:59:00+05:30,228.65,229.9,218.05,219.15,1395
2026-09-25T14:00:00+05:30,218.0,218.0,184.95,192.35,7093
2026-09-25T14:01:00+05:30,193.05,204.55,188.0,193.6,3108
2026-09-25T14:02:00+05:30,193.75,196.35,185.2,192.5,2194
2026-09-25T14:03:00+05:30,191.7,191.7,160.05,160.55,7006
2026-09-25T14:04:00+05:30,161.1,184.5,160.35,176.6,3687
2026-09-25T14:05:00+05:30,177.55,187.05,171.0,183.65,2123
2026-09-25T14:06:00+05:30,184.3,186.0,174.85,181.8,1113
2026-09-25T14:07:00+05:30,181.85,185.0,172.5,176.45,1448
2026-09-25T14:08:00+05:30,176.2,186.6,172.75,182.65,1730
2026-09-25T14:09:00+05:30,182.35,202.75,181.6,195.5,2415
2026-09-25T14:10:00+05:30,195.45,196.9,186.8,190.7,1383
2026-09-25T14:11:00+05:30,190.75,192.9,179.1,181.65,1373
2026-09-25T14:12:00+05:30,182.25,189.0,177.4,188.7,1456
2026-09-25T14:13:00+05:30,187.55,190.6,182.9,189.9,876
2026-09-25T14:14:00+05:30,190.0,194.85,187.7,191.25,1403
2026-09-25T14:15:00+05:30,190.1,190.1,180.0,180.0,1162
2026-09-25T14:16:00+05:30,179.05,185.0,175.2,177.2,1191
2026-09-25T14:17:00+05:30,177.2,178.4,170.0,173.3,1698
2026-09-25T14:18:00+05:30,172.85,172.85,165.4,169.25,1306
2026-09-25T14:19:00+05:30,168.65,174.35,168.15,171.75,787
2026-09-25T14:20:00+05:30,171.2,177.6,167.7,174.5,1087
2026-09-25T14:21:00+05:30,174.8,174.85,163.2,167.85,1306
2026-09-25T14:22:00+05:30,168.1,170.2,164.8,167.0,622
2026-09-25T14:23:00+05:30,167.85,172.5,166.8,169.75,534
2026-09-25T14:24:00+05:30,169.6,172.45,167.55,172.45,703
2026-09-25T14:25:00+05:30,170.35,173.1,155.85,167.7,2331
2026-09-25T14:26:00+05:30,167.25,178.45,164.9,171.05,1508
2026-09-25T14:27:00+05:30,171.05,174.45,165.7,172.15,886
2026-09-25T14:28:00+05:30,171.55,172.4,163.75,166.3,770
2026-09-25T14:29:00+05:30,166.3,168.0,164.3,167.4,673
2026-09-25T14:30:00+05:30,166.95,167.95,154.55,155.45,1850
2026-09-25T14:31:00+05:30,156.4,164.6,154.2,156.8,1296
2026-09-25T14:32:00+05:30,156.3,160.2,154.15,157.1,599
2026-09-25T14:33:00+05:30,157.3,159.75,152.1,159.75,777
2026-09-25T14:34:00+05:30,160.0,161.45,155.9,158.05,951
2026-09-25T14:35:00+05:30,157.45,162.05,156.75,162.05,531
2026-09-25T14:36:00+05:30,162.4,162.6,158.5,162.0,295
2026-09-25T14:37:00+05:30,161.85,162.05,157.95,159.65,558
2026-09-25T14:38:00+05:30,159.7,160.25,155.65,158.45,297
2026-09-25T14:39:00+05:30,158.0,158.05,154.05,155.25,690
2026-09-25T14:40:00+05:30,155.85,161.75,155.85,161.65,565
2026-09-25T14:41:00+05:30,161.2,165.75,160.35,165.4,741
2026-09-25T14:42:00+05:30,165.1,168.55,164.95,168.55,846
2026-09-25T14:43:00+05:30,168.85,172.5,166.5,171.8,954
2026-09-25T14:44:00+05:30,170.95,173.0,168.3,170.65,853
2026-09-25T14:45:00+05:30,170.55,176.0,167.1,175.35,1722
2026-09-25T14:46:00+05:30,174.8,183.0,174.5,179.6,2259
2026-09-25T14:47:00+05:30,180.2,187.0,178.25,186.9,1775
2026-09-25T14:48:00+05:30,186.25,188.0,180.35,181.15,2157
2026-09-25T14:49:00+05:30,180.55,185.5,177.0,185.0,1625
2026-09-25T14:50:00+05:30,184.7,192.0,178.6,187.8,3012
2026-09-25T14:51:00+05:30,188.0,190.3,182.95,184.15,1220
2026-09-25T14:52:00+05:30,183.0,183.6,177.75,181.15,1309
2026-09-25T14:53:00+05:30,180.3,181.45,174.8,177.45,1160
2026-09-25T14:54:00+05:30,178.0,180.5,171.15,171.2,738
2026-09-25T14:55:00+05:30,171.5,189.7,170.0,188.35,1787
2026-09-25T14:56:00+05:30,188.65,191.35,183.85,189.0,1500
2026-09-25T14:57:00+05:30,188.95,196.45,188.15,188.9,2125
2026-09-25T14:58:00+05:30,189.4,195.65,187.7,193.45,1688
2026-09-25T14:59:00+05:30,192.9,194.15,186.7,189.15,1196
2026-09-25T15:00:00+05:30,189.1,199.0,188.3,189.95,2555
2026-09-25T15:01:00+05:30,190.55,202.95,189.2,202.85,2133
2026-09-25T15:02:00+05:30,202.75,208.25,196.9,200.45,2516
2026-09-25T15:03:00+05:30,200.8,206.3,199.2,203.4,2420
2026-09-25T15:04:00+05:30,203.5,207.7,198.7,199.9,1799
2026-09-25T15:05:00+05:30,199.5,210.1,199.25,208.5,2784
2026-09-25T15:06:00+05:30,209.05,209.95,196.7,196.7,2151
2026-09-25T15:07:00+05:30,196.75,210.5,193.85,210.1,3113
2026-09-25T15:08:00+05:30,210.5,231.95,208.05,231.2,4065
2026-09-25T15:09:00+05:30,231.45,234.45,220.55,227.3,4712
2026-09-25T15:10:00+05:30,226.25,230.75,216.2,220.95,2919
2026-09-25T15:11:00+05:30,222.55,224.85,218.7,220.0,1793
2026-09-25T15:12:00+05:30,220.7,221.6,210.55,211.85,2032
2026-09-25T15:13:00+05:30,211.7,217.7,207.9,209.35,1680
2026-09-25T15:14:00+05:30,208.8,211.6,202.15,203.35,1862
2026-09-25T15:15:00+05:30,203.35,208.75,200.8,208.75,1845
2026-09-25T15:16:00+05:30,208.7,214.7,207.6,209.25,1542
2026-09-25T15:17:00+05:30,210.0,214.0,208.4,210.25,1000
2026-09-25T15:18:00+05:30,209.45,210.2,196.55,199.25,2140
2026-09-25T15:19:00+05:30,198.55,204.0,197.8,200.6,788
2026-09-25T15:20:00+05:30,202.15,205.8,194.4,203.4,2014
2026-09-25T15:21:00+05:30,204.55,208.5,204.05,205.35,1388
2026-09-25T15:22:00+05:30,204.9,212.0,204.8,211.4,1212
2026-09-25T15:23:00+05:30,212.0,215.0,209.4,215.0,816
2026-09-25T15:24:00+05:30,214.2,215.0,206.0,212.05,1344
2026-09-25T15:25:00+05:30,212.7,213.35,207.0,209.95,559
2026-09-25T15:26:00+05:30,209.95,212.45,209.0,210.05,601
2026-09-25T15:27:00+05:30,210.1,211.65,206.7,208.9,913
2026-09-25T15:28:00+05:30,209.0,209.6,206.8,206.9,542
2026-09-25T15:29:00+05:30,207.15,208.3,199.05,205.0,1153
2026-09-25T15:30:00+05:30,204.9,210.0,203.45,210.0,847
2026-09-25T15:31:00+05:30,210.65,213.0,207.8,209.9,611
2026-09-25T15:32:00+05:30,209.55,216.4,209.55,216.4,795
2026-09-25T15:33:00+05:30,216.45,218.65,212.5,214.25,996
2026-09-25T15:34:00+05:30,213.8,213.8,206.55,209.2,463
2026-09-25T15:35:00+05:30,209.7,209.95,202.95,204.4,684
2026-09-25T15:36:00+05:30,204.5,209.75,201.6,207.65,727
2026-09-25T15:37:00+05:30,208.9,208.9,199.0,202.5,677
2026-09-25T15:38:00+05:30,203.0,207.35,202.1,207.35,449
2026-09-25T15:39:00+05:30,207.35,207.65,205.0,205.35,595
2026-09-28T09:15:00+05:30,249.95,407.85,249.95,405.0,7951
2026-09-28T09:16:00+05:30,407.65,480.0,407.65,448.8,3842
2026-09-28T09:17:00+05:30,447.35,477.5,443.4,466.5,2511
2026-09-28T09:18:00+05:30,464.25,493.2,457.35,481.55,2011
2026-09-28T09:19:00+05:30,483.45,550.0,472.0,546.4,1446
2026-09-28T09:20:00+05:30,546.95,588.3,530.75,576.0,1562
2026-09-28T09:21:00+05:30,576.25,579.85,555.1,568.95,1083
2026-09-28T09:22:00+05:30,571.45,602.35,567.15,599.8,1038
2026-09-28T09:23:00+05:30,593.1,595.6,555.6,575.8,1391
2026-09-28T09:24:00+05:30,575.05,583.65,536.2,560.5,889
2026-09-28T09:25:00+05:30,562.65,615.0,560.3,608.1,1379
2026-09-28T09:26:00+05:30,610.0,616.1,603.0,611.65,473
2026-09-28T09:27:00+05:30,614.15,614.2,586.05,598.35,537
2026-09-28T09:28:00+05:30,600.25,608.9,593.5,593.5,344
2026-09-28T09:29:00+05:30,593.25,600.0,589.55,591.6,176
2026-09-28T09:30:00+05:30,592.65,616.95,591.35,600.95,467
2026-09-28T09:31:00+05:30,598.8,619.05,595.8,617.9,527
2026-09-28T09:32:00+05:30,614.0,631.0,614.0,629.1,677
2026-09-28T09:33:00+05:30,629.0,667.35,627.65,649.55,940
2026-09-28T09:34:00+05:30,650.35,672.7,648.7,652.9,682
2026-09-28T09:35:00+05:30,649.8,750.0,647.9,724.85,2627
2026-09-28T09:36:00+05:30,720.0,759.0,719.9,744.35,1049
2026-09-28T09:37:00+05:30,745.0,760.0,725.5,734.95,1159
2026-09-28T09:38:00+05:30,732.6,784.45,732.6,754.15,1068
2026-09-28T09:39:00+05:30,755.6,763.85,741.4,755.8,450
2026-09-28T09:40:00+05:30,751.65,771.95,745.65,746.1,439
2026-09-28T09:41:00+05:30,737.15,754.05,702.15,720.3,456
2026-09-28T09:42:00+05:30,720.5,740.5,717.7,732.95,414
2026-09-28T09:43:00+05:30,736.6,760.0,735.35,753.05,147
2026-09-28T09:44:00+05:30,753.9,766.6,750.35,751.3,342
2026-09-28T09:45:00+05:30,751.0,756.6,738.8,745.6,187
2026-09-28T09:46:00+05:30,739.7,744.45,720.05,728.5,321
2026-09-28T09:47:00+05:30,735.5,737.6,717.0,729.05,158
2026-09-28T09:48:00+05:30,727.25,735.85,709.85,731.5,164
2026-09-28T09:49:00+05:30,731.1,740.0,723.35,727.25,100
2026-09-28T09:50:00+05:30,731.1,735.95,718.0,724.45,133
2026-09-28T09:51:00+05:30,723.15,751.0,722.9,745.75,143
2026-09-28T09:52:00+05:30,750.95,759.0,744.9,753.65,232
2026-09-28T09:53:00+05:30,752.0,755.5,737.4,743.25,393
2026-09-28T09:54:00+05:30,741.35,757.95,741.0,751.4,460
2026-09-28T09:55:00+05:30,753.8,757.3,740.65,757.3,335
2026-09-28T09:56:00+05:30,751.75,758.0,738.0,738.2,253
2026-09-28T09:57:00+05:30,741.7,744.5,725.45,728.4,297
2026-09-28T09:58:00+05:30,727.5,731.2,711.0,722.0,261
2026-09-28T09:59:00+05:30,723.85,729.6,716.9,723.9,131
2026-09-28T10:00:00+05:30,723.95,746.95,722.75,744.8,197
2026-09-28T10:01:00+05:30,747.6,753.0,741.85,746.55,339
2026-09-28T10:02:00+05:30,743.9,753.45,740.3,745.25,474
2026-09-28T10:03:00+05:30,742.7,758.0,740.3,758.0,172
2026-09-28T10:04:00+05:30,757.25,776.55,754.8,759.05,374
2026-09-28T10:05:00+05:30,761.65,810.5,757.2,805.0,342
2026-09-28T10:06:00+05:30,801.35,825.0,794.75,817.0,1487
2026-09-28T10:07:00+05:30,815.0,840.9,796.55,813.65,379
2026-09-28T10:08:00+05:30,813.4,821.35,799.3,819.1,155
2026-09-28T10:09:00+05:30,819.25,836.0,817.7,831.8,132
2026-09-28T10:10:00+05:30,832.25,832.25,812.5,816.0,113
2026-09-28T10:11:00+05:30,813.6,814.6,799.0,803.55,100
2026-09-28T10:12:00+05:30,805.65,822.0,803.0,819.65,104
2026-09-28T10:13:00+05:30,812.25,812.25,795.25,798.0,172
2026-09-28T10:14:00+05:30,796.0,814.0,790.0,814.0,174
2026-09-28T10:15:00+05:30,818.0,830.0,811.0,820.4,101
2026-09-28T10:16:00+05:30,825.2,831.6,819.9,825.1,955
2026-09-28T10:17:00+05:30,826.85,870.0,826.35,869.9,287
2026-09-28T10:18:00+05:30,871.9,876.0,832.0,843.35,642
2026-09-28T10:19:00+05:30,836.7,837.05,819.9,819.9,208
2026-09-28T10:20:00+05:30,819.9,822.85,773.5,794.75,380
2026-09-28T10:21:00+05:30,792.65,826.0,792.25,819.5,113
2026-09-28T10:22:00+05:30,818.25,824.3,810.65,823.2,94
2026-09-28T10:23:00+05:30,820.0,837.55,810.65,830.0,105
2026-09-28T10:24:00+05:30,824.6,846.45,824.6,836.2,100
2026-09-28T10:25:00+05:30,831.05,850.0,830.9,850.0,124
2026-09-28T10:26:00+05:30,841.15,852.0,833.7,843.65,197
2026-09-28T10:27:00+05:30,844.3,846.85,838.85,842.25,45
2026-09-28T10:28:00+05:30,844.0,846.85,816.65,816.65,110
2026-09-28T10:29:00+05:30,822.0,843.0,822.0,835.95,35
2026-09-28T10:30:00+05:30,830.0,830.0,810.0,816.5,89
2026-09-28T10:31:00+05:30,814.15,823.0,814.15,819.35,47
2026-09-28T10:32:00+05:30,825.0,833.5,825.0,828.0,28
2026-09-28T10:33:00+05:30,820.55,848.0,820.55,844.65,90
2026-09-28T10:34:00+05:30,841.9,851.0,836.5,844.0,60
2026-09-28T10:35:00+05:30,845.4,852.8,839.45,849.9,40
2026-09-28T10:36:00+05:30,841.0,844.4,824.85,833.0,37
2026-09-28T10:37:00+05:30,835.0,850.0,833.05,837.4,48
2026-09-28T10:38:00+05:30,845.0,855.8,838.0,855.5,55
2026-09-28T10:39:00+05:30,852.0,876.0,843.75,863.4,100
2026-09-28T10:40:00+05:30,858.0,858.7,848.35,858.7,28
2026-09-28T10:41:00+05:30,859.55,905.0,851.95,872.55,227
2026-09-28T10:42:00+05:30,874.8,890.3,874.8,890.3,382
2026-09-28T10:43:00+05:30,893.0,897.85,880.0,888.65,177
2026-09-28T10:44:00+05:30,884.9,891.45,877.4,881.7,180
2026-09-28T10:45:00+05:30,880.2,884.0,874.0,879.9,994
2026-09-28T10:46:00+05:30,874.65,879.45,865.85,871.8,202
2026-09-28T10:47:00+05:30,871.0,881.05,864.05,876.0,106
2026-09-28T10:48:00+05:30,875.95,890.0,875.75,886.45,76
2026-09-28T10:49:00+05:30,886.0,922.0,884.1,900.0,201
2026-09-28T10:50:00+05:30,902.2,911.45,896.9,905.2,47
2026-09-28T10:51:00+05:30,908.15,910.0,893.75,906.0,64
2026-09-28T10:52:00+05:30,901.3,918.7,897.65,904.0,69
2026-09-28T10:53:00+05:30,901.2,907.75,894.05,896.0,42
2026-09-28T10:54:00+05:30,893.3,894.0,865.15,867.15,131
2026-09-28T10:55:00+05:30,870.95,870.95,832.2,838.2,210
2026-09-28T10:56:00+05:30,840.55,850.0,825.4,850.0,113
2026-09-28T10:57:00+05:30,854.05,863.8,839.0,863.0,150
2026-09-28T10:58:00+05:30,863.75,865.0,844.65,855.95,43
2026-09-28T10:59:00+05:30,856.0,870.0,849.1,869.05,136
2026-09-28T11:00:00+05:30,869.5,887.8,868.7,880.0,59
2026-09-28T11:01:00+05:30,882.5,890.0,873.6,873.6,31
2026-09-28T11:02:00+05:30,879.2,879.25,863.4,865.85,24
2026-09-28T11:03:00+05:30,866.2,886.35,866.2,883.95,27
2026-09-28T11:04:00+05:30,880.75,901.15,877.45,890.0,60
2026-09-28T11:05:00+05:30,894.15,897.85,886.15,886.15,84
2026-09-28T11:06:00+05:30,883.85,888.45,877.8,880.4,78
2026-09-28T11:07:00+05:30,882.2,890.8,875.65,890.8,55
2026-09-28T11:08:00+05:30,897.95,912.0,894.55,900.95,87
2026-09-28T11:09:00+05:30,903.15,910.0,897.0,904.95,66
2026-09-28T11:10:00+05:30,899.15,918.0,899.15,915.8,51
2026-09-28T11:11:00+05:30,917.35,920.0,904.3,917.35,80
2026-09-28T11:12:00+05:30,923.0,930.0,908.0,920.9,113
2026-09-28T11:13:00+05:30,915.95,922.8,907.5,914.8,372
2026-09-28T11:14:00+05:30,914.55,914.6,905.05,906.75,81
2026-09-28T11:15:00+05:30,906.0,909.45,881.9,892.4,198
2026-09-28T11:16:00+05:30,900.0,922.8,900.0,914.05,121
2026-09-28T11:17:00+05:30,907.45,923.5,903.85,915.55,105
2026-09-28T11:18:00+05:30,916.1,916.1,883.3,883.9,85
2026-09-28T11:19:00+05:30,887.0,890.75,871.0,877.0,212
2026-09-28T11:20:00+05:30,867.45,886.1,866.35,886.1,53
2026-09-28T11:21:00+05:30,888.1,899.0,867.65,888.0,150
2026-09-28T11:22:00+05:30,883.65,886.0,880.1,883.3,59
2026-09-28T11:23:00+05:30,885.0,885.0,874.4,876.0,20
2026-09-28T11:24:00+05:30,888.0,900.0,887.65,894.0,19
2026-09-28T11:25:00+05:30,895.9,895.9,887.3,895.65,32
2026-09-28T11:26:00+05:30,897.85,897.85,881.4,885.9,8
2026-09-28T11:27:00+05:30,883.4,885.7,862.2,866.4,48
2026-09-28T11:28:00+05:30,869.5,869.7,858.65,869.7,27
2026-09-28T11:29:00+05:30,873.75,875.0,862.15,867.35,99
2026-09-28T11:30:00+05:30,862.15,864.0,840.0,852.8,204
2026-09-28T11:31:00+05:30,854.0,854.0,837.65,846.45,102
2026-09-28T11:32:00+05:30,847.65,870.0,840.0,866.95,134
2026-09-28T11:33:00+05:30,869.8,909.15,867.75,897.0,258
2026-09-28T11:34:00+05:30,891.0,900.0,889.75,898.8,42
2026-09-28T11:35:00+05:30,895.5,900.85,888.05,892.3,32
2026-09-28T11:36:00+05:30,885.55,885.55,870.0,870.0,33
2026-09-28T11:37:00+05:30,870.0,870.0,841.5,850.05,90
2026-09-28T11:38:00+05:30,844.35,854.0,844.3,851.45,18
2026-09-28T11:39:00+05:30,852.4,853.5,842.6,846.55,43
2026-09-28T11:40:00+05:30,848.85,848.9,833.5,844.9,104
2026-09-28T11:41:00+05:30,846.55,848.8,807.4,818.4,125
2026-09-28T11:42:00+05:30,823.05,831.0,818.1,825.95,94
2026-09-28T11:43:00+05:30,831.0,832.35,817.75,830.2,100
2026-09-28T11:44:00+05:30,822.2,834.75,822.2,830.0,24
2026-09-28T11:45:00+05:30,828.55,833.0,818.3,826.8,125
2026-09-28T11:46:00+05:30,827.05,833.6,820.0,830.85,56
2026-09-28T11:47:00+05:30,829.1,848.0,829.0,848.0,42
2026-09-28T11:48:00+05:30,848.35,863.3,842.8,842.8,32
2026-09-28T11:49:00+05:30,849.1,862.35,849.1,859.0,10
2026-09-28T11:50:00+05:30,852.0,862.15,851.0,862.15,53
2026-09-28T11:51:00+05:30,860.0,873.1,853.25,870.0,44
2026-09-28T11:52:00+05:30,860.55,864.6,855.45,855.45,25
2026-09-28T11:53:00+05:30,856.55,865.95,844.15,865.95,14
2026-09-28T11:54:00+05:30,856.0,864.25,856.0,864.25,13
2026-09-28T11:55:00+05:30,870.3,877.15,867.25,875.9,19
2026-09-28T11:56:00+05:30,875.35,893.05,874.95,880.35,138
2026-09-28T11:57:00+05:30,876.75,877.2,870.1,870.1,8
2026-09-28T11:58:00+05:30,880.0,882.2,880.0,882.2,2
2026-09-28T11:59:00+05:30,873.0,875.55,854.0,865.85,39
2026-09-28T12:00:00+05:30,865.95,865.95,859.75,859.75,9
2026-09-28T12:01:00+05:30,857.0,865.0,842.05,865.0,27
2026-09-28T12:02:00+05:30,875.0,875.0,855.0,858.6,36
2026-09-28T12:03:00+05:30,864.45,877.25,864.45,873.0,7
2026-09-28T12:04:00+05:30,862.05,863.75,855.85,863.1,13
2026-09-28T12:05:00+05:30,868.6,868.6,859.95,862.0,62
2026-09-28T12:06:00+05:30,857.85,858.3,844.0,849.95,33
2026-09-28T12:07:00+05:30,851.0,859.95,848.9,857.15,59
2026-09-28T12:08:00+05:30,864.0,864.0,857.15,857.15,10
2026-09-28T12:09:00+05:30,863.6,863.7,860.45,860.75,13
2026-09-28T12:10:00+05:30,863.7,865.55,851.0,851.0,19
2026-09-28T12:11:00+05:30,850.05,858.15,837.85,857.15,46
2026-09-28T12:12:00+05:30,862.3,862.3,849.0,854.55,18
2026-09-28T12:13:00+05:30,859.0,861.9,854.8,861.0,13
2026-09-28T12:14:00+05:30,858.05,858.05,858.0,858.0,4
2026-09-28T12:15:00+05:30,865.0,872.95,863.75,869.7,18
2026-09-28T12:16:00+05:30,871.2,871.2,856.25,861.0,19
2026-09-28T12:17:00+05:30,859.0,865.15,857.35,865.15,12
2026-09-28T12:18:00+05:30,860.6,860.6,853.9,853.9,3
2026-09-28T12:19:00+05:30,853.0,857.0,846.4,846.4,16
2026-09-28T12:20:00+05:30,844.2,862.55,843.3,862.35,18
2026-09-28T12:21:00+05:30,862.0,862.25,855.0,855.0,14
2026-09-28T12:22:00+05:30,857.75,872.5,853.0,861.25,69
2026-09-28T12:23:00+05:30,868.75,869.85,850.0,850.0,18
2026-09-28T12:24:00+05:30,848.2,864.0,848.0,849.9,44
2026-09-28T12:25:00+05:30,846.05,846.05,827.55,828.35,100
2026-09-28T12:26:00+05:30,826.25,831.6,810.6,824.95,110
2026-09-28T12:27:00+05:30,827.5,837.05,827.5,830.0,63
2026-09-28T12:28:00+05:30,829.75,838.6,823.8,828.8,48
2026-09-28T12:29:00+05:30,831.15,831.15,808.8,809.7,57
2026-09-28T12:30:00+05:30,806.3,832.5,806.3,830.3,89
2026-09-28T12:31:00+05:30,827.5,836.55,817.45,828.8,66
2026-09-28T12:32:00+05:30,829.0,831.7,822.0,826.0,17
2026-09-28T12:33:00+05:30,828.95,855.5,828.95,842.0,100
2026-09-28T12:34:00+05:30,850.0,875.0,850.0,860.9,75
2026-09-28T12:35:00+05:30,865.25,870.0,856.05,856.05,49
2026-09-28T12:36:00+05:30,860.0,863.15,855.65,860.0,12
2026-09-28T12:37:00+05:30,856.0,859.35,849.8,859.35,11
2026-09-28T12:38:00+05:30,863.6,863.6,855.9,858.05,16
2026-09-28T12:39:00+05:30,855.0,859.0,855.0,859.0,3
2026-09-28T12:40:00+05:30,853.15,858.85,850.0,858.85,4
2026-09-28T12:41:00+05:30,863.0,865.25,855.5,856.0,16
2026-09-28T12:42:00+05:30,856.95,857.05,842.4,843.95,26
2026-09-28T12:43:00+05:30,850.0,850.0,843.8,844.0,10
2026-09-28T12:44:00+05:30,850.0,860.55,850.0,860.55,13
2026-09-28T12:45:00+05:30,861.0,869.9,856.0,857.0,17
2026-09-28T12:46:00+05:30,859.85,859.85,845.0,854.2,32
2026-09-28T12:47:00+05:30,851.6,852.0,847.15,851.7,9
2026-09-28T12:48:00+05:30,850.0,860.8,850.0,855.0,12
2026-09-28T12:49:00+05:30,853.95,854.9,850.0,853.1,41
2026-09-28T12:50:00+05:30,853.95,853.95,848.0,850.0,30
2026-09-28T12:51:00+05:30,854.95,880.15,854.95,865.0,47
2026-09-28T12:52:00+05:30,861.4,884.95,853.85,882.0,119
2026-09-28T12:53:00+05:30,887.5,904.35,867.0,867.0,144
2026-09-28T12:54:00+05:30,860.0,869.95,859.0,860.2,15
2026-09-28T12:55:00+05:30,861.0,874.95,861.0,866.0,38
2026-09-28T12:56:00+05:30,865.0,878.55,865.0,873.2,31
2026-09-28T12:57:00+05:30,879.95,884.95,873.0,881.0,28
2026-09-28T12:58:00+05:30,884.1,886.8,865.0,865.0,53
2026-09-28T12:59:00+05:30,862.05,875.0,860.95,875.0,16
2026-09-28T13:00:00+05:30,873.0,873.0,873.0,873.0,1
2026-09-28T13:01:00+05:30,871.7,871.7,864.0,867.5,41
2026-09-28T13:02:00+05:30,867.2,874.95,867.15,874.95,27
2026-09-28T13:03:00+05:30,877.5,880.0,870.0,877.5,35
2026-09-28T13:04:00+05:30,877.5,890.0,877.5,890.0,90
2026-09-28T13:05:00+05:30,888.05,889.0,880.0,883.4,16
2026-09-28T13:06:00+05:30,872.35,886.75,872.35,884.0,32
2026-09-28T13:07:00+05:30,890.0,912.0,885.35,893.2,889
2026-09-28T13:08:00+05:30,896.05,905.1,891.25,891.25,61
2026-09-28T13:09:00+05:30,892.8,898.5,874.85,879.1,77
2026-09-28T13:10:00+05:30,873.8,876.1,849.0,851.15,108
2026-09-28T13:11:00+05:30,854.55,861.95,838.65,861.95,95
2026-09-28T13:12:00+05:30,864.0,882.8,861.7,879.3,77
2026-09-28T13:13:00+05:30,874.0,874.0,862.75,863.0,24
2026-09-28T13:14:00+05:30,866.0,877.35,861.25,872.3,20
2026-09-28T13:15:00+05:30,874.0,878.0,866.0,878.0,20
2026-09-28T13:16:00+05:30,868.0,875.15,864.75,869.65,18
2026-09-28T13:17:00+05:30,867.2,867.2,863.6,864.7,7
2026-09-28T13:18:00+05:30,862.0,871.0,862.0,871.0,2
2026-09-28T13:19:00+05:30,876.35,879.9,866.7,866.75,39
2026-09-28T13:20:00+05:30,865.05,878.0,865.0,876.0,19
2026-09-28T13:21:00+05:30,872.0,872.0,865.8,865.8,3
2026-09-28T13:22:00+05:30,866.0,869.5,848.2,850.0,40
2026-09-28T13:23:00+05:30,851.7,856.35,840.0,847.0,68
2026-09-28T13:24:00+05:30,840.25,849.0,833.15,849.0,67
2026-09-28T13:25:00+05:30,849.75,851.0,831.65,831.65,30
2026-09-28T13:26:00+05:30,830.0,834.1,817.25,830.75,126
2026-09-28T13:27:00+05:30,832.1,838.25,819.0,832.85,25
2026-09-28T13:28:00+05:30,837.0,841.45,830.0,839.5,14
2026-09-28T13:29:00+05:30,834.0,835.0,826.7,831.25,40
2026-09-28T13:30:00+05:30,837.0,849.0,837.0,848.95,15
2026-09-28T13:31:00+05:30,845.05,858.0,845.05,858.0,46
2026-09-28T13:32:00+05:30,863.75,863.75,852.65,856.9,73
2026-09-28T13:33:00+05:30,858.0,875.0,850.0,870.75,38
2026-09-28T13:34:00+05:30,875.0,890.0,865.2,885.0,66
2026-09-28T13:35:00+05:30,880.0,890.0,871.2,890.0,27
2026-09-28T13:36:00+05:30,885.9,888.45,875.9,886.0,27
2026-09-28T13:37:00+05:30,889.8,899.5,883.1,894.0,42
2026-09-28T13:38:00+05:30,891.25,895.95,885.85,891.65,24
2026-09-28T13:39:00+05:30,893.0,894.6,865.95,865.95,25
2026-09-28T13:40:00+05:30,878.0,883.0,870.8,870.8,17
2026-09-28T13:41:00+05:30,858.35,867.3,855.1,861.9,38
2026-09-28T13:42:00+05:30,864.7,870.05,858.95,864.0,24
2026-09-28T13:43:00+05:30,876.0,892.0,876.0,878.95,24
2026-09-28T13:44:00+05:30,885.75,885.75,857.65,859.95,30
2026-09-28T13:45:00+05:30,857.75,873.2,857.75,871.85,9
2026-09-28T13:46:00+05:30,865.0,865.0,861.5,863.8,7
2026-09-28T13:47:00+05:30,863.0,867.5,858.0,867.5,27
2026-09-28T13:48:00+05:30,870.2,881.35,869.05,873.65,34
2026-09-28T13:49:00+05:30,879.75,904.25,873.0,873.0,91
2026-09-28T13:50:00+05:30,875.65,882.85,867.95,882.85,28
2026-09-28T13:51:00+05:30,875.0,880.0,875.0,878.0,7
2026-09-28T13:52:00+05:30,875.0,875.0,865.0,870.15,11
2026-09-28T13:53:00+05:30,865.0,886.05,865.0,886.05,2
2026-09-28T13:54:00+05:30,886.05,886.05,884.0,884.0,6
2026-09-28T13:55:00+05:30,885.0,892.85,875.0,875.0,16
2026-09-28T13:56:00+05:30,870.0,870.0,852.9,857.45,42
2026-09-28T13:57:00+05:30,868.5,868.5,868.5,868.5,1
2026-09-28T13:58:00+05:30,879.9,881.25,866.5,866.5,18
2026-09-28T13:59:00+05:30,863.0,865.8,863.0,865.8,2
2026-09-28T14:00:00+05:30,869.95,872.3,860.0,864.8,40
2026-09-28T14:01:00+05:30,868.8,880.0,866.0,878.0,28
2026-09-28T14:02:00+05:30,887.0,887.0,881.0,881.0,13
2026-09-28T14:03:00+05:30,880.0,880.0,874.3,876.0,9
2026-09-28T14:04:00+05:30,880.0,880.0,880.0,880.0,1
2026-09-28T14:05:00+05:30,878.0,882.0,868.8,877.2,55
2026-09-28T14:06:00+05:30,877.75,898.6,876.75,895.0,42
2026-09-28T14:07:00+05:30,894.0,899.0,881.0,891.3,35
2026-09-28T14:08:00+05:30,892.6,892.6,882.65,890.0,153
2026-09-28T14:09:00+05:30,897.2,909.2,890.55,909.2,91
2026-09-28T14:10:00+05:30,898.6,906.85,892.0,892.0,73
2026-09-28T14:11:00+05:30,887.0,897.8,883.4,890.05,23
2026-09-28T14:12:00+05:30,887.0,887.0,873.9,884.45,9
2026-09-28T14:13:00+05:30,890.0,907.85,890.0,904.5,27
2026-09-28T14:14:00+05:30,900.3,904.25,896.0,896.0,48
2026-09-28T14:15:00+05:30,896.0,936.9,884.0,931.1,168
2026-09-28T14:16:00+05:30,927.0,934.05,910.3,928.55,228
2026-09-28T14:17:00+05:30,924.2,959.75,922.85,945.4,124
2026-09-28T14:18:00+05:30,952.85,988.0,942.75,965.3,473
2026-09-28T14:19:00+05:30,969.2,980.0,965.0,979.8,33
2026-09-28T14:20:00+05:30,973.75,973.75,945.5,955.0,44
2026-09-28T14:21:00+05:30,956.25,956.25,938.85,945.0,21
2026-09-28T14:22:00+05:30,945.0,958.8,945.0,952.9,23
2026-09-28T14:23:00+05:30,960.25,969.1,949.0,949.1,79
2026-09-28T14:24:00+05:30,956.55,956.55,940.0,944.8,15
2026-09-28T14:25:00+05:30,945.95,951.7,938.3,940.45,38
2026-09-28T14:26:00+05:30,940.3,941.75,929.45,932.45,14
2026-09-28T14:27:00+05:30,939.0,944.85,926.3,934.0,15
2026-09-28T14:28:00+05:30,928.0,950.0,926.4,950.0,30
2026-09-28T14:29:00+05:30,950.0,950.0,938.85,946.65,74
2026-09-28T14:30:00+05:30,950.0,950.0,914.6,919.85,342
2026-09-28T14:31:00+05:30,921.9,939.75,920.1,937.65,23
2026-09-28T14:32:00+05:30,937.9,957.05,936.9,956.95,21
2026-09-28T14:33:00+05:30,956.95,956.95,950.35,955.35,14
2026-09-28T14:34:00+05:30,952.85,969.55,952.85,960.0,41
2026-09-28T14:35:00+05:30,956.9,964.3,950.2,960.6,40
2026-09-28T14:36:00+05:30,953.5,953.5,936.1,952.15,54
2026-09-28T14:37:00+05:30,952.15,960.0,952.15,952.3,28
2026-09-28T14:38:00+05:30,970.0,1006.25,965.05,994.1,255
2026-09-28T14:39:00+05:30,998.6,1007.55,992.0,999.8,154
2026-09-28T14:40:00+05:30,994.05,1001.4,982.05,998.0,116
2026-09-28T14:41:00+05:30,994.0,994.0,970.0,987.45,97
2026-09-28T14:42:00+05:30,988.0,1010.25,986.55,1005.8,75
2026-09-28T14:43:00+05:30,1000.45,1008.1,997.5,999.65,137
2026-09-28T14:44:00+05:30,991.1,1004.2,990.0,1004.2,40
2026-09-28T14:45:00+05:30,996.9,1001.55,985.2,1001.55,57
2026-09-28T14:46:00+05:30,998.1,998.1,958.0,965.0,99
2026-09-28T14:47:00+05:30,969.5,973.75,961.55,973.7,22
2026-09-28T14:48:00+05:30,969.55,975.6,958.0,958.0,67
2026-09-28T14:49:00+05:30,961.6,961.6,935.9,948.05,91
2026-09-28T14:50:00+05:30,950.3,950.3,934.6,934.6,72
2026-09-28T14:51:00+05:30,949.95,966.65,946.35,966.65,29
2026-09-28T14:52:00+05:30,965.0,965.1,949.1,949.1,26
2026-09-28T14:53:00+05:30,942.8,955.75,942.8,950.45,9
2026-09-28T14:54:00+05:30,949.9,949.9,949.9,949.9,3
2026-09-28T14:55:00+05:30,945.9,965.55,945.9,960.15,21
2026-09-28T14:56:00+05:30,960.75,965.85,956.45,957.95,36
2026-09-28T14:57:00+05:30,957.95,960.15,954.8,954.8,21
2026-09-28T14:58:00+05:30,956.3,985.9,956.3,985.9,22
2026-09-28T14:59:00+05:30,972.5,981.9,958.9,959.8,73
2026-09-28T15:00:00+05:30,972.65,973.0,964.85,970.55,70
2026-09-28T15:01:00+05:30,973.95,973.95,953.95,961.5,45
2026-09-28T15:02:00+05:30,966.1,981.3,964.25,970.5,9
2026-09-28T15:03:00+05:30,967.5,967.5,939.05,942.7,186
2026-09-28T15:04:00+05:30,941.5,962.75,933.0,960.45,257
2026-09-28T15:05:00+05:30,962.75,969.0,955.95,956.4,67
2026-09-28T15:06:00+05:30,959.85,959.85,959.85,959.85,2
2026-09-28T15:07:00+05:30,957.3,965.1,945.45,962.7,28
2026-09-28T15:08:00+05:30,953.25,964.65,953.25,954.85,27
2026-09-28T15:09:00+05:30,955.45,962.1,949.5,950.0,36
2026-09-28T15:10:00+05:30,948.1,953.5,944.05,953.5,332
2026-09-28T15:11:00+05:30,960.0,966.4,956.6,962.7,61
2026-09-28T15:12:00+05:30,957.3,966.55,949.8,963.9,35
2026-09-28T15:13:00+05:30,963.6,965.25,957.8,963.25,36
2026-09-28T15:14:00+05:30,964.2,967.2,955.75,958.4,66
2026-09-28T15:15:00+05:30,959.65,960.3,955.3,958.0,30
2026-09-28T15:16:00+05:30,953.35,982.15,950.15,978.9,200
2026-09-28T15:17:00+05:30,983.15,983.15,963.05,973.45,28
2026-09-28T15:18:00+05:30,975.1,978.3,967.95,971.3,78
2026-09-28T15:19:00+05:30,974.05,993.4,971.6,982.05,53
2026-09-28T15:20:00+05:30,975.0,989.0,952.05,982.9,127
2026-09-28T15:21:00+05:30,987.15,987.15,968.25,970.3,78
2026-09-28T15:22:00+05:30,970.1,976.55,970.1,975.9,70
2026-09-28T15:23:00+05:30,971.8,975.8,968.0,970.0,21
2026-09-28T15:24:00+05:30,975.8,975.8,958.8,969.25,65
2026-09-28T15:25:00+05:30,956.1,963.95,954.0,956.3,47
2026-09-28T15:26:00+05:30,960.0,964.0,957.55,963.85,129
2026-09-28T15:27:00+05:30,973.0,973.0,961.55,966.9,244
2026-09-28T15:28:00+05:30,967.85,967.85,962.3,966.25,70
2026-09-28T15:29:00+05:30,964.9,990.0,961.3,967.3,77
2026-09-28T15:30:00+05:30,964.0,974.7,958.05,965.0,222
