timestamp,open,high,low,close,volume
2026-09-21T09:15:00+05:30,125.8,125.8,96.8,109.3,271
2026-09-21T09:16:00+05:30,111.55,121.8,103.75,103.75,261
2026-09-21T09:17:00+05:30,102.2,104.15,95.35,97.1,226
2026-09-21T09:18:00+05:30,97.85,100.6,93.0,97.0,233
2026-09-21T09:19:00+05:30,98.6,104.0,96.35,103.65,123
2026-09-21T09:20:00+05:30,102.3,105.05,98.75,102.8,134
2026-09-21T09:21:00+05:30,102.55,104.6,100.8,104.4,110
2026-09-21T09:22:00+05:30,104.95,104.95,96.85,96.85,140
2026-09-21T09:23:00+05:30,97.0,97.65,92.6,93.3,125
2026-09-21T09:24:00+05:30,92.6,95.6,92.25,93.6,143
2026-09-21T09:25:00+05:30,93.8,95.5,92.4,93.35,229
2026-09-21T09:26:00+05:30,92.8,94.0,92.0,92.35,29
2026-09-21T09:27:00+05:30,92.3,95.3,91.95,95.25,71
2026-09-21T09:28:00+05:30,95.4,95.4,93.05,93.05,52
2026-09-21T09:29:00+05:30,93.25,93.25,90.15,90.75,141
2026-09-21T09:30:00+05:30,91.25,91.35,90.0,91.35,18
2026-09-21T09:31:00+05:30,91.5,91.85,89.8,91.85,52
2026-09-21T09:32:00+05:30,91.1,91.3,89.4,89.95,300
2026-09-21T09:33:00+05:30,89.65,90.45,88.6,89.55,96
2026-09-21T09:34:00+05:30,89.5,91.85,89.5,90.6,83
2026-09-21T09:35:00+05:30,90.0,90.0,86.1,86.1,49
2026-09-21T09:36:00+05:30,86.7,91.65,86.25,91.65,67
2026-09-21T09:37:00+05:30,91.0,94.35,89.9,94.1,30
2026-09-21T09:38:00+05:30,94.6,95.35,92.45,95.15,48
2026-09-21T09:39:00+05:30,95.2,95.45,91.5,95.2,80
2026-09-21T09:40:00+05:30,94.45,95.15,93.35,93.75,55
2026-09-21T09:41:00+05:30,93.95,94.45,91.0,91.55,63
2026-09-21T09:42:00+05:30,91.05,91.3,89.2,90.9,80
2026-09-21T09:43:00+05:30,90.6,90.6,89.3,89.45,18
2026-09-21T09:44:00+05:30,89.4,89.45,87.6,87.6,92
2026-09-21T09:45:00+05:30,88.1,89.0,88.1,88.55,16
2026-09-21T09:46:00+05:30,88.15,88.75,87.65,88.05,29
2026-09-21T09:47:00+05:30,90.9,90.9,90.9,90.9,1
2026-09-21T09:48:00+05:30,90.8,91.75,89.3,89.9,48
2026-09-21T09:49:00+05:30,88.05,89.35,88.0,89.3,18
2026-09-21T09:50:00+05:30,89.9,89.9,89.2,89.2,4
2026-09-21T09:51:00+05:30,89.45,89.45,87.85,88.6,30
2026-09-21T09:52:00+05:30,89.6,90.6,89.4,90.6,21
2026-09-21T09:53:00+05:30,90.0,93.7,89.8,92.65,34
2026-09-21T09:54:00+05:30,93.6,93.85,92.35,93.8,43
2026-09-21T09:55:00+05:30,94.7,95.55,94.2,95.2,56
2026-09-21T09:56:00+05:30,94.9,95.7,94.4,95.05,89
2026-09-21T09:57:00+05:30,94.05,94.05,91.95,93.45,36
2026-09-21T09:58:00+05:30,92.8,94.8,92.8,94.8,5
2026-09-21T09:59:00+05:30,95.3,95.9,94.7,94.7,86
2026-09-21T10:00:00+05:30,94.2,97.0,94.2,97.0,27
2026-09-21T10:01:00+05:30,96.75,98.35,96.75,98.05,30
2026-09-21T10:02:00+05:30,97.5,99.05,97.15,99.0,32
2026-09-21T10:03:00+05:30,99.0,99.9,98.7,99.1,43
2026-09-21T10:04:00+05:30,99.5,100.65,99.5,100.0,50
2026-09-21T10:05:00+05:30,99.55,101.15,98.15,101.15,34
2026-09-21T10:06:00+05:30,101.0,103.95,101.0,103.0,40
2026-09-21T10:07:00+05:30,102.45,103.0,100.8,101.5,58
2026-09-21T10:08:00+05:30,101.75,101.75,101.3,101.3,27
2026-09-21T10:09:00+05:30,99.0,99.25,97.9,97.9,26
2026-09-21T10:10:00+05:30,98.25,98.4,95.1,95.9,22
2026-09-21T10:11:00+05:30,95.6,97.95,95.6,97.3,33
2026-09-21T10:12:00+05:30,97.35,99.0,96.7,98.25,28
2026-09-21T10:13:00+05:30,98.25,101.35,98.2,100.65,27
2026-09-21T10:14:00+05:30,101.5,104.65,101.45,102.4,19
2026-09-21T10:15:00+05:30,103.5,104.0,101.95,102.45,47
2026-09-21T10:16:00+05:30,101.8,102.4,97.3,97.3,28
2026-09-21T10:17:00+05:30,97.15,101.35,97.15,101.35,16
2026-09-21T10:18:00+05:30,99.75,99.75,97.95,98.65,23
2026-09-21T10:19:00+05:30,99.75,102.0,99.7,100.7,13
2026-09-21T10:20:00+05:30,100.6,100.75,98.75,100.75,20
2026-09-21T10:21:00+05:30,101.2,101.75,96.5,97.55,59
2026-09-21T10:22:00+05:30,97.7,99.0,97.65,99.0,6
2026-09-21T10:23:00+05:30,97.7,97.75,96.35,96.65,57
2026-09-21T10:24:00+05:30,95.85,99.05,95.75,99.0,39
2026-09-21T10:25:00+05:30,99.0,99.65,98.45,98.5,91
2026-09-21T10:26:00+05:30,98.2,98.9,97.25,98.9,33
2026-09-21T10:27:00+05:30,99.2,101.6,99.15,100.55,21
2026-09-21T10:28:00+05:30,100.2,100.2,98.9,99.5,45
2026-09-21T10:29:00+05:30,99.65,99.85,98.2,98.55,21
2026-09-21T10:30:00+05:30,98.75,99.55,98.4,98.65,20
2026-09-21T10:31:00+05:30,98.65,99.15,98.35,98.35,35
2026-09-21T10:32:00+05:30,99.7,100.7,99.1,99.1,32
2026-09-21T10:33:00+05:30,98.9,100.3,98.2,100.3,9
2026-09-21T10:34:00+05:30,100.05,101.35,100.05,101.35,58
2026-09-21T10:35:00+05:30,101.2,101.35,99.5,99.75,22
2026-09-21T10:36:00+05:30,98.9,99.75,98.45,99.35,46
2026-09-21T10:37:00+05:30,98.8,100.2,98.55,100.0,33
2026-09-21T10:38:00+05:30,100.0,100.4,99.3,100.15,52
2026-09-21T10:39:00+05:30,99.65,99.8,99.65,99.8,2
2026-09-21T10:40:00+05:30,100.95,100.95,100.45,100.45,6
2026-09-21T10:41:00+05:30,100.45,100.45,98.6,99.0,10
2026-09-21T10:42:00+05:30,97.55,99.15,97.35,99.0,9
2026-09-21T10:43:00+05:30,98.9,98.9,97.25,97.4,6
2026-09-21T10:44:00+05:30,96.8,97.4,95.7,96.3,17
2026-09-21T10:45:00+05:30,95.5,95.5,93.2,94.0,53
2026-09-21T10:46:00+05:30,92.7,93.65,90.7,91.6,47
2026-09-21T10:47:00+05:30,92.0,93.4,89.55,93.25,54
2026-09-21T10:48:00+05:30,92.1,93.2,92.05,92.6,19
2026-09-21T10:49:00+05:30,91.3,92.2,91.3,92.2,2
2026-09-21T10:50:00+05:30,91.65,91.85,91.55,91.85,8
2026-09-21T10:51:00+05:30,91.8,92.15,91.5,92.05,19
2026-09-21T10:52:00+05:30,91.7,93.2,91.7,92.35,9
2026-09-21T10:53:00+05:30,92.4,92.45,90.9,90.95,22
2026-09-21T10:54:00+05:30,91.0,91.25,90.45,91.0,10
2026-09-21T10:55:00+05:30,90.95,92.85,90.95,92.85,11
2026-09-21T10:56:00+05:30,92.85,92.85,90.85,90.85,15
2026-09-21T10:57:00+05:30,90.45,91.0,89.7,91.0,15
2026-09-21T10:58:00+05:30,90.3,91.35,90.05,91.35,12
2026-09-21T10:59:00+05:30,91.05,91.05,88.55,88.55,15
2026-09-21T11:00:00+05:30,88.4,90.65,88.4,90.65,12
2026-09-21T11:01:00+05:30,90.25,91.0,90.1,91.0,12
2026-09-21T11:02:00+05:30,90.55,90.55,89.0,90.55,11
2026-09-21T11:03:00+05:30,89.8,89.8,88.4,88.65,15
2026-09-21T11:04:00+05:30,88.05,89.1,87.9,89.0,25
2026-09-21T11:05:00+05:30,88.0,88.8,87.5,88.6,12
2026-09-21T11:06:00+05:30,88.6,88.6,86.2,86.3,12
2026-09-21T11:07:00+05:30,86.25,86.25,85.2,85.55,16
2026-09-21T11:08:00+05:30,85.0,86.3,84.7,85.9,36
2026-09-21T11:09:00+05:30,85.5,86.0,85.1,86.0,22
2026-09-21T11:10:00+05:30,85.7,85.85,85.55,85.85,9
2026-09-21T11:11:00+05:30,85.95,85.95,84.6,84.6,22
2026-09-21T11:12:00+05:30,85.25,86.0,85.1,86.0,5
2026-09-21T11:13:00+05:30,85.9,85.9,85.9,85.9,2
2026-09-21T11:14:00+05:30,85.85,86.05,85.85,86.05,4
2026-09-21T11:15:00+05:30,84.55,85.9,84.55,85.9,4
2026-09-21T11:16:00+05:30,85.5,87.6,85.5,87.5,6
2026-09-21T11:17:00+05:30,88.2,88.25,88.2,88.25,11
2026-09-21T11:18:00+05:30,88.25,90.4,88.25,90.4,2
2026-09-21T11:19:00+05:30,89.55,89.85,89.2,89.75,48
2026-09-21T11:20:00+05:30,88.7,90.85,88.6,90.35,43
2026-09-21T11:21:00+05:30,89.7,90.75,89.65,90.2,17
2026-09-21T11:22:00+05:30,89.55,89.7,89.15,89.45,6
2026-09-21T11:23:00+05:30,89.15,89.15,87.8,88.0,22
2026-09-21T11:24:00+05:30,88.45,88.45,88.05,88.25,3
2026-09-21T11:25:00+05:30,88.65,88.7,88.55,88.7,7
2026-09-21T11:26:00+05:30,87.55,88.15,87.05,88.15,11
2026-09-21T11:27:00+05:30,88.5,88.5,86.55,86.8,11
2026-09-21T11:28:00+05:30,86.45,86.45,85.5,85.85,10
2026-09-21T11:29:00+05:30,86.1,86.3,86.1,86.3,3
2026-09-21T11:30:00+05:30,85.7,85.7,85.35,85.35,5
2026-09-21T11:31:00+05:30,86.6,88.55,86.6,88.4,26
2026-09-21T11:32:00+05:30,88.55,88.7,87.6,88.7,6
2026-09-21T11:33:00+05:30,88.45,89.05,88.45,89.0,4
2026-09-21T11:34:00+05:30,88.0,88.85,88.0,88.85,14
2026-09-21T11:35:00+05:30,88.85,90.9,88.5,90.9,18
2026-09-21T11:36:00+05:30,91.15,91.2,90.15,90.2,18
2026-09-21T11:37:00+05:30,90.95,90.95,90.65,90.65,3
2026-09-21T11:38:00+05:30,90.25,90.45,90.25,90.45,3
2026-09-21T11:39:00+05:30,90.55,90.6,90.55,90.6,4
2026-09-21T11:40:00+05:30,90.5,90.55,90.4,90.5,4
2026-09-21T11:41:00+05:30,89.25,89.25,88.7,88.95,16
2026-09-21T11:42:00+05:30,88.6,89.45,87.95,89.05,30
2026-09-21T11:43:00+05:30,88.7,88.75,88.3,88.75,15
2026-09-21T11:44:00+05:30,89.75,90.8,89.55,89.55,15
2026-09-21T11:45:00+05:30,90.15,90.15,90.15,90.15,1
2026-09-21T11:46:00+05:30,89.55,90.6,89.55,90.6,4
2026-09-21T11:47:00+05:30,90.7,90.7,90.7,90.7,1
2026-09-21T11:48:00+05:30,91.05,91.55,91.05,91.55,12
2026-09-21T11:49:00+05:30,91.65,92.1,91.45,92.1,22
2026-09-21T11:51:00+05:30,90.7,90.7,90.45,90.45,9
2026-09-21T11:52:00+05:30,90.5,90.65,89.05,89.2,12
2026-09-21T11:53:00+05:30,89.3,89.5,89.3,89.5,6
2026-09-21T11:54:00+05:30,87.85,88.5,87.85,88.0,18
2026-09-21T11:55:00+05:30,88.1,89.0,88.1,88.9,7
2026-09-21T11:56:00+05:30,88.25,88.75,86.8,86.85,23
2026-09-21T11:57:00+05:30,86.75,87.25,85.0,85.7,41
2026-09-21T11:58:00+05:30,84.9,85.65,84.55,85.65,17
2026-09-21T11:59:00+05:30,84.7,85.55,84.65,85.55,11
2026-09-21T12:00:00+05:30,84.55,85.05,84.5,85.05,4
2026-09-21T12:02:00+05:30,85.55,86.25,85.55,86.25,8
2026-09-21T12:03:00+05:30,86.45,86.8,86.2,86.75,11
2026-09-21T12:04:00+05:30,86.85,86.85,86.0,86.0,12
2026-09-21T12:05:00+05:30,85.25,86.55,85.25,86.55,8
2026-09-21T12:06:00+05:30,86.6,87.0,86.1,87.0,6
2026-09-21T12:07:00+05:30,86.35,87.25,86.35,87.15,5
2026-09-21T12:08:00+05:30,87.8,89.35,87.8,89.35,3
2026-09-21T12:09:00+05:30,89.65,90.55,89.65,90.55,14
2026-09-21T12:10:00+05:30,89.95,91.3,89.95,91.15,20
2026-09-21T12:11:00+05:30,90.95,90.95,90.35,90.35,3
2026-09-21T12:12:00+05:30,90.0,90.0,90.0,90.0,1
2026-09-21T12:13:00+05:30,90.1,90.1,89.75,89.75,5
2026-09-21T12:14:00+05:30,88.7,89.5,88.6,89.5,6
2026-09-21T12:15:00+05:30,89.9,89.9,89.9,89.9,1
2026-09-21T12:16:00+05:30,88.3,88.4,88.25,88.3,8
2026-09-21T12:17:00+05:30,89.5,89.7,89.5,89.7,2
2026-09-21T12:18:00+05:30,89.95,89.95,89.95,89.95,3
2026-09-21T12:21:00+05:30,90.25,90.65,89.85,89.85,5
2026-09-21T12:22:00+05:30,91.15,91.35,90.05,91.35,9
2026-09-21T12:23:00+05:30,92.0,93.0,91.85,92.45,8
2026-09-21T12:24:00+05:30,93.0,93.0,92.15,92.15,7
2026-09-21T12:25:00+05:30,90.95,91.35,90.7,91.35,15
2026-09-21T12:26:00+05:30,90.95,91.2,89.75,90.65,57
2026-09-21T12:27:00+05:30,89.35,89.8,89.1,89.3,9
2026-09-21T12:28:00+05:30,89.3,89.9,89.15,89.35,15
2026-09-21T12:29:00+05:30,89.4,89.5,88.35,88.55,13
2026-09-21T12:30:00+05:30,88.65,88.9,85.6,85.6,79
2026-09-21T12:31:00+05:30,85.55,86.9,85.55,86.9,13
2026-09-21T12:32:00+05:30,86.9,88.4,86.9,88.25,52
2026-09-21T12:33:00+05:30,88.1,88.5,88.1,88.5,11
2026-09-21T12:34:00+05:30,89.2,89.2,87.5,87.6,11
2026-09-21T12:35:00+05:30,87.25,87.3,87.2,87.2,9
2026-09-21T12:36:00+05:30,86.55,86.75,86.55,86.75,2
2026-09-21T12:37:00+05:30,87.15,87.15,87.15,87.15,1
2026-09-21T12:39:00+05:30,87.55,87.65,86.5,87.25,5
2026-09-21T12:40:00+05:30,86.95,87.45,86.35,87.45,5
2026-09-21T12:41:00+05:30,88.0,88.05,87.45,87.7,14
2026-09-21T12:42:00+05:30,87.8,87.8,87.55,87.55,6
2026-09-21T12:43:00+05:30,86.0,86.15,86.0,86.15,3
2026-09-21T12:44:00+05:30,85.35,85.35,83.7,83.7,33
2026-09-21T12:45:00+05:30,83.3,83.75,83.15,83.15,22
2026-09-21T12:46:00+05:30,83.3,83.3,83.15,83.15,8
2026-09-21T12:47:00+05:30,83.4,83.85,83.25,83.85,6
2026-09-21T12:48:00+05:30,84.55,84.55,84.4,84.4,5
2026-09-21T12:49:00+05:30,84.25,85.25,84.25,85.25,2
2026-09-21T12:50:00+05:30,85.35,85.35,85.35,85.35,1
2026-09-21T12:51:00+05:30,86.5,86.5,86.0,86.05,9
2026-09-21T12:53:00+05:30,86.55,86.55,86.15,86.15,3
2026-09-21T12:54:00+05:30,85.75,85.8,84.75,84.75,7
2026-09-21T12:55:00+05:30,84.7,85.0,84.7,85.0,10
2026-09-21T12:56:00+05:30,85.8,85.8,85.8,85.8,1
2026-09-21T12:58:00+05:30,85.45,85.95,85.45,85.95,3
2026-09-21T13:02:00+05:30,85.5,86.1,85.4,86.1,7
2026-09-21T13:03:00+05:30,86.9,87.1,86.8,87.1,15
2026-09-21T13:04:00+05:30,87.6,88.6,87.6,88.2,19
2026-09-21T13:05:00+05:30,88.05,88.1,88.05,88.1,16
2026-09-21T13:06:00+05:30,87.45,87.45,87.45,87.45,2
2026-09-21T13:08:00+05:30,86.55,86.55,86.5,86.5,7
2026-09-21T13:09:00+05:30,86.15,86.6,86.15,86.6,2
2026-09-21T13:10:00+05:30,86.65,86.65,86.65,86.65,1
2026-09-21T13:11:00+05:30,86.4,86.4,86.4,86.4,1
2026-09-21T13:12:00+05:30,86.45,86.75,86.45,86.75,3
2026-09-21T13:13:00+05:30,86.4,86.4,85.5,85.6,15
2026-09-21T13:14:00+05:30,84.5,84.5,84.3,84.3,10
2026-09-21T13:15:00+05:30,81.0,81.4,80.4,81.4,34
2026-09-21T13:16:00+05:30,81.45,81.55,79.75,81.15,19
2026-09-21T13:17:00+05:30,80.85,80.85,80.1,80.4,18
2026-09-21T13:18:00+05:30,80.0,80.0,80.0,80.0,3
2026-09-21T13:19:00+05:30,77.15,77.45,76.35,76.35,23
2026-09-21T13:20:00+05:30,77.2,78.4,76.55,78.4,94
2026-09-21T13:21:00+05:30,79.1,79.75,79.0,79.1,28
2026-09-21T13:22:00+05:30,78.6,79.7,78.6,79.7,52
2026-09-21T13:23:00+05:30,79.3,79.3,79.25,79.25,2
2026-09-21T13:24:00+05:30,79.9,80.65,79.45,79.45,82
2026-09-21T13:25:00+05:30,79.7,80.0,79.7,80.0,20
2026-09-21T13:26:00+05:30,79.15,79.25,79.15,79.25,5
2026-09-21T13:27:00+05:30,78.8,79.1,78.0,78.4,68
2026-09-21T13:28:00+05:30,79.25,79.25,78.8,78.8,7
2026-09-21T13:29:00+05:30,78.75,78.9,78.65,78.7,6
2026-09-21T13:30:00+05:30,78.5,79.4,78.15,79.4,20
2026-09-21T13:31:00+05:30,79.05,79.05,78.15,78.15,13
2026-09-21T13:32:00+05:30,78.5,78.5,77.3,77.3,19
2026-09-21T13:33:00+05:30,77.3,77.6,76.15,76.2,68
2026-09-21T13:34:00+05:30,75.2,75.9,74.8,74.8,16
2026-09-21T13:35:00+05:30,74.0,74.15,73.2,73.2,23
2026-09-21T13:36:00+05:30,72.8,73.45,72.35,72.7,66
2026-09-21T13:37:00+05:30,72.1,72.9,71.7,72.8,15
2026-09-21T13:38:00+05:30,73.0,73.75,72.65,73.75,39
2026-09-21T13:39:00+05:30,74.0,74.0,72.5,72.5,11
2026-09-21T13:40:00+05:30,71.6,72.0,70.2,72.0,36
2026-09-21T13:41:00+05:30,72.0,72.0,70.35,70.5,78
2026-09-21T13:42:00+05:30,70.45,70.7,69.35,69.9,68
2026-09-21T13:43:00+05:30,71.15,72.2,71.15,72.2,4
2026-09-21T13:44:00+05:30,72.75,72.85,72.1,72.4,12
2026-09-21T13:45:00+05:30,72.45,72.9,72.45,72.9,62
2026-09-21T13:46:00+05:30,73.3,73.95,73.3,73.7,7
2026-09-21T13:47:00+05:30,73.3,73.3,72.0,72.0,26
2026-09-21T13:48:00+05:30,72.5,73.45,72.5,73.45,3
2026-09-21T13:49:00+05:30,72.9,72.9,71.75,72.2,42
2026-09-21T13:50:00+05:30,72.0,72.45,71.7,72.45,17
2026-09-21T13:51:00+05:30,72.25,72.55,70.0,70.65,53
2026-09-21T13:52:00+05:30,70.6,71.5,70.25,71.5,15
2026-09-21T13:53:00+05:30,70.5,71.3,70.45,71.3,7
2026-09-21T13:54:00+05:30,71.45,71.55,70.5,71.15,102
2026-09-21T13:55:00+05:30,70.25,70.5,70.0,70.5,13
2026-09-21T13:56:00+05:30,70.55,70.85,70.5,70.5,3
2026-09-21T13:57:00+05:30,70.4,70.7,68.9,69.45,58
2026-09-21T13:58:00+05:30,69.05,69.05,67.4,68.35,8
2026-09-21T13:59:00+05:30,67.65,68.5,67.65,68.5,4
2026-09-21T14:00:00+05:30,67.6,67.95,66.2,66.2,74
2026-09-21T14:01:00+05:30,66.55,67.4,66.1,66.55,21
2026-09-21T14:02:00+05:30,66.6,66.6,65.8,66.1,26
2026-09-21T14:03:00+05:30,65.75,66.75,65.45,66.25,87
2026-09-21T14:04:00+05:30,66.3,67.5,66.3,66.95,30
2026-09-21T14:05:00+05:30,67.25,67.35,67.05,67.15,18
2026-09-21T14:06:00+05:30,66.9,66.95,65.65,66.25,28
2026-09-21T14:07:00+05:30,65.4,66.1,65.4,66.1,8
2026-09-21T14:08:00+05:30,66.85,67.0,66.85,67.0,2
2026-09-21T14:09:00+05:30,66.95,66.95,66.75,66.75,10
2026-09-21T14:11:00+05:30,68.3,68.55,67.0,67.0,8
2026-09-21T14:12:00+05:30,67.6,67.6,66.55,66.55,6
2026-09-21T14:13:00+05:30,67.5,68.55,67.5,68.55,5
2026-09-21T14:14:00+05:30,67.25,67.85,67.25,67.85,2
2026-09-21T14:15:00+05:30,67.85,67.85,67.55,67.55,11
2026-09-21T14:16:00+05:30,67.75,67.8,67.0,67.0,38
2026-09-21T14:17:00+05:30,66.45,66.85,65.75,66.45,31
2026-09-21T14:18:00+05:30,66.4,66.6,65.45,65.6,17
2026-09-21T14:19:00+05:30,65.45,65.8,65.25,65.8,6
2026-09-21T14:20:00+05:30,64.8,65.4,64.65,65.4,44
2026-09-21T14:21:00+05:30,65.2,65.75,65.1,65.7,52
2026-09-21T14:22:00+05:30,65.75,65.95,65.6,65.9,7
2026-09-21T14:23:00+05:30,64.95,65.9,64.95,65.85,40
2026-09-21T14:24:00+05:30,65.05,65.05,65.05,65.05,1
2026-09-21T14:25:00+05:30,65.9,65.9,65.8,65.8,28
2026-09-21T14:26:00+05:30,66.65,66.85,66.25,66.85,8
2026-09-21T14:27:00+05:30,66.65,66.65,66.25,66.65,8
2026-09-21T14:29:00+05:30,67.55,68.1,67.55,67.8,9
2026-09-21T14:30:00+05:30,67.8,69.85,67.8,69.3,19
2026-09-21T14:31:00+05:30,69.0,69.0,68.05,68.95,55
2026-09-21T14:32:00+05:30,68.45,68.45,68.1,68.1,13
2026-09-21T14:33:00+05:30,68.0,68.85,68.0,68.25,7
2026-09-21T14:34:00+05:30,68.4,68.95,68.4,68.95,2
2026-09-21T14:35:00+05:30,68.5,69.1,68.45,68.65,29
2026-09-21T14:36:00+05:30,68.1,68.1,68.1,68.1,1
2026-09-21T14:37:00+05:30,67.75,67.75,67.75,67.75,1
2026-09-21T14:39:00+05:30,67.3,68.4,67.3,68.4,24
2026-09-21T14:40:00+05:30,67.35,67.35,66.65,66.65,6
2026-09-21T14:41:00+05:30,66.75,67.0,66.5,66.5,38
2026-09-21T14:42:00+05:30,67.1,68.1,66.55,66.55,72
2026-09-21T14:43:00+05:30,66.3,67.15,65.8,67.15,37
2026-09-21T14:44:00+05:30,66.3,66.3,65.65,65.65,6
2026-09-21T14:45:00+05:30,66.0,66.1,65.95,66.0,32
2026-09-21T14:46:00+05:30,66.4,66.95,66.4,66.5,30
2026-09-21T14:47:00+05:30,67.1,67.55,66.15,66.3,17
2026-09-21T14:48:00+05:30,65.95,66.75,65.95,66.75,5
2026-09-21T14:49:00+05:30,67.8,67.85,67.5,67.5,4
2026-09-21T14:50:00+05:30,67.3,67.3,67.1,67.1,8
2026-09-21T14:51:00+05:30,68.4,70.5,68.25,69.4,27
2026-09-21T14:52:00+05:30,70.25,70.4,70.25,70.25,7
2026-09-21T14:53:00+05:30,70.0,70.9,69.9,70.5,100
2026-09-21T14:54:00+05:30,70.0,70.0,69.7,69.7,10
2026-09-21T14:55:00+05:30,69.0,69.0,69.0,69.0,1
2026-09-21T14:56:00+05:30,69.5,69.95,69.45,69.45,14
2026-09-21T14:57:00+05:30,67.9,67.9,67.15,67.15,8
2026-09-21T14:59:00+05:30,68.4,68.4,67.55,68.05,18
2026-09-21T15:00:00+05:30,70.15,71.2,70.1,70.1,21
2026-09-21T15:01:00+05:30,70.0,70.55,70.0,70.1,13
2026-09-21T15:02:00+05:30,69.95,71.5,69.95,71.5,5
2026-09-21T15:03:00+05:30,72.0,72.4,71.15,72.4,18
2026-09-21T15:04:00+05:30,72.85,72.95,71.5,71.5,10
2026-09-21T15:05:00+05:30,71.6,72.0,70.85,70.9,23
2026-09-21T15:06:00+05:30,71.0,71.2,69.7,69.7,16
2026-09-21T15:07:00+05:30,71.0,71.0,70.8,70.8,4
2026-09-21T15:08:00+05:30,71.15,71.25,70.7,71.25,28
2026-09-21T15:10:00+05:30,71.0,71.8,70.75,71.8,18
2026-09-21T15:11:00+05:30,72.0,72.0,71.25,71.4,8
2026-09-21T15:12:00+05:30,73.0,73.5,72.7,72.7,18
2026-09-21T15:13:00+05:30,73.25,73.9,72.15,72.15,15
2026-09-21T15:14:00+05:30,73.4,73.5,72.3,72.35,6
2026-09-21T15:15:00+05:30,73.5,73.5,73.15,73.25,3
2026-09-21T15:16:00+05:30,73.55,74.05,73.25,73.9,37
2026-09-21T15:17:00+05:30,73.15,73.15,73.15,73.15,2
2026-09-21T15:18:00+05:30,72.5,72.85,72.45,72.85,16
2026-09-21T15:19:00+05:30,73.65,73.65,72.95,72.95,5
2026-09-21T15:20:00+05:30,72.95,74.05,72.95,73.8,47
2026-09-21T15:22:00+05:30,72.5,73.0,72.4,73.0,22
2026-09-21T15:24:00+05:30,71.95,72.0,70.55,70.8,27
2026-09-21T15:25:00+05:30,70.4,71.55,70.4,71.55,25
2026-09-21T15:26:00+05:30,71.8,73.3,71.7,73.3,39
2026-09-21T15:27:00+05:30,73.2,73.65,73.05,73.35,40
2026-09-21T15:28:00+05:30,72.35,73.15,72.35,72.85,8
2026-09-21T15:29:00+05:30,72.85,73.6,72.85,72.85,22
2026-09-21T15:30:00+05:30,72.85,73.45,72.5,72.5,48
2026-09-21T15:31:00+05:30,72.55,73.15,71.9,72.05,65
2026-09-21T15:32:00+05:30,72.1,73.0,71.65,72.65,35
2026-09-21T15:33:00+05:30,73.25,73.3,73.25,73.3,16
2026-09-21T15:34:00+05:30,73.1,73.65,72.9,73.2,83
2026-09-21T15:35:00+05:30,73.2,73.4,73.15,73.15,58
2026-09-21T15:36:00+05:30,73.25,74.2,72.8,74.15,126
2026-09-21T15:37:00+05:30,74.9,75.0,74.2,75.0,32
2026-09-21T15:38:00+05:30,74.95,75.15,74.25,74.35,33
2026-09-21T15:39:00+05:30,74.35,76.75,74.35,76.75,25
2026-09-22T09:15:00+05:30,62.55,62.55,60.0,61.65,57
2026-09-22T09:16:00+05:30,61.2,64.75,60.3,64.75,41
2026-09-22T09:17:00+05:30,64.7,64.85,59.5,59.5,85
2026-09-22T09:18:00+05:30,59.6,59.9,56.7,57.2,45
2026-09-22T09:19:00+05:30,57.9,58.0,55.9,57.0,159
2026-09-22T09:20:00+05:30,57.05,57.35,55.1,56.8,85
2026-09-22T09:21:00+05:30,56.95,58.1,56.45,56.75,73
2026-09-22T09:22:00+05:30,56.25,57.0,55.6,56.65,76
2026-09-22T09:23:00+05:30,57.1,57.1,54.65,55.0,59
2026-09-22T09:24:00+05:30,54.7,55.3,53.55,55.3,74
2026-09-22T09:25:00+05:30,55.75,56.7,55.35,55.6,113
2026-09-22T09:26:00+05:30,55.15,55.75,54.35,55.75,99
2026-09-22T09:27:00+05:30,56.1,56.75,55.25,55.6,67
2026-09-22T09:28:00+05:30,55.15,55.6,53.45,54.3,70
2026-09-22T09:29:00+05:30,54.3,54.3,50.75,51.15,259
2026-09-22T09:30:00+05:30,50.85,51.45,50.2,51.15,87
2026-09-22T09:31:00+05:30,51.15,52.25,51.0,51.2,162
2026-09-22T09:32:00+05:30,51.3,53.65,51.0,53.65,89
2026-09-22T09:33:00+05:30,53.3,53.6,52.5,53.5,19
2026-09-22T09:34:00+05:30,53.45,53.45,52.7,53.0,25
2026-09-22T09:35:00+05:30,52.3,53.4,52.25,53.3,20
2026-09-22T09:36:00+05:30,53.05,53.05,51.8,51.8,12
2026-09-22T09:37:00+05:30,51.95,52.05,50.0,50.0,97
2026-09-22T09:38:00+05:30,49.95,50.95,49.55,50.8,49
2026-09-22T09:39:00+05:30,50.4,50.6,49.45,50.4,48
2026-09-22T09:40:00+05:30,50.9,50.9,50.75,50.75,2
2026-09-22T09:41:00+05:30,49.1,49.35,49.1,49.35,7
2026-09-22T09:42:00+05:30,49.55,49.65,48.1,48.15,46
2026-09-22T09:43:00+05:30,48.4,48.75,48.3,48.55,18
2026-09-22T09:44:00+05:30,48.3,48.55,47.75,47.75,34
2026-09-22T09:45:00+05:30,46.95,48.35,46.95,48.2,48
2026-09-22T09:46:00+05:30,48.05,48.2,47.15,47.15,32
2026-09-22T09:47:00+05:30,47.15,47.15,46.3,46.3,31
2026-09-22T09:48:00+05:30,46.3,46.85,45.5,46.85,45
2026-09-22T09:49:00+05:30,47.0,47.0,45.95,45.95,29
2026-09-22T09:50:00+05:30,45.8,45.8,44.6,44.7,24
2026-09-22T09:51:00+05:30,44.95,45.85,44.45,45.85,28
2026-09-22T09:52:00+05:30,46.0,46.05,45.35,45.5,21
2026-09-22T09:53:00+05:30,45.4,45.4,44.8,45.15,26
2026-09-22T09:54:00+05:30,44.9,44.95,44.45,44.5,64
2026-09-22T09:55:00+05:30,45.75,46.0,45.5,46.0,21
2026-09-22T09:56:00+05:30,46.15,46.15,45.05,45.85,4
2026-09-22T09:57:00+05:30,45.7,47.0,45.7,47.0,10
2026-09-22T09:58:00+05:30,46.65,46.65,45.4,45.4,38
2026-09-22T09:59:00+05:30,45.2,45.6,45.2,45.6,46
2026-09-22T10:00:00+05:30,45.1,45.1,44.15,44.15,34
2026-09-22T10:01:00+05:30,44.25,45.8,44.05,45.8,39
2026-09-22T10:02:00+05:30,45.9,47.15,45.8,47.15,16
2026-09-22T10:03:00+05:30,47.0,47.0,46.6,47.0,46
2026-09-22T10:04:00+05:30,46.65,46.65,45.5,45.8,39
2026-09-22T10:05:00+05:30,45.95,45.95,45.95,45.95,1
2026-09-22T10:06:00+05:30,46.7,46.7,46.7,46.7,1
2026-09-22T10:07:00+05:30,48.2,48.3,46.95,47.0,37
2026-09-22T10:08:00+05:30,47.1,47.6,46.35,46.5,56
2026-09-22T10:09:00+05:30,46.3,46.35,44.85,44.85,38
2026-09-22T10:10:00+05:30,44.8,45.3,44.8,45.25,35
2026-09-22T10:11:00+05:30,44.3,44.7,44.0,44.7,17
2026-09-22T10:12:00+05:30,44.7,45.15,44.7,45.15,5
2026-09-22T10:13:00+05:30,45.35,45.75,45.35,45.4,11
2026-09-22T10:14:00+05:30,44.7,45.25,44.2,45.25,17
2026-09-22T10:15:00+05:30,45.5,45.7,44.7,44.7,31
2026-09-22T10:16:00+05:30,45.2,46.5,45.05,45.65,26
2026-09-22T10:17:00+05:30,45.5,46.0,45.5,45.55,17
2026-09-22T10:18:00+05:30,46.05,46.2,45.5,45.5,40
2026-09-22T10:19:00+05:30,45.2,45.35,44.7,45.35,85
2026-09-22T10:20:00+05:30,45.95,46.85,45.95,46.85,25
2026-09-22T10:21:00+05:30,46.85,49.45,46.3,49.45,14
2026-09-22T10:22:00+05:30,49.35,51.1,49.1,50.5,67
2026-09-22T10:23:00+05:30,50.6,50.6,48.15,48.55,76
2026-09-22T10:24:00+05:30,48.95,49.5,48.55,48.65,14
2026-09-22T10:25:00+05:30,49.15,49.35,49.05,49.35,8
2026-09-22T10:26:00+05:30,49.65,49.65,49.1,49.1,7
2026-09-22T10:27:00+05:30,50.15,50.25,48.55,48.55,30
2026-09-22T10:28:00+05:30,48.75,49.0,47.9,47.9,11
2026-09-22T10:29:00+05:30,47.2,48.15,47.05,48.15,6
2026-09-22T10:30:00+05:30,48.7,53.2,48.7,53.2,26
2026-09-22T10:31:00+05:30,53.45,57.65,53.45,55.85,128
2026-09-22T10:32:00+05:30,55.6,57.6,55.15,57.6,12
2026-09-22T10:33:00+05:30,58.65,63.5,57.9,62.8,152
2026-09-22T10:34:00+05:30,62.85,63.45,59.75,61.15,96
2026-09-22T10:35:00+05:30,61.5,71.0,61.5,71.0,75
2026-09-22T10:36:00+05:30,70.4,71.4,66.4,67.05,167
2026-09-22T10:37:00+05:30,67.25,67.25,63.55,64.05,81
2026-09-22T10:38:00+05:30,63.8,64.85,61.9,64.75,134
2026-09-22T10:39:00+05:30,64.9,65.55,63.75,63.85,64
2026-09-22T10:40:00+05:30,63.4,64.7,62.3,63.6,38
2026-09-22T10:41:00+05:30,64.7,70.55,64.55,70.0,299
2026-09-22T10:42:00+05:30,71.9,77.55,71.85,73.4,313
2026-09-22T10:43:00+05:30,73.45,74.25,70.35,72.5,152
2026-09-22T10:44:00+05:30,72.7,73.8,72.25,73.8,38
2026-09-22T10:45:00+05:30,76.6,79.25,76.3,77.0,121
2026-09-22T10:46:00+05:30,76.7,76.7,74.4,74.4,48
2026-09-22T10:47:00+05:30,74.65,75.3,72.2,73.0,75
2026-09-22T10:48:00+05:30,72.8,75.3,72.5,75.3,185
2026-09-22T10:49:00+05:30,74.95,75.8,73.1,75.8,70
2026-09-22T10:50:00+05:30,76.3,80.2,76.3,77.9,257
2026-09-22T10:51:00+05:30,78.8,81.25,78.55,78.6,39
2026-09-22T10:52:00+05:30,79.25,82.1,79.1,80.2,100
2026-09-22T10:53:00+05:30,80.3,81.45,79.3,79.35,41
2026-09-22T10:54:00+05:30,80.25,80.25,76.3,76.3,41
2026-09-22T10:55:00+05:30,77.0,77.15,73.85,74.6,122
2026-09-22T10:56:00+05:30,73.6,75.35,73.15,75.3,24
2026-09-22T10:57:00+05:30,74.25,74.25,70.75,72.45,34
2026-09-22T10:58:00+05:30,72.35,73.15,70.45,70.45,52
2026-09-22T10:59:00+05:30,71.35,71.35,68.25,70.5,75
2026-09-22T11:00:00+05:30,70.45,72.55,70.45,72.2,24
2026-09-22T11:01:00+05:30,71.75,76.9,71.7,74.95,98
2026-09-22T11:02:00+05:30,75.1,77.2,75.1,76.4,32
2026-09-22T11:03:00+05:30,76.4,77.95,76.4,77.35,20
2026-09-22T11:04:00+05:30,77.15,77.7,76.55,77.6,34
2026-09-22T11:05:00+05:30,76.1,80.65,76.1,79.5,64
2026-09-22T11:06:00+05:30,79.1,79.8,77.0,77.0,438
2026-09-22T11:07:00+05:30,77.15,79.05,76.35,76.75,310
2026-09-22T11:08:00+05:30,76.6,78.6,76.2,77.35,538
2026-09-22T11:09:00+05:30,77.65,77.85,74.4,75.0,196
2026-09-22T11:10:00+05:30,74.3,74.3,71.7,72.25,105
2026-09-22T11:11:00+05:30,71.5,73.3,71.15,72.95,73
2026-09-22T11:12:00+05:30,72.5,72.5,71.35,71.35,22
2026-09-22T11:13:00+05:30,71.25,71.25,69.85,69.9,63
2026-09-22T11:14:00+05:30,70.75,70.75,68.25,70.15,69
2026-09-22T11:15:00+05:30,70.1,71.9,69.95,71.05,62
2026-09-22T11:16:00+05:30,72.25,73.25,70.1,70.15,44
2026-09-22T11:17:00+05:30,69.75,71.15,68.6,69.75,74
2026-09-22T11:18:00+05:30,70.55,71.75,70.55,70.85,45
2026-09-22T11:19:00+05:30,71.75,72.9,71.65,72.55,14
2026-09-22T11:20:00+05:30,70.45,72.6,70.4,71.15,61
2026-09-22T11:21:00+05:30,71.3,71.8,70.5,70.6,51
2026-09-22T11:22:00+05:30,69.95,71.45,69.6,71.4,12
2026-09-22T11:23:00+05:30,69.95,70.65,69.15,70.1,35
2026-09-22T11:24:00+05:30,69.7,69.7,68.5,68.5,18
2026-09-22T11:25:00+05:30,68.75,68.75,67.25,68.35,19
2026-09-22T11:26:00+05:30,68.8,70.05,68.8,68.9,16
2026-09-22T11:27:00+05:30,69.25,70.5,69.25,69.5,29
2026-09-22T11:28:00+05:30,69.9,69.9,68.0,68.6,45
2026-09-22T11:29:00+05:30,68.8,69.65,68.75,69.55,23
2026-09-22T11:30:00+05:30,71.05,73.7,71.05,72.85,9
2026-09-22T11:31:00+05:30,72.45,75.25,71.65,75.25,37
2026-09-22T11:32:00+05:30,75.9,76.85,74.75,74.75,33
2026-09-22T11:33:00+05:30,74.45,76.7,74.45,76.7,25
2026-09-22T11:34:00+05:30,76.45,79.3,76.4,79.2,17
2026-09-22T11:35:00+05:30,79.5,81.9,78.65,78.65,54
2026-09-22T11:36:00+05:30,79.55,80.05,78.35,78.35,61
2026-09-22T11:37:00+05:30,78.25,80.1,78.1,78.95,52
2026-09-22T11:38:00+05:30,78.35,78.7,77.25,77.65,38
2026-09-22T11:39:00+05:30,78.3,80.75,78.0,80.4,138
2026-09-22T11:40:00+05:30,80.0,84.25,79.55,79.75,52
2026-09-22T11:41:00+05:30,79.25,79.45,78.4,79.3,45
2026-09-22T11:42:00+05:30,79.15,81.7,79.15,81.3,33
2026-09-22T11:43:00+05:30,80.2,81.6,79.95,80.9,41
2026-09-22T11:44:00+05:30,81.75,81.75,79.5,79.65,43
2026-09-22T11:45:00+05:30,79.95,81.0,78.55,79.2,33
2026-09-22T11:46:00+05:30,79.55,84.0,79.55,83.4,63
2026-09-22T11:47:00+05:30,81.9,82.6,81.6,82.55,16
2026-09-22T11:48:00+05:30,81.05,81.25,79.1,80.45,35
2026-09-22T11:49:00+05:30,79.85,80.9,79.8,79.8,15
2026-09-22T11:50:00+05:30,80.15,80.2,79.25,80.2,39
2026-09-22T11:51:00+05:30,80.6,81.45,79.6,80.85,87
2026-09-22T11:52:00+05:30,80.95,80.95,76.85,76.9,128
2026-09-22T11:53:00+05:30,77.0,78.4,77.0,78.25,28
2026-09-22T11:54:00+05:30,78.2,81.45,78.2,81.45,17
2026-09-22T11:55:00+05:30,81.85,82.05,80.3,81.2,13
2026-09-22T11:56:00+05:30,82.7,82.9,81.45,81.45,30
2026-09-22T11:57:00+05:30,78.75,80.75,78.75,79.4,85
2026-09-22T11:58:00+05:30,78.1,78.1,77.25,77.25,2
2026-09-22T11:59:00+05:30,76.15,77.05,75.9,76.0,18
2026-09-22T12:00:00+05:30,77.0,77.5,75.6,77.5,30
2026-09-22T12:01:00+05:30,77.7,78.4,76.85,76.85,27
2026-09-22T12:02:00+05:30,76.5,76.6,75.3,75.4,11
2026-09-22T12:03:00+05:30,75.0,75.0,73.7,73.7,6
2026-09-22T12:04:00+05:30,73.35,74.0,73.3,73.3,18
2026-09-22T12:05:00+05:30,73.35,73.6,73.35,73.35,17
2026-09-22T12:06:00+05:30,72.75,73.75,72.5,73.25,20
2026-09-22T12:07:00+05:30,74.9,74.95,74.1,74.95,21
2026-09-22T12:08:00+05:30,74.7,74.7,71.9,71.9,79
2026-09-22T12:09:00+05:30,71.1,72.4,70.75,71.0,25
2026-09-22T12:10:00+05:30,71.3,71.65,70.9,71.65,27
2026-09-22T12:11:00+05:30,72.0,73.55,72.0,72.6,36
2026-09-22T12:12:00+05:30,74.1,74.3,73.8,73.8,4
2026-09-22T12:13:00+05:30,76.0,76.0,75.35,75.35,12
2026-09-22T12:14:00+05:30,75.75,75.9,72.35,75.45,65
2026-09-22T12:15:00+05:30,77.95,78.5,77.75,78.5,15
2026-09-22T12:16:00+05:30,78.1,78.35,75.25,75.25,20
2026-09-22T12:17:00+05:30,74.7,74.8,72.65,72.65,5
2026-09-22T12:18:00+05:30,72.25,72.85,72.1,72.1,35
2026-09-22T12:19:00+05:30,72.2,72.2,69.45,70.35,26
2026-09-22T12:20:00+05:30,71.0,71.15,69.95,70.9,11
2026-09-22T12:21:00+05:30,70.7,70.7,68.15,68.5,21
2026-09-22T12:22:00+05:30,69.5,70.35,69.05,70.35,7
2026-09-22T12:23:00+05:30,71.0,71.05,69.85,70.5,17
2026-09-22T12:24:00+05:30,71.15,71.55,71.0,71.2,9
2026-09-22T12:25:00+05:30,71.55,71.6,70.75,71.6,16
2026-09-22T12:26:00+05:30,70.5,70.5,69.25,70.0,15
2026-09-22T12:27:00+05:30,69.25,69.95,68.7,69.45,24
2026-09-22T12:28:00+05:30,70.5,70.5,69.95,69.95,2
2026-09-22T12:29:00+05:30,69.9,70.25,69.9,70.25,14
2026-09-22T12:30:00+05:30,71.45,73.85,71.45,73.85,21
2026-09-22T12:31:00+05:30,74.45,74.85,72.9,72.9,140
2026-09-22T12:32:00+05:30,71.35,71.95,71.35,71.75,17
2026-09-22T12:34:00+05:30,71.75,71.75,71.65,71.65,5
2026-09-22T12:35:00+05:30,70.2,70.45,70.15,70.45,4
2026-09-22T12:36:00+05:30,71.6,72.35,71.6,72.1,25
2026-09-22T12:37:00+05:30,72.7,73.3,72.7,73.3,13
2026-09-22T12:38:00+05:30,73.2,74.25,73.15,73.8,14
2026-09-22T12:39:00+05:30,74.5,75.75,74.5,74.75,45
2026-09-22T12:40:00+05:30,75.25,76.35,74.2,74.2,23
2026-09-22T12:41:00+05:30,74.25,76.15,74.25,76.15,5
2026-09-22T12:42:00+05:30,75.1,75.75,75.1,75.35,10
2026-09-22T12:43:00+05:30,75.2,78.6,75.2,78.6,12
2026-09-22T12:44:00+05:30,79.3,81.65,78.75,81.65,65
2026-09-22T12:45:00+05:30,81.65,83.25,81.0,81.75,79
2026-09-22T12:46:00+05:30,81.9,82.25,79.6,81.1,68
2026-09-22T12:47:00+05:30,81.25,81.25,79.4,79.4,36
2026-09-22T12:48:00+05:30,80.05,80.05,78.0,78.0,21
2026-09-22T12:49:00+05:30,77.75,80.4,77.0,79.9,43
2026-09-22T12:50:00+05:30,81.5,82.6,81.5,81.8,165
2026-09-22T12:51:00+05:30,82.1,83.5,81.3,81.65,34
2026-09-22T12:52:00+05:30,82.4,83.15,81.25,81.25,25
2026-09-22T12:53:00+05:30,79.75,80.6,79.75,80.6,7
2026-09-22T12:54:00+05:30,80.65,81.5,80.15,80.9,29
2026-09-22T12:55:00+05:30,81.8,85.3,81.7,85.25,28
2026-09-22T12:56:00+05:30,85.0,85.75,81.0,81.0,55
2026-09-22T12:57:00+05:30,81.3,81.75,80.0,81.4,71
2026-09-22T12:58:00+05:30,82.5,82.5,80.45,80.95,62
2026-09-22T12:59:00+05:30,81.5,81.5,81.2,81.35,8
2026-09-22T13:00:00+05:30,83.15,86.9,83.1,85.1,62
2026-09-22T13:01:00+05:30,85.3,85.5,81.8,81.8,36
2026-09-22T13:02:00+05:30,81.8,84.8,80.45,84.3,39
2026-09-22T13:03:00+05:30,86.35,86.35,85.05,85.2,6
2026-09-22T13:04:00+05:30,85.2,86.0,83.9,85.55,42
2026-09-22T13:05:00+05:30,85.9,86.0,83.95,84.45,15
2026-09-22T13:06:00+05:30,84.3,84.5,82.55,82.8,76
2026-09-22T13:07:00+05:30,82.95,82.95,81.1,81.7,42
2026-09-22T13:08:00+05:30,81.7,83.6,81.0,81.45,51
2026-09-22T13:09:00+05:30,80.7,81.5,79.2,79.3,162
2026-09-22T13:10:00+05:30,79.3,79.4,78.05,79.3,12
2026-09-22T13:11:00+05:30,79.5,80.25,79.5,80.05,14
2026-09-22T13:12:00+05:30,80.9,80.9,79.55,79.65,23
2026-09-22T13:13:00+05:30,79.5,81.6,79.5,81.6,15
2026-09-22T13:14:00+05:30,80.1,80.1,78.0,78.0,14
2026-09-22T13:15:00+05:30,78.4,78.4,76.95,77.85,37
2026-09-22T13:16:00+05:30,78.2,79.0,77.7,77.7,7
2026-09-22T13:17:00+05:30,78.0,81.0,78.0,81.0,63
2026-09-22T13:18:00+05:30,82.05,82.65,81.75,81.75,27
2026-09-22T13:19:00+05:30,80.7,80.7,79.15,79.65,37
2026-09-22T13:20:00+05:30,79.85,82.85,79.7,82.85,38
2026-09-22T13:21:00+05:30,83.7,83.8,83.0,83.15,25
2026-09-22T13:22:00+05:30,83.15,84.0,82.75,83.15,21
2026-09-22T13:23:00+05:30,82.45,83.4,81.9,81.95,27
2026-09-22T13:24:00+05:30,83.0,83.0,81.3,81.3,26
2026-09-22T13:25:00+05:30,81.55,82.25,81.2,81.75,43
2026-09-22T13:26:00+05:30,82.0,84.55,82.0,84.55,6
2026-09-22T13:27:00+05:30,83.9,83.9,81.85,82.75,782
2026-09-22T13:28:00+05:30,82.65,82.65,80.85,81.7,33
2026-09-22T13:29:00+05:30,82.05,82.05,80.85,81.0,40
2026-09-22T13:30:00+05:30,82.15,82.25,80.85,81.15,16
2026-09-22T13:31:00+05:30,80.6,81.15,80.0,81.15,30
2026-09-22T13:32:00+05:30,80.7,80.7,78.85,79.8,164
2026-09-22T13:33:00+05:30,80.2,80.2,79.8,79.9,12
2026-09-22T13:34:00+05:30,79.45,79.65,78.7,79.45,58
2026-09-22T13:35:00+05:30,80.15,80.25,78.55,78.55,9
2026-09-22T13:36:00+05:30,78.35,79.15,77.65,79.15,33
2026-09-22T13:37:00+05:30,79.0,79.0,78.45,78.45,6
2026-09-22T13:38:00+05:30,78.3,78.3,77.65,78.1,3
2026-09-22T13:39:00+05:30,78.25,78.55,78.25,78.45,15
2026-09-22T13:40:00+05:30,78.45,78.8,77.8,78.5,53
2026-09-22T13:41:00+05:30,77.8,77.8,77.8,77.8,1
2026-09-22T13:42:00+05:30,78.9,78.9,75.65,76.25,11
2026-09-22T13:43:00+05:30,77.7,78.5,77.7,78.45,3
2026-09-22T13:44:00+05:30,79.9,81.35,79.5,81.2,18
2026-09-22T13:45:00+05:30,82.25,83.4,81.3,81.3,90
2026-09-22T13:46:00+05:30,83.15,83.35,82.3,83.25,19
2026-09-22T13:47:00+05:30,82.55,82.55,81.25,81.25,3
2026-09-22T13:48:00+05:30,82.25,82.95,82.05,82.4,4
2026-09-22T13:49:00+05:30,84.85,85.15,83.45,84.15,15
2026-09-22T13:50:00+05:30,84.1,84.65,83.45,83.65,15
2026-09-22T13:51:00+05:30,84.6,85.25,84.1,84.95,14
2026-09-22T13:52:00+05:30,84.6,84.9,83.95,84.4,85
2026-09-22T13:53:00+05:30,85.25,96.4,84.4,93.75,150
2026-09-22T13:54:00+05:30,95.65,99.0,95.0,95.15,466
2026-09-22T13:55:00+05:30,94.85,94.85,89.1,91.75,53
2026-09-22T13:56:00+05:30,92.65,93.5,91.35,92.8,57
2026-09-22T13:57:00+05:30,92.9,93.15,91.4,92.55,19
2026-09-22T13:58:00+05:30,92.5,94.8,92.5,93.25,41
2026-09-22T13:59:00+05:30,93.9,94.45,91.95,92.25,35
2026-09-22T14:00:00+05:30,92.65,97.6,92.65,97.45,55
2026-09-22T14:01:00+05:30,96.7,96.85,92.6,92.6,48
2026-09-22T14:02:00+05:30,91.0,93.55,89.7,92.6,46
2026-09-22T14:03:00+05:30,93.05,93.05,91.2,91.25,24
2026-09-22T14:04:00+05:30,91.15,92.05,87.6,87.6,38
2026-09-22T14:05:00+05:30,87.7,89.8,86.55,89.8,28
2026-09-22T14:06:00+05:30,90.45,91.85,88.55,88.55,31
2026-09-22T14:07:00+05:30,91.35,91.75,91.15,91.75,5
2026-09-22T14:08:00+05:30,92.0,92.0,91.0,91.0,11
2026-09-22T14:09:00+05:30,90.65,90.65,84.95,84.95,50
2026-09-22T14:10:00+05:30,85.7,86.85,82.8,84.9,164
2026-09-22T14:11:00+05:30,83.9,84.85,81.0,81.1,80
2026-09-22T14:12:00+05:30,80.4,82.35,74.55,77.15,127
2026-09-22T14:13:00+05:30,75.75,78.35,75.75,77.2,89
2026-09-22T14:14:00+05:30,76.45,76.7,61.6,61.7,246
2026-09-22T14:15:00+05:30,60.9,68.55,59.1,68.55,552
2026-09-22T14:16:00+05:30,68.85,75.3,68.8,72.05,165
2026-09-22T14:17:00+05:30,71.8,71.8,68.0,68.0,129
2026-09-22T14:18:00+05:30,69.05,71.9,69.05,71.55,30
2026-09-22T14:19:00+05:30,70.9,71.15,68.0,68.0,61
2026-09-22T14:20:00+05:30,67.65,68.8,64.45,65.95,89
2026-09-22T14:21:00+05:30,65.9,67.3,62.85,67.2,40
2026-09-22T14:22:00+05:30,68.25,69.1,67.8,68.5,34
2026-09-22T14:23:00+05:30,68.7,69.45,67.1,69.45,39
2026-09-22T14:24:00+05:30,69.6,71.55,68.6,71.55,28
2026-09-22T14:25:00+05:30,70.95,71.6,66.0,66.7,109
2026-09-22T14:26:00+05:30,66.75,67.75,66.05,66.05,35
2026-09-22T14:27:00+05:30,66.15,66.15,65.75,65.75,10
2026-09-22T14:28:00+05:30,66.35,67.65,66.2,66.25,45
2026-09-22T14:29:00+05:30,65.6,65.8,64.6,65.6,59
2026-09-22T14:30:00+05:30,65.55,65.6,64.0,64.95,49
2026-09-22T14:31:00+05:30,64.7,65.25,61.95,62.2,240
2026-09-22T14:32:00+05:30,62.35,62.35,59.0,60.4,48
2026-09-22T14:33:00+05:30,60.4,63.05,60.15,63.05,45
2026-09-22T14:34:00+05:30,63.85,66.95,63.1,66.35,68
2026-09-22T14:35:00+05:30,66.35,66.95,64.9,64.9,51
2026-09-22T14:36:00+05:30,64.8,65.0,62.0,62.0,12
2026-09-22T14:37:00+05:30,62.75,66.55,62.75,65.2,23
2026-09-22T14:38:00+05:30,66.25,68.0,66.25,68.0,22
2026-09-22T14:39:00+05:30,67.65,68.3,66.3,66.9,50
2026-09-22T14:40:00+05:30,66.0,68.45,66.0,68.45,20
2026-09-22T14:41:00+05:30,69.0,71.1,67.4,67.7,75
2026-09-22T14:42:00+05:30,71.0,74.3,71.0,72.95,69
2026-09-22T14:43:00+05:30,73.05,73.05,71.0,71.45,36
2026-09-22T14:44:00+05:30,69.9,70.7,69.9,70.1,15
2026-09-22T14:45:00+05:30,71.5,71.5,66.7,67.2,26
2026-09-22T14:46:00+05:30,68.0,68.6,68.0,68.6,29
2026-09-22T14:47:00+05:30,69.55,69.75,69.45,69.5,10
2026-09-22T14:48:00+05:30,69.5,71.85,69.5,71.25,21
2026-09-22T14:49:00+05:30,71.4,71.8,71.0,71.8,8
2026-09-22T14:50:00+05:30,73.0,74.0,69.8,69.9,93
2026-09-22T14:51:00+05:30,70.0,71.5,70.0,71.5,16
2026-09-22T14:52:00+05:30,73.6,73.75,71.0,71.4,70
2026-09-22T14:53:00+05:30,70.85,71.65,70.1,71.65,11
2026-09-22T14:54:00+05:30,70.3,71.85,70.25,70.95,17
2026-09-22T14:55:00+05:30,70.95,70.95,69.1,69.1,15
2026-09-22T14:56:00+05:30,70.3,72.0,70.3,71.25,53
2026-09-22T14:57:00+05:30,70.5,71.2,70.35,70.45,11
2026-09-22T14:58:00+05:30,72.2,74.1,70.6,71.75,107
2026-09-22T14:59:00+05:30,73.35,75.0,72.65,72.65,34
2026-09-22T15:00:00+05:30,72.5,74.05,72.4,74.05,7
2026-09-22T15:01:00+05:30,74.8,75.7,71.25,71.65,68
2026-09-22T15:02:00+05:30,71.4,71.4,69.3,70.5,39
2026-09-22T15:03:00+05:30,70.9,71.1,68.15,68.15,174
2026-09-22T15:04:00+05:30,68.5,70.55,68.5,70.55,44
2026-09-22T15:05:00+05:30,70.6,70.95,70.6,70.9,41
2026-09-22T15:06:00+05:30,72.5,73.0,71.5,71.65,55
2026-09-22T15:07:00+05:30,71.65,72.45,71.6,72.3,30
2026-09-22T15:08:00+05:30,73.65,74.35,73.45,74.0,61
2026-09-22T15:09:00+05:30,74.25,74.6,72.9,73.4,25
2026-09-22T15:10:00+05:30,73.8,74.0,70.85,71.4,74
2026-09-22T15:11:00+05:30,72.75,72.75,68.3,68.7,58
2026-09-22T15:12:00+05:30,70.0,70.25,67.95,68.05,103
2026-09-22T15:13:00+05:30,67.7,68.65,66.9,68.5,64
2026-09-22T15:14:00+05:30,67.7,68.0,66.8,66.9,15
2026-09-22T15:15:00+05:30,70.1,70.95,70.1,70.95,8
2026-09-22T15:16:00+05:30,70.3,70.3,67.65,67.65,3
2026-09-22T15:17:00+05:30,69.0,69.1,69.0,69.1,7
2026-09-22T15:18:00+05:30,68.95,69.55,68.95,69.55,4
2026-09-22T15:19:00+05:30,69.9,70.5,69.25,69.25,7
2026-09-22T15:20:00+05:30,68.55,71.25,68.55,69.9,49
2026-09-22T15:21:00+05:30,70.0,70.0,68.25,68.75,6
2026-09-22T15:22:00+05:30,68.0,71.15,67.45,68.45,47
2026-09-22T15:23:00+05:30,68.5,68.65,67.0,67.6,38
2026-09-22T15:24:00+05:30,67.25,67.25,66.5,66.5,3
2026-09-22T15:25:00+05:30,67.4,67.4,67.0,67.4,23
2026-09-22T15:26:00+05:30,67.2,67.65,66.0,66.0,34
2026-09-22T15:27:00+05:30,68.0,68.6,67.0,68.6,9
2026-09-22T15:28:00+05:30,68.35,69.5,68.35,69.5,25
2026-09-22T15:29:00+05:30,69.8,71.8,69.65,71.65,44
2026-09-22T15:30:00+05:30,72.15,74.6,71.9,74.45,60
2026-09-22T15:31:00+05:30,74.65,74.65,72.7,73.45,52
2026-09-22T15:32:00+05:30,73.65,73.95,73.65,73.95,10
2026-09-22T15:33:00+05:30,74.1,74.2,69.1,69.1,44
2026-09-22T15:34:00+05:30,68.3,68.3,65.95,65.95,73
2026-09-22T15:35:00+05:30,65.75,65.75,62.4,62.55,24
2026-09-22T15:36:00+05:30,62.4,62.4,61.2,61.25,53
2026-09-22T15:37:00+05:30,61.1,61.1,56.75,56.75,51
2026-09-22T15:38:00+05:30,57.9,57.9,56.3,56.3,28
2026-09-22T15:39:00+05:30,55.05,58.75,49.0,58.75,253
2026-09-23T09:15:00+05:30,55.0,67.25,51.95,57.55,654
2026-09-23T09:16:00+05:30,56.45,56.45,51.8,52.95,634
2026-09-23T09:17:00+05:30,52.65,53.05,49.45,49.5,533
2026-09-23T09:18:00+05:30,49.35,49.85,46.75,48.35,394
2026-09-23T09:19:00+05:30,48.5,48.5,45.6,46.35,449
2026-09-23T09:20:00+05:30,46.3,46.55,44.0,45.75,196
2026-09-23T09:21:00+05:30,45.8,48.15,45.1,47.85,122
2026-09-23T09:22:00+05:30,47.7,47.7,46.0,47.0,76
2026-09-23T09:23:00+05:30,46.75,48.6,45.75,48.6,147
2026-09-23T09:24:00+05:30,48.8,50.0,47.85,48.85,238
2026-09-23T09:25:00+05:30,48.85,53.2,48.5,50.8,299
2026-09-23T09:26:00+05:30,50.5,52.3,49.35,52.0,128
2026-09-23T09:27:00+05:30,50.65,50.65,48.95,49.6,87
2026-09-23T09:28:00+05:30,49.7,49.9,47.95,48.7,126
2026-09-23T09:29:00+05:30,48.15,49.7,48.15,49.25,43
2026-09-23T09:30:00+05:30,48.75,48.75,44.8,45.15,93
2026-09-23T09:31:00+05:30,44.9,47.7,44.25,47.0,147
2026-09-23T09:32:00+05:30,46.4,46.45,44.35,44.35,56
2026-09-23T09:33:00+05:30,44.6,45.4,44.05,44.3,61
2026-09-23T09:34:00+05:30,44.2,45.2,44.0,44.0,72
2026-09-23T09:35:00+05:30,43.1,44.75,42.9,43.9,59
2026-09-23T09:36:00+05:30,43.85,46.55,43.4,44.95,45
2026-09-23T09:37:00+05:30,44.8,45.3,44.2,44.3,72
2026-09-23T09:38:00+05:30,44.25,44.35,43.25,43.4,41
2026-09-23T09:39:00+05:30,43.45,45.85,43.45,45.85,72
2026-09-23T09:40:00+05:30,45.35,45.35,43.55,43.7,11
2026-09-23T09:41:00+05:30,43.7,44.0,42.7,43.3,47
2026-09-23T09:42:00+05:30,43.0,43.05,41.65,42.2,56
2026-09-23T09:43:00+05:30,41.8,42.75,41.8,42.4,68
2026-09-23T09:44:00+05:30,42.25,42.7,40.6,40.9,100
2026-09-23T09:45:00+05:30,40.55,40.8,39.35,40.45,150
2026-09-23T09:46:00+05:30,40.35,40.6,39.6,40.05,67
2026-09-23T09:47:00+05:30,40.15,40.45,39.5,39.9,140
2026-09-23T09:48:00+05:30,39.9,41.55,39.55,41.2,152
2026-09-23T09:49:00+05:30,41.65,43.85,41.6,43.05,87
2026-09-23T09:50:00+05:30,42.9,44.0,42.85,43.55,12
2026-09-23T09:51:00+05:30,43.45,44.0,42.55,42.7,67
2026-09-23T09:52:00+05:30,42.95,43.5,42.05,42.4,26
2026-09-23T09:53:00+05:30,42.05,43.65,41.85,43.35,21
2026-09-23T09:54:00+05:30,44.0,46.8,44.0,45.3,78
2026-09-23T09:55:00+05:30,45.4,45.4,44.35,44.35,28
2026-09-23T09:56:00+05:30,43.45,43.6,42.15,42.2,24
2026-09-23T09:57:00+05:30,41.8,42.0,40.6,41.45,33
2026-09-23T09:58:00+05:30,41.4,41.4,40.05,40.15,14
2026-09-23T09:59:00+05:30,40.15,40.15,38.4,38.4,79
2026-09-23T10:00:00+05:30,38.4,38.55,35.95,37.0,122
2026-09-23T10:01:00+05:30,36.95,37.7,36.45,37.7,138
2026-09-23T10:02:00+05:30,37.6,38.05,37.2,38.05,247
2026-09-23T10:03:00+05:30,37.5,37.75,36.55,36.55,43
2026-09-23T10:04:00+05:30,36.95,37.3,35.95,36.4,95
2026-09-23T10:05:00+05:30,36.3,36.7,36.0,36.15,51
2026-09-23T10:06:00+05:30,36.1,36.55,35.55,36.55,154
2026-09-23T10:07:00+05:30,36.85,37.1,36.65,37.05,18
2026-09-23T10:08:00+05:30,37.75,37.75,36.7,36.7,52
2026-09-23T10:09:00+05:30,36.45,37.05,36.45,36.8,38
2026-09-23T10:10:00+05:30,37.0,37.35,36.2,37.35,39
2026-09-23T10:11:00+05:30,38.05,38.65,37.5,38.4,40
2026-09-23T10:12:00+05:30,38.15,38.3,36.9,37.0,76
2026-09-23T10:13:00+05:30,37.1,37.15,35.95,36.65,132
2026-09-23T10:14:00+05:30,36.5,36.65,36.0,36.0,25
2026-09-23T10:15:00+05:30,35.85,36.55,35.1,35.1,40
2026-09-23T10:16:00+05:30,35.0,35.8,34.6,35.0,83
2026-09-23T10:17:00+05:30,34.9,35.2,34.1,34.55,64
2026-09-23T10:18:00+05:30,34.5,34.7,33.3,34.55,197
2026-09-23T10:19:00+05:30,34.5,35.3,34.2,34.8,114
2026-09-23T10:20:00+05:30,34.3,35.0,34.0,34.55,154
2026-09-23T10:21:00+05:30,34.1,34.15,33.6,34.15,176
2026-09-23T10:22:00+05:30,34.05,35.0,33.8,35.0,173
2026-09-23T10:23:00+05:30,34.9,35.0,33.95,34.15,174
2026-09-23T10:24:00+05:30,34.25,35.2,34.25,34.85,87
2026-09-23T10:25:00+05:30,34.65,35.0,34.3,34.3,31
2026-09-23T10:26:00+05:30,34.65,34.65,33.8,34.05,14
2026-09-23T10:27:00+05:30,34.1,34.1,33.3,33.9,27
2026-09-23T10:28:00+05:30,33.55,33.55,32.35,33.45,47
2026-09-23T10:29:00+05:30,33.3,33.85,33.2,33.25,163
2026-09-23T10:30:00+05:30,33.3,34.5,33.05,34.15,76
2026-09-23T10:31:00+05:30,33.95,34.9,33.8,34.3,78
2026-09-23T10:32:00+05:30,34.3,34.95,33.8,34.3,82
2026-09-23T10:33:00+05:30,34.4,34.9,33.95,34.15,18
2026-09-23T10:34:00+05:30,33.65,33.85,33.5,33.5,13
2026-09-23T10:35:00+05:30,33.55,34.0,33.1,34.0,17
2026-09-23T10:36:00+05:30,34.55,34.55,34.35,34.35,5
2026-09-23T10:37:00+05:30,33.35,33.35,33.0,33.0,36
2026-09-23T10:38:00+05:30,32.4,32.65,31.85,31.85,18
2026-09-23T10:39:00+05:30,31.45,32.05,31.4,31.9,52
2026-09-23T10:40:00+05:30,32.35,32.45,31.45,32.25,69
2026-09-23T10:41:00+05:30,32.05,32.85,32.05,32.85,10
2026-09-23T10:42:00+05:30,32.6,33.0,32.1,32.8,27
2026-09-23T10:43:00+05:30,32.75,32.85,32.3,32.6,121
2026-09-23T10:44:00+05:30,32.55,32.7,31.8,32.0,150
2026-09-23T10:45:00+05:30,31.9,32.65,31.6,32.25,602
2026-09-23T10:46:00+05:30,32.05,32.75,31.7,32.75,144
2026-09-23T10:47:00+05:30,32.55,32.8,32.05,32.75,72
2026-09-23T10:48:00+05:30,32.75,33.15,32.7,33.15,38
2026-09-23T10:49:00+05:30,32.9,34.0,32.75,33.3,54
2026-09-23T10:50:00+05:30,33.15,33.35,32.4,32.85,26
2026-09-23T10:51:00+05:30,32.95,33.05,32.7,32.7,14
2026-09-23T10:52:00+05:30,32.7,32.7,31.8,32.2,32
2026-09-23T10:53:00+05:30,32.15,32.4,31.8,31.8,18
2026-09-23T10:54:00+05:30,31.95,32.55,31.55,32.3,35
2026-09-23T10:55:00+05:30,32.1,32.15,31.5,31.6,33
2026-09-23T10:56:00+05:30,31.65,32.3,31.35,32.05,154
2026-09-23T10:57:00+05:30,31.65,31.8,31.6,31.8,7
2026-09-23T10:58:00+05:30,31.85,31.85,31.35,31.7,32
2026-09-23T10:59:00+05:30,31.8,32.05,31.5,31.8,167
2026-09-23T11:00:00+05:30,31.65,32.15,31.5,32.05,120
2026-09-23T11:01:00+05:30,31.85,31.85,31.35,31.85,104
2026-09-23T11:02:00+05:30,31.5,31.6,31.35,31.55,31
2026-09-23T11:03:00+05:30,31.45,31.55,31.35,31.55,10
2026-09-23T11:04:00+05:30,31.75,31.8,31.75,31.8,4
2026-09-23T11:05:00+05:30,31.8,31.8,30.7,30.95,62
2026-09-23T11:06:00+05:30,30.85,30.85,30.1,30.4,234
2026-09-23T11:07:00+05:30,30.3,30.6,29.8,30.25,154
2026-09-23T11:08:00+05:30,30.35,30.75,30.15,30.55,106
2026-09-23T11:09:00+05:30,30.5,30.85,30.4,30.6,35
2026-09-23T11:10:00+05:30,30.55,30.55,30.15,30.5,22
2026-09-23T11:11:00+05:30,30.25,30.4,30.0,30.4,28
2026-09-23T11:12:00+05:30,30.3,30.3,30.1,30.1,26
2026-09-23T11:13:00+05:30,30.1,30.5,30.0,30.35,112
2026-09-23T11:14:00+05:30,30.35,30.45,30.15,30.45,86
2026-09-23T11:15:00+05:30,30.5,30.8,30.35,30.65,25
2026-09-23T11:16:00+05:30,30.75,31.9,30.75,31.75,44
2026-09-23T11:17:00+05:30,31.65,33.05,31.6,31.65,85
2026-09-23T11:18:00+05:30,31.75,32.2,31.7,32.15,21
2026-09-23T11:19:00+05:30,32.1,32.5,31.85,32.5,23
2026-09-23T11:20:00+05:30,32.3,32.35,31.75,32.0,68
2026-09-23T11:21:00+05:30,32.05,32.5,31.8,32.15,183
2026-09-23T11:22:00+05:30,31.85,32.25,31.65,32.15,24
2026-09-23T11:23:00+05:30,32.05,32.15,32.05,32.15,7
2026-09-23T11:24:00+05:30,31.95,32.35,31.95,32.05,39
2026-09-23T11:25:00+05:30,32.05,32.35,31.3,31.3,138
2026-09-23T11:26:00+05:30,31.2,31.9,30.95,31.75,116
2026-09-23T11:27:00+05:30,31.75,32.4,31.75,32.3,26
2026-09-23T11:28:00+05:30,32.45,32.6,32.25,32.6,17
2026-09-23T11:29:00+05:30,32.45,32.5,32.35,32.35,9
2026-09-23T11:30:00+05:30,32.2,32.4,31.45,31.7,26
2026-09-23T11:31:00+05:30,32.25,32.3,31.9,32.05,22
2026-09-23T11:32:00+05:30,31.9,31.95,31.05,31.3,50
2026-09-23T11:33:00+05:30,31.7,31.8,31.15,31.15,10
2026-09-23T11:34:00+05:30,31.3,31.75,31.15,31.5,9
2026-09-23T11:35:00+05:30,31.85,32.35,31.85,32.0,13
2026-09-23T11:36:00+05:30,32.25,32.3,32.25,32.3,3
2026-09-23T11:37:00+05:30,32.2,32.2,31.9,31.9,14
2026-09-23T11:38:00+05:30,32.5,32.55,32.15,32.15,6
2026-09-23T11:39:00+05:30,32.2,32.55,32.15,32.45,23
2026-09-23T11:40:00+05:30,31.8,31.8,31.8,31.8,1
2026-09-23T11:41:00+05:30,31.45,31.55,31.05,31.15,10
2026-09-23T11:42:00+05:30,30.95,31.2,30.7,30.7,30
2026-09-23T11:43:00+05:30,30.55,30.55,30.35,30.4,19
2026-09-23T11:44:00+05:30,30.45,31.05,30.4,30.4,41
2026-09-23T11:45:00+05:30,30.45,30.75,30.4,30.65,31
2026-09-23T11:46:00+05:30,30.95,31.0,30.65,30.65,30
2026-09-23T11:47:00+05:30,30.7,31.0,30.7,30.7,11
2026-09-23T11:48:00+05:30,30.65,31.15,30.65,30.95,15
2026-09-23T11:49:00+05:30,31.35,31.55,31.25,31.55,8
2026-09-23T11:50:00+05:30,32.05,32.85,32.05,32.85,15
2026-09-23T11:51:00+05:30,32.6,33.25,32.15,33.2,26
2026-09-23T11:52:00+05:30,32.9,32.9,32.2,32.2,17
2026-09-23T11:53:00+05:30,32.25,32.3,31.75,31.75,44
2026-09-23T11:54:00+05:30,31.7,32.0,31.65,32.0,20
2026-09-23T11:55:00+05:30,32.0,32.45,31.7,32.35,21
2026-09-23T11:56:00+05:30,32.6,33.0,32.6,32.75,22
2026-09-23T11:57:00+05:30,32.75,32.75,32.75,32.75,10
2026-09-23T11:58:00+05:30,32.8,32.8,32.6,32.6,7
2026-09-23T11:59:00+05:30,32.6,33.25,32.5,32.7,47
2026-09-23T12:00:00+05:30,32.65,32.65,32.2,32.4,17
2026-09-23T12:01:00+05:30,32.1,32.1,30.75,30.85,20
2026-09-23T12:02:00+05:30,30.65,31.05,30.35,30.45,13
2026-09-23T12:03:00+05:30,30.4,30.5,30.3,30.5,6
2026-09-23T12:04:00+05:30,30.7,30.8,30.55,30.55,17
2026-09-23T12:05:00+05:30,30.45,30.85,29.8,30.85,29
2026-09-23T12:06:00+05:30,30.15,30.45,29.55,29.9,78
2026-09-23T12:07:00+05:30,29.75,30.55,29.75,30.4,30
2026-09-23T12:08:00+05:30,31.05,31.05,31.05,31.05,1
2026-09-23T12:10:00+05:30,30.8,30.8,30.35,30.8,38
2026-09-23T12:11:00+05:30,30.6,30.6,30.4,30.4,5
2026-09-23T12:12:00+05:30,30.4,30.4,30.25,30.25,7
2026-09-23T12:13:00+05:30,30.05,30.25,30.05,30.25,2
2026-09-23T12:14:00+05:30,30.25,30.55,30.25,30.55,2
2026-09-23T12:15:00+05:30,30.4,30.95,30.4,30.85,32
2026-09-23T12:16:00+05:30,30.85,31.1,30.8,30.95,18
2026-09-23T12:17:00+05:30,30.8,31.05,30.8,30.8,30
2026-09-23T12:18:00+05:30,30.7,30.75,30.55,30.55,11
2026-09-23T12:19:00+05:30,30.65,30.65,30.4,30.45,11
2026-09-23T12:20:00+05:30,30.5,30.75,30.45,30.75,6
2026-09-23T12:21:00+05:30,30.9,31.0,30.9,31.0,25
2026-09-23T12:23:00+05:30,31.05,31.05,31.05,31.05,6
2026-09-23T12:24:00+05:30,31.25,31.8,30.95,31.3,52
2026-09-23T12:25:00+05:30,31.45,32.15,31.45,32.15,16
2026-09-23T12:26:00+05:30,31.9,32.0,31.35,31.4,23
2026-09-23T12:27:00+05:30,31.65,31.65,31.25,31.25,2
2026-09-23T12:28:00+05:30,31.25,31.25,31.25,31.25,1
2026-09-23T12:29:00+05:30,31.15,31.55,31.15,31.55,7
2026-09-23T12:30:00+05:30,31.15,31.6,31.15,31.6,10
2026-09-23T12:31:00+05:30,31.4,31.4,31.05,31.25,8
2026-09-23T12:32:00+05:30,31.15,31.15,31.0,31.0,36
2026-09-23T12:33:00+05:30,30.75,30.75,30.3,30.3,6
2026-09-23T12:34:00+05:30,30.15,30.8,29.9,30.8,8
2026-09-23T12:35:00+05:30,30.55,30.7,30.55,30.7,2
2026-09-23T12:37:00+05:30,31.3,31.3,31.3,31.3,1
2026-09-23T12:38:00+05:30,31.2,31.2,31.05,31.05,6
2026-09-23T12:39:00+05:30,30.9,30.9,30.9,30.9,5
2026-09-23T12:41:00+05:30,30.6,30.6,30.6,30.6,1
2026-09-23T12:42:00+05:30,30.9,30.9,30.5,30.5,16
2026-09-23T12:44:00+05:30,31.1,31.15,31.1,31.15,2
2026-09-23T12:45:00+05:30,31.35,31.7,31.35,31.4,8
2026-09-23T12:46:00+05:30,31.75,31.75,31.45,31.45,4
2026-09-23T12:47:00+05:30,31.8,32.35,31.65,32.35,17
2026-09-23T12:48:00+05:30,32.3,32.35,32.0,32.0,77
2026-09-23T12:49:00+05:30,31.85,31.95,31.4,31.4,19
2026-09-23T12:50:00+05:30,31.4,31.4,31.15,31.15,5
2026-09-23T12:51:00+05:30,31.2,31.6,30.85,31.6,10
2026-09-23T12:52:00+05:30,31.5,32.7,31.5,31.95,5
2026-09-23T12:53:00+05:30,31.7,32.8,31.7,32.55,14
2026-09-23T12:54:00+05:30,32.6,32.9,32.35,32.9,18
2026-09-23T12:55:00+05:30,32.6,32.7,32.2,32.25,27
2026-09-23T12:56:00+05:30,32.35,32.35,31.65,31.65,16
2026-09-23T12:57:00+05:30,31.8,31.8,31.1,31.5,13
2026-09-23T12:58:00+05:30,30.95,30.95,30.95,30.95,1
2026-09-23T12:59:00+05:30,31.2,31.3,31.2,31.3,2
2026-09-23T13:00:00+05:30,31.1,31.15,30.95,30.95,6
2026-09-23T13:01:00+05:30,30.3,31.0,30.1,31.0,6
2026-09-23T13:02:00+05:30,30.65,30.65,29.65,29.65,20
2026-09-23T13:03:00+05:30,29.95,30.05,29.6,29.65,15
2026-09-23T13:04:00+05:30,29.85,30.35,29.55,30.05,27
2026-09-23T13:05:00+05:30,29.85,30.35,29.6,30.25,20
2026-09-23T13:06:00+05:30,30.25,30.25,29.55,29.7,45
2026-09-23T13:07:00+05:30,29.7,29.95,28.8,29.15,113
2026-09-23T13:08:00+05:30,29.15,29.6,29.1,29.35,33
2026-09-23T13:10:00+05:30,29.95,30.0,29.75,30.0,19
2026-09-23T13:11:00+05:30,30.05,30.35,30.05,30.35,14
2026-09-23T13:12:00+05:30,30.3,30.3,30.3,30.3,4
2026-09-23T13:13:00+05:30,30.1,30.1,30.1,30.1,1
2026-09-23T13:14:00+05:30,30.35,30.35,30.35,30.35,1
2026-09-23T13:15:00+05:30,30.25,30.3,30.25,30.3,21
2026-09-23T13:16:00+05:30,30.15,30.15,30.1,30.1,10
2026-09-23T13:17:00+05:30,29.95,30.65,29.95,30.65,9
2026-09-23T13:18:00+05:30,30.4,30.4,30.4,30.4,1
2026-09-23T13:19:00+05:30,30.35,30.35,30.35,30.35,1
2026-09-23T13:20:00+05:30,30.45,30.8,30.45,30.8,3
2026-09-23T13:21:00+05:30,30.55,30.55,30.25,30.25,9
2026-09-23T13:22:00+05:30,30.7,30.85,30.6,30.85,5
2026-09-23T13:23:00+05:30,30.7,30.9,30.7,30.85,21
2026-09-23T13:24:00+05:30,30.8,31.3,30.6,31.1,57
2026-09-23T13:25:00+05:30,30.95,31.0,30.65,30.95,9
2026-09-23T13:26:00+05:30,31.0,31.1,30.85,31.05,10
2026-09-23T13:27:00+05:30,31.0,31.3,31.0,31.3,3
2026-09-23T13:28:00+05:30,31.2,31.35,31.05,31.25,6
2026-09-23T13:29:00+05:30,31.15,31.65,30.9,31.5,38
2026-09-23T13:30:00+05:30,31.4,31.75,31.4,31.75,3
2026-09-23T13:31:00+05:30,31.4,31.7,31.15,31.65,28
2026-09-23T13:32:00+05:30,31.7,32.25,31.5,32.25,18
2026-09-23T13:33:00+05:30,32.1,32.45,31.8,32.45,24
2026-09-23T13:34:00+05:30,32.5,32.65,32.15,32.35,31
2026-09-23T13:35:00+05:30,32.6,33.1,32.25,32.85,16
2026-09-23T13:36:00+05:30,32.85,33.05,32.55,32.55,396
2026-09-23T13:37:00+05:30,32.45,32.45,31.65,31.75,41
2026-09-23T13:38:00+05:30,31.65,31.65,31.65,31.65,3
2026-09-23T13:39:00+05:30,31.6,32.0,31.6,31.65,58
2026-09-23T13:40:00+05:30,31.5,31.65,31.5,31.65,2
2026-09-23T13:41:00+05:30,31.8,31.8,31.1,31.1,7
2026-09-23T13:42:00+05:30,31.05,31.05,31.0,31.0,7
2026-09-23T13:43:00+05:30,30.85,31.0,30.5,30.5,48
2026-09-23T13:44:00+05:30,30.55,30.65,30.0,30.15,48
2026-09-23T13:45:00+05:30,30.0,30.1,29.45,29.45,13
2026-09-23T13:47:00+05:30,29.35,30.0,29.2,29.45,103
2026-09-23T13:48:00+05:30,29.35,29.7,29.0,29.25,80
2026-09-23T13:49:00+05:30,29.3,29.4,29.2,29.2,15
2026-09-23T13:50:00+05:30,29.6,29.8,29.55,29.55,50
2026-09-23T13:51:00+05:30,29.45,29.85,29.45,29.85,2
2026-09-23T13:52:00+05:30,30.0,30.2,30.0,30.2,38
2026-09-23T13:53:00+05:30,30.05,30.05,29.9,29.9,171
2026-09-23T13:54:00+05:30,29.85,30.05,29.65,29.65,62
2026-09-23T13:55:00+05:30,29.65,29.65,29.55,29.65,14
2026-09-23T13:56:00+05:30,29.95,30.0,29.95,29.95,21
2026-09-23T13:57:00+05:30,30.05,30.4,30.05,30.4,10
2026-09-23T13:58:00+05:30,30.25,30.25,30.25,30.25,1
2026-09-23T13:59:00+05:30,30.3,30.3,30.0,30.0,31
2026-09-23T14:00:00+05:30,30.1,30.2,29.9,30.0,14
2026-09-23T14:01:00+05:30,30.3,30.3,30.15,30.2,17
2026-09-23T14:02:00+05:30,29.85,30.0,29.5,29.5,21
2026-09-23T14:03:00+05:30,29.55,29.65,28.95,29.0,24
2026-09-23T14:04:00+05:30,28.65,29.15,28.65,29.05,8
2026-09-23T14:05:00+05:30,28.8,29.0,28.8,28.8,6
2026-09-23T14:06:00+05:30,28.8,28.8,28.7,28.7,5
2026-09-23T14:07:00+05:30,28.7,28.75,28.05,28.1,11
2026-09-23T14:08:00+05:30,28.35,28.35,28.05,28.1,47
2026-09-23T14:09:00+05:30,28.25,28.45,27.6,27.9,175
2026-09-23T14:10:00+05:30,27.65,27.75,27.55,27.65,46
2026-09-23T14:11:00+05:30,27.3,27.85,27.2,27.6,103
2026-09-23T14:12:00+05:30,27.4,27.6,27.2,27.45,129
2026-09-23T14:13:00+05:30,27.45,27.55,27.25,27.35,42
2026-09-23T14:14:00+05:30,27.6,27.6,27.35,27.4,17
2026-09-23T14:15:00+05:30,27.3,27.45,27.0,27.3,21
2026-09-23T14:16:00+05:30,27.25,27.25,27.25,27.25,1
2026-09-23T14:17:00+05:30,27.55,27.55,27.35,27.35,4
2026-09-23T14:18:00+05:30,26.6,26.6,26.6,26.6,1
2026-09-23T14:19:00+05:30,26.55,26.95,26.55,26.95,5
2026-09-23T14:21:00+05:30,27.15,27.15,26.95,27.1,11
2026-09-23T14:22:00+05:30,26.95,27.1,26.95,27.1,2
2026-09-23T14:23:00+05:30,26.9,26.9,26.5,26.5,3
2026-09-23T14:24:00+05:30,26.55,27.05,26.55,26.95,18
2026-09-23T14:25:00+05:30,27.15,27.15,26.9,26.95,14
2026-09-23T14:26:00+05:30,26.85,27.1,26.8,26.95,21
2026-09-23T14:27:00+05:30,26.95,27.0,26.95,27.0,2
2026-09-23T14:28:00+05:30,27.05,27.2,26.1,26.65,50
2026-09-23T14:29:00+05:30,26.55,27.05,26.3,26.3,36
2026-09-23T14:30:00+05:30,26.25,26.5,26.0,26.1,29
2026-09-23T14:31:00+05:30,26.2,26.85,26.2,26.85,14
2026-09-23T14:32:00+05:30,26.55,26.7,26.55,26.6,11
2026-09-23T14:33:00+05:30,26.55,26.85,26.55,26.8,9
2026-09-23T14:34:00+05:30,26.95,26.95,26.75,26.75,10
2026-09-23T14:35:00+05:30,27.2,27.45,27.05,27.4,28
2026-09-23T14:36:00+05:30,27.45,27.65,27.05,27.5,27
2026-09-23T14:37:00+05:30,27.4,27.7,27.3,27.3,14
2026-09-23T14:38:00+05:30,27.35,27.85,27.35,27.55,36
2026-09-23T14:39:00+05:30,27.55,27.65,27.45,27.45,19
2026-09-23T14:40:00+05:30,27.75,27.75,27.75,27.75,1
2026-09-23T14:41:00+05:30,28.2,28.2,28.05,28.05,16
2026-09-23T14:42:00+05:30,28.5,28.5,27.85,28.0,31
2026-09-23T14:43:00+05:30,28.7,28.7,28.25,28.25,6
2026-09-23T14:44:00+05:30,28.2,28.3,27.95,28.15,60
2026-09-23T14:45:00+05:30,28.0,28.1,27.7,27.7,18
2026-09-23T14:46:00+05:30,28.05,28.25,27.4,27.5,15
2026-09-23T14:47:00+05:30,27.9,28.3,27.9,28.3,11
2026-09-23T14:48:00+05:30,28.1,28.1,27.6,28.0,53
2026-09-23T14:49:00+05:30,28.1,28.1,27.85,27.85,9
2026-09-23T14:50:00+05:30,28.1,28.5,27.8,28.1,28
2026-09-23T14:51:00+05:30,28.05,28.3,27.7,28.0,41
2026-09-23T14:52:00+05:30,27.8,28.55,27.6,28.55,65
2026-09-23T14:53:00+05:30,28.3,28.35,28.05,28.05,23
2026-09-23T14:54:00+05:30,28.0,28.1,28.0,28.1,13
2026-09-23T14:55:00+05:30,27.55,27.65,27.1,27.1,19
2026-09-23T14:56:00+05:30,27.2,27.6,27.2,27.6,44
2026-09-23T14:57:00+05:30,27.65,28.15,27.65,27.75,70
2026-09-23T14:58:00+05:30,27.85,28.4,27.55,28.4,60
2026-09-23T14:59:00+05:30,28.25,28.5,27.45,28.15,105
2026-09-23T15:00:00+05:30,28.5,28.5,27.95,28.2,6
2026-09-23T15:01:00+05:30,28.25,28.6,27.8,28.45,118
2026-09-23T15:02:00+05:30,28.7,29.2,28.7,28.7,20
2026-09-23T15:03:00+05:30,28.85,29.5,28.85,29.15,8
2026-09-23T15:04:00+05:30,29.25,29.4,28.0,28.05,25
2026-09-23T15:05:00+05:30,28.1,28.4,27.7,27.8,23
2026-09-23T15:06:00+05:30,27.7,27.8,27.1,27.15,25
2026-09-23T15:07:00+05:30,27.2,28.0,27.2,28.0,8
2026-09-23T15:08:00+05:30,27.75,27.75,27.5,27.7,8
2026-09-23T15:09:00+05:30,27.8,27.8,27.5,27.8,47
2026-09-23T15:10:00+05:30,27.85,28.3,27.8,28.25,32
2026-09-23T15:11:00+05:30,27.6,27.6,26.9,27.05,24
2026-09-23T15:12:00+05:30,26.75,27.05,26.6,26.75,51
2026-09-23T15:13:00+05:30,26.5,26.9,26.2,26.7,163
2026-09-23T15:14:00+05:30,26.25,26.25,25.55,26.0,115
2026-09-23T15:15:00+05:30,26.05,26.3,24.9,25.25,178
2026-09-23T15:16:00+05:30,25.2,25.9,25.2,25.9,235
2026-09-23T15:17:00+05:30,26.0,26.3,25.9,25.95,14
2026-09-23T15:18:00+05:30,26.15,27.0,26.15,26.7,239
2026-09-23T15:19:00+05:30,26.55,26.6,25.8,25.9,32
2026-09-23T15:20:00+05:30,26.15,26.5,26.1,26.15,11
2026-09-23T15:21:00+05:30,26.25,26.35,26.15,26.25,28
2026-09-23T15:22:00+05:30,26.25,26.25,25.7,25.75,341
2026-09-23T15:23:00+05:30,25.75,26.0,25.0,25.8,425
2026-09-23T15:24:00+05:30,25.75,25.75,25.3,25.3,110
2026-09-23T15:25:00+05:30,25.3,25.5,25.15,25.35,45
2026-09-23T15:26:00+05:30,25.3,25.5,25.05,25.2,64
2026-09-23T15:27:00+05:30,25.1,25.5,25.1,25.45,27
2026-09-23T15:28:00+05:30,25.4,25.4,25.15,25.25,26
2026-09-23T15:29:00+05:30,25.3,25.55,24.55,24.55,54
2026-09-23T15:30:00+05:30,24.55,24.7,24.3,24.55,151
2026-09-23T15:31:00+05:30,24.55,24.65,24.3,24.55,194
2026-09-23T15:32:00+05:30,24.55,25.95,24.4,25.4,338
2026-09-23T15:33:00+05:30,25.4,25.55,25.35,25.35,17
2026-09-23T15:34:00+05:30,25.7,25.95,25.65,25.95,4
2026-09-23T15:35:00+05:30,25.55,25.7,25.05,25.45,29
2026-09-23T15:36:00+05:30,25.45,25.45,25.0,25.0,76
2026-09-23T15:37:00+05:30,25.15,25.25,24.85,25.0,27
2026-09-23T15:38:00+05:30,25.0,25.0,23.9,24.35,28
2026-09-23T15:39:00+05:30,24.45,24.5,23.35,23.55,22
2026-09-24T09:15:00+05:30,150.0,150.0,78.55,87.1,3983
2026-09-24T09:16:00+05:30,86.65,103.6,86.15,93.3,1787
2026-09-24T09:17:00+05:30,94.0,117.6,92.45,116.5,1223
2026-09-24T09:18:00+05:30,116.75,123.25,113.05,118.05,925
2026-09-24T09:19:00+05:30,118.2,136.1,110.5,134.0,1351
2026-09-24T09:20:00+05:30,132.2,135.2,127.85,130.35,1111
2026-09-24T09:21:00+05:30,130.35,143.0,127.85,135.45,614
2026-09-24T09:22:00+05:30,135.75,141.05,119.45,120.4,895
2026-09-24T09:23:00+05:30,121.55,121.6,111.1,113.5,612
2026-09-24T09:24:00+05:30,114.05,117.95,110.95,117.2,487
2026-09-24T09:25:00+05:30,117.5,130.65,116.7,127.25,692
2026-09-24T09:26:00+05:30,127.85,131.2,121.6,128.25,351
2026-09-24T09:27:00+05:30,130.4,137.4,129.9,133.0,643
2026-09-24T09:28:00+05:30,133.65,136.4,128.0,130.8,288
2026-09-24T09:29:00+05:30,131.5,136.0,130.4,132.0,545
2026-09-24T09:30:00+05:30,133.3,146.45,132.55,144.8,320
2026-09-24T09:31:00+05:30,144.8,152.1,140.75,148.95,449
2026-09-24T09:32:00+05:30,148.65,149.55,142.35,145.65,309
2026-09-24T09:33:00+05:30,146.6,151.5,145.3,148.6,249
2026-09-24T09:34:00+05:30,147.85,149.55,145.8,146.0,328
2026-09-24T09:35:00+05:30,145.0,147.15,139.95,145.75,169
2026-09-24T09:36:00+05:30,146.3,148.0,143.85,144.4,176
2026-09-24T09:37:00+05:30,144.3,151.9,143.95,149.5,326
2026-09-24T09:38:00+05:30,151.75,171.85,150.6,170.1,516
2026-09-24T09:39:00+05:30,170.0,181.9,165.6,178.25,569
2026-09-24T09:40:00+05:30,178.65,182.1,169.3,169.75,823
2026-09-24T09:41:00+05:30,169.55,181.75,169.55,177.75,480
2026-09-24T09:42:00+05:30,177.55,185.65,176.6,179.8,414
2026-09-24T09:43:00+05:30,179.35,201.7,178.5,195.95,633
2026-09-24T09:44:00+05:30,196.15,208.95,194.9,203.2,1073
2026-09-24T09:45:00+05:30,203.5,218.3,194.1,195.2,1131
2026-09-24T09:46:00+05:30,194.3,202.55,189.3,200.65,491
2026-09-24T09:47:00+05:30,200.5,206.25,197.7,204.05,579
2026-09-24T09:48:00+05:30,205.3,206.0,196.5,198.2,242
2026-09-24T09:49:00+05:30,197.4,198.3,186.4,187.35,492
2026-09-24T09:50:00+05:30,187.8,194.4,183.5,183.8,564
2026-09-24T09:51:00+05:30,182.95,193.0,181.6,192.55,272
2026-09-24T09:52:00+05:30,191.65,194.85,187.25,193.9,258
2026-09-24T09:53:00+05:30,194.05,198.05,192.9,197.9,284
2026-09-24T09:54:00+05:30,196.9,199.0,196.2,197.0,513
2026-09-24T09:55:00+05:30,198.0,204.4,195.05,196.65,508
2026-09-24T09:56:00+05:30,196.05,199.4,194.85,197.6,274
2026-09-24T09:57:00+05:30,197.8,199.0,194.9,195.85,233
2026-09-24T09:58:00+05:30,196.85,197.15,188.75,192.15,208
2026-09-24T09:59:00+05:30,191.3,194.9,188.0,189.85,200
2026-09-24T10:00:00+05:30,190.05,192.65,181.55,181.55,231
2026-09-24T10:01:00+05:30,181.45,182.6,177.5,181.55,235
2026-09-24T10:02:00+05:30,180.25,183.3,172.7,174.25,221
2026-09-24T10:03:00+05:30,174.35,174.6,165.0,165.35,448
2026-09-24T10:04:00+05:30,165.75,168.4,158.7,167.65,346
2026-09-24T10:05:00+05:30,169.6,177.05,169.0,170.6,307
2026-09-24T10:06:00+05:30,171.6,177.8,170.95,174.6,214
2026-09-24T10:07:00+05:30,173.5,173.85,166.8,166.8,217
2026-09-24T10:08:00+05:30,165.8,167.25,156.35,156.35,156
2026-09-24T10:09:00+05:30,156.4,157.75,150.8,154.8,299
2026-09-24T10:10:00+05:30,154.7,164.7,154.45,162.05,225
2026-09-24T10:11:00+05:30,163.5,171.75,162.5,166.0,140
2026-09-24T10:12:00+05:30,167.8,173.0,166.9,172.9,86
2026-09-24T10:13:00+05:30,173.45,178.8,168.65,178.8,246
2026-09-24T10:14:00+05:30,180.0,183.0,177.9,180.5,317
2026-09-24T10:15:00+05:30,180.3,180.45,174.5,175.35,109
2026-09-24T10:16:00+05:30,174.25,177.2,173.05,176.3,122
2026-09-24T10:17:00+05:30,176.7,180.9,176.7,177.8,112
2026-09-24T10:18:00+05:30,177.9,180.8,175.6,180.6,112
2026-09-24T10:19:00+05:30,180.1,184.0,171.35,171.6,189
2026-09-24T10:20:00+05:30,171.1,178.35,170.45,176.8,154
2026-09-24T10:21:00+05:30,177.55,184.95,177.45,183.5,105
2026-09-24T10:22:00+05:30,184.0,189.45,183.0,187.6,340
2026-09-24T10:23:00+05:30,189.45,190.1,183.4,187.15,177
2026-09-24T10:24:00+05:30,186.8,188.7,184.2,185.95,105
2026-09-24T10:25:00+05:30,187.2,194.0,187.2,190.3,206
2026-09-24T10:26:00+05:30,190.85,193.8,182.1,183.35,217
2026-09-24T10:27:00+05:30,183.35,184.4,179.45,182.95,191
2026-09-24T10:28:00+05:30,183.0,190.65,181.25,189.6,119
2026-09-24T10:29:00+05:30,187.7,189.6,184.0,186.55,119
2026-09-24T10:30:00+05:30,186.2,188.8,183.75,183.9,112
2026-09-24T10:31:00+05:30,183.0,184.0,176.2,176.45,173
2026-09-24T10:32:00+05:30,176.3,176.3,171.4,173.1,171
2026-09-24T10:33:00+05:30,173.55,176.25,163.35,165.45,310
2026-09-24T10:34:00+05:30,164.9,171.5,164.05,166.8,308
2026-09-24T10:35:00+05:30,166.95,172.5,165.35,171.6,168
2026-09-24T10:36:00+05:30,171.55,172.35,159.75,164.9,296
2026-09-24T10:37:00+05:30,162.55,168.35,161.8,168.0,170
2026-09-24T10:38:00+05:30,167.9,167.9,160.25,167.55,137
2026-09-24T10:39:00+05:30,168.05,168.4,164.85,166.75,115
2026-09-24T10:40:00+05:30,167.85,176.75,167.85,175.5,285
2026-09-24T10:41:00+05:30,175.0,175.8,170.5,172.9,245
2026-09-24T10:42:00+05:30,174.3,174.5,169.6,172.6,114
2026-09-24T10:43:00+05:30,171.25,179.4,171.25,177.4,45
2026-09-24T10:44:00+05:30,177.25,177.25,172.9,172.9,63
2026-09-24T10:45:00+05:30,172.95,173.0,167.7,168.4,56
2026-09-24T10:46:00+05:30,168.75,170.25,166.2,169.55,139
2026-09-24T10:47:00+05:30,170.85,171.45,167.0,167.55,113
2026-09-24T10:48:00+05:30,167.1,174.6,167.1,173.5,92
2026-09-24T10:49:00+05:30,174.15,175.0,170.05,170.05,113
2026-09-24T10:50:00+05:30,169.9,173.85,169.2,170.3,81
2026-09-24T10:51:00+05:30,170.3,170.5,159.6,167.6,393
2026-09-24T10:52:00+05:30,167.25,168.2,157.75,159.8,268
2026-09-24T10:53:00+05:30,158.8,160.5,153.0,158.5,321
2026-09-24T10:54:00+05:30,158.0,158.9,153.8,154.35,158
2026-09-24T10:55:00+05:30,154.75,154.75,146.5,148.2,281
2026-09-24T10:56:00+05:30,148.25,156.0,148.25,155.3,185
2026-09-24T10:57:00+05:30,154.55,156.6,152.35,154.35,170
2026-09-24T10:58:00+05:30,154.55,160.6,152.85,157.15,278
2026-09-24T10:59:00+05:30,157.65,158.45,151.55,151.6,102
2026-09-24T11:00:00+05:30,152.1,155.3,151.15,152.9,139
2026-09-24T11:01:00+05:30,153.0,154.4,145.35,153.6,326
2026-09-24T11:02:00+05:30,153.1,153.1,146.1,146.95,185
2026-09-24T11:03:00+05:30,148.5,151.25,147.45,151.25,96
2026-09-24T11:04:00+05:30,152.8,154.15,149.25,151.2,162
2026-09-24T11:05:00+05:30,151.55,158.1,151.55,158.1,112
2026-09-24T11:06:00+05:30,159.35,163.55,157.55,162.2,157
2026-09-24T11:07:00+05:30,159.75,159.75,155.8,156.95,72
2026-09-24T11:08:00+05:30,157.1,163.75,157.1,162.3,113
2026-09-24T11:09:00+05:30,162.6,167.95,162.55,167.2,282
2026-09-24T11:10:00+05:30,167.3,168.1,164.5,165.0,132
2026-09-24T11:11:00+05:30,164.45,168.1,160.35,167.1,165
2026-09-24T11:12:00+05:30,168.0,169.0,164.1,168.0,75
2026-09-24T11:13:00+05:30,167.5,178.2,166.2,173.0,209
2026-09-24T11:14:00+05:30,170.2,174.2,169.35,171.2,308
2026-09-24T11:15:00+05:30,172.25,173.3,163.15,163.85,191
2026-09-24T11:16:00+05:30,162.7,163.65,160.9,161.95,229
2026-09-24T11:17:00+05:30,160.5,160.95,154.3,157.2,412
2026-09-24T11:18:00+05:30,155.8,155.8,147.8,150.8,328
2026-09-24T11:19:00+05:30,150.85,152.45,144.05,146.55,219
2026-09-24T11:20:00+05:30,146.0,153.0,144.9,151.8,175
2026-09-24T11:21:00+05:30,151.35,155.15,150.25,150.75,128
2026-09-24T11:22:00+05:30,151.5,157.8,150.4,155.0,189
2026-09-24T11:23:00+05:30,154.0,160.1,154.0,158.75,134
2026-09-24T11:24:00+05:30,159.9,164.55,157.0,164.55,221
2026-09-24T11:25:00+05:30,164.55,170.7,161.0,170.6,557
2026-09-24T11:26:00+05:30,171.15,174.1,166.65,167.35,360
2026-09-24T11:27:00+05:30,168.2,168.3,163.95,164.8,103
2026-09-24T11:28:00+05:30,165.9,166.8,162.45,165.45,522
2026-09-24T11:29:00+05:30,165.15,167.35,163.25,167.35,86
2026-09-24T11:30:00+05:30,167.2,168.0,165.8,167.55,127
2026-09-24T11:31:00+05:30,167.5,171.55,165.35,170.45,136
2026-09-24T11:32:00+05:30,170.0,179.35,169.8,177.1,301
2026-09-24T11:33:00+05:30,177.25,179.2,169.75,169.9,192
2026-09-24T11:34:00+05:30,169.75,176.5,168.1,175.65,153
2026-09-24T11:35:00+05:30,176.35,176.35,171.1,171.95,79
2026-09-24T11:36:00+05:30,172.4,172.4,164.15,164.6,219
2026-09-24T11:37:00+05:30,163.65,166.65,160.4,161.35,227
2026-09-24T11:38:00+05:30,161.45,163.2,158.75,162.8,217
2026-09-24T11:39:00+05:30,162.7,164.2,156.8,157.6,198
2026-09-24T11:40:00+05:30,157.65,162.4,157.55,159.35,89
2026-09-24T11:41:00+05:30,159.45,163.9,157.0,163.5,171
2026-09-24T11:42:00+05:30,164.1,164.2,160.35,162.1,59
2026-09-24T11:43:00+05:30,162.9,165.2,161.1,163.1,65
2026-09-24T11:44:00+05:30,163.6,166.65,163.4,164.85,38
2026-09-24T11:45:00+05:30,165.35,165.9,160.3,161.4,110
2026-09-24T11:46:00+05:30,161.1,162.2,158.0,162.2,101
2026-09-24T11:47:00+05:30,162.15,165.2,160.25,165.0,76
2026-09-24T11:48:00+05:30,164.75,166.8,162.9,163.0,53
2026-09-24T11:49:00+05:30,163.0,166.4,161.4,166.1,63
2026-09-24T11:50:00+05:30,166.6,166.65,162.3,166.4,99
2026-09-24T11:51:00+05:30,165.35,168.85,165.1,168.85,66
2026-09-24T11:52:00+05:30,166.85,167.8,164.2,166.45,101
2026-09-24T11:53:00+05:30,165.3,167.3,162.6,165.85,133
2026-09-24T11:54:00+05:30,164.95,166.4,163.0,164.6,100
2026-09-24T11:55:00+05:30,165.25,169.8,163.85,168.25,157
2026-09-24T11:56:00+05:30,169.7,172.9,169.7,172.45,106
2026-09-24T11:57:00+05:30,172.7,175.6,169.45,173.95,115
2026-09-24T11:58:00+05:30,172.5,172.8,167.35,168.55,62
2026-09-24T11:59:00+05:30,168.25,169.25,165.85,167.0,391
2026-09-24T12:00:00+05:30,167.3,170.7,165.0,167.45,407
2026-09-24T12:01:00+05:30,164.65,164.65,157.65,158.3,93
2026-09-24T12:02:00+05:30,158.5,159.7,152.5,159.0,256
2026-09-24T12:03:00+05:30,158.95,163.0,158.1,162.6,213
2026-09-24T12:04:00+05:30,162.85,163.05,160.9,161.75,46
2026-09-24T12:05:00+05:30,161.75,163.3,161.0,162.7,60
2026-09-24T12:06:00+05:30,162.2,162.4,159.1,160.6,156
2026-09-24T12:07:00+05:30,161.35,162.3,159.0,160.1,25
2026-09-24T12:08:00+05:30,160.6,165.7,160.6,163.45,72
2026-09-24T12:09:00+05:30,163.55,163.55,160.75,162.3,67
2026-09-24T12:10:00+05:30,161.2,163.45,159.25,159.65,36
2026-09-24T12:11:00+05:30,159.6,159.85,157.65,159.2,73
2026-09-24T12:12:00+05:30,158.8,162.5,158.55,162.5,57
2026-09-24T12:13:00+05:30,162.3,162.5,160.5,162.25,99
2026-09-24T12:14:00+05:30,163.75,168.6,161.9,167.8,162
2026-09-24T12:15:00+05:30,166.9,168.3,161.35,163.05,109
2026-09-24T12:16:00+05:30,163.6,166.4,163.15,164.2,104
2026-09-24T12:17:00+05:30,164.85,165.65,163.3,165.4,38
2026-09-24T12:18:00+05:30,164.5,164.5,162.1,162.2,69
2026-09-24T12:19:00+05:30,161.95,163.5,158.6,158.85,103
2026-09-24T12:20:00+05:30,159.5,159.85,154.9,159.65,156
2026-09-24T12:21:00+05:30,160.7,160.7,158.2,159.75,45
2026-09-24T12:22:00+05:30,160.75,162.85,160.1,162.6,32
2026-09-24T12:23:00+05:30,164.0,169.8,164.0,167.7,220
2026-09-24T12:24:00+05:30,166.55,166.55,161.4,163.95,133
2026-09-24T12:25:00+05:30,163.0,176.4,163.0,175.75,126
2026-09-24T12:26:00+05:30,176.8,176.8,165.8,165.9,151
2026-09-24T12:27:00+05:30,165.6,168.8,163.5,164.35,66
2026-09-24T12:28:00+05:30,161.7,162.4,156.7,158.9,249
2026-09-24T12:29:00+05:30,158.95,161.45,158.95,161.3,82
2026-09-24T12:30:00+05:30,160.0,164.35,156.0,157.4,150
2026-09-24T12:31:00+05:30,156.5,164.0,153.0,164.0,246
2026-09-24T12:32:00+05:30,164.4,177.6,164.4,174.3,560
2026-09-24T12:33:00+05:30,173.65,173.65,167.75,169.8,199
2026-09-24T12:34:00+05:30,169.6,171.6,167.0,167.0,109
2026-09-24T12:35:00+05:30,167.35,182.85,166.95,173.85,464
2026-09-24T12:36:00+05:30,174.25,182.85,167.8,169.1,333
2026-09-24T12:37:00+05:30,168.45,174.4,168.0,170.15,123
2026-09-24T12:38:00+05:30,169.5,169.5,162.0,162.6,170
2026-09-24T12:39:00+05:30,163.3,166.95,163.05,165.55,144
2026-09-24T12:40:00+05:30,165.8,166.0,159.6,160.4,110
2026-09-24T12:41:00+05:30,159.7,162.6,155.5,162.6,216
2026-09-24T12:42:00+05:30,162.55,163.1,158.65,162.85,71
2026-09-24T12:43:00+05:30,163.35,166.8,162.0,166.15,82
2026-09-24T12:44:00+05:30,166.35,170.75,166.0,170.45,402
2026-09-24T12:45:00+05:30,171.2,173.0,165.95,168.75,151
2026-09-24T12:46:00+05:30,169.05,171.25,166.65,170.95,155
2026-09-24T12:47:00+05:30,170.85,174.0,170.2,171.05,116
2026-09-24T12:48:00+05:30,172.2,175.3,168.65,175.3,157
2026-09-24T12:49:00+05:30,174.6,175.6,171.9,173.4,64
2026-09-24T12:50:00+05:30,173.3,173.3,166.9,169.5,111
2026-09-24T12:51:00+05:30,170.55,171.35,167.1,168.95,122
2026-09-24T12:52:00+05:30,169.2,171.75,167.65,171.2,65
2026-09-24T12:53:00+05:30,171.45,174.6,170.1,173.5,151
2026-09-24T12:54:00+05:30,173.4,180.5,173.4,179.0,122
2026-09-24T12:55:00+05:30,178.6,179.15,172.25,173.6,87
2026-09-24T12:56:00+05:30,173.6,174.5,168.55,169.05,141
2026-09-24T12:57:00+05:30,169.4,172.55,166.3,168.2,123
2026-09-24T12:58:00+05:30,168.35,169.75,165.9,169.75,120
2026-09-24T12:59:00+05:30,169.4,171.0,167.45,167.75,81
2026-09-24T13:00:00+05:30,168.5,171.0,163.5,168.65,108
2026-09-24T13:01:00+05:30,166.9,167.45,161.85,162.6,394
2026-09-24T13:02:00+05:30,162.85,163.25,158.45,158.95,287
2026-09-24T13:03:00+05:30,158.4,158.9,152.5,155.0,579
2026-09-24T13:04:00+05:30,155.35,159.0,155.0,158.45,351
2026-09-24T13:05:00+05:30,157.2,161.3,155.0,161.3,177
2026-09-24T13:06:00+05:30,162.15,165.0,160.2,160.4,183
2026-09-24T13:07:00+05:30,160.2,160.5,156.0,156.8,100
2026-09-24T13:08:00+05:30,156.55,158.0,154.25,158.0,69
2026-09-24T13:09:00+05:30,158.2,160.8,157.35,159.55,64
2026-09-24T13:10:00+05:30,162.45,163.8,160.2,160.65,87
2026-09-24T13:11:00+05:30,160.7,162.05,159.85,162.05,70
2026-09-24T13:12:00+05:30,162.05,163.0,157.3,158.15,59
2026-09-24T13:13:00+05:30,157.45,159.0,153.4,154.25,74
2026-09-24T13:14:00+05:30,154.4,154.4,148.4,152.1,355
2026-09-24T13:15:00+05:30,153.15,155.65,151.75,152.0,70
2026-09-24T13:16:00+05:30,151.9,154.7,151.15,153.1,72
2026-09-24T13:17:00+05:30,153.45,160.55,153.45,160.4,31
2026-09-24T13:18:00+05:30,158.15,159.3,157.1,159.1,14
2026-09-24T13:19:00+05:30,160.15,160.15,156.3,157.7,113
2026-09-24T13:20:00+05:30,158.7,162.55,158.7,159.8,27
2026-09-24T13:21:00+05:30,157.7,161.0,157.3,161.0,26
2026-09-24T13:22:00+05:30,158.75,161.8,158.15,159.3,66
2026-09-24T13:23:00+05:30,160.35,162.2,160.1,160.2,41
2026-09-24T13:24:00+05:30,160.7,161.85,157.45,158.35,103
2026-09-24T13:25:00+05:30,157.6,166.8,157.0,166.6,158
2026-09-24T13:26:00+05:30,165.45,196.8,164.1,196.8,866
2026-09-24T13:27:00+05:30,197.85,203.9,184.8,193.9,637
2026-09-24T13:28:00+05:30,192.4,197.6,190.4,190.85,146
2026-09-24T13:29:00+05:30,191.1,193.9,186.05,188.7,279
2026-09-24T13:30:00+05:30,192.0,193.0,183.6,186.3,142
2026-09-24T13:31:00+05:30,186.15,187.9,173.75,174.75,364
2026-09-24T13:32:00+05:30,176.2,184.85,176.2,178.55,243
2026-09-24T13:33:00+05:30,182.05,188.05,177.85,180.95,237
2026-09-24T13:34:00+05:30,181.45,190.5,181.25,185.75,157
2026-09-24T13:35:00+05:30,184.5,190.6,183.25,190.6,113
2026-09-24T13:36:00+05:30,191.1,197.0,186.3,189.3,239
2026-09-24T13:37:00+05:30,187.35,189.3,184.15,188.15,215
2026-09-24T13:38:00+05:30,188.5,193.0,187.05,192.05,133
2026-09-24T13:39:00+05:30,192.75,201.9,192.75,198.35,305
2026-09-24T13:40:00+05:30,197.65,207.25,194.15,199.7,371
2026-09-24T13:41:00+05:30,199.85,204.05,197.0,197.85,169
2026-09-24T13:42:00+05:30,198.55,208.85,196.0,206.35,306
2026-09-24T13:43:00+05:30,207.55,235.0,205.0,230.05,662
2026-09-24T13:44:00+05:30,231.2,287.5,228.0,270.75,1723
2026-09-24T13:45:00+05:30,270.85,303.0,251.85,302.6,1102
2026-09-24T13:46:00+05:30,306.8,337.3,298.6,310.0,1485
2026-09-24T13:47:00+05:30,312.8,316.2,289.4,306.95,877
2026-09-24T13:48:00+05:30,308.25,310.9,296.7,304.35,518
2026-09-24T13:49:00+05:30,300.0,301.35,274.15,277.0,717
2026-09-24T13:50:00+05:30,279.55,283.9,266.35,275.0,619
2026-09-24T13:51:00+05:30,276.4,303.3,274.8,301.9,529
2026-09-24T13:52:00+05:30,302.05,312.3,293.3,300.0,325
2026-09-24T13:53:00+05:30,299.7,304.95,293.5,301.2,222
2026-09-24T13:54:00+05:30,303.0,332.7,303.0,317.95,635
2026-09-24T13:55:00+05:30,319.85,325.15,304.5,312.35,444
2026-09-24T13:56:00+05:30,309.25,322.85,309.2,315.4,228
2026-09-24T13:57:00+05:30,314.9,332.95,307.8,328.3,372
2026-09-24T13:58:00+05:30,331.35,362.55,324.1,358.65,978
2026-09-24T13:59:00+05:30,359.0,362.95,330.85,346.3,725
2026-09-24T14:00:00+05:30,343.85,343.85,306.35,306.95,1009
2026-09-24T14:01:00+05:30,309.6,310.75,287.65,290.8,500
2026-09-24T14:02:00+05:30,290.0,302.2,277.2,280.55,400
2026-09-24T14:03:00+05:30,279.65,290.2,268.0,286.9,421
2026-09-24T14:04:00+05:30,285.2,318.65,272.7,310.05,1009
2026-09-24T14:05:00+05:30,309.9,314.6,292.5,296.0,435
2026-09-24T14:06:00+05:30,294.5,316.8,294.5,313.95,358
2026-09-24T14:07:00+05:30,312.6,315.15,302.5,303.85,343
2026-09-24T14:08:00+05:30,303.6,304.35,284.05,288.8,397
2026-09-24T14:09:00+05:30,290.6,300.25,281.2,287.0,180
2026-09-24T14:10:00+05:30,287.1,290.35,277.0,289.4,351
2026-09-24T14:11:00+05:30,289.6,295.85,286.35,295.85,321
2026-09-24T14:12:00+05:30,292.6,292.6,284.0,285.95,249
2026-09-24T14:13:00+05:30,285.25,294.15,277.25,282.55,268
2026-09-24T14:14:00+05:30,282.1,289.2,280.0,282.0,164
2026-09-24T14:15:00+05:30,280.0,295.0,275.5,295.0,207
2026-09-24T14:16:00+05:30,293.75,293.8,280.85,289.45,240
2026-09-24T14:17:00+05:30,288.4,289.9,282.3,286.3,232
2026-09-24T14:18:00+05:30,285.6,287.1,276.9,283.4,253
2026-09-24T14:19:00+05:30,285.35,299.85,282.65,291.85,217
2026-09-24T14:20:00+05:30,291.25,297.85,285.8,296.15,172
2026-09-24T14:21:00+05:30,294.9,306.55,293.4,293.4,331
2026-09-24T14:22:00+05:30,294.05,312.1,292.3,310.25,327
2026-09-24T14:23:00+05:30,307.3,329.55,307.3,320.0,635
2026-09-24T14:24:00+05:30,320.15,323.05,302.75,306.2,470
2026-09-24T14:25:00+05:30,304.4,308.35,290.15,296.85,320
2026-09-24T14:26:00+05:30,296.7,310.35,294.7,301.0,303
2026-09-24T14:27:00+05:30,300.4,304.7,295.9,298.25,271
2026-09-24T14:28:00+05:30,297.35,300.6,285.95,300.6,285
2026-09-24T14:29:00+05:30,300.55,301.75,295.25,298.35,154
2026-09-24T14:30:00+05:30,297.5,305.65,294.25,297.4,143
2026-09-24T14:31:00+05:30,296.4,301.6,283.35,286.9,264
2026-09-24T14:32:00+05:30,285.5,290.05,272.5,289.95,475
2026-09-24T14:33:00+05:30,289.95,298.0,284.15,289.7,297
2026-09-24T14:34:00+05:30,288.3,288.65,276.95,276.95,250
2026-09-24T14:35:00+05:30,275.25,278.0,267.95,269.45,350
2026-09-24T14:36:00+05:30,268.85,274.4,256.35,258.55,451
2026-09-24T14:37:00+05:30,258.0,262.0,247.45,249.2,457
2026-09-24T14:38:00+05:30,250.85,251.25,237.05,248.6,556
2026-09-24T14:39:00+05:30,247.15,248.25,225.0,226.0,511
2026-09-24T14:40:00+05:30,224.95,231.8,222.35,230.3,471
2026-09-24T14:41:00+05:30,230.5,239.75,228.5,232.2,247
2026-09-24T14:42:00+05:30,232.0,248.0,231.3,240.0,315
2026-09-24T14:43:00+05:30,240.65,242.85,230.5,233.1,270
2026-09-24T14:44:00+05:30,234.0,241.45,234.0,237.6,112
2026-09-24T14:45:00+05:30,238.65,241.8,222.55,222.9,281
2026-09-24T14:46:00+05:30,223.0,226.45,219.05,225.35,327
2026-09-24T14:47:00+05:30,227.65,229.75,219.2,226.9,186
2026-09-24T14:48:00+05:30,226.3,228.0,218.2,221.5,206
2026-09-24T14:49:00+05:30,222.1,228.45,220.05,220.7,170
2026-09-24T14:50:00+05:30,220.2,220.7,208.7,213.25,360
2026-09-24T14:51:00+05:30,214.25,215.65,202.2,203.8,335
2026-09-24T14:52:00+05:30,203.9,206.1,198.25,203.95,567
2026-09-24T14:53:00+05:30,204.0,206.8,199.95,200.55,353
2026-09-24T14:54:00+05:30,200.4,206.0,196.25,205.1,368
2026-09-24T14:55:00+05:30,204.95,206.0,192.95,196.65,192
2026-09-24T14:56:00+05:30,196.3,205.75,189.75,205.0,273
2026-09-24T14:57:00+05:30,205.6,214.2,205.6,208.1,313
2026-09-24T14:58:00+05:30,208.45,220.0,208.45,212.45,266
2026-09-24T14:59:00+05:30,212.85,229.4,212.7,226.9,158
2026-09-24T15:00:00+05:30,226.3,232.4,219.25,231.0,497
2026-09-24T15:01:00+05:30,230.85,239.6,219.5,220.75,376
2026-09-24T15:02:00+05:30,221.25,222.55,204.7,205.65,309
2026-09-24T15:03:00+05:30,205.9,216.15,204.95,211.7,180
2026-09-24T15:04:00+05:30,211.65,212.8,201.05,204.5,199
2026-09-24T15:05:00+05:30,204.65,225.0,204.1,220.3,190
2026-09-24T15:06:00+05:30,220.7,228.5,218.0,220.3,191
2026-09-24T15:07:00+05:30,221.75,229.0,220.8,227.0,99
2026-09-24T15:08:00+05:30,225.0,237.45,220.25,233.0,175
2026-09-24T15:09:00+05:30,233.35,236.15,222.95,223.2,224
2026-09-24T15:10:00+05:30,219.75,237.65,219.45,233.9,174
2026-09-24T15:11:00+05:30,234.3,238.5,223.8,227.7,189
2026-09-24T15:12:00+05:30,228.85,250.1,227.1,237.85,339
2026-09-24T15:13:00+05:30,239.25,260.9,236.75,258.35,497
2026-09-24T15:14:00+05:30,259.45,259.7,247.15,252.7,252
2026-09-24T15:15:00+05:30,251.75,268.5,251.05,266.95,237
2026-09-24T15:16:00+05:30,266.35,266.5,258.65,262.8,129
2026-09-24T15:17:00+05:30,260.9,263.45,249.5,256.3,117
2026-09-24T15:18:00+05:30,254.85,256.1,238.8,241.15,188
2026-09-24T15:19:00+05:30,241.2,241.45,231.35,236.1,104
2026-09-24T15:20:00+05:30,237.55,248.85,236.8,245.0,99
2026-09-24T15:21:00+05:30,245.4,247.8,243.2,244.3,132
2026-09-24T15:22:00+05:30,245.3,246.1,230.75,230.75,145
2026-09-24T15:23:00+05:30,233.05,239.25,229.9,239.25,84
2026-09-24T15:24:00+05:30,239.8,242.75,222.3,223.25,289
2026-09-24T15:25:00+05:30,221.8,227.25,213.8,213.8,188
2026-09-24T15:26:00+05:30,212.3,220.3,206.1,220.3,185
2026-09-24T15:27:00+05:30,218.9,222.55,218.0,221.3,233
2026-09-24T15:28:00+05:30,221.5,222.3,220.4,220.9,68
2026-09-24T15:29:00+05:30,221.7,229.0,220.5,228.9,104
2026-09-24T15:30:00+05:30,229.05,236.7,228.9,236.5,135
2026-09-24T15:31:00+05:30,235.8,244.95,235.7,244.95,151
2026-09-24T15:32:00+05:30,245.0,245.7,236.35,241.25,172
2026-09-24T15:33:00+05:30,241.65,247.4,239.2,247.4,95
2026-09-24T15:34:00+05:30,246.75,248.6,245.7,247.7,74
2026-09-24T15:35:00+05:30,248.25,248.25,243.65,244.95,112
2026-09-24T15:36:00+05:30,244.25,261.0,244.25,257.75,204
2026-09-24T15:37:00+05:30,257.0,260.7,255.0,256.35,149
2026-09-24T15:38:00+05:30,255.0,257.9,253.7,255.0,236
2026-09-24T15:39:00+05:30,255.9,267.25,254.6,262.2,239
2026-09-25T09:15:00+05:30,242.15,300.0,165.75,169.35,3996
2026-09-25T09:16:00+05:30,165.65,178.75,156.3,165.5,2672
2026-09-25T09:17:00+05:30,166.0,169.0,159.1,161.25,1159
2026-09-25T09:18:00+05:30,160.85,175.0,160.55,171.4,449
2026-09-25T09:19:00+05:30,171.25,173.1,161.75,173.1,670
2026-09-25T09:20:00+05:30,174.4,180.95,170.35,171.85,749
2026-09-25T09:21:00+05:30,173.1,183.95,170.0,177.45,549
2026-09-25T09:22:00+05:30,175.6,177.3,163.9,165.35,592
2026-09-25T09:23:00+05:30,164.15,174.2,158.5,174.2,743
2026-09-25T09:24:00+05:30,174.5,180.0,169.0,173.5,553
2026-09-25T09:25:00+05:30,173.7,173.95,164.15,167.05,401
2026-09-25T09:26:00+05:30,166.75,168.7,158.8,158.8,933
2026-09-25T09:27:00+05:30,158.0,163.0,156.0,158.15,440
2026-09-25T09:28:00+05:30,158.1,169.05,154.45,162.35,506
2026-09-25T09:29:00+05:30,160.95,164.8,154.3,157.7,315
2026-09-25T09:30:00+05:30,157.85,165.0,155.65,159.3,301
2026-09-25T09:31:00+05:30,158.75,167.9,156.1,164.0,378
2026-09-25T09:32:00+05:30,163.25,167.0,157.6,166.2,184
2026-09-25T09:33:00+05:30,166.55,170.5,165.0,166.05,346
2026-09-25T09:34:00+05:30,165.85,169.4,154.8,158.1,467
2026-09-25T09:35:00+05:30,158.95,159.3,152.45,154.6,454
2026-09-25T09:36:00+05:30,154.55,169.15,153.6,168.7,547
2026-09-25T09:37:00+05:30,169.8,185.0,165.05,185.0,1475
2026-09-25T09:38:00+05:30,184.6,190.8,178.85,187.0,1089
2026-09-25T09:39:00+05:30,187.25,189.7,180.6,189.05,751
2026-09-25T09:40:00+05:30,189.4,210.1,188.9,205.8,1809
2026-09-25T09:41:00+05:30,204.35,210.15,194.65,196.95,1023
2026-09-25T09:42:00+05:30,196.75,213.6,195.7,209.35,941
2026-09-25T09:43:00+05:30,208.8,238.4,208.05,227.05,2023
2026-09-25T09:44:00+05:30,227.5,231.45,221.15,223.75,760
2026-09-25T09:45:00+05:30,224.15,228.35,212.2,226.7,1256
2026-09-25T09:46:00+05:30,226.35,229.9,220.7,224.9,654
2026-09-25T09:47:00+05:30,225.1,225.95,206.0,208.15,974
2026-09-25T09:48:00+05:30,207.55,218.1,206.85,213.9,523
2026-09-25T09:49:00+05:30,213.65,225.35,213.65,224.6,646
2026-09-25T09:50:00+05:30,224.6,225.0,216.15,222.9,556
2026-09-25T09:51:00+05:30,223.0,226.95,215.85,216.45,927
2026-09-25T09:52:00+05:30,217.0,247.7,217.0,242.45,1643
2026-09-25T09:53:00+05:30,243.65,247.0,230.55,235.6,893
2026-09-25T09:54:00+05:30,233.75,235.65,223.0,226.6,715
2026-09-25T09:55:00+05:30,227.3,229.7,220.75,229.65,439
2026-09-25T09:56:00+05:30,229.85,231.9,220.3,224.0,446
2026-09-25T09:57:00+05:30,224.65,231.0,222.2,228.2,385
2026-09-25T09:58:00+05:30,226.6,235.95,222.85,223.4,719
2026-09-25T09:59:00+05:30,223.65,226.35,208.25,216.0,1278
2026-09-25T10:00:00+05:30,217.5,217.55,205.15,208.2,913
2026-09-25T10:01:00+05:30,209.65,214.55,205.65,213.7,389
2026-09-25T10:02:00+05:30,213.65,214.0,197.3,199.45,787
2026-09-25T10:03:00+05:30,198.4,200.75,187.85,197.6,800
2026-09-25T10:04:00+05:30,195.95,199.75,187.0,194.6,714
2026-09-25T10:05:00+05:30,196.1,200.0,181.05,199.4,524
2026-09-25T10:06:00+05:30,199.45,200.0,186.1,188.3,476
2026-09-25T10:07:00+05:30,188.0,194.2,174.95,181.5,767
2026-09-25T10:08:00+05:30,179.6,181.35,149.35,150.1,2053
2026-09-25T10:09:00+05:30,150.1,161.0,147.0,149.25,987
2026-09-25T10:10:00+05:30,149.4,157.35,142.0,156.35,1148
2026-09-25T10:11:00+05:30,156.3,167.6,155.6,166.7,551
2026-09-25T10:12:00+05:30,165.8,170.2,159.05,160.2,740
2026-09-25T10:13:00+05:30,160.55,162.4,154.8,161.2,406
2026-09-25T10:14:00+05:30,161.1,163.15,156.5,160.0,323
2026-09-25T10:15:00+05:30,159.25,162.65,155.05,158.25,301
2026-09-25T10:16:00+05:30,157.35,157.35,151.25,156.8,310
2026-09-25T10:17:00+05:30,155.8,159.05,154.4,156.8,216
2026-09-25T10:18:00+05:30,157.25,168.2,157.05,166.9,469
2026-09-25T10:19:00+05:30,167.75,172.5,163.8,169.4,421
2026-09-25T10:20:00+05:30,169.6,171.9,164.15,168.2,516
2026-09-25T10:21:00+05:30,168.65,168.65,159.4,161.25,424
2026-09-25T10:22:00+05:30,160.7,169.0,160.65,168.7,301
2026-09-25T10:23:00+05:30,169.0,173.95,168.45,170.75,485
2026-09-25T10:24:00+05:30,171.1,183.4,168.6,182.7,412
2026-09-25T10:25:00+05:30,182.65,185.05,170.0,171.25,1010
2026-09-25T10:26:00+05:30,171.45,179.1,170.05,176.5,324
2026-09-25T10:27:00+05:30,175.65,182.0,175.6,180.0,364
2026-09-25T10:28:00+05:30,180.6,192.5,180.35,184.55,878
2026-09-25T10:29:00+05:30,184.65,188.95,179.35,181.35,512
2026-09-25T10:30:00+05:30,179.1,179.85,172.4,173.75,513
2026-09-25T10:31:00+05:30,175.0,179.1,166.3,179.1,922
2026-09-25T10:32:00+05:30,180.55,187.0,180.15,184.25,441
2026-09-25T10:33:00+05:30,185.0,185.7,177.35,182.05,559
2026-09-25T10:34:00+05:30,182.95,197.75,179.15,197.1,599
2026-09-25T10:35:00+05:30,198.55,202.0,191.95,196.45,882
2026-09-25T10:36:00+05:30,194.65,197.2,189.35,189.35,936
2026-09-25T10:37:00+05:30,189.15,190.95,183.6,183.6,450
2026-09-25T10:38:00+05:30,183.0,188.05,179.25,180.2,621
2026-09-25T10:39:00+05:30,179.3,180.5,175.0,179.2,444
2026-09-25T10:40:00+05:30,182.2,183.85,175.0,178.8,430
2026-09-25T10:41:00+05:30,177.85,190.85,176.9,186.5,335
2026-09-25T10:42:00+05:30,186.9,187.05,176.7,184.45,266
2026-09-25T10:43:00+05:30,185.85,191.95,184.9,188.6,300
2026-09-25T10:44:00+05:30,188.85,191.1,185.9,189.2,261
2026-09-25T10:45:00+05:30,189.85,193.0,186.95,190.25,489
2026-09-25T10:46:00+05:30,190.95,194.05,188.55,189.95,272
2026-09-25T10:47:00+05:30,189.9,200.05,188.6,199.7,556
2026-09-25T10:48:00+05:30,200.3,203.2,194.2,194.8,899
2026-09-25T10:49:00+05:30,194.8,198.0,188.9,192.6,513
2026-09-25T10:50:00+05:30,193.05,194.9,188.7,192.0,382
2026-09-25T10:51:00+05:30,192.65,192.65,182.9,184.85,820
2026-09-25T10:52:00+05:30,184.55,188.95,181.0,186.9,430
2026-09-25T10:53:00+05:30,186.95,190.55,186.95,190.55,257
2026-09-25T10:54:00+05:30,190.35,190.45,181.0,184.45,231
2026-09-25T10:55:00+05:30,182.85,182.95,176.0,177.9,543
2026-09-25T10:56:00+05:30,177.3,180.0,172.25,174.4,549
2026-09-25T10:57:00+05:30,174.2,182.3,174.2,181.5,304
2026-09-25T10:58:00+05:30,180.35,181.9,175.7,180.5,185
2026-09-25T10:59:00+05:30,179.0,181.75,174.35,174.6,300
2026-09-25T11:00:00+05:30,175.5,178.4,167.55,169.3,552
2026-09-25T11:01:00+05:30,168.75,171.2,163.5,170.7,1108
2026-09-25T11:02:00+05:30,168.05,168.4,150.95,159.7,1231
2026-09-25T11:03:00+05:30,159.9,162.5,151.45,159.6,1029
2026-09-25T11:04:00+05:30,160.0,162.15,155.45,159.85,491
2026-09-25T11:05:00+05:30,160.05,161.1,153.6,157.3,724
2026-09-25T11:06:00+05:30,158.0,162.0,155.85,158.5,325
2026-09-25T11:07:00+05:30,158.25,158.65,150.0,151.35,1851
2026-09-25T11:08:00+05:30,151.6,157.5,150.15,156.4,374
2026-09-25T11:09:00+05:30,156.25,156.25,151.6,153.95,308
2026-09-25T11:10:00+05:30,153.6,155.5,150.9,152.3,282
2026-09-25T11:11:00+05:30,151.0,151.55,147.6,148.6,657
2026-09-25T11:12:00+05:30,147.8,152.2,147.2,151.85,213
2026-09-25T11:13:00+05:30,151.8,160.9,150.95,159.9,543
2026-09-25T11:14:00+05:30,160.55,160.7,152.75,155.05,590
2026-09-25T11:15:00+05:30,154.95,159.05,152.45,154.5,465
2026-09-25T11:16:00+05:30,154.25,155.9,151.0,153.3,131
2026-09-25T11:17:00+05:30,152.8,153.2,147.2,150.35,421
2026-09-25T11:18:00+05:30,149.9,156.6,149.55,153.8,444
2026-09-25T11:19:00+05:30,153.7,155.55,152.0,154.45,171
2026-09-25T11:20:00+05:30,154.7,155.05,151.4,152.65,194
2026-09-25T11:21:00+05:30,153.15,153.25,147.65,152.25,322
2026-09-25T11:22:00+05:30,152.25,152.4,148.35,151.35,175
2026-09-25T11:23:00+05:30,150.65,156.2,150.0,155.0,213
2026-09-25T11:24:00+05:30,156.25,166.05,155.75,166.05,545
2026-09-25T11:25:00+05:30,166.4,169.0,163.65,165.0,840
2026-09-25T11:26:00+05:30,164.2,167.9,161.4,165.95,317
2026-09-25T11:27:00+05:30,165.4,168.8,163.6,166.3,330
2026-09-25T11:28:00+05:30,166.25,166.95,162.3,165.75,280
2026-09-25T11:29:00+05:30,163.75,164.95,159.35,159.95,269
2026-09-25T11:30:00+05:30,159.55,161.95,156.45,159.4,237
2026-09-25T11:31:00+05:30,157.9,159.4,149.4,153.35,572
2026-09-25T11:32:00+05:30,152.9,155.2,151.75,154.55,197
2026-09-25T11:33:00+05:30,153.0,158.0,151.4,158.0,231
2026-09-25T11:34:00+05:30,158.9,160.7,154.95,155.8,273
2026-09-25T11:35:00+05:30,155.35,157.0,153.6,157.0,128
2026-09-25T11:36:00+05:30,158.05,160.8,157.7,160.8,103
2026-09-25T11:37:00+05:30,161.25,161.9,159.6,160.2,195
2026-09-25T11:38:00+05:30,159.0,161.95,156.4,157.45,268
2026-09-25T11:39:00+05:30,156.9,157.8,150.6,151.95,224
2026-09-25T11:40:00+05:30,151.7,156.5,150.6,156.0,237
2026-09-25T11:41:00+05:30,155.3,158.85,155.3,157.0,119
2026-09-25T11:42:00+05:30,156.85,156.85,151.4,152.7,138
2026-09-25T11:43:00+05:30,152.75,157.05,152.65,157.05,94
2026-09-25T11:44:00+05:30,158.3,159.2,152.7,155.5,171
2026-09-25T11:45:00+05:30,156.25,156.55,153.2,153.85,103
2026-09-25T11:46:00+05:30,154.35,154.45,150.0,150.65,480
2026-09-25T11:47:00+05:30,151.95,152.35,149.4,152.35,206
2026-09-25T11:48:00+05:30,151.85,155.3,151.75,154.0,140
2026-09-25T11:49:00+05:30,155.15,156.8,153.25,153.25,175
2026-09-25T11:50:00+05:30,153.55,153.55,146.1,150.95,546
2026-09-25T11:51:00+05:30,151.5,153.6,148.7,152.65,132
2026-09-25T11:52:00+05:30,150.3,152.7,147.95,150.1,158
2026-09-25T11:53:00+05:30,149.3,151.6,148.55,151.6,73
2026-09-25T11:54:00+05:30,152.0,153.1,147.8,149.8,113
2026-09-25T11:55:00+05:30,148.05,153.95,147.0,153.7,241
2026-09-25T11:56:00+05:30,151.85,154.7,149.5,154.4,235
2026-09-25T11:57:00+05:30,153.15,154.7,152.2,153.35,331
2026-09-25T11:58:00+05:30,154.2,155.7,152.1,152.3,171
2026-09-25T11:59:00+05:30,151.95,156.95,150.65,156.6,179
2026-09-25T12:00:00+05:30,155.85,156.3,153.1,154.45,275
2026-09-25T12:01:00+05:30,154.95,163.0,153.25,161.15,499
2026-09-25T12:02:00+05:30,161.9,161.9,156.35,160.9,348
2026-09-25T12:03:00+05:30,160.75,168.7,160.15,166.05,481
2026-09-25T12:04:00+05:30,167.75,169.85,161.3,162.75,592
2026-09-25T12:05:00+05:30,162.05,165.0,158.85,160.5,442
2026-09-25T12:06:00+05:30,161.35,164.45,158.75,163.55,414
2026-09-25T12:07:00+05:30,163.35,164.9,160.1,164.9,424
2026-09-25T12:08:00+05:30,165.0,165.25,158.0,158.0,433
2026-09-25T12:09:00+05:30,158.75,158.75,153.1,155.1,443
2026-09-25T12:10:00+05:30,154.75,158.35,153.1,153.1,211
2026-09-25T12:11:00+05:30,153.3,153.5,148.65,150.85,809
2026-09-25T12:12:00+05:30,150.75,152.4,148.4,152.05,249
2026-09-25T12:13:00+05:30,151.2,156.0,151.0,155.55,313
2026-09-25T12:14:00+05:30,154.6,158.9,154.15,157.1,273
2026-09-25T12:15:00+05:30,154.25,156.65,152.6,156.1,196
2026-09-25T12:16:00+05:30,155.1,155.1,152.15,153.9,183
2026-09-25T12:17:00+05:30,154.6,161.05,154.2,160.55,245
2026-09-25T12:18:00+05:30,160.05,160.7,156.5,157.7,325
2026-09-25T12:19:00+05:30,157.15,159.15,155.5,158.55,144
2026-09-25T12:20:00+05:30,159.45,163.0,159.05,160.5,186
2026-09-25T12:21:00+05:30,160.4,164.75,160.4,164.05,180
2026-09-25T12:22:00+05:30,164.3,167.45,161.35,167.45,414
2026-09-25T12:23:00+05:30,168.0,169.5,163.3,164.55,301
2026-09-25T12:24:00+05:30,164.05,170.7,163.0,167.2,304
2026-09-25T12:25:00+05:30,167.2,172.15,165.0,168.3,606
2026-09-25T12:26:00+05:30,168.45,169.45,163.75,163.75,307
2026-09-25T12:27:00+05:30,163.95,166.7,162.1,164.2,221
2026-09-25T12:28:00+05:30,163.1,164.0,158.65,162.1,299
2026-09-25T12:29:00+05:30,160.7,163.0,158.0,158.05,202
2026-09-25T12:30:00+05:30,158.1,159.35,150.1,153.3,488
2026-09-25T12:31:00+05:30,153.05,154.75,150.8,153.85,177
2026-09-25T12:32:00+05:30,153.95,156.0,150.75,155.0,345
2026-09-25T12:33:00+05:30,155.1,159.9,154.65,159.45,217
2026-09-25T12:34:00+05:30,159.45,161.55,156.4,161.55,168
2026-09-25T12:35:00+05:30,162.0,165.8,159.5,164.9,308
2026-09-25T12:36:00+05:30,164.35,171.65,163.5,169.35,321
2026-09-25T12:37:00+05:30,170.0,170.1,163.4,167.85,169
2026-09-25T12:38:00+05:30,167.65,168.95,163.1,164.2,138
2026-09-25T12:39:00+05:30,163.0,163.9,161.25,161.45,145
2026-09-25T12:40:00+05:30,161.15,164.25,159.35,163.85,189
2026-09-25T12:41:00+05:30,163.9,165.4,160.45,161.7,127
2026-09-25T12:42:00+05:30,162.1,168.4,162.1,167.95,159
2026-09-25T12:43:00+05:30,167.15,171.5,165.85,165.85,278
2026-09-25T12:44:00+05:30,166.8,169.8,163.15,168.6,363
2026-09-25T12:45:00+05:30,167.65,172.7,167.05,171.05,460
2026-09-25T12:46:00+05:30,170.2,170.9,165.55,170.1,250
2026-09-25T12:47:00+05:30,170.65,171.0,166.35,167.4,299
2026-09-25T12:48:00+05:30,167.0,172.45,167.0,172.4,283
2026-09-25T12:49:00+05:30,173.0,182.0,170.85,178.45,478
2026-09-25T12:50:00+05:30,179.0,188.45,174.8,182.2,1011
2026-09-25T12:51:00+05:30,184.1,193.05,180.65,188.55,643
2026-09-25T12:52:00+05:30,188.65,190.85,180.6,183.5,646
2026-09-25T12:53:00+05:30,183.3,190.0,181.3,183.35,528
2026-09-25T12:54:00+05:30,182.0,187.0,181.4,186.55,327
2026-09-25T12:55:00+05:30,186.6,190.0,184.35,189.55,372
2026-09-25T12:56:00+05:30,189.1,213.0,185.05,209.0,1563
2026-09-25T12:57:00+05:30,208.75,215.0,195.65,199.4,1616
2026-09-25T12:58:00+05:30,198.95,199.8,188.35,189.1,878
2026-09-25T12:59:00+05:30,188.35,192.5,183.95,184.4,872
2026-09-25T13:00:00+05:30,183.7,185.45,174.75,181.05,1099
2026-09-25T13:01:00+05:30,180.15,181.8,174.2,176.6,499
2026-09-25T13:02:00+05:30,176.15,193.7,176.15,190.3,854
2026-09-25T13:03:00+05:30,188.7,191.05,183.4,188.2,450
2026-09-25T13:04:00+05:30,188.15,190.9,186.15,189.7,292
2026-09-25T13:05:00+05:30,189.5,193.4,182.8,185.5,301
2026-09-25T13:06:00+05:30,185.0,185.75,180.35,182.25,173
2026-09-25T13:07:00+05:30,181.4,185.4,178.0,185.4,357
2026-09-25T13:08:00+05:30,184.65,186.8,180.1,180.1,208
2026-09-25T13:09:00+05:30,180.25,180.7,174.05,175.8,469
2026-09-25T13:10:00+05:30,176.0,178.4,173.8,174.65,366
2026-09-25T13:11:00+05:30,173.85,173.9,168.75,172.8,1010
2026-09-25T13:12:00+05:30,171.3,177.05,170.05,175.0,268
2026-09-25T13:13:00+05:30,175.7,178.0,173.75,175.0,263
2026-09-25T13:14:00+05:30,174.35,183.0,174.3,181.2,354
2026-09-25T13:15:00+05:30,180.5,184.2,176.05,182.85,541
2026-09-25T13:16:00+05:30,183.3,185.4,178.2,179.1,279
2026-09-25T13:17:00+05:30,179.15,184.15,176.0,180.7,433
2026-09-25T13:18:00+05:30,181.1,182.0,179.0,179.4,191
2026-09-25T13:19:00+05:30,179.0,180.95,174.0,180.95,194
2026-09-25T13:20:00+05:30,180.15,180.2,176.1,180.05,129
2026-09-25T13:21:00+05:30,180.6,180.6,175.05,175.8,206
2026-09-25T13:22:00+05:30,176.85,183.35,173.65,182.95,332
2026-09-25T13:23:00+05:30,185.0,186.25,176.3,179.55,208
2026-09-25T13:24:00+05:30,180.3,186.35,180.3,181.75,259
2026-09-25T13:25:00+05:30,181.45,184.05,178.6,180.35,212
2026-09-25T13:26:00+05:30,179.4,180.05,174.6,176.45,153
2026-09-25T13:27:00+05:30,175.95,182.7,175.95,181.25,110
2026-09-25T13:28:00+05:30,181.05,183.2,179.8,180.25,106
2026-09-25T13:29:00+05:30,181.0,181.2,178.65,180.3,335
2026-09-25T13:30:00+05:30,178.5,183.45,176.85,182.4,111
2026-09-25T13:31:00+05:30,182.65,182.8,177.3,179.7,266
2026-09-25T13:32:00+05:30,179.05,183.35,179.05,182.6,197
2026-09-25T13:33:00+05:30,182.8,190.75,182.15,190.75,384
2026-09-25T13:34:00+05:30,191.15,196.8,189.2,193.0,751
2026-09-25T13:35:00+05:30,193.7,198.35,190.0,191.25,969
2026-09-25T13:36:00+05:30,192.65,196.1,188.7,191.3,491
2026-09-25T13:37:00+05:30,191.45,200.95,187.25,188.45,785
2026-09-25T13:38:00+05:30,188.85,194.1,188.75,192.35,332
2026-09-25T13:39:00+05:30,192.5,198.0,189.15,196.4,252
2026-09-25T13:40:00+05:30,196.0,196.45,186.4,188.1,346
2026-09-25T13:41:00+05:30,187.95,190.0,184.4,189.2,239
2026-09-25T13:42:00+05:30,190.4,191.95,179.4,179.65,373
2026-09-25T13:43:00+05:30,178.8,188.9,174.6,187.35,495
2026-09-25T13:44:00+05:30,187.5,187.55,183.0,185.8,142
2026-09-25T13:45:00+05:30,185.8,186.0,178.0,180.05,464
2026-09-25T13:46:00+05:30,179.0,180.35,167.2,167.5,715
2026-09-25T13:47:00+05:30,167.9,179.15,167.45,174.65,553
2026-09-25T13:48:00+05:30,175.0,179.25,174.1,176.9,176
2026-09-25T13:49:00+05:30,176.6,179.1,173.6,178.65,150
2026-09-25T13:50:00+05:30,179.05,183.0,178.65,182.5,196
2026-09-25T13:51:00+05:30,183.0,183.0,176.55,177.7,90
2026-09-25T13:52:00+05:30,177.5,181.15,177.15,179.45,93
2026-09-25T13:53:00+05:30,179.3,181.7,176.85,179.6,114
2026-09-25T13:54:00+05:30,179.9,180.2,173.0,175.0,241
2026-09-25T13:55:00+05:30,175.5,175.8,167.85,167.85,480
2026-09-25T13:56:00+05:30,168.1,171.4,157.0,157.85,1017
2026-09-25T13:57:00+05:30,157.5,167.35,157.4,167.1,464
2026-09-25T13:58:00+05:30,166.7,166.9,159.9,162.4,264
2026-09-25T13:59:00+05:30,162.25,163.0,154.0,154.7,486
2026-09-25T14:00:00+05:30,153.65,153.65,129.15,136.5,1986
2026-09-25T14:01:00+05:30,136.4,144.5,132.0,136.75,689
2026-09-25T14:02:00+05:30,136.65,138.9,129.55,134.65,858
2026-09-25T14:03:00+05:30,134.5,135.0,112.05,113.1,1611
2026-09-25T14:04:00+05:30,112.85,129.15,112.65,124.8,1868
2026-09-25T14:05:00+05:30,124.7,132.0,120.4,130.0,738
2026-09-25T14:06:00+05:30,130.35,131.4,123.5,128.95,528
2026-09-25T14:07:00+05:30,130.0,131.0,121.65,123.9,594
2026-09-25T14:08:00+05:30,123.9,132.0,122.0,128.95,724
2026-09-25T14:09:00+05:30,129.2,143.25,128.85,138.15,1267
2026-09-25T14:10:00+05:30,138.7,139.35,132.35,133.6,753
2026-09-25T14:11:00+05:30,136.3,136.4,126.5,128.65,473
2026-09-25T14:12:00+05:30,128.5,133.85,125.35,132.7,444
2026-09-25T14:13:00+05:30,132.6,135.2,129.05,134.85,2581
2026-09-25T14:14:00+05:30,134.85,138.05,133.3,135.4,715
2026-09-25T14:15:00+05:30,134.0,134.0,125.95,126.0,575
2026-09-25T14:16:00+05:30,126.0,129.95,123.1,123.85,403
2026-09-25T14:17:00+05:30,123.35,124.1,118.65,121.0,498
2026-09-25T14:18:00+05:30,120.1,120.3,115.45,118.4,513
2026-09-25T14:19:00+05:30,118.0,121.35,117.4,119.35,310
2026-09-25T14:20:00+05:30,119.15,124.2,116.9,122.15,611
2026-09-25T14:21:00+05:30,120.9,121.9,113.9,117.3,498
2026-09-25T14:22:00+05:30,117.3,118.8,115.0,116.5,245
2026-09-25T14:23:00+05:30,116.55,120.0,116.55,118.6,169
2026-09-25T14:24:00+05:30,118.45,120.05,116.55,119.3,135
2026-09-25T14:25:00+05:30,118.1,120.95,108.0,116.15,904
2026-09-25T14:26:00+05:30,114.55,124.45,114.5,120.3,558
2026-09-25T14:27:00+05:30,119.0,122.05,115.35,120.0,559
2026-09-25T14:28:00+05:30,119.75,120.2,113.5,115.5,650
2026-09-25T14:29:00+05:30,115.25,116.45,113.9,116.25,187
2026-09-25T14:30:00+05:30,115.95,116.25,106.55,108.1,1153
2026-09-25T14:31:00+05:30,107.85,113.85,106.15,107.85,535
2026-09-25T14:32:00+05:30,107.8,110.75,106.3,108.8,253
2026-09-25T14:33:00+05:30,109.0,110.6,104.7,110.5,420
2026-09-25T14:34:00+05:30,110.3,111.5,107.6,108.3,283
2026-09-25T14:35:00+05:30,108.3,112.0,107.5,112.0,220
2026-09-25T14:36:00+05:30,112.05,112.7,109.3,112.0,226
2026-09-25T14:37:00+05:30,112.15,112.25,109.3,110.45,122
2026-09-25T14:38:00+05:30,110.0,111.05,107.75,109.55,147
2026-09-25T14:39:00+05:30,109.15,109.4,106.8,107.8,269
2026-09-25T14:40:00+05:30,107.85,112.1,107.85,111.95,288
2026-09-25T14:41:00+05:30,111.4,114.9,110.95,114.5,168
2026-09-25T14:42:00+05:30,114.0,117.0,114.0,117.0,352
2026-09-25T14:43:00+05:30,117.1,120.0,115.65,119.0,374
2026-09-25T14:44:00+05:30,119.25,120.2,117.05,118.55,404
2026-09-25T14:45:00+05:30,118.75,122.45,116.1,122.45,380
2026-09-25T14:46:00+05:30,122.05,128.0,121.2,125.85,1002
2026-09-25T14:47:00+05:30,125.7,130.85,124.9,130.15,917
2026-09-25T14:48:00+05:30,130.15,132.0,126.1,126.25,804
2026-09-25T14:49:00+05:30,126.0,129.15,122.85,129.15,645
2026-09-25T14:50:00+05:30,128.0,134.0,123.95,131.25,642
2026-09-25T14:51:00+05:30,131.9,133.2,127.95,127.95,343
2026-09-25T14:52:00+05:30,127.4,127.8,123.8,125.65,459
2026-09-25T14:53:00+05:30,125.4,126.05,121.5,124.25,308
2026-09-25T14:54:00+05:30,123.55,126.1,119.15,119.75,551
2026-09-25T14:55:00+05:30,119.15,132.15,117.75,131.85,680
2026-09-25T14:56:00+05:30,131.8,133.6,128.0,132.05,964
2026-09-25T14:57:00+05:30,131.85,136.95,130.65,131.3,579
2026-09-25T14:58:00+05:30,132.35,136.7,130.6,134.75,468
2026-09-25T14:59:00+05:30,134.7,135.15,129.9,131.55,683
2026-09-25T15:00:00+05:30,132.05,138.95,130.75,132.55,750
2026-09-25T15:01:00+05:30,132.65,141.2,131.7,140.9,532
2026-09-25T15:02:00+05:30,142.0,145.9,137.05,140.2,1176
2026-09-25T15:03:00+05:30,140.65,145.0,139.3,142.35,566
2026-09-25T15:04:00+05:30,141.9,145.45,139.55,139.55,407
2026-09-25T15:05:00+05:30,139.45,147.0,139.4,145.9,541
2026-09-25T15:06:00+05:30,146.1,147.0,137.55,137.55,483
2026-09-25T15:07:00+05:30,137.15,147.1,134.6,146.9,935
2026-09-25T15:08:00+05:30,146.9,163.75,145.2,163.3,1438
2026-09-25T15:09:00+05:30,163.55,165.65,155.2,159.65,1787
2026-09-25T15:10:00+05:30,158.9,162.1,151.55,155.8,1025
2026-09-25T15:11:00+05:30,156.75,157.6,153.2,154.5,664
2026-09-25T15:12:00+05:30,154.3,155.2,146.8,147.7,711
2026-09-25T15:13:00+05:30,147.45,151.0,143.75,144.35,1007
2026-09-25T15:14:00+05:30,144.9,146.55,139.0,140.1,620
2026-09-25T15:15:00+05:30,139.55,143.8,137.55,143.8,284
2026-09-25T15:16:00+05:30,144.0,148.5,143.45,144.5,255
2026-09-25T15:17:00+05:30,145.35,147.9,144.7,144.8,105
2026-09-25T15:18:00+05:30,144.25,144.95,134.25,136.8,331
2026-09-25T15:19:00+05:30,136.7,140.6,136.7,139.1,109
2026-09-25T15:20:00+05:30,139.7,141.65,133.25,140.0,510
2026-09-25T15:21:00+05:30,140.45,143.8,140.1,140.6,198
2026-09-25T15:22:00+05:30,140.85,145.9,140.25,145.65,264
2026-09-25T15:23:00+05:30,145.5,148.75,144.9,147.5,441
2026-09-25T15:24:00+05:30,147.4,148.45,141.85,146.55,591
2026-09-25T15:25:00+05:30,146.9,147.35,142.8,144.9,204
2026-09-25T15:26:00+05:30,145.4,146.85,143.9,145.05,462
2026-09-25T15:27:00+05:30,145.0,146.0,142.7,144.95,305
2026-09-25T15:28:00+05:30,145.0,145.05,143.2,143.85,369
2026-09-25T15:29:00+05:30,144.0,144.3,136.65,141.95,306
2026-09-25T15:30:00+05:30,141.2,144.8,140.2,144.6,387
2026-09-25T15:31:00+05:30,144.8,146.5,142.8,144.75,373
2026-09-25T15:32:00+05:30,144.15,149.75,144.1,149.75,276
2026-09-25T15:33:00+05:30,149.8,151.8,147.3,147.85,193
2026-09-25T15:34:00+05:30,147.95,148.1,142.3,144.6,287
2026-09-25T15:35:00+05:30,144.1,144.1,139.7,140.0,264
2026-09-25T15:36:00+05:30,140.0,145.1,138.35,144.6,302
2026-09-25T15:37:00+05:30,144.15,144.15,135.05,140.05,311
2026-09-25T15:38:00+05:30,139.45,142.8,139.45,142.6,140
2026-09-25T15:39:00+05:30,141.95,144.1,139.5,142.25,341
2026-09-28T09:15:00+05:30,195.7,289.6,195.2,280.8,8157
2026-09-28T09:16:00+05:30,291.85,351.0,288.8,323.35,5044
2026-09-28T09:17:00+05:30,321.75,348.75,318.85,333.95,1978
2026-09-28T09:18:00+05:30,336.55,359.15,328.7,348.45,1527
2026-09-28T09:19:00+05:30,350.05,409.65,340.45,403.0,1708
2026-09-28T09:20:00+05:30,404.85,444.9,390.9,433.45,1649
2026-09-28T09:21:00+05:30,430.6,436.05,410.0,427.85,762
2026-09-28T09:22:00+05:30,430.0,456.0,427.0,451.9,822
2026-09-28T09:23:00+05:30,451.4,451.4,414.6,429.15,1134
2026-09-28T09:24:00+05:30,430.2,436.15,395.55,416.4,863
2026-09-28T09:25:00+05:30,416.7,466.6,415.6,457.7,1113
2026-09-28T09:26:00+05:30,460.9,466.95,455.2,465.8,705
2026-09-28T09:27:00+05:30,464.7,464.9,439.55,453.75,413
2026-09-28T09:28:00+05:30,449.5,459.95,445.55,445.55,400
2026-09-28T09:29:00+05:30,447.65,453.0,443.8,445.2,186
2026-09-28T09:30:00+05:30,449.9,468.0,449.1,455.75,329
2026-09-28T09:31:00+05:30,450.15,469.6,449.0,465.0,480
2026-09-28T09:32:00+05:30,465.8,480.0,463.55,478.9,540
2026-09-28T09:33:00+05:30,478.0,511.35,477.7,496.35,1193
2026-09-28T09:34:00+05:30,497.1,515.0,496.05,496.8,753
2026-09-28T09:35:00+05:30,495.0,589.0,495.0,565.0,958
2026-09-28T09:36:00+05:30,563.8,592.95,559.0,585.2,412
2026-09-28T09:37:00+05:30,586.35,598.0,566.7,570.8,375
2026-09-28T09:38:00+05:30,571.8,622.9,571.8,595.4,255
2026-09-28T09:39:00+05:30,595.0,602.9,582.1,595.75,278
2026-09-28T09:40:00+05:30,592.35,608.45,581.4,581.4,193
2026-09-28T09:41:00+05:30,580.9,591.5,545.2,559.0,574
2026-09-28T09:42:00+05:30,558.25,584.0,558.25,578.5,583
2026-09-28T09:43:00+05:30,579.2,600.45,577.75,595.95,463
2026-09-28T09:44:00+05:30,592.85,605.0,592.0,594.0,195
2026-09-28T09:45:00+05:30,590.95,597.95,581.05,583.95,278
2026-09-28T09:46:00+05:30,584.0,587.95,564.75,570.0,188
2026-09-28T09:47:00+05:30,570.0,577.65,560.0,571.25,658
2026-09-28T09:48:00+05:30,571.25,575.0,553.25,569.35,645
2026-09-28T09:49:00+05:30,570.15,580.65,563.05,565.9,406
2026-09-28T09:50:00+05:30,568.45,573.1,554.3,562.7,794
2026-09-28T09:51:00+05:30,565.6,589.2,565.6,586.75,392
2026-09-28T09:52:00+05:30,588.0,595.0,585.2,591.4,108
2026-09-28T09:53:00+05:30,587.65,592.8,575.6,579.65,95
2026-09-28T09:54:00+05:30,580.15,592.7,580.15,590.0,508
2026-09-28T09:55:00+05:30,590.0,592.4,576.0,590.25,375
2026-09-28T09:56:00+05:30,589.65,594.65,573.6,573.65,493
2026-09-28T09:57:00+05:30,577.1,578.85,557.9,566.95,127
2026-09-28T09:58:00+05:30,565.6,566.6,546.25,560.55,150
2026-09-28T09:59:00+05:30,562.75,567.4,555.4,562.2,95
2026-09-28T10:00:00+05:30,561.5,584.15,560.85,581.8,100
2026-09-28T10:01:00+05:30,582.75,591.05,580.0,582.3,190
2026-09-28T10:02:00+05:30,583.9,589.75,579.2,579.9,43
2026-09-28T10:03:00+05:30,578.45,593.9,578.45,591.5,82
2026-09-28T10:04:00+05:30,595.0,611.0,592.3,605.85,279
2026-09-28T10:05:00+05:30,598.0,648.0,593.4,639.0,520
2026-09-28T10:06:00+05:30,638.65,660.0,623.7,650.0,353
2026-09-28T10:07:00+05:30,650.45,673.45,630.6,642.65,278
2026-09-28T10:08:00+05:30,641.95,652.1,632.5,652.05,476
2026-09-28T10:09:00+05:30,654.9,669.35,647.85,663.05,195
2026-09-28T10:10:00+05:30,668.45,668.45,638.25,649.0,140
2026-09-28T10:11:00+05:30,647.3,647.65,631.95,638.1,115
2026-09-28T10:12:00+05:30,639.6,654.0,637.35,651.7,74
2026-09-28T10:13:00+05:30,650.8,651.7,630.0,630.0,34
2026-09-28T10:14:00+05:30,625.15,649.1,623.4,649.1,101
2026-09-28T10:15:00+05:30,651.2,660.7,644.15,654.6,85
2026-09-28T10:16:00+05:30,655.8,662.35,648.85,648.85,66
2026-09-28T10:17:00+05:30,660.0,700.0,655.25,699.75,185
2026-09-28T10:18:00+05:30,696.4,701.15,667.0,670.3,179
2026-09-28T10:19:00+05:30,665.0,665.5,648.9,650.95,80
2026-09-28T10:20:00+05:30,652.25,654.35,615.3,630.2,215
2026-09-28T10:21:00+05:30,628.6,654.55,628.6,650.95,60
2026-09-28T10:22:00+05:30,650.65,658.75,643.05,652.75,59
2026-09-28T10:23:00+05:30,652.25,666.1,642.6,659.45,93
2026-09-28T10:24:00+05:30,658.75,675.95,658.65,662.7,63
2026-09-28T10:25:00+05:30,660.4,677.8,658.0,675.3,93
2026-09-28T10:26:00+05:30,677.6,678.2,665.05,678.2,38
2026-09-28T10:27:00+05:30,673.15,676.25,670.3,672.25,40
2026-09-28T10:28:00+05:30,676.25,676.25,647.5,649.1,43
2026-09-28T10:29:00+05:30,652.1,673.4,651.4,664.35,34
2026-09-28T10:30:00+05:30,659.95,659.95,640.0,644.65,57
2026-09-28T10:31:00+05:30,650.8,653.15,644.0,649.9,44
2026-09-28T10:32:00+05:30,652.8,663.35,652.8,663.35,12
2026-09-28T10:33:00+05:30,652.3,676.8,652.3,676.8,38
2026-09-28T10:34:00+05:30,671.1,685.45,668.15,674.95,80
2026-09-28T10:35:00+05:30,672.3,678.4,670.7,673.35,65
2026-09-28T10:36:00+05:30,669.5,672.25,652.0,665.5,63
2026-09-28T10:37:00+05:30,664.15,677.5,664.15,672.35,16
2026-09-28T10:38:00+05:30,672.3,683.1,672.3,680.3,25
2026-09-28T10:39:00+05:30,672.45,697.4,672.45,689.25,126
2026-09-28T10:40:00+05:30,685.85,691.25,676.5,686.3,65
2026-09-28T10:41:00+05:30,687.05,728.35,683.45,697.8,118
2026-09-28T10:42:00+05:30,704.4,718.0,701.85,715.05,156
2026-09-28T10:43:00+05:30,718.6,722.0,707.7,716.25,70
2026-09-28T10:44:00+05:30,710.6,716.25,703.5,711.65,43
2026-09-28T10:45:00+05:30,710.4,714.45,698.45,705.45,243
2026-09-28T10:46:00+05:30,701.35,707.75,690.2,699.85,135
2026-09-28T10:47:00+05:30,696.05,702.8,692.3,699.35,44
2026-09-28T10:48:00+05:30,704.8,716.0,704.8,712.45,47
2026-09-28T10:49:00+05:30,712.0,746.25,711.95,724.25,188
2026-09-28T10:50:00+05:30,724.25,732.0,722.0,730.3,63
2026-09-28T10:51:00+05:30,730.6,734.95,720.75,728.5,45
2026-09-28T10:52:00+05:30,727.6,742.4,722.95,729.4,180
2026-09-28T10:53:00+05:30,725.25,726.35,722.05,722.1,37
2026-09-28T10:54:00+05:30,712.85,712.85,690.9,697.35,56
2026-09-28T10:55:00+05:30,698.95,699.1,661.95,667.55,264
2026-09-28T10:56:00+05:30,665.85,678.6,657.3,678.6,48
2026-09-28T10:57:00+05:30,680.0,690.6,665.95,688.1,45
2026-09-28T10:58:00+05:30,686.45,686.9,671.2,675.05,29
2026-09-28T10:59:00+05:30,686.1,686.7,680.0,682.2,17
2026-09-28T11:00:00+05:30,696.2,710.35,693.2,703.0,40
2026-09-28T11:01:00+05:30,702.05,719.15,697.2,701.6,46
2026-09-28T11:02:00+05:30,705.65,705.65,690.65,692.5,6
2026-09-28T11:03:00+05:30,696.5,696.5,696.5,696.5,1
2026-09-28T11:04:00+05:30,716.2,724.0,711.9,716.7,43
2026-09-28T11:05:00+05:30,718.5,719.3,713.1,717.35,20
2026-09-28T11:06:00+05:30,712.7,712.7,700.0,704.8,21
2026-09-28T11:07:00+05:30,710.6,710.6,705.65,706.55,12
2026-09-28T11:08:00+05:30,720.7,729.45,720.15,727.65,22
2026-09-28T11:09:00+05:30,735.0,735.25,726.6,726.6,35
2026-09-28T11:10:00+05:30,729.0,738.95,724.8,736.55,85
2026-09-28T11:11:00+05:30,739.95,740.95,729.15,740.0,60
2026-09-28T11:12:00+05:30,744.45,745.0,733.1,741.3,70
2026-09-28T11:13:00+05:30,741.3,741.3,734.4,740.05,28
2026-09-28T11:14:00+05:30,732.55,738.0,728.3,731.7,26
2026-09-28T11:15:00+05:30,729.65,733.55,706.2,726.1,68
2026-09-28T11:16:00+05:30,723.9,745.0,723.9,737.05,61
2026-09-28T11:17:00+05:30,737.05,744.0,729.95,737.95,53
2026-09-28T11:18:00+05:30,737.85,737.95,711.55,713.2,30
2026-09-28T11:19:00+05:30,713.2,713.2,697.8,703.85,39
2026-09-28T11:20:00+05:30,700.6,715.75,694.0,714.05,58
2026-09-28T11:21:00+05:30,712.0,723.2,694.8,710.7,111
2026-09-28T11:22:00+05:30,709.45,715.5,705.45,712.2,28
2026-09-28T11:23:00+05:30,712.2,712.2,697.35,708.55,22
2026-09-28T11:24:00+05:30,708.55,724.45,708.55,716.7,26
2026-09-28T11:25:00+05:30,716.7,721.1,713.9,718.65,51
2026-09-28T11:26:00+05:30,719.5,719.5,703.3,708.35,38
2026-09-28T11:27:00+05:30,708.85,709.25,690.95,690.95,26
2026-09-28T11:28:00+05:30,693.1,695.65,683.55,695.65,62
2026-09-28T11:29:00+05:30,700.0,700.0,698.05,698.05,6
2026-09-28T11:30:00+05:30,693.45,693.45,662.05,683.55,82
2026-09-28T11:31:00+05:30,677.8,681.0,667.75,673.05,40
2026-09-28T11:32:00+05:30,676.2,698.0,672.65,698.0,12
2026-09-28T11:33:00+05:30,700.0,730.0,687.3,718.0,600
2026-09-28T11:34:00+05:30,720.05,722.85,712.05,719.1,17
2026-09-28T11:35:00+05:30,721.35,724.9,710.75,710.75,529
2026-09-28T11:36:00+05:30,706.2,709.6,700.95,706.05,12
2026-09-28T11:37:00+05:30,693.0,693.0,669.7,689.85,37
2026-09-28T11:38:00+05:30,676.45,684.65,674.8,679.3,19
2026-09-28T11:39:00+05:30,679.3,681.95,670.9,673.6,22
2026-09-28T11:40:00+05:30,675.65,675.65,664.2,666.1,18
2026-09-28T11:41:00+05:30,670.0,674.55,637.15,646.85,124
2026-09-28T11:42:00+05:30,650.75,658.8,647.5,657.3,57
2026-09-28T11:43:00+05:30,661.05,661.05,652.15,660.65,17
2026-09-28T11:44:00+05:30,658.85,661.0,652.05,660.0,29
2026-09-28T11:45:00+05:30,655.25,660.15,644.8,652.95,33
2026-09-28T11:46:00+05:30,656.8,658.85,650.6,658.85,27
2026-09-28T11:47:00+05:30,659.2,676.0,652.3,672.9,40
2026-09-28T11:48:00+05:30,679.0,689.75,674.5,675.1,28
2026-09-28T11:49:00+05:30,671.4,688.55,671.4,685.4,25
2026-09-28T11:50:00+05:30,686.05,688.15,680.85,685.25,29
2026-09-28T11:51:00+05:30,684.0,696.5,680.1,696.15,48
2026-09-28T11:52:00+05:30,688.15,690.2,683.2,683.2,26
2026-09-28T11:53:00+05:30,677.0,693.8,673.65,692.1,62
2026-09-28T11:54:00+05:30,683.05,693.9,683.05,691.45,7
2026-09-28T11:55:00+05:30,694.2,701.0,690.0,701.0,98
2026-09-28T11:56:00+05:30,706.0,714.4,705.6,705.6,52
2026-09-28T11:57:00+05:30,699.95,703.4,696.85,700.0,11
2026-09-28T11:59:00+05:30,693.55,693.55,678.5,690.65,18
2026-09-28T12:00:00+05:30,691.35,692.7,682.4,682.4,13
2026-09-28T12:01:00+05:30,682.5,682.5,671.0,677.1,15
2026-09-28T12:02:00+05:30,694.75,697.7,678.9,678.9,36
2026-09-28T12:03:00+05:30,683.1,700.25,682.7,693.45,50
2026-09-28T12:04:00+05:30,689.7,701.45,680.9,701.45,27
2026-09-28T12:05:00+05:30,696.25,696.25,686.05,686.05,27
2026-09-28T12:06:00+05:30,684.15,684.75,668.0,682.55,35
2026-09-28T12:07:00+05:30,675.9,685.0,675.35,680.3,530
2026-09-28T12:08:00+05:30,688.75,693.4,683.1,683.1,38
2026-09-28T12:09:00+05:30,683.15,689.4,683.15,687.9,12
2026-09-28T12:10:00+05:30,688.9,692.0,677.35,677.45,23
2026-09-28T12:11:00+05:30,674.7,684.7,665.1,684.7,21
2026-09-28T12:12:00+05:30,687.4,687.4,675.85,680.95,29
2026-09-28T12:13:00+05:30,680.0,680.0,678.8,678.85,5
2026-09-28T12:14:00+05:30,675.05,678.95,675.05,678.95,3
2026-09-28T12:15:00+05:30,686.0,699.45,685.45,694.45,25
2026-09-28T12:16:00+05:30,698.1,698.1,678.2,681.75,28
2026-09-28T12:17:00+05:30,683.55,683.9,683.55,683.9,4
2026-09-28T12:18:00+05:30,688.15,690.0,680.35,681.5,13
2026-09-28T12:19:00+05:30,677.6,677.6,676.3,677.6,6
2026-09-28T12:20:00+05:30,677.6,686.35,677.45,686.3,22
2026-09-28T12:21:00+05:30,685.2,686.3,680.6,680.6,41
2026-09-28T12:22:00+05:30,679.05,691.9,679.05,691.9,22
2026-09-28T12:23:00+05:30,691.9,691.9,684.55,684.55,13
2026-09-28T12:24:00+05:30,677.15,688.45,673.3,673.3,48
2026-09-28T12:25:00+05:30,671.15,672.25,654.0,654.05,42
2026-09-28T12:26:00+05:30,656.85,657.55,638.25,643.65,68
2026-09-28T12:27:00+05:30,657.9,660.9,656.7,657.8,38
2026-09-28T12:28:00+05:30,658.95,661.6,658.75,659.8,26
2026-09-28T12:29:00+05:30,651.35,651.35,634.1,634.1,38
2026-09-28T12:30:00+05:30,633.3,656.8,633.3,655.85,60
2026-09-28T12:31:00+05:30,654.4,664.65,649.7,651.0,62
2026-09-28T12:32:00+05:30,655.9,660.0,650.4,652.7,19
2026-09-28T12:33:00+05:30,654.9,675.95,654.6,675.0,69
2026-09-28T12:34:00+05:30,676.4,700.0,676.4,687.0,56
2026-09-28T12:35:00+05:30,686.6,693.0,681.15,681.15,51
2026-09-28T12:36:00+05:30,682.95,688.55,677.0,688.55,21
2026-09-28T12:37:00+05:30,680.0,680.0,680.0,680.0,3
2026-09-28T12:39:00+05:30,680.0,685.65,676.45,685.65,12
2026-09-28T12:40:00+05:30,684.1,689.25,673.85,689.25,41
2026-09-28T12:41:00+05:30,689.25,689.25,678.6,680.5,39
2026-09-28T12:42:00+05:30,678.75,681.8,667.45,668.25,40
2026-09-28T12:43:00+05:30,674.4,674.4,671.9,671.9,3
2026-09-28T12:44:00+05:30,678.35,688.15,675.3,688.15,13
2026-09-28T12:45:00+05:30,685.85,692.0,683.85,683.95,37
2026-09-28T12:46:00+05:30,683.1,685.1,672.5,676.45,25
2026-09-28T12:47:00+05:30,681.05,681.05,671.55,675.65,24
2026-09-28T12:48:00+05:30,676.3,687.8,675.05,682.6,23
2026-09-28T12:49:00+05:30,679.4,679.4,672.95,672.95,14
2026-09-28T12:50:00+05:30,678.55,678.55,671.65,674.3,5
2026-09-28T12:51:00+05:30,680.0,699.0,680.0,690.5,38
2026-09-28T12:52:00+05:30,688.0,706.7,681.95,706.15,48
2026-09-28T12:53:00+05:30,709.05,723.6,689.45,689.45,45
2026-09-28T12:54:00+05:30,692.5,692.5,685.8,685.8,18
2026-09-28T12:55:00+05:30,687.9,699.05,687.55,693.05,22
2026-09-28T12:56:00+05:30,690.55,704.05,689.2,698.15,14
2026-09-28T12:57:00+05:30,700.25,711.6,700.0,711.6,16
2026-09-28T12:58:00+05:30,707.75,707.75,698.05,698.05,27
2026-09-28T12:59:00+05:30,690.0,697.65,689.95,697.65,9
2026-09-28T13:00:00+05:30,697.65,704.95,695.95,702.1,32
2026-09-28T13:01:00+05:30,693.5,693.5,685.4,686.05,12
2026-09-28T13:02:00+05:30,690.6,696.55,689.6,696.55,4
2026-09-28T13:03:00+05:30,698.9,702.25,693.85,700.0,52
2026-09-28T13:04:00+05:30,700.0,711.95,697.95,711.75,56
2026-09-28T13:05:00+05:30,713.15,713.15,702.65,704.0,40
2026-09-28T13:06:00+05:30,698.0,708.75,693.4,708.0,27
2026-09-28T13:07:00+05:30,708.85,725.0,705.35,712.8,87
2026-09-28T13:08:00+05:30,717.4,725.0,717.25,717.65,30
2026-09-28T13:09:00+05:30,717.0,719.15,700.0,700.0,29
2026-09-28T13:10:00+05:30,699.6,700.6,676.4,678.6,47
2026-09-28T13:11:00+05:30,673.95,690.45,665.35,690.45,22
2026-09-28T13:12:00+05:30,690.45,700.55,690.25,700.55,34
2026-09-28T13:13:00+05:30,699.3,699.55,685.0,689.15,11
2026-09-28T13:14:00+05:30,690.05,703.2,690.0,699.1,26
2026-09-28T13:15:00+05:30,699.1,699.1,692.45,692.45,8
2026-09-28T13:16:00+05:30,688.95,696.05,688.95,694.15,16
2026-09-28T13:17:00+05:30,687.8,691.55,684.3,688.65,15
2026-09-28T13:18:00+05:30,684.75,689.9,684.75,688.7,11
2026-09-28T13:19:00+05:30,699.8,701.2,691.85,691.85,5
2026-09-28T13:20:00+05:30,690.5,697.85,690.5,697.85,11
2026-09-28T13:21:00+05:30,701.9,701.9,690.3,690.3,95
2026-09-28T13:22:00+05:30,690.5,690.5,671.0,679.0,40
2026-09-28T13:23:00+05:30,678.85,680.7,660.0,665.85,42
2026-09-28T13:24:00+05:30,673.6,677.7,672.2,677.7,3
2026-09-28T13:25:00+05:30,672.3,677.8,659.5,659.95,66
2026-09-28T13:26:00+05:30,657.0,657.0,644.4,651.2,40
2026-09-28T13:27:00+05:30,650.0,665.95,643.0,663.15,21
2026-09-28T13:28:00+05:30,665.55,667.7,656.5,665.9,29
2026-09-28T13:29:00+05:30,660.45,663.35,653.95,663.35,34
2026-09-28T13:30:00+05:30,662.8,679.0,662.8,668.1,24
2026-09-28T13:31:00+05:30,673.7,683.1,670.0,681.8,17
2026-09-28T13:32:00+05:30,683.75,686.15,677.8,677.8,20
2026-09-28T13:33:00+05:30,685.0,695.0,675.8,693.35,19
2026-09-28T13:34:00+05:30,690.65,709.25,688.75,704.9,91
2026-09-28T13:35:00+05:30,708.95,709.0,694.7,709.0,19
2026-09-28T13:36:00+05:30,709.15,713.35,709.05,710.7,5
2026-09-28T13:37:00+05:30,710.7,719.85,704.0,719.0,19
2026-09-28T13:38:00+05:30,713.55,717.4,710.2,717.4,10
2026-09-28T13:39:00+05:30,712.2,712.2,688.1,688.1,23
2026-09-28T13:40:00+05:30,694.75,706.0,689.15,693.45,26
2026-09-28T13:41:00+05:30,687.4,688.05,681.0,685.65,30
2026-09-28T13:42:00+05:30,685.65,694.0,682.1,687.5,9
2026-09-28T13:43:00+05:30,689.05,705.5,689.05,700.65,39
2026-09-28T13:44:00+05:30,705.8,706.15,684.85,686.2,22
2026-09-28T13:45:00+05:30,683.35,695.05,681.85,695.05,20
2026-09-28T13:46:00+05:30,695.05,695.05,684.35,695.0,24
2026-09-28T13:47:00+05:30,688.85,696.6,678.9,696.6,21
2026-09-28T13:48:00+05:30,695.65,706.4,693.4,704.55,40
2026-09-28T13:49:00+05:30,703.1,728.2,696.5,699.4,103
2026-09-28T13:50:00+05:30,699.1,700.3,695.0,697.95,56
2026-09-28T13:51:00+05:30,696.45,702.55,695.7,701.5,9
2026-09-28T13:52:00+05:30,700.45,701.5,682.05,689.55,24
2026-09-28T13:53:00+05:30,685.8,704.0,685.1,704.0,6
2026-09-28T13:54:00+05:30,703.55,709.1,700.95,703.2,23
2026-09-28T13:55:00+05:30,703.0,703.2,696.0,697.0,9
2026-09-28T13:56:00+05:30,701.35,701.35,676.0,682.7,31
2026-09-28T13:57:00+05:30,689.7,698.75,683.1,698.75,17
2026-09-28T13:58:00+05:30,703.6,703.6,689.3,690.15,6
2026-09-28T13:59:00+05:30,688.15,691.45,688.15,689.7,12
2026-09-28T14:00:00+05:30,687.0,688.05,683.0,688.05,9
2026-09-28T14:01:00+05:30,690.55,700.85,690.35,700.3,40
2026-09-28T14:02:00+05:30,703.05,709.3,699.95,705.5,117
2026-09-28T14:03:00+05:30,702.05,702.2,698.05,701.0,23
2026-09-28T14:04:00+05:30,700.85,701.0,694.0,695.05,13
2026-09-28T14:05:00+05:30,695.45,705.4,695.45,699.2,12
2026-09-28T14:06:00+05:30,699.6,717.1,698.9,717.1,119
2026-09-28T14:07:00+05:30,709.7,717.55,705.1,714.95,22
2026-09-28T14:08:00+05:30,704.0,712.2,703.75,709.0,40
2026-09-28T14:09:00+05:30,710.1,731.15,709.0,718.1,45
2026-09-28T14:10:00+05:30,723.1,723.1,715.3,716.0,34
2026-09-28T14:11:00+05:30,711.25,713.2,706.7,706.7,21
2026-09-28T14:12:00+05:30,706.4,706.45,696.95,704.25,22
2026-09-28T14:13:00+05:30,709.15,726.45,709.15,720.0,51
2026-09-28T14:14:00+05:30,722.75,724.4,714.9,717.3,21
2026-09-28T14:15:00+05:30,707.2,749.0,707.2,744.25,123
2026-09-28T14:16:00+05:30,741.9,753.25,733.3,745.15,76
2026-09-28T14:17:00+05:30,747.65,770.0,744.15,765.65,129
2026-09-28T14:18:00+05:30,774.7,808.05,761.15,785.95,124
2026-09-28T14:19:00+05:30,789.05,801.0,786.4,792.8,78
2026-09-28T14:20:00+05:30,793.15,795.35,766.6,769.5,230
2026-09-28T14:21:00+05:30,774.0,774.0,758.5,760.4,396
2026-09-28T14:22:00+05:30,760.6,777.35,758.5,768.85,774
2026-09-28T14:23:00+05:30,770.75,782.4,765.1,771.65,499
2026-09-28T14:24:00+05:30,771.65,771.85,755.55,764.15,163
2026-09-28T14:25:00+05:30,763.4,764.55,755.65,755.65,74
2026-09-28T14:26:00+05:30,751.7,760.0,746.0,752.15,927
2026-09-28T14:27:00+05:30,752.0,756.75,741.6,746.05,273
2026-09-28T14:28:00+05:30,744.5,764.4,742.6,762.2,439
2026-09-28T14:29:00+05:30,762.2,765.25,751.3,762.0,1247
2026-09-28T14:30:00+05:30,764.0,764.0,730.0,732.85,55
2026-09-28T14:31:00+05:30,734.95,760.0,734.3,760.0,88
2026-09-28T14:32:00+05:30,755.15,775.6,752.05,768.2,59
2026-09-28T14:33:00+05:30,768.0,775.0,764.0,767.7,66
2026-09-28T14:34:00+05:30,768.6,782.05,767.5,776.85,25
2026-09-28T14:35:00+05:30,772.4,776.55,764.25,771.25,40
2026-09-28T14:36:00+05:30,771.25,774.0,745.8,767.95,279
2026-09-28T14:37:00+05:30,767.15,782.05,764.6,776.25,43
2026-09-28T14:38:00+05:30,784.6,823.15,780.05,809.65,66
2026-09-28T14:39:00+05:30,820.9,820.9,806.85,809.5,35
2026-09-28T14:40:00+05:30,810.25,814.05,800.0,810.0,40
2026-09-28T14:41:00+05:30,798.8,803.6,785.5,803.6,39
2026-09-28T14:42:00+05:30,800.9,820.45,799.7,817.25,54
2026-09-28T14:43:00+05:30,817.05,820.0,809.3,816.1,72
2026-09-28T14:44:00+05:30,808.4,813.4,801.15,813.4,61
2026-09-28T14:45:00+05:30,809.5,809.5,793.85,793.85,43
2026-09-28T14:46:00+05:30,806.5,806.5,777.7,779.95,57
2026-09-28T14:47:00+05:30,781.0,788.5,777.2,788.5,21
2026-09-28T14:48:00+05:30,784.25,788.55,772.4,780.15,31
2026-09-28T14:49:00+05:30,778.45,778.55,754.0,761.8,44
2026-09-28T14:50:00+05:30,760.35,769.95,746.0,752.8,14
2026-09-28T14:51:00+05:30,757.65,782.6,757.65,782.6,21
2026-09-28T14:52:00+05:30,776.65,778.9,769.2,769.2,27
2026-09-28T14:53:00+05:30,755.0,764.05,753.15,759.95,28
2026-09-28T14:54:00+05:30,765.55,765.55,759.85,759.95,13
2026-09-28T14:55:00+05:30,763.8,777.25,761.5,772.45,9
2026-09-28T14:56:00+05:30,774.1,775.2,766.75,775.2,17
2026-09-28T14:57:00+05:30,762.85,776.2,760.8,773.65,13
2026-09-28T14:58:00+05:30,774.2,794.85,774.2,794.55,28
2026-09-28T14:59:00+05:30,790.15,797.15,771.8,779.45,24
2026-09-28T15:00:00+05:30,784.95,789.65,770.7,782.0,36
2026-09-28T15:01:00+05:30,781.55,782.05,766.25,766.25,26
2026-09-28T15:02:00+05:30,772.4,790.0,772.35,781.7,28
2026-09-28T15:03:00+05:30,781.75,781.75,752.0,758.1,70
2026-09-28T15:04:00+05:30,750.0,768.1,748.15,768.1,21
2026-09-28T15:05:00+05:30,771.85,783.8,764.2,772.0,45
2026-09-28T15:06:00+05:30,772.0,774.55,766.6,766.6,13
2026-09-28T15:07:00+05:30,766.6,775.0,766.35,772.75,36
2026-09-28T15:08:00+05:30,767.35,772.05,758.4,771.45,29
2026-09-28T15:09:00+05:30,767.85,767.85,760.1,764.35,7
2026-09-28T15:10:00+05:30,764.35,764.85,758.9,764.85,37
2026-09-28T15:11:00+05:30,766.8,780.0,766.8,774.45,36
2026-09-28T15:12:00+05:30,772.05,777.6,763.4,776.65,61
2026-09-28T15:13:00+05:30,776.1,781.5,770.35,772.25,42
2026-09-28T15:14:00+05:30,774.6,781.45,768.45,772.65,25
2026-09-28T15:15:00+05:30,770.2,773.2,767.4,767.95,16
2026-09-28T15:16:00+05:30,766.25,784.0,765.95,783.65,16
2026-09-28T15:17:00+05:30,789.45,789.45,773.25,783.5,8
2026-09-28T15:18:00+05:30,785.3,788.75,776.75,780.1,34
2026-09-28T15:19:00+05:30,787.9,799.95,786.8,799.95,8
2026-09-28T15:20:00+05:30,785.7,799.0,765.45,799.0,459
2026-09-28T15:21:00+05:30,798.9,798.9,777.7,777.7,10
2026-09-28T15:22:00+05:30,780.75,791.5,774.55,791.5,174
2026-09-28T15:23:00+05:30,789.15,789.15,782.95,784.85,28
2026-09-28T15:24:00+05:30,784.6,784.6,770.0,775.4,76
2026-09-28T15:25:00+05:30,777.0,777.0,765.0,765.0,118
2026-09-28T15:26:00+05:30,771.6,771.6,765.0,771.3,55
2026-09-28T15:27:00+05:30,775.0,780.95,773.15,773.15,39
2026-09-28T15:28:00+05:30,776.45,776.45,770.25,771.1,496
2026-09-28T15:29:00+05:30,770.6,790.0,764.65,768.35,315
2026-09-28T15:30:00+05:30,770.65,777.4,768.45,773.85,137
