timestamp,open,high,low,close,volume
2026-09-21T09:15:00+05:30,274.0,274.0,215.55,251.0,1708
2026-09-21T09:16:00+05:30,250.75,271.75,235.75,235.75,1322
2026-09-21T09:17:00+05:30,235.0,236.7,216.95,223.05,910
2026-09-21T09:18:00+05:30,220.65,231.6,214.95,225.95,697
2026-09-21T09:19:00+05:30,226.55,240.35,224.5,237.45,575
2026-09-21T09:20:00+05:30,238.4,241.45,227.0,236.4,648
2026-09-21T09:21:00+05:30,235.0,241.15,232.9,241.15,396
2026-09-21T09:22:00+05:30,241.1,242.95,226.0,227.3,453
2026-09-21T09:23:00+05:30,227.0,227.45,216.0,216.95,732
2026-09-21T09:24:00+05:30,217.1,223.35,216.15,220.65,393
2026-09-21T09:25:00+05:30,220.5,225.4,216.05,219.1,522
2026-09-21T09:26:00+05:30,218.75,222.0,215.1,217.25,256
2026-09-21T09:27:00+05:30,217.2,224.25,215.1,222.85,580
2026-09-21T09:28:00+05:30,222.75,224.4,217.2,219.2,187
2026-09-21T09:29:00+05:30,219.1,220.25,211.6,214.0,464
2026-09-21T09:30:00+05:30,214.2,216.3,209.7,213.85,573
2026-09-21T09:31:00+05:30,214.05,216.5,210.0,215.2,549
2026-09-21T09:32:00+05:30,213.95,214.8,210.55,213.0,447
2026-09-21T09:33:00+05:30,212.1,214.65,209.65,212.95,261
2026-09-21T09:34:00+05:30,211.6,217.5,211.6,214.05,317
2026-09-21T09:35:00+05:30,213.75,214.05,204.05,207.8,367
2026-09-21T09:36:00+05:30,207.1,218.0,205.0,217.05,382
2026-09-21T09:37:00+05:30,216.5,224.9,214.6,224.0,512
2026-09-21T09:38:00+05:30,224.45,229.0,220.7,227.45,383
2026-09-21T09:39:00+05:30,227.05,228.0,218.75,225.75,254
2026-09-21T09:40:00+05:30,225.1,227.2,223.35,225.05,192
2026-09-21T09:41:00+05:30,224.95,225.8,218.1,220.25,317
2026-09-21T09:42:00+05:30,220.25,220.25,214.3,220.0,256
2026-09-21T09:43:00+05:30,218.9,218.9,213.55,216.0,173
2026-09-21T09:44:00+05:30,216.5,216.65,211.3,214.8,256
2026-09-21T09:45:00+05:30,214.4,215.25,211.3,213.25,155
2026-09-21T09:46:00+05:30,212.1,214.4,211.0,211.75,123
2026-09-21T09:47:00+05:30,212.5,219.5,211.8,219.3,168
2026-09-21T09:48:00+05:30,219.95,221.55,215.1,216.55,220
2026-09-21T09:49:00+05:30,216.8,217.6,212.4,217.0,233
2026-09-21T09:50:00+05:30,217.05,217.35,213.75,215.1,88
2026-09-21T09:51:00+05:30,215.3,216.6,212.45,216.0,271
2026-09-21T09:52:00+05:30,215.1,219.7,215.1,218.9,59
2026-09-21T09:53:00+05:30,218.65,226.5,217.9,224.65,269
2026-09-21T09:54:00+05:30,224.95,227.7,223.35,226.75,180
2026-09-21T09:55:00+05:30,226.5,230.0,226.45,229.35,218
2026-09-21T09:56:00+05:30,229.6,230.0,225.0,226.25,287
2026-09-21T09:57:00+05:30,226.3,226.3,220.0,222.25,176
2026-09-21T09:58:00+05:30,223.6,228.0,222.45,227.05,223
2026-09-21T09:59:00+05:30,227.45,230.0,226.35,226.35,155
2026-09-21T10:00:00+05:30,225.6,232.6,225.0,232.2,98
2026-09-21T10:01:00+05:30,231.35,236.5,230.05,235.95,183
2026-09-21T10:02:00+05:30,236.35,238.0,231.65,236.65,156
2026-09-21T10:03:00+05:30,237.05,239.0,235.9,237.5,385
2026-09-21T10:04:00+05:30,238.0,240.45,237.5,238.85,207
2026-09-21T10:05:00+05:30,238.1,241.85,234.5,240.9,425
2026-09-21T10:06:00+05:30,241.25,248.0,240.5,244.7,433
2026-09-21T10:07:00+05:30,244.5,246.2,239.35,242.65,486
2026-09-21T10:08:00+05:30,242.5,243.65,239.5,240.85,189
2026-09-21T10:09:00+05:30,240.9,240.9,234.95,236.1,158
2026-09-21T10:10:00+05:30,235.5,237.2,230.0,231.1,238
2026-09-21T10:11:00+05:30,231.1,236.15,230.55,234.3,192
2026-09-21T10:12:00+05:30,235.0,239.0,232.3,237.0,430
2026-09-21T10:13:00+05:30,236.1,243.85,236.1,242.95,416
2026-09-21T10:14:00+05:30,243.3,250.0,241.25,246.75,513
2026-09-21T10:15:00+05:30,247.6,250.0,243.9,243.9,316
2026-09-21T10:16:00+05:30,243.95,245.9,234.0,234.9,528
2026-09-21T10:17:00+05:30,234.2,244.3,233.55,241.2,264
2026-09-21T10:18:00+05:30,241.6,242.35,235.55,237.65,160
2026-09-21T10:19:00+05:30,239.65,244.4,239.45,242.15,133
2026-09-21T10:20:00+05:30,241.7,242.85,236.85,242.6,210
2026-09-21T10:21:00+05:30,242.9,244.8,231.4,234.1,217
2026-09-21T10:22:00+05:30,234.15,239.1,234.1,234.2,92
2026-09-21T10:23:00+05:30,235.0,236.55,231.2,232.45,172
2026-09-21T10:24:00+05:30,231.95,237.95,230.85,237.7,131
2026-09-21T10:25:00+05:30,236.75,239.0,236.4,237.4,178
2026-09-21T10:26:00+05:30,236.0,238.7,233.3,237.45,145
2026-09-21T10:27:00+05:30,236.5,243.5,236.35,241.0,146
2026-09-21T10:28:00+05:30,241.05,241.05,237.8,237.95,118
2026-09-21T10:29:00+05:30,240.0,240.5,235.5,235.5,82
2026-09-21T10:30:00+05:30,237.5,238.95,235.7,237.15,163
2026-09-21T10:31:00+05:30,236.05,239.0,235.85,235.85,133
2026-09-21T10:32:00+05:30,236.75,241.8,236.75,238.4,150
2026-09-21T10:33:00+05:30,238.0,239.7,236.2,239.7,69
2026-09-21T10:34:00+05:30,240.9,243.85,240.5,242.05,192
2026-09-21T10:35:00+05:30,242.8,243.55,238.1,239.75,166
2026-09-21T10:36:00+05:30,239.0,240.2,236.2,238.0,123
2026-09-21T10:37:00+05:30,238.9,242.0,238.25,240.75,50
2026-09-21T10:38:00+05:30,241.0,242.55,238.0,240.1,88
2026-09-21T10:39:00+05:30,239.65,244.0,239.65,244.0,72
2026-09-21T10:40:00+05:30,242.55,242.55,239.85,240.95,103
2026-09-21T10:41:00+05:30,242.1,242.3,236.5,238.7,131
2026-09-21T10:42:00+05:30,239.0,240.0,235.0,238.75,80
2026-09-21T10:43:00+05:30,237.45,238.6,233.2,233.2,149
2026-09-21T10:44:00+05:30,233.95,235.05,231.25,233.2,162
2026-09-21T10:45:00+05:30,233.2,233.45,226.55,229.1,362
2026-09-21T10:46:00+05:30,228.0,229.0,221.2,224.6,445
2026-09-21T10:47:00+05:30,225.0,228.2,218.55,227.5,284
2026-09-21T10:48:00+05:30,227.15,227.7,224.95,225.95,95
2026-09-21T10:49:00+05:30,225.95,227.25,222.45,225.2,103
2026-09-21T10:50:00+05:30,225.35,226.25,224.1,225.35,259
2026-09-21T10:51:00+05:30,225.05,226.0,222.8,225.25,243
2026-09-21T10:52:00+05:30,224.25,228.55,223.8,226.55,114
2026-09-21T10:53:00+05:30,225.8,226.0,222.7,223.05,144
2026-09-21T10:54:00+05:30,223.85,225.9,221.5,222.3,151
2026-09-21T10:55:00+05:30,222.35,226.8,222.2,226.8,100
2026-09-21T10:56:00+05:30,225.8,226.1,223.75,223.75,66
2026-09-21T10:57:00+05:30,223.0,223.0,218.8,222.45,202
2026-09-21T10:58:00+05:30,222.9,223.5,221.0,223.5,73
2026-09-21T10:59:00+05:30,222.95,223.0,217.0,217.0,196
2026-09-21T11:00:00+05:30,216.2,222.8,216.0,221.8,348
2026-09-21T11:01:00+05:30,221.0,222.7,221.0,221.8,30
2026-09-21T11:02:00+05:30,221.5,223.3,218.1,222.05,101
2026-09-21T11:03:00+05:30,222.3,222.3,216.5,217.45,52
2026-09-21T11:04:00+05:30,217.0,219.5,216.0,217.5,258
2026-09-21T11:05:00+05:30,217.7,218.25,215.25,218.0,65
2026-09-21T11:06:00+05:30,216.95,216.95,210.25,212.8,174
2026-09-21T11:07:00+05:30,213.0,214.9,210.0,210.65,182
2026-09-21T11:08:00+05:30,210.95,213.15,208.6,212.3,343
2026-09-21T11:09:00+05:30,212.0,212.35,209.7,212.35,213
2026-09-21T11:10:00+05:30,211.75,212.85,210.4,212.35,198
2026-09-21T11:11:00+05:30,212.25,212.25,208.8,209.4,159
2026-09-21T11:12:00+05:30,209.0,213.8,209.0,213.8,108
2026-09-21T11:13:00+05:30,213.1,213.1,210.0,211.35,113
2026-09-21T11:14:00+05:30,211.8,212.95,211.0,211.0,85
2026-09-21T11:15:00+05:30,210.0,211.65,209.0,211.6,66
2026-09-21T11:16:00+05:30,211.35,215.75,210.45,215.35,150
2026-09-21T11:17:00+05:30,215.25,218.0,214.75,217.3,136
2026-09-21T11:18:00+05:30,217.45,222.6,216.1,220.7,160
2026-09-21T11:19:00+05:30,219.15,220.5,218.1,219.05,269
2026-09-21T11:20:00+05:30,218.45,221.4,216.8,220.0,173
2026-09-21T11:21:00+05:30,219.45,222.95,218.45,219.9,145
2026-09-21T11:22:00+05:30,219.45,219.65,217.4,217.9,74
2026-09-21T11:23:00+05:30,217.8,218.05,214.1,215.5,147
2026-09-21T11:24:00+05:30,215.5,216.8,214.4,216.3,89
2026-09-21T11:25:00+05:30,216.85,217.4,216.5,216.75,31
2026-09-21T11:26:00+05:30,216.5,217.25,213.0,217.25,71
2026-09-21T11:27:00+05:30,216.35,217.2,212.45,212.7,50
2026-09-21T11:28:00+05:30,212.65,212.9,210.1,211.95,63
2026-09-21T11:29:00+05:30,211.8,214.75,211.6,214.45,72
2026-09-21T11:30:00+05:30,213.7,214.0,210.15,212.05,161
2026-09-21T11:31:00+05:30,213.25,217.65,212.8,217.65,111
2026-09-21T11:32:00+05:30,217.8,218.85,215.3,217.6,117
2026-09-21T11:33:00+05:30,218.0,218.3,214.85,216.4,277
2026-09-21T11:34:00+05:30,216.4,218.0,215.4,217.15,31
2026-09-21T11:35:00+05:30,218.0,225.0,217.75,224.2,224
2026-09-21T11:36:00+05:30,223.6,223.6,218.85,220.65,134
2026-09-21T11:37:00+05:30,219.7,221.85,219.7,221.3,63
2026-09-21T11:38:00+05:30,220.85,222.15,219.9,221.0,222
2026-09-21T11:39:00+05:30,220.1,221.4,219.15,221.1,70
2026-09-21T11:40:00+05:30,221.6,222.0,220.05,220.05,81
2026-09-21T11:41:00+05:30,220.0,220.0,216.3,218.6,134
2026-09-21T11:42:00+05:30,217.25,219.2,215.0,217.2,106
2026-09-21T11:43:00+05:30,217.15,218.35,216.7,218.0,18
2026-09-21T11:44:00+05:30,217.55,222.0,217.1,218.35,95
2026-09-21T11:45:00+05:30,218.1,221.55,218.1,220.8,33
2026-09-21T11:46:00+05:30,219.0,224.3,218.0,222.6,119
2026-09-21T11:47:00+05:30,223.05,224.0,220.4,223.75,122
2026-09-21T11:48:00+05:30,223.35,224.8,221.3,223.25,167
2026-09-21T11:49:00+05:30,223.85,224.55,222.2,223.55,63
2026-09-21T11:50:00+05:30,223.6,223.6,222.0,222.6,35
2026-09-21T11:51:00+05:30,221.2,222.0,220.45,221.0,55
2026-09-21T11:52:00+05:30,221.3,221.3,218.3,219.2,227
2026-09-21T11:53:00+05:30,219.1,220.6,218.25,219.65,54
2026-09-21T11:54:00+05:30,218.25,218.25,215.0,217.0,230
2026-09-21T11:55:00+05:30,218.25,219.5,217.3,219.35,453
2026-09-21T11:56:00+05:30,217.1,219.35,213.0,214.65,125
2026-09-21T11:57:00+05:30,214.65,214.9,209.65,211.85,334
2026-09-21T11:58:00+05:30,212.0,212.2,209.6,212.0,159
2026-09-21T11:59:00+05:30,210.45,213.35,210.0,212.2,111
2026-09-21T12:00:00+05:30,211.6,212.65,209.0,212.15,243
2026-09-21T12:01:00+05:30,211.5,211.5,210.0,210.85,59
2026-09-21T12:02:00+05:30,211.15,215.15,210.0,214.55,57
2026-09-21T12:03:00+05:30,213.0,214.15,212.75,214.1,26
2026-09-21T12:04:00+05:30,215.0,215.0,210.7,210.7,29
2026-09-21T12:05:00+05:30,211.9,213.35,210.6,213.05,46
2026-09-21T12:06:00+05:30,212.3,213.15,210.9,213.15,103
2026-09-21T12:07:00+05:30,212.8,214.55,210.85,214.55,157
2026-09-21T12:08:00+05:30,216.0,218.1,216.0,218.1,57
2026-09-21T12:09:00+05:30,218.2,221.4,218.2,220.05,101
2026-09-21T12:10:00+05:30,219.15,223.0,219.1,222.25,197
2026-09-21T12:11:00+05:30,221.65,221.65,218.4,219.7,166
2026-09-21T12:12:00+05:30,219.35,220.0,216.75,220.0,133
2026-09-21T12:13:00+05:30,220.2,220.2,216.6,216.6,126
2026-09-21T12:14:00+05:30,216.6,219.8,216.6,217.8,51
2026-09-21T12:15:00+05:30,217.55,219.5,216.4,218.1,74
2026-09-21T12:16:00+05:30,216.5,218.3,214.1,218.0,79
2026-09-21T12:17:00+05:30,218.0,219.9,218.0,219.2,97
2026-09-21T12:18:00+05:30,219.4,223.0,218.85,222.2,84
2026-09-21T12:19:00+05:30,222.45,223.65,220.05,220.05,59
2026-09-21T12:20:00+05:30,220.05,222.0,220.0,221.7,54
2026-09-21T12:21:00+05:30,221.7,221.95,218.3,220.5,148
2026-09-21T12:22:00+05:30,221.05,222.9,219.85,222.9,110
2026-09-21T12:23:00+05:30,222.3,227.85,221.85,226.85,321
2026-09-21T12:24:00+05:30,226.8,227.7,223.3,223.3,132
2026-09-21T12:25:00+05:30,223.4,224.55,222.15,223.1,104
2026-09-21T12:26:00+05:30,223.2,223.9,219.4,222.35,254
2026-09-21T12:27:00+05:30,222.25,222.3,218.4,218.6,37
2026-09-21T12:28:00+05:30,219.75,220.8,219.0,219.0,28
2026-09-21T12:29:00+05:30,220.0,220.0,217.0,217.3,145
2026-09-21T12:30:00+05:30,218.65,218.65,211.45,211.9,224
2026-09-21T12:31:00+05:30,213.05,215.2,211.3,215.2,146
2026-09-21T12:32:00+05:30,215.3,219.0,214.65,217.8,60
2026-09-21T12:33:00+05:30,217.45,220.8,216.0,220.1,76
2026-09-21T12:34:00+05:30,220.05,220.5,216.0,216.7,107
2026-09-21T12:35:00+05:30,216.05,218.25,213.9,213.9,47
2026-09-21T12:36:00+05:30,214.9,215.6,214.55,215.15,20
2026-09-21T12:37:00+05:30,217.1,217.1,213.9,215.15,25
2026-09-21T12:38:00+05:30,215.0,215.7,215.0,215.2,34
2026-09-21T12:39:00+05:30,215.75,216.75,214.2,214.55,91
2026-09-21T12:40:00+05:30,215.0,215.5,212.65,215.15,59
2026-09-21T12:41:00+05:30,215.75,217.15,215.55,217.0,79
2026-09-21T12:42:00+05:30,215.8,215.95,213.1,215.4,41
2026-09-21T12:43:00+05:30,214.75,214.8,211.75,213.8,99
2026-09-21T12:44:00+05:30,212.6,212.65,205.35,206.1,490
2026-09-21T12:45:00+05:30,205.5,208.2,205.35,207.2,197
2026-09-21T12:46:00+05:30,207.25,209.0,206.05,207.35,109
2026-09-21T12:47:00+05:30,207.65,210.65,207.65,209.75,64
2026-09-21T12:48:00+05:30,210.0,210.0,208.0,208.85,49
2026-09-21T12:49:00+05:30,209.45,211.5,209.45,211.1,70
2026-09-21T12:50:00+05:30,211.05,212.0,210.75,212.0,97
2026-09-21T12:51:00+05:30,212.2,214.4,211.45,211.45,40
2026-09-21T12:52:00+05:30,210.75,212.35,210.1,212.35,21
2026-09-21T12:53:00+05:30,213.75,214.0,211.15,211.2,49
2026-09-21T12:54:00+05:30,211.2,211.2,209.6,209.6,33
2026-09-21T12:55:00+05:30,209.05,211.7,208.55,211.7,76
2026-09-21T12:56:00+05:30,211.7,212.25,210.9,210.9,29
2026-09-21T12:57:00+05:30,210.35,212.6,209.55,212.45,84
2026-09-21T12:58:00+05:30,212.55,213.75,211.3,212.45,60
2026-09-21T12:59:00+05:30,213.2,215.8,212.1,214.9,82
2026-09-21T13:00:00+05:30,214.3,215.05,213.3,214.65,39
2026-09-21T13:01:00+05:30,215.25,215.25,212.3,212.7,65
2026-09-21T13:02:00+05:30,211.2,213.85,211.0,213.85,120
2026-09-21T13:03:00+05:30,214.3,215.4,213.8,215.4,52
2026-09-21T13:04:00+05:30,214.4,218.05,214.4,214.75,41
2026-09-21T13:05:00+05:30,214.95,216.5,212.65,213.45,68
2026-09-21T13:06:00+05:30,214.1,214.1,212.35,212.35,14
2026-09-21T13:07:00+05:30,212.0,215.0,211.15,214.0,173
2026-09-21T13:08:00+05:30,213.7,213.8,211.95,212.5,191
2026-09-21T13:09:00+05:30,212.75,214.25,212.2,213.9,30
2026-09-21T13:10:00+05:30,213.9,213.9,210.25,212.05,38
2026-09-21T13:11:00+05:30,211.55,215.0,211.55,213.45,102
2026-09-21T13:12:00+05:30,213.45,214.0,210.75,214.0,27
2026-09-21T13:13:00+05:30,213.85,213.9,210.7,210.7,134
2026-09-21T13:14:00+05:30,210.55,210.55,208.05,209.45,128
2026-09-21T13:15:00+05:30,210.05,210.05,200.45,202.0,677
2026-09-21T13:16:00+05:30,201.85,202.6,197.35,201.1,461
2026-09-21T13:17:00+05:30,201.5,202.0,199.5,199.5,94
2026-09-21T13:18:00+05:30,200.15,201.0,192.25,192.75,584
2026-09-21T13:19:00+05:30,192.6,193.75,189.25,192.0,542
2026-09-21T13:20:00+05:30,192.45,196.0,188.55,195.95,256
2026-09-21T13:21:00+05:30,195.2,199.0,194.0,194.3,266
2026-09-21T13:22:00+05:30,194.7,197.05,192.2,196.0,154
2026-09-21T13:23:00+05:30,196.0,197.85,194.65,197.25,141
2026-09-21T13:24:00+05:30,197.7,200.05,196.2,196.6,162
2026-09-21T13:25:00+05:30,196.75,198.65,196.65,197.0,142
2026-09-21T13:26:00+05:30,197.0,197.4,193.9,194.95,163
2026-09-21T13:27:00+05:30,194.9,195.0,191.05,194.35,235
2026-09-21T13:28:00+05:30,194.85,195.75,193.6,193.6,94
2026-09-21T13:29:00+05:30,194.0,195.75,193.55,193.75,60
2026-09-21T13:30:00+05:30,194.3,195.9,192.25,195.35,117
2026-09-21T13:31:00+05:30,195.55,195.6,194.05,195.45,59
2026-09-21T13:32:00+05:30,194.0,194.0,192.15,192.5,100
2026-09-21T13:33:00+05:30,192.5,192.5,188.15,188.75,239
2026-09-21T13:34:00+05:30,188.0,188.5,185.0,185.0,447
2026-09-21T13:35:00+05:30,184.35,186.6,181.35,183.55,560
2026-09-21T13:36:00+05:30,183.1,184.0,180.5,180.6,458
2026-09-21T13:37:00+05:30,180.9,182.9,178.3,182.0,585
2026-09-21T13:38:00+05:30,181.9,184.65,180.05,183.85,216
2026-09-21T13:39:00+05:30,183.8,184.5,179.05,179.05,179
2026-09-21T13:40:00+05:30,179.05,179.8,176.3,179.15,476
2026-09-21T13:41:00+05:30,179.15,179.15,175.35,175.35,196
2026-09-21T13:42:00+05:30,175.6,178.65,172.2,178.55,275
2026-09-21T13:43:00+05:30,178.5,181.75,177.2,181.7,405
2026-09-21T13:44:00+05:30,181.6,181.6,178.0,179.3,77
2026-09-21T13:45:00+05:30,178.85,182.0,178.75,180.95,108
2026-09-21T13:46:00+05:30,181.5,184.0,181.5,182.8,143
2026-09-21T13:47:00+05:30,182.5,182.5,178.5,180.35,117
2026-09-21T13:48:00+05:30,179.65,181.55,178.35,181.35,149
2026-09-21T13:49:00+05:30,182.3,182.85,178.2,178.2,141
2026-09-21T13:50:00+05:30,178.7,179.95,177.0,179.25,133
2026-09-21T13:51:00+05:30,178.2,178.2,172.55,175.6,592
2026-09-21T13:52:00+05:30,174.95,175.9,173.0,174.8,247
2026-09-21T13:53:00+05:30,174.55,176.2,173.55,175.55,132
2026-09-21T13:54:00+05:30,174.9,177.5,174.0,174.0,128
2026-09-21T13:55:00+05:30,174.2,174.6,172.25,173.9,221
2026-09-21T13:56:00+05:30,173.75,174.75,173.0,173.65,88
2026-09-21T13:57:00+05:30,173.65,173.65,170.0,171.05,316
2026-09-21T13:58:00+05:30,171.3,171.35,166.35,169.0,644
2026-09-21T13:59:00+05:30,169.35,169.45,163.95,168.55,1522
2026-09-21T14:00:00+05:30,167.2,167.2,163.95,164.0,2699
2026-09-21T14:01:00+05:30,164.0,167.0,163.45,165.9,1061
2026-09-21T14:02:00+05:30,165.3,165.6,163.25,163.45,288
2026-09-21T14:03:00+05:30,163.45,164.6,161.5,164.6,874
2026-09-21T14:04:00+05:30,164.85,167.6,163.95,166.05,673
2026-09-21T14:05:00+05:30,167.3,168.85,166.7,167.6,624
2026-09-21T14:06:00+05:30,167.0,167.2,164.25,165.0,254
2026-09-21T14:07:00+05:30,164.95,167.0,163.6,166.55,477
2026-09-21T14:08:00+05:30,166.55,168.2,166.1,168.2,330
2026-09-21T14:09:00+05:30,168.15,169.45,166.9,167.0,163
2026-09-21T14:10:00+05:30,167.55,171.55,167.45,171.0,228
2026-09-21T14:11:00+05:30,171.25,172.05,167.85,168.9,288
2026-09-21T14:12:00+05:30,168.65,169.05,166.4,167.8,229
2026-09-21T14:13:00+05:30,167.4,170.4,167.4,168.65,128
2026-09-21T14:14:00+05:30,168.15,171.15,167.2,170.3,166
2026-09-21T14:15:00+05:30,170.8,171.1,168.4,169.3,125
2026-09-21T14:16:00+05:30,170.0,170.25,167.1,167.1,306
2026-09-21T14:17:00+05:30,167.0,167.45,164.7,166.7,178
2026-09-21T14:18:00+05:30,165.75,166.2,163.55,163.55,307
2026-09-21T14:19:00+05:30,163.45,165.0,162.65,164.35,142
2026-09-21T14:20:00+05:30,164.0,164.6,162.15,163.85,71
2026-09-21T14:21:00+05:30,163.6,166.05,163.4,166.05,56
2026-09-21T14:22:00+05:30,166.0,167.0,164.9,165.0,152
2026-09-21T14:23:00+05:30,164.05,165.35,163.35,164.65,84
2026-09-21T14:24:00+05:30,164.15,165.05,163.65,164.85,53
2026-09-21T14:25:00+05:30,164.55,167.75,164.3,167.3,102
2026-09-21T14:26:00+05:30,167.4,169.15,166.6,168.6,53
2026-09-21T14:27:00+05:30,168.5,168.5,166.85,167.8,236
2026-09-21T14:28:00+05:30,167.8,169.4,167.8,169.3,92
2026-09-21T14:29:00+05:30,169.3,171.45,169.3,170.3,456
2026-09-21T14:30:00+05:30,170.05,176.7,170.0,174.15,373
2026-09-21T14:31:00+05:30,174.0,174.35,171.1,173.8,206
2026-09-21T14:32:00+05:30,173.15,173.3,171.4,171.95,37
2026-09-21T14:33:00+05:30,172.35,174.1,171.95,173.65,108
2026-09-21T14:34:00+05:30,173.8,174.3,172.3,174.0,52
2026-09-21T14:35:00+05:30,173.6,175.0,173.25,173.95,91
2026-09-21T14:36:00+05:30,173.4,173.4,171.0,171.85,74
2026-09-21T14:37:00+05:30,171.9,172.4,171.1,171.15,126
2026-09-21T14:38:00+05:30,171.85,171.9,169.4,170.0,100
2026-09-21T14:39:00+05:30,171.15,172.0,170.6,171.75,58
2026-09-21T14:40:00+05:30,170.15,171.0,168.3,168.45,43
2026-09-21T14:41:00+05:30,169.15,170.05,168.65,169.2,62
2026-09-21T14:42:00+05:30,169.2,171.95,167.05,167.55,136
2026-09-21T14:43:00+05:30,167.95,169.8,166.05,169.7,151
2026-09-21T14:44:00+05:30,169.65,169.65,167.8,168.25,54
2026-09-21T14:45:00+05:30,168.45,169.0,167.7,168.9,101
2026-09-21T14:46:00+05:30,168.65,170.0,168.2,170.0,47
2026-09-21T14:47:00+05:30,170.6,170.7,168.95,169.1,71
2026-09-21T14:48:00+05:30,169.0,172.0,167.9,171.25,115
2026-09-21T14:49:00+05:30,171.8,173.0,171.0,171.2,208
2026-09-21T14:50:00+05:30,171.9,174.6,170.65,174.6,218
2026-09-21T14:51:00+05:30,174.3,179.25,174.3,176.75,485
2026-09-21T14:52:00+05:30,176.0,179.0,176.0,177.15,165
2026-09-21T14:53:00+05:30,177.05,180.9,177.05,178.65,221
2026-09-21T14:54:00+05:30,179.15,179.25,176.65,177.3,72
2026-09-21T14:55:00+05:30,177.35,178.05,177.1,177.1,28
2026-09-21T14:56:00+05:30,177.65,178.2,174.65,175.95,74
2026-09-21T14:57:00+05:30,175.3,175.3,171.0,174.4,140
2026-09-21T14:58:00+05:30,174.4,175.85,173.65,175.85,66
2026-09-21T14:59:00+05:30,175.95,176.0,173.35,173.6,154
2026-09-21T15:00:00+05:30,175.85,183.25,175.85,179.0,408
2026-09-21T15:01:00+05:30,179.1,181.25,178.35,179.85,439
2026-09-21T15:02:00+05:30,179.95,183.8,179.75,182.95,163
2026-09-21T15:03:00+05:30,183.55,186.0,182.6,184.65,301
2026-09-21T15:04:00+05:30,184.8,185.5,182.05,182.1,150
2026-09-21T15:05:00+05:30,182.9,182.95,179.25,180.0,212
2026-09-21T15:06:00+05:30,179.85,180.75,177.8,180.75,149
2026-09-21T15:07:00+05:30,179.95,182.45,179.35,179.35,99
2026-09-21T15:08:00+05:30,181.0,182.1,180.55,180.6,32
2026-09-21T15:09:00+05:30,181.2,181.7,178.0,178.35,110
2026-09-21T15:10:00+05:30,179.2,182.2,179.2,182.05,178
2026-09-21T15:11:00+05:30,182.1,182.9,179.75,181.65,130
2026-09-21T15:12:00+05:30,181.65,185.5,181.65,185.0,264
2026-09-21T15:13:00+05:30,185.3,187.0,182.5,184.45,180
2026-09-21T15:14:00+05:30,183.8,184.45,181.95,184.45,96
2026-09-21T15:15:00+05:30,184.4,185.3,181.95,182.55,857
2026-09-21T15:16:00+05:30,183.95,186.0,182.6,182.6,115
2026-09-21T15:17:00+05:30,182.9,185.0,182.65,183.8,48
2026-09-21T15:18:00+05:30,183.85,184.25,182.9,184.0,81
2026-09-21T15:19:00+05:30,183.95,185.8,182.45,183.5,191
2026-09-21T15:20:00+05:30,184.1,186.0,183.55,184.6,373
2026-09-21T15:21:00+05:30,185.05,185.35,183.0,183.0,228
2026-09-21T15:22:00+05:30,183.0,184.45,182.65,183.0,126
2026-09-21T15:23:00+05:30,183.0,183.3,181.9,181.9,173
2026-09-21T15:24:00+05:30,182.5,183.0,179.3,179.3,227
2026-09-21T15:25:00+05:30,179.0,181.2,178.15,181.2,193
2026-09-21T15:26:00+05:30,182.0,185.0,182.0,184.0,550
2026-09-21T15:27:00+05:30,184.45,184.75,182.7,183.0,110
2026-09-21T15:28:00+05:30,183.05,184.0,182.0,183.3,156
2026-09-21T15:29:00+05:30,183.5,184.75,182.4,183.7,201
2026-09-21T15:30:00+05:30,184.0,184.65,182.25,182.25,112
2026-09-21T15:31:00+05:30,182.35,182.4,180.8,180.8,110
2026-09-21T15:32:00+05:30,180.9,184.0,180.45,183.65,303
2026-09-21T15:33:00+05:30,183.35,184.0,182.75,182.75,163
2026-09-21T15:34:00+05:30,183.55,183.8,182.45,183.4,141
2026-09-21T15:35:00+05:30,183.45,184.0,182.85,183.9,156
2026-09-21T15:36:00+05:30,183.1,186.05,182.65,186.05,211
2026-09-21T15:37:00+05:30,185.85,186.0,185.1,185.1,89
2026-09-21T15:38:00+05:30,185.35,186.0,184.6,184.6,172
2026-09-21T15:39:00+05:30,185.6,189.0,185.1,185.1,280
2026-09-22T09:15:00+05:30,181.85,181.9,148.2,158.6,1703
2026-09-22T09:16:00+05:30,159.25,169.3,155.0,168.0,969
2026-09-22T09:17:00+05:30,168.45,169.4,157.65,158.0,443
2026-09-22T09:18:00+05:30,157.75,159.4,151.65,154.05,685
2026-09-22T09:19:00+05:30,155.0,156.85,152.0,154.3,637
2026-09-22T09:20:00+05:30,154.2,155.75,148.55,154.9,728
2026-09-22T09:21:00+05:30,154.0,156.8,150.3,151.35,311
2026-09-22T09:22:00+05:30,151.45,153.7,149.2,153.7,453
2026-09-22T09:23:00+05:30,154.0,154.0,148.15,148.45,424
2026-09-22T09:24:00+05:30,148.05,150.0,144.0,149.75,619
2026-09-22T09:25:00+05:30,150.0,152.75,149.35,150.05,280
2026-09-22T09:26:00+05:30,149.5,152.75,147.35,152.7,273
2026-09-22T09:27:00+05:30,151.65,155.0,150.3,151.5,303
2026-09-22T09:28:00+05:30,150.0,152.0,145.0,147.7,240
2026-09-22T09:29:00+05:30,147.8,148.1,138.0,138.9,927
2026-09-22T09:30:00+05:30,138.25,140.3,136.4,139.65,511
2026-09-22T09:31:00+05:30,140.25,142.6,139.35,140.0,486
2026-09-22T09:32:00+05:30,139.85,146.25,139.4,146.15,268
2026-09-22T09:33:00+05:30,146.15,146.8,143.0,146.8,160
2026-09-22T09:34:00+05:30,147.6,147.75,143.75,144.75,251
2026-09-22T09:35:00+05:30,145.05,146.0,143.1,145.45,175
2026-09-22T09:36:00+05:30,145.45,146.25,142.8,143.5,87
2026-09-22T09:37:00+05:30,143.45,143.85,138.75,138.9,346
2026-09-22T09:38:00+05:30,139.25,140.9,137.75,140.9,124
2026-09-22T09:39:00+05:30,140.0,140.4,137.05,138.4,180
2026-09-22T09:40:00+05:30,138.5,141.05,138.5,139.45,149
2026-09-22T09:41:00+05:30,138.15,138.15,136.4,137.55,125
2026-09-22T09:42:00+05:30,137.6,138.0,134.0,135.4,318
2026-09-22T09:43:00+05:30,135.15,136.65,134.4,135.0,99
2026-09-22T09:44:00+05:30,135.25,136.2,133.2,133.2,99
2026-09-22T09:45:00+05:30,133.0,136.65,132.05,136.4,181
2026-09-22T09:46:00+05:30,135.4,136.8,133.8,134.4,137
2026-09-22T09:47:00+05:30,133.6,133.6,132.0,132.3,239
2026-09-22T09:48:00+05:30,132.2,133.95,129.0,133.85,769
2026-09-22T09:49:00+05:30,133.3,134.5,131.3,132.85,409
2026-09-22T09:50:00+05:30,132.1,132.1,126.2,127.25,676
2026-09-22T09:51:00+05:30,127.7,131.3,127.45,131.3,259
2026-09-22T09:52:00+05:30,131.15,131.55,129.5,130.25,76
2026-09-22T09:53:00+05:30,130.25,130.25,128.25,128.65,82
2026-09-22T09:54:00+05:30,129.3,129.6,128.05,128.45,202
2026-09-22T09:55:00+05:30,128.55,134.0,128.55,133.15,317
2026-09-22T09:56:00+05:30,132.95,133.9,130.85,133.0,550
2026-09-22T09:57:00+05:30,133.05,136.2,133.0,136.0,129
2026-09-22T09:58:00+05:30,136.15,136.15,132.0,132.0,191
2026-09-22T09:59:00+05:30,131.2,132.6,130.55,131.8,84
2026-09-22T10:00:00+05:30,131.55,132.0,129.0,129.0,128
2026-09-22T10:01:00+05:30,129.65,134.45,128.0,134.45,166
2026-09-22T10:02:00+05:30,133.55,137.0,133.3,136.5,193
2026-09-22T10:03:00+05:30,136.2,137.25,135.45,137.25,151
2026-09-22T10:04:00+05:30,135.0,135.0,132.55,134.25,113
2026-09-22T10:05:00+05:30,133.95,135.45,132.5,135.4,187
2026-09-22T10:06:00+05:30,135.55,139.8,135.25,139.25,286
2026-09-22T10:07:00+05:30,139.65,139.95,136.55,136.8,174
2026-09-22T10:08:00+05:30,137.7,138.95,134.2,134.55,203
2026-09-22T10:09:00+05:30,134.95,135.75,130.55,130.7,175
2026-09-22T10:10:00+05:30,130.7,134.15,130.65,132.5,144
2026-09-22T10:11:00+05:30,132.85,132.85,128.0,129.65,260
2026-09-22T10:12:00+05:30,129.9,132.05,129.9,130.95,152
2026-09-22T10:13:00+05:30,131.55,133.65,131.55,132.0,102
2026-09-22T10:14:00+05:30,132.0,132.0,129.65,131.7,125
2026-09-22T10:15:00+05:30,131.7,133.0,130.75,131.25,120
2026-09-22T10:16:00+05:30,132.0,135.65,131.05,133.6,134
2026-09-22T10:17:00+05:30,134.15,135.1,132.65,132.65,72
2026-09-22T10:18:00+05:30,134.25,136.75,133.25,133.35,95
2026-09-22T10:19:00+05:30,133.35,133.75,132.0,133.5,57
2026-09-22T10:20:00+05:30,134.1,138.0,134.1,137.4,212
2026-09-22T10:21:00+05:30,137.65,144.65,136.2,143.2,734
2026-09-22T10:22:00+05:30,143.5,149.5,143.4,148.1,698
2026-09-22T10:23:00+05:30,147.6,148.1,141.45,143.05,482
2026-09-22T10:24:00+05:30,143.45,145.25,141.65,142.85,545
2026-09-22T10:25:00+05:30,143.3,144.2,142.75,143.75,398
2026-09-22T10:26:00+05:30,143.35,146.95,143.3,145.35,177
2026-09-22T10:27:00+05:30,146.0,147.05,141.75,142.9,299
2026-09-22T10:28:00+05:30,142.9,143.9,140.7,141.65,75
2026-09-22T10:29:00+05:30,141.1,143.35,138.35,142.85,364
2026-09-22T10:30:00+05:30,142.75,155.0,142.75,154.65,438
2026-09-22T10:31:00+05:30,154.35,167.0,154.15,159.9,1143
2026-09-22T10:32:00+05:30,160.4,170.15,157.35,168.45,1642
2026-09-22T10:33:00+05:30,169.7,179.8,165.95,175.95,3556
2026-09-22T10:34:00+05:30,176.4,179.35,169.2,174.0,2127
2026-09-22T10:35:00+05:30,174.35,194.0,173.4,194.0,2254
2026-09-22T10:36:00+05:30,193.95,197.2,185.6,186.85,1560
2026-09-22T10:37:00+05:30,187.9,188.8,179.0,179.9,1209
2026-09-22T10:38:00+05:30,179.95,183.4,174.5,182.1,479
2026-09-22T10:39:00+05:30,182.75,184.9,178.95,179.7,513
2026-09-22T10:40:00+05:30,180.05,181.1,175.7,178.35,477
2026-09-22T10:41:00+05:30,179.05,195.9,179.05,195.2,582
2026-09-22T10:42:00+05:30,195.5,210.0,195.15,198.7,1262
2026-09-22T10:43:00+05:30,198.5,202.1,192.15,196.1,672
2026-09-22T10:44:00+05:30,196.25,203.6,194.25,203.6,521
2026-09-22T10:45:00+05:30,202.2,210.8,202.2,206.9,909
2026-09-22T10:46:00+05:30,207.3,207.65,199.05,199.95,553
2026-09-22T10:47:00+05:30,200.3,202.5,194.65,197.3,444
2026-09-22T10:48:00+05:30,197.0,204.3,195.6,203.15,284
2026-09-22T10:49:00+05:30,202.0,206.0,197.25,206.0,250
2026-09-22T10:50:00+05:30,206.0,214.7,205.5,209.55,752
2026-09-22T10:51:00+05:30,210.8,217.0,206.15,210.95,695
2026-09-22T10:52:00+05:30,211.0,220.95,210.15,215.7,1031
2026-09-22T10:53:00+05:30,215.0,218.75,212.75,213.6,483
2026-09-22T10:54:00+05:30,214.0,215.05,206.0,207.2,555
2026-09-22T10:55:00+05:30,207.2,208.75,201.1,201.15,488
2026-09-22T10:56:00+05:30,201.1,205.25,199.0,202.45,498
2026-09-22T10:57:00+05:30,203.6,203.7,196.8,198.55,390
2026-09-22T10:58:00+05:30,200.0,201.55,194.35,195.15,780
2026-09-22T10:59:00+05:30,196.5,197.75,189.7,193.25,311
2026-09-22T11:00:00+05:30,191.7,200.0,190.85,198.65,174
2026-09-22T11:01:00+05:30,198.7,210.7,198.65,205.0,355
2026-09-22T11:02:00+05:30,205.3,212.25,205.3,209.65,360
2026-09-22T11:03:00+05:30,210.3,213.6,209.75,210.8,225
2026-09-22T11:04:00+05:30,211.5,214.0,208.9,213.5,355
2026-09-22T11:05:00+05:30,214.0,220.65,208.0,217.85,794
2026-09-22T11:06:00+05:30,217.9,218.65,211.2,211.2,242
2026-09-22T11:07:00+05:30,213.0,218.0,211.8,213.75,135
2026-09-22T11:08:00+05:30,213.75,218.6,213.3,216.45,256
2026-09-22T11:09:00+05:30,217.0,217.25,208.1,210.65,309
2026-09-22T11:10:00+05:30,209.2,209.5,202.45,204.85,223
2026-09-22T11:11:00+05:30,203.9,206.75,200.9,205.4,281
2026-09-22T11:12:00+05:30,203.25,205.7,202.15,202.15,87
2026-09-22T11:13:00+05:30,202.35,202.35,198.0,199.45,265
2026-09-22T11:14:00+05:30,200.25,201.2,194.3,198.65,263
2026-09-22T11:15:00+05:30,199.05,203.95,198.85,203.15,177
2026-09-22T11:16:00+05:30,203.45,206.8,198.15,198.45,182
2026-09-22T11:17:00+05:30,198.0,201.95,195.4,198.5,131
2026-09-22T11:18:00+05:30,200.0,203.2,200.0,201.6,131
2026-09-22T11:19:00+05:30,201.8,207.3,201.5,202.0,209
2026-09-22T11:20:00+05:30,200.05,205.8,199.3,201.95,236
2026-09-22T11:21:00+05:30,203.55,203.55,200.0,200.3,134
2026-09-22T11:22:00+05:30,199.8,203.5,198.1,201.6,62
2026-09-22T11:23:00+05:30,200.0,202.15,197.4,200.05,163
2026-09-22T11:24:00+05:30,199.8,199.8,197.0,197.35,86
2026-09-22T11:25:00+05:30,197.45,197.45,192.7,195.9,166
2026-09-22T11:26:00+05:30,195.9,199.65,195.9,196.55,155
2026-09-22T11:27:00+05:30,197.75,201.3,196.85,198.0,243
2026-09-22T11:28:00+05:30,197.2,198.8,193.0,195.8,271
2026-09-22T11:29:00+05:30,195.95,198.45,194.65,197.45,133
2026-09-22T11:30:00+05:30,197.45,208.0,197.45,205.9,156
2026-09-22T11:31:00+05:30,205.0,211.45,203.7,211.45,233
2026-09-22T11:32:00+05:30,210.9,217.0,210.0,210.0,389
2026-09-22T11:33:00+05:30,210.0,214.45,208.95,211.25,175
2026-09-22T11:34:00+05:30,213.2,222.85,212.2,220.8,255
2026-09-22T11:35:00+05:30,221.5,227.8,219.0,219.35,632
2026-09-22T11:36:00+05:30,220.3,223.5,217.55,217.8,278
2026-09-22T11:37:00+05:30,217.95,222.5,217.15,219.05,267
2026-09-22T11:38:00+05:30,219.0,219.15,215.25,217.35,221
2026-09-22T11:39:00+05:30,217.35,224.9,216.5,223.75,213
2026-09-22T11:40:00+05:30,223.4,235.0,221.35,222.3,953
2026-09-22T11:41:00+05:30,221.45,223.2,218.9,223.2,188
2026-09-22T11:42:00+05:30,222.55,229.3,222.1,226.15,316
2026-09-22T11:43:00+05:30,226.9,229.1,224.25,226.7,816
2026-09-22T11:44:00+05:30,228.0,229.0,222.8,223.25,323
2026-09-22T11:45:00+05:30,225.35,227.95,221.8,223.4,202
2026-09-22T11:46:00+05:30,222.7,237.25,222.7,233.4,640
2026-09-22T11:47:00+05:30,234.0,237.05,228.6,230.15,602
2026-09-22T11:48:00+05:30,231.0,231.0,224.2,226.85,321
2026-09-22T11:49:00+05:30,225.55,228.3,223.85,225.5,169
2026-09-22T11:50:00+05:30,227.05,228.0,223.15,225.6,131
2026-09-22T11:51:00+05:30,226.8,229.3,224.55,228.15,152
2026-09-22T11:52:00+05:30,228.3,228.95,216.2,217.35,532
2026-09-22T11:53:00+05:30,217.15,223.05,217.15,221.75,367
2026-09-22T11:54:00+05:30,221.75,227.75,221.7,227.75,184
2026-09-22T11:55:00+05:30,228.65,229.65,225.9,226.85,164
2026-09-22T11:56:00+05:30,228.0,232.0,222.4,224.0,305
2026-09-22T11:57:00+05:30,223.6,225.65,221.25,221.75,191
2026-09-22T11:58:00+05:30,221.8,223.25,215.05,215.8,282
2026-09-22T11:59:00+05:30,215.4,218.15,214.55,215.65,292
2026-09-22T12:00:00+05:30,217.35,219.5,214.2,217.75,254
2026-09-22T12:01:00+05:30,217.75,221.5,216.25,217.2,195
2026-09-22T12:02:00+05:30,216.25,217.4,213.0,216.5,368
2026-09-22T12:03:00+05:30,217.05,217.65,206.85,208.8,385
2026-09-22T12:04:00+05:30,209.3,212.95,208.4,208.95,157
2026-09-22T12:05:00+05:30,208.9,210.6,205.1,206.7,208
2026-09-22T12:06:00+05:30,206.55,210.85,206.55,209.0,188
2026-09-22T12:07:00+05:30,211.55,214.5,211.0,213.15,133
2026-09-22T12:08:00+05:30,213.25,213.4,204.9,204.9,212
2026-09-22T12:09:00+05:30,204.9,206.7,202.65,204.3,192
2026-09-22T12:10:00+05:30,203.65,205.0,203.0,204.75,144
2026-09-22T12:11:00+05:30,205.1,208.85,204.55,208.5,197
2026-09-22T12:12:00+05:30,208.4,212.0,207.45,211.15,170
2026-09-22T12:13:00+05:30,211.35,216.8,211.35,215.55,206
2026-09-22T12:14:00+05:30,215.55,218.2,205.9,218.2,507
2026-09-22T12:15:00+05:30,218.45,223.6,218.45,219.4,296
2026-09-22T12:16:00+05:30,220.4,221.35,213.15,213.3,141
2026-09-22T12:17:00+05:30,213.35,213.35,208.0,208.45,281
2026-09-22T12:18:00+05:30,208.35,208.9,206.9,207.65,159
2026-09-22T12:19:00+05:30,207.25,207.6,200.45,202.5,201
2026-09-22T12:20:00+05:30,202.05,205.3,201.65,204.8,89
2026-09-22T12:21:00+05:30,204.6,206.25,196.7,198.4,332
2026-09-22T12:22:00+05:30,198.55,204.3,198.55,204.3,123
2026-09-22T12:23:00+05:30,205.0,205.5,201.65,204.0,99
2026-09-22T12:24:00+05:30,204.6,207.0,204.0,204.65,187
2026-09-22T12:25:00+05:30,205.95,206.1,202.5,204.7,65
2026-09-22T12:26:00+05:30,204.85,205.35,199.4,202.35,142
2026-09-22T12:27:00+05:30,201.5,204.65,199.0,201.2,199
2026-09-22T12:28:00+05:30,202.2,204.3,199.05,200.6,168
2026-09-22T12:29:00+05:30,200.35,207.0,200.35,207.0,176
2026-09-22T12:30:00+05:30,205.0,212.05,204.9,212.05,166
2026-09-22T12:31:00+05:30,211.35,213.1,207.25,207.55,82
2026-09-22T12:32:00+05:30,207.05,207.3,204.5,207.0,64
2026-09-22T12:33:00+05:30,206.6,207.0,203.4,206.95,36
2026-09-22T12:34:00+05:30,207.25,207.5,203.4,203.4,44
2026-09-22T12:35:00+05:30,203.0,204.5,201.3,203.15,76
2026-09-22T12:36:00+05:30,204.15,207.85,204.15,207.7,447
2026-09-22T12:37:00+05:30,207.85,211.35,205.15,210.4,155
2026-09-22T12:38:00+05:30,209.5,212.3,209.4,210.85,73
2026-09-22T12:39:00+05:30,212.3,217.0,212.3,214.15,156
2026-09-22T12:40:00+05:30,213.7,217.8,212.0,212.0,493
2026-09-22T12:41:00+05:30,213.05,218.0,213.05,216.9,191
2026-09-22T12:42:00+05:30,217.45,217.95,214.1,215.85,97
2026-09-22T12:43:00+05:30,216.45,223.05,214.55,223.05,240
2026-09-22T12:44:00+05:30,223.2,230.9,222.75,229.9,507
2026-09-22T12:45:00+05:30,230.2,234.35,228.65,231.65,834
2026-09-22T12:46:00+05:30,232.15,232.15,224.95,227.45,378
2026-09-22T12:47:00+05:30,228.35,229.3,224.3,225.65,242
2026-09-22T12:48:00+05:30,225.05,226.1,221.15,221.35,430
2026-09-22T12:49:00+05:30,221.05,229.0,219.55,229.0,507
2026-09-22T12:50:00+05:30,229.2,234.0,229.2,231.0,548
2026-09-22T12:51:00+05:30,231.2,235.0,227.55,233.0,408
2026-09-22T12:52:00+05:30,232.55,233.15,226.4,227.65,294
2026-09-22T12:53:00+05:30,227.85,229.75,225.0,228.0,212
2026-09-22T12:54:00+05:30,228.0,231.0,226.75,230.3,111
2026-09-22T12:55:00+05:30,230.45,239.7,229.2,238.5,288
2026-09-22T12:56:00+05:30,239.05,241.1,228.5,230.85,477
2026-09-22T12:57:00+05:30,230.3,233.15,228.45,233.15,322
2026-09-22T12:58:00+05:30,233.75,234.2,227.2,229.7,281
2026-09-22T12:59:00+05:30,229.65,232.05,228.6,231.65,127
2026-09-22T13:00:00+05:30,231.4,244.85,231.4,239.7,497
2026-09-22T13:01:00+05:30,241.0,242.2,232.2,232.9,345
2026-09-22T13:02:00+05:30,233.15,239.95,229.3,239.1,347
2026-09-22T13:03:00+05:30,239.2,243.8,239.2,241.05,422
2026-09-22T13:04:00+05:30,241.3,243.0,238.05,242.0,271
2026-09-22T13:05:00+05:30,241.9,242.95,236.6,238.0,220
2026-09-22T13:06:00+05:30,238.0,238.8,233.75,235.65,368
2026-09-22T13:07:00+05:30,236.1,236.1,230.1,231.35,191
2026-09-22T13:08:00+05:30,231.45,236.4,229.65,229.65,187
2026-09-22T13:09:00+05:30,230.0,231.6,226.55,226.9,120
2026-09-22T13:10:00+05:30,227.1,227.9,223.15,226.55,235
2026-09-22T13:11:00+05:30,226.65,232.55,226.5,230.5,188
2026-09-22T13:12:00+05:30,230.5,232.35,226.6,227.35,191
2026-09-22T13:13:00+05:30,227.0,232.55,226.65,230.3,179
2026-09-22T13:14:00+05:30,230.5,230.5,223.5,224.45,87
2026-09-22T13:15:00+05:30,224.65,226.0,220.05,224.1,314
2026-09-22T13:16:00+05:30,225.65,227.85,223.6,223.6,300
2026-09-22T13:17:00+05:30,225.0,231.85,224.1,231.4,198
2026-09-22T13:18:00+05:30,231.4,235.6,229.45,229.55,476
2026-09-22T13:19:00+05:30,229.75,229.75,226.25,227.95,107
2026-09-22T13:20:00+05:30,229.6,235.1,229.4,235.1,129
2026-09-22T13:21:00+05:30,235.5,237.95,234.4,237.0,168
2026-09-22T13:22:00+05:30,237.0,238.0,234.15,235.95,121
2026-09-22T13:23:00+05:30,236.35,237.0,233.0,234.45,192
2026-09-22T13:24:00+05:30,234.7,235.8,230.85,232.0,102
2026-09-22T13:25:00+05:30,231.9,234.25,229.9,232.8,287
2026-09-22T13:26:00+05:30,232.7,238.0,229.95,236.35,178
2026-09-22T13:27:00+05:30,236.35,237.35,231.05,231.55,202
2026-09-22T13:28:00+05:30,232.15,232.15,227.5,230.65,267
2026-09-22T13:29:00+05:30,230.6,231.45,226.55,230.0,40
2026-09-22T13:30:00+05:30,229.95,232.15,228.1,228.65,162
2026-09-22T13:31:00+05:30,228.65,230.2,226.45,229.75,132
2026-09-22T13:32:00+05:30,229.35,229.55,224.05,227.65,175
2026-09-22T13:33:00+05:30,228.0,228.3,225.3,226.1,55
2026-09-22T13:34:00+05:30,226.1,226.75,223.0,225.95,95
2026-09-22T13:35:00+05:30,227.0,229.55,222.15,223.35,111
2026-09-22T13:36:00+05:30,223.25,225.0,219.65,224.35,374
2026-09-22T13:37:00+05:30,224.1,225.65,219.05,219.5,166
2026-09-22T13:38:00+05:30,220.2,225.95,220.0,225.85,95
2026-09-22T13:39:00+05:30,224.8,225.75,221.2,222.6,71
2026-09-22T13:40:00+05:30,222.3,224.4,221.2,221.6,73
2026-09-22T13:41:00+05:30,220.55,224.0,219.4,223.3,70
2026-09-22T13:42:00+05:30,223.25,224.1,215.1,217.4,274
2026-09-22T13:43:00+05:30,220.0,225.0,219.75,223.5,159
2026-09-22T13:44:00+05:30,223.25,230.6,223.15,230.6,307
2026-09-22T13:45:00+05:30,229.85,235.05,229.15,233.25,461
2026-09-22T13:46:00+05:30,233.6,236.5,231.05,234.75,280
2026-09-22T13:47:00+05:30,234.75,235.4,228.7,230.15,102
2026-09-22T13:48:00+05:30,231.15,237.95,230.7,237.95,172
2026-09-22T13:49:00+05:30,238.0,240.5,233.0,233.0,438
2026-09-22T13:50:00+05:30,234.4,237.55,233.3,234.75,230
2026-09-22T13:51:00+05:30,236.15,240.6,234.65,237.75,215
2026-09-22T13:52:00+05:30,237.6,238.5,234.0,234.05,145
2026-09-22T13:53:00+05:30,234.45,262.95,234.3,255.45,1004
2026-09-22T13:54:00+05:30,255.4,267.6,255.3,259.55,927
2026-09-22T13:55:00+05:30,259.0,261.0,243.95,252.6,593
2026-09-22T13:56:00+05:30,252.75,257.1,251.25,254.2,266
2026-09-22T13:57:00+05:30,254.65,257.95,250.7,253.65,204
2026-09-22T13:58:00+05:30,255.1,259.55,253.5,255.7,420
2026-09-22T13:59:00+05:30,256.95,258.1,252.35,254.5,406
2026-09-22T14:00:00+05:30,254.7,267.0,254.45,263.45,634
2026-09-22T14:01:00+05:30,264.25,264.95,252.7,252.9,593
2026-09-22T14:02:00+05:30,252.55,256.35,245.25,253.95,672
2026-09-22T14:03:00+05:30,254.0,255.5,249.3,249.35,207
2026-09-22T14:04:00+05:30,249.8,253.35,243.0,243.55,523
2026-09-22T14:05:00+05:30,245.0,248.85,240.45,247.8,245
2026-09-22T14:06:00+05:30,249.5,253.65,242.6,243.65,369
2026-09-22T14:07:00+05:30,245.15,252.8,244.15,252.05,166
2026-09-22T14:08:00+05:30,251.85,254.15,251.0,251.7,225
2026-09-22T14:09:00+05:30,251.25,251.75,237.15,237.15,263
2026-09-22T14:10:00+05:30,237.8,241.8,230.6,238.15,470
2026-09-22T14:11:00+05:30,238.05,242.9,226.25,227.75,413
2026-09-22T14:12:00+05:30,228.1,235.0,211.0,216.3,1869
2026-09-22T14:13:00+05:30,215.2,221.75,214.4,217.5,755
2026-09-22T14:14:00+05:30,219.0,220.0,176.95,178.1,1971
2026-09-22T14:15:00+05:30,178.2,192.4,171.65,192.0,2933
2026-09-22T14:16:00+05:30,193.95,209.95,192.6,201.35,1329
2026-09-22T14:17:00+05:30,200.0,200.15,189.1,189.65,567
2026-09-22T14:18:00+05:30,188.0,202.7,187.35,198.6,462
2026-09-22T14:19:00+05:30,198.5,200.2,189.5,189.5,345
2026-09-22T14:20:00+05:30,190.7,193.2,182.1,184.85,477
2026-09-22T14:21:00+05:30,183.6,189.55,175.55,189.55,954
2026-09-22T14:22:00+05:30,189.75,192.0,188.0,190.4,523
2026-09-22T14:23:00+05:30,190.2,193.85,185.0,193.85,395
2026-09-22T14:24:00+05:30,192.7,199.25,190.6,197.65,235
2026-09-22T14:25:00+05:30,196.85,199.0,185.3,186.75,529
2026-09-22T14:26:00+05:30,187.65,190.7,182.8,186.5,201
2026-09-22T14:27:00+05:30,186.4,188.7,183.9,186.4,226
2026-09-22T14:28:00+05:30,185.85,190.3,185.45,185.7,77
2026-09-22T14:29:00+05:30,185.0,185.6,181.9,185.45,122
2026-09-22T14:30:00+05:30,184.8,186.0,181.2,186.0,177
2026-09-22T14:31:00+05:30,184.15,185.9,177.25,178.35,373
2026-09-22T14:32:00+05:30,178.1,179.0,169.15,173.7,390
2026-09-22T14:33:00+05:30,173.25,182.0,172.8,182.0,332
2026-09-22T14:34:00+05:30,181.9,192.65,180.85,188.9,420
2026-09-22T14:35:00+05:30,190.3,191.0,184.55,185.8,282
2026-09-22T14:36:00+05:30,185.15,185.8,178.15,180.6,140
2026-09-22T14:37:00+05:30,180.85,191.0,180.85,186.05,209
2026-09-22T14:38:00+05:30,186.05,194.5,186.05,194.5,187
2026-09-22T14:39:00+05:30,193.4,194.0,188.35,190.65,209
2026-09-22T14:40:00+05:30,190.25,196.5,189.9,196.5,210
2026-09-22T14:41:00+05:30,197.0,202.45,192.05,196.4,454
2026-09-22T14:42:00+05:30,195.65,212.4,195.65,206.4,985
2026-09-22T14:43:00+05:30,206.65,207.65,202.6,204.5,313
2026-09-22T14:44:00+05:30,203.85,203.85,198.85,200.9,396
2026-09-22T14:45:00+05:30,199.2,203.55,189.9,192.45,282
2026-09-22T14:46:00+05:30,193.85,198.45,192.65,193.85,192
2026-09-22T14:47:00+05:30,194.95,199.6,193.05,197.8,90
2026-09-22T14:48:00+05:30,197.6,203.9,196.65,202.8,296
2026-09-22T14:49:00+05:30,203.0,204.3,201.65,203.6,114
2026-09-22T14:50:00+05:30,204.2,208.7,198.25,198.35,299
2026-09-22T14:51:00+05:30,198.45,204.5,198.2,204.4,88
2026-09-22T14:52:00+05:30,205.0,208.5,201.75,202.1,258
2026-09-22T14:53:00+05:30,202.2,206.65,199.7,203.9,201
2026-09-22T14:54:00+05:30,204.05,206.05,201.55,203.65,209
2026-09-22T14:55:00+05:30,203.55,205.0,199.15,199.75,251
2026-09-22T14:56:00+05:30,199.45,207.25,199.45,202.3,171
2026-09-22T14:57:00+05:30,201.95,206.0,201.95,206.0,214
2026-09-22T14:58:00+05:30,206.55,212.9,203.3,211.4,356
2026-09-22T14:59:00+05:30,211.25,215.0,207.8,208.3,374
2026-09-22T15:00:00+05:30,209.65,214.45,207.0,213.45,286
2026-09-22T15:01:00+05:30,214.0,217.45,205.0,205.95,260
2026-09-22T15:02:00+05:30,206.1,206.95,200.2,203.55,159
2026-09-22T15:03:00+05:30,205.15,205.25,196.2,197.2,342
2026-09-22T15:04:00+05:30,196.7,202.5,196.0,202.1,180
2026-09-22T15:05:00+05:30,202.25,205.05,200.1,204.8,125
2026-09-22T15:06:00+05:30,206.0,209.3,204.7,205.4,177
2026-09-22T15:07:00+05:30,205.95,209.95,205.05,209.95,127
2026-09-22T15:08:00+05:30,210.0,213.0,208.3,210.65,391
2026-09-22T15:09:00+05:30,212.0,213.6,207.8,208.7,518
2026-09-22T15:10:00+05:30,208.85,211.9,203.1,203.25,250
2026-09-22T15:11:00+05:30,206.6,208.15,196.0,196.6,398
2026-09-22T15:12:00+05:30,197.5,201.05,191.85,193.25,366
2026-09-22T15:13:00+05:30,192.9,196.4,191.0,192.95,510
2026-09-22T15:14:00+05:30,192.5,194.95,190.55,194.95,184
2026-09-22T15:15:00+05:30,195.0,203.55,194.95,202.05,252
2026-09-22T15:16:00+05:30,201.7,201.7,193.75,193.75,212
2026-09-22T15:17:00+05:30,193.75,197.45,193.3,197.15,127
2026-09-22T15:18:00+05:30,198.25,199.35,196.9,199.3,65
2026-09-22T15:19:00+05:30,199.45,203.0,198.0,199.95,102
2026-09-22T15:20:00+05:30,200.15,205.0,196.7,199.85,708
2026-09-22T15:21:00+05:30,199.85,200.7,195.65,197.5,237
2026-09-22T15:22:00+05:30,198.5,205.15,194.85,198.1,223
2026-09-22T15:23:00+05:30,198.75,200.4,193.0,196.35,103
2026-09-22T15:24:00+05:30,196.15,197.05,194.55,195.45,128
2026-09-22T15:25:00+05:30,196.0,198.05,194.85,196.05,157
2026-09-22T15:26:00+05:30,195.0,198.6,192.0,197.45,164
2026-09-22T15:27:00+05:30,197.5,200.0,194.85,198.95,183
2026-09-22T15:28:00+05:30,198.25,200.45,198.0,200.35,170
2026-09-22T15:29:00+05:30,200.45,206.05,200.15,205.95,372
2026-09-22T15:30:00+05:30,205.45,213.4,205.45,213.4,429
2026-09-22T15:31:00+05:30,212.85,213.55,208.9,212.5,408
2026-09-22T15:32:00+05:30,212.7,213.75,211.45,212.7,306
2026-09-22T15:33:00+05:30,212.85,213.0,200.55,201.1,260
2026-09-22T15:34:00+05:30,201.1,201.1,193.45,194.0,200
2026-09-22T15:35:00+05:30,194.0,194.25,182.6,183.1,682
2026-09-22T15:36:00+05:30,183.35,183.55,180.0,180.0,285
2026-09-22T15:37:00+05:30,180.65,181.05,170.25,170.9,303
2026-09-22T15:38:00+05:30,171.15,172.9,167.1,167.85,496
2026-09-22T15:39:00+05:30,168.8,174.55,157.3,167.35,686
2026-09-23T09:15:00+05:30,165.0,195.2,158.5,176.85,2158
2026-09-23T09:16:00+05:30,178.0,178.0,160.0,163.1,1590
2026-09-23T09:17:00+05:30,162.85,165.6,156.65,158.0,1132
2026-09-23T09:18:00+05:30,157.6,159.1,148.05,155.0,1396
2026-09-23T09:19:00+05:30,155.05,155.05,147.55,149.4,656
2026-09-23T09:20:00+05:30,149.55,150.7,142.1,148.8,917
2026-09-23T09:21:00+05:30,148.35,154.1,145.8,154.1,547
2026-09-23T09:22:00+05:30,153.2,153.7,147.0,151.0,448
2026-09-23T09:23:00+05:30,151.25,157.0,147.95,156.8,405
2026-09-23T09:24:00+05:30,156.3,160.95,154.4,158.6,817
2026-09-23T09:25:00+05:30,158.3,169.95,155.65,161.55,979
2026-09-23T09:26:00+05:30,161.3,168.0,158.35,166.2,450
2026-09-23T09:27:00+05:30,165.15,166.4,157.05,160.15,379
2026-09-23T09:28:00+05:30,161.0,161.35,155.4,158.45,436
2026-09-23T09:29:00+05:30,158.25,161.9,155.0,159.75,242
2026-09-23T09:30:00+05:30,159.05,159.05,147.0,148.15,831
2026-09-23T09:31:00+05:30,147.0,156.65,144.05,153.0,725
2026-09-23T09:32:00+05:30,153.0,153.2,145.3,146.75,756
2026-09-23T09:33:00+05:30,146.3,150.05,143.65,145.0,488
2026-09-23T09:34:00+05:30,145.0,147.75,143.0,144.3,488
2026-09-23T09:35:00+05:30,143.85,147.4,140.9,145.3,595
2026-09-23T09:36:00+05:30,145.0,152.95,143.2,146.7,724
2026-09-23T09:37:00+05:30,146.65,148.15,144.75,144.75,315
2026-09-23T09:38:00+05:30,144.3,146.0,141.6,143.95,450
2026-09-23T09:39:00+05:30,143.25,152.0,142.55,152.0,324
2026-09-23T09:40:00+05:30,150.9,150.9,143.4,144.45,319
2026-09-23T09:41:00+05:30,144.45,145.4,140.65,142.0,1255
2026-09-23T09:42:00+05:30,142.45,143.0,137.85,139.75,477
2026-09-23T09:43:00+05:30,139.7,141.55,139.0,140.1,266
2026-09-23T09:44:00+05:30,140.3,143.3,135.3,137.0,2579
2026-09-23T09:45:00+05:30,136.75,136.75,131.65,136.25,2157
2026-09-23T09:46:00+05:30,136.25,137.0,132.6,135.55,424
2026-09-23T09:47:00+05:30,135.35,135.75,133.0,133.9,267
2026-09-23T09:48:00+05:30,133.4,141.2,131.8,141.2,740
2026-09-23T09:49:00+05:30,141.7,147.8,140.95,142.2,550
2026-09-23T09:50:00+05:30,141.8,147.85,141.75,145.1,285
2026-09-23T09:51:00+05:30,145.5,147.15,142.0,144.2,386
2026-09-23T09:52:00+05:30,143.85,145.8,140.15,142.25,461
2026-09-23T09:53:00+05:30,141.65,146.4,139.5,145.9,235
2026-09-23T09:54:00+05:30,145.65,155.0,145.65,150.85,810
2026-09-23T09:55:00+05:30,150.15,151.6,147.3,147.9,349
2026-09-23T09:56:00+05:30,147.7,147.7,140.95,141.25,371
2026-09-23T09:57:00+05:30,140.55,140.85,135.6,138.35,713
2026-09-23T09:58:00+05:30,139.3,140.75,134.4,135.2,429
2026-09-23T09:59:00+05:30,134.7,135.8,127.15,129.2,880
2026-09-23T10:00:00+05:30,128.65,131.5,119.95,124.05,2323
2026-09-23T10:01:00+05:30,123.85,126.95,121.7,126.9,1195
2026-09-23T10:02:00+05:30,126.6,127.4,123.5,125.7,446
2026-09-23T10:03:00+05:30,125.55,126.9,121.55,122.9,619
2026-09-23T10:04:00+05:30,123.15,125.0,121.0,122.15,361
2026-09-23T10:05:00+05:30,122.0,124.0,120.6,121.35,412
2026-09-23T10:06:00+05:30,120.75,124.0,119.55,124.0,816
2026-09-23T10:07:00+05:30,124.1,126.15,123.05,125.8,462
2026-09-23T10:08:00+05:30,126.55,127.8,123.25,124.4,589
2026-09-23T10:09:00+05:30,125.3,125.9,122.7,123.55,339
2026-09-23T10:10:00+05:30,124.3,127.3,121.8,126.95,319
2026-09-23T10:11:00+05:30,127.35,130.0,126.3,129.95,657
2026-09-23T10:12:00+05:30,129.55,129.55,123.95,126.15,329
2026-09-23T10:13:00+05:30,125.95,126.15,120.0,122.25,390
2026-09-23T10:14:00+05:30,121.95,123.65,120.95,122.7,331
2026-09-23T10:15:00+05:30,122.15,122.25,118.3,118.5,581
2026-09-23T10:16:00+05:30,118.5,120.45,115.7,118.05,499
2026-09-23T10:17:00+05:30,117.8,118.35,115.05,116.4,660
2026-09-23T10:18:00+05:30,115.6,116.65,113.0,116.15,727
2026-09-23T10:19:00+05:30,115.85,119.05,115.2,117.0,329
2026-09-23T10:20:00+05:30,116.15,118.6,114.2,116.25,832
2026-09-23T10:21:00+05:30,116.0,116.7,113.65,115.05,169
2026-09-23T10:22:00+05:30,114.95,117.85,113.5,117.55,431
2026-09-23T10:23:00+05:30,116.75,117.2,113.4,114.9,787
2026-09-23T10:24:00+05:30,114.65,119.6,114.5,118.3,602
2026-09-23T10:25:00+05:30,118.15,118.85,115.7,116.6,255
2026-09-23T10:26:00+05:30,116.0,118.15,114.65,115.6,256
2026-09-23T10:27:00+05:30,115.4,116.4,113.0,114.25,201
2026-09-23T10:28:00+05:30,114.4,114.4,110.1,112.3,488
2026-09-23T10:29:00+05:30,112.05,113.25,111.65,112.35,208
2026-09-23T10:30:00+05:30,112.25,115.45,110.3,113.4,371
2026-09-23T10:31:00+05:30,113.4,115.8,113.0,114.4,174
2026-09-23T10:32:00+05:30,113.7,116.45,113.2,114.2,319
2026-09-23T10:33:00+05:30,115.0,117.0,113.65,113.95,152
2026-09-23T10:34:00+05:30,113.75,114.55,112.55,114.55,172
2026-09-23T10:35:00+05:30,113.4,116.65,111.55,116.65,236
2026-09-23T10:36:00+05:30,116.65,116.65,112.55,113.7,169
2026-09-23T10:37:00+05:30,113.15,113.7,108.9,109.6,498
2026-09-23T10:38:00+05:30,108.9,110.5,107.6,108.0,480
2026-09-23T10:39:00+05:30,107.65,108.65,106.0,107.35,444
2026-09-23T10:40:00+05:30,107.1,109.55,105.65,107.65,419
2026-09-23T10:41:00+05:30,107.05,110.75,106.7,110.45,334
2026-09-23T10:42:00+05:30,110.2,110.45,107.1,110.3,360
2026-09-23T10:43:00+05:30,109.4,109.9,107.55,107.55,219
2026-09-23T10:44:00+05:30,108.1,108.1,105.4,105.6,496
2026-09-23T10:45:00+05:30,105.7,107.0,104.75,106.4,448
2026-09-23T10:46:00+05:30,105.95,108.15,104.35,107.55,793
2026-09-23T10:47:00+05:30,107.15,108.25,105.25,108.0,451
2026-09-23T10:48:00+05:30,107.8,109.65,107.6,108.35,190
2026-09-23T10:49:00+05:30,108.35,112.2,107.6,110.0,567
2026-09-23T10:50:00+05:30,110.4,110.4,107.65,108.35,120
2026-09-23T10:51:00+05:30,107.9,109.5,107.65,108.75,394
2026-09-23T10:52:00+05:30,108.7,108.8,105.1,106.45,184
2026-09-23T10:53:00+05:30,106.35,107.3,103.45,103.6,176
2026-09-23T10:54:00+05:30,104.65,107.8,102.85,106.55,954
2026-09-23T10:55:00+05:30,106.45,107.0,103.8,104.75,751
2026-09-23T10:56:00+05:30,104.45,105.7,102.6,104.85,435
2026-09-23T10:57:00+05:30,104.9,105.2,102.7,103.75,287
2026-09-23T10:58:00+05:30,104.1,104.2,102.2,103.0,272
2026-09-23T10:59:00+05:30,102.55,104.35,102.55,103.5,256
2026-09-23T11:00:00+05:30,103.1,104.75,102.5,103.05,221
2026-09-23T11:01:00+05:30,103.0,104.05,101.5,102.4,274
2026-09-23T11:02:00+05:30,101.7,102.45,101.0,101.4,219
2026-09-23T11:03:00+05:30,101.4,102.95,100.3,102.65,410
2026-09-23T11:04:00+05:30,103.0,104.65,101.8,103.9,323
2026-09-23T11:05:00+05:30,104.0,104.65,100.45,101.3,892
2026-09-23T11:06:00+05:30,101.15,101.15,99.3,99.85,603
2026-09-23T11:07:00+05:30,100.0,101.0,97.7,98.75,655
2026-09-23T11:08:00+05:30,99.3,101.15,99.2,100.25,1438
2026-09-23T11:09:00+05:30,99.95,101.3,99.8,100.65,1253
2026-09-23T11:10:00+05:30,100.6,100.9,99.0,100.1,413
2026-09-23T11:11:00+05:30,100.15,100.35,98.2,99.65,390
2026-09-23T11:12:00+05:30,99.8,100.35,99.0,99.35,686
2026-09-23T11:13:00+05:30,99.55,100.2,98.5,99.9,392
2026-09-23T11:14:00+05:30,99.7,99.95,98.85,99.45,405
2026-09-23T11:15:00+05:30,99.35,101.9,99.35,101.65,347
2026-09-23T11:16:00+05:30,101.8,105.0,101.7,104.65,456
2026-09-23T11:17:00+05:30,104.6,106.0,104.0,105.7,395
2026-09-23T11:18:00+05:30,105.55,107.0,104.55,106.55,434
2026-09-23T11:19:00+05:30,106.45,108.2,105.45,107.65,245
2026-09-23T11:20:00+05:30,107.5,107.5,105.15,106.8,175
2026-09-23T11:21:00+05:30,106.5,106.85,105.4,106.55,188
2026-09-23T11:22:00+05:30,106.75,106.75,104.35,105.8,161
2026-09-23T11:23:00+05:30,105.85,106.55,105.0,106.4,266
2026-09-23T11:24:00+05:30,106.45,106.45,105.1,105.6,168
2026-09-23T11:25:00+05:30,106.4,107.05,103.25,104.05,146
2026-09-23T11:26:00+05:30,104.1,104.15,101.35,104.0,305
2026-09-23T11:27:00+05:30,103.7,106.3,103.7,106.3,116
2026-09-23T11:28:00+05:30,105.75,106.95,105.7,106.85,160
2026-09-23T11:29:00+05:30,106.6,106.7,105.65,106.6,434
2026-09-23T11:30:00+05:30,106.6,107.3,103.8,106.5,384
2026-09-23T11:31:00+05:30,106.55,108.1,105.15,106.55,240
2026-09-23T11:32:00+05:30,106.4,106.4,103.3,104.25,256
2026-09-23T11:33:00+05:30,104.65,105.7,102.8,102.95,284
2026-09-23T11:34:00+05:30,103.3,105.6,103.0,105.2,141
2026-09-23T11:35:00+05:30,104.75,107.0,104.75,106.55,279
2026-09-23T11:36:00+05:30,106.65,107.15,105.45,106.05,168
2026-09-23T11:37:00+05:30,106.5,106.6,105.2,106.5,99
2026-09-23T11:38:00+05:30,106.25,106.6,105.5,106.5,29
2026-09-23T11:39:00+05:30,106.15,106.8,105.55,105.85,110
2026-09-23T11:40:00+05:30,105.25,105.35,104.35,104.55,96
2026-09-23T11:41:00+05:30,104.35,104.35,102.75,103.0,127
2026-09-23T11:42:00+05:30,103.0,103.65,102.0,102.45,215
2026-09-23T11:43:00+05:30,102.3,102.3,100.35,101.05,171
2026-09-23T11:44:00+05:30,100.8,102.25,100.8,101.6,189
2026-09-23T11:45:00+05:30,101.0,104.45,101.0,103.7,206
2026-09-23T11:46:00+05:30,103.5,104.25,102.25,102.3,133
2026-09-23T11:47:00+05:30,102.15,104.0,102.15,103.2,212
2026-09-23T11:48:00+05:30,102.5,105.0,102.25,104.65,132
2026-09-23T11:49:00+05:30,104.7,107.9,104.65,107.9,180
2026-09-23T11:50:00+05:30,107.45,109.5,107.3,109.4,309
2026-09-23T11:51:00+05:30,109.5,111.3,107.25,110.45,282
2026-09-23T11:52:00+05:30,110.55,111.25,107.55,107.7,420
2026-09-23T11:53:00+05:30,107.75,108.0,106.5,106.5,148
2026-09-23T11:54:00+05:30,106.2,107.1,105.6,107.05,191
2026-09-23T11:55:00+05:30,107.0,108.1,106.15,108.05,137
2026-09-23T11:56:00+05:30,108.0,109.35,108.0,109.35,81
2026-09-23T11:57:00+05:30,109.3,110.5,109.2,110.5,233
2026-09-23T11:58:00+05:30,110.35,110.35,108.75,109.65,592
2026-09-23T11:59:00+05:30,109.0,109.85,107.95,109.1,78
2026-09-23T12:00:00+05:30,109.2,109.3,107.65,108.15,109
2026-09-23T12:01:00+05:30,108.1,108.1,102.2,102.2,294
2026-09-23T12:02:00+05:30,102.45,104.55,101.05,102.2,229
2026-09-23T12:03:00+05:30,101.4,103.05,100.95,102.1,144
2026-09-23T12:04:00+05:30,101.95,103.5,101.25,102.0,136
2026-09-23T12:05:00+05:30,101.8,103.8,99.6,101.85,457
2026-09-23T12:06:00+05:30,101.75,102.15,98.95,99.8,329
2026-09-23T12:07:00+05:30,99.65,102.55,99.1,102.5,180
2026-09-23T12:08:00+05:30,102.6,104.35,101.55,104.2,107
2026-09-23T12:09:00+05:30,104.0,105.25,103.35,103.35,265
2026-09-23T12:10:00+05:30,103.5,104.2,102.2,104.2,168
2026-09-23T12:11:00+05:30,103.15,103.8,102.35,103.05,56
2026-09-23T12:12:00+05:30,102.45,102.8,101.65,102.45,241
2026-09-23T12:13:00+05:30,101.55,103.5,101.0,102.6,122
2026-09-23T12:14:00+05:30,102.55,103.0,101.5,102.65,148
2026-09-23T12:15:00+05:30,102.6,104.6,102.6,103.95,128
2026-09-23T12:16:00+05:30,103.85,105.0,102.75,104.25,129
2026-09-23T12:17:00+05:30,104.05,104.3,102.9,103.5,121
2026-09-23T12:18:00+05:30,103.6,103.6,102.05,102.9,133
2026-09-23T12:19:00+05:30,103.0,103.4,101.65,101.65,577
2026-09-23T12:20:00+05:30,101.95,103.7,101.25,102.55,115
2026-09-23T12:21:00+05:30,102.6,103.85,102.6,103.7,33
2026-09-23T12:22:00+05:30,103.9,104.9,103.5,104.3,276
2026-09-23T12:23:00+05:30,103.55,105.0,103.25,105.0,83
2026-09-23T12:24:00+05:30,104.95,105.75,103.5,105.2,233
2026-09-23T12:25:00+05:30,105.0,107.45,105.0,107.1,176
2026-09-23T12:26:00+05:30,107.05,107.05,104.6,106.0,71
2026-09-23T12:27:00+05:30,105.85,105.85,104.7,105.25,43
2026-09-23T12:28:00+05:30,104.45,105.25,104.35,104.75,33
2026-09-23T12:29:00+05:30,104.5,106.1,104.15,104.85,69
2026-09-23T12:30:00+05:30,104.25,106.15,103.8,106.1,76
2026-09-23T12:31:00+05:30,106.1,106.1,104.0,104.95,124
2026-09-23T12:32:00+05:30,104.85,105.15,102.6,102.8,130
2026-09-23T12:33:00+05:30,102.7,103.0,100.5,100.75,244
2026-09-23T12:34:00+05:30,100.75,103.55,99.3,102.05,274
2026-09-23T12:35:00+05:30,101.75,102.6,100.8,102.0,118
2026-09-23T12:36:00+05:30,102.0,103.5,101.0,103.2,124
2026-09-23T12:37:00+05:30,102.75,104.25,102.55,103.75,52
2026-09-23T12:38:00+05:30,103.7,103.85,102.85,102.85,88
2026-09-23T12:39:00+05:30,103.05,103.9,102.85,103.25,86
2026-09-23T12:40:00+05:30,103.15,103.65,102.8,102.8,45
2026-09-23T12:41:00+05:30,102.65,102.85,101.0,102.15,88
2026-09-23T12:42:00+05:30,101.95,102.8,101.85,102.35,56
2026-09-23T12:43:00+05:30,102.35,103.2,100.6,103.2,86
2026-09-23T12:44:00+05:30,103.25,103.85,102.7,103.85,94
2026-09-23T12:45:00+05:30,103.7,105.65,103.0,103.95,68
2026-09-23T12:46:00+05:30,104.1,106.0,104.0,105.9,67
2026-09-23T12:47:00+05:30,105.7,108.6,105.7,108.35,494
2026-09-23T12:48:00+05:30,108.7,109.15,107.3,107.3,164
2026-09-23T12:49:00+05:30,107.0,107.0,105.6,105.9,202
2026-09-23T12:50:00+05:30,105.85,106.7,105.35,105.65,172
2026-09-23T12:51:00+05:30,105.3,106.9,104.25,106.9,88
2026-09-23T12:52:00+05:30,106.7,110.15,106.7,108.3,198
2026-09-23T12:53:00+05:30,107.85,111.6,107.6,111.35,243
2026-09-23T12:54:00+05:30,110.95,112.95,109.55,111.0,313
2026-09-23T12:55:00+05:30,110.9,111.0,108.9,109.95,2187
2026-09-23T12:56:00+05:30,110.1,110.9,106.4,107.85,196
2026-09-23T12:57:00+05:30,107.55,107.75,104.45,105.4,233
2026-09-23T12:58:00+05:30,105.6,105.7,104.0,105.45,119
2026-09-23T12:59:00+05:30,105.0,105.95,103.9,104.0,117
2026-09-23T13:00:00+05:30,104.6,106.55,104.0,104.1,151
2026-09-23T13:01:00+05:30,104.15,104.25,101.45,103.8,316
2026-09-23T13:02:00+05:30,102.8,103.85,99.15,100.1,627
2026-09-23T13:03:00+05:30,99.75,101.4,98.1,98.7,323
2026-09-23T13:04:00+05:30,98.6,101.3,98.55,99.6,168
2026-09-23T13:05:00+05:30,99.65,102.2,98.35,101.7,188
2026-09-23T13:06:00+05:30,101.8,102.0,99.0,100.5,136
2026-09-23T13:07:00+05:30,100.35,100.45,94.7,95.8,928
2026-09-23T13:08:00+05:30,95.95,97.65,95.35,97.4,241
2026-09-23T13:09:00+05:30,97.6,99.3,97.6,98.6,240
2026-09-23T13:10:00+05:30,98.65,100.35,98.2,100.1,222
2026-09-23T13:11:00+05:30,100.0,102.1,99.85,100.5,259
2026-09-23T13:12:00+05:30,100.3,101.7,100.3,101.25,85
2026-09-23T13:13:00+05:30,101.0,101.8,100.25,101.0,126
2026-09-23T13:14:00+05:30,101.55,101.85,100.75,100.9,54
2026-09-23T13:15:00+05:30,100.9,101.35,99.75,100.5,141
2026-09-23T13:16:00+05:30,100.15,100.45,98.9,98.95,89
2026-09-23T13:17:00+05:30,98.9,102.0,98.85,101.8,78
2026-09-23T13:18:00+05:30,101.8,102.4,101.0,101.85,106
2026-09-23T13:19:00+05:30,101.5,102.3,100.45,101.45,48
2026-09-23T13:20:00+05:30,101.6,102.3,101.2,102.1,32
2026-09-23T13:21:00+05:30,102.2,102.6,100.6,102.4,171
2026-09-23T13:22:00+05:30,101.55,102.2,100.9,101.9,98
2026-09-23T13:23:00+05:30,102.0,102.2,101.2,101.4,41
2026-09-23T13:24:00+05:30,101.45,102.5,100.85,101.95,63
2026-09-23T13:25:00+05:30,101.75,101.9,100.5,101.45,18
2026-09-23T13:26:00+05:30,101.45,102.5,101.0,102.0,38
2026-09-23T13:27:00+05:30,101.75,103.0,101.5,102.6,104
2026-09-23T13:28:00+05:30,102.1,103.0,102.0,102.25,108
2026-09-23T13:29:00+05:30,102.5,104.55,101.85,104.05,79
2026-09-23T13:30:00+05:30,103.25,105.4,102.7,105.1,208
2026-09-23T13:31:00+05:30,104.25,105.0,102.2,105.0,167
2026-09-23T13:32:00+05:30,105.0,106.65,103.5,106.05,172
2026-09-23T13:33:00+05:30,106.25,108.0,104.9,107.6,264
2026-09-23T13:34:00+05:30,107.55,108.1,105.75,107.45,505
2026-09-23T13:35:00+05:30,108.5,110.0,106.9,109.1,860
2026-09-23T13:36:00+05:30,109.05,109.65,107.8,108.1,356
2026-09-23T13:37:00+05:30,107.85,107.85,105.15,106.6,176
2026-09-23T13:38:00+05:30,106.15,107.0,104.95,105.6,111
2026-09-23T13:39:00+05:30,105.2,106.4,104.8,105.0,55
2026-09-23T13:40:00+05:30,104.6,105.9,104.2,105.6,57
2026-09-23T13:41:00+05:30,105.5,107.0,103.3,103.55,336
2026-09-23T13:42:00+05:30,103.35,105.4,102.15,103.45,139
2026-09-23T13:43:00+05:30,103.2,103.55,101.45,102.05,216
2026-09-23T13:44:00+05:30,102.15,103.0,99.65,100.1,250
2026-09-23T13:45:00+05:30,100.0,100.4,98.15,99.2,197
2026-09-23T13:46:00+05:30,98.65,99.75,98.5,98.8,274
2026-09-23T13:47:00+05:30,98.8,102.1,98.3,99.65,87
2026-09-23T13:48:00+05:30,99.65,100.55,98.75,98.75,76
2026-09-23T13:49:00+05:30,98.8,99.5,98.4,99.15,145
2026-09-23T13:50:00+05:30,98.85,100.55,98.8,100.35,100
2026-09-23T13:51:00+05:30,100.0,101.45,99.1,101.25,163
2026-09-23T13:52:00+05:30,101.15,101.85,100.6,101.8,109
2026-09-23T13:53:00+05:30,101.45,101.8,100.0,100.0,92
2026-09-23T13:54:00+05:30,99.75,100.3,98.2,99.0,142
2026-09-23T13:55:00+05:30,99.2,100.0,98.0,100.0,108
2026-09-23T13:56:00+05:30,99.85,100.35,99.15,100.35,124
2026-09-23T13:57:00+05:30,100.2,101.8,99.75,101.05,112
2026-09-23T13:58:00+05:30,101.05,101.5,100.75,101.45,126
2026-09-23T13:59:00+05:30,101.25,101.8,100.65,101.15,117
2026-09-23T14:00:00+05:30,101.15,101.6,99.75,100.7,172
2026-09-23T14:01:00+05:30,100.75,101.2,99.8,100.1,95
2026-09-23T14:02:00+05:30,100.1,100.45,98.6,98.75,105
2026-09-23T14:03:00+05:30,98.5,99.7,95.65,95.75,519
2026-09-23T14:04:00+05:30,95.9,97.3,95.1,96.9,323
2026-09-23T14:05:00+05:30,96.5,97.4,95.85,96.95,104
2026-09-23T14:06:00+05:30,96.85,97.2,95.1,95.3,136
2026-09-23T14:07:00+05:30,95.75,97.0,93.25,94.85,467
2026-09-23T14:08:00+05:30,94.7,95.8,94.2,94.45,168
2026-09-23T14:09:00+05:30,94.1,95.0,92.15,92.85,286
2026-09-23T14:10:00+05:30,92.3,93.1,91.45,91.5,449
2026-09-23T14:11:00+05:30,91.35,92.0,89.8,90.95,569
2026-09-23T14:12:00+05:30,90.6,91.55,89.6,90.95,311
2026-09-23T14:13:00+05:30,90.95,91.1,89.1,90.2,210
2026-09-23T14:14:00+05:30,90.25,92.55,89.8,90.45,311
2026-09-23T14:15:00+05:30,90.05,91.55,89.75,90.85,171
2026-09-23T14:16:00+05:30,91.0,92.15,90.9,91.75,93
2026-09-23T14:17:00+05:30,91.85,93.45,91.45,92.6,162
2026-09-23T14:18:00+05:30,92.45,92.5,89.6,89.8,145
2026-09-23T14:19:00+05:30,89.7,92.3,88.85,91.45,292
2026-09-23T14:20:00+05:30,91.4,92.85,91.35,92.65,234
2026-09-23T14:21:00+05:30,92.35,93.0,91.3,91.55,87
2026-09-23T14:22:00+05:30,91.75,93.0,91.3,92.0,144
2026-09-23T14:23:00+05:30,92.1,92.1,89.35,89.9,204
2026-09-23T14:24:00+05:30,89.6,91.75,89.6,91.45,302
2026-09-23T14:25:00+05:30,90.95,92.5,90.75,91.9,189
2026-09-23T14:26:00+05:30,91.75,92.3,90.9,91.75,38
2026-09-23T14:27:00+05:30,91.45,91.45,90.0,90.0,136
2026-09-23T14:28:00+05:30,90.5,91.05,88.6,89.5,212
2026-09-23T14:29:00+05:30,89.15,90.75,88.15,88.25,250
2026-09-23T14:30:00+05:30,88.35,88.9,87.05,87.85,1517
2026-09-23T14:31:00+05:30,87.8,90.9,86.55,89.7,443
2026-09-23T14:32:00+05:30,89.9,90.2,89.0,89.0,885
2026-09-23T14:33:00+05:30,89.35,91.35,89.2,91.35,227
2026-09-23T14:34:00+05:30,91.15,91.65,90.5,91.25,219
2026-09-23T14:35:00+05:30,91.1,94.7,91.1,94.45,443
2026-09-23T14:36:00+05:30,94.15,95.6,92.8,93.8,279
2026-09-23T14:37:00+05:30,93.7,95.3,93.0,93.35,197
2026-09-23T14:38:00+05:30,92.95,95.75,92.95,94.25,206
2026-09-23T14:39:00+05:30,94.05,95.25,93.8,94.75,1247
2026-09-23T14:40:00+05:30,94.15,96.95,94.15,96.3,166
2026-09-23T14:41:00+05:30,95.95,97.4,95.95,97.0,331
2026-09-23T14:42:00+05:30,96.8,98.5,95.0,97.25,281
2026-09-23T14:43:00+05:30,97.3,98.9,96.2,97.0,629
2026-09-23T14:44:00+05:30,96.75,97.25,96.05,96.05,173
2026-09-23T14:45:00+05:30,96.25,97.1,94.8,96.15,214
2026-09-23T14:46:00+05:30,96.4,98.55,94.8,96.2,304
2026-09-23T14:47:00+05:30,96.25,99.5,96.25,99.5,393
2026-09-23T14:48:00+05:30,99.5,100.0,97.15,98.65,227
2026-09-23T14:49:00+05:30,98.45,99.15,97.2,98.3,328
2026-09-23T14:50:00+05:30,98.6,101.2,98.3,99.65,466
2026-09-23T14:51:00+05:30,99.6,100.05,97.75,98.65,265
2026-09-23T14:52:00+05:30,98.6,100.85,96.8,100.0,844
2026-09-23T14:53:00+05:30,100.75,100.75,99.4,99.6,100
2026-09-23T14:54:00+05:30,99.65,99.85,97.95,98.25,202
2026-09-23T14:55:00+05:30,98.65,98.65,95.25,96.7,222
2026-09-23T14:56:00+05:30,96.65,98.65,96.1,98.5,283
2026-09-23T14:57:00+05:30,98.55,100.1,98.3,100.05,446
2026-09-23T14:58:00+05:30,99.75,101.85,98.7,101.85,547
2026-09-23T14:59:00+05:30,101.65,102.35,97.7,100.45,395
2026-09-23T15:00:00+05:30,100.65,102.35,99.6,101.0,422
2026-09-23T15:01:00+05:30,101.0,102.45,99.45,101.85,831
2026-09-23T15:02:00+05:30,102.4,105.5,102.4,105.0,908
2026-09-23T15:03:00+05:30,105.0,106.9,104.35,106.0,1725
2026-09-23T15:04:00+05:30,105.85,107.0,102.1,102.7,513
2026-09-23T15:05:00+05:30,102.8,103.6,100.15,101.1,1339
2026-09-23T15:06:00+05:30,101.35,101.85,97.95,99.0,527
2026-09-23T15:07:00+05:30,99.05,101.6,98.5,100.0,164
2026-09-23T15:08:00+05:30,100.1,100.5,98.6,100.35,152
2026-09-23T15:09:00+05:30,100.2,100.9,98.65,100.7,312
2026-09-23T15:10:00+05:30,101.0,102.95,100.35,101.7,443
2026-09-23T15:11:00+05:30,102.0,102.15,96.65,97.2,376
2026-09-23T15:12:00+05:30,97.15,98.3,94.75,96.05,408
2026-09-23T15:13:00+05:30,95.65,96.75,93.35,94.5,531
2026-09-23T15:14:00+05:30,95.0,95.15,90.0,91.6,632
2026-09-23T15:15:00+05:30,91.1,92.45,87.5,87.5,538
2026-09-23T15:16:00+05:30,87.7,91.0,87.45,90.7,335
2026-09-23T15:17:00+05:30,90.65,92.25,90.35,91.0,745
2026-09-23T15:18:00+05:30,91.55,94.65,91.35,93.35,210
2026-09-23T15:19:00+05:30,93.35,93.5,90.1,91.65,541
2026-09-23T15:20:00+05:30,91.7,93.45,89.55,91.2,303
2026-09-23T15:21:00+05:30,91.4,92.35,91.0,92.3,194
2026-09-23T15:22:00+05:30,91.8,92.5,90.95,91.45,309
2026-09-23T15:23:00+05:30,91.5,92.75,91.0,92.5,178
2026-09-23T15:24:00+05:30,92.4,92.55,89.65,89.8,490
2026-09-23T15:25:00+05:30,90.15,90.9,89.9,90.2,554
2026-09-23T15:26:00+05:30,90.45,91.25,89.15,89.35,544
2026-09-23T15:27:00+05:30,89.2,90.15,89.15,89.95,332
2026-09-23T15:28:00+05:30,89.95,90.1,88.55,89.25,318
2026-09-23T15:29:00+05:30,89.2,90.0,87.25,87.25,376
2026-09-23T15:30:00+05:30,87.55,87.9,85.45,85.45,615
2026-09-23T15:31:00+05:30,85.5,86.15,84.7,85.55,210
2026-09-23T15:32:00+05:30,85.75,87.85,85.6,87.3,271
2026-09-23T15:33:00+05:30,87.4,88.0,87.05,88.0,74
2026-09-23T15:34:00+05:30,88.0,89.75,87.5,88.0,216
2026-09-23T15:35:00+05:30,88.45,89.0,88.0,88.35,224
2026-09-23T15:36:00+05:30,88.75,88.85,87.8,88.55,186
2026-09-23T15:37:00+05:30,88.65,88.65,86.7,87.8,485
2026-09-23T15:38:00+05:30,87.9,87.95,85.35,86.1,567
2026-09-23T15:39:00+05:30,86.2,86.2,84.0,86.0,204
2026-09-24T09:15:00+05:30,270.0,384.8,220.7,260.95,9823
2026-09-24T09:16:00+05:30,260.55,296.2,258.75,284.2,5149
2026-09-24T09:17:00+05:30,284.05,354.0,282.55,348.3,10220
2026-09-24T09:18:00+05:30,349.6,364.0,339.3,351.6,4180
2026-09-24T09:19:00+05:30,353.0,391.95,333.75,385.75,3847
2026-09-24T09:20:00+05:30,383.0,388.0,368.9,375.85,2804
2026-09-24T09:21:00+05:30,376.05,398.75,368.55,387.45,1976
2026-09-24T09:22:00+05:30,386.05,397.65,355.3,357.8,1686
2026-09-24T09:23:00+05:30,358.35,360.0,338.0,346.75,2297
2026-09-24T09:24:00+05:30,346.75,355.95,339.25,355.25,1389
2026-09-24T09:25:00+05:30,354.5,383.65,351.8,376.95,1893
2026-09-24T09:26:00+05:30,377.95,384.8,364.3,382.3,1053
2026-09-24T09:27:00+05:30,382.3,402.0,381.7,391.75,2480
2026-09-24T09:28:00+05:30,391.75,398.85,378.9,388.95,1101
2026-09-24T09:29:00+05:30,390.0,398.2,385.15,393.05,823
2026-09-24T09:30:00+05:30,392.6,420.0,391.2,418.2,2115
2026-09-24T09:31:00+05:30,418.0,429.85,409.0,423.5,2117
2026-09-24T09:32:00+05:30,423.5,427.25,410.0,420.75,1776
2026-09-24T09:33:00+05:30,420.3,432.5,418.35,422.15,1458
2026-09-24T09:34:00+05:30,421.75,425.7,417.45,418.2,1044
2026-09-24T09:35:00+05:30,418.2,423.55,408.25,418.95,1454
2026-09-24T09:36:00+05:30,419.85,425.0,414.95,417.85,760
2026-09-24T09:37:00+05:30,416.85,433.15,416.8,430.65,1059
2026-09-24T09:38:00+05:30,431.7,469.45,428.8,464.05,1481
2026-09-24T09:39:00+05:30,465.7,487.0,455.8,479.75,1556
2026-09-24T09:40:00+05:30,480.05,487.15,463.45,463.5,1687
2026-09-24T09:41:00+05:30,463.05,486.0,462.75,479.15,621
2026-09-24T09:42:00+05:30,480.35,493.3,478.0,480.85,702
2026-09-24T09:43:00+05:30,482.25,518.3,480.0,510.0,1260
2026-09-24T09:44:00+05:30,511.0,529.6,506.1,520.3,1366
2026-09-24T09:45:00+05:30,520.0,547.55,502.85,505.15,1260
2026-09-24T09:46:00+05:30,503.55,517.85,493.35,514.45,740
2026-09-24T09:47:00+05:30,512.85,522.45,508.2,520.1,445
2026-09-24T09:48:00+05:30,521.1,521.45,506.0,511.15,475
2026-09-24T09:49:00+05:30,509.8,510.3,489.1,490.45,465
2026-09-24T09:50:00+05:30,493.9,506.25,484.75,486.0,376
2026-09-24T09:51:00+05:30,484.25,504.8,481.55,503.65,492
2026-09-24T09:52:00+05:30,502.5,510.0,495.0,509.25,401
2026-09-24T09:53:00+05:30,508.0,515.7,505.05,513.85,214
2026-09-24T09:54:00+05:30,514.9,516.0,510.6,512.0,147
2026-09-24T09:55:00+05:30,513.0,522.65,508.75,511.2,451
2026-09-24T09:56:00+05:30,510.0,516.65,506.25,514.7,447
2026-09-24T09:57:00+05:30,512.8,515.0,509.0,509.65,295
2026-09-24T09:58:00+05:30,511.65,512.7,497.25,502.55,263
2026-09-24T09:59:00+05:30,503.5,510.9,495.5,500.4,290
2026-09-24T10:00:00+05:30,502.0,506.45,486.0,486.0,294
2026-09-24T10:01:00+05:30,485.0,487.3,477.0,485.0,356
2026-09-24T10:02:00+05:30,483.35,488.0,468.95,470.45,580
2026-09-24T10:03:00+05:30,471.75,474.25,454.35,456.05,622
2026-09-24T10:04:00+05:30,456.0,465.2,444.25,463.0,723
2026-09-24T10:05:00+05:30,465.8,481.15,462.65,469.45,707
2026-09-24T10:06:00+05:30,470.8,483.55,470.3,476.35,351
2026-09-24T10:07:00+05:30,475.7,477.1,464.4,469.85,188
2026-09-24T10:08:00+05:30,463.45,466.0,443.0,444.6,359
2026-09-24T10:09:00+05:30,443.75,445.65,432.15,440.35,685
2026-09-24T10:10:00+05:30,439.7,457.95,437.7,452.95,508
2026-09-24T10:11:00+05:30,455.1,471.9,453.05,460.25,472
2026-09-24T10:12:00+05:30,463.7,475.0,461.6,475.0,242
2026-09-24T10:13:00+05:30,475.1,491.0,466.0,488.0,409
2026-09-24T10:14:00+05:30,487.85,494.95,483.95,487.7,695
2026-09-24T10:15:00+05:30,488.25,490.4,477.85,480.0,305
2026-09-24T10:16:00+05:30,478.4,485.0,476.95,484.0,514
2026-09-24T10:17:00+05:30,484.0,492.9,484.0,486.2,580
2026-09-24T10:18:00+05:30,487.15,493.0,482.3,490.35,244
2026-09-24T10:19:00+05:30,491.8,499.0,473.75,473.75,482
2026-09-24T10:20:00+05:30,474.65,488.2,473.9,484.75,142
2026-09-24T10:21:00+05:30,484.8,498.0,484.1,496.6,249
2026-09-24T10:22:00+05:30,496.9,507.0,494.35,505.5,310
2026-09-24T10:23:00+05:30,505.3,505.8,493.65,499.9,229
2026-09-24T10:24:00+05:30,500.0,502.75,493.9,498.05,196
2026-09-24T10:25:00+05:30,499.25,512.0,498.45,504.05,200
2026-09-24T10:26:00+05:30,505.3,510.0,489.4,492.55,224
2026-09-24T10:27:00+05:30,489.75,495.0,483.75,491.75,189
2026-09-24T10:28:00+05:30,492.35,506.05,489.8,503.25,204
2026-09-24T10:29:00+05:30,502.8,503.25,493.15,496.65,93
2026-09-24T10:30:00+05:30,495.7,503.2,492.5,492.5,81
2026-09-24T10:31:00+05:30,490.0,492.1,479.9,479.9,252
2026-09-24T10:32:00+05:30,480.0,480.0,473.85,475.45,152
2026-09-24T10:33:00+05:30,475.55,481.6,457.0,462.65,325
2026-09-24T10:34:00+05:30,460.75,472.8,458.8,465.3,130
2026-09-24T10:35:00+05:30,464.25,474.8,462.85,470.8,149
2026-09-24T10:36:00+05:30,472.7,473.85,448.05,459.35,575
2026-09-24T10:37:00+05:30,459.4,469.2,453.95,469.05,283
2026-09-24T10:38:00+05:30,467.45,467.45,451.9,466.35,183
2026-09-24T10:39:00+05:30,467.5,469.05,459.85,466.35,148
2026-09-24T10:40:00+05:30,466.8,483.75,466.8,481.95,225
2026-09-24T10:41:00+05:30,481.35,482.35,470.75,475.55,287
2026-09-24T10:42:00+05:30,477.8,481.8,470.0,472.3,117
2026-09-24T10:43:00+05:30,474.65,488.65,472.7,484.0,229
2026-09-24T10:44:00+05:30,484.75,485.9,476.2,476.6,81
2026-09-24T10:45:00+05:30,475.75,476.6,466.2,467.65,109
2026-09-24T10:46:00+05:30,469.0,472.05,464.8,471.05,108
2026-09-24T10:47:00+05:30,473.2,474.45,466.7,467.6,73
2026-09-24T10:48:00+05:30,467.85,480.75,467.85,479.0,84
2026-09-24T10:49:00+05:30,478.7,482.9,473.4,474.0,79
2026-09-24T10:50:00+05:30,472.1,479.05,470.95,471.45,57
2026-09-24T10:51:00+05:30,472.5,473.4,442.5,462.3,655
2026-09-24T10:52:00+05:30,462.9,463.55,446.2,448.3,365
2026-09-24T10:53:00+05:30,447.3,451.45,436.0,449.9,461
2026-09-24T10:54:00+05:30,448.35,450.6,440.25,441.8,152
2026-09-24T10:55:00+05:30,442.25,442.5,426.0,429.25,655
2026-09-24T10:56:00+05:30,429.5,444.3,429.3,443.0,210
2026-09-24T10:57:00+05:30,443.55,447.2,438.35,443.4,457
2026-09-24T10:58:00+05:30,442.25,456.8,440.6,447.15,482
2026-09-24T10:59:00+05:30,448.5,450.55,438.0,438.0,177
2026-09-24T11:00:00+05:30,437.0,444.25,437.0,440.0,67
2026-09-24T11:01:00+05:30,439.95,443.15,425.8,442.15,262
2026-09-24T11:02:00+05:30,440.85,440.85,428.35,428.95,132
2026-09-24T11:03:00+05:30,429.5,439.0,429.25,438.0,93
2026-09-24T11:04:00+05:30,440.0,441.95,432.0,435.15,185
2026-09-24T11:05:00+05:30,437.2,451.0,437.2,451.0,145
2026-09-24T11:06:00+05:30,451.6,459.3,447.6,456.95,477
2026-09-24T11:07:00+05:30,456.2,456.3,442.4,446.25,147
2026-09-24T11:08:00+05:30,446.05,458.0,446.05,454.85,134
2026-09-24T11:09:00+05:30,455.95,465.0,455.3,461.9,137
2026-09-24T11:10:00+05:30,461.85,465.0,457.9,459.0,196
2026-09-24T11:11:00+05:30,457.45,466.4,450.0,463.2,285
2026-09-24T11:12:00+05:30,466.0,467.6,456.8,464.0,80
2026-09-24T11:13:00+05:30,463.7,487.95,462.0,476.4,375
2026-09-24T11:14:00+05:30,470.7,477.4,469.2,471.8,148
2026-09-24T11:15:00+05:30,474.9,476.6,456.0,459.05,276
2026-09-24T11:16:00+05:30,455.55,457.25,453.95,453.95,69
2026-09-24T11:17:00+05:30,452.35,454.8,440.0,445.8,409
2026-09-24T11:18:00+05:30,442.85,444.6,427.3,431.85,369
2026-09-24T11:19:00+05:30,432.2,434.65,419.45,425.5,283
2026-09-24T11:20:00+05:30,422.75,436.55,421.5,433.35,185
2026-09-24T11:21:00+05:30,434.5,440.2,431.95,433.5,232
2026-09-24T11:22:00+05:30,432.15,447.4,431.0,440.0,230
2026-09-24T11:23:00+05:30,439.9,451.0,439.0,445.95,105
2026-09-24T11:24:00+05:30,450.0,458.8,444.15,458.8,168
2026-09-24T11:25:00+05:30,457.7,467.15,451.05,465.75,345
2026-09-24T11:26:00+05:30,468.4,475.95,460.15,462.8,509
2026-09-24T11:27:00+05:30,463.45,465.35,457.55,460.0,173
2026-09-24T11:28:00+05:30,459.75,461.2,452.8,459.3,181
2026-09-24T11:29:00+05:30,459.25,464.8,455.1,464.8,87
2026-09-24T11:30:00+05:30,464.0,466.5,462.0,466.5,96
2026-09-24T11:31:00+05:30,465.75,472.35,461.2,471.0,73
2026-09-24T11:32:00+05:30,469.35,487.6,467.4,482.35,338
2026-09-24T11:33:00+05:30,482.45,488.0,468.0,468.25,229
2026-09-24T11:34:00+05:30,467.25,481.75,464.0,478.9,134
2026-09-24T11:35:00+05:30,481.7,481.7,471.25,472.8,109
2026-09-24T11:36:00+05:30,472.6,472.6,457.2,460.25,246
2026-09-24T11:37:00+05:30,458.3,463.35,450.05,454.45,159
2026-09-24T11:38:00+05:30,453.1,457.2,448.05,455.95,221
2026-09-24T11:39:00+05:30,458.1,458.9,443.4,444.45,155
2026-09-24T11:40:00+05:30,444.15,453.6,444.15,448.2,61
2026-09-24T11:41:00+05:30,447.45,457.15,443.25,457.15,109
2026-09-24T11:42:00+05:30,456.25,457.0,450.0,452.25,67
2026-09-24T11:43:00+05:30,454.25,460.0,452.2,454.85,92
2026-09-24T11:44:00+05:30,457.1,461.4,455.75,460.9,73
2026-09-24T11:45:00+05:30,458.5,462.0,450.65,453.5,102
2026-09-24T11:46:00+05:30,452.55,453.3,445.2,452.35,88
2026-09-24T11:47:00+05:30,452.35,459.45,450.0,459.45,74
2026-09-24T11:48:00+05:30,459.4,463.1,450.3,450.3,207
2026-09-24T11:49:00+05:30,452.6,462.4,450.9,460.85,165
2026-09-24T11:50:00+05:30,461.05,461.05,453.85,460.45,86
2026-09-24T11:51:00+05:30,457.5,465.0,457.5,460.05,72
2026-09-24T11:52:00+05:30,460.1,465.0,457.05,459.45,89
2026-09-24T11:53:00+05:30,459.45,464.0,454.55,461.65,94
2026-09-24T11:54:00+05:30,459.3,462.9,456.65,458.45,68
2026-09-24T11:55:00+05:30,459.6,470.0,457.8,467.4,84
2026-09-24T11:56:00+05:30,467.7,473.95,466.6,473.45,215
2026-09-24T11:57:00+05:30,475.0,481.35,468.4,475.75,204
2026-09-24T11:58:00+05:30,475.0,475.0,462.4,465.0,44
2026-09-24T11:59:00+05:30,466.0,468.75,461.15,464.7,70
2026-09-24T12:00:00+05:30,464.85,470.75,460.0,460.05,85
2026-09-24T12:01:00+05:30,460.65,460.65,448.0,448.8,144
2026-09-24T12:02:00+05:30,446.45,449.0,425.0,449.0,405
2026-09-24T12:03:00+05:30,449.1,455.3,446.2,455.1,169
2026-09-24T12:04:00+05:30,455.05,456.9,452.05,454.7,47
2026-09-24T12:05:00+05:30,455.75,458.45,451.55,456.0,238
2026-09-24T12:06:00+05:30,455.3,455.55,448.4,452.2,148
2026-09-24T12:07:00+05:30,454.45,454.55,447.0,449.25,76
2026-09-24T12:08:00+05:30,454.75,462.6,454.7,458.55,77
2026-09-24T12:09:00+05:30,458.55,458.55,450.05,457.5,43
2026-09-24T12:10:00+05:30,453.1,458.0,449.8,450.1,62
2026-09-24T12:11:00+05:30,450.1,451.0,445.75,450.0,120
2026-09-24T12:12:00+05:30,450.0,456.2,448.4,453.65,30
2026-09-24T12:13:00+05:30,456.2,458.0,452.3,458.0,77
2026-09-24T12:14:00+05:30,458.0,468.6,456.75,466.15,177
2026-09-24T12:15:00+05:30,466.2,467.95,453.5,458.2,160
2026-09-24T12:16:00+05:30,459.0,464.55,457.35,460.0,124
2026-09-24T12:17:00+05:30,460.3,461.55,456.85,460.95,30
2026-09-24T12:18:00+05:30,460.0,461.0,455.0,456.85,31
2026-09-24T12:19:00+05:30,455.75,458.15,448.7,451.15,46
2026-09-24T12:20:00+05:30,449.65,453.9,440.6,453.5,144
2026-09-24T12:21:00+05:30,451.55,454.6,447.75,450.95,70
2026-09-24T12:22:00+05:30,452.15,456.9,450.4,456.9,40
2026-09-24T12:23:00+05:30,457.15,470.0,457.15,460.2,173
2026-09-24T12:24:00+05:30,464.05,464.05,454.55,457.0,136
2026-09-24T12:25:00+05:30,457.2,481.95,457.2,480.5,220
2026-09-24T12:26:00+05:30,481.55,481.6,460.0,461.0,101
2026-09-24T12:27:00+05:30,460.85,467.4,456.9,459.45,65
2026-09-24T12:28:00+05:30,455.6,455.6,444.0,448.25,271
2026-09-24T12:29:00+05:30,447.85,455.2,445.95,449.95,84
2026-09-24T12:30:00+05:30,448.9,457.35,440.0,442.1,228
2026-09-24T12:31:00+05:30,440.5,458.5,434.6,458.5,213
2026-09-24T12:32:00+05:30,458.6,482.4,457.95,473.45,494
2026-09-24T12:33:00+05:30,473.2,473.2,462.25,465.3,268
2026-09-24T12:34:00+05:30,468.15,470.9,460.55,460.55,108
2026-09-24T12:35:00+05:30,460.0,485.0,459.8,469.6,286
2026-09-24T12:36:00+05:30,473.35,492.0,461.55,461.95,377
2026-09-24T12:37:00+05:30,463.55,474.0,462.8,467.85,93
2026-09-24T12:38:00+05:30,467.75,467.75,451.2,455.7,93
2026-09-24T12:39:00+05:30,454.6,461.1,453.6,459.95,128
2026-09-24T12:40:00+05:30,458.1,459.75,447.4,449.0,149
2026-09-24T12:41:00+05:30,446.3,453.2,437.2,453.2,275
2026-09-24T12:42:00+05:30,451.75,451.8,443.5,450.45,118
2026-09-24T12:43:00+05:30,451.6,458.4,448.7,458.4,37
2026-09-24T12:44:00+05:30,456.9,465.1,456.2,465.1,331
2026-09-24T12:45:00+05:30,463.2,470.0,456.5,462.2,177
2026-09-24T12:46:00+05:30,461.7,465.15,456.7,464.65,96
2026-09-24T12:47:00+05:30,464.55,471.0,464.15,465.9,187
2026-09-24T12:48:00+05:30,466.3,471.2,463.9,470.4,94
2026-09-24T12:49:00+05:30,469.9,472.8,465.0,467.4,66
2026-09-24T12:50:00+05:30,467.55,467.55,456.25,463.95,120
2026-09-24T12:51:00+05:30,463.9,466.6,457.05,463.75,27
2026-09-24T12:52:00+05:30,461.8,466.35,459.1,466.35,35
2026-09-24T12:53:00+05:30,467.6,472.8,466.6,470.55,89
2026-09-24T12:54:00+05:30,469.9,483.05,469.9,481.2,172
2026-09-24T12:55:00+05:30,479.9,481.95,469.45,470.65,143
2026-09-24T12:56:00+05:30,471.5,473.45,460.7,463.65,90
2026-09-24T12:57:00+05:30,465.0,468.9,458.9,459.95,51
2026-09-24T12:58:00+05:30,462.3,462.7,457.2,462.0,60
2026-09-24T12:59:00+05:30,463.05,468.55,461.55,461.7,43
2026-09-24T13:00:00+05:30,465.0,467.05,453.0,462.55,164
2026-09-24T13:01:00+05:30,460.7,461.8,451.0,455.2,162
2026-09-24T13:02:00+05:30,453.6,454.3,444.45,444.6,147
2026-09-24T13:03:00+05:30,445.5,445.55,432.45,436.65,390
2026-09-24T13:04:00+05:30,436.65,445.1,435.4,442.7,100
2026-09-24T13:05:00+05:30,442.25,450.7,437.75,449.85,125
2026-09-24T13:06:00+05:30,450.55,456.0,447.15,447.15,143
2026-09-24T13:07:00+05:30,446.5,446.5,439.7,440.9,98
2026-09-24T13:08:00+05:30,438.6,444.7,436.0,444.7,24
2026-09-24T13:09:00+05:30,444.4,448.0,442.5,447.15,46
2026-09-24T13:10:00+05:30,449.35,456.0,448.55,448.55,154
2026-09-24T13:11:00+05:30,450.95,452.0,445.1,450.65,49
2026-09-24T13:12:00+05:30,453.1,453.75,440.5,441.2,93
2026-09-24T13:13:00+05:30,440.0,443.45,434.85,435.35,105
2026-09-24T13:14:00+05:30,437.15,437.15,424.0,431.15,267
2026-09-24T13:15:00+05:30,434.1,438.3,428.0,429.55,105
2026-09-24T13:16:00+05:30,429.9,435.0,428.2,431.35,101
2026-09-24T13:17:00+05:30,432.0,446.45,432.0,442.65,115
2026-09-24T13:18:00+05:30,440.4,444.4,439.7,444.15,72
2026-09-24T13:19:00+05:30,444.6,446.4,438.3,441.8,79
2026-09-24T13:20:00+05:30,442.85,451.85,442.85,444.15,110
2026-09-24T13:21:00+05:30,444.1,447.65,440.55,443.15,192
2026-09-24T13:22:00+05:30,443.3,449.25,442.1,442.2,129
2026-09-24T13:23:00+05:30,445.55,450.9,445.55,447.2,61
2026-09-24T13:24:00+05:30,446.1,451.0,443.05,443.4,87
2026-09-24T13:25:00+05:30,443.15,463.25,441.0,458.0,243
2026-09-24T13:26:00+05:30,457.25,515.0,455.0,512.0,921
2026-09-24T13:27:00+05:30,513.75,525.0,489.35,503.35,826
2026-09-24T13:28:00+05:30,505.5,514.4,497.75,499.55,590
2026-09-24T13:29:00+05:30,502.5,507.45,491.6,502.4,650
2026-09-24T13:30:00+05:30,501.35,504.35,487.15,491.9,189
2026-09-24T13:31:00+05:30,487.6,495.7,471.3,471.3,257
2026-09-24T13:32:00+05:30,475.8,489.0,475.6,479.75,182
2026-09-24T13:33:00+05:30,483.65,495.2,475.75,482.3,152
2026-09-24T13:34:00+05:30,483.0,500.35,483.0,491.2,119
2026-09-24T13:35:00+05:30,487.7,500.85,486.35,498.95,171
2026-09-24T13:36:00+05:30,500.35,513.0,491.7,499.6,240
2026-09-24T13:37:00+05:30,495.6,496.85,486.2,496.15,126
2026-09-24T13:38:00+05:30,495.6,505.0,495.35,502.6,198
2026-09-24T13:39:00+05:30,504.0,516.3,504.0,511.15,401
2026-09-24T13:40:00+05:30,510.75,523.2,505.6,513.05,677
2026-09-24T13:41:00+05:30,512.05,521.2,508.0,510.45,158
2026-09-24T13:42:00+05:30,510.75,529.9,505.0,522.95,369
2026-09-24T13:43:00+05:30,523.95,568.15,519.0,563.7,938
2026-09-24T13:44:00+05:30,564.8,651.0,559.0,628.4,1709
2026-09-24T13:45:00+05:30,624.45,676.4,594.85,676.4,770
2026-09-24T13:46:00+05:30,681.25,722.75,666.5,679.4,1605
2026-09-24T13:47:00+05:30,680.55,689.15,645.8,678.35,603
2026-09-24T13:48:00+05:30,675.8,682.0,655.3,668.95,223
2026-09-24T13:49:00+05:30,668.75,668.95,626.0,628.85,368
2026-09-24T13:50:00+05:30,631.9,638.75,612.75,621.95,212
2026-09-24T13:51:00+05:30,623.95,666.0,621.95,665.55,216
2026-09-24T13:52:00+05:30,666.0,681.9,650.1,653.7,187
2026-09-24T13:53:00+05:30,657.25,668.95,653.6,667.1,103
2026-09-24T13:54:00+05:30,670.0,710.95,668.55,689.8,663
2026-09-24T13:55:00+05:30,690.65,698.15,667.05,678.65,372
2026-09-24T13:56:00+05:30,673.9,697.4,673.9,686.15,169
2026-09-24T13:57:00+05:30,686.15,712.0,671.2,701.4,224
2026-09-24T13:58:00+05:30,706.9,748.0,699.85,739.95,790
2026-09-24T13:59:00+05:30,743.75,746.55,701.0,720.95,383
2026-09-24T14:00:00+05:30,717.05,718.6,665.0,670.0,375
2026-09-24T14:01:00+05:30,668.35,668.35,642.0,644.9,380
2026-09-24T14:02:00+05:30,643.5,663.7,623.55,630.0,496
2026-09-24T14:03:00+05:30,628.7,645.4,612.1,640.4,673
2026-09-24T14:04:00+05:30,640.0,690.05,618.05,678.85,847
2026-09-24T14:05:00+05:30,673.8,683.0,647.3,656.25,324
2026-09-24T14:06:00+05:30,651.95,686.0,650.4,681.55,222
2026-09-24T14:07:00+05:30,679.6,682.0,661.7,663.5,167
2026-09-24T14:08:00+05:30,663.45,668.4,639.0,642.2,589
2026-09-24T14:09:00+05:30,646.3,662.45,630.8,640.05,77
2026-09-24T14:10:00+05:30,640.7,648.65,625.0,645.3,252
2026-09-24T14:11:00+05:30,646.75,655.2,641.5,654.25,141
2026-09-24T14:12:00+05:30,650.6,650.9,639.55,641.85,80
2026-09-24T14:13:00+05:30,637.15,652.75,626.9,638.05,587
2026-09-24T14:14:00+05:30,634.25,643.0,630.0,634.05,170
2026-09-24T14:15:00+05:30,633.45,653.4,625.0,647.45,226
2026-09-24T14:16:00+05:30,650.85,650.85,628.3,644.0,174
2026-09-24T14:17:00+05:30,645.6,645.6,634.35,636.85,122
2026-09-24T14:18:00+05:30,636.05,641.0,625.0,636.45,100
2026-09-24T14:19:00+05:30,639.35,660.55,635.35,650.5,590
2026-09-24T14:20:00+05:30,646.0,658.85,640.15,653.8,116
2026-09-24T14:21:00+05:30,656.15,670.0,653.2,653.2,142
2026-09-24T14:22:00+05:30,650.1,678.25,650.1,677.0,121
2026-09-24T14:23:00+05:30,676.85,706.0,670.8,690.25,312
2026-09-24T14:24:00+05:30,691.6,695.9,665.2,669.85,171
2026-09-24T14:25:00+05:30,669.0,674.55,648.4,652.3,127
2026-09-24T14:26:00+05:30,655.15,680.3,651.85,666.95,125
2026-09-24T14:27:00+05:30,666.55,668.55,657.35,660.8,75
2026-09-24T14:28:00+05:30,661.05,666.0,642.25,666.0,115
2026-09-24T14:29:00+05:30,665.15,666.0,655.9,665.0,115
2026-09-24T14:30:00+05:30,658.65,670.65,655.55,658.8,154
2026-09-24T14:31:00+05:30,658.5,666.2,637.3,643.2,180
2026-09-24T14:32:00+05:30,641.8,648.7,622.9,648.7,133
2026-09-24T14:33:00+05:30,653.45,662.05,640.6,646.8,95
2026-09-24T14:34:00+05:30,647.6,649.8,628.25,630.45,109
2026-09-24T14:35:00+05:30,632.7,634.7,620.65,620.65,109
2026-09-24T14:36:00+05:30,620.0,628.8,601.0,604.55,294
2026-09-24T14:37:00+05:30,602.7,609.7,585.95,588.65,348
2026-09-24T14:38:00+05:30,591.2,591.65,569.55,588.5,321
2026-09-24T14:39:00+05:30,590.3,592.0,550.0,550.0,332
2026-09-24T14:40:00+05:30,551.55,561.75,549.45,561.0,453
2026-09-24T14:41:00+05:30,559.25,576.55,557.05,563.05,388
2026-09-24T14:42:00+05:30,562.0,594.95,562.0,578.0,92
2026-09-24T14:43:00+05:30,578.0,578.0,558.0,567.2,88
2026-09-24T14:44:00+05:30,566.35,581.0,566.35,575.05,212
2026-09-24T14:45:00+05:30,575.15,580.7,547.8,547.8,177
2026-09-24T14:46:00+05:30,546.9,556.75,542.0,556.75,124
2026-09-24T14:47:00+05:30,557.4,563.1,543.6,554.95,135
2026-09-24T14:48:00+05:30,555.7,558.65,544.1,549.95,94
2026-09-24T14:49:00+05:30,550.0,558.4,545.35,547.9,109
2026-09-24T14:50:00+05:30,546.0,547.8,529.9,532.85,281
2026-09-24T14:51:00+05:30,534.9,537.95,514.85,517.8,369
2026-09-24T14:52:00+05:30,517.2,521.5,508.0,515.75,228
2026-09-24T14:53:00+05:30,517.25,522.8,511.4,512.8,146
2026-09-24T14:54:00+05:30,512.4,522.8,504.5,520.8,244
2026-09-24T14:55:00+05:30,520.1,522.8,499.05,507.65,276
2026-09-24T14:56:00+05:30,505.85,521.65,494.35,517.9,396
2026-09-24T14:57:00+05:30,522.0,536.45,522.0,526.35,328
2026-09-24T14:58:00+05:30,525.45,549.0,525.45,531.2,360
2026-09-24T14:59:00+05:30,533.95,562.85,533.75,559.55,168
2026-09-24T15:00:00+05:30,557.7,567.75,545.15,565.0,431
2026-09-24T15:01:00+05:30,566.1,580.8,544.05,548.15,457
2026-09-24T15:02:00+05:30,546.75,551.8,520.0,521.75,278
2026-09-24T15:03:00+05:30,521.45,537.0,518.15,531.15,252
2026-09-24T15:04:00+05:30,532.05,532.05,511.0,516.85,244
2026-09-24T15:05:00+05:30,518.15,553.45,516.05,547.1,241
2026-09-24T15:06:00+05:30,545.9,560.0,541.5,548.5,302
2026-09-24T15:07:00+05:30,546.9,561.8,546.9,556.4,284
2026-09-24T15:08:00+05:30,552.3,576.8,544.95,568.2,167
2026-09-24T15:09:00+05:30,570.0,574.95,550.0,551.65,315
2026-09-24T15:10:00+05:30,551.5,580.0,545.1,574.25,304
2026-09-24T15:11:00+05:30,573.3,580.65,555.7,559.6,258
2026-09-24T15:12:00+05:30,562.7,595.0,555.0,577.75,265
2026-09-24T15:13:00+05:30,580.15,618.25,574.95,613.6,318
2026-09-24T15:14:00+05:30,612.25,614.0,594.8,601.55,150
2026-09-24T15:15:00+05:30,604.3,629.15,603.3,625.0,446
2026-09-24T15:16:00+05:30,625.0,626.9,613.8,619.25,169
2026-09-24T15:17:00+05:30,615.3,621.4,598.45,611.6,103
2026-09-24T15:18:00+05:30,605.0,606.6,584.65,586.9,89
2026-09-24T15:19:00+05:30,588.6,588.6,572.0,581.1,180
2026-09-24T15:20:00+05:30,582.0,601.65,582.0,594.8,52
2026-09-24T15:21:00+05:30,597.1,598.0,590.0,594.25,31
2026-09-24T15:22:00+05:30,593.15,594.25,572.05,572.05,199
2026-09-24T15:23:00+05:30,574.35,590.15,572.75,587.55,68
2026-09-24T15:24:00+05:30,587.2,587.2,559.9,562.25,104
2026-09-24T15:25:00+05:30,560.5,560.5,538.05,538.05,732
2026-09-24T15:26:00+05:30,536.85,553.6,526.35,553.6,369
2026-09-24T15:27:00+05:30,550.4,556.1,549.2,551.95,29
2026-09-24T15:28:00+05:30,554.25,557.0,550.75,556.15,156
2026-09-24T15:29:00+05:30,556.2,568.0,553.7,566.75,441
2026-09-24T15:30:00+05:30,572.95,582.0,568.95,580.05,178
2026-09-24T15:31:00+05:30,580.05,592.8,579.75,592.8,90
2026-09-24T15:32:00+05:30,594.2,594.2,576.2,580.0,197
2026-09-24T15:33:00+05:30,583.0,592.35,580.6,592.35,46
2026-09-24T15:34:00+05:30,592.8,594.0,589.5,593.7,200
2026-09-24T15:35:00+05:30,593.75,593.75,588.0,589.0,126
2026-09-24T15:36:00+05:30,590.0,612.5,588.2,611.0,223
2026-09-24T15:37:00+05:30,609.75,610.35,603.1,604.6,203
2026-09-24T15:38:00+05:30,600.55,611.0,600.55,610.85,129
2026-09-24T15:39:00+05:30,605.15,640.0,605.15,610.8,130
2026-09-25T09:15:00+05:30,608.9,632.15,462.3,469.15,1412
2026-09-25T09:16:00+05:30,462.6,483.0,443.4,463.2,1433
2026-09-25T09:17:00+05:30,464.4,470.0,444.0,448.8,749
2026-09-25T09:18:00+05:30,448.8,477.95,448.1,471.3,752
2026-09-25T09:19:00+05:30,470.2,476.0,451.0,476.0,424
2026-09-25T09:20:00+05:30,476.85,492.65,471.4,474.9,1020
2026-09-25T09:21:00+05:30,483.35,498.95,470.05,492.9,223
2026-09-25T09:22:00+05:30,484.7,486.85,459.1,460.65,302
2026-09-25T09:23:00+05:30,459.2,480.6,449.3,480.5,594
2026-09-25T09:24:00+05:30,483.65,495.15,472.0,479.75,355
2026-09-25T09:25:00+05:30,480.45,482.4,462.35,470.15,620
2026-09-25T09:26:00+05:30,469.35,469.35,450.0,450.0,644
2026-09-25T09:27:00+05:30,448.0,458.0,442.0,447.2,510
2026-09-25T09:28:00+05:30,447.25,473.0,443.0,455.05,450
2026-09-25T09:29:00+05:30,457.1,464.75,447.85,453.85,225
2026-09-25T09:30:00+05:30,450.35,466.65,447.85,455.6,233
2026-09-25T09:31:00+05:30,454.95,474.2,450.0,467.9,817
2026-09-25T09:32:00+05:30,465.55,471.75,452.15,470.3,215
2026-09-25T09:33:00+05:30,471.1,480.0,468.85,470.0,392
2026-09-25T09:34:00+05:30,473.15,476.0,450.0,456.75,298
2026-09-25T09:35:00+05:30,456.7,459.4,446.0,449.3,450
2026-09-25T09:36:00+05:30,449.25,478.25,447.25,478.25,342
2026-09-25T09:37:00+05:30,477.95,512.05,471.85,511.1,629
2026-09-25T09:38:00+05:30,513.0,521.2,495.95,514.45,581
2026-09-25T09:39:00+05:30,513.05,520.7,501.8,516.95,747
2026-09-25T09:40:00+05:30,520.8,554.9,516.65,544.45,1212
2026-09-25T09:41:00+05:30,544.55,556.5,530.0,530.0,517
2026-09-25T09:42:00+05:30,528.0,558.4,525.65,548.3,320
2026-09-25T09:43:00+05:30,549.45,601.75,549.4,579.0,1142
2026-09-25T09:44:00+05:30,585.5,585.7,570.0,573.05,296
2026-09-25T09:45:00+05:30,575.0,582.2,556.5,582.05,512
2026-09-25T09:46:00+05:30,582.65,587.55,569.8,575.85,273
2026-09-25T09:47:00+05:30,579.0,580.0,545.0,548.3,346
2026-09-25T09:48:00+05:30,545.65,569.0,545.65,562.6,141
2026-09-25T09:49:00+05:30,560.3,578.2,560.3,577.9,150
2026-09-25T09:50:00+05:30,578.3,578.3,563.0,574.8,134
2026-09-25T09:51:00+05:30,575.05,582.55,560.15,565.0,334
2026-09-25T09:52:00+05:30,564.5,616.15,564.5,606.8,694
2026-09-25T09:53:00+05:30,610.05,619.8,588.35,596.15,470
2026-09-25T09:54:00+05:30,595.5,600.0,575.4,585.35,671
2026-09-25T09:55:00+05:30,585.0,590.9,574.95,590.3,431
2026-09-25T09:56:00+05:30,590.85,596.0,575.3,582.0,169
2026-09-25T09:57:00+05:30,584.45,600.0,582.6,590.95,417
2026-09-25T09:58:00+05:30,589.05,607.7,584.0,585.65,229
2026-09-25T09:59:00+05:30,581.4,588.1,556.1,572.7,360
2026-09-25T10:00:00+05:30,572.6,572.85,556.5,562.35,317
2026-09-25T10:01:00+05:30,558.35,570.0,553.6,565.0,217
2026-09-25T10:02:00+05:30,564.95,566.05,536.0,539.05,349
2026-09-25T10:03:00+05:30,536.95,542.5,516.4,531.5,517
2026-09-25T10:04:00+05:30,529.8,535.65,516.5,530.7,300
2026-09-25T10:05:00+05:30,531.3,539.0,511.0,537.6,324
2026-09-25T10:06:00+05:30,540.45,540.45,512.0,519.15,353
2026-09-25T10:07:00+05:30,517.15,526.65,493.85,501.75,499
2026-09-25T10:08:00+05:30,502.7,506.3,433.0,438.35,1189
2026-09-25T10:09:00+05:30,437.25,456.75,426.2,428.65,853
2026-09-25T10:10:00+05:30,428.25,445.0,410.75,444.75,1548
2026-09-25T10:11:00+05:30,443.4,470.0,442.15,465.95,730
2026-09-25T10:12:00+05:30,468.05,473.1,452.0,453.85,452
2026-09-25T10:13:00+05:30,453.65,460.6,443.0,460.0,320
2026-09-25T10:14:00+05:30,462.75,464.0,448.5,457.75,218
2026-09-25T10:15:00+05:30,455.7,459.6,445.2,450.95,354
2026-09-25T10:16:00+05:30,446.95,448.75,436.1,446.8,660
2026-09-25T10:17:00+05:30,446.75,455.6,443.1,449.9,272
2026-09-25T10:18:00+05:30,450.1,474.75,449.55,472.55,1207
2026-09-25T10:19:00+05:30,471.65,480.0,462.3,472.15,1118
2026-09-25T10:20:00+05:30,473.5,480.0,463.4,472.35,408
2026-09-25T10:21:00+05:30,472.8,474.25,455.2,460.75,389
2026-09-25T10:22:00+05:30,460.1,473.9,459.35,472.9,321
2026-09-25T10:23:00+05:30,474.3,483.5,472.0,476.4,736
2026-09-25T10:24:00+05:30,474.85,504.25,472.0,500.25,711
2026-09-25T10:25:00+05:30,500.6,506.7,475.15,477.25,947
2026-09-25T10:26:00+05:30,478.75,493.0,477.65,486.6,191
2026-09-25T10:27:00+05:30,487.65,499.9,487.65,497.05,343
2026-09-25T10:28:00+05:30,495.0,518.65,495.0,500.6,783
2026-09-25T10:29:00+05:30,502.55,512.85,492.45,496.15,255
2026-09-25T10:30:00+05:30,494.7,494.7,477.95,477.95,418
2026-09-25T10:31:00+05:30,483.6,491.4,466.85,491.4,483
2026-09-25T10:32:00+05:30,494.0,509.0,493.75,503.1,537
2026-09-25T10:33:00+05:30,504.35,505.15,487.15,498.0,218
2026-09-25T10:34:00+05:30,500.0,530.6,494.15,527.7,671
2026-09-25T10:35:00+05:30,529.35,536.8,517.8,526.8,682
2026-09-25T10:36:00+05:30,524.1,531.0,515.0,516.0,227
2026-09-25T10:37:00+05:30,515.0,516.0,505.45,506.0,323
2026-09-25T10:38:00+05:30,505.0,514.0,496.95,499.8,297
2026-09-25T10:39:00+05:30,496.55,500.0,487.75,500.0,379
2026-09-25T10:40:00+05:30,500.95,505.8,487.0,494.45,93
2026-09-25T10:41:00+05:30,491.5,519.95,490.85,511.45,166
2026-09-25T10:42:00+05:30,509.75,510.05,493.2,506.35,115
2026-09-25T10:43:00+05:30,509.85,523.05,506.0,514.35,473
2026-09-25T10:44:00+05:30,513.3,519.15,510.95,515.0,144
2026-09-25T10:45:00+05:30,515.0,523.8,511.8,519.15,100
2026-09-25T10:46:00+05:30,520.0,526.0,517.1,518.7,195
2026-09-25T10:47:00+05:30,517.05,538.4,515.85,538.4,229
2026-09-25T10:48:00+05:30,539.95,544.8,525.75,526.0,330
2026-09-25T10:49:00+05:30,527.8,532.55,512.05,520.5,209
2026-09-25T10:50:00+05:30,520.0,526.5,516.0,520.95,149
2026-09-25T10:51:00+05:30,520.0,520.0,506.0,506.0,165
2026-09-25T10:52:00+05:30,506.0,514.4,501.0,511.8,115
2026-09-25T10:53:00+05:30,510.25,519.4,509.75,518.6,111
2026-09-25T10:54:00+05:30,519.0,520.4,503.0,507.65,142
2026-09-25T10:55:00+05:30,506.6,506.6,492.45,496.25,243
2026-09-25T10:56:00+05:30,496.2,500.55,485.6,489.0,349
2026-09-25T10:57:00+05:30,490.25,505.0,490.25,503.85,365
2026-09-25T10:58:00+05:30,502.8,505.0,492.9,500.45,428
2026-09-25T10:59:00+05:30,500.0,504.0,491.0,491.0,50
2026-09-25T11:00:00+05:30,494.1,496.6,478.0,483.15,181
2026-09-25T11:01:00+05:30,476.0,485.05,469.3,482.9,231
2026-09-25T11:02:00+05:30,480.45,480.45,442.15,459.05,563
2026-09-25T11:03:00+05:30,458.65,463.65,445.15,458.4,274
2026-09-25T11:04:00+05:30,458.8,466.1,451.0,461.35,175
2026-09-25T11:05:00+05:30,460.8,463.95,446.9,454.75,221
2026-09-25T11:06:00+05:30,455.1,465.0,452.25,458.4,177
2026-09-25T11:07:00+05:30,458.1,459.55,441.0,445.95,370
2026-09-25T11:08:00+05:30,444.4,458.15,443.2,455.5,265
2026-09-25T11:09:00+05:30,453.75,454.1,444.8,447.85,214
2026-09-25T11:10:00+05:30,448.2,453.8,443.0,444.55,265
2026-09-25T11:11:00+05:30,444.55,444.55,436.25,442.4,455
2026-09-25T11:12:00+05:30,438.0,446.8,436.35,445.0,301
2026-09-25T11:13:00+05:30,447.4,466.6,444.0,462.5,886
2026-09-25T11:14:00+05:30,464.8,466.0,448.85,452.8,370
2026-09-25T11:15:00+05:30,451.9,460.0,447.35,450.35,337
2026-09-25T11:16:00+05:30,451.05,451.7,442.85,447.95,222
2026-09-25T11:17:00+05:30,447.95,447.95,436.0,440.55,425
2026-09-25T11:18:00+05:30,442.2,454.0,442.2,446.15,369
2026-09-25T11:19:00+05:30,447.85,452.15,442.65,448.0,144
2026-09-25T11:20:00+05:30,448.45,449.4,442.2,447.4,167
2026-09-25T11:21:00+05:30,445.35,449.0,437.6,447.65,259
2026-09-25T11:22:00+05:30,447.55,447.55,439.15,443.55,177
2026-09-25T11:23:00+05:30,444.15,457.65,442.95,455.0,229
2026-09-25T11:24:00+05:30,456.35,479.0,455.05,479.0,640
2026-09-25T11:25:00+05:30,479.35,482.3,471.7,472.0,515
2026-09-25T11:26:00+05:30,473.95,479.95,465.5,475.0,251
2026-09-25T11:27:00+05:30,477.05,481.9,469.0,478.9,250
2026-09-25T11:28:00+05:30,475.45,479.0,467.3,476.35,156
2026-09-25T11:29:00+05:30,474.9,475.8,463.0,464.3,162
2026-09-25T11:30:00+05:30,464.9,469.2,457.75,462.3,154
2026-09-25T11:31:00+05:30,462.55,463.85,442.0,448.65,436
2026-09-25T11:32:00+05:30,450.0,454.25,445.45,453.2,209
2026-09-25T11:33:00+05:30,452.5,460.0,446.85,460.0,103
2026-09-25T11:34:00+05:30,461.0,467.7,455.0,455.3,156
2026-09-25T11:35:00+05:30,454.65,457.8,448.25,457.8,126
2026-09-25T11:36:00+05:30,458.75,466.0,457.15,465.6,72
2026-09-25T11:37:00+05:30,468.0,468.65,461.85,465.0,70
2026-09-25T11:38:00+05:30,462.3,466.9,457.1,459.1,93
2026-09-25T11:39:00+05:30,458.0,458.85,446.0,447.0,218
2026-09-25T11:40:00+05:30,448.0,458.0,446.65,455.9,156
2026-09-25T11:41:00+05:30,457.05,461.35,455.7,457.65,193
2026-09-25T11:42:00+05:30,457.5,457.85,447.0,449.5,149
2026-09-25T11:43:00+05:30,448.45,462.45,448.45,461.15,105
2026-09-25T11:44:00+05:30,461.35,461.65,447.15,454.7,190
2026-09-25T11:45:00+05:30,455.0,457.55,450.0,451.8,109
2026-09-25T11:46:00+05:30,451.85,452.6,443.75,449.9,199
2026-09-25T11:47:00+05:30,446.8,450.55,443.7,449.3,140
2026-09-25T11:48:00+05:30,449.9,457.85,449.4,452.4,122
2026-09-25T11:49:00+05:30,453.4,459.0,452.25,454.15,125
2026-09-25T11:50:00+05:30,450.0,452.1,436.85,449.6,300
2026-09-25T11:51:00+05:30,448.5,454.4,444.95,448.6,47
2026-09-25T11:52:00+05:30,446.0,452.75,442.95,447.1,140
2026-09-25T11:53:00+05:30,448.85,451.0,443.25,451.0,83
2026-09-25T11:54:00+05:30,450.65,453.7,443.35,445.95,126
2026-09-25T11:55:00+05:30,443.8,456.2,441.1,453.0,142
2026-09-25T11:56:00+05:30,451.4,457.65,447.2,454.1,105
2026-09-25T11:57:00+05:30,457.0,458.3,451.2,454.55,88
2026-09-25T11:58:00+05:30,454.75,459.3,452.8,453.15,78
2026-09-25T11:59:00+05:30,451.0,463.0,447.8,460.35,151
2026-09-25T12:00:00+05:30,461.55,461.95,455.35,457.4,67
2026-09-25T12:01:00+05:30,458.6,478.8,455.0,473.55,407
2026-09-25T12:02:00+05:30,474.9,475.0,462.25,472.35,266
2026-09-25T12:03:00+05:30,472.75,491.05,472.45,486.85,669
2026-09-25T12:04:00+05:30,488.0,493.7,476.0,476.0,434
2026-09-25T12:05:00+05:30,476.35,480.6,471.55,473.9,171
2026-09-25T12:06:00+05:30,474.8,482.45,471.0,481.15,258
2026-09-25T12:07:00+05:30,480.0,482.45,474.0,481.5,157
2026-09-25T12:08:00+05:30,482.45,483.6,466.95,466.95,216
2026-09-25T12:09:00+05:30,468.7,470.2,458.55,460.9,198
2026-09-25T12:10:00+05:30,461.55,469.95,458.6,459.65,183
2026-09-25T12:11:00+05:30,459.0,459.0,446.9,450.05,195
2026-09-25T12:12:00+05:30,450.75,454.25,446.7,453.25,176
2026-09-25T12:13:00+05:30,453.35,463.0,451.05,462.9,94
2026-09-25T12:14:00+05:30,461.3,472.0,459.15,460.8,185
2026-09-25T12:15:00+05:30,460.8,464.2,453.65,462.25,149
2026-09-25T12:16:00+05:30,462.2,462.2,455.0,460.0,92
2026-09-25T12:17:00+05:30,461.75,475.0,460.15,474.3,150
2026-09-25T12:18:00+05:30,473.35,473.85,465.15,467.4,120
2026-09-25T12:19:00+05:30,464.5,470.8,462.65,469.35,56
2026-09-25T12:20:00+05:30,472.0,479.0,471.4,473.5,188
2026-09-25T12:21:00+05:30,473.45,482.0,473.45,480.6,94
2026-09-25T12:22:00+05:30,481.05,489.0,476.35,488.8,95
2026-09-25T12:23:00+05:30,489.05,495.0,480.1,483.05,261
2026-09-25T12:24:00+05:30,481.2,494.55,479.7,488.0,288
2026-09-25T12:25:00+05:30,487.3,499.7,484.85,492.0,213
2026-09-25T12:26:00+05:30,490.9,492.2,482.0,482.2,54
2026-09-25T12:27:00+05:30,482.9,488.7,479.0,483.75,86
2026-09-25T12:28:00+05:30,481.95,481.95,472.45,480.4,122
2026-09-25T12:29:00+05:30,477.15,481.85,473.0,473.0,94
2026-09-25T12:30:00+05:30,472.0,473.1,453.5,458.25,267
2026-09-25T12:31:00+05:30,458.6,463.0,455.0,460.25,194
2026-09-25T12:32:00+05:30,460.9,465.0,454.4,460.6,135
2026-09-25T12:33:00+05:30,464.25,473.0,462.6,472.75,118
2026-09-25T12:34:00+05:30,472.95,477.2,465.9,477.1,150
2026-09-25T12:35:00+05:30,478.25,487.0,472.25,484.95,173
2026-09-25T12:36:00+05:30,484.2,498.0,482.25,497.35,140
2026-09-25T12:37:00+05:30,490.75,494.65,481.55,490.75,97
2026-09-25T12:38:00+05:30,489.85,492.85,481.7,482.55,80
2026-09-25T12:39:00+05:30,480.0,485.4,476.95,476.95,81
2026-09-25T12:40:00+05:30,477.75,482.7,474.65,482.1,88
2026-09-25T12:41:00+05:30,485.05,487.65,477.0,481.8,56
2026-09-25T12:42:00+05:30,485.8,496.8,485.8,494.25,148
2026-09-25T12:43:00+05:30,493.25,502.05,490.0,491.8,430
2026-09-25T12:44:00+05:30,492.0,500.0,487.0,496.8,214
2026-09-25T12:45:00+05:30,495.0,501.9,494.8,500.0,264
2026-09-25T12:46:00+05:30,499.6,500.5,490.0,498.95,256
2026-09-25T12:47:00+05:30,500.65,502.15,493.5,493.5,155
2026-09-25T12:48:00+05:30,495.6,506.9,494.85,506.9,107
2026-09-25T12:49:00+05:30,506.4,524.3,502.6,519.05,327
2026-09-25T12:50:00+05:30,518.6,539.25,511.7,525.4,621
2026-09-25T12:51:00+05:30,528.35,544.0,520.2,534.05,470
2026-09-25T12:52:00+05:30,535.45,540.0,522.5,523.85,349
2026-09-25T12:53:00+05:30,526.15,540.0,522.5,525.8,232
2026-09-25T12:54:00+05:30,525.0,532.85,523.25,532.0,91
2026-09-25T12:55:00+05:30,532.1,538.8,527.85,537.85,258
2026-09-25T12:56:00+05:30,536.3,573.75,530.0,570.0,986
2026-09-25T12:57:00+05:30,570.0,579.05,547.55,549.9,568
2026-09-25T12:58:00+05:30,550.45,550.45,530.15,531.45,340
2026-09-25T12:59:00+05:30,530.15,536.5,522.6,522.9,333
2026-09-25T13:00:00+05:30,522.9,524.2,503.6,514.9,377
2026-09-25T13:01:00+05:30,515.0,517.75,502.45,505.55,152
2026-09-25T13:02:00+05:30,507.2,540.9,507.2,532.3,341
2026-09-25T13:03:00+05:30,532.0,534.0,521.6,530.75,183
2026-09-25T13:04:00+05:30,530.0,535.95,527.0,534.45,137
2026-09-25T13:05:00+05:30,532.25,538.7,519.0,524.5,183
2026-09-25T13:06:00+05:30,521.2,525.0,516.55,519.15,96
2026-09-25T13:07:00+05:30,517.4,525.1,511.35,525.1,92
2026-09-25T13:08:00+05:30,523.6,528.0,516.85,518.45,80
2026-09-25T13:09:00+05:30,517.7,517.7,504.05,507.95,293
2026-09-25T13:10:00+05:30,507.55,512.65,504.05,504.5,137
2026-09-25T13:11:00+05:30,505.0,505.0,496.0,504.0,356
2026-09-25T13:12:00+05:30,501.75,512.0,497.45,509.85,84
2026-09-25T13:13:00+05:30,509.15,515.9,505.25,509.0,87
2026-09-25T13:14:00+05:30,509.15,526.3,509.15,521.85,81
2026-09-25T13:15:00+05:30,518.8,526.9,511.9,525.4,96
2026-09-25T13:16:00+05:30,524.85,528.9,518.1,518.15,91
2026-09-25T13:17:00+05:30,516.85,523.9,510.85,520.45,103
2026-09-25T13:18:00+05:30,520.0,520.75,515.35,516.25,30
2026-09-25T13:19:00+05:30,514.95,520.0,508.35,520.0,73
2026-09-25T13:20:00+05:30,515.4,518.8,512.8,518.8,70
2026-09-25T13:21:00+05:30,518.8,518.8,512.3,512.35,40
2026-09-25T13:22:00+05:30,513.45,525.3,506.0,525.2,129
2026-09-25T13:23:00+05:30,528.0,531.65,513.45,517.7,150
2026-09-25T13:24:00+05:30,520.15,531.55,520.15,525.1,117
2026-09-25T13:25:00+05:30,523.15,525.65,515.65,521.35,70
2026-09-25T13:26:00+05:30,518.0,518.95,510.0,512.45,427
2026-09-25T13:27:00+05:30,512.45,524.0,512.0,522.95,177
2026-09-25T13:28:00+05:30,522.35,525.0,522.2,522.85,43
2026-09-25T13:29:00+05:30,520.9,522.3,519.05,519.55,63
2026-09-25T13:30:00+05:30,520.1,526.05,514.85,525.95,66
2026-09-25T13:31:00+05:30,522.8,523.75,516.15,518.95,40
2026-09-25T13:32:00+05:30,522.0,529.1,522.0,525.5,82
2026-09-25T13:33:00+05:30,527.4,541.75,526.3,540.15,218
2026-09-25T13:34:00+05:30,540.0,554.1,538.0,547.15,338
2026-09-25T13:35:00+05:30,550.0,556.0,542.5,543.8,255
2026-09-25T13:36:00+05:30,545.15,551.8,538.6,544.55,380
2026-09-25T13:37:00+05:30,541.1,559.2,534.3,535.3,163
2026-09-25T13:38:00+05:30,536.35,543.9,533.1,540.65,143
2026-09-25T13:39:00+05:30,543.85,552.7,537.15,551.35,132
2026-09-25T13:40:00+05:30,549.0,549.0,533.55,533.85,48
2026-09-25T13:41:00+05:30,537.3,540.3,530.0,535.75,140
2026-09-25T13:42:00+05:30,539.3,542.95,520.65,520.65,170
2026-09-25T13:43:00+05:30,520.55,537.75,513.1,535.05,409
2026-09-25T13:44:00+05:30,535.25,535.25,525.65,532.0,50
2026-09-25T13:45:00+05:30,529.3,532.0,513.5,521.8,148
2026-09-25T13:46:00+05:30,520.0,522.35,493.25,496.05,587
2026-09-25T13:47:00+05:30,497.05,517.85,494.1,512.0,187
2026-09-25T13:48:00+05:30,511.5,518.05,511.0,514.1,92
2026-09-25T13:49:00+05:30,513.8,519.85,510.0,514.9,87
2026-09-25T13:50:00+05:30,518.9,527.0,517.55,526.1,84
2026-09-25T13:51:00+05:30,527.0,527.85,516.65,519.15,160
2026-09-25T13:52:00+05:30,519.1,523.05,515.8,516.8,37
2026-09-25T13:53:00+05:30,520.5,525.0,515.0,521.25,55
2026-09-25T13:54:00+05:30,523.0,523.0,509.65,514.0,143
2026-09-25T13:55:00+05:30,511.45,515.45,499.0,499.0,135
2026-09-25T13:56:00+05:30,499.9,504.95,475.05,479.45,321
2026-09-25T13:57:00+05:30,480.8,499.55,480.75,499.55,228
2026-09-25T13:58:00+05:30,499.15,499.15,485.85,486.0,168
2026-09-25T13:59:00+05:30,490.3,491.25,476.7,476.75,120
2026-09-25T14:00:00+05:30,475.0,475.0,416.2,429.9,1312
2026-09-25T14:01:00+05:30,427.75,447.65,417.95,429.3,746
2026-09-25T14:02:00+05:30,428.75,432.0,412.3,425.15,630
2026-09-25T14:03:00+05:30,424.3,424.3,363.15,363.85,1698
2026-09-25T14:04:00+05:30,364.75,404.9,360.95,393.6,1663
2026-09-25T14:05:00+05:30,394.4,411.0,381.4,404.2,781
2026-09-25T14:06:00+05:30,405.4,405.9,386.65,400.1,519
2026-09-25T14:07:00+05:30,404.0,405.85,385.0,392.0,513
2026-09-25T14:08:00+05:30,391.4,412.6,386.7,405.0,985
2026-09-25T14:09:00+05:30,406.1,439.9,404.95,427.6,1290
2026-09-25T14:10:00+05:30,428.0,429.35,412.0,415.1,371
2026-09-25T14:11:00+05:30,420.0,420.85,397.75,403.9,456
2026-09-25T14:12:00+05:30,403.4,415.2,394.15,413.4,421
2026-09-25T14:13:00+05:30,413.1,419.4,405.25,419.35,148
2026-09-25T14:14:00+05:30,418.95,426.2,414.7,418.1,366
2026-09-25T14:15:00+05:30,417.2,417.45,402.0,402.0,275
2026-09-25T14:16:00+05:30,401.0,412.55,394.5,398.05,436
2026-09-25T14:17:00+05:30,397.75,398.5,385.0,391.05,566
2026-09-25T14:18:00+05:30,390.3,390.5,376.05,385.35,619
2026-09-25T14:19:00+05:30,383.25,392.55,382.7,388.45,246
2026-09-25T14:20:00+05:30,388.65,399.95,380.9,394.3,382
2026-09-25T14:21:00+05:30,395.55,395.55,374.3,381.35,507
2026-09-25T14:22:00+05:30,381.2,386.8,375.75,379.2,299
2026-09-25T14:23:00+05:30,380.0,390.15,378.9,386.1,180
2026-09-25T14:24:00+05:30,385.95,393.35,382.25,391.4,186
2026-09-25T14:25:00+05:30,388.95,392.5,360.05,384.85,760
2026-09-25T14:26:00+05:30,380.0,404.0,377.15,389.95,650
2026-09-25T14:27:00+05:30,388.8,396.05,379.8,391.9,276
2026-09-25T14:28:00+05:30,392.4,392.5,378.55,382.15,146
2026-09-25T14:29:00+05:30,382.95,386.0,380.1,386.0,193
2026-09-25T14:30:00+05:30,386.5,386.8,360.0,360.9,961
2026-09-25T14:31:00+05:30,362.8,380.8,360.1,365.55,535
2026-09-25T14:32:00+05:30,365.6,371.75,361.0,366.6,401
2026-09-25T14:33:00+05:30,365.5,372.75,356.7,371.0,737
2026-09-25T14:34:00+05:30,371.75,375.25,364.5,369.1,299
2026-09-25T14:35:00+05:30,366.4,377.0,366.4,377.0,260
2026-09-25T14:36:00+05:30,375.85,375.85,368.7,375.65,120
2026-09-25T14:37:00+05:30,373.8,374.85,365.85,369.8,210
2026-09-25T14:38:00+05:30,370.2,370.3,362.7,367.6,215
2026-09-25T14:39:00+05:30,367.95,367.95,360.15,362.3,259
2026-09-25T14:40:00+05:30,362.4,375.0,362.4,374.4,260
2026-09-25T14:41:00+05:30,372.75,381.7,371.35,380.6,289
2026-09-25T14:42:00+05:30,380.65,387.9,380.6,387.65,360
2026-09-25T14:43:00+05:30,388.1,395.0,385.2,393.0,333
2026-09-25T14:44:00+05:30,393.0,395.0,386.0,388.95,294
2026-09-25T14:45:00+05:30,390.0,401.0,384.3,401.0,314
2026-09-25T14:46:00+05:30,400.1,413.55,398.3,408.2,638
2026-09-25T14:47:00+05:30,406.95,420.0,405.0,419.35,590
2026-09-25T14:48:00+05:30,420.9,423.0,410.3,410.3,683
2026-09-25T14:49:00+05:30,411.7,419.0,405.15,418.0,480
2026-09-25T14:50:00+05:30,419.65,431.4,409.5,425.9,682
2026-09-25T14:51:00+05:30,424.2,429.2,416.7,417.25,240
2026-09-25T14:52:00+05:30,415.8,417.15,407.55,411.55,212
2026-09-25T14:53:00+05:30,411.55,412.4,401.8,408.5,163
2026-09-25T14:54:00+05:30,406.05,412.1,397.25,397.65,168
2026-09-25T14:55:00+05:30,397.05,430.0,394.0,429.0,554
2026-09-25T14:56:00+05:30,428.3,433.5,418.5,429.45,395
2026-09-25T14:57:00+05:30,428.9,443.0,428.4,429.0,566
2026-09-25T14:58:00+05:30,431.4,442.9,429.5,440.05,377
2026-09-25T14:59:00+05:30,436.95,438.7,427.6,431.25,546
2026-09-25T15:00:00+05:30,430.45,449.7,429.7,433.4,658
2026-09-25T15:01:00+05:30,435.5,455.0,431.6,454.65,516
2026-09-25T15:02:00+05:30,456.0,464.35,443.9,449.9,553
2026-09-25T15:03:00+05:30,452.0,462.0,450.0,456.2,342
2026-09-25T15:04:00+05:30,457.15,464.8,449.5,449.5,400
2026-09-25T15:05:00+05:30,452.05,470.75,452.05,469.15,572
2026-09-25T15:06:00+05:30,468.6,470.55,447.75,447.75,466
2026-09-25T15:07:00+05:30,447.6,470.85,445.05,470.7,408
2026-09-25T15:08:00+05:30,472.35,504.2,466.35,504.2,741
2026-09-25T15:09:00+05:30,502.45,508.8,488.0,497.55,733
2026-09-25T15:10:00+05:30,495.95,502.55,480.3,487.9,337
2026-09-25T15:11:00+05:30,490.0,492.85,480.0,488.85,202
2026-09-25T15:12:00+05:30,489.85,491.4,473.9,477.35,374
2026-09-25T15:13:00+05:30,478.15,485.0,471.55,472.0,257
2026-09-25T15:14:00+05:30,477.15,477.25,462.0,464.0,258
2026-09-25T15:15:00+05:30,464.3,472.15,460.0,471.3,268
2026-09-25T15:16:00+05:30,473.3,481.0,470.95,472.5,282
2026-09-25T15:17:00+05:30,475.05,480.45,472.2,477.3,165
2026-09-25T15:18:00+05:30,473.0,473.0,452.55,457.55,343
2026-09-25T15:19:00+05:30,456.45,465.4,456.45,461.85,57
2026-09-25T15:20:00+05:30,461.35,468.0,448.75,466.5,536
2026-09-25T15:21:00+05:30,467.95,474.0,465.4,467.55,258
2026-09-25T15:22:00+05:30,465.55,480.0,465.5,479.1,214
2026-09-25T15:23:00+05:30,479.65,485.7,479.05,483.25,208
2026-09-25T15:24:00+05:30,483.0,483.7,472.65,479.7,149
2026-09-25T15:25:00+05:30,479.3,480.5,472.05,474.4,78
2026-09-25T15:26:00+05:30,476.85,479.5,474.7,476.1,97
2026-09-25T15:27:00+05:30,476.55,478.4,471.9,476.1,65
2026-09-25T15:28:00+05:30,474.6,475.95,473.0,473.15,117
2026-09-25T15:29:00+05:30,474.0,474.85,460.7,471.7,248
2026-09-25T15:30:00+05:30,470.0,477.65,467.8,477.65,92
2026-09-25T15:31:00+05:30,479.0,483.0,472.95,474.4,160
2026-09-25T15:32:00+05:30,475.0,485.0,474.65,483.2,388
2026-09-25T15:33:00+05:30,484.95,488.0,481.5,483.15,268
2026-09-25T15:34:00+05:30,480.05,480.25,474.0,474.25,16
2026-09-25T15:35:00+05:30,476.0,477.5,465.0,468.55,95
2026-09-25T15:36:00+05:30,467.9,478.0,464.6,471.7,260
2026-09-25T15:37:00+05:30,471.25,471.6,460.15,465.95,160
2026-09-25T15:38:00+05:30,466.1,471.0,465.2,471.0,153
2026-09-25T15:39:00+05:30,471.0,475.0,462.75,466.0,190
2026-09-28T09:15:00+05:30,560.0,805.4,560.0,794.4,1731
2026-09-28T09:16:00+05:30,810.0,895.9,804.0,864.0,1088
2026-09-28T09:17:00+05:30,857.7,899.6,841.3,889.55,882
2026-09-28T09:18:00+05:30,890.0,917.65,875.3,908.6,375
2026-09-28T09:19:00+05:30,903.8,986.7,895.1,974.95,683
2026-09-28T09:20:00+05:30,981.95,1028.1,963.1,1008.2,344
2026-09-28T09:21:00+05:30,1008.95,1016.25,988.9,1004.8,725
2026-09-28T09:22:00+05:30,1007.95,1044.85,1000.8,1039.5,440
2026-09-28T09:23:00+05:30,1037.75,1037.75,995.0,1014.2,217
2026-09-28T09:24:00+05:30,1011.2,1022.3,964.8,988.9,316
2026-09-28T09:25:00+05:30,999.25,1063.9,997.15,1054.0,443
2026-09-28T09:26:00+05:30,1051.7,1063.85,1050.0,1060.0,252
2026-09-28T09:27:00+05:30,1058.75,1063.0,1028.5,1047.45,229
2026-09-28T09:28:00+05:30,1041.0,1052.6,1036.55,1036.75,113
2026-09-28T09:29:00+05:30,1044.1,1044.15,1033.75,1034.65,71
2026-09-28T09:30:00+05:30,1040.4,1061.7,1040.4,1048.75,53
2026-09-28T09:31:00+05:30,1042.4,1070.0,1042.4,1069.85,176
2026-09-28T09:32:00+05:30,1069.3,1080.0,1066.45,1079.95,111
2026-09-28T09:33:00+05:30,1080.0,1118.0,1076.85,1104.4,838
2026-09-28T09:34:00+05:30,1107.45,1126.0,1107.45,1110.7,427
2026-09-28T09:35:00+05:30,1108.0,1210.0,1104.9,1190.05,753
2026-09-28T09:36:00+05:30,1188.0,1215.25,1176.35,1208.25,160
2026-09-28T09:37:00+05:30,1209.0,1225.3,1180.65,1190.15,140
2026-09-28T09:38:00+05:30,1201.0,1250.0,1200.55,1223.85,183
2026-09-28T09:39:00+05:30,1219.2,1227.55,1206.6,1217.95,382
2026-09-28T09:40:00+05:30,1216.0,1235.0,1206.2,1214.3,329
2026-09-28T09:41:00+05:30,1201.0,1211.75,1162.25,1169.4,231
2026-09-28T09:42:00+05:30,1174.9,1195.7,1174.7,1190.0,117
2026-09-28T09:43:00+05:30,1190.15,1219.9,1189.8,1214.7,118
2026-09-28T09:44:00+05:30,1215.0,1226.8,1207.45,1210.2,146
2026-09-28T09:45:00+05:30,1210.95,1210.95,1196.4,1201.0,134
2026-09-28T09:46:00+05:30,1200.0,1203.0,1180.0,1186.1,128
2026-09-28T09:47:00+05:30,1188.0,1196.65,1175.25,1187.1,31
2026-09-28T09:48:00+05:30,1185.0,1198.8,1170.6,1191.65,164
2026-09-28T09:49:00+05:30,1192.65,1206.9,1184.25,1194.6,233
2026-09-28T09:50:00+05:30,1187.9,1191.0,1174.15,1190.0,165
2026-09-28T09:51:00+05:30,1179.45,1210.3,1179.45,1208.35,53
2026-09-28T09:52:00+05:30,1215.0,1220.0,1210.6,1216.9,106
2026-09-28T09:53:00+05:30,1210.7,1211.0,1198.35,1199.45,464
2026-09-28T09:54:00+05:30,1204.9,1218.9,1204.9,1211.7,88
2026-09-28T09:55:00+05:30,1213.65,1215.0,1200.0,1213.3,69
2026-09-28T09:56:00+05:30,1207.75,1220.65,1198.0,1198.0,84
2026-09-28T09:57:00+05:30,1200.0,1206.95,1181.75,1190.75,61
2026-09-28T09:58:00+05:30,1184.05,1185.05,1168.3,1179.3,105
2026-09-28T09:59:00+05:30,1187.2,1187.2,1172.0,1182.45,149
2026-09-28T10:00:00+05:30,1180.5,1210.0,1180.5,1205.0,89
2026-09-28T10:01:00+05:30,1200.7,1213.55,1200.35,1202.0,88
2026-09-28T10:02:00+05:30,1208.95,1215.25,1200.1,1201.25,214
2026-09-28T10:03:00+05:30,1202.0,1217.0,1202.0,1217.0,39
2026-09-28T10:04:00+05:30,1220.0,1238.85,1212.6,1225.4,121
2026-09-28T10:05:00+05:30,1226.35,1277.7,1217.75,1277.1,262
2026-09-28T10:06:00+05:30,1265.0,1287.25,1254.45,1284.25,914
2026-09-28T10:07:00+05:30,1281.85,1303.9,1265.0,1275.65,71
2026-09-28T10:08:00+05:30,1266.9,1280.95,1261.95,1279.95,104
2026-09-28T10:09:00+05:30,1280.0,1304.4,1280.0,1296.4,449
2026-09-28T10:10:00+05:30,1298.15,1299.1,1279.9,1279.9,115
2026-09-28T10:11:00+05:30,1279.65,1281.25,1261.1,1264.55,60
2026-09-28T10:12:00+05:30,1267.2,1288.0,1267.2,1288.0,21
2026-09-28T10:13:00+05:30,1287.0,1287.0,1261.0,1263.15,23
2026-09-28T10:14:00+05:30,1263.0,1280.0,1255.0,1277.75,33
2026-09-28T10:15:00+05:30,1285.0,1294.95,1285.0,1294.95,34
2026-09-28T10:16:00+05:30,1292.0,1299.0,1290.85,1292.6,64
2026-09-28T10:17:00+05:30,1295.0,1337.0,1292.45,1327.1,53
2026-09-28T10:18:00+05:30,1341.95,1343.2,1300.45,1310.0,151
2026-09-28T10:19:00+05:30,1311.75,1311.75,1289.5,1302.1,22
2026-09-28T10:20:00+05:30,1287.15,1287.2,1246.15,1264.0,59
2026-09-28T10:21:00+05:30,1258.9,1295.0,1258.9,1290.0,155
2026-09-28T10:22:00+05:30,1288.3,1297.25,1276.9,1287.0,95
2026-09-28T10:23:00+05:30,1294.85,1307.15,1284.7,1307.15,32
2026-09-28T10:24:00+05:30,1299.65,1315.75,1299.65,1305.0,8
2026-09-28T10:25:00+05:30,1305.6,1321.6,1304.35,1321.6,29
2026-09-28T10:26:00+05:30,1312.55,1324.0,1310.0,1319.6,29
2026-09-28T10:27:00+05:30,1318.75,1321.85,1314.0,1315.1,21
2026-09-28T10:28:00+05:30,1314.0,1314.0,1293.0,1293.0,77
2026-09-28T10:29:00+05:30,1291.25,1311.0,1291.2,1301.95,25
2026-09-28T10:30:00+05:30,1300.0,1300.0,1279.35,1284.0,43
2026-09-28T10:31:00+05:30,1286.0,1294.3,1284.05,1286.95,37
2026-09-28T10:32:00+05:30,1295.0,1305.0,1295.0,1300.55,53
2026-09-28T10:33:00+05:30,1291.6,1319.0,1291.6,1316.95,21
2026-09-28T10:34:00+05:30,1309.55,1324.0,1304.85,1318.6,21
2026-09-28T10:35:00+05:30,1315.0,1318.0,1315.0,1318.0,6
2026-09-28T10:36:00+05:30,1310.0,1310.0,1297.0,1305.35,15
2026-09-28T10:37:00+05:30,1307.15,1324.0,1307.15,1315.0,14
2026-09-28T10:38:00+05:30,1318.0,1322.15,1315.0,1317.0,9
2026-09-28T10:39:00+05:30,1317.0,1340.0,1316.6,1338.3,9
2026-09-28T10:40:00+05:30,1321.6,1329.65,1319.5,1329.6,23
2026-09-28T10:41:00+05:30,1330.6,1379.95,1327.15,1347.9,109
2026-09-28T10:42:00+05:30,1358.9,1372.05,1354.95,1372.05,30
2026-09-28T10:43:00+05:30,1362.05,1373.0,1356.05,1356.25,17
2026-09-28T10:44:00+05:30,1357.85,1370.0,1357.0,1360.0,51
2026-09-28T10:45:00+05:30,1360.0,1361.0,1345.85,1349.75,28
2026-09-28T10:46:00+05:30,1345.9,1355.0,1340.0,1349.3,22
2026-09-28T10:47:00+05:30,1346.25,1353.7,1337.9,1351.0,72
2026-09-28T10:48:00+05:30,1355.0,1365.0,1355.0,1358.1,28
2026-09-28T10:49:00+05:30,1358.0,1392.0,1358.0,1380.0,23
2026-09-28T10:50:00+05:30,1375.2,1386.65,1371.0,1374.0,30
2026-09-28T10:51:00+05:30,1384.0,1384.0,1374.0,1381.0,18
2026-09-28T10:52:00+05:30,1378.0,1386.0,1372.65,1373.95,215
2026-09-28T10:53:00+05:30,1375.05,1380.0,1365.0,1374.05,417
2026-09-28T10:54:00+05:30,1366.0,1366.0,1337.0,1340.25,239
2026-09-28T10:55:00+05:30,1345.25,1345.25,1303.7,1306.4,358
2026-09-28T10:56:00+05:30,1310.0,1318.0,1293.6,1318.0,211
2026-09-28T10:57:00+05:30,1325.0,1336.9,1308.3,1328.85,21
2026-09-28T10:58:00+05:30,1329.1,1339.55,1316.2,1326.0,28
2026-09-28T10:59:00+05:30,1335.1,1335.2,1320.0,1335.0,219
2026-09-28T11:00:00+05:30,1342.0,1356.35,1342.0,1351.0,93
2026-09-28T11:01:00+05:30,1350.0,1370.0,1345.0,1347.15,107
2026-09-28T11:02:00+05:30,1351.65,1351.65,1337.2,1337.2,13
2026-09-28T11:03:00+05:30,1343.0,1359.9,1343.0,1356.35,12
2026-09-28T11:04:00+05:30,1351.0,1374.0,1351.0,1365.4,89
2026-09-28T11:05:00+05:30,1365.65,1372.65,1362.0,1365.0,83
2026-09-28T11:06:00+05:30,1364.3,1364.3,1350.0,1353.0,220
2026-09-28T11:07:00+05:30,1356.85,1366.05,1350.15,1365.0,24
2026-09-28T11:08:00+05:30,1369.0,1385.8,1369.0,1383.0,91
2026-09-28T11:09:00+05:30,1384.6,1385.8,1380.0,1385.4,29
2026-09-28T11:10:00+05:30,1375.0,1390.0,1373.9,1390.0,58
2026-09-28T11:11:00+05:30,1390.5,1390.5,1381.75,1390.0,85
2026-09-28T11:12:00+05:30,1397.0,1402.55,1390.0,1394.6,123
2026-09-28T11:13:00+05:30,1395.4,1397.0,1387.35,1395.05,23
2026-09-28T11:14:00+05:30,1387.0,1391.0,1386.5,1386.5,3
2026-09-28T11:15:00+05:30,1381.0,1381.0,1353.85,1370.0,26
2026-09-28T11:16:00+05:30,1389.9,1397.65,1383.7,1396.7,9
2026-09-28T11:17:00+05:30,1380.0,1393.4,1377.05,1388.0,156
2026-09-28T11:18:00+05:30,1393.0,1393.0,1351.85,1357.1,45
2026-09-28T11:19:00+05:30,1363.0,1363.0,1343.15,1352.35,29
2026-09-28T11:20:00+05:30,1350.0,1360.25,1345.55,1360.25,81
2026-09-28T11:21:00+05:30,1366.0,1370.0,1343.3,1370.0,61
2026-09-28T11:22:00+05:30,1356.3,1360.0,1354.55,1360.0,8
2026-09-28T11:23:00+05:30,1363.0,1363.0,1349.8,1351.1,87
2026-09-28T11:24:00+05:30,1358.0,1376.0,1356.95,1376.0,9
2026-09-28T11:26:00+05:30,1370.5,1370.5,1353.25,1356.0,7
2026-09-28T11:27:00+05:30,1362.0,1362.0,1340.0,1340.0,16
2026-09-28T11:28:00+05:30,1335.0,1343.0,1331.0,1343.0,14
2026-09-28T11:29:00+05:30,1344.35,1347.5,1337.0,1340.2,312
2026-09-28T11:30:00+05:30,1341.75,1341.8,1307.35,1314.65,66
2026-09-28T11:31:00+05:30,1318.35,1324.2,1315.15,1322.7,39
2026-09-28T11:32:00+05:30,1320.0,1339.1,1314.2,1339.1,36
2026-09-28T11:33:00+05:30,1347.0,1385.0,1339.1,1373.6,90
2026-09-28T11:34:00+05:30,1370.2,1373.9,1363.45,1368.5,87
2026-09-28T11:35:00+05:30,1369.8,1378.55,1355.05,1355.05,83
2026-09-28T11:36:00+05:30,1358.5,1358.5,1345.0,1348.15,90
2026-09-28T11:37:00+05:30,1340.0,1342.05,1311.25,1322.8,68
2026-09-28T11:38:00+05:30,1313.85,1324.0,1313.85,1323.0,39
2026-09-28T11:39:00+05:30,1325.4,1325.4,1308.25,1314.15,25
2026-09-28T11:40:00+05:30,1316.0,1317.25,1308.2,1308.2,10
2026-09-28T11:41:00+05:30,1315.3,1315.95,1271.25,1292.0,364
2026-09-28T11:42:00+05:30,1289.1,1295.55,1289.1,1295.2,18
2026-09-28T11:43:00+05:30,1307.8,1307.8,1289.1,1304.45,61
2026-09-28T11:44:00+05:30,1300.3,1303.0,1300.0,1300.0,17
2026-09-28T11:45:00+05:30,1300.0,1300.0,1286.0,1300.0,69
2026-09-28T11:46:00+05:30,1300.75,1300.75,1294.0,1300.6,10
2026-09-28T11:47:00+05:30,1301.7,1322.0,1297.6,1322.0,12
2026-09-28T11:48:00+05:30,1323.0,1334.8,1321.5,1321.5,122
2026-09-28T11:49:00+05:30,1314.35,1331.35,1314.35,1331.2,26
2026-09-28T11:50:00+05:30,1331.1,1331.1,1331.1,1331.1,1
2026-09-28T11:51:00+05:30,1329.65,1349.0,1327.1,1345.55,23
2026-09-28T11:52:00+05:30,1338.45,1348.7,1330.3,1331.2,16
2026-09-28T11:53:00+05:30,1325.7,1340.0,1319.7,1336.6,13
2026-09-28T11:54:00+05:30,1333.0,1345.0,1333.0,1345.0,5
2026-09-28T11:55:00+05:30,1345.0,1351.0,1340.7,1350.25,8
2026-09-28T11:56:00+05:30,1355.9,1366.35,1355.9,1356.0,39
2026-09-28T11:57:00+05:30,1351.25,1354.0,1345.3,1351.7,16
2026-09-28T11:58:00+05:30,1358.0,1362.5,1353.75,1353.75,4
2026-09-28T11:59:00+05:30,1351.0,1351.0,1332.0,1341.7,104
2026-09-28T12:00:00+05:30,1340.05,1343.4,1331.15,1332.2,9
2026-09-28T12:01:00+05:30,1321.0,1333.0,1319.7,1333.0,12
2026-09-28T12:02:00+05:30,1345.95,1345.95,1328.25,1328.55,13
2026-09-28T12:03:00+05:30,1351.0,1351.0,1344.8,1344.8,1
2026-09-28T12:04:00+05:30,1344.2,1350.0,1327.6,1350.0,33
2026-09-28T12:05:00+05:30,1350.0,1350.0,1333.85,1343.85,139
2026-09-28T12:06:00+05:30,1333.1,1334.0,1320.0,1332.55,62
2026-09-28T12:07:00+05:30,1333.75,1341.4,1320.8,1341.4,85
2026-09-28T12:08:00+05:30,1341.0,1349.85,1331.7,1331.7,132
2026-09-28T12:09:00+05:30,1333.2,1347.4,1333.2,1338.5,29
2026-09-28T12:10:00+05:30,1343.4,1346.0,1325.5,1325.5,56
2026-09-28T12:11:00+05:30,1329.75,1334.0,1314.35,1334.0,34
2026-09-28T12:12:00+05:30,1337.0,1343.35,1337.0,1340.5,13
2026-09-28T12:13:00+05:30,1330.4,1335.0,1330.4,1335.0,5
2026-09-28T12:14:00+05:30,1338.7,1339.0,1323.35,1339.0,9
2026-09-28T12:15:00+05:30,1345.0,1349.85,1343.7,1347.65,40
2026-09-28T12:16:00+05:30,1349.85,1349.85,1323.3,1331.3,26
2026-09-28T12:17:00+05:30,1334.0,1334.0,1333.0,1333.0,2
2026-09-28T12:18:00+05:30,1342.0,1342.0,1327.35,1327.35,18
2026-09-28T12:19:00+05:30,1327.35,1333.4,1322.5,1322.5,22
2026-09-28T12:20:00+05:30,1321.0,1332.35,1319.0,1332.0,5
2026-09-28T12:21:00+05:30,1332.25,1332.25,1331.35,1331.35,7
2026-09-28T12:22:00+05:30,1332.9,1346.85,1327.3,1345.0,32
2026-09-28T12:23:00+05:30,1342.0,1342.0,1325.45,1325.45,14
2026-09-28T12:24:00+05:30,1325.1,1338.35,1325.05,1325.4,20
2026-09-28T12:25:00+05:30,1322.5,1322.5,1302.5,1308.95,55
2026-09-28T12:26:00+05:30,1308.15,1308.2,1284.75,1296.0,31
2026-09-28T12:27:00+05:30,1307.0,1310.25,1301.95,1304.0,9
2026-09-28T12:28:00+05:30,1307.15,1307.15,1302.5,1303.0,27
2026-09-28T12:29:00+05:30,1300.05,1300.05,1282.55,1282.55,48
2026-09-28T12:30:00+05:30,1285.9,1306.5,1282.5,1302.7,29
2026-09-28T12:31:00+05:30,1306.0,1311.4,1297.95,1300.0,13
2026-09-28T12:32:00+05:30,1304.0,1305.05,1299.25,1303.0,37
2026-09-28T12:33:00+05:30,1305.0,1330.35,1305.0,1318.7,93
2026-09-28T12:34:00+05:30,1325.0,1353.35,1325.0,1340.1,1261
2026-09-28T12:35:00+05:30,1340.05,1351.15,1332.5,1336.0,1049
2026-09-28T12:36:00+05:30,1338.0,1345.35,1330.05,1342.0,22
2026-09-28T12:37:00+05:30,1330.35,1340.0,1327.55,1340.0,25
2026-09-28T12:38:00+05:30,1338.0,1342.0,1336.0,1337.5,14
2026-09-28T12:39:00+05:30,1335.05,1341.35,1331.4,1341.35,15
2026-09-28T12:40:00+05:30,1339.0,1343.0,1327.5,1343.0,7
2026-09-28T12:41:00+05:30,1336.75,1339.0,1335.35,1338.15,10
2026-09-28T12:42:00+05:30,1336.0,1336.0,1318.4,1323.65,33
2026-09-28T12:43:00+05:30,1329.0,1329.0,1320.05,1323.0,19
2026-09-28T12:44:00+05:30,1329.9,1343.85,1326.0,1340.9,42
2026-09-28T12:45:00+05:30,1340.05,1349.0,1335.05,1339.1,116
2026-09-28T12:46:00+05:30,1335.0,1335.0,1322.7,1332.2,22
2026-09-28T12:47:00+05:30,1330.0,1333.7,1324.1,1330.0,132
2026-09-28T12:48:00+05:30,1331.0,1344.6,1330.9,1332.55,119
2026-09-28T12:49:00+05:30,1333.45,1334.5,1327.65,1330.0,13
2026-09-28T12:50:00+05:30,1334.0,1334.0,1325.05,1325.35,13
2026-09-28T12:51:00+05:30,1328.6,1353.8,1328.55,1353.8,119
2026-09-28T12:52:00+05:30,1339.0,1367.65,1339.0,1365.0,29
2026-09-28T12:53:00+05:30,1367.65,1385.0,1351.0,1353.8,249
2026-09-28T12:54:00+05:30,1345.05,1354.9,1337.7,1337.7,25
2026-09-28T12:55:00+05:30,1358.8,1358.8,1358.8,1358.8,1
2026-09-28T12:56:00+05:30,1360.0,1360.0,1360.0,1360.0,7
2026-09-28T12:57:00+05:30,1358.3,1369.4,1347.5,1365.55,29
2026-09-28T12:58:00+05:30,1362.3,1362.3,1347.5,1347.5,17
2026-09-28T12:59:00+05:30,1350.55,1350.85,1348.7,1350.85,6
2026-09-28T13:00:00+05:30,1354.2,1354.2,1354.2,1354.2,1
2026-09-28T13:01:00+05:30,1349.0,1349.8,1340.05,1340.05,12
2026-09-28T13:02:00+05:30,1347.35,1355.75,1345.3,1354.85,19
2026-09-28T13:03:00+05:30,1354.95,1358.7,1350.05,1355.5,10
2026-09-28T13:04:00+05:30,1355.1,1368.55,1355.1,1368.55,7
2026-09-28T13:05:00+05:30,1368.75,1369.85,1361.3,1361.3,5
2026-09-28T13:06:00+05:30,1360.05,1369.5,1352.5,1367.5,15
2026-09-28T13:07:00+05:30,1373.35,1391.75,1367.5,1375.05,126
2026-09-28T13:08:00+05:30,1375.1,1375.1,1371.25,1371.25,7
2026-09-28T13:09:00+05:30,1378.2,1378.2,1357.5,1357.5,14
2026-09-28T13:10:00+05:30,1360.05,1360.1,1333.4,1333.4,42
2026-09-28T13:11:00+05:30,1330.1,1348.0,1324.1,1348.0,8
2026-09-28T13:12:00+05:30,1351.05,1359.9,1338.35,1359.9,15
2026-09-28T13:13:00+05:30,1352.25,1352.25,1352.2,1352.2,4
2026-09-28T13:14:00+05:30,1347.05,1360.0,1347.05,1355.35,86
2026-09-28T13:15:00+05:30,1352.6,1355.8,1346.4,1355.8,10
2026-09-28T13:16:00+05:30,1350.0,1351.2,1350.0,1351.2,5
2026-09-28T13:17:00+05:30,1341.5,1345.0,1340.85,1340.85,8
2026-09-28T13:18:00+05:30,1343.2,1360.3,1343.2,1357.2,34
2026-09-28T13:19:00+05:30,1361.15,1363.1,1348.3,1348.7,31
2026-09-28T13:21:00+05:30,1355.0,1355.0,1348.0,1348.0,13
2026-09-28T13:22:00+05:30,1350.0,1350.0,1330.0,1330.0,30
2026-09-28T13:23:00+05:30,1340.95,1340.95,1315.0,1315.0,93
2026-09-28T13:24:00+05:30,1318.6,1330.4,1318.6,1330.4,8
2026-09-28T13:25:00+05:30,1331.0,1331.0,1316.1,1316.1,10
2026-09-28T13:26:00+05:30,1305.0,1314.05,1298.1,1310.0,25
2026-09-28T13:27:00+05:30,1310.0,1310.0,1291.5,1305.25,6
2026-09-28T13:28:00+05:30,1315.6,1319.3,1314.9,1316.4,67
2026-09-28T13:29:00+05:30,1321.0,1321.0,1303.9,1312.55,20
2026-09-28T13:30:00+05:30,1315.55,1336.65,1315.55,1331.6,11
2026-09-28T13:31:00+05:30,1326.2,1333.75,1326.2,1332.35,9
2026-09-28T13:32:00+05:30,1339.95,1342.45,1336.3,1338.5,11
2026-09-28T13:33:00+05:30,1342.0,1356.65,1332.35,1353.55,116
2026-09-28T13:34:00+05:30,1350.9,1369.95,1350.9,1369.95,64
2026-09-28T13:35:00+05:30,1369.55,1372.9,1352.25,1372.3,22
2026-09-28T13:36:00+05:30,1370.3,1374.75,1359.15,1374.75,8
2026-09-28T13:37:00+05:30,1368.65,1379.9,1366.2,1377.3,97
2026-09-28T13:38:00+05:30,1378.5,1381.5,1371.05,1377.9,9
2026-09-28T13:39:00+05:30,1363.7,1372.1,1351.0,1351.0,15
2026-09-28T13:40:00+05:30,1354.05,1368.05,1350.0,1350.0,7
2026-09-28T13:41:00+05:30,1333.7,1341.95,1333.6,1341.95,12
2026-09-28T13:42:00+05:30,1340.3,1350.0,1340.3,1350.0,4
2026-09-28T13:44:00+05:30,1357.25,1361.05,1344.7,1344.7,12
2026-09-28T13:45:00+05:30,1344.7,1351.6,1344.7,1351.55,18
2026-09-28T13:46:00+05:30,1347.3,1347.3,1343.65,1347.2,3
2026-09-28T13:47:00+05:30,1338.1,1358.0,1338.1,1357.1,11
2026-09-28T13:48:00+05:30,1358.65,1366.95,1358.65,1366.95,22
2026-09-28T13:49:00+05:30,1360.05,1389.9,1360.05,1365.0,73
2026-09-28T13:50:00+05:30,1356.7,1362.55,1356.7,1362.55,2
2026-09-28T13:51:00+05:30,1363.0,1363.0,1363.0,1363.0,2
2026-09-28T13:52:00+05:30,1354.35,1354.35,1347.0,1348.35,86
2026-09-28T13:54:00+05:30,1368.55,1370.0,1368.55,1370.0,72
2026-09-28T13:55:00+05:30,1372.7,1372.7,1361.1,1361.1,2
2026-09-28T13:56:00+05:30,1361.55,1361.55,1336.95,1336.95,13
2026-09-28T13:57:00+05:30,1352.85,1352.85,1352.8,1352.8,2
2026-09-28T13:59:00+05:30,1350.0,1354.95,1350.0,1354.95,6
2026-09-28T14:00:00+05:30,1350.15,1355.0,1350.15,1355.0,24
2026-09-28T14:01:00+05:30,1360.0,1369.95,1360.0,1369.95,61
2026-09-28T14:02:00+05:30,1371.8,1374.9,1368.0,1369.95,17
2026-09-28T14:03:00+05:30,1365.5,1365.5,1365.5,1365.5,4
2026-09-28T14:04:00+05:30,1360.0,1360.0,1359.55,1359.55,2
2026-09-28T14:05:00+05:30,1368.0,1369.95,1361.55,1369.95,7
2026-09-28T14:06:00+05:30,1366.7,1380.0,1366.7,1380.0,64
2026-09-28T14:07:00+05:30,1370.0,1370.0,1370.0,1370.0,2
2026-09-28T14:08:00+05:30,1376.4,1376.4,1369.25,1369.55,7
2026-09-28T14:09:00+05:30,1385.0,1395.0,1385.0,1393.55,64
2026-09-28T14:10:00+05:30,1381.8,1381.8,1381.8,1381.8,1
2026-09-28T14:11:00+05:30,1370.3,1382.8,1370.3,1374.15,8
2026-09-28T14:12:00+05:30,1375.0,1380.4,1365.2,1365.9,32
2026-09-28T14:13:00+05:30,1375.9,1394.7,1375.9,1389.15,44
2026-09-28T14:14:00+05:30,1388.0,1388.0,1374.35,1374.35,8
2026-09-28T14:15:00+05:30,1377.5,1409.95,1377.5,1409.95,107
2026-09-28T14:16:00+05:30,1420.0,1425.0,1400.0,1413.45,149
2026-09-28T14:17:00+05:30,1416.05,1446.2,1414.2,1438.5,69
2026-09-28T14:18:00+05:30,1438.75,1479.05,1438.75,1460.55,141
2026-09-28T14:19:00+05:30,1450.0,1468.6,1449.9,1468.2,164
2026-09-28T14:20:00+05:30,1451.0,1451.0,1439.25,1439.25,14
2026-09-28T14:21:00+05:30,1448.55,1448.55,1429.0,1429.0,3
2026-09-28T14:22:00+05:30,1441.95,1441.95,1439.55,1440.8,10
2026-09-28T14:23:00+05:30,1438.3,1447.4,1435.0,1435.0,18
2026-09-28T14:24:00+05:30,1436.55,1443.55,1430.0,1431.5,5
2026-09-28T14:25:00+05:30,1432.3,1434.25,1421.0,1421.0,11
2026-09-28T14:26:00+05:30,1426.6,1426.6,1420.0,1420.0,57
2026-09-28T14:27:00+05:30,1420.0,1421.4,1412.15,1419.6,12
2026-09-28T14:28:00+05:30,1416.55,1422.65,1412.0,1422.65,14
2026-09-28T14:29:00+05:30,1440.0,1440.0,1427.85,1435.0,7
2026-09-28T14:30:00+05:30,1431.15,1431.15,1405.0,1405.0,33
2026-09-28T14:31:00+05:30,1410.0,1435.1,1409.1,1435.1,13
2026-09-28T14:32:00+05:30,1431.8,1444.85,1427.85,1440.0,13
2026-09-28T14:33:00+05:30,1449.0,1450.0,1442.7,1449.25,55
2026-09-28T14:34:00+05:30,1455.0,1455.0,1452.85,1453.0,19
2026-09-28T14:35:00+05:30,1447.5,1453.85,1445.0,1453.85,22
2026-09-28T14:36:00+05:30,1441.1,1445.45,1429.3,1445.45,42
2026-09-28T14:37:00+05:30,1444.0,1448.55,1436.5,1447.0,11
2026-09-28T14:38:00+05:30,1462.0,1506.5,1462.0,1489.3,373
2026-09-28T14:39:00+05:30,1495.0,1497.6,1479.55,1482.65,61
2026-09-28T14:40:00+05:30,1489.9,1490.0,1480.0,1483.1,179
2026-09-28T14:41:00+05:30,1477.4,1480.0,1460.0,1480.0,14
2026-09-28T14:42:00+05:30,1483.4,1500.0,1483.4,1494.0,233
2026-09-28T14:43:00+05:30,1494.2,1495.0,1489.2,1489.7,39
2026-09-28T14:44:00+05:30,1488.65,1495.6,1475.15,1493.15,68
2026-09-28T14:45:00+05:30,1490.0,1490.0,1466.65,1485.35,35
2026-09-28T14:46:00+05:30,1488.0,1488.0,1448.0,1448.0,27
2026-09-28T14:47:00+05:30,1465.65,1465.65,1460.6,1465.0,21
2026-09-28T14:48:00+05:30,1461.7,1461.7,1445.1,1446.6,38
2026-09-28T14:49:00+05:30,1450.35,1450.35,1424.85,1435.0,85
2026-09-28T14:50:00+05:30,1442.5,1442.6,1424.0,1428.5,11
2026-09-28T14:51:00+05:30,1433.4,1445.0,1428.5,1441.65,9
2026-09-28T14:52:00+05:30,1457.3,1457.35,1441.0,1448.1,15
2026-09-28T14:53:00+05:30,1432.45,1443.0,1430.55,1439.35,37
2026-09-28T14:54:00+05:30,1441.9,1444.35,1433.45,1433.45,11
2026-09-28T14:55:00+05:30,1441.65,1450.0,1432.75,1450.0,27
2026-09-28T14:56:00+05:30,1440.8,1451.35,1440.8,1451.35,7
2026-09-28T14:57:00+05:30,1447.95,1455.0,1447.95,1455.0,5
2026-09-28T14:58:00+05:30,1449.35,1484.5,1449.35,1484.5,26
2026-09-28T14:59:00+05:30,1466.85,1466.95,1454.15,1454.45,7
2026-09-28T15:00:00+05:30,1453.5,1468.45,1450.0,1461.7,106
2026-09-28T15:01:00+05:30,1457.35,1461.25,1442.85,1444.95,104
2026-09-28T15:02:00+05:30,1460.9,1474.75,1460.9,1468.6,28
2026-09-28T15:03:00+05:30,1460.65,1460.65,1429.85,1429.95,71
2026-09-28T15:04:00+05:30,1431.75,1450.0,1426.75,1449.75,21
2026-09-28T15:05:00+05:30,1450.0,1461.7,1447.95,1447.95,395
2026-09-28T15:06:00+05:30,1452.75,1455.9,1449.2,1451.7,64
2026-09-28T15:07:00+05:30,1441.0,1461.8,1435.7,1461.8,4
2026-09-28T15:08:00+05:30,1448.1,1451.75,1448.1,1450.45,52
2026-09-28T15:09:00+05:30,1451.3,1451.35,1441.65,1445.65,13
2026-09-28T15:10:00+05:30,1443.0,1443.0,1435.2,1440.0,21
2026-09-28T15:11:00+05:30,1460.0,1461.8,1451.05,1451.15,18
2026-09-28T15:12:00+05:30,1455.0,1461.25,1452.85,1461.25,45
2026-09-28T15:13:00+05:30,1459.35,1460.55,1454.05,1454.95,151
2026-09-28T15:14:00+05:30,1452.25,1454.8,1448.4,1452.0,620
2026-09-28T15:15:00+05:30,1451.95,1451.95,1442.9,1444.95,378
2026-09-28T15:16:00+05:30,1444.0,1472.0,1442.0,1470.8,1312
2026-09-28T15:17:00+05:30,1474.05,1475.0,1456.1,1456.1,417
2026-09-28T15:18:00+05:30,1463.75,1470.0,1457.0,1463.65,36
2026-09-28T15:19:00+05:30,1462.45,1481.1,1462.45,1469.9,30
2026-09-28T15:20:00+05:30,1469.95,1485.7,1450.0,1485.7,91
2026-09-28T15:21:00+05:30,1481.1,1481.15,1460.0,1460.0,44
2026-09-28T15:22:00+05:30,1461.0,1467.5,1461.0,1461.0,4
2026-09-28T15:23:00+05:30,1471.7,1471.7,1460.0,1460.0,28
2026-09-28T15:24:00+05:30,1469.0,1477.0,1447.65,1447.65,110
2026-09-28T15:25:00+05:30,1454.9,1454.9,1435.0,1449.75,1490
2026-09-28T15:26:00+05:30,1443.95,1450.0,1442.35,1449.8,172
2026-09-28T15:27:00+05:30,1454.4,1460.0,1454.4,1458.95,108
2026-09-28T15:28:00+05:30,1454.05,1455.3,1451.0,1455.3,23
2026-09-28T15:29:00+05:30,1453.0,1464.4,1449.0,1449.0,167
2026-09-28T15:30:00+05:30,1447.9,1455.4,1445.0,1450.0,105
