timestamp,open,high,low,close,volume
2026-09-21T09:15:00+05:30,19.8,19.8,19.8,19.8,0
2026-09-21T09:16:00+05:30,33.95,35.5,31.4,31.4,34
2026-09-21T09:17:00+05:30,31.15,31.15,28.55,28.6,103
2026-09-21T09:18:00+05:30,29.05,29.4,27.35,28.5,156
2026-09-21T09:19:00+05:30,28.5,29.85,28.4,29.85,71
2026-09-21T09:20:00+05:30,28.8,29.9,28.55,29.7,26
2026-09-21T09:21:00+05:30,29.15,30.0,29.15,30.0,33
2026-09-21T09:22:00+05:30,29.9,29.9,28.35,28.35,69
2026-09-21T09:23:00+05:30,28.05,28.1,26.95,27.05,90
2026-09-21T09:24:00+05:30,27.25,27.4,27.0,27.4,60
2026-09-21T09:25:00+05:30,27.0,27.25,26.55,26.7,146
2026-09-21T09:26:00+05:30,26.6,27.25,26.6,27.0,24
2026-09-21T09:27:00+05:30,26.85,27.55,26.45,27.15,122
2026-09-21T09:28:00+05:30,27.65,27.7,26.4,26.95,97
2026-09-21T09:29:00+05:30,27.0,27.05,26.15,26.45,126
2026-09-21T09:30:00+05:30,26.65,26.65,25.85,26.2,70
2026-09-21T09:31:00+05:30,26.25,26.4,25.9,26.35,53
2026-09-21T09:32:00+05:30,26.1,26.1,25.8,25.8,20
2026-09-21T09:33:00+05:30,26.05,26.2,25.8,26.2,38
2026-09-21T09:34:00+05:30,26.2,26.2,25.95,26.1,22
2026-09-21T09:35:00+05:30,25.7,26.1,25.3,25.3,132
2026-09-21T09:36:00+05:30,25.6,25.95,25.6,25.9,67
2026-09-21T09:37:00+05:30,25.7,25.9,25.7,25.7,43
2026-09-21T09:38:00+05:30,25.95,26.7,25.95,26.7,7
2026-09-21T09:39:00+05:30,26.1,26.1,25.6,26.05,9
2026-09-21T09:40:00+05:30,26.1,26.4,25.8,25.8,24
2026-09-21T09:41:00+05:30,25.75,25.75,24.95,24.95,7
2026-09-21T09:42:00+05:30,25.2,25.35,24.45,25.2,131
2026-09-21T09:43:00+05:30,24.9,25.2,24.6,25.0,43
2026-09-21T09:44:00+05:30,25.3,25.3,24.45,24.8,62
2026-09-21T09:45:00+05:30,24.8,24.8,24.6,24.6,5
2026-09-21T09:46:00+05:30,24.75,24.75,24.5,24.55,12
2026-09-21T09:48:00+05:30,25.3,25.6,24.65,25.05,43
2026-09-21T09:49:00+05:30,24.7,24.8,24.4,24.75,15
2026-09-21T09:50:00+05:30,24.8,24.8,24.55,24.55,13
2026-09-21T09:51:00+05:30,24.8,24.8,24.15,24.4,70
2026-09-21T09:52:00+05:30,24.5,24.8,24.2,24.8,28
2026-09-21T09:53:00+05:30,24.55,25.35,24.55,25.35,9
2026-09-21T09:54:00+05:30,25.65,25.65,25.25,25.25,10
2026-09-21T09:55:00+05:30,25.9,26.55,25.85,26.5,385
2026-09-21T09:56:00+05:30,26.65,26.7,26.5,26.55,132
2026-09-21T09:57:00+05:30,26.5,26.5,26.0,26.35,308
2026-09-21T09:58:00+05:30,26.35,26.85,26.35,26.8,43
2026-09-21T09:59:00+05:30,26.85,27.1,26.75,26.9,59
2026-09-21T10:00:00+05:30,26.55,27.4,26.55,27.3,42
2026-09-21T10:01:00+05:30,27.4,27.6,27.2,27.6,22
2026-09-21T10:02:00+05:30,27.6,27.8,27.35,27.8,23
2026-09-21T10:03:00+05:30,27.75,27.75,27.75,27.75,2
2026-09-21T10:05:00+05:30,27.65,28.35,27.65,28.35,2
2026-09-21T10:06:00+05:30,28.5,28.6,28.4,28.6,13
2026-09-21T10:07:00+05:30,28.2,28.45,28.05,28.05,18
2026-09-21T10:09:00+05:30,27.2,27.2,27.2,27.2,5
2026-09-21T10:11:00+05:30,26.4,26.4,26.4,26.4,5
2026-09-21T10:13:00+05:30,27.4,27.4,27.35,27.35,9
2026-09-21T10:14:00+05:30,28.15,28.15,28.15,28.15,2
2026-09-21T10:17:00+05:30,27.35,27.35,27.35,27.35,1
2026-09-21T10:18:00+05:30,27.65,27.65,27.65,27.65,2
2026-09-21T10:19:00+05:30,27.4,27.8,27.4,27.4,9
2026-09-21T10:20:00+05:30,27.15,27.15,27.15,27.15,1
2026-09-21T10:24:00+05:30,27.05,27.5,27.05,27.5,2
2026-09-21T10:25:00+05:30,27.35,27.35,27.05,27.25,11
2026-09-21T10:26:00+05:30,27.25,27.25,27.1,27.15,8
2026-09-21T10:27:00+05:30,27.35,27.35,27.35,27.35,1
2026-09-21T10:28:00+05:30,27.6,27.6,27.6,27.6,1
2026-09-21T10:30:00+05:30,27.45,27.45,27.45,27.45,1
2026-09-21T10:33:00+05:30,27.7,27.7,27.7,27.7,4
2026-09-21T10:34:00+05:30,27.65,27.65,27.35,27.65,171
2026-09-21T10:35:00+05:30,27.85,27.9,27.5,27.5,13
2026-09-21T10:36:00+05:30,27.2,27.45,26.75,27.05,31
2026-09-21T10:37:00+05:30,27.25,27.25,27.25,27.25,1
2026-09-21T10:38:00+05:30,27.4,27.4,27.4,27.4,2
2026-09-21T10:41:00+05:30,27.6,27.6,27.6,27.6,1
2026-09-21T10:43:00+05:30,26.3,26.3,26.25,26.25,2
2026-09-21T10:44:00+05:30,26.2,26.2,26.2,26.2,3
2026-09-21T10:45:00+05:30,25.75,25.75,25.75,25.75,3
2026-09-21T10:46:00+05:30,25.45,25.75,25.0,25.05,176
2026-09-21T10:47:00+05:30,24.7,25.3,24.5,25.15,27
2026-09-21T10:48:00+05:30,25.3,25.3,24.9,25.25,11
2026-09-21T10:49:00+05:30,25.15,25.15,25.1,25.1,7
2026-09-21T10:51:00+05:30,24.75,25.05,24.1,25.05,18
2026-09-21T10:52:00+05:30,24.85,25.3,24.85,25.3,8
2026-09-21T10:53:00+05:30,25.05,25.05,25.05,25.05,2
2026-09-21T10:54:00+05:30,25.0,25.0,25.0,25.0,1
2026-09-21T10:55:00+05:30,24.95,25.0,24.65,24.8,16
2026-09-21T10:59:00+05:30,24.55,24.55,24.55,24.55,1
2026-09-21T11:00:00+05:30,24.15,24.45,24.1,24.45,23
2026-09-21T11:02:00+05:30,24.55,24.55,24.3,24.35,12
2026-09-21T11:03:00+05:30,24.05,24.05,23.75,23.8,5
2026-09-21T11:04:00+05:30,23.75,24.3,23.75,24.3,352
2026-09-21T11:05:00+05:30,24.2,24.45,23.95,24.3,173
2026-09-21T11:06:00+05:30,24.05,24.2,23.35,23.6,64
2026-09-21T11:07:00+05:30,23.55,23.65,23.2,23.5,76
2026-09-21T11:08:00+05:30,23.2,23.7,23.2,23.7,6
2026-09-21T11:09:00+05:30,23.6,23.75,23.55,23.75,29
2026-09-21T11:10:00+05:30,23.75,23.8,23.7,23.7,4
2026-09-21T11:11:00+05:30,23.7,23.7,23.5,23.55,15
2026-09-21T11:12:00+05:30,23.5,23.75,23.5,23.5,4
2026-09-21T11:13:00+05:30,23.8,23.8,23.6,23.6,4
2026-09-21T11:14:00+05:30,23.7,23.75,23.7,23.75,19
2026-09-21T11:15:00+05:30,23.7,23.7,23.7,23.7,34
2026-09-21T11:16:00+05:30,23.7,23.9,23.7,23.9,7
2026-09-21T11:17:00+05:30,23.9,24.1,23.9,23.95,34
2026-09-21T11:18:00+05:30,24.0,24.0,24.0,24.0,33
2026-09-21T11:20:00+05:30,24.1,25.1,24.1,24.95,16
2026-09-21T11:21:00+05:30,25.05,25.05,25.05,25.05,2
2026-09-21T11:22:00+05:30,24.6,24.6,24.6,24.6,1
2026-09-21T11:23:00+05:30,24.2,24.2,24.2,24.2,1
2026-09-21T11:24:00+05:30,24.3,24.3,24.1,24.1,10
2026-09-21T11:25:00+05:30,24.0,24.0,24.0,24.0,1
2026-09-21T11:26:00+05:30,23.85,23.85,23.85,23.85,1
2026-09-21T11:28:00+05:30,23.8,23.8,23.3,23.3,20
2026-09-21T11:30:00+05:30,23.25,23.25,23.1,23.25,6
2026-09-21T11:31:00+05:30,23.6,23.75,23.55,23.75,14
2026-09-21T11:32:00+05:30,23.7,23.7,23.55,23.55,4
2026-09-21T11:34:00+05:30,23.55,23.75,23.55,23.7,7
2026-09-21T11:35:00+05:30,23.75,24.35,23.75,24.35,19
2026-09-21T11:36:00+05:30,24.25,24.25,24.05,24.1,12
2026-09-21T11:37:00+05:30,24.2,24.4,24.2,24.4,1
2026-09-21T11:38:00+05:30,24.35,24.5,24.35,24.5,16
2026-09-21T11:39:00+05:30,24.5,24.55,24.35,24.55,5
2026-09-21T11:40:00+05:30,24.45,24.5,24.4,24.4,5
2026-09-21T11:41:00+05:30,24.1,24.2,24.0,24.15,9
2026-09-21T11:42:00+05:30,23.9,24.45,23.9,24.25,12
2026-09-21T11:43:00+05:30,24.2,24.35,24.1,24.35,3
2026-09-21T11:44:00+05:30,24.3,24.7,24.3,24.5,18
2026-09-21T11:45:00+05:30,24.5,24.55,24.45,24.45,5
2026-09-21T11:46:00+05:30,24.45,24.8,24.35,24.75,15
2026-09-21T11:47:00+05:30,24.75,24.75,24.7,24.7,17
2026-09-21T11:48:00+05:30,24.7,24.95,24.7,24.85,22
2026-09-21T11:49:00+05:30,24.85,24.85,24.7,24.7,41
2026-09-21T11:52:00+05:30,24.4,24.4,24.4,24.4,1
2026-09-21T11:57:00+05:30,23.1,23.1,22.95,23.1,17
2026-09-21T11:58:00+05:30,22.95,23.2,22.95,23.2,23
2026-09-21T11:59:00+05:30,23.15,23.35,23.15,23.3,97
2026-09-21T12:02:00+05:30,23.05,23.05,23.05,23.05,1
2026-09-21T12:04:00+05:30,23.1,23.1,23.1,23.1,1
2026-09-21T12:06:00+05:30,23.55,24.0,23.55,23.75,404
2026-09-21T12:07:00+05:30,23.7,24.0,23.7,23.75,221
2026-09-21T12:08:00+05:30,24.05,24.35,24.05,24.3,32
2026-09-21T12:09:00+05:30,24.4,24.6,24.4,24.6,19
2026-09-21T12:10:00+05:30,24.55,24.7,24.55,24.7,4
2026-09-21T12:11:00+05:30,24.5,24.55,24.45,24.55,6
2026-09-21T12:12:00+05:30,24.55,24.7,24.55,24.7,11
2026-09-21T12:13:00+05:30,24.65,24.65,24.65,24.65,11
2026-09-21T12:14:00+05:30,24.4,24.5,24.35,24.35,31
2026-09-21T12:15:00+05:30,24.35,24.5,24.3,24.5,18
2026-09-21T12:16:00+05:30,24.2,24.2,24.2,24.2,2
2026-09-21T12:17:00+05:30,24.2,24.35,24.2,24.35,12
2026-09-21T12:18:00+05:30,24.45,24.55,24.45,24.55,5
2026-09-21T12:19:00+05:30,24.7,24.7,24.7,24.7,2
2026-09-21T12:23:00+05:30,25.1,25.1,25.1,25.1,2
2026-09-21T12:24:00+05:30,24.9,24.9,24.9,24.9,1
2026-09-21T12:25:00+05:30,24.8,24.8,24.8,24.8,1
2026-09-21T12:26:00+05:30,24.3,24.3,24.05,24.05,23
2026-09-21T12:27:00+05:30,23.65,23.65,23.65,23.65,2
2026-09-21T12:28:00+05:30,23.6,23.6,23.6,23.6,1
2026-09-21T12:31:00+05:30,23.2,23.2,23.2,23.2,2
2026-09-21T12:32:00+05:30,23.25,23.45,23.25,23.45,9
2026-09-21T12:33:00+05:30,23.5,23.5,23.5,23.5,1
2026-09-21T12:34:00+05:30,23.2,23.2,23.2,23.2,4
2026-09-21T12:41:00+05:30,23.25,23.4,23.25,23.4,6
2026-09-21T12:43:00+05:30,23.1,23.1,23.1,23.1,1
2026-09-21T12:44:00+05:30,23.0,23.0,22.6,22.8,24
2026-09-21T12:45:00+05:30,22.65,22.65,22.5,22.55,19
2026-09-21T12:46:00+05:30,22.65,22.65,22.55,22.55,1
2026-09-21T12:47:00+05:30,22.8,23.05,22.8,23.05,6
2026-09-21T12:48:00+05:30,22.95,23.1,22.95,23.1,4
2026-09-21T12:51:00+05:30,23.45,23.45,23.25,23.25,5
2026-09-21T12:52:00+05:30,23.1,23.25,23.1,23.25,3
2026-09-21T12:58:00+05:30,23.2,23.2,23.05,23.05,17
2026-09-21T12:59:00+05:30,23.05,23.35,23.05,23.35,11
2026-09-21T13:00:00+05:30,23.3,23.3,23.3,23.3,1
2026-09-21T13:01:00+05:30,23.2,23.2,23.2,23.2,7
2026-09-21T13:04:00+05:30,23.85,23.85,23.85,23.85,2
2026-09-21T13:10:00+05:30,23.25,23.25,23.25,23.25,3
2026-09-21T13:13:00+05:30,23.5,23.5,23.35,23.35,6
2026-09-21T13:14:00+05:30,23.3,23.3,23.3,23.3,1
2026-09-21T13:15:00+05:30,22.9,22.9,22.4,22.4,18
2026-09-21T13:16:00+05:30,22.25,22.25,22.25,22.25,6
2026-09-21T13:17:00+05:30,22.75,22.85,22.2,22.2,14
2026-09-21T13:18:00+05:30,22.1,22.1,22.1,22.1,20
2026-09-21T13:19:00+05:30,21.7,21.8,21.7,21.8,3
2026-09-21T13:20:00+05:30,21.95,22.2,21.85,22.2,17
2026-09-21T13:21:00+05:30,22.35,22.8,22.35,22.35,62
2026-09-21T13:26:00+05:30,22.45,22.65,22.45,22.65,2
2026-09-21T13:28:00+05:30,22.65,22.65,22.6,22.65,11
2026-09-21T13:30:00+05:30,22.3,22.35,22.3,22.35,5
2026-09-21T13:31:00+05:30,22.15,22.15,22.15,22.15,1
2026-09-21T13:33:00+05:30,22.0,22.0,21.9,21.9,47
2026-09-21T13:34:00+05:30,21.75,21.75,21.5,21.6,15
2026-09-21T13:35:00+05:30,21.3,21.3,21.15,21.2,12
2026-09-21T13:36:00+05:30,21.25,21.25,21.05,21.1,37
2026-09-21T13:37:00+05:30,21.05,21.65,20.95,21.55,96
2026-09-21T13:38:00+05:30,21.4,21.4,21.35,21.35,4
2026-09-21T13:39:00+05:30,21.4,21.4,20.95,21.1,9
2026-09-21T13:40:00+05:30,20.8,20.85,20.7,20.7,7
2026-09-21T13:41:00+05:30,20.65,21.0,20.3,21.0,37
2026-09-21T13:42:00+05:30,20.45,20.45,20.25,20.25,16
2026-09-21T13:43:00+05:30,21.1,21.5,21.05,21.5,15
2026-09-21T13:44:00+05:30,21.55,21.55,21.45,21.45,7
2026-09-21T13:45:00+05:30,21.5,21.5,21.5,21.5,2
2026-09-21T13:47:00+05:30,21.5,21.5,21.2,21.2,9
2026-09-21T13:48:00+05:30,21.5,21.6,21.45,21.45,11
2026-09-21T13:49:00+05:30,21.45,21.45,21.45,21.45,1
2026-09-21T13:50:00+05:30,21.25,21.45,21.2,21.45,6
2026-09-21T13:51:00+05:30,20.95,21.15,20.9,21.15,31
2026-09-21T13:52:00+05:30,21.0,21.25,20.95,21.15,11
2026-09-21T13:53:00+05:30,21.3,21.5,21.3,21.5,10
2026-09-21T13:54:00+05:30,21.5,22.0,21.35,22.0,87
2026-09-21T13:55:00+05:30,21.25,21.4,21.15,21.4,15
2026-09-21T13:57:00+05:30,20.8,20.85,20.4,20.65,78
2026-09-21T13:58:00+05:30,20.55,20.6,20.45,20.55,25
2026-09-21T13:59:00+05:30,20.55,20.6,20.15,20.6,15
2026-09-21T14:00:00+05:30,20.35,20.35,19.85,19.85,26
2026-09-21T14:01:00+05:30,20.05,20.3,20.05,20.3,206
2026-09-21T14:02:00+05:30,20.3,20.4,20.0,20.05,77
2026-09-21T14:03:00+05:30,20.0,20.4,20.0,20.05,35
2026-09-21T14:04:00+05:30,20.05,20.2,20.05,20.2,5
2026-09-21T14:05:00+05:30,20.2,20.6,20.1,20.25,87
2026-09-21T14:06:00+05:30,20.15,20.15,19.75,19.75,105
2026-09-21T14:07:00+05:30,19.85,19.95,19.6,19.95,12
2026-09-21T14:08:00+05:30,19.95,20.2,19.95,20.2,25
2026-09-21T14:09:00+05:30,20.2,20.25,20.2,20.25,3
2026-09-21T14:10:00+05:30,20.2,20.4,20.2,20.4,7
2026-09-21T14:11:00+05:30,20.5,20.5,20.2,20.2,11
2026-09-21T14:12:00+05:30,20.2,20.4,20.2,20.2,7
2026-09-21T14:13:00+05:30,20.15,20.6,20.15,20.55,28
2026-09-21T14:14:00+05:30,20.35,20.65,20.3,20.6,35
2026-09-21T14:15:00+05:30,20.4,20.8,20.3,20.55,34
2026-09-21T14:16:00+05:30,20.4,20.4,20.1,20.1,5
2026-09-21T14:17:00+05:30,20.15,20.3,20.05,20.3,33
2026-09-21T14:18:00+05:30,20.2,20.35,20.0,20.0,15
2026-09-21T14:19:00+05:30,20.05,20.1,20.05,20.1,2
2026-09-21T14:20:00+05:30,20.0,20.0,19.9,19.9,2
2026-09-21T14:21:00+05:30,19.95,20.15,19.85,20.0,9
2026-09-21T14:22:00+05:30,20.0,20.0,20.0,20.0,22
2026-09-21T14:23:00+05:30,19.7,19.9,19.7,19.9,5
2026-09-21T14:24:00+05:30,19.95,19.95,19.85,19.95,10
2026-09-21T14:25:00+05:30,20.0,20.0,20.0,20.0,4
2026-09-21T14:26:00+05:30,20.0,20.15,20.0,20.1,27
2026-09-21T14:27:00+05:30,20.0,20.0,19.95,20.0,11
2026-09-21T14:28:00+05:30,19.75,20.55,19.75,20.1,90
2026-09-21T14:29:00+05:30,20.15,20.15,20.15,20.15,1
2026-09-21T14:30:00+05:30,20.2,20.65,20.05,20.4,206
2026-09-21T14:31:00+05:30,20.15,20.15,20.1,20.1,9
2026-09-21T14:32:00+05:30,20.25,20.25,20.25,20.25,2
2026-09-21T14:33:00+05:30,20.2,20.2,19.95,20.0,18
2026-09-21T14:34:00+05:30,20.2,20.2,20.1,20.1,3
2026-09-21T14:35:00+05:30,19.95,19.95,19.95,19.95,1
2026-09-21T14:38:00+05:30,19.85,19.9,19.6,19.6,93
2026-09-21T14:39:00+05:30,19.75,19.95,19.75,19.9,1
2026-09-21T14:40:00+05:30,19.9,19.95,19.6,19.6,34
2026-09-21T14:41:00+05:30,19.6,19.75,19.55,19.55,8
2026-09-21T14:42:00+05:30,19.75,19.75,19.4,19.5,9
2026-09-21T14:43:00+05:30,19.4,19.5,19.2,19.5,12
2026-09-21T14:44:00+05:30,19.35,19.35,19.35,19.35,1
2026-09-21T14:45:00+05:30,19.4,19.4,19.3,19.3,29
2026-09-21T14:46:00+05:30,19.7,19.7,19.45,19.45,2
2026-09-21T14:47:00+05:30,19.5,19.6,19.15,19.4,481
2026-09-21T14:48:00+05:30,19.15,19.5,19.15,19.5,71
2026-09-21T14:49:00+05:30,19.5,19.65,19.3,19.55,59
2026-09-21T14:50:00+05:30,19.5,19.7,19.4,19.55,4
2026-09-21T14:51:00+05:30,19.9,20.15,19.75,19.9,12
2026-09-21T14:52:00+05:30,19.9,20.0,19.85,20.0,5
2026-09-21T14:53:00+05:30,19.85,20.05,19.85,19.9,9
2026-09-21T14:54:00+05:30,20.05,20.05,19.75,19.75,5
2026-09-21T14:55:00+05:30,19.8,20.0,19.65,19.85,9
2026-09-21T14:56:00+05:30,19.8,19.8,19.7,19.75,3
2026-09-21T14:58:00+05:30,19.4,19.55,19.25,19.45,40
2026-09-21T14:59:00+05:30,19.45,19.5,19.15,19.25,13
2026-09-21T15:00:00+05:30,19.55,19.8,19.55,19.7,34
2026-09-21T15:01:00+05:30,19.9,19.95,19.5,19.65,62
2026-09-21T15:02:00+05:30,19.7,20.05,19.65,19.95,27
2026-09-21T15:03:00+05:30,20.0,20.45,20.0,20.45,22
2026-09-21T15:05:00+05:30,20.3,20.3,20.15,20.2,20
2026-09-21T15:06:00+05:30,20.15,20.25,20.15,20.25,4
2026-09-21T15:07:00+05:30,20.2,20.5,20.2,20.45,19
2026-09-21T15:08:00+05:30,20.45,20.5,20.45,20.5,8
2026-09-21T15:09:00+05:30,20.2,20.4,20.15,20.15,10
2026-09-21T15:10:00+05:30,20.4,20.7,20.35,20.7,10
2026-09-21T15:11:00+05:30,20.8,20.8,20.6,20.6,3
2026-09-21T15:12:00+05:30,20.7,21.15,20.7,21.15,21
2026-09-21T15:13:00+05:30,21.3,21.35,21.05,21.35,28
2026-09-21T15:14:00+05:30,21.25,21.45,21.25,21.45,12
2026-09-21T15:15:00+05:30,21.65,21.7,21.05,21.1,32
2026-09-21T15:16:00+05:30,21.1,21.35,21.1,21.2,37
2026-09-21T15:17:00+05:30,21.15,21.15,20.6,21.0,42
2026-09-21T15:18:00+05:30,21.0,21.05,21.0,21.05,11
2026-09-21T15:19:00+05:30,21.05,21.15,20.85,20.85,34
2026-09-21T15:20:00+05:30,21.0,21.15,21.0,21.05,6
2026-09-21T15:21:00+05:30,21.05,21.05,20.75,20.85,205
2026-09-21T15:22:00+05:30,20.8,20.8,20.65,20.65,11
2026-09-21T15:23:00+05:30,20.7,20.75,20.5,20.6,19
2026-09-21T15:24:00+05:30,20.5,20.5,20.25,20.25,25
2026-09-21T15:25:00+05:30,20.2,20.45,20.2,20.4,17
2026-09-21T15:26:00+05:30,20.75,21.25,20.75,21.25,9
2026-09-21T15:27:00+05:30,21.25,21.3,21.05,21.1,28
2026-09-21T15:28:00+05:30,21.25,21.25,21.05,21.1,8
2026-09-21T15:29:00+05:30,21.15,21.3,20.9,21.3,12
2026-09-21T15:30:00+05:30,21.3,21.3,21.05,21.05,8
2026-09-21T15:31:00+05:30,20.95,21.0,20.9,20.95,40
2026-09-21T15:32:00+05:30,21.0,21.3,21.0,21.3,25
2026-09-21T15:33:00+05:30,21.2,21.3,21.2,21.3,10
2026-09-21T15:34:00+05:30,21.3,21.4,21.3,21.4,3
2026-09-21T15:35:00+05:30,21.3,21.35,21.15,21.35,12
2026-09-21T15:36:00+05:30,21.3,21.95,21.1,21.95,84
2026-09-21T15:37:00+05:30,21.9,21.9,21.65,21.9,12
2026-09-21T15:39:00+05:30,21.95,24.0,21.95,23.95,40
2026-09-22T09:15:00+05:30,18.35,18.35,17.65,17.65,0
2026-09-22T09:16:00+05:30,17.3,18.15,17.3,18.15,9
2026-09-22T09:17:00+05:30,18.2,18.45,16.65,16.65,126
2026-09-22T09:18:00+05:30,16.5,16.8,15.55,15.6,125
2026-09-22T09:19:00+05:30,15.65,15.65,15.2,15.25,56
2026-09-22T09:20:00+05:30,15.15,15.4,14.95,15.3,102
2026-09-22T09:21:00+05:30,15.3,15.35,15.3,15.3,7
2026-09-22T09:22:00+05:30,15.35,15.35,15.05,15.2,49
2026-09-22T09:23:00+05:30,15.15,15.15,14.85,15.1,14
2026-09-22T09:24:00+05:30,14.75,15.1,14.75,15.1,60
2026-09-22T09:25:00+05:30,14.95,15.4,14.95,15.25,79
2026-09-22T09:26:00+05:30,15.25,15.25,15.0,15.0,42
2026-09-22T09:27:00+05:30,15.05,15.15,14.8,14.8,6
2026-09-22T09:28:00+05:30,14.75,14.9,14.4,14.4,66
2026-09-22T09:29:00+05:30,14.55,14.55,14.35,14.45,9
2026-09-22T09:30:00+05:30,14.0,14.3,13.95,14.15,70
2026-09-22T09:31:00+05:30,14.15,14.3,14.15,14.25,17
2026-09-22T09:32:00+05:30,14.25,14.25,14.2,14.2,4
2026-09-22T09:33:00+05:30,14.4,14.45,14.35,14.45,5
2026-09-22T09:34:00+05:30,14.45,14.6,14.2,14.2,35
2026-09-22T09:35:00+05:30,14.2,14.2,14.2,14.2,1
2026-09-22T09:36:00+05:30,14.25,14.25,14.15,14.15,2
2026-09-22T09:37:00+05:30,14.05,14.15,14.05,14.05,4
2026-09-22T09:38:00+05:30,14.0,14.05,13.9,14.0,12
2026-09-22T09:39:00+05:30,13.95,14.0,13.75,13.9,37
2026-09-22T09:40:00+05:30,13.9,13.9,13.9,13.9,2
2026-09-22T09:41:00+05:30,13.7,13.7,13.65,13.65,5
2026-09-22T09:42:00+05:30,13.75,13.75,13.5,13.5,10
2026-09-22T09:43:00+05:30,13.55,13.6,13.55,13.6,2
2026-09-22T09:44:00+05:30,13.6,13.65,13.5,13.5,10
2026-09-22T09:45:00+05:30,13.45,13.5,13.35,13.4,42
2026-09-22T09:46:00+05:30,13.3,13.35,13.15,13.15,51
2026-09-22T09:47:00+05:30,13.1,13.1,12.95,12.95,5
2026-09-22T09:48:00+05:30,12.95,12.95,12.75,12.9,26
2026-09-22T09:49:00+05:30,12.9,12.9,12.8,12.85,29
2026-09-22T09:50:00+05:30,12.75,12.75,12.4,12.45,7
2026-09-22T09:51:00+05:30,12.5,12.75,12.45,12.75,20
2026-09-22T09:52:00+05:30,12.65,12.65,12.55,12.55,1
2026-09-22T09:53:00+05:30,12.5,12.5,12.5,12.5,4
2026-09-22T09:54:00+05:30,12.45,12.45,12.45,12.45,5
2026-09-22T09:55:00+05:30,12.45,12.7,12.45,12.7,4
2026-09-22T09:56:00+05:30,12.5,12.5,12.3,12.3,16
2026-09-22T09:57:00+05:30,12.55,12.8,12.45,12.8,10
2026-09-22T09:58:00+05:30,12.8,12.8,12.45,12.45,8
2026-09-22T10:00:00+05:30,12.4,12.4,12.2,12.3,7
2026-09-22T10:01:00+05:30,12.2,12.2,12.2,12.2,1
2026-09-22T10:02:00+05:30,12.45,12.65,12.45,12.6,9
2026-09-22T10:04:00+05:30,12.5,12.5,12.5,12.5,5
2026-09-22T10:05:00+05:30,12.4,12.6,12.4,12.6,4
2026-09-22T10:06:00+05:30,12.9,12.9,12.8,12.8,9
2026-09-22T10:07:00+05:30,12.85,12.85,12.65,12.65,16
2026-09-22T10:09:00+05:30,12.45,12.45,12.25,12.25,12
2026-09-22T10:10:00+05:30,12.5,12.5,12.5,12.5,4
2026-09-22T10:11:00+05:30,12.3,12.3,12.3,12.3,3
2026-09-22T10:12:00+05:30,12.4,12.4,12.25,12.35,10
2026-09-22T10:13:00+05:30,12.4,12.4,12.4,12.4,2
2026-09-22T10:14:00+05:30,12.4,12.4,12.2,12.2,3
2026-09-22T10:15:00+05:30,12.35,12.35,12.35,12.35,1
2026-09-22T10:16:00+05:30,12.35,12.55,12.3,12.3,13
2026-09-22T10:18:00+05:30,12.35,12.35,12.2,12.2,6
2026-09-22T10:20:00+05:30,12.35,12.35,12.35,12.35,2
2026-09-22T10:21:00+05:30,12.5,12.55,12.45,12.45,7
2026-09-22T10:22:00+05:30,13.05,13.2,13.05,13.2,7
2026-09-22T10:23:00+05:30,13.15,13.15,13.05,13.05,23
2026-09-22T10:24:00+05:30,13.05,13.1,13.05,13.1,9
2026-09-22T10:25:00+05:30,13.0,13.3,13.0,13.15,25
2026-09-22T10:27:00+05:30,13.3,13.35,13.25,13.25,7
2026-09-22T10:28:00+05:30,13.15,13.15,13.15,13.15,1
2026-09-22T10:30:00+05:30,13.05,13.55,13.05,13.55,17
2026-09-22T10:31:00+05:30,13.7,14.05,13.6,14.0,19
2026-09-22T10:32:00+05:30,14.0,14.9,14.0,14.9,3
2026-09-22T10:33:00+05:30,14.85,16.15,14.85,16.1,27
2026-09-22T10:34:00+05:30,16.2,16.35,15.55,15.65,69
2026-09-22T10:35:00+05:30,15.95,17.4,15.95,17.25,30
2026-09-22T10:36:00+05:30,17.85,18.15,17.0,17.0,40
2026-09-22T10:37:00+05:30,17.0,17.15,16.35,16.35,67
2026-09-22T10:38:00+05:30,16.4,16.4,16.25,16.25,3
2026-09-22T10:39:00+05:30,16.5,16.5,16.3,16.35,13
2026-09-22T10:40:00+05:30,16.35,16.4,16.15,16.4,41
2026-09-22T10:41:00+05:30,16.7,18.05,16.7,18.05,41
2026-09-22T10:42:00+05:30,18.55,20.3,18.45,19.2,116
2026-09-22T10:43:00+05:30,19.65,19.7,18.95,19.1,66
2026-09-22T10:44:00+05:30,19.3,19.6,19.2,19.6,25
2026-09-22T10:45:00+05:30,20.1,20.7,20.0,20.4,346
2026-09-22T10:46:00+05:30,20.25,20.25,19.6,19.6,83
2026-09-22T10:47:00+05:30,19.65,19.65,19.45,19.55,40
2026-09-22T10:48:00+05:30,19.3,19.4,19.3,19.35,10
2026-09-22T10:50:00+05:30,19.75,20.45,19.75,20.45,39
2026-09-22T10:51:00+05:30,20.05,20.65,19.8,19.8,21
2026-09-22T10:52:00+05:30,20.3,20.55,20.3,20.35,13
2026-09-22T10:53:00+05:30,20.55,20.55,20.3,20.3,3
2026-09-22T10:54:00+05:30,20.25,20.25,19.65,19.65,17
2026-09-22T10:55:00+05:30,19.6,19.6,18.85,18.9,112
2026-09-22T10:56:00+05:30,18.9,18.9,18.75,18.75,5
2026-09-22T10:57:00+05:30,18.7,18.7,18.3,18.3,6
2026-09-22T10:58:00+05:30,18.0,18.0,18.0,18.0,1
2026-09-22T10:59:00+05:30,17.6,17.6,17.6,17.6,9
2026-09-22T11:00:00+05:30,17.95,18.2,17.95,18.2,2
2026-09-22T11:01:00+05:30,18.4,18.5,18.4,18.5,6
2026-09-22T11:02:00+05:30,19.1,19.5,19.1,19.2,64
2026-09-22T11:03:00+05:30,19.35,19.5,19.35,19.4,8
2026-09-22T11:04:00+05:30,19.25,19.25,19.05,19.05,49
2026-09-22T11:05:00+05:30,19.2,19.7,19.1,19.7,12
2026-09-22T11:06:00+05:30,19.35,19.35,19.35,19.35,1
2026-09-22T11:07:00+05:30,19.2,19.6,19.2,19.6,5
2026-09-22T11:08:00+05:30,19.1,19.2,19.1,19.2,3
2026-09-22T11:09:00+05:30,18.55,18.55,18.45,18.45,9
2026-09-22T11:10:00+05:30,18.45,18.45,17.8,17.8,23
2026-09-22T11:11:00+05:30,17.55,17.9,17.5,17.85,14
2026-09-22T11:12:00+05:30,17.65,17.7,17.55,17.6,9
2026-09-22T11:13:00+05:30,17.45,17.45,17.15,17.2,29
2026-09-22T11:14:00+05:30,17.15,17.2,16.95,17.2,10
2026-09-22T11:15:00+05:30,17.25,17.6,17.25,17.5,23
2026-09-22T11:16:00+05:30,17.75,17.75,17.6,17.6,3
2026-09-22T11:17:00+05:30,17.25,17.25,16.9,17.0,14
2026-09-22T11:18:00+05:30,17.45,17.45,17.45,17.45,1
2026-09-22T11:19:00+05:30,17.55,17.55,17.3,17.3,4
2026-09-22T11:20:00+05:30,17.6,17.6,17.3,17.3,5
2026-09-22T11:21:00+05:30,17.1,17.1,16.95,16.95,5
2026-09-22T11:22:00+05:30,16.8,17.15,16.8,17.05,7
2026-09-22T11:23:00+05:30,16.85,16.85,16.75,16.85,5
2026-09-22T11:24:00+05:30,16.85,16.85,16.7,16.7,12
2026-09-22T11:25:00+05:30,16.8,16.8,16.55,16.55,11
2026-09-22T11:26:00+05:30,16.65,16.65,16.55,16.6,5
2026-09-22T11:27:00+05:30,16.9,16.9,16.7,16.7,12
2026-09-22T11:28:00+05:30,16.7,16.75,16.65,16.75,3
2026-09-22T11:29:00+05:30,16.6,16.85,16.5,16.85,7
2026-09-22T11:30:00+05:30,17.0,17.55,17.0,17.55,4
2026-09-22T11:32:00+05:30,18.1,18.35,18.05,18.05,32
2026-09-22T11:33:00+05:30,17.9,18.35,17.9,18.35,3
2026-09-22T11:34:00+05:30,18.45,18.45,18.45,18.45,1
2026-09-22T11:35:00+05:30,19.25,19.45,18.85,18.85,13
2026-09-22T11:36:00+05:30,19.1,19.1,19.1,19.1,1
2026-09-22T11:37:00+05:30,19.0,19.0,19.0,19.0,2
2026-09-22T11:38:00+05:30,18.75,18.75,18.45,18.45,5
2026-09-22T11:39:00+05:30,18.95,18.95,18.95,18.95,1
2026-09-22T11:40:00+05:30,18.95,19.5,18.9,18.9,15
2026-09-22T11:41:00+05:30,18.75,18.75,18.55,18.6,5
2026-09-22T11:42:00+05:30,18.7,18.95,18.7,18.95,3
2026-09-22T11:43:00+05:30,18.85,18.9,18.55,18.55,3
2026-09-22T11:44:00+05:30,18.75,18.8,18.2,18.25,191
2026-09-22T11:45:00+05:30,18.35,18.35,18.2,18.2,5
2026-09-22T11:46:00+05:30,18.8,19.2,18.4,19.2,25
2026-09-22T11:48:00+05:30,18.7,18.7,18.4,18.4,13
2026-09-22T11:49:00+05:30,18.7,18.7,18.55,18.55,2
2026-09-22T11:50:00+05:30,18.45,18.45,18.45,18.45,7
2026-09-22T11:51:00+05:30,18.7,18.8,18.5,18.55,9
2026-09-22T11:52:00+05:30,18.45,18.45,17.95,17.95,13
2026-09-22T11:54:00+05:30,18.55,18.55,18.55,18.55,1
2026-09-22T11:55:00+05:30,18.9,19.05,18.8,18.8,8
2026-09-22T11:56:00+05:30,19.35,19.35,18.8,18.8,2
2026-09-22T11:57:00+05:30,18.75,18.8,18.5,18.55,13
2026-09-22T11:58:00+05:30,18.55,18.55,18.2,18.25,5
2026-09-22T11:59:00+05:30,18.15,18.35,17.85,17.85,54
2026-09-22T12:00:00+05:30,18.05,18.2,18.0,18.2,6
2026-09-22T12:01:00+05:30,18.15,18.15,18.15,18.15,3
2026-09-22T12:02:00+05:30,17.8,17.8,17.8,17.8,1
2026-09-22T12:03:00+05:30,17.95,17.95,17.5,17.5,8
2026-09-22T12:05:00+05:30,17.45,17.45,17.45,17.45,1
2026-09-22T12:06:00+05:30,17.45,17.45,17.45,17.45,1
2026-09-22T12:07:00+05:30,17.85,17.85,17.85,17.85,1
2026-09-22T12:08:00+05:30,17.75,17.75,17.35,17.35,6
2026-09-22T12:09:00+05:30,17.2,17.3,17.2,17.25,32
2026-09-22T12:10:00+05:30,17.1,17.2,17.1,17.2,3
2026-09-22T12:11:00+05:30,17.35,17.35,17.35,17.35,1
2026-09-22T12:14:00+05:30,17.8,17.8,17.8,17.8,10
2026-09-22T12:15:00+05:30,18.3,18.3,18.3,18.3,3
2026-09-22T12:19:00+05:30,17.1,17.1,17.05,17.05,31
2026-09-22T12:20:00+05:30,16.85,16.85,16.75,16.75,23
2026-09-22T12:21:00+05:30,16.8,16.9,16.35,16.35,4
2026-09-22T12:22:00+05:30,16.45,16.7,16.45,16.7,27
2026-09-22T12:23:00+05:30,16.8,16.8,16.7,16.7,2
2026-09-22T12:24:00+05:30,16.8,16.8,16.8,16.8,1
2026-09-22T12:26:00+05:30,16.5,16.55,16.45,16.55,7
2026-09-22T12:27:00+05:30,16.4,16.5,16.4,16.5,2
2026-09-22T12:29:00+05:30,16.7,16.7,16.7,16.7,3
2026-09-22T12:30:00+05:30,16.95,16.95,16.95,16.95,1
2026-09-22T12:31:00+05:30,16.95,16.95,16.65,16.65,20
2026-09-22T12:33:00+05:30,16.6,16.8,16.6,16.8,3
2026-09-22T12:34:00+05:30,16.65,16.65,16.65,16.65,1
2026-09-22T12:35:00+05:30,16.4,16.55,16.4,16.55,10
2026-09-22T12:36:00+05:30,16.6,16.75,16.6,16.75,13
2026-09-22T12:37:00+05:30,16.7,16.7,16.7,16.7,1
2026-09-22T12:38:00+05:30,17.1,17.1,16.9,16.95,4
2026-09-22T12:39:00+05:30,17.1,17.1,17.1,17.1,6
2026-09-22T12:40:00+05:30,17.55,17.55,17.55,17.55,1
2026-09-22T12:41:00+05:30,17.4,17.55,17.4,17.5,22
2026-09-22T12:42:00+05:30,17.5,17.5,17.5,17.5,1
2026-09-22T12:43:00+05:30,17.9,17.95,17.9,17.95,2
2026-09-22T12:44:00+05:30,18.15,18.75,18.15,18.45,13
2026-09-22T12:45:00+05:30,18.6,18.85,18.55,18.6,38
2026-09-22T12:46:00+05:30,18.2,18.2,18.2,18.2,1
2026-09-22T12:47:00+05:30,18.05,18.15,18.0,18.15,20
2026-09-22T12:49:00+05:30,18.2,18.2,18.2,18.2,1
2026-09-22T12:51:00+05:30,18.75,18.75,18.75,18.75,4
2026-09-22T12:52:00+05:30,18.6,18.6,18.55,18.55,12
2026-09-22T12:53:00+05:30,18.25,18.5,18.25,18.5,12
2026-09-22T12:55:00+05:30,18.8,18.8,18.8,18.8,1
2026-09-22T12:56:00+05:30,19.1,19.1,18.2,18.5,12
2026-09-22T12:58:00+05:30,18.4,18.4,17.75,17.75,3
2026-09-22T12:59:00+05:30,18.1,18.1,18.05,18.05,4
2026-09-22T13:00:00+05:30,19.1,19.1,19.1,19.1,1
2026-09-22T13:01:00+05:30,18.8,18.8,18.35,18.35,4
2026-09-22T13:02:00+05:30,18.35,18.6,18.35,18.6,3
2026-09-22T13:03:00+05:30,18.8,18.8,18.8,18.8,1
2026-09-22T13:04:00+05:30,18.9,18.9,18.8,18.8,3
2026-09-22T13:05:00+05:30,18.65,18.65,18.65,18.65,1
2026-09-22T13:09:00+05:30,18.1,18.1,18.1,18.1,2
2026-09-22T13:10:00+05:30,17.9,18.2,17.7,18.2,13
2026-09-22T13:14:00+05:30,18.3,18.3,18.0,18.0,5
2026-09-22T13:15:00+05:30,17.55,17.55,17.2,17.2,3
2026-09-22T13:16:00+05:30,17.65,17.65,17.45,17.45,2
2026-09-22T13:17:00+05:30,17.8,17.8,17.8,17.8,4
2026-09-22T13:18:00+05:30,18.25,18.25,18.25,18.25,1
2026-09-22T13:19:00+05:30,18.05,18.25,18.05,18.2,3
2026-09-22T13:24:00+05:30,18.3,18.3,18.3,18.3,1
2026-09-22T13:26:00+05:30,18.75,18.75,18.75,18.75,1
2026-09-22T13:27:00+05:30,18.7,18.9,18.25,18.5,24
2026-09-22T13:28:00+05:30,18.35,18.55,18.05,18.15,517
2026-09-22T13:29:00+05:30,18.1,18.45,17.85,18.05,61
2026-09-22T13:30:00+05:30,18.1,18.2,17.5,17.6,185
2026-09-22T13:31:00+05:30,17.6,17.6,17.4,17.55,113
2026-09-22T13:32:00+05:30,17.45,17.45,17.25,17.35,22
2026-09-22T13:33:00+05:30,17.45,17.45,17.4,17.4,2
2026-09-22T13:34:00+05:30,17.2,17.2,17.2,17.2,1
2026-09-22T13:35:00+05:30,17.5,17.6,17.2,17.25,5
2026-09-22T13:36:00+05:30,17.1,17.25,16.85,17.25,24
2026-09-22T13:37:00+05:30,17.15,17.15,17.15,17.15,1
2026-09-22T13:38:00+05:30,16.95,17.25,16.8,17.0,17
2026-09-22T13:39:00+05:30,17.05,17.35,17.0,17.1,98
2026-09-22T13:40:00+05:30,17.15,17.25,17.05,17.05,14
2026-09-22T13:41:00+05:30,16.9,16.9,16.9,16.9,1
2026-09-22T13:42:00+05:30,16.7,16.7,16.7,16.7,3
2026-09-22T13:43:00+05:30,17.25,17.4,17.25,17.4,5
2026-09-22T13:44:00+05:30,17.4,17.5,17.35,17.35,20
2026-09-22T13:45:00+05:30,17.5,17.5,17.5,17.5,4
2026-09-22T13:46:00+05:30,18.0,18.0,18.0,18.0,1
2026-09-22T13:47:00+05:30,17.8,17.8,17.8,17.8,1
2026-09-22T13:48:00+05:30,17.8,17.8,17.8,17.8,1
2026-09-22T13:49:00+05:30,18.35,18.35,18.1,18.2,13
2026-09-22T13:50:00+05:30,18.25,18.3,18.2,18.2,19
2026-09-22T13:51:00+05:30,18.35,18.95,18.2,18.95,38
2026-09-22T13:52:00+05:30,18.5,18.6,18.45,18.6,19
2026-09-22T13:53:00+05:30,18.5,20.55,18.4,20.45,87
2026-09-22T13:54:00+05:30,20.85,21.6,20.6,20.85,63
2026-09-22T13:55:00+05:30,19.75,19.9,19.75,19.9,3
2026-09-22T13:56:00+05:30,20.15,20.15,20.15,20.15,5
2026-09-22T13:57:00+05:30,20.0,20.0,19.9,19.9,18
2026-09-22T13:58:00+05:30,20.15,20.35,20.05,20.1,56
2026-09-22T13:59:00+05:30,20.25,20.25,19.85,19.85,19
2026-09-22T14:01:00+05:30,20.65,20.65,20.05,20.05,34
2026-09-22T14:02:00+05:30,20.0,20.0,19.55,19.55,95
2026-09-22T14:04:00+05:30,19.4,19.4,19.2,19.2,11
2026-09-22T14:05:00+05:30,19.1,19.1,19.1,19.1,3
2026-09-22T14:06:00+05:30,19.75,19.75,19.3,19.3,27
2026-09-22T14:07:00+05:30,19.55,20.15,19.5,19.9,32
2026-09-22T14:08:00+05:30,20.0,20.15,19.9,19.9,7
2026-09-22T14:09:00+05:30,19.05,19.05,19.05,19.05,34
2026-09-22T14:10:00+05:30,19.1,19.1,18.55,18.7,29
2026-09-22T14:11:00+05:30,19.0,19.0,18.05,18.05,26
2026-09-22T14:12:00+05:30,17.9,18.35,16.95,16.95,27
2026-09-22T14:13:00+05:30,17.5,17.65,17.35,17.6,14
2026-09-22T14:14:00+05:30,17.3,17.3,14.5,14.7,81
2026-09-22T14:15:00+05:30,14.0,16.65,13.35,15.9,282
2026-09-22T14:16:00+05:30,16.25,17.65,16.25,16.7,31
2026-09-22T14:17:00+05:30,16.6,16.6,16.55,16.6,18
2026-09-22T14:18:00+05:30,16.15,16.8,16.1,16.75,20
2026-09-22T14:19:00+05:30,16.75,16.8,16.25,16.25,13
2026-09-22T14:20:00+05:30,16.2,16.2,15.6,15.85,114
2026-09-22T14:21:00+05:30,15.9,16.0,15.4,15.4,9
2026-09-22T14:22:00+05:30,16.55,16.65,16.3,16.6,12
2026-09-22T14:23:00+05:30,16.6,16.6,15.9,16.45,38
2026-09-22T14:24:00+05:30,16.7,16.8,16.4,16.7,29
2026-09-22T14:25:00+05:30,16.6,16.65,16.05,16.15,18
2026-09-22T14:26:00+05:30,15.95,16.15,15.8,15.85,21
2026-09-22T14:27:00+05:30,15.75,15.95,15.65,15.8,21
2026-09-22T14:28:00+05:30,15.9,16.1,15.5,15.5,17
2026-09-22T14:29:00+05:30,15.65,15.65,15.4,15.6,43
2026-09-22T14:30:00+05:30,15.45,15.45,15.2,15.2,20
2026-09-22T14:31:00+05:30,15.3,15.35,14.7,14.7,39
2026-09-22T14:32:00+05:30,14.55,14.65,14.05,14.3,87
2026-09-22T14:33:00+05:30,14.55,14.55,14.5,14.5,2
2026-09-22T14:34:00+05:30,15.05,15.15,15.05,15.15,4
2026-09-22T14:35:00+05:30,15.3,15.3,15.3,15.3,1
2026-09-22T14:36:00+05:30,15.1,15.1,14.95,14.95,4
2026-09-22T14:37:00+05:30,15.25,15.25,15.15,15.15,6
2026-09-22T14:38:00+05:30,15.0,15.5,15.0,15.5,28
2026-09-22T14:39:00+05:30,15.45,15.5,15.35,15.35,10
2026-09-22T14:40:00+05:30,15.2,15.5,15.2,15.5,7
2026-09-22T14:41:00+05:30,15.95,16.25,15.95,16.25,6
2026-09-22T14:42:00+05:30,15.95,16.8,15.95,16.55,98
2026-09-22T14:43:00+05:30,16.55,16.55,16.1,16.3,11
2026-09-22T14:44:00+05:30,16.15,16.2,16.0,16.1,12
2026-09-22T14:45:00+05:30,16.15,16.15,16.15,16.15,1
2026-09-22T14:46:00+05:30,15.6,15.65,15.6,15.65,8
2026-09-22T14:47:00+05:30,15.65,15.95,15.65,15.8,6
2026-09-22T14:48:00+05:30,15.8,16.25,15.8,16.2,21
2026-09-22T14:50:00+05:30,16.5,16.55,16.2,16.45,6
2026-09-22T14:51:00+05:30,16.2,16.4,16.15,16.4,6
2026-09-22T14:52:00+05:30,16.5,16.55,16.5,16.55,2
2026-09-22T14:53:00+05:30,15.8,15.8,15.8,15.8,3
2026-09-22T14:54:00+05:30,15.8,15.8,15.8,15.8,2
2026-09-22T14:55:00+05:30,15.75,15.9,15.45,15.45,93
2026-09-22T14:56:00+05:30,15.65,15.65,15.6,15.65,13
2026-09-22T14:57:00+05:30,15.6,15.9,15.5,15.9,3
2026-09-22T14:58:00+05:30,16.05,16.2,15.65,15.95,22
2026-09-22T14:59:00+05:30,16.1,16.1,15.9,16.0,3
2026-09-22T15:00:00+05:30,16.15,16.15,16.15,16.15,2
2026-09-22T15:01:00+05:30,15.7,15.7,15.7,15.7,1
2026-09-22T15:02:00+05:30,15.75,15.75,15.75,15.75,1
2026-09-22T15:05:00+05:30,15.6,15.8,15.6,15.8,12
2026-09-22T15:06:00+05:30,15.8,15.9,15.55,15.55,14
2026-09-22T15:07:00+05:30,15.75,15.9,15.75,15.85,6
2026-09-22T15:08:00+05:30,16.15,16.15,16.0,16.0,9
2026-09-22T15:09:00+05:30,16.0,16.0,15.8,16.0,19
2026-09-22T15:10:00+05:30,16.0,16.0,15.55,15.55,10
2026-09-22T15:11:00+05:30,15.8,15.8,15.55,15.65,6
2026-09-22T15:13:00+05:30,15.4,15.55,15.4,15.55,9
2026-09-22T15:14:00+05:30,15.3,15.65,15.3,15.65,2
2026-09-22T15:15:00+05:30,15.65,15.9,15.55,15.7,58
2026-09-22T15:16:00+05:30,15.6,15.6,15.6,15.6,1
2026-09-22T15:17:00+05:30,15.5,15.6,15.5,15.6,2
2026-09-22T15:18:00+05:30,15.65,15.65,15.65,15.65,1
2026-09-22T15:19:00+05:30,15.65,15.65,15.65,15.65,9
2026-09-22T15:20:00+05:30,15.6,16.2,15.6,16.2,11
2026-09-22T15:22:00+05:30,15.8,15.8,15.3,15.3,3
2026-09-22T15:23:00+05:30,15.15,15.15,14.7,14.7,27
2026-09-22T15:24:00+05:30,14.85,14.85,14.8,14.8,3
2026-09-22T15:25:00+05:30,14.95,14.95,14.95,14.95,14
2026-09-22T15:26:00+05:30,14.85,14.85,14.8,14.8,9
2026-09-22T15:27:00+05:30,14.9,15.1,14.9,15.1,9
2026-09-22T15:28:00+05:30,15.05,15.5,15.05,15.5,38
2026-09-22T15:29:00+05:30,15.5,15.95,15.45,15.7,105
2026-09-22T15:30:00+05:30,15.8,16.25,15.8,16.15,107
2026-09-22T15:31:00+05:30,16.2,16.2,15.6,15.75,60
2026-09-22T15:32:00+05:30,15.75,15.75,15.5,15.55,224
2026-09-22T15:33:00+05:30,15.7,15.7,14.25,14.25,75
2026-09-22T15:34:00+05:30,14.6,14.65,14.05,14.2,93
2026-09-22T15:35:00+05:30,14.1,14.25,13.55,13.6,41
2026-09-22T15:36:00+05:30,13.35,13.35,12.95,13.1,92
2026-09-22T15:37:00+05:30,13.1,13.25,12.6,12.6,18
2026-09-22T15:38:00+05:30,12.65,14.05,12.35,12.65,126
2026-09-22T15:39:00+05:30,12.7,15.8,12.35,13.5,151
2026-09-23T09:15:00+05:30,20.45,20.45,9.55,11.85,62
2026-09-23T09:16:00+05:30,11.05,11.05,10.9,11.0,34
2026-09-23T09:17:00+05:30,10.8,10.8,10.15,10.35,42
2026-09-23T09:18:00+05:30,10.55,10.6,10.05,10.4,459
2026-09-23T09:19:00+05:30,10.35,10.5,10.3,10.4,115
2026-09-23T09:20:00+05:30,10.35,10.35,10.0,10.25,117
2026-09-23T09:21:00+05:30,10.15,10.5,10.1,10.5,70
2026-09-23T09:22:00+05:30,10.45,10.55,10.25,10.45,72
2026-09-23T09:23:00+05:30,10.4,10.6,10.3,10.6,45
2026-09-23T09:24:00+05:30,10.65,10.75,10.6,10.75,5
2026-09-23T09:25:00+05:30,11.15,11.25,11.15,11.2,8
2026-09-23T09:26:00+05:30,11.15,11.45,11.05,11.35,27
2026-09-23T09:28:00+05:30,10.75,10.75,10.75,10.75,2
2026-09-23T09:29:00+05:30,10.6,10.8,10.6,10.8,3
2026-09-23T09:30:00+05:30,10.8,10.95,10.4,10.4,46
2026-09-23T09:32:00+05:30,10.45,10.5,10.25,10.25,19
2026-09-23T09:33:00+05:30,10.25,10.35,9.95,10.05,63
2026-09-23T09:34:00+05:30,10.1,10.1,9.95,9.95,22
2026-09-23T09:35:00+05:30,10.15,10.2,9.95,10.2,76
2026-09-23T09:36:00+05:30,10.15,10.55,10.0,10.5,44
2026-09-23T09:37:00+05:30,10.35,10.45,10.2,10.3,29
2026-09-23T09:38:00+05:30,10.25,10.3,10.05,10.05,31
2026-09-23T09:39:00+05:30,10.1,10.25,10.05,10.25,55
2026-09-23T09:40:00+05:30,10.35,10.35,10.0,10.0,18
2026-09-23T09:41:00+05:30,9.95,10.05,9.85,9.9,16
2026-09-23T09:42:00+05:30,9.8,9.85,9.75,9.85,9
2026-09-23T09:43:00+05:30,9.85,9.85,9.75,9.85,9
2026-09-23T09:44:00+05:30,9.9,9.9,9.35,9.55,35
2026-09-23T09:45:00+05:30,9.45,9.45,9.3,9.45,17
2026-09-23T09:46:00+05:30,9.35,9.5,9.3,9.5,7
2026-09-23T09:47:00+05:30,9.45,9.45,9.25,9.4,12
2026-09-23T09:48:00+05:30,9.55,9.6,9.55,9.6,12
2026-09-23T09:49:00+05:30,9.6,9.95,9.6,9.6,65
2026-09-23T09:50:00+05:30,9.7,9.85,9.65,9.85,13
2026-09-23T09:51:00+05:30,9.75,9.9,9.55,9.9,42
2026-09-23T09:52:00+05:30,9.75,9.8,9.75,9.8,5
2026-09-23T09:53:00+05:30,9.85,10.0,9.75,9.9,15
2026-09-23T09:54:00+05:30,10.05,10.3,10.05,10.25,13
2026-09-23T09:55:00+05:30,10.2,10.45,10.05,10.2,113
2026-09-23T09:56:00+05:30,9.85,9.95,9.85,9.95,15
2026-09-23T09:57:00+05:30,9.5,9.65,9.4,9.65,8
2026-09-23T09:58:00+05:30,9.65,9.7,9.45,9.45,17
2026-09-23T09:59:00+05:30,9.35,9.35,9.35,9.35,9
2026-09-23T10:00:00+05:30,8.95,9.4,8.95,9.4,6
2026-09-23T10:01:00+05:30,8.95,9.2,8.95,9.2,6
2026-09-23T10:02:00+05:30,9.25,9.3,9.15,9.3,27
2026-09-23T10:03:00+05:30,9.2,9.25,9.15,9.15,21
2026-09-23T10:04:00+05:30,9.3,9.3,9.1,9.2,38
2026-09-23T10:05:00+05:30,9.15,9.25,9.1,9.2,28
2026-09-23T10:06:00+05:30,9.1,9.25,9.1,9.15,9
2026-09-23T10:07:00+05:30,9.25,9.25,9.25,9.25,4
2026-09-23T10:08:00+05:30,9.15,9.25,9.1,9.1,10
2026-09-23T10:09:00+05:30,9.05,9.05,9.05,9.05,2
2026-09-23T10:10:00+05:30,9.2,9.2,9.2,9.2,2
2026-09-23T10:11:00+05:30,9.35,9.45,9.35,9.35,13
2026-09-23T10:12:00+05:30,9.25,9.25,9.05,9.2,7
2026-09-23T10:13:00+05:30,9.1,9.1,9.05,9.05,5
2026-09-23T10:14:00+05:30,9.15,9.15,9.15,9.15,2
2026-09-23T10:15:00+05:30,9.1,9.1,9.0,9.0,10
2026-09-23T10:16:00+05:30,8.95,9.1,8.9,9.05,26
2026-09-23T10:17:00+05:30,9.05,9.05,9.0,9.0,8
2026-09-23T10:18:00+05:30,8.95,8.95,8.65,8.95,4
2026-09-23T10:19:00+05:30,9.15,9.2,9.15,9.2,9
2026-09-23T10:20:00+05:30,9.0,9.15,9.0,9.15,30
2026-09-23T10:21:00+05:30,9.0,9.1,9.0,9.1,4
2026-09-23T10:22:00+05:30,9.0,9.1,8.95,9.1,29
2026-09-23T10:23:00+05:30,9.15,9.2,9.05,9.1,29
2026-09-23T10:24:00+05:30,9.1,9.25,9.1,9.25,14
2026-09-23T10:25:00+05:30,9.2,9.2,9.2,9.2,6
2026-09-23T10:27:00+05:30,9.05,9.15,9.05,9.15,56
2026-09-23T10:28:00+05:30,9.1,9.15,9.1,9.1,54
2026-09-23T10:29:00+05:30,9.1,9.1,9.1,9.1,4
2026-09-23T10:30:00+05:30,8.95,9.05,8.95,9.05,9
2026-09-23T10:31:00+05:30,9.3,9.35,9.2,9.2,8
2026-09-23T10:32:00+05:30,9.3,9.3,9.1,9.15,10
2026-09-23T10:33:00+05:30,9.2,9.2,9.05,9.05,7
2026-09-23T10:34:00+05:30,9.05,9.1,8.95,9.0,14
2026-09-23T10:35:00+05:30,9.05,9.05,8.95,9.0,10
2026-09-23T10:37:00+05:30,9.0,9.0,8.95,8.95,8
2026-09-23T10:40:00+05:30,8.7,8.8,8.7,8.75,16
2026-09-23T10:41:00+05:30,8.95,8.95,8.95,8.95,2
2026-09-23T10:42:00+05:30,8.9,8.9,8.9,8.9,12
2026-09-23T10:43:00+05:30,8.95,9.05,8.9,9.05,21
2026-09-23T10:44:00+05:30,8.9,9.0,8.9,9.0,6
2026-09-23T10:47:00+05:30,9.15,9.15,9.0,9.0,14
2026-09-23T10:48:00+05:30,9.15,9.2,9.15,9.2,3
2026-09-23T10:49:00+05:30,9.25,9.4,9.1,9.25,105
2026-09-23T10:50:00+05:30,9.2,9.2,9.2,9.2,5
2026-09-23T10:51:00+05:30,9.15,9.15,9.15,9.15,1
2026-09-23T10:53:00+05:30,9.1,9.1,9.1,9.1,9
2026-09-23T10:54:00+05:30,9.05,9.35,9.05,9.35,23
2026-09-23T10:55:00+05:30,9.05,9.05,9.05,9.05,1
2026-09-23T10:57:00+05:30,9.25,9.25,9.25,9.25,7
2026-09-23T10:58:00+05:30,9.2,9.2,9.1,9.1,6
2026-09-23T10:59:00+05:30,9.25,9.45,9.25,9.35,55
2026-09-23T11:00:00+05:30,9.25,9.45,9.25,9.3,7
2026-09-23T11:01:00+05:30,9.35,9.35,9.25,9.25,4
2026-09-23T11:02:00+05:30,9.4,9.5,9.4,9.5,5
2026-09-23T11:04:00+05:30,9.3,9.4,9.3,9.3,16
2026-09-23T11:05:00+05:30,9.35,9.4,9.25,9.3,23
2026-09-23T11:06:00+05:30,9.25,9.25,9.15,9.15,7
2026-09-23T11:07:00+05:30,9.05,9.05,9.05,9.05,11
2026-09-23T11:08:00+05:30,9.1,9.3,9.1,9.3,31
2026-09-23T11:09:00+05:30,9.1,9.25,9.1,9.25,6
2026-09-23T11:10:00+05:30,9.15,9.15,9.15,9.15,4
2026-09-23T11:11:00+05:30,9.15,9.3,9.1,9.15,45
2026-09-23T11:14:00+05:30,9.0,9.1,9.0,9.1,17
2026-09-23T11:15:00+05:30,9.0,9.15,9.0,9.1,4
2026-09-23T11:16:00+05:30,9.1,9.2,8.95,9.0,92
2026-09-23T11:17:00+05:30,9.15,9.2,9.15,9.2,7
2026-09-23T11:18:00+05:30,9.1,9.15,9.05,9.15,16
2026-09-23T11:19:00+05:30,9.1,9.1,9.05,9.1,16
2026-09-23T11:20:00+05:30,9.05,9.1,9.05,9.1,9
2026-09-23T11:21:00+05:30,9.05,9.2,9.05,9.05,22
2026-09-23T11:22:00+05:30,9.0,9.1,9.0,9.1,28
2026-09-23T11:23:00+05:30,9.05,9.2,9.0,9.1,15
2026-09-23T11:24:00+05:30,9.1,9.1,9.1,9.1,13
2026-09-23T11:26:00+05:30,8.9,9.05,8.9,9.05,7
2026-09-23T11:27:00+05:30,9.1,9.1,9.1,9.1,6
2026-09-23T11:28:00+05:30,9.15,9.2,9.15,9.2,11
2026-09-23T11:29:00+05:30,9.15,9.15,9.1,9.1,4
2026-09-23T11:30:00+05:30,9.05,9.05,9.05,9.05,1
2026-09-23T11:31:00+05:30,9.0,9.0,8.95,8.95,10
2026-09-23T11:32:00+05:30,8.95,8.95,8.95,8.95,1
2026-09-23T11:33:00+05:30,8.9,8.9,8.9,8.9,4
2026-09-23T11:34:00+05:30,9.15,9.15,9.05,9.05,2
2026-09-23T11:35:00+05:30,9.15,9.15,9.15,9.15,3
2026-09-23T11:36:00+05:30,9.2,9.35,9.2,9.2,113
2026-09-23T11:37:00+05:30,9.2,9.4,9.2,9.35,100
2026-09-23T11:38:00+05:30,9.35,9.35,9.35,9.35,1
2026-09-23T11:39:00+05:30,9.25,9.25,9.2,9.2,6
2026-09-23T11:45:00+05:30,8.9,8.9,8.9,8.9,5
2026-09-23T11:46:00+05:30,8.95,8.95,8.95,8.95,1
2026-09-23T11:47:00+05:30,8.95,8.95,8.95,8.95,1
2026-09-23T11:49:00+05:30,8.85,8.85,8.8,8.85,23
2026-09-23T11:50:00+05:30,8.95,8.95,8.9,8.95,6
2026-09-23T11:51:00+05:30,9.0,9.1,8.95,9.1,15
2026-09-23T11:52:00+05:30,9.0,9.0,9.0,9.0,5
2026-09-23T11:53:00+05:30,9.05,9.1,8.9,8.9,9
2026-09-23T11:54:00+05:30,9.0,9.05,9.0,9.05,5
2026-09-23T11:55:00+05:30,8.9,8.9,8.9,8.9,1
2026-09-23T11:57:00+05:30,8.95,8.95,8.85,8.85,5
2026-09-23T11:58:00+05:30,8.85,8.85,8.85,8.85,7
2026-09-23T11:59:00+05:30,8.85,8.85,8.85,8.85,1
2026-09-23T12:00:00+05:30,8.85,8.85,8.85,8.85,1
2026-09-23T12:01:00+05:30,8.65,8.75,8.6,8.75,31
2026-09-23T12:03:00+05:30,8.6,8.7,8.6,8.7,7
2026-09-23T12:05:00+05:30,8.55,8.65,8.45,8.6,23
2026-09-23T12:06:00+05:30,8.6,8.6,8.5,8.55,17
2026-09-23T12:07:00+05:30,8.65,8.65,8.6,8.6,9
2026-09-23T12:08:00+05:30,8.65,8.75,8.65,8.75,5
2026-09-23T12:09:00+05:30,8.7,8.7,8.7,8.7,5
2026-09-23T12:10:00+05:30,8.6,8.8,8.6,8.65,27
2026-09-23T12:14:00+05:30,8.65,8.65,8.65,8.65,1
2026-09-23T12:17:00+05:30,8.85,8.95,8.85,8.95,7
2026-09-23T12:20:00+05:30,8.7,8.7,8.7,8.7,1
2026-09-23T12:26:00+05:30,8.9,8.9,8.9,8.9,4
2026-09-23T12:28:00+05:30,8.9,8.9,8.9,8.9,3
2026-09-23T12:30:00+05:30,9.0,9.0,9.0,9.0,1
2026-09-23T12:31:00+05:30,9.05,9.05,9.05,9.05,1
2026-09-23T12:33:00+05:30,8.85,8.9,8.85,8.9,8
2026-09-23T12:34:00+05:30,8.75,8.85,8.75,8.85,23
2026-09-23T12:37:00+05:30,9.0,9.0,9.0,9.0,3
2026-09-23T12:39:00+05:30,9.05,9.05,9.05,9.05,1
2026-09-23T12:40:00+05:30,9.05,9.1,9.05,9.1,3
2026-09-23T12:41:00+05:30,9.0,9.0,8.95,8.95,9
2026-09-23T12:45:00+05:30,8.95,9.0,8.95,9.0,8
2026-09-23T12:46:00+05:30,9.05,9.05,9.0,9.05,13
2026-09-23T12:47:00+05:30,9.15,9.15,9.05,9.05,4
2026-09-23T12:48:00+05:30,9.1,9.1,9.05,9.05,13
2026-09-23T12:49:00+05:30,9.05,9.05,9.05,9.05,1
2026-09-23T12:52:00+05:30,9.1,9.1,9.1,9.1,8
2026-09-23T12:53:00+05:30,9.15,9.15,9.1,9.1,5
2026-09-23T12:54:00+05:30,9.1,9.1,9.1,9.1,1
2026-09-23T12:55:00+05:30,9.1,9.1,9.1,9.1,2
2026-09-23T12:57:00+05:30,9.1,9.2,8.95,9.0,36
2026-09-23T12:58:00+05:30,8.95,8.95,8.95,8.95,2
2026-09-23T12:59:00+05:30,9.0,9.05,9.0,9.0,28
2026-09-23T13:00:00+05:30,9.05,9.05,9.05,9.05,2
2026-09-23T13:02:00+05:30,8.8,8.8,8.8,8.8,9
2026-09-23T13:03:00+05:30,8.8,8.95,8.8,8.95,16
2026-09-23T13:05:00+05:30,9.05,9.05,9.05,9.05,1
2026-09-23T13:07:00+05:30,8.8,8.8,8.8,8.8,11
2026-09-23T13:08:00+05:30,8.9,9.0,8.9,9.0,11
2026-09-23T13:11:00+05:30,9.1,9.15,9.1,9.15,3
2026-09-23T13:15:00+05:30,8.95,8.95,8.95,8.95,2
2026-09-23T13:19:00+05:30,9.05,9.05,9.05,9.05,1
2026-09-23T13:24:00+05:30,9.0,9.2,9.0,9.2,13
2026-09-23T13:30:00+05:30,9.3,9.3,9.3,9.3,8
2026-09-23T13:35:00+05:30,9.3,9.3,9.3,9.3,6
2026-09-23T13:39:00+05:30,9.05,9.05,9.0,9.0,2
2026-09-23T13:40:00+05:30,8.95,8.95,8.9,8.9,7
2026-09-23T13:43:00+05:30,8.8,8.8,8.75,8.75,6
2026-09-23T13:44:00+05:30,8.9,8.9,8.8,8.8,2
2026-09-23T13:45:00+05:30,8.7,8.7,8.7,8.7,1
2026-09-23T13:46:00+05:30,8.55,8.75,8.55,8.6,12
2026-09-23T13:47:00+05:30,8.65,8.65,8.65,8.65,1
2026-09-23T13:48:00+05:30,8.6,8.6,8.55,8.55,2
2026-09-23T13:49:00+05:30,8.5,8.5,8.5,8.5,1
2026-09-23T13:50:00+05:30,8.45,8.45,8.3,8.45,39
2026-09-23T13:53:00+05:30,8.6,8.6,8.6,8.6,1
2026-09-23T14:03:00+05:30,8.55,8.55,8.4,8.45,28
2026-09-23T14:04:00+05:30,8.45,8.45,8.45,8.45,1
2026-09-23T14:05:00+05:30,8.35,8.35,8.35,8.35,12
2026-09-23T14:07:00+05:30,8.35,8.35,8.35,8.35,4
2026-09-23T14:12:00+05:30,8.25,8.25,8.2,8.2,25
2026-09-23T14:13:00+05:30,8.3,8.3,8.3,8.3,9
2026-09-23T14:14:00+05:30,8.35,8.35,8.35,8.35,1
2026-09-23T14:16:00+05:30,8.05,8.05,8.0,8.0,10
2026-09-23T14:17:00+05:30,8.0,8.1,8.0,8.05,15
2026-09-23T14:18:00+05:30,8.0,8.0,8.0,8.0,65
2026-09-23T14:19:00+05:30,8.0,8.05,8.0,8.05,25
2026-09-23T14:20:00+05:30,8.05,8.1,8.05,8.05,13
2026-09-23T14:25:00+05:30,8.0,8.0,8.0,8.0,19
2026-09-23T14:26:00+05:30,8.1,8.1,8.05,8.05,2
2026-09-23T14:29:00+05:30,8.0,8.0,8.0,8.0,1
2026-09-23T14:30:00+05:30,7.9,7.9,7.9,7.9,2
2026-09-23T14:31:00+05:30,7.95,7.95,7.95,7.95,1
2026-09-23T14:32:00+05:30,8.05,8.15,8.05,8.1,12
2026-09-23T14:34:00+05:30,8.05,8.05,8.05,8.05,3
2026-09-23T14:36:00+05:30,8.1,8.1,8.1,8.1,1
2026-09-23T14:40:00+05:30,8.15,8.2,8.1,8.1,11
2026-09-23T14:41:00+05:30,8.1,8.1,7.95,8.05,50
2026-09-23T14:42:00+05:30,8.05,8.1,8.05,8.1,3
2026-09-23T14:44:00+05:30,7.95,7.95,7.95,7.95,5
2026-09-23T14:45:00+05:30,7.9,7.9,7.9,7.9,25
2026-09-23T14:46:00+05:30,7.85,7.85,7.75,7.75,15
2026-09-23T14:47:00+05:30,7.85,7.9,7.8,7.8,7
2026-09-23T14:48:00+05:30,7.85,7.85,7.8,7.85,15
2026-09-23T14:50:00+05:30,7.85,7.85,7.85,7.85,2
2026-09-23T14:51:00+05:30,7.8,7.85,7.8,7.8,15
2026-09-23T14:52:00+05:30,7.8,7.9,7.8,7.85,39
2026-09-23T14:53:00+05:30,7.85,7.85,7.8,7.8,6
2026-09-23T14:54:00+05:30,7.8,7.85,7.7,7.7,7
2026-09-23T14:55:00+05:30,7.7,7.75,7.7,7.7,5
2026-09-23T14:56:00+05:30,7.7,7.7,7.65,7.7,7
2026-09-23T14:57:00+05:30,7.75,7.8,7.75,7.75,29
2026-09-23T14:58:00+05:30,7.75,7.75,7.75,7.75,1
2026-09-23T14:59:00+05:30,7.8,8.0,7.75,7.8,89
2026-09-23T15:01:00+05:30,7.85,7.85,7.85,7.85,3
2026-09-23T15:02:00+05:30,7.9,7.9,7.7,7.8,14
2026-09-23T15:03:00+05:30,7.8,7.8,7.8,7.8,3
2026-09-23T15:04:00+05:30,7.75,7.8,7.75,7.8,4
2026-09-23T15:05:00+05:30,7.6,7.6,7.6,7.6,9
2026-09-23T15:06:00+05:30,7.5,7.5,7.45,7.45,2
2026-09-23T15:08:00+05:30,7.6,7.6,7.5,7.5,20
2026-09-23T15:09:00+05:30,7.75,7.8,7.75,7.8,4
2026-09-23T15:10:00+05:30,7.7,7.7,7.7,7.7,1
2026-09-23T15:11:00+05:30,7.65,7.85,7.65,7.65,21
2026-09-23T15:12:00+05:30,7.7,7.8,7.6,7.6,16
2026-09-23T15:13:00+05:30,7.65,7.65,7.65,7.65,8
2026-09-23T15:14:00+05:30,7.6,7.6,7.55,7.55,10
2026-09-23T15:16:00+05:30,7.6,7.7,7.6,7.7,27
2026-09-23T15:17:00+05:30,7.65,7.65,7.6,7.6,17
2026-09-23T15:18:00+05:30,7.75,7.75,7.75,7.75,1
2026-09-23T15:19:00+05:30,7.65,7.65,7.65,7.65,1
2026-09-23T15:20:00+05:30,7.7,7.9,7.7,7.85,12
2026-09-23T15:21:00+05:30,7.9,7.9,7.9,7.9,4
2026-09-23T15:22:00+05:30,7.85,7.85,7.85,7.85,4
2026-09-23T15:23:00+05:30,7.7,7.7,7.65,7.65,3
2026-09-23T15:24:00+05:30,7.55,7.55,7.55,7.55,1
2026-09-23T15:25:00+05:30,7.65,7.65,7.5,7.5,7
2026-09-23T15:27:00+05:30,7.5,7.75,7.5,7.75,37
2026-09-23T15:28:00+05:30,7.75,7.75,7.65,7.65,24
2026-09-23T15:29:00+05:30,7.65,7.65,7.6,7.6,15
2026-09-23T15:30:00+05:30,7.5,7.5,7.5,7.5,10
2026-09-23T15:32:00+05:30,7.6,7.7,7.55,7.65,43
2026-09-23T15:33:00+05:30,7.65,7.7,7.65,7.65,23
2026-09-23T15:34:00+05:30,7.7,7.75,7.7,7.7,14
2026-09-23T15:35:00+05:30,7.7,7.7,7.6,7.7,11
2026-09-23T15:38:00+05:30,7.5,7.6,7.45,7.6,17
2026-09-23T15:39:00+05:30,7.5,7.6,7.25,7.35,63
2026-09-24T09:19:00+05:30,22.95,24.15,22.1,22.6,177
2026-09-24T09:20:00+05:30,23.05,23.6,22.45,23.15,139
2026-09-24T09:21:00+05:30,21.55,24.1,21.55,22.8,206
2026-09-24T09:22:00+05:30,22.85,24.0,19.2,19.2,192
2026-09-24T09:23:00+05:30,19.2,19.7,17.55,18.15,187
2026-09-24T09:24:00+05:30,17.55,18.15,17.1,18.1,66
2026-09-24T09:25:00+05:30,18.1,20.6,17.95,19.95,249
2026-09-24T09:26:00+05:30,20.5,20.7,18.95,19.95,187
2026-09-24T09:27:00+05:30,20.35,20.8,20.1,20.8,77
2026-09-24T09:28:00+05:30,20.9,21.3,20.05,20.6,97
2026-09-24T09:29:00+05:30,20.55,21.4,20.15,20.35,62
2026-09-24T09:30:00+05:30,20.65,23.05,20.55,23.05,84
2026-09-24T09:31:00+05:30,23.05,24.9,22.4,24.5,190
2026-09-24T09:32:00+05:30,23.25,24.2,23.1,23.25,93
2026-09-24T09:33:00+05:30,23.6,24.5,23.6,24.5,16
2026-09-24T09:34:00+05:30,23.75,24.1,23.35,23.65,52
2026-09-24T09:35:00+05:30,23.55,23.55,22.2,23.1,647
2026-09-24T09:36:00+05:30,23.45,23.45,22.95,23.05,9
2026-09-24T09:37:00+05:30,22.95,24.25,22.4,24.2,319
2026-09-24T09:38:00+05:30,24.5,28.5,24.25,28.5,107
2026-09-24T09:39:00+05:30,28.45,31.45,27.3,30.75,81
2026-09-24T09:40:00+05:30,30.2,31.85,29.15,29.3,130
2026-09-24T09:41:00+05:30,29.0,31.45,29.0,30.7,319
2026-09-24T09:42:00+05:30,30.75,31.95,30.35,31.1,63
2026-09-24T09:43:00+05:30,30.75,36.0,30.7,35.5,154
2026-09-24T09:44:00+05:30,36.05,39.15,35.5,38.1,239
2026-09-24T09:45:00+05:30,39.0,41.6,36.0,36.0,275
2026-09-24T09:46:00+05:30,35.6,37.8,35.0,37.4,105
2026-09-24T09:47:00+05:30,37.35,38.2,36.8,37.75,101
2026-09-24T09:48:00+05:30,38.15,38.4,36.1,36.75,42
2026-09-24T09:49:00+05:30,35.85,36.3,33.0,33.1,103
2026-09-24T09:50:00+05:30,33.2,34.35,31.95,31.95,53
2026-09-24T09:51:00+05:30,32.05,33.35,31.5,33.35,21
2026-09-24T09:52:00+05:30,33.4,33.75,32.2,33.2,28
2026-09-24T09:53:00+05:30,33.25,34.0,33.15,34.0,60
2026-09-24T09:54:00+05:30,33.75,34.3,33.7,34.0,17
2026-09-24T09:55:00+05:30,34.55,35.9,34.15,34.4,33
2026-09-24T09:56:00+05:30,34.0,34.5,34.0,34.5,8
2026-09-24T09:57:00+05:30,34.8,34.8,34.2,34.25,17
2026-09-24T09:58:00+05:30,34.3,34.35,32.5,33.25,49
2026-09-24T09:59:00+05:30,33.2,33.95,32.55,32.55,38
2026-09-24T10:00:00+05:30,32.35,32.75,30.65,30.65,116
2026-09-24T10:01:00+05:30,30.55,30.8,29.7,30.3,47
2026-09-24T10:02:00+05:30,30.3,30.5,28.6,28.65,76
2026-09-24T10:03:00+05:30,28.75,28.9,27.15,27.15,78
2026-09-24T10:04:00+05:30,26.9,26.95,25.4,26.85,108
2026-09-24T10:05:00+05:30,27.55,28.9,26.9,27.45,369
2026-09-24T10:06:00+05:30,27.5,28.9,27.5,28.05,17
2026-09-24T10:07:00+05:30,27.4,27.8,26.95,26.95,41
2026-09-24T10:08:00+05:30,26.0,26.55,24.25,24.25,25
2026-09-24T10:09:00+05:30,24.4,24.6,23.75,23.95,14
2026-09-24T10:10:00+05:30,24.4,25.85,24.3,25.75,53
2026-09-24T10:11:00+05:30,27.0,27.3,26.0,26.0,18
2026-09-24T10:12:00+05:30,26.85,26.85,26.85,26.85,1
2026-09-24T10:13:00+05:30,28.15,28.15,26.7,27.9,59
2026-09-24T10:14:00+05:30,28.85,29.45,28.4,28.75,43
2026-09-24T10:15:00+05:30,28.95,29.1,27.95,28.1,39
2026-09-24T10:16:00+05:30,28.0,28.05,27.25,27.4,21
2026-09-24T10:17:00+05:30,27.85,28.6,27.85,28.1,17
2026-09-24T10:18:00+05:30,27.95,28.7,27.65,28.6,26
2026-09-24T10:19:00+05:30,29.0,29.25,26.9,26.9,56
2026-09-24T10:20:00+05:30,26.9,28.5,26.85,28.2,33
2026-09-24T10:21:00+05:30,28.7,29.7,28.7,29.7,20
2026-09-24T10:22:00+05:30,29.6,30.95,29.6,30.95,46
2026-09-24T10:23:00+05:30,30.9,31.2,29.9,30.3,62
2026-09-24T10:24:00+05:30,30.75,30.9,30.35,30.45,28
2026-09-24T10:25:00+05:30,31.05,32.55,31.05,31.85,55
2026-09-24T10:26:00+05:30,32.1,32.35,31.0,31.0,20
2026-09-24T10:27:00+05:30,30.55,30.65,30.0,30.15,59
2026-09-24T10:28:00+05:30,30.25,31.7,29.95,31.55,47
2026-09-24T10:29:00+05:30,31.2,31.75,30.6,31.1,12
2026-09-24T10:30:00+05:30,30.9,31.25,30.35,30.35,24
2026-09-24T10:31:00+05:30,30.3,30.3,28.6,28.6,60
2026-09-24T10:32:00+05:30,28.65,28.65,27.75,28.3,77
2026-09-24T10:33:00+05:30,28.15,28.8,26.05,26.15,105
2026-09-24T10:34:00+05:30,26.1,27.25,26.1,26.6,30
2026-09-24T10:35:00+05:30,26.25,26.85,26.1,26.8,25
2026-09-24T10:36:00+05:30,26.75,26.75,25.0,25.75,42
2026-09-24T10:37:00+05:30,25.6,26.5,25.5,26.2,27
2026-09-24T10:38:00+05:30,25.6,26.4,25.05,26.4,23
2026-09-24T10:39:00+05:30,26.4,26.8,25.95,26.45,49
2026-09-24T10:40:00+05:30,26.55,28.05,26.55,28.05,53
2026-09-24T10:41:00+05:30,27.9,27.95,27.25,27.9,21
2026-09-24T10:42:00+05:30,28.25,28.3,27.3,27.3,28
2026-09-24T10:43:00+05:30,27.55,29.0,27.55,28.45,15
2026-09-24T10:44:00+05:30,28.65,28.75,27.65,27.75,92
2026-09-24T10:45:00+05:30,27.75,27.75,26.3,26.45,101
2026-09-24T10:46:00+05:30,26.7,27.0,26.0,27.0,93
2026-09-24T10:47:00+05:30,27.2,27.25,26.3,26.35,68
2026-09-24T10:48:00+05:30,26.55,27.65,26.55,27.6,12
2026-09-24T10:49:00+05:30,27.8,28.0,27.3,27.95,19
2026-09-24T10:50:00+05:30,27.45,27.45,27.4,27.4,4
2026-09-24T10:51:00+05:30,27.1,27.65,25.6,27.3,98
2026-09-24T10:52:00+05:30,27.3,27.3,25.5,25.55,19
2026-09-24T10:53:00+05:30,25.45,25.55,24.25,24.25,21
2026-09-24T10:54:00+05:30,25.0,25.0,24.15,24.25,24
2026-09-24T10:55:00+05:30,23.65,24.15,22.65,23.1,33
2026-09-24T10:56:00+05:30,23.15,24.0,23.15,23.95,28
2026-09-24T10:57:00+05:30,24.2,24.25,23.9,24.1,5
2026-09-24T10:58:00+05:30,24.2,25.05,24.2,25.05,8
2026-09-24T10:59:00+05:30,24.55,24.55,23.55,23.55,6
2026-09-24T11:00:00+05:30,23.6,24.2,23.6,23.65,11
2026-09-24T11:01:00+05:30,23.6,23.6,22.85,23.35,20
2026-09-24T11:02:00+05:30,23.65,23.75,22.55,22.6,81
2026-09-24T11:03:00+05:30,22.85,23.45,22.85,23.45,13
2026-09-24T11:04:00+05:30,23.6,23.85,23.35,23.4,40
2026-09-24T11:05:00+05:30,23.85,24.2,23.85,24.15,168
2026-09-24T11:06:00+05:30,25.6,26.45,25.15,26.35,98
2026-09-24T11:07:00+05:30,25.8,25.8,25.0,25.3,35
2026-09-24T11:08:00+05:30,25.15,26.25,25.1,25.9,49
2026-09-24T11:09:00+05:30,26.45,27.7,26.45,27.7,17
2026-09-24T11:10:00+05:30,27.1,27.1,27.05,27.05,6
2026-09-24T11:11:00+05:30,26.7,27.05,26.25,27.05,7
2026-09-24T11:12:00+05:30,27.55,27.6,26.9,26.9,4
2026-09-24T11:13:00+05:30,27.55,29.7,27.55,29.65,54
2026-09-24T11:14:00+05:30,28.95,29.35,28.65,28.95,11
2026-09-24T11:15:00+05:30,29.3,29.3,27.35,27.35,13
2026-09-24T11:16:00+05:30,26.9,27.05,26.75,26.8,9
2026-09-24T11:17:00+05:30,26.3,26.3,24.95,25.95,31
2026-09-24T11:18:00+05:30,24.2,24.35,24.0,24.35,134
2026-09-24T11:19:00+05:30,24.75,24.8,23.4,23.8,162
2026-09-24T11:20:00+05:30,24.4,25.1,24.05,24.65,20
2026-09-24T11:21:00+05:30,25.05,25.05,24.8,24.8,9
2026-09-24T11:22:00+05:30,25.45,25.45,25.4,25.4,6
2026-09-24T11:23:00+05:30,25.65,26.15,25.6,25.9,13
2026-09-24T11:24:00+05:30,26.25,27.35,26.25,27.35,19
2026-09-24T11:25:00+05:30,27.3,29.0,26.65,29.0,151
2026-09-24T11:26:00+05:30,29.1,29.55,28.6,28.6,27
2026-09-24T11:27:00+05:30,27.6,28.0,27.6,28.0,5
2026-09-24T11:28:00+05:30,27.45,27.65,27.0,27.65,22
2026-09-24T11:29:00+05:30,27.6,27.65,27.45,27.65,3
2026-09-24T11:30:00+05:30,27.4,27.85,27.4,27.8,4
2026-09-24T11:31:00+05:30,27.45,28.35,27.45,28.35,10
2026-09-24T11:32:00+05:30,28.3,30.6,28.3,30.6,106
2026-09-24T11:33:00+05:30,30.8,30.8,28.75,28.9,18
2026-09-24T11:34:00+05:30,28.75,29.7,28.75,29.7,10
2026-09-24T11:35:00+05:30,29.9,29.9,29.3,29.3,6
2026-09-24T11:36:00+05:30,28.65,28.65,27.25,27.25,7
2026-09-24T11:37:00+05:30,27.75,27.8,27.0,27.0,10
2026-09-24T11:38:00+05:30,26.7,27.3,26.6,27.3,254
2026-09-24T11:39:00+05:30,27.7,27.75,26.45,26.7,93
2026-09-24T11:40:00+05:30,26.7,27.4,26.6,26.6,30
2026-09-24T11:41:00+05:30,26.85,27.8,26.85,27.7,24
2026-09-24T11:42:00+05:30,27.7,28.0,27.7,27.7,15
2026-09-24T11:43:00+05:30,27.75,27.85,27.75,27.85,4
2026-09-24T11:44:00+05:30,28.25,28.25,27.8,28.25,11
2026-09-24T11:45:00+05:30,28.2,28.3,26.6,27.5,37
2026-09-24T11:46:00+05:30,27.1,27.3,26.75,27.3,14
2026-09-24T11:47:00+05:30,27.5,28.1,27.5,28.1,6
2026-09-24T11:48:00+05:30,28.05,28.6,27.5,27.7,27
2026-09-24T11:49:00+05:30,27.8,28.6,27.8,28.6,8
2026-09-24T11:50:00+05:30,28.65,28.8,28.0,28.6,15
2026-09-24T11:51:00+05:30,28.5,29.2,28.5,29.2,5
2026-09-24T11:52:00+05:30,28.8,28.8,27.75,27.75,18
2026-09-24T11:53:00+05:30,27.65,27.9,27.2,27.9,20
2026-09-24T11:54:00+05:30,27.25,27.55,27.25,27.55,5
2026-09-24T11:55:00+05:30,28.1,28.15,28.1,28.15,4
2026-09-24T11:56:00+05:30,28.4,29.0,28.4,29.0,7
2026-09-24T11:57:00+05:30,28.95,29.35,28.75,29.35,10
2026-09-24T11:58:00+05:30,28.4,28.4,28.1,28.1,4
2026-09-24T11:59:00+05:30,28.0,28.0,27.8,27.8,4
2026-09-24T12:00:00+05:30,28.05,28.3,27.5,27.5,64
2026-09-24T12:01:00+05:30,27.4,27.4,26.3,26.3,72
2026-09-24T12:02:00+05:30,25.3,26.05,25.0,26.05,15
2026-09-24T12:03:00+05:30,26.6,27.05,26.15,27.05,15
2026-09-24T12:04:00+05:30,26.75,26.75,26.75,26.75,1
2026-09-24T12:05:00+05:30,26.55,26.8,26.55,26.65,4
2026-09-24T12:06:00+05:30,26.55,26.65,26.25,26.6,11
2026-09-24T12:07:00+05:30,26.45,26.8,26.45,26.8,5
2026-09-24T12:08:00+05:30,27.05,27.7,27.0,27.7,15
2026-09-24T12:09:00+05:30,27.0,27.1,26.8,27.1,7
2026-09-24T12:10:00+05:30,26.65,26.7,26.65,26.7,2
2026-09-24T12:11:00+05:30,26.3,26.3,25.8,26.2,10
2026-09-24T12:12:00+05:30,26.5,26.7,26.5,26.5,5
2026-09-24T12:13:00+05:30,26.45,26.6,26.45,26.6,3
2026-09-24T12:14:00+05:30,26.9,27.65,26.8,27.65,6
2026-09-24T12:15:00+05:30,27.45,27.45,26.75,26.9,13
2026-09-24T12:16:00+05:30,26.8,27.35,26.8,27.35,4
2026-09-24T12:17:00+05:30,27.3,27.45,27.3,27.45,3
2026-09-24T12:18:00+05:30,27.35,27.35,26.85,26.85,3
2026-09-24T12:19:00+05:30,26.8,26.8,26.8,26.8,2
2026-09-24T12:20:00+05:30,25.7,26.2,25.7,26.2,5
2026-09-24T12:21:00+05:30,26.55,26.55,26.3,26.3,6
2026-09-24T12:22:00+05:30,26.6,26.95,26.6,26.95,4
2026-09-24T12:23:00+05:30,28.05,28.05,27.65,27.65,3
2026-09-24T12:24:00+05:30,27.7,27.7,26.85,27.6,13
2026-09-24T12:25:00+05:30,28.9,29.9,28.9,29.9,29
2026-09-24T12:26:00+05:30,29.2,29.2,28.05,28.05,7
2026-09-24T12:27:00+05:30,27.65,27.65,27.3,27.3,5
2026-09-24T12:28:00+05:30,26.7,26.7,25.95,26.3,15
2026-09-24T12:29:00+05:30,26.75,27.1,26.75,27.1,2
2026-09-24T12:30:00+05:30,26.2,27.1,25.8,25.8,45
2026-09-24T12:31:00+05:30,25.75,27.7,25.55,27.7,27
2026-09-24T12:32:00+05:30,28.55,30.35,28.5,29.9,19
2026-09-24T12:33:00+05:30,29.1,29.4,28.5,29.4,17
2026-09-24T12:34:00+05:30,28.85,28.85,28.2,28.55,4
2026-09-24T12:35:00+05:30,27.8,31.15,27.8,29.5,112
2026-09-24T12:36:00+05:30,29.9,31.7,29.2,29.25,48
2026-09-24T12:37:00+05:30,28.65,29.6,28.65,29.6,11
2026-09-24T12:38:00+05:30,28.5,28.5,28.0,28.0,3
2026-09-24T12:39:00+05:30,27.2,28.05,27.2,27.45,4
2026-09-24T12:40:00+05:30,27.3,27.3,27.25,27.25,2
2026-09-24T12:41:00+05:30,26.65,27.6,26.35,27.3,9
2026-09-24T12:42:00+05:30,27.05,27.3,26.7,27.2,13
2026-09-24T12:44:00+05:30,28.25,28.85,28.25,28.85,2
2026-09-24T12:45:00+05:30,28.85,29.05,28.5,28.75,7
2026-09-24T12:46:00+05:30,28.65,28.7,28.4,28.7,10
2026-09-24T12:47:00+05:30,29.05,29.8,28.95,29.8,10
2026-09-24T12:48:00+05:30,29.25,30.35,28.8,30.35,119
2026-09-24T12:49:00+05:30,30.4,30.4,30.15,30.3,3
2026-09-24T12:50:00+05:30,29.9,29.9,29.9,29.9,2
2026-09-24T12:51:00+05:30,28.75,28.75,28.75,28.75,1
2026-09-24T12:52:00+05:30,29.05,29.05,29.05,29.05,1
2026-09-24T12:54:00+05:30,30.8,31.6,30.8,31.35,3
2026-09-24T12:55:00+05:30,31.4,31.45,29.8,29.8,10
2026-09-24T12:56:00+05:30,30.35,30.35,28.8,29.15,27
2026-09-24T12:57:00+05:30,29.4,29.4,28.3,28.3,12
2026-09-24T12:58:00+05:30,28.5,28.95,28.25,28.95,24
2026-09-24T12:59:00+05:30,28.8,28.8,28.45,28.6,11
2026-09-24T13:00:00+05:30,28.05,29.15,27.75,29.15,9
2026-09-24T13:01:00+05:30,28.0,28.0,27.6,27.6,5
2026-09-24T13:02:00+05:30,26.9,26.9,26.8,26.8,2
2026-09-24T13:03:00+05:30,26.4,26.4,25.15,25.65,8
2026-09-24T13:04:00+05:30,26.1,26.1,26.1,26.1,2
2026-09-24T13:05:00+05:30,26.6,26.65,25.8,26.6,24
2026-09-24T13:06:00+05:30,27.1,27.45,26.7,26.7,11
2026-09-24T13:07:00+05:30,26.35,26.45,26.35,26.4,5
2026-09-24T13:08:00+05:30,26.0,26.0,25.45,25.8,7
2026-09-24T13:09:00+05:30,26.7,26.7,26.7,26.7,8
2026-09-24T13:10:00+05:30,27.0,28.25,27.0,27.8,36
2026-09-24T13:11:00+05:30,27.15,27.55,26.8,27.55,27
2026-09-24T13:12:00+05:30,27.95,27.95,27.45,27.9,5
2026-09-24T13:13:00+05:30,26.5,26.55,26.5,26.55,2
2026-09-24T13:14:00+05:30,26.05,26.05,24.8,25.7,85
2026-09-24T13:15:00+05:30,26.0,26.6,25.7,25.7,12
2026-09-24T13:16:00+05:30,25.8,25.9,25.8,25.9,8
2026-09-24T13:17:00+05:30,27.0,27.55,27.0,27.55,59
2026-09-24T13:18:00+05:30,26.8,27.05,26.75,26.9,7
2026-09-24T13:19:00+05:30,27.3,27.3,27.15,27.15,4
2026-09-24T13:20:00+05:30,27.2,27.8,27.2,27.4,4
2026-09-24T13:21:00+05:30,27.35,27.45,27.05,27.05,5
2026-09-24T13:22:00+05:30,27.2,27.45,27.15,27.15,13
2026-09-24T13:23:00+05:30,27.4,27.45,27.4,27.45,2
2026-09-24T13:24:00+05:30,27.45,27.45,27.45,27.45,1
2026-09-24T13:25:00+05:30,27.45,28.3,27.45,28.3,5
2026-09-24T13:26:00+05:30,28.05,34.9,28.05,34.55,69
2026-09-24T13:27:00+05:30,35.95,37.65,33.45,36.3,239
2026-09-24T13:28:00+05:30,36.15,36.45,34.95,35.05,104
2026-09-24T13:29:00+05:30,35.3,35.3,33.7,35.05,239
2026-09-24T13:30:00+05:30,34.6,34.6,32.85,32.85,10
2026-09-24T13:31:00+05:30,33.4,33.65,31.65,32.25,30
2026-09-24T13:32:00+05:30,31.4,33.3,31.4,32.25,116
2026-09-24T13:33:00+05:30,32.95,33.85,32.05,32.65,47
2026-09-24T13:34:00+05:30,33.0,34.2,33.0,33.55,16
2026-09-24T13:35:00+05:30,33.9,34.5,33.9,34.5,9
2026-09-24T13:36:00+05:30,34.85,35.0,33.45,33.75,220
2026-09-24T13:37:00+05:30,33.9,34.0,33.25,33.8,71
2026-09-24T13:38:00+05:30,33.8,35.0,33.8,35.0,11
2026-09-24T13:39:00+05:30,35.45,37.55,35.45,37.25,85
2026-09-24T13:40:00+05:30,36.75,39.95,36.7,38.95,181
2026-09-24T13:41:00+05:30,38.45,38.95,37.6,38.0,73
2026-09-24T13:42:00+05:30,37.65,40.8,37.05,40.55,290
2026-09-24T13:43:00+05:30,40.1,46.75,40.1,46.75,155
2026-09-24T13:44:00+05:30,46.95,64.3,46.95,58.1,672
2026-09-24T13:45:00+05:30,57.75,68.65,53.0,68.65,379
2026-09-24T13:46:00+05:30,70.15,82.6,68.4,72.95,594
2026-09-24T13:47:00+05:30,73.2,75.0,66.65,71.25,264
2026-09-24T13:48:00+05:30,72.25,72.7,68.2,69.65,147
2026-09-24T13:49:00+05:30,68.6,69.1,61.0,62.35,127
2026-09-24T13:50:00+05:30,63.75,64.15,59.2,61.8,91
2026-09-24T13:51:00+05:30,64.9,70.6,64.45,70.6,70
2026-09-24T13:52:00+05:30,70.35,73.5,68.0,70.0,81
2026-09-24T13:53:00+05:30,69.55,70.9,68.4,70.4,177
2026-09-24T13:54:00+05:30,70.45,80.0,70.45,76.75,90
2026-09-24T13:55:00+05:30,77.05,79.4,73.5,73.85,594
2026-09-24T13:56:00+05:30,74.75,78.9,74.55,76.75,648
2026-09-24T13:57:00+05:30,75.75,82.25,73.55,81.7,117
2026-09-24T13:58:00+05:30,81.65,94.45,80.75,93.7,374
2026-09-24T13:59:00+05:30,94.45,96.8,84.8,89.2,723
2026-09-24T14:00:00+05:30,88.4,88.75,73.9,74.35,764
2026-09-24T14:01:00+05:30,75.25,75.25,66.5,67.7,293
2026-09-24T14:02:00+05:30,67.15,71.1,63.05,63.4,182
2026-09-24T14:03:00+05:30,62.7,65.85,59.85,65.35,92
2026-09-24T14:04:00+05:30,64.6,75.2,61.7,74.55,227
2026-09-24T14:05:00+05:30,73.4,73.6,69.15,69.2,74
2026-09-24T14:06:00+05:30,69.15,75.85,69.15,73.8,135
2026-09-24T14:07:00+05:30,74.0,74.0,70.95,72.05,50
2026-09-24T14:08:00+05:30,71.1,72.0,65.95,66.9,116
2026-09-24T14:09:00+05:30,68.85,70.5,65.0,66.7,29
2026-09-24T14:10:00+05:30,66.8,67.75,64.6,67.2,105
2026-09-24T14:11:00+05:30,68.05,69.2,66.3,67.8,23
2026-09-24T14:12:00+05:30,67.35,68.0,65.75,65.75,110
2026-09-24T14:13:00+05:30,65.2,68.3,64.6,65.0,31
2026-09-24T14:14:00+05:30,65.0,66.85,64.2,66.75,68
2026-09-24T14:15:00+05:30,64.7,68.1,63.3,67.6,22
2026-09-24T14:16:00+05:30,67.2,68.2,65.0,67.25,26
2026-09-24T14:17:00+05:30,67.0,67.35,65.35,65.75,27
2026-09-24T14:18:00+05:30,65.35,65.75,62.9,64.35,33
2026-09-24T14:19:00+05:30,65.0,68.8,65.0,67.2,18
2026-09-24T14:20:00+05:30,65.85,68.75,65.8,68.4,28
2026-09-24T14:21:00+05:30,68.55,71.6,68.55,69.0,63
2026-09-24T14:22:00+05:30,68.35,72.8,68.35,72.8,27
2026-09-24T14:23:00+05:30,72.3,78.75,71.7,78.75,43
2026-09-24T14:24:00+05:30,75.0,76.55,70.75,72.8,46
2026-09-24T14:25:00+05:30,70.95,72.0,67.15,68.0,65
2026-09-24T14:26:00+05:30,68.35,71.5,68.2,69.9,64
2026-09-24T14:27:00+05:30,69.25,69.25,69.25,69.25,2
2026-09-24T14:28:00+05:30,67.8,68.4,64.8,68.4,10
2026-09-24T14:29:00+05:30,69.25,69.9,67.75,69.65,22
2026-09-24T14:30:00+05:30,68.85,70.05,67.2,67.65,16
2026-09-24T14:31:00+05:30,67.25,68.85,64.2,64.35,42
2026-09-24T14:32:00+05:30,65.35,65.45,60.45,64.15,247
2026-09-24T14:33:00+05:30,65.85,66.75,63.7,64.1,29
2026-09-24T14:34:00+05:30,64.1,64.1,60.3,60.65,44
2026-09-24T14:35:00+05:30,60.55,60.9,57.6,57.6,54
2026-09-24T14:36:00+05:30,57.95,59.05,54.3,55.2,48
2026-09-24T14:37:00+05:30,54.95,55.8,52.0,52.15,89
2026-09-24T14:38:00+05:30,51.45,51.45,48.8,49.25,43
2026-09-24T14:39:00+05:30,50.1,50.65,44.75,44.75,131
2026-09-24T14:40:00+05:30,44.85,47.05,44.25,45.9,108
2026-09-24T14:41:00+05:30,46.35,49.0,46.35,46.8,21
2026-09-24T14:42:00+05:30,47.55,49.8,47.55,49.2,11
2026-09-24T14:43:00+05:30,49.55,49.55,46.75,47.4,45
2026-09-24T14:44:00+05:30,48.55,48.55,48.5,48.5,3
2026-09-24T14:45:00+05:30,46.15,46.15,45.9,45.9,2
2026-09-24T14:46:00+05:30,44.3,44.3,43.0,44.1,23
2026-09-24T14:47:00+05:30,45.0,45.0,42.6,44.95,335
2026-09-24T14:48:00+05:30,44.65,45.3,42.95,42.95,140
2026-09-24T14:49:00+05:30,43.55,44.3,43.0,43.1,21
2026-09-24T14:50:00+05:30,43.05,43.05,40.2,40.3,81
2026-09-24T14:51:00+05:30,40.45,40.45,38.05,38.3,178
2026-09-24T14:52:00+05:30,38.25,38.95,37.35,38.3,60
2026-09-24T14:53:00+05:30,38.9,39.0,37.7,37.7,23
2026-09-24T14:54:00+05:30,38.25,39.0,36.95,38.6,24
2026-09-24T14:55:00+05:30,38.75,38.8,36.0,36.6,49
2026-09-24T14:56:00+05:30,36.55,38.35,35.35,38.0,60
2026-09-24T14:57:00+05:30,39.05,41.2,39.05,40.1,28
2026-09-24T14:58:00+05:30,41.85,42.9,40.8,40.8,23
2026-09-24T14:59:00+05:30,40.85,44.5,40.85,44.1,57
2026-09-24T15:00:00+05:30,43.35,45.5,42.6,45.5,44
2026-09-24T15:01:00+05:30,46.05,46.55,43.0,43.0,34
2026-09-24T15:02:00+05:30,43.4,43.45,41.1,41.45,10
2026-09-24T15:03:00+05:30,39.5,40.8,39.2,40.5,21
2026-09-24T15:04:00+05:30,38.95,38.95,38.45,38.85,5
2026-09-24T15:05:00+05:30,39.4,43.6,39.4,43.3,26
2026-09-24T15:06:00+05:30,42.8,44.8,42.8,43.3,11
2026-09-24T15:07:00+05:30,44.25,45.1,44.25,45.1,5
2026-09-24T15:08:00+05:30,44.25,46.95,43.3,46.1,249
2026-09-24T15:09:00+05:30,46.65,46.65,43.25,43.25,15
2026-09-24T15:10:00+05:30,42.95,46.55,42.95,46.55,23
2026-09-24T15:11:00+05:30,47.25,47.25,43.9,44.6,29
2026-09-24T15:12:00+05:30,44.85,49.2,44.8,47.05,55
2026-09-24T15:13:00+05:30,47.3,52.4,46.75,52.4,31
2026-09-24T15:14:00+05:30,50.7,50.7,48.1,48.1,48
2026-09-24T15:15:00+05:30,49.0,53.65,49.0,52.75,57
2026-09-24T15:16:00+05:30,53.2,53.35,52.35,52.35,24
2026-09-24T15:17:00+05:30,49.7,50.85,49.65,50.85,4
2026-09-24T15:18:00+05:30,50.25,50.4,45.1,45.4,121
2026-09-24T15:19:00+05:30,44.95,45.1,43.4,43.6,17
2026-09-24T15:20:00+05:30,44.4,46.9,44.25,46.9,10
2026-09-24T15:21:00+05:30,47.15,47.35,45.9,45.9,9
2026-09-24T15:22:00+05:30,46.25,46.25,41.8,42.0,334
2026-09-24T15:23:00+05:30,42.2,44.05,42.0,44.0,116
2026-09-24T15:24:00+05:30,44.05,44.45,41.6,41.6,233
2026-09-24T15:25:00+05:30,40.25,40.85,39.25,39.4,53
2026-09-24T15:26:00+05:30,38.4,39.55,37.65,39.55,34
2026-09-24T15:27:00+05:30,41.05,41.05,41.0,41.0,3
2026-09-24T15:28:00+05:30,40.55,41.3,40.15,40.65,63
2026-09-24T15:29:00+05:30,40.35,41.0,40.0,40.75,25
2026-09-24T15:30:00+05:30,42.4,44.2,41.1,44.2,207
2026-09-24T15:31:00+05:30,44.35,46.0,43.8,46.0,121
2026-09-24T15:32:00+05:30,46.3,46.5,43.9,45.25,94
2026-09-24T15:33:00+05:30,45.55,47.1,45.55,47.0,31
2026-09-24T15:34:00+05:30,47.5,48.05,47.3,47.7,15
2026-09-24T15:35:00+05:30,47.85,47.85,46.9,47.05,149
2026-09-24T15:36:00+05:30,47.2,51.1,47.2,50.0,82
2026-09-24T15:37:00+05:30,49.75,50.0,49.0,49.0,117
2026-09-24T15:38:00+05:30,49.2,49.5,48.9,49.2,36
2026-09-24T15:39:00+05:30,48.95,52.0,48.45,52.0,88
2026-09-25T09:15:00+05:30,53.3,53.3,25.0,25.05,621
2026-09-25T09:16:00+05:30,25.05,26.75,23.1,24.9,307
2026-09-25T09:17:00+05:30,24.85,27.1,23.65,26.4,578
2026-09-25T09:18:00+05:30,26.4,29.05,26.3,28.25,265
2026-09-25T09:19:00+05:30,28.2,28.25,26.7,28.0,174
2026-09-25T09:20:00+05:30,28.5,29.7,27.95,28.15,171
2026-09-25T09:21:00+05:30,28.45,30.05,27.7,28.8,168
2026-09-25T09:22:00+05:30,28.5,28.85,26.2,26.45,197
2026-09-25T09:23:00+05:30,26.2,27.7,25.65,27.7,344
2026-09-25T09:24:00+05:30,27.15,28.4,26.65,27.2,145
2026-09-25T09:25:00+05:30,27.15,27.15,25.85,26.0,158
2026-09-25T09:26:00+05:30,26.0,26.0,24.35,24.35,162
2026-09-25T09:27:00+05:30,24.4,25.2,24.05,24.65,171
2026-09-25T09:28:00+05:30,24.65,26.4,23.8,25.2,811
2026-09-25T09:29:00+05:30,25.1,25.4,24.2,24.2,153
2026-09-25T09:30:00+05:30,23.9,25.1,23.8,23.85,153
2026-09-25T09:31:00+05:30,23.9,25.1,23.4,24.6,149
2026-09-25T09:32:00+05:30,24.4,25.0,23.55,25.0,72
2026-09-25T09:33:00+05:30,25.1,25.5,24.5,24.65,42
2026-09-25T09:34:00+05:30,24.7,25.05,22.8,23.45,148
2026-09-25T09:35:00+05:30,23.45,23.55,22.4,22.85,78
2026-09-25T09:36:00+05:30,22.6,25.2,22.6,25.2,235
2026-09-25T09:37:00+05:30,25.35,27.8,24.75,27.55,132
2026-09-25T09:38:00+05:30,28.15,29.95,27.35,28.2,328
2026-09-25T09:39:00+05:30,28.3,28.95,27.15,28.5,152
2026-09-25T09:40:00+05:30,28.95,34.1,28.8,32.8,508
2026-09-25T09:41:00+05:30,32.6,33.8,31.4,31.5,136
2026-09-25T09:42:00+05:30,31.2,34.7,30.85,34.0,294
2026-09-25T09:43:00+05:30,33.9,41.6,33.9,38.95,491
2026-09-25T09:44:00+05:30,38.1,38.85,37.35,38.1,207
2026-09-25T09:45:00+05:30,38.2,38.5,35.4,38.5,140
2026-09-25T09:46:00+05:30,38.6,39.0,36.8,37.6,157
2026-09-25T09:47:00+05:30,37.7,37.7,33.5,33.8,131
2026-09-25T09:48:00+05:30,33.7,35.6,33.15,35.05,113
2026-09-25T09:49:00+05:30,34.75,37.25,34.75,37.15,56
2026-09-25T09:50:00+05:30,37.35,37.45,35.9,37.1,77
2026-09-25T09:51:00+05:30,37.05,37.65,35.85,36.15,106
2026-09-25T09:52:00+05:30,36.3,42.65,36.3,41.35,239
2026-09-25T09:53:00+05:30,41.35,41.85,38.95,39.1,98
2026-09-25T09:54:00+05:30,39.05,39.05,37.0,38.0,207
2026-09-25T09:55:00+05:30,37.9,38.3,36.6,37.8,65
2026-09-25T09:56:00+05:30,38.25,38.4,36.15,36.45,129
2026-09-25T09:57:00+05:30,37.05,37.95,36.2,36.75,126
2026-09-25T09:58:00+05:30,36.75,38.55,36.35,36.7,274
2026-09-25T09:59:00+05:30,36.0,36.65,32.9,32.95,424
2026-09-25T10:00:00+05:30,34.0,34.05,32.25,32.7,112
2026-09-25T10:01:00+05:30,32.55,34.05,32.35,34.05,164
2026-09-25T10:02:00+05:30,33.85,34.2,31.0,31.7,177
2026-09-25T10:03:00+05:30,31.3,31.55,29.05,30.55,136
2026-09-25T10:04:00+05:30,30.75,30.75,28.65,30.3,302
2026-09-25T10:05:00+05:30,30.15,30.85,28.0,30.85,308
2026-09-25T10:06:00+05:30,30.8,30.95,28.25,28.8,210
2026-09-25T10:07:00+05:30,28.9,29.75,26.1,26.6,291
2026-09-25T10:08:00+05:30,26.9,26.9,22.8,23.05,179
2026-09-25T10:09:00+05:30,22.95,25.05,22.55,23.85,491
2026-09-25T10:10:00+05:30,24.0,25.75,22.9,25.65,420
2026-09-25T10:11:00+05:30,25.65,28.0,25.55,27.4,184
2026-09-25T10:12:00+05:30,27.15,28.9,26.45,26.45,356
2026-09-25T10:13:00+05:30,26.2,26.95,25.8,26.2,139
2026-09-25T10:14:00+05:30,26.1,26.65,25.5,26.05,99
2026-09-25T10:15:00+05:30,25.95,26.55,25.4,25.95,94
2026-09-25T10:16:00+05:30,25.75,25.75,24.6,25.5,144
2026-09-25T10:17:00+05:30,25.35,25.85,25.3,25.4,73
2026-09-25T10:18:00+05:30,25.7,27.55,25.55,27.55,87
2026-09-25T10:19:00+05:30,27.35,28.6,27.0,27.9,43
2026-09-25T10:20:00+05:30,28.45,28.6,27.05,27.4,177
2026-09-25T10:21:00+05:30,27.1,27.1,26.2,26.75,64
2026-09-25T10:22:00+05:30,26.85,27.75,26.65,27.65,22
2026-09-25T10:23:00+05:30,27.9,28.8,27.85,28.65,79
2026-09-25T10:24:00+05:30,28.7,31.2,28.5,31.0,177
2026-09-25T10:25:00+05:30,30.95,30.95,28.6,28.6,45
2026-09-25T10:26:00+05:30,28.8,29.75,28.8,29.05,21
2026-09-25T10:27:00+05:30,30.1,30.65,30.1,30.4,142
2026-09-25T10:28:00+05:30,30.75,32.95,30.5,31.65,199
2026-09-25T10:29:00+05:30,31.65,32.3,30.65,30.65,97
2026-09-25T10:30:00+05:30,30.75,30.75,29.35,29.4,121
2026-09-25T10:31:00+05:30,29.65,30.05,27.95,30.05,54
2026-09-25T10:32:00+05:30,30.8,31.95,30.65,31.65,57
2026-09-25T10:33:00+05:30,31.4,31.7,30.55,31.4,92
2026-09-25T10:34:00+05:30,31.4,34.0,30.5,33.85,159
2026-09-25T10:35:00+05:30,34.15,35.2,33.05,33.6,76
2026-09-25T10:36:00+05:30,33.65,33.95,32.6,32.65,60
2026-09-25T10:37:00+05:30,32.2,32.2,31.35,31.6,64
2026-09-25T10:38:00+05:30,30.85,31.65,30.2,30.3,60
2026-09-25T10:39:00+05:30,30.0,30.4,29.3,29.75,60
2026-09-25T10:40:00+05:30,30.65,30.65,29.1,29.9,27
2026-09-25T10:41:00+05:30,29.3,31.4,29.3,30.85,30
2026-09-25T10:42:00+05:30,30.5,30.5,29.15,30.2,15
2026-09-25T10:43:00+05:30,30.7,31.9,30.7,31.4,57
2026-09-25T10:44:00+05:30,31.55,32.05,31.05,31.8,29
2026-09-25T10:45:00+05:30,31.7,32.35,31.05,32.35,81
2026-09-25T10:46:00+05:30,32.0,32.55,31.4,31.7,40
2026-09-25T10:47:00+05:30,31.65,33.55,31.4,33.55,135
2026-09-25T10:48:00+05:30,33.75,34.1,32.9,33.15,184
2026-09-25T10:49:00+05:30,32.9,33.5,31.9,32.75,29
2026-09-25T10:50:00+05:30,32.35,32.4,31.5,32.1,45
2026-09-25T10:51:00+05:30,31.5,31.9,30.25,30.3,88
2026-09-25T10:52:00+05:30,30.15,30.95,29.8,30.95,46
2026-09-25T10:53:00+05:30,31.2,31.4,30.9,31.3,60
2026-09-25T10:54:00+05:30,30.95,30.95,29.5,30.0,164
2026-09-25T10:55:00+05:30,29.5,29.55,28.2,28.5,66
2026-09-25T10:56:00+05:30,28.5,28.9,27.45,27.55,150
2026-09-25T10:57:00+05:30,27.8,28.85,27.8,28.75,28
2026-09-25T10:58:00+05:30,29.05,29.05,28.1,28.95,79
2026-09-25T10:59:00+05:30,29.1,29.1,27.95,28.0,12
2026-09-25T11:00:00+05:30,27.85,28.2,26.25,26.65,221
2026-09-25T11:01:00+05:30,26.75,26.8,25.7,26.7,46
2026-09-25T11:02:00+05:30,26.05,26.3,23.65,25.1,253
2026-09-25T11:03:00+05:30,25.15,25.15,23.5,24.7,280
2026-09-25T11:04:00+05:30,25.0,25.25,24.3,25.05,63
2026-09-25T11:05:00+05:30,24.8,25.0,23.9,24.4,97
2026-09-25T11:06:00+05:30,24.55,25.15,24.25,24.6,29
2026-09-25T11:07:00+05:30,24.7,24.75,23.55,23.9,916
2026-09-25T11:08:00+05:30,23.9,25.15,23.7,25.15,100
2026-09-25T11:09:00+05:30,24.8,24.8,24.2,24.25,23
2026-09-25T11:10:00+05:30,24.05,24.65,24.05,24.35,37
2026-09-25T11:11:00+05:30,23.85,24.1,23.3,23.55,74
2026-09-25T11:12:00+05:30,23.6,24.1,23.4,24.05,46
2026-09-25T11:13:00+05:30,23.95,26.05,23.9,25.65,177
2026-09-25T11:14:00+05:30,25.7,25.7,24.5,24.75,114
2026-09-25T11:15:00+05:30,24.75,25.25,24.45,24.6,47
2026-09-25T11:16:00+05:30,24.6,24.95,24.25,24.6,54
2026-09-25T11:17:00+05:30,24.55,24.55,23.6,24.1,34
2026-09-25T11:18:00+05:30,24.35,25.3,24.35,24.6,73
2026-09-25T11:19:00+05:30,24.75,25.0,24.45,24.45,5
2026-09-25T11:20:00+05:30,25.0,25.2,24.45,24.45,76
2026-09-25T11:21:00+05:30,24.05,24.05,23.35,23.8,38
2026-09-25T11:22:00+05:30,24.05,24.05,23.6,23.6,4
2026-09-25T11:23:00+05:30,24.15,24.95,24.0,24.95,36
2026-09-25T11:24:00+05:30,24.9,26.55,24.8,26.55,83
2026-09-25T11:25:00+05:30,26.4,27.3,26.4,26.8,49
2026-09-25T11:26:00+05:30,26.55,27.4,26.05,27.35,34
2026-09-25T11:27:00+05:30,27.0,27.05,26.25,26.65,38
2026-09-25T11:28:00+05:30,26.2,26.85,26.15,26.65,19
2026-09-25T11:29:00+05:30,26.55,26.55,25.6,25.7,32
2026-09-25T11:30:00+05:30,25.6,26.0,25.05,25.55,21
2026-09-25T11:31:00+05:30,25.5,25.65,23.6,24.55,82
2026-09-25T11:32:00+05:30,24.4,24.6,24.05,24.45,44
2026-09-25T11:33:00+05:30,24.1,25.05,24.0,25.05,22
2026-09-25T11:34:00+05:30,25.15,25.3,24.75,24.75,37
2026-09-25T11:35:00+05:30,24.85,24.85,24.55,24.55,2
2026-09-25T11:36:00+05:30,25.2,25.8,24.9,25.8,24
2026-09-25T11:37:00+05:30,25.45,25.85,25.4,25.65,24
2026-09-25T11:38:00+05:30,25.9,25.9,25.4,25.4,26
2026-09-25T11:39:00+05:30,25.35,25.35,23.95,23.95,23
2026-09-25T11:40:00+05:30,24.1,25.55,23.9,25.55,53
2026-09-25T11:41:00+05:30,25.55,26.05,25.55,25.75,15
2026-09-25T11:42:00+05:30,25.75,26.3,24.9,25.0,76
2026-09-25T11:43:00+05:30,25.0,25.35,24.8,25.35,21
2026-09-25T11:44:00+05:30,25.55,25.9,24.9,25.05,84
2026-09-25T11:45:00+05:30,25.3,25.45,25.05,25.05,34
2026-09-25T11:46:00+05:30,25.25,25.25,24.15,24.45,18
2026-09-25T11:47:00+05:30,24.4,24.4,24.0,24.15,20
2026-09-25T11:48:00+05:30,24.25,24.65,24.25,24.4,4
2026-09-25T11:49:00+05:30,24.7,24.7,24.1,24.35,12
2026-09-25T11:50:00+05:30,24.15,24.15,23.3,23.85,101
2026-09-25T11:51:00+05:30,23.75,24.1,23.5,24.1,22
2026-09-25T11:52:00+05:30,23.4,24.0,23.1,23.5,31
2026-09-25T11:53:00+05:30,23.3,23.4,22.9,23.35,229
2026-09-25T11:54:00+05:30,23.8,23.8,23.4,23.45,11
2026-09-25T11:55:00+05:30,23.05,23.75,23.05,23.65,20
2026-09-25T11:56:00+05:30,23.4,24.15,23.25,24.05,45
2026-09-25T11:57:00+05:30,24.0,24.0,23.75,23.75,30
2026-09-25T11:58:00+05:30,23.9,24.1,23.55,23.55,13
2026-09-25T11:59:00+05:30,23.3,24.3,23.15,24.3,31
2026-09-25T12:00:00+05:30,24.15,24.2,23.85,23.85,20
2026-09-25T12:01:00+05:30,24.05,25.0,23.8,24.8,216
2026-09-25T12:02:00+05:30,24.85,24.85,24.0,24.85,29
2026-09-25T12:03:00+05:30,24.8,26.05,24.8,25.7,308
2026-09-25T12:04:00+05:30,25.6,26.15,24.95,25.05,120
2026-09-25T12:05:00+05:30,25.15,25.65,24.8,25.0,107
2026-09-25T12:06:00+05:30,25.15,25.6,25.0,25.55,30
2026-09-25T12:07:00+05:30,25.55,25.6,25.05,25.6,10
2026-09-25T12:08:00+05:30,25.7,25.7,24.9,24.9,13
2026-09-25T12:09:00+05:30,24.15,24.15,23.65,24.0,46
2026-09-25T12:10:00+05:30,24.05,24.5,23.7,23.7,32
2026-09-25T12:11:00+05:30,23.4,23.65,22.95,23.45,221
2026-09-25T12:12:00+05:30,23.0,23.55,23.0,23.55,11
2026-09-25T12:13:00+05:30,23.85,24.4,23.85,23.95,193
2026-09-25T12:14:00+05:30,23.9,24.5,23.85,24.15,17
2026-09-25T12:15:00+05:30,23.8,24.15,23.7,24.0,36
2026-09-25T12:16:00+05:30,23.8,23.9,23.3,23.55,118
2026-09-25T12:17:00+05:30,23.55,24.25,23.55,24.25,110
2026-09-25T12:18:00+05:30,24.3,24.3,23.75,23.75,29
2026-09-25T12:19:00+05:30,23.8,23.85,23.65,23.65,9
2026-09-25T12:20:00+05:30,24.4,24.7,24.4,24.7,195
2026-09-25T12:21:00+05:30,24.55,24.95,24.55,24.95,8
2026-09-25T12:22:00+05:30,24.95,25.45,24.9,25.45,167
2026-09-25T12:23:00+05:30,25.65,25.7,25.1,25.1,5
2026-09-25T12:24:00+05:30,24.95,25.7,24.85,25.55,35
2026-09-25T12:26:00+05:30,25.55,25.55,24.95,25.0,5
2026-09-25T12:27:00+05:30,24.55,24.75,24.55,24.75,2
2026-09-25T12:28:00+05:30,24.55,24.65,23.6,23.6,123
2026-09-25T12:29:00+05:30,23.9,24.2,23.75,23.75,102
2026-09-25T12:30:00+05:30,23.2,23.2,22.0,22.5,54
2026-09-25T12:31:00+05:30,22.55,22.6,22.35,22.35,6
2026-09-25T12:32:00+05:30,22.2,22.7,22.05,22.6,26
2026-09-25T12:33:00+05:30,22.65,23.15,22.65,23.15,13
2026-09-25T12:34:00+05:30,23.25,23.25,22.85,22.85,8
2026-09-25T12:35:00+05:30,23.7,24.25,23.7,24.1,30
2026-09-25T12:36:00+05:30,24.5,24.9,24.45,24.9,17
2026-09-25T12:37:00+05:30,24.75,25.05,24.1,25.05,10
2026-09-25T12:38:00+05:30,24.9,25.1,23.7,24.1,559
2026-09-25T12:39:00+05:30,23.95,24.4,23.6,23.6,47
2026-09-25T12:40:00+05:30,23.75,24.05,23.7,23.7,19
2026-09-25T12:41:00+05:30,24.0,24.1,23.25,23.45,24
2026-09-25T12:42:00+05:30,23.9,24.7,23.9,24.35,23
2026-09-25T12:43:00+05:30,24.25,24.9,24.1,24.1,12
2026-09-25T12:44:00+05:30,23.95,24.75,23.95,24.75,15
2026-09-25T12:45:00+05:30,24.95,25.85,24.65,25.6,71
2026-09-25T12:46:00+05:30,25.2,25.4,24.6,24.9,92
2026-09-25T12:47:00+05:30,25.0,25.0,24.4,24.4,16
2026-09-25T12:48:00+05:30,24.45,25.0,24.3,24.95,37
2026-09-25T12:49:00+05:30,25.35,26.45,24.6,26.45,14
2026-09-25T12:50:00+05:30,25.4,27.45,25.4,27.0,89
2026-09-25T12:51:00+05:30,27.45,28.8,26.2,27.1,142
2026-09-25T12:52:00+05:30,27.7,28.2,26.55,26.95,45
2026-09-25T12:53:00+05:30,26.95,28.1,26.8,27.3,49
2026-09-25T12:54:00+05:30,27.0,28.1,26.9,27.95,44
2026-09-25T12:55:00+05:30,28.15,28.75,27.8,28.6,56
2026-09-25T12:56:00+05:30,28.5,33.3,27.85,32.95,166
2026-09-25T12:57:00+05:30,32.8,34.2,30.4,30.9,281
2026-09-25T12:58:00+05:30,31.1,31.25,29.4,29.5,246
2026-09-25T12:59:00+05:30,29.4,29.45,28.5,28.5,30
2026-09-25T13:00:00+05:30,28.3,28.3,26.9,27.6,54
2026-09-25T13:01:00+05:30,27.8,27.9,26.55,26.65,127
2026-09-25T13:02:00+05:30,27.45,29.75,27.45,29.4,119
2026-09-25T13:03:00+05:30,29.1,29.5,28.2,29.2,186
2026-09-25T13:04:00+05:30,29.1,29.65,28.75,29.5,101
2026-09-25T13:05:00+05:30,29.85,30.05,28.3,28.85,142
2026-09-25T13:06:00+05:30,28.7,28.85,28.0,28.75,30
2026-09-25T13:07:00+05:30,28.45,28.55,27.4,28.55,20
2026-09-25T13:08:00+05:30,28.9,28.9,27.75,27.8,60
2026-09-25T13:09:00+05:30,27.2,27.2,26.35,26.75,129
2026-09-25T13:10:00+05:30,26.5,26.9,26.0,26.0,79
2026-09-25T13:11:00+05:30,25.5,25.85,24.85,25.7,70
2026-09-25T13:12:00+05:30,25.4,26.1,25.2,25.65,18
2026-09-25T13:13:00+05:30,26.15,26.55,25.65,25.9,36
2026-09-25T13:14:00+05:30,25.9,27.35,25.9,27.35,21
2026-09-25T13:15:00+05:30,26.35,26.75,26.2,26.6,59
2026-09-25T13:16:00+05:30,27.15,27.3,26.4,26.4,17
2026-09-25T13:17:00+05:30,26.1,27.25,25.75,26.8,53
2026-09-25T13:18:00+05:30,26.95,27.1,26.65,26.75,75
2026-09-25T13:19:00+05:30,26.65,27.05,26.0,27.05,27
2026-09-25T13:20:00+05:30,26.45,26.8,26.3,26.8,16
2026-09-25T13:21:00+05:30,26.65,26.65,25.85,25.85,11
2026-09-25T13:22:00+05:30,25.6,27.0,25.4,27.0,115
2026-09-25T13:23:00+05:30,27.25,27.45,26.0,26.5,49
2026-09-25T13:24:00+05:30,26.9,27.65,26.9,26.9,7
2026-09-25T13:25:00+05:30,27.0,27.75,26.95,27.1,39
2026-09-25T13:26:00+05:30,26.65,26.85,25.6,25.9,118
2026-09-25T13:27:00+05:30,26.1,26.25,26.1,26.25,6
2026-09-25T13:28:00+05:30,26.45,26.55,26.25,26.5,16
2026-09-25T13:29:00+05:30,26.3,26.45,26.15,26.45,18
2026-09-25T13:30:00+05:30,26.35,26.9,26.1,26.8,10
2026-09-25T13:31:00+05:30,25.85,25.85,25.75,25.75,11
2026-09-25T13:33:00+05:30,26.85,28.3,26.85,28.3,39
2026-09-25T13:34:00+05:30,28.45,29.1,28.2,28.4,26
2026-09-25T13:35:00+05:30,29.15,30.25,28.75,29.1,125
2026-09-25T13:36:00+05:30,29.4,29.65,28.65,28.9,190
2026-09-25T13:37:00+05:30,28.75,30.5,28.4,28.4,47
2026-09-25T13:38:00+05:30,28.6,29.05,28.6,28.9,17
2026-09-25T13:39:00+05:30,29.05,30.1,28.6,30.1,14
2026-09-25T13:40:00+05:30,29.45,29.45,28.8,28.8,6
2026-09-25T13:41:00+05:30,28.1,28.45,27.7,28.15,15
2026-09-25T13:42:00+05:30,27.85,27.85,26.6,26.6,40
2026-09-25T13:43:00+05:30,26.4,27.7,25.95,27.7,162
2026-09-25T13:44:00+05:30,27.2,27.35,27.2,27.35,2
2026-09-25T13:45:00+05:30,26.85,26.95,26.15,26.55,29
2026-09-25T13:46:00+05:30,26.15,26.3,24.6,24.8,103
2026-09-25T13:47:00+05:30,24.15,26.1,24.15,25.35,45
2026-09-25T13:48:00+05:30,25.4,25.85,25.4,25.65,22
2026-09-25T13:49:00+05:30,25.6,26.05,25.4,26.05,38
2026-09-25T13:50:00+05:30,26.2,26.65,26.15,26.6,17
2026-09-25T13:51:00+05:30,26.85,26.85,26.35,26.55,226
2026-09-25T13:52:00+05:30,26.6,26.6,25.95,25.95,4
2026-09-25T13:53:00+05:30,25.7,26.35,25.65,26.35,13
2026-09-25T13:54:00+05:30,26.3,26.3,25.55,25.7,19
2026-09-25T13:55:00+05:30,25.15,25.15,24.05,24.05,21
2026-09-25T13:56:00+05:30,24.55,24.85,21.9,22.7,175
2026-09-25T13:57:00+05:30,22.55,23.15,22.35,23.15,33
2026-09-25T13:58:00+05:30,23.25,23.9,22.35,22.9,590
2026-09-25T13:59:00+05:30,22.85,23.0,21.85,21.85,12
2026-09-25T14:00:00+05:30,21.3,21.3,18.5,19.55,613
2026-09-25T14:01:00+05:30,19.8,21.0,19.3,19.3,130
2026-09-25T14:02:00+05:30,19.8,19.95,18.85,19.55,199
2026-09-25T14:03:00+05:30,19.5,19.5,17.2,17.3,214
2026-09-25T14:04:00+05:30,17.65,19.2,17.45,18.65,393
2026-09-25T14:05:00+05:30,18.55,19.5,17.75,19.2,334
2026-09-25T14:06:00+05:30,19.2,19.4,18.65,19.25,136
2026-09-25T14:07:00+05:30,19.7,19.7,18.6,18.6,146
2026-09-25T14:08:00+05:30,18.45,19.65,18.4,18.9,195
2026-09-25T14:09:00+05:30,19.2,21.0,19.1,20.2,219
2026-09-25T14:10:00+05:30,20.4,20.6,19.65,20.25,260
2026-09-25T14:11:00+05:30,20.25,20.3,19.0,19.55,66
2026-09-25T14:12:00+05:30,19.5,19.8,18.9,19.8,80
2026-09-25T14:13:00+05:30,19.8,19.8,19.1,19.6,37
2026-09-25T14:14:00+05:30,19.8,20.4,19.65,19.75,149
2026-09-25T14:15:00+05:30,19.4,19.5,18.05,18.3,310
2026-09-25T14:16:00+05:30,18.3,18.5,17.55,17.55,341
2026-09-25T14:17:00+05:30,17.6,17.7,16.85,17.3,268
2026-09-25T14:18:00+05:30,17.15,17.15,16.55,16.95,125
2026-09-25T14:19:00+05:30,17.0,17.15,16.95,17.0,51
2026-09-25T14:20:00+05:30,17.05,17.75,16.9,17.55,351
2026-09-25T14:21:00+05:30,17.25,17.45,16.45,16.95,282
2026-09-25T14:22:00+05:30,16.85,17.05,16.65,16.65,17
2026-09-25T14:23:00+05:30,16.95,17.2,16.65,16.7,64
2026-09-25T14:24:00+05:30,16.55,16.7,15.85,16.15,193
2026-09-25T14:25:00+05:30,16.0,16.25,14.9,15.9,201
2026-09-25T14:26:00+05:30,15.7,16.75,15.25,16.35,457
2026-09-25T14:27:00+05:30,16.4,16.55,15.55,16.0,146
2026-09-25T14:28:00+05:30,15.7,15.7,14.7,15.2,535
2026-09-25T14:29:00+05:30,15.2,15.5,15.0,15.4,408
2026-09-25T14:30:00+05:30,15.4,15.45,14.4,14.55,196
2026-09-25T14:31:00+05:30,14.7,15.05,14.4,14.65,135
2026-09-25T14:32:00+05:30,14.4,14.55,14.35,14.55,27
2026-09-25T14:33:00+05:30,14.5,14.6,14.0,14.4,56
2026-09-25T14:34:00+05:30,14.6,14.8,14.3,14.45,115
2026-09-25T14:35:00+05:30,14.55,15.0,14.45,14.95,208
2026-09-25T14:36:00+05:30,14.95,15.2,14.75,15.1,169
2026-09-25T14:37:00+05:30,15.1,15.15,14.65,14.7,72
2026-09-25T14:38:00+05:30,14.7,14.85,14.45,14.55,115
2026-09-25T14:39:00+05:30,14.3,14.45,14.2,14.35,39
2026-09-25T14:40:00+05:30,14.45,14.75,14.45,14.7,46
2026-09-25T14:41:00+05:30,14.55,14.95,14.55,14.9,12
2026-09-25T14:42:00+05:30,15.1,15.3,15.0,15.3,263
2026-09-25T14:43:00+05:30,15.25,15.7,15.05,15.55,130
2026-09-25T14:44:00+05:30,15.7,15.75,15.2,15.55,129
2026-09-25T14:45:00+05:30,15.6,15.85,15.25,15.8,83
2026-09-25T14:46:00+05:30,15.75,16.65,15.7,16.25,221
2026-09-25T14:47:00+05:30,16.45,16.95,16.35,16.9,92
2026-09-25T14:48:00+05:30,16.95,17.15,16.3,16.3,66
2026-09-25T14:49:00+05:30,16.25,16.4,15.7,16.2,118
2026-09-25T14:50:00+05:30,16.2,17.2,15.8,16.75,192
2026-09-25T14:51:00+05:30,16.8,17.2,16.6,16.65,73
2026-09-25T14:52:00+05:30,16.55,16.55,16.05,16.25,40
2026-09-25T14:53:00+05:30,16.2,16.25,15.7,16.0,60
2026-09-25T14:54:00+05:30,15.8,16.2,15.45,15.6,83
2026-09-25T14:55:00+05:30,15.3,17.0,15.2,17.0,82
2026-09-25T14:56:00+05:30,16.95,17.1,16.65,16.8,38
2026-09-25T14:57:00+05:30,17.1,17.6,16.75,17.0,71
2026-09-25T14:58:00+05:30,17.05,17.7,16.9,17.45,114
2026-09-25T14:59:00+05:30,17.35,17.35,16.7,16.8,44
2026-09-25T15:00:00+05:30,17.05,17.5,16.85,17.05,229
2026-09-25T15:01:00+05:30,17.0,18.0,16.95,18.0,64
2026-09-25T15:02:00+05:30,18.0,18.55,17.75,18.0,58
2026-09-25T15:03:00+05:30,18.2,18.2,17.75,18.15,65
2026-09-25T15:04:00+05:30,18.0,18.3,17.7,17.7,38
2026-09-25T15:05:00+05:30,18.0,18.4,18.0,18.35,19
2026-09-25T15:06:00+05:30,18.3,18.3,17.7,17.75,128
2026-09-25T15:07:00+05:30,17.3,18.9,17.15,18.9,56
2026-09-25T15:08:00+05:30,18.95,21.45,18.7,21.4,177
2026-09-25T15:09:00+05:30,21.7,21.7,19.65,20.35,324
2026-09-25T15:10:00+05:30,20.1,20.75,19.0,19.55,657
2026-09-25T15:11:00+05:30,19.55,19.95,18.8,19.1,284
2026-09-25T15:12:00+05:30,19.05,19.1,18.0,18.05,201
2026-09-25T15:13:00+05:30,18.0,18.25,17.1,17.1,110
2026-09-25T15:14:00+05:30,17.5,17.5,16.45,16.65,315
2026-09-25T15:15:00+05:30,16.45,17.15,16.35,16.8,233
2026-09-25T15:16:00+05:30,16.8,17.4,16.8,17.05,34
2026-09-25T15:17:00+05:30,17.4,17.5,17.25,17.25,268
2026-09-25T15:18:00+05:30,17.0,17.0,16.05,16.05,221
2026-09-25T15:19:00+05:30,16.35,16.95,16.35,16.9,23
2026-09-25T15:20:00+05:30,16.95,16.95,16.45,16.55,55
2026-09-25T15:21:00+05:30,16.9,16.9,16.2,16.45,66
2026-09-25T15:22:00+05:30,16.3,16.9,16.3,16.8,54
2026-09-25T15:23:00+05:30,16.85,17.2,16.6,16.8,87
2026-09-25T15:24:00+05:30,16.7,17.35,16.1,17.15,210
2026-09-25T15:25:00+05:30,17.1,17.3,16.65,16.85,63
2026-09-25T15:26:00+05:30,17.0,17.1,16.7,17.05,205
2026-09-25T15:27:00+05:30,17.05,17.3,16.6,16.95,87
2026-09-25T15:28:00+05:30,16.95,17.15,16.95,16.95,90
2026-09-25T15:29:00+05:30,16.9,17.15,16.1,16.45,155
2026-09-25T15:30:00+05:30,16.45,16.45,15.65,16.25,274
2026-09-25T15:31:00+05:30,16.2,16.25,15.6,15.85,264
2026-09-25T15:32:00+05:30,15.85,16.15,15.75,16.05,47
2026-09-25T15:33:00+05:30,16.3,16.7,15.9,15.9,54
2026-09-25T15:34:00+05:30,15.9,16.05,15.7,16.0,75
2026-09-25T15:35:00+05:30,16.05,16.2,15.3,15.45,166
2026-09-25T15:36:00+05:30,15.4,17.05,15.05,16.45,278
2026-09-25T15:37:00+05:30,16.6,16.8,14.0,14.85,503
2026-09-25T15:38:00+05:30,15.0,15.6,14.9,15.35,81
2026-09-25T15:39:00+05:30,15.45,16.5,14.0,14.0,201
2026-09-28T09:15:00+05:30,17.55,29.2,17.5,27.05,1001
2026-09-28T09:16:00+05:30,28.35,37.35,28.0,29.2,2185
2026-09-28T09:17:00+05:30,29.15,33.25,28.8,30.25,1470
2026-09-28T09:18:00+05:30,30.5,34.5,28.7,33.0,982
2026-09-28T09:19:00+05:30,32.85,46.6,30.55,45.25,1743
2026-09-28T09:20:00+05:30,45.25,53.2,43.0,51.0,2023
2026-09-28T09:21:00+05:30,50.05,51.6,46.15,49.35,1246
2026-09-28T09:22:00+05:30,49.95,57.6,48.75,55.6,1249
2026-09-28T09:23:00+05:30,55.7,55.7,46.55,49.2,1776
2026-09-28T09:24:00+05:30,49.05,50.6,42.45,45.65,1033
2026-09-28T09:25:00+05:30,46.0,55.4,45.1,53.2,1214
2026-09-28T09:26:00+05:30,54.15,54.4,51.7,53.55,874
2026-09-28T09:27:00+05:30,53.7,53.7,46.4,51.2,922
2026-09-28T09:28:00+05:30,51.0,53.55,49.0,49.0,326
2026-09-28T09:29:00+05:30,49.15,50.95,48.2,48.8,423
2026-09-28T09:30:00+05:30,48.5,53.65,48.5,49.45,599
2026-09-28T09:31:00+05:30,49.25,53.0,48.95,51.95,713
2026-09-28T09:32:00+05:30,51.6,55.35,51.4,54.45,561
2026-09-28T09:33:00+05:30,54.6,65.45,54.55,59.15,1205
2026-09-28T09:34:00+05:30,59.1,64.2,59.1,59.3,990
2026-09-28T09:35:00+05:30,59.65,83.35,59.05,77.05,2589
2026-09-28T09:36:00+05:30,76.7,85.05,74.3,80.6,1355
2026-09-28T09:37:00+05:30,81.45,85.0,75.4,76.75,1592
2026-09-28T09:38:00+05:30,77.0,94.85,77.0,86.2,1963
2026-09-28T09:39:00+05:30,85.95,89.0,82.1,85.6,1454
2026-09-28T09:40:00+05:30,84.8,88.45,80.0,80.0,660
2026-09-28T09:41:00+05:30,80.1,83.0,72.85,76.1,1883
2026-09-28T09:42:00+05:30,76.35,85.0,76.2,83.05,1787
2026-09-28T09:43:00+05:30,83.1,90.0,82.9,87.35,1253
2026-09-28T09:44:00+05:30,86.8,90.05,84.95,85.7,780
2026-09-28T09:45:00+05:30,86.05,87.5,83.1,85.25,493
2026-09-28T09:46:00+05:30,84.85,85.1,79.8,79.95,897
2026-09-28T09:47:00+05:30,80.25,82.7,78.0,81.0,614
2026-09-28T09:48:00+05:30,81.45,82.9,76.25,81.35,540
2026-09-28T09:49:00+05:30,81.15,84.0,78.7,78.75,682
2026-09-28T09:50:00+05:30,78.9,80.9,75.6,78.8,838
2026-09-28T09:51:00+05:30,78.15,85.2,77.6,84.95,538
2026-09-28T09:52:00+05:30,84.7,86.0,82.6,83.3,485
2026-09-28T09:53:00+05:30,82.8,84.0,78.55,80.3,548
2026-09-28T09:54:00+05:30,80.2,85.6,79.85,84.6,515
2026-09-28T09:55:00+05:30,84.8,85.05,80.7,84.6,527
2026-09-28T09:56:00+05:30,84.25,85.9,79.45,79.85,603
2026-09-28T09:57:00+05:30,80.3,80.75,75.7,76.95,984
2026-09-28T09:58:00+05:30,76.3,77.25,70.75,73.6,1127
2026-09-28T09:59:00+05:30,74.05,75.8,72.05,74.25,409
2026-09-28T10:00:00+05:30,75.0,83.45,74.4,81.75,766
2026-09-28T10:01:00+05:30,83.55,85.2,81.0,81.9,786
2026-09-28T10:02:00+05:30,81.85,84.4,78.25,80.3,516
2026-09-28T10:03:00+05:30,79.95,84.6,77.5,84.6,336
2026-09-28T10:04:00+05:30,84.45,91.6,84.35,88.0,881
2026-09-28T10:05:00+05:30,86.5,104.0,85.55,101.0,2209
2026-09-28T10:06:00+05:30,100.55,104.85,95.4,102.15,1847
2026-09-28T10:07:00+05:30,102.25,109.35,96.5,100.15,1619
2026-09-28T10:08:00+05:30,100.2,103.85,96.95,103.75,902
2026-09-28T10:09:00+05:30,103.6,108.7,103.0,107.7,1366
2026-09-28T10:10:00+05:30,108.0,108.6,99.0,100.6,1224
2026-09-28T10:11:00+05:30,99.8,101.35,95.5,97.6,824
2026-09-28T10:12:00+05:30,97.3,101.85,96.6,99.8,933
2026-09-28T10:13:00+05:30,100.25,100.55,91.75,91.75,1019
2026-09-28T10:14:00+05:30,92.1,98.2,89.55,97.95,989
2026-09-28T10:15:00+05:30,97.95,101.2,96.15,99.35,772
2026-09-28T10:16:00+05:30,99.3,101.15,97.2,99.3,648
2026-09-28T10:17:00+05:30,99.4,113.15,98.35,111.7,1478
2026-09-28T10:18:00+05:30,111.45,114.95,100.05,102.65,1426
2026-09-28T10:19:00+05:30,102.25,102.75,96.05,96.85,899
2026-09-28T10:20:00+05:30,96.85,98.8,86.5,91.35,1589
2026-09-28T10:21:00+05:30,91.05,98.0,90.25,97.2,1131
2026-09-28T10:22:00+05:30,96.3,98.6,93.55,96.85,668
2026-09-28T10:23:00+05:30,96.9,100.05,94.15,96.95,694
2026-09-28T10:24:00+05:30,97.3,104.0,97.05,99.25,914
2026-09-28T10:25:00+05:30,98.7,103.45,98.25,103.0,529
2026-09-28T10:26:00+05:30,102.6,104.6,99.0,102.55,700
2026-09-28T10:27:00+05:30,102.8,104.2,100.4,101.6,953
2026-09-28T10:28:00+05:30,101.8,102.8,93.4,95.0,877
2026-09-28T10:29:00+05:30,94.9,101.45,94.2,98.45,1022
2026-09-28T10:30:00+05:30,97.15,97.3,90.6,93.1,740
2026-09-28T10:31:00+05:30,93.25,96.0,92.3,94.5,933
2026-09-28T10:32:00+05:30,95.6,98.0,93.1,94.4,1003
2026-09-28T10:33:00+05:30,94.1,99.9,93.0,99.6,411
2026-09-28T10:34:00+05:30,99.25,100.8,96.55,98.45,888
2026-09-28T10:35:00+05:30,97.75,99.75,96.25,97.95,586
2026-09-28T10:36:00+05:30,97.65,97.65,90.65,95.6,1149
2026-09-28T10:37:00+05:30,96.05,100.0,95.15,98.5,685
2026-09-28T10:38:00+05:30,98.4,100.4,96.8,100.25,424
2026-09-28T10:39:00+05:30,98.9,104.0,96.1,102.55,1033
2026-09-28T10:40:00+05:30,102.55,103.4,98.5,103.0,513
2026-09-28T10:41:00+05:30,103.15,115.0,100.95,107.2,1349
2026-09-28T10:42:00+05:30,106.95,111.4,106.5,110.05,1115
2026-09-28T10:43:00+05:30,110.65,112.65,106.55,109.4,864
2026-09-28T10:44:00+05:30,109.1,110.65,107.0,109.65,569
2026-09-28T10:45:00+05:30,109.7,111.4,105.6,108.1,454
2026-09-28T10:46:00+05:30,107.15,107.45,101.55,105.85,592
2026-09-28T10:47:00+05:30,105.05,107.75,102.6,105.0,553
2026-09-28T10:48:00+05:30,104.95,111.3,104.95,109.2,654
2026-09-28T10:49:00+05:30,109.6,121.6,109.35,113.15,1932
2026-09-28T10:50:00+05:30,112.95,118.5,111.45,115.8,789
2026-09-28T10:51:00+05:30,115.4,117.3,112.25,113.05,713
2026-09-28T10:52:00+05:30,113.1,120.0,113.0,115.45,547
2026-09-28T10:53:00+05:30,114.5,116.0,110.15,111.3,663
2026-09-28T10:54:00+05:30,110.65,110.75,102.2,106.0,1328
2026-09-28T10:55:00+05:30,105.0,105.7,95.0,97.35,1523
2026-09-28T10:56:00+05:30,96.6,100.25,93.85,100.2,1271
2026-09-28T10:57:00+05:30,100.75,102.45,96.8,101.5,583
2026-09-28T10:58:00+05:30,101.05,102.0,97.05,99.2,327
2026-09-28T10:59:00+05:30,100.0,103.45,97.25,102.4,517
2026-09-28T11:00:00+05:30,102.6,110.65,102.15,105.25,1366
2026-09-28T11:01:00+05:30,104.75,109.15,103.15,104.6,696
2026-09-28T11:02:00+05:30,105.0,106.5,100.55,101.8,576
2026-09-28T11:03:00+05:30,101.95,106.55,101.65,106.55,168
2026-09-28T11:04:00+05:30,105.7,110.75,104.55,109.95,512
2026-09-28T11:05:00+05:30,109.2,111.2,106.25,108.45,550
2026-09-28T11:06:00+05:30,109.0,109.65,104.15,107.15,569
2026-09-28T11:07:00+05:30,107.0,110.0,104.6,109.7,501
2026-09-28T11:08:00+05:30,110.75,115.0,110.75,112.85,1207
2026-09-28T11:09:00+05:30,113.45,114.7,111.1,112.8,552
2026-09-28T11:10:00+05:30,113.25,116.9,110.85,116.7,700
2026-09-28T11:11:00+05:30,116.45,117.05,111.55,116.75,1132
2026-09-28T11:12:00+05:30,118.0,119.85,112.4,117.15,837
2026-09-28T11:13:00+05:30,116.45,117.9,113.55,114.85,866
2026-09-28T11:14:00+05:30,113.95,115.1,111.0,112.4,426
2026-09-28T11:15:00+05:30,112.1,112.6,103.5,110.25,1372
2026-09-28T11:16:00+05:30,110.5,117.7,109.35,115.55,733
2026-09-28T11:17:00+05:30,115.4,117.0,112.1,114.3,936
2026-09-28T11:18:00+05:30,114.65,115.35,106.4,106.8,600
2026-09-28T11:19:00+05:30,107.25,108.25,102.65,104.25,898
2026-09-28T11:20:00+05:30,104.15,109.9,101.7,108.45,694
2026-09-28T11:21:00+05:30,108.4,110.05,101.45,109.05,1266
2026-09-28T11:22:00+05:30,108.85,109.4,106.75,108.0,391
2026-09-28T11:23:00+05:30,108.35,109.45,103.15,107.9,859
2026-09-28T11:24:00+05:30,107.6,112.95,107.1,109.95,630
2026-09-28T11:25:00+05:30,110.0,111.95,107.45,109.75,528
2026-09-28T11:26:00+05:30,109.95,110.2,104.95,107.35,712
2026-09-28T11:27:00+05:30,107.7,108.35,100.8,103.05,623
2026-09-28T11:28:00+05:30,103.4,103.8,99.8,103.3,1023
2026-09-28T11:29:00+05:30,102.85,104.75,100.2,102.35,535
2026-09-28T11:30:00+05:30,101.9,102.1,95.0,98.7,1346
2026-09-28T11:31:00+05:30,98.5,98.5,93.9,95.55,1003
2026-09-28T11:32:00+05:30,95.05,102.0,92.0,101.45,611
2026-09-28T11:33:00+05:30,101.15,111.2,100.35,108.8,1838
2026-09-28T11:34:00+05:30,108.25,110.75,106.75,109.1,736
2026-09-28T11:35:00+05:30,109.25,112.35,106.2,106.2,661
2026-09-28T11:36:00+05:30,106.15,107.5,100.7,101.35,890
2026-09-28T11:37:00+05:30,101.35,101.55,95.7,96.5,702
2026-09-28T11:38:00+05:30,96.35,99.8,95.95,99.45,415
2026-09-28T11:39:00+05:30,98.9,99.15,95.95,97.2,404
2026-09-28T11:40:00+05:30,97.0,98.0,92.85,94.45,884
2026-09-28T11:41:00+05:30,94.9,96.45,87.4,89.2,1769
2026-09-28T11:42:00+05:30,90.25,91.25,87.75,91.25,699
2026-09-28T11:43:00+05:30,91.05,92.9,88.8,92.1,715
2026-09-28T11:44:00+05:30,92.45,93.5,90.55,92.65,468
2026-09-28T11:45:00+05:30,92.4,92.4,87.75,91.3,717
2026-09-28T11:46:00+05:30,91.1,91.95,88.5,91.55,383
2026-09-28T11:47:00+05:30,90.9,96.0,90.35,96.0,579
2026-09-28T11:48:00+05:30,96.65,99.3,93.65,93.95,1117
2026-09-28T11:49:00+05:30,94.5,99.0,94.5,97.9,675
2026-09-28T11:50:00+05:30,97.25,99.75,96.0,99.25,560
2026-09-28T11:51:00+05:30,99.35,103.0,97.5,101.7,880
2026-09-28T11:52:00+05:30,101.75,103.15,98.4,99.05,899
2026-09-28T11:53:00+05:30,98.75,101.0,95.65,98.25,685
2026-09-28T11:54:00+05:30,97.8,102.0,97.75,101.15,406
2026-09-28T11:55:00+05:30,101.15,104.85,100.5,104.1,435
2026-09-28T11:56:00+05:30,104.45,109.05,103.0,103.5,1663
2026-09-28T11:57:00+05:30,103.0,104.85,101.55,104.85,558
2026-09-28T11:58:00+05:30,104.6,106.45,102.3,102.3,495
2026-09-28T11:59:00+05:30,102.0,103.75,94.3,99.4,1280
2026-09-28T12:00:00+05:30,100.65,100.8,96.45,97.7,726
2026-09-28T12:01:00+05:30,97.45,99.3,92.9,97.5,664
2026-09-28T12:02:00+05:30,97.95,99.6,94.4,95.95,332
2026-09-28T12:03:00+05:30,95.95,100.8,95.25,98.3,563
2026-09-28T12:04:00+05:30,97.65,101.0,95.3,100.5,625
2026-09-28T12:05:00+05:30,100.2,100.65,95.95,96.55,406
2026-09-28T12:06:00+05:30,96.1,96.1,91.55,95.3,990
2026-09-28T12:07:00+05:30,95.7,97.2,93.85,96.8,386
2026-09-28T12:08:00+05:30,97.0,98.45,94.65,95.35,406
2026-09-28T12:09:00+05:30,95.15,96.75,94.85,95.7,239
2026-09-28T12:10:00+05:30,95.3,96.2,91.95,92.35,409
2026-09-28T12:11:00+05:30,91.95,94.8,89.0,94.5,855
2026-09-28T12:12:00+05:30,95.0,95.9,92.75,95.55,563
2026-09-28T12:13:00+05:30,95.15,95.85,94.0,94.05,169
2026-09-28T12:14:00+05:30,94.4,96.3,91.4,96.3,499
2026-09-28T12:15:00+05:30,96.2,100.0,96.2,99.7,780
2026-09-28T12:16:00+05:30,99.8,100.05,94.2,96.15,546
2026-09-28T12:17:00+05:30,96.2,97.5,95.95,96.8,168
2026-09-28T12:18:00+05:30,96.55,97.7,93.1,94.3,388
2026-09-28T12:19:00+05:30,94.45,95.6,92.15,92.75,484
2026-09-28T12:20:00+05:30,92.45,96.15,91.35,95.25,490
2026-09-28T12:21:00+05:30,95.05,96.0,93.7,94.45,224
2026-09-28T12:22:00+05:30,94.9,98.85,93.75,96.65,317
2026-09-28T12:23:00+05:30,96.95,97.25,92.0,92.0,330
2026-09-28T12:24:00+05:30,91.7,95.45,90.3,91.65,873
2026-09-28T12:25:00+05:30,91.35,91.35,85.45,87.0,1107
2026-09-28T12:26:00+05:30,86.65,87.75,81.15,87.0,1026
2026-09-28T12:27:00+05:30,86.65,88.55,85.9,87.45,629
2026-09-28T12:28:00+05:30,87.65,88.05,83.75,85.65,518
2026-09-28T12:29:00+05:30,86.0,86.45,78.55,78.65,1380
2026-09-28T12:30:00+05:30,78.7,85.3,78.0,83.55,1204
2026-09-28T12:31:00+05:30,83.7,86.6,82.95,84.55,724
2026-09-28T12:32:00+05:30,84.65,86.05,82.35,84.2,392
2026-09-28T12:33:00+05:30,85.2,92.95,84.75,91.0,1230
2026-09-28T12:34:00+05:30,90.95,97.0,90.9,94.35,1372
2026-09-28T12:35:00+05:30,94.7,96.95,92.2,94.0,584
2026-09-28T12:36:00+05:30,94.05,96.0,92.85,94.55,323
2026-09-28T12:37:00+05:30,94.0,95.6,91.55,95.0,413
2026-09-28T12:38:00+05:30,94.8,95.4,92.75,93.95,419
2026-09-28T12:39:00+05:30,93.4,95.0,91.95,94.15,296
2026-09-28T12:40:00+05:30,93.85,95.5,89.25,95.2,658
2026-09-28T12:41:00+05:30,95.35,95.75,93.15,94.0,339
2026-09-28T12:42:00+05:30,92.9,94.2,86.95,90.35,752
2026-09-28T12:43:00+05:30,90.6,91.15,87.75,89.7,409
2026-09-28T12:44:00+05:30,89.85,94.95,89.85,94.75,491
2026-09-28T12:45:00+05:30,94.6,97.15,92.6,93.4,847
2026-09-28T12:46:00+05:30,94.55,94.55,89.6,92.05,676
2026-09-28T12:47:00+05:30,91.95,93.7,90.5,92.3,405
2026-09-28T12:48:00+05:30,92.05,95.95,90.75,93.25,629
2026-09-28T12:49:00+05:30,92.95,93.85,90.9,91.65,330
2026-09-28T12:50:00+05:30,92.45,93.0,89.85,91.25,276
2026-09-28T12:51:00+05:30,91.4,97.45,91.4,94.1,454
2026-09-28T12:52:00+05:30,94.25,99.2,91.2,98.95,645
2026-09-28T12:53:00+05:30,98.65,103.8,94.4,94.75,1645
2026-09-28T12:54:00+05:30,94.65,96.1,91.5,94.45,825
2026-09-28T12:55:00+05:30,94.55,97.15,92.6,94.85,486
2026-09-28T12:56:00+05:30,94.4,99.0,94.0,97.65,459
2026-09-28T12:57:00+05:30,98.1,101.5,96.8,100.7,772
2026-09-28T12:58:00+05:30,100.7,100.7,94.8,95.0,762
2026-09-28T12:59:00+05:30,94.55,97.65,94.25,96.95,435
2026-09-28T13:00:00+05:30,97.0,98.0,93.5,95.8,334
2026-09-28T13:01:00+05:30,95.4,96.0,90.95,92.85,924
2026-09-28T13:02:00+05:30,92.65,95.6,91.8,95.45,783
2026-09-28T13:03:00+05:30,95.1,96.1,93.0,95.25,547
2026-09-28T13:04:00+05:30,95.5,99.5,94.9,98.45,668
2026-09-28T13:05:00+05:30,99.0,99.3,94.65,95.6,746
2026-09-28T13:06:00+05:30,95.6,98.05,93.25,97.55,589
2026-09-28T13:07:00+05:30,97.65,104.0,95.1,99.15,1154
2026-09-28T13:08:00+05:30,99.3,102.75,99.05,100.25,1113
2026-09-28T13:09:00+05:30,99.8,100.65,94.9,95.3,780
2026-09-28T13:10:00+05:30,95.05,95.55,87.2,89.25,1385
2026-09-28T13:11:00+05:30,88.85,91.6,84.0,91.35,1484
2026-09-28T13:12:00+05:30,91.25,93.95,89.85,93.45,425
2026-09-28T13:13:00+05:30,92.9,92.9,89.35,90.8,472
2026-09-28T13:14:00+05:30,91.4,94.4,89.9,93.85,546
2026-09-28T13:15:00+05:30,93.35,95.5,91.0,93.7,459
2026-09-28T13:16:00+05:30,92.2,93.45,91.0,91.9,373
2026-09-28T13:17:00+05:30,92.25,92.3,89.25,90.3,522
2026-09-28T13:18:00+05:30,90.0,93.65,89.4,93.3,392
2026-09-28T13:19:00+05:30,93.25,94.1,90.25,90.75,301
2026-09-28T13:20:00+05:30,90.3,93.95,89.45,93.0,498
2026-09-28T13:21:00+05:30,92.65,93.3,90.65,91.4,299
2026-09-28T13:22:00+05:30,91.05,91.65,84.65,87.55,1097
2026-09-28T13:23:00+05:30,87.45,89.25,84.05,85.6,847
2026-09-28T13:24:00+05:30,84.9,88.35,83.6,85.55,899
2026-09-28T13:25:00+05:30,85.95,87.6,82.1,82.8,562
2026-09-28T13:26:00+05:30,82.1,82.9,77.3,80.25,1469
2026-09-28T13:27:00+05:30,79.95,82.2,76.8,82.2,1159
2026-09-28T13:28:00+05:30,82.1,82.8,79.25,81.95,501
2026-09-28T13:29:00+05:30,82.05,83.45,79.05,79.95,453
2026-09-28T13:30:00+05:30,79.4,85.6,79.2,83.55,527
2026-09-28T13:31:00+05:30,83.05,86.9,82.2,86.85,583
2026-09-28T13:32:00+05:30,86.95,87.75,83.55,85.5,499
2026-09-28T13:33:00+05:30,86.15,90.0,83.2,89.0,457
2026-09-28T13:34:00+05:30,89.0,94.65,87.3,93.1,1536
2026-09-28T13:35:00+05:30,93.25,94.4,89.25,94.25,750
2026-09-28T13:36:00+05:30,94.6,94.85,91.05,94.3,661
2026-09-28T13:37:00+05:30,93.8,98.0,92.2,96.2,632
2026-09-28T13:38:00+05:30,95.8,97.6,93.8,97.1,595
2026-09-28T13:39:00+05:30,96.7,96.7,88.0,88.2,1013
2026-09-28T13:40:00+05:30,88.25,91.9,86.2,86.9,752
2026-09-28T13:41:00+05:30,86.65,87.4,84.0,85.0,960
2026-09-28T13:42:00+05:30,85.1,88.7,85.1,87.65,596
2026-09-28T13:43:00+05:30,88.25,94.35,88.1,92.4,789
2026-09-28T13:44:00+05:30,92.65,93.7,86.85,88.15,553
2026-09-28T13:45:00+05:30,88.3,90.05,86.25,90.0,283
2026-09-28T13:46:00+05:30,89.6,89.75,86.85,88.2,322
2026-09-28T13:47:00+05:30,87.9,90.3,85.65,90.3,414
2026-09-28T13:48:00+05:30,89.5,93.0,89.1,92.1,674
2026-09-28T13:49:00+05:30,91.9,99.4,89.55,91.05,1447
2026-09-28T13:50:00+05:30,90.8,92.0,89.6,91.05,469
2026-09-28T13:51:00+05:30,90.65,93.15,90.25,91.25,235
2026-09-28T13:52:00+05:30,91.05,91.3,86.8,87.75,583
2026-09-28T13:53:00+05:30,88.4,93.0,87.0,91.45,462
2026-09-28T13:54:00+05:30,91.7,94.75,91.45,92.4,706
2026-09-28T13:55:00+05:30,93.0,94.0,90.15,90.9,517
2026-09-28T13:56:00+05:30,90.65,91.4,84.65,89.0,1037
2026-09-28T13:57:00+05:30,88.6,91.6,87.75,91.15,604
2026-09-28T13:58:00+05:30,91.85,92.1,87.95,88.6,340
2026-09-28T13:59:00+05:30,87.55,88.7,86.15,87.45,249
2026-09-28T14:00:00+05:30,87.0,88.8,86.0,87.9,290
2026-09-28T14:01:00+05:30,87.65,91.55,87.3,90.35,564
2026-09-28T14:02:00+05:30,90.55,93.35,90.5,92.05,445
2026-09-28T14:03:00+05:30,91.6,91.85,90.0,91.0,188
2026-09-28T14:04:00+05:30,90.7,91.3,88.0,89.45,270
2026-09-28T14:05:00+05:30,89.0,91.0,87.25,89.4,429
2026-09-28T14:06:00+05:30,89.45,94.35,88.75,93.4,515
2026-09-28T14:07:00+05:30,93.75,94.8,90.75,92.6,666
2026-09-28T14:08:00+05:30,92.7,92.8,89.95,91.7,421
2026-09-28T14:09:00+05:30,90.55,97.5,90.55,94.05,719
2026-09-28T14:10:00+05:30,93.15,93.2,88.0,89.35,661
2026-09-28T14:11:00+05:30,89.35,90.4,87.7,88.1,419
2026-09-28T14:12:00+05:30,88.65,88.85,85.1,88.05,688
2026-09-28T14:13:00+05:30,88.2,93.75,87.35,92.15,643
2026-09-28T14:14:00+05:30,92.35,92.95,89.8,90.25,583
2026-09-28T14:15:00+05:30,90.45,101.85,88.35,98.8,1656
2026-09-28T14:16:00+05:30,98.95,102.6,94.5,99.5,1810
2026-09-28T14:17:00+05:30,100.0,107.55,98.2,107.0,1211
2026-09-28T14:18:00+05:30,107.6,127.0,104.1,118.5,5588
2026-09-28T14:19:00+05:30,118.6,122.05,114.0,120.25,2211
2026-09-28T14:20:00+05:30,119.85,120.35,107.85,111.75,2184
2026-09-28T14:21:00+05:30,111.65,112.9,105.35,109.7,1455
2026-09-28T14:22:00+05:30,109.85,115.1,108.25,112.35,1018
2026-09-28T14:23:00+05:30,113.0,119.4,109.9,111.45,1522
2026-09-28T14:24:00+05:30,111.6,114.45,108.75,112.75,832
2026-09-28T14:25:00+05:30,112.85,112.9,106.0,107.55,1048
2026-09-28T14:26:00+05:30,106.7,110.35,103.3,107.0,1028
2026-09-28T14:27:00+05:30,107.65,108.3,102.9,103.15,713
2026-09-28T14:28:00+05:30,102.9,110.2,101.4,109.4,1036
2026-09-28T14:29:00+05:30,108.3,110.75,105.9,110.05,905
2026-09-28T14:30:00+05:30,110.15,110.15,97.55,97.7,2046
2026-09-28T14:31:00+05:30,97.9,105.65,97.75,105.65,1016
2026-09-28T14:32:00+05:30,106.1,109.7,103.05,108.6,946
2026-09-28T14:33:00+05:30,108.6,109.55,105.6,107.85,660
2026-09-28T14:34:00+05:30,107.85,112.85,107.45,110.4,942
2026-09-28T14:35:00+05:30,110.4,112.3,105.5,110.2,821
2026-09-28T14:36:00+05:30,110.55,112.15,104.35,110.4,1349
2026-09-28T14:37:00+05:30,110.85,116.25,109.0,114.95,1418
2026-09-28T14:38:00+05:30,115.0,132.0,114.85,126.55,4219
2026-09-28T14:39:00+05:30,127.4,130.9,120.85,125.45,1984
2026-09-28T14:40:00+05:30,125.3,127.05,120.0,124.7,2071
2026-09-28T14:41:00+05:30,124.25,124.5,115.25,122.2,1813
2026-09-28T14:42:00+05:30,121.35,126.1,118.7,124.7,913
2026-09-28T14:43:00+05:30,125.05,125.55,121.0,121.55,703
2026-09-28T14:44:00+05:30,120.8,123.9,117.2,120.7,979
2026-09-28T14:45:00+05:30,120.0,120.9,114.45,119.7,1159
2026-09-28T14:46:00+05:30,119.8,120.45,105.25,110.35,1625
2026-09-28T14:47:00+05:30,109.8,112.4,107.15,110.6,952
2026-09-28T14:48:00+05:30,110.0,111.55,105.0,109.5,1392
2026-09-28T14:49:00+05:30,108.35,109.1,98.75,103.8,1972
2026-09-28T14:50:00+05:30,103.8,107.0,99.3,103.25,729
2026-09-28T14:51:00+05:30,103.1,107.6,102.2,106.85,726
2026-09-28T14:52:00+05:30,106.75,108.25,101.8,102.35,752
2026-09-28T14:53:00+05:30,102.1,105.0,99.0,104.3,576
2026-09-28T14:54:00+05:30,104.4,105.7,102.3,104.55,399
2026-09-28T14:55:00+05:30,104.15,108.7,103.2,106.5,792
2026-09-28T14:56:00+05:30,106.55,108.35,104.35,108.35,495
2026-09-28T14:57:00+05:30,108.5,109.25,104.5,108.35,601
2026-09-28T14:58:00+05:30,107.8,113.55,106.25,113.45,886
2026-09-28T14:59:00+05:30,113.45,113.55,105.15,107.85,1106
2026-09-28T15:00:00+05:30,108.8,110.0,105.0,108.75,919
2026-09-28T15:01:00+05:30,108.8,109.0,102.55,105.85,2363
2026-09-28T15:02:00+05:30,106.35,111.5,105.2,105.7,740
2026-09-28T15:03:00+05:30,105.85,107.7,97.0,98.8,2374
2026-09-28T15:04:00+05:30,98.2,105.0,96.45,103.85,1508
2026-09-28T15:05:00+05:30,104.2,108.05,103.5,105.8,971
2026-09-28T15:06:00+05:30,105.7,106.7,103.45,104.25,506
2026-09-28T15:07:00+05:30,103.8,107.5,101.25,105.35,638
2026-09-28T15:08:00+05:30,104.9,106.5,101.35,105.2,395
2026-09-28T15:09:00+05:30,105.15,106.0,102.55,103.8,431
2026-09-28T15:10:00+05:30,102.85,106.0,101.95,106.0,520
2026-09-28T15:11:00+05:30,105.9,110.05,105.9,107.05,549
2026-09-28T15:12:00+05:30,106.45,108.8,103.95,106.9,528
2026-09-28T15:13:00+05:30,107.55,108.75,104.7,107.5,646
2026-09-28T15:14:00+05:30,107.5,108.5,104.0,104.0,557
2026-09-28T15:15:00+05:30,104.5,105.65,100.65,100.8,1311
2026-09-28T15:16:00+05:30,100.75,112.3,100.05,112.0,1122
2026-09-28T15:17:00+05:30,111.45,111.9,104.85,108.55,503
2026-09-28T15:18:00+05:30,109.1,110.3,105.35,106.95,454
2026-09-28T15:19:00+05:30,107.0,112.0,107.0,110.0,393
2026-09-28T15:20:00+05:30,109.0,111.5,100.3,109.25,2578
2026-09-28T15:21:00+05:30,109.75,110.85,104.95,106.55,838
2026-09-28T15:22:00+05:30,106.65,110.0,103.45,109.8,1070
2026-09-28T15:23:00+05:30,109.85,109.85,105.5,108.15,722
2026-09-28T15:24:00+05:30,108.0,108.9,104.3,106.2,561
2026-09-28T15:25:00+05:30,105.95,105.95,101.75,102.45,727
2026-09-28T15:26:00+05:30,102.5,104.4,101.85,103.95,691
2026-09-28T15:27:00+05:30,104.0,107.45,103.8,105.3,662
2026-09-28T15:28:00+05:30,105.35,105.5,103.35,103.85,270
2026-09-28T15:29:00+05:30,104.1,108.4,101.8,102.05,816
2026-09-28T15:30:00+05:30,102.1,107.0,101.0,105.65,936
