timestamp,open,high,low,close,volume
2026-09-21T09:15:00+05:30,49.75,55.0,40.05,45.9,592
2026-09-21T09:16:00+05:30,46.45,49.85,42.35,42.35,437
2026-09-21T09:17:00+05:30,42.2,42.35,38.8,39.35,354
2026-09-21T09:18:00+05:30,39.1,40.8,37.55,38.9,345
2026-09-21T09:19:00+05:30,39.15,41.1,38.9,40.95,372
2026-09-21T09:20:00+05:30,40.6,41.4,39.15,41.05,228
2026-09-21T09:21:00+05:30,40.35,41.7,40.05,41.25,265
2026-09-21T09:22:00+05:30,41.75,41.75,38.95,39.0,367
2026-09-21T09:23:00+05:30,39.0,39.2,37.05,37.15,294
2026-09-21T09:24:00+05:30,37.05,38.25,37.0,37.1,169
2026-09-21T09:25:00+05:30,37.1,38.0,36.35,36.6,530
2026-09-21T09:26:00+05:30,36.55,37.35,36.35,36.75,66
2026-09-21T09:27:00+05:30,36.7,37.65,36.25,37.65,206
2026-09-21T09:28:00+05:30,37.75,37.95,36.75,37.2,265
2026-09-21T09:29:00+05:30,37.1,37.1,35.9,36.1,201
2026-09-21T09:30:00+05:30,36.1,36.6,35.5,36.25,368
2026-09-21T09:31:00+05:30,36.2,36.4,35.5,35.85,201
2026-09-21T09:32:00+05:30,35.8,35.8,35.1,35.45,312
2026-09-21T09:33:00+05:30,35.4,35.6,35.0,35.4,209
2026-09-21T09:34:00+05:30,35.4,36.05,35.15,35.2,83
2026-09-21T09:35:00+05:30,34.85,35.0,34.0,34.05,47
2026-09-21T09:36:00+05:30,33.9,35.5,33.9,35.5,70
2026-09-21T09:37:00+05:30,34.9,36.6,34.8,36.25,52
2026-09-21T09:38:00+05:30,36.5,37.0,35.45,36.55,445
2026-09-21T09:39:00+05:30,36.65,36.65,34.85,36.3,413
2026-09-21T09:40:00+05:30,36.1,36.15,35.6,35.75,68
2026-09-21T09:41:00+05:30,35.8,35.8,34.5,34.7,182
2026-09-21T09:42:00+05:30,34.7,34.9,33.95,34.6,202
2026-09-21T09:43:00+05:30,34.3,34.4,33.45,34.4,302
2026-09-21T09:44:00+05:30,34.2,34.3,33.2,33.5,274
2026-09-21T09:45:00+05:30,33.95,34.1,33.4,33.7,59
2026-09-21T09:46:00+05:30,33.6,34.05,33.4,33.45,119
2026-09-21T09:47:00+05:30,33.6,34.65,33.5,34.65,39
2026-09-21T09:48:00+05:30,34.65,34.8,33.8,34.3,135
2026-09-21T09:49:00+05:30,34.15,34.15,33.55,34.0,73
2026-09-21T09:50:00+05:30,33.8,33.95,33.1,33.5,169
2026-09-21T09:51:00+05:30,33.75,33.75,32.95,33.25,153
2026-09-21T09:52:00+05:30,33.75,34.2,33.6,34.05,109
2026-09-21T09:53:00+05:30,34.05,35.55,34.05,35.25,469
2026-09-21T09:54:00+05:30,34.95,35.4,34.7,35.2,97
2026-09-21T09:55:00+05:30,35.5,36.2,35.45,36.2,41
2026-09-21T09:56:00+05:30,36.15,36.4,35.8,35.95,154
2026-09-21T09:57:00+05:30,36.1,36.1,35.2,35.65,91
2026-09-21T09:58:00+05:30,35.65,36.35,35.65,36.35,7
2026-09-21T09:59:00+05:30,36.55,36.8,36.3,36.3,16
2026-09-21T10:00:00+05:30,36.25,37.1,36.2,36.9,18
2026-09-21T10:01:00+05:30,37.25,37.6,36.85,37.6,52
2026-09-21T10:02:00+05:30,37.4,37.95,36.9,37.8,61
2026-09-21T10:03:00+05:30,37.85,38.0,37.2,37.9,251
2026-09-21T10:04:00+05:30,37.95,38.3,37.9,38.3,102
2026-09-21T10:05:00+05:30,38.0,38.6,37.4,38.6,106
2026-09-21T10:06:00+05:30,38.7,39.5,38.7,38.9,63
2026-09-21T10:07:00+05:30,38.65,38.95,38.0,38.35,50
2026-09-21T10:08:00+05:30,38.45,38.45,37.85,37.85,22
2026-09-21T10:09:00+05:30,37.6,37.6,37.0,37.0,52
2026-09-21T10:10:00+05:30,36.95,36.95,36.2,36.2,38
2026-09-21T10:11:00+05:30,36.25,36.9,36.25,36.9,30
2026-09-21T10:12:00+05:30,37.1,37.4,36.6,36.85,11
2026-09-21T10:13:00+05:30,37.0,37.85,37.0,37.7,200
2026-09-21T10:14:00+05:30,37.65,39.4,37.0,38.5,594
2026-09-21T10:15:00+05:30,38.7,39.25,38.1,38.55,114
2026-09-21T10:16:00+05:30,38.4,38.55,36.9,36.95,90
2026-09-21T10:17:00+05:30,36.8,38.15,36.8,38.15,36
2026-09-21T10:18:00+05:30,38.15,38.15,36.9,37.2,105
2026-09-21T10:19:00+05:30,37.6,38.45,37.6,38.1,26
2026-09-21T10:20:00+05:30,37.6,37.9,37.1,37.8,21
2026-09-21T10:21:00+05:30,38.15,39.5,36.75,36.95,99
2026-09-21T10:22:00+05:30,37.0,37.6,37.0,37.6,3
2026-09-21T10:23:00+05:30,37.2,37.2,36.9,37.0,59
2026-09-21T10:24:00+05:30,36.7,37.9,36.5,37.7,80
2026-09-21T10:25:00+05:30,37.7,37.9,37.2,37.4,26
2026-09-21T10:26:00+05:30,37.25,37.4,36.7,37.35,72
2026-09-21T10:27:00+05:30,37.55,38.2,37.55,37.8,13
2026-09-21T10:28:00+05:30,37.75,37.75,37.75,37.75,1
2026-09-21T10:29:00+05:30,37.75,37.75,37.1,37.3,17
2026-09-21T10:30:00+05:30,37.35,37.4,37.25,37.25,18
2026-09-21T10:31:00+05:30,37.4,37.65,37.35,37.5,9
2026-09-21T10:32:00+05:30,37.6,37.9,37.3,37.5,16
2026-09-21T10:33:00+05:30,37.2,37.5,37.2,37.5,8
2026-09-21T10:34:00+05:30,37.7,38.15,37.65,38.0,6
2026-09-21T10:35:00+05:30,38.2,38.3,37.6,38.0,13
2026-09-21T10:36:00+05:30,37.25,37.3,36.95,37.1,26
2026-09-21T10:37:00+05:30,37.2,37.6,36.9,37.45,6
2026-09-21T10:38:00+05:30,37.75,37.75,37.15,37.45,5
2026-09-21T10:39:00+05:30,37.55,37.9,37.55,37.9,5
2026-09-21T10:40:00+05:30,37.45,37.65,37.45,37.65,11
2026-09-21T10:41:00+05:30,37.1,37.1,36.9,36.95,28
2026-09-21T10:42:00+05:30,36.9,37.25,36.5,37.1,174
2026-09-21T10:43:00+05:30,36.9,36.9,36.25,36.25,111
2026-09-21T10:44:00+05:30,36.25,36.25,35.8,36.05,50
2026-09-21T10:45:00+05:30,35.75,35.75,35.0,35.05,144
2026-09-21T10:46:00+05:30,35.0,35.2,33.9,34.2,71
2026-09-21T10:47:00+05:30,34.15,34.8,33.45,34.8,14
2026-09-21T10:48:00+05:30,34.7,34.7,34.45,34.45,7
2026-09-21T10:49:00+05:30,34.45,34.45,33.85,34.3,59
2026-09-21T10:50:00+05:30,34.15,34.2,34.0,34.2,12
2026-09-21T10:51:00+05:30,34.0,34.4,34.0,34.4,26
2026-09-21T10:52:00+05:30,34.25,34.8,34.15,34.7,210
2026-09-21T10:53:00+05:30,34.3,34.35,34.0,34.05,105
2026-09-21T10:54:00+05:30,34.05,34.4,34.0,34.05,144
2026-09-21T10:55:00+05:30,34.05,34.7,34.0,34.45,38
2026-09-21T10:56:00+05:30,34.2,34.25,34.0,34.0,64
2026-09-21T10:57:00+05:30,34.0,34.1,33.65,34.1,106
2026-09-21T10:58:00+05:30,34.0,34.55,33.9,34.55,62
2026-09-21T10:59:00+05:30,34.1,34.1,33.4,33.4,34
2026-09-21T11:00:00+05:30,33.1,33.85,33.1,33.85,63
2026-09-21T11:01:00+05:30,33.7,33.8,33.25,33.7,36
2026-09-21T11:02:00+05:30,33.3,33.8,33.15,33.55,47
2026-09-21T11:03:00+05:30,33.65,33.65,33.0,33.0,242
2026-09-21T11:04:00+05:30,33.0,33.15,32.75,32.75,274
2026-09-21T11:05:00+05:30,32.95,33.15,32.75,33.1,42
2026-09-21T11:06:00+05:30,32.9,32.9,32.0,32.45,93
2026-09-21T11:07:00+05:30,32.2,32.6,31.7,31.95,25
2026-09-21T11:08:00+05:30,31.6,32.55,31.55,32.45,358
2026-09-21T11:09:00+05:30,32.3,32.4,31.75,32.2,58
2026-09-21T11:10:00+05:30,32.15,32.75,32.0,32.55,188
2026-09-21T11:11:00+05:30,32.75,32.75,32.25,32.3,11
2026-09-21T11:12:00+05:30,32.15,32.35,32.15,32.25,10
2026-09-21T11:13:00+05:30,32.1,32.3,32.0,32.0,7
2026-09-21T11:14:00+05:30,32.45,32.45,32.15,32.15,4
2026-09-21T11:15:00+05:30,32.2,32.4,32.05,32.4,13
2026-09-21T11:16:00+05:30,32.35,32.7,32.35,32.7,5
2026-09-21T11:17:00+05:30,32.7,33.1,32.7,32.8,18
2026-09-21T11:18:00+05:30,32.9,33.7,32.9,33.7,15
2026-09-21T11:19:00+05:30,33.25,33.6,33.25,33.55,14
2026-09-21T11:20:00+05:30,33.25,34.6,33.25,34.6,103
2026-09-21T11:21:00+05:30,34.4,34.6,34.1,34.3,23
2026-09-21T11:22:00+05:30,33.8,34.2,33.75,33.75,28
2026-09-21T11:23:00+05:30,33.8,33.8,33.0,33.4,41
2026-09-21T11:24:00+05:30,33.45,33.65,33.05,33.2,34
2026-09-21T11:25:00+05:30,33.35,33.5,33.0,33.25,95
2026-09-21T11:26:00+05:30,33.05,33.1,32.75,33.0,45
2026-09-21T11:27:00+05:30,32.95,33.0,32.35,32.4,35
2026-09-21T11:28:00+05:30,32.3,32.35,32.1,32.1,24
2026-09-21T11:29:00+05:30,32.15,32.35,31.95,32.2,54
2026-09-21T11:30:00+05:30,32.35,32.35,31.75,32.3,101
2026-09-21T11:31:00+05:30,32.15,32.7,32.15,32.5,38
2026-09-21T11:32:00+05:30,32.75,32.75,32.35,32.65,28
2026-09-21T11:33:00+05:30,32.6,32.7,32.3,32.3,7
2026-09-21T11:34:00+05:30,32.75,32.75,32.6,32.6,7
2026-09-21T11:35:00+05:30,32.9,33.9,32.85,33.8,64
2026-09-21T11:36:00+05:30,33.75,33.75,33.15,33.15,7
2026-09-21T11:37:00+05:30,33.45,33.5,33.45,33.5,2
2026-09-21T11:38:00+05:30,33.7,33.75,33.2,33.45,60
2026-09-21T11:39:00+05:30,33.45,33.45,33.45,33.45,3
2026-09-21T11:40:00+05:30,33.45,33.55,33.4,33.55,3
2026-09-21T11:41:00+05:30,33.1,33.1,33.05,33.05,3
2026-09-21T11:42:00+05:30,33.05,33.35,32.75,33.35,8
2026-09-21T11:43:00+05:30,33.05,33.05,33.05,33.05,2
2026-09-21T11:44:00+05:30,33.55,33.9,33.55,33.65,36
2026-09-21T11:45:00+05:30,33.75,33.75,33.65,33.65,2
2026-09-21T11:46:00+05:30,33.75,34.25,33.4,34.1,48
2026-09-21T11:47:00+05:30,34.05,34.25,33.7,34.15,27
2026-09-21T11:48:00+05:30,33.9,34.25,33.9,34.1,22
2026-09-21T11:49:00+05:30,34.1,34.35,34.0,34.0,6
2026-09-21T11:50:00+05:30,33.95,34.1,33.6,33.6,15
2026-09-21T11:51:00+05:30,33.65,33.85,33.65,33.85,2
2026-09-21T11:52:00+05:30,33.55,33.65,33.2,33.35,28
2026-09-21T11:53:00+05:30,33.2,33.55,33.2,33.55,15
2026-09-21T11:54:00+05:30,33.1,33.1,32.5,32.8,30
2026-09-21T11:55:00+05:30,33.15,33.2,32.55,33.05,30
2026-09-21T11:56:00+05:30,32.5,32.5,32.3,32.35,5
2026-09-21T11:57:00+05:30,32.35,32.35,31.7,31.75,46
2026-09-21T11:58:00+05:30,31.6,31.8,31.5,31.7,21
2026-09-21T11:59:00+05:30,31.8,32.0,31.6,32.0,26
2026-09-21T12:00:00+05:30,31.65,31.9,31.6,31.9,13
2026-09-21T12:01:00+05:30,31.85,31.85,31.6,31.6,20
2026-09-21T12:02:00+05:30,31.7,32.3,31.7,32.1,13
2026-09-21T12:03:00+05:30,32.0,32.0,31.9,32.0,5
2026-09-21T12:04:00+05:30,32.0,32.0,31.9,31.9,32
2026-09-21T12:05:00+05:30,31.9,32.4,31.9,32.4,6
2026-09-21T12:06:00+05:30,32.25,32.35,32.0,32.0,319
2026-09-21T12:07:00+05:30,32.0,32.55,32.0,32.55,326
2026-09-21T12:08:00+05:30,32.7,33.4,32.7,33.35,97
2026-09-21T12:09:00+05:30,33.5,33.75,33.35,33.7,352
2026-09-21T12:10:00+05:30,33.5,34.05,33.25,33.8,176
2026-09-21T12:11:00+05:30,33.6,33.8,33.25,33.8,56
2026-09-21T12:12:00+05:30,33.65,33.7,33.65,33.7,7
2026-09-21T12:13:00+05:30,33.9,33.9,33.7,33.85,10
2026-09-21T12:14:00+05:30,33.6,33.6,33.2,33.4,34
2026-09-21T12:15:00+05:30,33.35,33.7,33.0,33.35,37
2026-09-21T12:16:00+05:30,33.05,33.3,32.8,33.3,28
2026-09-21T12:17:00+05:30,33.15,33.5,33.15,33.45,15
2026-09-21T12:18:00+05:30,33.45,33.95,33.45,33.95,15
2026-09-21T12:19:00+05:30,34.0,34.25,33.95,34.15,36
2026-09-21T12:20:00+05:30,33.95,34.1,33.95,34.1,11
2026-09-21T12:21:00+05:30,33.8,33.85,33.5,33.85,26
2026-09-21T12:22:00+05:30,33.7,34.1,33.6,34.1,5
2026-09-21T12:23:00+05:30,34.0,34.75,34.0,34.75,19
2026-09-21T12:24:00+05:30,34.55,34.55,34.1,34.1,30
2026-09-21T12:25:00+05:30,34.0,34.1,33.8,33.95,16
2026-09-21T12:26:00+05:30,33.6,33.6,33.1,33.25,25
2026-09-21T12:27:00+05:30,33.2,33.35,32.75,32.8,65
2026-09-21T12:28:00+05:30,32.8,33.1,32.6,32.85,66
2026-09-21T12:29:00+05:30,32.9,33.0,32.55,32.6,14
2026-09-21T12:30:00+05:30,32.6,32.85,31.75,31.75,21
2026-09-21T12:31:00+05:30,31.9,32.0,31.7,31.9,11
2026-09-21T12:32:00+05:30,31.95,32.6,31.95,32.6,7
2026-09-21T12:33:00+05:30,32.45,32.75,32.35,32.75,8
2026-09-21T12:34:00+05:30,32.7,32.75,32.65,32.65,18
2026-09-21T12:35:00+05:30,32.0,32.3,31.7,31.7,30
2026-09-21T12:36:00+05:30,31.65,31.75,31.65,31.65,3
2026-09-21T12:37:00+05:30,31.95,31.95,31.75,31.8,7
2026-09-21T12:38:00+05:30,31.75,31.75,31.75,31.75,1
2026-09-21T12:39:00+05:30,31.8,32.0,31.75,31.8,34
2026-09-21T12:40:00+05:30,31.65,32.0,31.6,31.7,12
2026-09-21T12:41:00+05:30,32.05,32.5,31.9,32.5,117
2026-09-21T12:42:00+05:30,32.25,32.25,31.9,32.15,179
2026-09-21T12:43:00+05:30,31.75,31.75,31.75,31.75,2
2026-09-21T12:44:00+05:30,31.5,31.65,30.85,30.9,46
2026-09-21T12:45:00+05:30,30.9,31.25,30.9,31.25,14
2026-09-21T12:46:00+05:30,30.85,31.2,30.8,30.8,23
2026-09-21T12:47:00+05:30,31.05,31.6,31.05,31.45,6
2026-09-21T12:48:00+05:30,31.45,31.75,31.2,31.2,88
2026-09-21T12:49:00+05:30,31.55,31.8,31.5,31.8,30
2026-09-21T12:50:00+05:30,31.8,32.0,31.6,32.0,9
2026-09-21T12:51:00+05:30,31.95,31.95,31.95,31.95,1
2026-09-21T12:52:00+05:30,31.85,31.85,31.75,31.75,15
2026-09-21T12:53:00+05:30,31.95,31.95,31.95,31.95,2
2026-09-21T12:55:00+05:30,31.35,31.8,31.35,31.8,34
2026-09-21T12:57:00+05:30,31.9,31.9,31.8,31.8,9
2026-09-21T12:58:00+05:30,31.75,31.85,31.75,31.85,5
2026-09-21T12:59:00+05:30,31.8,32.15,31.8,32.15,6
2026-09-21T13:00:00+05:30,31.95,32.05,31.95,32.05,2
2026-09-21T13:01:00+05:30,31.95,32.3,31.95,31.95,8
2026-09-21T13:02:00+05:30,31.8,32.3,31.8,32.3,28
2026-09-21T13:03:00+05:30,32.6,32.7,32.6,32.7,6
2026-09-21T13:04:00+05:30,32.65,33.1,32.5,32.9,178
2026-09-21T13:05:00+05:30,32.9,32.9,32.3,32.3,10
2026-09-21T13:06:00+05:30,32.4,32.4,32.05,32.15,11
2026-09-21T13:07:00+05:30,32.25,32.25,32.05,32.2,3
2026-09-21T13:08:00+05:30,32.05,32.1,32.0,32.05,15
2026-09-21T13:09:00+05:30,32.3,32.45,32.3,32.35,11
2026-09-21T13:10:00+05:30,32.25,32.25,31.95,31.95,3
2026-09-21T13:11:00+05:30,32.15,32.35,32.15,32.3,7
2026-09-21T13:12:00+05:30,32.3,32.4,32.0,32.4,30
2026-09-21T13:13:00+05:30,32.3,32.3,32.0,32.0,2
2026-09-21T13:14:00+05:30,31.7,31.7,31.5,31.5,9
2026-09-21T13:15:00+05:30,31.4,31.4,30.35,30.5,75
2026-09-21T13:16:00+05:30,30.5,31.0,30.2,30.55,373
2026-09-21T13:17:00+05:30,30.5,30.8,30.1,30.15,87
2026-09-21T13:18:00+05:30,30.25,30.3,29.25,29.4,121
2026-09-21T13:19:00+05:30,29.35,29.65,28.95,29.5,314
2026-09-21T13:20:00+05:30,29.6,29.9,28.85,29.9,205
2026-09-21T13:21:00+05:30,29.9,30.45,29.8,29.9,85
2026-09-21T13:22:00+05:30,29.9,30.45,29.85,30.4,113
2026-09-21T13:23:00+05:30,30.45,30.5,30.2,30.5,48
2026-09-21T13:24:00+05:30,30.5,30.95,30.5,30.95,89
2026-09-21T13:25:00+05:30,30.5,30.6,30.25,30.35,115
2026-09-21T13:26:00+05:30,30.5,30.5,29.95,30.0,24
2026-09-21T13:27:00+05:30,29.9,30.3,29.7,30.25,29
2026-09-21T13:28:00+05:30,30.45,30.55,30.2,30.35,34
2026-09-21T13:29:00+05:30,30.5,30.5,30.2,30.2,33
2026-09-21T13:30:00+05:30,29.85,30.3,29.85,30.3,15
2026-09-21T13:31:00+05:30,30.25,30.3,29.95,30.1,42
2026-09-21T13:32:00+05:30,30.0,30.0,29.65,29.65,24
2026-09-21T13:33:00+05:30,29.65,29.65,29.25,29.25,67
2026-09-21T13:34:00+05:30,29.15,29.2,28.75,28.75,34
2026-09-21T13:35:00+05:30,28.65,28.75,28.25,28.55,198
2026-09-21T13:36:00+05:30,28.4,28.65,28.1,28.35,225
2026-09-21T13:37:00+05:30,28.05,28.4,27.9,28.25,72
2026-09-21T13:38:00+05:30,28.2,28.6,27.6,28.3,226
2026-09-21T13:39:00+05:30,28.3,28.5,27.85,28.05,66
2026-09-21T13:40:00+05:30,27.65,27.7,27.25,27.6,161
2026-09-21T13:41:00+05:30,27.5,27.5,26.9,27.4,30
2026-09-21T13:42:00+05:30,27.15,27.75,26.65,27.75,148
2026-09-21T13:43:00+05:30,27.55,28.25,27.55,28.25,12
2026-09-21T13:44:00+05:30,28.3,28.3,28.0,28.0,72
2026-09-21T13:45:00+05:30,28.3,28.6,28.3,28.45,13
2026-09-21T13:46:00+05:30,28.45,28.8,28.4,28.65,24
2026-09-21T13:47:00+05:30,28.5,28.7,28.05,28.4,129
2026-09-21T13:48:00+05:30,28.3,28.7,28.3,28.55,49
2026-09-21T13:49:00+05:30,28.45,28.45,28.15,28.15,7
2026-09-21T13:50:00+05:30,28.05,28.35,28.05,28.35,10
2026-09-21T13:51:00+05:30,28.3,28.55,27.65,28.05,58
2026-09-21T13:52:00+05:30,28.1,28.25,27.65,28.25,123
2026-09-21T13:53:00+05:30,28.05,28.35,27.9,28.35,35
2026-09-21T13:54:00+05:30,28.35,28.6,28.1,28.1,20
2026-09-21T13:55:00+05:30,28.1,28.1,27.75,27.85,80
2026-09-21T13:56:00+05:30,27.9,28.2,27.6,27.6,103
2026-09-21T13:57:00+05:30,27.6,27.65,27.2,27.25,79
2026-09-21T13:58:00+05:30,27.25,27.25,26.75,27.05,102
2026-09-21T13:59:00+05:30,26.9,27.0,26.4,27.0,273
2026-09-21T14:00:00+05:30,26.85,27.0,26.5,26.5,458
2026-09-21T14:01:00+05:30,26.45,26.9,26.05,26.35,210
2026-09-21T14:02:00+05:30,26.25,26.35,26.15,26.15,111
2026-09-21T14:03:00+05:30,26.2,26.35,25.95,26.2,154
2026-09-21T14:04:00+05:30,26.25,26.7,26.15,26.45,363
2026-09-21T14:05:00+05:30,26.4,26.55,26.2,26.2,119
2026-09-21T14:06:00+05:30,26.2,26.2,25.65,25.7,203
2026-09-21T14:07:00+05:30,25.8,26.0,25.6,25.9,33
2026-09-21T14:08:00+05:30,25.9,26.3,25.9,26.25,57
2026-09-21T14:09:00+05:30,26.25,26.6,26.2,26.4,134
2026-09-21T14:10:00+05:30,26.4,26.65,26.35,26.65,26
2026-09-21T14:11:00+05:30,26.7,26.7,26.35,26.35,32
2026-09-21T14:12:00+05:30,26.4,26.6,26.15,26.4,55
2026-09-21T14:13:00+05:30,26.35,26.8,26.35,26.65,43
2026-09-21T14:14:00+05:30,26.55,26.7,26.45,26.7,59
2026-09-21T14:15:00+05:30,26.55,26.55,26.5,26.55,18
2026-09-21T14:16:00+05:30,26.65,26.65,26.4,26.4,43
2026-09-21T14:17:00+05:30,26.3,26.55,26.15,26.4,44
2026-09-21T14:18:00+05:30,26.4,26.4,25.85,25.9,66
2026-09-21T14:19:00+05:30,25.95,26.1,25.85,26.1,72
2026-09-21T14:20:00+05:30,25.85,26.2,25.65,25.95,303
2026-09-21T14:21:00+05:30,25.95,26.15,25.85,26.0,87
2026-09-21T14:22:00+05:30,26.1,26.1,25.8,25.8,24
2026-09-21T14:23:00+05:30,25.6,26.05,25.6,25.85,15
2026-09-21T14:24:00+05:30,25.85,26.0,25.85,25.85,18
2026-09-21T14:25:00+05:30,25.9,26.15,25.85,26.15,13
2026-09-21T14:26:00+05:30,26.1,26.25,25.95,26.25,86
2026-09-21T14:27:00+05:30,26.15,26.15,26.0,26.0,10
2026-09-21T14:28:00+05:30,26.0,26.2,25.95,26.1,15
2026-09-21T14:29:00+05:30,26.25,26.45,26.2,26.4,69
2026-09-21T14:30:00+05:30,26.4,26.8,26.25,26.75,105
2026-09-21T14:31:00+05:30,26.45,26.65,26.3,26.55,44
2026-09-21T14:32:00+05:30,26.45,26.45,26.25,26.45,27
2026-09-21T14:33:00+05:30,26.4,26.5,26.2,26.2,38
2026-09-21T14:34:00+05:30,26.2,26.45,26.2,26.35,29
2026-09-21T14:35:00+05:30,26.5,26.5,26.2,26.3,36
2026-09-21T14:36:00+05:30,26.15,26.2,26.0,26.0,16
2026-09-21T14:37:00+05:30,26.15,26.25,26.0,26.0,9
2026-09-21T14:38:00+05:30,26.0,26.0,25.8,25.8,10
2026-09-21T14:39:00+05:30,25.85,26.05,25.85,26.05,9
2026-09-21T14:40:00+05:30,25.7,25.95,25.6,25.95,67
2026-09-21T14:41:00+05:30,25.6,25.9,25.55,25.6,116
2026-09-21T14:42:00+05:30,25.75,26.0,25.55,25.55,46
2026-09-21T14:43:00+05:30,25.6,25.65,25.35,25.6,168
2026-09-21T14:44:00+05:30,25.65,25.75,25.3,25.5,68
2026-09-21T14:45:00+05:30,25.5,25.55,25.1,25.35,136
2026-09-21T14:46:00+05:30,25.45,25.95,25.45,25.7,129
2026-09-21T14:47:00+05:30,25.75,25.75,25.25,25.5,131
2026-09-21T14:48:00+05:30,25.55,25.6,25.05,25.6,54
2026-09-21T14:49:00+05:30,25.6,25.95,25.6,25.95,40
2026-09-21T14:50:00+05:30,25.85,26.15,25.6,26.15,49
2026-09-21T14:51:00+05:30,26.1,26.75,26.05,26.3,118
2026-09-21T14:52:00+05:30,26.3,26.6,26.3,26.3,146
2026-09-21T14:53:00+05:30,26.3,26.65,26.25,26.6,126
2026-09-21T14:54:00+05:30,26.5,26.55,26.25,26.25,101
2026-09-21T14:55:00+05:30,26.25,26.3,26.0,26.2,58
2026-09-21T14:56:00+05:30,26.15,26.2,25.9,25.9,61
2026-09-21T14:57:00+05:30,25.95,25.95,25.55,25.7,78
2026-09-21T14:58:00+05:30,25.8,25.8,25.4,25.5,84
2026-09-21T14:59:00+05:30,25.6,25.65,25.25,25.45,60
2026-09-21T15:00:00+05:30,25.45,26.25,25.4,26.0,116
2026-09-21T15:01:00+05:30,26.15,26.35,25.95,26.0,52
2026-09-21T15:02:00+05:30,26.0,26.7,25.9,26.7,71
2026-09-21T15:03:00+05:30,26.45,27.0,26.15,26.8,137
2026-09-21T15:04:00+05:30,26.8,26.9,26.7,26.8,37
2026-09-21T15:05:00+05:30,26.8,26.8,26.35,26.6,219
2026-09-21T15:06:00+05:30,26.6,26.85,26.4,26.4,118
2026-09-21T15:07:00+05:30,26.55,26.95,26.55,26.9,13
2026-09-21T15:08:00+05:30,27.1,27.15,26.75,26.85,102
2026-09-21T15:09:00+05:30,26.85,26.95,26.55,26.8,104
2026-09-21T15:10:00+05:30,26.85,27.25,26.85,27.15,62
2026-09-21T15:11:00+05:30,27.45,27.5,27.3,27.5,22
2026-09-21T15:12:00+05:30,27.65,28.05,27.55,27.95,47
2026-09-21T15:13:00+05:30,28.0,28.0,27.65,28.0,88
2026-09-21T15:14:00+05:30,28.0,28.0,27.85,27.95,68
2026-09-21T15:15:00+05:30,28.15,28.3,27.75,27.95,113
2026-09-21T15:16:00+05:30,27.95,28.35,27.85,27.85,70
2026-09-21T15:17:00+05:30,27.85,27.95,27.65,27.9,34
2026-09-21T15:18:00+05:30,27.85,27.9,27.7,27.85,21
2026-09-21T15:19:00+05:30,27.95,28.0,27.75,27.75,10
2026-09-21T15:20:00+05:30,27.8,28.3,27.8,28.1,105
2026-09-21T15:21:00+05:30,28.05,28.05,27.45,27.5,411
2026-09-21T15:22:00+05:30,27.5,27.6,27.4,27.4,37
2026-09-21T15:23:00+05:30,27.55,27.55,27.15,27.15,12
2026-09-21T15:24:00+05:30,27.2,27.2,26.65,26.65,16
2026-09-21T15:25:00+05:30,26.7,27.0,26.55,27.0,51
2026-09-21T15:26:00+05:30,27.2,28.0,27.2,27.8,115
2026-09-21T15:27:00+05:30,27.7,28.0,27.7,27.95,134
2026-09-21T15:28:00+05:30,27.95,28.35,27.95,28.2,76
2026-09-21T15:29:00+05:30,28.2,28.25,28.0,28.2,77
2026-09-21T15:30:00+05:30,28.15,28.2,28.0,28.05,127
2026-09-21T15:31:00+05:30,28.05,28.05,27.9,27.9,43
2026-09-21T15:32:00+05:30,27.95,28.2,27.9,28.2,48
2026-09-21T15:33:00+05:30,28.25,28.55,28.15,28.4,71
2026-09-21T15:34:00+05:30,28.35,28.35,28.0,28.15,173
2026-09-21T15:35:00+05:30,28.15,28.2,27.8,28.05,294
2026-09-21T15:36:00+05:30,28.0,28.9,27.55,28.6,190
2026-09-21T15:37:00+05:30,28.75,29.0,28.35,29.0,164
2026-09-21T15:38:00+05:30,28.95,29.15,28.4,28.95,367
2026-09-21T15:39:00+05:30,28.95,31.9,28.5,31.9,296
2026-09-22T09:15:00+05:30,31.9,31.9,22.45,22.95,477
2026-09-22T09:16:00+05:30,22.55,24.1,22.45,23.95,202
2026-09-22T09:17:00+05:30,23.9,24.05,21.8,21.9,186
2026-09-22T09:18:00+05:30,21.6,21.6,20.45,20.6,212
2026-09-22T09:19:00+05:30,20.65,21.0,20.25,20.4,706
2026-09-22T09:20:00+05:30,20.4,20.8,19.7,20.7,760
2026-09-22T09:21:00+05:30,20.5,20.9,20.35,20.45,192
2026-09-22T09:22:00+05:30,20.5,20.7,19.95,20.5,413
2026-09-22T09:23:00+05:30,20.55,20.7,19.8,19.9,627
2026-09-22T09:24:00+05:30,19.9,20.1,19.5,20.1,198
2026-09-22T09:25:00+05:30,20.25,20.8,20.05,20.05,117
2026-09-22T09:26:00+05:30,20.25,20.25,19.75,20.05,590
2026-09-22T09:27:00+05:30,20.0,20.1,19.7,19.9,443
2026-09-22T09:28:00+05:30,19.7,19.8,19.1,19.3,256
2026-09-22T09:29:00+05:30,19.3,19.45,18.25,18.6,568
2026-09-22T09:30:00+05:30,18.6,18.65,18.4,18.6,234
2026-09-22T09:31:00+05:30,18.9,19.05,18.7,18.9,126
2026-09-22T09:32:00+05:30,18.75,19.25,18.75,19.2,260
2026-09-22T09:33:00+05:30,19.25,19.4,18.95,19.4,30
2026-09-22T09:34:00+05:30,19.4,19.4,18.9,18.9,209
2026-09-22T09:35:00+05:30,18.95,19.1,18.8,19.1,177
2026-09-22T09:36:00+05:30,19.1,19.1,18.5,18.8,110
2026-09-22T09:37:00+05:30,18.75,18.75,18.25,18.3,106
2026-09-22T09:38:00+05:30,18.4,18.4,18.0,18.4,36
2026-09-22T09:39:00+05:30,18.3,18.3,18.0,18.1,91
2026-09-22T09:40:00+05:30,18.2,18.25,18.1,18.15,15
2026-09-22T09:41:00+05:30,18.0,18.0,17.95,18.0,25
2026-09-22T09:42:00+05:30,17.95,18.0,17.75,17.75,105
2026-09-22T09:43:00+05:30,17.8,17.9,17.65,17.75,60
2026-09-22T09:44:00+05:30,17.75,17.95,17.5,17.65,255
2026-09-22T09:45:00+05:30,17.6,17.75,17.35,17.6,150
2026-09-22T09:46:00+05:30,17.55,17.6,17.15,17.15,349
2026-09-22T09:47:00+05:30,17.15,17.15,16.6,16.85,893
2026-09-22T09:48:00+05:30,16.65,17.05,16.5,16.95,403
2026-09-22T09:49:00+05:30,17.1,17.1,16.6,16.7,75
2026-09-22T09:50:00+05:30,16.65,16.65,16.1,16.4,528
2026-09-22T09:51:00+05:30,16.3,16.75,16.3,16.7,89
2026-09-22T09:52:00+05:30,16.7,16.8,16.45,16.5,74
2026-09-22T09:53:00+05:30,16.35,16.5,16.25,16.35,62
2026-09-22T09:54:00+05:30,16.4,16.5,16.25,16.25,82
2026-09-22T09:55:00+05:30,16.25,16.75,16.1,16.65,212
2026-09-22T09:56:00+05:30,16.55,16.75,16.2,16.45,142
2026-09-22T09:57:00+05:30,16.45,16.9,16.3,16.8,142
2026-09-22T09:58:00+05:30,16.8,16.8,16.3,16.35,60
2026-09-22T09:59:00+05:30,16.35,16.4,16.25,16.35,18
2026-09-22T10:00:00+05:30,16.05,16.1,15.85,15.9,86
2026-09-22T10:01:00+05:30,15.8,16.5,15.7,16.45,80
2026-09-22T10:02:00+05:30,16.45,16.9,16.35,16.9,50
2026-09-22T10:03:00+05:30,16.75,16.85,16.6,16.75,79
2026-09-22T10:04:00+05:30,16.7,16.7,16.45,16.45,23
2026-09-22T10:05:00+05:30,16.45,16.5,16.3,16.5,34
2026-09-22T10:06:00+05:30,16.6,17.0,16.6,17.0,75
2026-09-22T10:07:00+05:30,17.0,17.15,16.7,16.7,43
2026-09-22T10:08:00+05:30,16.8,16.9,16.55,16.55,22
2026-09-22T10:09:00+05:30,16.5,16.6,16.15,16.15,21
2026-09-22T10:10:00+05:30,16.15,16.45,16.05,16.25,174
2026-09-22T10:11:00+05:30,16.0,16.15,15.8,16.1,38
2026-09-22T10:12:00+05:30,15.85,16.2,15.85,16.2,13
2026-09-22T10:13:00+05:30,16.15,16.45,16.1,16.1,53
2026-09-22T10:14:00+05:30,15.9,16.1,15.9,16.05,40
2026-09-22T10:15:00+05:30,16.2,16.25,16.0,16.0,41
2026-09-22T10:16:00+05:30,16.2,16.45,15.95,16.2,57
2026-09-22T10:17:00+05:30,16.2,16.3,16.0,16.1,82
2026-09-22T10:18:00+05:30,16.2,16.45,16.05,16.1,132
2026-09-22T10:19:00+05:30,16.05,16.15,15.9,15.9,85
2026-09-22T10:20:00+05:30,16.2,16.55,16.15,16.55,177
2026-09-22T10:21:00+05:30,16.5,17.4,16.2,17.35,665
2026-09-22T10:22:00+05:30,17.3,17.9,17.3,17.75,306
2026-09-22T10:23:00+05:30,17.7,17.7,16.9,17.15,141
2026-09-22T10:24:00+05:30,17.1,17.5,17.1,17.3,94
2026-09-22T10:25:00+05:30,17.35,17.5,17.15,17.4,188
2026-09-22T10:26:00+05:30,17.4,17.7,17.35,17.6,58
2026-09-22T10:27:00+05:30,17.5,17.75,17.2,17.2,99
2026-09-22T10:28:00+05:30,17.25,17.4,17.0,17.1,39
2026-09-22T10:29:00+05:30,17.1,17.35,16.75,17.3,131
2026-09-22T10:30:00+05:30,17.3,18.5,17.3,18.4,301
2026-09-22T10:31:00+05:30,18.35,19.85,18.35,19.4,567
2026-09-22T10:32:00+05:30,19.1,20.6,18.8,20.4,468
2026-09-22T10:33:00+05:30,20.5,22.5,20.25,22.3,962
2026-09-22T10:34:00+05:30,22.0,22.65,21.0,21.65,405
2026-09-22T10:35:00+05:30,21.8,24.7,21.8,24.65,1254
2026-09-22T10:36:00+05:30,24.7,26.0,23.3,23.4,805
2026-09-22T10:37:00+05:30,23.6,23.85,22.15,22.3,619
2026-09-22T10:38:00+05:30,22.4,22.65,21.65,22.6,464
2026-09-22T10:39:00+05:30,22.65,23.1,22.4,22.55,197
2026-09-22T10:40:00+05:30,22.65,23.0,22.15,22.7,466
2026-09-22T10:41:00+05:30,22.75,25.3,22.7,25.2,334
2026-09-22T10:42:00+05:30,25.35,28.3,25.35,26.8,835
2026-09-22T10:43:00+05:30,26.8,27.3,26.05,26.45,281
2026-09-22T10:44:00+05:30,26.3,27.45,25.9,27.45,421
2026-09-22T10:45:00+05:30,27.4,28.95,27.4,28.1,584
2026-09-22T10:46:00+05:30,28.4,28.4,27.05,27.05,104
2026-09-22T10:47:00+05:30,27.0,27.4,25.8,26.15,240
2026-09-22T10:48:00+05:30,26.25,27.0,25.9,26.9,477
2026-09-22T10:49:00+05:30,26.75,27.15,26.1,27.15,80
2026-09-22T10:50:00+05:30,27.2,28.4,27.2,27.75,25
2026-09-22T10:51:00+05:30,28.1,28.95,27.55,28.15,178
2026-09-22T10:52:00+05:30,28.2,29.2,27.95,28.6,130
2026-09-22T10:53:00+05:30,28.55,29.05,28.5,28.7,240
2026-09-22T10:54:00+05:30,28.4,28.7,27.35,27.35,150
2026-09-22T10:55:00+05:30,27.45,27.75,26.55,26.55,84
2026-09-22T10:56:00+05:30,26.2,26.85,26.2,26.4,97
2026-09-22T10:57:00+05:30,26.45,26.45,25.45,25.65,79
2026-09-22T10:58:00+05:30,25.7,26.25,25.05,25.05,71
2026-09-22T10:59:00+05:30,25.2,25.3,24.3,24.65,28
2026-09-22T11:00:00+05:30,24.45,25.5,24.4,25.4,63
2026-09-22T11:01:00+05:30,25.35,27.0,25.35,26.7,30
2026-09-22T11:02:00+05:30,26.8,27.0,26.8,27.0,3
2026-09-22T11:03:00+05:30,27.2,27.45,27.2,27.2,63
2026-09-22T11:04:00+05:30,26.9,27.25,26.7,27.25,82
2026-09-22T11:05:00+05:30,27.25,28.15,26.5,27.65,52
2026-09-22T11:06:00+05:30,27.8,27.85,27.05,27.05,39
2026-09-22T11:07:00+05:30,26.95,27.5,26.9,26.95,56
2026-09-22T11:08:00+05:30,26.8,27.25,26.8,26.95,46
2026-09-22T11:09:00+05:30,26.6,26.6,26.1,26.2,44
2026-09-22T11:10:00+05:30,25.5,25.5,24.8,24.9,59
2026-09-22T11:11:00+05:30,24.85,25.3,24.5,25.1,93
2026-09-22T11:12:00+05:30,24.95,25.0,24.5,24.5,35
2026-09-22T11:13:00+05:30,24.3,24.35,23.85,24.05,37
2026-09-22T11:14:00+05:30,24.25,24.25,23.3,24.05,107
2026-09-22T11:15:00+05:30,24.05,24.6,24.05,24.55,43
2026-09-22T11:16:00+05:30,24.6,24.9,23.95,24.2,96
2026-09-22T11:17:00+05:30,24.0,24.3,23.5,24.05,60
2026-09-22T11:18:00+05:30,24.1,24.45,23.9,23.9,102
2026-09-22T11:19:00+05:30,24.45,24.55,24.45,24.55,9
2026-09-22T11:20:00+05:30,24.6,24.6,24.35,24.35,13
2026-09-22T11:21:00+05:30,24.4,24.45,23.4,23.4,398
2026-09-22T11:22:00+05:30,23.55,24.05,23.4,23.6,79
2026-09-22T11:23:00+05:30,23.65,23.75,23.4,23.75,19
2026-09-22T11:24:00+05:30,23.55,23.6,23.25,23.25,17
2026-09-22T11:25:00+05:30,23.3,23.3,23.0,23.0,14
2026-09-22T11:26:00+05:30,23.45,23.45,23.05,23.05,11
2026-09-22T11:27:00+05:30,23.45,23.6,23.3,23.6,14
2026-09-22T11:28:00+05:30,23.55,23.6,23.05,23.15,29
2026-09-22T11:29:00+05:30,23.3,23.65,23.2,23.65,14
2026-09-22T11:30:00+05:30,23.6,24.75,23.6,24.75,26
2026-09-22T11:31:00+05:30,24.55,25.3,24.45,25.3,85
2026-09-22T11:32:00+05:30,25.55,26.0,25.05,25.1,39
2026-09-22T11:33:00+05:30,25.2,25.95,25.1,25.75,43
2026-09-22T11:34:00+05:30,25.9,27.0,25.8,26.9,29
2026-09-22T11:35:00+05:30,27.15,27.75,26.6,26.6,60
2026-09-22T11:36:00+05:30,26.85,27.15,26.4,26.4,63
2026-09-22T11:37:00+05:30,26.3,27.05,26.3,26.6,50
2026-09-22T11:38:00+05:30,26.5,26.55,26.1,26.1,18
2026-09-22T11:39:00+05:30,26.25,27.15,26.25,27.0,18
2026-09-22T11:40:00+05:30,26.8,28.0,26.7,26.7,42
2026-09-22T11:41:00+05:30,26.9,26.9,26.3,26.4,57
2026-09-22T11:42:00+05:30,26.3,27.15,26.3,26.85,38
2026-09-22T11:43:00+05:30,26.75,27.2,26.6,26.95,103
2026-09-22T11:44:00+05:30,26.85,27.05,26.15,26.15,13
2026-09-22T11:45:00+05:30,26.45,26.55,26.15,26.15,8
2026-09-22T11:46:00+05:30,26.3,27.85,26.3,27.45,64
2026-09-22T11:47:00+05:30,27.8,27.8,27.1,27.15,85
2026-09-22T11:48:00+05:30,27.05,27.05,26.45,26.5,13
2026-09-22T11:49:00+05:30,26.55,26.85,26.5,26.5,45
2026-09-22T11:50:00+05:30,26.65,26.75,26.55,26.65,53
2026-09-22T11:51:00+05:30,26.7,27.05,26.5,26.85,99
2026-09-22T11:52:00+05:30,26.85,26.9,26.0,26.0,25
2026-09-22T11:53:00+05:30,26.2,26.45,25.9,26.1,16
2026-09-22T11:54:00+05:30,26.3,27.15,26.3,27.15,14
2026-09-22T11:55:00+05:30,27.3,27.4,27.0,27.05,10
2026-09-22T11:56:00+05:30,27.45,28.05,26.5,26.95,343
2026-09-22T11:57:00+05:30,26.65,27.1,26.65,26.95,43
2026-09-22T11:58:00+05:30,26.65,26.75,25.7,25.75,39
2026-09-22T11:59:00+05:30,25.8,26.1,25.6,25.65,69
2026-09-22T12:00:00+05:30,26.05,26.15,25.65,25.95,120
2026-09-22T12:01:00+05:30,26.15,26.4,26.0,26.0,36
2026-09-22T12:02:00+05:30,25.75,26.05,25.55,25.9,38
2026-09-22T12:03:00+05:30,25.45,25.45,24.65,24.75,50
2026-09-22T12:04:00+05:30,25.0,25.15,24.75,24.75,9
2026-09-22T12:05:00+05:30,24.6,25.05,24.6,25.05,6
2026-09-22T12:06:00+05:30,24.75,24.75,24.75,24.75,1
2026-09-22T12:07:00+05:30,25.15,25.4,25.15,25.2,44
2026-09-22T12:08:00+05:30,25.2,25.25,24.65,24.7,260
2026-09-22T12:09:00+05:30,24.45,24.75,24.15,24.15,96
2026-09-22T12:10:00+05:30,24.2,24.35,24.1,24.35,32
2026-09-22T12:11:00+05:30,24.35,24.8,24.35,24.6,58
2026-09-22T12:12:00+05:30,24.5,24.75,24.5,24.75,8
2026-09-22T12:13:00+05:30,25.2,25.75,25.15,25.45,38
2026-09-22T12:14:00+05:30,25.35,25.65,24.9,25.65,42
2026-09-22T12:15:00+05:30,25.75,26.25,25.75,26.25,35
2026-09-22T12:16:00+05:30,25.95,26.05,25.05,25.05,25
2026-09-22T12:17:00+05:30,25.1,25.1,24.55,24.55,21
2026-09-22T12:18:00+05:30,24.35,24.4,24.15,24.2,32
2026-09-22T12:19:00+05:30,24.25,24.25,23.55,23.6,58
2026-09-22T12:20:00+05:30,23.65,23.9,23.55,23.7,92
2026-09-22T12:21:00+05:30,23.8,23.85,22.85,22.9,86
2026-09-22T12:22:00+05:30,23.05,23.4,23.0,23.4,44
2026-09-22T12:23:00+05:30,23.5,23.6,23.3,23.45,18
2026-09-22T12:24:00+05:30,23.5,23.75,23.5,23.75,15
2026-09-22T12:25:00+05:30,23.75,23.75,23.75,23.75,3
2026-09-22T12:26:00+05:30,23.75,23.75,23.25,23.45,15
2026-09-22T12:27:00+05:30,23.75,23.75,23.25,23.25,14
2026-09-22T12:28:00+05:30,23.4,23.6,23.15,23.15,18
2026-09-22T12:29:00+05:30,23.25,23.75,23.1,23.75,16
2026-09-22T12:30:00+05:30,23.65,24.35,23.65,24.35,37
2026-09-22T12:31:00+05:30,24.45,24.55,24.1,24.1,9
2026-09-22T12:32:00+05:30,23.85,23.85,23.85,23.85,6
2026-09-22T12:33:00+05:30,23.75,24.0,23.55,24.0,47
2026-09-22T12:34:00+05:30,23.9,23.9,23.4,23.4,33
2026-09-22T12:35:00+05:30,23.5,23.5,23.35,23.4,72
2026-09-22T12:36:00+05:30,23.8,23.8,23.4,23.7,211
2026-09-22T12:37:00+05:30,23.95,24.15,23.7,24.05,30
2026-09-22T12:38:00+05:30,24.05,24.3,24.05,24.25,8
2026-09-22T12:39:00+05:30,24.65,24.9,24.55,24.75,95
2026-09-22T12:40:00+05:30,24.55,25.1,24.4,24.4,22
2026-09-22T12:41:00+05:30,24.9,24.9,24.9,24.9,1
2026-09-22T12:42:00+05:30,24.8,25.1,24.75,25.1,21
2026-09-22T12:43:00+05:30,24.8,25.75,24.8,25.75,20
2026-09-22T12:44:00+05:30,25.8,26.75,25.75,26.75,35
2026-09-22T12:45:00+05:30,26.75,27.05,26.35,26.85,149
2026-09-22T12:46:00+05:30,26.6,26.6,25.9,26.4,106
2026-09-22T12:47:00+05:30,26.5,26.55,26.0,26.1,58
2026-09-22T12:48:00+05:30,26.1,26.15,25.7,25.7,47
2026-09-22T12:49:00+05:30,25.45,26.15,25.25,26.05,26
2026-09-22T12:50:00+05:30,26.3,26.95,26.3,26.95,30
2026-09-22T12:51:00+05:30,26.95,27.1,26.7,26.7,22
2026-09-22T12:52:00+05:30,26.9,26.95,26.9,26.95,2
2026-09-22T12:53:00+05:30,26.3,26.55,26.0,26.45,20
2026-09-22T12:54:00+05:30,26.15,26.65,26.15,26.35,45
2026-09-22T12:55:00+05:30,26.65,27.75,26.65,27.75,98
2026-09-22T12:56:00+05:30,27.75,27.8,26.25,26.35,49
2026-09-22T12:57:00+05:30,26.3,26.5,26.0,26.25,28
2026-09-22T12:58:00+05:30,26.55,26.6,25.95,25.95,15
2026-09-22T12:59:00+05:30,26.2,26.35,25.95,26.35,16
2026-09-22T13:00:00+05:30,26.6,28.0,26.5,27.8,48
2026-09-22T13:01:00+05:30,27.7,27.7,26.15,26.15,136
2026-09-22T13:02:00+05:30,26.1,26.9,25.85,26.8,21
2026-09-22T13:03:00+05:30,27.1,27.6,27.1,27.4,46
2026-09-22T13:04:00+05:30,26.95,27.65,26.95,27.65,69
2026-09-22T13:05:00+05:30,27.65,27.75,27.15,27.2,53
2026-09-22T13:06:00+05:30,27.2,27.25,26.7,26.7,18
2026-09-22T13:07:00+05:30,26.8,26.8,26.5,26.55,16
2026-09-22T13:08:00+05:30,26.45,27.2,26.35,26.35,71
2026-09-22T13:09:00+05:30,26.25,26.35,26.25,26.3,6
2026-09-22T13:10:00+05:30,25.55,25.9,25.5,25.8,40
2026-09-22T13:11:00+05:30,26.05,26.45,25.9,26.35,107
2026-09-22T13:12:00+05:30,26.55,26.65,26.15,26.3,12
2026-09-22T13:13:00+05:30,26.25,26.75,26.25,26.65,38
2026-09-22T13:14:00+05:30,25.6,25.6,25.25,25.35,118
2026-09-22T13:15:00+05:30,25.3,25.35,24.8,25.35,60
2026-09-22T13:16:00+05:30,25.3,25.35,25.0,25.1,32
2026-09-22T13:17:00+05:30,25.15,26.35,25.15,26.35,75
2026-09-22T13:18:00+05:30,26.5,26.9,26.3,26.3,197
2026-09-22T13:19:00+05:30,25.9,26.1,25.9,25.95,3
2026-09-22T13:20:00+05:30,26.1,26.85,26.1,26.65,18
2026-09-22T13:21:00+05:30,27.0,27.15,26.9,27.1,35
2026-09-22T13:22:00+05:30,27.1,27.1,26.9,27.05,43
2026-09-22T13:23:00+05:30,26.85,27.15,26.65,26.65,20
2026-09-22T13:24:00+05:30,26.85,26.85,26.85,26.85,1
2026-09-22T13:25:00+05:30,26.6,26.6,26.6,26.6,1
2026-09-22T13:26:00+05:30,26.3,26.7,26.3,26.7,6
2026-09-22T13:27:00+05:30,26.65,27.25,26.4,26.85,231
2026-09-22T13:28:00+05:30,26.8,26.95,26.2,26.5,299
2026-09-22T13:29:00+05:30,26.5,26.55,26.1,26.2,31
2026-09-22T13:30:00+05:30,26.3,26.55,25.8,25.8,242
2026-09-22T13:31:00+05:30,25.8,25.9,25.4,25.55,274
2026-09-22T13:32:00+05:30,25.25,25.5,25.1,25.3,105
2026-09-22T13:33:00+05:30,25.55,25.6,25.5,25.55,8
2026-09-22T13:34:00+05:30,25.4,25.45,25.2,25.35,20
2026-09-22T13:35:00+05:30,25.7,25.75,25.1,25.1,12
2026-09-22T13:36:00+05:30,24.75,25.35,24.75,25.35,35
2026-09-22T13:37:00+05:30,25.3,25.4,25.3,25.4,9
2026-09-22T13:38:00+05:30,25.0,25.2,25.0,25.15,5
2026-09-22T13:39:00+05:30,25.25,25.25,24.7,24.7,104
2026-09-22T13:40:00+05:30,24.85,24.95,24.7,24.9,12
2026-09-22T13:41:00+05:30,24.9,25.45,24.75,25.2,123
2026-09-22T13:42:00+05:30,25.25,25.35,24.25,24.6,118
2026-09-22T13:43:00+05:30,24.8,25.5,24.8,25.05,42
2026-09-22T13:44:00+05:30,25.45,26.1,25.45,26.1,46
2026-09-22T13:45:00+05:30,26.05,26.8,25.95,26.5,166
2026-09-22T13:46:00+05:30,26.65,27.2,26.6,26.85,70
2026-09-22T13:47:00+05:30,27.05,27.1,26.3,26.3,18
2026-09-22T13:48:00+05:30,26.5,26.85,26.5,26.85,10
2026-09-22T13:49:00+05:30,27.2,27.55,26.95,26.95,96
2026-09-22T13:50:00+05:30,26.8,27.55,26.8,27.25,99
2026-09-22T13:51:00+05:30,27.15,27.8,27.0,27.55,122
2026-09-22T13:52:00+05:30,27.55,27.65,27.25,27.35,13
2026-09-22T13:53:00+05:30,27.3,31.2,27.3,31.15,162
2026-09-22T13:54:00+05:30,30.6,32.3,30.45,30.85,258
2026-09-22T13:55:00+05:30,30.9,31.15,28.9,29.6,291
2026-09-22T13:56:00+05:30,30.0,30.4,29.55,29.9,151
2026-09-22T13:57:00+05:30,30.0,30.4,29.75,30.2,38
2026-09-22T13:58:00+05:30,30.1,30.7,30.0,30.3,41
2026-09-22T13:59:00+05:30,30.4,30.4,29.5,29.65,33
2026-09-22T14:00:00+05:30,29.75,31.4,29.75,31.4,121
2026-09-22T14:01:00+05:30,31.15,31.2,29.75,29.75,89
2026-09-22T14:02:00+05:30,29.75,30.5,29.05,29.9,139
2026-09-22T14:03:00+05:30,30.1,30.3,29.4,29.5,33
2026-09-22T14:04:00+05:30,29.7,29.7,28.5,28.7,77
2026-09-22T14:05:00+05:30,28.6,29.2,28.1,29.2,97
2026-09-22T14:06:00+05:30,29.4,29.85,28.65,28.9,48
2026-09-22T14:07:00+05:30,28.75,29.6,28.75,29.6,44
2026-09-22T14:08:00+05:30,29.8,30.0,29.8,30.0,11
2026-09-22T14:09:00+05:30,29.5,29.6,27.75,27.95,244
2026-09-22T14:10:00+05:30,28.0,28.4,27.05,27.55,220
2026-09-22T14:11:00+05:30,27.7,28.3,26.35,26.5,220
2026-09-22T14:12:00+05:30,26.75,27.0,24.3,25.0,270
2026-09-22T14:13:00+05:30,24.7,25.7,24.7,25.0,100
2026-09-22T14:14:00+05:30,24.9,25.35,20.0,21.05,463
2026-09-22T14:15:00+05:30,20.6,23.25,20.3,23.25,367
2026-09-22T14:16:00+05:30,23.5,25.45,23.5,24.5,166
2026-09-22T14:17:00+05:30,23.95,23.95,23.35,23.75,34
2026-09-22T14:18:00+05:30,23.0,24.2,23.0,23.75,229
2026-09-22T14:19:00+05:30,23.7,24.15,23.0,23.0,45
2026-09-22T14:20:00+05:30,23.35,23.35,22.1,22.75,207
2026-09-22T14:21:00+05:30,22.7,23.5,21.9,23.5,143
2026-09-22T14:22:00+05:30,23.45,23.95,23.4,23.65,90
2026-09-22T14:23:00+05:30,23.65,23.65,22.9,23.2,224
2026-09-22T14:24:00+05:30,23.7,24.05,23.35,24.0,44
2026-09-22T14:25:00+05:30,23.85,24.1,22.5,22.8,56
2026-09-22T14:26:00+05:30,22.75,23.25,22.3,22.3,100
2026-09-22T14:27:00+05:30,22.3,22.5,22.3,22.4,57
2026-09-22T14:28:00+05:30,22.35,22.9,22.2,22.65,84
2026-09-22T14:29:00+05:30,22.05,22.25,21.65,22.05,188
2026-09-22T14:30:00+05:30,21.9,22.0,21.6,21.95,76
2026-09-22T14:31:00+05:30,21.75,21.85,20.8,20.85,130
2026-09-22T14:32:00+05:30,21.0,21.0,19.95,20.45,83
2026-09-22T14:33:00+05:30,21.0,21.25,20.25,20.85,70
2026-09-22T14:34:00+05:30,21.0,22.3,20.9,22.2,193
2026-09-22T14:35:00+05:30,22.1,22.1,21.55,21.55,34
2026-09-22T14:36:00+05:30,21.15,21.15,20.9,20.95,23
2026-09-22T14:37:00+05:30,21.25,21.95,21.25,21.75,149
2026-09-22T14:38:00+05:30,21.85,22.25,21.5,22.25,130
2026-09-22T14:39:00+05:30,22.05,22.1,21.8,22.0,86
2026-09-22T14:40:00+05:30,21.95,22.25,21.95,22.25,149
2026-09-22T14:41:00+05:30,22.95,23.6,22.65,22.65,202
2026-09-22T14:42:00+05:30,22.9,24.5,22.9,23.6,458
2026-09-22T14:43:00+05:30,23.85,23.9,23.1,23.35,181
2026-09-22T14:44:00+05:30,23.4,23.4,22.9,22.9,61
2026-09-22T14:45:00+05:30,23.05,23.3,21.85,22.3,51
2026-09-22T14:46:00+05:30,22.4,22.95,22.4,22.75,20
2026-09-22T14:47:00+05:30,22.6,22.6,22.5,22.6,16
2026-09-22T14:48:00+05:30,22.65,23.3,22.65,23.2,26
2026-09-22T14:49:00+05:30,23.4,23.4,23.35,23.35,16
2026-09-22T14:50:00+05:30,23.55,24.0,22.9,22.9,86
2026-09-22T14:51:00+05:30,22.95,23.45,22.9,23.45,57
2026-09-22T14:52:00+05:30,23.55,23.85,23.1,23.15,22
2026-09-22T14:53:00+05:30,23.1,23.2,22.55,23.05,72
2026-09-22T14:54:00+05:30,22.95,22.95,22.6,22.7,27
2026-09-22T14:55:00+05:30,22.55,22.7,22.25,22.25,58
2026-09-22T14:56:00+05:30,22.5,22.95,22.2,22.45,105
2026-09-22T14:57:00+05:30,22.55,22.8,22.5,22.8,47
2026-09-22T14:58:00+05:30,22.75,23.4,22.45,23.1,118
2026-09-22T14:59:00+05:30,23.25,23.8,23.2,23.2,26
2026-09-22T15:00:00+05:30,23.25,23.5,23.05,23.5,3
2026-09-22T15:01:00+05:30,23.95,23.95,23.35,23.35,8
2026-09-22T15:02:00+05:30,22.6,22.85,22.5,22.85,27
2026-09-22T15:03:00+05:30,22.95,22.95,22.0,22.25,19
2026-09-22T15:04:00+05:30,22.0,22.75,21.75,22.7,49
2026-09-22T15:05:00+05:30,22.6,22.8,22.35,22.65,258
2026-09-22T15:06:00+05:30,22.75,22.95,22.65,22.65,9
2026-09-22T15:07:00+05:30,22.65,23.0,22.65,23.0,6
2026-09-22T15:08:00+05:30,23.3,23.5,23.2,23.5,52
2026-09-22T15:09:00+05:30,23.45,23.7,23.2,23.4,69
2026-09-22T15:10:00+05:30,23.3,24.0,23.25,23.45,206
2026-09-22T15:11:00+05:30,22.95,22.95,22.15,22.2,74
2026-09-22T15:12:00+05:30,22.55,22.8,22.0,22.0,175
2026-09-22T15:13:00+05:30,22.4,22.4,21.85,22.35,88
2026-09-22T15:14:00+05:30,22.35,22.5,22.2,22.5,44
2026-09-22T15:15:00+05:30,22.4,23.0,22.4,23.0,28
2026-09-22T15:16:00+05:30,22.85,22.85,22.35,22.55,42
2026-09-22T15:17:00+05:30,22.25,22.45,22.1,22.45,26
2026-09-22T15:18:00+05:30,22.6,22.6,22.5,22.5,7
2026-09-22T15:19:00+05:30,22.45,22.8,22.45,22.8,43
2026-09-22T15:20:00+05:30,22.5,23.5,22.45,22.8,220
2026-09-22T15:21:00+05:30,22.9,22.95,22.45,22.85,217
2026-09-22T15:22:00+05:30,22.85,22.85,22.1,22.15,17
2026-09-22T15:23:00+05:30,22.15,22.15,21.4,21.5,53
2026-09-22T15:24:00+05:30,21.75,21.75,21.2,21.2,16
2026-09-22T15:25:00+05:30,21.45,21.5,21.2,21.5,160
2026-09-22T15:26:00+05:30,21.55,21.7,20.9,21.65,321
2026-09-22T15:27:00+05:30,21.65,21.75,21.35,21.6,108
2026-09-22T15:28:00+05:30,21.8,22.25,21.8,22.25,67
2026-09-22T15:29:00+05:30,22.15,22.85,22.05,22.55,140
2026-09-22T15:30:00+05:30,22.75,23.55,22.75,23.3,330
2026-09-22T15:31:00+05:30,23.2,23.45,22.2,22.7,689
2026-09-22T15:32:00+05:30,22.7,23.0,22.55,22.85,227
2026-09-22T15:33:00+05:30,22.9,22.9,21.1,21.1,264
2026-09-22T15:34:00+05:30,21.05,21.05,20.05,20.05,379
2026-09-22T15:35:00+05:30,20.35,20.7,19.25,19.35,727
2026-09-22T15:36:00+05:30,19.5,19.55,18.8,19.1,568
2026-09-22T15:37:00+05:30,19.1,19.35,17.85,18.0,331
2026-09-22T15:38:00+05:30,18.0,18.4,17.85,18.05,451
2026-09-22T15:39:00+05:30,18.0,18.95,15.85,18.95,207
2026-09-23T09:15:00+05:30,20.5,20.55,15.95,17.0,482
2026-09-23T09:16:00+05:30,16.7,16.7,15.65,15.65,359
2026-09-23T09:17:00+05:30,15.6,15.7,14.9,15.25,300
2026-09-23T09:18:00+05:30,14.8,15.05,14.3,14.85,605
2026-09-23T09:19:00+05:30,14.7,14.8,14.3,14.35,745
2026-09-23T09:20:00+05:30,14.4,14.5,13.95,14.3,341
2026-09-23T09:21:00+05:30,14.3,15.0,14.0,15.0,153
2026-09-23T09:22:00+05:30,14.85,14.95,14.45,14.9,250
2026-09-23T09:23:00+05:30,14.75,15.2,14.5,15.15,362
2026-09-23T09:24:00+05:30,15.2,15.65,15.05,15.15,183
2026-09-23T09:25:00+05:30,15.2,16.4,15.2,16.1,561
2026-09-23T09:26:00+05:30,15.9,16.45,15.6,16.0,348
2026-09-23T09:27:00+05:30,16.0,16.0,15.15,15.35,215
2026-09-23T09:28:00+05:30,15.25,15.3,15.0,15.0,172
2026-09-23T09:29:00+05:30,15.05,15.3,14.65,15.15,255
2026-09-23T09:30:00+05:30,15.1,15.1,14.15,14.15,182
2026-09-23T09:31:00+05:30,14.15,14.8,14.0,14.8,226
2026-09-23T09:32:00+05:30,14.7,14.7,14.05,14.2,73
2026-09-23T09:33:00+05:30,14.1,14.35,13.95,14.1,101
2026-09-23T09:34:00+05:30,14.0,14.3,13.85,13.95,120
2026-09-23T09:35:00+05:30,14.0,14.15,13.6,14.1,251
2026-09-23T09:36:00+05:30,14.05,14.7,14.0,14.4,99
2026-09-23T09:37:00+05:30,14.35,14.55,14.2,14.4,95
2026-09-23T09:38:00+05:30,14.25,14.25,13.95,14.05,149
2026-09-23T09:39:00+05:30,14.05,14.6,13.95,14.55,151
2026-09-23T09:40:00+05:30,14.45,14.45,13.9,13.9,132
2026-09-23T09:41:00+05:30,14.0,14.05,13.7,13.8,46
2026-09-23T09:42:00+05:30,13.75,13.75,13.45,13.6,37
2026-09-23T09:43:00+05:30,13.5,13.8,13.5,13.5,50
2026-09-23T09:44:00+05:30,13.5,13.75,12.7,13.0,1182
2026-09-23T09:45:00+05:30,12.95,12.95,12.55,12.9,313
2026-09-23T09:46:00+05:30,12.85,13.0,12.7,12.8,56
2026-09-23T09:47:00+05:30,12.9,12.9,12.6,12.8,199
2026-09-23T09:48:00+05:30,12.8,13.2,12.55,13.05,274
2026-09-23T09:49:00+05:30,13.15,13.7,13.15,13.3,79
2026-09-23T09:50:00+05:30,13.25,13.8,13.2,13.6,70
2026-09-23T09:51:00+05:30,13.7,13.75,13.35,13.5,38
2026-09-23T09:52:00+05:30,13.5,13.7,13.3,13.5,122
2026-09-23T09:53:00+05:30,13.55,13.8,13.3,13.7,25
2026-09-23T09:54:00+05:30,13.9,14.45,13.85,14.45,23
2026-09-23T09:55:00+05:30,14.05,14.1,13.85,13.95,31
2026-09-23T09:56:00+05:30,13.8,13.8,13.25,13.25,70
2026-09-23T09:57:00+05:30,13.2,13.3,12.85,13.05,169
2026-09-23T09:58:00+05:30,13.0,13.1,12.75,12.8,93
2026-09-23T09:59:00+05:30,12.8,12.8,12.25,12.4,365
2026-09-23T10:00:00+05:30,12.4,12.75,12.05,12.65,366
2026-09-23T10:01:00+05:30,12.3,12.55,12.2,12.45,125
2026-09-23T10:02:00+05:30,12.45,12.7,12.3,12.65,145
2026-09-23T10:03:00+05:30,12.55,12.65,12.3,12.4,119
2026-09-23T10:04:00+05:30,12.45,12.6,12.3,12.4,90
2026-09-23T10:05:00+05:30,12.4,12.45,12.2,12.2,182
2026-09-23T10:06:00+05:30,12.25,12.5,12.15,12.3,143
2026-09-23T10:07:00+05:30,12.35,12.45,12.3,12.45,45
2026-09-23T10:08:00+05:30,12.55,12.6,12.25,12.35,79
2026-09-23T10:09:00+05:30,12.4,12.4,12.2,12.3,16
2026-09-23T10:10:00+05:30,12.25,12.4,12.15,12.4,99
2026-09-23T10:11:00+05:30,12.5,12.75,12.5,12.55,43
2026-09-23T10:12:00+05:30,12.6,12.6,12.3,12.35,138
2026-09-23T10:13:00+05:30,12.35,12.4,12.0,12.4,140
2026-09-23T10:14:00+05:30,12.25,12.4,12.25,12.3,115
2026-09-23T10:15:00+05:30,12.3,12.3,12.2,12.2,57
2026-09-23T10:16:00+05:30,12.1,12.3,11.95,12.2,82
2026-09-23T10:17:00+05:30,12.2,12.25,11.95,11.95,143
2026-09-23T10:18:00+05:30,11.95,12.05,11.7,11.95,113
2026-09-23T10:19:00+05:30,12.1,12.2,12.0,12.0,116
2026-09-23T10:20:00+05:30,12.0,12.1,11.9,12.05,51
2026-09-23T10:21:00+05:30,11.9,12.05,11.7,11.9,299
2026-09-23T10:22:00+05:30,12.0,12.2,11.8,12.1,564
2026-09-23T10:23:00+05:30,12.1,12.15,11.8,11.95,259
2026-09-23T10:24:00+05:30,11.95,12.5,11.9,12.25,630
2026-09-23T10:25:00+05:30,12.2,12.2,11.9,12.1,431
2026-09-23T10:26:00+05:30,12.05,12.1,11.85,12.05,96
2026-09-23T10:27:00+05:30,11.95,12.05,11.8,11.85,130
2026-09-23T10:28:00+05:30,11.9,12.0,11.6,11.85,350
2026-09-23T10:29:00+05:30,11.8,11.95,11.7,11.95,401
2026-09-23T10:30:00+05:30,11.85,12.1,11.7,12.05,232
2026-09-23T10:31:00+05:30,12.05,12.25,11.9,12.1,125
2026-09-23T10:32:00+05:30,12.15,12.3,11.95,12.0,226
2026-09-23T10:33:00+05:30,12.15,12.25,11.9,11.9,119
2026-09-23T10:34:00+05:30,11.95,12.05,11.8,11.9,147
2026-09-23T10:35:00+05:30,11.9,12.1,11.65,12.1,378
2026-09-23T10:36:00+05:30,12.05,12.05,11.7,11.8,286
2026-09-23T10:37:00+05:30,11.8,11.8,11.4,11.6,85
2026-09-23T10:38:00+05:30,11.5,11.6,11.25,11.25,156
2026-09-23T10:39:00+05:30,11.25,11.55,11.15,11.5,258
2026-09-23T10:40:00+05:30,11.5,11.9,11.5,11.65,2491
2026-09-23T10:41:00+05:30,11.65,12.0,11.55,11.8,2431
2026-09-23T10:42:00+05:30,11.8,11.95,11.55,11.8,821
2026-09-23T10:43:00+05:30,11.8,11.95,11.7,11.7,84
2026-09-23T10:44:00+05:30,11.65,11.75,11.55,11.55,58
2026-09-23T10:45:00+05:30,11.65,11.8,11.55,11.7,104
2026-09-23T10:46:00+05:30,11.7,11.9,11.6,11.8,100
2026-09-23T10:47:00+05:30,11.9,12.05,11.8,11.95,124
2026-09-23T10:48:00+05:30,12.05,12.15,11.9,12.1,253
2026-09-23T10:49:00+05:30,12.05,12.35,12.0,12.2,105
2026-09-23T10:50:00+05:30,12.2,12.25,11.85,12.05,51
2026-09-23T10:51:00+05:30,12.0,12.1,11.9,11.9,47
2026-09-23T10:52:00+05:30,11.95,11.95,11.75,11.75,56
2026-09-23T10:53:00+05:30,11.85,12.05,11.6,11.85,1285
2026-09-23T10:54:00+05:30,11.85,12.15,11.75,12.05,250
2026-09-23T10:55:00+05:30,12.0,12.0,11.85,11.85,53
2026-09-23T10:56:00+05:30,11.85,12.15,11.85,12.1,110
2026-09-23T10:57:00+05:30,12.1,12.35,11.95,12.1,548
2026-09-23T10:58:00+05:30,12.1,12.15,11.95,12.05,78
2026-09-23T10:59:00+05:30,12.1,12.35,12.1,12.3,274
2026-09-23T11:00:00+05:30,12.25,12.4,12.1,12.25,78
2026-09-23T11:01:00+05:30,12.2,12.35,12.2,12.25,76
2026-09-23T11:02:00+05:30,12.25,12.3,12.2,12.25,83
2026-09-23T11:03:00+05:30,12.25,12.3,12.1,12.2,207
2026-09-23T11:04:00+05:30,12.2,12.35,12.1,12.3,53
2026-09-23T11:05:00+05:30,12.35,12.4,12.15,12.25,224
2026-09-23T11:06:00+05:30,12.2,12.2,11.9,12.0,29
2026-09-23T11:07:00+05:30,11.9,11.9,11.8,11.85,23
2026-09-23T11:08:00+05:30,12.0,12.0,11.9,11.95,25
2026-09-23T11:09:00+05:30,12.0,12.15,11.95,12.0,40
2026-09-23T11:10:00+05:30,11.95,11.95,11.9,11.95,40
2026-09-23T11:11:00+05:30,11.95,12.0,11.85,11.9,54
2026-09-23T11:12:00+05:30,11.9,11.9,11.75,11.75,264
2026-09-23T11:13:00+05:30,11.75,11.8,11.65,11.8,113
2026-09-23T11:14:00+05:30,11.8,11.8,11.65,11.65,164
2026-09-23T11:15:00+05:30,11.8,11.9,11.7,11.75,152
2026-09-23T11:16:00+05:30,11.75,11.95,11.7,11.85,85
2026-09-23T11:17:00+05:30,11.85,12.0,11.85,12.0,53
2026-09-23T11:18:00+05:30,11.95,11.95,11.9,11.95,16
2026-09-23T11:19:00+05:30,11.9,12.0,11.9,11.95,16
2026-09-23T11:20:00+05:30,11.9,12.05,11.9,12.0,31
2026-09-23T11:21:00+05:30,11.95,12.05,11.95,12.05,37
2026-09-23T11:22:00+05:30,12.0,12.05,11.95,12.05,67
2026-09-23T11:23:00+05:30,12.0,12.1,12.0,12.1,33
2026-09-23T11:24:00+05:30,12.1,12.1,12.05,12.05,15
2026-09-23T11:25:00+05:30,12.1,12.1,11.9,11.9,42
2026-09-23T11:26:00+05:30,11.9,12.15,11.9,12.1,187
2026-09-23T11:27:00+05:30,12.15,12.25,12.1,12.2,78
2026-09-23T11:28:00+05:30,12.25,12.3,12.15,12.25,85
2026-09-23T11:29:00+05:30,12.25,12.25,12.1,12.1,14
2026-09-23T11:30:00+05:30,12.15,12.25,11.95,12.05,82
2026-09-23T11:31:00+05:30,12.1,12.15,12.05,12.05,71
2026-09-23T11:32:00+05:30,12.05,12.05,11.8,11.85,39
2026-09-23T11:33:00+05:30,11.9,11.95,11.85,11.95,23
2026-09-23T11:34:00+05:30,11.85,12.05,11.85,12.05,9
2026-09-23T11:35:00+05:30,12.1,12.3,12.05,12.2,59
2026-09-23T11:36:00+05:30,12.25,12.25,12.1,12.2,64
2026-09-23T11:37:00+05:30,12.2,12.25,12.1,12.2,26
2026-09-23T11:38:00+05:30,12.2,12.25,12.1,12.25,57
2026-09-23T11:39:00+05:30,12.25,12.3,12.1,12.1,57
2026-09-23T11:40:00+05:30,12.1,12.15,12.0,12.05,121
2026-09-23T11:41:00+05:30,12.05,12.1,11.85,11.95,70
2026-09-23T11:42:00+05:30,11.85,12.0,11.65,11.7,116
2026-09-23T11:43:00+05:30,11.75,11.8,11.5,11.65,202
2026-09-23T11:44:00+05:30,11.6,11.7,11.5,11.5,66
2026-09-23T11:45:00+05:30,11.55,11.7,11.55,11.65,110
2026-09-23T11:46:00+05:30,11.7,11.75,11.65,11.65,29
2026-09-23T11:47:00+05:30,11.65,11.85,11.65,11.75,60
2026-09-23T11:48:00+05:30,11.75,11.85,11.65,11.75,75
2026-09-23T11:49:00+05:30,11.75,11.95,11.7,11.95,59
2026-09-23T11:50:00+05:30,11.85,12.0,11.7,11.95,91
2026-09-23T11:51:00+05:30,11.95,12.05,11.95,12.05,40
2026-09-23T11:52:00+05:30,12.05,12.1,11.9,12.0,37
2026-09-23T11:53:00+05:30,12.0,12.05,11.9,11.9,12
2026-09-23T11:54:00+05:30,11.85,11.9,11.8,11.9,20
2026-09-23T11:55:00+05:30,11.9,11.95,11.8,11.8,28
2026-09-23T11:56:00+05:30,11.95,11.95,11.9,11.95,9
2026-09-23T11:57:00+05:30,11.9,12.0,11.85,11.85,61
2026-09-23T11:58:00+05:30,11.95,12.1,11.75,11.85,127
2026-09-23T11:59:00+05:30,11.9,11.9,11.75,11.75,54
2026-09-23T12:00:00+05:30,11.75,11.85,11.7,11.75,54
2026-09-23T12:01:00+05:30,11.75,11.8,11.4,11.4,41
2026-09-23T12:02:00+05:30,11.35,11.55,11.3,11.3,55
2026-09-23T12:03:00+05:30,11.3,11.4,11.3,11.35,7
2026-09-23T12:04:00+05:30,11.4,11.45,11.15,11.25,149
2026-09-23T12:05:00+05:30,11.25,11.4,11.2,11.35,164
2026-09-23T12:06:00+05:30,11.35,11.35,11.15,11.2,31
2026-09-23T12:07:00+05:30,11.2,11.35,11.2,11.35,27
2026-09-23T12:08:00+05:30,11.3,11.5,11.3,11.45,52
2026-09-23T12:09:00+05:30,11.45,11.45,11.4,11.4,12
2026-09-23T12:10:00+05:30,11.4,11.4,11.35,11.4,27
2026-09-23T12:11:00+05:30,11.4,11.45,11.4,11.45,6
2026-09-23T12:12:00+05:30,11.35,11.35,11.35,11.35,6
2026-09-23T12:13:00+05:30,11.3,11.35,11.25,11.3,17
2026-09-23T12:14:00+05:30,11.3,11.4,11.3,11.35,53
2026-09-23T12:15:00+05:30,11.45,11.6,11.45,11.5,15
2026-09-23T12:16:00+05:30,11.6,11.65,11.55,11.55,21
2026-09-23T12:17:00+05:30,11.6,11.75,11.6,11.65,43
2026-09-23T12:18:00+05:30,11.65,11.65,11.65,11.65,1
2026-09-23T12:19:00+05:30,11.6,11.6,11.55,11.6,6
2026-09-23T12:20:00+05:30,11.55,11.6,11.55,11.6,16
2026-09-23T12:22:00+05:30,11.65,11.8,11.6,11.8,18
2026-09-23T12:23:00+05:30,11.75,11.8,11.7,11.8,4
2026-09-23T12:24:00+05:30,11.8,11.85,11.7,11.8,19
2026-09-23T12:25:00+05:30,11.8,12.0,11.8,12.0,70
2026-09-23T12:26:00+05:30,12.0,12.0,11.8,11.8,39
2026-09-23T12:27:00+05:30,11.85,11.95,11.85,11.95,7
2026-09-23T12:28:00+05:30,11.9,11.9,11.9,11.9,1
2026-09-23T12:29:00+05:30,11.95,11.95,11.9,11.9,5
2026-09-23T12:30:00+05:30,11.9,11.9,11.9,11.9,2
2026-09-23T12:31:00+05:30,11.95,12.0,11.75,12.0,37
2026-09-23T12:32:00+05:30,11.9,11.9,11.7,11.7,29
2026-09-23T12:33:00+05:30,11.7,11.7,11.5,11.65,20
2026-09-23T12:34:00+05:30,11.5,11.75,11.4,11.75,31
2026-09-23T12:35:00+05:30,11.65,11.8,11.65,11.8,9
2026-09-23T12:36:00+05:30,11.8,11.85,11.75,11.85,8
2026-09-23T12:37:00+05:30,11.9,12.0,11.85,11.95,21
2026-09-23T12:38:00+05:30,11.85,11.85,11.85,11.85,1
2026-09-23T12:39:00+05:30,11.9,12.0,11.85,11.9,11
2026-09-23T12:40:00+05:30,11.9,11.95,11.8,11.8,19
2026-09-23T12:41:00+05:30,11.8,11.85,11.65,11.65,20
2026-09-23T12:42:00+05:30,11.75,11.75,11.65,11.65,6
2026-09-23T12:43:00+05:30,11.65,11.8,11.6,11.8,10
2026-09-23T12:44:00+05:30,11.75,11.85,11.75,11.85,5
2026-09-23T12:45:00+05:30,11.8,11.95,11.75,11.8,14
2026-09-23T12:46:00+05:30,11.8,12.15,11.75,12.0,320
2026-09-23T12:47:00+05:30,12.1,12.1,11.95,12.05,24
2026-09-23T12:48:00+05:30,12.1,12.1,11.95,12.0,14
2026-09-23T12:49:00+05:30,11.9,11.95,11.8,11.8,11
2026-09-23T12:50:00+05:30,11.8,11.85,11.8,11.85,6
2026-09-23T12:51:00+05:30,11.75,11.9,11.75,11.9,11
2026-09-23T12:52:00+05:30,11.85,12.1,11.85,12.05,23
2026-09-23T12:53:00+05:30,12.1,12.2,12.05,12.1,29
2026-09-23T12:54:00+05:30,12.1,12.25,12.05,12.25,39
2026-09-23T12:55:00+05:30,12.05,12.05,12.0,12.0,7
2026-09-23T12:56:00+05:30,11.95,12.0,11.7,11.85,46
2026-09-23T12:57:00+05:30,11.85,12.0,11.8,11.9,85
2026-09-23T12:58:00+05:30,11.9,11.9,11.7,11.8,18
2026-09-23T12:59:00+05:30,11.8,12.0,11.7,11.7,77
2026-09-23T13:00:00+05:30,11.75,11.9,11.6,11.6,31
2026-09-23T13:01:00+05:30,11.6,11.7,11.55,11.65,30
2026-09-23T13:02:00+05:30,11.6,11.6,11.4,11.4,17
2026-09-23T13:03:00+05:30,11.6,11.7,11.4,11.5,27
2026-09-23T13:04:00+05:30,11.55,11.7,11.55,11.55,63
2026-09-23T13:05:00+05:30,11.55,11.7,11.5,11.7,20
2026-09-23T13:06:00+05:30,11.75,11.9,11.5,11.65,30
2026-09-23T13:07:00+05:30,11.65,11.65,11.35,11.5,39
2026-09-23T13:08:00+05:30,11.45,11.6,11.45,11.55,43
2026-09-23T13:09:00+05:30,11.6,11.65,11.55,11.65,15
2026-09-23T13:10:00+05:30,11.6,11.75,11.6,11.65,39
2026-09-23T13:11:00+05:30,11.7,11.8,11.65,11.65,54
2026-09-23T13:12:00+05:30,11.65,11.7,11.6,11.7,7
2026-09-23T13:13:00+05:30,11.7,11.95,11.65,11.8,60
2026-09-23T13:14:00+05:30,11.7,11.7,11.65,11.65,15
2026-09-23T13:15:00+05:30,11.7,11.8,11.65,11.7,26
2026-09-23T13:16:00+05:30,11.65,11.7,11.5,11.6,115
2026-09-23T13:17:00+05:30,11.6,11.7,11.6,11.7,22
2026-09-23T13:18:00+05:30,11.75,11.75,11.65,11.7,4
2026-09-23T13:19:00+05:30,11.65,11.7,11.65,11.65,12
2026-09-23T13:20:00+05:30,11.65,11.75,11.6,11.75,16
2026-09-23T13:21:00+05:30,11.75,11.75,11.7,11.75,8
2026-09-23T13:22:00+05:30,11.7,11.75,11.7,11.75,15
2026-09-23T13:23:00+05:30,11.75,11.8,11.75,11.8,68
2026-09-23T13:24:00+05:30,11.8,12.0,11.8,12.0,36
2026-09-23T13:25:00+05:30,11.95,11.95,11.9,11.9,3
2026-09-23T13:26:00+05:30,11.95,11.95,11.85,11.85,5
2026-09-23T13:27:00+05:30,11.9,11.95,11.9,11.95,2
2026-09-23T13:28:00+05:30,11.95,11.95,11.9,11.95,3
2026-09-23T13:29:00+05:30,12.0,12.1,12.0,12.1,12
2026-09-23T13:30:00+05:30,12.1,12.1,12.1,12.1,6
2026-09-23T13:31:00+05:30,12.05,12.05,12.0,12.0,4
2026-09-23T13:32:00+05:30,12.1,12.1,12.05,12.1,4
2026-09-23T13:33:00+05:30,12.25,12.25,12.25,12.25,4
2026-09-23T13:34:00+05:30,12.25,12.35,12.15,12.15,32
2026-09-23T13:35:00+05:30,12.3,12.35,12.3,12.35,12
2026-09-23T13:36:00+05:30,12.25,12.35,12.25,12.35,32
2026-09-23T13:37:00+05:30,12.15,12.25,12.0,12.0,35
2026-09-23T13:38:00+05:30,12.0,12.05,11.95,12.05,9
2026-09-23T13:39:00+05:30,11.9,12.0,11.8,11.8,25
2026-09-23T13:40:00+05:30,11.75,11.9,11.7,11.9,8
2026-09-23T13:41:00+05:30,11.95,11.95,11.95,11.95,4
2026-09-23T13:42:00+05:30,11.7,11.8,11.7,11.75,18
2026-09-23T13:43:00+05:30,11.7,11.7,11.5,11.55,26
2026-09-23T13:44:00+05:30,11.65,11.7,11.45,11.45,5
2026-09-23T13:45:00+05:30,11.45,11.45,11.3,11.3,5
2026-09-23T13:47:00+05:30,11.25,11.45,11.2,11.45,7
2026-09-23T13:48:00+05:30,11.25,11.25,11.2,11.25,7
2026-09-23T13:49:00+05:30,11.2,11.25,11.15,11.15,11
2026-09-23T13:50:00+05:30,11.1,11.1,11.1,11.1,10
2026-09-23T13:51:00+05:30,11.2,11.25,11.2,11.25,10
2026-09-23T13:52:00+05:30,11.25,11.25,11.2,11.2,40
2026-09-23T13:54:00+05:30,11.15,11.2,11.15,11.15,42
2026-09-23T13:55:00+05:30,11.1,11.15,11.1,11.15,43
2026-09-23T13:56:00+05:30,11.25,11.3,11.25,11.3,15
2026-09-23T13:57:00+05:30,11.3,11.3,11.3,11.3,1
2026-09-23T13:58:00+05:30,11.3,11.35,11.3,11.35,10
2026-09-23T13:59:00+05:30,11.35,11.35,11.25,11.25,2
2026-09-23T14:01:00+05:30,11.25,11.25,11.2,11.25,13
2026-09-23T14:03:00+05:30,11.05,11.05,11.05,11.05,12
2026-09-23T14:04:00+05:30,11.05,11.15,10.95,11.05,112
2026-09-23T14:05:00+05:30,11.05,11.1,11.0,11.0,16
2026-09-23T14:06:00+05:30,11.0,11.0,10.9,10.9,13
2026-09-23T14:07:00+05:30,11.0,11.0,10.9,10.9,19
2026-09-23T14:08:00+05:30,10.9,11.0,10.75,10.8,13
2026-09-23T14:09:00+05:30,10.85,10.85,10.65,10.65,24
2026-09-23T14:10:00+05:30,10.7,10.8,10.7,10.7,19
2026-09-23T14:11:00+05:30,10.75,10.75,10.6,10.6,24
2026-09-23T14:12:00+05:30,10.65,10.85,10.65,10.85,15
2026-09-23T14:14:00+05:30,10.9,10.9,10.55,10.55,54
2026-09-23T14:15:00+05:30,10.6,10.6,10.5,10.5,27
2026-09-23T14:16:00+05:30,10.5,10.5,10.45,10.45,2
2026-09-23T14:17:00+05:30,10.5,10.65,10.5,10.5,31
2026-09-23T14:18:00+05:30,10.4,10.6,10.3,10.3,62
2026-09-23T14:19:00+05:30,10.25,10.45,10.25,10.45,43
2026-09-23T14:20:00+05:30,10.4,10.4,10.35,10.35,7
2026-09-23T14:21:00+05:30,10.4,10.5,10.25,10.35,63
2026-09-23T14:22:00+05:30,10.3,10.35,10.25,10.3,64
2026-09-23T14:23:00+05:30,10.3,10.3,10.2,10.25,10
2026-09-23T14:24:00+05:30,10.25,10.4,10.25,10.4,45
2026-09-23T14:25:00+05:30,10.4,10.45,10.35,10.4,48
2026-09-23T14:26:00+05:30,10.4,10.45,10.4,10.45,7
2026-09-23T14:27:00+05:30,10.4,10.4,10.35,10.4,42
2026-09-23T14:28:00+05:30,10.4,10.45,10.2,10.25,126
2026-09-23T14:29:00+05:30,10.3,10.35,10.2,10.3,9
2026-09-23T14:30:00+05:30,10.25,10.3,10.2,10.3,35
2026-09-23T14:31:00+05:30,10.35,10.5,10.35,10.45,218
2026-09-23T14:32:00+05:30,10.45,10.55,10.35,10.45,138
2026-09-23T14:33:00+05:30,10.4,10.4,10.3,10.35,40
2026-09-23T14:34:00+05:30,10.35,10.55,10.35,10.35,123
2026-09-23T14:35:00+05:30,10.3,10.4,10.3,10.4,41
2026-09-23T14:36:00+05:30,10.35,10.4,10.35,10.4,7
2026-09-23T14:37:00+05:30,10.45,10.55,10.45,10.45,8
2026-09-23T14:38:00+05:30,10.45,10.55,10.45,10.5,14
2026-09-23T14:39:00+05:30,10.6,10.6,10.6,10.6,13
2026-09-23T14:40:00+05:30,10.55,10.65,10.55,10.6,30
2026-09-23T14:42:00+05:30,10.65,10.7,10.55,10.55,39
2026-09-23T14:43:00+05:30,10.65,10.7,10.25,10.4,528
2026-09-23T14:44:00+05:30,10.35,10.45,10.15,10.2,205
2026-09-23T14:45:00+05:30,10.2,10.3,10.1,10.1,89
2026-09-23T14:46:00+05:30,10.2,10.25,10.05,10.05,40
2026-09-23T14:47:00+05:30,10.2,10.25,10.1,10.15,45
2026-09-23T14:48:00+05:30,10.2,10.25,10.0,10.2,63
2026-09-23T14:49:00+05:30,10.1,10.1,10.05,10.05,7
2026-09-23T14:50:00+05:30,10.1,10.1,10.0,10.1,41
2026-09-23T14:51:00+05:30,10.1,10.1,10.0,10.05,66
2026-09-23T14:52:00+05:30,10.05,10.2,10.0,10.2,51
2026-09-23T14:53:00+05:30,10.1,10.15,9.9,10.0,234
2026-09-23T14:54:00+05:30,10.0,10.0,9.95,10.0,9
2026-09-23T14:55:00+05:30,10.0,10.0,9.8,9.8,66
2026-09-23T14:56:00+05:30,9.8,9.85,9.8,9.85,9
2026-09-23T14:57:00+05:30,9.95,10.0,9.85,9.9,37
2026-09-23T14:58:00+05:30,9.95,10.15,9.8,10.1,104
2026-09-23T14:59:00+05:30,10.15,10.15,9.9,10.05,18
2026-09-23T15:00:00+05:30,10.15,10.3,10.05,10.1,153
2026-09-23T15:01:00+05:30,10.15,10.2,9.95,10.2,146
2026-09-23T15:02:00+05:30,10.25,10.3,10.0,10.0,603
2026-09-23T15:03:00+05:30,10.05,10.15,10.0,10.0,46
2026-09-23T15:04:00+05:30,10.05,10.1,9.8,9.8,237
2026-09-23T15:05:00+05:30,9.75,9.8,9.55,9.7,200
2026-09-23T15:06:00+05:30,9.7,9.75,9.55,9.7,177
2026-09-23T15:07:00+05:30,9.7,9.95,9.7,9.85,19
2026-09-23T15:08:00+05:30,9.85,10.0,9.8,9.9,87
2026-09-23T15:09:00+05:30,9.85,10.0,9.85,10.0,70
2026-09-23T15:10:00+05:30,10.0,10.1,9.85,10.05,231
2026-09-23T15:11:00+05:30,10.1,10.15,9.75,9.75,109
2026-09-23T15:12:00+05:30,9.75,9.9,9.7,9.8,91
2026-09-23T15:13:00+05:30,9.8,10.1,9.75,9.8,456
2026-09-23T15:14:00+05:30,9.95,10.0,9.65,9.7,167
2026-09-23T15:15:00+05:30,9.8,9.95,9.75,9.85,342
2026-09-23T15:16:00+05:30,9.8,10.15,9.8,10.05,414
2026-09-23T15:17:00+05:30,9.95,10.05,9.9,9.95,67
2026-09-23T15:18:00+05:30,10.05,10.15,10.05,10.1,39
2026-09-23T15:19:00+05:30,10.15,10.2,9.9,9.9,434
2026-09-23T15:20:00+05:30,10.1,10.25,10.05,10.2,73
2026-09-23T15:21:00+05:30,10.2,10.3,10.0,10.0,413
2026-09-23T15:22:00+05:30,10.1,10.2,9.9,9.9,133
2026-09-23T15:23:00+05:30,9.9,9.9,9.8,9.9,76
2026-09-23T15:24:00+05:30,9.8,9.9,9.7,9.7,212
2026-09-23T15:25:00+05:30,9.8,9.9,9.55,9.7,437
2026-09-23T15:26:00+05:30,9.7,9.85,9.7,9.75,40
2026-09-23T15:27:00+05:30,9.8,9.85,9.7,9.8,48
2026-09-23T15:28:00+05:30,9.8,9.9,9.75,9.75,86
2026-09-23T15:29:00+05:30,9.75,9.85,9.6,9.7,82
2026-09-23T15:30:00+05:30,9.55,9.65,9.35,9.35,403
2026-09-23T15:31:00+05:30,9.4,9.55,9.3,9.45,225
2026-09-23T15:32:00+05:30,9.5,9.8,9.3,9.65,137
2026-09-23T15:33:00+05:30,9.65,9.75,9.6,9.65,190
2026-09-23T15:34:00+05:30,9.7,9.85,9.65,9.7,201
2026-09-23T15:35:00+05:30,9.8,9.8,9.6,9.8,50
2026-09-23T15:36:00+05:30,9.7,9.8,9.5,9.6,205
2026-09-23T15:37:00+05:30,9.6,9.85,9.5,9.55,261
2026-09-23T15:38:00+05:30,9.65,10.3,9.3,9.55,471
2026-09-23T15:39:00+05:30,9.4,9.65,9.25,9.35,421
2026-09-24T09:15:00+05:30,36.3,36.3,23.7,24.95,3421
2026-09-24T09:16:00+05:30,25.0,30.5,24.0,25.55,3509
2026-09-24T09:17:00+05:30,25.5,31.95,25.15,31.55,1783
2026-09-24T09:18:00+05:30,31.8,33.2,30.05,31.55,1696
2026-09-24T09:19:00+05:30,31.85,37.9,29.4,36.65,2451
2026-09-24T09:20:00+05:30,36.45,37.1,34.9,35.65,1543
2026-09-24T09:21:00+05:30,35.25,38.9,34.2,36.6,1704
2026-09-24T09:22:00+05:30,36.45,38.05,30.7,30.75,1327
2026-09-24T09:23:00+05:30,31.0,31.3,28.3,28.9,715
2026-09-24T09:24:00+05:30,28.75,29.8,27.75,29.7,526
2026-09-24T09:25:00+05:30,29.75,33.9,29.55,32.75,247
2026-09-24T09:26:00+05:30,32.75,33.5,30.85,32.7,187
2026-09-24T09:27:00+05:30,33.0,35.0,32.9,33.75,254
2026-09-24T09:28:00+05:30,34.0,34.45,32.5,33.3,591
2026-09-24T09:29:00+05:30,33.5,34.6,32.95,33.3,178
2026-09-24T09:30:00+05:30,33.4,37.6,33.25,37.2,734
2026-09-24T09:31:00+05:30,37.3,40.0,35.9,39.15,639
2026-09-24T09:32:00+05:30,39.1,39.4,36.8,38.15,413
2026-09-24T09:33:00+05:30,38.3,39.75,37.9,38.6,257
2026-09-24T09:34:00+05:30,38.65,39.5,37.6,37.6,586
2026-09-24T09:35:00+05:30,37.1,38.0,35.9,37.6,256
2026-09-24T09:36:00+05:30,37.55,38.3,36.85,37.05,167
2026-09-24T09:37:00+05:30,37.35,39.45,36.95,39.45,435
2026-09-24T09:38:00+05:30,39.25,46.3,39.1,46.0,403
2026-09-24T09:39:00+05:30,46.0,50.35,44.45,49.5,394
2026-09-24T09:40:00+05:30,49.25,50.6,46.0,46.2,788
2026-09-24T09:41:00+05:30,46.15,50.3,46.15,48.9,508
2026-09-24T09:42:00+05:30,48.85,51.65,48.3,49.5,1003
2026-09-24T09:43:00+05:30,49.6,57.95,49.0,56.0,1185
2026-09-24T09:44:00+05:30,56.6,61.5,55.9,59.6,1167
2026-09-24T09:45:00+05:30,59.6,65.2,56.4,56.65,1326
2026-09-24T09:46:00+05:30,56.4,59.4,54.75,58.95,801
2026-09-24T09:47:00+05:30,58.8,60.55,57.55,60.0,381
2026-09-24T09:48:00+05:30,60.4,60.5,56.8,57.8,570
2026-09-24T09:49:00+05:30,57.85,58.2,52.35,52.45,553
2026-09-24T09:50:00+05:30,52.8,54.95,51.1,51.4,525
2026-09-24T09:51:00+05:30,51.0,53.35,50.4,53.3,495
2026-09-24T09:52:00+05:30,53.3,54.85,51.4,53.55,283
2026-09-24T09:53:00+05:30,53.45,54.75,52.8,54.7,474
2026-09-24T09:54:00+05:30,54.5,55.5,54.2,54.65,130
2026-09-24T09:55:00+05:30,54.65,57.55,54.65,55.2,347
2026-09-24T09:56:00+05:30,55.2,56.2,54.3,55.1,218
2026-09-24T09:57:00+05:30,55.45,55.9,54.35,54.6,186
2026-09-24T09:58:00+05:30,54.9,55.4,51.85,53.15,306
2026-09-24T09:59:00+05:30,52.9,54.35,51.55,52.55,155
2026-09-24T10:00:00+05:30,52.45,53.35,49.4,49.4,246
2026-09-24T10:01:00+05:30,49.3,49.55,48.15,49.45,395
2026-09-24T10:02:00+05:30,48.65,49.7,46.1,46.3,388
2026-09-24T10:03:00+05:30,46.4,46.65,43.15,43.15,241
2026-09-24T10:04:00+05:30,43.4,44.1,41.0,44.05,738
2026-09-24T10:05:00+05:30,44.15,47.0,44.15,44.65,785
2026-09-24T10:06:00+05:30,44.7,46.85,44.7,45.5,467
2026-09-24T10:07:00+05:30,45.65,45.65,42.7,42.7,257
2026-09-24T10:08:00+05:30,42.65,42.9,39.55,39.55,487
2026-09-24T10:09:00+05:30,39.55,40.0,38.0,39.25,598
2026-09-24T10:10:00+05:30,39.6,42.45,39.1,41.6,228
2026-09-24T10:11:00+05:30,42.1,44.5,41.9,43.1,261
2026-09-24T10:12:00+05:30,43.25,44.8,43.1,44.8,293
2026-09-24T10:13:00+05:30,45.0,46.4,43.25,46.4,515
2026-09-24T10:14:00+05:30,46.95,48.0,46.05,46.75,509
2026-09-24T10:15:00+05:30,46.75,46.9,44.8,45.25,575
2026-09-24T10:16:00+05:30,45.0,45.65,44.0,44.65,416
2026-09-24T10:17:00+05:30,45.2,46.45,44.95,45.5,251
2026-09-24T10:18:00+05:30,45.3,46.6,45.0,46.15,211
2026-09-24T10:19:00+05:30,46.45,47.8,43.6,43.6,220
2026-09-24T10:20:00+05:30,43.5,46.3,43.35,46.0,108
2026-09-24T10:21:00+05:30,46.05,48.2,45.9,48.2,167
2026-09-24T10:22:00+05:30,48.35,50.3,48.3,49.9,350
2026-09-24T10:23:00+05:30,50.2,50.8,48.4,48.55,612
2026-09-24T10:24:00+05:30,49.55,50.05,48.6,49.25,367
2026-09-24T10:25:00+05:30,49.85,53.0,49.85,51.3,195
2026-09-24T10:26:00+05:30,51.6,52.45,49.0,49.55,180
2026-09-24T10:27:00+05:30,49.1,49.15,48.0,48.65,239
2026-09-24T10:28:00+05:30,48.5,51.2,48.15,51.05,125
2026-09-24T10:29:00+05:30,50.8,51.0,49.0,49.8,115
2026-09-24T10:30:00+05:30,49.7,50.35,49.0,49.0,86
2026-09-24T10:31:00+05:30,48.6,48.6,46.35,46.35,58
2026-09-24T10:32:00+05:30,46.3,46.3,44.7,45.45,192
2026-09-24T10:33:00+05:30,45.3,46.5,41.7,42.25,359
2026-09-24T10:34:00+05:30,42.5,44.3,41.95,43.15,203
2026-09-24T10:35:00+05:30,42.75,44.5,42.25,44.3,152
2026-09-24T10:36:00+05:30,44.3,44.55,40.0,41.6,283
2026-09-24T10:37:00+05:30,41.2,43.45,41.0,43.45,128
2026-09-24T10:38:00+05:30,43.0,43.0,41.0,43.0,153
2026-09-24T10:39:00+05:30,43.15,43.6,42.0,42.85,74
2026-09-24T10:40:00+05:30,43.1,45.5,43.1,45.3,100
2026-09-24T10:41:00+05:30,45.2,45.65,44.0,45.0,150
2026-09-24T10:42:00+05:30,45.0,46.0,44.15,44.3,206
2026-09-24T10:43:00+05:30,44.35,46.65,44.15,45.9,69
2026-09-24T10:44:00+05:30,46.25,46.4,45.0,45.0,187
2026-09-24T10:45:00+05:30,44.55,44.55,43.0,43.35,122
2026-09-24T10:46:00+05:30,43.45,43.9,42.65,42.8,53
2026-09-24T10:47:00+05:30,43.8,44.15,42.6,42.6,88
2026-09-24T10:48:00+05:30,43.15,45.0,43.15,45.0,50
2026-09-24T10:49:00+05:30,44.9,45.35,44.0,44.0,157
2026-09-24T10:50:00+05:30,43.85,44.65,43.85,43.9,6
2026-09-24T10:51:00+05:30,44.0,44.45,41.0,43.8,222
2026-09-24T10:52:00+05:30,43.65,43.9,40.55,40.85,300
2026-09-24T10:53:00+05:30,40.8,41.25,38.85,40.65,276
2026-09-24T10:54:00+05:30,40.3,40.75,39.0,39.6,99
2026-09-24T10:55:00+05:30,39.1,39.1,36.55,36.9,187
2026-09-24T10:56:00+05:30,37.0,39.3,37.0,39.1,92
2026-09-24T10:57:00+05:30,39.15,39.55,38.3,39.3,57
2026-09-24T10:58:00+05:30,38.55,40.8,38.55,39.7,172
2026-09-24T10:59:00+05:30,39.8,39.8,38.0,38.0,68
2026-09-24T11:00:00+05:30,38.0,39.0,38.0,38.45,62
2026-09-24T11:01:00+05:30,37.2,38.75,36.35,38.75,45
2026-09-24T11:02:00+05:30,38.45,38.45,36.45,36.7,76
2026-09-24T11:03:00+05:30,37.0,38.0,36.95,38.0,47
2026-09-24T11:04:00+05:30,38.4,38.5,37.5,38.0,296
2026-09-24T11:05:00+05:30,38.45,40.0,38.4,40.0,64
2026-09-24T11:06:00+05:30,40.75,42.45,40.35,42.4,226
2026-09-24T11:07:00+05:30,41.8,42.05,40.0,40.4,45
2026-09-24T11:08:00+05:30,41.0,42.4,41.0,41.85,74
2026-09-24T11:09:00+05:30,42.35,44.0,42.35,43.6,62
2026-09-24T11:10:00+05:30,43.55,44.05,43.1,43.2,74
2026-09-24T11:11:00+05:30,43.1,44.3,42.0,44.05,98
2026-09-24T11:12:00+05:30,44.2,44.4,43.0,44.0,92
2026-09-24T11:13:00+05:30,44.25,48.55,43.85,46.0,365
2026-09-24T11:14:00+05:30,46.25,47.05,45.15,46.0,213
2026-09-24T11:15:00+05:30,46.3,46.5,43.0,43.0,192
2026-09-24T11:16:00+05:30,42.45,42.95,42.0,42.35,40
2026-09-24T11:17:00+05:30,42.15,42.3,40.0,41.0,264
2026-09-24T11:18:00+05:30,40.25,40.5,37.85,38.6,114
2026-09-24T11:19:00+05:30,38.75,39.35,37.2,37.65,138
2026-09-24T11:20:00+05:30,37.7,39.5,37.7,38.95,245
2026-09-24T11:21:00+05:30,39.95,40.4,38.75,38.9,163
2026-09-24T11:22:00+05:30,39.95,40.85,38.9,39.85,49
2026-09-24T11:23:00+05:30,40.95,41.55,40.95,41.35,25
2026-09-24T11:24:00+05:30,41.65,43.0,41.0,43.0,107
2026-09-24T11:25:00+05:30,43.15,45.5,42.2,45.3,409
2026-09-24T11:26:00+05:30,46.0,47.0,44.25,44.25,77
2026-09-24T11:27:00+05:30,44.75,44.75,43.65,43.75,62
2026-09-24T11:28:00+05:30,43.75,44.45,42.85,44.45,116
2026-09-24T11:29:00+05:30,44.0,44.25,44.0,44.25,4
2026-09-24T11:30:00+05:30,44.25,44.5,43.85,43.85,52
2026-09-24T11:31:00+05:30,44.0,45.35,43.45,44.95,109
2026-09-24T11:32:00+05:30,44.85,48.5,44.85,47.95,328
2026-09-24T11:33:00+05:30,48.0,48.5,45.5,45.5,89
2026-09-24T11:34:00+05:30,45.35,47.5,45.0,47.15,99
2026-09-24T11:35:00+05:30,47.6,47.6,45.9,46.0,76
2026-09-24T11:36:00+05:30,46.15,46.15,42.95,43.5,88
2026-09-24T11:37:00+05:30,43.0,44.1,42.3,42.95,509
2026-09-24T11:38:00+05:30,42.5,43.55,41.75,43.2,348
2026-09-24T11:39:00+05:30,43.4,44.0,41.6,41.8,192
2026-09-24T11:40:00+05:30,42.15,43.15,41.95,42.5,39
2026-09-24T11:41:00+05:30,42.2,43.45,41.8,43.45,35
2026-09-24T11:42:00+05:30,43.9,44.0,43.4,43.65,12
2026-09-24T11:43:00+05:30,43.65,44.05,42.85,43.35,23
2026-09-24T11:44:00+05:30,43.45,44.45,43.45,44.0,30
2026-09-24T11:45:00+05:30,44.2,44.2,42.95,43.2,21
2026-09-24T11:46:00+05:30,43.1,43.25,42.05,43.25,17
2026-09-24T11:47:00+05:30,43.05,44.0,43.0,44.0,16
2026-09-24T11:48:00+05:30,44.45,44.7,42.95,43.0,24
2026-09-24T11:49:00+05:30,43.25,45.4,43.25,44.9,67
2026-09-24T11:50:00+05:30,45.2,45.2,44.0,45.0,39
2026-09-24T11:51:00+05:30,45.0,45.8,45.0,45.8,55
2026-09-24T11:52:00+05:30,44.6,45.15,43.9,44.05,177
2026-09-24T11:53:00+05:30,43.75,44.4,43.15,44.1,70
2026-09-24T11:54:00+05:30,44.15,44.25,43.3,43.3,43
2026-09-24T11:55:00+05:30,43.35,45.0,43.35,44.95,54
2026-09-24T11:56:00+05:30,45.15,46.0,44.95,45.85,47
2026-09-24T11:57:00+05:30,46.15,47.0,45.3,46.25,112
2026-09-24T11:58:00+05:30,46.3,46.3,44.3,44.8,35
2026-09-24T11:59:00+05:30,44.8,45.15,44.0,44.3,30
2026-09-24T12:00:00+05:30,44.4,45.1,43.4,43.4,26
2026-09-24T12:01:00+05:30,43.3,43.5,41.45,41.65,105
2026-09-24T12:02:00+05:30,41.2,41.45,39.65,41.15,85
2026-09-24T12:03:00+05:30,41.45,42.7,41.25,42.65,87
2026-09-24T12:04:00+05:30,42.95,43.0,42.15,42.45,17
2026-09-24T12:05:00+05:30,42.65,42.65,41.9,42.6,20
2026-09-24T12:06:00+05:30,42.45,42.65,41.75,42.25,41
2026-09-24T12:07:00+05:30,42.5,42.65,41.45,42.65,103
2026-09-24T12:08:00+05:30,42.65,43.8,42.65,43.5,12
2026-09-24T12:09:00+05:30,43.3,43.3,42.05,42.7,59
2026-09-24T12:10:00+05:30,43.1,43.1,42.0,42.0,8
2026-09-24T12:11:00+05:30,41.85,41.85,41.0,41.3,35
2026-09-24T12:12:00+05:30,41.6,42.7,41.25,42.65,45
2026-09-24T12:13:00+05:30,42.55,42.7,41.9,42.3,99
2026-09-24T12:14:00+05:30,43.0,44.4,42.7,44.3,33
2026-09-24T12:15:00+05:30,44.2,44.25,42.1,42.7,29
2026-09-24T12:16:00+05:30,43.0,43.65,43.0,43.65,23
2026-09-24T12:17:00+05:30,43.3,43.65,42.9,43.65,21
2026-09-24T12:18:00+05:30,43.55,43.55,42.55,42.95,59
2026-09-24T12:19:00+05:30,42.6,42.8,41.35,41.35,43
2026-09-24T12:20:00+05:30,41.05,42.15,40.1,42.15,28
2026-09-24T12:21:00+05:30,42.1,42.15,41.5,42.15,45
2026-09-24T12:22:00+05:30,42.0,42.75,41.85,42.75,32
2026-09-24T12:23:00+05:30,43.0,45.45,43.0,44.0,55
2026-09-24T12:24:00+05:30,44.0,44.3,43.0,43.45,134
2026-09-24T12:25:00+05:30,43.9,47.65,43.9,47.4,247
2026-09-24T12:26:00+05:30,47.9,48.0,44.05,44.05,338
2026-09-24T12:27:00+05:30,44.1,44.8,43.65,43.75,19
2026-09-24T12:28:00+05:30,43.05,43.05,41.0,41.85,240
2026-09-24T12:29:00+05:30,41.8,43.0,41.8,43.0,60
2026-09-24T12:30:00+05:30,42.25,43.45,40.8,41.7,339
2026-09-24T12:31:00+05:30,41.3,43.8,40.25,43.8,252
2026-09-24T12:32:00+05:30,43.85,48.0,43.85,47.15,339
2026-09-24T12:33:00+05:30,47.05,47.05,44.9,45.55,366
2026-09-24T12:34:00+05:30,46.3,46.3,44.7,45.15,83
2026-09-24T12:35:00+05:30,44.35,49.5,44.35,46.25,218
2026-09-24T12:36:00+05:30,47.5,50.7,45.0,45.3,278
2026-09-24T12:37:00+05:30,45.25,47.5,45.2,45.65,204
2026-09-24T12:38:00+05:30,45.45,45.45,43.5,43.5,52
2026-09-24T12:39:00+05:30,43.65,44.9,43.45,44.25,77
2026-09-24T12:40:00+05:30,43.95,44.25,42.65,42.65,160
2026-09-24T12:41:00+05:30,42.25,43.4,41.7,43.4,324
2026-09-24T12:42:00+05:30,43.0,43.25,42.4,43.25,48
2026-09-24T12:43:00+05:30,43.4,44.8,43.3,44.3,126
2026-09-24T12:44:00+05:30,44.8,46.0,44.45,45.85,165
2026-09-24T12:45:00+05:30,45.8,46.35,44.65,45.55,95
2026-09-24T12:46:00+05:30,45.4,46.45,44.75,46.45,76
2026-09-24T12:47:00+05:30,46.2,47.4,45.85,46.2,73
2026-09-24T12:48:00+05:30,46.45,48.15,45.55,47.95,256
2026-09-24T12:49:00+05:30,48.0,48.45,46.85,47.7,147
2026-09-24T12:50:00+05:30,47.25,47.25,45.65,46.25,345
2026-09-24T12:51:00+05:30,46.3,46.3,45.3,46.05,19
2026-09-24T12:52:00+05:30,46.05,47.05,45.7,46.55,100
2026-09-24T12:53:00+05:30,46.95,47.7,46.55,47.7,33
2026-09-24T12:54:00+05:30,48.0,49.8,47.05,49.15,430
2026-09-24T12:55:00+05:30,48.85,48.85,47.45,47.45,161
2026-09-24T12:56:00+05:30,47.6,47.95,45.65,46.05,95
2026-09-24T12:57:00+05:30,46.05,46.5,44.75,45.1,81
2026-09-24T12:58:00+05:30,45.2,45.5,44.5,45.1,246
2026-09-24T12:59:00+05:30,45.95,46.45,45.0,45.0,59
2026-09-24T13:00:00+05:30,45.7,46.25,43.65,45.75,58
2026-09-24T13:01:00+05:30,45.0,45.0,42.9,43.3,57
2026-09-24T13:02:00+05:30,43.2,43.2,42.0,42.0,170
2026-09-24T13:03:00+05:30,42.05,42.05,40.1,40.4,131
2026-09-24T13:04:00+05:30,40.7,42.2,40.7,41.4,47
2026-09-24T13:05:00+05:30,41.65,43.05,41.0,43.05,54
2026-09-24T13:06:00+05:30,42.9,44.0,42.45,42.9,78
2026-09-24T13:07:00+05:30,42.25,42.25,41.0,41.6,67
2026-09-24T13:08:00+05:30,40.7,41.85,40.15,41.65,111
2026-09-24T13:09:00+05:30,41.65,42.7,41.5,42.15,224
2026-09-24T13:10:00+05:30,42.7,44.45,42.7,43.7,1093
2026-09-24T13:11:00+05:30,43.55,44.0,42.95,43.75,63
2026-09-24T13:12:00+05:30,44.0,44.2,42.15,42.2,34
2026-09-24T13:13:00+05:30,42.15,42.7,40.9,40.9,88
2026-09-24T13:14:00+05:30,41.2,41.2,39.35,40.7,174
2026-09-24T13:15:00+05:30,40.7,41.75,40.1,40.6,80
2026-09-24T13:16:00+05:30,40.55,41.45,40.25,40.6,51
2026-09-24T13:17:00+05:30,40.9,43.2,40.9,42.5,33
2026-09-24T13:18:00+05:30,42.45,43.4,41.85,43.4,224
2026-09-24T13:19:00+05:30,43.2,43.5,42.55,42.55,21
2026-09-24T13:20:00+05:30,42.85,44.15,42.6,42.85,69
2026-09-24T13:21:00+05:30,42.75,43.1,42.4,42.6,37
2026-09-24T13:22:00+05:30,43.35,43.8,42.75,43.25,24
2026-09-24T13:23:00+05:30,43.3,43.95,43.05,43.3,144
2026-09-24T13:24:00+05:30,43.2,43.4,41.65,41.75,1099
2026-09-24T13:25:00+05:30,41.8,44.8,41.55,44.2,80
2026-09-24T13:26:00+05:30,44.35,55.95,43.4,55.95,903
2026-09-24T13:27:00+05:30,56.05,59.1,52.1,55.55,1435
2026-09-24T13:28:00+05:30,55.5,57.55,54.45,54.9,253
2026-09-24T13:29:00+05:30,54.85,55.65,52.45,54.6,289
2026-09-24T13:30:00+05:30,54.25,55.3,51.4,52.6,714
2026-09-24T13:31:00+05:30,51.8,52.95,48.05,48.55,694
2026-09-24T13:32:00+05:30,49.3,52.15,49.0,50.65,275
2026-09-24T13:33:00+05:30,51.3,53.7,49.9,50.95,243
2026-09-24T13:34:00+05:30,51.2,54.45,51.0,53.0,479
2026-09-24T13:35:00+05:30,52.0,54.35,51.8,54.15,153
2026-09-24T13:36:00+05:30,54.4,56.6,52.8,53.65,276
2026-09-24T13:37:00+05:30,53.1,53.7,52.05,53.55,229
2026-09-24T13:38:00+05:30,53.3,55.45,53.05,54.3,203
2026-09-24T13:39:00+05:30,55.7,58.95,55.35,58.15,322
2026-09-24T13:40:00+05:30,57.7,61.85,56.7,59.5,465
2026-09-24T13:41:00+05:30,59.35,60.9,57.95,58.75,324
2026-09-24T13:42:00+05:30,58.5,62.6,57.55,62.1,380
2026-09-24T13:43:00+05:30,62.35,74.2,61.35,71.55,770
2026-09-24T13:44:00+05:30,71.75,99.3,70.75,88.4,2860
2026-09-24T13:45:00+05:30,88.75,103.4,79.35,103.4,1535
2026-09-24T13:46:00+05:30,103.5,121.8,102.2,108.9,1653
2026-09-24T13:47:00+05:30,108.8,110.75,98.8,106.85,1926
2026-09-24T13:48:00+05:30,107.1,108.4,102.0,103.65,878
2026-09-24T13:49:00+05:30,103.4,103.95,91.35,93.65,1251
2026-09-24T13:50:00+05:30,94.6,96.45,89.4,93.2,654
2026-09-24T13:51:00+05:30,94.25,105.45,93.0,105.45,502
2026-09-24T13:52:00+05:30,105.6,110.0,100.65,104.25,566
2026-09-24T13:53:00+05:30,104.15,105.9,101.6,105.05,202
2026-09-24T13:54:00+05:30,105.45,120.45,105.45,113.15,570
2026-09-24T13:55:00+05:30,113.75,117.55,108.9,111.7,892
2026-09-24T13:56:00+05:30,111.45,116.2,110.75,113.1,587
2026-09-24T13:57:00+05:30,113.1,121.0,108.5,119.4,555
2026-09-24T13:58:00+05:30,119.75,137.55,117.95,135.55,1703
2026-09-24T13:59:00+05:30,136.55,138.85,123.8,130.0,1536
2026-09-24T14:00:00+05:30,129.5,129.5,109.2,110.35,671
2026-09-24T14:01:00+05:30,109.55,109.55,99.0,99.4,677
2026-09-24T14:02:00+05:30,99.9,105.7,94.2,95.5,548
2026-09-24T14:03:00+05:30,94.5,99.1,89.65,97.7,685
2026-09-24T14:04:00+05:30,97.3,112.3,92.15,109.15,752
2026-09-24T14:05:00+05:30,108.45,111.3,102.15,103.25,708
2026-09-24T14:06:00+05:30,103.05,112.55,102.2,111.3,638
2026-09-24T14:07:00+05:30,110.15,111.75,106.2,107.2,283
2026-09-24T14:08:00+05:30,106.6,107.95,98.8,100.0,365
2026-09-24T14:09:00+05:30,101.0,105.35,96.65,99.6,301
2026-09-24T14:10:00+05:30,99.45,102.0,96.25,100.3,319
2026-09-24T14:11:00+05:30,100.35,102.95,98.8,102.3,167
2026-09-24T14:12:00+05:30,102.05,102.05,97.75,98.2,285
2026-09-24T14:13:00+05:30,98.05,101.95,94.35,96.5,231
2026-09-24T14:14:00+05:30,96.8,100.65,96.0,98.0,91
2026-09-24T14:15:00+05:30,96.3,102.6,94.15,102.0,322
2026-09-24T14:16:00+05:30,102.8,102.8,96.3,99.8,149
2026-09-24T14:17:00+05:30,99.7,100.4,97.35,98.4,131
2026-09-24T14:18:00+05:30,97.3,98.6,94.1,96.55,183
2026-09-24T14:19:00+05:30,97.55,103.0,96.55,100.3,108
2026-09-24T14:20:00+05:30,99.45,103.05,98.15,102.3,154
2026-09-24T14:21:00+05:30,102.5,106.65,102.3,102.75,287
2026-09-24T14:22:00+05:30,101.9,109.0,101.0,108.7,147
2026-09-24T14:23:00+05:30,108.45,117.0,107.05,112.35,195
2026-09-24T14:24:00+05:30,113.05,114.05,105.1,106.45,254
2026-09-24T14:25:00+05:30,105.75,107.9,100.0,102.15,125
2026-09-24T14:26:00+05:30,102.85,108.1,101.8,104.05,145
2026-09-24T14:27:00+05:30,103.7,105.2,101.8,101.9,58
2026-09-24T14:28:00+05:30,102.2,103.55,97.15,103.45,200
2026-09-24T14:29:00+05:30,103.45,105.0,101.65,103.5,84
2026-09-24T14:30:00+05:30,102.9,105.65,100.55,102.1,170
2026-09-24T14:31:00+05:30,101.45,104.0,96.0,96.7,188
2026-09-24T14:32:00+05:30,97.3,98.35,91.2,97.75,334
2026-09-24T14:33:00+05:30,97.8,100.55,95.0,96.6,214
2026-09-24T14:34:00+05:30,96.65,96.85,91.3,91.5,127
2026-09-24T14:35:00+05:30,91.35,92.25,87.6,87.6,194
2026-09-24T14:36:00+05:30,87.85,89.8,83.0,83.15,272
2026-09-24T14:37:00+05:30,83.4,85.0,79.2,80.0,284
2026-09-24T14:38:00+05:30,80.5,80.5,74.65,78.7,322
2026-09-24T14:39:00+05:30,77.7,78.25,69.25,69.25,535
2026-09-24T14:40:00+05:30,68.5,71.9,67.65,71.65,285
2026-09-24T14:41:00+05:30,71.15,74.7,70.4,71.8,329
2026-09-24T14:42:00+05:30,71.65,78.45,71.5,75.25,244
2026-09-24T14:43:00+05:30,75.65,75.65,71.6,72.0,226
2026-09-24T14:44:00+05:30,72.7,75.25,72.35,73.3,415
2026-09-24T14:45:00+05:30,74.1,75.1,67.75,67.75,237
2026-09-24T14:46:00+05:30,67.7,69.3,66.25,69.3,292
2026-09-24T14:47:00+05:30,69.3,70.5,65.95,68.9,311
2026-09-24T14:48:00+05:30,68.95,70.0,66.45,67.0,259
2026-09-24T14:49:00+05:30,67.1,69.2,66.45,66.55,45
2026-09-24T14:50:00+05:30,66.25,66.25,62.2,63.4,175
2026-09-24T14:51:00+05:30,64.0,64.15,59.5,59.95,302
2026-09-24T14:52:00+05:30,59.85,60.8,58.1,59.85,149
2026-09-24T14:53:00+05:30,60.3,61.4,58.35,58.35,621
2026-09-24T14:54:00+05:30,58.5,60.45,57.15,60.45,203
2026-09-24T14:55:00+05:30,60.0,60.65,55.85,57.15,117
2026-09-24T14:56:00+05:30,55.9,61.0,54.9,60.4,225
2026-09-24T14:57:00+05:30,61.15,64.25,61.05,62.15,138
2026-09-24T14:58:00+05:30,62.1,66.4,62.1,62.8,358
2026-09-24T14:59:00+05:30,63.5,69.05,63.1,68.2,258
2026-09-24T15:00:00+05:30,68.0,71.0,65.95,70.0,480
2026-09-24T15:01:00+05:30,70.25,73.3,66.15,66.65,562
2026-09-24T15:02:00+05:30,67.0,67.5,60.85,61.15,105
2026-09-24T15:03:00+05:30,61.2,64.85,61.0,64.15,118
2026-09-24T15:04:00+05:30,63.0,63.0,59.4,61.0,97
2026-09-24T15:05:00+05:30,61.1,68.15,60.6,66.5,135
2026-09-24T15:06:00+05:30,66.3,69.75,65.55,66.95,197
2026-09-24T15:07:00+05:30,67.15,70.25,67.15,68.95,155
2026-09-24T15:08:00+05:30,68.6,72.95,67.15,71.75,118
2026-09-24T15:09:00+05:30,71.8,72.15,66.6,67.6,299
2026-09-24T15:10:00+05:30,66.55,72.8,66.1,71.5,268
2026-09-24T15:11:00+05:30,73.15,73.15,68.25,69.7,86
2026-09-24T15:12:00+05:30,70.0,77.2,69.75,73.1,225
2026-09-24T15:13:00+05:30,73.15,81.65,72.45,81.05,509
2026-09-24T15:14:00+05:30,80.9,81.0,75.7,76.8,555
2026-09-24T15:15:00+05:30,76.8,84.0,76.65,83.3,336
2026-09-24T15:16:00+05:30,83.25,83.35,80.05,82.0,260
2026-09-24T15:17:00+05:30,81.7,81.8,77.0,79.55,186
2026-09-24T15:18:00+05:30,79.7,79.7,71.9,72.1,598
2026-09-24T15:19:00+05:30,72.15,72.45,68.75,70.2,302
2026-09-24T15:20:00+05:30,71.6,75.0,71.6,73.25,150
2026-09-24T15:21:00+05:30,74.0,75.15,73.2,73.45,75
2026-09-24T15:22:00+05:30,73.75,74.3,67.6,67.6,831
2026-09-24T15:23:00+05:30,67.6,70.65,67.05,70.6,397
2026-09-24T15:24:00+05:30,70.65,71.05,64.7,64.7,256
2026-09-24T15:25:00+05:30,65.35,65.7,61.2,61.2,241
2026-09-24T15:26:00+05:30,60.65,64.25,59.45,64.2,189
2026-09-24T15:27:00+05:30,64.3,65.7,64.0,65.0,124
2026-09-24T15:28:00+05:30,64.8,65.55,64.2,65.0,105
2026-09-24T15:29:00+05:30,65.2,66.85,64.3,66.8,380
2026-09-24T15:30:00+05:30,66.9,70.45,66.65,69.9,343
2026-09-24T15:31:00+05:30,70.1,73.6,70.1,73.35,405
2026-09-24T15:32:00+05:30,73.9,73.95,70.9,72.0,274
2026-09-24T15:33:00+05:30,72.65,75.45,72.2,75.45,182
2026-09-24T15:34:00+05:30,75.35,76.5,75.0,76.35,422
2026-09-24T15:35:00+05:30,76.25,76.25,74.8,74.85,506
2026-09-24T15:36:00+05:30,75.15,81.5,73.95,79.45,1542
2026-09-24T15:37:00+05:30,79.45,79.55,78.05,78.2,535
2026-09-24T15:38:00+05:30,78.1,79.5,77.35,78.2,211
2026-09-24T15:39:00+05:30,78.1,83.0,67.5,83.0,536
2026-09-25T09:15:00+05:30,79.2,90.1,42.2,42.8,4846
2026-09-25T09:16:00+05:30,41.55,45.35,39.45,41.7,2294
2026-09-25T09:17:00+05:30,41.4,44.4,40.0,42.9,2154
2026-09-25T09:18:00+05:30,42.75,47.0,42.45,45.3,862
2026-09-25T09:19:00+05:30,45.45,46.1,43.0,46.1,766
2026-09-25T09:20:00+05:30,46.25,48.6,45.15,45.4,869
2026-09-25T09:21:00+05:30,45.65,49.2,45.05,46.8,922
2026-09-25T09:22:00+05:30,46.85,47.0,43.0,43.05,877
2026-09-25T09:23:00+05:30,43.05,45.8,41.5,45.8,551
2026-09-25T09:24:00+05:30,45.8,47.0,43.95,45.0,793
2026-09-25T09:25:00+05:30,44.5,44.9,42.05,42.85,389
2026-09-25T09:26:00+05:30,42.8,42.8,40.0,40.05,1143
2026-09-25T09:27:00+05:30,40.0,41.5,39.55,40.2,660
2026-09-25T09:28:00+05:30,40.1,43.25,39.25,41.15,761
2026-09-25T09:29:00+05:30,40.7,41.8,39.55,39.95,512
2026-09-25T09:30:00+05:30,39.45,41.4,38.7,39.25,1053
2026-09-25T09:31:00+05:30,39.2,41.8,38.4,40.7,1160
2026-09-25T09:32:00+05:30,41.0,41.35,38.85,41.35,405
2026-09-25T09:33:00+05:30,41.5,42.35,40.65,40.9,295
2026-09-25T09:34:00+05:30,40.95,41.8,37.75,39.1,740
2026-09-25T09:35:00+05:30,38.8,39.15,37.35,37.95,841
2026-09-25T09:36:00+05:30,37.8,42.3,37.4,42.25,661
2026-09-25T09:37:00+05:30,42.5,47.0,41.5,47.0,659
2026-09-25T09:38:00+05:30,47.0,48.85,45.7,47.45,1220
2026-09-25T09:39:00+05:30,47.6,48.15,45.7,48.1,2087
2026-09-25T09:40:00+05:30,48.5,56.6,48.35,54.5,2453
2026-09-25T09:41:00+05:30,54.45,57.0,51.85,52.55,1360
2026-09-25T09:42:00+05:30,51.8,57.85,51.65,56.2,777
2026-09-25T09:43:00+05:30,56.05,67.25,55.8,63.85,2393
2026-09-25T09:44:00+05:30,63.65,64.0,61.2,62.45,1313
2026-09-25T09:45:00+05:30,62.45,63.4,58.3,63.0,821
2026-09-25T09:46:00+05:30,63.0,64.15,60.6,62.25,797
2026-09-25T09:47:00+05:30,62.15,62.5,54.7,55.45,919
2026-09-25T09:48:00+05:30,55.2,59.1,54.8,57.25,815
2026-09-25T09:49:00+05:30,57.2,61.55,57.1,61.55,442
2026-09-25T09:50:00+05:30,61.25,61.35,58.6,61.05,348
2026-09-25T09:51:00+05:30,61.05,62.25,58.7,59.05,768
2026-09-25T09:52:00+05:30,59.05,70.15,59.05,68.0,1126
2026-09-25T09:53:00+05:30,68.0,68.8,63.25,64.4,470
2026-09-25T09:54:00+05:30,64.4,65.2,60.55,61.8,606
2026-09-25T09:55:00+05:30,62.5,63.0,59.95,62.9,515
2026-09-25T09:56:00+05:30,62.55,64.0,59.15,60.25,791
2026-09-25T09:57:00+05:30,60.55,62.75,59.3,60.75,595
2026-09-25T09:58:00+05:30,60.7,63.75,59.25,59.55,698
2026-09-25T09:59:00+05:30,59.55,60.0,54.05,56.5,1746
2026-09-25T10:00:00+05:30,56.5,56.5,53.4,54.5,695
2026-09-25T10:01:00+05:30,53.95,56.3,53.45,56.05,618
2026-09-25T10:02:00+05:30,56.25,56.7,50.95,51.25,1591
2026-09-25T10:03:00+05:30,51.4,51.85,47.8,50.55,560
2026-09-25T10:04:00+05:30,50.45,51.25,47.25,50.3,584
2026-09-25T10:05:00+05:30,50.55,51.05,46.4,51.05,751
2026-09-25T10:06:00+05:30,51.25,51.25,46.95,47.6,482
2026-09-25T10:07:00+05:30,47.7,49.25,43.35,44.7,691
2026-09-25T10:08:00+05:30,44.75,45.1,37.05,37.6,3420
2026-09-25T10:09:00+05:30,37.45,41.1,36.6,38.65,1204
2026-09-25T10:10:00+05:30,38.6,41.0,36.85,41.0,1087
2026-09-25T10:11:00+05:30,40.85,44.35,40.7,44.2,1716
2026-09-25T10:12:00+05:30,43.7,45.75,42.2,42.2,989
2026-09-25T10:13:00+05:30,42.2,42.5,40.6,42.15,1759
2026-09-25T10:14:00+05:30,42.15,42.65,40.8,41.95,465
2026-09-25T10:15:00+05:30,41.9,42.7,40.65,41.15,513
2026-09-25T10:16:00+05:30,41.0,41.15,39.5,40.6,683
2026-09-25T10:17:00+05:30,40.45,41.75,40.15,40.95,428
2026-09-25T10:18:00+05:30,41.2,44.4,41.1,44.2,641
2026-09-25T10:19:00+05:30,44.25,46.2,43.1,44.7,398
2026-09-25T10:20:00+05:30,44.85,45.8,43.4,44.6,173
2026-09-25T10:21:00+05:30,44.3,44.45,42.0,42.2,535
2026-09-25T10:22:00+05:30,42.7,44.7,42.7,44.7,214
2026-09-25T10:23:00+05:30,44.65,46.1,44.65,45.8,320
2026-09-25T10:24:00+05:30,45.75,50.15,45.0,49.7,424
2026-09-25T10:25:00+05:30,49.55,50.3,45.6,46.3,726
2026-09-25T10:26:00+05:30,46.1,48.05,45.5,46.85,202
2026-09-25T10:27:00+05:30,47.25,49.25,47.25,48.65,1007
2026-09-25T10:28:00+05:30,48.65,52.8,48.65,50.75,857
2026-09-25T10:29:00+05:30,50.45,51.95,48.5,49.2,193
2026-09-25T10:30:00+05:30,49.1,49.1,46.6,47.2,319
2026-09-25T10:31:00+05:30,47.25,48.0,44.1,48.0,607
2026-09-25T10:32:00+05:30,48.75,51.15,48.75,50.55,383
2026-09-25T10:33:00+05:30,50.45,50.8,48.4,49.9,201
2026-09-25T10:34:00+05:30,49.85,55.1,48.65,54.35,332
2026-09-25T10:35:00+05:30,54.8,56.75,52.9,53.9,1007
2026-09-25T10:36:00+05:30,53.75,54.9,52.0,52.0,444
2026-09-25T10:37:00+05:30,52.05,52.05,49.6,49.6,260
2026-09-25T10:38:00+05:30,49.35,50.8,48.25,48.7,336
2026-09-25T10:39:00+05:30,48.2,48.75,46.95,48.75,643
2026-09-25T10:40:00+05:30,48.65,49.2,46.5,47.75,197
2026-09-25T10:41:00+05:30,47.2,51.25,47.0,49.6,141
2026-09-25T10:42:00+05:30,49.75,49.95,46.8,48.55,311
2026-09-25T10:43:00+05:30,48.45,51.25,48.45,50.3,287
2026-09-25T10:44:00+05:30,50.0,51.5,49.9,51.0,133
2026-09-25T10:45:00+05:30,50.35,51.8,50.2,51.25,263
2026-09-25T10:46:00+05:30,51.2,52.45,50.5,50.9,228
2026-09-25T10:47:00+05:30,51.05,54.4,51.05,54.35,204
2026-09-25T10:48:00+05:30,54.25,55.2,52.75,52.8,536
2026-09-25T10:49:00+05:30,53.0,53.8,51.25,52.15,355
2026-09-25T10:50:00+05:30,52.2,52.8,50.9,51.7,276
2026-09-25T10:51:00+05:30,51.8,51.8,48.7,49.1,560
2026-09-25T10:52:00+05:30,49.0,50.55,48.0,49.6,155
2026-09-25T10:53:00+05:30,49.9,50.75,49.9,50.5,111
2026-09-25T10:54:00+05:30,50.75,50.75,48.0,48.8,190
2026-09-25T10:55:00+05:30,48.15,48.35,45.75,46.3,340
2026-09-25T10:56:00+05:30,46.5,47.35,44.0,45.05,303
2026-09-25T10:57:00+05:30,45.25,47.5,45.25,47.15,223
2026-09-25T10:58:00+05:30,47.05,47.1,45.7,46.85,146
2026-09-25T10:59:00+05:30,46.75,46.8,44.8,44.95,166
2026-09-25T11:00:00+05:30,45.8,46.05,42.9,43.65,391
2026-09-25T11:01:00+05:30,42.7,43.6,41.45,43.6,377
2026-09-25T11:02:00+05:30,42.7,42.8,38.15,40.35,546
2026-09-25T11:03:00+05:30,40.35,40.8,38.0,40.35,897
2026-09-25T11:04:00+05:30,40.35,40.9,39.1,40.7,228
2026-09-25T11:05:00+05:30,40.45,40.65,39.1,39.25,216
2026-09-25T11:06:00+05:30,39.65,40.7,39.5,40.35,101
2026-09-25T11:07:00+05:30,40.4,40.4,38.3,38.6,1566
2026-09-25T11:08:00+05:30,38.55,40.3,38.4,40.3,152
2026-09-25T11:09:00+05:30,40.1,40.3,39.0,39.65,230
2026-09-25T11:10:00+05:30,39.45,39.85,38.8,39.2,126
2026-09-25T11:11:00+05:30,38.75,38.75,37.8,38.15,295
2026-09-25T11:12:00+05:30,37.8,39.1,37.6,38.85,295
2026-09-25T11:13:00+05:30,39.15,41.6,39.05,41.5,281
2026-09-25T11:14:00+05:30,41.45,41.7,39.5,40.0,244
2026-09-25T11:15:00+05:30,40.0,40.7,39.45,39.95,109
2026-09-25T11:16:00+05:30,39.45,40.25,39.0,39.35,251
2026-09-25T11:17:00+05:30,39.7,39.7,38.0,38.9,211
2026-09-25T11:18:00+05:30,38.7,40.95,38.7,39.95,1430
2026-09-25T11:19:00+05:30,40.0,40.85,39.8,40.65,117
2026-09-25T11:20:00+05:30,40.05,40.2,39.35,39.55,117
2026-09-25T11:21:00+05:30,39.4,39.4,37.4,38.9,1444
2026-09-25T11:22:00+05:30,38.8,39.05,37.95,38.7,224
2026-09-25T11:23:00+05:30,38.5,40.0,38.15,40.0,305
2026-09-25T11:24:00+05:30,40.25,43.3,39.9,43.3,364
2026-09-25T11:25:00+05:30,43.0,44.1,42.65,43.05,507
2026-09-25T11:26:00+05:30,43.2,44.6,42.2,43.95,1385
2026-09-25T11:27:00+05:30,43.9,44.2,42.8,43.4,508
2026-09-25T11:28:00+05:30,43.5,43.95,42.35,43.2,273
2026-09-25T11:29:00+05:30,42.6,43.1,41.6,41.75,366
2026-09-25T11:30:00+05:30,41.75,42.3,40.45,41.7,275
2026-09-25T11:31:00+05:30,40.9,41.4,38.2,39.35,262
2026-09-25T11:32:00+05:30,39.75,39.9,39.0,39.7,142
2026-09-25T11:33:00+05:30,39.75,40.6,39.05,40.6,47
2026-09-25T11:34:00+05:30,40.6,41.3,40.0,40.3,484
2026-09-25T11:35:00+05:30,40.2,40.5,39.45,40.5,125
2026-09-25T11:36:00+05:30,40.8,41.45,40.6,41.45,47
2026-09-25T11:37:00+05:30,41.55,41.55,40.95,41.25,133
2026-09-25T11:38:00+05:30,40.95,41.95,40.55,40.8,100
2026-09-25T11:39:00+05:30,40.6,40.6,38.0,38.9,473
2026-09-25T11:40:00+05:30,38.85,40.9,38.5,40.9,285
2026-09-25T11:41:00+05:30,40.9,41.65,40.9,41.1,327
2026-09-25T11:42:00+05:30,41.05,41.35,39.75,40.05,511
2026-09-25T11:43:00+05:30,39.9,41.05,39.9,41.05,72
2026-09-25T11:44:00+05:30,41.25,41.5,39.7,39.95,125
2026-09-25T11:45:00+05:30,40.95,41.0,39.9,40.1,121
2026-09-25T11:46:00+05:30,40.2,40.3,38.7,39.2,152
2026-09-25T11:47:00+05:30,39.2,39.25,38.4,38.95,89
2026-09-25T11:48:00+05:30,39.0,39.85,38.95,39.05,203
2026-09-25T11:49:00+05:30,39.25,40.15,39.0,39.1,65
2026-09-25T11:50:00+05:30,39.25,39.25,37.65,38.6,274
2026-09-25T11:51:00+05:30,38.6,39.1,37.95,38.65,46
2026-09-25T11:52:00+05:30,38.0,38.8,37.45,38.15,107
2026-09-25T11:53:00+05:30,37.95,38.45,37.35,38.45,141
2026-09-25T11:54:00+05:30,38.3,38.55,37.35,37.75,76
2026-09-25T11:55:00+05:30,37.65,39.05,37.0,38.35,315
2026-09-25T11:56:00+05:30,38.15,39.2,37.8,38.85,141
2026-09-25T11:57:00+05:30,39.25,39.25,38.45,38.8,41
2026-09-25T11:58:00+05:30,38.7,39.2,38.35,39.15,35
2026-09-25T11:59:00+05:30,38.35,39.85,38.2,39.55,66
2026-09-25T12:00:00+05:30,39.55,39.85,38.9,39.5,39
2026-09-25T12:01:00+05:30,38.95,41.4,38.95,40.8,144
2026-09-25T12:02:00+05:30,40.5,40.85,39.4,40.85,45
2026-09-25T12:03:00+05:30,40.7,42.7,40.55,42.5,372
2026-09-25T12:04:00+05:30,42.65,43.2,40.7,41.3,173
2026-09-25T12:05:00+05:30,41.1,41.7,40.2,40.75,145
2026-09-25T12:06:00+05:30,40.5,41.7,40.0,41.45,120
2026-09-25T12:07:00+05:30,41.7,41.95,40.7,41.75,165
2026-09-25T12:08:00+05:30,42.0,42.1,40.3,40.8,160
2026-09-25T12:09:00+05:30,40.25,40.25,38.75,39.15,226
2026-09-25T12:10:00+05:30,39.15,39.9,38.4,38.4,67
2026-09-25T12:11:00+05:30,38.0,38.4,37.25,38.05,210
2026-09-25T12:12:00+05:30,37.8,38.45,37.55,38.1,179
2026-09-25T12:13:00+05:30,38.25,39.15,38.25,39.0,40
2026-09-25T12:14:00+05:30,38.9,39.85,38.85,39.35,65
2026-09-25T12:15:00+05:30,38.7,39.3,38.45,39.05,72
2026-09-25T12:16:00+05:30,38.35,38.6,38.05,38.55,286
2026-09-25T12:17:00+05:30,38.6,40.0,38.6,40.0,37
2026-09-25T12:18:00+05:30,39.9,40.0,39.3,39.3,72
2026-09-25T12:19:00+05:30,39.2,39.4,38.75,39.4,10
2026-09-25T12:20:00+05:30,40.0,40.8,40.0,40.65,53
2026-09-25T12:21:00+05:30,40.3,41.25,40.3,41.25,20
2026-09-25T12:22:00+05:30,41.65,42.2,40.6,42.0,87
2026-09-25T12:23:00+05:30,42.5,42.55,41.1,41.5,84
2026-09-25T12:24:00+05:30,41.3,42.75,41.1,42.1,131
2026-09-25T12:25:00+05:30,41.65,43.3,41.65,42.4,64
2026-09-25T12:26:00+05:30,42.05,42.55,41.05,41.05,55
2026-09-25T12:27:00+05:30,41.0,41.65,40.5,41.0,172
2026-09-25T12:28:00+05:30,40.9,40.9,39.3,39.9,108
2026-09-25T12:29:00+05:30,39.9,40.2,38.95,39.05,42
2026-09-25T12:30:00+05:30,38.75,38.9,36.55,37.4,239
2026-09-25T12:31:00+05:30,37.05,37.65,36.85,37.0,190
2026-09-25T12:32:00+05:30,37.15,38.1,36.55,37.85,143
2026-09-25T12:33:00+05:30,37.5,38.8,37.5,38.7,58
2026-09-25T12:34:00+05:30,39.2,39.2,37.75,38.2,234
2026-09-25T12:35:00+05:30,39.4,40.55,38.9,40.0,265
2026-09-25T12:36:00+05:30,40.3,42.3,40.0,42.25,113
2026-09-25T12:37:00+05:30,42.05,42.05,40.4,41.15,211
2026-09-25T12:38:00+05:30,41.45,42.2,40.4,40.4,593
2026-09-25T12:39:00+05:30,40.0,40.7,39.6,39.6,116
2026-09-25T12:40:00+05:30,40.05,40.3,38.95,40.05,173
2026-09-25T12:41:00+05:30,40.1,40.7,39.0,39.3,205
2026-09-25T12:42:00+05:30,39.5,41.4,39.4,40.85,140
2026-09-25T12:43:00+05:30,40.7,42.25,40.55,40.75,307
2026-09-25T12:44:00+05:30,40.95,41.65,40.1,41.6,127
2026-09-25T12:45:00+05:30,41.35,42.9,41.2,42.55,333
2026-09-25T12:46:00+05:30,41.95,42.1,40.45,41.5,1320
2026-09-25T12:47:00+05:30,41.55,41.75,40.6,40.8,160
2026-09-25T12:48:00+05:30,40.55,42.05,40.4,42.05,129
2026-09-25T12:49:00+05:30,42.1,44.5,41.5,43.65,116
2026-09-25T12:50:00+05:30,43.85,46.45,43.1,45.25,413
2026-09-25T12:51:00+05:30,45.5,48.15,44.65,46.2,417
2026-09-25T12:52:00+05:30,46.55,47.15,44.3,44.85,593
2026-09-25T12:53:00+05:30,45.15,47.15,44.8,45.75,208
2026-09-25T12:54:00+05:30,45.0,46.75,44.75,46.15,283
2026-09-25T12:55:00+05:30,46.8,47.65,46.0,47.4,178
2026-09-25T12:56:00+05:30,47.45,55.3,46.25,54.3,1329
2026-09-25T12:57:00+05:30,54.0,56.35,50.8,51.65,1389
2026-09-25T12:58:00+05:30,51.55,51.6,48.35,48.55,593
2026-09-25T12:59:00+05:30,48.4,49.45,46.45,46.45,261
2026-09-25T13:00:00+05:30,46.75,47.15,44.1,45.6,517
2026-09-25T13:01:00+05:30,45.65,45.95,43.7,44.85,465
2026-09-25T13:02:00+05:30,44.8,49.1,44.8,48.4,249
2026-09-25T13:03:00+05:30,48.1,48.75,46.55,48.05,238
2026-09-25T13:04:00+05:30,48.0,48.9,47.5,48.9,162
2026-09-25T13:05:00+05:30,48.95,49.55,46.25,47.35,302
2026-09-25T13:06:00+05:30,47.15,47.5,45.75,46.35,118
2026-09-25T13:07:00+05:30,46.25,46.9,45.05,46.25,270
2026-09-25T13:08:00+05:30,46.95,47.5,45.5,45.7,120
2026-09-25T13:09:00+05:30,45.5,45.5,43.3,43.35,347
2026-09-25T13:10:00+05:30,43.5,44.6,43.0,43.15,569
2026-09-25T13:11:00+05:30,42.85,42.85,41.05,42.5,300
2026-09-25T13:12:00+05:30,42.05,43.2,41.45,43.1,141
2026-09-25T13:13:00+05:30,43.1,43.75,42.6,43.1,337
2026-09-25T13:14:00+05:30,42.85,45.1,42.7,44.95,171
2026-09-25T13:15:00+05:30,43.75,45.05,43.4,45.05,105
2026-09-25T13:16:00+05:30,45.7,45.7,43.75,43.75,135
2026-09-25T13:17:00+05:30,44.0,45.4,42.9,45.0,48
2026-09-25T13:18:00+05:30,44.8,45.05,44.5,44.65,83
2026-09-25T13:19:00+05:30,44.3,45.0,43.1,45.0,89
2026-09-25T13:20:00+05:30,44.2,45.0,43.6,45.0,131
2026-09-25T13:21:00+05:30,44.6,44.6,43.05,43.05,67
2026-09-25T13:22:00+05:30,43.35,45.0,42.3,45.0,104
2026-09-25T13:23:00+05:30,45.4,45.65,43.2,44.3,300
2026-09-25T13:24:00+05:30,44.7,46.25,44.55,45.0,64
2026-09-25T13:25:00+05:30,45.0,45.25,44.0,44.0,55
2026-09-25T13:26:00+05:30,44.35,44.4,43.0,43.15,194
2026-09-25T13:27:00+05:30,43.15,44.9,43.15,44.35,70
2026-09-25T13:28:00+05:30,44.6,44.75,43.95,44.4,45
2026-09-25T13:29:00+05:30,43.7,44.6,43.4,44.25,62
2026-09-25T13:30:00+05:30,44.05,44.9,43.0,44.75,138
2026-09-25T13:31:00+05:30,44.05,44.3,42.9,43.8,89
2026-09-25T13:32:00+05:30,44.2,45.45,44.2,44.65,67
2026-09-25T13:33:00+05:30,44.65,47.2,44.65,47.0,230
2026-09-25T13:34:00+05:30,47.0,48.6,46.8,47.8,468
2026-09-25T13:35:00+05:30,47.9,50.0,47.15,47.8,641
2026-09-25T13:36:00+05:30,48.0,49.15,46.85,47.65,383
2026-09-25T13:37:00+05:30,47.65,50.4,46.55,46.65,436
2026-09-25T13:38:00+05:30,47.0,48.6,46.95,48.15,413
2026-09-25T13:39:00+05:30,48.1,49.55,47.1,49.55,109
2026-09-25T13:40:00+05:30,49.25,49.25,46.4,46.6,167
2026-09-25T13:41:00+05:30,46.4,47.25,45.6,46.85,165
2026-09-25T13:42:00+05:30,47.05,47.45,44.0,44.2,307
2026-09-25T13:43:00+05:30,43.75,46.4,42.6,46.4,517
2026-09-25T13:44:00+05:30,45.85,45.95,44.6,45.45,242
2026-09-25T13:45:00+05:30,45.55,45.55,43.4,43.65,258
2026-09-25T13:46:00+05:30,43.45,43.9,40.05,40.05,515
2026-09-25T13:47:00+05:30,40.15,43.3,40.05,42.35,153
2026-09-25T13:48:00+05:30,42.25,43.35,42.25,42.8,129
2026-09-25T13:49:00+05:30,42.85,43.25,41.8,43.25,37
2026-09-25T13:50:00+05:30,43.4,44.4,43.2,44.2,140
2026-09-25T13:51:00+05:30,44.55,44.55,42.65,43.05,117
2026-09-25T13:52:00+05:30,42.9,44.0,42.85,43.45,88
2026-09-25T13:53:00+05:30,43.15,43.75,42.4,43.5,99
2026-09-25T13:54:00+05:30,43.5,43.7,41.5,42.0,187
2026-09-25T13:55:00+05:30,42.3,42.4,39.55,39.9,502
2026-09-25T13:56:00+05:30,40.05,40.95,37.0,37.0,662
2026-09-25T13:57:00+05:30,37.0,39.1,37.0,38.9,400
2026-09-25T13:58:00+05:30,38.9,39.15,37.1,37.8,532
2026-09-25T13:59:00+05:30,37.8,38.15,35.4,35.7,559
2026-09-25T14:00:00+05:30,35.75,35.75,29.8,31.7,1582
2026-09-25T14:01:00+05:30,32.0,34.05,31.1,32.35,1472
2026-09-25T14:02:00+05:30,32.5,32.7,30.4,31.85,743
2026-09-25T14:03:00+05:30,31.45,31.6,26.8,27.1,1191
2026-09-25T14:04:00+05:30,27.3,30.95,27.15,29.6,2170
2026-09-25T14:05:00+05:30,29.7,31.7,28.9,31.05,890
2026-09-25T14:06:00+05:30,31.1,31.5,29.95,31.5,432
2026-09-25T14:07:00+05:30,31.45,31.9,29.5,29.8,646
2026-09-25T14:08:00+05:30,29.75,31.6,29.5,30.6,451
2026-09-25T14:09:00+05:30,31.1,33.95,31.0,32.95,1270
2026-09-25T14:10:00+05:30,33.35,33.55,32.0,32.6,661
2026-09-25T14:11:00+05:30,32.85,32.85,30.45,31.4,181
2026-09-25T14:12:00+05:30,31.3,31.8,30.05,31.8,1032
2026-09-25T14:13:00+05:30,31.8,32.1,30.95,32.1,205
2026-09-25T14:14:00+05:30,32.0,32.8,31.9,32.05,229
2026-09-25T14:15:00+05:30,31.5,31.65,29.35,29.4,590
2026-09-25T14:16:00+05:30,29.35,30.0,28.6,28.7,682
2026-09-25T14:17:00+05:30,28.65,28.75,27.35,28.0,384
2026-09-25T14:18:00+05:30,27.75,27.75,26.65,27.2,942
2026-09-25T14:19:00+05:30,27.05,27.85,26.95,27.15,275
2026-09-25T14:20:00+05:30,27.4,28.45,27.0,28.05,251
2026-09-25T14:21:00+05:30,28.05,28.05,26.25,27.05,542
2026-09-25T14:22:00+05:30,27.05,27.15,26.5,26.65,474
2026-09-25T14:23:00+05:30,26.85,27.6,26.85,27.0,508
2026-09-25T14:24:00+05:30,26.9,26.9,26.0,26.2,570
2026-09-25T14:25:00+05:30,26.45,26.9,23.45,25.9,1101
2026-09-25T14:26:00+05:30,25.95,27.7,25.3,26.75,880
2026-09-25T14:27:00+05:30,26.7,27.05,25.6,26.6,358
2026-09-25T14:28:00+05:30,26.6,26.6,25.0,25.45,208
2026-09-25T14:29:00+05:30,25.3,25.8,25.0,25.7,298
2026-09-25T14:30:00+05:30,25.55,25.55,23.65,23.65,633
2026-09-25T14:31:00+05:30,24.05,25.1,23.25,23.8,727
2026-09-25T14:32:00+05:30,23.7,24.15,23.6,23.85,260
2026-09-25T14:33:00+05:30,23.85,24.15,23.0,23.85,552
2026-09-25T14:34:00+05:30,24.1,24.55,23.7,24.0,416
2026-09-25T14:35:00+05:30,23.95,24.8,23.95,24.8,360
2026-09-25T14:36:00+05:30,24.7,25.0,24.25,25.0,193
2026-09-25T14:37:00+05:30,24.85,24.85,24.1,24.3,546
2026-09-25T14:38:00+05:30,24.4,24.4,23.7,23.9,495
2026-09-25T14:39:00+05:30,23.95,23.95,23.5,23.75,592
2026-09-25T14:40:00+05:30,23.8,24.45,23.75,24.45,531
2026-09-25T14:41:00+05:30,24.4,24.95,24.25,24.95,185
2026-09-25T14:42:00+05:30,24.95,25.6,24.95,25.6,287
2026-09-25T14:43:00+05:30,25.65,26.3,25.3,26.1,155
2026-09-25T14:44:00+05:30,26.2,26.45,25.75,26.1,145
2026-09-25T14:45:00+05:30,26.2,26.75,25.0,26.7,408
2026-09-25T14:46:00+05:30,26.75,28.2,26.6,27.85,577
2026-09-25T14:47:00+05:30,27.75,28.85,27.75,28.85,228
2026-09-25T14:48:00+05:30,28.75,28.8,27.45,27.45,358
2026-09-25T14:49:00+05:30,27.55,28.0,26.8,27.75,248
2026-09-25T14:50:00+05:30,27.75,29.25,27.0,28.9,846
2026-09-25T14:51:00+05:30,28.85,29.25,28.0,28.25,112
2026-09-25T14:52:00+05:30,27.9,27.9,27.1,27.6,130
2026-09-25T14:53:00+05:30,27.35,27.55,26.5,27.1,173
2026-09-25T14:54:00+05:30,27.05,27.45,26.05,26.1,188
2026-09-25T14:55:00+05:30,26.1,28.65,26.0,28.55,349
2026-09-25T14:56:00+05:30,28.65,29.05,28.0,29.0,319
2026-09-25T14:57:00+05:30,28.7,29.9,28.7,28.75,251
2026-09-25T14:58:00+05:30,29.0,29.55,28.65,29.3,661
2026-09-25T14:59:00+05:30,29.25,29.25,28.0,28.0,287
2026-09-25T15:00:00+05:30,28.3,29.8,28.3,28.5,318
2026-09-25T15:01:00+05:30,28.9,30.6,28.7,30.4,554
2026-09-25T15:02:00+05:30,30.65,31.8,29.95,30.4,366
2026-09-25T15:03:00+05:30,30.4,31.25,30.1,30.85,232
2026-09-25T15:04:00+05:30,30.7,31.3,29.9,29.9,272
2026-09-25T15:05:00+05:30,30.35,31.65,30.35,31.5,368
2026-09-25T15:06:00+05:30,31.5,31.55,29.4,29.4,721
2026-09-25T15:07:00+05:30,29.35,31.85,28.75,31.85,661
2026-09-25T15:08:00+05:30,31.95,36.35,31.5,36.1,854
2026-09-25T15:09:00+05:30,36.4,36.75,33.7,34.4,876
2026-09-25T15:10:00+05:30,34.2,35.6,32.5,33.7,409
2026-09-25T15:11:00+05:30,34.0,34.25,32.55,32.9,650
2026-09-25T15:12:00+05:30,33.05,33.1,30.55,31.0,561
2026-09-25T15:13:00+05:30,30.7,31.4,29.45,29.6,468
2026-09-25T15:14:00+05:30,29.8,30.2,27.95,28.4,954
2026-09-25T15:15:00+05:30,28.25,29.4,27.8,29.05,377
2026-09-25T15:16:00+05:30,29.0,30.3,28.8,29.1,658
2026-09-25T15:17:00+05:30,29.35,30.15,29.3,29.45,301
2026-09-25T15:18:00+05:30,29.2,29.3,27.15,27.95,886
2026-09-25T15:19:00+05:30,27.95,29.0,27.85,28.95,160
2026-09-25T15:20:00+05:30,29.0,29.0,27.25,28.15,458
2026-09-25T15:21:00+05:30,28.45,29.05,28.0,28.25,163
2026-09-25T15:22:00+05:30,28.3,29.4,28.25,29.35,766
2026-09-25T15:23:00+05:30,29.5,29.65,28.95,29.45,488
2026-09-25T15:24:00+05:30,29.45,30.1,27.95,30.0,432
2026-09-25T15:25:00+05:30,29.95,30.0,28.9,29.2,811
2026-09-25T15:26:00+05:30,29.35,29.7,29.0,29.4,237
2026-09-25T15:27:00+05:30,29.45,29.8,28.9,29.4,158
2026-09-25T15:28:00+05:30,29.45,29.45,28.95,29.1,262
2026-09-25T15:29:00+05:30,29.2,29.2,27.5,28.25,445
2026-09-25T15:30:00+05:30,28.15,29.8,27.85,28.7,674
2026-09-25T15:31:00+05:30,28.6,28.8,27.8,28.5,418
2026-09-25T15:32:00+05:30,28.5,29.25,28.3,29.1,330
2026-09-25T15:33:00+05:30,29.15,30.15,28.7,28.7,429
2026-09-25T15:34:00+05:30,28.95,29.2,28.2,28.4,296
2026-09-25T15:35:00+05:30,28.6,28.8,27.0,27.1,366
2026-09-25T15:36:00+05:30,27.0,29.6,26.75,29.1,515
2026-09-25T15:37:00+05:30,29.15,29.3,25.05,26.8,678
2026-09-25T15:38:00+05:30,26.8,28.0,26.8,27.95,570
2026-09-25T15:39:00+05:30,27.85,27.85,25.2,25.2,508
2026-09-28T09:15:00+05:30,32.45,56.3,32.4,53.55,4890
2026-09-28T09:16:00+05:30,55.15,71.95,54.75,59.35,5570
2026-09-28T09:17:00+05:30,59.25,66.45,58.6,62.25,3151
2026-09-28T09:18:00+05:30,62.3,69.0,59.5,66.75,3741
2026-09-28T09:19:00+05:30,66.7,90.0,63.45,87.5,3796
2026-09-28T09:20:00+05:30,87.45,102.85,83.55,98.9,4886
2026-09-28T09:21:00+05:30,98.7,99.75,90.8,96.0,3353
2026-09-28T09:22:00+05:30,97.0,109.0,95.05,105.6,3976
2026-09-28T09:23:00+05:30,105.8,105.8,89.65,95.45,4327
2026-09-28T09:24:00+05:30,95.05,97.4,82.6,88.85,3696
2026-09-28T09:25:00+05:30,89.3,107.0,88.3,103.95,3599
2026-09-28T09:26:00+05:30,104.7,105.05,100.9,103.8,2321
2026-09-28T09:27:00+05:30,104.55,104.85,94.4,100.0,3016
2026-09-28T09:28:00+05:30,99.1,103.85,97.05,97.05,1795
2026-09-28T09:29:00+05:30,97.2,100.3,95.15,96.4,1954
2026-09-28T09:30:00+05:30,96.7,105.0,95.5,97.4,2752
2026-09-28T09:31:00+05:30,97.2,104.0,96.35,102.3,1964
2026-09-28T09:32:00+05:30,101.9,108.45,101.85,107.4,3520
2026-09-28T09:33:00+05:30,107.9,121.5,107.15,114.45,5654
2026-09-28T09:34:00+05:30,114.7,123.55,114.5,116.25,3887
2026-09-28T09:35:00+05:30,115.85,159.25,115.0,144.4,6575
2026-09-28T09:36:00+05:30,145.15,157.6,141.4,151.8,4644
2026-09-28T09:37:00+05:30,153.0,158.55,143.6,145.6,3359
2026-09-28T09:38:00+05:30,146.05,174.05,146.05,160.0,5626
2026-09-28T09:39:00+05:30,160.0,163.45,152.5,156.9,2815
2026-09-28T09:40:00+05:30,157.45,163.85,151.3,151.8,2328
2026-09-28T09:41:00+05:30,151.35,155.3,138.45,142.95,4197
2026-09-28T09:42:00+05:30,143.95,155.85,143.6,152.8,2664
2026-09-28T09:43:00+05:30,153.4,164.65,152.9,159.85,2354
2026-09-28T09:44:00+05:30,160.0,165.25,158.65,159.15,1891
2026-09-28T09:45:00+05:30,159.05,161.4,153.55,157.4,2096
2026-09-28T09:46:00+05:30,156.65,157.25,148.2,148.95,1654
2026-09-28T09:47:00+05:30,149.45,154.2,146.0,150.9,1344
2026-09-28T09:48:00+05:30,150.8,154.0,143.05,151.05,1237
2026-09-28T09:49:00+05:30,151.0,156.6,147.6,148.75,1231
2026-09-28T09:50:00+05:30,148.45,151.4,142.2,146.35,1619
2026-09-28T09:51:00+05:30,146.25,158.3,145.0,157.3,1387
2026-09-28T09:52:00+05:30,157.8,160.0,153.9,155.95,2926
2026-09-28T09:53:00+05:30,156.1,158.0,148.4,151.6,1591
2026-09-28T09:54:00+05:30,151.85,160.4,151.05,157.9,1903
2026-09-28T09:55:00+05:30,158.4,159.45,151.0,158.4,1529
2026-09-28T09:56:00+05:30,157.0,160.15,150.1,150.75,1480
2026-09-28T09:57:00+05:30,151.3,152.7,143.45,146.3,1713
2026-09-28T09:58:00+05:30,145.9,146.75,136.55,141.65,2305
2026-09-28T09:59:00+05:30,142.2,145.25,139.85,143.4,1288
2026-09-28T10:00:00+05:30,143.45,155.8,142.85,155.15,1556
2026-09-28T10:01:00+05:30,155.45,158.4,151.7,152.95,1630
2026-09-28T10:02:00+05:30,153.3,156.85,147.45,150.9,1741
2026-09-28T10:03:00+05:30,150.9,158.0,147.05,157.55,1064
2026-09-28T10:04:00+05:30,157.5,167.8,157.2,162.65,3429
2026-09-28T10:05:00+05:30,162.55,187.95,158.2,181.05,4092
2026-09-28T10:06:00+05:30,181.75,189.5,174.2,186.2,5239
2026-09-28T10:07:00+05:30,186.1,195.65,175.25,182.0,3887
2026-09-28T10:08:00+05:30,183.05,189.0,175.95,186.75,1818
2026-09-28T10:09:00+05:30,186.85,196.0,185.9,193.75,3324
2026-09-28T10:10:00+05:30,195.0,195.7,180.1,182.85,2435
2026-09-28T10:11:00+05:30,182.65,184.15,174.9,178.6,3484
2026-09-28T10:12:00+05:30,178.5,185.6,177.1,182.95,1812
2026-09-28T10:13:00+05:30,183.1,183.1,170.8,171.4,2161
2026-09-28T10:14:00+05:30,171.6,181.5,167.9,180.95,2888
2026-09-28T10:15:00+05:30,180.65,186.7,178.1,183.75,1977
2026-09-28T10:16:00+05:30,183.5,186.4,179.4,181.5,1875
2026-09-28T10:17:00+05:30,184.1,205.0,181.9,202.4,4087
2026-09-28T10:18:00+05:30,202.85,207.95,184.05,188.1,4630
2026-09-28T10:19:00+05:30,186.8,188.25,178.2,179.35,2891
2026-09-28T10:20:00+05:30,178.85,181.8,162.3,169.95,4337
2026-09-28T10:21:00+05:30,169.4,181.7,167.45,180.5,2097
2026-09-28T10:22:00+05:30,179.0,182.7,173.5,178.3,1309
2026-09-28T10:23:00+05:30,179.8,185.15,174.55,180.5,1762
2026-09-28T10:24:00+05:30,180.5,191.15,179.9,183.6,1818
2026-09-28T10:25:00+05:30,183.05,191.2,181.85,189.9,1848
2026-09-28T10:26:00+05:30,189.95,192.0,183.2,188.1,1879
2026-09-28T10:27:00+05:30,189.5,190.7,186.0,188.0,1146
2026-09-28T10:28:00+05:30,188.1,190.2,175.2,175.95,2714
2026-09-28T10:29:00+05:30,177.95,187.65,176.45,182.45,996
2026-09-28T10:30:00+05:30,182.75,182.75,170.6,174.8,2311
2026-09-28T10:31:00+05:30,175.6,179.4,173.45,178.4,932
2026-09-28T10:32:00+05:30,178.15,183.1,175.85,178.25,1316
2026-09-28T10:33:00+05:30,177.8,186.55,175.85,186.55,1021
2026-09-28T10:34:00+05:30,186.8,188.0,181.15,184.05,1398
2026-09-28T10:35:00+05:30,183.7,187.35,181.3,182.9,1222
2026-09-28T10:36:00+05:30,182.55,183.6,172.5,179.95,1616
2026-09-28T10:37:00+05:30,180.4,186.5,178.95,182.85,856
2026-09-28T10:38:00+05:30,183.1,187.9,180.8,186.1,1273
2026-09-28T10:39:00+05:30,186.45,194.6,182.7,191.7,3091
2026-09-28T10:40:00+05:30,191.3,192.0,184.3,191.65,2242
2026-09-28T10:41:00+05:30,191.45,210.0,186.9,197.65,4415
2026-09-28T10:42:00+05:30,197.35,205.2,196.25,203.5,3541
2026-09-28T10:43:00+05:30,204.45,207.15,198.2,202.4,4093
2026-09-28T10:44:00+05:30,201.9,205.2,198.9,202.8,2146
2026-09-28T10:45:00+05:30,202.75,204.4,195.6,198.75,2649
2026-09-28T10:46:00+05:30,198.8,200.0,192.5,196.9,1924
2026-09-28T10:47:00+05:30,196.5,199.8,191.3,196.35,1425
2026-09-28T10:48:00+05:30,195.85,205.0,195.85,201.9,2377
2026-09-28T10:49:00+05:30,201.85,220.9,201.2,208.15,5333
2026-09-28T10:50:00+05:30,208.0,215.8,205.1,211.35,3789
2026-09-28T10:51:00+05:30,212.15,214.6,206.0,209.15,2690
2026-09-28T10:52:00+05:30,208.6,219.0,207.05,210.75,2229
2026-09-28T10:53:00+05:30,211.4,213.15,202.5,205.35,2283
2026-09-28T10:54:00+05:30,205.2,205.2,191.35,196.15,3913
2026-09-28T10:55:00+05:30,194.85,196.35,178.05,181.1,4990
2026-09-28T10:56:00+05:30,180.95,186.75,175.15,186.75,3552
2026-09-28T10:57:00+05:30,186.7,191.0,180.2,188.45,2615
2026-09-28T10:58:00+05:30,188.35,190.0,180.5,184.9,1402
2026-09-28T10:59:00+05:30,187.05,192.6,182.55,191.6,1442
2026-09-28T11:00:00+05:30,190.7,201.65,190.6,195.05,3644
2026-09-28T11:01:00+05:30,194.7,202.65,192.5,195.75,2198
2026-09-28T11:02:00+05:30,195.15,197.4,188.0,190.75,1877
2026-09-28T11:03:00+05:30,191.0,200.0,190.1,199.3,1946
2026-09-28T11:04:00+05:30,199.45,206.65,196.0,202.35,3039
2026-09-28T11:05:00+05:30,202.0,205.8,198.2,201.8,2095
2026-09-28T11:06:00+05:30,202.2,202.7,193.7,198.8,1934
2026-09-28T11:07:00+05:30,199.6,204.0,195.1,204.0,1480
2026-09-28T11:08:00+05:30,204.0,212.65,203.95,208.45,4281
2026-09-28T11:09:00+05:30,209.35,211.9,205.75,207.95,2574
2026-09-28T11:10:00+05:30,209.0,214.55,205.3,214.55,3053
2026-09-28T11:11:00+05:30,214.5,216.55,206.9,215.8,2969
2026-09-28T11:12:00+05:30,215.55,219.95,207.95,214.2,4701
2026-09-28T11:13:00+05:30,214.7,216.7,210.0,211.3,1881
2026-09-28T11:14:00+05:30,212.15,213.1,206.0,208.7,1728
2026-09-28T11:15:00+05:30,209.0,209.2,194.55,205.95,4081
2026-09-28T11:16:00+05:30,205.4,217.8,203.85,213.4,3556
2026-09-28T11:17:00+05:30,213.85,216.0,208.0,212.1,2967
2026-09-28T11:18:00+05:30,213.0,213.7,198.0,200.5,3376
2026-09-28T11:19:00+05:30,200.55,202.35,192.0,195.55,3392
2026-09-28T11:20:00+05:30,195.0,203.5,191.0,202.0,2981
2026-09-28T11:21:00+05:30,202.5,205.0,191.5,200.8,2384
2026-09-28T11:22:00+05:30,201.25,203.55,197.45,201.0,1273
2026-09-28T11:23:00+05:30,201.5,203.0,194.15,200.6,1579
2026-09-28T11:24:00+05:30,200.4,209.0,198.65,204.85,2313
2026-09-28T11:25:00+05:30,204.85,206.7,200.3,204.45,1554
2026-09-28T11:26:00+05:30,204.45,205.0,196.0,199.1,1539
2026-09-28T11:27:00+05:30,200.1,201.7,189.6,192.75,2806
2026-09-28T11:28:00+05:30,193.35,194.7,186.3,193.4,1852
2026-09-28T11:29:00+05:30,192.75,196.0,188.65,192.0,1341
2026-09-28T11:30:00+05:30,191.65,192.0,180.15,186.95,3191
2026-09-28T11:31:00+05:30,186.0,186.4,178.0,181.8,3162
2026-09-28T11:32:00+05:30,181.5,192.55,176.05,191.85,2720
2026-09-28T11:33:00+05:30,191.6,209.0,190.05,202.45,5107
2026-09-28T11:34:00+05:30,202.35,206.5,199.75,204.45,3996
2026-09-28T11:35:00+05:30,204.0,208.05,199.3,199.3,3581
2026-09-28T11:36:00+05:30,199.05,201.5,190.2,192.05,3767
2026-09-28T11:37:00+05:30,192.25,192.65,181.4,181.4,3647
2026-09-28T11:38:00+05:30,182.05,188.0,181.25,186.95,2034
2026-09-28T11:39:00+05:30,186.7,186.7,181.0,183.75,1486
2026-09-28T11:40:00+05:30,183.75,184.05,176.0,179.75,2710
2026-09-28T11:41:00+05:30,179.35,182.6,166.1,171.45,4531
2026-09-28T11:42:00+05:30,170.8,174.0,168.35,172.95,2027
2026-09-28T11:43:00+05:30,173.55,176.4,168.9,174.95,1634
2026-09-28T11:44:00+05:30,175.3,177.4,172.35,175.3,1568
2026-09-28T11:45:00+05:30,175.3,175.6,168.0,174.15,1832
2026-09-28T11:46:00+05:30,173.9,175.2,170.0,174.55,1236
2026-09-28T11:47:00+05:30,174.4,183.1,172.65,183.1,1294
2026-09-28T11:48:00+05:30,183.7,188.4,178.7,179.7,3003
2026-09-28T11:49:00+05:30,180.0,187.7,179.6,185.35,1725
2026-09-28T11:50:00+05:30,185.0,188.6,182.7,187.4,2476
2026-09-28T11:51:00+05:30,187.9,193.3,184.0,191.8,2196
2026-09-28T11:52:00+05:30,191.85,194.0,185.15,185.9,3228
2026-09-28T11:53:00+05:30,185.95,190.85,181.0,185.05,1464
2026-09-28T11:54:00+05:30,185.65,192.45,184.8,191.65,2223
2026-09-28T11:55:00+05:30,191.45,196.0,189.2,196.0,1892
2026-09-28T11:56:00+05:30,196.2,203.2,193.6,194.75,4678
2026-09-28T11:57:00+05:30,194.2,196.85,191.05,196.7,1355
2026-09-28T11:58:00+05:30,196.75,199.15,191.5,191.5,1466
2026-09-28T11:59:00+05:30,192.2,195.2,183.0,188.0,2948
2026-09-28T12:00:00+05:30,189.1,191.3,182.85,185.4,2193
2026-09-28T12:01:00+05:30,185.05,188.9,177.5,186.75,2454
2026-09-28T12:02:00+05:30,186.95,189.95,181.4,183.1,1258
2026-09-28T12:03:00+05:30,183.0,192.2,182.2,186.5,2623
2026-09-28T12:04:00+05:30,186.15,191.6,181.4,190.25,1509
2026-09-28T12:05:00+05:30,190.0,190.6,183.15,183.15,1223
2026-09-28T12:06:00+05:30,183.35,183.8,175.15,182.35,3440
2026-09-28T12:07:00+05:30,182.2,185.0,178.8,184.35,789
2026-09-28T12:08:00+05:30,184.1,187.5,180.85,183.05,1294
2026-09-28T12:09:00+05:30,182.6,185.1,181.55,183.65,729
2026-09-28T12:10:00+05:30,183.7,184.55,177.3,177.85,1030
2026-09-28T12:11:00+05:30,177.85,182.25,172.55,181.9,1944
2026-09-28T12:12:00+05:30,182.0,184.0,178.0,182.85,1046
2026-09-28T12:13:00+05:30,183.25,183.9,180.0,181.05,620
2026-09-28T12:14:00+05:30,181.8,184.75,176.45,184.75,581
2026-09-28T12:15:00+05:30,184.15,190.3,183.85,189.05,2337
2026-09-28T12:16:00+05:30,189.35,190.85,180.0,183.3,3545
2026-09-28T12:17:00+05:30,183.6,186.0,182.45,184.95,739
2026-09-28T12:18:00+05:30,184.9,186.0,178.4,181.35,2002
2026-09-28T12:19:00+05:30,181.1,183.9,177.0,177.65,1257
2026-09-28T12:20:00+05:30,177.8,184.75,175.0,183.8,1499
2026-09-28T12:21:00+05:30,183.35,184.35,180.2,182.0,808
2026-09-28T12:22:00+05:30,182.25,189.0,179.25,186.8,1630
2026-09-28T12:23:00+05:30,186.2,186.2,177.6,177.6,2340
2026-09-28T12:24:00+05:30,177.55,184.55,175.5,176.6,2200
2026-09-28T12:25:00+05:30,176.45,176.45,167.25,170.05,3681
2026-09-28T12:26:00+05:30,169.2,170.8,158.2,169.5,5090
2026-09-28T12:27:00+05:30,169.7,172.0,167.25,170.35,1405
2026-09-28T12:28:00+05:30,169.8,171.7,164.2,168.95,1457
2026-09-28T12:29:00+05:30,168.75,168.95,156.2,156.25,2382
2026-09-28T12:30:00+05:30,156.85,168.0,155.0,164.0,2395
2026-09-28T12:31:00+05:30,164.5,169.9,162.55,166.75,1773
2026-09-28T12:32:00+05:30,166.55,168.5,162.55,166.5,798
2026-09-28T12:33:00+05:30,167.0,177.5,166.25,176.1,2969
2026-09-28T12:34:00+05:30,176.25,187.5,176.0,182.1,4039
2026-09-28T12:35:00+05:30,181.3,186.0,177.8,181.7,2283
2026-09-28T12:36:00+05:30,181.35,184.5,178.25,180.7,1313
2026-09-28T12:37:00+05:30,180.55,183.2,176.7,182.3,1050
2026-09-28T12:38:00+05:30,182.3,183.5,178.4,180.55,1046
2026-09-28T12:39:00+05:30,180.35,182.5,177.5,181.05,912
2026-09-28T12:40:00+05:30,180.55,183.95,175.0,183.3,1950
2026-09-28T12:41:00+05:30,183.85,183.95,179.6,180.0,1077
2026-09-28T12:42:00+05:30,180.0,181.75,171.1,175.45,1920
2026-09-28T12:43:00+05:30,175.35,177.1,171.15,174.55,1361
2026-09-28T12:44:00+05:30,174.3,183.0,174.1,182.3,2590
2026-09-28T12:45:00+05:30,181.8,185.55,177.5,180.0,1887
2026-09-28T12:46:00+05:30,180.7,180.85,173.0,176.05,1652
2026-09-28T12:47:00+05:30,176.2,180.3,174.05,178.1,734
2026-09-28T12:48:00+05:30,177.6,183.75,175.0,179.0,976
2026-09-28T12:49:00+05:30,178.65,180.25,175.0,177.6,751
2026-09-28T12:50:00+05:30,177.8,178.9,174.0,176.3,684
2026-09-28T12:51:00+05:30,176.85,187.0,176.85,180.85,3840
2026-09-28T12:52:00+05:30,181.2,190.0,177.4,189.05,2079
2026-09-28T12:53:00+05:30,189.8,198.0,181.3,182.55,4054
2026-09-28T12:54:00+05:30,181.8,184.85,176.4,181.7,2062
2026-09-28T12:55:00+05:30,181.7,186.2,178.0,182.35,1340
2026-09-28T12:56:00+05:30,181.55,188.9,180.4,186.7,1537
2026-09-28T12:57:00+05:30,187.0,193.0,184.8,190.9,2339
2026-09-28T12:58:00+05:30,192.25,192.4,181.05,181.6,1830
2026-09-28T12:59:00+05:30,181.15,187.25,180.55,185.55,893
2026-09-28T13:00:00+05:30,185.75,188.45,180.5,183.6,1202
2026-09-28T13:01:00+05:30,183.8,184.3,176.6,180.2,1640
2026-09-28T13:02:00+05:30,180.65,184.4,178.65,183.3,930
2026-09-28T13:03:00+05:30,183.3,185.2,180.05,183.8,1609
2026-09-28T13:04:00+05:30,183.6,190.75,182.35,189.45,2696
2026-09-28T13:05:00+05:30,189.5,190.55,183.05,184.7,2028
2026-09-28T13:06:00+05:30,184.9,189.25,181.0,188.75,2202
2026-09-28T13:07:00+05:30,188.35,198.45,185.15,190.9,3746
2026-09-28T13:08:00+05:30,191.4,197.0,190.35,192.0,2344
2026-09-28T13:09:00+05:30,192.7,194.0,182.6,184.4,3417
2026-09-28T13:10:00+05:30,184.05,185.0,169.0,174.35,5363
2026-09-28T13:11:00+05:30,173.85,179.7,165.15,179.45,4245
2026-09-28T13:12:00+05:30,178.45,183.0,176.15,182.05,2705
2026-09-28T13:13:00+05:30,181.0,181.65,175.0,179.05,1217
2026-09-28T13:14:00+05:30,179.2,184.4,176.5,182.7,1227
2026-09-28T13:15:00+05:30,182.9,184.9,177.5,181.3,1334
2026-09-28T13:16:00+05:30,180.5,181.95,177.7,180.2,834
2026-09-28T13:17:00+05:30,179.9,179.9,175.45,177.3,1192
2026-09-28T13:18:00+05:30,177.25,182.9,175.2,181.7,874
2026-09-28T13:19:00+05:30,181.95,183.6,177.25,178.65,1028
2026-09-28T13:20:00+05:30,178.2,183.4,176.0,181.5,732
2026-09-28T13:21:00+05:30,181.0,182.0,177.0,178.2,633
2026-09-28T13:22:00+05:30,177.75,179.15,165.5,171.95,3326
2026-09-28T13:23:00+05:30,171.15,175.0,166.1,168.15,1615
2026-09-28T13:24:00+05:30,168.8,173.9,165.05,169.65,2021
2026-09-28T13:25:00+05:30,169.4,173.2,163.05,163.75,1934
2026-09-28T13:26:00+05:30,163.5,165.0,155.55,161.4,4071
2026-09-28T13:27:00+05:30,161.25,165.6,154.9,165.0,1862
2026-09-28T13:28:00+05:30,164.9,166.4,159.1,165.15,1627
2026-09-28T13:29:00+05:30,164.85,167.7,159.65,160.2,1175
2026-09-28T13:30:00+05:30,160.55,171.1,160.45,166.3,1883
2026-09-28T13:31:00+05:30,166.35,173.55,165.15,172.85,2512
2026-09-28T13:32:00+05:30,172.5,174.35,167.7,171.75,2250
2026-09-28T13:33:00+05:30,171.95,179.0,167.0,176.45,1782
2026-09-28T13:34:00+05:30,177.1,185.45,173.2,183.45,3348
2026-09-28T13:35:00+05:30,183.45,187.35,176.6,187.0,2601
2026-09-28T13:36:00+05:30,186.2,186.2,180.0,185.25,2426
2026-09-28T13:37:00+05:30,185.05,191.05,181.4,186.9,2987
2026-09-28T13:38:00+05:30,186.25,189.9,183.5,189.45,2119
2026-09-28T13:39:00+05:30,189.15,189.5,175.0,175.35,2860
2026-09-28T13:40:00+05:30,175.9,182.85,172.1,173.4,2202
2026-09-28T13:41:00+05:30,173.7,174.35,168.55,170.3,2058
2026-09-28T13:42:00+05:30,171.45,176.3,170.3,175.05,1143
2026-09-28T13:43:00+05:30,175.25,186.55,173.95,181.7,2352
2026-09-28T13:44:00+05:30,181.1,183.7,171.05,174.4,2339
2026-09-28T13:45:00+05:30,174.1,177.8,170.8,177.4,1900
2026-09-28T13:46:00+05:30,177.45,177.6,172.15,174.55,908
2026-09-28T13:47:00+05:30,174.15,178.2,170.0,177.75,1617
2026-09-28T13:48:00+05:30,177.6,183.0,175.75,180.3,2194
2026-09-28T13:49:00+05:30,180.25,193.15,176.0,179.25,3170
2026-09-28T13:50:00+05:30,178.9,181.0,175.4,178.8,1104
2026-09-28T13:51:00+05:30,178.8,183.45,178.0,179.45,1092
2026-09-28T13:52:00+05:30,179.1,180.0,172.25,174.95,1603
2026-09-28T13:53:00+05:30,174.3,183.6,172.9,179.85,1442
2026-09-28T13:54:00+05:30,180.5,185.1,179.5,180.95,1647
2026-09-28T13:55:00+05:30,180.9,184.0,177.2,178.25,1077
2026-09-28T13:56:00+05:30,178.75,179.95,164.2,175.0,3125
2026-09-28T13:57:00+05:30,175.55,180.65,172.9,180.45,1067
2026-09-28T13:58:00+05:30,180.0,182.15,173.85,174.6,920
2026-09-28T13:59:00+05:30,173.6,175.7,171.25,174.35,968
2026-09-28T14:00:00+05:30,173.0,176.8,170.8,174.35,799
2026-09-28T14:01:00+05:30,174.25,181.9,173.35,179.25,1601
2026-09-28T14:02:00+05:30,179.15,183.65,179.1,180.7,1898
2026-09-28T14:03:00+05:30,180.9,181.1,176.45,179.55,887
2026-09-28T14:04:00+05:30,178.6,179.8,174.8,176.85,1765
2026-09-28T14:05:00+05:30,176.85,180.6,173.55,177.95,1267
2026-09-28T14:06:00+05:30,177.45,186.55,176.65,184.25,2303
2026-09-28T14:07:00+05:30,184.5,187.0,179.3,183.55,1627
2026-09-28T14:08:00+05:30,183.5,184.4,179.0,180.75,785
2026-09-28T14:09:00+05:30,180.8,193.0,179.85,186.05,4238
2026-09-28T14:10:00+05:30,186.35,186.6,176.75,179.15,3451
2026-09-28T14:11:00+05:30,179.45,181.85,176.8,178.7,1287
2026-09-28T14:12:00+05:30,178.75,179.0,172.0,178.05,1947
2026-09-28T14:13:00+05:30,177.8,187.2,176.95,184.8,2487
2026-09-28T14:14:00+05:30,184.75,185.6,179.9,181.65,1256
2026-09-28T14:15:00+05:30,181.15,200.0,177.1,195.25,6016
2026-09-28T14:16:00+05:30,195.2,201.9,187.4,197.15,5299
2026-09-28T14:17:00+05:30,197.05,210.0,194.0,209.0,5055
2026-09-28T14:18:00+05:30,209.85,237.0,204.2,223.15,13981
2026-09-28T14:19:00+05:30,222.95,230.25,218.0,226.95,6026
2026-09-28T14:20:00+05:30,226.85,227.8,207.75,213.55,5769
2026-09-28T14:21:00+05:30,213.45,215.65,203.55,210.0,3981
2026-09-28T14:22:00+05:30,209.9,219.0,207.8,214.4,3487
2026-09-28T14:23:00+05:30,214.3,224.95,209.2,212.65,4942
2026-09-28T14:24:00+05:30,212.35,217.45,207.65,214.65,3212
2026-09-28T14:25:00+05:30,214.0,214.85,205.0,207.45,2758
2026-09-28T14:26:00+05:30,207.15,212.3,201.6,207.5,3178
2026-09-28T14:27:00+05:30,207.0,210.5,200.0,201.35,3023
2026-09-28T14:28:00+05:30,202.0,213.6,198.5,212.3,4176
2026-09-28T14:29:00+05:30,212.25,214.0,205.85,213.15,3732
2026-09-28T14:30:00+05:30,213.65,213.9,192.8,193.95,6114
2026-09-28T14:31:00+05:30,194.4,207.95,193.4,207.95,3734
2026-09-28T14:32:00+05:30,208.0,214.0,203.25,212.05,3758
2026-09-28T14:33:00+05:30,212.15,214.0,208.0,211.35,2654
2026-09-28T14:34:00+05:30,210.4,218.5,210.25,213.9,3986
2026-09-28T14:35:00+05:30,214.75,217.0,206.35,213.65,2599
2026-09-28T14:36:00+05:30,214.3,215.7,203.3,212.4,3408
2026-09-28T14:37:00+05:30,212.6,221.65,210.3,220.0,4056
2026-09-28T14:38:00+05:30,220.2,246.0,219.35,238.8,10020
2026-09-28T14:39:00+05:30,239.0,245.0,231.0,237.0,5355
2026-09-28T14:40:00+05:30,236.7,240.0,229.7,236.6,3778
2026-09-28T14:41:00+05:30,236.55,236.6,222.25,232.1,4298
2026-09-28T14:42:00+05:30,230.5,239.55,226.9,237.2,3249
2026-09-28T14:43:00+05:30,236.55,238.35,231.55,232.35,1843
2026-09-28T14:44:00+05:30,231.45,237.0,225.85,230.55,2302
2026-09-28T14:45:00+05:30,231.3,232.0,221.7,229.8,2467
2026-09-28T14:46:00+05:30,230.25,231.4,207.0,215.8,5361
2026-09-28T14:47:00+05:30,215.4,219.9,210.3,216.3,2694
2026-09-28T14:48:00+05:30,215.8,218.0,208.75,213.2,2276
2026-09-28T14:49:00+05:30,213.3,213.5,197.45,205.15,4997
2026-09-28T14:50:00+05:30,205.0,210.15,196.9,203.3,3651
2026-09-28T14:51:00+05:30,204.85,212.0,202.15,210.6,2825
2026-09-28T14:52:00+05:30,210.5,213.3,202.0,203.85,2728
2026-09-28T14:53:00+05:30,203.45,207.65,198.0,206.5,2344
2026-09-28T14:54:00+05:30,207.2,207.85,202.0,206.5,1421
2026-09-28T14:55:00+05:30,206.4,213.9,203.75,210.25,2340
2026-09-28T14:56:00+05:30,210.35,212.8,206.0,212.8,1027
2026-09-28T14:57:00+05:30,212.5,214.0,205.45,212.35,2097
2026-09-28T14:58:00+05:30,211.9,220.8,208.85,220.8,2974
2026-09-28T14:59:00+05:30,220.7,220.85,206.5,211.8,2766
2026-09-28T15:00:00+05:30,211.75,216.0,207.45,213.05,2118
2026-09-28T15:01:00+05:30,213.2,213.45,201.6,208.4,2776
2026-09-28T15:02:00+05:30,209.3,218.25,207.9,209.75,3377
2026-09-28T15:03:00+05:30,210.05,213.0,194.0,197.4,5561
2026-09-28T15:04:00+05:30,196.75,207.0,193.05,205.35,3200
2026-09-28T15:05:00+05:30,205.8,212.6,204.05,208.9,2447
2026-09-28T15:06:00+05:30,208.0,209.1,204.35,205.7,1393
2026-09-28T15:07:00+05:30,205.1,210.85,200.4,208.1,2884
2026-09-28T15:08:00+05:30,207.75,209.5,202.1,206.6,1180
2026-09-28T15:09:00+05:30,205.75,208.0,202.45,204.45,1599
2026-09-28T15:10:00+05:30,203.0,207.6,201.0,206.9,3053
2026-09-28T15:11:00+05:30,207.5,214.3,206.9,209.05,2860
2026-09-28T15:12:00+05:30,209.15,212.55,205.0,211.0,1807
2026-09-28T15:13:00+05:30,211.05,213.0,206.8,211.05,1529
2026-09-28T15:14:00+05:30,210.45,212.15,206.0,206.6,1794
2026-09-28T15:15:00+05:30,206.55,208.05,201.05,201.05,2346
2026-09-28T15:16:00+05:30,201.6,219.0,200.6,218.15,2886
2026-09-28T15:17:00+05:30,217.15,217.85,205.2,212.2,1843
2026-09-28T15:18:00+05:30,212.3,214.95,207.0,209.2,1781
2026-09-28T15:19:00+05:30,209.75,217.5,209.05,213.0,1609
2026-09-28T15:20:00+05:30,213.95,218.55,198.4,214.6,5780
2026-09-28T15:21:00+05:30,214.25,217.05,206.7,208.4,3359
2026-09-28T15:22:00+05:30,209.0,214.6,205.0,214.4,2528
2026-09-28T15:23:00+05:30,214.75,214.95,207.35,211.0,1293
2026-09-28T15:24:00+05:30,211.0,212.0,204.0,207.05,2354
2026-09-28T15:25:00+05:30,207.35,207.35,200.2,201.4,2372
2026-09-28T15:26:00+05:30,202.1,204.95,200.2,204.65,1867
2026-09-28T15:27:00+05:30,204.65,210.0,203.8,207.2,2968
2026-09-28T15:28:00+05:30,206.4,207.35,202.8,204.45,1671
2026-09-28T15:29:00+05:30,204.5,212.0,201.0,202.0,2303
2026-09-28T15:30:00+05:30,202.0,208.0,200.25,204.4,2241
