timestamp,open,high,low,close,volume
2026-09-21T09:15:00+05:30,120.0,120.0,84.95,99.4,254
2026-09-21T09:16:00+05:30,100.6,109.15,92.3,92.3,247
2026-09-21T09:17:00+05:30,90.9,92.35,83.85,85.45,416
2026-09-21T09:18:00+05:30,86.7,89.05,82.45,85.15,294
2026-09-21T09:19:00+05:30,86.7,92.05,85.8,91.2,84
2026-09-21T09:20:00+05:30,90.4,92.1,87.4,91.85,152
2026-09-21T09:21:00+05:30,89.5,93.1,89.45,93.1,143
2026-09-21T09:22:00+05:30,93.5,93.5,87.15,87.3,76
2026-09-21T09:23:00+05:30,86.3,86.3,81.6,82.7,170
2026-09-21T09:24:00+05:30,82.4,84.45,82.1,82.35,98
2026-09-21T09:25:00+05:30,83.4,84.4,81.4,82.4,52
2026-09-21T09:26:00+05:30,83.2,83.25,81.3,81.6,12
2026-09-21T09:27:00+05:30,82.35,84.1,81.35,84.1,73
2026-09-21T09:28:00+05:30,84.25,84.25,82.15,82.45,35
2026-09-21T09:29:00+05:30,82.6,82.6,80.05,80.05,42
2026-09-21T09:30:00+05:30,81.0,81.55,79.2,80.6,76
2026-09-21T09:31:00+05:30,81.15,81.2,79.65,80.3,78
2026-09-21T09:32:00+05:30,79.4,80.6,79.2,80.35,23
2026-09-21T09:33:00+05:30,79.2,80.15,78.8,79.2,53
2026-09-21T09:34:00+05:30,79.25,81.3,79.25,79.9,43
2026-09-21T09:35:00+05:30,79.25,79.5,76.05,76.05,58
2026-09-21T09:36:00+05:30,76.35,80.8,76.35,80.8,23
2026-09-21T09:37:00+05:30,80.4,83.4,79.45,83.15,132
2026-09-21T09:38:00+05:30,83.55,84.6,82.0,84.3,45
2026-09-21T09:39:00+05:30,84.15,84.15,82.4,84.0,56
2026-09-21T09:40:00+05:30,84.05,84.05,82.45,82.7,29
2026-09-21T09:41:00+05:30,82.8,83.15,79.9,80.75,66
2026-09-21T09:42:00+05:30,79.95,80.4,78.15,80.2,67
2026-09-21T09:43:00+05:30,79.8,79.8,78.25,79.8,73
2026-09-21T09:44:00+05:30,79.4,79.4,77.05,77.3,26
2026-09-21T09:45:00+05:30,78.05,78.05,77.3,78.0,25
2026-09-21T09:46:00+05:30,77.35,77.9,77.0,77.4,16
2026-09-21T09:47:00+05:30,77.2,78.65,77.1,78.5,8
2026-09-21T09:48:00+05:30,80.55,80.75,78.3,79.05,20
2026-09-21T09:49:00+05:30,78.0,78.65,78.0,78.6,4
2026-09-21T09:50:00+05:30,78.2,78.2,78.0,78.0,2
2026-09-21T09:51:00+05:30,78.65,78.65,77.55,78.15,19
2026-09-21T09:52:00+05:30,78.8,79.25,78.8,79.2,7
2026-09-21T09:53:00+05:30,80.75,82.55,80.75,82.5,13
2026-09-21T09:54:00+05:30,82.35,83.2,81.8,83.2,30
2026-09-21T09:55:00+05:30,84.0,84.0,83.3,84.0,19
2026-09-21T09:56:00+05:30,84.05,84.2,83.05,83.9,22
2026-09-21T09:57:00+05:30,82.85,82.85,80.95,82.05,38
2026-09-21T09:58:00+05:30,81.9,83.7,81.9,83.6,41
2026-09-21T09:59:00+05:30,84.5,84.6,83.55,83.55,14
2026-09-21T10:00:00+05:30,83.05,85.65,82.85,85.3,37
2026-09-21T10:01:00+05:30,85.0,86.45,85.0,86.25,29
2026-09-21T10:02:00+05:30,86.2,87.65,85.6,87.65,10
2026-09-21T10:03:00+05:30,87.25,88.0,86.9,87.55,21
2026-09-21T10:04:00+05:30,87.75,88.4,87.4,88.2,18
2026-09-21T10:05:00+05:30,87.15,89.0,86.6,88.9,41
2026-09-21T10:06:00+05:30,89.1,91.6,89.1,90.15,66
2026-09-21T10:07:00+05:30,90.05,90.25,88.5,90.25,31
2026-09-21T10:08:00+05:30,89.1,89.65,88.3,88.3,24
2026-09-21T10:09:00+05:30,87.05,87.4,86.3,86.3,25
2026-09-21T10:10:00+05:30,86.15,86.5,83.15,84.25,36
2026-09-21T10:11:00+05:30,84.05,85.85,84.05,85.35,19
2026-09-21T10:12:00+05:30,85.4,87.0,84.6,86.15,16
2026-09-21T10:13:00+05:30,86.3,89.35,86.3,88.25,39
2026-09-21T10:14:00+05:30,88.7,91.0,88.7,91.0,20
2026-09-21T10:15:00+05:30,91.6,91.9,89.25,89.75,31
2026-09-21T10:16:00+05:30,88.4,88.4,88.4,88.4,10
2026-09-21T10:17:00+05:30,85.3,89.2,84.8,89.2,54
2026-09-21T10:18:00+05:30,88.35,88.8,86.3,86.8,28
2026-09-21T10:19:00+05:30,87.8,89.2,87.8,88.95,10
2026-09-21T10:20:00+05:30,88.75,88.75,86.85,88.65,13
2026-09-21T10:21:00+05:30,88.45,88.45,84.8,85.25,17
2026-09-21T10:22:00+05:30,85.9,87.4,85.85,85.85,26
2026-09-21T10:23:00+05:30,85.4,85.8,85.3,85.8,13
2026-09-21T10:24:00+05:30,84.65,87.1,84.65,86.8,56
2026-09-21T10:25:00+05:30,87.3,87.45,86.75,86.75,49
2026-09-21T10:26:00+05:30,86.55,87.0,85.9,86.65,11
2026-09-21T10:27:00+05:30,87.25,89.4,87.25,88.7,26
2026-09-21T10:28:00+05:30,88.5,88.75,87.1,87.35,53
2026-09-21T10:29:00+05:30,87.9,87.9,86.3,86.4,19
2026-09-21T10:30:00+05:30,86.7,87.25,86.65,87.0,6
2026-09-21T10:31:00+05:30,86.6,87.65,86.6,86.7,56
2026-09-21T10:32:00+05:30,86.7,88.45,86.7,87.3,17
2026-09-21T10:33:00+05:30,87.05,88.6,86.95,88.6,30
2026-09-21T10:34:00+05:30,88.6,88.9,88.45,88.9,4
2026-09-21T10:35:00+05:30,89.25,89.25,87.25,87.75,39
2026-09-21T10:36:00+05:30,87.5,87.7,86.55,87.5,23
2026-09-21T10:37:00+05:30,87.05,88.45,86.6,88.0,60
2026-09-21T10:38:00+05:30,88.2,88.4,87.1,87.9,17
2026-09-21T10:39:00+05:30,88.0,88.75,88.0,88.75,4
2026-09-21T10:40:00+05:30,88.7,88.8,88.7,88.8,10
2026-09-21T10:41:00+05:30,88.2,88.2,86.75,87.1,13
2026-09-21T10:42:00+05:30,86.7,87.0,85.8,86.9,31
2026-09-21T10:43:00+05:30,86.75,86.75,85.6,85.6,8
2026-09-21T10:44:00+05:30,84.7,85.1,84.1,84.5,20
2026-09-21T10:45:00+05:30,84.0,84.0,82.35,82.8,48
2026-09-21T10:46:00+05:30,82.0,82.35,79.7,80.55,84
2026-09-21T10:47:00+05:30,80.7,82.0,78.95,81.85,47
2026-09-21T10:48:00+05:30,81.75,81.95,80.9,81.35,28
2026-09-21T10:49:00+05:30,81.3,81.4,80.2,80.85,10
2026-09-21T10:50:00+05:30,81.05,81.05,80.65,80.95,3
2026-09-21T10:51:00+05:30,80.45,80.85,80.0,80.8,15
2026-09-21T10:52:00+05:30,80.5,81.8,80.5,81.2,12
2026-09-21T10:53:00+05:30,81.2,81.2,79.85,80.0,20
2026-09-21T10:54:00+05:30,79.55,80.3,79.55,79.8,8
2026-09-21T10:55:00+05:30,80.0,80.1,80.0,80.05,3
2026-09-21T10:56:00+05:30,80.6,80.95,79.75,79.75,5
2026-09-21T10:57:00+05:30,79.6,79.6,78.65,79.55,6
2026-09-21T10:58:00+05:30,79.75,80.15,79.3,80.15,4
2026-09-21T10:59:00+05:30,80.0,80.0,78.3,78.3,6
2026-09-21T11:00:00+05:30,78.0,79.5,77.6,79.5,13
2026-09-21T11:01:00+05:30,79.5,79.5,79.5,79.5,1
2026-09-21T11:02:00+05:30,78.85,78.85,78.4,78.4,5
2026-09-21T11:03:00+05:30,77.5,77.5,77.5,77.5,1
2026-09-21T11:04:00+05:30,77.35,78.15,77.05,77.75,14
2026-09-21T11:05:00+05:30,77.15,77.75,77.0,77.65,24
2026-09-21T11:06:00+05:30,76.0,76.0,75.0,75.8,52
2026-09-21T11:07:00+05:30,75.7,76.25,74.55,74.7,24
2026-09-21T11:08:00+05:30,74.4,75.3,74.1,75.3,7
2026-09-21T11:09:00+05:30,74.7,75.4,74.5,75.4,8
2026-09-21T11:10:00+05:30,75.2,75.3,75.2,75.3,9
2026-09-21T11:11:00+05:30,75.5,75.5,74.7,74.7,21
2026-09-21T11:12:00+05:30,75.6,75.95,75.6,75.95,5
2026-09-21T11:13:00+05:30,76.1,76.3,75.35,75.75,24
2026-09-21T11:14:00+05:30,75.55,76.1,75.5,75.5,10
2026-09-21T11:15:00+05:30,75.3,75.5,75.3,75.5,7
2026-09-21T11:16:00+05:30,76.5,77.25,76.5,76.5,26
2026-09-21T11:17:00+05:30,76.85,77.8,76.85,77.8,8
2026-09-21T11:19:00+05:30,78.6,78.95,78.35,78.8,30
2026-09-21T11:20:00+05:30,78.0,80.2,78.0,79.75,1805
2026-09-21T11:21:00+05:30,79.35,80.5,78.9,79.45,64
2026-09-21T11:22:00+05:30,79.1,79.55,78.55,78.75,19
2026-09-21T11:23:00+05:30,79.0,79.0,77.45,77.95,51
2026-09-21T11:24:00+05:30,77.8,78.55,77.0,77.65,61
2026-09-21T11:25:00+05:30,78.1,78.45,78.1,78.45,18
2026-09-21T11:26:00+05:30,76.95,77.95,76.75,77.95,40
2026-09-21T11:27:00+05:30,78.05,78.05,76.25,76.55,21
2026-09-21T11:28:00+05:30,75.65,76.3,75.25,76.05,40
2026-09-21T11:29:00+05:30,76.0,76.45,75.55,76.15,46
2026-09-21T11:30:00+05:30,75.75,75.8,75.0,75.8,30
2026-09-21T11:31:00+05:30,76.25,77.5,76.25,77.5,15
2026-09-21T11:32:00+05:30,77.8,77.8,77.8,77.8,1
2026-09-21T11:33:00+05:30,78.05,78.05,77.95,77.95,7
2026-09-21T11:34:00+05:30,77.8,78.1,77.7,78.1,10
2026-09-21T11:35:00+05:30,78.2,80.5,77.95,80.5,57
2026-09-21T11:36:00+05:30,80.05,80.05,78.6,79.3,40
2026-09-21T11:37:00+05:30,79.5,79.8,79.15,79.8,31
2026-09-21T11:38:00+05:30,80.0,80.0,79.2,79.75,26
2026-09-21T11:39:00+05:30,79.15,79.7,79.15,79.7,14
2026-09-21T11:40:00+05:30,80.0,80.05,79.45,79.55,35
2026-09-21T11:41:00+05:30,78.45,78.9,78.45,78.9,29
2026-09-21T11:42:00+05:30,77.85,79.0,77.4,79.0,103
2026-09-21T11:43:00+05:30,78.2,78.2,77.75,78.15,25
2026-09-21T11:44:00+05:30,79.9,80.05,78.9,79.1,42
2026-09-21T11:45:00+05:30,79.1,79.15,79.05,79.15,10
2026-09-21T11:46:00+05:30,78.95,80.9,78.75,80.9,49
2026-09-21T11:47:00+05:30,80.2,81.0,80.05,81.0,34
2026-09-21T11:48:00+05:30,80.3,81.0,80.15,81.0,49
2026-09-21T11:49:00+05:30,81.0,81.0,80.8,80.8,6
2026-09-21T11:50:00+05:30,80.7,80.7,80.7,80.7,1
2026-09-21T11:51:00+05:30,80.15,80.3,79.8,79.8,17
2026-09-21T11:52:00+05:30,78.65,79.3,78.65,79.1,42
2026-09-21T11:53:00+05:30,78.6,79.0,78.4,79.0,66
2026-09-21T11:54:00+05:30,78.55,78.55,76.9,77.2,96
2026-09-21T11:55:00+05:30,77.9,78.25,77.8,77.9,12
2026-09-21T11:56:00+05:30,77.5,78.0,76.0,76.5,69
2026-09-21T11:57:00+05:30,76.5,76.5,74.6,75.05,105
2026-09-21T11:58:00+05:30,75.1,75.15,74.4,75.15,27
2026-09-21T11:59:00+05:30,75.15,75.7,75.15,75.7,27
2026-09-21T12:00:00+05:30,74.8,75.1,74.4,75.1,33
2026-09-21T12:01:00+05:30,74.95,75.1,74.95,75.1,22
2026-09-21T12:02:00+05:30,74.9,75.8,74.9,75.8,30
2026-09-21T12:03:00+05:30,76.0,76.65,75.75,76.65,34
2026-09-21T12:04:00+05:30,76.75,76.8,75.5,75.5,16
2026-09-21T12:05:00+05:30,75.8,76.2,75.8,76.2,28
2026-09-21T12:06:00+05:30,75.95,76.35,75.85,76.35,26
2026-09-21T12:07:00+05:30,75.8,76.5,75.75,76.5,25
2026-09-21T12:08:00+05:30,78.4,78.4,77.45,78.05,26
2026-09-21T12:09:00+05:30,78.65,79.2,78.6,79.0,25
2026-09-21T12:10:00+05:30,78.85,80.15,78.85,80.15,46
2026-09-21T12:11:00+05:30,78.6,78.95,78.6,78.95,14
2026-09-21T12:12:00+05:30,78.5,79.0,78.5,79.0,17
2026-09-21T12:13:00+05:30,79.25,79.3,78.95,78.95,26
2026-09-21T12:14:00+05:30,78.2,79.0,78.1,79.0,33
2026-09-21T12:15:00+05:30,78.85,79.4,78.55,79.4,8
2026-09-21T12:16:00+05:30,78.15,78.6,78.15,78.6,13
2026-09-21T12:18:00+05:30,80.0,80.0,80.0,80.0,14
2026-09-21T12:19:00+05:30,80.5,80.65,80.0,80.3,36
2026-09-21T12:20:00+05:30,79.95,80.4,79.95,80.4,16
2026-09-21T12:21:00+05:30,80.35,80.35,80.35,80.35,1
2026-09-21T12:22:00+05:30,79.35,80.5,79.35,80.4,48
2026-09-21T12:23:00+05:30,80.85,82.05,80.7,81.75,24
2026-09-21T12:24:00+05:30,81.75,81.95,80.0,80.0,34
2026-09-21T12:25:00+05:30,80.15,80.15,79.65,80.05,22
2026-09-21T12:26:00+05:30,79.9,79.9,78.65,79.15,18
2026-09-21T12:27:00+05:30,78.6,78.6,78.55,78.55,2
2026-09-21T12:28:00+05:30,78.3,78.65,78.3,78.65,3
2026-09-21T12:29:00+05:30,78.55,78.55,78.55,78.55,1
2026-09-21T12:30:00+05:30,77.0,77.15,75.0,75.0,34
2026-09-21T12:31:00+05:30,74.7,76.05,74.7,75.75,10
2026-09-21T12:32:00+05:30,76.2,77.5,76.2,77.5,10
2026-09-21T12:33:00+05:30,77.75,78.2,77.55,78.2,16
2026-09-21T12:34:00+05:30,78.2,78.2,76.8,76.8,16
2026-09-21T12:35:00+05:30,76.5,76.5,76.1,76.1,4
2026-09-21T12:36:00+05:30,76.1,76.5,76.1,76.5,3
2026-09-21T12:37:00+05:30,76.6,76.6,76.3,76.3,13
2026-09-21T12:38:00+05:30,76.5,76.6,76.5,76.6,14
2026-09-21T12:39:00+05:30,76.5,76.65,76.5,76.6,6
2026-09-21T12:40:00+05:30,76.2,76.65,76.2,76.4,14
2026-09-21T12:41:00+05:30,76.2,77.05,76.2,77.0,35
2026-09-21T12:42:00+05:30,76.95,76.95,76.85,76.85,2
2026-09-21T12:43:00+05:30,75.85,75.85,75.5,75.5,28
2026-09-21T12:44:00+05:30,75.4,75.4,73.7,74.0,44
2026-09-21T12:45:00+05:30,73.15,73.15,72.95,72.95,27
2026-09-21T12:46:00+05:30,73.1,73.5,72.9,72.9,12
2026-09-21T12:47:00+05:30,74.25,74.25,74.25,74.25,1
2026-09-21T12:49:00+05:30,74.85,74.85,74.85,74.85,1
2026-09-21T12:50:00+05:30,74.9,74.9,74.85,74.85,13
2026-09-21T12:51:00+05:30,75.45,75.45,75.45,75.45,1
2026-09-21T12:53:00+05:30,76.0,76.0,76.0,76.0,3
2026-09-21T12:54:00+05:30,74.85,74.9,74.7,74.7,6
2026-09-21T12:55:00+05:30,74.05,74.45,74.0,74.45,8
2026-09-21T12:56:00+05:30,75.25,75.45,75.05,75.05,15
2026-09-21T12:57:00+05:30,74.7,75.25,74.6,75.25,4
2026-09-21T12:58:00+05:30,74.95,75.55,74.95,75.55,7
2026-09-21T12:59:00+05:30,75.45,75.45,75.45,75.45,1
2026-09-21T13:00:00+05:30,76.0,76.2,76.0,76.2,2
2026-09-21T13:01:00+05:30,75.85,76.1,75.55,75.55,6
2026-09-21T13:02:00+05:30,75.35,75.6,75.35,75.6,15
2026-09-21T13:03:00+05:30,76.1,76.1,76.1,76.1,4
2026-09-21T13:04:00+05:30,77.55,77.55,77.1,77.1,6
2026-09-21T13:05:00+05:30,77.3,77.3,77.3,77.3,13
2026-09-21T13:06:00+05:30,76.25,76.25,76.25,76.25,1
2026-09-21T13:07:00+05:30,75.6,75.6,75.6,75.6,1
2026-09-21T13:08:00+05:30,76.15,76.15,76.15,76.15,2
2026-09-21T13:09:00+05:30,75.55,76.0,75.55,76.0,4
2026-09-21T13:11:00+05:30,75.3,75.3,75.3,75.3,1
2026-09-21T13:12:00+05:30,75.9,75.9,75.8,75.8,10
2026-09-21T13:13:00+05:30,76.0,76.05,74.9,74.9,18
2026-09-21T13:14:00+05:30,74.9,74.9,74.05,74.2,4
2026-09-21T13:15:00+05:30,73.25,73.25,70.75,71.15,23
2026-09-21T13:16:00+05:30,71.4,71.55,70.0,71.3,107
2026-09-21T13:17:00+05:30,71.3,71.4,70.25,70.25,24
2026-09-21T13:18:00+05:30,70.25,70.25,67.55,67.55,14
2026-09-21T13:19:00+05:30,67.6,67.85,67.05,67.55,30
2026-09-21T13:20:00+05:30,67.85,69.0,66.8,69.0,10
2026-09-21T13:21:00+05:30,69.4,70.5,69.4,69.45,18
2026-09-21T13:22:00+05:30,69.15,69.75,69.15,69.75,3
2026-09-21T13:23:00+05:30,69.3,69.3,69.3,69.3,1
2026-09-21T13:24:00+05:30,70.65,71.15,70.2,70.2,17
2026-09-21T13:25:00+05:30,70.05,70.65,70.05,70.65,8
2026-09-21T13:26:00+05:30,70.2,70.2,68.8,69.5,26
2026-09-21T13:27:00+05:30,69.4,69.4,68.5,69.35,14
2026-09-21T13:28:00+05:30,69.35,69.85,69.35,69.75,12
2026-09-21T13:29:00+05:30,69.6,70.0,69.1,69.1,14
2026-09-21T13:30:00+05:30,69.15,69.2,68.5,69.05,13
2026-09-21T13:31:00+05:30,69.0,69.05,68.75,69.0,13
2026-09-21T13:32:00+05:30,68.7,68.7,68.0,68.0,21
2026-09-21T13:33:00+05:30,68.0,68.0,66.75,66.9,49
2026-09-21T13:34:00+05:30,66.15,66.65,65.85,66.0,17
2026-09-21T13:35:00+05:30,65.55,65.6,64.35,64.35,22
2026-09-21T13:36:00+05:30,64.4,64.6,63.45,63.95,51
2026-09-21T13:37:00+05:30,63.35,64.2,63.1,64.2,8
2026-09-21T13:38:00+05:30,63.95,64.65,63.9,64.65,56
2026-09-21T13:39:00+05:30,65.0,65.0,63.35,63.35,12
2026-09-21T13:40:00+05:30,62.3,62.95,62.0,62.95,18
2026-09-21T13:41:00+05:30,63.05,63.05,61.85,61.85,75
2026-09-21T13:42:00+05:30,61.7,62.25,61.45,62.2,25
2026-09-21T13:43:00+05:30,62.65,63.75,62.4,63.75,11
2026-09-21T13:44:00+05:30,63.9,64.15,63.45,63.45,31
2026-09-21T13:45:00+05:30,63.75,64.0,63.25,63.7,293
2026-09-21T13:46:00+05:30,63.95,64.25,63.9,64.0,15
2026-09-21T13:47:00+05:30,64.4,64.4,63.15,63.15,19
2026-09-21T13:48:00+05:30,63.2,64.4,63.2,64.4,14
2026-09-21T13:49:00+05:30,64.7,64.7,63.1,63.35,109
2026-09-21T13:50:00+05:30,63.0,63.3,62.9,63.3,58
2026-09-21T13:51:00+05:30,62.75,62.75,61.3,62.7,70
2026-09-21T13:52:00+05:30,61.75,63.05,61.7,62.45,37
2026-09-21T13:53:00+05:30,62.0,62.65,62.0,62.45,34
2026-09-21T13:54:00+05:30,62.45,62.75,62.0,62.05,15
2026-09-21T13:55:00+05:30,61.9,62.0,60.7,61.55,50
2026-09-21T13:56:00+05:30,61.8,62.0,61.4,61.65,29
2026-09-21T13:57:00+05:30,61.35,61.35,60.15,60.75,24
2026-09-21T13:58:00+05:30,60.2,60.55,59.0,60.0,80
2026-09-21T13:59:00+05:30,59.8,59.9,58.15,59.5,39
2026-09-21T14:00:00+05:30,59.25,59.25,57.9,57.9,28
2026-09-21T14:01:00+05:30,58.05,58.55,57.8,58.15,131
2026-09-21T14:02:00+05:30,58.15,58.7,57.6,57.85,217
2026-09-21T14:03:00+05:30,57.35,57.8,57.35,57.8,11
2026-09-21T14:04:00+05:30,57.85,59.05,57.85,58.75,54
2026-09-21T14:05:00+05:30,58.8,59.0,58.65,58.75,26
2026-09-21T14:06:00+05:30,58.4,58.55,57.45,57.75,22
2026-09-21T14:07:00+05:30,57.55,58.25,57.15,58.25,44
2026-09-21T14:08:00+05:30,58.05,58.65,58.05,58.65,43
2026-09-21T14:09:00+05:30,58.5,58.65,58.4,58.55,6
2026-09-21T14:10:00+05:30,58.25,59.6,58.25,59.6,5
2026-09-21T14:11:00+05:30,59.55,59.85,58.6,58.65,13
2026-09-21T14:12:00+05:30,58.65,58.95,58.2,58.95,32
2026-09-21T14:13:00+05:30,58.7,59.8,58.55,59.0,53
2026-09-21T14:14:00+05:30,58.85,59.1,58.8,59.1,8
2026-09-21T14:15:00+05:30,59.4,59.45,59.4,59.45,3
2026-09-21T14:16:00+05:30,59.25,59.3,58.75,58.85,25
2026-09-21T14:17:00+05:30,58.25,58.3,57.75,58.0,15
2026-09-21T14:18:00+05:30,58.2,58.2,57.05,57.05,14
2026-09-21T14:19:00+05:30,57.15,57.6,56.8,57.6,33
2026-09-21T14:20:00+05:30,57.15,57.15,56.75,57.05,6
2026-09-21T14:21:00+05:30,57.05,57.9,56.95,57.65,14
2026-09-21T14:22:00+05:30,57.7,58.05,57.5,57.75,27
2026-09-21T14:23:00+05:30,57.25,57.4,57.1,57.3,8
2026-09-21T14:24:00+05:30,57.25,57.5,57.25,57.3,20
2026-09-21T14:25:00+05:30,57.4,58.05,57.2,58.05,9
2026-09-21T14:26:00+05:30,58.05,58.55,58.05,58.5,23
2026-09-21T14:27:00+05:30,58.45,58.65,58.0,58.5,10
2026-09-21T14:28:00+05:30,58.2,59.0,58.0,59.0,41
2026-09-21T14:29:00+05:30,58.75,59.75,58.75,59.45,21
2026-09-21T14:30:00+05:30,59.55,61.15,59.4,60.35,19
2026-09-21T14:31:00+05:30,60.3,60.3,59.9,59.9,9
2026-09-21T14:32:00+05:30,60.05,60.4,59.3,60.0,34
2026-09-21T14:33:00+05:30,59.85,60.75,59.85,60.3,48
2026-09-21T14:34:00+05:30,60.2,60.3,60.05,60.3,3
2026-09-21T14:35:00+05:30,60.35,60.35,59.9,59.9,7
2026-09-21T14:36:00+05:30,60.15,60.15,59.0,59.15,42
2026-09-21T14:37:00+05:30,59.2,59.6,59.1,59.1,12
2026-09-21T14:38:00+05:30,59.0,59.25,58.5,58.7,11
2026-09-21T14:39:00+05:30,58.9,59.45,58.85,59.1,14
2026-09-21T14:40:00+05:30,59.0,59.0,58.2,58.2,15
2026-09-21T14:41:00+05:30,58.15,58.7,58.05,58.35,8
2026-09-21T14:42:00+05:30,58.35,58.7,57.75,57.75,14
2026-09-21T14:43:00+05:30,57.6,58.1,57.2,58.1,20
2026-09-21T14:44:00+05:30,58.0,58.25,57.45,57.75,9
2026-09-21T14:45:00+05:30,57.8,58.1,57.65,57.7,22
2026-09-21T14:46:00+05:30,57.9,58.35,57.9,58.35,8
2026-09-21T14:47:00+05:30,58.4,58.45,57.8,57.85,21
2026-09-21T14:48:00+05:30,57.65,58.9,57.5,58.5,17
2026-09-21T14:49:00+05:30,59.0,59.4,59.0,59.1,8
2026-09-21T14:50:00+05:30,59.15,60.1,58.6,60.1,19
2026-09-21T14:51:00+05:30,59.9,60.9,59.9,60.7,36
2026-09-21T14:52:00+05:30,60.55,61.5,60.5,60.7,11
2026-09-21T14:53:00+05:30,60.65,62.05,60.55,61.2,14
2026-09-21T14:54:00+05:30,61.25,61.25,60.8,60.8,6
2026-09-21T14:55:00+05:30,60.6,60.8,60.6,60.8,8
2026-09-21T14:56:00+05:30,60.85,60.85,59.85,60.25,8
2026-09-21T14:57:00+05:30,60.2,60.2,59.1,59.7,11
2026-09-21T14:58:00+05:30,59.5,59.9,59.3,59.9,8
2026-09-21T14:59:00+05:30,59.8,59.85,58.75,58.75,14
2026-09-21T15:00:00+05:30,59.6,62.05,59.6,60.8,38
2026-09-21T15:01:00+05:30,61.1,61.5,60.85,61.25,12
2026-09-21T15:02:00+05:30,61.25,62.0,60.9,62.0,35
2026-09-21T15:03:00+05:30,62.35,63.0,62.35,62.9,9
2026-09-21T15:04:00+05:30,63.15,63.2,62.6,62.6,8
2026-09-21T15:05:00+05:30,62.7,62.9,62.0,62.0,21
2026-09-21T15:06:00+05:30,61.65,61.65,60.6,61.45,21
2026-09-21T15:07:00+05:30,61.75,62.35,61.75,61.95,16
2026-09-21T15:08:00+05:30,62.05,62.65,62.0,62.1,31
2026-09-21T15:09:00+05:30,61.75,62.3,61.35,61.35,46
2026-09-21T15:10:00+05:30,61.8,62.75,61.8,62.75,7
2026-09-21T15:11:00+05:30,62.9,63.15,62.6,62.6,24
2026-09-21T15:12:00+05:30,62.9,64.25,62.9,64.2,35
2026-09-21T15:13:00+05:30,64.65,64.65,63.15,63.15,12
2026-09-21T15:14:00+05:30,63.65,63.65,63.3,63.3,6
2026-09-21T15:15:00+05:30,63.95,64.1,63.8,64.1,6
2026-09-21T15:16:00+05:30,63.8,64.55,63.75,63.75,20
2026-09-21T15:17:00+05:30,63.75,64.1,63.65,63.7,9
2026-09-21T15:18:00+05:30,63.75,64.2,63.55,63.65,21
2026-09-21T15:19:00+05:30,64.0,64.0,63.9,63.95,9
2026-09-21T15:20:00+05:30,64.0,64.85,64.0,64.4,27
2026-09-21T15:21:00+05:30,64.55,64.55,64.0,64.0,14
2026-09-21T15:22:00+05:30,63.75,63.95,63.1,63.8,28
2026-09-21T15:23:00+05:30,63.4,63.4,62.5,62.5,18
2026-09-21T15:24:00+05:30,62.5,62.5,61.75,62.0,14
2026-09-21T15:25:00+05:30,61.7,62.55,61.7,62.55,43
2026-09-21T15:26:00+05:30,63.7,64.25,63.6,64.05,50
2026-09-21T15:27:00+05:30,64.3,64.35,63.95,63.95,11
2026-09-21T15:28:00+05:30,63.85,64.05,63.85,64.05,1
2026-09-21T15:29:00+05:30,64.15,64.5,63.95,64.0,44
2026-09-21T15:30:00+05:30,64.05,64.6,63.6,63.6,36
2026-09-21T15:31:00+05:30,63.5,63.5,63.5,63.5,1
2026-09-21T15:32:00+05:30,63.3,64.0,63.2,64.0,4
2026-09-21T15:33:00+05:30,64.45,64.45,64.45,64.45,2
2026-09-21T15:34:00+05:30,64.45,64.7,64.45,64.6,52
2026-09-21T15:35:00+05:30,64.6,64.95,64.6,64.6,20
2026-09-21T15:36:00+05:30,64.45,65.35,64.45,65.35,21
2026-09-21T15:37:00+05:30,65.95,66.05,65.15,65.75,28
2026-09-21T15:38:00+05:30,65.7,65.7,65.6,65.6,7
2026-09-21T15:39:00+05:30,65.8,66.95,65.8,66.8,93
2026-09-22T09:15:00+05:30,57.55,57.55,52.7,53.3,46
2026-09-22T09:16:00+05:30,52.0,56.15,52.0,56.15,84
2026-09-22T09:17:00+05:30,56.6,57.0,52.6,52.6,55
2026-09-22T09:18:00+05:30,51.9,51.9,49.35,49.5,116
2026-09-22T09:19:00+05:30,49.95,50.5,48.5,48.95,248
2026-09-22T09:20:00+05:30,49.25,49.8,47.55,49.7,107
2026-09-22T09:21:00+05:30,49.4,51.4,48.55,48.55,187
2026-09-22T09:22:00+05:30,48.75,49.35,47.9,49.2,109
2026-09-22T09:23:00+05:30,49.15,49.15,47.25,47.3,62
2026-09-22T09:24:00+05:30,47.3,47.35,46.0,47.3,108
2026-09-22T09:25:00+05:30,48.0,49.2,47.85,48.1,147
2026-09-22T09:26:00+05:30,47.6,48.4,47.1,48.4,105
2026-09-22T09:27:00+05:30,48.85,49.0,47.8,47.8,59
2026-09-22T09:28:00+05:30,47.4,48.0,46.15,46.7,186
2026-09-22T09:29:00+05:30,47.15,47.15,43.6,43.85,160
2026-09-22T09:30:00+05:30,44.1,44.3,43.2,44.25,224
2026-09-22T09:31:00+05:30,44.45,45.25,44.0,44.55,236
2026-09-22T09:32:00+05:30,44.25,46.35,44.25,46.3,55
2026-09-22T09:33:00+05:30,46.25,46.55,45.6,46.25,40
2026-09-22T09:34:00+05:30,46.55,46.55,45.4,45.5,17
2026-09-22T09:35:00+05:30,45.1,45.7,45.1,45.65,19
2026-09-22T09:36:00+05:30,45.85,45.85,44.75,44.9,32
2026-09-22T09:37:00+05:30,44.9,44.9,43.35,43.35,31
2026-09-22T09:38:00+05:30,43.55,44.0,43.0,44.0,64
2026-09-22T09:39:00+05:30,43.55,43.6,42.65,43.35,64
2026-09-22T09:40:00+05:30,43.4,43.8,43.25,43.35,42
2026-09-22T09:41:00+05:30,42.85,42.85,42.3,42.55,68
2026-09-22T09:42:00+05:30,42.4,42.55,41.4,41.85,80
2026-09-22T09:43:00+05:30,41.65,42.15,41.55,41.85,34
2026-09-22T09:44:00+05:30,42.1,42.1,41.0,41.0,49
2026-09-22T09:45:00+05:30,40.55,41.8,40.45,41.7,92
2026-09-22T09:46:00+05:30,41.25,41.55,40.75,40.85,25
2026-09-22T09:47:00+05:30,40.4,40.5,40.0,40.05,24
2026-09-22T09:48:00+05:30,40.0,40.4,39.15,40.4,64
2026-09-22T09:49:00+05:30,40.4,40.75,39.55,39.9,84
2026-09-22T09:50:00+05:30,39.3,39.4,38.25,38.5,28
2026-09-22T09:51:00+05:30,38.5,39.2,38.5,39.2,13
2026-09-22T09:52:00+05:30,39.65,39.7,38.95,39.0,31
2026-09-22T09:53:00+05:30,38.75,38.85,38.55,38.75,18
2026-09-22T09:54:00+05:30,38.75,38.95,38.15,38.25,320
2026-09-22T09:55:00+05:30,38.2,39.55,38.2,39.5,20
2026-09-22T09:56:00+05:30,39.6,39.6,39.05,39.15,38
2026-09-22T09:57:00+05:30,39.55,40.55,39.55,40.45,30
2026-09-22T09:58:00+05:30,40.45,40.45,38.9,38.9,20
2026-09-22T09:59:00+05:30,38.75,39.35,38.75,39.1,8
2026-09-22T10:00:00+05:30,39.0,39.05,38.1,38.1,20
2026-09-22T10:01:00+05:30,38.2,39.05,37.7,39.05,24
2026-09-22T10:02:00+05:30,39.4,40.3,39.4,40.1,8
2026-09-22T10:03:00+05:30,40.3,40.5,40.0,40.5,44
2026-09-22T10:04:00+05:30,40.1,40.1,38.95,39.25,62
2026-09-22T10:05:00+05:30,39.15,40.0,39.15,40.0,4
2026-09-22T10:06:00+05:30,39.95,41.0,39.95,41.0,22
2026-09-22T10:07:00+05:30,41.1,41.1,40.15,40.15,27
2026-09-22T10:08:00+05:30,40.6,40.6,39.5,39.7,62
2026-09-22T10:09:00+05:30,39.85,39.85,38.35,38.35,29
2026-09-22T10:10:00+05:30,38.45,39.4,38.45,39.25,33
2026-09-22T10:11:00+05:30,38.6,38.6,37.7,37.7,414
2026-09-22T10:12:00+05:30,37.95,38.55,37.85,38.45,66
2026-09-22T10:13:00+05:30,38.7,39.2,38.45,38.55,43
2026-09-22T10:14:00+05:30,38.4,38.4,37.9,38.2,9
2026-09-22T10:15:00+05:30,39.0,39.0,38.4,38.4,4
2026-09-22T10:16:00+05:30,38.7,39.65,38.6,39.05,32
2026-09-22T10:17:00+05:30,39.45,39.45,38.95,39.1,30
2026-09-22T10:18:00+05:30,39.85,39.85,38.85,38.85,29
2026-09-22T10:19:00+05:30,38.8,38.95,38.6,38.95,20
2026-09-22T10:20:00+05:30,39.3,39.9,39.3,39.9,30
2026-09-22T10:21:00+05:30,39.85,42.0,39.5,41.95,44
2026-09-22T10:22:00+05:30,41.85,43.45,41.85,43.0,53
2026-09-22T10:23:00+05:30,42.9,42.9,41.0,41.8,57
2026-09-22T10:24:00+05:30,42.0,42.05,41.45,41.6,15
2026-09-22T10:25:00+05:30,41.8,42.0,41.7,41.75,19
2026-09-22T10:26:00+05:30,42.1,42.55,42.0,42.35,42
2026-09-22T10:27:00+05:30,42.4,42.75,41.2,41.35,91
2026-09-22T10:28:00+05:30,41.5,41.7,41.0,41.0,60
2026-09-22T10:29:00+05:30,41.0,41.6,40.15,41.5,8
2026-09-22T10:30:00+05:30,41.55,45.15,41.55,45.05,145
2026-09-22T10:31:00+05:30,45.7,49.4,45.65,47.35,179
2026-09-22T10:32:00+05:30,47.4,50.3,47.0,50.3,75
2026-09-22T10:33:00+05:30,50.2,54.7,49.5,53.85,219
2026-09-22T10:34:00+05:30,54.0,54.65,51.5,53.0,158
2026-09-22T10:35:00+05:30,53.55,60.0,53.55,60.0,103
2026-09-22T10:36:00+05:30,59.75,61.45,57.4,57.5,228
2026-09-22T10:37:00+05:30,57.7,58.0,54.45,54.65,134
2026-09-22T10:38:00+05:30,55.15,55.95,53.25,55.55,124
2026-09-22T10:39:00+05:30,55.9,56.45,55.0,56.0,143
2026-09-22T10:40:00+05:30,55.3,55.3,53.9,54.85,51
2026-09-22T10:41:00+05:30,55.7,61.25,55.5,60.8,583
2026-09-22T10:42:00+05:30,61.5,67.6,60.9,63.4,435
2026-09-22T10:43:00+05:30,65.0,65.0,61.55,62.4,232
2026-09-22T10:44:00+05:30,63.15,65.8,62.85,65.8,161
2026-09-22T10:45:00+05:30,65.55,68.95,65.55,67.15,168
2026-09-22T10:46:00+05:30,67.0,67.05,64.75,65.05,70
2026-09-22T10:47:00+05:30,64.6,65.45,62.55,63.35,126
2026-09-22T10:48:00+05:30,63.2,65.25,62.85,65.25,41
2026-09-22T10:49:00+05:30,64.85,65.65,62.75,65.65,47
2026-09-22T10:50:00+05:30,66.3,69.1,66.05,67.85,63
2026-09-22T10:51:00+05:30,68.7,70.1,66.9,66.9,260
2026-09-22T10:52:00+05:30,68.55,71.05,68.15,69.75,341
2026-09-22T10:53:00+05:30,70.2,70.35,68.35,68.7,57
2026-09-22T10:54:00+05:30,69.05,69.55,66.85,66.85,58
2026-09-22T10:55:00+05:30,66.75,66.9,64.0,64.0,103
2026-09-22T10:56:00+05:30,64.0,65.3,63.4,63.7,47
2026-09-22T10:57:00+05:30,63.75,63.9,62.05,62.05,17
2026-09-22T10:58:00+05:30,62.35,63.7,61.15,61.15,44
2026-09-22T10:59:00+05:30,61.55,61.55,59.3,60.3,111
2026-09-22T11:00:00+05:30,60.25,62.6,60.25,62.4,42
2026-09-22T11:01:00+05:30,63.0,66.0,63.0,64.9,111
2026-09-22T11:02:00+05:30,65.1,66.85,65.0,65.85,119
2026-09-22T11:03:00+05:30,66.1,67.5,66.1,66.75,27
2026-09-22T11:04:00+05:30,66.8,68.2,66.0,67.7,110
2026-09-22T11:05:00+05:30,68.15,69.9,66.7,69.2,79
2026-09-22T11:06:00+05:30,68.1,68.1,67.0,67.0,14
2026-09-22T11:07:00+05:30,66.75,68.5,66.75,67.85,31
2026-09-22T11:08:00+05:30,67.05,67.85,66.65,66.65,25
2026-09-22T11:09:00+05:30,66.85,66.85,64.4,65.35,26
2026-09-22T11:10:00+05:30,64.2,64.2,62.2,62.6,49
2026-09-22T11:11:00+05:30,61.55,62.85,61.55,62.6,59
2026-09-22T11:12:00+05:30,61.9,62.45,61.7,61.75,24
2026-09-22T11:13:00+05:30,61.15,61.3,60.0,61.3,55
2026-09-22T11:14:00+05:30,61.0,61.15,58.8,60.35,64
2026-09-22T11:15:00+05:30,60.5,61.9,60.5,61.75,90
2026-09-22T11:16:00+05:30,62.55,62.8,60.3,60.3,14
2026-09-22T11:17:00+05:30,59.8,61.25,59.35,60.35,63
2026-09-22T11:18:00+05:30,60.6,61.65,60.6,61.05,42
2026-09-22T11:19:00+05:30,61.6,62.6,61.25,61.3,58
2026-09-22T11:20:00+05:30,61.0,62.15,60.45,61.35,50
2026-09-22T11:21:00+05:30,61.75,61.8,60.55,60.6,50
2026-09-22T11:22:00+05:30,60.2,61.3,59.85,60.4,19
2026-09-22T11:23:00+05:30,59.8,60.65,59.2,60.55,60
2026-09-22T11:24:00+05:30,59.5,59.8,59.0,59.0,25
2026-09-22T11:25:00+05:30,59.0,59.0,57.5,58.0,29
2026-09-22T11:26:00+05:30,58.9,59.85,58.9,59.0,12
2026-09-22T11:27:00+05:30,59.3,60.25,59.2,59.8,49
2026-09-22T11:28:00+05:30,59.5,59.8,58.35,58.9,29
2026-09-22T11:29:00+05:30,58.9,59.75,58.9,59.75,15
2026-09-22T11:30:00+05:30,60.0,63.0,60.0,62.5,21
2026-09-22T11:31:00+05:30,62.3,64.1,62.25,64.1,15
2026-09-22T11:32:00+05:30,65.4,66.0,64.05,64.15,41
2026-09-22T11:33:00+05:30,63.9,65.95,63.85,65.5,57
2026-09-22T11:34:00+05:30,65.85,68.0,65.85,68.0,17
2026-09-22T11:35:00+05:30,69.8,70.85,68.5,68.5,160
2026-09-22T11:36:00+05:30,67.85,69.15,67.6,68.75,70
2026-09-22T11:37:00+05:30,67.55,68.6,67.45,67.95,23
2026-09-22T11:38:00+05:30,67.4,67.65,67.3,67.3,13
2026-09-22T11:39:00+05:30,69.5,70.0,69.25,69.25,19
2026-09-22T11:40:00+05:30,68.8,72.3,68.6,68.75,59
2026-09-22T11:41:00+05:30,68.6,68.6,67.5,67.95,60
2026-09-22T11:42:00+05:30,68.15,69.9,68.15,69.6,27
2026-09-22T11:43:00+05:30,69.5,70.0,68.65,68.7,50
2026-09-22T11:44:00+05:30,69.7,70.25,68.1,68.1,26
2026-09-22T11:45:00+05:30,68.85,69.2,67.3,68.05,30
2026-09-22T11:46:00+05:30,67.95,72.65,67.95,70.8,93
2026-09-22T11:47:00+05:30,70.0,71.55,70.0,71.3,21
2026-09-22T11:48:00+05:30,69.75,70.0,68.0,68.45,32
2026-09-22T11:49:00+05:30,68.75,69.55,68.75,68.75,24
2026-09-22T11:50:00+05:30,69.1,69.6,68.6,68.65,11
2026-09-22T11:51:00+05:30,69.1,70.0,68.35,69.55,68
2026-09-22T11:52:00+05:30,69.65,69.65,65.9,66.45,50
2026-09-22T11:53:00+05:30,66.25,67.6,66.0,67.35,333
2026-09-22T11:54:00+05:30,67.75,70.0,67.7,70.0,30
2026-09-22T11:55:00+05:30,70.2,70.4,70.0,70.0,14
2026-09-22T11:56:00+05:30,71.0,71.25,69.6,69.6,31
2026-09-22T11:57:00+05:30,68.05,69.0,67.95,68.05,19
2026-09-22T11:58:00+05:30,68.05,68.05,65.5,65.5,27
2026-09-22T11:59:00+05:30,65.15,66.0,65.0,65.0,38
2026-09-22T12:00:00+05:30,65.05,66.6,65.0,66.6,16
2026-09-22T12:01:00+05:30,66.6,67.25,65.95,65.95,31
2026-09-22T12:02:00+05:30,65.7,65.8,64.75,65.8,10
2026-09-22T12:03:00+05:30,64.0,64.0,62.8,62.8,28
2026-09-22T12:04:00+05:30,63.05,64.2,63.05,63.05,48
2026-09-22T12:05:00+05:30,63.0,63.25,62.45,62.45,35
2026-09-22T12:06:00+05:30,63.0,63.05,62.85,62.95,13
2026-09-22T12:07:00+05:30,64.05,64.55,63.6,64.55,39
2026-09-22T12:08:00+05:30,64.25,64.25,61.7,61.7,17
2026-09-22T12:09:00+05:30,61.8,62.15,60.75,60.75,47
2026-09-22T12:10:00+05:30,61.3,61.75,61.05,61.75,33
2026-09-22T12:11:00+05:30,62.6,62.65,62.5,62.5,4
2026-09-22T12:12:00+05:30,63.6,63.8,63.4,63.5,41
2026-09-22T12:13:00+05:30,65.2,65.3,64.7,64.7,20
2026-09-22T12:14:00+05:30,65.0,65.15,62.1,65.15,64
2026-09-22T12:15:00+05:30,66.35,68.0,66.35,66.85,28
2026-09-22T12:16:00+05:30,66.95,66.95,64.3,64.3,51
2026-09-22T12:17:00+05:30,64.0,64.1,62.95,63.15,14
2026-09-22T12:18:00+05:30,62.2,62.3,61.85,61.85,11
2026-09-22T12:19:00+05:30,61.8,61.8,59.65,60.6,68
2026-09-22T12:20:00+05:30,60.1,61.4,60.0,61.0,30
2026-09-22T12:21:00+05:30,60.85,61.15,58.2,58.35,54
2026-09-22T12:22:00+05:30,58.9,59.75,58.8,59.75,18
2026-09-22T12:23:00+05:30,61.0,61.0,60.2,60.55,22
2026-09-22T12:24:00+05:30,61.0,61.8,60.5,60.75,33
2026-09-22T12:25:00+05:30,61.1,61.1,60.5,60.8,8
2026-09-22T12:26:00+05:30,60.85,60.85,59.15,59.25,14
2026-09-22T12:27:00+05:30,59.65,59.9,58.9,59.35,92
2026-09-22T12:28:00+05:30,59.15,59.2,59.15,59.2,3
2026-09-22T12:29:00+05:30,59.75,61.4,59.75,61.4,28
2026-09-22T12:30:00+05:30,61.0,62.85,60.5,62.85,49
2026-09-22T12:31:00+05:30,63.4,63.8,62.7,62.7,20
2026-09-22T12:32:00+05:30,62.0,62.1,60.95,61.9,54
2026-09-22T12:33:00+05:30,61.75,61.75,60.85,61.65,6
2026-09-22T12:34:00+05:30,61.5,61.5,60.75,60.85,6
2026-09-22T12:35:00+05:30,60.15,60.15,59.95,59.95,3
2026-09-22T12:36:00+05:30,61.4,61.95,61.4,61.6,26
2026-09-22T12:37:00+05:30,61.85,63.05,61.55,62.75,26
2026-09-22T12:38:00+05:30,62.75,63.5,62.05,63.5,54
2026-09-22T12:39:00+05:30,63.5,64.95,63.5,64.4,64
2026-09-22T12:40:00+05:30,65.6,65.6,63.6,63.6,53
2026-09-22T12:41:00+05:30,64.0,65.75,64.0,65.3,40
2026-09-22T12:42:00+05:30,65.5,65.6,64.6,64.6,23
2026-09-22T12:43:00+05:30,64.55,67.3,64.55,67.3,27
2026-09-22T12:44:00+05:30,68.05,70.05,67.7,70.05,102
2026-09-22T12:45:00+05:30,70.2,71.5,69.35,70.45,73
2026-09-22T12:46:00+05:30,69.9,70.55,68.05,69.1,107
2026-09-22T12:47:00+05:30,69.65,69.65,68.1,68.1,77
2026-09-22T12:48:00+05:30,68.45,68.45,66.9,66.9,21
2026-09-22T12:49:00+05:30,66.5,68.8,66.05,68.75,21
2026-09-22T12:50:00+05:30,70.1,70.7,70.05,70.25,10
2026-09-22T12:51:00+05:30,70.0,71.6,69.2,71.6,102
2026-09-22T12:52:00+05:30,70.9,70.9,69.1,69.1,28
2026-09-22T12:53:00+05:30,68.65,69.55,68.0,69.55,24
2026-09-22T12:54:00+05:30,70.25,70.25,68.85,68.85,19
2026-09-22T12:55:00+05:30,70.55,72.9,69.6,72.9,30
2026-09-22T12:56:00+05:30,72.9,72.9,69.35,69.7,33
2026-09-22T12:57:00+05:30,69.65,70.0,68.95,69.65,19
2026-09-22T12:58:00+05:30,70.55,70.55,68.35,69.2,43
2026-09-22T12:59:00+05:30,69.5,70.0,69.5,70.0,8
2026-09-22T13:00:00+05:30,70.3,74.6,70.3,73.1,69
2026-09-22T13:01:00+05:30,73.25,73.25,70.1,70.25,44
2026-09-22T13:02:00+05:30,70.3,72.75,69.6,72.65,36
2026-09-22T13:03:00+05:30,73.15,73.8,72.65,72.9,14
2026-09-22T13:04:00+05:30,73.25,73.55,72.1,73.45,16
2026-09-22T13:05:00+05:30,73.7,73.85,71.75,72.25,20
2026-09-22T13:06:00+05:30,72.15,72.35,70.9,71.2,42
2026-09-22T13:07:00+05:30,71.15,71.15,69.5,69.5,54
2026-09-22T13:08:00+05:30,70.0,71.3,69.4,69.4,29
2026-09-22T13:09:00+05:30,68.85,69.95,68.0,68.05,36
2026-09-22T13:10:00+05:30,67.0,67.45,67.0,67.45,19
2026-09-22T13:11:00+05:30,68.1,69.9,68.1,69.45,19
2026-09-22T13:12:00+05:30,69.9,70.4,68.75,68.75,25
2026-09-22T13:13:00+05:30,68.15,69.55,68.15,69.3,38
2026-09-22T13:14:00+05:30,69.05,69.05,66.85,66.95,22
2026-09-22T13:15:00+05:30,66.95,66.95,65.65,66.35,33
2026-09-22T13:16:00+05:30,67.05,67.8,66.95,66.95,11
2026-09-22T13:17:00+05:30,67.05,68.8,66.85,68.6,24
2026-09-22T13:18:00+05:30,70.25,71.25,69.7,69.7,16
2026-09-22T13:19:00+05:30,68.3,68.7,68.2,68.7,24
2026-09-22T13:20:00+05:30,69.15,71.2,69.15,71.2,25
2026-09-22T13:21:00+05:30,71.55,72.0,71.25,71.55,17
2026-09-22T13:22:00+05:30,71.25,72.1,70.6,71.4,98
2026-09-22T13:23:00+05:30,70.6,71.65,70.1,70.1,26
2026-09-22T13:24:00+05:30,70.8,71.2,70.0,70.05,25
2026-09-22T13:25:00+05:30,69.15,70.4,69.15,70.15,27
2026-09-22T13:26:00+05:30,70.9,72.15,70.9,71.55,10
2026-09-22T13:27:00+05:30,71.9,71.9,70.1,70.8,133
2026-09-22T13:28:00+05:30,70.85,70.85,69.4,70.0,52
2026-09-22T13:29:00+05:30,69.9,70.3,68.9,69.3,25
2026-09-22T13:30:00+05:30,70.4,70.55,69.6,69.6,15
2026-09-22T13:31:00+05:30,69.1,70.0,68.5,69.3,55
2026-09-22T13:32:00+05:30,68.25,68.65,67.7,68.65,23
2026-09-22T13:33:00+05:30,69.0,69.0,68.1,68.3,61
2026-09-22T13:34:00+05:30,67.95,67.95,67.95,67.95,2
2026-09-22T13:35:00+05:30,69.05,69.05,67.05,67.05,4
2026-09-22T13:36:00+05:30,66.95,67.65,65.85,67.6,54
2026-09-22T13:37:00+05:30,67.55,68.1,66.1,66.35,42
2026-09-22T13:38:00+05:30,66.5,68.4,66.5,68.4,16
2026-09-22T13:39:00+05:30,67.7,67.7,66.8,67.2,33
2026-09-22T13:40:00+05:30,67.05,67.4,67.05,67.3,10
2026-09-22T13:41:00+05:30,66.15,66.15,66.15,66.15,1
2026-09-22T13:42:00+05:30,67.65,67.65,64.9,66.0,79
2026-09-22T13:43:00+05:30,66.65,68.05,66.35,67.15,16
2026-09-22T13:44:00+05:30,67.75,69.8,67.75,69.75,60
2026-09-22T13:45:00+05:30,70.0,71.3,69.5,70.3,59
2026-09-22T13:46:00+05:30,71.0,71.9,70.35,71.55,39
2026-09-22T13:47:00+05:30,71.95,72.25,70.0,70.0,52
2026-09-22T13:48:00+05:30,70.85,72.35,70.65,72.35,22
2026-09-22T13:49:00+05:30,73.2,73.55,71.6,72.45,76
2026-09-22T13:50:00+05:30,72.2,72.95,71.8,71.95,36
2026-09-22T13:51:00+05:30,72.3,73.25,71.8,73.0,21
2026-09-22T13:52:00+05:30,73.15,73.15,71.4,71.95,67
2026-09-22T13:53:00+05:30,72.95,82.55,71.85,80.05,521
2026-09-22T13:54:00+05:30,81.15,85.2,80.9,82.8,180
2026-09-22T13:55:00+05:30,81.55,81.55,76.85,79.2,50
2026-09-22T13:56:00+05:30,79.25,80.6,79.2,79.85,28
2026-09-22T13:57:00+05:30,80.15,80.8,78.75,79.65,58
2026-09-22T13:58:00+05:30,80.0,81.1,79.75,80.55,86
2026-09-22T13:59:00+05:30,81.05,81.45,79.1,79.5,33
2026-09-22T14:00:00+05:30,79.9,84.65,79.9,83.75,72
2026-09-22T14:01:00+05:30,83.35,83.4,79.4,79.45,64
2026-09-22T14:02:00+05:30,78.5,80.25,77.9,78.6,25
2026-09-22T14:03:00+05:30,80.45,80.45,78.1,78.1,3
2026-09-22T14:04:00+05:30,78.15,79.7,75.35,75.35,94
2026-09-22T14:05:00+05:30,75.5,76.3,74.4,76.3,29
2026-09-22T14:06:00+05:30,78.6,78.6,76.55,76.55,34
2026-09-22T14:07:00+05:30,79.0,79.0,79.0,79.0,4
2026-09-22T14:08:00+05:30,79.0,79.0,79.0,79.0,7
2026-09-22T14:09:00+05:30,77.75,78.0,73.0,73.0,24
2026-09-22T14:10:00+05:30,73.2,74.5,71.45,72.1,65
2026-09-22T14:11:00+05:30,73.7,74.85,69.6,69.75,53
2026-09-22T14:12:00+05:30,69.5,72.2,64.1,66.5,217
2026-09-22T14:13:00+05:30,65.6,67.4,64.95,66.15,88
2026-09-22T14:14:00+05:30,66.45,66.45,53.05,53.6,208
2026-09-22T14:15:00+05:30,52.75,58.8,50.7,58.8,470
2026-09-22T14:16:00+05:30,60.0,65.0,59.5,61.45,180
2026-09-22T14:17:00+05:30,61.7,61.7,59.3,60.75,127
2026-09-22T14:18:00+05:30,57.5,62.65,57.5,61.65,71
2026-09-22T14:19:00+05:30,61.1,61.2,58.35,58.45,56
2026-09-22T14:20:00+05:30,58.4,59.7,55.55,56.85,122
2026-09-22T14:21:00+05:30,57.25,58.75,54.7,58.75,86
2026-09-22T14:22:00+05:30,58.85,59.6,58.7,59.1,30
2026-09-22T14:23:00+05:30,59.45,59.55,58.15,58.7,182
2026-09-22T14:24:00+05:30,60.5,61.4,58.7,61.4,89
2026-09-22T14:25:00+05:30,61.05,61.65,56.95,57.45,59
2026-09-22T14:26:00+05:30,57.9,58.6,56.0,56.0,135
2026-09-22T14:27:00+05:30,57.75,57.75,56.55,56.75,17
2026-09-22T14:28:00+05:30,57.7,58.15,57.05,57.05,36
2026-09-22T14:29:00+05:30,56.25,56.25,55.35,56.25,44
2026-09-22T14:30:00+05:30,56.55,56.55,55.0,55.9,59
2026-09-22T14:31:00+05:30,55.8,55.95,52.95,53.45,89
2026-09-22T14:32:00+05:30,53.15,53.3,50.6,51.9,97
2026-09-22T14:33:00+05:30,52.2,54.4,52.05,54.2,45
2026-09-22T14:34:00+05:30,54.7,57.35,54.5,56.8,71
2026-09-22T14:35:00+05:30,56.5,57.6,55.75,55.75,88
2026-09-22T14:36:00+05:30,55.6,55.7,53.65,53.65,24
2026-09-22T14:37:00+05:30,54.85,56.95,54.85,56.9,13
2026-09-22T14:38:00+05:30,56.5,58.1,56.0,58.0,25
2026-09-22T14:39:00+05:30,57.15,57.3,56.8,57.3,15
2026-09-22T14:40:00+05:30,56.6,59.35,56.6,59.35,37
2026-09-22T14:41:00+05:30,59.45,60.95,58.1,59.45,83
2026-09-22T14:42:00+05:30,60.45,63.3,60.45,62.95,25
2026-09-22T14:43:00+05:30,62.35,62.35,60.95,61.35,57
2026-09-22T14:44:00+05:30,61.65,61.65,60.0,60.0,21
2026-09-22T14:45:00+05:30,60.65,60.65,57.2,57.3,23
2026-09-22T14:46:00+05:30,58.25,58.25,57.9,57.9,2
2026-09-22T14:47:00+05:30,58.9,59.75,58.9,59.75,11
2026-09-22T14:48:00+05:30,61.7,61.85,60.95,61.35,14
2026-09-22T14:49:00+05:30,61.4,61.85,61.05,61.85,8
2026-09-22T14:50:00+05:30,62.5,63.3,60.05,60.05,45
2026-09-22T14:51:00+05:30,60.3,60.85,60.15,60.85,11
2026-09-22T14:52:00+05:30,62.1,63.0,61.0,61.05,19
2026-09-22T14:53:00+05:30,60.8,61.2,60.0,60.75,35
2026-09-22T14:54:00+05:30,60.75,61.4,60.2,60.45,12
2026-09-22T14:55:00+05:30,61.3,61.3,59.55,59.6,5
2026-09-22T14:56:00+05:30,61.75,61.75,61.15,61.5,57
2026-09-22T14:57:00+05:30,60.5,60.5,60.5,60.5,1
2026-09-22T14:58:00+05:30,61.9,63.4,60.85,61.6,43
2026-09-22T14:59:00+05:30,63.15,64.1,62.25,62.25,72
2026-09-22T15:00:00+05:30,62.1,63.2,62.0,62.7,9
2026-09-22T15:01:00+05:30,64.5,65.0,61.25,61.4,30
2026-09-22T15:02:00+05:30,61.25,61.3,59.55,60.8,95
2026-09-22T15:03:00+05:30,60.7,60.9,58.95,59.0,49
2026-09-22T15:04:00+05:30,58.5,60.2,58.4,60.05,8
2026-09-22T15:05:00+05:30,60.55,60.75,60.05,60.05,9
2026-09-22T15:06:00+05:30,62.0,62.5,61.2,61.2,71
2026-09-22T15:07:00+05:30,61.6,62.15,61.3,61.9,23
2026-09-22T15:08:00+05:30,63.4,64.0,62.85,64.0,52
2026-09-22T15:09:00+05:30,63.85,63.9,62.6,62.95,29
2026-09-22T15:10:00+05:30,63.3,63.55,60.95,61.1,23
2026-09-22T15:11:00+05:30,61.35,62.4,58.45,59.35,136
2026-09-22T15:12:00+05:30,59.55,60.2,58.55,58.7,37
2026-09-22T15:13:00+05:30,58.25,58.6,57.55,58.6,42
2026-09-22T15:14:00+05:30,58.15,58.2,57.2,57.9,14
2026-09-22T15:15:00+05:30,58.4,60.75,58.4,60.75,16
2026-09-22T15:16:00+05:30,59.75,59.75,58.85,58.85,2
2026-09-22T15:17:00+05:30,58.2,59.45,58.2,59.45,21
2026-09-22T15:18:00+05:30,59.6,59.6,59.6,59.6,1
2026-09-22T15:19:00+05:30,59.7,60.3,59.45,59.45,4
2026-09-22T15:20:00+05:30,59.8,61.6,58.7,60.05,66
2026-09-22T15:21:00+05:30,60.2,60.2,59.6,59.85,33
2026-09-22T15:22:00+05:30,58.05,60.5,57.85,59.0,26
2026-09-22T15:23:00+05:30,58.55,58.65,57.85,57.85,7
2026-09-22T15:24:00+05:30,57.55,57.55,57.55,57.55,3
2026-09-22T15:25:00+05:30,58.15,58.15,57.0,57.6,5
2026-09-22T15:26:00+05:30,57.8,58.05,56.65,58.0,9
2026-09-22T15:27:00+05:30,58.2,58.2,57.45,58.1,6
2026-09-22T15:28:00+05:30,59.0,59.35,58.45,58.95,14
2026-09-22T15:29:00+05:30,60.2,61.2,60.2,61.2,5
2026-09-22T15:30:00+05:30,61.85,63.75,61.85,63.2,29
2026-09-22T15:31:00+05:30,63.5,63.5,62.1,62.7,29
2026-09-22T15:32:00+05:30,62.95,63.5,62.85,63.5,11
2026-09-22T15:33:00+05:30,63.5,63.55,59.0,59.0,73
2026-09-22T15:34:00+05:30,59.0,59.0,56.05,56.05,47
2026-09-22T15:35:00+05:30,56.05,56.05,53.25,53.55,74
2026-09-22T15:36:00+05:30,53.25,53.25,52.05,52.6,86
2026-09-22T15:37:00+05:30,51.85,51.85,48.7,49.1,62
2026-09-22T15:38:00+05:30,49.35,49.45,47.7,47.7,193
2026-09-22T15:39:00+05:30,47.2,51.0,46.15,51.0,221
2026-09-23T09:15:00+05:30,53.95,53.95,44.15,48.7,477
2026-09-23T09:16:00+05:30,47.8,47.8,43.95,45.1,348
2026-09-23T09:17:00+05:30,44.2,45.05,42.4,42.4,140
2026-09-23T09:18:00+05:30,42.0,42.15,39.6,40.75,394
2026-09-23T09:19:00+05:30,40.85,40.85,38.95,39.25,284
2026-09-23T09:20:00+05:30,39.05,39.35,37.4,39.3,243
2026-09-23T09:21:00+05:30,39.0,40.55,38.4,40.55,507
2026-09-23T09:22:00+05:30,40.7,40.7,39.15,40.2,163
2026-09-23T09:23:00+05:30,39.6,41.15,38.95,40.85,117
2026-09-23T09:24:00+05:30,41.4,42.05,40.9,41.5,39
2026-09-23T09:25:00+05:30,41.5,44.7,41.5,42.95,96
2026-09-23T09:26:00+05:30,42.9,44.4,41.85,43.9,90
2026-09-23T09:27:00+05:30,43.65,43.9,41.4,42.6,62
2026-09-23T09:28:00+05:30,41.95,42.25,40.65,41.35,100
2026-09-23T09:29:00+05:30,41.5,42.25,40.5,41.9,88
2026-09-23T09:30:00+05:30,41.9,41.9,38.35,39.05,161
2026-09-23T09:31:00+05:30,38.55,40.35,37.8,40.3,127
2026-09-23T09:32:00+05:30,39.95,39.95,37.85,38.0,82
2026-09-23T09:33:00+05:30,37.95,38.75,37.55,37.6,165
2026-09-23T09:34:00+05:30,37.5,38.2,37.0,37.05,72
2026-09-23T09:35:00+05:30,36.95,37.95,36.4,37.4,78
2026-09-23T09:36:00+05:30,37.4,39.5,36.95,38.2,83
2026-09-23T09:37:00+05:30,38.05,38.35,37.5,37.6,98
2026-09-23T09:38:00+05:30,37.5,37.7,36.45,37.0,67
2026-09-23T09:39:00+05:30,37.1,39.1,36.8,39.1,55
2026-09-23T09:40:00+05:30,38.5,38.5,36.8,36.95,34
2026-09-23T09:41:00+05:30,36.8,37.1,36.1,36.35,89
2026-09-23T09:42:00+05:30,36.4,36.45,35.35,35.95,68
2026-09-23T09:43:00+05:30,35.75,35.9,35.4,35.9,32
2026-09-23T09:44:00+05:30,36.25,36.35,34.45,35.0,108
2026-09-23T09:45:00+05:30,34.5,34.5,33.45,34.45,132
2026-09-23T09:46:00+05:30,34.4,34.4,33.55,33.85,50
2026-09-23T09:47:00+05:30,34.05,34.2,33.45,33.55,270
2026-09-23T09:48:00+05:30,33.6,35.15,33.25,35.05,127
2026-09-23T09:49:00+05:30,35.5,37.0,35.45,37.0,28
2026-09-23T09:50:00+05:30,35.9,37.25,35.9,36.85,97
2026-09-23T09:51:00+05:30,37.1,37.3,36.05,36.3,46
2026-09-23T09:52:00+05:30,36.2,36.8,35.5,36.15,31
2026-09-23T09:53:00+05:30,35.65,37.0,35.35,37.0,41
2026-09-23T09:54:00+05:30,37.65,39.7,37.5,38.45,46
2026-09-23T09:55:00+05:30,38.1,38.75,37.45,37.45,54
2026-09-23T09:56:00+05:30,37.0,37.0,35.9,36.0,23
2026-09-23T09:57:00+05:30,35.65,35.75,34.25,34.75,115
2026-09-23T09:58:00+05:30,35.3,35.3,33.8,33.95,37
2026-09-23T09:59:00+05:30,33.9,33.9,32.2,32.35,188
2026-09-23T10:00:00+05:30,32.45,33.1,30.55,31.35,342
2026-09-23T10:01:00+05:30,31.45,31.8,30.65,31.65,345
2026-09-23T10:02:00+05:30,31.6,32.7,30.9,32.4,391
2026-09-23T10:03:00+05:30,32.05,32.5,31.05,31.25,425
2026-09-23T10:04:00+05:30,31.8,32.15,30.95,31.45,224
2026-09-23T10:05:00+05:30,31.25,31.4,30.85,30.85,161
2026-09-23T10:06:00+05:30,30.9,31.4,30.65,31.4,275
2026-09-23T10:07:00+05:30,31.5,31.9,31.3,31.75,63
2026-09-23T10:08:00+05:30,31.9,32.2,31.1,31.55,186
2026-09-23T10:09:00+05:30,31.5,31.5,30.9,31.1,19
2026-09-23T10:10:00+05:30,31.25,32.0,30.8,32.0,98
2026-09-23T10:11:00+05:30,32.2,32.8,31.95,32.55,54
2026-09-23T10:12:00+05:30,32.5,32.65,31.25,31.75,57
2026-09-23T10:13:00+05:30,31.45,31.6,30.35,31.1,88
2026-09-23T10:14:00+05:30,30.95,31.4,30.7,31.05,36
2026-09-23T10:15:00+05:30,30.5,31.15,30.2,30.3,254
2026-09-23T10:16:00+05:30,30.05,30.75,29.7,30.3,136
2026-09-23T10:17:00+05:30,30.0,30.4,29.4,29.55,75
2026-09-23T10:18:00+05:30,29.65,29.65,28.05,29.65,61
2026-09-23T10:19:00+05:30,29.5,30.3,29.5,29.85,45
2026-09-23T10:20:00+05:30,29.4,30.0,29.1,29.5,68
2026-09-23T10:21:00+05:30,29.15,29.55,28.8,29.1,210
2026-09-23T10:22:00+05:30,29.35,30.05,28.95,30.05,51
2026-09-23T10:23:00+05:30,29.95,30.05,29.15,29.45,127
2026-09-23T10:24:00+05:30,29.4,30.15,29.4,30.0,73
2026-09-23T10:25:00+05:30,29.75,30.1,29.35,29.55,89
2026-09-23T10:26:00+05:30,29.4,29.9,29.0,29.2,88
2026-09-23T10:27:00+05:30,29.25,29.25,28.8,29.05,29
2026-09-23T10:28:00+05:30,29.05,29.05,28.35,28.9,66
2026-09-23T10:29:00+05:30,28.85,29.35,28.85,29.05,173
2026-09-23T10:30:00+05:30,28.75,29.45,28.5,29.3,16
2026-09-23T10:31:00+05:30,29.2,29.75,29.15,29.4,100
2026-09-23T10:32:00+05:30,29.3,29.9,29.05,29.25,64
2026-09-23T10:33:00+05:30,29.65,29.65,29.05,29.15,20
2026-09-23T10:34:00+05:30,28.95,29.2,28.75,29.2,9
2026-09-23T10:35:00+05:30,28.85,29.6,28.4,29.55,39
2026-09-23T10:36:00+05:30,29.65,29.9,28.75,28.75,23
2026-09-23T10:37:00+05:30,28.6,29.0,28.0,28.0,36
2026-09-23T10:38:00+05:30,27.95,28.0,27.5,27.5,101
2026-09-23T10:39:00+05:30,27.1,27.65,26.8,27.65,42
2026-09-23T10:40:00+05:30,27.8,28.1,27.25,27.85,54
2026-09-23T10:41:00+05:30,27.7,28.3,27.3,28.3,85
2026-09-23T10:42:00+05:30,28.15,28.25,27.5,28.2,40
2026-09-23T10:43:00+05:30,28.15,28.15,27.65,27.8,31
2026-09-23T10:44:00+05:30,27.85,28.0,27.5,27.6,22
2026-09-23T10:45:00+05:30,27.45,27.8,27.3,27.65,32
2026-09-23T10:46:00+05:30,27.5,28.15,27.5,28.05,10
2026-09-23T10:47:00+05:30,28.05,28.5,27.8,28.4,42
2026-09-23T10:48:00+05:30,28.35,28.85,28.25,28.6,30
2026-09-23T10:49:00+05:30,28.45,29.15,28.4,29.0,44
2026-09-23T10:50:00+05:30,28.85,28.85,28.2,28.25,31
2026-09-23T10:51:00+05:30,28.25,28.5,28.1,28.3,32
2026-09-23T10:52:00+05:30,27.95,27.95,27.5,27.6,10
2026-09-23T10:53:00+05:30,27.75,27.9,27.15,27.25,13
2026-09-23T10:54:00+05:30,27.4,28.1,27.15,27.75,43
2026-09-23T10:55:00+05:30,27.7,27.7,27.0,27.35,96
2026-09-23T10:56:00+05:30,27.25,27.85,27.05,27.65,102
2026-09-23T10:57:00+05:30,27.75,27.9,27.2,27.65,27
2026-09-23T10:58:00+05:30,27.5,27.5,27.05,27.3,21
2026-09-23T10:59:00+05:30,27.45,27.8,27.4,27.55,41
2026-09-23T11:00:00+05:30,27.2,28.1,27.2,27.7,121
2026-09-23T11:01:00+05:30,27.55,27.8,27.2,27.5,40
2026-09-23T11:02:00+05:30,27.2,27.35,26.9,27.35,66
2026-09-23T11:03:00+05:30,27.3,27.35,26.7,27.15,38
2026-09-23T11:04:00+05:30,27.35,27.55,27.35,27.55,5
2026-09-23T11:05:00+05:30,27.45,27.5,26.65,26.9,43
2026-09-23T11:06:00+05:30,26.8,27.2,26.2,26.5,126
2026-09-23T11:07:00+05:30,26.55,26.8,26.3,26.3,19
2026-09-23T11:08:00+05:30,26.4,27.0,26.4,26.6,347
2026-09-23T11:09:00+05:30,26.45,26.75,26.45,26.65,9
2026-09-23T11:10:00+05:30,26.6,26.6,26.05,26.5,44
2026-09-23T11:11:00+05:30,26.4,26.4,26.05,26.3,42
2026-09-23T11:12:00+05:30,26.2,26.45,26.1,26.15,30
2026-09-23T11:13:00+05:30,26.05,26.4,26.05,26.35,18
2026-09-23T11:14:00+05:30,26.2,26.25,26.2,26.25,16
2026-09-23T11:15:00+05:30,26.25,26.7,26.25,26.55,20
2026-09-23T11:16:00+05:30,26.6,27.4,26.55,27.35,43
2026-09-23T11:17:00+05:30,27.25,27.55,27.1,27.3,25
2026-09-23T11:18:00+05:30,27.35,27.7,27.1,27.65,25
2026-09-23T11:19:00+05:30,27.55,27.9,27.55,27.9,9
2026-09-23T11:20:00+05:30,27.8,27.8,27.2,27.7,73
2026-09-23T11:21:00+05:30,27.7,27.85,27.5,27.7,44
2026-09-23T11:22:00+05:30,27.75,27.8,27.4,27.7,22
2026-09-23T11:23:00+05:30,27.65,27.7,27.5,27.7,18
2026-09-23T11:24:00+05:30,27.55,27.55,27.4,27.45,21
2026-09-23T11:25:00+05:30,27.8,27.8,27.55,27.55,16
2026-09-23T11:26:00+05:30,27.1,27.45,26.9,27.4,34
2026-09-23T11:27:00+05:30,27.75,27.95,27.55,27.9,43
2026-09-23T11:28:00+05:30,28.1,28.2,27.8,28.05,19
2026-09-23T11:29:00+05:30,27.95,27.95,27.7,27.7,50
2026-09-23T11:30:00+05:30,27.85,28.05,27.2,27.55,65
2026-09-23T11:31:00+05:30,27.85,28.05,27.6,27.9,15
2026-09-23T11:32:00+05:30,27.45,27.45,27.05,27.1,25
2026-09-23T11:33:00+05:30,27.55,27.6,27.05,27.05,46
2026-09-23T11:34:00+05:30,27.65,27.7,27.4,27.7,4
2026-09-23T11:35:00+05:30,27.55,28.05,27.55,27.85,13
2026-09-23T11:36:00+05:30,27.85,27.85,27.65,27.8,8
2026-09-23T11:37:00+05:30,27.8,28.1,27.65,28.1,42
2026-09-23T11:38:00+05:30,28.05,28.05,27.85,28.0,7
2026-09-23T11:39:00+05:30,27.8,27.95,27.75,27.8,10
2026-09-23T11:40:00+05:30,27.5,27.75,27.5,27.5,6
2026-09-23T11:41:00+05:30,27.5,27.5,27.05,27.2,42
2026-09-23T11:42:00+05:30,27.05,27.05,26.7,26.75,13
2026-09-23T11:43:00+05:30,26.5,26.6,26.35,26.55,23
2026-09-23T11:44:00+05:30,26.45,26.65,26.35,26.35,35
2026-09-23T11:45:00+05:30,26.65,26.75,26.6,26.65,52
2026-09-23T11:46:00+05:30,26.9,26.9,26.55,26.75,14
2026-09-23T11:47:00+05:30,26.9,26.9,26.65,26.75,16
2026-09-23T11:48:00+05:30,26.75,27.15,26.75,27.0,17
2026-09-23T11:49:00+05:30,27.55,27.7,27.55,27.7,4
2026-09-23T11:50:00+05:30,28.25,28.35,28.25,28.35,6
2026-09-23T11:51:00+05:30,28.25,28.45,28.1,28.45,4
2026-09-23T11:52:00+05:30,28.8,28.8,28.1,28.35,28
2026-09-23T11:53:00+05:30,27.95,27.95,27.6,27.7,49
2026-09-23T11:54:00+05:30,27.55,27.55,27.55,27.55,20
2026-09-23T11:55:00+05:30,27.75,27.8,27.6,27.6,13
2026-09-23T11:56:00+05:30,27.85,28.1,27.85,28.1,3
2026-09-23T11:57:00+05:30,28.45,28.45,28.45,28.45,1
2026-09-23T11:58:00+05:30,28.55,28.55,28.05,28.25,37
2026-09-23T11:59:00+05:30,28.05,28.15,27.8,27.8,13
2026-09-23T12:00:00+05:30,27.9,27.9,27.9,27.9,3
2026-09-23T12:01:00+05:30,27.75,27.75,26.5,26.5,20
2026-09-23T12:02:00+05:30,26.55,26.55,26.3,26.45,9
2026-09-23T12:03:00+05:30,26.45,26.6,26.3,26.5,8
2026-09-23T12:04:00+05:30,26.5,26.65,26.1,26.2,111
2026-09-23T12:05:00+05:30,26.25,26.6,25.65,26.35,21
2026-09-23T12:06:00+05:30,26.0,26.25,25.65,25.75,92
2026-09-23T12:07:00+05:30,26.1,26.4,26.1,26.3,10
2026-09-23T12:08:00+05:30,26.45,26.9,26.4,26.9,28
2026-09-23T12:09:00+05:30,26.65,26.65,26.65,26.65,1
2026-09-23T12:10:00+05:30,26.35,26.65,26.25,26.45,12
2026-09-23T12:11:00+05:30,26.35,26.35,26.35,26.35,3
2026-09-23T12:12:00+05:30,26.45,26.55,26.25,26.35,17
2026-09-23T12:13:00+05:30,26.5,26.5,26.5,26.5,1
2026-09-23T12:15:00+05:30,26.85,26.85,25.2,26.55,228
2026-09-23T12:16:00+05:30,26.6,26.9,26.6,26.8,13
2026-09-23T12:17:00+05:30,26.8,26.8,26.6,26.75,25
2026-09-23T12:18:00+05:30,26.6,26.6,26.6,26.6,2
2026-09-23T12:19:00+05:30,26.45,26.45,26.45,26.45,1
2026-09-23T12:20:00+05:30,26.4,26.7,26.4,26.55,10
2026-09-23T12:21:00+05:30,26.6,26.75,26.6,26.75,3
2026-09-23T12:24:00+05:30,27.1,27.15,26.85,27.15,13
2026-09-23T12:25:00+05:30,27.0,27.8,27.0,27.75,36
2026-09-23T12:26:00+05:30,27.55,27.55,27.45,27.45,25
2026-09-23T12:28:00+05:30,27.05,27.05,27.05,27.05,1
2026-09-23T12:29:00+05:30,27.0,27.45,27.0,27.45,2
2026-09-23T12:30:00+05:30,26.95,27.3,26.9,27.3,25
2026-09-23T12:31:00+05:30,27.55,27.85,27.1,27.35,44
2026-09-23T12:32:00+05:30,27.35,27.35,26.9,26.9,11
2026-09-23T12:33:00+05:30,26.8,26.8,26.3,26.3,4
2026-09-23T12:34:00+05:30,25.95,27.0,25.95,27.0,6
2026-09-23T12:35:00+05:30,26.3,26.8,26.3,26.8,7
2026-09-23T12:36:00+05:30,26.75,26.75,26.75,26.75,2
2026-09-23T12:37:00+05:30,26.95,27.3,26.95,27.1,4
2026-09-23T12:39:00+05:30,26.8,26.8,26.8,26.8,1
2026-09-23T12:41:00+05:30,26.85,26.85,26.85,26.85,1
2026-09-23T12:42:00+05:30,26.75,27.0,26.75,27.0,12
2026-09-23T12:43:00+05:30,26.55,26.85,26.5,26.85,18
2026-09-23T12:45:00+05:30,27.2,27.45,27.2,27.4,15
2026-09-23T12:46:00+05:30,27.35,27.35,27.15,27.15,2
2026-09-23T12:47:00+05:30,27.3,27.85,27.3,27.85,5
2026-09-23T12:48:00+05:30,27.75,27.75,27.35,27.45,52
2026-09-23T12:49:00+05:30,27.35,27.4,27.0,27.0,69
2026-09-23T12:50:00+05:30,26.95,26.95,26.95,26.95,2
2026-09-23T12:51:00+05:30,26.65,27.15,26.65,27.15,5
2026-09-23T12:52:00+05:30,27.55,27.55,27.55,27.55,1
2026-09-23T12:53:00+05:30,27.7,27.75,27.7,27.75,2
2026-09-23T12:54:00+05:30,28.0,28.4,28.0,28.35,3
2026-09-23T12:55:00+05:30,28.15,28.15,27.8,27.9,6
2026-09-23T12:56:00+05:30,27.95,28.0,27.3,27.5,128
2026-09-23T12:57:00+05:30,27.45,27.45,26.85,27.35,14
2026-09-23T12:58:00+05:30,26.9,27.5,26.9,26.95,40
2026-09-23T13:00:00+05:30,27.1,27.15,26.8,26.8,6
2026-09-23T13:01:00+05:30,26.65,26.75,26.25,26.75,14
2026-09-23T13:02:00+05:30,26.45,26.55,25.65,25.65,18
2026-09-23T13:03:00+05:30,26.05,26.05,25.5,25.5,11
2026-09-23T13:04:00+05:30,25.9,26.2,25.9,26.2,21
2026-09-23T13:05:00+05:30,26.0,26.1,25.7,26.1,14
2026-09-23T13:06:00+05:30,26.35,26.35,25.85,26.2,67
2026-09-23T13:07:00+05:30,26.05,26.05,25.05,25.5,93
2026-09-23T13:08:00+05:30,25.45,25.75,25.3,25.7,53
2026-09-23T13:09:00+05:30,26.05,26.05,26.05,26.05,3
2026-09-23T13:10:00+05:30,26.05,26.05,26.05,26.05,3
2026-09-23T13:11:00+05:30,26.3,26.3,26.3,26.3,2
2026-09-23T13:13:00+05:30,26.5,26.5,26.5,26.5,1
2026-09-23T13:14:00+05:30,26.5,26.5,26.45,26.45,2
2026-09-23T13:15:00+05:30,26.3,26.3,26.3,26.3,3
2026-09-23T13:16:00+05:30,26.2,26.2,26.2,26.2,1
2026-09-23T13:17:00+05:30,26.2,26.2,26.0,26.0,3
2026-09-23T13:18:00+05:30,26.55,26.55,26.55,26.55,1
2026-09-23T13:20:00+05:30,26.4,26.55,26.4,26.45,4
2026-09-23T13:21:00+05:30,26.4,26.4,26.3,26.3,4
2026-09-23T13:23:00+05:30,26.4,26.55,26.4,26.55,4
2026-09-23T13:24:00+05:30,26.55,26.9,26.4,26.9,63
2026-09-23T13:25:00+05:30,26.75,26.75,26.75,26.75,3
2026-09-23T13:27:00+05:30,26.85,26.85,26.85,26.85,2
2026-09-23T13:28:00+05:30,26.9,27.1,26.85,27.05,6
2026-09-23T13:29:00+05:30,26.9,27.3,26.9,27.3,3
2026-09-23T13:30:00+05:30,27.3,27.3,27.05,27.05,2
2026-09-23T13:31:00+05:30,27.05,27.05,26.85,26.85,4
2026-09-23T13:32:00+05:30,27.5,27.7,27.25,27.65,14
2026-09-23T13:33:00+05:30,27.6,28.2,27.6,28.2,5
2026-09-23T13:34:00+05:30,28.1,28.3,27.75,28.2,10
2026-09-23T13:35:00+05:30,28.15,28.35,27.85,28.35,10
2026-09-23T13:36:00+05:30,28.3,28.35,28.05,28.15,21
2026-09-23T13:37:00+05:30,27.75,27.85,27.2,27.25,24
2026-09-23T13:38:00+05:30,27.35,27.6,27.35,27.45,7
2026-09-23T13:39:00+05:30,27.45,27.45,26.8,27.1,88
2026-09-23T13:40:00+05:30,26.75,27.15,26.7,27.15,32
2026-09-23T13:41:00+05:30,27.15,27.4,26.8,26.8,26
2026-09-23T13:43:00+05:30,26.45,26.45,26.45,26.45,1
2026-09-23T13:44:00+05:30,26.3,26.3,26.0,26.0,13
2026-09-23T13:45:00+05:30,25.9,25.9,25.9,25.9,1
2026-09-23T13:46:00+05:30,25.65,25.65,25.35,25.35,2
2026-09-23T13:47:00+05:30,25.65,25.65,25.65,25.65,1
2026-09-23T13:48:00+05:30,25.55,25.85,25.55,25.85,15
2026-09-23T13:49:00+05:30,25.5,25.55,25.5,25.5,9
2026-09-23T13:50:00+05:30,25.55,25.75,25.5,25.5,20
2026-09-23T13:51:00+05:30,25.5,25.5,25.5,25.5,8
2026-09-23T13:52:00+05:30,26.0,26.0,26.0,26.0,1
2026-09-23T13:53:00+05:30,25.8,25.9,25.8,25.85,10
2026-09-23T13:54:00+05:30,25.8,25.95,25.7,25.7,27
2026-09-23T13:55:00+05:30,25.5,25.65,25.5,25.65,3
2026-09-23T13:56:00+05:30,25.85,25.85,25.7,25.75,3
2026-09-23T13:57:00+05:30,26.2,26.2,26.2,26.2,1
2026-09-23T13:58:00+05:30,26.0,26.0,26.0,26.0,1
2026-09-23T14:00:00+05:30,26.0,26.1,25.85,26.1,17
2026-09-23T14:02:00+05:30,25.75,25.95,25.5,25.5,52
2026-09-23T14:03:00+05:30,25.55,25.55,25.0,25.15,30
2026-09-23T14:04:00+05:30,25.0,25.2,24.9,25.05,16
2026-09-23T14:05:00+05:30,25.0,25.0,25.0,25.0,1
2026-09-23T14:06:00+05:30,24.8,25.0,24.75,25.0,5
2026-09-23T14:07:00+05:30,24.85,24.95,24.4,24.95,44
2026-09-23T14:08:00+05:30,24.6,24.7,24.45,24.5,6
2026-09-23T14:09:00+05:30,24.25,24.35,23.95,24.15,39
2026-09-23T14:10:00+05:30,24.1,24.1,24.0,24.05,4
2026-09-23T14:11:00+05:30,23.75,24.0,23.75,23.9,32
2026-09-23T14:12:00+05:30,23.9,23.9,23.5,23.75,47
2026-09-23T14:13:00+05:30,23.7,23.85,23.35,23.35,7
2026-09-23T14:14:00+05:30,23.6,24.15,23.4,23.4,22
2026-09-23T14:15:00+05:30,23.45,23.65,23.35,23.65,8
2026-09-23T14:16:00+05:30,23.5,23.55,23.4,23.45,8
2026-09-23T14:17:00+05:30,23.4,23.6,23.35,23.35,8
2026-09-23T14:18:00+05:30,23.3,23.35,22.85,23.0,16
2026-09-23T14:19:00+05:30,22.75,23.4,22.55,23.1,74
2026-09-23T14:20:00+05:30,23.4,23.4,23.35,23.35,2
2026-09-23T14:21:00+05:30,23.45,23.45,23.45,23.45,1
2026-09-23T14:22:00+05:30,23.4,23.45,23.4,23.45,6
2026-09-23T14:23:00+05:30,23.0,23.0,22.7,22.8,5
2026-09-23T14:24:00+05:30,23.1,23.35,23.1,23.25,11
2026-09-23T14:25:00+05:30,23.45,23.6,23.35,23.35,7
2026-09-23T14:26:00+05:30,23.35,23.4,22.15,23.3,377
2026-09-23T14:27:00+05:30,23.15,23.15,22.95,23.0,16
2026-09-23T14:28:00+05:30,22.75,22.95,22.75,22.95,18
2026-09-23T14:29:00+05:30,22.8,23.0,22.55,22.85,16
2026-09-23T14:30:00+05:30,22.55,22.55,22.45,22.55,16
2026-09-23T14:31:00+05:30,22.5,23.05,22.45,22.9,26
2026-09-23T14:32:00+05:30,22.95,23.2,22.85,23.0,35
2026-09-23T14:33:00+05:30,22.95,23.05,22.8,23.0,28
2026-09-23T14:34:00+05:30,23.05,23.1,22.9,22.9,8
2026-09-23T14:35:00+05:30,23.1,23.45,23.1,23.35,17
2026-09-23T14:36:00+05:30,23.4,23.75,23.2,23.6,24
2026-09-23T14:37:00+05:30,23.45,23.9,23.45,23.5,17
2026-09-23T14:38:00+05:30,23.6,24.0,23.6,23.65,25
2026-09-23T14:39:00+05:30,23.6,23.95,23.6,23.75,29
2026-09-23T14:40:00+05:30,23.9,23.95,23.9,23.95,16
2026-09-23T14:41:00+05:30,24.3,24.5,24.3,24.35,25
2026-09-23T14:42:00+05:30,24.45,24.6,24.15,24.2,6
2026-09-23T14:43:00+05:30,24.45,24.45,24.25,24.25,3
2026-09-23T14:44:00+05:30,24.1,24.1,24.1,24.1,1
2026-09-23T14:45:00+05:30,23.9,23.9,23.7,23.7,6
2026-09-23T14:46:00+05:30,23.9,24.2,23.5,23.5,25
2026-09-23T14:47:00+05:30,24.25,24.3,24.2,24.2,7
2026-09-23T14:48:00+05:30,24.4,24.5,24.0,24.0,3
2026-09-23T14:49:00+05:30,23.9,24.05,23.9,23.95,19
2026-09-23T14:50:00+05:30,24.1,24.4,23.75,24.0,42
2026-09-23T14:51:00+05:30,23.95,24.15,23.7,23.8,24
2026-09-23T14:52:00+05:30,23.65,24.4,23.5,24.4,52
2026-09-23T14:53:00+05:30,24.3,24.3,23.9,23.9,38
2026-09-23T14:54:00+05:30,23.9,24.05,23.55,23.65,33
2026-09-23T14:55:00+05:30,23.45,23.6,23.0,23.2,32
2026-09-23T14:56:00+05:30,23.3,23.5,23.2,23.45,63
2026-09-23T14:57:00+05:30,23.45,23.65,23.35,23.6,137
2026-09-23T14:58:00+05:30,23.8,24.15,23.5,24.1,66
2026-09-23T14:59:00+05:30,24.15,24.15,23.35,23.9,10
2026-09-23T15:00:00+05:30,24.1,24.2,23.7,24.1,20
2026-09-23T15:01:00+05:30,24.1,24.35,23.65,24.05,98
2026-09-23T15:02:00+05:30,24.75,24.9,24.2,24.8,72
2026-09-23T15:03:00+05:30,24.75,25.0,24.55,24.75,220
2026-09-23T15:04:00+05:30,24.8,24.9,24.1,24.1,52
2026-09-23T15:05:00+05:30,24.05,24.05,23.5,23.6,72
2026-09-23T15:06:00+05:30,23.45,23.6,23.05,23.15,40
2026-09-23T15:07:00+05:30,23.25,23.75,23.25,23.75,71
2026-09-23T15:08:00+05:30,23.5,23.5,23.35,23.45,5
2026-09-23T15:09:00+05:30,23.65,23.75,23.55,23.6,8
2026-09-23T15:10:00+05:30,23.8,24.1,23.7,24.0,26
2026-09-23T15:11:00+05:30,23.95,23.95,22.9,23.1,39
2026-09-23T15:12:00+05:30,22.85,23.25,22.85,22.9,34
2026-09-23T15:13:00+05:30,22.85,23.05,22.5,22.65,46
2026-09-23T15:14:00+05:30,22.7,22.7,22.0,22.0,38
2026-09-23T15:15:00+05:30,22.4,22.45,21.45,21.5,64
2026-09-23T15:16:00+05:30,21.7,22.3,21.5,22.2,62
2026-09-23T15:17:00+05:30,22.3,22.65,22.25,22.4,65
2026-09-23T15:18:00+05:30,22.3,23.05,22.3,22.7,62
2026-09-23T15:19:00+05:30,22.75,22.75,22.1,22.1,10
2026-09-23T15:20:00+05:30,22.45,22.75,22.25,22.65,57
2026-09-23T15:21:00+05:30,22.65,22.75,22.6,22.6,36
2026-09-23T15:22:00+05:30,22.7,22.7,22.3,22.3,50
2026-09-23T15:23:00+05:30,22.2,22.45,22.0,22.05,59
2026-09-23T15:24:00+05:30,22.0,22.15,21.7,21.7,82
2026-09-23T15:25:00+05:30,21.8,22.05,21.8,21.8,24
2026-09-23T15:26:00+05:30,21.9,22.2,21.55,21.55,138
2026-09-23T15:27:00+05:30,21.75,22.05,21.7,22.0,85
2026-09-23T15:28:00+05:30,22.0,22.0,21.5,21.8,105
2026-09-23T15:29:00+05:30,21.85,21.9,21.25,21.3,51
2026-09-23T15:30:00+05:30,21.15,21.45,21.05,21.15,192
2026-09-23T15:31:00+05:30,21.15,21.2,21.0,21.1,42
2026-09-23T15:32:00+05:30,21.1,22.15,21.1,21.85,305
2026-09-23T15:33:00+05:30,21.9,22.05,21.85,21.95,68
2026-09-23T15:34:00+05:30,22.0,22.35,21.8,21.9,37
2026-09-23T15:35:00+05:30,21.9,21.9,21.8,21.9,14
2026-09-23T15:36:00+05:30,21.85,21.9,21.65,21.85,23
2026-09-23T15:37:00+05:30,21.8,21.9,21.2,21.55,116
2026-09-23T15:38:00+05:30,21.55,21.65,20.95,21.0,40
2026-09-23T15:39:00+05:30,20.95,20.95,20.05,20.05,43
2026-09-24T09:15:00+05:30,72.2,84.05,67.65,73.35,1416
2026-09-24T09:16:00+05:30,73.35,87.95,72.85,78.85,1830
2026-09-24T09:17:00+05:30,79.3,101.2,78.4,97.8,1177
2026-09-24T09:18:00+05:30,99.0,104.55,95.5,99.8,728
2026-09-24T09:19:00+05:30,100.4,117.35,93.6,113.85,1625
2026-09-24T09:20:00+05:30,113.45,115.0,108.6,109.0,512
2026-09-24T09:21:00+05:30,110.95,121.0,108.0,116.3,557
2026-09-24T09:22:00+05:30,115.65,120.0,101.0,101.9,594
2026-09-24T09:23:00+05:30,102.4,102.5,94.55,96.55,372
2026-09-24T09:24:00+05:30,96.2,99.4,93.25,98.85,421
2026-09-24T09:25:00+05:30,99.05,110.2,98.55,107.65,422
2026-09-24T09:26:00+05:30,109.45,110.9,103.05,109.35,327
2026-09-24T09:27:00+05:30,110.75,116.45,110.45,112.9,403
2026-09-24T09:28:00+05:30,113.2,115.15,108.15,110.6,285
2026-09-24T09:29:00+05:30,111.65,115.55,109.95,112.05,462
2026-09-24T09:30:00+05:30,112.5,124.2,110.85,122.7,329
2026-09-24T09:31:00+05:30,122.75,130.0,119.0,126.6,472
2026-09-24T09:32:00+05:30,125.85,127.05,120.55,123.7,290
2026-09-24T09:33:00+05:30,124.25,129.05,123.2,127.2,280
2026-09-24T09:34:00+05:30,125.5,126.6,123.25,123.25,267
2026-09-24T09:35:00+05:30,122.75,124.5,118.65,122.75,269
2026-09-24T09:36:00+05:30,123.4,125.6,121.8,123.45,174
2026-09-24T09:37:00+05:30,122.3,128.65,122.05,127.8,179
2026-09-24T09:38:00+05:30,127.95,146.75,127.95,145.45,298
2026-09-24T09:39:00+05:30,145.6,156.05,140.8,153.8,1095
2026-09-24T09:40:00+05:30,153.1,156.45,144.8,145.0,449
2026-09-24T09:41:00+05:30,144.85,155.05,144.85,152.8,375
2026-09-24T09:42:00+05:30,152.15,158.85,151.0,153.45,600
2026-09-24T09:43:00+05:30,153.75,173.0,153.1,168.75,356
2026-09-24T09:44:00+05:30,168.65,180.25,167.55,175.55,542
2026-09-24T09:45:00+05:30,175.45,189.5,166.55,167.7,650
2026-09-24T09:46:00+05:30,166.35,174.85,162.8,173.3,326
2026-09-24T09:47:00+05:30,172.7,177.1,170.3,177.1,266
2026-09-24T09:48:00+05:30,176.95,177.85,169.2,170.65,253
2026-09-24T09:49:00+05:30,170.6,170.85,158.9,160.55,331
2026-09-24T09:50:00+05:30,161.45,166.65,157.3,157.3,263
2026-09-24T09:51:00+05:30,157.55,165.25,155.5,164.35,194
2026-09-24T09:52:00+05:30,165.35,167.3,160.2,166.8,258
2026-09-24T09:53:00+05:30,166.25,170.0,165.15,169.4,188
2026-09-24T09:54:00+05:30,169.7,171.25,168.05,169.5,140
2026-09-24T09:55:00+05:30,169.45,175.65,169.45,169.6,276
2026-09-24T09:56:00+05:30,168.15,171.4,167.1,169.75,180
2026-09-24T09:57:00+05:30,169.5,170.0,167.65,167.95,113
2026-09-24T09:58:00+05:30,168.75,169.4,161.75,163.8,151
2026-09-24T09:59:00+05:30,163.85,167.4,160.9,162.4,130
2026-09-24T10:00:00+05:30,163.1,165.45,155.4,155.4,212
2026-09-24T10:01:00+05:30,155.0,156.5,151.75,154.4,164
2026-09-24T10:02:00+05:30,154.1,156.6,147.3,148.7,268
2026-09-24T10:03:00+05:30,148.7,149.65,140.5,140.55,284
2026-09-24T10:04:00+05:30,141.05,144.1,135.0,144.1,275
2026-09-24T10:05:00+05:30,144.1,150.95,144.1,145.75,220
2026-09-24T10:06:00+05:30,146.35,151.55,145.8,148.9,145
2026-09-24T10:07:00+05:30,148.15,148.7,141.35,141.65,186
2026-09-24T10:08:00+05:30,141.0,141.9,132.8,132.8,127
2026-09-24T10:09:00+05:30,133.25,133.5,128.35,131.35,266
2026-09-24T10:10:00+05:30,131.85,139.85,131.05,138.0,203
2026-09-24T10:11:00+05:30,138.55,145.6,138.3,141.45,135
2026-09-24T10:12:00+05:30,142.7,147.3,141.95,147.2,94
2026-09-24T10:13:00+05:30,147.55,153.3,143.45,153.3,115
2026-09-24T10:14:00+05:30,153.45,156.35,151.45,153.85,255
2026-09-24T10:15:00+05:30,153.35,153.85,148.5,149.5,108
2026-09-24T10:16:00+05:30,148.5,151.45,147.05,150.15,115
2026-09-24T10:17:00+05:30,150.35,154.05,150.35,150.85,107
2026-09-24T10:18:00+05:30,150.85,154.0,149.25,153.3,92
2026-09-24T10:19:00+05:30,155.0,157.0,145.7,145.85,127
2026-09-24T10:20:00+05:30,145.35,152.0,145.35,151.1,90
2026-09-24T10:21:00+05:30,151.15,158.0,151.15,156.65,57
2026-09-24T10:22:00+05:30,157.2,162.25,156.4,162.25,285
2026-09-24T10:23:00+05:30,161.8,162.25,156.9,159.7,443
2026-09-24T10:24:00+05:30,159.6,161.3,156.95,158.7,92
2026-09-24T10:25:00+05:30,160.0,166.0,160.0,163.15,178
2026-09-24T10:26:00+05:30,163.6,165.6,155.65,156.55,444
2026-09-24T10:27:00+05:30,156.05,157.3,153.2,155.95,99
2026-09-24T10:28:00+05:30,156.3,163.2,154.7,162.0,74
2026-09-24T10:29:00+05:30,161.05,161.15,157.25,159.25,57
2026-09-24T10:30:00+05:30,159.15,161.25,156.45,156.45,89
2026-09-24T10:31:00+05:30,155.4,155.95,150.1,150.1,105
2026-09-24T10:32:00+05:30,150.0,150.0,145.85,147.45,116
2026-09-24T10:33:00+05:30,147.95,149.3,138.85,139.75,289
2026-09-24T10:34:00+05:30,139.65,145.2,138.85,143.8,240
2026-09-24T10:35:00+05:30,141.1,145.5,140.25,145.35,471
2026-09-24T10:36:00+05:30,145.65,146.25,134.9,139.1,281
2026-09-24T10:37:00+05:30,137.7,142.7,136.5,142.6,173
2026-09-24T10:38:00+05:30,141.8,142.0,135.75,142.0,83
2026-09-24T10:39:00+05:30,142.65,142.7,140.0,141.55,58
2026-09-24T10:40:00+05:30,142.4,149.5,142.4,148.5,221
2026-09-24T10:41:00+05:30,148.6,149.2,144.9,146.7,171
2026-09-24T10:42:00+05:30,147.4,150.0,144.75,145.1,54
2026-09-24T10:43:00+05:30,145.6,152.55,145.0,151.55,33
2026-09-24T10:44:00+05:30,150.85,150.85,146.95,146.95,30
2026-09-24T10:45:00+05:30,146.75,146.9,142.3,142.3,52
2026-09-24T10:46:00+05:30,143.25,144.5,140.75,144.2,105
2026-09-24T10:47:00+05:30,144.6,145.2,141.15,141.15,85
2026-09-24T10:48:00+05:30,144.0,148.3,144.0,147.2,56
2026-09-24T10:49:00+05:30,147.6,148.5,145.35,145.75,57
2026-09-24T10:50:00+05:30,144.0,147.45,144.0,144.5,59
2026-09-24T10:51:00+05:30,144.45,144.95,135.0,142.25,397
2026-09-24T10:52:00+05:30,141.4,141.8,133.25,135.15,186
2026-09-24T10:53:00+05:30,134.5,135.8,129.4,134.35,266
2026-09-24T10:54:00+05:30,133.65,134.55,129.95,130.6,201
2026-09-24T10:55:00+05:30,130.25,130.6,123.45,125.15,304
2026-09-24T10:56:00+05:30,125.2,131.25,125.2,130.95,225
2026-09-24T10:57:00+05:30,131.05,132.15,128.85,131.3,157
2026-09-24T10:58:00+05:30,130.9,136.45,129.7,132.3,145
2026-09-24T10:59:00+05:30,133.1,133.55,128.55,128.55,42
2026-09-24T11:00:00+05:30,127.85,131.7,127.85,128.8,90
2026-09-24T11:01:00+05:30,128.55,130.55,122.75,129.85,123
2026-09-24T11:02:00+05:30,128.45,128.45,123.6,124.15,60
2026-09-24T11:03:00+05:30,125.5,128.4,124.75,128.4,73
2026-09-24T11:04:00+05:30,129.1,129.35,126.6,127.7,145
2026-09-24T11:05:00+05:30,128.4,133.55,128.25,133.55,153
2026-09-24T11:06:00+05:30,134.05,138.75,133.4,138.15,196
2026-09-24T11:07:00+05:30,136.45,136.45,131.95,133.25,101
2026-09-24T11:08:00+05:30,134.4,138.45,134.4,137.5,83
2026-09-24T11:09:00+05:30,137.75,142.6,137.75,141.7,168
2026-09-24T11:10:00+05:30,141.65,143.55,139.65,139.65,49
2026-09-24T11:11:00+05:30,139.85,142.55,136.2,142.25,111
2026-09-24T11:12:00+05:30,142.65,143.65,139.5,142.55,71
2026-09-24T11:13:00+05:30,142.3,154.05,141.4,147.3,226
2026-09-24T11:14:00+05:30,146.6,149.0,144.05,145.8,147
2026-09-24T11:15:00+05:30,146.25,147.15,138.2,139.25,174
2026-09-24T11:16:00+05:30,137.75,138.75,136.15,137.55,140
2026-09-24T11:17:00+05:30,136.15,136.45,130.0,133.3,336
2026-09-24T11:18:00+05:30,132.0,132.6,125.1,127.7,227
2026-09-24T11:19:00+05:30,128.05,129.15,123.15,125.1,215
2026-09-24T11:20:00+05:30,123.6,129.65,122.8,128.1,127
2026-09-24T11:21:00+05:30,127.95,131.6,127.45,127.65,158
2026-09-24T11:22:00+05:30,128.4,133.6,127.3,130.95,168
2026-09-24T11:23:00+05:30,130.7,135.75,130.7,133.45,88
2026-09-24T11:24:00+05:30,134.85,140.0,134.0,139.7,177
2026-09-24T11:25:00+05:30,140.0,145.2,137.1,144.9,284
2026-09-24T11:26:00+05:30,145.7,148.15,141.95,143.1,256
2026-09-24T11:27:00+05:30,142.6,142.6,139.8,140.3,73
2026-09-24T11:28:00+05:30,140.35,141.75,138.0,140.95,117
2026-09-24T11:29:00+05:30,140.15,142.45,138.75,142.45,78
2026-09-24T11:30:00+05:30,142.0,143.0,140.6,142.75,121
2026-09-24T11:31:00+05:30,141.7,145.7,140.6,145.25,38
2026-09-24T11:32:00+05:30,144.45,153.15,144.4,152.05,270
2026-09-24T11:33:00+05:30,151.4,152.75,144.65,144.75,217
2026-09-24T11:34:00+05:30,144.25,151.0,142.95,149.1,180
2026-09-24T11:35:00+05:30,150.35,150.35,145.5,145.95,48
2026-09-24T11:36:00+05:30,146.35,146.8,139.65,139.7,174
2026-09-24T11:37:00+05:30,139.6,141.8,136.0,137.25,203
2026-09-24T11:38:00+05:30,137.25,138.55,134.6,137.8,144
2026-09-24T11:39:00+05:30,138.35,139.6,132.95,133.8,115
2026-09-24T11:40:00+05:30,134.2,137.3,133.5,135.75,76
2026-09-24T11:41:00+05:30,135.35,139.25,133.6,139.1,212
2026-09-24T11:42:00+05:30,139.15,140.0,136.5,138.0,73
2026-09-24T11:43:00+05:30,138.5,140.35,136.55,138.4,81
2026-09-24T11:44:00+05:30,138.85,141.4,138.85,141.25,34
2026-09-24T11:45:00+05:30,140.35,141.9,136.25,137.15,96
2026-09-24T11:46:00+05:30,137.2,137.2,134.15,136.45,66
2026-09-24T11:47:00+05:30,137.75,140.3,136.35,140.3,55
2026-09-24T11:48:00+05:30,140.3,142.55,137.7,137.75,64
2026-09-24T11:49:00+05:30,139.0,141.8,137.45,141.55,61
2026-09-24T11:50:00+05:30,141.95,142.65,138.3,142.0,76
2026-09-24T11:51:00+05:30,141.55,144.3,141.55,142.85,51
2026-09-24T11:52:00+05:30,142.5,142.8,139.75,140.8,131
2026-09-24T11:53:00+05:30,140.8,141.9,138.45,141.55,94
2026-09-24T11:54:00+05:30,141.05,141.55,138.65,139.35,80
2026-09-24T11:55:00+05:30,140.6,144.35,139.25,143.0,59
2026-09-24T11:56:00+05:30,143.65,146.95,143.65,146.85,92
2026-09-24T11:57:00+05:30,147.15,150.0,144.55,147.95,96
2026-09-24T11:58:00+05:30,146.8,147.0,141.45,143.5,52
2026-09-24T11:59:00+05:30,143.4,144.15,140.9,141.8,82
2026-09-24T12:00:00+05:30,141.95,145.35,139.9,139.9,100
2026-09-24T12:01:00+05:30,139.95,140.0,134.2,134.25,92
2026-09-24T12:02:00+05:30,134.55,135.45,129.1,134.95,160
2026-09-24T12:03:00+05:30,134.75,138.3,133.9,137.75,72
2026-09-24T12:04:00+05:30,137.45,138.45,136.55,137.15,69
2026-09-24T12:05:00+05:30,137.6,138.7,136.45,138.55,46
2026-09-24T12:06:00+05:30,137.7,137.8,134.75,136.35,183
2026-09-24T12:07:00+05:30,137.15,137.25,135.2,136.75,42
2026-09-24T12:08:00+05:30,136.75,140.75,136.75,139.05,52
2026-09-24T12:09:00+05:30,139.4,139.4,136.15,138.15,73
2026-09-24T12:10:00+05:30,136.9,139.35,135.15,135.45,54
2026-09-24T12:11:00+05:30,134.9,135.7,133.7,135.5,39
2026-09-24T12:12:00+05:30,135.1,137.4,134.45,136.95,63
2026-09-24T12:13:00+05:30,137.75,139.25,136.2,139.25,81
2026-09-24T12:14:00+05:30,139.0,142.25,137.8,142.05,52
2026-09-24T12:15:00+05:30,143.05,143.55,136.8,139.2,117
2026-09-24T12:16:00+05:30,139.1,141.5,138.55,139.85,86
2026-09-24T12:17:00+05:30,139.8,140.8,138.35,140.7,26
2026-09-24T12:18:00+05:30,140.2,140.7,137.45,137.9,86
2026-09-24T12:19:00+05:30,137.45,138.55,134.45,135.65,81
2026-09-24T12:20:00+05:30,135.1,136.45,130.8,136.45,120
2026-09-24T12:21:00+05:30,136.5,136.7,134.35,135.0,46
2026-09-24T12:22:00+05:30,135.75,138.0,135.75,138.0,33
2026-09-24T12:23:00+05:30,140.2,144.2,140.2,142.55,36
2026-09-24T12:24:00+05:30,141.5,141.5,137.25,139.4,80
2026-09-24T12:25:00+05:30,139.45,150.35,139.45,150.35,77
2026-09-24T12:26:00+05:30,150.5,150.95,140.45,140.45,116
2026-09-24T12:27:00+05:30,141.2,143.6,139.0,139.75,82
2026-09-24T12:28:00+05:30,138.25,138.25,132.9,134.75,228
2026-09-24T12:29:00+05:30,134.3,138.0,134.3,136.75,67
2026-09-24T12:30:00+05:30,135.3,139.4,132.5,132.95,113
2026-09-24T12:31:00+05:30,132.05,139.25,129.7,139.25,108
2026-09-24T12:32:00+05:30,139.7,151.4,139.7,148.5,223
2026-09-24T12:33:00+05:30,148.4,148.45,142.75,144.7,443
2026-09-24T12:34:00+05:30,145.1,146.4,141.4,141.4,125
2026-09-24T12:35:00+05:30,140.65,155.0,140.65,147.45,655
2026-09-24T12:36:00+05:30,148.7,155.75,143.0,143.0,190
2026-09-24T12:37:00+05:30,143.8,148.55,142.85,144.65,134
2026-09-24T12:38:00+05:30,144.35,144.35,137.5,138.55,151
2026-09-24T12:39:00+05:30,138.65,142.0,137.75,141.0,98
2026-09-24T12:40:00+05:30,141.15,141.25,136.1,136.3,104
2026-09-24T12:41:00+05:30,135.8,138.7,132.0,138.7,454
2026-09-24T12:42:00+05:30,138.35,139.35,135.05,138.65,69
2026-09-24T12:43:00+05:30,139.0,142.2,138.25,141.65,67
2026-09-24T12:44:00+05:30,142.05,145.8,141.6,145.65,455
2026-09-24T12:45:00+05:30,146.05,147.65,141.75,145.6,164
2026-09-24T12:46:00+05:30,143.95,146.3,142.1,146.25,72
2026-09-24T12:47:00+05:30,145.9,148.35,145.2,147.3,83
2026-09-24T12:48:00+05:30,147.5,150.0,143.85,149.6,225
2026-09-24T12:49:00+05:30,149.45,150.0,146.25,147.95,39
2026-09-24T12:50:00+05:30,148.3,148.3,142.6,144.7,75
2026-09-24T12:51:00+05:30,145.65,146.5,142.7,144.5,57
2026-09-24T12:52:00+05:30,144.25,146.4,143.15,146.3,66
2026-09-24T12:53:00+05:30,146.45,149.45,145.15,149.0,113
2026-09-24T12:54:00+05:30,148.7,154.0,148.65,153.55,157
2026-09-24T12:55:00+05:30,152.8,153.3,148.25,148.25,59
2026-09-24T12:56:00+05:30,148.3,148.3,143.6,144.4,116
2026-09-24T12:57:00+05:30,144.35,147.9,141.75,143.5,321
2026-09-24T12:58:00+05:30,143.15,144.55,140.75,144.55,89
2026-09-24T12:59:00+05:30,144.15,145.7,142.75,143.05,117
2026-09-24T13:00:00+05:30,142.9,145.9,139.6,142.95,77
2026-09-24T13:01:00+05:30,142.15,142.25,137.5,138.35,83
2026-09-24T13:02:00+05:30,138.6,138.8,134.55,134.9,199
2026-09-24T13:03:00+05:30,134.85,135.1,130.0,130.8,272
2026-09-24T13:04:00+05:30,132.0,135.2,131.4,134.7,125
2026-09-24T13:05:00+05:30,133.65,137.6,131.75,137.6,162
2026-09-24T13:06:00+05:30,137.6,139.85,136.2,136.85,54
2026-09-24T13:07:00+05:30,136.25,136.25,132.8,132.8,48
2026-09-24T13:08:00+05:30,132.1,134.2,130.15,134.2,23
2026-09-24T13:09:00+05:30,134.0,136.25,133.8,136.0,50
2026-09-24T13:10:00+05:30,137.3,139.55,136.55,137.4,34
2026-09-24T13:11:00+05:30,137.65,138.15,135.4,137.4,117
2026-09-24T13:12:00+05:30,138.0,138.9,133.9,134.2,79
2026-09-24T13:13:00+05:30,133.2,134.4,130.65,131.2,51
2026-09-24T13:14:00+05:30,130.15,131.0,125.35,128.3,180
2026-09-24T13:15:00+05:30,130.6,133.15,128.25,129.0,50
2026-09-24T13:16:00+05:30,129.2,129.95,128.25,129.45,36
2026-09-24T13:17:00+05:30,130.65,136.8,130.65,136.05,52
2026-09-24T13:18:00+05:30,134.65,135.0,133.35,135.0,14
2026-09-24T13:19:00+05:30,136.0,136.0,133.5,134.1,36
2026-09-24T13:20:00+05:30,135.15,138.6,135.0,135.15,87
2026-09-24T13:21:00+05:30,135.15,137.2,133.85,134.8,30
2026-09-24T13:22:00+05:30,136.8,137.75,134.4,135.6,42
2026-09-24T13:23:00+05:30,136.6,138.35,135.9,137.15,76
2026-09-24T13:24:00+05:30,137.05,137.55,134.0,134.0,65
2026-09-24T13:25:00+05:30,133.85,142.8,133.3,141.65,114
2026-09-24T13:26:00+05:30,142.05,168.55,139.35,168.55,544
2026-09-24T13:27:00+05:30,169.0,175.35,158.4,166.95,738
2026-09-24T13:28:00+05:30,166.95,170.9,163.05,163.95,177
2026-09-24T13:29:00+05:30,164.3,166.85,158.0,162.8,299
2026-09-24T13:30:00+05:30,165.75,167.05,157.35,159.5,421
2026-09-24T13:31:00+05:30,159.1,160.5,148.55,149.9,299
2026-09-24T13:32:00+05:30,150.35,158.65,150.35,153.45,244
2026-09-24T13:33:00+05:30,157.55,161.45,152.1,155.45,197
2026-09-24T13:34:00+05:30,155.2,163.45,155.2,159.1,92
2026-09-24T13:35:00+05:30,159.85,163.9,157.25,163.9,125
2026-09-24T13:36:00+05:30,164.2,169.95,160.0,162.6,169
2026-09-24T13:37:00+05:30,160.7,162.0,157.55,161.3,104
2026-09-24T13:38:00+05:30,161.8,166.1,161.05,163.5,212
2026-09-24T13:39:00+05:30,165.7,173.4,165.7,170.95,180
2026-09-24T13:40:00+05:30,169.9,178.85,168.2,172.5,592
2026-09-24T13:41:00+05:30,172.6,175.9,169.9,170.1,183
2026-09-24T13:42:00+05:30,171.25,180.8,169.6,178.3,171
2026-09-24T13:43:00+05:30,177.95,203.3,175.75,199.4,297
2026-09-24T13:44:00+05:30,199.85,252.25,199.85,237.05,1271
2026-09-24T13:45:00+05:30,236.85,264.4,219.7,264.15,690
2026-09-24T13:46:00+05:30,267.5,299.25,263.5,273.4,1130
2026-09-24T13:47:00+05:30,273.8,278.6,254.4,270.6,639
2026-09-24T13:48:00+05:30,272.6,272.85,261.95,265.0,326
2026-09-24T13:49:00+05:30,264.0,265.05,241.35,245.5,545
2026-09-24T13:50:00+05:30,245.65,250.0,232.55,241.5,439
2026-09-24T13:51:00+05:30,242.2,267.15,241.2,267.0,312
2026-09-24T13:52:00+05:30,267.55,276.1,258.55,265.0,196
2026-09-24T13:53:00+05:30,264.5,269.5,259.9,267.45,144
2026-09-24T13:54:00+05:30,268.75,296.4,266.05,281.5,505
2026-09-24T13:55:00+05:30,284.15,287.45,269.4,271.2,514
2026-09-24T13:56:00+05:30,275.2,286.3,274.5,280.1,315
2026-09-24T13:57:00+05:30,279.7,296.4,273.5,292.0,248
2026-09-24T13:58:00+05:30,291.95,322.9,288.7,320.0,509
2026-09-24T13:59:00+05:30,320.4,323.55,294.6,305.6,419
2026-09-24T14:00:00+05:30,306.85,306.85,271.25,273.8,404
2026-09-24T14:01:00+05:30,271.7,271.95,254.25,254.25,294
2026-09-24T14:02:00+05:30,255.5,266.55,244.8,246.35,389
2026-09-24T14:03:00+05:30,246.1,255.0,234.0,254.3,249
2026-09-24T14:04:00+05:30,250.75,281.15,240.0,277.45,688
2026-09-24T14:05:00+05:30,274.15,278.05,258.6,260.0,214
2026-09-24T14:06:00+05:30,260.75,280.1,260.25,276.7,187
2026-09-24T14:07:00+05:30,277.5,278.0,266.85,267.6,137
2026-09-24T14:08:00+05:30,267.2,268.35,251.25,254.7,235
2026-09-24T14:09:00+05:30,256.45,264.2,247.0,251.7,124
2026-09-24T14:10:00+05:30,252.85,256.05,243.55,255.7,215
2026-09-24T14:11:00+05:30,255.2,261.05,252.05,257.2,255
2026-09-24T14:12:00+05:30,257.3,257.75,249.95,251.45,174
2026-09-24T14:13:00+05:30,250.8,259.35,243.7,249.75,186
2026-09-24T14:14:00+05:30,248.4,253.6,245.9,247.6,126
2026-09-24T14:15:00+05:30,245.35,260.75,242.3,260.75,212
2026-09-24T14:16:00+05:30,259.3,259.3,247.05,255.0,149
2026-09-24T14:17:00+05:30,253.75,255.35,248.55,251.8,97
2026-09-24T14:18:00+05:30,249.35,252.1,243.5,250.4,144
2026-09-24T14:19:00+05:30,250.5,262.3,249.35,256.65,96
2026-09-24T14:20:00+05:30,256.45,262.3,251.7,260.55,184
2026-09-24T14:21:00+05:30,262.0,269.55,259.6,259.6,241
2026-09-24T14:22:00+05:30,259.3,275.7,258.45,275.0,248
2026-09-24T14:23:00+05:30,272.0,292.75,271.05,284.8,285
2026-09-24T14:24:00+05:30,280.0,284.8,267.35,269.1,205
2026-09-24T14:25:00+05:30,268.8,271.6,255.95,261.15,162
2026-09-24T14:26:00+05:30,258.9,273.75,258.9,265.0,198
2026-09-24T14:27:00+05:30,264.6,268.3,260.3,262.3,164
2026-09-24T14:28:00+05:30,261.95,263.55,251.45,263.55,123
2026-09-24T14:29:00+05:30,266.05,266.05,260.6,264.45,59
2026-09-24T14:30:00+05:30,263.3,268.7,258.05,261.15,96
2026-09-24T14:31:00+05:30,259.7,265.75,248.8,250.3,128
2026-09-24T14:32:00+05:30,250.95,254.8,239.35,254.65,240
2026-09-24T14:33:00+05:30,254.85,261.55,249.5,252.25,169
2026-09-24T14:34:00+05:30,252.6,253.3,242.05,242.85,119
2026-09-24T14:35:00+05:30,242.85,243.7,234.7,235.15,229
2026-09-24T14:36:00+05:30,235.45,239.75,224.15,225.95,275
2026-09-24T14:37:00+05:30,226.2,229.5,216.5,216.85,269
2026-09-24T14:38:00+05:30,218.95,218.95,206.7,216.0,387
2026-09-24T14:39:00+05:30,215.45,217.2,195.0,195.0,350
2026-09-24T14:40:00+05:30,195.1,201.3,192.8,200.0,403
2026-09-24T14:41:00+05:30,200.2,207.8,198.3,201.8,224
2026-09-24T14:42:00+05:30,200.8,215.6,200.8,209.65,207
2026-09-24T14:43:00+05:30,210.25,211.2,200.2,203.55,265
2026-09-24T14:44:00+05:30,203.35,209.75,203.35,206.6,173
2026-09-24T14:45:00+05:30,207.4,210.35,193.4,193.6,156
2026-09-24T14:46:00+05:30,192.5,195.5,190.55,194.4,179
2026-09-24T14:47:00+05:30,196.6,200.25,189.65,197.1,189
2026-09-24T14:48:00+05:30,196.1,198.3,189.65,192.0,179
2026-09-24T14:49:00+05:30,192.25,197.65,190.9,191.05,119
2026-09-24T14:50:00+05:30,191.05,191.05,180.45,184.3,170
2026-09-24T14:51:00+05:30,184.85,186.65,174.0,175.95,237
2026-09-24T14:52:00+05:30,175.85,177.7,170.9,175.6,158
2026-09-24T14:53:00+05:30,176.05,179.35,172.7,172.7,169
2026-09-24T14:54:00+05:30,173.05,178.0,169.5,177.7,550
2026-09-24T14:55:00+05:30,176.95,177.4,166.4,169.4,93
2026-09-24T14:56:00+05:30,169.15,178.0,164.4,177.3,262
2026-09-24T14:57:00+05:30,178.75,185.55,178.75,179.05,106
2026-09-24T14:58:00+05:30,180.4,191.0,180.4,183.1,133
2026-09-24T14:59:00+05:30,183.35,198.1,183.15,195.85,237
2026-09-24T15:00:00+05:30,196.5,200.95,189.7,200.0,236
2026-09-24T15:01:00+05:30,200.95,207.7,190.65,191.35,164
2026-09-24T15:02:00+05:30,191.65,193.55,177.4,178.1,150
2026-09-24T15:03:00+05:30,177.9,187.15,177.2,183.75,153
2026-09-24T15:04:00+05:30,183.05,184.1,173.2,176.95,114
2026-09-24T15:05:00+05:30,177.5,194.6,177.05,191.85,110
2026-09-24T15:06:00+05:30,191.8,197.7,189.1,191.3,130
2026-09-24T15:07:00+05:30,191.4,198.95,188.6,188.6,128
2026-09-24T15:08:00+05:30,193.9,206.1,191.0,202.0,206
2026-09-24T15:09:00+05:30,202.65,205.6,191.95,193.55,215
2026-09-24T15:10:00+05:30,193.6,206.45,189.85,204.2,174
2026-09-24T15:11:00+05:30,204.1,208.0,194.05,197.2,227
2026-09-24T15:12:00+05:30,198.65,217.85,197.35,207.6,408
2026-09-24T15:13:00+05:30,207.7,227.15,205.65,226.55,397
2026-09-24T15:14:00+05:30,224.35,225.25,215.05,220.45,127
2026-09-24T15:15:00+05:30,219.0,234.0,219.0,231.35,159
2026-09-24T15:16:00+05:30,232.85,233.0,225.25,228.9,102
2026-09-24T15:17:00+05:30,227.7,228.25,217.25,224.05,150
2026-09-24T15:18:00+05:30,223.35,223.35,206.55,208.7,228
2026-09-24T15:19:00+05:30,209.0,209.3,200.65,205.35,123
2026-09-24T15:20:00+05:30,205.7,216.75,205.7,211.65,106
2026-09-24T15:21:00+05:30,212.8,215.0,211.0,212.3,69
2026-09-24T15:22:00+05:30,211.85,213.75,199.85,200.05,355
2026-09-24T15:23:00+05:30,200.15,207.35,198.2,207.35,134
2026-09-24T15:24:00+05:30,207.25,207.95,191.45,192.45,315
2026-09-24T15:25:00+05:30,191.25,194.95,184.0,184.0,175
2026-09-24T15:26:00+05:30,183.2,190.4,177.65,190.4,241
2026-09-24T15:27:00+05:30,190.4,192.55,188.5,192.0,235
2026-09-24T15:28:00+05:30,190.55,192.4,190.15,191.7,179
2026-09-24T15:29:00+05:30,191.45,198.5,188.55,198.5,132
2026-09-24T15:30:00+05:30,198.0,205.35,198.0,203.9,163
2026-09-24T15:31:00+05:30,204.05,211.95,204.05,211.95,46
2026-09-24T15:32:00+05:30,213.35,213.75,204.4,208.8,156
2026-09-24T15:33:00+05:30,208.8,213.75,207.6,213.3,101
2026-09-24T15:34:00+05:30,214.95,216.3,213.55,215.45,85
2026-09-24T15:35:00+05:30,215.4,215.95,212.2,212.5,76
2026-09-24T15:36:00+05:30,212.8,226.3,212.7,223.75,329
2026-09-24T15:37:00+05:30,224.0,224.9,220.9,222.7,155
2026-09-24T15:38:00+05:30,221.25,223.9,220.75,221.75,194
2026-09-24T15:39:00+05:30,221.8,234.85,221.75,230.05,125
2026-09-25T09:15:00+05:30,238.0,238.0,141.0,143.65,3448
2026-09-25T09:16:00+05:30,141.0,150.45,132.7,142.0,1792
2026-09-25T09:17:00+05:30,141.3,144.4,135.1,136.65,890
2026-09-25T09:18:00+05:30,137.5,149.25,137.0,145.3,367
2026-09-25T09:19:00+05:30,144.8,147.7,138.0,147.1,394
2026-09-25T09:20:00+05:30,148.0,154.0,144.6,146.1,471
2026-09-25T09:21:00+05:30,146.8,158.8,145.0,150.55,393
2026-09-25T09:22:00+05:30,149.85,151.15,139.2,140.0,396
2026-09-25T09:23:00+05:30,139.1,148.25,134.85,148.25,510
2026-09-25T09:24:00+05:30,148.55,153.45,144.0,148.25,443
2026-09-25T09:25:00+05:30,148.05,148.05,140.0,141.3,289
2026-09-25T09:26:00+05:30,141.8,142.35,135.0,136.6,343
2026-09-25T09:27:00+05:30,134.8,138.4,132.05,133.9,419
2026-09-25T09:28:00+05:30,134.0,143.5,131.15,137.6,653
2026-09-25T09:29:00+05:30,136.85,138.8,133.1,134.15,351
2026-09-25T09:30:00+05:30,132.4,139.55,131.8,134.7,390
2026-09-25T09:31:00+05:30,134.0,142.15,131.65,139.4,344
2026-09-25T09:32:00+05:30,138.7,140.55,132.15,140.25,525
2026-09-25T09:33:00+05:30,141.3,144.9,139.1,139.7,320
2026-09-25T09:34:00+05:30,140.85,142.65,130.45,133.65,650
2026-09-25T09:35:00+05:30,133.2,134.2,128.75,131.15,357
2026-09-25T09:36:00+05:30,130.45,143.4,129.5,143.4,384
2026-09-25T09:37:00+05:30,142.85,156.85,139.9,156.85,826
2026-09-25T09:38:00+05:30,157.45,162.0,152.0,158.85,813
2026-09-25T09:39:00+05:30,158.3,161.4,153.3,160.2,639
2026-09-25T09:40:00+05:30,161.05,180.0,160.55,174.7,1253
2026-09-25T09:41:00+05:30,175.0,180.0,168.5,169.05,919
2026-09-25T09:42:00+05:30,168.5,183.15,167.6,179.7,815
2026-09-25T09:43:00+05:30,178.85,205.8,178.85,195.9,1580
2026-09-25T09:44:00+05:30,195.6,197.65,190.0,193.4,814
2026-09-25T09:45:00+05:30,192.15,196.25,182.3,194.7,1008
2026-09-25T09:46:00+05:30,195.0,197.95,189.35,193.2,601
2026-09-25T09:47:00+05:30,193.15,194.25,175.75,176.95,700
2026-09-25T09:48:00+05:30,176.95,186.85,176.05,183.55,345
2026-09-25T09:49:00+05:30,182.75,193.1,182.6,192.3,354
2026-09-25T09:50:00+05:30,192.6,193.2,184.65,190.85,488
2026-09-25T09:51:00+05:30,191.5,194.7,184.6,185.3,557
2026-09-25T09:52:00+05:30,186.2,213.5,186.2,208.4,1112
2026-09-25T09:53:00+05:30,208.8,212.3,198.0,200.95,757
2026-09-25T09:54:00+05:30,200.75,202.5,191.0,194.35,457
2026-09-25T09:55:00+05:30,196.55,197.4,188.75,197.4,553
2026-09-25T09:56:00+05:30,196.0,199.6,188.7,192.15,352
2026-09-25T09:57:00+05:30,191.7,198.1,190.8,194.25,312
2026-09-25T09:58:00+05:30,193.9,202.55,190.95,191.25,1054
2026-09-25T09:59:00+05:30,190.75,193.95,177.35,183.3,674
2026-09-25T10:00:00+05:30,184.8,184.8,176.6,179.25,654
2026-09-25T10:01:00+05:30,178.0,183.6,175.7,182.7,283
2026-09-25T10:02:00+05:30,181.3,183.15,167.2,169.2,543
2026-09-25T10:03:00+05:30,169.45,170.05,159.4,167.0,654
2026-09-25T10:04:00+05:30,166.85,170.0,159.05,166.35,398
2026-09-25T10:05:00+05:30,166.75,170.2,156.15,170.2,308
2026-09-25T10:06:00+05:30,170.0,170.95,157.6,160.1,464
2026-09-25T10:07:00+05:30,160.25,164.35,148.0,152.4,1440
2026-09-25T10:08:00+05:30,152.05,152.95,125.1,126.8,1372
2026-09-25T10:09:00+05:30,126.55,136.25,123.5,126.95,839
2026-09-25T10:10:00+05:30,126.0,132.8,120.0,131.3,969
2026-09-25T10:11:00+05:30,132.65,141.6,131.8,141.45,621
2026-09-25T10:12:00+05:30,141.85,145.1,134.65,136.65,713
2026-09-25T10:13:00+05:30,136.3,136.8,131.2,136.45,310
2026-09-25T10:14:00+05:30,137.1,138.45,132.5,135.6,211
2026-09-25T10:15:00+05:30,135.6,138.2,131.7,133.7,273
2026-09-25T10:16:00+05:30,133.85,133.85,127.85,131.5,388
2026-09-25T10:17:00+05:30,131.45,135.5,130.65,133.2,152
2026-09-25T10:18:00+05:30,133.4,143.0,132.8,142.3,425
2026-09-25T10:19:00+05:30,142.65,146.7,138.9,142.6,413
2026-09-25T10:20:00+05:30,144.05,145.85,139.6,142.65,371
2026-09-25T10:21:00+05:30,142.5,142.5,133.55,136.7,315
2026-09-25T10:22:00+05:30,136.6,143.65,136.6,142.7,192
2026-09-25T10:23:00+05:30,143.35,147.4,143.0,145.2,334
2026-09-25T10:24:00+05:30,145.55,156.1,143.65,155.9,344
2026-09-25T10:25:00+05:30,155.7,158.0,145.05,146.8,688
2026-09-25T10:26:00+05:30,146.4,152.65,144.8,149.9,202
2026-09-25T10:27:00+05:30,149.55,155.55,149.55,154.2,245
2026-09-25T10:28:00+05:30,153.9,164.1,153.4,157.05,892
2026-09-25T10:29:00+05:30,157.2,161.2,153.0,154.4,584
2026-09-25T10:30:00+05:30,154.2,154.2,146.8,147.25,400
2026-09-25T10:31:00+05:30,148.8,152.0,141.45,152.0,401
2026-09-25T10:32:00+05:30,154.05,159.85,152.95,156.85,354
2026-09-25T10:33:00+05:30,158.2,159.35,151.25,155.0,361
2026-09-25T10:34:00+05:30,156.2,169.65,152.5,168.5,610
2026-09-25T10:35:00+05:30,169.45,173.3,163.4,167.0,875
2026-09-25T10:36:00+05:30,165.95,168.8,161.3,161.55,383
2026-09-25T10:37:00+05:30,161.6,162.0,155.8,155.95,965
2026-09-25T10:38:00+05:30,155.05,160.0,153.0,153.25,418
2026-09-25T10:39:00+05:30,153.45,154.3,149.0,154.3,447
2026-09-25T10:40:00+05:30,155.0,156.55,148.3,152.25,323
2026-09-25T10:41:00+05:30,150.75,162.4,150.5,158.05,224
2026-09-25T10:42:00+05:30,158.4,158.5,150.15,156.35,215
2026-09-25T10:43:00+05:30,156.0,163.45,156.0,160.1,230
2026-09-25T10:44:00+05:30,159.6,162.75,158.35,161.1,84
2026-09-25T10:45:00+05:30,161.45,164.4,159.05,162.3,278
2026-09-25T10:46:00+05:30,162.05,165.2,160.85,161.75,131
2026-09-25T10:47:00+05:30,160.9,170.25,160.9,170.25,410
2026-09-25T10:48:00+05:30,170.5,173.4,165.9,165.9,578
2026-09-25T10:49:00+05:30,166.45,168.6,161.0,163.9,402
2026-09-25T10:50:00+05:30,164.05,165.0,160.75,163.2,299
2026-09-25T10:51:00+05:30,163.75,163.75,156.0,157.3,279
2026-09-25T10:52:00+05:30,155.95,160.75,153.35,158.7,384
2026-09-25T10:53:00+05:30,159.05,162.1,159.05,162.1,208
2026-09-25T10:54:00+05:30,163.0,163.0,154.45,155.8,173
2026-09-25T10:55:00+05:30,155.5,155.55,149.0,150.95,332
2026-09-25T10:56:00+05:30,150.95,153.65,146.8,148.0,265
2026-09-25T10:57:00+05:30,148.35,155.55,148.35,154.1,218
2026-09-25T10:58:00+05:30,152.9,153.55,148.6,152.95,250
2026-09-25T10:59:00+05:30,152.25,152.85,147.1,147.1,179
2026-09-25T11:00:00+05:30,148.8,151.75,142.0,143.65,473
2026-09-25T11:01:00+05:30,143.4,145.0,138.7,144.0,626
2026-09-25T11:02:00+05:30,140.7,142.7,127.5,134.95,1106
2026-09-25T11:03:00+05:30,134.0,137.45,128.0,134.9,533
2026-09-25T11:04:00+05:30,135.2,137.0,131.0,136.5,189
2026-09-25T11:05:00+05:30,135.6,135.9,130.1,131.85,293
2026-09-25T11:06:00+05:30,134.3,136.55,131.5,134.0,173
2026-09-25T11:07:00+05:30,134.05,134.05,127.0,128.25,605
2026-09-25T11:08:00+05:30,127.55,133.25,127.0,132.0,188
2026-09-25T11:09:00+05:30,130.8,131.8,128.1,129.45,83
2026-09-25T11:10:00+05:30,129.0,131.15,127.0,127.85,157
2026-09-25T11:11:00+05:30,128.0,128.0,124.2,126.6,266
2026-09-25T11:12:00+05:30,125.0,128.35,124.0,128.0,196
2026-09-25T11:13:00+05:30,128.2,136.0,127.25,134.9,292
2026-09-25T11:14:00+05:30,135.8,136.15,129.7,130.5,265
2026-09-25T11:15:00+05:30,131.0,133.2,128.8,129.85,115
2026-09-25T11:16:00+05:30,130.6,131.45,127.85,129.4,104
2026-09-25T11:17:00+05:30,129.1,129.25,124.1,126.6,266
2026-09-25T11:18:00+05:30,126.6,131.9,126.6,129.4,150
2026-09-25T11:19:00+05:30,130.9,131.0,128.25,130.3,137
2026-09-25T11:20:00+05:30,130.3,130.3,127.9,129.05,124
2026-09-25T11:21:00+05:30,128.0,128.55,124.2,128.55,184
2026-09-25T11:22:00+05:30,127.95,127.95,124.7,127.5,89
2026-09-25T11:23:00+05:30,126.95,131.95,126.4,131.95,102
2026-09-25T11:24:00+05:30,131.5,140.55,131.2,140.55,437
2026-09-25T11:25:00+05:30,140.5,143.0,139.25,142.1,417
2026-09-25T11:26:00+05:30,139.5,142.55,136.6,141.25,244
2026-09-25T11:27:00+05:30,140.0,142.9,139.2,140.55,130
2026-09-25T11:28:00+05:30,140.55,142.15,136.8,140.8,274
2026-09-25T11:29:00+05:30,139.55,139.55,134.5,134.95,215
2026-09-25T11:30:00+05:30,135.2,136.7,132.25,135.3,210
2026-09-25T11:31:00+05:30,134.1,134.7,125.95,129.2,421
2026-09-25T11:32:00+05:30,128.9,130.8,127.35,129.3,93
2026-09-25T11:33:00+05:30,131.15,133.8,127.85,133.8,72
2026-09-25T11:34:00+05:30,134.1,135.75,131.35,131.75,121
2026-09-25T11:35:00+05:30,130.95,132.55,129.05,132.35,89
2026-09-25T11:36:00+05:30,132.8,135.4,132.55,135.0,260
2026-09-25T11:37:00+05:30,136.75,136.95,135.0,135.85,74
2026-09-25T11:38:00+05:30,134.7,136.5,131.8,132.85,230
2026-09-25T11:39:00+05:30,132.55,132.55,127.1,127.3,159
2026-09-25T11:40:00+05:30,127.7,132.4,126.85,132.05,166
2026-09-25T11:41:00+05:30,131.6,134.1,131.5,131.95,60
2026-09-25T11:42:00+05:30,131.65,131.8,128.25,129.2,105
2026-09-25T11:43:00+05:30,130.2,134.0,130.2,133.55,38
2026-09-25T11:44:00+05:30,134.3,134.45,128.95,131.0,163
2026-09-25T11:45:00+05:30,131.95,132.1,129.4,130.0,85
2026-09-25T11:46:00+05:30,130.0,130.0,126.3,127.0,129
2026-09-25T11:47:00+05:30,128.25,128.3,126.0,127.75,37
2026-09-25T11:48:00+05:30,128.5,131.15,128.4,129.65,50
2026-09-25T11:49:00+05:30,131.0,132.3,129.3,129.4,42
2026-09-25T11:50:00+05:30,129.35,129.85,122.05,127.95,296
2026-09-25T11:51:00+05:30,127.3,129.25,125.25,127.6,72
2026-09-25T11:52:00+05:30,126.15,128.2,124.25,126.05,111
2026-09-25T11:53:00+05:30,125.7,127.5,124.55,127.5,65
2026-09-25T11:54:00+05:30,128.0,128.5,124.85,124.85,27
2026-09-25T11:55:00+05:30,124.85,129.35,123.8,128.75,146
2026-09-25T11:56:00+05:30,128.15,130.45,126.25,129.75,120
2026-09-25T11:57:00+05:30,130.2,130.4,127.85,128.5,130
2026-09-25T11:58:00+05:30,129.4,131.0,128.0,128.5,166
2026-09-25T11:59:00+05:30,127.75,132.1,127.0,131.3,162
2026-09-25T12:00:00+05:30,131.45,131.6,129.85,130.3,139
2026-09-25T12:01:00+05:30,129.2,138.1,129.2,136.3,290
2026-09-25T12:02:00+05:30,137.15,137.15,131.9,135.1,154
2026-09-25T12:03:00+05:30,135.55,142.9,135.55,141.0,511
2026-09-25T12:04:00+05:30,141.2,143.1,136.3,136.65,421
2026-09-25T12:05:00+05:30,136.95,138.7,134.65,135.15,364
2026-09-25T12:06:00+05:30,135.4,138.5,134.2,138.5,174
2026-09-25T12:07:00+05:30,137.6,138.5,135.35,138.5,93
2026-09-25T12:08:00+05:30,138.8,139.6,133.2,133.2,125
2026-09-25T12:09:00+05:30,133.45,133.6,129.75,131.0,300
2026-09-25T12:10:00+05:30,131.7,133.5,130.0,130.0,139
2026-09-25T12:11:00+05:30,129.0,129.0,125.3,126.65,355
2026-09-25T12:12:00+05:30,126.25,128.1,124.65,128.0,254
2026-09-25T12:13:00+05:30,128.0,131.35,127.75,131.35,60
2026-09-25T12:14:00+05:30,130.6,134.1,130.4,131.4,210
2026-09-25T12:15:00+05:30,129.8,131.8,129.0,131.7,106
2026-09-25T12:16:00+05:30,129.5,130.35,128.2,130.0,124
2026-09-25T12:17:00+05:30,130.25,136.1,130.05,135.65,283
2026-09-25T12:18:00+05:30,135.0,135.15,132.35,133.25,130
2026-09-25T12:19:00+05:30,131.55,134.0,131.55,134.0,73
2026-09-25T12:20:00+05:30,134.6,137.6,134.6,136.35,249
2026-09-25T12:21:00+05:30,135.5,139.15,135.4,139.15,77
2026-09-25T12:22:00+05:30,139.3,140.0,136.3,138.45,120
2026-09-25T12:23:00+05:30,142.0,142.85,138.1,139.05,125
2026-09-25T12:24:00+05:30,138.6,144.15,138.0,141.05,291
2026-09-25T12:25:00+05:30,139.75,145.5,139.75,142.7,421
2026-09-25T12:26:00+05:30,142.35,143.3,138.15,138.65,384
2026-09-25T12:27:00+05:30,137.95,140.95,136.8,138.05,188
2026-09-25T12:28:00+05:30,139.15,139.25,133.6,136.2,163
2026-09-25T12:29:00+05:30,135.15,137.0,133.55,134.15,185
2026-09-25T12:30:00+05:30,133.0,133.95,126.5,128.7,196
2026-09-25T12:31:00+05:30,128.5,130.0,126.7,129.35,174
2026-09-25T12:32:00+05:30,128.8,130.7,126.8,129.25,179
2026-09-25T12:33:00+05:30,130.65,133.8,130.45,133.65,112
2026-09-25T12:34:00+05:30,134.4,135.35,131.15,135.35,137
2026-09-25T12:35:00+05:30,136.45,139.7,135.1,139.15,290
2026-09-25T12:36:00+05:30,138.6,144.8,137.8,144.0,320
2026-09-25T12:37:00+05:30,142.4,142.6,137.5,141.85,318
2026-09-25T12:38:00+05:30,141.2,142.8,137.6,137.85,137
2026-09-25T12:39:00+05:30,137.0,138.8,135.9,135.9,105
2026-09-25T12:40:00+05:30,136.1,138.25,134.35,137.75,109
2026-09-25T12:41:00+05:30,137.9,139.75,134.9,135.95,120
2026-09-25T12:42:00+05:30,136.45,142.0,136.45,141.75,349
2026-09-25T12:43:00+05:30,140.75,144.4,140.0,140.1,523
2026-09-25T12:44:00+05:30,140.35,143.1,137.25,141.8,265
2026-09-25T12:45:00+05:30,141.65,146.0,141.35,144.5,540
2026-09-25T12:46:00+05:30,142.9,144.2,139.6,143.85,318
2026-09-25T12:47:00+05:30,143.8,144.0,139.8,140.2,369
2026-09-25T12:48:00+05:30,140.4,145.9,140.4,145.1,259
2026-09-25T12:49:00+05:30,145.05,153.1,143.65,150.9,358
2026-09-25T12:50:00+05:30,150.05,158.35,147.95,155.2,929
2026-09-25T12:51:00+05:30,155.75,163.3,152.0,158.25,497
2026-09-25T12:52:00+05:30,159.55,160.9,152.45,154.0,421
2026-09-25T12:53:00+05:30,154.7,160.5,152.8,155.1,332
2026-09-25T12:54:00+05:30,154.0,158.4,152.8,157.75,170
2026-09-25T12:55:00+05:30,158.4,161.1,156.7,159.2,216
2026-09-25T12:56:00+05:30,160.25,180.05,156.25,178.25,972
2026-09-25T12:57:00+05:30,176.5,183.4,166.7,168.5,1406
2026-09-25T12:58:00+05:30,169.1,169.45,159.6,159.8,594
2026-09-25T12:59:00+05:30,160.3,162.85,155.0,155.35,667
2026-09-25T13:00:00+05:30,155.4,156.6,147.35,152.9,628
2026-09-25T13:01:00+05:30,152.7,153.65,146.7,149.45,549
2026-09-25T13:02:00+05:30,148.8,163.4,148.8,161.55,332
2026-09-25T13:03:00+05:30,160.0,161.85,155.1,160.35,407
2026-09-25T13:04:00+05:30,158.75,161.3,157.6,160.15,298
2026-09-25T13:05:00+05:30,160.2,163.35,154.0,156.95,327
2026-09-25T13:06:00+05:30,156.65,157.35,152.4,153.5,392
2026-09-25T13:07:00+05:30,154.2,156.7,150.4,156.7,128
2026-09-25T13:08:00+05:30,156.6,158.05,152.6,152.8,126
2026-09-25T13:09:00+05:30,152.3,152.3,146.75,148.2,259
2026-09-25T13:10:00+05:30,147.9,151.0,146.25,147.0,205
2026-09-25T13:11:00+05:30,147.2,147.2,140.25,145.3,304
2026-09-25T13:12:00+05:30,144.5,148.75,143.25,147.65,193
2026-09-25T13:13:00+05:30,146.9,150.15,145.7,147.75,163
2026-09-25T13:14:00+05:30,147.9,154.75,147.0,153.4,194
2026-09-25T13:15:00+05:30,151.85,154.0,148.95,154.0,150
2026-09-25T13:16:00+05:30,154.9,156.4,150.55,150.55,164
2026-09-25T13:17:00+05:30,152.4,155.0,148.0,152.75,113
2026-09-25T13:18:00+05:30,152.7,153.5,150.5,152.3,72
2026-09-25T13:19:00+05:30,151.0,152.0,147.0,151.8,281
2026-09-25T13:20:00+05:30,152.6,152.8,148.25,151.75,122
2026-09-25T13:21:00+05:30,152.2,152.2,147.5,147.5,82
2026-09-25T13:22:00+05:30,147.9,154.0,146.0,153.7,323
2026-09-25T13:23:00+05:30,154.15,156.9,148.2,151.15,475
2026-09-25T13:24:00+05:30,152.55,156.8,152.05,152.8,226
2026-09-25T13:25:00+05:30,153.25,156.0,150.45,152.7,77
2026-09-25T13:26:00+05:30,151.3,151.3,147.15,148.1,135
2026-09-25T13:27:00+05:30,148.7,153.75,148.1,153.0,80
2026-09-25T13:28:00+05:30,153.45,153.85,151.65,152.55,81
2026-09-25T13:29:00+05:30,151.55,152.5,150.5,152.5,85
2026-09-25T13:30:00+05:30,152.4,155.35,149.0,153.1,137
2026-09-25T13:31:00+05:30,151.7,152.15,149.15,151.2,121
2026-09-25T13:32:00+05:30,150.85,155.0,150.85,152.35,62
2026-09-25T13:33:00+05:30,155.4,160.65,154.25,160.55,162
2026-09-25T13:34:00+05:30,160.35,166.0,159.95,162.7,548
2026-09-25T13:35:00+05:30,163.9,168.0,160.85,161.7,435
2026-09-25T13:36:00+05:30,162.15,165.7,159.3,161.35,513
2026-09-25T13:37:00+05:30,161.6,170.3,158.4,159.25,514
2026-09-25T13:38:00+05:30,159.15,164.05,159.0,162.55,256
2026-09-25T13:39:00+05:30,163.5,166.95,159.8,166.6,394
2026-09-25T13:40:00+05:30,166.05,166.05,157.0,158.75,197
2026-09-25T13:41:00+05:30,159.35,161.2,155.85,159.4,254
2026-09-25T13:42:00+05:30,160.0,161.65,150.6,150.6,360
2026-09-25T13:43:00+05:30,150.0,159.35,147.1,157.6,352
2026-09-25T13:44:00+05:30,158.5,158.65,153.9,156.25,167
2026-09-25T13:45:00+05:30,157.2,157.35,151.0,152.85,134
2026-09-25T13:46:00+05:30,151.0,152.25,140.35,140.5,359
2026-09-25T13:47:00+05:30,141.15,150.8,140.45,147.7,249
2026-09-25T13:48:00+05:30,146.85,150.45,146.85,148.75,92
2026-09-25T13:49:00+05:30,148.9,151.9,146.6,150.3,129
2026-09-25T13:50:00+05:30,150.85,154.35,150.6,153.4,144
2026-09-25T13:51:00+05:30,153.75,154.65,148.7,149.55,150
2026-09-25T13:52:00+05:30,149.85,152.0,149.1,149.7,86
2026-09-25T13:53:00+05:30,150.1,152.8,147.75,152.05,143
2026-09-25T13:54:00+05:30,151.8,151.8,145.8,147.55,137
2026-09-25T13:55:00+05:30,147.65,147.95,140.95,140.95,192
2026-09-25T13:56:00+05:30,140.7,143.8,129.5,131.65,761
2026-09-25T13:57:00+05:30,131.85,139.65,131.8,139.4,250
2026-09-25T13:58:00+05:30,139.65,139.65,133.75,136.7,216
2026-09-25T13:59:00+05:30,136.4,136.4,128.9,129.5,410
2026-09-25T14:00:00+05:30,128.55,128.55,107.05,114.45,1195
2026-09-25T14:01:00+05:30,113.75,120.5,109.9,113.45,1056
2026-09-25T14:02:00+05:30,114.0,115.05,107.5,112.1,632
2026-09-25T14:03:00+05:30,111.5,111.5,93.05,93.6,1673
2026-09-25T14:04:00+05:30,93.7,108.05,93.05,104.35,1538
2026-09-25T14:05:00+05:30,104.5,110.5,100.8,109.35,651
2026-09-25T14:06:00+05:30,108.15,110.0,102.8,107.4,386
2026-09-25T14:07:00+05:30,109.0,109.45,101.55,103.85,468
2026-09-25T14:08:00+05:30,103.75,110.9,101.65,107.75,612
2026-09-25T14:09:00+05:30,107.65,120.15,107.25,114.95,999
2026-09-25T14:10:00+05:30,115.5,116.7,110.75,112.2,528
2026-09-25T14:11:00+05:30,113.85,114.15,105.75,107.65,449
2026-09-25T14:12:00+05:30,107.65,111.75,104.7,111.05,549
2026-09-25T14:13:00+05:30,110.9,112.75,107.65,112.5,196
2026-09-25T14:14:00+05:30,112.75,115.5,111.35,113.15,328
2026-09-25T14:15:00+05:30,113.0,113.0,105.0,105.05,534
2026-09-25T14:16:00+05:30,104.45,108.0,102.45,102.95,492
2026-09-25T14:17:00+05:30,102.5,103.35,98.6,100.6,369
2026-09-25T14:18:00+05:30,100.3,100.75,95.7,98.1,356
2026-09-25T14:19:00+05:30,97.95,100.6,97.4,99.15,298
2026-09-25T14:20:00+05:30,98.75,103.05,96.9,101.5,460
2026-09-25T14:21:00+05:30,100.7,101.0,94.55,97.15,495
2026-09-25T14:22:00+05:30,97.55,98.85,95.05,96.7,219
2026-09-25T14:23:00+05:30,96.65,99.45,96.65,98.65,230
2026-09-25T14:24:00+05:30,98.2,99.8,96.45,99.45,96
2026-09-25T14:25:00+05:30,98.9,100.1,89.9,96.8,701
2026-09-25T14:26:00+05:30,96.55,103.5,94.75,98.75,742
2026-09-25T14:27:00+05:30,98.8,100.8,95.4,99.3,350
2026-09-25T14:28:00+05:30,98.85,98.85,94.2,95.35,175
2026-09-25T14:29:00+05:30,95.65,96.3,94.15,95.7,294
2026-09-25T14:30:00+05:30,95.95,96.25,88.2,88.75,682
2026-09-25T14:31:00+05:30,89.3,94.0,87.3,89.55,923
2026-09-25T14:32:00+05:30,89.15,91.0,87.6,89.8,204
2026-09-25T14:33:00+05:30,89.65,91.0,86.3,91.0,256
2026-09-25T14:34:00+05:30,91.0,92.05,88.7,89.35,238
2026-09-25T14:35:00+05:30,89.65,92.7,89.05,92.7,305
2026-09-25T14:36:00+05:30,92.8,93.0,90.2,92.7,785
2026-09-25T14:37:00+05:30,92.65,92.65,90.05,91.4,84
2026-09-25T14:38:00+05:30,91.0,91.75,88.7,90.5,153
2026-09-25T14:39:00+05:30,90.25,90.7,88.2,88.6,198
2026-09-25T14:40:00+05:30,89.35,92.65,89.35,92.6,209
2026-09-25T14:41:00+05:30,92.4,95.0,91.8,94.75,220
2026-09-25T14:42:00+05:30,94.55,96.75,94.55,96.75,308
2026-09-25T14:43:00+05:30,97.0,99.15,95.4,98.5,322
2026-09-25T14:44:00+05:30,98.75,99.6,96.7,97.55,411
2026-09-25T14:45:00+05:30,98.5,101.2,96.0,101.2,410
2026-09-25T14:46:00+05:30,101.15,106.3,100.35,104.45,726
2026-09-25T14:47:00+05:30,104.2,109.0,103.25,109.0,489
2026-09-25T14:48:00+05:30,108.25,109.15,104.05,104.05,719
2026-09-25T14:49:00+05:30,104.35,106.7,101.55,105.7,774
2026-09-25T14:50:00+05:30,106.55,111.3,102.7,108.55,688
2026-09-25T14:51:00+05:30,109.55,110.45,105.75,105.75,557
2026-09-25T14:52:00+05:30,105.7,105.7,102.05,104.1,503
2026-09-25T14:53:00+05:30,103.95,104.3,100.35,102.65,245
2026-09-25T14:54:00+05:30,102.25,104.2,98.6,98.85,320
2026-09-25T14:55:00+05:30,98.4,109.05,97.6,108.2,479
2026-09-25T14:56:00+05:30,110.0,110.7,105.75,109.2,544
2026-09-25T14:57:00+05:30,108.75,113.45,108.25,108.75,468
2026-09-25T14:58:00+05:30,109.05,113.0,107.95,111.2,410
2026-09-25T14:59:00+05:30,111.1,111.45,107.15,108.45,732
2026-09-25T15:00:00+05:30,108.45,114.45,108.1,109.5,343
2026-09-25T15:01:00+05:30,109.55,117.45,109.1,117.45,474
2026-09-25T15:02:00+05:30,117.55,120.55,112.95,115.8,621
2026-09-25T15:03:00+05:30,116.25,119.5,114.95,117.4,504
2026-09-25T15:04:00+05:30,117.05,119.7,114.65,114.8,429
2026-09-25T15:05:00+05:30,115.75,121.35,115.75,121.25,372
2026-09-25T15:06:00+05:30,120.9,121.25,112.8,112.8,701
2026-09-25T15:07:00+05:30,112.9,122.0,111.15,122.0,1382
2026-09-25T15:08:00+05:30,122.0,135.95,120.15,135.6,1165
2026-09-25T15:09:00+05:30,136.2,138.4,127.05,131.85,996
2026-09-25T15:10:00+05:30,131.6,134.8,125.0,129.25,1109
2026-09-25T15:11:00+05:30,130.0,130.6,126.7,127.9,441
2026-09-25T15:12:00+05:30,128.2,128.25,121.15,121.7,454
2026-09-25T15:13:00+05:30,121.5,124.75,119.0,119.1,701
2026-09-25T15:14:00+05:30,119.6,120.85,114.7,115.8,481
2026-09-25T15:15:00+05:30,114.6,118.35,113.0,118.35,534
2026-09-25T15:16:00+05:30,118.75,122.05,117.9,118.9,209
2026-09-25T15:17:00+05:30,119.5,121.9,118.65,119.7,74
2026-09-25T15:18:00+05:30,119.1,119.3,111.1,112.65,479
2026-09-25T15:19:00+05:30,112.05,115.6,112.05,113.95,88
2026-09-25T15:20:00+05:30,114.6,116.1,109.65,115.05,363
2026-09-25T15:21:00+05:30,116.35,117.85,114.65,116.05,185
2026-09-25T15:22:00+05:30,115.65,120.0,114.15,119.4,472
2026-09-25T15:23:00+05:30,119.95,121.75,119.0,121.75,255
2026-09-25T15:24:00+05:30,121.45,122.1,116.0,120.2,512
2026-09-25T15:25:00+05:30,120.75,121.45,117.45,119.55,320
2026-09-25T15:26:00+05:30,119.7,121.0,118.0,118.95,366
2026-09-25T15:27:00+05:30,119.85,120.25,117.65,118.9,206
2026-09-25T15:28:00+05:30,118.95,119.4,117.75,118.1,459
2026-09-25T15:29:00+05:30,118.45,119.0,113.0,115.5,380
2026-09-25T15:30:00+05:30,116.0,119.0,115.3,118.85,179
2026-09-25T15:31:00+05:30,119.2,120.0,117.4,119.0,175
2026-09-25T15:32:00+05:30,119.25,122.65,119.25,122.6,303
2026-09-25T15:33:00+05:30,123.4,125.4,121.25,121.25,200
2026-09-25T15:34:00+05:30,121.3,121.3,116.95,118.3,160
2026-09-25T15:35:00+05:30,118.55,118.8,114.35,114.35,115
2026-09-25T15:36:00+05:30,114.75,119.9,112.75,119.45,263
2026-09-25T15:37:00+05:30,118.9,118.95,110.4,115.0,413
2026-09-25T15:38:00+05:30,114.2,117.1,114.2,116.5,149
2026-09-25T15:39:00+05:30,116.45,117.4,114.3,114.3,273
2026-09-28T09:15:00+05:30,140.1,241.3,140.1,234.0,6477
2026-09-28T09:16:00+05:30,241.05,296.6,239.95,267.7,5268
2026-09-28T09:17:00+05:30,268.35,290.35,264.75,279.25,2709
2026-09-28T09:18:00+05:30,281.35,301.9,274.05,290.25,2390
2026-09-28T09:19:00+05:30,293.5,347.95,282.95,343.3,2727
2026-09-28T09:20:00+05:30,345.3,381.9,333.05,370.35,2368
2026-09-28T09:21:00+05:30,368.85,372.45,350.05,361.4,1016
2026-09-28T09:22:00+05:30,365.45,391.5,362.45,387.4,1342
2026-09-28T09:23:00+05:30,387.4,387.4,351.15,366.35,1445
2026-09-28T09:24:00+05:30,365.95,371.1,334.35,352.25,1424
2026-09-28T09:25:00+05:30,354.25,399.65,352.1,394.4,1463
2026-09-28T09:26:00+05:30,395.25,398.05,386.8,397.35,1105
2026-09-28T09:27:00+05:30,395.5,397.55,373.85,386.65,771
2026-09-28T09:28:00+05:30,385.4,391.9,381.65,382.55,345
2026-09-28T09:29:00+05:30,382.7,386.8,377.05,380.1,199
2026-09-28T09:30:00+05:30,380.1,399.55,379.1,384.65,637
2026-09-28T09:31:00+05:30,383.0,405.0,382.2,397.6,1649
2026-09-28T09:32:00+05:30,395.65,411.3,395.6,408.0,1221
2026-09-28T09:33:00+05:30,410.8,445.0,406.55,428.4,2051
2026-09-28T09:34:00+05:30,426.7,445.8,426.65,429.45,449
2026-09-28T09:35:00+05:30,427.9,514.4,425.75,494.55,1402
2026-09-28T09:36:00+05:30,490.55,517.6,485.35,511.9,812
2026-09-28T09:37:00+05:30,509.25,522.6,491.85,496.2,437
2026-09-28T09:38:00+05:30,501.95,545.2,501.95,518.4,506
2026-09-28T09:39:00+05:30,520.25,527.65,507.7,517.65,298
2026-09-28T09:40:00+05:30,518.4,532.2,508.4,508.4,356
2026-09-28T09:41:00+05:30,506.5,514.95,477.6,485.3,411
2026-09-28T09:42:00+05:30,487.5,509.1,487.15,501.25,426
2026-09-28T09:43:00+05:30,503.1,524.2,503.0,518.15,218
2026-09-28T09:44:00+05:30,516.8,528.1,515.15,518.0,146
2026-09-28T09:45:00+05:30,517.35,520.2,504.55,510.4,247
2026-09-28T09:46:00+05:30,508.3,511.85,492.85,494.0,223
2026-09-28T09:47:00+05:30,497.05,504.2,489.0,498.65,136
2026-09-28T09:48:00+05:30,499.55,503.5,481.55,496.15,177
2026-09-28T09:49:00+05:30,498.4,509.15,491.0,492.8,185
2026-09-28T09:50:00+05:30,494.15,501.6,483.6,496.15,260
2026-09-28T09:51:00+05:30,489.05,515.1,489.05,512.4,231
2026-09-28T09:52:00+05:30,514.7,520.5,511.75,516.5,133
2026-09-28T09:53:00+05:30,514.3,517.3,499.05,504.4,198
2026-09-28T09:54:00+05:30,505.85,519.4,504.85,514.45,44
2026-09-28T09:55:00+05:30,517.5,517.8,503.55,517.8,81
2026-09-28T09:56:00+05:30,514.2,519.85,501.6,502.3,75
2026-09-28T09:57:00+05:30,504.6,506.7,488.45,493.0,105
2026-09-28T09:58:00+05:30,493.2,493.5,475.0,488.1,217
2026-09-28T09:59:00+05:30,490.0,492.3,483.0,492.3,114
2026-09-28T10:00:00+05:30,487.8,509.9,486.0,508.0,170
2026-09-28T10:01:00+05:30,507.3,516.0,503.7,507.8,952
2026-09-28T10:02:00+05:30,508.85,514.0,502.2,504.8,121
2026-09-28T10:03:00+05:30,504.85,519.25,502.2,519.25,119
2026-09-28T10:04:00+05:30,520.0,535.0,516.9,527.15,374
2026-09-28T10:05:00+05:30,525.0,569.0,517.9,560.0,293
2026-09-28T10:06:00+05:30,562.15,580.9,548.6,575.9,582
2026-09-28T10:07:00+05:30,574.2,593.0,554.6,568.3,472
2026-09-28T10:08:00+05:30,568.7,575.0,555.35,574.35,209
2026-09-28T10:09:00+05:30,575.0,591.55,571.6,586.8,413
2026-09-28T10:10:00+05:30,587.7,591.45,566.65,570.5,161
2026-09-28T10:11:00+05:30,570.85,570.85,555.25,561.8,90
2026-09-28T10:12:00+05:30,558.0,575.55,558.0,570.5,148
2026-09-28T10:13:00+05:30,571.0,571.0,550.35,552.35,42
2026-09-28T10:14:00+05:30,550.0,568.35,546.2,567.85,40
2026-09-28T10:15:00+05:30,566.15,580.35,566.05,580.35,108
2026-09-28T10:16:00+05:30,576.65,582.5,571.85,575.0,60
2026-09-28T10:17:00+05:30,579.15,618.0,575.25,618.0,167
2026-09-28T10:18:00+05:30,616.0,620.0,582.0,589.3,96
2026-09-28T10:19:00+05:30,582.15,585.5,570.15,570.25,57
2026-09-28T10:20:00+05:30,572.65,576.05,540.0,551.95,246
2026-09-28T10:21:00+05:30,551.55,576.0,550.5,570.75,112
2026-09-28T10:22:00+05:30,567.65,579.5,561.45,568.55,27
2026-09-28T10:23:00+05:30,573.3,585.1,565.55,577.0,67
2026-09-28T10:24:00+05:30,581.5,597.05,581.4,582.2,113
2026-09-28T10:25:00+05:30,581.6,594.9,580.9,594.05,70
2026-09-28T10:26:00+05:30,593.4,595.0,584.5,593.25,78
2026-09-28T10:27:00+05:30,592.8,594.75,586.25,591.75,36
2026-09-28T10:28:00+05:30,591.6,595.0,569.3,569.3,85
2026-09-28T10:29:00+05:30,572.55,592.95,572.55,584.2,49
2026-09-28T10:30:00+05:30,580.0,580.0,560.0,564.1,119
2026-09-28T10:31:00+05:30,570.95,573.0,567.15,570.15,57
2026-09-28T10:32:00+05:30,572.45,581.85,572.45,574.55,24
2026-09-28T10:33:00+05:30,577.25,592.8,573.9,592.0,165
2026-09-28T10:34:00+05:30,593.05,596.9,587.4,593.3,46
2026-09-28T10:35:00+05:30,590.35,594.0,587.9,589.95,56
2026-09-28T10:36:00+05:30,587.9,587.9,570.8,582.15,73
2026-09-28T10:37:00+05:30,581.9,595.0,581.4,586.95,37
2026-09-28T10:38:00+05:30,592.9,598.65,585.9,596.85,162
2026-09-28T10:39:00+05:30,594.7,611.0,589.8,607.85,115
2026-09-28T10:40:00+05:30,604.0,606.5,592.45,600.65,85
2026-09-28T10:41:00+05:30,608.1,646.8,597.7,614.7,267
2026-09-28T10:42:00+05:30,619.4,634.35,619.2,628.1,234
2026-09-28T10:43:00+05:30,632.15,637.85,622.0,631.7,37
2026-09-28T10:44:00+05:30,627.25,632.0,622.25,627.95,64
2026-09-28T10:45:00+05:30,627.15,627.85,614.45,621.1,150
2026-09-28T10:46:00+05:30,619.1,622.05,610.95,616.8,80
2026-09-28T10:47:00+05:30,613.55,620.15,608.5,616.0,35
2026-09-28T10:48:00+05:30,622.8,634.3,622.8,627.4,47
2026-09-28T10:49:00+05:30,626.3,660.0,625.15,643.5,138
2026-09-28T10:50:00+05:30,639.1,653.05,637.75,647.0,80
2026-09-28T10:51:00+05:30,650.0,650.0,637.95,643.75,38
2026-09-28T10:52:00+05:30,643.0,656.6,637.0,650.75,35
2026-09-28T10:53:00+05:30,641.8,646.2,631.7,635.6,63
2026-09-28T10:54:00+05:30,633.55,634.65,608.65,611.2,78
2026-09-28T10:55:00+05:30,616.9,616.9,579.95,584.75,224
2026-09-28T10:56:00+05:30,586.4,589.5,575.65,580.45,45
2026-09-28T10:57:00+05:30,597.95,604.4,584.8,604.4,40
2026-09-28T10:58:00+05:30,604.8,607.15,591.8,593.1,54
2026-09-28T10:59:00+05:30,600.0,613.25,594.55,613.25,22
2026-09-28T11:00:00+05:30,613.2,627.6,613.2,617.65,82
2026-09-28T11:01:00+05:30,621.9,633.05,621.9,628.0,15
2026-09-28T11:02:00+05:30,618.45,618.6,605.1,607.0,34
2026-09-28T11:03:00+05:30,618.0,626.15,618.0,626.15,13
2026-09-28T11:04:00+05:30,621.9,633.0,621.9,633.0,29
2026-09-28T11:05:00+05:30,633.0,635.4,626.25,628.35,34
2026-09-28T11:06:00+05:30,626.7,628.9,618.9,621.05,19
2026-09-28T11:07:00+05:30,626.25,634.9,620.5,634.9,29
2026-09-28T11:08:00+05:30,639.2,646.35,638.5,642.4,29
2026-09-28T11:09:00+05:30,642.4,650.0,639.5,643.95,41
2026-09-28T11:10:00+05:30,643.95,654.85,641.45,653.75,27
2026-09-28T11:11:00+05:30,648.5,651.0,645.85,651.0,12
2026-09-28T11:12:00+05:30,660.0,664.0,644.0,654.45,130
2026-09-28T11:13:00+05:30,654.75,654.75,649.05,652.45,22
2026-09-28T11:14:00+05:30,648.9,649.9,643.0,644.75,20
2026-09-28T11:15:00+05:30,647.0,648.5,622.5,641.65,105
2026-09-28T11:16:00+05:30,643.05,661.25,643.05,651.0,40
2026-09-28T11:17:00+05:30,642.9,654.9,642.9,650.1,59
2026-09-28T11:18:00+05:30,651.6,651.6,629.45,631.0,52
2026-09-28T11:19:00+05:30,629.0,629.7,616.2,620.35,86
2026-09-28T11:20:00+05:30,615.1,634.05,612.1,634.05,56
2026-09-28T11:21:00+05:30,633.9,636.0,612.1,627.0,116
2026-09-28T11:22:00+05:30,627.05,628.4,622.5,624.8,29
2026-09-28T11:23:00+05:30,627.0,627.1,619.35,619.35,18
2026-09-28T11:24:00+05:30,623.85,644.15,623.85,637.85,21
2026-09-28T11:25:00+05:30,633.9,636.4,628.8,636.4,21
2026-09-28T11:26:00+05:30,632.5,632.5,626.25,626.25,6
2026-09-28T11:27:00+05:30,629.9,629.9,609.4,610.95,23
2026-09-28T11:28:00+05:30,612.8,615.1,601.55,615.05,53
2026-09-28T11:29:00+05:30,613.0,615.75,608.5,611.55,42
2026-09-28T11:30:00+05:30,609.75,609.75,588.0,599.9,97
2026-09-28T11:31:00+05:30,600.75,602.2,586.45,596.85,54
2026-09-28T11:32:00+05:30,591.0,614.0,587.1,612.45,25
2026-09-28T11:33:00+05:30,611.55,648.0,611.55,640.8,75
2026-09-28T11:34:00+05:30,632.35,637.85,630.0,635.45,41
2026-09-28T11:35:00+05:30,635.85,641.25,628.35,639.25,32
2026-09-28T11:36:00+05:30,625.0,630.3,614.0,614.5,22
2026-09-28T11:37:00+05:30,611.75,611.75,591.4,594.1,51
2026-09-28T11:38:00+05:30,596.5,601.85,595.15,600.15,17
2026-09-28T11:39:00+05:30,597.75,598.85,589.95,589.95,30
2026-09-28T11:40:00+05:30,590.75,590.95,582.45,586.2,58
2026-09-28T11:41:00+05:30,588.55,591.45,557.95,570.05,258
2026-09-28T11:42:00+05:30,568.65,573.85,565.8,573.85,79
2026-09-28T11:43:00+05:30,574.85,579.1,566.6,578.55,36
2026-09-28T11:44:00+05:30,578.4,580.35,572.7,578.3,40
2026-09-28T11:45:00+05:30,576.65,577.65,564.0,575.4,64
2026-09-28T11:46:00+05:30,571.8,578.5,567.45,577.45,31
2026-09-28T11:47:00+05:30,578.05,590.0,575.0,589.95,21
2026-09-28T11:48:00+05:30,596.1,604.6,589.0,589.0,31
2026-09-28T11:49:00+05:30,591.2,605.55,591.2,604.45,18
2026-09-28T11:50:00+05:30,598.75,606.45,595.5,602.8,105
2026-09-28T11:51:00+05:30,602.25,615.0,599.05,612.5,69
2026-09-28T11:52:00+05:30,610.5,618.25,600.7,602.05,89
2026-09-28T11:53:00+05:30,598.25,610.4,591.0,602.15,24
2026-09-28T11:54:00+05:30,599.15,611.0,597.85,611.0,79
2026-09-28T11:55:00+05:30,610.05,622.25,607.0,619.3,79
2026-09-28T11:56:00+05:30,618.75,635.55,618.5,622.65,219
2026-09-28T11:57:00+05:30,621.05,621.05,613.5,620.25,63
2026-09-28T11:58:00+05:30,620.25,625.1,614.9,614.9,14
2026-09-28T11:59:00+05:30,614.8,614.8,601.0,607.55,23
2026-09-28T12:00:00+05:30,609.55,612.85,601.0,609.15,78
2026-09-28T12:01:00+05:30,591.65,608.3,586.8,606.25,61
2026-09-28T12:02:00+05:30,608.15,612.0,597.05,597.05,64
2026-09-28T12:03:00+05:30,599.8,614.8,599.8,608.7,32
2026-09-28T12:04:00+05:30,606.05,616.0,601.0,614.7,66
2026-09-28T12:05:00+05:30,614.95,614.95,602.25,603.85,41
2026-09-28T12:06:00+05:30,598.85,600.5,585.9,597.4,23
2026-09-28T12:07:00+05:30,596.45,601.6,590.0,601.6,27
2026-09-28T12:08:00+05:30,605.95,607.9,600.6,600.6,14
2026-09-28T12:09:00+05:30,599.65,607.2,599.65,605.95,19
2026-09-28T12:10:00+05:30,606.0,606.15,599.15,599.15,18
2026-09-28T12:11:00+05:30,590.0,604.75,583.4,601.85,99
2026-09-28T12:12:00+05:30,602.5,603.1,593.7,600.5,46
2026-09-28T12:13:00+05:30,603.0,604.85,601.75,601.75,9
2026-09-28T12:14:00+05:30,600.5,602.3,595.0,602.0,31
2026-09-28T12:15:00+05:30,603.55,616.9,603.55,612.7,49
2026-09-28T12:16:00+05:30,614.6,614.6,594.0,600.1,40
2026-09-28T12:17:00+05:30,602.3,603.4,599.55,603.0,15
2026-09-28T12:18:00+05:30,604.35,606.6,594.0,594.0,25
2026-09-28T12:19:00+05:30,594.95,602.6,590.0,590.0,13
2026-09-28T12:20:00+05:30,589.05,603.2,589.05,603.2,18
2026-09-28T12:21:00+05:30,602.8,602.8,596.45,598.1,11
2026-09-28T12:22:00+05:30,597.6,610.6,597.6,608.8,26
2026-09-28T12:23:00+05:30,608.2,608.2,596.5,596.5,6
2026-09-28T12:24:00+05:30,592.9,603.35,590.0,590.0,33
2026-09-28T12:25:00+05:30,588.5,589.65,574.0,574.0,60
2026-09-28T12:26:00+05:30,575.3,576.15,557.35,572.9,86
2026-09-28T12:27:00+05:30,575.75,580.3,572.4,572.4,40
2026-09-28T12:28:00+05:30,580.5,580.5,570.0,570.0,22
2026-09-28T12:29:00+05:30,572.4,572.4,555.0,555.0,50
2026-09-28T12:30:00+05:30,555.0,577.7,553.75,570.3,105
2026-09-28T12:31:00+05:30,573.8,582.35,566.0,571.0,104
2026-09-28T12:32:00+05:30,572.0,575.4,568.2,569.9,71
2026-09-28T12:33:00+05:30,572.8,594.9,572.8,587.15,89
2026-09-28T12:34:00+05:30,593.15,613.65,593.15,601.2,86
2026-09-28T12:35:00+05:30,602.35,608.65,597.05,597.05,48
2026-09-28T12:36:00+05:30,599.45,605.2,594.0,603.5,25
2026-09-28T12:37:00+05:30,599.9,603.4,598.0,603.4,12
2026-09-28T12:38:00+05:30,600.1,600.75,595.25,595.25,6
2026-09-28T12:39:00+05:30,593.55,593.55,593.45,593.45,4
2026-09-28T12:40:00+05:30,598.0,602.45,590.0,601.25,33
2026-09-28T12:41:00+05:30,604.65,604.65,597.05,599.25,9
2026-09-28T12:42:00+05:30,597.2,601.2,583.8,587.1,66
2026-09-28T12:43:00+05:30,592.05,592.05,581.85,583.55,23
2026-09-28T12:44:00+05:30,594.45,606.55,594.45,603.65,37
2026-09-28T12:45:00+05:30,597.95,609.2,597.75,599.2,15
2026-09-28T12:46:00+05:30,599.0,599.0,587.7,590.35,20
2026-09-28T12:47:00+05:30,590.4,598.55,588.45,593.85,37
2026-09-28T12:48:00+05:30,591.65,597.5,590.0,597.5,21
2026-09-28T12:49:00+05:30,595.1,596.75,593.1,594.0,13
2026-09-28T12:50:00+05:30,588.7,594.9,588.7,592.65,14
2026-09-28T12:51:00+05:30,598.05,615.0,598.05,605.65,20
2026-09-28T12:52:00+05:30,605.0,624.8,599.85,621.45,63
2026-09-28T12:53:00+05:30,626.1,639.0,605.15,605.15,65
2026-09-28T12:54:00+05:30,605.0,609.9,597.15,601.0,71
2026-09-28T12:55:00+05:30,601.75,613.2,601.75,606.75,27
2026-09-28T12:56:00+05:30,608.15,615.25,608.15,613.8,7
2026-09-28T12:57:00+05:30,614.9,625.0,614.0,624.95,21
2026-09-28T12:58:00+05:30,622.6,622.6,612.7,613.85,18
2026-09-28T12:59:00+05:30,604.0,609.8,601.9,609.8,25
2026-09-28T13:00:00+05:30,612.65,617.2,605.8,613.4,43
2026-09-28T13:01:00+05:30,606.1,606.1,601.7,602.15,7
2026-09-28T13:02:00+05:30,604.75,606.2,604.75,606.2,3
2026-09-28T13:03:00+05:30,610.85,613.85,606.8,609.35,15
2026-09-28T13:04:00+05:30,612.75,625.55,612.75,623.05,40
2026-09-28T13:05:00+05:30,626.1,626.55,618.0,622.0,27
2026-09-28T13:06:00+05:30,613.5,622.3,606.95,622.3,11
2026-09-28T13:07:00+05:30,623.0,646.8,619.0,629.75,85
2026-09-28T13:08:00+05:30,629.95,639.75,629.95,631.15,73
2026-09-28T13:09:00+05:30,630.65,630.65,614.8,615.2,54
2026-09-28T13:10:00+05:30,614.6,615.1,594.0,594.0,70
2026-09-28T13:11:00+05:30,594.45,606.0,584.8,606.0,45
2026-09-28T13:12:00+05:30,603.3,617.0,602.95,615.0,30
2026-09-28T13:13:00+05:30,610.6,610.6,601.1,607.15,14
2026-09-28T13:14:00+05:30,607.4,616.7,607.4,613.35,16
2026-09-28T13:15:00+05:30,611.7,615.75,609.7,615.75,8
2026-09-28T13:16:00+05:30,604.55,610.75,602.55,608.6,25
2026-09-28T13:17:00+05:30,602.5,606.75,599.45,605.0,33
2026-09-28T13:18:00+05:30,604.3,607.25,604.3,607.25,2
2026-09-28T13:19:00+05:30,615.75,615.75,615.75,615.75,4
2026-09-28T13:20:00+05:30,601.5,615.3,600.55,612.7,17
2026-09-28T13:21:00+05:30,608.5,611.85,605.0,606.9,12
2026-09-28T13:22:00+05:30,591.0,596.4,584.35,596.4,41
2026-09-28T13:23:00+05:30,588.5,597.7,581.15,584.6,34
2026-09-28T13:24:00+05:30,582.7,596.55,582.7,596.55,8
2026-09-28T13:25:00+05:30,592.25,592.25,575.0,575.0,6
2026-09-28T13:26:00+05:30,570.1,574.25,565.0,572.75,47
2026-09-28T13:27:00+05:30,570.95,581.45,562.95,581.45,45
2026-09-28T13:28:00+05:30,573.7,579.0,573.7,579.0,2
2026-09-28T13:29:00+05:30,581.4,581.4,572.95,572.95,13
2026-09-28T13:30:00+05:30,580.0,591.05,580.0,584.95,42
2026-09-28T13:31:00+05:30,586.5,600.0,586.5,600.0,16
2026-09-28T13:32:00+05:30,599.55,599.55,590.0,590.0,26
2026-09-28T13:33:00+05:30,594.8,612.4,592.0,612.4,50
2026-09-28T13:34:00+05:30,606.5,624.65,602.55,619.35,121
2026-09-28T13:35:00+05:30,622.6,625.0,609.05,625.0,53
2026-09-28T13:36:00+05:30,621.8,624.85,617.1,624.85,9
2026-09-28T13:37:00+05:30,620.85,634.6,618.05,629.0,150
2026-09-28T13:38:00+05:30,624.95,628.3,622.6,628.0,74
2026-09-28T13:39:00+05:30,625.4,625.4,605.15,605.15,23
2026-09-28T13:40:00+05:30,604.7,616.75,603.55,616.55,56
2026-09-28T13:41:00+05:30,603.05,603.05,593.15,600.95,47
2026-09-28T13:42:00+05:30,600.7,608.0,595.5,602.65,9
2026-09-28T13:43:00+05:30,613.7,617.0,613.7,617.0,5
2026-09-28T13:45:00+05:30,600.0,610.45,599.6,610.45,18
2026-09-28T13:46:00+05:30,605.0,605.0,597.5,602.15,7
2026-09-28T13:47:00+05:30,603.0,603.0,597.55,602.5,22
2026-09-28T13:48:00+05:30,612.2,619.0,611.5,619.0,17
2026-09-28T13:49:00+05:30,615.0,640.0,614.95,619.65,48
2026-09-28T13:50:00+05:30,614.4,615.0,606.1,612.15,50
2026-09-28T13:51:00+05:30,613.0,620.7,609.75,614.8,17
2026-09-28T13:52:00+05:30,613.0,613.0,602.5,602.5,16
2026-09-28T13:53:00+05:30,603.0,620.0,603.0,620.0,28
2026-09-28T13:54:00+05:30,617.0,624.0,616.55,616.8,12
2026-09-28T13:55:00+05:30,615.15,619.9,614.25,618.35,19
2026-09-28T13:56:00+05:30,612.0,614.95,590.0,599.65,36
2026-09-28T13:57:00+05:30,604.85,616.75,599.25,616.75,17
2026-09-28T13:58:00+05:30,618.0,618.0,609.0,609.0,6
2026-09-28T13:59:00+05:30,600.0,605.0,600.0,605.0,5
2026-09-28T14:00:00+05:30,600.0,609.85,599.0,609.85,34
2026-09-28T14:01:00+05:30,605.9,621.0,605.15,614.1,51
2026-09-28T14:02:00+05:30,617.05,623.2,615.0,618.3,90
2026-09-28T14:03:00+05:30,618.0,618.0,612.45,616.3,14
2026-09-28T14:04:00+05:30,610.0,616.0,608.65,611.7,20
2026-09-28T14:05:00+05:30,611.4,617.7,610.0,616.45,17
2026-09-28T14:06:00+05:30,612.15,632.4,612.15,628.85,55
2026-09-28T14:07:00+05:30,631.3,631.3,619.55,630.0,19
2026-09-28T14:08:00+05:30,620.0,629.0,620.0,622.0,37
2026-09-28T14:09:00+05:30,627.0,646.65,627.0,634.5,44
2026-09-28T14:10:00+05:30,634.5,634.5,617.75,617.75,42
2026-09-28T14:11:00+05:30,620.9,628.0,620.9,623.85,14
2026-09-28T14:12:00+05:30,623.0,623.0,608.4,621.0,32
2026-09-28T14:13:00+05:30,621.05,638.95,620.9,632.0,25
2026-09-28T14:14:00+05:30,635.0,635.0,623.6,628.0,14
2026-09-28T14:15:00+05:30,625.9,665.0,619.15,655.55,342
2026-09-28T14:16:00+05:30,659.8,663.65,649.0,649.05,32
2026-09-28T14:17:00+05:30,659.0,687.7,655.3,685.3,147
2026-09-28T14:18:00+05:30,674.2,723.4,673.65,710.0,254
2026-09-28T14:19:00+05:30,701.4,716.8,695.0,708.0,132
2026-09-28T14:20:00+05:30,708.0,708.2,678.75,683.0,63
2026-09-28T14:21:00+05:30,687.55,687.55,671.0,674.35,31
2026-09-28T14:22:00+05:30,680.0,687.9,680.0,683.5,9
2026-09-28T14:23:00+05:30,682.0,693.7,675.0,675.0,30
2026-09-28T14:24:00+05:30,680.0,683.7,670.0,677.6,103
2026-09-28T14:25:00+05:30,679.15,679.15,667.0,669.8,18
2026-09-28T14:26:00+05:30,664.95,672.0,658.65,658.65,25
2026-09-28T14:27:00+05:30,668.25,672.85,657.2,657.2,23
2026-09-28T14:28:00+05:30,656.3,678.7,656.3,678.7,43
2026-09-28T14:29:00+05:30,679.5,679.5,667.1,673.0,31
2026-09-28T14:30:00+05:30,681.35,681.35,646.85,647.25,48
2026-09-28T14:31:00+05:30,649.9,674.3,649.9,674.0,89
2026-09-28T14:32:00+05:30,667.65,687.3,667.65,682.05,49
2026-09-28T14:33:00+05:30,684.4,685.75,680.05,680.9,14
2026-09-28T14:34:00+05:30,685.75,695.35,682.55,684.95,27
2026-09-28T14:35:00+05:30,686.0,688.8,677.1,684.3,45
2026-09-28T14:36:00+05:30,685.95,685.95,664.7,679.75,53
2026-09-28T14:37:00+05:30,680.0,695.0,677.05,680.45,25
2026-09-28T14:38:00+05:30,696.85,744.0,696.85,725.7,178
2026-09-28T14:39:00+05:30,733.45,733.5,720.45,722.0,24
2026-09-28T14:40:00+05:30,722.6,723.6,712.95,720.7,23
2026-09-28T14:41:00+05:30,716.0,721.05,701.0,715.95,217
2026-09-28T14:42:00+05:30,722.6,734.95,719.6,733.15,35
2026-09-28T14:43:00+05:30,730.3,730.4,725.0,725.15,15
2026-09-28T14:44:00+05:30,718.7,728.65,714.5,728.65,29
2026-09-28T14:45:00+05:30,717.35,725.7,707.1,725.7,39
2026-09-28T14:46:00+05:30,710.9,715.1,683.2,689.8,41
2026-09-28T14:47:00+05:30,694.35,701.85,688.9,697.8,39
2026-09-28T14:48:00+05:30,697.6,700.25,686.6,686.6,29
2026-09-28T14:49:00+05:30,685.25,685.25,662.6,680.0,46
2026-09-28T14:50:00+05:30,684.95,685.05,664.55,672.6,80
2026-09-28T14:51:00+05:30,675.2,690.0,673.1,689.7,42
2026-09-28T14:52:00+05:30,691.45,692.15,686.1,686.65,13
2026-09-28T14:53:00+05:30,675.8,681.75,672.4,681.75,18
2026-09-28T14:54:00+05:30,674.85,678.4,674.85,678.1,6
2026-09-28T14:55:00+05:30,677.2,693.6,676.7,687.35,19
2026-09-28T14:56:00+05:30,691.7,691.75,680.7,686.0,18
2026-09-28T14:57:00+05:30,685.2,686.75,680.0,684.35,10
2026-09-28T14:58:00+05:30,699.95,707.9,699.95,707.9,9
2026-09-28T14:59:00+05:30,705.45,705.45,687.7,692.85,15
2026-09-28T15:00:00+05:30,696.35,702.1,685.7,697.95,17
2026-09-28T15:01:00+05:30,697.6,697.6,680.35,683.9,19
2026-09-28T15:02:00+05:30,685.1,707.35,685.1,688.05,28
2026-09-28T15:03:00+05:30,692.65,692.7,664.35,666.85,164
2026-09-28T15:04:00+05:30,667.35,684.9,660.15,681.55,152
2026-09-28T15:05:00+05:30,682.2,690.0,681.4,687.2,13
2026-09-28T15:06:00+05:30,688.9,689.0,679.8,682.15,18
2026-09-28T15:07:00+05:30,674.65,674.65,674.5,674.5,2
2026-09-28T15:08:00+05:30,680.0,685.85,680.0,681.15,103
2026-09-28T15:09:00+05:30,675.0,675.0,675.0,675.0,10
2026-09-28T15:10:00+05:30,677.65,678.65,671.95,678.65,30
2026-09-28T15:11:00+05:30,691.5,692.5,685.4,685.8,6
2026-09-28T15:12:00+05:30,684.75,692.95,678.15,689.45,25
2026-09-28T15:13:00+05:30,695.0,697.7,688.6,690.15,26
2026-09-28T15:14:00+05:30,688.6,695.0,688.5,691.15,20
2026-09-28T15:15:00+05:30,687.85,689.5,680.9,682.8,43
2026-09-28T15:16:00+05:30,680.6,708.65,677.75,706.55,150
2026-09-28T15:17:00+05:30,701.05,701.05,686.1,698.35,8
2026-09-28T15:18:00+05:30,696.5,703.0,692.05,692.05,23
2026-09-28T15:19:00+05:30,691.9,705.55,691.9,705.55,3
2026-09-28T15:20:00+05:30,697.05,716.8,673.85,704.8,438
2026-09-28T15:21:00+05:30,706.6,713.45,690.15,693.9,116
2026-09-28T15:22:00+05:30,693.65,700.25,691.45,700.25,23
2026-09-28T15:23:00+05:30,702.45,705.6,690.2,696.9,62
2026-09-28T15:24:00+05:30,690.1,691.85,680.55,687.1,52
2026-09-28T15:25:00+05:30,680.0,688.4,680.0,688.4,5
2026-09-28T15:26:00+05:30,682.85,686.5,682.1,686.3,12
2026-09-28T15:27:00+05:30,691.0,693.4,687.5,689.85,37
2026-09-28T15:28:00+05:30,687.0,688.8,684.3,685.85,27
2026-09-28T15:29:00+05:30,685.3,708.95,685.3,688.3,198
2026-09-28T15:30:00+05:30,683.1,693.0,680.15,686.8,111
