timestamp,open,high,low,close,volume
2026-09-21T09:15:00+05:30,32.85,32.9,24.7,29.4,853
2026-09-21T09:16:00+05:30,29.1,31.55,26.95,27.05,687
2026-09-21T09:17:00+05:30,26.75,26.95,24.3,25.2,485
2026-09-21T09:18:00+05:30,25.05,25.95,23.75,24.6,688
2026-09-21T09:19:00+05:30,24.75,25.6,24.6,25.35,183
2026-09-21T09:20:00+05:30,25.35,25.7,24.5,25.15,373
2026-09-21T09:21:00+05:30,25.0,25.9,25.0,25.75,357
2026-09-21T09:22:00+05:30,25.8,25.85,24.55,24.55,488
2026-09-21T09:23:00+05:30,24.8,24.8,23.3,23.3,340
2026-09-21T09:24:00+05:30,23.45,24.15,23.05,23.4,347
2026-09-21T09:25:00+05:30,23.4,24.0,23.1,23.45,343
2026-09-21T09:26:00+05:30,23.35,23.65,23.35,23.5,243
2026-09-21T09:27:00+05:30,23.5,24.0,23.35,23.85,178
2026-09-21T09:28:00+05:30,23.9,23.95,23.4,23.65,158
2026-09-21T09:29:00+05:30,23.6,23.75,23.0,23.25,229
2026-09-21T09:30:00+05:30,23.3,23.4,22.85,23.0,46
2026-09-21T09:31:00+05:30,23.1,23.15,22.9,22.9,46
2026-09-21T09:32:00+05:30,23.0,23.1,22.6,22.8,104
2026-09-21T09:33:00+05:30,22.65,22.95,22.5,22.55,150
2026-09-21T09:34:00+05:30,22.55,23.0,22.5,22.5,39
2026-09-21T09:35:00+05:30,22.55,22.55,21.7,21.85,146
2026-09-21T09:36:00+05:30,21.8,22.7,21.55,22.45,205
2026-09-21T09:37:00+05:30,22.5,23.0,22.25,22.9,232
2026-09-21T09:38:00+05:30,23.0,23.25,22.55,22.9,320
2026-09-21T09:39:00+05:30,22.95,23.0,22.2,22.9,74
2026-09-21T09:40:00+05:30,22.85,22.9,22.4,22.65,66
2026-09-21T09:41:00+05:30,22.55,22.55,21.95,22.05,96
2026-09-21T09:42:00+05:30,22.05,22.15,21.45,21.95,414
2026-09-21T09:43:00+05:30,21.85,22.05,21.4,22.0,610
2026-09-21T09:44:00+05:30,22.0,22.1,21.5,21.85,554
2026-09-21T09:45:00+05:30,21.9,21.9,21.65,21.65,146
2026-09-21T09:46:00+05:30,21.7,21.95,21.45,21.5,85
2026-09-21T09:47:00+05:30,21.55,22.25,21.5,22.25,207
2026-09-21T09:48:00+05:30,22.15,22.25,21.75,21.75,294
2026-09-21T09:49:00+05:30,21.75,21.9,21.55,21.75,43
2026-09-21T09:50:00+05:30,21.6,21.75,21.5,21.55,47
2026-09-21T09:51:00+05:30,21.55,21.75,21.35,21.4,101
2026-09-21T09:52:00+05:30,21.4,21.75,21.4,21.75,129
2026-09-21T09:53:00+05:30,21.7,22.3,21.7,22.15,59
2026-09-21T09:54:00+05:30,22.4,22.5,22.2,22.4,93
2026-09-21T09:55:00+05:30,22.5,23.0,22.4,23.0,103
2026-09-21T09:56:00+05:30,22.9,23.05,22.7,22.9,169
2026-09-21T09:57:00+05:30,22.85,22.9,22.55,22.75,101
2026-09-21T09:58:00+05:30,22.7,23.15,22.7,23.15,14
2026-09-21T09:59:00+05:30,23.15,23.45,23.0,23.0,198
2026-09-21T10:00:00+05:30,22.9,23.45,22.9,23.35,33
2026-09-21T10:01:00+05:30,23.35,23.65,23.3,23.65,77
2026-09-21T10:02:00+05:30,23.6,23.9,23.3,23.7,211
2026-09-21T10:03:00+05:30,23.8,24.0,23.7,23.9,56
2026-09-21T10:04:00+05:30,23.9,24.2,23.9,24.0,82
2026-09-21T10:05:00+05:30,24.05,24.5,23.8,24.35,56
2026-09-21T10:06:00+05:30,24.4,24.85,24.3,24.6,187
2026-09-21T10:07:00+05:30,24.2,24.25,23.95,24.2,160
2026-09-21T10:08:00+05:30,24.05,24.2,23.95,24.0,95
2026-09-21T10:09:00+05:30,23.55,23.6,23.5,23.6,98
2026-09-21T10:10:00+05:30,23.6,23.6,22.85,22.85,121
2026-09-21T10:11:00+05:30,22.85,23.25,22.75,23.2,49
2026-09-21T10:12:00+05:30,23.05,23.4,22.9,23.2,71
2026-09-21T10:13:00+05:30,23.35,23.75,23.35,23.6,89
2026-09-21T10:14:00+05:30,23.6,24.1,23.6,24.0,240
2026-09-21T10:15:00+05:30,24.05,24.25,23.9,24.0,27
2026-09-21T10:16:00+05:30,24.0,24.15,23.3,23.3,465
2026-09-21T10:17:00+05:30,23.3,23.9,23.2,23.8,138
2026-09-21T10:18:00+05:30,23.7,23.75,23.2,23.45,19
2026-09-21T10:19:00+05:30,23.5,24.0,23.4,23.65,88
2026-09-21T10:20:00+05:30,23.7,23.7,23.25,23.65,15
2026-09-21T10:21:00+05:30,23.7,24.05,23.0,23.15,51
2026-09-21T10:22:00+05:30,23.2,23.75,23.2,23.3,14
2026-09-21T10:23:00+05:30,23.35,23.4,23.05,23.1,46
2026-09-21T10:24:00+05:30,23.05,23.65,23.0,23.65,35
2026-09-21T10:25:00+05:30,23.65,23.75,23.45,23.45,32
2026-09-21T10:26:00+05:30,23.45,23.7,23.2,23.5,78
2026-09-21T10:27:00+05:30,23.5,24.05,23.5,23.75,12
2026-09-21T10:28:00+05:30,23.75,23.85,23.6,23.7,19
2026-09-21T10:29:00+05:30,23.8,23.9,23.5,23.7,18
2026-09-21T10:30:00+05:30,23.65,23.7,23.3,23.55,14
2026-09-21T10:31:00+05:30,23.55,23.85,23.5,23.55,64
2026-09-21T10:32:00+05:30,23.5,23.8,23.45,23.7,100
2026-09-21T10:33:00+05:30,23.6,24.0,23.6,23.9,328
2026-09-21T10:34:00+05:30,23.85,24.15,23.8,24.0,115
2026-09-21T10:35:00+05:30,23.95,24.1,23.7,23.7,223
2026-09-21T10:36:00+05:30,23.5,23.7,23.45,23.55,74
2026-09-21T10:37:00+05:30,23.4,23.65,23.35,23.6,61
2026-09-21T10:38:00+05:30,23.65,23.75,23.35,23.45,69
2026-09-21T10:39:00+05:30,23.5,23.75,23.5,23.7,28
2026-09-21T10:40:00+05:30,23.75,23.75,23.55,23.65,48
2026-09-21T10:41:00+05:30,23.6,23.85,22.9,23.2,467
2026-09-21T10:42:00+05:30,23.3,23.4,22.85,23.25,142
2026-09-21T10:43:00+05:30,23.1,23.1,22.9,22.9,24
2026-09-21T10:44:00+05:30,22.75,22.8,22.4,22.55,81
2026-09-21T10:45:00+05:30,22.6,22.6,22.0,22.0,37
2026-09-21T10:46:00+05:30,22.0,22.2,21.55,21.7,50
2026-09-21T10:47:00+05:30,21.65,21.95,21.35,21.9,166
2026-09-21T10:48:00+05:30,21.9,21.9,21.7,21.7,25
2026-09-21T10:49:00+05:30,21.55,21.8,21.45,21.55,18
2026-09-21T10:50:00+05:30,21.6,21.65,21.5,21.65,9
2026-09-21T10:51:00+05:30,21.55,21.65,21.5,21.5,114
2026-09-21T10:52:00+05:30,21.4,21.75,21.4,21.5,84
2026-09-21T10:53:00+05:30,21.6,21.6,21.35,21.5,46
2026-09-21T10:54:00+05:30,21.5,21.6,21.5,21.6,10
2026-09-21T10:55:00+05:30,21.45,21.6,21.35,21.6,157
2026-09-21T10:56:00+05:30,21.45,21.7,21.35,21.5,149
2026-09-21T10:57:00+05:30,21.55,21.55,21.25,21.45,183
2026-09-21T10:58:00+05:30,21.5,21.55,21.4,21.5,37
2026-09-21T10:59:00+05:30,21.45,21.55,21.15,21.15,77
2026-09-21T11:00:00+05:30,21.1,21.3,21.1,21.25,226
2026-09-21T11:01:00+05:30,21.25,21.3,21.1,21.1,56
2026-09-21T11:02:00+05:30,21.15,21.15,20.8,20.9,598
2026-09-21T11:03:00+05:30,20.9,20.9,20.35,20.55,146
2026-09-21T11:04:00+05:30,20.45,20.75,20.45,20.65,85
2026-09-21T11:05:00+05:30,20.7,20.7,20.5,20.6,99
2026-09-21T11:06:00+05:30,20.6,20.7,20.1,20.35,474
2026-09-21T11:07:00+05:30,20.35,20.5,20.05,20.05,154
2026-09-21T11:08:00+05:30,20.0,20.5,19.95,20.4,348
2026-09-21T11:09:00+05:30,20.45,20.55,20.15,20.35,134
2026-09-21T11:10:00+05:30,20.35,20.75,20.3,20.6,304
2026-09-21T11:11:00+05:30,20.55,20.65,20.25,20.3,49
2026-09-21T11:12:00+05:30,20.45,20.75,20.25,20.7,267
2026-09-21T11:13:00+05:30,20.65,20.75,20.4,20.7,44
2026-09-21T11:14:00+05:30,20.6,20.7,20.45,20.55,65
2026-09-21T11:15:00+05:30,20.55,20.8,20.55,20.7,39
2026-09-21T11:16:00+05:30,20.6,20.8,20.45,20.6,889
2026-09-21T11:17:00+05:30,20.65,20.85,20.5,20.7,319
2026-09-21T11:18:00+05:30,20.65,21.05,20.6,21.05,79
2026-09-21T11:19:00+05:30,20.9,21.1,20.9,20.9,39
2026-09-21T11:20:00+05:30,20.9,21.6,20.75,21.5,157
2026-09-21T11:21:00+05:30,21.5,21.65,21.3,21.35,117
2026-09-21T11:22:00+05:30,21.35,21.35,21.1,21.2,45
2026-09-21T11:23:00+05:30,21.15,21.15,20.8,20.9,189
2026-09-21T11:24:00+05:30,20.75,21.0,20.6,20.75,263
2026-09-21T11:25:00+05:30,20.75,20.95,20.7,20.8,66
2026-09-21T11:26:00+05:30,20.65,20.7,20.3,20.6,207
2026-09-21T11:27:00+05:30,20.6,20.65,20.1,20.3,55
2026-09-21T11:28:00+05:30,20.4,20.4,20.0,20.0,481
2026-09-21T11:29:00+05:30,19.95,20.1,19.95,20.1,21
2026-09-21T11:30:00+05:30,20.15,20.2,19.8,20.0,189
2026-09-21T11:31:00+05:30,20.0,20.45,20.0,20.45,216
2026-09-21T11:32:00+05:30,20.4,20.45,20.15,20.3,50
2026-09-21T11:33:00+05:30,20.35,20.45,20.05,20.15,68
2026-09-21T11:34:00+05:30,20.2,20.45,20.2,20.45,43
2026-09-21T11:35:00+05:30,20.55,20.9,20.5,20.85,24
2026-09-21T11:36:00+05:30,20.75,20.85,20.65,20.7,13
2026-09-21T11:37:00+05:30,20.6,20.9,20.55,20.9,10
2026-09-21T11:38:00+05:30,20.95,21.0,20.8,20.8,5
2026-09-21T11:39:00+05:30,20.95,20.95,20.85,20.85,3
2026-09-21T11:40:00+05:30,20.8,21.0,20.8,20.95,6
2026-09-21T11:41:00+05:30,20.85,20.85,20.65,20.8,34
2026-09-21T11:42:00+05:30,20.6,20.95,20.6,20.95,21
2026-09-21T11:43:00+05:30,20.8,20.9,20.8,20.9,2
2026-09-21T11:44:00+05:30,21.0,21.2,20.7,20.7,88
2026-09-21T11:45:00+05:30,20.9,21.15,20.65,21.0,126
2026-09-21T11:46:00+05:30,20.9,21.25,20.65,21.2,150
2026-09-21T11:47:00+05:30,21.05,21.35,20.8,21.2,256
2026-09-21T11:48:00+05:30,21.05,21.15,20.9,21.05,107
2026-09-21T11:49:00+05:30,21.15,21.3,21.0,21.0,355
2026-09-21T11:50:00+05:30,21.0,21.15,20.85,21.0,33
2026-09-21T11:51:00+05:30,21.0,21.0,20.9,21.0,160
2026-09-21T11:52:00+05:30,20.95,20.95,20.75,20.8,43
2026-09-21T11:53:00+05:30,20.8,21.0,20.65,20.9,164
2026-09-21T11:54:00+05:30,20.75,20.75,20.4,20.5,29
2026-09-21T11:55:00+05:30,20.55,20.75,20.45,20.55,49
2026-09-21T11:56:00+05:30,20.65,20.7,20.1,20.4,70
2026-09-21T11:57:00+05:30,20.2,20.2,19.8,19.9,79
2026-09-21T11:58:00+05:30,19.9,20.0,19.75,20.0,79
2026-09-21T11:59:00+05:30,19.9,20.3,19.3,20.0,275
2026-09-21T12:00:00+05:30,20.0,20.0,19.65,19.8,73
2026-09-21T12:01:00+05:30,19.95,20.0,19.8,19.9,29
2026-09-21T12:02:00+05:30,19.95,20.3,19.95,20.3,23
2026-09-21T12:03:00+05:30,20.2,20.35,20.15,20.25,14
2026-09-21T12:04:00+05:30,20.4,20.4,20.2,20.25,12
2026-09-21T12:05:00+05:30,20.25,20.45,20.25,20.45,16
2026-09-21T12:06:00+05:30,20.25,20.4,20.15,20.35,270
2026-09-21T12:07:00+05:30,20.25,20.45,20.2,20.45,148
2026-09-21T12:08:00+05:30,20.45,20.9,20.4,20.9,83
2026-09-21T12:09:00+05:30,21.0,21.1,20.8,21.0,186
2026-09-21T12:10:00+05:30,20.9,21.2,20.9,21.15,88
2026-09-21T12:11:00+05:30,21.15,21.15,20.75,21.05,84
2026-09-21T12:12:00+05:30,20.95,21.0,20.7,21.0,103
2026-09-21T12:13:00+05:30,21.0,21.0,20.9,20.9,10
2026-09-21T12:14:00+05:30,20.9,20.9,20.55,20.75,523
2026-09-21T12:15:00+05:30,20.6,20.8,20.55,20.65,28
2026-09-21T12:16:00+05:30,20.55,20.65,20.4,20.65,26
2026-09-21T12:17:00+05:30,20.65,20.7,20.65,20.7,4
2026-09-21T12:18:00+05:30,20.75,20.85,20.65,20.85,17
2026-09-21T12:19:00+05:30,21.0,21.15,20.95,21.1,43
2026-09-21T12:20:00+05:30,21.15,21.3,21.15,21.3,19
2026-09-21T12:21:00+05:30,21.2,21.2,20.9,21.0,55
2026-09-21T12:22:00+05:30,21.05,21.15,21.0,21.1,37
2026-09-21T12:23:00+05:30,21.05,21.55,21.0,21.5,100
2026-09-21T12:24:00+05:30,21.35,21.5,21.0,21.0,92
2026-09-21T12:25:00+05:30,21.0,21.15,20.75,20.75,112
2026-09-21T12:26:00+05:30,20.75,20.75,20.25,20.4,140
2026-09-21T12:27:00+05:30,20.35,20.45,20.1,20.15,17
2026-09-21T12:28:00+05:30,20.15,20.35,20.1,20.2,38
2026-09-21T12:29:00+05:30,20.25,20.3,20.0,20.05,41
2026-09-21T12:30:00+05:30,20.1,20.15,19.6,19.65,70
2026-09-21T12:31:00+05:30,19.6,20.0,19.6,19.8,77
2026-09-21T12:32:00+05:30,19.85,20.0,19.85,20.0,2
2026-09-21T12:33:00+05:30,20.0,20.1,20.0,20.05,16
2026-09-21T12:34:00+05:30,20.05,20.05,19.7,19.7,15
2026-09-21T12:35:00+05:30,19.7,19.85,19.7,19.85,6
2026-09-21T12:36:00+05:30,19.8,19.9,19.75,19.9,7
2026-09-21T12:37:00+05:30,19.85,19.9,19.75,19.8,10
2026-09-21T12:38:00+05:30,19.9,19.95,19.7,19.85,34
2026-09-21T12:39:00+05:30,19.85,19.9,19.7,19.8,69
2026-09-21T12:40:00+05:30,19.85,19.95,19.65,19.75,48
2026-09-21T12:41:00+05:30,19.95,20.0,19.9,19.9,22
2026-09-21T12:42:00+05:30,19.8,19.95,19.6,19.75,65
2026-09-21T12:43:00+05:30,19.75,19.85,19.75,19.85,16
2026-09-21T12:44:00+05:30,19.85,19.85,19.3,19.4,84
2026-09-21T12:45:00+05:30,19.55,19.6,19.45,19.5,37
2026-09-21T12:46:00+05:30,19.55,19.7,19.5,19.6,32
2026-09-21T12:47:00+05:30,19.7,19.9,19.7,19.9,46
2026-09-21T12:48:00+05:30,19.8,20.15,19.75,19.9,77
2026-09-21T12:49:00+05:30,19.95,20.05,19.95,20.05,10
2026-09-21T12:50:00+05:30,20.1,20.25,20.05,20.25,35
2026-09-21T12:51:00+05:30,20.25,20.25,20.2,20.2,3
2026-09-21T12:52:00+05:30,20.15,20.15,20.1,20.1,3
2026-09-21T12:53:00+05:30,20.35,20.35,19.95,20.2,24
2026-09-21T12:54:00+05:30,20.05,20.15,19.95,20.1,20
2026-09-21T12:55:00+05:30,20.0,20.25,20.0,20.25,34
2026-09-21T12:57:00+05:30,20.1,20.15,19.75,19.8,217
2026-09-21T12:58:00+05:30,19.85,19.85,19.7,19.8,48
2026-09-21T12:59:00+05:30,19.8,20.1,19.8,20.1,7
2026-09-21T13:00:00+05:30,20.1,20.25,19.95,20.0,24
2026-09-21T13:01:00+05:30,20.1,20.3,20.1,20.1,11
2026-09-21T13:02:00+05:30,20.05,20.25,19.85,20.25,44
2026-09-21T13:03:00+05:30,20.4,20.4,20.35,20.35,8
2026-09-21T13:04:00+05:30,20.35,20.5,20.25,20.45,66
2026-09-21T13:05:00+05:30,20.35,20.35,20.25,20.25,4
2026-09-21T13:06:00+05:30,20.25,20.4,20.25,20.4,27
2026-09-21T13:07:00+05:30,20.15,20.25,20.15,20.2,25
2026-09-21T13:08:00+05:30,20.1,20.1,20.0,20.0,2
2026-09-21T13:09:00+05:30,20.1,20.2,19.95,20.15,14
2026-09-21T13:10:00+05:30,20.25,20.3,20.05,20.1,36
2026-09-21T13:11:00+05:30,20.3,20.3,20.3,20.3,2
2026-09-21T13:12:00+05:30,20.2,20.45,20.15,20.3,34
2026-09-21T13:13:00+05:30,20.35,20.35,20.25,20.25,10
2026-09-21T13:14:00+05:30,20.2,20.2,19.95,20.05,32
2026-09-21T13:15:00+05:30,20.0,20.0,19.35,19.6,166
2026-09-21T13:16:00+05:30,19.5,19.9,19.45,19.7,51
2026-09-21T13:17:00+05:30,19.8,20.0,19.45,19.45,148
2026-09-21T13:18:00+05:30,19.6,19.65,18.9,18.9,37
2026-09-21T13:19:00+05:30,18.95,19.2,18.7,19.0,182
2026-09-21T13:20:00+05:30,19.0,19.35,18.75,19.35,119
2026-09-21T13:21:00+05:30,19.4,19.65,19.35,19.5,117
2026-09-21T13:22:00+05:30,19.5,19.9,19.25,19.7,245
2026-09-21T13:23:00+05:30,19.65,19.8,19.55,19.8,39
2026-09-21T13:24:00+05:30,19.8,19.9,19.65,19.65,125
2026-09-21T13:25:00+05:30,19.65,19.8,19.65,19.8,31
2026-09-21T13:26:00+05:30,19.65,19.85,19.45,19.65,61
2026-09-21T13:27:00+05:30,19.6,19.85,19.25,19.7,244
2026-09-21T13:28:00+05:30,19.8,20.0,19.8,20.0,25
2026-09-21T13:29:00+05:30,19.85,19.9,19.6,19.6,34
2026-09-21T13:30:00+05:30,19.6,19.65,19.5,19.5,98
2026-09-21T13:31:00+05:30,19.55,19.6,19.3,19.4,112
2026-09-21T13:32:00+05:30,19.25,19.25,19.15,19.15,43
2026-09-21T13:33:00+05:30,19.05,19.1,18.85,18.95,174
2026-09-21T13:34:00+05:30,18.9,19.15,18.5,18.6,246
2026-09-21T13:35:00+05:30,18.6,18.6,18.35,18.5,84
2026-09-21T13:36:00+05:30,18.45,18.55,18.2,18.4,180
2026-09-21T13:37:00+05:30,18.4,18.55,18.2,18.55,79
2026-09-21T13:38:00+05:30,18.5,18.55,18.35,18.55,36
2026-09-21T13:39:00+05:30,18.55,18.55,18.2,18.25,69
2026-09-21T13:40:00+05:30,18.25,18.4,18.2,18.3,78
2026-09-21T13:41:00+05:30,18.25,18.35,18.1,18.2,31
2026-09-21T13:42:00+05:30,18.05,18.3,17.95,18.25,125
2026-09-21T13:43:00+05:30,18.3,18.6,18.3,18.6,33
2026-09-21T13:44:00+05:30,18.7,18.7,18.55,18.7,27
2026-09-21T13:45:00+05:30,18.7,18.85,18.7,18.85,27
2026-09-21T13:46:00+05:30,18.8,19.05,18.8,19.05,41
2026-09-21T13:47:00+05:30,19.0,19.1,18.7,18.95,44
2026-09-21T13:48:00+05:30,18.8,19.05,18.65,18.95,64
2026-09-21T13:49:00+05:30,18.9,18.9,18.9,18.9,1
2026-09-21T13:50:00+05:30,18.8,18.9,18.65,18.7,4
2026-09-21T13:51:00+05:30,18.75,18.9,18.5,18.75,130
2026-09-21T13:52:00+05:30,18.75,18.8,18.65,18.75,52
2026-09-21T13:53:00+05:30,18.65,19.05,18.6,19.0,167
2026-09-21T13:54:00+05:30,19.05,19.3,18.8,18.8,107
2026-09-21T13:55:00+05:30,18.65,19.05,18.65,18.9,139
2026-09-21T13:56:00+05:30,18.95,19.0,18.4,18.5,115
2026-09-21T13:57:00+05:30,18.5,18.55,18.2,18.3,68
2026-09-21T13:58:00+05:30,18.3,18.45,18.05,18.3,124
2026-09-21T13:59:00+05:30,18.25,18.35,17.9,17.95,135
2026-09-21T14:00:00+05:30,18.15,18.15,17.7,17.75,294
2026-09-21T14:01:00+05:30,17.65,17.9,17.65,17.8,116
2026-09-21T14:02:00+05:30,17.8,17.95,17.8,17.95,34
2026-09-21T14:03:00+05:30,17.95,18.0,17.5,17.75,189
2026-09-21T14:04:00+05:30,17.85,18.0,17.75,17.95,89
2026-09-21T14:05:00+05:30,17.9,18.0,17.8,17.95,45
2026-09-21T14:06:00+05:30,17.9,17.9,17.45,17.5,77
2026-09-21T14:07:00+05:30,17.45,17.7,17.35,17.7,45
2026-09-21T14:08:00+05:30,17.75,18.0,17.75,18.0,13
2026-09-21T14:09:00+05:30,17.95,18.0,17.75,17.95,63
2026-09-21T14:10:00+05:30,18.0,18.25,17.85,18.25,108
2026-09-21T14:11:00+05:30,18.3,18.3,17.95,17.95,43
2026-09-21T14:12:00+05:30,17.85,18.0,17.8,18.0,24
2026-09-21T14:13:00+05:30,18.0,18.15,18.0,18.15,82
2026-09-21T14:14:00+05:30,18.05,18.15,18.0,18.1,10
2026-09-21T14:15:00+05:30,18.1,18.2,18.05,18.2,32
2026-09-21T14:16:00+05:30,18.2,18.2,18.1,18.15,50
2026-09-21T14:17:00+05:30,18.15,18.2,18.0,18.2,9
2026-09-21T14:18:00+05:30,18.2,18.2,17.85,17.85,20
2026-09-21T14:19:00+05:30,17.9,18.0,17.85,18.0,25
2026-09-21T14:20:00+05:30,18.0,18.0,17.95,17.95,38
2026-09-21T14:21:00+05:30,17.9,18.05,17.85,18.05,46
2026-09-21T14:22:00+05:30,18.0,18.0,17.75,17.75,42
2026-09-21T14:23:00+05:30,17.65,18.0,17.65,17.9,18
2026-09-21T14:24:00+05:30,17.8,17.8,17.65,17.7,42
2026-09-21T14:25:00+05:30,17.7,17.85,17.7,17.75,79
2026-09-21T14:26:00+05:30,17.8,17.9,17.75,17.75,79
2026-09-21T14:27:00+05:30,17.7,17.85,17.65,17.8,96
2026-09-21T14:28:00+05:30,17.8,17.85,17.7,17.75,61
2026-09-21T14:29:00+05:30,17.75,17.9,17.7,17.75,76
2026-09-21T14:30:00+05:30,17.7,17.9,17.7,17.8,175
2026-09-21T14:31:00+05:30,17.8,17.85,17.6,17.85,17
2026-09-21T14:32:00+05:30,17.75,17.8,17.65,17.65,62
2026-09-21T14:33:00+05:30,17.65,17.7,17.55,17.65,60
2026-09-21T14:34:00+05:30,17.7,17.9,17.6,17.75,66
2026-09-21T14:35:00+05:30,17.65,17.95,17.65,17.65,22
2026-09-21T14:36:00+05:30,17.7,17.8,17.5,17.5,20
2026-09-21T14:37:00+05:30,17.5,17.6,17.45,17.45,44
2026-09-21T14:38:00+05:30,17.45,17.5,17.35,17.35,26
2026-09-21T14:39:00+05:30,17.35,17.55,17.35,17.4,50
2026-09-21T14:40:00+05:30,17.4,17.45,17.2,17.25,43
2026-09-21T14:41:00+05:30,17.3,17.3,17.2,17.2,2
2026-09-21T14:42:00+05:30,17.3,17.35,17.1,17.1,134
2026-09-21T14:43:00+05:30,17.2,17.2,16.95,17.2,318
2026-09-21T14:44:00+05:30,17.2,17.3,17.1,17.1,323
2026-09-21T14:45:00+05:30,17.2,17.3,17.0,17.0,45
2026-09-21T14:46:00+05:30,17.2,17.5,17.1,17.15,148
2026-09-21T14:47:00+05:30,17.3,17.3,17.05,17.05,48
2026-09-21T14:48:00+05:30,16.95,17.05,16.85,17.05,23
2026-09-21T14:49:00+05:30,17.2,17.3,17.1,17.1,43
2026-09-21T14:50:00+05:30,17.2,17.45,17.2,17.45,3
2026-09-21T14:51:00+05:30,17.3,17.75,17.3,17.55,77
2026-09-21T14:52:00+05:30,17.5,17.6,17.45,17.45,55
2026-09-21T14:53:00+05:30,17.5,17.8,17.5,17.8,91
2026-09-21T14:54:00+05:30,17.75,17.8,17.6,17.65,51
2026-09-21T14:55:00+05:30,17.65,17.65,17.35,17.4,71
2026-09-21T14:56:00+05:30,17.55,17.65,17.5,17.65,98
2026-09-21T14:57:00+05:30,17.4,17.4,17.1,17.25,50
2026-09-21T14:58:00+05:30,17.35,17.4,16.95,16.95,46
2026-09-21T14:59:00+05:30,17.1,17.15,17.0,17.0,100
2026-09-21T15:00:00+05:30,17.2,17.5,17.2,17.35,72
2026-09-21T15:01:00+05:30,17.35,17.6,17.3,17.45,79
2026-09-21T15:02:00+05:30,17.3,17.85,17.3,17.85,118
2026-09-21T15:03:00+05:30,17.65,18.05,17.65,18.0,136
2026-09-21T15:04:00+05:30,18.0,18.05,17.9,18.05,48
2026-09-21T15:05:00+05:30,18.05,18.05,17.75,17.8,34
2026-09-21T15:06:00+05:30,17.8,18.0,17.7,17.85,82
2026-09-21T15:07:00+05:30,17.9,18.15,17.9,18.05,95
2026-09-21T15:08:00+05:30,18.2,18.25,18.0,18.2,118
2026-09-21T15:09:00+05:30,18.0,18.05,17.8,17.95,96
2026-09-21T15:10:00+05:30,17.95,18.35,17.85,18.3,274
2026-09-21T15:11:00+05:30,18.35,18.55,18.25,18.55,243
2026-09-21T15:12:00+05:30,18.35,18.75,18.35,18.6,93
2026-09-21T15:13:00+05:30,18.75,18.9,18.6,18.85,56
2026-09-21T15:14:00+05:30,18.85,19.0,18.75,19.0,35
2026-09-21T15:15:00+05:30,19.05,19.35,18.45,18.5,1428
2026-09-21T15:16:00+05:30,18.5,18.75,18.45,18.6,429
2026-09-21T15:17:00+05:30,18.55,18.55,18.4,18.45,89
2026-09-21T15:18:00+05:30,18.5,18.65,18.35,18.45,215
2026-09-21T15:19:00+05:30,18.55,18.75,18.35,18.45,139
2026-09-21T15:20:00+05:30,18.55,18.7,18.5,18.5,35
2026-09-21T15:21:00+05:30,18.45,18.6,18.2,18.2,85
2026-09-21T15:22:00+05:30,18.25,18.45,18.1,18.1,74
2026-09-21T15:23:00+05:30,18.1,18.15,17.95,18.1,57
2026-09-21T15:24:00+05:30,17.95,18.0,17.8,17.85,44
2026-09-21T15:25:00+05:30,18.0,18.1,17.85,18.0,162
2026-09-21T15:26:00+05:30,18.2,18.6,18.2,18.6,74
2026-09-21T15:27:00+05:30,18.7,18.75,18.6,18.6,54
2026-09-21T15:28:00+05:30,18.7,18.9,18.7,18.8,29
2026-09-21T15:29:00+05:30,18.75,18.8,18.6,18.7,57
2026-09-21T15:30:00+05:30,18.65,18.65,18.4,18.55,220
2026-09-21T15:31:00+05:30,18.55,18.75,18.45,18.65,94
2026-09-21T15:32:00+05:30,18.6,18.9,18.5,18.75,89
2026-09-21T15:33:00+05:30,18.85,19.05,18.8,19.05,147
2026-09-21T15:34:00+05:30,18.9,19.0,18.9,18.9,151
2026-09-21T15:35:00+05:30,18.75,19.0,18.75,18.9,106
2026-09-21T15:36:00+05:30,18.85,19.4,18.6,19.25,356
2026-09-21T15:37:00+05:30,19.25,19.65,19.05,19.65,66
2026-09-21T15:38:00+05:30,19.45,19.55,19.1,19.1,80
2026-09-21T15:39:00+05:30,19.2,19.9,18.95,19.6,64
2026-09-22T09:15:00+05:30,20.0,20.0,15.35,15.5,545
2026-09-22T09:16:00+05:30,15.7,16.2,15.45,16.15,417
2026-09-22T09:17:00+05:30,16.2,16.35,14.05,14.45,959
2026-09-22T09:18:00+05:30,14.45,14.45,13.15,13.45,606
2026-09-22T09:19:00+05:30,13.5,13.65,13.0,13.1,393
2026-09-22T09:20:00+05:30,13.15,13.65,12.85,13.5,610
2026-09-22T09:21:00+05:30,13.4,13.5,13.2,13.3,269
2026-09-22T09:22:00+05:30,13.3,13.45,13.0,13.35,265
2026-09-22T09:23:00+05:30,13.25,13.25,12.85,12.9,266
2026-09-22T09:24:00+05:30,12.95,13.15,12.9,13.15,151
2026-09-22T09:25:00+05:30,13.2,13.6,13.2,13.35,342
2026-09-22T09:26:00+05:30,13.3,13.3,13.2,13.25,142
2026-09-22T09:27:00+05:30,13.25,13.25,13.05,13.05,44
2026-09-22T09:28:00+05:30,13.1,13.1,12.7,12.8,102
2026-09-22T09:29:00+05:30,12.85,12.9,12.5,12.55,107
2026-09-22T09:30:00+05:30,12.5,12.7,12.15,12.7,287
2026-09-22T09:31:00+05:30,12.65,12.7,12.5,12.65,121
2026-09-22T09:32:00+05:30,12.6,12.95,12.5,12.9,315
2026-09-22T09:33:00+05:30,12.8,12.95,12.65,12.9,384
2026-09-22T09:34:00+05:30,12.95,12.95,12.55,12.6,74
2026-09-22T09:35:00+05:30,12.6,12.65,12.5,12.6,114
2026-09-22T09:36:00+05:30,12.55,12.7,12.35,12.45,182
2026-09-22T09:37:00+05:30,12.45,12.45,12.35,12.4,173
2026-09-22T09:38:00+05:30,12.45,12.45,12.35,12.45,20
2026-09-22T09:39:00+05:30,12.35,12.35,12.1,12.1,109
2026-09-22T09:40:00+05:30,12.25,12.35,12.25,12.25,6
2026-09-22T09:41:00+05:30,12.25,12.3,12.2,12.3,83
2026-09-22T09:42:00+05:30,12.25,12.3,12.05,12.05,70
2026-09-22T09:43:00+05:30,12.0,12.2,12.0,12.05,89
2026-09-22T09:44:00+05:30,12.05,12.05,12.0,12.0,55
2026-09-22T09:45:00+05:30,12.0,12.0,11.8,11.9,236
2026-09-22T09:46:00+05:30,11.9,11.9,11.6,11.7,50
2026-09-22T09:47:00+05:30,11.65,11.65,11.4,11.4,180
2026-09-22T09:48:00+05:30,11.35,11.5,11.1,11.4,577
2026-09-22T09:49:00+05:30,11.4,11.5,11.2,11.3,155
2026-09-22T09:50:00+05:30,11.25,11.35,11.0,11.05,101
2026-09-22T09:51:00+05:30,11.1,11.15,11.05,11.15,45
2026-09-22T09:52:00+05:30,11.2,11.3,11.05,11.15,162
2026-09-22T09:53:00+05:30,11.15,11.2,11.05,11.15,42
2026-09-22T09:54:00+05:30,11.15,11.15,11.0,11.0,139
2026-09-22T09:55:00+05:30,11.0,11.25,11.0,11.25,199
2026-09-22T09:56:00+05:30,11.25,11.3,10.85,10.95,427
2026-09-22T09:57:00+05:30,10.95,11.3,10.9,11.25,151
2026-09-22T09:58:00+05:30,11.25,11.25,11.05,11.05,115
2026-09-22T09:59:00+05:30,11.0,11.1,10.9,10.95,161
2026-09-22T10:00:00+05:30,11.0,11.0,10.75,10.75,90
2026-09-22T10:01:00+05:30,10.7,11.0,10.7,11.0,5
2026-09-22T10:02:00+05:30,11.0,11.15,10.95,11.15,41
2026-09-22T10:03:00+05:30,11.15,11.3,11.15,11.15,44
2026-09-22T10:04:00+05:30,11.05,11.1,11.0,11.0,18
2026-09-22T10:05:00+05:30,11.05,11.2,10.95,11.2,30
2026-09-22T10:06:00+05:30,11.2,11.35,11.15,11.35,39
2026-09-22T10:07:00+05:30,11.4,11.45,11.15,11.15,70
2026-09-22T10:08:00+05:30,11.15,11.3,11.1,11.1,63
2026-09-22T10:09:00+05:30,11.1,11.1,10.85,10.95,61
2026-09-22T10:10:00+05:30,10.9,11.25,10.9,11.15,131
2026-09-22T10:11:00+05:30,11.1,11.1,10.9,10.9,9
2026-09-22T10:12:00+05:30,11.0,11.1,11.0,11.1,18
2026-09-22T10:13:00+05:30,11.15,11.2,11.0,11.1,46
2026-09-22T10:14:00+05:30,11.05,11.05,11.0,11.05,27
2026-09-22T10:15:00+05:30,11.1,11.15,11.0,11.05,28
2026-09-22T10:16:00+05:30,11.05,11.15,11.0,11.1,36
2026-09-22T10:17:00+05:30,11.1,11.15,11.0,11.0,78
2026-09-22T10:18:00+05:30,11.0,11.1,10.9,10.95,50
2026-09-22T10:19:00+05:30,11.0,11.0,10.85,10.9,65
2026-09-22T10:20:00+05:30,10.9,11.15,10.9,11.15,101
2026-09-22T10:21:00+05:30,11.1,11.55,11.05,11.5,126
2026-09-22T10:22:00+05:30,11.5,11.9,11.45,11.7,215
2026-09-22T10:23:00+05:30,11.65,11.8,11.4,11.45,152
2026-09-22T10:24:00+05:30,11.5,11.55,11.5,11.55,75
2026-09-22T10:25:00+05:30,11.55,11.65,11.35,11.65,78
2026-09-22T10:26:00+05:30,11.65,11.65,11.5,11.65,67
2026-09-22T10:27:00+05:30,11.7,11.75,11.45,11.55,41
2026-09-22T10:28:00+05:30,11.55,11.65,11.5,11.55,109
2026-09-22T10:29:00+05:30,11.45,11.45,11.35,11.45,52
2026-09-22T10:30:00+05:30,11.4,11.9,11.35,11.85,570
2026-09-22T10:31:00+05:30,11.85,12.85,11.85,12.25,569
2026-09-22T10:32:00+05:30,12.35,13.0,12.25,13.0,151
2026-09-22T10:33:00+05:30,13.05,14.2,12.95,14.05,262
2026-09-22T10:34:00+05:30,14.05,14.25,13.55,13.75,244
2026-09-22T10:35:00+05:30,13.85,15.4,13.8,15.4,326
2026-09-22T10:36:00+05:30,15.5,15.65,14.7,14.8,414
2026-09-22T10:37:00+05:30,14.8,14.8,13.95,14.05,253
2026-09-22T10:38:00+05:30,14.1,14.2,13.75,14.1,163
2026-09-22T10:39:00+05:30,14.1,14.55,14.1,14.2,401
2026-09-22T10:40:00+05:30,14.2,14.5,14.05,14.35,344
2026-09-22T10:41:00+05:30,14.45,15.9,14.45,15.85,357
2026-09-22T10:42:00+05:30,15.9,17.6,15.9,16.8,433
2026-09-22T10:43:00+05:30,16.75,17.2,16.4,16.55,148
2026-09-22T10:44:00+05:30,16.7,16.85,16.35,16.85,273
2026-09-22T10:45:00+05:30,17.3,17.95,17.15,17.6,276
2026-09-22T10:46:00+05:30,17.35,17.5,17.1,17.1,61
2026-09-22T10:47:00+05:30,16.95,17.0,16.3,16.35,77
2026-09-22T10:48:00+05:30,16.5,16.8,16.35,16.75,39
2026-09-22T10:49:00+05:30,16.75,16.85,16.3,16.85,134
2026-09-22T10:50:00+05:30,16.85,17.55,16.85,17.15,214
2026-09-22T10:51:00+05:30,17.2,17.75,17.05,17.3,209
2026-09-22T10:52:00+05:30,17.3,17.85,17.2,17.55,153
2026-09-22T10:53:00+05:30,17.5,17.65,17.45,17.45,80
2026-09-22T10:54:00+05:30,17.4,17.45,16.9,16.9,157
2026-09-22T10:55:00+05:30,16.85,17.05,16.4,16.4,118
2026-09-22T10:56:00+05:30,16.35,16.7,16.3,16.3,108
2026-09-22T10:57:00+05:30,16.4,16.4,15.8,15.95,124
2026-09-22T10:58:00+05:30,15.9,16.15,15.6,15.65,18
2026-09-22T10:59:00+05:30,15.5,15.65,15.3,15.45,55
2026-09-22T11:00:00+05:30,15.45,16.0,15.45,15.9,179
2026-09-22T11:01:00+05:30,15.85,16.8,15.85,16.4,100
2026-09-22T11:02:00+05:30,16.45,16.85,16.45,16.45,235
2026-09-22T11:03:00+05:30,16.75,16.85,16.6,16.8,55
2026-09-22T11:04:00+05:30,16.6,16.65,16.55,16.6,20
2026-09-22T11:05:00+05:30,16.7,17.35,16.35,17.0,118
2026-09-22T11:06:00+05:30,16.95,17.1,16.5,16.5,59
2026-09-22T11:07:00+05:30,16.5,16.8,16.45,16.5,144
2026-09-22T11:08:00+05:30,16.45,16.6,16.35,16.45,43
2026-09-22T11:09:00+05:30,16.45,16.5,15.95,16.1,15
2026-09-22T11:10:00+05:30,15.8,15.8,15.3,15.45,116
2026-09-22T11:11:00+05:30,15.3,15.65,15.2,15.55,56
2026-09-22T11:12:00+05:30,15.45,15.45,15.3,15.35,19
2026-09-22T11:13:00+05:30,15.15,15.15,14.9,15.05,13
2026-09-22T11:14:00+05:30,15.1,15.1,14.8,14.95,13
2026-09-22T11:15:00+05:30,15.1,15.3,15.1,15.25,26
2026-09-22T11:16:00+05:30,15.3,15.3,15.0,15.0,23
2026-09-22T11:17:00+05:30,14.95,15.15,14.7,15.0,37
2026-09-22T11:18:00+05:30,14.95,15.1,14.8,15.05,28
2026-09-22T11:19:00+05:30,15.05,15.25,15.0,15.0,52
2026-09-22T11:20:00+05:30,15.05,15.2,15.05,15.2,14
2026-09-22T11:21:00+05:30,15.2,15.2,15.2,15.2,1
2026-09-22T11:22:00+05:30,14.8,15.0,14.75,14.8,27
2026-09-22T11:23:00+05:30,14.7,14.9,14.7,14.8,72
2026-09-22T11:24:00+05:30,14.8,14.8,14.55,14.7,6
2026-09-22T11:25:00+05:30,14.75,14.75,14.5,14.5,39
2026-09-22T11:26:00+05:30,14.65,14.65,14.45,14.55,10
2026-09-22T11:27:00+05:30,14.7,14.75,14.6,14.65,10
2026-09-22T11:28:00+05:30,14.55,14.7,14.55,14.55,7
2026-09-22T11:29:00+05:30,14.65,14.7,14.5,14.6,11
2026-09-22T11:30:00+05:30,14.8,15.2,14.8,15.1,27
2026-09-22T11:31:00+05:30,15.15,15.5,15.15,15.5,18
2026-09-22T11:32:00+05:30,15.55,16.0,15.55,15.6,207
2026-09-22T11:33:00+05:30,15.55,15.95,15.55,15.9,71
2026-09-22T11:34:00+05:30,15.9,16.4,15.85,16.35,44
2026-09-22T11:35:00+05:30,16.4,16.75,16.3,16.4,120
2026-09-22T11:36:00+05:30,16.45,16.45,15.7,15.9,405
2026-09-22T11:37:00+05:30,15.9,16.25,15.9,16.15,59
2026-09-22T11:38:00+05:30,16.05,16.15,15.8,15.8,102
2026-09-22T11:39:00+05:30,15.75,16.2,15.75,16.2,80
2026-09-22T11:40:00+05:30,16.25,16.85,16.2,16.2,247
2026-09-22T11:41:00+05:30,16.25,16.25,15.8,15.85,150
2026-09-22T11:42:00+05:30,15.85,16.25,15.85,16.2,57
2026-09-22T11:43:00+05:30,16.15,16.2,15.95,15.95,77
2026-09-22T11:44:00+05:30,16.05,16.25,15.7,15.75,124
2026-09-22T11:45:00+05:30,15.85,15.9,15.6,15.7,138
2026-09-22T11:46:00+05:30,15.9,16.45,15.9,16.4,24
2026-09-22T11:47:00+05:30,16.5,16.5,16.1,16.2,126
2026-09-22T11:48:00+05:30,16.2,16.2,15.65,15.95,32
2026-09-22T11:49:00+05:30,16.0,16.05,15.85,15.85,9
2026-09-22T11:50:00+05:30,16.0,16.0,15.85,15.85,32
2026-09-22T11:51:00+05:30,15.9,16.2,15.85,16.1,35
2026-09-22T11:52:00+05:30,16.05,16.05,15.5,15.6,44
2026-09-22T11:53:00+05:30,15.8,16.0,15.7,15.9,20
2026-09-22T11:54:00+05:30,16.0,16.35,16.0,16.25,57
2026-09-22T11:55:00+05:30,16.35,16.45,16.35,16.35,22
2026-09-22T11:56:00+05:30,16.3,16.7,16.2,16.3,52
2026-09-22T11:57:00+05:30,16.2,16.5,15.9,15.9,76
2026-09-22T11:58:00+05:30,16.0,16.1,15.6,15.6,55
2026-09-22T11:59:00+05:30,15.6,15.8,15.45,15.55,73
2026-09-22T12:00:00+05:30,15.65,15.9,15.6,15.7,23
2026-09-22T12:01:00+05:30,15.8,15.95,15.75,15.8,44
2026-09-22T12:02:00+05:30,15.55,15.75,15.3,15.7,25
2026-09-22T12:03:00+05:30,15.55,15.55,15.15,15.15,32
2026-09-22T12:04:00+05:30,15.3,15.35,15.1,15.15,72
2026-09-22T12:05:00+05:30,15.2,15.3,14.9,14.95,42
2026-09-22T12:06:00+05:30,15.0,15.25,14.95,15.05,68
2026-09-22T12:07:00+05:30,15.2,15.45,15.2,15.3,3
2026-09-22T12:08:00+05:30,15.25,15.25,14.8,14.8,63
2026-09-22T12:09:00+05:30,14.95,15.05,14.6,14.9,93
2026-09-22T12:10:00+05:30,14.9,14.9,14.8,14.85,30
2026-09-22T12:11:00+05:30,15.0,15.0,15.0,15.0,1
2026-09-22T12:12:00+05:30,15.15,15.2,14.9,15.2,23
2026-09-22T12:13:00+05:30,15.45,15.45,15.4,15.4,3
2026-09-22T12:14:00+05:30,15.4,15.5,15.05,15.5,28
2026-09-22T12:15:00+05:30,15.5,15.85,15.5,15.7,41
2026-09-22T12:16:00+05:30,15.65,15.65,15.15,15.15,29
2026-09-22T12:17:00+05:30,15.15,15.3,15.0,15.0,42
2026-09-22T12:18:00+05:30,14.95,14.95,14.85,14.9,52
2026-09-22T12:19:00+05:30,14.9,14.9,14.6,14.7,140
2026-09-22T12:20:00+05:30,14.7,14.85,14.6,14.65,76
2026-09-22T12:21:00+05:30,14.7,14.85,14.25,14.25,86
2026-09-22T12:22:00+05:30,14.3,14.5,14.3,14.5,50
2026-09-22T12:23:00+05:30,14.5,14.65,14.5,14.5,26
2026-09-22T12:24:00+05:30,14.55,14.65,14.55,14.65,22
2026-09-22T12:25:00+05:30,14.65,14.7,14.55,14.6,50
2026-09-22T12:26:00+05:30,14.7,14.7,14.5,14.55,9
2026-09-22T12:27:00+05:30,14.5,14.65,14.5,14.5,17
2026-09-22T12:28:00+05:30,14.35,14.45,14.3,14.3,14
2026-09-22T12:29:00+05:30,14.35,14.5,14.35,14.5,1
2026-09-22T12:30:00+05:30,14.45,14.75,14.45,14.75,303
2026-09-22T12:31:00+05:30,14.8,14.8,14.55,14.6,74
2026-09-22T12:32:00+05:30,14.55,14.55,14.45,14.55,10
2026-09-22T12:33:00+05:30,14.6,14.6,14.35,14.5,24
2026-09-22T12:34:00+05:30,14.55,14.55,14.3,14.3,46
2026-09-22T12:35:00+05:30,14.25,14.35,14.2,14.3,20
2026-09-22T12:36:00+05:30,14.35,14.5,14.35,14.45,10
2026-09-22T12:37:00+05:30,14.3,14.55,14.25,14.55,25
2026-09-22T12:38:00+05:30,14.55,14.8,14.5,14.8,22
2026-09-22T12:39:00+05:30,14.85,14.9,14.8,14.8,5
2026-09-22T12:40:00+05:30,14.9,15.0,14.75,14.75,37
2026-09-22T12:41:00+05:30,14.8,15.0,14.8,14.95,11
2026-09-22T12:42:00+05:30,15.0,15.2,14.95,15.1,75
2026-09-22T12:43:00+05:30,15.1,15.4,15.05,15.35,87
2026-09-22T12:44:00+05:30,15.4,15.95,15.4,15.85,61
2026-09-22T12:45:00+05:30,15.9,16.2,15.75,15.85,107
2026-09-22T12:46:00+05:30,15.95,16.0,15.5,15.7,44
2026-09-22T12:47:00+05:30,15.85,15.95,15.55,15.7,195
2026-09-22T12:48:00+05:30,15.55,15.7,15.2,15.2,75
2026-09-22T12:49:00+05:30,15.15,15.6,15.05,15.5,285
2026-09-22T12:50:00+05:30,15.65,15.95,15.6,15.95,150
2026-09-22T12:51:00+05:30,15.85,16.35,15.6,16.05,235
2026-09-22T12:52:00+05:30,15.95,16.0,15.7,15.7,30
2026-09-22T12:53:00+05:30,15.7,15.7,15.55,15.65,23
2026-09-22T12:54:00+05:30,15.7,15.75,15.55,15.75,38
2026-09-22T12:55:00+05:30,15.85,16.3,15.75,16.3,76
2026-09-22T12:56:00+05:30,16.35,16.45,15.65,15.7,39
2026-09-22T12:57:00+05:30,15.75,15.75,15.45,15.45,110
2026-09-22T12:58:00+05:30,15.6,15.75,15.15,15.15,123
2026-09-22T12:59:00+05:30,15.6,15.6,15.25,15.55,91
2026-09-22T13:00:00+05:30,15.65,16.35,15.45,16.1,175
2026-09-22T13:01:00+05:30,16.0,16.2,15.35,15.35,497
2026-09-22T13:02:00+05:30,15.35,15.65,15.15,15.55,136
2026-09-22T13:03:00+05:30,15.7,15.9,15.7,15.85,76
2026-09-22T13:04:00+05:30,15.6,16.0,15.6,16.0,39
2026-09-22T13:05:00+05:30,16.1,16.15,15.8,15.9,79
2026-09-22T13:06:00+05:30,15.9,15.9,15.65,15.65,42
2026-09-22T13:07:00+05:30,15.65,15.75,15.45,15.6,85
2026-09-22T13:08:00+05:30,15.55,15.7,15.45,15.5,41
2026-09-22T13:09:00+05:30,15.5,15.55,15.35,15.4,56
2026-09-22T13:10:00+05:30,15.35,15.35,15.15,15.15,40
2026-09-22T13:11:00+05:30,15.45,15.6,15.35,15.6,22
2026-09-22T13:12:00+05:30,15.6,15.7,15.3,15.5,86
2026-09-22T13:13:00+05:30,15.4,15.7,15.4,15.65,7
2026-09-22T13:14:00+05:30,15.6,15.6,14.9,14.9,27
2026-09-22T13:15:00+05:30,14.9,14.95,14.55,14.95,151
2026-09-22T13:16:00+05:30,14.95,15.05,14.7,14.75,70
2026-09-22T13:17:00+05:30,14.85,15.45,14.85,15.45,67
2026-09-22T13:18:00+05:30,15.5,15.8,15.5,15.8,133
2026-09-22T13:19:00+05:30,15.5,15.65,15.35,15.35,77
2026-09-22T13:20:00+05:30,15.55,15.8,15.5,15.5,34
2026-09-22T13:21:00+05:30,15.9,16.0,15.8,16.0,38
2026-09-22T13:22:00+05:30,15.95,16.0,15.7,16.0,26
2026-09-22T13:24:00+05:30,15.6,15.6,15.5,15.5,14
2026-09-22T13:25:00+05:30,15.5,15.7,15.5,15.7,23
2026-09-22T13:26:00+05:30,15.65,15.9,15.6,15.9,15
2026-09-22T13:27:00+05:30,15.85,15.85,15.15,15.15,670
2026-09-22T13:28:00+05:30,15.15,15.25,15.15,15.25,11
2026-09-22T13:29:00+05:30,15.25,15.25,14.5,15.0,227
2026-09-22T13:30:00+05:30,15.15,15.2,14.6,14.7,519
2026-09-22T13:31:00+05:30,14.7,14.7,14.4,14.4,252
2026-09-22T13:32:00+05:30,14.5,14.5,14.25,14.5,62
2026-09-22T13:33:00+05:30,14.6,14.6,14.4,14.4,16
2026-09-22T13:34:00+05:30,14.4,14.4,14.35,14.4,15
2026-09-22T13:35:00+05:30,14.55,14.65,14.3,14.3,18
2026-09-22T13:36:00+05:30,14.3,14.5,14.1,14.45,46
2026-09-22T13:37:00+05:30,14.45,14.45,14.2,14.2,21
2026-09-22T13:38:00+05:30,14.35,14.6,14.2,14.6,19
2026-09-22T13:39:00+05:30,14.4,14.4,14.4,14.4,5
2026-09-22T13:40:00+05:30,14.4,14.45,14.25,14.45,89
2026-09-22T13:41:00+05:30,14.3,14.4,14.2,14.35,44
2026-09-22T13:42:00+05:30,14.2,14.2,13.95,13.95,77
2026-09-22T13:43:00+05:30,14.05,14.6,13.9,14.3,152
2026-09-22T13:44:00+05:30,14.45,14.8,14.45,14.8,7
2026-09-22T13:45:00+05:30,15.05,15.15,14.75,15.1,54
2026-09-22T13:46:00+05:30,15.2,15.3,15.05,15.1,92
2026-09-22T13:47:00+05:30,15.0,15.0,14.85,14.85,24
2026-09-22T13:48:00+05:30,14.95,15.2,14.95,15.1,67
2026-09-22T13:49:00+05:30,15.45,15.65,15.1,15.2,208
2026-09-22T13:50:00+05:30,15.1,15.45,15.1,15.15,50
2026-09-22T13:51:00+05:30,15.3,15.7,15.2,15.65,119
2026-09-22T13:52:00+05:30,15.5,15.5,15.45,15.5,44
2026-09-22T13:53:00+05:30,15.55,17.4,15.55,16.9,201
2026-09-22T13:54:00+05:30,17.1,17.85,17.05,17.3,347
2026-09-22T13:55:00+05:30,17.0,17.1,16.2,16.65,150
2026-09-22T13:56:00+05:30,16.6,16.95,16.5,16.6,253
2026-09-22T13:57:00+05:30,16.8,16.85,16.35,16.65,51
2026-09-22T13:58:00+05:30,16.7,16.9,16.5,16.75,132
2026-09-22T13:59:00+05:30,16.7,16.7,16.15,16.35,87
2026-09-22T14:00:00+05:30,16.3,17.35,16.3,17.3,121
2026-09-22T14:01:00+05:30,17.3,17.45,16.65,16.9,478
2026-09-22T14:02:00+05:30,16.7,16.85,15.6,16.6,110
2026-09-22T14:03:00+05:30,16.8,16.8,16.45,16.5,66
2026-09-22T14:04:00+05:30,16.4,16.5,15.95,15.95,134
2026-09-22T14:05:00+05:30,16.0,16.2,15.7,16.15,126
2026-09-22T14:06:00+05:30,16.3,16.55,16.0,16.15,87
2026-09-22T14:07:00+05:30,16.3,16.5,16.25,16.45,49
2026-09-22T14:08:00+05:30,16.4,16.5,16.4,16.45,5
2026-09-22T14:09:00+05:30,16.45,16.5,15.75,15.75,65
2026-09-22T14:10:00+05:30,15.9,16.0,15.45,15.7,76
2026-09-22T14:11:00+05:30,15.6,15.9,15.05,15.3,130
2026-09-22T14:12:00+05:30,15.3,15.35,14.05,14.4,125
2026-09-22T14:13:00+05:30,14.35,14.9,14.25,14.45,77
2026-09-22T14:14:00+05:30,14.5,14.7,12.4,12.45,553
2026-09-22T14:15:00+05:30,12.3,13.65,12.05,13.65,393
2026-09-22T14:16:00+05:30,13.75,14.8,13.7,14.0,373
2026-09-22T14:17:00+05:30,14.0,14.1,13.55,13.85,96
2026-09-22T14:18:00+05:30,13.6,14.0,13.5,13.85,78
2026-09-22T14:19:00+05:30,14.0,14.1,13.65,13.75,158
2026-09-22T14:20:00+05:30,13.6,13.75,13.35,13.4,141
2026-09-22T14:21:00+05:30,13.45,13.75,13.15,13.55,240
2026-09-22T14:22:00+05:30,13.85,13.95,13.75,13.85,227
2026-09-22T14:23:00+05:30,13.95,14.0,13.45,13.7,256
2026-09-22T14:24:00+05:30,13.85,13.95,13.65,13.95,161
2026-09-22T14:25:00+05:30,13.95,13.95,13.2,13.35,50
2026-09-22T14:26:00+05:30,13.45,13.65,13.15,13.15,222
2026-09-22T14:27:00+05:30,13.35,13.5,13.05,13.45,97
2026-09-22T14:28:00+05:30,13.45,13.5,13.1,13.1,59
2026-09-22T14:29:00+05:30,13.05,13.2,12.95,13.1,15
2026-09-22T14:30:00+05:30,13.1,13.1,12.9,12.95,97
2026-09-22T14:31:00+05:30,12.85,12.9,12.35,12.4,131
2026-09-22T14:32:00+05:30,12.4,12.5,12.0,12.3,27
2026-09-22T14:33:00+05:30,12.4,12.6,12.25,12.6,107
2026-09-22T14:34:00+05:30,12.55,13.05,12.55,13.05,20
2026-09-22T14:35:00+05:30,13.0,13.1,12.85,12.9,20
2026-09-22T14:36:00+05:30,12.8,12.85,12.55,12.55,30
2026-09-22T14:37:00+05:30,12.8,13.0,12.75,12.75,19
2026-09-22T14:38:00+05:30,12.8,12.85,12.75,12.85,7
2026-09-22T14:39:00+05:30,13.05,13.05,13.0,13.05,9
2026-09-22T14:40:00+05:30,12.95,13.15,12.95,13.0,61
2026-09-22T14:41:00+05:30,13.2,13.8,13.15,13.15,81
2026-09-22T14:42:00+05:30,13.3,14.1,13.3,13.95,187
2026-09-22T14:43:00+05:30,13.75,13.95,13.6,13.6,144
2026-09-22T14:44:00+05:30,13.65,13.65,13.45,13.55,11
2026-09-22T14:45:00+05:30,13.7,13.75,13.0,13.0,29
2026-09-22T14:46:00+05:30,13.2,13.3,13.2,13.2,3
2026-09-22T14:47:00+05:30,13.25,13.45,13.0,13.35,35
2026-09-22T14:48:00+05:30,13.5,13.75,13.5,13.7,35
2026-09-22T14:49:00+05:30,13.7,13.8,13.55,13.8,20
2026-09-22T14:50:00+05:30,13.85,14.05,13.55,13.55,55
2026-09-22T14:51:00+05:30,13.65,13.75,13.65,13.75,3
2026-09-22T14:52:00+05:30,13.9,13.95,13.35,13.35,303
2026-09-22T14:53:00+05:30,13.3,13.45,13.15,13.25,59
2026-09-22T14:54:00+05:30,13.3,13.35,13.1,13.15,32
2026-09-22T14:55:00+05:30,13.2,13.25,12.95,12.95,18
2026-09-22T14:56:00+05:30,12.9,13.25,12.9,13.05,26
2026-09-22T14:57:00+05:30,13.05,13.2,13.05,13.2,13
2026-09-22T14:58:00+05:30,13.25,13.5,13.15,13.15,16
2026-09-22T14:59:00+05:30,13.5,13.7,13.35,13.35,62
2026-09-22T15:00:00+05:30,13.45,13.65,13.45,13.6,37
2026-09-22T15:01:00+05:30,13.65,13.65,13.25,13.3,38
2026-09-22T15:02:00+05:30,13.35,13.5,13.05,13.3,138
2026-09-22T15:03:00+05:30,13.35,13.4,13.05,13.3,94
2026-09-22T15:04:00+05:30,12.95,13.25,12.95,13.2,34
2026-09-22T15:05:00+05:30,13.35,13.45,13.2,13.3,383
2026-09-22T15:06:00+05:30,13.3,13.4,13.2,13.2,84
2026-09-22T15:07:00+05:30,13.2,13.4,13.15,13.35,73
2026-09-22T15:08:00+05:30,13.55,13.7,13.5,13.7,43
2026-09-22T15:09:00+05:30,13.7,13.75,13.55,13.6,93
2026-09-22T15:10:00+05:30,13.55,13.7,13.4,13.4,79
2026-09-22T15:11:00+05:30,13.55,13.55,13.15,13.2,11
2026-09-22T15:12:00+05:30,13.2,13.3,13.15,13.15,37
2026-09-22T15:13:00+05:30,13.2,13.35,13.0,13.35,161
2026-09-22T15:14:00+05:30,13.25,13.7,13.0,13.4,168
2026-09-22T15:15:00+05:30,13.25,13.6,13.25,13.6,13
2026-09-22T15:16:00+05:30,13.3,13.6,13.25,13.4,106
2026-09-22T15:17:00+05:30,13.45,13.45,13.25,13.25,128
2026-09-22T15:18:00+05:30,13.5,13.5,13.45,13.45,21
2026-09-22T15:19:00+05:30,13.4,13.5,13.35,13.45,10
2026-09-22T15:20:00+05:30,13.35,13.95,13.3,13.65,560
2026-09-22T15:21:00+05:30,13.5,13.5,13.35,13.35,19
2026-09-22T15:22:00+05:30,13.4,13.6,13.0,13.0,141
2026-09-22T15:23:00+05:30,13.05,13.05,12.65,12.7,73
2026-09-22T15:24:00+05:30,12.7,12.7,12.45,12.45,12
2026-09-22T15:25:00+05:30,12.6,12.75,12.55,12.55,25
2026-09-22T15:26:00+05:30,12.7,12.85,12.35,12.85,319
2026-09-22T15:27:00+05:30,12.9,12.95,12.7,12.85,89
2026-09-22T15:28:00+05:30,12.85,13.05,12.85,13.05,62
2026-09-22T15:29:00+05:30,13.2,13.5,13.05,13.1,22
2026-09-22T15:30:00+05:30,13.25,13.75,13.2,13.65,78
2026-09-22T15:31:00+05:30,13.7,13.7,13.25,13.45,150
2026-09-22T15:32:00+05:30,13.4,13.55,12.45,13.35,285
2026-09-22T15:33:00+05:30,13.35,13.5,12.55,12.55,391
2026-09-22T15:34:00+05:30,12.35,12.8,12.05,12.05,833
2026-09-22T15:35:00+05:30,12.25,12.4,11.65,11.65,541
2026-09-22T15:36:00+05:30,11.8,11.85,11.35,11.35,35
2026-09-22T15:37:00+05:30,11.35,11.65,11.0,11.0,261
2026-09-22T15:38:00+05:30,11.1,11.25,11.0,11.0,134
2026-09-22T15:39:00+05:30,11.05,12.0,10.6,12.0,485
2026-09-23T09:15:00+05:30,13.0,13.0,9.5,9.95,340
2026-09-23T09:16:00+05:30,9.85,9.85,9.0,9.0,1393
2026-09-23T09:17:00+05:30,9.1,9.1,8.75,8.9,515
2026-09-23T09:18:00+05:30,8.9,9.1,8.7,8.95,865
2026-09-23T09:19:00+05:30,8.95,9.0,8.75,8.85,202
2026-09-23T09:20:00+05:30,8.8,8.85,8.5,8.65,461
2026-09-23T09:21:00+05:30,8.65,8.95,8.6,8.95,129
2026-09-23T09:22:00+05:30,8.85,9.05,8.75,8.95,300
2026-09-23T09:23:00+05:30,8.95,9.1,8.85,9.1,125
2026-09-23T09:24:00+05:30,9.05,9.3,9.05,9.25,89
2026-09-23T09:25:00+05:30,9.2,9.7,9.1,9.55,213
2026-09-23T09:26:00+05:30,9.55,9.7,9.45,9.6,181
2026-09-23T09:27:00+05:30,9.45,9.45,9.2,9.35,85
2026-09-23T09:28:00+05:30,9.15,9.15,9.05,9.1,105
2026-09-23T09:29:00+05:30,9.15,9.2,8.85,9.15,235
2026-09-23T09:30:00+05:30,9.1,9.1,8.65,8.75,238
2026-09-23T09:31:00+05:30,8.65,9.05,8.6,9.05,853
2026-09-23T09:32:00+05:30,8.95,8.95,8.65,8.85,160
2026-09-23T09:33:00+05:30,8.8,8.9,8.75,8.75,116
2026-09-23T09:34:00+05:30,8.8,8.9,8.7,8.7,161
2026-09-23T09:35:00+05:30,8.8,8.8,8.45,8.7,96
2026-09-23T09:36:00+05:30,8.7,9.0,8.65,8.95,86
2026-09-23T09:37:00+05:30,8.85,8.95,8.75,8.85,67
2026-09-23T09:38:00+05:30,8.9,8.9,8.6,8.7,65
2026-09-23T09:39:00+05:30,8.7,8.95,8.7,8.95,58
2026-09-23T09:40:00+05:30,8.95,8.95,8.65,8.7,127
2026-09-23T09:41:00+05:30,8.75,8.75,8.6,8.7,40
2026-09-23T09:42:00+05:30,8.6,8.65,8.5,8.55,76
2026-09-23T09:43:00+05:30,8.55,8.65,8.55,8.55,94
2026-09-23T09:44:00+05:30,8.55,8.6,8.15,8.25,74
2026-09-23T09:45:00+05:30,8.2,8.3,8.1,8.1,66
2026-09-23T09:46:00+05:30,8.2,8.25,8.05,8.2,188
2026-09-23T09:47:00+05:30,8.15,8.2,8.1,8.15,105
2026-09-23T09:48:00+05:30,8.1,8.3,8.05,8.25,83
2026-09-23T09:49:00+05:30,8.25,8.55,8.05,8.35,272
2026-09-23T09:50:00+05:30,8.35,8.5,8.35,8.35,42
2026-09-23T09:51:00+05:30,8.4,8.55,8.4,8.5,87
2026-09-23T09:52:00+05:30,8.5,8.5,8.4,8.45,19
2026-09-23T09:53:00+05:30,8.45,8.6,8.4,8.6,46
2026-09-23T09:54:00+05:30,8.7,8.95,8.7,8.85,160
2026-09-23T09:55:00+05:30,8.8,8.85,8.7,8.75,63
2026-09-23T09:56:00+05:30,8.65,8.65,8.45,8.45,48
2026-09-23T09:57:00+05:30,8.45,8.45,8.25,8.35,66
2026-09-23T09:58:00+05:30,8.35,8.35,8.15,8.15,86
2026-09-23T09:59:00+05:30,8.15,8.3,8.05,8.15,196
2026-09-23T10:00:00+05:30,8.05,8.15,7.85,8.15,399
2026-09-23T10:01:00+05:30,8.05,8.15,7.95,8.05,102
2026-09-23T10:02:00+05:30,8.05,8.2,8.05,8.15,41
2026-09-23T10:03:00+05:30,8.15,8.2,8.05,8.1,145
2026-09-23T10:04:00+05:30,8.15,8.2,7.95,8.05,133
2026-09-23T10:05:00+05:30,8.05,8.05,7.9,7.95,316
2026-09-23T10:06:00+05:30,7.95,8.0,7.9,8.0,87
2026-09-23T10:07:00+05:30,8.0,8.1,8.0,8.05,45
2026-09-23T10:08:00+05:30,8.1,8.1,7.95,8.05,245
2026-09-23T10:09:00+05:30,8.0,8.0,7.9,7.95,83
2026-09-23T10:10:00+05:30,8.0,8.1,7.95,8.05,79
2026-09-23T10:11:00+05:30,8.1,8.25,8.1,8.1,141
2026-09-23T10:12:00+05:30,8.1,8.1,7.95,8.0,74
2026-09-23T10:13:00+05:30,8.0,8.05,7.85,7.95,122
2026-09-23T10:14:00+05:30,7.9,8.0,7.9,8.0,31
2026-09-23T10:15:00+05:30,7.95,8.0,7.95,7.95,10
2026-09-23T10:16:00+05:30,7.85,8.1,7.8,8.1,153
2026-09-23T10:17:00+05:30,8.0,8.1,7.95,8.0,72
2026-09-23T10:18:00+05:30,8.0,8.0,7.8,7.95,184
2026-09-23T10:19:00+05:30,7.95,8.1,7.95,7.95,65
2026-09-23T10:20:00+05:30,8.0,8.0,7.95,8.0,11
2026-09-23T10:21:00+05:30,7.95,8.0,7.85,7.95,115
2026-09-23T10:22:00+05:30,7.95,8.1,7.95,8.0,44
2026-09-23T10:23:00+05:30,8.1,8.1,8.0,8.0,33
2026-09-23T10:24:00+05:30,8.05,8.1,8.0,8.1,16
2026-09-23T10:25:00+05:30,8.1,8.1,8.0,8.1,52
2026-09-23T10:26:00+05:30,8.05,8.1,7.9,8.05,126
2026-09-23T10:27:00+05:30,8.0,8.05,7.85,7.95,101
2026-09-23T10:28:00+05:30,7.95,7.95,7.85,7.85,11
2026-09-23T10:29:00+05:30,7.85,8.0,7.85,7.95,47
2026-09-23T10:30:00+05:30,7.9,8.05,7.9,8.05,70
2026-09-23T10:31:00+05:30,8.05,8.1,8.05,8.1,20
2026-09-23T10:32:00+05:30,8.1,8.15,8.0,8.05,130
2026-09-23T10:33:00+05:30,8.05,8.1,8.05,8.05,33
2026-09-23T10:34:00+05:30,7.95,8.0,7.95,7.95,14
2026-09-23T10:35:00+05:30,7.9,7.95,7.8,7.95,70
2026-09-23T10:36:00+05:30,7.95,8.0,7.85,7.85,30
2026-09-23T10:37:00+05:30,7.85,7.85,7.65,7.7,300
2026-09-23T10:38:00+05:30,7.7,7.8,7.6,7.6,84
2026-09-23T10:39:00+05:30,7.6,7.8,7.55,7.7,57
2026-09-23T10:40:00+05:30,7.7,7.85,7.65,7.8,45
2026-09-23T10:41:00+05:30,7.8,7.9,7.8,7.85,235
2026-09-23T10:42:00+05:30,7.85,7.95,7.85,7.9,22
2026-09-23T10:43:00+05:30,7.95,8.0,7.75,7.85,320
2026-09-23T10:44:00+05:30,7.8,7.8,7.75,7.8,11
2026-09-23T10:45:00+05:30,7.8,7.9,7.8,7.85,58
2026-09-23T10:46:00+05:30,7.8,7.8,7.8,7.8,1
2026-09-23T10:47:00+05:30,7.95,8.0,7.95,8.0,91
2026-09-23T10:48:00+05:30,8.1,8.1,8.05,8.05,15
2026-09-23T10:49:00+05:30,8.1,8.2,8.05,8.2,31
2026-09-23T10:50:00+05:30,8.15,8.15,8.0,8.05,19
2026-09-23T10:51:00+05:30,8.05,8.1,8.05,8.1,15
2026-09-23T10:52:00+05:30,8.05,8.05,7.95,7.95,21
2026-09-23T10:53:00+05:30,8.0,8.05,7.9,8.05,247
2026-09-23T10:54:00+05:30,8.05,8.1,8.0,8.05,43
2026-09-23T10:55:00+05:30,8.05,8.05,7.95,7.95,10
2026-09-23T10:56:00+05:30,8.0,8.1,8.0,8.1,52
2026-09-23T10:57:00+05:30,8.1,8.15,8.05,8.1,34
2026-09-23T10:58:00+05:30,8.15,8.15,8.05,8.1,7
2026-09-23T10:59:00+05:30,8.15,8.2,8.15,8.15,13
2026-09-23T11:00:00+05:30,8.15,8.3,8.15,8.25,31
2026-09-23T11:01:00+05:30,8.2,8.25,8.15,8.2,33
2026-09-23T11:02:00+05:30,8.2,8.25,8.1,8.25,48
2026-09-23T11:03:00+05:30,8.25,8.35,8.2,8.2,62
2026-09-23T11:04:00+05:30,8.2,8.35,8.15,8.3,103
2026-09-23T11:05:00+05:30,8.3,8.35,8.15,8.2,187
2026-09-23T11:06:00+05:30,8.25,8.25,8.1,8.15,19
2026-09-23T11:07:00+05:30,8.1,8.15,7.95,8.0,189
2026-09-23T11:08:00+05:30,8.1,8.2,8.05,8.05,54
2026-09-23T11:09:00+05:30,8.05,8.1,8.05,8.1,13
2026-09-23T11:10:00+05:30,8.1,8.1,7.95,8.0,87
2026-09-23T11:11:00+05:30,8.0,8.1,7.95,8.1,61
2026-09-23T11:12:00+05:30,8.05,8.05,7.9,7.95,44
2026-09-23T11:13:00+05:30,7.95,7.95,7.9,7.95,19
2026-09-23T11:14:00+05:30,7.95,7.95,7.95,7.95,6
2026-09-23T11:15:00+05:30,8.0,8.05,7.9,7.9,17
2026-09-23T11:16:00+05:30,8.0,8.15,7.9,8.15,28
2026-09-23T11:17:00+05:30,7.95,8.15,7.95,8.1,65
2026-09-23T11:18:00+05:30,8.05,8.05,7.85,7.9,326
2026-09-23T11:19:00+05:30,7.95,8.0,7.9,7.95,33
2026-09-23T11:20:00+05:30,7.9,8.05,7.9,8.0,39
2026-09-23T11:21:00+05:30,8.05,8.05,7.95,7.95,28
2026-09-23T11:22:00+05:30,8.0,8.05,7.95,8.05,14
2026-09-23T11:23:00+05:30,8.0,8.1,7.9,8.0,34
2026-09-23T11:24:00+05:30,8.0,8.1,7.8,7.85,361
2026-09-23T11:25:00+05:30,8.0,8.05,7.75,7.85,291
2026-09-23T11:26:00+05:30,7.85,8.0,7.85,8.0,48
2026-09-23T11:27:00+05:30,8.0,8.0,8.0,8.0,62
2026-09-23T11:28:00+05:30,8.0,8.05,8.0,8.05,47
2026-09-23T11:29:00+05:30,8.05,8.05,7.85,7.95,65
2026-09-23T11:30:00+05:30,7.9,8.0,7.9,7.95,41
2026-09-23T11:31:00+05:30,7.95,8.0,7.9,7.95,22
2026-09-23T11:32:00+05:30,7.95,7.95,7.85,7.9,50
2026-09-23T11:33:00+05:30,7.85,7.95,7.75,7.85,142
2026-09-23T11:34:00+05:30,7.95,8.0,7.95,7.95,21
2026-09-23T11:35:00+05:30,8.0,8.1,7.95,8.0,30
2026-09-23T11:36:00+05:30,8.05,8.05,8.0,8.0,16
2026-09-23T11:37:00+05:30,8.0,8.15,7.7,8.1,177
2026-09-23T11:38:00+05:30,8.1,8.2,8.05,8.1,65
2026-09-23T11:39:00+05:30,8.1,8.15,8.1,8.15,2
2026-09-23T11:40:00+05:30,8.05,8.1,8.05,8.05,17
2026-09-23T11:41:00+05:30,8.05,8.05,7.95,7.95,33
2026-09-23T11:42:00+05:30,7.95,8.0,7.9,7.9,13
2026-09-23T11:43:00+05:30,7.85,7.85,7.8,7.8,21
2026-09-23T11:44:00+05:30,7.8,7.8,7.7,7.75,32
2026-09-23T11:45:00+05:30,7.75,7.8,7.7,7.75,112
2026-09-23T11:46:00+05:30,7.75,8.0,7.65,7.65,137
2026-09-23T11:47:00+05:30,7.75,7.85,7.7,7.75,42
2026-09-23T11:48:00+05:30,7.8,7.8,7.75,7.75,19
2026-09-23T11:49:00+05:30,7.8,7.8,7.7,7.8,45
2026-09-23T11:50:00+05:30,7.8,7.85,7.8,7.85,12
2026-09-23T11:51:00+05:30,7.9,7.9,7.7,7.9,54
2026-09-23T11:52:00+05:30,7.9,7.9,7.8,7.85,21
2026-09-23T11:53:00+05:30,7.8,7.8,7.8,7.8,3
2026-09-23T11:54:00+05:30,7.8,7.85,7.7,7.8,55
2026-09-23T11:55:00+05:30,7.8,7.85,7.75,7.85,27
2026-09-23T11:56:00+05:30,7.8,7.8,7.75,7.8,29
2026-09-23T11:57:00+05:30,7.8,7.9,7.6,7.6,686
2026-09-23T11:58:00+05:30,7.7,7.7,7.6,7.65,39
2026-09-23T11:59:00+05:30,7.65,7.65,7.55,7.6,32
2026-09-23T12:00:00+05:30,7.65,7.65,7.55,7.6,19
2026-09-23T12:01:00+05:30,7.55,7.55,7.25,7.4,159
2026-09-23T12:02:00+05:30,7.4,7.45,7.2,7.4,214
2026-09-23T12:03:00+05:30,7.4,7.45,7.4,7.45,8
2026-09-23T12:04:00+05:30,7.45,7.5,7.3,7.35,292
2026-09-23T12:05:00+05:30,7.4,7.45,7.3,7.4,58
2026-09-23T12:06:00+05:30,7.4,7.45,7.4,7.45,16
2026-09-23T12:07:00+05:30,7.45,7.5,7.45,7.45,24
2026-09-23T12:08:00+05:30,7.5,7.65,7.4,7.5,258
2026-09-23T12:09:00+05:30,7.5,7.55,7.4,7.5,341
2026-09-23T12:10:00+05:30,7.45,7.65,7.35,7.5,169
2026-09-23T12:11:00+05:30,7.5,7.6,7.5,7.55,34
2026-09-23T12:12:00+05:30,7.5,7.55,7.45,7.55,68
2026-09-23T12:13:00+05:30,7.5,7.55,7.5,7.5,90
2026-09-23T12:14:00+05:30,7.5,7.55,7.5,7.5,35
2026-09-23T12:15:00+05:30,7.5,7.65,7.5,7.65,62
2026-09-23T12:16:00+05:30,7.65,7.65,7.65,7.65,12
2026-09-23T12:17:00+05:30,7.7,7.75,7.65,7.75,200
2026-09-23T12:18:00+05:30,7.75,7.75,7.7,7.7,70
2026-09-23T12:19:00+05:30,7.65,7.7,7.6,7.65,36
2026-09-23T12:20:00+05:30,7.65,7.7,7.65,7.7,16
2026-09-23T12:21:00+05:30,7.7,7.7,7.6,7.65,122
2026-09-23T12:22:00+05:30,7.65,7.7,7.65,7.65,34
2026-09-23T12:23:00+05:30,7.65,7.75,7.65,7.75,57
2026-09-23T12:24:00+05:30,7.7,7.7,7.7,7.7,12
2026-09-23T12:25:00+05:30,7.8,7.9,7.7,7.8,81
2026-09-23T12:26:00+05:30,7.8,7.85,7.7,7.75,80
2026-09-23T12:27:00+05:30,7.75,7.8,7.7,7.8,16
2026-09-23T12:28:00+05:30,7.8,7.9,7.8,7.85,12
2026-09-23T12:29:00+05:30,7.9,7.9,7.85,7.85,2
2026-09-23T12:30:00+05:30,7.75,7.8,7.75,7.8,9
2026-09-23T12:31:00+05:30,7.85,7.95,7.75,7.85,142
2026-09-23T12:32:00+05:30,7.95,7.95,7.8,7.85,55
2026-09-23T12:33:00+05:30,7.8,7.8,7.6,7.7,78
2026-09-23T12:34:00+05:30,7.65,7.75,7.6,7.75,19
2026-09-23T12:35:00+05:30,7.75,7.75,7.75,7.75,9
2026-09-23T12:36:00+05:30,7.8,7.9,7.8,7.9,26
2026-09-23T12:37:00+05:30,7.9,7.9,7.9,7.9,10
2026-09-23T12:38:00+05:30,7.85,7.85,7.85,7.85,12
2026-09-23T12:39:00+05:30,7.9,7.95,7.85,7.85,28
2026-09-23T12:40:00+05:30,7.85,7.9,7.8,7.8,21
2026-09-23T12:41:00+05:30,7.8,7.9,7.75,7.75,7
2026-09-23T12:43:00+05:30,7.7,7.9,7.7,7.8,48
2026-09-23T12:44:00+05:30,7.85,7.85,7.8,7.85,17
2026-09-23T12:45:00+05:30,7.85,7.9,7.85,7.9,15
2026-09-23T12:46:00+05:30,7.9,8.05,7.9,8.0,293
2026-09-23T12:47:00+05:30,8.05,8.1,8.0,8.1,13
2026-09-23T12:48:00+05:30,8.05,8.05,7.95,8.05,20
2026-09-23T12:49:00+05:30,7.95,7.95,7.9,7.9,51
2026-09-23T12:50:00+05:30,7.9,7.95,7.9,7.9,53
2026-09-23T12:51:00+05:30,7.85,7.95,7.85,7.95,10
2026-09-23T12:52:00+05:30,7.95,8.05,7.95,8.0,37
2026-09-23T12:53:00+05:30,8.0,8.05,7.85,7.95,67
2026-09-23T12:54:00+05:30,8.05,8.1,8.0,8.0,20
2026-09-23T12:55:00+05:30,8.05,8.1,8.0,8.05,37
2026-09-23T12:56:00+05:30,8.05,8.05,7.9,7.95,33
2026-09-23T12:57:00+05:30,7.95,8.1,7.9,8.0,124
2026-09-23T12:58:00+05:30,8.0,8.0,7.85,7.85,106
2026-09-23T12:59:00+05:30,7.9,7.9,7.85,7.85,17
2026-09-23T13:00:00+05:30,7.9,8.0,7.8,7.9,72
2026-09-23T13:01:00+05:30,7.85,7.9,7.8,7.9,39
2026-09-23T13:02:00+05:30,7.8,7.8,7.8,7.8,11
2026-09-23T13:03:00+05:30,7.85,8.0,7.75,7.85,223
2026-09-23T13:04:00+05:30,7.85,8.0,7.85,7.95,82
2026-09-23T13:05:00+05:30,7.95,8.05,7.95,8.0,32
2026-09-23T13:06:00+05:30,8.05,8.05,7.95,8.0,14
2026-09-23T13:07:00+05:30,7.95,7.95,7.75,7.9,33
2026-09-23T13:08:00+05:30,7.9,8.0,7.9,7.95,43
2026-09-23T13:09:00+05:30,8.0,8.05,7.95,8.0,14
2026-09-23T13:10:00+05:30,8.0,8.05,7.95,7.95,73
2026-09-23T13:11:00+05:30,8.0,8.05,7.95,8.0,12
2026-09-23T13:12:00+05:30,8.0,8.05,7.95,7.95,82
2026-09-23T13:13:00+05:30,8.0,8.05,7.95,8.0,39
2026-09-23T13:14:00+05:30,8.05,8.05,7.9,7.9,15
2026-09-23T13:15:00+05:30,7.95,8.0,7.9,7.95,21
2026-09-23T13:16:00+05:30,7.95,8.0,7.9,7.95,16
2026-09-23T13:17:00+05:30,8.0,8.0,7.95,8.0,8
2026-09-23T13:18:00+05:30,7.95,8.0,7.95,8.0,9
2026-09-23T13:19:00+05:30,7.95,8.0,7.95,7.95,47
2026-09-23T13:20:00+05:30,8.0,8.05,7.95,8.0,33
2026-09-23T13:21:00+05:30,8.05,8.05,7.9,7.95,46
2026-09-23T13:22:00+05:30,8.0,8.0,7.95,8.0,4
2026-09-23T13:23:00+05:30,8.0,8.05,7.95,8.05,12
2026-09-23T13:24:00+05:30,8.05,8.05,8.05,8.05,9
2026-09-23T13:25:00+05:30,8.1,8.1,8.05,8.05,32
2026-09-23T13:26:00+05:30,8.1,8.1,8.05,8.05,78
2026-09-23T13:27:00+05:30,8.1,8.15,8.05,8.15,49
2026-09-23T13:28:00+05:30,8.15,8.15,8.1,8.15,14
2026-09-23T13:29:00+05:30,8.2,8.25,8.15,8.15,56
2026-09-23T13:30:00+05:30,8.15,8.25,8.15,8.25,41
2026-09-23T13:31:00+05:30,8.15,8.15,8.1,8.15,10
2026-09-23T13:32:00+05:30,8.2,8.2,8.05,8.2,23
2026-09-23T13:33:00+05:30,8.2,8.25,8.2,8.25,5
2026-09-23T13:34:00+05:30,8.25,8.25,8.1,8.2,23
2026-09-23T13:35:00+05:30,8.2,8.2,8.2,8.2,2
2026-09-23T13:36:00+05:30,8.25,8.25,8.15,8.15,7
2026-09-23T13:37:00+05:30,8.15,8.15,8.0,8.0,18
2026-09-23T13:38:00+05:30,8.1,8.1,8.0,8.05,39
2026-09-23T13:39:00+05:30,8.0,8.05,7.95,7.95,40
2026-09-23T13:40:00+05:30,7.9,7.9,7.85,7.9,16
2026-09-23T13:41:00+05:30,7.95,7.95,7.8,7.8,21
2026-09-23T13:42:00+05:30,7.8,7.85,7.75,7.75,21
2026-09-23T13:43:00+05:30,7.75,7.8,7.75,7.8,4
2026-09-23T13:44:00+05:30,7.75,7.8,7.7,7.7,27
2026-09-23T13:45:00+05:30,7.7,7.75,7.5,7.6,31
2026-09-23T13:46:00+05:30,7.6,7.6,7.55,7.55,8
2026-09-23T13:47:00+05:30,7.55,7.65,7.5,7.55,11
2026-09-23T13:48:00+05:30,7.55,7.55,7.5,7.55,18
2026-09-23T13:49:00+05:30,7.5,7.5,7.45,7.5,86
2026-09-23T13:50:00+05:30,7.45,7.5,7.45,7.45,5
2026-09-23T13:51:00+05:30,7.45,7.45,7.45,7.45,1
2026-09-23T13:53:00+05:30,7.5,7.5,7.5,7.5,30
2026-09-23T13:54:00+05:30,7.5,7.55,7.4,7.4,163
2026-09-23T13:55:00+05:30,7.45,7.5,7.45,7.45,19
2026-09-23T13:56:00+05:30,7.45,7.5,7.45,7.45,3
2026-09-23T13:57:00+05:30,7.5,7.55,7.5,7.5,3
2026-09-23T13:58:00+05:30,7.5,7.5,7.45,7.45,18
2026-09-23T13:59:00+05:30,7.55,7.55,7.55,7.55,5
2026-09-23T14:00:00+05:30,7.55,7.55,7.55,7.55,10
2026-09-23T14:01:00+05:30,7.45,7.55,7.4,7.4,19
2026-09-23T14:02:00+05:30,7.55,7.55,7.45,7.45,3
2026-09-23T14:03:00+05:30,7.5,7.5,7.5,7.5,1
2026-09-23T14:04:00+05:30,7.45,7.5,7.35,7.35,27
2026-09-23T14:05:00+05:30,7.4,7.4,7.35,7.4,15
2026-09-23T14:07:00+05:30,7.35,7.4,7.35,7.35,29
2026-09-23T14:08:00+05:30,7.45,7.45,7.3,7.35,14
2026-09-23T14:09:00+05:30,7.35,7.4,7.3,7.3,129
2026-09-23T14:10:00+05:30,7.3,7.4,7.3,7.4,20
2026-09-23T14:11:00+05:30,7.25,7.25,7.2,7.2,24
2026-09-23T14:12:00+05:30,7.3,7.4,7.3,7.4,17
2026-09-23T14:13:00+05:30,7.35,7.45,7.35,7.45,22
2026-09-23T14:14:00+05:30,7.4,7.45,7.25,7.25,32
2026-09-23T14:15:00+05:30,7.25,7.3,7.2,7.2,14
2026-09-23T14:16:00+05:30,7.2,7.2,7.15,7.15,8
2026-09-23T14:17:00+05:30,7.2,7.2,7.15,7.2,18
2026-09-23T14:18:00+05:30,7.2,7.2,7.15,7.2,9
2026-09-23T14:19:00+05:30,7.15,7.2,7.15,7.2,5
2026-09-23T14:20:00+05:30,7.15,7.25,7.15,7.15,16
2026-09-23T14:21:00+05:30,7.15,7.15,7.15,7.15,10
2026-09-23T14:22:00+05:30,7.1,7.15,7.05,7.15,49
2026-09-23T14:23:00+05:30,7.15,7.15,7.15,7.15,39
2026-09-23T14:24:00+05:30,7.1,7.2,7.1,7.2,18
2026-09-23T14:25:00+05:30,7.15,7.25,7.15,7.15,82
2026-09-23T14:26:00+05:30,7.2,7.25,7.2,7.2,14
2026-09-23T14:27:00+05:30,7.25,7.3,7.15,7.2,26
2026-09-23T14:28:00+05:30,7.15,7.15,7.1,7.15,26
2026-09-23T14:29:00+05:30,7.1,7.1,7.05,7.1,12
2026-09-23T14:30:00+05:30,7.15,7.25,7.05,7.1,53
2026-09-23T14:31:00+05:30,7.15,7.25,7.15,7.25,38
2026-09-23T14:32:00+05:30,7.25,7.6,7.15,7.35,1688
2026-09-23T14:33:00+05:30,7.4,7.4,7.3,7.35,35
2026-09-23T14:34:00+05:30,7.3,7.3,7.2,7.25,108
2026-09-23T14:35:00+05:30,7.25,7.35,7.2,7.35,193
2026-09-23T14:36:00+05:30,7.3,7.4,7.3,7.4,31
2026-09-23T14:37:00+05:30,7.3,7.3,7.25,7.25,21
2026-09-23T14:38:00+05:30,7.3,7.4,7.3,7.3,47
2026-09-23T14:40:00+05:30,7.35,7.45,7.35,7.45,16
2026-09-23T14:41:00+05:30,7.4,7.4,7.35,7.35,27
2026-09-23T14:42:00+05:30,7.45,7.45,7.4,7.4,63
2026-09-23T14:43:00+05:30,7.5,7.5,7.4,7.4,11
2026-09-23T14:44:00+05:30,7.4,7.4,7.25,7.3,44
2026-09-23T14:45:00+05:30,7.3,7.3,7.2,7.2,29
2026-09-23T14:46:00+05:30,7.3,7.3,7.1,7.1,53
2026-09-23T14:47:00+05:30,7.2,7.25,7.15,7.25,38
2026-09-23T14:48:00+05:30,7.25,7.3,7.2,7.2,32
2026-09-23T14:49:00+05:30,7.2,7.25,7.0,7.1,446
2026-09-23T14:50:00+05:30,7.15,7.15,7.15,7.15,12
2026-09-23T14:51:00+05:30,7.15,7.3,7.15,7.3,122
2026-09-23T14:52:00+05:30,7.25,7.3,7.2,7.2,831
2026-09-23T14:53:00+05:30,7.2,7.2,7.15,7.15,22
2026-09-23T14:54:00+05:30,7.15,7.2,7.1,7.2,10
2026-09-23T14:55:00+05:30,7.1,7.15,7.1,7.1,23
2026-09-23T14:56:00+05:30,7.1,7.2,7.1,7.2,122
2026-09-23T14:57:00+05:30,7.2,7.3,7.15,7.3,359
2026-09-23T14:58:00+05:30,7.3,7.35,7.25,7.3,74
2026-09-23T14:59:00+05:30,7.3,7.5,7.25,7.35,457
2026-09-23T15:00:00+05:30,7.4,7.45,7.35,7.35,15
2026-09-23T15:01:00+05:30,7.35,7.45,7.25,7.35,56
2026-09-23T15:02:00+05:30,7.4,7.5,7.4,7.4,55
2026-09-23T15:03:00+05:30,7.35,7.45,7.3,7.4,126
2026-09-23T15:04:00+05:30,7.35,7.45,7.2,7.2,344
2026-09-23T15:05:00+05:30,7.15,7.15,7.0,7.0,161
2026-09-23T15:06:00+05:30,7.05,7.2,7.0,7.1,42
2026-09-23T15:07:00+05:30,7.15,7.2,7.05,7.2,31
2026-09-23T15:08:00+05:30,7.2,7.25,7.15,7.2,204
2026-09-23T15:09:00+05:30,7.2,7.3,7.15,7.2,40
2026-09-23T15:10:00+05:30,7.25,7.3,7.15,7.15,113
2026-09-23T15:11:00+05:30,7.15,7.2,7.05,7.1,150
2026-09-23T15:12:00+05:30,7.1,7.25,7.05,7.15,102
2026-09-23T15:13:00+05:30,7.2,7.3,7.1,7.15,115
2026-09-23T15:14:00+05:30,7.2,7.3,6.95,7.05,676
2026-09-23T15:15:00+05:30,7.1,7.25,7.05,7.2,78
2026-09-23T15:16:00+05:30,7.1,7.3,7.1,7.15,55
2026-09-23T15:17:00+05:30,7.15,7.3,7.1,7.15,199
2026-09-23T15:18:00+05:30,7.15,7.3,7.15,7.3,36
2026-09-23T15:19:00+05:30,7.2,7.3,7.1,7.15,76
2026-09-23T15:20:00+05:30,7.2,7.5,7.15,7.4,801
2026-09-23T15:21:00+05:30,7.45,7.5,7.4,7.45,86
2026-09-23T15:22:00+05:30,7.5,7.5,7.3,7.3,98
2026-09-23T15:23:00+05:30,7.3,7.35,7.2,7.25,36
2026-09-23T15:24:00+05:30,7.2,7.3,7.15,7.3,60
2026-09-23T15:25:00+05:30,7.25,7.3,7.15,7.15,162
2026-09-23T15:26:00+05:30,7.25,7.4,7.15,7.25,131
2026-09-23T15:27:00+05:30,7.2,7.4,7.2,7.35,103
2026-09-23T15:28:00+05:30,7.25,7.3,7.15,7.15,70
2026-09-23T15:29:00+05:30,7.15,7.2,7.1,7.15,113
2026-09-23T15:30:00+05:30,7.05,7.05,6.85,7.05,367
2026-09-23T15:31:00+05:30,6.95,7.05,6.85,6.9,72
2026-09-23T15:32:00+05:30,6.9,7.15,6.9,7.05,205
2026-09-23T15:33:00+05:30,7.05,7.2,7.05,7.1,30
2026-09-23T15:34:00+05:30,7.25,7.3,7.2,7.2,104
2026-09-23T15:35:00+05:30,7.2,7.3,7.15,7.2,162
2026-09-23T15:36:00+05:30,7.25,7.25,7.1,7.25,136
2026-09-23T15:37:00+05:30,7.1,7.25,7.05,7.25,213
2026-09-23T15:38:00+05:30,7.2,7.25,7.1,7.2,309
2026-09-23T15:39:00+05:30,7.2,7.25,7.0,7.25,105
2026-09-24T09:15:00+05:30,15.05,16.95,13.05,13.6,1254
2026-09-24T09:16:00+05:30,13.55,16.1,12.6,13.2,3274
2026-09-24T09:17:00+05:30,13.35,16.35,13.1,16.35,1781
2026-09-24T09:18:00+05:30,16.15,16.75,15.4,15.75,1416
2026-09-24T09:19:00+05:30,16.0,18.75,14.7,17.8,3040
2026-09-24T09:20:00+05:30,17.7,18.5,17.2,17.4,1337
2026-09-24T09:21:00+05:30,17.5,18.55,16.8,17.45,2492
2026-09-24T09:22:00+05:30,17.5,18.25,14.8,14.8,1305
2026-09-24T09:23:00+05:30,14.65,14.95,13.65,13.85,668
2026-09-24T09:24:00+05:30,13.6,14.1,13.25,13.95,610
2026-09-24T09:25:00+05:30,13.95,15.75,13.8,15.4,343
2026-09-24T09:26:00+05:30,15.4,15.9,14.55,15.2,1018
2026-09-24T09:27:00+05:30,15.35,16.2,15.2,15.55,1973
2026-09-24T09:28:00+05:30,15.75,16.1,15.1,15.55,865
2026-09-24T09:29:00+05:30,15.65,16.2,15.45,15.5,341
2026-09-24T09:30:00+05:30,15.7,17.65,15.6,17.4,784
2026-09-24T09:31:00+05:30,17.65,18.7,16.9,18.45,610
2026-09-24T09:32:00+05:30,18.0,18.4,17.3,17.85,421
2026-09-24T09:33:00+05:30,17.95,18.75,17.8,18.25,400
2026-09-24T09:34:00+05:30,18.35,18.5,17.6,17.6,305
2026-09-24T09:35:00+05:30,17.55,17.85,16.95,17.5,339
2026-09-24T09:36:00+05:30,17.7,18.0,17.45,17.45,251
2026-09-24T09:37:00+05:30,17.55,18.4,17.35,18.4,527
2026-09-24T09:38:00+05:30,18.3,21.6,18.25,21.5,572
2026-09-24T09:39:00+05:30,21.4,23.8,20.75,23.25,925
2026-09-24T09:40:00+05:30,23.15,24.0,21.8,22.0,1157
2026-09-24T09:41:00+05:30,21.85,23.9,21.8,23.45,926
2026-09-24T09:42:00+05:30,23.4,24.3,23.0,23.35,631
2026-09-24T09:43:00+05:30,23.4,27.25,23.1,26.65,812
2026-09-24T09:44:00+05:30,26.75,29.8,26.75,28.85,857
2026-09-24T09:45:00+05:30,28.85,31.8,27.25,27.5,930
2026-09-24T09:46:00+05:30,27.25,28.8,26.65,28.55,502
2026-09-24T09:47:00+05:30,28.45,29.4,28.0,29.05,356
2026-09-24T09:48:00+05:30,28.95,29.1,27.2,27.75,530
2026-09-24T09:49:00+05:30,27.9,27.9,24.75,25.1,995
2026-09-24T09:50:00+05:30,25.25,25.8,24.2,24.25,341
2026-09-24T09:51:00+05:30,24.1,25.45,23.7,25.2,688
2026-09-24T09:52:00+05:30,25.15,25.5,24.1,24.95,603
2026-09-24T09:53:00+05:30,24.85,25.4,24.6,25.35,454
2026-09-24T09:54:00+05:30,25.3,25.6,25.0,25.6,328
2026-09-24T09:55:00+05:30,25.4,26.7,25.4,25.7,172
2026-09-24T09:56:00+05:30,25.7,26.3,25.4,25.8,203
2026-09-24T09:57:00+05:30,25.95,26.1,25.35,25.6,151
2026-09-24T09:58:00+05:30,25.5,25.85,24.1,24.7,191
2026-09-24T09:59:00+05:30,24.55,25.4,24.0,24.4,352
2026-09-24T10:00:00+05:30,24.15,24.95,23.05,23.05,596
2026-09-24T10:01:00+05:30,23.15,23.2,22.5,23.1,360
2026-09-24T10:02:00+05:30,22.8,23.15,21.7,21.8,210
2026-09-24T10:03:00+05:30,21.9,21.9,20.4,20.4,167
2026-09-24T10:04:00+05:30,20.4,20.75,19.25,20.75,517
2026-09-24T10:05:00+05:30,20.6,21.9,20.45,20.6,539
2026-09-24T10:06:00+05:30,20.65,21.65,20.65,21.05,371
2026-09-24T10:07:00+05:30,20.95,21.0,19.7,19.7,240
2026-09-24T10:08:00+05:30,19.65,19.8,18.5,18.6,524
2026-09-24T10:09:00+05:30,18.4,18.7,17.95,18.55,192
2026-09-24T10:10:00+05:30,18.5,19.85,18.45,19.5,194
2026-09-24T10:11:00+05:30,19.6,20.8,19.6,20.15,259
2026-09-24T10:12:00+05:30,20.25,20.75,20.05,20.75,295
2026-09-24T10:13:00+05:30,21.05,21.6,20.05,21.6,363
2026-09-24T10:14:00+05:30,21.7,22.05,21.35,21.6,287
2026-09-24T10:15:00+05:30,21.6,21.6,20.7,20.8,258
2026-09-24T10:16:00+05:30,20.75,21.0,20.4,20.75,197
2026-09-24T10:17:00+05:30,20.85,21.4,20.85,21.05,165
2026-09-24T10:18:00+05:30,20.95,21.55,20.8,21.5,290
2026-09-24T10:19:00+05:30,21.6,21.95,20.4,20.4,218
2026-09-24T10:20:00+05:30,20.35,21.55,20.15,21.3,112
2026-09-24T10:21:00+05:30,21.5,22.25,21.4,22.2,110
2026-09-24T10:22:00+05:30,22.4,23.15,22.25,23.1,341
2026-09-24T10:23:00+05:30,23.3,23.4,22.55,22.55,175
2026-09-24T10:24:00+05:30,23.1,23.3,22.7,23.15,151
2026-09-24T10:25:00+05:30,23.15,24.5,23.15,23.95,195
2026-09-24T10:26:00+05:30,24.2,24.65,23.0,23.25,191
2026-09-24T10:27:00+05:30,23.15,23.4,22.75,22.95,364
2026-09-24T10:28:00+05:30,23.1,24.15,23.0,23.9,160
2026-09-24T10:29:00+05:30,23.75,24.15,23.45,23.6,84
2026-09-24T10:30:00+05:30,23.4,23.85,23.3,23.3,13
2026-09-24T10:31:00+05:30,22.85,23.05,21.95,21.95,26
2026-09-24T10:32:00+05:30,21.9,21.9,21.0,21.55,172
2026-09-24T10:33:00+05:30,21.35,22.0,19.75,19.85,545
2026-09-24T10:34:00+05:30,19.9,20.5,19.75,20.0,397
2026-09-24T10:35:00+05:30,19.95,20.8,19.75,20.7,258
2026-09-24T10:36:00+05:30,20.8,20.8,19.0,19.8,248
2026-09-24T10:37:00+05:30,19.55,19.9,19.4,19.9,54
2026-09-24T10:38:00+05:30,20.0,20.05,19.05,20.05,73
2026-09-24T10:39:00+05:30,20.15,20.25,19.65,19.65,66
2026-09-24T10:40:00+05:30,20.15,21.25,20.15,21.2,243
2026-09-24T10:41:00+05:30,21.25,21.3,20.85,21.1,161
2026-09-24T10:42:00+05:30,21.15,21.6,20.65,21.2,88
2026-09-24T10:43:00+05:30,20.85,22.2,20.85,21.85,170
2026-09-24T10:44:00+05:30,21.7,21.7,21.4,21.4,36
2026-09-24T10:45:00+05:30,21.1,21.1,20.3,20.3,93
2026-09-24T10:46:00+05:30,20.35,20.65,20.2,20.6,111
2026-09-24T10:47:00+05:30,20.5,20.75,20.2,20.2,69
2026-09-24T10:48:00+05:30,20.65,21.25,20.65,21.25,83
2026-09-24T10:49:00+05:30,21.2,21.55,20.9,21.25,121
2026-09-24T10:50:00+05:30,20.95,21.1,20.65,20.65,80
2026-09-24T10:51:00+05:30,20.8,21.35,19.65,20.95,236
2026-09-24T10:52:00+05:30,20.95,21.4,19.65,19.7,380
2026-09-24T10:53:00+05:30,19.65,19.85,18.95,19.4,210
2026-09-24T10:54:00+05:30,19.2,19.35,18.6,18.8,267
2026-09-24T10:55:00+05:30,18.75,18.8,17.7,17.75,508
2026-09-24T10:56:00+05:30,17.9,18.75,17.8,18.65,119
2026-09-24T10:57:00+05:30,18.75,19.0,18.55,18.9,206
2026-09-24T10:58:00+05:30,18.75,19.5,18.65,19.3,69
2026-09-24T10:59:00+05:30,19.15,19.15,18.45,18.45,33
2026-09-24T11:00:00+05:30,18.3,18.7,18.25,18.45,50
2026-09-24T11:01:00+05:30,18.1,18.55,17.6,18.4,301
2026-09-24T11:02:00+05:30,18.35,18.35,17.5,17.55,55
2026-09-24T11:03:00+05:30,17.85,18.0,17.55,17.8,70
2026-09-24T11:04:00+05:30,18.3,18.4,17.95,18.15,317
2026-09-24T11:05:00+05:30,18.15,19.1,18.15,19.05,252
2026-09-24T11:06:00+05:30,19.2,20.25,19.2,20.15,209
2026-09-24T11:07:00+05:30,19.6,19.7,19.4,19.5,78
2026-09-24T11:08:00+05:30,19.8,20.35,19.8,20.3,23
2026-09-24T11:09:00+05:30,20.15,21.15,20.15,21.15,79
2026-09-24T11:10:00+05:30,21.15,21.3,20.75,20.95,106
2026-09-24T11:11:00+05:30,20.9,21.4,20.35,21.2,64
2026-09-24T11:12:00+05:30,21.25,21.4,21.25,21.3,20
2026-09-24T11:13:00+05:30,21.3,23.05,21.05,22.7,1367
2026-09-24T11:14:00+05:30,22.7,22.9,22.05,22.5,285
2026-09-24T11:15:00+05:30,22.65,22.7,21.1,21.15,74
2026-09-24T11:16:00+05:30,20.75,21.0,20.75,20.8,8
2026-09-24T11:17:00+05:30,20.65,20.7,19.6,20.15,95
2026-09-24T11:18:00+05:30,19.75,19.75,18.6,18.9,89
2026-09-24T11:19:00+05:30,19.2,19.3,18.5,18.6,82
2026-09-24T11:20:00+05:30,18.55,19.55,18.55,19.35,309
2026-09-24T11:21:00+05:30,19.45,19.65,19.25,19.25,16
2026-09-24T11:22:00+05:30,19.5,20.05,19.25,19.95,92
2026-09-24T11:23:00+05:30,19.95,20.4,19.95,20.05,43
2026-09-24T11:24:00+05:30,20.3,20.95,20.05,20.95,40
2026-09-24T11:25:00+05:30,21.05,22.25,20.5,22.25,329
2026-09-24T11:26:00+05:30,22.5,22.8,21.6,21.6,375
2026-09-24T11:27:00+05:30,21.5,21.8,21.05,21.45,94
2026-09-24T11:28:00+05:30,21.25,21.4,21.0,21.4,41
2026-09-24T11:29:00+05:30,21.2,21.5,20.95,21.5,63
2026-09-24T11:30:00+05:30,21.55,21.6,21.2,21.55,94
2026-09-24T11:31:00+05:30,21.4,21.95,21.3,21.85,13
2026-09-24T11:32:00+05:30,21.9,23.8,21.8,23.6,355
2026-09-24T11:33:00+05:30,23.55,23.85,22.15,22.35,127
2026-09-24T11:34:00+05:30,22.4,23.35,22.1,22.85,131
2026-09-24T11:35:00+05:30,23.0,23.4,22.55,22.55,242
2026-09-24T11:36:00+05:30,22.6,22.6,21.25,21.35,78
2026-09-24T11:37:00+05:30,21.35,21.6,20.85,20.85,325
2026-09-24T11:38:00+05:30,20.9,21.4,20.4,21.15,385
2026-09-24T11:39:00+05:30,21.2,21.5,20.6,20.6,394
2026-09-24T11:40:00+05:30,20.65,21.25,20.6,20.85,195
2026-09-24T11:41:00+05:30,20.85,21.5,20.55,21.4,144
2026-09-24T11:42:00+05:30,21.45,21.7,21.25,21.45,76
2026-09-24T11:43:00+05:30,21.5,21.75,21.3,21.5,50
2026-09-24T11:44:00+05:30,21.65,22.0,21.65,21.95,20
2026-09-24T11:45:00+05:30,21.75,21.9,21.15,21.35,92
2026-09-24T11:46:00+05:30,21.4,21.4,20.9,21.4,111
2026-09-24T11:47:00+05:30,21.35,21.75,21.3,21.75,61
2026-09-24T11:48:00+05:30,21.8,22.25,21.35,21.55,136
2026-09-24T11:49:00+05:30,21.5,22.3,21.3,22.3,118
2026-09-24T11:50:00+05:30,22.35,22.35,21.6,22.0,107
2026-09-24T11:51:00+05:30,21.95,22.7,21.95,22.45,27
2026-09-24T11:52:00+05:30,22.25,22.25,21.0,21.3,2485
2026-09-24T11:53:00+05:30,21.05,21.45,20.9,21.35,242
2026-09-24T11:54:00+05:30,21.2,21.35,20.9,21.1,69
2026-09-24T11:55:00+05:30,21.0,21.7,21.0,21.65,52
2026-09-24T11:56:00+05:30,21.65,22.2,21.65,22.15,122
2026-09-24T11:57:00+05:30,22.05,22.5,21.8,22.3,109
2026-09-24T11:58:00+05:30,22.3,22.3,21.5,21.6,46
2026-09-24T11:59:00+05:30,21.6,21.7,21.35,21.45,75
2026-09-24T12:00:00+05:30,21.5,22.15,21.15,21.2,126
2026-09-24T12:01:00+05:30,21.1,21.1,20.1,20.1,82
2026-09-24T12:02:00+05:30,20.0,20.1,19.25,20.05,189
2026-09-24T12:03:00+05:30,20.0,20.65,20.0,20.65,259
2026-09-24T12:04:00+05:30,20.65,20.85,20.35,20.55,99
2026-09-24T12:05:00+05:30,20.65,20.65,20.3,20.3,35
2026-09-24T12:06:00+05:30,20.45,20.55,20.2,20.55,16
2026-09-24T12:07:00+05:30,20.6,20.6,20.2,20.2,7
2026-09-24T12:08:00+05:30,20.7,21.25,20.6,21.05,36
2026-09-24T12:09:00+05:30,20.9,21.0,20.5,20.85,82
2026-09-24T12:10:00+05:30,20.95,20.95,20.3,20.35,31
2026-09-24T12:11:00+05:30,20.35,20.35,20.0,20.0,22
2026-09-24T12:12:00+05:30,20.05,20.55,20.05,20.35,35
2026-09-24T12:13:00+05:30,20.4,20.6,20.35,20.6,22
2026-09-24T12:14:00+05:30,20.55,21.45,20.55,21.35,101
2026-09-24T12:15:00+05:30,21.3,21.5,20.55,20.8,70
2026-09-24T12:16:00+05:30,20.95,21.25,20.8,20.9,96
2026-09-24T12:17:00+05:30,20.85,21.2,20.8,21.2,9
2026-09-24T12:18:00+05:30,21.15,21.15,20.55,20.7,33
2026-09-24T12:19:00+05:30,20.65,20.7,20.3,20.3,46
2026-09-24T12:20:00+05:30,20.0,20.45,19.55,20.4,147
2026-09-24T12:21:00+05:30,20.45,20.65,20.1,20.55,134
2026-09-24T12:22:00+05:30,20.55,20.6,20.5,20.55,18
2026-09-24T12:23:00+05:30,20.9,22.05,20.9,21.25,84
2026-09-24T12:24:00+05:30,21.3,21.35,20.9,21.1,66
2026-09-24T12:25:00+05:30,21.15,22.8,21.15,22.8,139
2026-09-24T12:26:00+05:30,22.9,22.9,21.6,21.6,241
2026-09-24T12:27:00+05:30,21.5,21.7,20.85,20.85,48
2026-09-24T12:28:00+05:30,20.7,20.7,20.1,20.15,154
2026-09-24T12:29:00+05:30,20.15,20.85,20.15,20.7,63
2026-09-24T12:30:00+05:30,20.4,21.0,20.0,20.05,369
2026-09-24T12:31:00+05:30,20.05,21.3,19.7,21.3,906
2026-09-24T12:32:00+05:30,21.4,23.35,21.3,22.95,210
2026-09-24T12:33:00+05:30,22.9,22.9,21.8,22.15,162
2026-09-24T12:34:00+05:30,22.45,22.6,21.55,21.55,332
2026-09-24T12:35:00+05:30,21.45,24.05,21.3,22.7,528
2026-09-24T12:36:00+05:30,23.1,24.25,21.65,21.9,164
2026-09-24T12:37:00+05:30,22.05,22.85,21.9,22.4,132
2026-09-24T12:38:00+05:30,22.0,22.0,21.0,21.15,67
2026-09-24T12:39:00+05:30,21.15,21.8,21.05,21.25,33
2026-09-24T12:40:00+05:30,21.7,21.7,20.55,20.6,217
2026-09-24T12:41:00+05:30,20.6,21.1,20.15,21.0,402
2026-09-24T12:42:00+05:30,20.95,20.95,20.4,20.9,125
2026-09-24T12:43:00+05:30,20.95,21.75,20.95,21.75,113
2026-09-24T12:44:00+05:30,21.65,22.25,21.5,22.15,153
2026-09-24T12:45:00+05:30,22.05,22.5,21.5,22.05,87
2026-09-24T12:46:00+05:30,21.95,22.4,21.75,22.4,41
2026-09-24T12:47:00+05:30,22.35,22.7,22.3,22.35,94
2026-09-24T12:48:00+05:30,22.35,23.25,21.95,23.25,254
2026-09-24T12:49:00+05:30,23.25,23.65,22.9,23.0,374
2026-09-24T12:50:00+05:30,23.1,23.1,22.1,22.45,76
2026-09-24T12:51:00+05:30,22.7,22.8,22.35,22.45,86
2026-09-24T12:52:00+05:30,22.5,22.9,22.3,22.9,221
2026-09-24T12:53:00+05:30,22.85,23.4,22.85,23.1,69
2026-09-24T12:54:00+05:30,23.3,24.4,23.3,23.95,134
2026-09-24T12:55:00+05:30,24.0,24.0,22.85,23.4,55
2026-09-24T12:56:00+05:30,23.1,23.1,22.3,22.3,62
2026-09-24T12:57:00+05:30,22.5,22.95,21.75,21.9,905
2026-09-24T12:58:00+05:30,22.05,22.2,21.6,22.2,173
2026-09-24T12:59:00+05:30,22.05,22.4,21.85,21.85,34
2026-09-24T13:00:00+05:30,22.0,22.25,21.15,22.0,78
2026-09-24T13:01:00+05:30,21.65,21.65,20.65,20.95,24
2026-09-24T13:02:00+05:30,21.1,21.1,20.3,20.3,104
2026-09-24T13:03:00+05:30,20.3,20.4,19.6,19.75,145
2026-09-24T13:04:00+05:30,19.7,20.65,19.7,20.15,151
2026-09-24T13:05:00+05:30,20.3,20.85,19.9,20.85,308
2026-09-24T13:06:00+05:30,20.9,21.4,20.55,20.65,121
2026-09-24T13:07:00+05:30,20.55,20.65,20.0,20.1,150
2026-09-24T13:08:00+05:30,20.0,20.35,19.6,20.35,446
2026-09-24T13:09:00+05:30,20.4,20.7,20.35,20.6,50
2026-09-24T13:10:00+05:30,20.8,21.6,20.8,21.45,53
2026-09-24T13:11:00+05:30,21.45,21.45,21.25,21.45,29
2026-09-24T13:12:00+05:30,21.45,21.6,20.7,20.7,68
2026-09-24T13:13:00+05:30,20.6,21.0,20.25,20.25,28
2026-09-24T13:14:00+05:30,20.2,20.2,19.4,20.05,90
2026-09-24T13:15:00+05:30,20.2,20.65,19.85,20.1,89
2026-09-24T13:16:00+05:30,20.1,20.7,19.8,20.15,445
2026-09-24T13:17:00+05:30,20.2,21.3,20.15,21.2,47
2026-09-24T13:18:00+05:30,20.85,21.25,20.8,21.25,175
2026-09-24T13:19:00+05:30,21.35,21.35,20.65,21.15,156
2026-09-24T13:20:00+05:30,21.1,21.75,21.0,21.25,115
2026-09-24T13:21:00+05:30,21.05,21.4,21.0,21.1,16
2026-09-24T13:22:00+05:30,21.3,21.55,20.8,20.9,138
2026-09-24T13:23:00+05:30,21.25,21.6,21.1,21.25,47
2026-09-24T13:24:00+05:30,21.35,21.35,20.3,20.4,169
2026-09-24T13:25:00+05:30,20.35,21.85,20.3,21.7,122
2026-09-24T13:26:00+05:30,21.65,27.15,21.0,27.15,661
2026-09-24T13:27:00+05:30,27.4,28.5,25.3,27.1,732
2026-09-24T13:28:00+05:30,27.0,27.9,26.5,26.7,496
2026-09-24T13:29:00+05:30,26.9,27.0,25.55,26.5,496
2026-09-24T13:30:00+05:30,26.45,26.9,24.95,24.95,577
2026-09-24T13:31:00+05:30,25.45,25.7,23.3,23.55,906
2026-09-24T13:32:00+05:30,23.75,25.55,23.75,24.5,1187
2026-09-24T13:33:00+05:30,25.15,26.15,24.45,24.8,288
2026-09-24T13:34:00+05:30,24.8,26.2,24.75,25.5,283
2026-09-24T13:35:00+05:30,25.4,26.5,25.05,26.5,108
2026-09-24T13:36:00+05:30,26.45,27.2,25.55,26.05,355
2026-09-24T13:37:00+05:30,25.95,26.15,25.25,25.75,127
2026-09-24T13:38:00+05:30,26.0,26.9,25.7,26.9,120
2026-09-24T13:39:00+05:30,27.0,28.9,26.7,28.4,385
2026-09-24T13:40:00+05:30,28.1,30.55,27.7,29.4,438
2026-09-24T13:41:00+05:30,29.3,29.85,28.6,28.9,530
2026-09-24T13:42:00+05:30,28.7,31.25,28.4,31.1,541
2026-09-24T13:43:00+05:30,31.0,36.7,30.5,36.05,723
2026-09-24T13:44:00+05:30,36.1,49.9,35.85,44.75,2205
2026-09-24T13:45:00+05:30,44.9,52.95,40.3,52.95,1460
2026-09-24T13:46:00+05:30,54.05,63.95,52.8,56.8,2458
2026-09-24T13:47:00+05:30,57.05,57.4,51.15,54.95,1542
2026-09-24T13:48:00+05:30,55.7,55.95,52.2,53.5,683
2026-09-24T13:49:00+05:30,53.45,53.45,46.35,48.05,1821
2026-09-24T13:50:00+05:30,48.05,49.35,45.5,47.95,921
2026-09-24T13:51:00+05:30,48.35,54.05,48.05,54.05,988
2026-09-24T13:52:00+05:30,54.25,56.4,52.0,54.15,552
2026-09-24T13:53:00+05:30,54.15,54.85,52.25,54.0,870
2026-09-24T13:54:00+05:30,54.8,63.15,54.3,59.35,729
2026-09-24T13:55:00+05:30,59.4,61.45,56.95,58.35,876
2026-09-24T13:56:00+05:30,58.25,61.1,57.9,59.25,1489
2026-09-24T13:57:00+05:30,59.2,64.0,57.15,63.2,1339
2026-09-24T13:58:00+05:30,63.2,74.05,62.35,73.35,1102
2026-09-24T13:59:00+05:30,74.1,76.7,66.4,70.2,1709
2026-09-24T14:00:00+05:30,69.9,70.0,57.6,57.85,1208
2026-09-24T14:01:00+05:30,58.0,58.0,51.4,52.25,935
2026-09-24T14:02:00+05:30,52.0,55.1,48.65,50.15,1594
2026-09-24T14:03:00+05:30,48.7,51.25,46.3,50.2,590
2026-09-24T14:04:00+05:30,50.15,58.5,47.6,57.1,595
2026-09-24T14:05:00+05:30,57.0,58.05,53.3,53.55,382
2026-09-24T14:06:00+05:30,53.55,58.6,53.3,58.0,361
2026-09-24T14:07:00+05:30,57.6,58.0,54.9,55.55,411
2026-09-24T14:08:00+05:30,55.65,56.2,51.2,52.7,469
2026-09-24T14:09:00+05:30,52.7,54.95,50.5,52.15,449
2026-09-24T14:10:00+05:30,52.05,52.7,49.8,52.1,556
2026-09-24T14:11:00+05:30,52.35,53.65,51.3,53.0,190
2026-09-24T14:12:00+05:30,53.1,53.1,50.75,50.75,170
2026-09-24T14:13:00+05:30,51.0,53.0,49.15,50.15,287
2026-09-24T14:14:00+05:30,50.25,52.15,49.75,50.4,213
2026-09-24T14:15:00+05:30,50.25,53.55,49.0,52.3,809
2026-09-24T14:16:00+05:30,52.65,53.1,50.0,51.8,247
2026-09-24T14:17:00+05:30,51.8,52.0,50.4,50.5,122
2026-09-24T14:18:00+05:30,50.35,50.65,48.6,49.75,281
2026-09-24T14:19:00+05:30,50.1,53.0,49.65,51.65,189
2026-09-24T14:20:00+05:30,51.45,53.15,50.95,52.4,160
2026-09-24T14:21:00+05:30,53.0,55.05,52.85,52.85,172
2026-09-24T14:22:00+05:30,52.65,56.55,52.3,56.3,133
2026-09-24T14:23:00+05:30,55.5,60.0,55.2,58.5,435
2026-09-24T14:24:00+05:30,58.45,59.2,55.0,55.2,237
2026-09-24T14:25:00+05:30,55.35,56.15,52.1,52.7,475
2026-09-24T14:26:00+05:30,52.55,55.15,52.55,53.35,155
2026-09-24T14:27:00+05:30,53.95,54.15,52.25,52.25,223
2026-09-24T14:28:00+05:30,52.0,53.05,50.15,52.8,84
2026-09-24T14:29:00+05:30,53.3,54.15,52.05,53.45,140
2026-09-24T14:30:00+05:30,53.15,54.35,51.55,52.35,492
2026-09-24T14:31:00+05:30,52.25,53.3,49.75,50.5,185
2026-09-24T14:32:00+05:30,50.0,50.5,46.4,50.25,475
2026-09-24T14:33:00+05:30,50.15,51.55,48.55,49.15,658
2026-09-24T14:34:00+05:30,49.0,49.2,46.35,46.35,265
2026-09-24T14:35:00+05:30,46.55,46.85,44.55,44.65,339
2026-09-24T14:36:00+05:30,44.6,45.45,41.45,42.05,354
2026-09-24T14:37:00+05:30,41.9,42.4,39.85,39.9,1230
2026-09-24T14:38:00+05:30,40.05,40.5,37.35,39.1,408
2026-09-24T14:39:00+05:30,38.45,39.2,34.25,34.25,646
2026-09-24T14:40:00+05:30,34.3,36.35,33.5,35.6,810
2026-09-24T14:41:00+05:30,35.75,37.45,35.3,35.85,721
2026-09-24T14:42:00+05:30,35.6,39.15,35.4,37.6,283
2026-09-24T14:43:00+05:30,37.8,38.2,35.95,36.0,456
2026-09-24T14:44:00+05:30,36.45,37.15,36.0,36.45,150
2026-09-24T14:45:00+05:30,36.45,37.25,33.5,33.65,267
2026-09-24T14:46:00+05:30,33.55,34.1,32.75,34.1,188
2026-09-24T14:47:00+05:30,34.1,34.85,32.5,33.45,252
2026-09-24T14:48:00+05:30,33.95,34.35,32.55,33.0,276
2026-09-24T14:49:00+05:30,32.9,34.55,32.9,33.0,766
2026-09-24T14:50:00+05:30,32.85,32.85,30.65,31.05,304
2026-09-24T14:51:00+05:30,31.35,31.55,29.35,29.7,981
2026-09-24T14:52:00+05:30,29.5,30.1,28.75,29.85,259
2026-09-24T14:53:00+05:30,29.85,30.3,29.0,29.0,148
2026-09-24T14:54:00+05:30,28.9,30.0,28.2,29.7,209
2026-09-24T14:55:00+05:30,29.65,29.95,27.75,28.4,254
2026-09-24T14:56:00+05:30,28.3,30.1,27.15,30.1,241
2026-09-24T14:57:00+05:30,30.45,32.05,30.3,31.0,370
2026-09-24T14:58:00+05:30,31.05,33.1,30.85,31.05,788
2026-09-24T14:59:00+05:30,31.25,33.95,31.1,33.7,600
2026-09-24T15:00:00+05:30,33.2,34.8,32.35,34.5,948
2026-09-24T15:01:00+05:30,34.95,35.95,32.7,33.1,376
2026-09-24T15:02:00+05:30,32.95,33.3,30.05,30.3,427
2026-09-24T15:03:00+05:30,30.25,32.0,30.05,31.4,519
2026-09-24T15:04:00+05:30,30.9,31.0,29.75,29.9,194
2026-09-24T15:05:00+05:30,30.2,33.55,29.8,33.3,146
2026-09-24T15:06:00+05:30,32.7,34.4,32.4,33.1,659
2026-09-24T15:07:00+05:30,33.65,34.7,33.5,34.0,65
2026-09-24T15:08:00+05:30,33.85,35.65,33.85,34.7,510
2026-09-24T15:09:00+05:30,35.1,35.35,33.0,33.0,561
2026-09-24T15:10:00+05:30,32.6,35.85,32.55,34.9,288
2026-09-24T15:11:00+05:30,35.1,35.95,33.35,34.4,240
2026-09-24T15:12:00+05:30,34.35,38.25,34.1,36.5,551
2026-09-24T15:13:00+05:30,36.3,39.0,35.4,38.6,465
2026-09-24T15:14:00+05:30,39.1,40.1,36.6,37.6,237
2026-09-24T15:15:00+05:30,37.25,40.6,37.2,40.35,209
2026-09-24T15:16:00+05:30,40.3,40.55,38.95,39.45,217
2026-09-24T15:17:00+05:30,39.0,39.6,37.35,38.1,331
2026-09-24T15:18:00+05:30,38.3,38.3,34.35,34.4,292
2026-09-24T15:19:00+05:30,34.55,34.55,32.4,33.25,255
2026-09-24T15:20:00+05:30,33.25,35.5,33.1,34.7,291
2026-09-24T15:21:00+05:30,34.65,35.7,34.6,34.9,304
2026-09-24T15:22:00+05:30,34.95,35.2,31.4,31.6,477
2026-09-24T15:23:00+05:30,31.6,33.2,31.3,33.15,129
2026-09-24T15:24:00+05:30,33.15,33.4,30.7,30.7,554
2026-09-24T15:25:00+05:30,30.85,31.0,29.45,29.5,239
2026-09-24T15:26:00+05:30,29.3,30.5,28.3,30.3,459
2026-09-24T15:27:00+05:30,30.4,31.15,30.2,30.85,201
2026-09-24T15:28:00+05:30,30.7,31.5,30.6,30.9,346
2026-09-24T15:29:00+05:30,30.8,31.85,30.45,31.6,272
2026-09-24T15:30:00+05:30,31.7,33.7,31.7,33.65,363
2026-09-24T15:31:00+05:30,33.7,35.0,33.55,34.65,719
2026-09-24T15:32:00+05:30,35.05,35.45,33.9,34.7,1508
2026-09-24T15:33:00+05:30,34.7,36.15,34.55,36.15,311
2026-09-24T15:34:00+05:30,35.9,36.7,35.0,36.15,494
2026-09-24T15:35:00+05:30,36.35,36.45,35.05,35.35,456
2026-09-24T15:36:00+05:30,35.6,38.75,35.45,37.0,1808
2026-09-24T15:37:00+05:30,37.25,37.45,36.2,36.45,365
2026-09-24T15:38:00+05:30,36.7,36.9,36.0,36.4,616
2026-09-24T15:39:00+05:30,36.45,39.35,35.05,39.0,761
2026-09-25T09:15:00+05:30,39.8,39.8,18.8,19.1,5741
2026-09-25T09:16:00+05:30,18.9,19.85,17.65,18.6,4322
2026-09-25T09:17:00+05:30,18.4,20.35,17.85,20.0,1571
2026-09-25T09:18:00+05:30,20.15,22.5,20.0,21.45,1466
2026-09-25T09:19:00+05:30,21.5,21.7,20.25,21.45,495
2026-09-25T09:20:00+05:30,21.75,22.35,21.25,21.4,551
2026-09-25T09:21:00+05:30,21.6,22.9,21.05,21.55,1420
2026-09-25T09:22:00+05:30,21.6,21.75,20.1,20.15,2854
2026-09-25T09:23:00+05:30,20.2,21.05,19.6,20.95,667
2026-09-25T09:24:00+05:30,21.05,21.6,20.0,20.3,2865
2026-09-25T09:25:00+05:30,20.35,20.35,19.2,19.8,1007
2026-09-25T09:26:00+05:30,19.6,19.6,18.45,18.45,481
2026-09-25T09:27:00+05:30,18.4,19.1,18.25,18.65,908
2026-09-25T09:28:00+05:30,18.5,19.85,18.25,18.95,1395
2026-09-25T09:29:00+05:30,18.9,19.05,18.35,18.5,929
2026-09-25T09:30:00+05:30,18.4,19.05,18.05,18.1,308
2026-09-25T09:31:00+05:30,18.1,19.15,17.65,18.55,2779
2026-09-25T09:32:00+05:30,18.5,18.95,17.7,18.6,1105
2026-09-25T09:33:00+05:30,18.7,19.1,18.35,18.35,609
2026-09-25T09:34:00+05:30,18.4,18.75,17.35,17.7,646
2026-09-25T09:35:00+05:30,17.65,17.75,17.0,17.15,716
2026-09-25T09:36:00+05:30,17.05,19.0,17.05,18.85,2008
2026-09-25T09:37:00+05:30,18.9,20.85,18.45,20.55,1389
2026-09-25T09:38:00+05:30,20.7,21.85,20.25,20.95,636
2026-09-25T09:39:00+05:30,21.0,21.25,20.05,21.2,471
2026-09-25T09:40:00+05:30,21.3,25.3,21.3,24.25,1528
2026-09-25T09:41:00+05:30,24.35,25.1,23.15,23.15,1276
2026-09-25T09:42:00+05:30,23.15,26.0,23.0,25.1,826
2026-09-25T09:43:00+05:30,25.25,30.65,24.95,28.95,1951
2026-09-25T09:44:00+05:30,29.15,29.15,27.75,28.25,1062
2026-09-25T09:45:00+05:30,28.35,28.9,26.5,28.9,1103
2026-09-25T09:46:00+05:30,28.6,29.0,27.55,28.2,363
2026-09-25T09:47:00+05:30,28.1,28.4,24.75,25.2,575
2026-09-25T09:48:00+05:30,25.15,26.2,24.65,25.85,760
2026-09-25T09:49:00+05:30,25.7,27.95,25.7,27.7,321
2026-09-25T09:50:00+05:30,27.8,27.8,26.5,27.6,549
2026-09-25T09:51:00+05:30,27.65,28.1,26.65,27.25,556
2026-09-25T09:52:00+05:30,27.2,31.95,27.2,30.85,855
2026-09-25T09:53:00+05:30,30.8,31.25,28.45,28.85,1080
2026-09-25T09:54:00+05:30,29.0,29.45,27.6,28.15,899
2026-09-25T09:55:00+05:30,28.4,28.65,27.25,28.65,400
2026-09-25T09:56:00+05:30,28.55,28.9,26.65,27.45,300
2026-09-25T09:57:00+05:30,27.45,28.4,26.95,27.55,275
2026-09-25T09:58:00+05:30,27.45,28.7,26.85,27.0,252
2026-09-25T09:59:00+05:30,27.0,27.15,24.5,25.25,661
2026-09-25T10:00:00+05:30,25.55,25.55,24.0,24.15,526
2026-09-25T10:01:00+05:30,24.3,25.5,24.25,25.35,340
2026-09-25T10:02:00+05:30,25.15,25.45,23.25,23.55,788
2026-09-25T10:03:00+05:30,23.6,23.7,21.75,22.95,3561
2026-09-25T10:04:00+05:30,22.65,22.95,21.2,22.6,411
2026-09-25T10:05:00+05:30,22.4,22.8,20.85,22.75,323
2026-09-25T10:06:00+05:30,22.75,22.75,21.0,21.5,284
2026-09-25T10:07:00+05:30,21.45,21.75,19.6,20.05,527
2026-09-25T10:08:00+05:30,20.05,20.2,17.3,17.45,715
2026-09-25T10:09:00+05:30,17.5,19.45,17.2,18.4,634
2026-09-25T10:10:00+05:30,18.4,19.65,17.9,19.6,556
2026-09-25T10:11:00+05:30,19.6,21.0,19.45,20.9,674
2026-09-25T10:12:00+05:30,20.65,21.95,20.3,20.3,669
2026-09-25T10:13:00+05:30,20.1,20.35,19.7,19.85,254
2026-09-25T10:14:00+05:30,20.0,20.3,19.4,19.9,249
2026-09-25T10:15:00+05:30,19.6,20.15,19.5,19.75,245
2026-09-25T10:16:00+05:30,19.35,19.65,18.8,19.45,260
2026-09-25T10:17:00+05:30,19.15,19.9,19.15,19.5,272
2026-09-25T10:18:00+05:30,19.55,21.35,19.55,21.05,153
2026-09-25T10:19:00+05:30,20.85,21.9,20.65,21.15,264
2026-09-25T10:20:00+05:30,21.4,21.75,20.75,21.0,367
2026-09-25T10:21:00+05:30,21.0,21.0,19.8,20.15,485
2026-09-25T10:22:00+05:30,20.2,21.05,20.2,21.05,229
2026-09-25T10:23:00+05:30,21.0,21.9,21.0,21.75,240
2026-09-25T10:24:00+05:30,21.8,23.55,21.5,23.45,223
2026-09-25T10:25:00+05:30,23.4,23.7,21.8,22.05,332
2026-09-25T10:26:00+05:30,21.75,22.6,21.45,22.15,434
2026-09-25T10:27:00+05:30,22.3,23.25,22.25,23.05,333
2026-09-25T10:28:00+05:30,23.1,25.0,23.1,24.0,443
2026-09-25T10:29:00+05:30,24.05,24.6,23.2,23.4,356
2026-09-25T10:30:00+05:30,23.2,23.3,22.45,22.7,228
2026-09-25T10:31:00+05:30,22.5,23.2,21.15,23.15,232
2026-09-25T10:32:00+05:30,23.3,24.4,23.2,24.25,289
2026-09-25T10:33:00+05:30,24.2,24.2,23.3,23.85,274
2026-09-25T10:34:00+05:30,23.9,25.8,23.3,25.7,290
2026-09-25T10:35:00+05:30,25.95,26.65,24.8,25.8,396
2026-09-25T10:36:00+05:30,25.6,25.8,24.7,24.7,371
2026-09-25T10:37:00+05:30,24.7,24.7,23.4,23.65,634
2026-09-25T10:38:00+05:30,23.45,24.05,23.0,23.05,243
2026-09-25T10:39:00+05:30,23.05,23.05,22.25,22.6,339
2026-09-25T10:40:00+05:30,23.0,23.2,22.1,22.5,179
2026-09-25T10:41:00+05:30,22.4,23.85,22.4,23.25,107
2026-09-25T10:42:00+05:30,23.3,23.3,22.2,22.85,83
2026-09-25T10:43:00+05:30,23.25,23.9,23.15,23.7,130
2026-09-25T10:44:00+05:30,23.65,24.2,23.5,24.15,56
2026-09-25T10:45:00+05:30,23.75,24.45,23.6,24.3,149
2026-09-25T10:46:00+05:30,24.25,24.6,24.1,24.4,69
2026-09-25T10:47:00+05:30,24.15,25.5,24.1,25.5,209
2026-09-25T10:48:00+05:30,25.65,25.75,24.85,24.85,248
2026-09-25T10:49:00+05:30,25.0,25.3,24.0,24.6,306
2026-09-25T10:50:00+05:30,24.45,24.6,24.0,24.4,235
2026-09-25T10:51:00+05:30,24.45,24.45,22.95,23.0,156
2026-09-25T10:52:00+05:30,23.0,23.5,22.55,23.3,288
2026-09-25T10:53:00+05:30,23.35,23.7,23.3,23.65,143
2026-09-25T10:54:00+05:30,23.4,23.4,22.45,22.75,245
2026-09-25T10:55:00+05:30,22.55,22.6,21.4,21.5,131
2026-09-25T10:56:00+05:30,21.65,22.25,20.5,20.95,229
2026-09-25T10:57:00+05:30,21.05,21.85,21.05,21.85,202
2026-09-25T10:58:00+05:30,21.65,21.95,21.3,21.75,69
2026-09-25T10:59:00+05:30,21.6,22.0,20.9,20.9,65
2026-09-25T11:00:00+05:30,21.15,21.5,20.0,20.4,304
2026-09-25T11:01:00+05:30,20.4,20.45,19.5,20.1,541
2026-09-25T11:02:00+05:30,19.9,20.05,18.2,18.95,539
2026-09-25T11:03:00+05:30,19.0,19.25,17.9,18.8,398
2026-09-25T11:04:00+05:30,19.0,19.15,18.3,18.8,459
2026-09-25T11:05:00+05:30,18.85,19.05,18.2,18.45,267
2026-09-25T11:06:00+05:30,18.55,18.95,18.45,18.7,43
2026-09-25T11:07:00+05:30,18.7,19.45,18.15,18.5,1766
2026-09-25T11:08:00+05:30,18.55,19.45,18.4,19.2,187
2026-09-25T11:09:00+05:30,19.3,19.3,18.8,18.9,58
2026-09-25T11:10:00+05:30,19.0,19.05,18.65,18.75,202
2026-09-25T11:11:00+05:30,18.65,18.65,18.1,18.2,202
2026-09-25T11:12:00+05:30,18.15,18.4,17.85,18.35,284
2026-09-25T11:13:00+05:30,18.4,19.7,18.3,19.7,140
2026-09-25T11:14:00+05:30,19.6,19.8,18.9,19.05,270
2026-09-25T11:15:00+05:30,18.95,19.25,18.5,18.6,598
2026-09-25T11:16:00+05:30,18.8,19.0,18.35,18.6,447
2026-09-25T11:17:00+05:30,18.65,18.7,17.95,18.4,455
2026-09-25T11:18:00+05:30,18.4,19.3,18.3,18.9,662
2026-09-25T11:19:00+05:30,18.95,19.35,18.75,18.95,203
2026-09-25T11:20:00+05:30,19.05,19.1,18.35,18.5,521
2026-09-25T11:21:00+05:30,18.35,18.35,17.65,18.2,1679
2026-09-25T11:22:00+05:30,18.2,18.25,17.9,18.25,195
2026-09-25T11:23:00+05:30,18.15,18.95,18.1,18.95,546
2026-09-25T11:24:00+05:30,18.95,20.1,18.8,20.1,346
2026-09-25T11:25:00+05:30,19.95,20.55,19.95,20.3,299
2026-09-25T11:26:00+05:30,20.35,20.9,19.8,20.85,233
2026-09-25T11:27:00+05:30,20.75,20.8,19.75,20.2,1567
2026-09-25T11:28:00+05:30,20.1,20.25,19.7,20.05,258
2026-09-25T11:29:00+05:30,20.05,20.1,19.25,19.4,201
2026-09-25T11:30:00+05:30,19.45,19.7,19.0,19.5,136
2026-09-25T11:31:00+05:30,19.25,19.25,18.1,18.65,816
2026-09-25T11:32:00+05:30,18.7,18.7,18.4,18.6,286
2026-09-25T11:33:00+05:30,18.6,18.95,18.15,18.95,185
2026-09-25T11:34:00+05:30,19.2,19.2,18.8,18.9,95
2026-09-25T11:35:00+05:30,18.8,18.85,18.5,18.55,95
2026-09-25T11:36:00+05:30,19.05,19.3,18.85,19.3,46
2026-09-25T11:37:00+05:30,19.3,19.9,19.2,19.5,287
2026-09-25T11:38:00+05:30,19.35,19.7,19.35,19.45,40
2026-09-25T11:39:00+05:30,18.95,19.1,18.45,18.6,36
2026-09-25T11:40:00+05:30,18.45,19.6,18.25,19.55,450
2026-09-25T11:41:00+05:30,19.5,20.1,19.5,19.9,229
2026-09-25T11:42:00+05:30,19.9,19.95,19.2,19.25,541
2026-09-25T11:43:00+05:30,19.15,19.5,19.15,19.25,145
2026-09-25T11:44:00+05:30,19.65,19.65,19.1,19.45,255
2026-09-25T11:45:00+05:30,19.5,19.7,19.15,19.15,147
2026-09-25T11:46:00+05:30,19.2,19.3,18.45,18.7,175
2026-09-25T11:47:00+05:30,18.7,18.8,18.25,18.55,312
2026-09-25T11:48:00+05:30,18.5,18.9,18.5,18.65,123
2026-09-25T11:49:00+05:30,18.55,18.95,18.55,18.6,55
2026-09-25T11:50:00+05:30,18.55,18.55,18.0,18.2,355
2026-09-25T11:51:00+05:30,18.15,18.4,18.0,18.1,325
2026-09-25T11:52:00+05:30,18.0,18.35,17.85,17.95,436
2026-09-25T11:53:00+05:30,18.0,18.2,17.75,18.15,248
2026-09-25T11:54:00+05:30,18.25,18.35,17.75,17.8,135
2026-09-25T11:55:00+05:30,17.85,18.3,17.65,18.25,182
2026-09-25T11:56:00+05:30,18.1,18.55,17.9,18.4,132
2026-09-25T11:57:00+05:30,18.4,18.4,18.0,18.1,534
2026-09-25T11:58:00+05:30,18.0,18.3,17.8,18.0,382
2026-09-25T11:59:00+05:30,17.95,18.55,17.9,18.4,264
2026-09-25T12:00:00+05:30,18.45,18.5,18.1,18.3,152
2026-09-25T12:01:00+05:30,18.3,19.15,18.1,18.8,362
2026-09-25T12:02:00+05:30,18.85,18.85,18.35,18.6,139
2026-09-25T12:03:00+05:30,18.8,19.65,18.8,19.4,254
2026-09-25T12:04:00+05:30,19.5,19.85,18.8,18.85,271
2026-09-25T12:05:00+05:30,19.1,19.15,18.85,18.85,42
2026-09-25T12:06:00+05:30,18.8,19.4,18.8,19.25,138
2026-09-25T12:07:00+05:30,19.35,19.5,19.0,19.45,67
2026-09-25T12:08:00+05:30,19.6,19.6,18.75,18.75,96
2026-09-25T12:09:00+05:30,18.7,18.75,18.05,18.25,70
2026-09-25T12:10:00+05:30,18.25,18.5,17.95,18.0,337
2026-09-25T12:11:00+05:30,17.9,17.9,17.55,17.85,80
2026-09-25T12:12:00+05:30,17.6,17.95,17.6,17.95,201
2026-09-25T12:13:00+05:30,17.9,18.3,17.9,18.0,332
2026-09-25T12:14:00+05:30,18.0,18.45,18.0,18.1,67
2026-09-25T12:15:00+05:30,18.0,18.3,17.9,18.3,170
2026-09-25T12:16:00+05:30,18.1,18.1,17.85,17.9,128
2026-09-25T12:17:00+05:30,18.0,18.5,17.95,18.5,22
2026-09-25T12:18:00+05:30,18.5,18.65,18.0,18.15,158
2026-09-25T12:19:00+05:30,18.15,18.25,17.95,18.25,59
2026-09-25T12:20:00+05:30,18.4,18.85,18.4,18.75,135
2026-09-25T12:21:00+05:30,18.75,18.9,18.55,18.9,99
2026-09-25T12:22:00+05:30,18.95,19.15,18.9,19.15,73
2026-09-25T12:23:00+05:30,19.35,19.45,18.95,18.95,144
2026-09-25T12:24:00+05:30,18.8,19.4,18.8,19.35,263
2026-09-25T12:25:00+05:30,19.15,19.65,19.15,19.4,51
2026-09-25T12:26:00+05:30,19.4,19.4,19.0,19.0,17
2026-09-25T12:27:00+05:30,18.45,19.0,18.45,18.85,40
2026-09-25T12:28:00+05:30,18.6,18.65,18.05,18.2,54
2026-09-25T12:29:00+05:30,18.1,18.3,17.5,17.5,239
2026-09-25T12:30:00+05:30,17.5,17.7,16.55,16.95,1270
2026-09-25T12:31:00+05:30,16.8,17.1,16.7,16.8,180
2026-09-25T12:32:00+05:30,16.75,17.1,16.6,17.1,60
2026-09-25T12:33:00+05:30,17.05,17.4,16.95,17.4,86
2026-09-25T12:34:00+05:30,17.3,17.65,17.1,17.65,30
2026-09-25T12:35:00+05:30,17.8,18.15,17.6,18.15,62
2026-09-25T12:36:00+05:30,18.05,18.95,18.05,18.85,96
2026-09-25T12:37:00+05:30,18.7,18.7,18.2,18.65,91
2026-09-25T12:38:00+05:30,18.6,18.75,18.15,18.15,125
2026-09-25T12:39:00+05:30,18.05,18.35,17.85,17.85,206
2026-09-25T12:40:00+05:30,18.0,18.15,17.6,18.0,75
2026-09-25T12:41:00+05:30,18.0,18.2,17.5,17.55,113
2026-09-25T12:42:00+05:30,17.6,18.3,17.6,18.25,69
2026-09-25T12:43:00+05:30,18.25,18.8,18.05,18.2,90
2026-09-25T12:44:00+05:30,18.25,18.7,17.8,18.55,376
2026-09-25T12:45:00+05:30,18.45,19.45,18.45,19.1,214
2026-09-25T12:46:00+05:30,19.0,19.1,18.35,18.65,110
2026-09-25T12:47:00+05:30,18.7,18.8,18.1,18.1,87
2026-09-25T12:48:00+05:30,18.2,18.75,18.15,18.7,52
2026-09-25T12:49:00+05:30,18.65,19.75,18.35,19.4,215
2026-09-25T12:50:00+05:30,19.3,20.65,19.15,20.1,613
2026-09-25T12:51:00+05:30,20.4,21.4,19.95,20.75,764
2026-09-25T12:52:00+05:30,20.75,21.1,20.0,20.25,148
2026-09-25T12:53:00+05:30,20.2,21.15,20.15,20.45,190
2026-09-25T12:54:00+05:30,20.25,21.0,20.15,20.8,123
2026-09-25T12:55:00+05:30,21.1,21.5,20.8,21.4,129
2026-09-25T12:56:00+05:30,21.35,24.9,20.75,24.65,937
2026-09-25T12:57:00+05:30,24.55,25.45,22.75,23.15,1057
2026-09-25T12:58:00+05:30,23.0,23.0,22.0,22.1,546
2026-09-25T12:59:00+05:30,22.0,22.3,21.1,21.1,581
2026-09-25T13:00:00+05:30,21.2,21.45,20.15,20.75,245
2026-09-25T13:01:00+05:30,20.6,20.8,19.9,20.3,88
2026-09-25T13:02:00+05:30,20.5,22.2,20.5,22.2,122
2026-09-25T13:03:00+05:30,21.65,22.0,21.05,21.95,283
2026-09-25T13:04:00+05:30,21.75,22.15,21.75,22.05,212
2026-09-25T13:05:00+05:30,22.1,22.5,21.2,21.55,123
2026-09-25T13:06:00+05:30,21.3,21.65,21.05,21.25,413
2026-09-25T13:07:00+05:30,21.3,21.45,20.8,21.25,337
2026-09-25T13:08:00+05:30,21.3,21.65,20.75,20.9,331
2026-09-25T13:09:00+05:30,20.5,20.55,19.8,19.9,426
2026-09-25T13:10:00+05:30,19.95,20.35,19.75,19.8,385
2026-09-25T13:11:00+05:30,19.3,19.45,18.8,19.45,275
2026-09-25T13:12:00+05:30,19.1,19.65,19.05,19.35,74
2026-09-25T13:13:00+05:30,19.55,19.75,19.2,19.2,77
2026-09-25T13:14:00+05:30,19.5,20.65,19.5,20.45,261
2026-09-25T13:15:00+05:30,20.25,20.25,19.7,20.0,407
2026-09-25T13:16:00+05:30,20.35,20.5,19.9,19.9,142
2026-09-25T13:17:00+05:30,20.05,20.45,19.45,20.35,82
2026-09-25T13:18:00+05:30,20.25,20.5,20.1,20.3,63
2026-09-25T13:19:00+05:30,20.1,20.4,19.5,20.35,55
2026-09-25T13:20:00+05:30,20.35,20.35,19.65,20.25,102
2026-09-25T13:21:00+05:30,19.85,19.95,19.4,19.45,95
2026-09-25T13:22:00+05:30,19.4,20.35,19.15,20.35,52
2026-09-25T13:23:00+05:30,20.3,20.6,19.75,20.1,291
2026-09-25T13:24:00+05:30,20.25,20.9,20.25,20.5,242
2026-09-25T13:25:00+05:30,20.5,20.9,20.1,20.3,120
2026-09-25T13:26:00+05:30,20.2,20.3,19.45,19.65,136
2026-09-25T13:27:00+05:30,19.5,20.15,19.5,20.15,55
2026-09-25T13:28:00+05:30,20.0,20.2,19.8,20.0,365
2026-09-25T13:29:00+05:30,19.8,19.85,19.55,19.75,216
2026-09-25T13:30:00+05:30,19.55,20.3,19.5,20.3,188
2026-09-25T13:31:00+05:30,19.95,20.05,19.55,20.0,79
2026-09-25T13:32:00+05:30,20.0,20.5,20.0,20.1,72
2026-09-25T13:33:00+05:30,20.2,21.3,20.15,21.3,104
2026-09-25T13:34:00+05:30,21.25,21.55,20.95,21.4,1049
2026-09-25T13:35:00+05:30,21.55,23.2,21.45,21.95,1253
2026-09-25T13:36:00+05:30,21.95,22.3,21.3,21.85,220
2026-09-25T13:37:00+05:30,21.8,22.85,21.2,21.2,375
2026-09-25T13:38:00+05:30,21.6,22.15,21.45,21.9,189
2026-09-25T13:39:00+05:30,22.0,22.55,21.55,22.5,151
2026-09-25T13:40:00+05:30,22.25,22.25,21.0,21.05,127
2026-09-25T13:41:00+05:30,21.05,21.2,20.7,21.0,115
2026-09-25T13:42:00+05:30,21.1,21.4,20.0,20.0,266
2026-09-25T13:43:00+05:30,19.9,21.05,19.5,20.9,290
2026-09-25T13:44:00+05:30,20.85,20.85,20.4,20.55,30
2026-09-25T13:45:00+05:30,20.35,20.65,20.0,20.15,118
2026-09-25T13:46:00+05:30,19.85,20.05,18.25,18.25,376
2026-09-25T13:47:00+05:30,18.35,19.65,18.3,19.2,134
2026-09-25T13:48:00+05:30,19.4,19.6,19.3,19.35,61
2026-09-25T13:49:00+05:30,19.45,19.9,19.2,19.65,216
2026-09-25T13:50:00+05:30,19.8,20.25,19.7,20.15,309
2026-09-25T13:51:00+05:30,19.95,20.0,19.6,19.6,46
2026-09-25T13:52:00+05:30,19.6,19.85,19.5,19.75,171
2026-09-25T13:53:00+05:30,19.7,20.0,19.35,20.0,47
2026-09-25T13:54:00+05:30,19.65,19.65,18.95,19.3,54
2026-09-25T13:55:00+05:30,19.35,19.35,18.3,18.3,309
2026-09-25T13:56:00+05:30,18.65,18.8,17.0,17.1,512
2026-09-25T13:57:00+05:30,17.2,17.75,17.05,17.75,240
2026-09-25T13:58:00+05:30,17.75,17.85,17.0,17.45,238
2026-09-25T13:59:00+05:30,17.45,17.5,16.4,16.55,301
2026-09-25T14:00:00+05:30,16.5,16.5,14.35,15.2,756
2026-09-25T14:01:00+05:30,15.3,16.3,15.05,15.65,912
2026-09-25T14:02:00+05:30,15.65,15.75,14.75,15.3,741
2026-09-25T14:03:00+05:30,15.25,15.3,13.7,13.9,1335
2026-09-25T14:04:00+05:30,13.9,15.15,13.9,14.65,1551
2026-09-25T14:05:00+05:30,14.65,15.15,14.3,15.1,669
2026-09-25T14:06:00+05:30,15.1,15.25,14.65,15.2,515
2026-09-25T14:07:00+05:30,15.3,15.4,14.55,14.55,995
2026-09-25T14:08:00+05:30,14.55,15.0,14.45,14.7,519
2026-09-25T14:09:00+05:30,14.8,16.0,14.7,15.55,626
2026-09-25T14:10:00+05:30,15.7,16.0,15.35,15.8,1913
2026-09-25T14:11:00+05:30,15.9,15.9,14.95,15.25,1321
2026-09-25T14:12:00+05:30,15.2,15.55,14.85,15.45,515
2026-09-25T14:13:00+05:30,15.4,15.55,15.0,15.55,113
2026-09-25T14:14:00+05:30,15.55,15.65,14.95,15.1,1195
2026-09-25T14:15:00+05:30,14.85,15.25,14.25,14.35,2287
2026-09-25T14:16:00+05:30,14.4,14.7,13.95,14.0,1617
2026-09-25T14:17:00+05:30,14.0,14.0,13.45,14.0,1183
2026-09-25T14:18:00+05:30,13.8,13.95,13.35,13.7,870
2026-09-25T14:19:00+05:30,13.65,13.75,13.5,13.7,132
2026-09-25T14:20:00+05:30,13.65,14.1,13.4,13.8,727
2026-09-25T14:21:00+05:30,13.75,13.85,13.15,13.45,519
2026-09-25T14:22:00+05:30,13.5,13.6,13.35,13.4,306
2026-09-25T14:23:00+05:30,13.5,13.7,13.0,13.05,2033
2026-09-25T14:24:00+05:30,13.1,13.15,12.2,12.4,4364
2026-09-25T14:25:00+05:30,12.4,12.8,11.6,12.4,1319
2026-09-25T14:26:00+05:30,12.25,12.85,11.85,12.7,1017
2026-09-25T14:27:00+05:30,12.65,12.7,12.1,12.45,239
2026-09-25T14:28:00+05:30,12.5,12.55,11.75,11.8,269
2026-09-25T14:29:00+05:30,11.95,12.1,11.75,12.05,269
2026-09-25T14:30:00+05:30,12.05,12.1,11.45,11.45,642
2026-09-25T14:31:00+05:30,11.5,11.75,11.25,11.3,867
2026-09-25T14:32:00+05:30,11.35,11.45,11.15,11.4,273
2026-09-25T14:33:00+05:30,11.4,11.45,11.05,11.25,255
2026-09-25T14:34:00+05:30,11.4,11.45,11.15,11.4,320
2026-09-25T14:35:00+05:30,11.35,11.7,11.35,11.7,100
2026-09-25T14:36:00+05:30,11.75,11.75,11.5,11.65,390
2026-09-25T14:37:00+05:30,11.7,11.7,11.3,11.35,536
2026-09-25T14:38:00+05:30,11.45,11.5,11.1,11.25,768
2026-09-25T14:39:00+05:30,11.15,11.3,11.0,11.3,686
2026-09-25T14:40:00+05:30,11.2,11.45,11.1,11.3,701
2026-09-25T14:41:00+05:30,11.25,11.65,11.2,11.4,819
2026-09-25T14:42:00+05:30,11.4,11.7,11.35,11.7,276
2026-09-25T14:43:00+05:30,11.6,11.95,11.55,11.95,159
2026-09-25T14:44:00+05:30,11.95,12.05,11.7,11.9,288
2026-09-25T14:45:00+05:30,11.85,12.15,11.7,12.15,485
2026-09-25T14:46:00+05:30,12.25,12.5,12.05,12.35,326
2026-09-25T14:47:00+05:30,12.5,12.8,12.4,12.75,264
2026-09-25T14:48:00+05:30,12.65,12.85,12.15,12.15,474
2026-09-25T14:49:00+05:30,12.2,12.4,12.0,12.3,270
2026-09-25T14:50:00+05:30,12.25,13.0,11.95,12.7,307
2026-09-25T14:51:00+05:30,12.55,12.9,12.5,12.55,250
2026-09-25T14:52:00+05:30,12.5,12.5,12.1,12.5,363
2026-09-25T14:53:00+05:30,12.45,12.45,12.05,12.25,331
2026-09-25T14:54:00+05:30,12.15,12.25,11.8,11.95,133
2026-09-25T14:55:00+05:30,11.7,12.85,11.7,12.75,146
2026-09-25T14:56:00+05:30,12.75,13.05,12.65,13.05,292
2026-09-25T14:57:00+05:30,13.0,13.45,12.9,12.9,512
2026-09-25T14:58:00+05:30,12.95,13.5,12.9,13.35,353
2026-09-25T14:59:00+05:30,13.2,13.25,12.7,12.85,318
2026-09-25T15:00:00+05:30,12.9,13.25,12.9,13.0,626
2026-09-25T15:01:00+05:30,13.05,13.6,13.0,13.55,800
2026-09-25T15:02:00+05:30,13.6,14.1,13.5,13.6,814
2026-09-25T15:03:00+05:30,13.7,13.85,13.45,13.7,328
2026-09-25T15:04:00+05:30,13.8,13.95,13.6,13.65,77
2026-09-25T15:05:00+05:30,13.7,14.1,13.6,13.85,529
2026-09-25T15:06:00+05:30,13.95,13.95,13.2,13.6,1351
2026-09-25T15:07:00+05:30,13.5,14.5,13.25,14.3,869
2026-09-25T15:08:00+05:30,14.4,16.45,14.35,16.15,1112
2026-09-25T15:09:00+05:30,16.4,16.55,15.05,15.4,970
2026-09-25T15:10:00+05:30,15.2,15.7,14.4,14.8,1388
2026-09-25T15:11:00+05:30,15.05,15.3,14.55,14.55,730
2026-09-25T15:12:00+05:30,14.55,14.65,13.75,13.75,1356
2026-09-25T15:13:00+05:30,13.7,14.1,13.3,13.4,722
2026-09-25T15:14:00+05:30,13.4,13.5,12.55,12.75,1536
2026-09-25T15:15:00+05:30,12.7,13.1,12.55,12.85,365
2026-09-25T15:16:00+05:30,12.85,13.3,12.8,13.0,284
2026-09-25T15:17:00+05:30,13.1,13.3,12.95,13.05,217
2026-09-25T15:18:00+05:30,12.95,13.0,12.25,12.65,229
2026-09-25T15:19:00+05:30,12.65,13.15,12.5,13.15,241
2026-09-25T15:20:00+05:30,13.2,13.2,12.45,12.85,544
2026-09-25T15:21:00+05:30,12.85,12.95,12.35,12.55,917
2026-09-25T15:22:00+05:30,12.4,12.8,12.4,12.75,204
2026-09-25T15:23:00+05:30,12.85,12.95,12.55,12.6,150
2026-09-25T15:24:00+05:30,12.6,13.1,12.2,12.9,316
2026-09-25T15:25:00+05:30,13.0,13.0,12.55,12.7,334
2026-09-25T15:26:00+05:30,12.75,12.95,12.6,12.9,223
2026-09-25T15:27:00+05:30,12.85,13.0,12.75,12.9,213
2026-09-25T15:28:00+05:30,12.9,13.1,12.75,12.75,416
2026-09-25T15:29:00+05:30,12.85,13.0,12.1,12.2,318
2026-09-25T15:30:00+05:30,12.4,12.55,12.25,12.4,258
2026-09-25T15:31:00+05:30,12.45,12.45,11.5,11.95,592
2026-09-25T15:32:00+05:30,12.05,12.2,11.95,12.2,237
2026-09-25T15:33:00+05:30,12.2,12.6,11.95,12.15,585
2026-09-25T15:34:00+05:30,12.05,12.1,11.85,12.05,286
2026-09-25T15:35:00+05:30,12.0,12.15,11.6,11.75,289
2026-09-25T15:36:00+05:30,11.7,12.6,11.4,12.55,894
2026-09-25T15:37:00+05:30,12.5,12.5,10.45,11.0,1008
2026-09-25T15:38:00+05:30,11.05,11.95,11.05,11.5,563
2026-09-25T15:39:00+05:30,11.95,12.55,11.0,12.55,748
2026-09-28T09:15:00+05:30,14.5,19.25,12.0,18.2,5199
2026-09-28T09:16:00+05:30,19.05,24.9,18.0,18.8,7219
2026-09-28T09:17:00+05:30,18.65,21.3,18.0,19.0,3351
2026-09-28T09:18:00+05:30,19.1,21.75,17.9,21.0,3775
2026-09-28T09:19:00+05:30,21.0,30.2,19.85,29.0,4802
2026-09-28T09:20:00+05:30,29.1,34.7,27.7,32.65,4561
2026-09-28T09:21:00+05:30,32.5,33.2,29.4,31.5,3138
2026-09-28T09:22:00+05:30,31.6,37.7,31.55,36.05,3421
2026-09-28T09:23:00+05:30,35.95,35.95,29.5,31.4,4434
2026-09-28T09:24:00+05:30,31.4,32.5,26.65,29.05,3501
2026-09-28T09:25:00+05:30,29.25,35.75,28.75,33.85,3671
2026-09-28T09:26:00+05:30,34.15,34.75,32.95,34.25,2044
2026-09-28T09:27:00+05:30,34.25,34.9,30.3,32.7,3940
2026-09-28T09:28:00+05:30,32.65,34.0,30.7,30.85,3891
2026-09-28T09:29:00+05:30,30.95,32.2,30.3,30.65,1476
2026-09-28T09:30:00+05:30,30.45,34.0,30.3,31.0,2068
2026-09-28T09:31:00+05:30,30.95,33.3,30.7,32.4,1567
2026-09-28T09:32:00+05:30,32.4,34.75,32.3,33.9,1896
2026-09-28T09:33:00+05:30,34.0,39.85,33.75,37.35,5044
2026-09-28T09:34:00+05:30,37.55,40.95,37.25,37.3,3079
2026-09-28T09:35:00+05:30,37.25,53.75,37.15,49.4,6679
2026-09-28T09:36:00+05:30,49.0,54.55,47.3,52.3,3882
2026-09-28T09:37:00+05:30,52.2,54.7,48.05,49.1,4224
2026-09-28T09:38:00+05:30,49.25,62.25,49.25,55.5,4633
2026-09-28T09:39:00+05:30,55.6,57.6,52.9,54.95,2650
2026-09-28T09:40:00+05:30,54.8,57.35,51.15,51.25,2611
2026-09-28T09:41:00+05:30,51.2,54.25,46.25,49.15,3358
2026-09-28T09:42:00+05:30,49.25,55.45,49.0,54.15,3443
2026-09-28T09:43:00+05:30,54.3,58.7,53.7,56.6,3595
2026-09-28T09:44:00+05:30,56.6,58.8,55.7,55.95,1773
2026-09-28T09:45:00+05:30,56.0,56.7,53.6,55.4,2040
2026-09-28T09:46:00+05:30,55.25,55.4,51.2,51.2,2832
2026-09-28T09:47:00+05:30,52.0,53.6,50.1,52.35,1364
2026-09-28T09:48:00+05:30,52.45,53.3,49.0,52.1,1750
2026-09-28T09:49:00+05:30,52.25,54.2,50.75,51.15,1209
2026-09-28T09:50:00+05:30,50.85,52.4,48.7,50.6,1912
2026-09-28T09:51:00+05:30,50.65,55.0,49.8,54.95,1302
2026-09-28T09:52:00+05:30,54.65,55.4,52.95,53.5,2847
2026-09-28T09:53:00+05:30,53.3,54.15,50.1,51.25,1661
2026-09-28T09:54:00+05:30,51.35,55.35,50.65,54.95,1831
2026-09-28T09:55:00+05:30,54.85,54.9,51.8,54.35,1334
2026-09-28T09:56:00+05:30,54.0,55.15,50.5,51.1,1299
2026-09-28T09:57:00+05:30,51.05,51.55,47.9,48.7,2001
2026-09-28T09:58:00+05:30,48.6,49.1,44.5,46.6,3110
2026-09-28T09:59:00+05:30,46.7,47.65,45.15,46.9,1088
2026-09-28T10:00:00+05:30,46.9,53.7,46.75,53.65,2377
2026-09-28T10:01:00+05:30,53.6,54.75,51.8,52.4,1797
2026-09-28T10:02:00+05:30,52.35,54.2,49.95,51.1,999
2026-09-28T10:03:00+05:30,51.4,54.6,49.4,54.6,1045
2026-09-28T10:04:00+05:30,54.4,58.9,54.3,56.95,2186
2026-09-28T10:05:00+05:30,56.8,68.6,55.05,66.8,3963
2026-09-28T10:06:00+05:30,66.85,68.7,63.0,67.45,5121
2026-09-28T10:07:00+05:30,67.15,72.0,63.2,65.8,4118
2026-09-28T10:08:00+05:30,65.85,68.6,63.55,68.0,1733
2026-09-28T10:09:00+05:30,68.0,71.9,67.4,70.9,2786
2026-09-28T10:10:00+05:30,71.2,71.6,64.55,65.75,3976
2026-09-28T10:11:00+05:30,65.65,66.4,62.15,63.5,2783
2026-09-28T10:12:00+05:30,63.35,66.4,63.0,64.8,2679
2026-09-28T10:13:00+05:30,64.65,64.7,59.0,59.0,2696
2026-09-28T10:14:00+05:30,59.05,63.0,57.35,62.8,2413
2026-09-28T10:15:00+05:30,63.0,65.4,61.75,64.25,1840
2026-09-28T10:16:00+05:30,64.35,65.4,62.7,64.25,1711
2026-09-28T10:17:00+05:30,64.2,74.2,63.6,72.75,2809
2026-09-28T10:18:00+05:30,72.9,75.0,65.25,66.55,3275
2026-09-28T10:19:00+05:30,66.8,66.8,62.4,62.8,1994
2026-09-28T10:20:00+05:30,62.95,64.1,55.6,59.15,3775
2026-09-28T10:21:00+05:30,59.0,63.8,58.15,62.8,2071
2026-09-28T10:22:00+05:30,62.5,63.8,60.4,62.75,1647
2026-09-28T10:23:00+05:30,62.8,65.0,60.85,62.6,1703
2026-09-28T10:24:00+05:30,62.6,67.7,62.5,64.45,1538
2026-09-28T10:25:00+05:30,64.2,67.15,63.6,66.5,1447
2026-09-28T10:26:00+05:30,66.8,67.85,64.0,66.05,1198
2026-09-28T10:27:00+05:30,66.0,67.5,65.0,65.85,1089
2026-09-28T10:28:00+05:30,65.95,66.7,60.0,61.0,1666
2026-09-28T10:29:00+05:30,61.1,65.35,60.25,63.2,1336
2026-09-28T10:30:00+05:30,62.05,62.05,58.0,59.55,3044
2026-09-28T10:31:00+05:30,59.8,61.7,58.95,61.35,1367
2026-09-28T10:32:00+05:30,61.35,63.0,59.95,60.6,1426
2026-09-28T10:33:00+05:30,60.55,64.0,59.5,63.75,680
2026-09-28T10:34:00+05:30,64.15,64.5,62.25,62.95,916
2026-09-28T10:35:00+05:30,62.8,64.0,61.65,62.7,725
2026-09-28T10:36:00+05:30,62.5,62.75,58.0,61.35,1844
2026-09-28T10:37:00+05:30,61.5,64.0,61.0,62.7,966
2026-09-28T10:38:00+05:30,62.9,64.4,61.65,64.25,1236
2026-09-28T10:39:00+05:30,63.75,67.1,62.4,66.15,1780
2026-09-28T10:40:00+05:30,66.0,66.9,63.6,66.55,1744
2026-09-28T10:41:00+05:30,67.0,75.0,64.5,69.5,2772
2026-09-28T10:42:00+05:30,69.65,72.6,69.0,71.8,2316
2026-09-28T10:43:00+05:30,71.55,72.75,68.8,70.65,2105
2026-09-28T10:44:00+05:30,70.25,71.5,68.95,71.2,1573
2026-09-28T10:45:00+05:30,71.05,72.1,68.75,69.9,2527
2026-09-28T10:46:00+05:30,69.9,69.9,66.3,68.2,2077
2026-09-28T10:47:00+05:30,68.3,69.7,66.2,67.9,1241
2026-09-28T10:48:00+05:30,68.0,72.0,67.75,70.65,1026
2026-09-28T10:49:00+05:30,70.85,79.85,70.75,74.0,3670
2026-09-28T10:50:00+05:30,73.9,77.8,72.4,75.4,2216
2026-09-28T10:51:00+05:30,75.0,76.5,72.7,73.95,1355
2026-09-28T10:52:00+05:30,73.85,78.5,73.35,75.6,1538
2026-09-28T10:53:00+05:30,75.5,75.75,72.0,72.25,1269
2026-09-28T10:54:00+05:30,72.0,72.1,66.55,68.6,3275
2026-09-28T10:55:00+05:30,68.0,68.65,61.1,62.4,3583
2026-09-28T10:56:00+05:30,62.35,65.05,60.6,65.05,1882
2026-09-28T10:57:00+05:30,64.95,66.3,62.45,65.5,1474
2026-09-28T10:58:00+05:30,65.2,66.0,62.45,63.95,962
2026-09-28T10:59:00+05:30,64.5,66.7,62.85,66.45,1174
2026-09-28T11:00:00+05:30,66.45,71.0,66.2,68.0,1998
2026-09-28T11:01:00+05:30,68.2,70.9,66.65,67.65,1284
2026-09-28T11:02:00+05:30,67.7,68.85,64.75,65.9,2261
2026-09-28T11:03:00+05:30,65.5,68.8,65.35,68.65,1416
2026-09-28T11:04:00+05:30,68.5,71.6,67.0,70.75,3154
2026-09-28T11:05:00+05:30,70.25,72.1,68.8,70.5,1965
2026-09-28T11:06:00+05:30,70.65,70.85,67.3,69.0,1028
2026-09-28T11:07:00+05:30,69.35,71.0,67.45,71.0,896
2026-09-28T11:08:00+05:30,71.25,75.0,71.15,73.45,2192
2026-09-28T11:09:00+05:30,73.15,74.0,71.4,72.2,1898
2026-09-28T11:10:00+05:30,72.7,75.4,71.25,75.0,1475
2026-09-28T11:11:00+05:30,75.2,76.1,71.85,75.75,1823
2026-09-28T11:12:00+05:30,75.95,77.6,72.6,75.0,2092
2026-09-28T11:13:00+05:30,75.0,76.0,73.45,74.0,1056
2026-09-28T11:14:00+05:30,73.95,74.65,71.6,72.3,1862
2026-09-28T11:15:00+05:30,72.5,72.6,66.3,70.95,2614
2026-09-28T11:16:00+05:30,71.25,76.0,70.6,74.6,1399
2026-09-28T11:17:00+05:30,74.4,75.7,72.35,74.15,1356
2026-09-28T11:18:00+05:30,74.05,74.55,68.35,68.55,1398
2026-09-28T11:19:00+05:30,68.8,69.4,65.6,67.15,1748
2026-09-28T11:20:00+05:30,66.8,70.05,65.3,69.65,1260
2026-09-28T11:21:00+05:30,69.95,71.1,65.3,69.75,3218
2026-09-28T11:22:00+05:30,69.9,70.5,68.65,69.45,958
2026-09-28T11:23:00+05:30,69.95,70.65,67.2,69.3,1063
2026-09-28T11:24:00+05:30,69.25,72.75,68.65,71.05,1081
2026-09-28T11:25:00+05:30,71.05,71.95,69.35,70.75,735
2026-09-28T11:26:00+05:30,70.8,70.9,67.2,68.6,785
2026-09-28T11:27:00+05:30,68.9,69.8,65.0,66.3,1527
2026-09-28T11:28:00+05:30,66.5,66.6,63.8,65.8,1238
2026-09-28T11:29:00+05:30,65.8,66.6,64.1,65.65,1264
2026-09-28T11:30:00+05:30,65.2,65.35,60.65,62.95,2063
2026-09-28T11:31:00+05:30,62.9,62.95,59.65,60.8,2110
2026-09-28T11:32:00+05:30,60.6,64.8,58.35,64.5,2236
2026-09-28T11:33:00+05:30,64.6,71.5,63.8,69.55,2851
2026-09-28T11:34:00+05:30,69.2,71.0,68.0,70.05,2805
2026-09-28T11:35:00+05:30,70.05,71.9,68.45,68.45,1592
2026-09-28T11:36:00+05:30,68.0,68.95,64.0,64.75,1706
2026-09-28T11:37:00+05:30,64.95,64.95,61.1,61.25,2184
2026-09-28T11:38:00+05:30,61.5,64.0,61.35,63.25,1565
2026-09-28T11:39:00+05:30,63.45,63.6,61.2,62.1,1005
2026-09-28T11:40:00+05:30,61.9,62.65,59.15,60.55,2183
2026-09-28T11:41:00+05:30,60.5,61.6,55.35,57.45,3096
2026-09-28T11:42:00+05:30,57.2,57.95,55.7,57.8,1745
2026-09-28T11:43:00+05:30,57.7,59.0,56.5,58.9,730
2026-09-28T11:44:00+05:30,58.6,59.5,57.85,59.15,1487
2026-09-28T11:45:00+05:30,59.0,59.05,55.85,57.85,1788
2026-09-28T11:46:00+05:30,57.9,58.25,55.9,57.6,907
2026-09-28T11:47:00+05:30,57.3,61.05,57.05,61.05,766
2026-09-28T11:48:00+05:30,61.0,62.8,59.35,60.0,1567
2026-09-28T11:49:00+05:30,59.8,62.95,59.65,62.0,1281
2026-09-28T11:50:00+05:30,61.45,63.3,61.2,63.1,1103
2026-09-28T11:51:00+05:30,63.3,65.8,62.1,65.0,1477
2026-09-28T11:52:00+05:30,65.2,66.0,62.8,62.85,1043
2026-09-28T11:53:00+05:30,63.1,64.5,60.9,62.65,1038
2026-09-28T11:54:00+05:30,62.55,65.0,62.35,64.15,754
2026-09-28T11:55:00+05:30,64.9,67.0,64.2,67.0,1238
2026-09-28T11:56:00+05:30,66.95,69.85,66.0,66.15,1947
2026-09-28T11:57:00+05:30,66.0,67.2,65.15,67.0,795
2026-09-28T11:58:00+05:30,66.9,68.35,65.35,65.35,763
2026-09-28T11:59:00+05:30,65.35,66.6,61.45,63.85,1796
2026-09-28T12:00:00+05:30,64.35,64.9,61.3,62.05,822
2026-09-28T12:01:00+05:30,62.15,62.95,59.0,62.05,1588
2026-09-28T12:02:00+05:30,62.15,62.95,59.7,60.45,1095
2026-09-28T12:03:00+05:30,60.7,63.9,60.25,62.5,1471
2026-09-28T12:04:00+05:30,62.0,64.55,60.2,64.05,1050
2026-09-28T12:05:00+05:30,63.95,64.15,60.95,61.35,859
2026-09-28T12:06:00+05:30,61.1,61.35,58.15,60.9,1924
2026-09-28T12:07:00+05:30,60.7,62.0,59.85,61.55,998
2026-09-28T12:08:00+05:30,61.45,63.0,60.3,60.75,896
2026-09-28T12:09:00+05:30,60.5,61.15,60.1,60.5,614
2026-09-28T12:10:00+05:30,60.5,61.25,58.2,58.45,1019
2026-09-28T12:11:00+05:30,58.45,60.1,56.25,59.75,1743
2026-09-28T12:12:00+05:30,59.65,60.8,58.55,60.35,1046
2026-09-28T12:13:00+05:30,60.3,60.5,59.3,59.6,391
2026-09-28T12:14:00+05:30,59.7,61.0,57.65,60.85,841
2026-09-28T12:15:00+05:30,60.95,63.65,60.85,63.45,1527
2026-09-28T12:16:00+05:30,63.5,63.75,59.7,61.3,1293
2026-09-28T12:17:00+05:30,61.15,62.05,60.9,61.6,463
2026-09-28T12:18:00+05:30,61.25,62.05,58.75,59.25,738
2026-09-28T12:19:00+05:30,59.7,60.8,58.3,58.35,492
2026-09-28T12:20:00+05:30,58.45,60.9,57.3,60.25,845
2026-09-28T12:21:00+05:30,60.05,60.6,59.25,59.85,457
2026-09-28T12:22:00+05:30,59.65,62.6,58.65,60.9,949
2026-09-28T12:23:00+05:30,60.85,61.4,58.0,58.0,711
2026-09-28T12:24:00+05:30,57.6,60.7,56.85,57.3,1148
2026-09-28T12:25:00+05:30,57.3,57.55,53.2,54.5,2930
2026-09-28T12:26:00+05:30,54.3,54.8,50.0,54.5,3080
2026-09-28T12:27:00+05:30,54.3,55.4,53.6,54.9,1031
2026-09-28T12:28:00+05:30,54.8,55.25,52.45,54.15,690
2026-09-28T12:29:00+05:30,53.9,53.9,48.45,48.6,1806
2026-09-28T12:30:00+05:30,48.7,53.2,47.85,51.8,1793
2026-09-28T12:31:00+05:30,51.65,53.75,51.3,53.0,1029
2026-09-28T12:32:00+05:30,53.0,53.7,51.35,53.5,1130
2026-09-28T12:33:00+05:30,53.7,57.6,53.3,57.0,1785
2026-09-28T12:34:00+05:30,57.25,61.1,57.15,59.5,2191
2026-09-28T12:35:00+05:30,59.15,61.05,58.2,59.6,1746
2026-09-28T12:36:00+05:30,59.55,60.9,58.7,59.6,955
2026-09-28T12:37:00+05:30,59.5,60.45,57.65,60.05,1120
2026-09-28T12:38:00+05:30,60.25,60.45,58.5,59.5,770
2026-09-28T12:39:00+05:30,59.4,60.15,57.9,59.6,641
2026-09-28T12:40:00+05:30,59.9,60.5,56.35,60.15,1320
2026-09-28T12:41:00+05:30,60.5,60.65,58.9,59.15,726
2026-09-28T12:42:00+05:30,58.9,59.55,55.1,56.8,1424
2026-09-28T12:43:00+05:30,56.65,57.3,55.2,56.3,610
2026-09-28T12:44:00+05:30,56.35,60.0,56.25,59.45,1199
2026-09-28T12:45:00+05:30,59.2,61.8,58.45,60.0,2289
2026-09-28T12:46:00+05:30,60.1,60.2,56.6,58.25,1067
2026-09-28T12:47:00+05:30,58.25,59.6,57.35,58.8,478
2026-09-28T12:48:00+05:30,58.4,60.85,57.45,59.3,707
2026-09-28T12:49:00+05:30,58.9,59.65,57.65,58.45,695
2026-09-28T12:50:00+05:30,58.55,59.1,56.85,57.6,654
2026-09-28T12:51:00+05:30,57.5,61.5,57.45,59.5,860
2026-09-28T12:52:00+05:30,59.45,62.75,58.0,62.2,1254
2026-09-28T12:53:00+05:30,62.4,65.95,59.4,60.0,3674
2026-09-28T12:54:00+05:30,59.4,60.85,58.0,59.4,1139
2026-09-28T12:55:00+05:30,59.75,61.5,58.25,60.2,1117
2026-09-28T12:56:00+05:30,59.8,62.9,59.45,62.4,938
2026-09-28T12:57:00+05:30,62.45,64.5,61.45,64.1,2009
2026-09-28T12:58:00+05:30,64.4,64.5,60.1,60.55,1560
2026-09-28T12:59:00+05:30,60.2,62.15,59.65,61.2,748
2026-09-28T13:00:00+05:30,61.5,62.05,59.1,60.55,1179
2026-09-28T13:01:00+05:30,60.1,60.45,55.75,58.5,1806
2026-09-28T13:02:00+05:30,58.4,60.05,57.5,59.9,726
2026-09-28T13:03:00+05:30,59.75,60.7,58.6,60.3,701
2026-09-28T13:04:00+05:30,60.0,62.5,59.75,62.25,1065
2026-09-28T13:05:00+05:30,62.55,62.9,59.5,60.15,1758
2026-09-28T13:06:00+05:30,60.1,61.8,58.55,61.5,685
2026-09-28T13:07:00+05:30,61.35,66.0,59.8,62.65,1563
2026-09-28T13:08:00+05:30,62.45,65.0,62.35,63.15,1304
2026-09-28T13:09:00+05:30,63.25,63.7,59.7,60.0,1288
2026-09-28T13:10:00+05:30,59.9,60.25,54.2,55.55,2221
2026-09-28T13:11:00+05:30,55.3,57.0,52.1,57.0,3245
2026-09-28T13:12:00+05:30,56.65,58.6,55.85,58.25,936
2026-09-28T13:13:00+05:30,58.0,58.0,55.55,56.7,635
2026-09-28T13:14:00+05:30,57.05,58.85,56.05,58.8,703
2026-09-28T13:15:00+05:30,58.25,59.4,56.7,58.7,1444
2026-09-28T13:16:00+05:30,58.3,58.6,57.2,57.8,578
2026-09-28T13:17:00+05:30,57.5,57.5,55.75,56.3,1140
2026-09-28T13:18:00+05:30,55.9,58.5,55.6,58.25,834
2026-09-28T13:19:00+05:30,58.1,58.75,56.2,56.7,505
2026-09-28T13:20:00+05:30,56.7,58.5,55.8,57.7,384
2026-09-28T13:21:00+05:30,57.8,58.1,56.5,57.25,533
2026-09-28T13:22:00+05:30,57.2,57.2,52.7,54.5,1616
2026-09-28T13:23:00+05:30,54.25,55.65,52.4,53.2,1087
2026-09-28T13:24:00+05:30,53.1,55.15,51.5,53.3,1494
2026-09-28T13:25:00+05:30,53.15,54.5,50.7,50.7,1080
2026-09-28T13:26:00+05:30,50.95,51.3,47.25,49.5,3695
2026-09-28T13:27:00+05:30,49.25,50.5,47.0,50.2,1838
2026-09-28T13:28:00+05:30,50.4,50.9,48.65,50.3,1558
2026-09-28T13:29:00+05:30,50.3,51.15,48.7,49.0,1082
2026-09-28T13:30:00+05:30,48.9,52.25,48.7,51.05,1454
2026-09-28T13:31:00+05:30,50.85,53.4,50.35,53.25,1451
2026-09-28T13:32:00+05:30,53.3,53.9,51.45,52.9,1032
2026-09-28T13:33:00+05:30,52.95,55.1,51.35,54.4,1904
2026-09-28T13:34:00+05:30,54.6,58.65,53.7,57.9,2807
2026-09-28T13:35:00+05:30,57.75,58.75,55.55,58.75,1548
2026-09-28T13:36:00+05:30,58.7,58.9,56.4,58.9,2443
2026-09-28T13:37:00+05:30,58.8,61.0,57.25,59.2,1540
2026-09-28T13:38:00+05:30,59.55,60.9,58.15,60.2,1535
2026-09-28T13:39:00+05:30,60.0,60.0,54.3,54.4,1937
2026-09-28T13:40:00+05:30,54.1,56.5,53.1,53.45,1471
2026-09-28T13:41:00+05:30,53.3,53.8,51.3,52.45,1728
2026-09-28T13:42:00+05:30,52.5,54.4,52.25,54.3,1067
2026-09-28T13:43:00+05:30,54.45,58.95,54.1,57.75,2153
2026-09-28T13:44:00+05:30,57.8,58.6,54.1,54.7,1478
2026-09-28T13:45:00+05:30,54.6,56.0,53.6,55.95,1256
2026-09-28T13:46:00+05:30,55.85,55.85,54.0,54.7,638
2026-09-28T13:47:00+05:30,54.6,56.15,53.15,55.85,640
2026-09-28T13:48:00+05:30,55.85,57.95,55.35,57.15,869
2026-09-28T13:49:00+05:30,57.3,61.9,55.55,56.85,2298
2026-09-28T13:50:00+05:30,56.5,57.15,55.55,56.5,648
2026-09-28T13:51:00+05:30,56.5,58.0,56.0,56.45,705
2026-09-28T13:52:00+05:30,56.95,56.95,54.0,54.35,951
2026-09-28T13:53:00+05:30,54.85,58.05,53.75,57.1,1880
2026-09-28T13:54:00+05:30,57.0,59.35,56.6,57.65,1070
2026-09-28T13:55:00+05:30,57.8,59.0,56.25,56.6,675
2026-09-28T13:56:00+05:30,56.55,56.95,52.4,55.35,1090
2026-09-28T13:57:00+05:30,55.2,57.25,54.6,57.15,637
2026-09-28T13:58:00+05:30,57.4,57.8,54.5,54.8,1597
2026-09-28T13:59:00+05:30,54.75,55.0,53.6,54.55,572
2026-09-28T14:00:00+05:30,54.0,55.05,53.05,54.0,909
2026-09-28T14:01:00+05:30,53.75,56.8,53.75,56.25,870
2026-09-28T14:02:00+05:30,56.15,57.85,56.1,57.25,1111
2026-09-28T14:03:00+05:30,57.0,57.3,55.65,56.55,539
2026-09-28T14:04:00+05:30,56.4,56.45,54.55,55.4,829
2026-09-28T14:05:00+05:30,55.15,56.55,53.8,55.4,689
2026-09-28T14:06:00+05:30,55.35,58.7,54.9,57.95,1482
2026-09-28T14:07:00+05:30,57.95,58.7,56.0,57.05,1880
2026-09-28T14:08:00+05:30,57.1,57.5,55.3,56.0,1458
2026-09-28T14:09:00+05:30,55.7,60.1,55.7,57.55,1479
2026-09-28T14:10:00+05:30,57.3,57.3,53.65,54.75,1872
2026-09-28T14:11:00+05:30,54.6,55.55,53.45,54.35,653
2026-09-28T14:12:00+05:30,54.15,54.4,51.8,53.35,1715
2026-09-28T14:13:00+05:30,53.55,57.3,53.05,56.5,1339
2026-09-28T14:14:00+05:30,56.6,56.85,55.2,56.0,1170
2026-09-28T14:15:00+05:30,55.55,63.25,54.3,61.25,2811
2026-09-28T14:16:00+05:30,61.3,63.8,58.5,61.85,2703
2026-09-28T14:17:00+05:30,61.45,68.0,60.3,66.7,2870
2026-09-28T14:18:00+05:30,66.4,81.7,64.4,75.0,9146
2026-09-28T14:19:00+05:30,75.5,78.05,72.3,76.65,6439
2026-09-28T14:20:00+05:30,76.75,76.75,67.7,70.45,4138
2026-09-28T14:21:00+05:30,71.0,71.5,66.25,69.45,3306
2026-09-28T14:22:00+05:30,69.2,73.4,68.5,71.6,1712
2026-09-28T14:23:00+05:30,72.0,76.3,70.0,71.0,2206
2026-09-28T14:24:00+05:30,71.15,73.0,68.7,71.4,1763
2026-09-28T14:25:00+05:30,71.4,71.75,66.6,67.35,1809
2026-09-28T14:26:00+05:30,67.25,69.6,64.65,66.6,2029
2026-09-28T14:27:00+05:30,66.5,68.0,63.75,64.35,2865
2026-09-28T14:28:00+05:30,64.2,68.85,62.8,68.05,1705
2026-09-28T14:29:00+05:30,68.05,69.65,65.7,69.0,1925
2026-09-28T14:30:00+05:30,69.3,69.45,60.3,60.7,3204
2026-09-28T14:31:00+05:30,60.85,65.15,60.6,65.15,1804
2026-09-28T14:32:00+05:30,65.15,68.0,63.75,67.35,2025
2026-09-28T14:33:00+05:30,67.4,68.0,65.15,67.05,2261
2026-09-28T14:34:00+05:30,67.1,70.45,66.6,69.1,2226
2026-09-28T14:35:00+05:30,68.6,70.4,65.6,69.15,2270
2026-09-28T14:36:00+05:30,68.95,70.35,65.1,69.4,2147
2026-09-28T14:37:00+05:30,69.45,73.2,68.35,72.25,2337
2026-09-28T14:38:00+05:30,72.45,84.6,72.45,81.4,6104
2026-09-28T14:39:00+05:30,81.65,83.45,76.1,79.3,5599
2026-09-28T14:40:00+05:30,78.9,80.45,75.15,79.0,3764
2026-09-28T14:41:00+05:30,78.5,78.8,72.1,76.8,4553
2026-09-28T14:42:00+05:30,76.55,79.65,74.85,78.95,3481
2026-09-28T14:43:00+05:30,78.95,79.0,76.05,76.35,2178
2026-09-28T14:44:00+05:30,76.0,77.7,73.2,75.7,2938
2026-09-28T14:45:00+05:30,75.4,76.2,71.35,75.75,2677
2026-09-28T14:46:00+05:30,75.8,76.0,65.15,68.55,4855
2026-09-28T14:47:00+05:30,68.75,70.25,66.65,68.95,2424
2026-09-28T14:48:00+05:30,68.6,69.8,65.45,68.15,2382
2026-09-28T14:49:00+05:30,67.45,67.8,61.1,64.6,4210
2026-09-28T14:50:00+05:30,64.65,66.7,61.7,64.05,3195
2026-09-28T14:51:00+05:30,64.2,66.75,63.55,66.2,2652
2026-09-28T14:52:00+05:30,66.25,67.25,62.7,63.15,2229
2026-09-28T14:53:00+05:30,63.3,65.0,61.0,64.6,1535
2026-09-28T14:54:00+05:30,64.75,65.5,63.2,65.15,839
2026-09-28T14:55:00+05:30,64.85,67.6,63.95,66.25,1181
2026-09-28T14:56:00+05:30,66.45,67.9,65.15,67.55,1389
2026-09-28T14:57:00+05:30,67.7,68.45,64.65,67.25,2814
2026-09-28T14:58:00+05:30,67.2,71.5,66.05,71.4,3114
2026-09-28T14:59:00+05:30,71.35,71.5,65.55,67.45,2134
2026-09-28T15:00:00+05:30,67.55,69.0,65.6,67.85,1171
2026-09-28T15:01:00+05:30,67.95,68.2,64.15,65.85,2058
2026-09-28T15:02:00+05:30,66.0,69.65,65.5,66.2,1688
2026-09-28T15:03:00+05:30,66.35,67.1,51.05,61.0,6045
2026-09-28T15:04:00+05:30,60.65,65.15,59.35,64.85,3303
2026-09-28T15:05:00+05:30,64.75,67.65,64.1,66.15,2143
2026-09-28T15:06:00+05:30,65.8,66.55,64.7,65.0,1291
2026-09-28T15:07:00+05:30,64.9,67.0,63.15,66.3,1508
2026-09-28T15:08:00+05:30,66.05,66.85,64.2,65.55,1039
2026-09-28T15:09:00+05:30,65.55,66.3,64.0,64.15,1029
2026-09-28T15:10:00+05:30,64.0,66.25,63.3,66.25,1727
2026-09-28T15:11:00+05:30,65.95,68.55,65.95,66.25,1741
2026-09-28T15:12:00+05:30,66.5,67.85,64.35,66.65,1050
2026-09-28T15:13:00+05:30,66.65,67.5,65.0,67.4,977
2026-09-28T15:14:00+05:30,67.1,67.7,65.15,65.2,1275
2026-09-28T15:15:00+05:30,65.35,66.1,62.25,62.5,3305
2026-09-28T15:16:00+05:30,62.2,70.95,61.8,70.35,4107
2026-09-28T15:17:00+05:30,70.25,70.4,65.6,68.3,2347
2026-09-28T15:18:00+05:30,68.4,69.8,66.1,67.4,1495
2026-09-28T15:19:00+05:30,67.45,70.2,67.35,68.9,1286
2026-09-28T15:20:00+05:30,68.25,69.8,63.0,68.25,3295
2026-09-28T15:21:00+05:30,68.6,69.5,65.3,66.85,2181
2026-09-28T15:22:00+05:30,66.7,69.0,64.4,69.0,1439
2026-09-28T15:23:00+05:30,69.0,69.0,66.1,67.75,949
2026-09-28T15:24:00+05:30,67.4,68.45,65.65,66.5,1270
2026-09-28T15:25:00+05:30,67.0,67.0,63.45,64.25,1488
2026-09-28T15:26:00+05:30,64.1,65.5,63.95,64.85,1737
2026-09-28T15:27:00+05:30,65.0,67.8,65.0,66.0,2199
2026-09-28T15:28:00+05:30,66.25,66.5,64.25,65.4,1406
2026-09-28T15:29:00+05:30,65.45,68.55,63.05,63.15,1981
2026-09-28T15:30:00+05:30,63.35,68.0,63.0,66.55,2064
