timestamp,open,high,low,close,volume
2026-09-21T09:15:00+05:30,1275.1,1293.45,1198.25,1198.25,169
2026-09-21T09:16:00+05:30,1163.15,1219.0,1163.15,1208.85,31
2026-09-21T09:17:00+05:30,1228.8,1275.0,1219.45,1259.75,657
2026-09-21T09:18:00+05:30,1252.55,1261.3,1221.0,1256.95,304
2026-09-21T09:19:00+05:30,1227.3,1232.15,1200.8,1200.8,94
2026-09-21T09:20:00+05:30,1227.95,1229.45,1194.6,1207.85,140
2026-09-21T09:21:00+05:30,1205.05,1210.0,1191.5,1192.0,81
2026-09-21T09:22:00+05:30,1187.25,1205.7,1187.05,1187.05,11
2026-09-21T09:23:00+05:30,1221.8,1250.0,1221.75,1240.15,15
2026-09-21T09:24:00+05:30,1244.0,1244.0,1229.15,1231.15,29
2026-09-21T09:25:00+05:30,1227.7,1238.25,1225.0,1238.25,26
2026-09-21T09:26:00+05:30,1225.35,1244.35,1225.35,1244.0,12
2026-09-21T09:27:00+05:30,1243.4,1246.3,1235.8,1245.0,14
2026-09-21T09:28:00+05:30,1225.0,1227.8,1221.85,1227.8,7
2026-09-21T09:29:00+05:30,1240.0,1255.0,1240.0,1250.0,38
2026-09-21T09:30:00+05:30,1260.0,1262.1,1247.2,1261.4,18
2026-09-21T09:31:00+05:30,1262.6,1265.7,1249.0,1250.8,31
2026-09-21T09:33:00+05:30,1248.9,1248.9,1242.9,1242.9,5
2026-09-21T09:34:00+05:30,1236.3,1236.3,1230.55,1232.45,5
2026-09-21T09:35:00+05:30,1246.0,1256.0,1246.0,1254.5,17
2026-09-21T09:36:00+05:30,1254.75,1256.9,1222.1,1222.1,7
2026-09-21T09:37:00+05:30,1227.0,1227.0,1201.55,1204.75,19
2026-09-21T09:38:00+05:30,1202.3,1202.3,1193.0,1200.0,16
2026-09-21T09:39:00+05:30,1204.45,1207.35,1204.45,1207.35,3
2026-09-21T09:40:00+05:30,1197.85,1197.85,1191.9,1191.9,3
2026-09-21T09:41:00+05:30,1202.2,1203.15,1199.95,1200.1,5
2026-09-21T09:43:00+05:30,1213.65,1218.0,1213.65,1218.0,3
2026-09-21T09:44:00+05:30,1224.15,1234.0,1224.15,1230.0,20
2026-09-21T09:46:00+05:30,1221.0,1230.35,1221.0,1230.35,5
2026-09-21T09:47:00+05:30,1224.0,1224.0,1210.0,1210.0,3
2026-09-21T09:48:00+05:30,1216.0,1216.0,1216.0,1216.0,3
2026-09-21T09:49:00+05:30,1216.0,1216.0,1216.0,1216.0,1
2026-09-21T09:53:00+05:30,1205.85,1205.85,1180.45,1189.15,8
2026-09-21T09:54:00+05:30,1180.85,1191.75,1180.85,1186.0,8
2026-09-21T09:55:00+05:30,1180.0,1180.0,1178.0,1178.0,3
2026-09-21T09:56:00+05:30,1185.75,1188.4,1182.1,1188.4,3
2026-09-21T09:57:00+05:30,1195.1,1199.35,1195.1,1199.35,2
2026-09-21T09:58:00+05:30,1195.6,1195.6,1180.75,1180.75,3
2026-09-21T09:59:00+05:30,1183.95,1189.9,1183.95,1189.9,2
2026-09-21T10:00:00+05:30,1185.0,1185.35,1182.35,1182.35,6
2026-09-21T10:01:00+05:30,1170.0,1170.0,1165.0,1165.0,6
2026-09-21T10:02:00+05:30,1165.0,1165.0,1160.0,1160.0,5
2026-09-21T10:03:00+05:30,1155.0,1162.25,1155.0,1155.55,14
2026-09-21T10:04:00+05:30,1155.0,1155.0,1150.0,1150.0,22
2026-09-21T10:05:00+05:30,1152.0,1163.5,1150.0,1150.0,31
2026-09-21T10:06:00+05:30,1147.8,1148.05,1133.8,1140.3,19
2026-09-21T10:07:00+05:30,1140.3,1147.85,1136.25,1146.0,20
2026-09-21T10:08:00+05:30,1139.45,1148.25,1139.45,1148.25,6
2026-09-21T10:09:00+05:30,1148.0,1160.25,1148.0,1155.9,24
2026-09-21T10:10:00+05:30,1155.9,1166.6,1155.9,1166.6,19
2026-09-21T10:11:00+05:30,1164.85,1165.05,1158.75,1160.5,12
2026-09-21T10:12:00+05:30,1157.3,1163.5,1150.0,1150.7,16
2026-09-21T10:13:00+05:30,1150.0,1150.0,1130.1,1135.65,11
2026-09-21T10:14:00+05:30,1130.0,1131.1,1115.4,1126.3,30
2026-09-21T10:15:00+05:30,1117.3,1137.2,1117.25,1137.2,5
2026-09-21T10:16:00+05:30,1132.9,1155.0,1132.9,1155.0,6
2026-09-21T10:17:00+05:30,1158.55,1158.9,1143.3,1144.2,22
2026-09-21T10:18:00+05:30,1142.25,1142.25,1142.25,1142.25,1
2026-09-21T10:19:00+05:30,1147.65,1147.75,1137.45,1137.45,8
2026-09-21T10:21:00+05:30,1160.0,1168.0,1160.0,1168.0,4
2026-09-21T10:24:00+05:30,1168.0,1168.0,1152.0,1152.0,4
2026-09-21T10:25:00+05:30,1148.0,1152.65,1147.95,1152.65,3
2026-09-21T10:26:00+05:30,1154.7,1158.3,1150.8,1155.45,6
2026-09-21T10:27:00+05:30,1152.0,1152.0,1136.5,1149.6,23
2026-09-21T10:28:00+05:30,1149.45,1151.55,1149.0,1149.35,4
2026-09-21T10:29:00+05:30,1149.35,1154.55,1148.0,1154.55,6
2026-09-21T10:30:00+05:30,1150.55,1155.0,1150.5,1153.7,7
2026-09-21T10:31:00+05:30,1155.25,1155.25,1154.65,1154.7,4
2026-09-21T10:32:00+05:30,1149.0,1149.0,1149.0,1149.0,2
2026-09-21T10:33:00+05:30,1145.0,1145.0,1145.0,1145.0,5
2026-09-21T10:34:00+05:30,1140.0,1140.0,1139.35,1139.35,2
2026-09-21T10:35:00+05:30,1139.55,1146.1,1139.55,1145.0,8
2026-09-21T10:36:00+05:30,1144.2,1145.0,1140.0,1145.0,10
2026-09-21T10:37:00+05:30,1145.0,1145.0,1135.0,1135.9,9
2026-09-21T10:39:00+05:30,1136.0,1136.0,1135.9,1135.9,2
2026-09-21T10:40:00+05:30,1135.9,1135.9,1135.9,1135.9,1
2026-09-21T10:41:00+05:30,1135.55,1135.55,1134.45,1134.45,4
2026-09-21T10:42:00+05:30,1144.3,1148.0,1142.6,1148.0,14
2026-09-21T10:43:00+05:30,1144.85,1144.85,1144.85,1144.85,1
2026-09-21T10:45:00+05:30,1160.0,1168.7,1160.0,1168.7,4
2026-09-21T10:46:00+05:30,1168.7,1176.65,1163.0,1176.65,10
2026-09-21T10:47:00+05:30,1179.0,1182.0,1170.0,1170.0,29
2026-09-21T10:48:00+05:30,1170.0,1170.0,1170.0,1170.0,1
2026-09-21T10:49:00+05:30,1167.45,1167.45,1167.4,1167.4,2
2026-09-21T10:51:00+05:30,1168.0,1168.0,1168.0,1168.0,1
2026-09-21T10:52:00+05:30,1162.05,1162.05,1153.75,1154.5,18
2026-09-21T10:53:00+05:30,1161.9,1161.9,1161.9,1161.9,1
2026-09-21T10:54:00+05:30,1167.0,1167.0,1165.0,1165.0,6
2026-09-21T10:56:00+05:30,1165.0,1165.0,1165.0,1165.0,1
2026-09-21T10:57:00+05:30,1169.0,1172.9,1166.45,1172.9,8
2026-09-21T10:58:00+05:30,1174.4,1174.4,1174.4,1174.4,1
2026-09-21T10:59:00+05:30,1174.4,1183.0,1174.4,1183.0,2
2026-09-21T11:00:00+05:30,1186.5,1186.55,1180.0,1186.4,8
2026-09-21T11:01:00+05:30,1169.45,1169.45,1169.45,1169.45,1
2026-09-21T11:02:00+05:30,1172.2,1172.2,1172.2,1172.2,1
2026-09-21T11:05:00+05:30,1183.0,1183.0,1183.0,1183.0,3
2026-09-21T11:06:00+05:30,1181.0,1196.0,1181.0,1189.1,24
2026-09-21T11:07:00+05:30,1197.0,1203.75,1197.0,1198.7,24
2026-09-21T11:08:00+05:30,1190.05,1190.05,1190.05,1190.05,1
2026-09-21T11:09:00+05:30,1197.6,1198.65,1195.15,1198.0,15
2026-09-21T11:10:00+05:30,1195.45,1197.3,1195.45,1197.3,7
2026-09-21T11:11:00+05:30,1196.55,1198.7,1196.55,1198.7,3
2026-09-21T11:12:00+05:30,1201.8,1203.25,1193.15,1193.15,16
2026-09-21T11:14:00+05:30,1196.45,1196.5,1191.0,1191.0,6
2026-09-21T11:16:00+05:30,1191.0,1191.0,1191.0,1191.0,14
2026-09-21T11:17:00+05:30,1188.45,1188.55,1188.45,1188.55,3
2026-09-21T11:18:00+05:30,1173.45,1173.45,1173.45,1173.45,1
2026-09-21T11:19:00+05:30,1173.45,1173.45,1173.45,1173.45,1
2026-09-21T11:20:00+05:30,1180.0,1180.0,1175.3,1175.45,6
2026-09-21T11:21:00+05:30,1176.0,1176.6,1176.0,1176.6,16
2026-09-21T11:24:00+05:30,1181.25,1181.25,1181.25,1181.25,1
2026-09-21T11:26:00+05:30,1180.0,1180.0,1180.0,1180.0,3
2026-09-21T11:27:00+05:30,1176.45,1176.45,1176.45,1176.45,1
2026-09-21T11:30:00+05:30,1181.85,1195.55,1181.85,1195.55,6
2026-09-21T11:33:00+05:30,1174.1,1174.1,1174.1,1174.1,1
2026-09-21T11:35:00+05:30,1175.0,1175.0,1152.0,1155.2,20
2026-09-21T11:36:00+05:30,1159.9,1174.05,1159.9,1174.05,4
2026-09-21T11:41:00+05:30,1170.0,1172.0,1170.0,1172.0,4
2026-09-21T11:42:00+05:30,1182.65,1182.65,1182.65,1182.65,1
2026-09-21T11:43:00+05:30,1180.0,1180.0,1180.0,1180.0,5
2026-09-21T11:44:00+05:30,1173.8,1174.05,1173.8,1174.05,2
2026-09-21T11:46:00+05:30,1170.0,1172.8,1164.25,1164.25,3
2026-09-21T11:48:00+05:30,1166.0,1166.0,1161.0,1161.0,2
2026-09-21T11:50:00+05:30,1164.75,1168.0,1164.75,1168.0,8
2026-09-21T11:57:00+05:30,1186.75,1194.25,1186.75,1194.25,6
2026-09-21T11:59:00+05:30,1192.0,1192.0,1192.0,1192.0,3
2026-09-21T12:00:00+05:30,1190.0,1192.0,1190.0,1190.75,5
2026-09-21T12:01:00+05:30,1192.6,1195.0,1192.6,1195.0,2
2026-09-21T12:02:00+05:30,1195.0,1195.0,1195.0,1195.0,3
2026-09-21T12:03:00+05:30,1185.35,1185.35,1185.35,1185.35,1
2026-09-21T12:08:00+05:30,1180.0,1180.0,1180.0,1180.0,1
2026-09-21T12:09:00+05:30,1175.0,1175.0,1174.0,1174.0,2
2026-09-21T12:10:00+05:30,1170.6,1174.0,1170.5,1174.0,5
2026-09-21T12:14:00+05:30,1189.0,1189.0,1180.25,1180.25,4
2026-09-21T12:18:00+05:30,1177.0,1177.0,1176.95,1176.95,2
2026-09-21T12:19:00+05:30,1172.95,1172.95,1172.95,1172.95,2
2026-09-21T12:21:00+05:30,1171.55,1171.55,1171.5,1171.5,2
2026-09-21T12:22:00+05:30,1170.0,1170.0,1170.0,1170.0,1
2026-09-21T12:23:00+05:30,1170.0,1170.0,1159.15,1159.15,2
2026-09-21T12:25:00+05:30,1162.0,1162.0,1162.0,1162.0,3
2026-09-21T12:26:00+05:30,1162.4,1164.3,1162.4,1164.3,2
2026-09-21T12:28:00+05:30,1173.75,1173.75,1171.3,1171.3,3
2026-09-21T12:30:00+05:30,1172.0,1172.0,1172.0,1172.0,3
2026-09-21T12:31:00+05:30,1181.65,1181.65,1181.65,1181.65,1
2026-09-21T12:32:00+05:30,1171.3,1171.3,1171.3,1171.3,1
2026-09-21T12:33:00+05:30,1166.0,1166.0,1166.0,1166.0,1
2026-09-21T12:42:00+05:30,1176.0,1180.0,1176.0,1179.05,31
2026-09-21T12:44:00+05:30,1185.0,1196.0,1185.0,1196.0,4
2026-09-21T12:45:00+05:30,1196.0,1196.45,1196.0,1196.45,4
2026-09-21T12:52:00+05:30,1184.0,1184.0,1184.0,1184.0,1
2026-09-21T12:59:00+05:30,1179.75,1179.75,1176.0,1176.0,2
2026-09-21T13:00:00+05:30,1176.7,1176.7,1176.7,1176.7,1
2026-09-21T13:01:00+05:30,1180.6,1185.0,1180.6,1185.0,3
2026-09-21T13:02:00+05:30,1185.6,1185.6,1185.6,1185.6,1
2026-09-21T13:04:00+05:30,1181.85,1181.95,1181.85,1181.95,3
2026-09-21T13:07:00+05:30,1185.0,1185.0,1185.0,1185.0,1
2026-09-21T13:15:00+05:30,1195.0,1212.45,1195.0,1212.2,17
2026-09-21T13:16:00+05:30,1214.4,1214.4,1212.2,1212.2,19
2026-09-21T13:17:00+05:30,1216.3,1216.4,1212.2,1216.4,7
2026-09-21T13:18:00+05:30,1229.0,1229.0,1229.0,1229.0,1
2026-09-21T13:19:00+05:30,1238.0,1238.0,1237.4,1237.65,11
2026-09-21T13:20:00+05:30,1234.0,1240.7,1233.9,1234.45,6
2026-09-21T13:21:00+05:30,1231.2,1231.2,1217.4,1228.9,4
2026-09-21T13:22:00+05:30,1240.5,1240.5,1236.8,1238.1,3
2026-09-21T13:24:00+05:30,1227.6,1227.6,1227.25,1227.25,7
2026-09-21T13:26:00+05:30,1236.0,1236.0,1236.0,1236.0,1
2026-09-21T13:27:00+05:30,1245.0,1252.0,1245.0,1249.75,260
2026-09-21T13:28:00+05:30,1247.6,1250.0,1240.1,1245.2,307
2026-09-21T13:29:00+05:30,1244.25,1248.05,1240.95,1248.05,7
2026-09-21T13:30:00+05:30,1245.1,1248.4,1237.0,1239.0,6
2026-09-21T13:32:00+05:30,1239.0,1239.0,1239.0,1239.0,3
2026-09-21T13:34:00+05:30,1260.0,1260.0,1257.2,1259.6,6
2026-09-21T13:35:00+05:30,1264.95,1269.4,1261.05,1265.0,28
2026-09-21T13:36:00+05:30,1265.0,1265.0,1265.0,1265.0,2
2026-09-21T13:37:00+05:30,1272.0,1279.0,1272.0,1276.2,5
2026-09-21T13:38:00+05:30,1267.45,1267.65,1262.0,1262.55,33
2026-09-21T13:39:00+05:30,1260.2,1279.2,1260.2,1279.2,5
2026-09-21T13:40:00+05:30,1278.75,1278.75,1275.35,1275.35,4
2026-09-21T13:41:00+05:30,1284.4,1284.4,1280.05,1280.05,5
2026-09-21T13:42:00+05:30,1284.85,1288.25,1276.05,1276.05,5
2026-09-21T13:43:00+05:30,1269.6,1270.6,1264.4,1268.8,12
2026-09-21T13:44:00+05:30,1272.0,1276.25,1272.0,1275.1,22
2026-09-21T13:45:00+05:30,1273.45,1273.45,1267.7,1267.7,18
2026-09-21T13:47:00+05:30,1272.65,1272.65,1272.65,1272.65,1
2026-09-21T13:48:00+05:30,1277.9,1279.4,1271.5,1271.5,20
2026-09-21T13:49:00+05:30,1281.5,1285.0,1281.5,1285.0,4
2026-09-21T13:50:00+05:30,1289.6,1290.0,1289.15,1289.15,8
2026-09-21T13:51:00+05:30,1299.0,1313.15,1299.0,1313.15,5
2026-09-21T13:52:00+05:30,1310.0,1313.0,1310.0,1313.0,13
2026-09-21T13:53:00+05:30,1315.85,1320.0,1308.95,1308.95,51
2026-09-21T13:54:00+05:30,1293.4,1302.7,1293.35,1302.7,4
2026-09-21T13:55:00+05:30,1309.6,1309.65,1309.6,1309.65,2
2026-09-21T13:56:00+05:30,1308.85,1308.95,1308.85,1308.95,11
2026-09-21T13:57:00+05:30,1312.35,1312.35,1312.35,1312.35,1
2026-09-21T13:58:00+05:30,1340.0,1340.45,1324.55,1324.55,10
2026-09-21T13:59:00+05:30,1350.0,1350.0,1325.5,1325.5,5
2026-09-21T14:00:00+05:30,1336.1,1338.4,1333.2,1333.9,25
2026-09-21T14:01:00+05:30,1330.15,1339.75,1330.15,1336.15,3
2026-09-21T14:03:00+05:30,1336.0,1339.05,1332.15,1339.05,4
2026-09-21T14:04:00+05:30,1337.7,1337.7,1324.3,1324.3,2
2026-09-21T14:06:00+05:30,1326.9,1326.9,1326.9,1326.9,4
2026-09-21T14:07:00+05:30,1322.9,1323.6,1322.9,1323.0,8
2026-09-21T14:08:00+05:30,1312.75,1315.0,1312.7,1315.0,5
2026-09-21T14:09:00+05:30,1305.0,1305.0,1300.2,1300.2,31
2026-09-21T14:10:00+05:30,1297.2,1301.7,1296.7,1301.7,9
2026-09-21T14:12:00+05:30,1310.0,1310.0,1310.0,1310.0,3
2026-09-21T14:13:00+05:30,1307.3,1307.35,1307.3,1307.35,3
2026-09-21T14:14:00+05:30,1312.1,1312.1,1312.1,1312.1,1
2026-09-21T14:15:00+05:30,1305.25,1305.25,1305.25,1305.25,1
2026-09-21T14:16:00+05:30,1306.85,1306.85,1306.8,1306.8,2
2026-09-21T14:19:00+05:30,1326.8,1326.8,1326.8,1326.8,1
2026-09-21T14:20:00+05:30,1331.25,1336.9,1331.25,1336.9,3
2026-09-21T14:23:00+05:30,1320.45,1320.45,1320.45,1320.45,1
2026-09-21T14:24:00+05:30,1317.0,1317.0,1312.35,1312.35,8
2026-09-21T14:28:00+05:30,1305.85,1306.25,1295.55,1295.55,12
2026-09-21T14:29:00+05:30,1295.55,1295.55,1295.55,1295.55,1
2026-09-21T14:31:00+05:30,1280.95,1280.95,1280.0,1280.0,5
2026-09-21T14:34:00+05:30,1280.0,1280.0,1280.0,1280.0,2
2026-09-21T14:38:00+05:30,1287.5,1287.5,1287.5,1287.5,1
2026-09-21T14:39:00+05:30,1284.0,1284.0,1284.0,1284.0,2
2026-09-21T14:42:00+05:30,1284.0,1290.0,1284.0,1290.0,30
2026-09-21T14:44:00+05:30,1290.0,1290.0,1290.0,1290.0,17
2026-09-21T14:48:00+05:30,1280.85,1280.85,1280.85,1280.85,2
2026-09-21T14:51:00+05:30,1254.0,1254.0,1254.0,1254.0,4
2026-09-21T14:52:00+05:30,1254.0,1254.0,1254.0,1254.0,2
2026-09-21T14:53:00+05:30,1250.35,1260.0,1250.0,1260.0,15
2026-09-21T14:54:00+05:30,1248.3,1249.2,1248.3,1249.15,3
2026-09-21T14:55:00+05:30,1252.25,1252.25,1252.2,1252.2,3
2026-09-21T14:57:00+05:30,1270.0,1273.0,1270.0,1273.0,4
2026-09-21T14:58:00+05:30,1269.55,1269.55,1263.5,1263.5,2
2026-09-21T15:00:00+05:30,1250.0,1250.0,1232.0,1244.65,7
2026-09-21T15:01:00+05:30,1241.0,1241.0,1241.0,1241.0,1
2026-09-21T15:02:00+05:30,1238.0,1241.1,1236.1,1236.1,12
2026-09-21T15:03:00+05:30,1223.85,1223.85,1222.0,1223.45,3
2026-09-21T15:04:00+05:30,1230.0,1231.2,1224.95,1231.2,8
2026-09-21T15:05:00+05:30,1239.45,1239.45,1239.45,1239.45,1
2026-09-21T15:06:00+05:30,1247.0,1247.05,1247.0,1247.05,3
2026-09-21T15:07:00+05:30,1247.1,1247.1,1247.1,1247.1,3
2026-09-21T15:08:00+05:30,1236.0,1236.0,1233.55,1233.55,4
2026-09-21T15:09:00+05:30,1240.0,1240.0,1239.75,1239.75,2
2026-09-21T15:10:00+05:30,1239.75,1239.75,1239.75,1239.75,3
2026-09-21T15:11:00+05:30,1233.75,1237.0,1231.8,1237.0,4
2026-09-21T15:14:00+05:30,1227.0,1227.0,1226.95,1226.95,2
2026-09-21T15:16:00+05:30,1232.0,1232.0,1221.0,1224.05,6
2026-09-21T15:17:00+05:30,1226.45,1226.45,1226.45,1226.45,1
2026-09-21T15:18:00+05:30,1233.25,1233.3,1233.25,1233.3,15
2026-09-21T15:19:00+05:30,1228.5,1228.5,1228.0,1228.0,4
2026-09-21T15:20:00+05:30,1223.4,1223.4,1222.0,1222.0,7
2026-09-21T15:21:00+05:30,1222.0,1225.4,1220.1,1225.0,22
2026-09-21T15:22:00+05:30,1227.0,1227.0,1219.0,1224.0,18
2026-09-21T15:23:00+05:30,1224.0,1224.0,1224.0,1224.0,5
2026-09-21T15:24:00+05:30,1222.0,1226.1,1222.0,1226.1,2
2026-09-21T15:26:00+05:30,1227.25,1227.25,1216.95,1216.95,43
2026-09-21T15:27:00+05:30,1217.0,1220.0,1216.75,1220.0,17
2026-09-21T15:28:00+05:30,1220.0,1221.45,1220.0,1220.0,9
2026-09-21T15:34:00+05:30,1217.45,1222.8,1215.0,1222.5,18
2026-09-21T15:35:00+05:30,1216.6,1216.6,1216.6,1216.6,1
2026-09-21T15:36:00+05:30,1218.0,1218.0,1218.0,1218.0,1
2026-09-21T15:38:00+05:30,1220.0,1220.0,1220.0,1220.0,8
2026-09-21T15:39:00+05:30,1216.0,1220.0,1216.0,1220.0,12
2026-09-22T09:15:00+05:30,1199.0,1293.5,1199.0,1270.8,5
2026-09-22T09:16:00+05:30,1271.35,1280.95,1239.0,1239.0,13
2026-09-22T09:17:00+05:30,1249.6,1257.45,1249.6,1257.45,3
2026-09-22T09:18:00+05:30,1264.0,1273.25,1262.8,1264.0,16
2026-09-22T09:21:00+05:30,1264.0,1264.15,1264.0,1264.0,5
2026-09-22T09:22:00+05:30,1264.75,1264.75,1264.75,1264.75,1
2026-09-22T09:23:00+05:30,1264.75,1275.95,1264.75,1275.95,19
2026-09-22T09:24:00+05:30,1291.85,1300.0,1291.85,1300.0,9
2026-09-22T09:25:00+05:30,1280.0,1280.0,1269.9,1274.85,16
2026-09-22T09:27:00+05:30,1261.3,1274.85,1255.9,1274.85,52
2026-09-22T09:29:00+05:30,1305.0,1317.0,1305.0,1313.55,16
2026-09-22T09:30:00+05:30,1317.6,1320.0,1311.95,1311.95,7
2026-09-22T09:31:00+05:30,1311.55,1314.2,1309.45,1309.9,11
2026-09-22T09:32:00+05:30,1298.45,1298.45,1292.85,1292.85,2
2026-09-22T09:34:00+05:30,1285.9,1290.35,1285.9,1290.35,3
2026-09-22T09:35:00+05:30,1277.05,1282.25,1275.2,1275.2,3
2026-09-22T09:36:00+05:30,1277.5,1288.7,1277.5,1288.7,2
2026-09-22T09:37:00+05:30,1297.0,1297.0,1297.0,1297.0,1
2026-09-22T09:38:00+05:30,1300.0,1300.0,1300.0,1300.0,3
2026-09-22T09:41:00+05:30,1297.0,1297.0,1297.0,1297.0,4
2026-09-22T09:42:00+05:30,1300.85,1305.0,1300.85,1305.0,2
2026-09-22T09:43:00+05:30,1308.3,1308.3,1308.3,1308.3,1
2026-09-22T09:44:00+05:30,1294.1,1301.1,1293.1,1293.1,3
2026-09-22T09:46:00+05:30,1290.0,1290.0,1290.0,1290.0,3
2026-09-22T09:47:00+05:30,1300.3,1300.3,1300.3,1300.3,9
2026-09-22T09:48:00+05:30,1300.3,1300.3,1300.3,1300.3,1
2026-09-22T09:49:00+05:30,1291.75,1297.0,1291.75,1297.0,3
2026-09-22T09:54:00+05:30,1298.4,1298.4,1298.3,1298.3,4
2026-09-22T09:55:00+05:30,1293.0,1293.0,1270.5,1274.9,5
2026-09-22T09:58:00+05:30,1283.4,1283.45,1283.4,1283.45,2
2026-09-22T10:01:00+05:30,1290.0,1290.0,1290.0,1290.0,1
2026-09-22T10:03:00+05:30,1273.9,1273.9,1273.9,1273.9,1
2026-09-22T10:04:00+05:30,1275.05,1275.05,1275.05,1275.05,1
2026-09-22T10:05:00+05:30,1281.65,1281.65,1276.75,1277.5,16
2026-09-22T10:06:00+05:30,1261.35,1261.35,1261.35,1261.35,1
2026-09-22T10:09:00+05:30,1273.75,1275.0,1273.75,1275.0,2
2026-09-22T10:10:00+05:30,1277.85,1277.85,1277.85,1277.85,1
2026-09-22T10:13:00+05:30,1281.0,1283.95,1275.45,1283.95,3
2026-09-22T10:15:00+05:30,1278.65,1278.65,1278.65,1278.65,1
2026-09-22T10:18:00+05:30,1260.0,1261.9,1252.95,1261.9,5
2026-09-22T10:20:00+05:30,1255.0,1255.0,1250.0,1250.65,8
2026-09-22T10:21:00+05:30,1244.6,1244.6,1230.0,1230.0,7
2026-09-22T10:22:00+05:30,1222.45,1222.45,1203.7,1203.7,9
2026-09-22T10:24:00+05:30,1215.0,1215.0,1215.0,1215.0,4
2026-09-22T10:25:00+05:30,1217.0,1217.0,1217.0,1217.0,1
2026-09-22T10:26:00+05:30,1215.0,1215.0,1215.0,1215.0,1
2026-09-22T10:27:00+05:30,1211.15,1216.0,1210.0,1216.0,8
2026-09-22T10:29:00+05:30,1238.7,1240.4,1233.45,1240.4,11
2026-09-22T10:30:00+05:30,1221.2,1221.4,1187.4,1187.7,24
2026-09-22T10:31:00+05:30,1180.0,1180.0,1152.0,1174.3,28
2026-09-22T10:32:00+05:30,1169.2,1169.25,1150.0,1150.0,22
2026-09-22T10:33:00+05:30,1153.6,1156.75,1148.0,1148.0,10
2026-09-22T10:34:00+05:30,1144.6,1163.9,1142.6,1156.65,13
2026-09-22T10:35:00+05:30,1141.3,1141.3,1109.1,1117.25,47
2026-09-22T10:36:00+05:30,1107.0,1125.1,1103.3,1125.1,36
2026-09-22T10:37:00+05:30,1114.15,1131.5,1113.95,1130.65,30
2026-09-22T10:38:00+05:30,1134.35,1143.0,1125.0,1126.95,19
2026-09-22T10:39:00+05:30,1126.0,1134.45,1121.9,1125.0,18
2026-09-22T10:40:00+05:30,1135.3,1139.75,1135.2,1139.75,5
2026-09-22T10:41:00+05:30,1130.0,1130.0,1100.0,1100.0,15
2026-09-22T10:42:00+05:30,1092.55,1092.85,1081.15,1092.85,26
2026-09-22T10:43:00+05:30,1106.5,1117.5,1105.35,1110.0,25
2026-09-22T10:44:00+05:30,1112.25,1116.7,1106.65,1116.7,12
2026-09-22T10:45:00+05:30,1090.0,1092.95,1083.7,1089.0,13
2026-09-22T10:46:00+05:30,1097.65,1106.55,1092.25,1097.45,5
2026-09-22T10:47:00+05:30,1100.25,1105.2,1099.9,1105.2,7
2026-09-22T10:48:00+05:30,1110.2,1110.2,1093.4,1093.4,8
2026-09-22T10:49:00+05:30,1098.65,1098.65,1098.65,1098.65,1
2026-09-22T10:50:00+05:30,1085.0,1085.0,1067.1,1078.05,46
2026-09-22T10:51:00+05:30,1067.85,1074.15,1065.8,1065.8,27
2026-09-22T10:52:00+05:30,1065.8,1065.8,1050.0,1059.9,27
2026-09-22T10:53:00+05:30,1055.6,1060.7,1054.1,1060.7,15
2026-09-22T10:54:00+05:30,1065.2,1074.4,1065.15,1074.4,7
2026-09-22T10:55:00+05:30,1080.0,1080.0,1080.0,1080.0,9
2026-09-22T10:56:00+05:30,1094.0,1094.0,1085.35,1087.5,16
2026-09-22T10:57:00+05:30,1087.5,1091.8,1087.5,1091.8,2
2026-09-22T10:58:00+05:30,1092.85,1100.0,1092.85,1100.0,3
2026-09-22T10:59:00+05:30,1100.0,1113.0,1100.0,1113.0,6
2026-09-22T11:00:00+05:30,1101.0,1101.0,1088.35,1088.35,2
2026-09-22T11:01:00+05:30,1080.0,1080.0,1064.0,1074.8,14
2026-09-22T11:02:00+05:30,1070.8,1070.8,1062.05,1066.55,12
2026-09-22T11:03:00+05:30,1061.65,1062.45,1058.7,1062.45,8
2026-09-22T11:04:00+05:30,1062.0,1062.0,1062.0,1062.0,1
2026-09-22T11:05:00+05:30,1050.0,1056.75,1042.0,1042.0,15
2026-09-22T11:06:00+05:30,1044.0,1055.35,1041.35,1055.35,20
2026-09-22T11:07:00+05:30,1047.2,1048.05,1040.0,1046.4,5
2026-09-22T11:08:00+05:30,1042.75,1044.4,1039.0,1040.3,13
2026-09-22T11:09:00+05:30,1041.3,1041.3,1041.3,1041.3,1
2026-09-22T11:10:00+05:30,1065.75,1065.75,1062.0,1062.0,2
2026-09-22T11:11:00+05:30,1062.2,1063.9,1062.05,1062.65,7
2026-09-22T11:12:00+05:30,1053.95,1053.95,1053.0,1053.5,4
2026-09-22T11:13:00+05:30,1064.0,1064.0,1064.0,1064.0,1
2026-09-22T11:14:00+05:30,1080.0,1080.0,1080.0,1080.0,5
2026-09-22T11:15:00+05:30,1057.75,1057.75,1057.75,1057.75,1
2026-09-22T11:16:00+05:30,1052.4,1053.45,1052.4,1053.45,3
2026-09-22T11:17:00+05:30,1062.2,1068.3,1062.0,1068.3,7
2026-09-22T11:18:00+05:30,1066.25,1066.65,1062.0,1062.0,10
2026-09-22T11:19:00+05:30,1060.0,1060.0,1054.0,1054.0,2
2026-09-22T11:20:00+05:30,1055.95,1055.95,1055.95,1055.95,1
2026-09-22T11:22:00+05:30,1060.2,1060.2,1054.15,1054.15,3
2026-09-22T11:23:00+05:30,1061.2,1061.2,1060.0,1060.0,10
2026-09-22T11:25:00+05:30,1079.7,1079.7,1079.7,1079.7,1
2026-09-22T11:27:00+05:30,1065.0,1071.3,1061.9,1071.3,3
2026-09-22T11:28:00+05:30,1072.7,1074.6,1072.7,1074.6,9
2026-09-22T11:30:00+05:30,1051.45,1051.45,1050.0,1050.0,10
2026-09-22T11:31:00+05:30,1052.9,1053.25,1041.0,1041.0,6
2026-09-22T11:32:00+05:30,1041.0,1041.0,1023.9,1029.05,89
2026-09-22T11:33:00+05:30,1036.0,1040.0,1036.0,1040.0,5
2026-09-22T11:34:00+05:30,1032.95,1032.95,1023.0,1023.0,9
2026-09-22T11:35:00+05:30,1015.0,1015.95,1009.25,1013.75,8
2026-09-22T11:36:00+05:30,1018.5,1018.5,1017.0,1017.0,4
2026-09-22T11:37:00+05:30,1022.9,1027.0,1016.8,1016.8,85
2026-09-22T11:39:00+05:30,1026.95,1027.0,1010.0,1010.0,8
2026-09-22T11:40:00+05:30,1011.1,1011.1,992.65,997.45,32
2026-09-22T11:41:00+05:30,1018.85,1018.85,1006.5,1010.5,13
2026-09-22T11:42:00+05:30,1003.0,1003.15,990.3,1000.8,17
2026-09-22T11:43:00+05:30,995.6,999.0,992.7,995.95,10
2026-09-22T11:44:00+05:30,991.15,998.0,990.0,998.0,6
2026-09-22T11:45:00+05:30,992.05,997.45,989.0,997.45,24
2026-09-22T11:46:00+05:30,987.5,987.5,969.05,969.05,18
2026-09-22T11:47:00+05:30,977.1,980.6,976.55,978.3,10
2026-09-22T11:49:00+05:30,989.2,992.25,989.2,990.85,7
2026-09-22T11:50:00+05:30,988.45,991.25,988.45,991.25,8
2026-09-22T11:51:00+05:30,988.55,988.65,981.25,981.25,6
2026-09-22T11:52:00+05:30,984.75,1008.2,984.75,1008.05,9
2026-09-22T11:53:00+05:30,995.8,1001.15,995.8,1001.15,4
2026-09-22T11:54:00+05:30,999.9,1000.0,985.0,985.0,15
2026-09-22T11:55:00+05:30,982.8,985.8,979.95,985.8,10
2026-09-22T11:56:00+05:30,979.4,993.15,970.85,993.15,21
2026-09-22T11:57:00+05:30,988.6,989.45,988.6,989.45,5
2026-09-22T11:58:00+05:30,987.45,1004.3,987.45,1004.3,8
2026-09-22T12:00:00+05:30,1006.0,1006.6,1006.0,1006.6,3
2026-09-22T12:01:00+05:30,1002.35,1002.35,998.55,998.6,5
2026-09-22T12:02:00+05:30,1005.45,1010.0,1005.3,1009.0,12
2026-09-22T12:03:00+05:30,1019.75,1029.3,1019.6,1019.6,10
2026-09-22T12:04:00+05:30,1020.0,1024.2,1019.6,1024.2,4
2026-09-22T12:05:00+05:30,1025.0,1030.0,1024.2,1030.0,4
2026-09-22T12:06:00+05:30,1021.45,1025.3,1018.2,1021.0,18
2026-09-22T12:08:00+05:30,1011.4,1030.0,1011.4,1030.0,6
2026-09-22T12:09:00+05:30,1032.0,1036.0,1030.0,1036.0,16
2026-09-22T12:10:00+05:30,1036.45,1037.15,1033.0,1035.0,6
2026-09-22T12:11:00+05:30,1032.7,1032.7,1025.0,1025.6,16
2026-09-22T12:12:00+05:30,1025.1,1025.1,1020.0,1020.0,4
2026-09-22T12:13:00+05:30,1011.3,1012.1,1011.3,1012.1,2
2026-09-22T12:14:00+05:30,1014.1,1032.75,1009.9,1009.9,23
2026-09-22T12:15:00+05:30,1005.35,1005.35,998.35,1001.2,7
2026-09-22T12:16:00+05:30,1012.35,1012.35,1007.95,1012.0,8
2026-09-22T12:17:00+05:30,1012.4,1024.0,1012.4,1024.0,5
2026-09-22T12:18:00+05:30,1024.0,1024.0,1024.0,1024.0,6
2026-09-22T12:19:00+05:30,1028.0,1036.25,1028.0,1036.25,4
2026-09-22T12:20:00+05:30,1032.85,1032.85,1032.85,1032.85,1
2026-09-22T12:21:00+05:30,1028.0,1043.25,1028.0,1043.25,9
2026-09-22T12:22:00+05:30,1038.05,1038.05,1038.05,1038.05,1
2026-09-22T12:23:00+05:30,1030.0,1030.0,1030.0,1030.0,20
2026-09-22T12:25:00+05:30,1024.0,1027.5,1024.0,1024.6,33
2026-09-22T12:26:00+05:30,1027.9,1032.4,1027.9,1032.4,4
2026-09-22T12:29:00+05:30,1030.0,1030.0,1030.0,1030.0,1
2026-09-22T12:30:00+05:30,1013.8,1013.8,1013.8,1013.8,1
2026-09-22T12:31:00+05:30,1016.35,1016.35,1016.35,1016.35,1
2026-09-22T12:32:00+05:30,1022.2,1022.2,1022.2,1022.2,1
2026-09-22T12:33:00+05:30,1023.1,1023.1,1023.1,1023.1,1
2026-09-22T12:35:00+05:30,1030.0,1030.0,1030.0,1030.0,4
2026-09-22T12:36:00+05:30,1023.25,1023.3,1023.25,1023.3,2
2026-09-22T12:37:00+05:30,1020.0,1027.0,1016.05,1018.85,21
2026-09-22T12:38:00+05:30,1014.0,1014.0,1013.5,1013.85,3
2026-09-22T12:39:00+05:30,1010.0,1010.0,1006.55,1006.55,9
2026-09-22T12:40:00+05:30,1006.85,1006.85,1006.45,1006.45,3
2026-09-22T12:41:00+05:30,1000.0,1000.0,1000.0,1000.0,4
2026-09-22T12:42:00+05:30,995.5,1002.75,991.25,1002.75,36
2026-09-22T12:43:00+05:30,996.0,996.0,990.0,990.0,8
2026-09-22T12:44:00+05:30,987.0,987.0,973.2,973.2,51
2026-09-22T12:45:00+05:30,973.2,974.4,964.25,972.0,36
2026-09-22T12:46:00+05:30,974.8,985.0,970.0,980.0,18
2026-09-22T12:47:00+05:30,975.3,986.35,975.3,981.15,10
2026-09-22T12:49:00+05:30,990.0,990.0,981.2,981.2,6
2026-09-22T12:50:00+05:30,970.0,972.1,965.0,972.1,12
2026-09-22T12:51:00+05:30,972.9,976.1,962.95,962.95,11
2026-09-22T12:52:00+05:30,969.2,973.75,969.2,973.75,4
2026-09-22T12:53:00+05:30,973.75,976.35,973.75,976.35,3
2026-09-22T12:54:00+05:30,976.35,979.7,971.0,975.0,32
2026-09-22T12:55:00+05:30,970.0,970.0,955.5,955.5,19
2026-09-22T12:56:00+05:30,956.7,975.0,951.0,975.0,20
2026-09-22T12:57:00+05:30,973.35,975.1,965.8,975.1,12
2026-09-22T12:58:00+05:30,971.25,971.25,969.05,969.05,3
2026-09-22T12:59:00+05:30,969.05,979.4,969.05,979.4,26
2026-09-22T13:00:00+05:30,965.65,965.65,941.55,941.55,42
2026-09-22T13:01:00+05:30,948.9,952.15,941.75,941.75,34
2026-09-22T13:02:00+05:30,963.1,966.05,951.0,951.0,9
2026-09-22T13:03:00+05:30,944.25,947.0,944.25,946.85,3
2026-09-22T13:06:00+05:30,952.1,952.95,946.85,952.95,11
2026-09-22T13:07:00+05:30,956.35,960.7,954.4,957.7,26
2026-09-22T13:08:00+05:30,960.0,962.0,952.75,962.0,10
2026-09-22T13:09:00+05:30,965.0,965.15,964.2,964.2,4
2026-09-22T13:10:00+05:30,970.0,978.05,970.0,978.05,13
2026-09-22T13:11:00+05:30,969.25,969.65,960.3,960.3,14
2026-09-22T13:12:00+05:30,957.0,966.0,957.0,966.0,10
2026-09-22T13:16:00+05:30,971.7,976.0,971.7,976.0,15
2026-09-22T13:17:00+05:30,975.75,976.05,967.5,967.5,8
2026-09-22T13:18:00+05:30,963.55,963.55,957.3,957.45,4
2026-09-22T13:19:00+05:30,968.05,968.3,965.45,965.45,9
2026-09-22T13:21:00+05:30,950.05,952.4,950.0,952.4,6
2026-09-22T13:22:00+05:30,950.0,954.15,948.55,953.0,29
2026-09-22T13:23:00+05:30,958.1,959.2,958.1,959.2,15
2026-09-22T13:24:00+05:30,967.7,967.7,967.7,967.7,1
2026-09-22T13:25:00+05:30,966.9,967.5,964.25,964.35,14
2026-09-22T13:26:00+05:30,965.0,965.0,956.2,956.35,6
2026-09-22T13:27:00+05:30,963.4,963.4,963.4,963.4,1
2026-09-22T13:28:00+05:30,970.9,975.0,970.0,970.0,13
2026-09-22T13:29:00+05:30,972.0,972.0,972.0,972.0,1
2026-09-22T13:30:00+05:30,963.25,967.3,963.1,967.3,6
2026-09-22T13:31:00+05:30,972.0,972.0,972.0,972.0,1
2026-09-22T13:32:00+05:30,965.5,972.0,965.5,972.0,7
2026-09-22T13:36:00+05:30,974.3,974.3,974.3,974.3,1
2026-09-22T13:37:00+05:30,984.3,984.3,984.3,984.3,1
2026-09-22T13:38:00+05:30,985.0,985.0,980.0,980.0,8
2026-09-22T13:39:00+05:30,980.0,980.0,980.0,980.0,1
2026-09-22T13:40:00+05:30,984.85,984.85,983.2,983.2,2
2026-09-22T13:42:00+05:30,988.95,995.75,988.95,993.15,35
2026-09-22T13:43:00+05:30,990.0,990.0,983.15,983.15,3
2026-09-22T13:44:00+05:30,977.8,977.8,977.8,977.8,1
2026-09-22T13:45:00+05:30,962.0,962.0,956.15,959.0,21
2026-09-22T13:46:00+05:30,962.75,962.75,962.75,962.75,2
2026-09-22T13:47:00+05:30,966.2,966.2,966.05,966.05,5
2026-09-22T13:48:00+05:30,962.75,962.75,955.9,955.9,4
2026-09-22T13:49:00+05:30,948.0,952.0,944.8,952.0,20
2026-09-22T13:50:00+05:30,950.0,950.0,950.0,950.0,2
2026-09-22T13:51:00+05:30,952.0,958.15,951.45,952.45,6
2026-09-22T13:52:00+05:30,951.55,954.95,951.3,951.35,13
2026-09-22T13:53:00+05:30,952.1,952.1,900.0,919.4,59
2026-09-22T13:54:00+05:30,914.9,925.75,909.6,918.75,25
2026-09-22T13:55:00+05:30,917.5,939.35,917.2,939.35,26
2026-09-22T13:56:00+05:30,925.0,926.0,925.0,926.0,3
2026-09-22T13:57:00+05:30,924.75,924.75,922.25,922.75,6
2026-09-22T13:58:00+05:30,920.6,920.6,920.0,920.0,3
2026-09-22T13:59:00+05:30,920.0,924.8,920.0,924.75,16
2026-09-22T14:00:00+05:30,922.8,922.8,902.05,902.05,43
2026-09-22T14:01:00+05:30,908.25,925.7,908.25,925.0,33
2026-09-22T14:02:00+05:30,929.0,940.0,922.0,940.0,27
2026-09-22T14:03:00+05:30,930.0,933.55,929.85,929.85,4
2026-09-22T14:04:00+05:30,928.65,941.1,928.55,940.6,13
2026-09-22T14:05:00+05:30,940.0,940.7,940.0,940.7,2
2026-09-22T14:06:00+05:30,921.3,940.7,920.2,940.7,18
2026-09-22T14:07:00+05:30,932.25,932.25,926.75,926.75,5
2026-09-22T14:08:00+05:30,926.65,926.65,926.65,926.65,1
2026-09-22T14:09:00+05:30,947.5,955.85,947.5,955.85,3
2026-09-22T14:10:00+05:30,952.7,960.0,949.15,955.1,27
2026-09-22T14:11:00+05:30,948.8,975.1,944.0,969.9,47
2026-09-22T14:12:00+05:30,956.65,1000.0,954.0,997.65,56
2026-09-22T14:13:00+05:30,991.85,998.0,984.7,990.0,24
2026-09-22T14:14:00+05:30,990.0,1101.2,988.9,1101.2,153
2026-09-22T14:15:00+05:30,1110.0,1128.25,1077.25,1077.25,99
2026-09-22T14:16:00+05:30,1076.4,1077.0,1034.25,1055.2,53
2026-09-22T14:17:00+05:30,1062.75,1083.8,1062.75,1083.8,11
2026-09-22T14:18:00+05:30,1079.05,1079.1,1049.9,1053.8,19
2026-09-22T14:19:00+05:30,1053.8,1080.05,1053.8,1077.3,398
2026-09-22T14:20:00+05:30,1077.1,1115.2,1075.5,1104.35,629
2026-09-22T14:21:00+05:30,1105.15,1138.0,1104.75,1108.5,55
2026-09-22T14:22:00+05:30,1097.9,1109.7,1097.9,1104.2,35
2026-09-22T14:23:00+05:30,1096.9,1119.95,1096.9,1105.05,84
2026-09-22T14:24:00+05:30,1084.85,1101.7,1069.6,1077.0,23
2026-09-22T14:25:00+05:30,1071.75,1100.0,1062.55,1100.0,75
2026-09-22T14:26:00+05:30,1101.35,1105.55,1095.2,1105.55,21
2026-09-22T14:27:00+05:30,1105.55,1105.55,1105.55,1105.55,1
2026-09-22T14:28:00+05:30,1098.75,1098.75,1091.0,1091.7,13
2026-09-22T14:29:00+05:30,1103.85,1108.5,1103.85,1108.5,16
2026-09-22T14:30:00+05:30,1109.0,1109.0,1095.8,1103.3,10
2026-09-22T14:31:00+05:30,1100.8,1116.0,1099.15,1116.0,14
2026-09-22T14:32:00+05:30,1115.0,1135.0,1115.0,1134.7,19
2026-09-22T14:33:00+05:30,1106.45,1106.45,1104.2,1104.35,7
2026-09-22T14:34:00+05:30,1086.0,1086.0,1064.8,1064.8,25
2026-09-22T14:35:00+05:30,1076.0,1078.3,1070.0,1070.0,19
2026-09-22T14:36:00+05:30,1094.95,1106.45,1094.95,1101.35,7
2026-09-22T14:37:00+05:30,1071.45,1071.45,1071.45,1071.45,1
2026-09-22T14:38:00+05:30,1058.55,1058.55,1051.7,1051.7,6
2026-09-22T14:39:00+05:30,1057.95,1057.95,1057.85,1057.85,3
2026-09-22T14:40:00+05:30,1063.15,1063.15,1053.25,1053.25,11
2026-09-22T14:41:00+05:30,1051.25,1061.05,1050.0,1053.95,24
2026-09-22T14:42:00+05:30,1054.3,1054.3,1014.65,1027.8,21
2026-09-22T14:43:00+05:30,1030.0,1040.0,1029.4,1038.05,34
2026-09-22T14:44:00+05:30,1044.95,1050.1,1040.0,1046.3,42
2026-09-22T14:45:00+05:30,1045.5,1068.5,1045.5,1068.5,16
2026-09-22T14:46:00+05:30,1057.4,1062.0,1057.4,1062.0,2
2026-09-22T14:49:00+05:30,1041.2,1042.95,1039.55,1041.3,5
2026-09-22T14:50:00+05:30,1028.5,1043.9,1028.45,1041.8,6
2026-09-22T14:51:00+05:30,1038.4,1046.8,1038.4,1043.55,5
2026-09-22T14:52:00+05:30,1029.0,1035.85,1029.0,1035.85,12
2026-09-22T14:53:00+05:30,1037.45,1038.15,1020.0,1025.6,10
2026-09-22T14:54:00+05:30,1026.35,1026.35,1020.25,1020.45,7
2026-09-22T14:55:00+05:30,1022.75,1029.75,1022.5,1029.75,10
2026-09-22T14:56:00+05:30,1012.0,1024.75,1012.0,1022.9,9
2026-09-22T14:57:00+05:30,1024.45,1024.45,1018.8,1022.65,4
2026-09-22T14:58:00+05:30,1015.45,1018.35,998.85,1006.0,20
2026-09-22T14:59:00+05:30,1008.0,1008.35,992.35,1007.8,73
2026-09-22T15:00:00+05:30,1008.0,1008.35,995.55,995.95,55
2026-09-22T15:01:00+05:30,990.0,1015.95,987.0,1014.7,66
2026-09-22T15:02:00+05:30,1014.25,1025.8,1014.25,1025.8,23
2026-09-22T15:03:00+05:30,1027.05,1030.0,1027.05,1030.0,6
2026-09-22T15:05:00+05:30,1035.35,1035.35,1035.35,1035.35,1
2026-09-22T15:06:00+05:30,1011.05,1011.05,1001.3,1001.3,8
2026-09-22T15:07:00+05:30,1016.0,1016.0,1016.0,1016.0,7
2026-09-22T15:08:00+05:30,1014.8,1014.95,1010.0,1010.0,5
2026-09-22T15:09:00+05:30,1011.0,1017.05,1011.0,1012.1,26
2026-09-22T15:10:00+05:30,1012.05,1024.0,1012.05,1024.0,10
2026-09-22T15:11:00+05:30,1017.15,1050.0,1017.15,1039.5,32
2026-09-22T15:12:00+05:30,1046.55,1056.0,1046.55,1056.0,28
2026-09-22T15:13:00+05:30,1063.5,1066.05,1063.5,1066.05,3
2026-09-22T15:14:00+05:30,1065.4,1068.95,1059.1,1059.1,6
2026-09-22T15:15:00+05:30,1055.0,1055.0,1055.0,1055.0,1
2026-09-22T15:16:00+05:30,1041.0,1041.0,1041.0,1041.0,1
2026-09-22T15:17:00+05:30,1060.75,1060.75,1060.0,1060.0,7
2026-09-22T15:18:00+05:30,1045.85,1045.95,1038.7,1038.85,34
2026-09-22T15:19:00+05:30,1039.25,1039.25,1031.0,1037.7,5
2026-09-22T15:20:00+05:30,1030.65,1036.95,1030.6,1036.95,3
2026-09-22T15:21:00+05:30,1042.85,1042.85,1040.15,1040.15,10
2026-09-22T15:22:00+05:30,1050.0,1050.0,1030.0,1030.0,9
2026-09-22T15:23:00+05:30,1032.6,1040.0,1032.6,1040.0,5
2026-09-22T15:24:00+05:30,1037.95,1037.95,1036.6,1036.6,2
2026-09-22T15:25:00+05:30,1035.0,1035.0,1034.95,1035.0,24
2026-09-22T15:26:00+05:30,1037.65,1052.3,1034.85,1052.3,14
2026-09-22T15:27:00+05:30,1032.85,1032.85,1032.85,1032.85,1
2026-09-22T15:28:00+05:30,1036.95,1036.95,1033.65,1033.65,5
2026-09-22T15:29:00+05:30,1029.4,1029.4,1026.9,1026.9,14
2026-09-22T15:30:00+05:30,1020.65,1022.75,1010.0,1010.0,7
2026-09-22T15:31:00+05:30,1010.0,1014.25,1010.0,1010.75,13
2026-09-22T15:32:00+05:30,1010.75,1010.75,1010.75,1010.75,1
2026-09-22T15:33:00+05:30,1009.3,1038.15,1008.3,1038.15,23
2026-09-22T15:34:00+05:30,1045.0,1052.4,1044.95,1052.4,8
2026-09-22T15:35:00+05:30,1049.05,1074.0,1048.95,1074.0,31
2026-09-22T15:36:00+05:30,1083.35,1083.4,1074.05,1077.0,13
2026-09-22T15:37:00+05:30,1080.0,1088.0,1080.0,1088.0,3
2026-09-22T15:38:00+05:30,1099.0,1105.0,1093.55,1105.0,37
2026-09-22T15:39:00+05:30,1120.0,1134.7,1110.0,1122.35,57
2026-09-23T09:15:00+05:30,1100.0,1118.5,1016.05,1065.45,48
2026-09-23T09:16:00+05:30,1049.4,1093.5,1049.2,1090.0,30
2026-09-23T09:17:00+05:30,1100.0,1104.45,1100.0,1101.5,5
2026-09-23T09:18:00+05:30,1111.5,1128.1,1103.4,1103.4,15
2026-09-23T09:19:00+05:30,1112.85,1124.15,1112.85,1122.8,42
2026-09-23T09:20:00+05:30,1125.0,1140.0,1114.45,1123.1,72
2026-09-23T09:21:00+05:30,1127.45,1128.45,1115.0,1115.0,48
2026-09-23T09:22:00+05:30,1130.0,1130.0,1112.0,1127.2,18
2026-09-23T09:23:00+05:30,1113.0,1113.0,1100.0,1100.0,13
2026-09-23T09:24:00+05:30,1086.15,1094.25,1082.3,1089.25,7
2026-09-23T09:25:00+05:30,1080.0,1080.0,1053.5,1053.5,28
2026-09-23T09:26:00+05:30,1077.0,1087.1,1051.5,1053.25,11
2026-09-23T09:27:00+05:30,1076.0,1076.0,1076.0,1076.0,8
2026-09-23T09:28:00+05:30,1075.0,1075.0,1075.0,1075.0,7
2026-09-23T09:29:00+05:30,1070.0,1080.85,1063.85,1063.85,4
2026-09-23T09:30:00+05:30,1070.6,1100.75,1070.6,1100.75,21
2026-09-23T09:31:00+05:30,1100.0,1110.0,1076.35,1076.35,13
2026-09-23T09:33:00+05:30,1099.0,1099.0,1098.45,1098.6,8
2026-09-23T09:34:00+05:30,1105.0,1105.0,1105.0,1105.0,1
2026-09-23T09:35:00+05:30,1111.05,1112.0,1100.0,1100.0,10
2026-09-23T09:36:00+05:30,1080.0,1082.0,1080.0,1082.0,4
2026-09-23T09:38:00+05:30,1119.0,1119.0,1111.4,1111.4,3
2026-09-23T09:39:00+05:30,1108.0,1108.0,1090.0,1090.0,5
2026-09-23T09:40:00+05:30,1088.85,1100.0,1088.85,1100.0,5
2026-09-23T09:41:00+05:30,1110.0,1110.0,1110.0,1110.0,1
2026-09-23T09:42:00+05:30,1112.0,1116.0,1112.0,1116.0,39
2026-09-23T09:44:00+05:30,1100.0,1110.0,1097.4,1110.0,3
2026-09-23T09:45:00+05:30,1120.0,1131.55,1120.0,1127.55,17
2026-09-23T09:46:00+05:30,1127.55,1130.4,1126.15,1127.6,7
2026-09-23T09:47:00+05:30,1120.0,1120.0,1120.0,1120.0,2
2026-09-23T09:48:00+05:30,1099.3,1100.0,1099.3,1100.0,5
2026-09-23T09:49:00+05:30,1095.85,1095.85,1080.0,1080.0,14
2026-09-23T09:50:00+05:30,1096.6,1096.6,1080.75,1089.2,10
2026-09-23T09:51:00+05:30,1086.75,1100.7,1086.75,1087.2,7
2026-09-23T09:52:00+05:30,1097.65,1098.75,1097.6,1098.75,4
2026-09-23T09:54:00+05:30,1080.0,1080.0,1065.0,1075.0,19
2026-09-23T09:55:00+05:30,1082.25,1082.45,1070.45,1077.6,10
2026-09-23T09:56:00+05:30,1093.35,1093.7,1093.35,1093.7,2
2026-09-23T09:57:00+05:30,1102.25,1120.9,1102.25,1120.9,4
2026-09-23T09:58:00+05:30,1120.0,1125.0,1120.0,1125.0,7
2026-09-23T09:59:00+05:30,1125.1,1151.0,1125.1,1151.0,19
2026-09-23T10:00:00+05:30,1141.4,1195.85,1136.2,1175.0,53
2026-09-23T10:01:00+05:30,1185.2,1185.2,1158.6,1166.8,7
2026-09-23T10:02:00+05:30,1171.1,1180.0,1160.4,1165.0,7
2026-09-23T10:03:00+05:30,1165.0,1165.0,1165.0,1165.0,2
2026-09-23T10:05:00+05:30,1178.1,1178.2,1165.0,1165.0,4
2026-09-23T10:07:00+05:30,1157.85,1157.85,1154.05,1154.05,8
2026-09-23T10:08:00+05:30,1153.6,1153.7,1152.1,1152.1,7
2026-09-23T10:09:00+05:30,1163.55,1163.55,1163.55,1163.55,1
2026-09-23T10:10:00+05:30,1154.8,1155.25,1141.45,1141.45,4
2026-09-23T10:11:00+05:30,1141.25,1141.25,1138.1,1138.1,2
2026-09-23T10:12:00+05:30,1164.95,1164.95,1152.15,1152.15,6
2026-09-23T10:13:00+05:30,1165.15,1174.15,1165.15,1174.15,10
2026-09-23T10:14:00+05:30,1165.0,1165.0,1161.0,1161.1,8
2026-09-23T10:15:00+05:30,1174.55,1174.55,1168.9,1168.9,5
2026-09-23T10:16:00+05:30,1180.0,1188.0,1171.35,1171.35,18
2026-09-23T10:17:00+05:30,1184.1,1184.2,1184.1,1184.15,5
2026-09-23T10:18:00+05:30,1195.0,1200.0,1192.15,1197.65,20
2026-09-23T10:19:00+05:30,1201.35,1201.35,1187.1,1187.1,15
2026-09-23T10:20:00+05:30,1180.95,1180.95,1180.95,1180.95,1
2026-09-23T10:21:00+05:30,1190.0,1190.0,1185.05,1185.05,13
2026-09-23T10:22:00+05:30,1179.25,1179.25,1179.15,1179.15,5
2026-09-23T10:23:00+05:30,1183.05,1183.05,1179.5,1183.0,5
2026-09-23T10:24:00+05:30,1170.0,1170.0,1162.0,1162.0,4
2026-09-23T10:25:00+05:30,1181.45,1181.45,1181.45,1181.45,1
2026-09-23T10:26:00+05:30,1173.8,1182.2,1173.8,1177.8,4
2026-09-23T10:27:00+05:30,1188.3,1192.8,1186.95,1192.0,9
2026-09-23T10:28:00+05:30,1189.6,1200.0,1188.1,1200.0,13
2026-09-23T10:29:00+05:30,1198.85,1198.85,1198.85,1198.85,1
2026-09-23T10:31:00+05:30,1196.9,1201.55,1196.9,1198.8,10
2026-09-23T10:32:00+05:30,1192.95,1200.0,1191.4,1192.0,7
2026-09-23T10:33:00+05:30,1189.3,1189.3,1189.3,1189.3,1
2026-09-23T10:34:00+05:30,1189.25,1189.35,1189.25,1189.35,6
2026-09-23T10:35:00+05:30,1194.35,1194.35,1185.0,1185.0,7
2026-09-23T10:36:00+05:30,1184.9,1185.0,1184.9,1185.0,6
2026-09-23T10:37:00+05:30,1198.0,1198.0,1197.85,1197.85,2
2026-09-23T10:39:00+05:30,1215.0,1215.0,1215.0,1215.0,2
2026-09-23T10:40:00+05:30,1200.85,1219.0,1200.8,1219.0,7
2026-09-23T10:41:00+05:30,1216.8,1216.8,1199.7,1199.7,5
2026-09-23T10:42:00+05:30,1200.0,1203.5,1200.0,1203.5,2
2026-09-23T10:43:00+05:30,1203.5,1203.65,1203.5,1203.65,3
2026-09-23T10:44:00+05:30,1220.3,1220.3,1212.45,1212.45,4
2026-09-23T10:45:00+05:30,1213.7,1225.0,1213.65,1214.45,20
2026-09-23T10:48:00+05:30,1213.65,1216.0,1213.65,1216.0,2
2026-09-23T10:49:00+05:30,1203.1,1203.1,1200.05,1200.05,3
2026-09-23T10:50:00+05:30,1200.05,1202.7,1200.05,1202.7,7
2026-09-23T10:51:00+05:30,1204.45,1204.45,1204.3,1204.3,5
2026-09-23T10:52:00+05:30,1215.3,1221.4,1215.3,1221.4,6
2026-09-23T10:53:00+05:30,1210.3,1210.3,1210.2,1210.2,4
2026-09-23T10:54:00+05:30,1238.65,1239.75,1220.35,1220.35,5
2026-09-23T10:55:00+05:30,1220.85,1232.0,1220.8,1223.9,28
2026-09-23T10:56:00+05:30,1236.95,1244.95,1227.95,1229.2,13
2026-09-23T10:57:00+05:30,1236.85,1238.65,1236.85,1237.55,3
2026-09-23T10:58:00+05:30,1240.2,1240.85,1236.95,1240.85,8
2026-09-23T10:59:00+05:30,1237.45,1237.45,1233.95,1233.95,4
2026-09-23T11:00:00+05:30,1245.0,1245.0,1238.7,1238.7,6
2026-09-23T11:02:00+05:30,1250.0,1253.2,1250.0,1252.45,4
2026-09-23T11:03:00+05:30,1252.45,1252.45,1252.45,1252.45,5
2026-09-23T11:04:00+05:30,1240.0,1240.0,1228.0,1228.0,21
2026-09-23T11:05:00+05:30,1233.0,1241.3,1233.0,1241.2,15
2026-09-23T11:06:00+05:30,1252.4,1253.0,1252.1,1253.0,17
2026-09-23T11:07:00+05:30,1251.95,1265.2,1251.95,1265.2,29
2026-09-23T11:08:00+05:30,1254.3,1254.3,1254.3,1254.3,1
2026-09-23T11:09:00+05:30,1238.8,1241.3,1238.75,1241.3,4
2026-09-23T11:10:00+05:30,1255.0,1255.75,1255.0,1255.75,2
2026-09-23T11:11:00+05:30,1255.75,1258.4,1255.75,1257.05,41
2026-09-23T11:13:00+05:30,1244.65,1250.0,1244.55,1250.0,5
2026-09-23T11:14:00+05:30,1247.65,1247.65,1247.65,1247.65,1
2026-09-23T11:15:00+05:30,1250.0,1250.0,1250.0,1250.0,6
2026-09-23T11:16:00+05:30,1242.35,1242.35,1242.35,1242.35,1
2026-09-23T11:17:00+05:30,1215.3,1225.6,1204.65,1204.65,12
2026-09-23T11:19:00+05:30,1207.65,1207.65,1207.6,1207.6,3
2026-09-23T11:20:00+05:30,1214.9,1214.9,1214.9,1214.9,2
2026-09-23T11:21:00+05:30,1217.55,1219.7,1217.55,1219.7,5
2026-09-23T11:22:00+05:30,1221.2,1224.75,1216.8,1221.55,16
2026-09-23T11:23:00+05:30,1220.95,1220.95,1218.0,1219.4,4
2026-09-23T11:26:00+05:30,1231.0,1238.2,1231.0,1233.0,6
2026-09-23T11:27:00+05:30,1220.95,1220.95,1220.95,1220.95,1
2026-09-23T11:30:00+05:30,1210.0,1225.3,1210.0,1211.5,9
2026-09-23T11:31:00+05:30,1214.95,1214.95,1214.95,1214.95,1
2026-09-23T11:32:00+05:30,1230.0,1230.0,1226.8,1226.8,9
2026-09-23T11:33:00+05:30,1226.8,1226.8,1226.8,1226.8,4
2026-09-23T11:35:00+05:30,1225.0,1225.95,1219.7,1225.95,4
2026-09-23T11:37:00+05:30,1228.5,1229.15,1228.5,1229.15,3
2026-09-23T11:39:00+05:30,1213.45,1213.45,1213.45,1213.45,1
2026-09-23T11:40:00+05:30,1222.7,1222.7,1222.7,1222.7,1
2026-09-23T11:43:00+05:30,1239.4,1239.4,1239.4,1239.4,9
2026-09-23T11:44:00+05:30,1231.45,1231.45,1231.45,1231.45,1
2026-09-23T11:45:00+05:30,1234.5,1234.5,1231.25,1231.25,2
2026-09-23T11:47:00+05:30,1229.85,1229.85,1229.85,1229.85,2
2026-09-23T11:49:00+05:30,1210.0,1210.0,1210.0,1210.0,1
2026-09-23T11:50:00+05:30,1200.0,1200.0,1196.4,1196.4,5
2026-09-23T11:51:00+05:30,1200.25,1200.95,1198.0,1198.0,4
2026-09-23T11:52:00+05:30,1200.1,1208.3,1200.1,1208.3,2
2026-09-23T11:55:00+05:30,1208.0,1210.0,1208.0,1210.0,2
2026-09-23T11:56:00+05:30,1210.85,1210.85,1210.85,1210.85,2
2026-09-23T11:57:00+05:30,1200.0,1202.0,1200.0,1202.0,3
2026-09-23T11:58:00+05:30,1200.0,1200.0,1200.0,1200.0,2
2026-09-23T12:00:00+05:30,1200.4,1200.4,1200.4,1200.4,1
2026-09-23T12:01:00+05:30,1215.0,1215.0,1215.0,1215.0,4
2026-09-23T12:02:00+05:30,1229.0,1237.6,1229.0,1237.6,11
2026-09-23T12:03:00+05:30,1236.6,1239.0,1236.6,1237.15,51
2026-09-23T12:04:00+05:30,1232.05,1232.05,1232.05,1232.05,1
2026-09-23T12:05:00+05:30,1244.55,1244.55,1244.55,1244.55,1
2026-09-23T12:06:00+05:30,1234.45,1234.45,1234.4,1234.4,3
2026-09-23T12:07:00+05:30,1246.75,1246.75,1234.0,1234.0,24
2026-09-23T12:08:00+05:30,1230.0,1230.0,1230.0,1230.0,13
2026-09-23T12:09:00+05:30,1220.0,1222.0,1220.0,1220.0,4
2026-09-23T12:14:00+05:30,1230.05,1234.9,1230.05,1234.9,6
2026-09-23T12:15:00+05:30,1234.0,1234.0,1234.0,1234.0,1
2026-09-23T12:16:00+05:30,1230.55,1230.55,1230.55,1230.55,1
2026-09-23T12:18:00+05:30,1239.05,1239.05,1239.05,1239.05,1
2026-09-23T12:20:00+05:30,1233.2,1233.25,1227.0,1227.0,6
2026-09-23T12:22:00+05:30,1230.45,1230.45,1229.6,1229.65,3
2026-09-23T12:25:00+05:30,1211.0,1211.0,1211.0,1211.0,1
2026-09-23T12:29:00+05:30,1223.0,1223.0,1223.0,1223.0,2
2026-09-23T12:32:00+05:30,1226.0,1226.0,1226.0,1226.0,1
2026-09-23T12:35:00+05:30,1238.25,1241.8,1238.0,1241.8,3
2026-09-23T12:36:00+05:30,1234.0,1234.0,1230.0,1230.0,3
2026-09-23T12:38:00+05:30,1231.75,1231.75,1231.75,1231.75,1
2026-09-23T12:44:00+05:30,1225.0,1225.0,1225.0,1225.0,1
2026-09-23T12:46:00+05:30,1214.6,1214.65,1214.6,1214.65,2
2026-09-23T12:47:00+05:30,1205.0,1205.0,1186.45,1186.45,11
2026-09-23T12:48:00+05:30,1190.0,1196.0,1190.0,1196.0,2
2026-09-23T12:51:00+05:30,1210.0,1210.0,1210.0,1210.0,2
2026-09-23T12:53:00+05:30,1199.4,1199.4,1176.15,1176.15,5
2026-09-23T12:54:00+05:30,1174.05,1174.05,1174.05,1174.05,1
2026-09-23T12:55:00+05:30,1180.0,1180.0,1169.75,1169.75,2
2026-09-23T12:56:00+05:30,1198.0,1198.0,1198.0,1198.0,1
2026-09-23T12:57:00+05:30,1203.25,1203.25,1203.25,1203.25,1
2026-09-23T12:58:00+05:30,1204.0,1204.0,1204.0,1204.0,2
2026-09-23T13:00:00+05:30,1195.0,1195.0,1195.0,1195.0,2
2026-09-23T13:02:00+05:30,1217.4,1229.0,1217.4,1229.0,11
2026-09-23T13:03:00+05:30,1235.0,1243.0,1235.0,1243.0,4
2026-09-23T13:05:00+05:30,1224.0,1224.0,1224.0,1224.0,3
2026-09-23T13:06:00+05:30,1225.0,1225.0,1225.0,1225.0,2
2026-09-23T13:07:00+05:30,1237.35,1257.5,1237.35,1257.5,50
2026-09-23T13:08:00+05:30,1261.75,1262.55,1246.7,1246.7,8
2026-09-23T13:09:00+05:30,1246.0,1246.0,1246.0,1246.0,2
2026-09-23T13:11:00+05:30,1218.1,1228.25,1217.55,1217.55,9
2026-09-23T13:12:00+05:30,1226.7,1226.7,1226.7,1226.7,1
2026-09-23T13:15:00+05:30,1229.2,1229.2,1229.2,1229.2,1
2026-09-23T13:17:00+05:30,1212.0,1212.0,1212.0,1212.0,1
2026-09-23T13:18:00+05:30,1219.3,1219.3,1211.0,1211.0,3
2026-09-23T13:20:00+05:30,1219.45,1219.45,1219.45,1219.45,1
2026-09-23T13:23:00+05:30,1215.2,1218.65,1215.2,1218.65,2
2026-09-23T13:24:00+05:30,1227.3,1227.3,1227.3,1227.3,1
2026-09-23T13:27:00+05:30,1221.0,1221.0,1221.0,1221.0,1
2026-09-23T13:31:00+05:30,1200.0,1200.0,1200.0,1200.0,1
2026-09-23T13:32:00+05:30,1200.0,1200.0,1199.6,1199.6,21
2026-09-23T13:34:00+05:30,1196.7,1196.8,1196.7,1196.8,4
2026-09-23T13:35:00+05:30,1178.85,1178.9,1178.85,1178.9,2
2026-09-23T13:36:00+05:30,1175.9,1184.35,1174.05,1184.35,7
2026-09-23T13:37:00+05:30,1193.05,1194.35,1193.05,1194.35,2
2026-09-23T13:38:00+05:30,1197.05,1197.05,1197.05,1197.05,1
2026-09-23T13:41:00+05:30,1185.25,1185.25,1185.25,1185.25,1
2026-09-23T13:42:00+05:30,1203.95,1204.75,1203.95,1204.75,5
2026-09-23T13:44:00+05:30,1215.0,1219.0,1215.0,1219.0,23
2026-09-23T13:45:00+05:30,1219.0,1219.0,1219.0,1219.0,7
2026-09-23T13:51:00+05:30,1210.0,1210.0,1210.0,1210.0,1
2026-09-23T14:00:00+05:30,1205.0,1205.0,1203.0,1205.0,101
2026-09-23T14:03:00+05:30,1222.0,1225.0,1222.0,1225.0,102
2026-09-23T14:07:00+05:30,1232.6,1232.6,1224.05,1224.05,2
2026-09-23T14:08:00+05:30,1226.35,1228.5,1226.1,1228.5,9
2026-09-23T14:09:00+05:30,1231.7,1235.0,1231.7,1235.0,132
2026-09-23T14:10:00+05:30,1242.0,1250.0,1242.0,1250.0,22
2026-09-23T14:12:00+05:30,1260.0,1262.0,1254.7,1254.7,13
2026-09-23T14:14:00+05:30,1254.4,1254.4,1254.35,1254.35,2
2026-09-23T14:15:00+05:30,1244.4,1244.4,1244.4,1244.4,1
2026-09-23T14:17:00+05:30,1231.0,1231.0,1226.6,1226.6,2
2026-09-23T14:18:00+05:30,1229.0,1229.0,1229.0,1229.0,1
2026-09-23T14:19:00+05:30,1239.35,1239.35,1239.35,1239.35,1
2026-09-23T14:23:00+05:30,1246.0,1250.6,1246.0,1250.6,3
2026-09-23T14:24:00+05:30,1250.1,1250.1,1246.9,1246.9,10
2026-09-23T14:26:00+05:30,1246.9,1246.9,1246.9,1246.9,1
2026-09-23T14:28:00+05:30,1251.2,1251.25,1251.2,1251.25,3
2026-09-23T14:29:00+05:30,1259.0,1259.0,1259.0,1259.0,20
2026-09-23T14:30:00+05:30,1263.0,1269.0,1263.0,1269.0,60
2026-09-23T14:31:00+05:30,1271.4,1271.45,1269.5,1269.6,7
2026-09-23T14:32:00+05:30,1258.95,1258.95,1258.85,1258.85,3
2026-09-23T14:34:00+05:30,1229.95,1229.95,1229.95,1229.95,1
2026-09-23T14:36:00+05:30,1211.0,1211.0,1207.3,1207.3,2
2026-09-23T14:38:00+05:30,1220.1,1220.1,1220.1,1220.1,1
2026-09-23T14:40:00+05:30,1205.0,1214.0,1205.0,1214.0,8
2026-09-23T14:41:00+05:30,1212.2,1212.2,1212.2,1212.2,1
2026-09-23T14:42:00+05:30,1205.05,1205.05,1200.0,1200.0,12
2026-09-23T14:44:00+05:30,1205.05,1205.05,1200.15,1200.15,7
2026-09-23T14:45:00+05:30,1209.15,1209.15,1209.15,1209.15,2
2026-09-23T14:46:00+05:30,1200.0,1207.25,1200.0,1207.25,3
2026-09-23T14:47:00+05:30,1190.0,1190.0,1190.0,1190.0,1
2026-09-23T14:48:00+05:30,1188.0,1203.45,1188.0,1203.45,11
2026-09-23T14:49:00+05:30,1195.2,1195.2,1195.0,1195.0,2
2026-09-23T14:50:00+05:30,1188.8,1188.8,1180.0,1186.0,15
2026-09-23T14:51:00+05:30,1186.0,1202.2,1185.8,1202.2,4
2026-09-23T14:52:00+05:30,1199.2,1199.2,1183.65,1183.65,21
2026-09-23T14:54:00+05:30,1194.0,1194.0,1194.0,1194.0,2
2026-09-23T14:55:00+05:30,1200.2,1205.3,1200.2,1205.3,8
2026-09-23T14:57:00+05:30,1184.0,1184.0,1176.85,1176.85,4
2026-09-23T14:58:00+05:30,1180.0,1180.0,1173.0,1173.0,8
2026-09-23T14:59:00+05:30,1175.8,1177.95,1175.8,1177.95,2
2026-09-23T15:01:00+05:30,1176.65,1176.65,1176.65,1176.65,1
2026-09-23T15:02:00+05:30,1162.0,1162.55,1150.2,1162.55,17
2026-09-23T15:03:00+05:30,1150.25,1150.25,1149.6,1149.6,6
2026-09-23T15:04:00+05:30,1145.85,1145.95,1140.05,1140.05,9
2026-09-23T15:05:00+05:30,1160.2,1166.15,1158.15,1166.15,5
2026-09-23T15:06:00+05:30,1166.7,1170.0,1166.7,1170.0,11
2026-09-23T15:07:00+05:30,1171.25,1171.25,1171.2,1171.2,3
2026-09-23T15:09:00+05:30,1171.2,1171.2,1171.2,1171.2,4
2026-09-23T15:11:00+05:30,1176.0,1184.75,1176.0,1184.75,11
2026-09-23T15:12:00+05:30,1196.0,1196.0,1193.5,1194.65,34
2026-09-23T15:13:00+05:30,1199.0,1200.25,1199.0,1199.85,12
2026-09-23T15:14:00+05:30,1206.6,1220.0,1206.6,1214.0,39
2026-09-23T15:15:00+05:30,1220.0,1240.35,1220.0,1240.35,19
2026-09-23T15:16:00+05:30,1240.75,1244.0,1238.15,1238.15,6
2026-09-23T15:17:00+05:30,1221.0,1221.0,1221.0,1221.0,1
2026-09-23T15:18:00+05:30,1222.75,1222.75,1206.4,1206.4,6
2026-09-23T15:21:00+05:30,1222.15,1222.35,1222.15,1222.35,3
2026-09-23T15:22:00+05:30,1220.75,1220.8,1216.65,1216.65,8
2026-09-23T15:23:00+05:30,1210.9,1212.1,1209.05,1210.2,12
2026-09-23T15:24:00+05:30,1210.25,1210.25,1210.25,1210.25,2
2026-09-23T15:25:00+05:30,1224.0,1224.0,1222.1,1222.1,4
2026-09-23T15:26:00+05:30,1224.7,1224.7,1217.65,1217.65,4
2026-09-23T15:27:00+05:30,1224.5,1224.5,1220.45,1224.0,6
2026-09-23T15:30:00+05:30,1228.0,1231.55,1228.0,1231.55,3
2026-09-23T15:31:00+05:30,1234.0,1234.0,1233.35,1233.7,13
2026-09-23T15:32:00+05:30,1240.0,1242.0,1240.0,1242.0,36
2026-09-23T15:33:00+05:30,1242.0,1242.0,1240.5,1240.5,9
2026-09-23T15:34:00+05:30,1229.2,1229.2,1227.65,1227.65,2
2026-09-23T15:36:00+05:30,1223.1,1223.1,1223.1,1223.1,1
2026-09-23T15:37:00+05:30,1229.8,1229.85,1229.8,1229.85,5
2026-09-23T15:38:00+05:30,1229.45,1230.0,1225.8,1229.85,35
2026-09-23T15:39:00+05:30,1234.95,1234.95,1230.7,1230.7,12
2026-09-24T09:15:00+05:30,630.0,821.2,555.0,729.7,3001
2026-09-24T09:16:00+05:30,727.0,730.15,679.25,679.25,497
2026-09-24T09:17:00+05:30,680.0,682.7,596.9,600.3,1345
2026-09-24T09:18:00+05:30,603.7,618.35,588.0,607.2,628
2026-09-24T09:19:00+05:30,602.15,630.0,565.8,575.9,861
2026-09-24T09:20:00+05:30,574.1,592.5,570.0,585.8,477
2026-09-24T09:21:00+05:30,587.45,595.55,570.0,582.2,458
2026-09-24T09:22:00+05:30,583.95,607.45,570.0,603.9,475
2026-09-24T09:23:00+05:30,602.25,625.0,601.05,613.75,696
2026-09-24T09:24:00+05:30,614.2,618.1,597.0,600.0,543
2026-09-24T09:25:00+05:30,598.6,602.75,571.0,575.0,503
2026-09-24T09:26:00+05:30,573.1,588.95,569.5,573.65,493
2026-09-24T09:27:00+05:30,570.75,570.75,552.0,562.25,938
2026-09-24T09:28:00+05:30,559.15,573.85,555.0,564.8,296
2026-09-24T09:29:00+05:30,563.3,566.6,552.8,557.55,377
2026-09-24T09:30:00+05:30,557.55,558.0,533.0,534.6,1306
2026-09-24T09:31:00+05:30,534.35,543.2,528.0,532.0,677
2026-09-24T09:32:00+05:30,532.45,543.35,527.25,531.7,350
2026-09-24T09:33:00+05:30,530.0,534.9,520.9,533.6,450
2026-09-24T09:34:00+05:30,534.9,535.7,527.05,530.2,298
2026-09-24T09:35:00+05:30,531.55,536.8,525.0,526.75,401
2026-09-24T09:36:00+05:30,525.55,528.3,522.0,527.55,356
2026-09-24T09:37:00+05:30,526.0,527.1,511.8,515.0,656
2026-09-24T09:38:00+05:30,514.95,517.4,493.5,496.9,1144
2026-09-24T09:39:00+05:30,496.45,501.5,480.0,486.0,933
2026-09-24T09:40:00+05:30,485.4,496.85,481.0,496.6,548
2026-09-24T09:41:00+05:30,495.9,496.15,482.55,485.7,467
2026-09-24T09:42:00+05:30,485.05,487.35,476.4,486.0,554
2026-09-24T09:43:00+05:30,485.25,485.85,462.85,467.85,757
2026-09-24T09:44:00+05:30,466.65,471.45,457.8,464.95,1329
2026-09-24T09:45:00+05:30,464.9,476.25,445.85,476.25,1687
2026-09-24T09:46:00+05:30,476.15,483.7,468.05,474.6,1133
2026-09-24T09:47:00+05:30,475.0,477.8,469.9,471.6,444
2026-09-24T09:48:00+05:30,469.2,479.85,468.9,475.2,530
2026-09-24T09:49:00+05:30,475.3,487.9,474.7,484.4,778
2026-09-24T09:50:00+05:30,485.05,491.0,475.0,489.5,638
2026-09-24T09:51:00+05:30,489.0,492.55,475.0,476.95,397
2026-09-24T09:52:00+05:30,476.05,480.85,470.0,470.05,655
2026-09-24T09:53:00+05:30,470.95,473.95,466.3,466.65,538
2026-09-24T09:54:00+05:30,467.75,470.75,467.75,470.75,267
2026-09-24T09:55:00+05:30,470.1,476.75,466.0,476.7,330
2026-09-24T09:56:00+05:30,476.15,480.75,469.55,472.65,544
2026-09-24T09:57:00+05:30,473.35,477.95,472.0,476.35,375
2026-09-24T09:58:00+05:30,475.9,482.0,474.6,481.25,222
2026-09-24T09:59:00+05:30,481.25,484.0,475.0,481.4,250
2026-09-24T10:00:00+05:30,481.35,491.0,476.0,490.5,729
2026-09-24T10:01:00+05:30,491.7,497.65,489.8,492.0,636
2026-09-24T10:02:00+05:30,492.1,503.1,489.05,501.0,681
2026-09-24T10:03:00+05:30,501.0,514.6,497.9,513.05,824
2026-09-24T10:04:00+05:30,512.65,523.0,505.65,506.85,1246
2026-09-24T10:05:00+05:30,506.55,506.6,493.25,493.25,756
2026-09-24T10:06:00+05:30,495.6,496.7,482.0,488.15,309
2026-09-24T10:07:00+05:30,487.55,498.6,487.55,496.9,314
2026-09-24T10:08:00+05:30,499.0,514.0,497.15,513.0,478
2026-09-24T10:09:00+05:30,512.0,523.6,510.0,516.95,703
2026-09-24T10:10:00+05:30,516.3,518.1,500.85,503.75,319
2026-09-24T10:11:00+05:30,501.4,505.65,490.0,499.0,399
2026-09-24T10:12:00+05:30,495.35,497.45,485.45,485.45,269
2026-09-24T10:13:00+05:30,486.15,493.5,476.05,476.25,446
2026-09-24T10:14:00+05:30,475.0,479.9,472.25,478.05,520
2026-09-24T10:15:00+05:30,477.65,487.15,474.95,482.6,523
2026-09-24T10:16:00+05:30,484.65,484.7,476.0,477.0,194
2026-09-24T10:17:00+05:30,476.7,476.7,468.75,472.15,395
2026-09-24T10:18:00+05:30,474.55,475.5,468.5,470.6,414
2026-09-24T10:19:00+05:30,471.0,484.5,465.65,482.75,414
2026-09-24T10:20:00+05:30,484.5,485.0,475.0,478.6,386
2026-09-24T10:21:00+05:30,478.95,480.0,468.2,472.45,268
2026-09-24T10:22:00+05:30,471.0,474.0,466.55,467.45,365
2026-09-24T10:23:00+05:30,466.05,477.45,465.7,472.75,562
2026-09-24T10:24:00+05:30,473.0,477.2,470.75,473.4,246
2026-09-24T10:25:00+05:30,473.1,473.4,465.5,470.0,372
2026-09-24T10:26:00+05:30,470.0,480.5,467.05,478.45,349
2026-09-24T10:27:00+05:30,478.1,481.75,476.0,478.05,365
2026-09-24T10:28:00+05:30,478.85,479.9,467.65,470.55,308
2026-09-24T10:29:00+05:30,471.35,478.05,469.0,474.75,192
2026-09-24T10:30:00+05:30,473.4,476.6,469.0,473.6,268
2026-09-24T10:31:00+05:30,475.0,484.0,475.0,482.0,339
2026-09-24T10:32:00+05:30,483.65,487.75,480.8,485.4,387
2026-09-24T10:33:00+05:30,487.2,495.3,484.6,494.6,437
2026-09-24T10:34:00+05:30,494.5,495.0,484.0,489.95,435
2026-09-24T10:35:00+05:30,488.4,489.75,482.0,484.0,177
2026-09-24T10:36:00+05:30,484.35,503.95,482.5,495.1,1059
2026-09-24T10:37:00+05:30,495.05,499.0,482.6,485.35,954
2026-09-24T10:38:00+05:30,485.0,499.0,485.0,487.35,278
2026-09-24T10:39:00+05:30,485.5,493.0,484.0,488.95,378
2026-09-24T10:40:00+05:30,487.4,487.4,473.0,474.3,399
2026-09-24T10:41:00+05:30,474.5,484.0,473.8,481.3,463
2026-09-24T10:42:00+05:30,480.7,487.3,477.85,484.45,148
2026-09-24T10:43:00+05:30,483.85,484.3,472.2,475.3,313
2026-09-24T10:44:00+05:30,474.8,482.0,474.35,481.7,159
2026-09-24T10:45:00+05:30,480.4,488.2,480.4,485.0,251
2026-09-24T10:46:00+05:30,483.85,487.5,480.05,483.0,200
2026-09-24T10:47:00+05:30,480.0,486.6,480.0,485.7,238
2026-09-24T10:48:00+05:30,485.4,485.4,475.4,479.0,175
2026-09-24T10:49:00+05:30,477.2,482.0,475.0,482.0,133
2026-09-24T10:50:00+05:30,480.45,484.0,477.0,484.0,109
2026-09-24T10:51:00+05:30,482.35,511.95,482.35,500.0,1055
2026-09-24T10:52:00+05:30,500.0,513.25,496.4,506.95,572
2026-09-24T10:53:00+05:30,506.3,515.65,499.05,501.45,528
2026-09-24T10:54:00+05:30,501.5,508.05,500.0,505.35,196
2026-09-24T10:55:00+05:30,505.4,517.0,505.0,513.85,515
2026-09-24T10:56:00+05:30,512.55,512.75,500.1,503.1,279
2026-09-24T10:57:00+05:30,501.35,504.85,498.7,501.0,194
2026-09-24T10:58:00+05:30,500.2,503.05,490.0,498.75,406
2026-09-24T10:59:00+05:30,498.4,506.75,495.25,506.05,165
2026-09-24T11:00:00+05:30,506.25,506.25,498.7,504.5,344
2026-09-24T11:01:00+05:30,502.0,515.35,499.0,500.9,526
2026-09-24T11:02:00+05:30,500.95,510.95,500.15,508.2,156
2026-09-24T11:03:00+05:30,508.0,510.4,502.0,502.0,263
2026-09-24T11:04:00+05:30,501.95,509.0,498.8,505.1,268
2026-09-24T11:05:00+05:30,504.2,505.55,492.45,494.05,181
2026-09-24T11:06:00+05:30,493.95,497.75,490.0,494.2,415
2026-09-24T11:07:00+05:30,492.75,504.1,492.25,501.15,209
2026-09-24T11:08:00+05:30,501.9,501.9,490.7,494.05,99
2026-09-24T11:09:00+05:30,494.85,495.0,485.1,491.15,247
2026-09-24T11:10:00+05:30,490.05,493.6,487.0,493.6,131
2026-09-24T11:11:00+05:30,493.35,500.0,485.1,487.6,205
2026-09-24T11:12:00+05:30,485.5,493.85,483.7,488.25,116
2026-09-24T11:13:00+05:30,488.25,489.6,465.0,481.3,843
2026-09-24T11:14:00+05:30,480.3,486.3,478.0,482.45,362
2026-09-24T11:15:00+05:30,484.4,493.55,479.8,490.65,299
2026-09-24T11:16:00+05:30,493.55,496.6,490.0,493.25,262
2026-09-24T11:17:00+05:30,493.45,503.9,493.45,497.65,403
2026-09-24T11:18:00+05:30,499.35,515.85,498.75,509.8,846
2026-09-24T11:19:00+05:30,510.0,520.75,507.3,518.0,735
2026-09-24T11:20:00+05:30,517.85,519.75,505.25,508.1,298
2026-09-24T11:21:00+05:30,508.0,509.95,504.0,509.45,167
2026-09-24T11:22:00+05:30,508.8,510.0,496.0,502.75,220
2026-09-24T11:23:00+05:30,503.5,503.5,491.6,497.0,158
2026-09-24T11:24:00+05:30,496.15,500.0,489.0,490.95,384
2026-09-24T11:25:00+05:30,490.3,498.5,487.45,490.4,257
2026-09-24T11:26:00+05:30,490.0,493.7,483.8,491.2,182
2026-09-24T11:27:00+05:30,490.9,496.0,490.9,493.15,124
2026-09-24T11:28:00+05:30,495.0,499.9,491.0,493.35,150
2026-09-24T11:29:00+05:30,494.55,495.05,488.0,488.0,77
2026-09-24T11:30:00+05:30,488.65,490.55,485.3,488.0,112
2026-09-24T11:31:00+05:30,488.0,490.9,482.0,485.0,99
2026-09-24T11:32:00+05:30,485.0,490.8,474.4,478.65,557
2026-09-24T11:33:00+05:30,476.1,490.05,474.4,487.7,310
2026-09-24T11:34:00+05:30,487.6,492.0,477.9,478.65,274
2026-09-24T11:35:00+05:30,479.6,486.0,478.0,486.0,160
2026-09-24T11:36:00+05:30,484.75,494.0,481.95,492.75,227
2026-09-24T11:37:00+05:30,494.95,498.0,488.3,494.95,260
2026-09-24T11:38:00+05:30,496.0,499.55,492.35,494.6,291
2026-09-24T11:39:00+05:30,494.3,504.9,492.45,503.7,148
2026-09-24T11:40:00+05:30,501.45,504.0,496.2,499.5,138
2026-09-24T11:41:00+05:30,499.95,503.7,492.75,493.2,200
2026-09-24T11:42:00+05:30,493.25,498.9,493.0,497.2,141
2026-09-24T11:43:00+05:30,495.4,499.2,490.1,495.35,167
2026-09-24T11:44:00+05:30,495.5,496.05,489.8,492.4,123
2026-09-24T11:45:00+05:30,491.95,497.65,489.0,495.0,174
2026-09-24T11:46:00+05:30,497.1,500.7,494.6,494.6,75
2026-09-24T11:47:00+05:30,496.25,499.0,491.0,493.95,88
2026-09-24T11:48:00+05:30,490.85,500.0,488.2,499.25,117
2026-09-24T11:49:00+05:30,499.1,500.15,492.4,492.5,46
2026-09-24T11:50:00+05:30,490.4,499.2,489.0,492.15,78
2026-09-24T11:51:00+05:30,494.3,495.15,490.1,493.55,76
2026-09-24T11:52:00+05:30,493.75,496.0,490.45,492.0,80
2026-09-24T11:53:00+05:30,492.45,496.4,488.0,490.0,170
2026-09-24T11:54:00+05:30,490.0,493.1,488.95,493.0,74
2026-09-24T11:55:00+05:30,491.0,492.0,482.05,485.55,181
2026-09-24T11:56:00+05:30,486.4,486.4,481.4,483.7,228
2026-09-24T11:57:00+05:30,482.55,487.5,478.0,482.45,166
2026-09-24T11:58:00+05:30,482.45,491.1,481.9,488.6,124
2026-09-24T11:59:00+05:30,489.85,491.1,488.0,490.45,216
2026-09-24T12:00:00+05:30,488.1,492.0,483.65,489.25,133
2026-09-24T12:01:00+05:30,491.75,500.0,489.5,498.5,289
2026-09-24T12:02:00+05:30,499.8,509.85,496.85,496.85,324
2026-09-24T12:03:00+05:30,498.0,500.8,493.6,495.8,126
2026-09-24T12:04:00+05:30,493.0,496.0,492.0,492.0,96
2026-09-24T12:05:00+05:30,490.25,493.2,487.65,490.25,47
2026-09-24T12:06:00+05:30,490.6,496.0,488.85,493.7,88
2026-09-24T12:07:00+05:30,493.35,497.0,491.4,494.15,94
2026-09-24T12:08:00+05:30,493.25,494.8,485.05,490.6,136
2026-09-24T12:09:00+05:30,490.0,495.45,490.0,491.75,62
2026-09-24T12:10:00+05:30,492.45,495.95,487.95,495.9,36
2026-09-24T12:11:00+05:30,495.95,498.75,494.05,495.0,135
2026-09-24T12:12:00+05:30,495.0,496.0,488.5,489.25,54
2026-09-24T12:13:00+05:30,489.7,493.0,488.0,488.0,82
2026-09-24T12:14:00+05:30,488.0,489.25,481.05,482.6,177
2026-09-24T12:15:00+05:30,482.6,492.2,482.0,490.05,87
2026-09-24T12:16:00+05:30,491.2,491.2,485.55,487.1,108
2026-09-24T12:17:00+05:30,487.0,488.8,485.9,485.9,22
2026-09-24T12:18:00+05:30,486.5,490.55,486.35,490.55,9
2026-09-24T12:19:00+05:30,490.0,495.65,488.55,493.05,67
2026-09-24T12:20:00+05:30,494.8,501.65,490.2,490.2,248
2026-09-24T12:21:00+05:30,493.35,496.85,492.0,494.5,69
2026-09-24T12:22:00+05:30,495.0,495.0,489.0,489.4,50
2026-09-24T12:23:00+05:30,488.0,488.55,481.4,488.05,134
2026-09-24T12:24:00+05:30,487.95,494.0,485.9,489.55,94
2026-09-24T12:25:00+05:30,491.45,491.6,473.0,474.15,451
2026-09-24T12:26:00+05:30,473.0,488.6,473.0,487.45,322
2026-09-24T12:27:00+05:30,486.75,492.6,483.25,491.1,147
2026-09-24T12:28:00+05:30,493.0,501.0,493.0,498.65,566
2026-09-24T12:29:00+05:30,498.45,500.4,494.15,498.55,145
2026-09-24T12:30:00+05:30,498.35,507.15,490.85,507.0,350
2026-09-24T12:31:00+05:30,505.4,511.7,489.4,490.2,255
2026-09-24T12:32:00+05:30,490.9,491.0,474.2,484.0,318
2026-09-24T12:33:00+05:30,483.95,493.9,483.95,488.5,207
2026-09-24T12:34:00+05:30,490.8,495.95,487.5,494.25,141
2026-09-24T12:35:00+05:30,493.55,495.55,475.0,487.3,356
2026-09-24T12:36:00+05:30,487.2,495.55,470.0,495.05,443
2026-09-24T12:37:00+05:30,495.9,496.0,484.05,490.65,120
2026-09-24T12:38:00+05:30,492.0,502.2,492.0,500.2,189
2026-09-24T12:39:00+05:30,498.55,500.55,494.25,496.45,145
2026-09-24T12:40:00+05:30,496.5,506.35,495.1,505.6,213
2026-09-24T12:41:00+05:30,505.2,515.0,501.5,501.6,373
2026-09-24T12:42:00+05:30,502.6,511.75,502.6,505.0,183
2026-09-24T12:43:00+05:30,505.75,505.75,501.05,501.05,44
2026-09-24T12:44:00+05:30,502.0,502.7,496.25,499.05,76
2026-09-24T12:45:00+05:30,500.0,505.4,495.75,500.7,105
2026-09-24T12:46:00+05:30,502.5,505.95,498.45,498.55,98
2026-09-24T12:47:00+05:30,500.5,502.0,495.45,501.8,70
2026-09-24T12:48:00+05:30,501.7,506.65,496.5,497.85,120
2026-09-24T12:49:00+05:30,499.1,503.25,495.0,501.45,122
2026-09-24T12:50:00+05:30,502.25,509.5,500.25,504.15,157
2026-09-24T12:51:00+05:30,501.1,506.8,500.0,504.95,67
2026-09-24T12:52:00+05:30,503.5,504.95,498.75,498.75,145
2026-09-24T12:53:00+05:30,498.75,500.0,492.65,496.3,208
2026-09-24T12:54:00+05:30,494.5,495.0,488.0,489.6,112
2026-09-24T12:55:00+05:30,490.0,496.7,488.05,492.75,173
2026-09-24T12:56:00+05:30,493.65,502.1,492.75,499.45,151
2026-09-24T12:57:00+05:30,499.3,503.75,494.45,503.75,53
2026-09-24T12:58:00+05:30,501.45,504.6,497.85,497.85,104
2026-09-24T12:59:00+05:30,497.6,499.65,493.4,496.7,56
2026-09-24T13:00:00+05:30,498.8,506.0,494.3,497.7,177
2026-09-24T13:01:00+05:30,500.0,505.5,498.9,503.2,181
2026-09-24T13:02:00+05:30,502.1,508.95,501.85,507.3,129
2026-09-24T13:03:00+05:30,507.3,518.0,506.9,517.6,442
2026-09-24T13:04:00+05:30,518.0,518.0,510.05,512.3,298
2026-09-24T13:05:00+05:30,513.6,514.95,503.45,503.45,266
2026-09-24T13:06:00+05:30,504.8,510.65,500.0,510.65,146
2026-09-24T13:07:00+05:30,510.0,514.35,507.6,512.55,116
2026-09-24T13:08:00+05:30,511.25,515.0,507.0,509.6,154
2026-09-24T13:09:00+05:30,508.9,509.2,505.6,505.95,76
2026-09-24T13:10:00+05:30,505.05,506.5,500.0,504.5,126
2026-09-24T13:11:00+05:30,503.85,508.2,503.85,504.4,135
2026-09-24T13:12:00+05:30,504.2,512.0,502.35,512.0,82
2026-09-24T13:13:00+05:30,512.0,516.95,511.2,516.95,185
2026-09-24T13:14:00+05:30,515.4,526.7,515.4,519.9,652
2026-09-24T13:15:00+05:30,519.75,525.0,514.05,522.8,250
2026-09-24T13:16:00+05:30,522.95,524.7,518.45,520.3,246
2026-09-24T13:17:00+05:30,520.05,520.05,503.7,515.0,318
2026-09-24T13:18:00+05:30,513.75,516.55,511.0,511.0,89
2026-09-24T13:19:00+05:30,511.75,515.75,511.0,512.5,55
2026-09-24T13:20:00+05:30,512.0,512.0,503.2,511.4,465
2026-09-24T13:21:00+05:30,511.1,513.65,506.4,509.55,82
2026-09-24T13:22:00+05:30,506.8,511.35,504.4,508.55,81
2026-09-24T13:23:00+05:30,507.55,507.6,503.6,505.6,37
2026-09-24T13:24:00+05:30,505.0,509.35,500.1,509.35,109
2026-09-24T13:25:00+05:30,508.5,510.25,492.75,496.55,241
2026-09-24T13:26:00+05:30,494.8,499.6,471.1,471.25,932
2026-09-24T13:27:00+05:30,472.55,486.05,461.0,474.65,1185
2026-09-24T13:28:00+05:30,477.0,480.8,469.45,475.3,410
2026-09-24T13:29:00+05:30,476.15,482.0,472.35,475.0,235
2026-09-24T13:30:00+05:30,475.0,485.45,474.9,481.2,267
2026-09-24T13:31:00+05:30,482.3,497.05,478.0,494.0,406
2026-09-24T13:32:00+05:30,492.0,494.0,485.0,492.65,327
2026-09-24T13:33:00+05:30,490.6,495.0,480.0,490.5,258
2026-09-24T13:34:00+05:30,489.45,489.45,475.0,482.2,244
2026-09-24T13:35:00+05:30,483.6,484.95,475.5,476.1,112
2026-09-24T13:36:00+05:30,475.75,481.4,465.8,478.6,501
2026-09-24T13:37:00+05:30,480.25,483.9,476.65,476.65,163
2026-09-24T13:38:00+05:30,476.25,477.75,471.35,471.85,161
2026-09-24T13:39:00+05:30,472.0,473.65,465.0,472.4,431
2026-09-24T13:40:00+05:30,473.65,479.0,469.75,477.7,244
2026-09-24T13:41:00+05:30,477.15,478.65,467.6,475.1,288
2026-09-24T13:42:00+05:30,475.95,480.0,465.0,472.85,327
2026-09-24T13:43:00+05:30,472.45,474.25,448.0,453.3,446
2026-09-24T13:44:00+05:30,452.65,456.55,411.7,429.95,3021
2026-09-24T13:45:00+05:30,427.8,439.4,410.0,410.05,1657
2026-09-24T13:46:00+05:30,411.2,415.2,388.6,412.45,3005
2026-09-24T13:47:00+05:30,412.15,432.0,407.4,415.0,1339
2026-09-24T13:48:00+05:30,414.1,421.0,410.45,415.35,922
2026-09-24T13:49:00+05:30,416.5,437.1,415.0,434.25,1006
2026-09-24T13:50:00+05:30,433.5,444.95,430.3,440.0,1099
2026-09-24T13:51:00+05:30,438.4,441.6,416.0,418.4,955
2026-09-24T13:52:00+05:30,418.3,429.1,410.55,421.95,881
2026-09-24T13:53:00+05:30,422.95,427.6,419.0,422.2,398
2026-09-24T13:54:00+05:30,421.45,425.45,406.5,414.85,916
2026-09-24T13:55:00+05:30,413.4,425.7,412.25,419.85,1163
2026-09-24T13:56:00+05:30,420.65,420.65,410.4,414.1,402
2026-09-24T13:57:00+05:30,414.4,420.0,403.8,408.95,734
2026-09-24T13:58:00+05:30,407.85,411.0,394.15,400.85,1331
2026-09-24T13:59:00+05:30,400.05,418.4,399.5,407.75,920
2026-09-24T14:00:00+05:30,409.85,433.6,409.55,430.3,753
2026-09-24T14:01:00+05:30,431.05,440.55,429.0,438.3,679
2026-09-24T14:02:00+05:30,438.7,451.0,429.6,440.1,926
2026-09-24T14:03:00+05:30,445.0,454.8,436.0,438.3,818
2026-09-24T14:04:00+05:30,439.05,450.45,409.4,421.9,872
2026-09-24T14:05:00+05:30,422.25,437.7,419.1,433.75,600
2026-09-24T14:06:00+05:30,432.2,433.1,414.4,419.35,513
2026-09-24T14:07:00+05:30,420.2,427.55,418.95,425.95,329
2026-09-24T14:08:00+05:30,427.0,440.0,424.05,434.6,324
2026-09-24T14:09:00+05:30,434.3,444.0,424.05,437.7,351
2026-09-24T14:10:00+05:30,438.3,450.0,431.05,432.8,559
2026-09-24T14:11:00+05:30,432.8,433.0,424.2,425.0,214
2026-09-24T14:12:00+05:30,424.7,435.95,424.7,435.95,206
2026-09-24T14:13:00+05:30,434.7,441.0,424.7,436.2,204
2026-09-24T14:14:00+05:30,436.65,439.0,430.0,437.1,160
2026-09-24T14:15:00+05:30,439.0,444.9,427.0,427.9,337
2026-09-24T14:16:00+05:30,428.8,441.1,427.1,431.8,307
2026-09-24T14:17:00+05:30,432.9,439.35,432.0,437.0,158
2026-09-24T14:18:00+05:30,437.15,443.7,433.95,437.45,275
2026-09-24T14:19:00+05:30,436.5,441.15,425.4,433.15,582
2026-09-24T14:20:00+05:30,435.85,439.25,429.5,433.45,216
2026-09-24T14:21:00+05:30,433.8,437.0,423.0,437.0,383
2026-09-24T14:22:00+05:30,436.7,438.0,418.75,423.65,421
2026-09-24T14:23:00+05:30,423.15,428.45,409.4,417.9,598
2026-09-24T14:24:00+05:30,416.9,428.2,413.35,424.05,422
2026-09-24T14:25:00+05:30,425.2,435.5,420.8,431.05,428
2026-09-24T14:26:00+05:30,431.35,434.0,419.8,426.55,280
2026-09-24T14:27:00+05:30,427.05,429.0,423.55,426.9,173
2026-09-24T14:28:00+05:30,425.8,436.9,424.15,424.15,275
2026-09-24T14:29:00+05:30,425.5,433.25,425.5,431.8,101
2026-09-24T14:30:00+05:30,429.55,433.5,421.75,430.75,221
2026-09-24T14:31:00+05:30,432.2,442.0,425.15,440.35,528
2026-09-24T14:32:00+05:30,440.1,448.0,428.6,430.0,589
2026-09-24T14:33:00+05:30,430.05,436.4,423.0,429.95,316
2026-09-24T14:34:00+05:30,430.2,439.65,428.2,439.05,347
2026-09-24T14:35:00+05:30,438.15,441.7,436.35,441.55,259
2026-09-24T14:36:00+05:30,442.2,453.0,436.65,452.85,1008
2026-09-24T14:37:00+05:30,452.45,463.1,447.25,461.1,1272
2026-09-24T14:38:00+05:30,459.2,474.05,454.0,455.5,1473
2026-09-24T14:39:00+05:30,456.7,477.2,452.6,475.0,931
2026-09-24T14:40:00+05:30,475.75,477.1,464.0,468.0,1056
2026-09-24T14:41:00+05:30,467.55,471.85,457.8,466.8,926
2026-09-24T14:42:00+05:30,467.7,468.0,447.75,457.6,755
2026-09-24T14:43:00+05:30,460.0,470.85,456.8,462.8,536
2026-09-24T14:44:00+05:30,462.45,464.45,454.4,458.5,307
2026-09-24T14:45:00+05:30,457.8,475.0,454.0,473.8,616
2026-09-24T14:46:00+05:30,473.5,477.0,467.85,468.7,744
2026-09-24T14:47:00+05:30,468.2,475.0,462.0,468.85,450
2026-09-24T14:48:00+05:30,469.8,474.95,466.05,471.9,391
2026-09-24T14:49:00+05:30,472.05,474.0,465.0,473.35,632
2026-09-24T14:50:00+05:30,472.55,481.7,471.15,476.6,996
2026-09-24T14:51:00+05:30,478.65,489.95,474.75,489.3,698
2026-09-24T14:52:00+05:30,489.05,493.2,483.8,487.45,671
2026-09-24T14:53:00+05:30,487.8,491.65,482.5,489.0,331
2026-09-24T14:54:00+05:30,489.8,493.0,480.0,482.6,492
2026-09-24T14:55:00+05:30,484.35,495.9,481.0,489.1,607
2026-09-24T14:56:00+05:30,490.5,497.75,481.6,482.5,429
2026-09-24T14:57:00+05:30,481.45,482.0,470.25,480.4,474
2026-09-24T14:58:00+05:30,479.5,480.4,465.0,476.7,329
2026-09-24T14:59:00+05:30,473.0,475.55,456.05,458.85,615
2026-09-24T15:00:00+05:30,459.8,470.0,453.25,459.5,860
2026-09-24T15:01:00+05:30,457.9,472.0,445.65,469.55,673
2026-09-24T15:02:00+05:30,467.9,487.7,465.5,486.05,510
2026-09-24T15:03:00+05:30,486.05,487.25,475.3,479.75,269
2026-09-24T15:04:00+05:30,479.3,492.95,479.3,489.5,482
2026-09-24T15:05:00+05:30,489.8,490.0,462.0,467.2,429
2026-09-24T15:06:00+05:30,466.3,471.2,456.85,466.65,372
2026-09-24T15:07:00+05:30,466.65,467.7,454.7,460.0,307
2026-09-24T15:08:00+05:30,462.0,466.4,444.0,449.1,356
2026-09-24T15:09:00+05:30,448.5,463.8,448.5,460.75,368
2026-09-24T15:10:00+05:30,463.65,465.4,444.0,445.7,435
2026-09-24T15:11:00+05:30,445.4,460.0,440.6,456.0,375
2026-09-24T15:12:00+05:30,456.4,456.65,434.1,446.05,398
2026-09-24T15:13:00+05:30,443.3,448.75,422.4,425.85,768
2026-09-24T15:14:00+05:30,425.0,435.0,425.0,429.6,478
2026-09-24T15:15:00+05:30,433.1,434.2,418.0,419.0,847
2026-09-24T15:16:00+05:30,419.7,425.1,419.0,422.85,349
2026-09-24T15:17:00+05:30,424.35,435.0,422.55,428.4,257
2026-09-24T15:18:00+05:30,429.25,440.1,428.0,437.05,263
2026-09-24T15:19:00+05:30,437.3,445.75,437.3,440.65,363
2026-09-24T15:20:00+05:30,441.5,441.5,427.35,434.1,365
2026-09-24T15:21:00+05:30,434.55,437.35,430.55,434.15,266
2026-09-24T15:22:00+05:30,435.25,441.55,427.1,440.95,498
2026-09-24T15:23:00+05:30,441.0,441.0,427.9,428.05,189
2026-09-24T15:24:00+05:30,429.9,445.9,429.9,445.9,579
2026-09-24T15:25:00+05:30,444.15,462.75,441.95,462.75,719
2026-09-24T15:26:00+05:30,462.75,474.4,450.0,450.0,736
2026-09-24T15:27:00+05:30,450.15,455.35,449.6,454.0,306
2026-09-24T15:28:00+05:30,452.8,454.6,446.45,446.55,265
2026-09-24T15:29:00+05:30,447.4,447.4,435.0,435.55,477
2026-09-24T15:30:00+05:30,436.85,446.15,434.85,438.55,279
2026-09-24T15:31:00+05:30,437.25,437.25,432.5,432.5,153
2026-09-24T15:32:00+05:30,432.0,446.0,431.25,444.75,1196
2026-09-24T15:33:00+05:30,443.35,446.2,435.35,437.45,529
2026-09-24T15:34:00+05:30,438.4,442.75,436.6,437.65,309
2026-09-24T15:35:00+05:30,439.0,441.7,437.95,441.1,306
2026-09-24T15:36:00+05:30,440.0,441.25,425.35,430.0,531
2026-09-24T15:37:00+05:30,430.0,430.3,428.0,429.65,250
2026-09-24T15:38:00+05:30,429.7,429.9,423.15,425.25,365
2026-09-24T15:39:00+05:30,423.75,425.0,417.75,420.35,371
2026-09-25T09:15:00+05:30,350.0,499.0,300.0,488.25,5257
2026-09-25T09:16:00+05:30,492.4,516.0,471.55,490.55,3321
2026-09-25T09:17:00+05:30,488.9,504.5,477.75,498.8,2685
2026-09-25T09:18:00+05:30,499.1,502.6,465.0,474.25,1323
2026-09-25T09:19:00+05:30,473.9,490.0,465.0,465.4,1228
2026-09-25T09:20:00+05:30,463.6,468.95,447.35,459.0,1927
2026-09-25T09:21:00+05:30,460.5,470.0,443.7,454.75,1750
2026-09-25T09:22:00+05:30,455.8,477.0,452.85,476.15,1682
2026-09-25T09:23:00+05:30,476.7,487.3,451.3,451.3,1430
2026-09-25T09:24:00+05:30,451.0,461.3,440.0,452.0,1406
2026-09-25T09:25:00+05:30,453.35,469.0,453.0,463.15,1036
2026-09-25T09:26:00+05:30,460.45,483.85,460.45,483.85,1501
2026-09-25T09:27:00+05:30,483.95,489.0,472.5,481.35,1522
2026-09-25T09:28:00+05:30,482.15,488.6,456.5,472.65,952
2026-09-25T09:29:00+05:30,474.5,480.95,465.55,474.85,696
2026-09-25T09:30:00+05:30,477.45,477.7,458.05,468.1,903
2026-09-25T09:31:00+05:30,467.5,472.0,451.3,457.8,760
2026-09-25T09:32:00+05:30,457.3,470.45,452.45,455.0,590
2026-09-25T09:33:00+05:30,452.9,456.6,443.9,449.4,1171
2026-09-25T09:34:00+05:30,448.2,464.8,445.0,457.75,831
2026-09-25T09:35:00+05:30,459.6,465.0,454.25,461.15,747
2026-09-25T09:36:00+05:30,462.9,463.7,434.05,437.15,1168
2026-09-25T09:37:00+05:30,436.4,440.0,406.4,407.15,2380
2026-09-25T09:38:00+05:30,407.1,421.15,403.0,406.8,1852
2026-09-25T09:39:00+05:30,407.55,417.2,400.0,402.75,2041
2026-09-25T09:40:00+05:30,402.65,403.7,383.55,389.6,2638
2026-09-25T09:41:00+05:30,390.3,403.25,382.3,403.25,1761
2026-09-25T09:42:00+05:30,404.0,405.7,385.6,392.55,1047
2026-09-25T09:43:00+05:30,392.5,393.7,362.5,374.85,2795
2026-09-25T09:44:00+05:30,373.3,382.0,371.95,377.9,1391
2026-09-25T09:45:00+05:30,377.35,390.55,376.0,379.1,1002
2026-09-25T09:46:00+05:30,378.9,385.0,374.4,380.85,641
2026-09-25T09:47:00+05:30,380.2,401.4,377.5,398.15,1666
2026-09-25T09:48:00+05:30,397.65,401.85,383.05,390.0,960
2026-09-25T09:49:00+05:30,391.0,391.0,380.0,380.0,601
2026-09-25T09:50:00+05:30,380.05,388.95,378.35,381.7,1103
2026-09-25T09:51:00+05:30,381.4,392.0,375.55,392.0,836
2026-09-25T09:52:00+05:30,390.7,391.0,361.05,364.75,1597
2026-09-25T09:53:00+05:30,363.0,375.85,355.5,373.9,2021
2026-09-25T09:54:00+05:30,372.15,384.6,370.0,380.7,1247
2026-09-25T09:55:00+05:30,379.1,383.95,371.4,372.45,858
2026-09-25T09:56:00+05:30,372.45,378.95,365.45,376.2,876
2026-09-25T09:57:00+05:30,374.0,375.0,363.0,365.85,948
2026-09-25T09:58:00+05:30,367.15,373.6,357.55,373.2,999
2026-09-25T09:59:00+05:30,372.4,389.0,370.0,380.0,1229
2026-09-25T10:00:00+05:30,377.65,387.15,377.0,385.95,1452
2026-09-25T10:01:00+05:30,386.65,390.65,380.65,381.0,1063
2026-09-25T10:02:00+05:30,381.2,399.45,381.2,399.0,1396
2026-09-25T10:03:00+05:30,399.0,415.0,396.0,410.8,2657
2026-09-25T10:04:00+05:30,412.0,419.95,406.3,410.15,2267
2026-09-25T10:05:00+05:30,410.5,419.0,400.0,401.7,1700
2026-09-25T10:06:00+05:30,401.2,419.95,400.0,415.6,1330
2026-09-25T10:07:00+05:30,416.2,428.05,410.0,421.4,2035
2026-09-25T10:08:00+05:30,422.8,492.0,420.55,486.95,4893
2026-09-25T10:09:00+05:30,488.4,503.0,473.3,499.05,3895
2026-09-25T10:10:00+05:30,499.05,526.1,483.6,485.0,5166
2026-09-25T10:11:00+05:30,484.75,487.85,455.4,460.25,2229
2026-09-25T10:12:00+05:30,460.1,474.1,457.9,472.05,1043
2026-09-25T10:13:00+05:30,470.85,484.0,463.2,465.25,1002
2026-09-25T10:14:00+05:30,466.25,478.0,460.95,468.15,658
2026-09-25T10:15:00+05:30,468.05,483.0,466.0,477.2,943
2026-09-25T10:16:00+05:30,475.85,489.0,475.65,480.45,935
2026-09-25T10:17:00+05:30,481.25,484.65,472.25,473.85,424
2026-09-25T10:18:00+05:30,474.25,474.25,450.0,452.7,1363
2026-09-25T10:19:00+05:30,451.35,464.55,444.05,455.0,892
2026-09-25T10:20:00+05:30,454.1,461.55,447.35,454.05,545
2026-09-25T10:21:00+05:30,453.5,471.25,452.8,464.25,654
2026-09-25T10:22:00+05:30,463.8,467.25,453.0,453.6,519
2026-09-25T10:23:00+05:30,453.0,456.95,442.2,455.45,949
2026-09-25T10:24:00+05:30,454.5,460.0,427.95,429.65,1059
2026-09-25T10:25:00+05:30,430.4,452.65,427.4,452.35,1597
2026-09-25T10:26:00+05:30,451.9,453.5,435.0,442.55,572
2026-09-25T10:27:00+05:30,443.3,443.3,431.3,434.75,714
2026-09-25T10:28:00+05:30,436.4,438.0,415.6,432.25,1757
2026-09-25T10:29:00+05:30,432.0,441.05,423.05,438.8,643
2026-09-25T10:30:00+05:30,438.25,453.9,438.25,449.8,1277
2026-09-25T10:31:00+05:30,449.65,464.65,444.0,444.0,1399
2026-09-25T10:32:00+05:30,443.0,443.0,428.0,433.0,932
2026-09-25T10:33:00+05:30,432.6,445.0,430.15,434.3,419
2026-09-25T10:34:00+05:30,433.25,438.3,411.0,414.1,1503
2026-09-25T10:35:00+05:30,412.45,418.45,406.5,413.4,1144
2026-09-25T10:36:00+05:30,413.15,418.3,404.9,417.5,781
2026-09-25T10:37:00+05:30,417.75,424.75,413.55,421.9,846
2026-09-25T10:38:00+05:30,422.1,428.45,413.85,427.25,581
2026-09-25T10:39:00+05:30,428.45,440.0,427.0,427.0,1594
2026-09-25T10:40:00+05:30,428.1,439.5,422.65,434.9,834
2026-09-25T10:41:00+05:30,435.0,438.0,410.7,420.55,942
2026-09-25T10:42:00+05:30,421.2,432.45,419.0,419.3,448
2026-09-25T10:43:00+05:30,420.45,421.8,404.7,415.75,1210
2026-09-25T10:44:00+05:30,415.85,417.85,410.65,413.1,308
2026-09-25T10:45:00+05:30,416.05,417.0,408.0,410.0,458
2026-09-25T10:46:00+05:30,410.95,412.55,403.1,412.0,724
2026-09-25T10:47:00+05:30,411.4,411.4,394.5,395.0,1320
2026-09-25T10:48:00+05:30,394.35,408.5,388.8,407.0,1146
2026-09-25T10:49:00+05:30,407.9,417.3,402.4,412.25,1020
2026-09-25T10:50:00+05:30,411.05,415.35,405.8,410.7,490
2026-09-25T10:51:00+05:30,411.9,423.45,411.9,422.75,655
2026-09-25T10:52:00+05:30,423.0,426.0,416.1,421.05,652
2026-09-25T10:53:00+05:30,419.5,419.55,410.5,410.55,397
2026-09-25T10:54:00+05:30,410.85,425.0,409.45,418.8,486
2026-09-25T10:55:00+05:30,419.9,432.0,419.55,431.35,1134
2026-09-25T10:56:00+05:30,429.5,437.0,423.45,433.35,1439
2026-09-25T10:57:00+05:30,432.45,433.45,420.2,422.0,530
2026-09-25T10:58:00+05:30,422.2,431.75,420.35,425.4,427
2026-09-25T10:59:00+05:30,425.95,432.85,421.65,430.6,342
2026-09-25T11:00:00+05:30,430.0,441.25,425.45,437.7,469
2026-09-25T11:01:00+05:30,438.8,449.4,436.0,439.8,1209
2026-09-25T11:02:00+05:30,440.5,472.6,440.0,458.65,2384
2026-09-25T11:03:00+05:30,459.65,468.9,453.05,459.3,1636
2026-09-25T11:04:00+05:30,458.45,465.55,450.0,455.8,936
2026-09-25T11:05:00+05:30,454.55,467.85,453.05,459.8,631
2026-09-25T11:06:00+05:30,461.45,462.3,450.05,455.65,477
2026-09-25T11:07:00+05:30,455.65,476.6,454.7,467.7,1472
2026-09-25T11:08:00+05:30,468.15,471.05,455.2,460.75,467
2026-09-25T11:09:00+05:30,462.95,469.95,460.15,466.6,527
2026-09-25T11:10:00+05:30,467.4,471.2,459.05,467.0,574
2026-09-25T11:11:00+05:30,467.9,473.65,466.0,468.0,536
2026-09-25T11:12:00+05:30,469.55,472.9,462.0,464.35,298
2026-09-25T11:13:00+05:30,461.75,464.45,443.6,448.15,1109
2026-09-25T11:14:00+05:30,448.0,460.5,444.3,457.5,542
2026-09-25T11:15:00+05:30,457.8,463.25,450.05,458.55,450
2026-09-25T11:16:00+05:30,459.35,465.0,456.2,460.7,497
2026-09-25T11:17:00+05:30,461.6,473.3,460.45,467.9,575
2026-09-25T11:18:00+05:30,469.2,470.8,455.05,463.0,363
2026-09-25T11:19:00+05:30,462.9,466.7,458.35,463.65,196
2026-09-25T11:20:00+05:30,465.0,469.2,461.5,462.55,193
2026-09-25T11:21:00+05:30,463.8,471.35,459.35,459.75,461
2026-09-25T11:22:00+05:30,460.4,468.5,459.75,462.25,286
2026-09-25T11:23:00+05:30,462.15,464.75,450.0,451.9,547
2026-09-25T11:24:00+05:30,451.95,451.95,430.05,430.1,997
2026-09-25T11:25:00+05:30,431.0,438.0,426.9,438.0,761
2026-09-25T11:26:00+05:30,437.8,444.4,431.1,435.55,418
2026-09-25T11:27:00+05:30,433.95,442.2,426.65,431.05,474
2026-09-25T11:28:00+05:30,432.0,440.35,430.05,433.85,338
2026-09-25T11:29:00+05:30,434.45,443.8,432.1,441.55,335
2026-09-25T11:30:00+05:30,442.2,447.1,437.65,444.3,435
2026-09-25T11:31:00+05:30,446.15,463.35,443.3,458.0,897
2026-09-25T11:32:00+05:30,458.0,460.85,454.3,455.0,366
2026-09-25T11:33:00+05:30,457.0,461.45,450.0,450.0,404
2026-09-25T11:34:00+05:30,449.15,453.6,441.0,453.05,467
2026-09-25T11:35:00+05:30,452.1,459.95,451.85,452.45,285
2026-09-25T11:36:00+05:30,452.9,452.95,440.0,440.0,386
2026-09-25T11:37:00+05:30,440.0,447.1,440.0,447.1,177
2026-09-25T11:38:00+05:30,445.65,449.15,441.5,448.05,221
2026-09-25T11:39:00+05:30,448.75,462.0,447.75,460.8,469
2026-09-25T11:40:00+05:30,459.55,461.0,449.7,451.1,324
2026-09-25T11:41:00+05:30,450.0,452.15,444.1,449.95,318
2026-09-25T11:42:00+05:30,449.5,458.0,449.3,456.8,320
2026-09-25T11:43:00+05:30,456.2,457.45,444.7,446.5,228
2026-09-25T11:44:00+05:30,443.0,456.45,442.1,452.85,244
2026-09-25T11:45:00+05:30,451.1,455.05,448.85,453.0,181
2026-09-25T11:46:00+05:30,452.2,459.0,450.65,454.0,256
2026-09-25T11:47:00+05:30,454.8,459.0,450.6,452.55,227
2026-09-25T11:48:00+05:30,450.45,451.7,444.0,448.85,189
2026-09-25T11:49:00+05:30,449.35,449.6,442.05,449.0,121
2026-09-25T11:50:00+05:30,447.7,461.0,446.95,450.55,395
2026-09-25T11:51:00+05:30,450.65,454.1,445.0,449.0,192
2026-09-25T11:52:00+05:30,449.0,456.05,445.7,451.0,277
2026-09-25T11:53:00+05:30,449.3,453.0,447.35,447.35,134
2026-09-25T11:54:00+05:30,446.65,453.0,442.8,451.55,310
2026-09-25T11:55:00+05:30,452.5,455.0,437.65,441.95,637
2026-09-25T11:56:00+05:30,441.85,448.6,437.35,439.85,365
2026-09-25T11:57:00+05:30,438.4,446.75,437.25,442.05,270
2026-09-25T11:58:00+05:30,440.45,442.9,435.35,440.85,254
2026-09-25T11:59:00+05:30,440.65,446.4,431.05,433.75,342
2026-09-25T12:00:00+05:30,433.7,440.75,433.25,436.2,286
2026-09-25T12:01:00+05:30,434.05,439.6,416.0,421.0,1361
2026-09-25T12:02:00+05:30,418.9,432.25,418.9,424.9,452
2026-09-25T12:03:00+05:30,423.2,423.2,406.0,411.35,1394
2026-09-25T12:04:00+05:30,410.55,422.0,405.0,421.3,849
2026-09-25T12:05:00+05:30,421.15,424.55,416.45,420.65,350
2026-09-25T12:06:00+05:30,421.1,424.0,415.6,417.0,248
2026-09-25T12:07:00+05:30,417.0,421.65,415.0,415.0,259
2026-09-25T12:08:00+05:30,415.0,427.4,413.2,427.4,319
2026-09-25T12:09:00+05:30,426.35,435.75,425.1,434.15,617
2026-09-25T12:10:00+05:30,434.55,436.0,426.25,436.0,479
2026-09-25T12:11:00+05:30,435.05,446.9,435.05,445.25,735
2026-09-25T12:12:00+05:30,445.25,448.4,442.05,444.45,427
2026-09-25T12:13:00+05:30,443.3,445.35,432.1,434.45,347
2026-09-25T12:14:00+05:30,433.45,436.3,424.5,434.0,597
2026-09-25T12:15:00+05:30,435.3,440.7,430.85,433.8,313
2026-09-25T12:16:00+05:30,434.4,439.0,432.0,433.9,203
2026-09-25T12:17:00+05:30,432.2,433.5,418.0,419.95,447
2026-09-25T12:18:00+05:30,421.2,430.95,420.85,427.65,270
2026-09-25T12:19:00+05:30,430.0,431.0,423.5,423.8,162
2026-09-25T12:20:00+05:30,423.0,423.65,416.3,421.85,468
2026-09-25T12:21:00+05:30,423.0,423.4,412.3,413.65,418
2026-09-25T12:22:00+05:30,414.35,419.55,406.05,407.6,622
2026-09-25T12:23:00+05:30,406.0,418.3,403.0,417.25,815
2026-09-25T12:24:00+05:30,416.65,418.0,403.65,410.4,439
2026-09-25T12:25:00+05:30,410.3,413.2,401.3,409.0,831
2026-09-25T12:26:00+05:30,409.1,414.75,406.3,414.0,329
2026-09-25T12:27:00+05:30,414.75,418.0,409.95,414.5,700
2026-09-25T12:28:00+05:30,414.9,423.0,413.95,417.8,548
2026-09-25T12:29:00+05:30,418.2,419.85,411.45,419.15,316
2026-09-25T12:30:00+05:30,420.0,437.5,417.65,432.8,1138
2026-09-25T12:31:00+05:30,433.45,437.9,428.4,431.5,324
2026-09-25T12:32:00+05:30,432.05,437.0,429.9,432.6,390
2026-09-25T12:33:00+05:30,431.85,431.85,421.7,421.75,312
2026-09-25T12:34:00+05:30,422.3,428.7,417.45,417.45,446
2026-09-25T12:35:00+05:30,417.5,422.35,411.05,414.0,504
2026-09-25T12:36:00+05:30,414.0,415.85,401.0,405.7,1045
2026-09-25T12:37:00+05:30,405.35,415.0,405.0,408.3,497
2026-09-25T12:38:00+05:30,409.4,415.55,405.0,415.0,357
2026-09-25T12:39:00+05:30,415.1,416.85,409.2,416.8,359
2026-09-25T12:40:00+05:30,415.85,417.75,407.0,408.7,258
2026-09-25T12:41:00+05:30,407.1,414.0,404.0,409.0,398
2026-09-25T12:42:00+05:30,409.1,409.55,394.0,398.7,1084
2026-09-25T12:43:00+05:30,398.1,400.7,391.05,399.2,586
2026-09-25T12:44:00+05:30,398.3,403.75,390.3,396.15,518
2026-09-25T12:45:00+05:30,394.4,399.45,391.0,396.4,434
2026-09-25T12:46:00+05:30,397.25,404.15,395.15,396.6,319
2026-09-25T12:47:00+05:30,396.0,400.0,392.0,400.0,278
2026-09-25T12:48:00+05:30,398.65,399.9,387.2,387.65,529
2026-09-25T12:49:00+05:30,387.95,391.1,375.8,382.3,1127
2026-09-25T12:50:00+05:30,381.6,385.95,365.0,377.8,1766
2026-09-25T12:51:00+05:30,376.45,380.0,365.6,369.2,1339
2026-09-25T12:52:00+05:30,369.0,378.4,367.5,378.0,740
2026-09-25T12:53:00+05:30,376.7,378.8,367.3,377.45,543
2026-09-25T12:54:00+05:30,378.4,379.95,373.25,375.25,476
2026-09-25T12:55:00+05:30,373.85,375.1,367.0,368.7,591
2026-09-25T12:56:00+05:30,367.8,373.15,350.05,354.85,1355
2026-09-25T12:57:00+05:30,356.05,372.2,352.3,370.75,1874
2026-09-25T12:58:00+05:30,370.0,381.3,367.6,379.7,1021
2026-09-25T12:59:00+05:30,380.45,386.55,376.25,384.85,1165
2026-09-25T13:00:00+05:30,385.85,398.55,384.75,392.0,1854
2026-09-25T13:01:00+05:30,390.9,398.7,388.5,393.9,1104
2026-09-25T13:02:00+05:30,395.35,395.35,371.8,378.6,1369
2026-09-25T13:03:00+05:30,379.2,385.8,375.0,377.75,479
2026-09-25T13:04:00+05:30,377.35,379.25,373.1,377.0,502
2026-09-25T13:05:00+05:30,377.8,385.85,370.6,384.15,719
2026-09-25T13:06:00+05:30,384.6,388.15,380.15,384.5,361
2026-09-25T13:07:00+05:30,385.1,389.35,380.3,381.85,401
2026-09-25T13:08:00+05:30,381.9,385.65,378.0,385.65,446
2026-09-25T13:09:00+05:30,385.5,394.3,385.0,390.2,573
2026-09-25T13:10:00+05:30,391.4,395.0,387.7,393.6,634
2026-09-25T13:11:00+05:30,394.05,400.0,392.8,394.8,1087
2026-09-25T13:12:00+05:30,395.7,397.55,387.15,390.45,620
2026-09-25T13:13:00+05:30,390.6,392.2,383.05,390.0,592
2026-09-25T13:14:00+05:30,389.95,389.95,376.0,380.0,657
2026-09-25T13:15:00+05:30,380.1,387.15,375.0,376.05,541
2026-09-25T13:16:00+05:30,374.7,383.5,373.6,382.1,417
2026-09-25T13:17:00+05:30,382.75,387.0,375.9,380.1,392
2026-09-25T13:18:00+05:30,380.35,383.0,378.0,382.0,241
2026-09-25T13:19:00+05:30,382.1,387.0,378.95,378.95,384
2026-09-25T13:20:00+05:30,381.2,385.75,378.4,378.65,199
2026-09-25T13:21:00+05:30,380.85,385.0,380.7,383.4,302
2026-09-25T13:22:00+05:30,383.45,386.3,370.4,372.65,770
2026-09-25T13:23:00+05:30,372.8,383.2,367.2,380.75,1029
2026-09-25T13:24:00+05:30,380.05,380.05,369.45,377.0,487
2026-09-25T13:25:00+05:30,376.9,380.5,372.15,378.5,284
2026-09-25T13:26:00+05:30,379.95,384.85,378.95,383.05,348
2026-09-25T13:27:00+05:30,383.2,384.45,374.0,374.05,313
2026-09-25T13:28:00+05:30,375.25,377.8,373.1,377.45,297
2026-09-25T13:29:00+05:30,377.35,379.6,376.0,377.9,266
2026-09-25T13:30:00+05:30,377.05,382.25,371.05,372.6,374
2026-09-25T13:31:00+05:30,372.65,381.0,372.35,378.15,229
2026-09-25T13:32:00+05:30,378.15,378.15,370.05,372.05,368
2026-09-25T13:33:00+05:30,372.1,372.1,360.3,361.6,1050
2026-09-25T13:34:00+05:30,361.55,363.45,352.4,356.45,1166
2026-09-25T13:35:00+05:30,356.05,365.0,352.1,364.15,1003
2026-09-25T13:36:00+05:30,361.95,367.95,359.1,367.05,619
2026-09-25T13:37:00+05:30,366.45,371.05,354.15,369.65,731
2026-09-25T13:38:00+05:30,369.8,369.8,363.5,366.1,424
2026-09-25T13:39:00+05:30,364.0,367.85,357.05,359.15,374
2026-09-25T13:40:00+05:30,360.45,369.45,359.85,367.65,403
2026-09-25T13:41:00+05:30,368.25,371.95,365.0,367.95,636
2026-09-25T13:42:00+05:30,367.45,378.55,363.25,378.55,568
2026-09-25T13:43:00+05:30,378.05,384.0,364.4,367.85,1183
2026-09-25T13:44:00+05:30,367.0,374.5,366.4,368.2,710
2026-09-25T13:45:00+05:30,368.4,377.6,368.0,375.0,403
2026-09-25T13:46:00+05:30,375.3,393.65,373.6,393.65,1299
2026-09-25T13:47:00+05:30,393.5,395.7,377.6,386.3,1532
2026-09-25T13:48:00+05:30,384.8,386.0,377.55,381.05,401
2026-09-25T13:49:00+05:30,379.9,384.05,375.85,379.35,334
2026-09-25T13:50:00+05:30,378.4,379.9,371.05,373.15,611
2026-09-25T13:51:00+05:30,373.0,378.95,371.05,377.65,327
2026-09-25T13:52:00+05:30,378.45,379.15,373.05,375.3,353
2026-09-25T13:53:00+05:30,374.85,378.0,370.0,371.65,668
2026-09-25T13:54:00+05:30,371.0,380.05,371.0,376.95,471
2026-09-25T13:55:00+05:30,376.6,387.0,374.2,387.0,758
2026-09-25T13:56:00+05:30,386.65,404.45,382.6,402.65,1956
2026-09-25T13:57:00+05:30,402.25,403.0,385.85,386.2,1560
2026-09-25T13:58:00+05:30,387.55,397.0,386.05,393.1,764
2026-09-25T13:59:00+05:30,393.3,404.0,391.1,401.85,1135
2026-09-25T14:00:00+05:30,402.8,464.0,402.8,457.45,6212
2026-09-25T14:01:00+05:30,456.9,471.0,442.3,463.7,3782
2026-09-25T14:02:00+05:30,463.35,478.8,454.4,464.5,2468
2026-09-25T14:03:00+05:30,463.65,546.85,463.65,545.0,6221
2026-09-25T14:04:00+05:30,544.7,554.85,492.65,507.15,3573
2026-09-25T14:05:00+05:30,507.0,524.95,479.45,492.25,2909
2026-09-25T14:06:00+05:30,492.25,513.75,485.9,495.9,1416
2026-09-25T14:07:00+05:30,495.65,516.7,490.0,504.3,1238
2026-09-25T14:08:00+05:30,507.7,512.2,476.45,487.7,1357
2026-09-25T14:09:00+05:30,487.5,487.6,452.0,466.75,1484
2026-09-25T14:10:00+05:30,465.15,478.25,464.25,474.05,1132
2026-09-25T14:11:00+05:30,471.0,494.9,468.05,491.9,1185
2026-09-25T14:12:00+05:30,490.6,500.0,473.65,475.35,1217
2026-09-25T14:13:00+05:30,476.95,480.0,465.05,465.95,587
2026-09-25T14:14:00+05:30,466.9,472.8,453.8,462.55,666
2026-09-25T14:15:00+05:30,464.9,479.7,464.2,479.7,701
2026-09-25T14:16:00+05:30,480.0,487.95,466.4,482.2,784
2026-09-25T14:17:00+05:30,484.35,498.95,481.3,490.25,691
2026-09-25T14:18:00+05:30,492.45,508.45,492.25,497.35,920
2026-09-25T14:19:00+05:30,498.0,499.7,482.0,488.3,528
2026-09-25T14:20:00+05:30,488.7,498.55,475.1,482.35,933
2026-09-25T14:21:00+05:30,482.1,504.95,480.65,494.8,677
2026-09-25T14:22:00+05:30,495.0,502.65,488.1,497.85,724
2026-09-25T14:23:00+05:30,495.0,496.95,483.0,489.35,406
2026-09-25T14:24:00+05:30,488.45,492.8,478.2,481.45,285
2026-09-25T14:25:00+05:30,485.0,521.0,481.95,491.25,1204
2026-09-25T14:26:00+05:30,493.95,498.0,465.85,485.55,1101
2026-09-25T14:27:00+05:30,488.2,495.35,478.5,480.35,603
2026-09-25T14:28:00+05:30,480.75,493.0,479.75,486.95,322
2026-09-25T14:29:00+05:30,487.25,490.5,482.0,483.35,183
2026-09-25T14:30:00+05:30,482.1,513.0,482.0,510.3,1216
2026-09-25T14:31:00+05:30,509.8,513.0,490.85,507.1,864
2026-09-25T14:32:00+05:30,508.8,512.65,499.3,506.95,475
2026-09-25T14:33:00+05:30,507.3,515.0,495.85,497.5,538
2026-09-25T14:34:00+05:30,495.0,505.0,492.0,500.0,391
2026-09-25T14:35:00+05:30,500.15,500.15,488.9,490.0,433
2026-09-25T14:36:00+05:30,490.7,500.0,489.75,493.0,180
2026-09-25T14:37:00+05:30,492.5,502.55,492.5,499.05,267
2026-09-25T14:38:00+05:30,499.3,506.6,496.9,498.8,258
2026-09-25T14:39:00+05:30,502.0,508.4,500.15,505.0,463
2026-09-25T14:40:00+05:30,505.0,505.0,491.5,491.5,353
2026-09-25T14:41:00+05:30,492.2,496.75,482.0,483.15,544
2026-09-25T14:42:00+05:30,483.95,484.2,475.8,475.8,521
2026-09-25T14:43:00+05:30,475.0,478.35,465.0,469.95,606
2026-09-25T14:44:00+05:30,470.0,477.75,466.0,473.0,326
2026-09-25T14:45:00+05:30,472.7,480.0,460.45,460.95,805
2026-09-25T14:46:00+05:30,462.35,465.5,447.0,457.1,1094
2026-09-25T14:47:00+05:30,457.4,460.15,439.0,439.0,1067
2026-09-25T14:48:00+05:30,440.25,448.0,437.2,446.2,964
2026-09-25T14:49:00+05:30,448.3,455.6,440.0,440.0,879
2026-09-25T14:50:00+05:30,440.0,448.85,429.2,435.35,912
2026-09-25T14:51:00+05:30,436.55,444.2,433.0,444.2,643
2026-09-25T14:52:00+05:30,444.95,452.5,442.0,448.9,562
2026-09-25T14:53:00+05:30,450.75,456.05,446.5,449.7,410
2026-09-25T14:54:00+05:30,452.0,461.3,447.05,461.3,416
2026-09-25T14:55:00+05:30,460.05,463.5,426.0,429.15,994
2026-09-25T14:56:00+05:30,427.0,435.1,422.6,427.5,738
2026-09-25T14:57:00+05:30,426.6,427.85,409.85,423.8,1262
2026-09-25T14:58:00+05:30,423.0,424.45,410.6,415.35,640
2026-09-25T14:59:00+05:30,417.25,425.0,414.0,421.85,823
2026-09-25T15:00:00+05:30,422.8,424.8,401.85,422.3,1374
2026-09-25T15:01:00+05:30,419.15,422.9,396.7,398.75,1193
2026-09-25T15:02:00+05:30,398.55,409.95,394.0,405.3,1104
2026-09-25T15:03:00+05:30,405.15,406.35,393.55,400.8,851
2026-09-25T15:04:00+05:30,399.95,404.0,392.1,403.6,997
2026-09-25T15:05:00+05:30,403.6,403.6,382.0,385.1,1490
2026-09-25T15:06:00+05:30,385.5,400.0,384.5,400.0,1103
2026-09-25T15:07:00+05:30,400.0,402.0,381.05,382.4,1045
2026-09-25T15:08:00+05:30,382.1,386.0,362.05,363.45,2514
2026-09-25T15:09:00+05:30,363.55,371.35,356.2,362.75,2029
2026-09-25T15:10:00+05:30,362.9,376.9,361.35,371.95,1701
2026-09-25T15:11:00+05:30,372.3,376.3,366.65,368.6,1228
2026-09-25T15:12:00+05:30,368.1,378.0,365.95,376.4,948
2026-09-25T15:13:00+05:30,375.7,379.0,370.0,375.0,953
2026-09-25T15:14:00+05:30,375.15,381.55,373.0,380.0,652
2026-09-25T15:15:00+05:30,381.4,384.55,373.6,374.15,1125
2026-09-25T15:16:00+05:30,372.75,377.4,368.2,374.4,684
2026-09-25T15:17:00+05:30,373.55,375.0,370.0,373.25,450
2026-09-25T15:18:00+05:30,374.0,387.0,372.85,382.1,941
2026-09-25T15:19:00+05:30,384.15,385.75,378.45,382.15,517
2026-09-25T15:20:00+05:30,382.0,392.4,376.1,380.4,1904
2026-09-25T15:21:00+05:30,377.3,381.1,372.7,379.3,383
2026-09-25T15:22:00+05:30,380.0,382.0,368.35,368.65,534
2026-09-25T15:23:00+05:30,369.65,371.15,362.0,364.15,797
2026-09-25T15:24:00+05:30,365.9,375.0,364.4,371.15,517
2026-09-25T15:25:00+05:30,372.25,375.4,368.15,371.95,366
2026-09-25T15:26:00+05:30,371.95,372.8,368.5,371.0,380
2026-09-25T15:27:00+05:30,371.4,374.0,369.25,374.0,335
2026-09-25T15:28:00+05:30,372.8,374.0,372.0,372.8,185
2026-09-25T15:29:00+05:30,373.0,379.0,372.1,373.55,394
2026-09-25T15:30:00+05:30,373.9,376.1,367.75,367.75,356
2026-09-25T15:31:00+05:30,367.45,375.0,364.55,374.8,498
2026-09-25T15:32:00+05:30,374.1,376.0,368.15,370.7,271
2026-09-25T15:33:00+05:30,369.65,371.4,368.1,369.7,408
2026-09-25T15:34:00+05:30,368.75,372.0,368.4,370.0,261
2026-09-25T15:35:00+05:30,369.9,374.8,369.1,373.2,355
2026-09-25T15:36:00+05:30,373.05,378.0,372.45,375.35,535
2026-09-25T15:37:00+05:30,375.1,379.0,373.4,377.45,304
2026-09-25T15:38:00+05:30,376.95,379.0,371.0,372.7,400
2026-09-25T15:39:00+05:30,374.7,374.95,368.0,369.05,607
2026-09-28T09:15:00+05:30,277.0,294.2,136.5,136.5,8170
2026-09-28T09:16:00+05:30,136.1,136.5,115.15,119.0,6128
2026-09-28T09:17:00+05:30,119.85,120.65,106.2,109.05,6223
2026-09-28T09:18:00+05:30,108.8,113.35,100.85,102.9,3521
2026-09-28T09:19:00+05:30,102.65,106.3,93.1,94.5,4668
2026-09-28T09:20:00+05:30,94.15,98.35,86.95,91.0,4217
2026-09-28T09:21:00+05:30,91.2,96.0,90.8,93.0,2160
2026-09-28T09:22:00+05:30,92.2,93.45,86.9,87.05,2561
2026-09-28T09:23:00+05:30,87.1,92.85,86.4,86.4,2457
2026-09-28T09:24:00+05:30,86.45,93.45,84.2,86.95,2832
2026-09-28T09:25:00+05:30,86.3,87.1,77.0,77.85,5453
2026-09-28T09:26:00+05:30,77.7,80.25,76.5,77.0,1893
2026-09-28T09:27:00+05:30,76.75,82.0,76.65,80.0,1818
2026-09-28T09:28:00+05:30,79.8,81.6,79.0,80.7,1169
2026-09-28T09:29:00+05:30,80.8,82.0,80.0,80.8,1567
2026-09-28T09:30:00+05:30,80.9,81.3,75.3,78.05,2279
2026-09-28T09:31:00+05:30,78.35,78.75,74.0,75.2,1604
2026-09-28T09:32:00+05:30,75.55,76.2,72.55,73.4,1756
2026-09-28T09:33:00+05:30,73.25,74.1,70.3,71.5,2500
2026-09-28T09:34:00+05:30,71.2,72.25,69.15,72.2,3748
2026-09-28T09:35:00+05:30,71.9,73.0,60.6,63.8,5051
2026-09-28T09:36:00+05:30,63.9,65.55,59.4,60.9,3562
2026-09-28T09:37:00+05:30,60.6,63.4,59.05,62.65,2964
2026-09-28T09:38:00+05:30,62.45,62.75,59.3,61.05,2281
2026-09-28T09:39:00+05:30,61.25,62.8,61.1,61.6,1666
2026-09-28T09:40:00+05:30,61.55,63.15,59.65,63.15,1442
2026-09-28T09:41:00+05:30,63.15,68.6,61.8,67.4,2387
2026-09-28T09:42:00+05:30,67.3,70.9,65.95,68.55,2308
2026-09-28T09:43:00+05:30,68.3,69.0,65.35,66.25,1732
2026-09-28T09:44:00+05:30,66.2,66.2,64.1,65.7,1239
2026-09-28T09:45:00+05:30,65.75,68.4,65.1,67.6,1018
2026-09-28T09:46:00+05:30,67.65,71.0,67.15,69.25,1417
2026-09-28T09:47:00+05:30,69.15,69.8,65.0,65.4,1351
2026-09-28T09:48:00+05:30,65.25,67.75,62.95,64.25,970
2026-09-28T09:49:00+05:30,63.75,64.15,61.8,63.2,1175
2026-09-28T09:50:00+05:30,63.05,66.85,62.5,64.85,1107
2026-09-28T09:51:00+05:30,65.05,65.75,61.65,62.5,944
2026-09-28T09:52:00+05:30,62.3,63.8,60.6,62.3,1034
2026-09-28T09:53:00+05:30,62.3,64.4,61.95,63.8,900
2026-09-28T09:54:00+05:30,63.8,64.05,62.0,62.1,1065
2026-09-28T09:55:00+05:30,62.2,64.3,60.25,60.5,812
2026-09-28T09:56:00+05:30,61.0,62.25,59.45,61.95,1328
2026-09-28T09:57:00+05:30,61.8,63.0,59.75,62.35,1163
2026-09-28T09:58:00+05:30,62.3,66.75,61.95,65.3,1795
2026-09-28T09:59:00+05:30,65.25,66.15,63.8,64.1,1124
2026-09-28T10:00:00+05:30,64.25,64.55,61.55,61.55,961
2026-09-28T10:01:00+05:30,61.5,61.65,60.0,61.1,1530
2026-09-28T10:02:00+05:30,61.05,61.25,58.5,59.85,1065
2026-09-28T10:03:00+05:30,60.0,61.0,58.3,58.95,922
2026-09-28T10:04:00+05:30,58.75,60.7,58.3,59.4,691
2026-09-28T10:05:00+05:30,59.3,59.9,55.2,56.6,1720
2026-09-28T10:06:00+05:30,56.6,58.0,54.15,55.75,2342
2026-09-28T10:07:00+05:30,55.75,59.0,54.65,58.1,1996
2026-09-28T10:08:00+05:30,57.95,59.45,57.2,57.55,1487
2026-09-28T10:09:00+05:30,57.35,57.75,56.0,56.2,1300
2026-09-28T10:10:00+05:30,56.1,57.0,55.5,56.0,1823
2026-09-28T10:11:00+05:30,56.1,57.7,56.0,56.75,814
2026-09-28T10:12:00+05:30,56.85,57.3,55.15,55.5,875
2026-09-28T10:13:00+05:30,55.45,58.0,55.15,58.0,804
2026-09-28T10:14:00+05:30,57.7,58.6,55.2,55.6,727
2026-09-28T10:15:00+05:30,55.35,56.2,53.75,54.45,1081
2026-09-28T10:16:00+05:30,54.55,54.85,53.0,53.8,1210
2026-09-28T10:17:00+05:30,54.0,54.0,49.4,50.15,1811
2026-09-28T10:18:00+05:30,50.15,53.0,49.4,51.65,2231
2026-09-28T10:19:00+05:30,51.85,53.75,51.4,53.75,673
2026-09-28T10:20:00+05:30,53.55,57.7,53.2,56.4,1049
2026-09-28T10:21:00+05:30,56.35,56.35,52.25,52.95,1245
2026-09-28T10:22:00+05:30,53.0,54.3,51.05,52.25,986
2026-09-28T10:23:00+05:30,52.25,53.15,49.35,51.05,1449
2026-09-28T10:24:00+05:30,50.65,50.85,48.9,50.35,1025
2026-09-28T10:25:00+05:30,50.15,50.45,48.15,48.45,1083
2026-09-28T10:26:00+05:30,48.25,49.55,47.65,48.75,718
2026-09-28T10:27:00+05:30,48.85,49.5,48.5,49.15,819
2026-09-28T10:28:00+05:30,48.85,51.25,48.3,50.8,1246
2026-09-28T10:29:00+05:30,50.85,51.0,48.85,49.3,670
2026-09-28T10:30:00+05:30,49.35,51.6,49.35,51.45,580
2026-09-28T10:31:00+05:30,51.3,51.8,49.8,50.15,573
2026-09-28T10:32:00+05:30,49.95,50.1,48.65,49.7,849
2026-09-28T10:33:00+05:30,49.75,50.0,47.0,47.4,677
2026-09-28T10:34:00+05:30,47.25,48.2,46.35,46.8,688
2026-09-28T10:35:00+05:30,46.5,47.25,45.65,47.0,760
2026-09-28T10:36:00+05:30,47.0,48.55,47.0,47.4,1161
2026-09-28T10:37:00+05:30,47.5,47.75,45.4,46.3,1239
2026-09-28T10:38:00+05:30,46.15,46.65,44.55,45.05,885
2026-09-28T10:39:00+05:30,45.15,45.65,42.9,44.75,2057
2026-09-28T10:40:00+05:30,45.1,46.85,44.8,45.8,1161
2026-09-28T10:41:00+05:30,46.0,46.7,42.6,45.9,1227
2026-09-28T10:42:00+05:30,45.6,45.7,43.7,43.7,1306
2026-09-28T10:43:00+05:30,43.7,44.5,43.0,44.4,983
2026-09-28T10:44:00+05:30,44.4,45.55,43.65,45.1,1016
2026-09-28T10:45:00+05:30,45.25,46.0,44.6,45.3,1144
2026-09-28T10:46:00+05:30,45.35,46.4,44.45,46.1,1007
2026-09-28T10:47:00+05:30,46.35,46.8,45.1,45.1,623
2026-09-28T10:48:00+05:30,45.35,45.35,43.75,45.15,501
2026-09-28T10:49:00+05:30,45.0,45.2,42.65,44.4,723
2026-09-28T10:50:00+05:30,44.55,44.7,42.4,42.6,832
2026-09-28T10:51:00+05:30,42.65,43.9,42.0,43.55,1353
2026-09-28T10:52:00+05:30,43.45,44.15,42.35,44.05,806
2026-09-28T10:53:00+05:30,44.0,44.6,42.7,43.8,559
2026-09-28T10:54:00+05:30,44.0,46.25,44.0,45.8,507
2026-09-28T10:55:00+05:30,45.9,50.0,45.45,49.25,1230
2026-09-28T10:56:00+05:30,49.25,50.5,47.65,47.65,1216
2026-09-28T10:57:00+05:30,47.35,48.8,45.8,45.8,1243
2026-09-28T10:58:00+05:30,46.0,47.35,45.4,46.5,715
2026-09-28T10:59:00+05:30,46.05,46.5,44.55,44.6,595
2026-09-28T11:00:00+05:30,44.55,45.05,43.7,44.5,633
2026-09-28T11:01:00+05:30,44.55,45.6,43.2,45.5,537
2026-09-28T11:02:00+05:30,45.3,46.0,44.7,45.35,290
2026-09-28T11:03:00+05:30,45.5,45.5,43.1,43.35,488
2026-09-28T11:04:00+05:30,43.4,43.95,41.7,43.3,651
2026-09-28T11:05:00+05:30,43.2,43.5,42.5,43.4,503
2026-09-28T11:06:00+05:30,43.3,44.35,43.25,43.75,511
2026-09-28T11:07:00+05:30,43.5,43.65,41.65,41.95,1716
2026-09-28T11:08:00+05:30,41.8,41.8,40.1,40.75,1881
2026-09-28T11:09:00+05:30,40.8,41.2,39.7,40.3,1215
2026-09-28T11:10:00+05:30,40.1,40.95,40.0,40.25,498
2026-09-28T11:11:00+05:30,40.2,40.75,39.3,39.35,723
2026-09-28T11:12:00+05:30,39.3,40.2,38.55,39.0,1675
2026-09-28T11:13:00+05:30,39.15,39.6,38.5,39.05,606
2026-09-28T11:14:00+05:30,39.3,40.25,39.15,40.0,600
2026-09-28T11:15:00+05:30,40.0,42.3,39.9,40.55,864
2026-09-28T11:16:00+05:30,40.8,41.2,39.0,40.3,712
2026-09-28T11:17:00+05:30,40.55,41.3,39.2,39.5,819
2026-09-28T11:18:00+05:30,39.35,41.6,39.05,41.2,940
2026-09-28T11:19:00+05:30,40.85,42.85,40.8,42.35,797
2026-09-28T11:20:00+05:30,42.4,43.5,41.7,41.9,766
2026-09-28T11:21:00+05:30,41.85,43.65,41.35,43.25,1134
2026-09-28T11:22:00+05:30,43.1,43.15,42.0,42.4,674
2026-09-28T11:23:00+05:30,41.6,42.9,41.5,41.75,518
2026-09-28T11:24:00+05:30,41.6,41.9,39.7,40.5,609
2026-09-28T11:25:00+05:30,40.6,41.25,39.6,39.7,274
2026-09-28T11:26:00+05:30,39.6,41.5,39.6,40.8,285
2026-09-28T11:27:00+05:30,40.4,43.35,40.35,42.9,320
2026-09-28T11:28:00+05:30,42.65,44.55,42.55,43.6,962
2026-09-28T11:29:00+05:30,43.6,43.8,41.95,42.6,528
2026-09-28T11:30:00+05:30,42.9,45.95,42.9,43.95,1500
2026-09-28T11:31:00+05:30,44.0,46.5,43.75,45.3,1092
2026-09-28T11:32:00+05:30,45.6,47.0,43.6,44.15,937
2026-09-28T11:33:00+05:30,43.85,44.5,40.3,42.5,2049
2026-09-28T11:34:00+05:30,42.65,42.75,40.75,40.9,640
2026-09-28T11:35:00+05:30,41.1,42.1,40.5,41.8,654
2026-09-28T11:36:00+05:30,42.0,43.0,41.5,42.75,398
2026-09-28T11:37:00+05:30,42.8,45.9,42.8,45.85,738
2026-09-28T11:38:00+05:30,45.9,46.5,45.3,45.8,683
2026-09-28T11:39:00+05:30,45.65,46.5,44.7,46.05,454
2026-09-28T11:40:00+05:30,46.0,47.0,45.5,46.0,525
2026-09-28T11:41:00+05:30,45.95,49.95,45.25,47.4,1324
2026-09-28T11:42:00+05:30,47.0,47.2,44.3,44.7,3282
2026-09-28T11:43:00+05:30,44.65,46.65,44.25,45.15,830
2026-09-28T11:44:00+05:30,45.15,46.05,44.25,45.6,770
2026-09-28T11:45:00+05:30,45.6,47.5,45.0,45.95,1042
2026-09-28T11:46:00+05:30,46.0,47.1,45.45,45.85,626
2026-09-28T11:47:00+05:30,46.0,46.8,43.85,44.0,846
2026-09-28T11:48:00+05:30,43.85,44.35,42.05,43.95,995
2026-09-28T11:49:00+05:30,43.85,43.95,41.0,42.25,449
2026-09-28T11:50:00+05:30,42.55,42.55,41.35,41.8,343
2026-09-28T11:51:00+05:30,41.5,42.3,39.95,40.3,880
2026-09-28T11:52:00+05:30,40.65,42.15,40.25,41.75,999
2026-09-28T11:53:00+05:30,42.0,43.0,40.55,41.75,623
2026-09-28T11:54:00+05:30,41.8,42.0,40.4,40.65,339
2026-09-28T11:55:00+05:30,40.7,41.1,39.4,39.65,499
2026-09-28T11:56:00+05:30,39.7,40.6,38.45,40.4,1411
2026-09-28T11:57:00+05:30,40.4,40.5,39.5,39.5,562
2026-09-28T11:58:00+05:30,39.5,40.5,39.45,40.2,411
2026-09-28T11:59:00+05:30,39.95,42.55,39.8,41.45,652
2026-09-28T12:00:00+05:30,41.0,41.45,40.1,40.65,573
2026-09-28T12:01:00+05:30,40.65,41.9,39.5,40.0,1236
2026-09-28T12:02:00+05:30,39.6,40.2,38.8,39.55,559
2026-09-28T12:03:00+05:30,39.65,39.7,37.95,39.1,1073
2026-09-28T12:04:00+05:30,39.25,40.25,38.4,38.95,643
2026-09-28T12:05:00+05:30,38.8,39.75,38.7,39.6,406
2026-09-28T12:06:00+05:30,39.8,41.15,39.6,40.75,807
2026-09-28T12:07:00+05:30,40.6,41.1,39.5,39.5,488
2026-09-28T12:08:00+05:30,39.0,39.6,38.3,39.0,530
2026-09-28T12:09:00+05:30,38.7,38.9,37.9,37.9,471
2026-09-28T12:10:00+05:30,37.85,39.65,37.85,39.55,534
2026-09-28T12:11:00+05:30,39.5,41.5,39.4,39.7,525
2026-09-28T12:12:00+05:30,39.75,40.85,39.2,39.65,363
2026-09-28T12:13:00+05:30,39.8,40.5,38.85,39.85,372
2026-09-28T12:14:00+05:30,39.8,40.65,39.5,39.7,192
2026-09-28T12:15:00+05:30,39.65,39.65,38.7,38.8,440
2026-09-28T12:16:00+05:30,38.75,40.55,38.65,40.1,371
2026-09-28T12:17:00+05:30,40.0,40.2,39.1,39.15,207
2026-09-28T12:18:00+05:30,39.3,40.7,38.7,40.35,719
2026-09-28T12:19:00+05:30,40.45,40.9,39.6,40.75,464
2026-09-28T12:20:00+05:30,40.85,41.55,39.45,39.9,647
2026-09-28T12:21:00+05:30,39.7,40.55,39.6,40.1,170
2026-09-28T12:22:00+05:30,39.8,40.15,38.4,39.4,886
2026-09-28T12:23:00+05:30,39.4,40.35,38.9,40.35,541
2026-09-28T12:24:00+05:30,40.45,40.85,39.0,40.5,1175
2026-09-28T12:25:00+05:30,40.5,42.55,40.5,42.25,799
2026-09-28T12:26:00+05:30,42.3,44.55,41.9,42.8,1383
2026-09-28T12:27:00+05:30,42.7,42.85,41.5,41.85,575
2026-09-28T12:28:00+05:30,41.9,42.0,40.6,40.9,949
2026-09-28T12:29:00+05:30,41.0,43.15,40.85,43.15,704
2026-09-28T12:30:00+05:30,42.95,43.55,40.8,41.2,960
2026-09-28T12:31:00+05:30,41.3,42.5,40.45,41.7,528
2026-09-28T12:32:00+05:30,41.7,42.2,40.75,41.3,469
2026-09-28T12:33:00+05:30,41.2,41.2,38.5,39.6,1538
2026-09-28T12:34:00+05:30,39.7,40.3,38.2,39.55,1519
2026-09-28T12:35:00+05:30,39.65,40.8,39.05,40.55,404
2026-09-28T12:36:00+05:30,40.65,40.9,39.2,39.7,264
2026-09-28T12:37:00+05:30,39.65,40.35,39.5,39.6,88
2026-09-28T12:38:00+05:30,39.65,40.4,39.4,40.0,108
2026-09-28T12:39:00+05:30,39.9,40.45,39.05,39.5,415
2026-09-28T12:40:00+05:30,39.3,39.9,39.0,39.1,213
2026-09-28T12:41:00+05:30,39.05,39.8,39.0,39.5,100
2026-09-28T12:42:00+05:30,39.6,40.5,39.3,40.3,301
2026-09-28T12:43:00+05:30,40.2,40.65,39.85,39.95,204
2026-09-28T12:44:00+05:30,40.0,40.0,38.0,38.35,540
2026-09-28T12:45:00+05:30,38.55,39.15,37.9,38.4,609
2026-09-28T12:46:00+05:30,38.4,39.75,38.25,39.15,255
2026-09-28T12:47:00+05:30,39.1,39.25,38.4,38.75,277
2026-09-28T12:48:00+05:30,38.95,39.4,37.45,38.1,852
2026-09-28T12:49:00+05:30,38.2,38.75,38.0,38.4,468
2026-09-28T12:50:00+05:30,38.5,39.25,38.25,38.9,289
2026-09-28T12:51:00+05:30,38.65,38.75,36.4,37.3,910
2026-09-28T12:52:00+05:30,37.25,37.65,35.4,35.5,702
2026-09-28T12:53:00+05:30,35.5,36.95,33.0,36.8,1900
2026-09-28T12:54:00+05:30,36.95,38.0,36.95,37.15,673
2026-09-28T12:55:00+05:30,37.45,37.75,36.9,37.2,354
2026-09-28T12:56:00+05:30,37.25,37.3,36.4,36.6,459
2026-09-28T12:57:00+05:30,36.4,36.6,35.4,35.5,572
2026-09-28T12:58:00+05:30,35.55,37.0,35.55,37.0,328
2026-09-28T12:59:00+05:30,37.0,37.0,35.5,35.6,355
2026-09-28T13:00:00+05:30,35.5,35.8,34.7,35.15,1065
2026-09-28T13:01:00+05:30,35.0,36.0,34.95,35.85,487
2026-09-28T13:02:00+05:30,35.75,35.85,34.85,34.85,561
2026-09-28T13:03:00+05:30,34.9,35.3,34.35,34.45,844
2026-09-28T13:04:00+05:30,34.65,34.75,33.65,34.2,887
2026-09-28T13:05:00+05:30,34.1,35.25,33.85,35.2,711
2026-09-28T13:06:00+05:30,35.0,35.35,34.4,34.45,396
2026-09-28T13:07:00+05:30,34.55,34.7,33.15,33.7,908
2026-09-28T13:08:00+05:30,33.5,33.5,32.15,32.95,2314
2026-09-28T13:09:00+05:30,32.85,34.35,32.8,34.35,422
2026-09-28T13:10:00+05:30,34.35,36.3,33.95,36.2,1120
2026-09-28T13:11:00+05:30,36.5,38.2,35.8,36.0,1327
2026-09-28T13:12:00+05:30,35.95,36.4,34.4,34.65,700
2026-09-28T13:13:00+05:30,35.0,35.95,34.65,35.35,569
2026-09-28T13:14:00+05:30,35.3,35.65,34.1,34.3,456
2026-09-28T13:15:00+05:30,34.45,35.35,33.8,34.25,997
2026-09-28T13:16:00+05:30,34.4,34.95,34.15,34.35,298
2026-09-28T13:17:00+05:30,34.65,35.25,34.6,34.9,123
2026-09-28T13:18:00+05:30,35.0,35.25,34.05,34.35,451
2026-09-28T13:19:00+05:30,34.2,34.95,33.4,34.55,285
2026-09-28T13:20:00+05:30,34.65,34.85,33.5,33.75,210
2026-09-28T13:21:00+05:30,33.65,34.65,33.5,34.45,180
2026-09-28T13:22:00+05:30,34.35,36.75,34.3,36.45,582
2026-09-28T13:23:00+05:30,36.6,38.0,35.7,37.05,855
2026-09-28T13:24:00+05:30,37.05,38.0,36.6,37.35,1797
2026-09-28T13:25:00+05:30,37.5,38.6,36.3,38.6,871
2026-09-28T13:26:00+05:30,38.45,40.35,38.05,39.05,1370
2026-09-28T13:27:00+05:30,39.25,40.4,38.15,38.65,1146
2026-09-28T13:28:00+05:30,38.4,39.1,37.6,37.6,656
2026-09-28T13:29:00+05:30,37.7,38.45,36.95,37.4,830
2026-09-28T13:30:00+05:30,37.3,37.3,34.4,34.7,1850
2026-09-28T13:31:00+05:30,34.95,34.95,33.4,33.45,650
2026-09-28T13:32:00+05:30,33.55,34.0,33.0,33.45,751
2026-09-28T13:33:00+05:30,33.35,34.2,31.75,32.25,961
2026-09-28T13:34:00+05:30,32.5,33.1,31.4,31.85,1291
2026-09-28T13:35:00+05:30,31.75,32.55,30.85,30.85,676
2026-09-28T13:36:00+05:30,31.0,31.85,30.95,31.4,501
2026-09-28T13:37:00+05:30,31.4,31.7,30.85,31.4,541
2026-09-28T13:38:00+05:30,31.4,31.75,31.1,31.55,437
2026-09-28T13:39:00+05:30,31.8,33.5,31.8,33.4,633
2026-09-28T13:40:00+05:30,33.45,33.45,32.55,33.45,474
2026-09-28T13:41:00+05:30,33.5,34.0,33.1,33.7,667
2026-09-28T13:42:00+05:30,33.5,33.6,32.65,33.3,333
2026-09-28T13:43:00+05:30,33.15,33.35,31.1,31.55,562
2026-09-28T13:44:00+05:30,31.65,33.0,31.0,32.95,563
2026-09-28T13:45:00+05:30,32.9,34.0,32.85,32.95,656
2026-09-28T13:46:00+05:30,33.1,34.1,33.1,33.7,630
2026-09-28T13:47:00+05:30,33.7,34.2,32.45,32.7,488
2026-09-28T13:48:00+05:30,32.6,32.8,31.25,31.55,664
2026-09-28T13:49:00+05:30,31.75,32.75,30.25,32.2,1199
2026-09-28T13:50:00+05:30,32.4,33.05,32.15,32.5,302
2026-09-28T13:51:00+05:30,32.5,32.55,31.55,31.95,430
2026-09-28T13:52:00+05:30,32.2,33.6,32.15,33.4,298
2026-09-28T13:53:00+05:30,33.3,33.45,31.9,32.05,412
2026-09-28T13:54:00+05:30,32.0,32.2,30.8,31.55,667
2026-09-28T13:55:00+05:30,31.35,32.1,31.0,32.0,355
2026-09-28T13:56:00+05:30,32.1,34.0,31.85,32.9,399
2026-09-28T13:57:00+05:30,33.05,33.45,31.85,32.0,629
2026-09-28T13:58:00+05:30,32.05,32.8,31.65,32.5,466
2026-09-28T13:59:00+05:30,32.6,33.0,32.4,32.55,330
2026-09-28T14:00:00+05:30,32.75,33.25,32.4,32.75,517
2026-09-28T14:01:00+05:30,32.85,33.1,31.75,32.2,497
2026-09-28T14:02:00+05:30,32.2,32.2,30.8,30.95,1015
2026-09-28T14:03:00+05:30,30.8,31.65,30.8,31.35,576
2026-09-28T14:04:00+05:30,31.3,31.6,30.65,31.0,628
2026-09-28T14:05:00+05:30,31.25,31.4,30.4,31.0,596
2026-09-28T14:06:00+05:30,30.95,31.1,29.75,30.05,1047
2026-09-28T14:07:00+05:30,30.1,31.0,30.0,30.45,592
2026-09-28T14:08:00+05:30,30.45,31.2,30.3,30.75,538
2026-09-28T14:09:00+05:30,30.65,30.7,28.8,29.2,2183
2026-09-28T14:10:00+05:30,29.3,30.8,29.3,30.65,1094
2026-09-28T14:11:00+05:30,30.6,30.8,30.0,30.5,281
2026-09-28T14:12:00+05:30,30.65,31.45,30.45,30.45,403
2026-09-28T14:13:00+05:30,30.5,30.7,29.1,29.15,702
2026-09-28T14:14:00+05:30,29.45,29.8,29.0,29.55,1312
2026-09-28T14:15:00+05:30,29.7,30.35,27.9,28.4,1804
2026-09-28T14:16:00+05:30,28.3,28.55,27.35,27.6,4353
2026-09-28T14:17:00+05:30,27.6,27.85,26.85,27.3,1463
2026-09-28T14:18:00+05:30,27.05,30.25,26.9,29.5,6367
2026-09-28T14:19:00+05:30,29.45,29.55,26.75,27.5,1823
2026-09-28T14:20:00+05:30,27.5,28.45,27.3,27.85,953
2026-09-28T14:21:00+05:30,27.95,28.85,27.8,28.2,695
2026-09-28T14:22:00+05:30,28.2,28.6,27.85,28.55,1829
2026-09-28T14:23:00+05:30,28.35,28.45,27.55,27.9,941
2026-09-28T14:24:00+05:30,27.9,28.3,27.4,28.05,838
2026-09-28T14:25:00+05:30,28.0,28.45,27.75,28.2,397
2026-09-28T14:26:00+05:30,28.45,28.65,27.95,28.0,595
2026-09-28T14:27:00+05:30,28.05,28.7,28.0,28.45,513
2026-09-28T14:28:00+05:30,28.5,28.55,26.8,27.0,661
2026-09-28T14:29:00+05:30,27.1,27.55,26.55,26.6,624
2026-09-28T14:30:00+05:30,26.55,28.0,26.35,28.0,1521
2026-09-28T14:31:00+05:30,27.95,28.0,26.1,26.1,480
2026-09-28T14:32:00+05:30,26.1,26.5,25.05,25.2,1087
2026-09-28T14:33:00+05:30,25.1,25.55,24.65,24.7,1347
2026-09-28T14:34:00+05:30,24.75,24.85,23.35,23.85,1547
2026-09-28T14:35:00+05:30,23.75,24.4,23.55,24.15,866
2026-09-28T14:36:00+05:30,24.05,25.6,24.0,24.9,1338
2026-09-28T14:37:00+05:30,24.95,25.3,24.15,24.15,1104
2026-09-28T14:38:00+05:30,24.05,24.25,23.2,23.5,1471
2026-09-28T14:39:00+05:30,23.55,23.55,22.55,23.15,2598
2026-09-28T14:40:00+05:30,23.1,24.15,22.85,23.65,1309
2026-09-28T14:41:00+05:30,23.75,24.75,23.7,23.8,1979
2026-09-28T14:42:00+05:30,23.8,23.95,22.25,22.7,685
2026-09-28T14:43:00+05:30,22.55,23.05,22.05,22.95,737
2026-09-28T14:44:00+05:30,23.0,23.1,21.8,22.0,1838
2026-09-28T14:45:00+05:30,22.0,22.8,21.95,22.35,829
2026-09-28T14:46:00+05:30,22.4,23.8,22.3,23.55,640
2026-09-28T14:47:00+05:30,23.65,26.2,23.3,24.75,4495
2026-09-28T14:48:00+05:30,24.7,25.4,24.15,24.45,1240
2026-09-28T14:49:00+05:30,24.6,26.6,24.4,26.15,2135
2026-09-28T14:50:00+05:30,26.15,26.35,25.25,25.95,1255
2026-09-28T14:51:00+05:30,25.75,25.9,23.5,24.05,904
2026-09-28T14:52:00+05:30,24.05,25.2,23.6,24.9,2054
2026-09-28T14:53:00+05:30,25.0,25.85,24.85,25.65,437
2026-09-28T14:54:00+05:30,25.7,26.25,25.45,25.6,393
2026-09-28T14:55:00+05:30,25.5,25.8,24.8,25.45,677
2026-09-28T14:56:00+05:30,25.5,25.95,25.1,25.7,436
2026-09-28T14:57:00+05:30,25.7,26.1,24.5,24.75,784
2026-09-28T14:58:00+05:30,24.8,25.05,22.9,23.1,1511
2026-09-28T14:59:00+05:30,23.15,24.0,22.75,23.6,902
2026-09-28T15:00:00+05:30,23.25,24.05,23.0,23.1,493
2026-09-28T15:01:00+05:30,23.05,23.75,22.75,22.75,866
2026-09-28T15:02:00+05:30,22.75,23.0,21.4,22.6,1307
2026-09-28T15:03:00+05:30,22.45,24.6,22.05,24.35,2475
2026-09-28T15:04:00+05:30,24.35,24.55,22.75,22.9,1138
2026-09-28T15:05:00+05:30,22.75,23.8,22.3,23.45,805
2026-09-28T15:06:00+05:30,23.3,23.35,22.8,23.15,672
2026-09-28T15:07:00+05:30,23.05,23.35,21.65,21.85,1253
2026-09-28T15:08:00+05:30,21.9,22.45,21.65,22.35,1999
2026-09-28T15:09:00+05:30,22.35,22.75,21.95,22.15,1543
2026-09-28T15:10:00+05:30,22.25,23.25,22.15,22.75,1495
2026-09-28T15:11:00+05:30,22.65,22.75,21.85,22.0,1170
2026-09-28T15:12:00+05:30,22.05,22.35,21.4,21.45,1084
2026-09-28T15:13:00+05:30,21.4,22.75,20.75,22.55,6126
2026-09-28T15:14:00+05:30,22.6,23.0,21.65,21.9,1373
2026-09-28T15:15:00+05:30,21.85,22.25,21.55,21.9,609
2026-09-28T15:16:00+05:30,21.85,22.35,20.85,20.9,1276
2026-09-28T15:17:00+05:30,20.9,21.65,20.9,21.0,750
2026-09-28T15:18:00+05:30,21.1,21.2,20.2,20.55,2246
2026-09-28T15:19:00+05:30,20.5,20.6,19.4,19.65,1755
2026-09-28T15:20:00+05:30,19.6,21.15,19.5,20.2,3018
2026-09-28T15:21:00+05:30,20.15,21.0,19.75,21.0,1008
2026-09-28T15:22:00+05:30,20.9,20.95,19.5,20.05,2973
2026-09-28T15:23:00+05:30,20.05,20.45,19.85,20.0,870
2026-09-28T15:24:00+05:30,20.0,20.5,19.6,19.85,1601
2026-09-28T15:25:00+05:30,19.85,20.4,19.6,19.9,799
2026-09-28T15:26:00+05:30,20.05,20.4,19.55,20.2,1349
2026-09-28T15:27:00+05:30,20.15,22.6,20.15,22.05,2271
2026-09-28T15:28:00+05:30,22.25,22.5,21.45,21.85,481
2026-09-28T15:29:00+05:30,21.9,22.7,21.4,22.05,1026
2026-09-28T15:30:00+05:30,22.0,23.55,21.9,23.3,1435
