timestamp,open,high,low,close,volume
2026-09-21T09:15:00+05:30,165.05,178.5,154.1,178.5,533
2026-09-21T09:16:00+05:30,178.55,193.05,167.65,168.6,339
2026-09-21T09:17:00+05:30,165.0,166.35,153.0,156.65,202
2026-09-21T09:18:00+05:30,155.5,163.2,150.3,156.45,192
2026-09-21T09:19:00+05:30,157.6,169.1,157.05,168.15,138
2026-09-21T09:20:00+05:30,166.0,169.8,159.9,166.0,295
2026-09-21T09:21:00+05:30,164.35,170.0,164.25,170.0,133
2026-09-21T09:22:00+05:30,170.15,170.85,159.5,159.5,171
2026-09-21T09:23:00+05:30,157.75,159.95,151.0,152.0,171
2026-09-21T09:24:00+05:30,151.55,155.6,151.0,154.3,179
2026-09-21T09:25:00+05:30,153.2,156.75,151.2,153.35,213
2026-09-21T09:26:00+05:30,151.7,154.6,150.0,150.6,51
2026-09-21T09:27:00+05:30,150.9,155.2,150.25,155.2,105
2026-09-21T09:28:00+05:30,155.7,156.2,151.6,152.55,83
2026-09-21T09:29:00+05:30,153.15,153.35,147.4,148.35,139
2026-09-21T09:30:00+05:30,149.3,150.35,146.05,148.65,261
2026-09-21T09:31:00+05:30,150.0,150.0,146.2,149.1,71
2026-09-21T09:32:00+05:30,149.2,149.55,146.35,148.5,64
2026-09-21T09:33:00+05:30,147.3,149.2,145.5,149.2,42
2026-09-21T09:34:00+05:30,147.35,150.95,147.35,148.9,77
2026-09-21T09:35:00+05:30,148.3,148.3,141.15,142.9,44
2026-09-21T09:36:00+05:30,143.55,150.8,142.2,150.45,118
2026-09-21T09:37:00+05:30,149.95,155.0,148.65,154.75,117
2026-09-21T09:38:00+05:30,156.0,158.7,152.85,157.3,121
2026-09-21T09:39:00+05:30,157.75,158.7,151.55,157.4,49
2026-09-21T09:40:00+05:30,156.4,157.15,154.55,155.8,52
2026-09-21T09:41:00+05:30,155.55,156.0,151.15,152.2,109
2026-09-21T09:42:00+05:30,151.85,152.2,147.6,152.2,83
2026-09-21T09:43:00+05:30,150.45,150.45,147.8,149.75,28
2026-09-21T09:44:00+05:30,147.65,149.15,145.8,147.0,125
2026-09-21T09:45:00+05:30,146.6,148.05,146.6,147.4,16
2026-09-21T09:46:00+05:30,146.1,148.3,145.5,145.5,30
2026-09-21T09:47:00+05:30,145.5,151.25,145.5,151.25,12
2026-09-21T09:48:00+05:30,152.1,152.65,148.8,149.65,59
2026-09-21T09:49:00+05:30,149.5,150.0,147.1,149.0,165
2026-09-21T09:50:00+05:30,148.6,148.75,148.0,148.0,46
2026-09-21T09:51:00+05:30,147.9,149.1,146.05,147.1,129
2026-09-21T09:52:00+05:30,148.5,150.7,148.5,150.4,30
2026-09-21T09:53:00+05:30,150.85,156.5,150.45,154.45,39
2026-09-21T09:54:00+05:30,155.25,156.95,154.0,156.95,68
2026-09-21T09:55:00+05:30,158.0,159.0,157.0,159.0,77
2026-09-21T09:56:00+05:30,158.05,158.55,155.9,156.5,118
2026-09-21T09:57:00+05:30,156.85,156.85,151.85,153.95,36
2026-09-21T09:58:00+05:30,154.15,157.1,154.0,157.0,87
2026-09-21T09:59:00+05:30,157.4,158.45,156.0,156.0,36
2026-09-21T10:00:00+05:30,156.0,160.35,156.0,160.15,105
2026-09-21T10:01:00+05:30,158.6,164.0,158.4,164.0,115
2026-09-21T10:02:00+05:30,161.0,164.0,161.0,164.0,31
2026-09-21T10:03:00+05:30,164.0,165.4,163.2,164.65,36
2026-09-21T10:04:00+05:30,164.65,165.75,164.65,164.95,9
2026-09-21T10:05:00+05:30,165.2,167.75,162.55,167.55,43
2026-09-21T10:06:00+05:30,167.2,172.05,166.9,169.8,231
2026-09-21T10:07:00+05:30,169.6,170.5,166.4,168.1,55
2026-09-21T10:08:00+05:30,168.25,168.5,166.3,166.3,67
2026-09-21T10:09:00+05:30,165.0,165.35,162.25,163.2,85
2026-09-21T10:10:00+05:30,162.55,163.0,158.5,159.25,46
2026-09-21T10:11:00+05:30,159.0,160.95,159.0,160.9,18
2026-09-21T10:12:00+05:30,161.85,164.7,160.3,163.5,80
2026-09-21T10:13:00+05:30,164.35,168.0,164.35,166.95,66
2026-09-21T10:14:00+05:30,166.95,172.75,166.95,169.6,47
2026-09-21T10:15:00+05:30,171.35,173.15,168.7,168.8,51
2026-09-21T10:16:00+05:30,168.55,168.6,162.0,162.1,27
2026-09-21T10:17:00+05:30,161.7,168.6,161.0,168.45,37
2026-09-21T10:18:00+05:30,167.3,167.3,162.5,163.25,32
2026-09-21T10:19:00+05:30,165.1,168.0,165.1,167.95,15
2026-09-21T10:20:00+05:30,166.85,167.0,163.7,164.8,21
2026-09-21T10:21:00+05:30,168.45,169.15,160.1,162.1,50
2026-09-21T10:22:00+05:30,162.9,165.35,162.15,162.15,25
2026-09-21T10:23:00+05:30,162.45,162.8,159.7,159.7,41
2026-09-21T10:24:00+05:30,160.2,164.85,159.75,163.6,26
2026-09-21T10:25:00+05:30,164.55,164.7,163.25,163.4,74
2026-09-21T10:26:00+05:30,162.95,164.5,162.1,163.45,63
2026-09-21T10:27:00+05:30,164.8,168.65,164.8,167.15,26
2026-09-21T10:28:00+05:30,166.8,166.8,164.2,164.55,65
2026-09-21T10:29:00+05:30,165.3,165.35,163.0,163.05,17
2026-09-21T10:30:00+05:30,164.1,165.15,163.25,164.0,31
2026-09-21T10:31:00+05:30,163.9,164.65,163.5,163.55,28
2026-09-21T10:32:00+05:30,164.2,166.85,164.2,164.7,12
2026-09-21T10:33:00+05:30,164.55,166.7,163.75,166.7,36
2026-09-21T10:34:00+05:30,166.3,168.5,166.3,167.7,97
2026-09-21T10:35:00+05:30,167.75,168.3,165.05,165.75,29
2026-09-21T10:36:00+05:30,164.0,165.7,163.6,164.5,37
2026-09-21T10:37:00+05:30,164.4,166.5,164.15,166.05,30
2026-09-21T10:38:00+05:30,166.5,168.0,164.75,166.75,46
2026-09-21T10:39:00+05:30,165.9,168.0,165.9,167.35,21
2026-09-21T10:40:00+05:30,168.45,168.6,165.8,167.65,106
2026-09-21T10:41:00+05:30,166.35,167.05,162.8,163.9,39
2026-09-21T10:42:00+05:30,163.9,165.2,162.4,164.6,27
2026-09-21T10:43:00+05:30,164.2,164.6,161.25,161.25,40
2026-09-21T10:44:00+05:30,161.25,161.7,159.3,161.15,27
2026-09-21T10:45:00+05:30,160.75,160.85,156.4,157.6,38
2026-09-21T10:46:00+05:30,154.8,156.6,151.8,153.3,79
2026-09-21T10:47:00+05:30,154.35,155.9,150.15,155.7,48
2026-09-21T10:48:00+05:30,154.65,155.95,154.35,155.35,18
2026-09-21T10:49:00+05:30,154.5,155.75,152.85,154.45,17
2026-09-21T10:50:00+05:30,153.8,154.75,153.55,154.75,43
2026-09-21T10:51:00+05:30,154.7,155.35,153.35,154.5,46
2026-09-21T10:52:00+05:30,153.6,156.2,153.6,154.9,12
2026-09-21T10:53:00+05:30,155.55,155.55,152.5,152.9,74
2026-09-21T10:54:00+05:30,152.95,153.85,151.8,152.15,23
2026-09-21T10:55:00+05:30,153.15,155.55,152.65,155.55,7
2026-09-21T10:56:00+05:30,154.7,154.7,152.95,152.95,13
2026-09-21T10:57:00+05:30,152.0,152.3,150.45,152.3,23
2026-09-21T10:58:00+05:30,151.6,153.45,151.05,153.45,21
2026-09-21T10:59:00+05:30,153.15,153.15,148.1,148.55,232
2026-09-21T11:00:00+05:30,148.2,152.35,148.2,151.9,44
2026-09-21T11:01:00+05:30,151.55,152.3,151.3,152.3,13
2026-09-21T11:02:00+05:30,150.9,152.5,149.4,152.5,21
2026-09-21T11:03:00+05:30,151.8,152.0,148.65,148.9,193
2026-09-21T11:04:00+05:30,148.1,150.0,148.1,149.5,31
2026-09-21T11:05:00+05:30,148.25,149.4,147.4,149.25,62
2026-09-21T11:06:00+05:30,148.15,148.15,144.0,145.7,40
2026-09-21T11:07:00+05:30,144.45,146.55,143.5,144.5,78
2026-09-21T11:08:00+05:30,143.0,145.5,142.75,145.15,21
2026-09-21T11:09:00+05:30,144.9,145.0,143.3,145.0,33
2026-09-21T11:10:00+05:30,144.45,145.0,143.75,144.5,21
2026-09-21T11:11:00+05:30,144.5,144.5,143.0,143.45,27
2026-09-21T11:12:00+05:30,143.25,144.3,143.25,144.3,24
2026-09-21T11:13:00+05:30,144.85,144.85,144.25,144.25,9
2026-09-21T11:14:00+05:30,144.3,145.05,144.3,145.05,2
2026-09-21T11:15:00+05:30,142.85,144.5,142.75,144.25,17
2026-09-21T11:16:00+05:30,145.95,148.2,145.95,147.05,6
2026-09-21T11:17:00+05:30,146.9,149.05,146.7,149.05,12
2026-09-21T11:18:00+05:30,149.25,151.45,148.75,151.25,12
2026-09-21T11:19:00+05:30,150.7,150.85,150.15,150.85,25
2026-09-21T11:20:00+05:30,149.2,152.1,148.5,151.1,41
2026-09-21T11:21:00+05:30,150.1,152.15,150.1,151.0,13
2026-09-21T11:22:00+05:30,150.0,150.5,149.5,149.65,9
2026-09-21T11:23:00+05:30,149.5,149.5,146.8,147.95,10
2026-09-21T11:24:00+05:30,148.1,149.05,147.45,148.45,18
2026-09-21T11:25:00+05:30,148.65,148.85,147.7,148.55,24
2026-09-21T11:26:00+05:30,146.1,148.3,146.1,148.3,7
2026-09-21T11:27:00+05:30,148.5,148.5,145.65,146.0,11
2026-09-21T11:28:00+05:30,145.0,145.0,144.1,144.3,6
2026-09-21T11:29:00+05:30,144.85,145.2,144.4,145.2,6
2026-09-21T11:30:00+05:30,145.55,145.55,143.55,144.65,20
2026-09-21T11:31:00+05:30,145.85,148.0,145.5,147.9,9
2026-09-21T11:32:00+05:30,148.95,149.0,147.15,148.6,9
2026-09-21T11:33:00+05:30,147.25,147.95,147.25,147.95,3
2026-09-21T11:34:00+05:30,148.6,148.9,148.6,148.9,7
2026-09-21T11:35:00+05:30,149.2,153.45,149.1,153.45,21
2026-09-21T11:36:00+05:30,152.7,152.9,151.75,151.75,6
2026-09-21T11:37:00+05:30,150.9,152.15,150.85,151.7,6
2026-09-21T11:38:00+05:30,152.1,152.1,151.25,151.6,9
2026-09-21T11:39:00+05:30,151.6,151.9,150.6,151.9,17
2026-09-21T11:40:00+05:30,151.65,152.35,151.1,151.1,22
2026-09-21T11:41:00+05:30,148.75,149.0,148.65,149.0,3
2026-09-21T11:42:00+05:30,148.2,150.1,147.35,150.1,14
2026-09-21T11:43:00+05:30,148.85,148.85,148.5,148.65,13
2026-09-21T11:44:00+05:30,149.1,151.95,149.1,151.0,42
2026-09-21T11:45:00+05:30,150.45,152.25,150.45,152.25,15
2026-09-21T11:46:00+05:30,150.2,153.5,149.95,153.35,20
2026-09-21T11:47:00+05:30,151.75,153.95,151.55,153.95,6
2026-09-21T11:48:00+05:30,153.35,153.8,152.45,153.7,21
2026-09-21T11:49:00+05:30,154.45,154.5,153.4,153.4,10
2026-09-21T11:50:00+05:30,153.25,153.25,152.2,152.2,3
2026-09-21T11:51:00+05:30,152.1,152.1,151.95,151.95,6
2026-09-21T11:52:00+05:30,151.6,151.6,149.45,150.05,8
2026-09-21T11:53:00+05:30,150.0,150.8,149.75,150.65,21
2026-09-21T11:54:00+05:30,149.2,149.2,147.45,147.8,34
2026-09-21T11:55:00+05:30,150.05,150.05,148.6,148.6,7
2026-09-21T11:56:00+05:30,148.55,149.0,146.05,147.0,22
2026-09-21T11:57:00+05:30,146.7,146.7,143.05,143.9,66
2026-09-21T11:58:00+05:30,143.75,144.85,143.05,143.35,59
2026-09-21T11:59:00+05:30,143.4,145.1,142.85,145.1,126
2026-09-21T12:00:00+05:30,143.6,145.05,142.8,145.05,23
2026-09-21T12:01:00+05:30,144.3,144.3,143.25,143.25,27
2026-09-21T12:02:00+05:30,144.4,146.35,144.15,146.35,33
2026-09-21T12:03:00+05:30,145.8,146.65,145.5,146.4,70
2026-09-21T12:04:00+05:30,146.4,146.4,143.95,143.95,8
2026-09-21T12:05:00+05:30,145.35,146.05,145.35,146.05,5
2026-09-21T12:06:00+05:30,145.55,145.55,145.0,145.0,70
2026-09-21T12:07:00+05:30,145.1,146.6,145.1,146.6,17
2026-09-21T12:08:00+05:30,148.75,149.75,148.3,149.75,18
2026-09-21T12:09:00+05:30,150.15,151.1,149.9,151.1,12
2026-09-21T12:10:00+05:30,150.8,153.2,150.55,153.0,22
2026-09-21T12:11:00+05:30,152.5,152.5,150.25,150.25,10
2026-09-21T12:12:00+05:30,151.65,151.65,149.7,151.25,17
2026-09-21T12:13:00+05:30,151.35,151.35,149.0,149.0,10
2026-09-21T12:14:00+05:30,149.1,150.7,148.4,149.9,19
2026-09-21T12:15:00+05:30,149.25,151.05,149.05,149.95,14
2026-09-21T12:16:00+05:30,148.25,148.25,147.55,147.55,11
2026-09-21T12:17:00+05:30,149.75,150.7,149.75,150.7,7
2026-09-21T12:18:00+05:30,150.7,151.0,150.5,150.85,5
2026-09-21T12:19:00+05:30,152.95,153.3,152.2,153.3,10
2026-09-21T12:20:00+05:30,151.95,152.8,151.65,152.5,82
2026-09-21T12:21:00+05:30,152.15,152.15,150.3,152.0,12
2026-09-21T12:22:00+05:30,152.3,153.55,151.05,153.55,17
2026-09-21T12:23:00+05:30,153.2,156.1,153.2,155.4,7
2026-09-21T12:24:00+05:30,156.1,156.1,153.0,153.0,19
2026-09-21T12:25:00+05:30,153.1,154.0,152.65,153.9,12
2026-09-21T12:26:00+05:30,153.2,153.2,150.5,150.5,23
2026-09-21T12:27:00+05:30,151.65,151.65,150.15,150.15,10
2026-09-21T12:28:00+05:30,151.1,151.1,149.75,149.75,16
2026-09-21T12:29:00+05:30,148.95,149.3,148.45,148.45,9
2026-09-21T12:30:00+05:30,149.75,149.75,144.5,144.5,45
2026-09-21T12:31:00+05:30,144.5,146.35,144.5,146.35,8
2026-09-21T12:32:00+05:30,146.9,149.45,146.8,149.35,11
2026-09-21T12:33:00+05:30,147.35,150.0,147.35,150.0,28
2026-09-21T12:34:00+05:30,149.95,150.15,147.3,147.95,23
2026-09-21T12:35:00+05:30,147.0,149.15,146.05,146.05,11
2026-09-21T12:36:00+05:30,146.6,147.0,146.4,146.4,3
2026-09-21T12:37:00+05:30,147.5,147.5,146.3,146.3,2
2026-09-21T12:38:00+05:30,146.3,147.1,146.0,147.1,17
2026-09-21T12:39:00+05:30,147.65,148.0,146.45,146.45,5
2026-09-21T12:40:00+05:30,146.95,147.55,145.95,146.7,13
2026-09-21T12:41:00+05:30,146.5,148.0,146.5,148.0,7
2026-09-21T12:42:00+05:30,147.8,147.8,147.3,147.3,3
2026-09-21T12:43:00+05:30,146.0,146.0,144.8,144.95,34
2026-09-21T12:44:00+05:30,145.0,145.0,140.15,140.15,42
2026-09-21T12:45:00+05:30,140.25,141.65,140.25,140.6,39
2026-09-21T12:46:00+05:30,141.1,141.1,140.15,140.6,11
2026-09-21T12:47:00+05:30,141.3,143.55,140.95,143.55,12
2026-09-21T12:48:00+05:30,142.8,143.6,142.8,143.6,14
2026-09-21T12:49:00+05:30,144.0,144.0,144.0,144.0,1
2026-09-21T12:50:00+05:30,143.95,144.75,143.9,144.75,7
2026-09-21T12:51:00+05:30,145.9,146.05,145.4,145.45,11
2026-09-21T12:52:00+05:30,143.4,143.65,143.25,143.65,3
2026-09-21T12:54:00+05:30,143.85,143.85,142.8,143.55,5
2026-09-21T12:55:00+05:30,142.2,142.8,142.2,142.8,16
2026-09-21T12:56:00+05:30,144.5,144.7,144.45,144.55,6
2026-09-21T12:57:00+05:30,144.0,144.2,144.0,144.1,7
2026-09-21T12:58:00+05:30,144.2,145.0,143.85,145.0,11
2026-09-21T12:59:00+05:30,145.35,145.35,145.35,145.35,1
2026-09-21T13:00:00+05:30,147.0,147.0,146.6,146.6,3
2026-09-21T13:01:00+05:30,146.45,146.45,144.9,144.9,4
2026-09-21T13:02:00+05:30,144.6,145.5,144.6,145.5,3
2026-09-21T13:03:00+05:30,146.75,146.8,146.75,146.8,3
2026-09-21T13:04:00+05:30,146.55,148.55,146.45,147.05,51
2026-09-21T13:05:00+05:30,147.0,147.9,146.85,146.85,14
2026-09-21T13:06:00+05:30,146.6,146.6,146.6,146.6,1
2026-09-21T13:07:00+05:30,145.45,146.65,144.6,146.3,16
2026-09-21T13:08:00+05:30,145.9,145.9,145.15,145.15,2
2026-09-21T13:10:00+05:30,143.75,143.75,143.75,143.75,4
2026-09-21T13:11:00+05:30,144.35,144.45,144.35,144.45,2
2026-09-21T13:12:00+05:30,144.5,144.5,144.5,144.5,1
2026-09-21T13:13:00+05:30,145.45,145.6,144.0,144.1,20
2026-09-21T13:14:00+05:30,143.3,143.35,142.5,142.6,8
2026-09-21T13:15:00+05:30,141.5,141.5,136.2,137.15,63
2026-09-21T13:16:00+05:30,136.8,137.85,134.1,137.1,99
2026-09-21T13:17:00+05:30,137.1,138.05,135.55,136.15,26
2026-09-21T13:18:00+05:30,135.95,136.0,130.5,130.8,37
2026-09-21T13:19:00+05:30,130.6,131.8,125.55,130.35,51
2026-09-21T13:20:00+05:30,130.0,133.3,129.0,133.3,54
2026-09-21T13:21:00+05:30,133.5,135.85,132.45,132.8,74
2026-09-21T13:22:00+05:30,130.9,133.55,130.8,133.55,8
2026-09-21T13:23:00+05:30,133.45,134.4,132.55,134.4,25
2026-09-21T13:24:00+05:30,135.25,136.25,133.45,133.45,50
2026-09-21T13:25:00+05:30,134.15,135.6,134.0,134.8,227
2026-09-21T13:26:00+05:30,134.5,134.5,132.0,132.9,91
2026-09-21T13:27:00+05:30,132.15,132.95,131.1,132.7,23
2026-09-21T13:28:00+05:30,133.8,133.9,132.25,132.25,67
2026-09-21T13:29:00+05:30,132.25,133.05,132.25,132.35,8
2026-09-21T13:30:00+05:30,131.25,133.5,131.15,133.15,45
2026-09-21T13:31:00+05:30,133.3,133.9,132.45,132.8,31
2026-09-21T13:32:00+05:30,132.9,133.1,130.7,130.7,14
2026-09-21T13:33:00+05:30,130.3,130.3,128.2,128.45,28
2026-09-21T13:34:00+05:30,128.0,128.0,126.0,126.0,26
2026-09-21T13:35:00+05:30,125.55,125.85,123.7,124.75,42
2026-09-21T13:36:00+05:30,122.85,125.0,122.85,123.3,40
2026-09-21T13:37:00+05:30,122.9,123.9,121.4,123.4,65
2026-09-21T13:38:00+05:30,123.45,125.9,122.4,125.9,48
2026-09-21T13:39:00+05:30,125.0,125.0,121.95,121.95,34
2026-09-21T13:40:00+05:30,121.7,121.7,119.5,121.7,55
2026-09-21T13:41:00+05:30,121.1,121.1,119.1,119.25,11
2026-09-21T13:42:00+05:30,118.3,121.1,117.4,121.1,21
2026-09-21T13:43:00+05:30,120.85,123.1,120.45,122.45,33
2026-09-21T13:44:00+05:30,122.5,123.05,121.0,122.05,125
2026-09-21T13:45:00+05:30,121.95,123.5,121.6,123.15,17
2026-09-21T13:46:00+05:30,124.0,125.0,122.9,125.0,169
2026-09-21T13:47:00+05:30,124.0,124.0,121.6,121.6,3
2026-09-21T13:48:00+05:30,121.6,123.75,121.6,122.8,53
2026-09-21T13:49:00+05:30,124.55,124.55,121.6,121.6,5
2026-09-21T13:50:00+05:30,121.0,121.6,120.05,121.1,28
2026-09-21T13:51:00+05:30,120.0,120.0,117.2,119.0,43
2026-09-21T13:52:00+05:30,118.0,119.7,117.7,118.65,47
2026-09-21T13:53:00+05:30,119.35,119.45,117.5,119.05,199
2026-09-21T13:54:00+05:30,119.35,120.55,118.5,118.5,49
2026-09-21T13:55:00+05:30,117.95,118.4,116.3,117.9,79
2026-09-21T13:56:00+05:30,118.0,118.55,117.45,118.3,124
2026-09-21T13:57:00+05:30,117.85,117.85,115.65,116.35,101
2026-09-21T13:58:00+05:30,115.7,115.95,112.7,114.6,100
2026-09-21T13:59:00+05:30,114.65,114.65,111.05,113.65,78
2026-09-21T14:00:00+05:30,113.5,113.5,111.2,111.3,70
2026-09-21T14:01:00+05:30,111.25,112.7,111.0,112.4,89
2026-09-21T14:02:00+05:30,111.95,111.95,111.0,111.0,28
2026-09-21T14:03:00+05:30,110.0,110.95,109.55,110.75,24
2026-09-21T14:04:00+05:30,111.0,113.55,111.0,112.9,23
2026-09-21T14:05:00+05:30,113.6,114.15,113.35,113.35,30
2026-09-21T14:06:00+05:30,113.05,113.05,110.8,111.8,97
2026-09-21T14:07:00+05:30,111.85,112.4,110.6,112.4,11
2026-09-21T14:08:00+05:30,112.85,113.4,112.75,113.4,7
2026-09-21T14:09:00+05:30,113.2,114.65,113.2,113.25,24
2026-09-21T14:10:00+05:30,113.4,115.6,113.4,114.8,12
2026-09-21T14:11:00+05:30,115.6,115.6,113.25,113.25,61
2026-09-21T14:12:00+05:30,113.65,114.05,112.4,113.4,40
2026-09-21T14:13:00+05:30,113.7,115.15,113.7,114.1,8
2026-09-21T14:14:00+05:30,114.5,115.8,114.5,115.0,5
2026-09-21T14:15:00+05:30,115.45,115.45,114.5,114.5,5
2026-09-21T14:16:00+05:30,114.85,114.85,113.25,113.25,14
2026-09-21T14:17:00+05:30,112.45,112.5,111.6,112.0,14
2026-09-21T14:18:00+05:30,111.9,111.9,111.75,111.85,10
2026-09-21T14:19:00+05:30,110.3,111.2,109.2,111.2,25
2026-09-21T14:20:00+05:30,109.55,110.5,109.5,110.5,15
2026-09-21T14:21:00+05:30,110.55,111.9,110.55,111.9,7
2026-09-21T14:22:00+05:30,111.8,112.35,111.6,112.0,56
2026-09-21T14:23:00+05:30,110.95,111.2,110.35,111.2,3
2026-09-21T14:24:00+05:30,110.65,111.15,110.6,110.9,9
2026-09-21T14:25:00+05:30,111.2,113.2,110.95,113.2,51
2026-09-21T14:26:00+05:30,112.9,114.1,112.85,114.1,12
2026-09-21T14:27:00+05:30,113.4,113.4,112.3,113.2,40
2026-09-21T14:28:00+05:30,114.0,114.0,114.0,114.0,2
2026-09-21T14:29:00+05:30,114.95,116.15,114.9,115.3,56
2026-09-21T14:30:00+05:30,115.1,119.0,115.1,117.75,100
2026-09-21T14:31:00+05:30,117.5,117.75,116.1,117.0,17
2026-09-21T14:32:00+05:30,116.7,117.0,115.5,116.55,45
2026-09-21T14:33:00+05:30,116.6,117.85,116.55,116.8,25
2026-09-21T14:34:00+05:30,116.9,118.0,116.9,117.75,36
2026-09-21T14:35:00+05:30,117.9,118.3,117.0,117.25,28
2026-09-21T14:37:00+05:30,115.75,115.75,115.45,115.45,15
2026-09-21T14:38:00+05:30,114.5,115.35,114.5,115.35,18
2026-09-21T14:39:00+05:30,115.75,116.75,115.75,116.75,7
2026-09-21T14:40:00+05:30,114.55,114.9,113.6,113.6,33
2026-09-21T14:41:00+05:30,113.3,114.0,113.3,114.0,20
2026-09-21T14:42:00+05:30,114.5,114.5,113.7,113.7,9
2026-09-21T14:43:00+05:30,112.9,113.8,112.3,113.55,24
2026-09-21T14:44:00+05:30,113.65,114.0,112.65,113.8,45
2026-09-21T14:45:00+05:30,113.3,114.1,112.95,113.5,20
2026-09-21T14:46:00+05:30,114.0,114.0,113.7,114.0,8
2026-09-21T14:47:00+05:30,114.4,114.5,114.4,114.5,4
2026-09-21T14:48:00+05:30,113.75,115.85,113.4,115.45,10
2026-09-21T14:49:00+05:30,115.4,116.95,115.4,116.55,17
2026-09-21T14:50:00+05:30,115.55,115.8,115.1,115.8,6
2026-09-21T14:51:00+05:30,118.0,121.4,118.0,118.85,111
2026-09-21T14:52:00+05:30,118.5,121.0,118.5,118.75,38
2026-09-21T14:53:00+05:30,118.8,121.65,118.75,120.2,51
2026-09-21T14:54:00+05:30,119.75,120.3,119.5,119.55,8
2026-09-21T14:55:00+05:30,119.05,119.85,118.9,119.0,39
2026-09-21T14:56:00+05:30,119.1,119.55,117.75,117.95,18
2026-09-21T14:57:00+05:30,116.95,116.95,115.4,115.8,18
2026-09-21T14:58:00+05:30,117.0,117.85,116.25,117.85,30
2026-09-21T14:59:00+05:30,118.05,118.05,116.2,116.2,7
2026-09-21T15:00:00+05:30,119.4,123.05,119.4,119.65,118
2026-09-21T15:01:00+05:30,120.15,121.2,120.15,120.75,27
2026-09-21T15:02:00+05:30,121.35,123.25,121.35,123.15,23
2026-09-21T15:03:00+05:30,123.5,125.0,123.5,124.35,54
2026-09-21T15:04:00+05:30,124.1,124.45,122.8,123.5,169
2026-09-21T15:05:00+05:30,123.6,123.7,120.7,120.7,55
2026-09-21T15:06:00+05:30,120.65,121.6,119.1,121.05,35
2026-09-21T15:07:00+05:30,120.9,121.75,120.65,121.0,84
2026-09-21T15:08:00+05:30,122.1,122.2,121.55,121.55,47
2026-09-21T15:09:00+05:30,121.75,121.75,119.75,120.4,11
2026-09-21T15:10:00+05:30,121.15,122.8,121.15,122.8,43
2026-09-21T15:11:00+05:30,123.15,123.55,121.55,122.45,18
2026-09-21T15:12:00+05:30,123.15,125.7,123.0,125.7,40
2026-09-21T15:13:00+05:30,126.0,126.15,122.8,124.9,38
2026-09-21T15:14:00+05:30,124.25,124.95,123.4,124.95,18
2026-09-21T15:15:00+05:30,125.25,125.25,123.15,124.05,31
2026-09-21T15:16:00+05:30,124.4,125.8,123.85,124.2,68
2026-09-21T15:17:00+05:30,123.95,124.65,123.9,124.65,8
2026-09-21T15:18:00+05:30,124.7,125.0,123.65,124.8,12
2026-09-21T15:19:00+05:30,124.2,125.35,123.25,123.25,8
2026-09-21T15:20:00+05:30,124.55,125.95,124.55,125.85,106
2026-09-21T15:21:00+05:30,125.3,125.65,124.2,124.2,11
2026-09-21T15:22:00+05:30,124.6,124.6,124.55,124.6,5
2026-09-21T15:23:00+05:30,123.7,124.25,123.5,123.55,15
2026-09-21T15:24:00+05:30,123.45,123.45,120.8,121.05,79
2026-09-21T15:25:00+05:30,121.4,122.85,120.6,122.85,42
2026-09-21T15:26:00+05:30,123.2,125.55,123.15,125.0,83
2026-09-21T15:27:00+05:30,124.85,125.25,124.4,124.45,38
2026-09-21T15:28:00+05:30,123.95,125.0,123.2,124.7,37
2026-09-21T15:29:00+05:30,124.7,125.0,123.55,124.55,56
2026-09-21T15:30:00+05:30,124.25,125.35,123.85,123.95,75
2026-09-21T15:31:00+05:30,124.0,124.05,122.55,122.55,20
2026-09-21T15:32:00+05:30,123.15,124.55,122.95,124.55,30
2026-09-21T15:33:00+05:30,124.95,124.95,124.55,124.55,6
2026-09-21T15:34:00+05:30,124.5,124.5,123.6,124.5,39
2026-09-21T15:35:00+05:30,124.55,125.0,124.55,125.0,6
2026-09-21T15:36:00+05:30,124.5,126.25,124.2,126.2,102
2026-09-21T15:37:00+05:30,126.4,126.9,126.2,126.5,19
2026-09-21T15:38:00+05:30,126.5,126.5,125.65,126.45,9
2026-09-21T15:39:00+05:30,126.45,128.95,126.1,126.45,96
2026-09-22T09:15:00+05:30,118.75,118.8,101.15,105.0,403
2026-09-22T09:16:00+05:30,105.2,112.2,104.05,111.15,172
2026-09-22T09:17:00+05:30,111.65,112.6,104.4,104.4,351
2026-09-22T09:18:00+05:30,104.0,104.95,100.1,101.8,238
2026-09-22T09:19:00+05:30,102.0,103.1,100.2,100.95,121
2026-09-22T09:20:00+05:30,101.05,102.45,97.3,101.25,287
2026-09-22T09:21:00+05:30,100.75,102.0,99.0,99.0,108
2026-09-22T09:22:00+05:30,99.55,101.45,98.0,101.45,56
2026-09-22T09:23:00+05:30,100.95,100.95,97.35,97.65,99
2026-09-22T09:24:00+05:30,97.0,98.15,94.6,98.15,214
2026-09-22T09:25:00+05:30,98.75,100.55,98.0,98.25,306
2026-09-22T09:26:00+05:30,97.5,100.4,96.55,100.4,67
2026-09-22T09:27:00+05:30,99.55,101.2,98.7,98.8,99
2026-09-22T09:28:00+05:30,98.05,99.4,95.0,96.6,135
2026-09-22T09:29:00+05:30,96.8,96.85,90.85,90.85,102
2026-09-22T09:30:00+05:30,90.5,92.35,88.7,91.25,116
2026-09-22T09:31:00+05:30,91.55,93.05,91.25,91.5,40
2026-09-22T09:32:00+05:30,91.6,94.9,91.25,94.9,91
2026-09-22T09:33:00+05:30,95.0,95.8,93.65,95.8,101
2026-09-22T09:34:00+05:30,96.25,96.25,94.1,94.2,21
2026-09-22T09:35:00+05:30,94.25,95.1,93.3,95.1,22
2026-09-22T09:36:00+05:30,94.7,94.7,93.0,93.75,11
2026-09-22T09:37:00+05:30,93.0,93.35,90.0,90.15,44
2026-09-22T09:38:00+05:30,90.95,91.15,89.45,91.15,69
2026-09-22T09:39:00+05:30,90.25,90.55,89.45,89.9,18
2026-09-22T09:40:00+05:30,91.3,92.05,90.0,90.75,38
2026-09-22T09:41:00+05:30,89.5,89.5,88.35,89.0,22
2026-09-22T09:42:00+05:30,88.45,89.0,87.0,87.0,35
2026-09-22T09:43:00+05:30,87.0,88.2,86.75,87.65,34
2026-09-22T09:44:00+05:30,87.05,87.7,86.0,86.2,70
2026-09-22T09:45:00+05:30,85.55,87.6,85.0,87.55,111
2026-09-22T09:46:00+05:30,87.1,87.75,85.7,85.9,37
2026-09-22T09:47:00+05:30,85.9,85.9,84.55,84.55,44
2026-09-22T09:48:00+05:30,84.25,85.5,83.0,85.5,134
2026-09-22T09:49:00+05:30,85.45,85.85,83.95,84.25,53
2026-09-22T09:50:00+05:30,84.35,84.35,80.7,81.35,209
2026-09-22T09:51:00+05:30,81.55,83.55,81.45,83.55,33
2026-09-22T09:52:00+05:30,83.8,83.8,82.7,83.05,30
2026-09-22T09:53:00+05:30,83.25,83.25,81.6,82.05,59
2026-09-22T09:54:00+05:30,82.3,82.45,81.55,82.0,62
2026-09-22T09:55:00+05:30,82.0,84.5,82.0,84.5,25
2026-09-22T09:56:00+05:30,85.0,85.15,83.4,84.2,18
2026-09-22T09:57:00+05:30,84.6,85.0,84.6,85.0,5
2026-09-22T09:58:00+05:30,86.4,86.4,84.55,84.65,26
2026-09-22T09:59:00+05:30,84.6,84.6,83.55,83.75,4
2026-09-22T10:00:00+05:30,83.35,83.9,82.15,82.35,25
2026-09-22T10:01:00+05:30,81.7,83.1,81.05,83.0,24
2026-09-22T10:02:00+05:30,85.1,87.15,85.1,87.0,11
2026-09-22T10:03:00+05:30,86.8,87.1,86.1,86.1,29
2026-09-22T10:04:00+05:30,86.15,86.15,84.6,84.6,6
2026-09-22T10:05:00+05:30,85.05,86.25,85.05,86.25,12
2026-09-22T10:06:00+05:30,86.1,86.9,86.1,86.9,4
2026-09-22T10:07:00+05:30,88.8,88.8,86.55,87.25,19
2026-09-22T10:08:00+05:30,87.55,87.55,85.55,85.95,18
2026-09-22T10:09:00+05:30,85.55,85.55,83.5,83.5,118
2026-09-22T10:10:00+05:30,83.5,83.5,82.9,82.95,100
2026-09-22T10:11:00+05:30,84.45,84.45,81.6,81.9,54
2026-09-22T10:12:00+05:30,82.6,83.35,82.6,83.0,7
2026-09-22T10:13:00+05:30,84.75,84.75,83.8,84.35,37
2026-09-22T10:14:00+05:30,83.4,83.4,82.4,83.35,8
2026-09-22T10:15:00+05:30,83.95,84.55,83.1,83.1,10
2026-09-22T10:16:00+05:30,83.5,85.8,83.35,84.65,30
2026-09-22T10:17:00+05:30,84.9,85.15,84.0,85.0,5
2026-09-22T10:18:00+05:30,85.05,86.3,83.9,84.45,24
2026-09-22T10:19:00+05:30,84.65,84.65,83.9,84.55,21
2026-09-22T10:20:00+05:30,84.45,87.05,84.45,86.1,34
2026-09-22T10:21:00+05:30,87.1,92.0,86.2,91.55,58
2026-09-22T10:22:00+05:30,91.85,94.5,91.45,94.2,50
2026-09-22T10:23:00+05:30,91.65,92.0,90.25,90.25,16
2026-09-22T10:24:00+05:30,90.9,91.65,90.2,91.3,25
2026-09-22T10:25:00+05:30,91.2,91.55,90.55,91.2,32
2026-09-22T10:26:00+05:30,92.0,92.45,91.2,91.35,16
2026-09-22T10:27:00+05:30,93.0,93.0,90.2,90.3,59
2026-09-22T10:28:00+05:30,90.9,91.05,90.5,91.05,10
2026-09-22T10:29:00+05:30,88.15,90.45,87.75,90.45,23
2026-09-22T10:30:00+05:30,91.05,98.55,91.05,97.85,77
2026-09-22T10:31:00+05:30,99.0,106.0,98.95,102.6,141
2026-09-22T10:32:00+05:30,102.4,109.0,99.8,107.9,105
2026-09-22T10:33:00+05:30,107.6,115.85,106.2,114.55,231
2026-09-22T10:34:00+05:30,114.05,114.05,108.9,111.5,112
2026-09-22T10:35:00+05:30,112.5,125.75,112.5,125.75,88
2026-09-22T10:36:00+05:30,126.4,128.4,120.55,121.3,191
2026-09-22T10:37:00+05:30,121.65,122.1,115.75,116.05,121
2026-09-22T10:38:00+05:30,116.05,117.8,112.15,117.8,99
2026-09-22T10:39:00+05:30,117.55,118.95,115.6,116.0,143
2026-09-22T10:40:00+05:30,116.65,116.7,113.15,115.25,50
2026-09-22T10:41:00+05:30,117.5,126.9,117.0,126.9,95
2026-09-22T10:42:00+05:30,128.1,138.9,128.1,131.0,321
2026-09-22T10:43:00+05:30,131.1,132.1,126.3,127.9,79
2026-09-22T10:44:00+05:30,130.45,134.2,127.3,134.2,69
2026-09-22T10:45:00+05:30,134.5,139.6,134.5,136.55,204
2026-09-22T10:46:00+05:30,135.95,135.95,131.9,132.25,130
2026-09-22T10:47:00+05:30,131.65,133.5,128.2,130.0,112
2026-09-22T10:48:00+05:30,129.6,133.9,128.5,133.55,63
2026-09-22T10:49:00+05:30,132.25,135.0,129.4,135.0,43
2026-09-22T10:50:00+05:30,135.55,141.0,135.05,139.95,81
2026-09-22T10:51:00+05:30,138.05,143.1,136.15,139.9,181
2026-09-22T10:52:00+05:30,139.75,146.0,139.1,142.55,136
2026-09-22T10:53:00+05:30,142.55,144.45,140.7,140.7,59
2026-09-22T10:54:00+05:30,140.95,141.75,135.35,135.4,105
2026-09-22T10:55:00+05:30,136.35,136.75,132.0,132.15,90
2026-09-22T10:56:00+05:30,132.15,135.0,130.7,132.4,116
2026-09-22T10:57:00+05:30,133.0,133.0,127.75,129.05,98
2026-09-22T10:58:00+05:30,130.0,130.1,126.7,126.7,39
2026-09-22T10:59:00+05:30,126.9,127.35,123.8,125.85,87
2026-09-22T11:00:00+05:30,124.35,130.15,124.35,129.9,16
2026-09-22T11:01:00+05:30,130.1,138.3,130.1,134.3,66
2026-09-22T11:02:00+05:30,135.8,138.5,135.8,137.4,19
2026-09-22T11:03:00+05:30,138.25,140.1,138.0,139.25,68
2026-09-22T11:04:00+05:30,138.35,139.85,137.5,139.3,58
2026-09-22T11:05:00+05:30,138.8,143.6,137.5,142.4,54
2026-09-22T11:06:00+05:30,143.0,143.25,139.05,139.05,51
2026-09-22T11:07:00+05:30,138.3,142.6,138.3,139.75,60
2026-09-22T11:08:00+05:30,139.15,142.6,139.15,140.25,83
2026-09-22T11:09:00+05:30,141.05,141.25,135.4,136.65,93
2026-09-22T11:10:00+05:30,136.1,136.1,131.5,132.0,67
2026-09-22T11:11:00+05:30,131.55,134.3,129.75,132.85,127
2026-09-22T11:12:00+05:30,132.8,133.0,130.65,130.9,68
2026-09-22T11:13:00+05:30,129.0,130.85,128.05,130.85,30
2026-09-22T11:14:00+05:30,129.55,129.55,125.65,127.9,45
2026-09-22T11:15:00+05:30,131.0,132.1,130.2,132.1,41
2026-09-22T11:16:00+05:30,132.9,133.6,127.8,128.8,199
2026-09-22T11:17:00+05:30,127.45,130.05,125.6,127.85,57
2026-09-22T11:18:00+05:30,129.3,131.35,129.2,129.95,38
2026-09-22T11:19:00+05:30,130.65,133.35,130.55,130.8,31
2026-09-22T11:20:00+05:30,129.0,133.25,129.0,130.15,89
2026-09-22T11:21:00+05:30,130.0,130.6,128.6,128.6,52
2026-09-22T11:22:00+05:30,128.65,131.7,127.85,129.5,26
2026-09-22T11:23:00+05:30,128.4,130.0,127.2,129.25,68
2026-09-22T11:24:00+05:30,127.55,127.75,126.45,126.9,18
2026-09-22T11:25:00+05:30,127.0,127.0,124.05,125.55,23
2026-09-22T11:26:00+05:30,126.8,128.05,126.1,126.95,21
2026-09-22T11:27:00+05:30,129.25,129.25,126.8,127.85,40
2026-09-22T11:28:00+05:30,127.3,127.3,124.45,125.9,56
2026-09-22T11:29:00+05:30,126.0,127.65,125.65,127.35,29
2026-09-22T11:30:00+05:30,130.85,134.35,130.85,132.95,53
2026-09-22T11:31:00+05:30,132.35,136.55,131.45,136.55,22
2026-09-22T11:32:00+05:30,137.0,140.6,137.0,138.3,58
2026-09-22T11:33:00+05:30,136.3,139.4,136.3,137.7,26
2026-09-22T11:34:00+05:30,138.8,145.0,138.8,145.0,44
2026-09-22T11:35:00+05:30,145.0,148.6,143.05,143.05,40
2026-09-22T11:36:00+05:30,143.15,145.6,142.65,145.55,61
2026-09-22T11:37:00+05:30,142.0,145.0,142.0,142.55,37
2026-09-22T11:38:00+05:30,142.55,143.0,139.85,140.65,62
2026-09-22T11:39:00+05:30,141.45,146.1,141.45,145.5,133
2026-09-22T11:40:00+05:30,145.55,152.55,144.3,144.35,162
2026-09-22T11:41:00+05:30,143.2,144.75,142.0,144.75,202
2026-09-22T11:42:00+05:30,144.3,148.8,144.15,148.8,65
2026-09-22T11:43:00+05:30,147.4,148.4,145.45,146.6,35
2026-09-22T11:44:00+05:30,147.45,147.9,144.6,144.6,151
2026-09-22T11:45:00+05:30,146.2,147.95,143.9,144.8,71
2026-09-22T11:46:00+05:30,145.1,153.6,144.9,152.0,30
2026-09-22T11:47:00+05:30,153.55,153.55,149.3,149.95,33
2026-09-22T11:48:00+05:30,148.0,148.45,145.25,145.8,47
2026-09-22T11:49:00+05:30,146.45,147.9,146.25,146.25,21
2026-09-22T11:50:00+05:30,147.3,147.5,145.0,145.35,41
2026-09-22T11:51:00+05:30,146.9,148.7,145.55,148.05,75
2026-09-22T11:52:00+05:30,148.4,148.45,139.65,140.0,120
2026-09-22T11:53:00+05:30,140.35,144.6,140.35,142.85,38
2026-09-22T11:54:00+05:30,143.1,147.95,143.1,147.95,45
2026-09-22T11:55:00+05:30,148.15,149.35,146.75,147.4,67
2026-09-22T11:56:00+05:30,148.45,150.35,144.5,144.7,61
2026-09-22T11:57:00+05:30,145.55,146.15,143.5,143.5,38
2026-09-22T11:58:00+05:30,143.85,143.85,139.0,139.4,35
2026-09-22T11:59:00+05:30,139.3,140.15,139.05,139.05,22
2026-09-22T12:00:00+05:30,140.5,141.9,138.6,141.0,56
2026-09-22T12:01:00+05:30,141.55,143.75,140.1,140.1,71
2026-09-22T12:02:00+05:30,140.25,141.8,137.55,141.8,42
2026-09-22T12:03:00+05:30,140.8,140.85,134.15,134.15,36
2026-09-22T12:04:00+05:30,134.95,137.8,134.55,134.75,32
2026-09-22T12:05:00+05:30,134.75,135.95,132.55,133.1,28
2026-09-22T12:06:00+05:30,133.1,135.75,132.55,134.65,43
2026-09-22T12:07:00+05:30,135.9,138.05,135.9,138.05,28
2026-09-22T12:08:00+05:30,137.2,137.2,133.25,133.6,18
2026-09-22T12:09:00+05:30,131.0,132.9,130.3,130.35,16
2026-09-22T12:10:00+05:30,131.55,131.8,130.55,131.8,43
2026-09-22T12:11:00+05:30,132.45,133.95,132.45,133.75,3
2026-09-22T12:12:00+05:30,134.85,135.95,134.85,135.45,3
2026-09-22T12:13:00+05:30,138.0,139.25,138.0,138.95,15
2026-09-22T12:14:00+05:30,139.0,140.8,132.7,140.8,128
2026-09-22T12:15:00+05:30,143.6,144.25,143.6,144.25,10
2026-09-22T12:16:00+05:30,143.5,143.5,137.55,137.6,34
2026-09-22T12:17:00+05:30,137.65,137.8,134.4,134.4,20
2026-09-22T12:18:00+05:30,133.9,134.3,133.0,133.0,24
2026-09-22T12:19:00+05:30,132.45,132.45,128.55,130.1,70
2026-09-22T12:20:00+05:30,129.3,131.7,129.25,131.7,14
2026-09-22T12:21:00+05:30,131.8,132.05,126.15,126.15,26
2026-09-22T12:22:00+05:30,127.75,130.0,127.75,130.0,19
2026-09-22T12:23:00+05:30,131.05,131.05,129.65,130.25,29
2026-09-22T12:24:00+05:30,131.6,132.65,131.05,131.5,33
2026-09-22T12:25:00+05:30,132.2,132.2,130.4,130.9,23
2026-09-22T12:26:00+05:30,130.95,130.95,127.5,130.1,42
2026-09-22T12:27:00+05:30,128.3,130.0,127.8,128.65,49
2026-09-22T12:28:00+05:30,129.5,131.05,127.5,128.7,14
2026-09-22T12:29:00+05:30,129.25,132.8,129.0,132.8,25
2026-09-22T12:30:00+05:30,131.9,135.45,131.7,135.45,23
2026-09-22T12:31:00+05:30,136.25,137.0,133.65,133.65,16
2026-09-22T12:32:00+05:30,132.0,132.3,131.4,132.25,21
2026-09-22T12:33:00+05:30,131.5,132.95,130.9,132.95,16
2026-09-22T12:34:00+05:30,132.95,132.95,131.15,131.15,4
2026-09-22T12:35:00+05:30,129.75,130.85,129.35,130.15,8
2026-09-22T12:36:00+05:30,132.35,133.4,132.35,133.4,28
2026-09-22T12:37:00+05:30,132.95,135.3,132.3,135.15,29
2026-09-22T12:38:00+05:30,134.6,136.8,134.55,136.7,23
2026-09-22T12:39:00+05:30,136.15,139.95,136.15,138.35,49
2026-09-22T12:40:00+05:30,137.65,139.8,136.85,136.85,26
2026-09-22T12:41:00+05:30,138.95,140.15,138.95,139.2,33
2026-09-22T12:42:00+05:30,140.85,140.85,138.35,138.35,22
2026-09-22T12:43:00+05:30,138.05,144.0,138.05,143.7,18
2026-09-22T12:44:00+05:30,145.7,149.4,144.6,149.4,59
2026-09-22T12:45:00+05:30,149.6,151.8,148.4,149.8,89
2026-09-22T12:46:00+05:30,150.4,150.4,145.65,147.85,66
2026-09-22T12:47:00+05:30,148.65,148.65,145.15,145.15,46
2026-09-22T12:48:00+05:30,145.0,146.1,142.9,143.3,86
2026-09-22T12:49:00+05:30,142.45,147.6,142.2,147.0,292
2026-09-22T12:50:00+05:30,148.0,151.95,148.0,149.75,59
2026-09-22T12:51:00+05:30,150.1,152.55,147.75,151.95,36
2026-09-22T12:52:00+05:30,151.1,151.6,145.9,145.9,42
2026-09-22T12:53:00+05:30,146.9,148.7,145.75,148.2,15
2026-09-22T12:54:00+05:30,149.0,149.3,146.65,146.65,15
2026-09-22T12:55:00+05:30,150.2,155.0,149.0,155.0,68
2026-09-22T12:56:00+05:30,155.0,156.4,148.2,148.2,54
2026-09-22T12:57:00+05:30,149.15,149.25,147.9,148.95,8
2026-09-22T12:58:00+05:30,151.2,151.2,146.45,147.95,45
2026-09-22T12:59:00+05:30,149.3,150.35,148.15,149.0,45
2026-09-22T13:00:00+05:30,150.25,160.2,150.15,156.0,173
2026-09-22T13:01:00+05:30,155.8,157.65,150.4,150.4,75
2026-09-22T13:02:00+05:30,150.15,155.75,149.45,155.45,50
2026-09-22T13:03:00+05:30,156.6,158.1,155.8,156.85,22
2026-09-22T13:04:00+05:30,154.75,157.25,154.75,156.55,16
2026-09-22T13:05:00+05:30,156.65,157.55,153.15,154.8,21
2026-09-22T13:06:00+05:30,154.8,154.85,151.35,151.8,34
2026-09-22T13:07:00+05:30,151.75,151.75,148.5,148.7,50
2026-09-22T13:08:00+05:30,149.7,153.35,149.25,149.25,32
2026-09-22T13:09:00+05:30,148.75,149.6,147.1,147.1,33
2026-09-22T13:10:00+05:30,146.55,146.55,143.6,145.8,48
2026-09-22T13:11:00+05:30,145.85,150.35,145.85,148.9,36
2026-09-22T13:12:00+05:30,148.9,150.1,146.35,146.8,47
2026-09-22T13:13:00+05:30,146.25,149.9,146.25,149.2,26
2026-09-22T13:14:00+05:30,148.9,148.95,144.05,144.6,35
2026-09-22T13:15:00+05:30,144.7,144.7,140.8,144.0,78
2026-09-22T13:16:00+05:30,146.3,146.95,143.7,144.05,13
2026-09-22T13:17:00+05:30,144.95,144.95,144.25,144.25,10
2026-09-22T13:18:00+05:30,150.55,152.7,150.55,151.65,79
2026-09-22T13:19:00+05:30,148.6,148.65,145.85,146.05,53
2026-09-22T13:20:00+05:30,148.4,152.25,148.4,152.25,36
2026-09-22T13:21:00+05:30,152.1,153.9,152.1,152.85,41
2026-09-22T13:22:00+05:30,154.2,154.2,152.3,152.5,49
2026-09-22T13:23:00+05:30,151.55,152.2,150.8,150.8,40
2026-09-22T13:24:00+05:30,151.6,152.3,149.5,149.5,3
2026-09-22T13:25:00+05:30,149.25,151.1,148.9,150.95,21
2026-09-22T13:26:00+05:30,150.3,154.0,148.7,154.0,8
2026-09-22T13:27:00+05:30,153.1,153.1,149.9,150.1,189
2026-09-22T13:28:00+05:30,150.1,150.3,147.1,147.5,539
2026-09-22T13:29:00+05:30,148.9,150.15,147.9,148.05,22
2026-09-22T13:30:00+05:30,149.3,150.95,148.0,148.0,31
2026-09-22T13:31:00+05:30,148.25,148.25,147.0,147.0,25
2026-09-22T13:32:00+05:30,148.65,148.65,145.0,145.85,23
2026-09-22T13:33:00+05:30,147.5,147.5,145.65,145.95,24
2026-09-22T13:34:00+05:30,145.0,146.2,145.0,145.95,7
2026-09-22T13:35:00+05:30,147.8,149.1,143.75,143.75,59
2026-09-22T13:36:00+05:30,143.35,145.45,142.0,145.45,41
2026-09-22T13:37:00+05:30,146.05,146.05,142.0,142.0,40
2026-09-22T13:38:00+05:30,142.7,146.3,142.7,146.0,38
2026-09-22T13:39:00+05:30,146.0,146.0,143.35,143.35,5
2026-09-22T13:40:00+05:30,143.6,144.35,143.45,143.85,25
2026-09-22T13:41:00+05:30,142.75,144.6,142.0,144.0,15
2026-09-22T13:42:00+05:30,144.15,144.2,138.5,139.85,83
2026-09-22T13:43:00+05:30,141.1,144.4,141.1,143.95,14
2026-09-22T13:44:00+05:30,144.1,148.95,144.1,148.95,60
2026-09-22T13:45:00+05:30,148.85,152.25,148.85,151.25,72
2026-09-22T13:46:00+05:30,151.45,153.55,150.25,152.2,142
2026-09-22T13:47:00+05:30,152.6,152.6,150.75,151.25,11
2026-09-22T13:48:00+05:30,149.0,151.5,148.7,150.5,54
2026-09-22T13:49:00+05:30,154.2,155.5,152.0,152.6,43
2026-09-22T13:50:00+05:30,152.3,154.25,151.3,152.15,31
2026-09-22T13:51:00+05:30,153.55,155.7,153.0,154.1,38
2026-09-22T13:52:00+05:30,154.75,154.75,152.7,152.7,50
2026-09-22T13:53:00+05:30,152.9,172.35,152.9,167.15,233
2026-09-22T13:54:00+05:30,169.45,176.3,169.05,171.7,778
2026-09-22T13:55:00+05:30,171.25,171.25,160.4,165.25,118
2026-09-22T13:56:00+05:30,165.4,168.6,165.4,166.7,11
2026-09-22T13:57:00+05:30,167.2,169.15,164.3,166.4,41
2026-09-22T13:58:00+05:30,167.5,170.05,166.95,168.0,43
2026-09-22T13:59:00+05:30,169.05,169.35,166.0,166.65,77
2026-09-22T14:00:00+05:30,167.85,175.35,167.85,175.25,75
2026-09-22T14:01:00+05:30,173.5,173.5,166.35,166.35,130
2026-09-22T14:02:00+05:30,166.05,166.35,160.4,165.75,102
2026-09-22T14:03:00+05:30,167.6,167.6,163.8,163.8,107
2026-09-22T14:04:00+05:30,163.65,165.5,158.45,158.45,65
2026-09-22T14:05:00+05:30,158.95,162.5,157.0,162.5,15
2026-09-22T14:06:00+05:30,163.85,165.65,160.0,160.0,50
2026-09-22T14:07:00+05:30,163.5,165.1,163.5,164.8,35
2026-09-22T14:08:00+05:30,165.2,166.0,164.75,165.5,33
2026-09-22T14:09:00+05:30,163.7,164.4,155.05,155.3,70
2026-09-22T14:10:00+05:30,156.3,157.1,149.8,152.75,100
2026-09-22T14:11:00+05:30,154.3,157.6,146.85,148.2,89
2026-09-22T14:12:00+05:30,148.05,152.2,136.4,141.05,215
2026-09-22T14:13:00+05:30,138.65,142.9,138.65,139.95,97
2026-09-22T14:14:00+05:30,140.6,141.65,110.6,114.7,406
2026-09-22T14:15:00+05:30,112.15,124.5,105.65,124.2,715
2026-09-22T14:16:00+05:30,124.35,135.35,124.0,128.7,312
2026-09-22T14:17:00+05:30,129.7,129.7,122.1,122.1,104
2026-09-22T14:18:00+05:30,122.4,131.1,122.4,128.95,117
2026-09-22T14:19:00+05:30,128.4,129.6,122.25,122.65,69
2026-09-22T14:20:00+05:30,122.7,124.85,117.7,119.8,174
2026-09-22T14:21:00+05:30,119.0,121.45,114.1,121.1,170
2026-09-22T14:22:00+05:30,122.85,123.6,121.95,123.0,83
2026-09-22T14:23:00+05:30,123.55,125.85,120.5,125.5,61
2026-09-22T14:24:00+05:30,125.35,128.4,123.7,128.4,79
2026-09-22T14:25:00+05:30,127.6,129.15,119.8,121.05,81
2026-09-22T14:26:00+05:30,121.6,123.3,118.0,120.3,63
2026-09-22T14:27:00+05:30,119.7,122.1,119.1,119.85,56
2026-09-22T14:28:00+05:30,120.05,122.8,120.05,120.9,44
2026-09-22T14:29:00+05:30,119.65,119.65,117.45,119.35,94
2026-09-22T14:30:00+05:30,119.75,119.75,117.1,119.2,47
2026-09-22T14:31:00+05:30,118.35,119.7,113.75,113.75,42
2026-09-22T14:32:00+05:30,114.3,114.6,108.25,110.8,114
2026-09-22T14:33:00+05:30,110.75,116.35,110.75,116.0,128
2026-09-22T14:34:00+05:30,116.3,123.0,115.75,121.5,243
2026-09-22T14:35:00+05:30,121.35,122.8,118.9,119.0,63
2026-09-22T14:36:00+05:30,118.75,119.2,114.3,115.55,35
2026-09-22T14:37:00+05:30,115.6,122.3,115.6,121.0,39
2026-09-22T14:38:00+05:30,119.5,124.45,119.4,124.45,62
2026-09-22T14:39:00+05:30,123.75,124.6,121.6,122.25,46
2026-09-22T14:40:00+05:30,122.7,125.45,122.5,125.45,18
2026-09-22T14:41:00+05:30,128.25,130.3,123.5,125.35,164
2026-09-22T14:42:00+05:30,129.0,136.85,129.0,133.5,39
2026-09-22T14:43:00+05:30,132.3,132.95,130.15,131.75,105
2026-09-22T14:44:00+05:30,130.45,130.45,128.2,128.2,15
2026-09-22T14:45:00+05:30,128.7,131.15,123.05,123.1,56
2026-09-22T14:46:00+05:30,125.15,126.1,124.8,124.8,28
2026-09-22T14:47:00+05:30,125.5,127.85,124.2,126.85,21
2026-09-22T14:48:00+05:30,127.4,131.65,127.1,130.6,33
2026-09-22T14:49:00+05:30,130.8,131.15,129.95,131.15,29
2026-09-22T14:50:00+05:30,133.3,134.45,128.1,128.2,69
2026-09-22T14:51:00+05:30,128.2,132.15,127.7,132.15,57
2026-09-22T14:52:00+05:30,133.4,134.95,129.6,130.25,74
2026-09-22T14:53:00+05:30,130.0,132.25,128.85,131.6,26
2026-09-22T14:54:00+05:30,131.5,132.05,129.05,130.2,32
2026-09-22T14:55:00+05:30,129.95,131.0,127.45,128.45,71
2026-09-22T14:56:00+05:30,127.65,132.8,127.65,129.7,73
2026-09-22T14:57:00+05:30,130.3,131.35,129.65,131.1,20
2026-09-22T14:58:00+05:30,131.9,136.5,130.0,135.0,85
2026-09-22T14:59:00+05:30,135.25,137.9,133.65,133.65,45
2026-09-22T15:00:00+05:30,133.65,136.6,132.5,136.55,35
2026-09-22T15:01:00+05:30,138.0,140.0,131.3,132.1,57
2026-09-22T15:02:00+05:30,132.8,132.8,128.1,129.65,38
2026-09-22T15:03:00+05:30,130.55,130.65,125.75,126.15,56
2026-09-22T15:04:00+05:30,126.4,129.3,126.15,129.2,44
2026-09-22T15:05:00+05:30,130.65,131.65,129.1,131.65,24
2026-09-22T15:06:00+05:30,131.75,134.0,131.6,131.6,36
2026-09-22T15:07:00+05:30,131.7,134.95,131.7,134.95,19
2026-09-22T15:08:00+05:30,135.1,137.5,134.8,135.75,96
2026-09-22T15:09:00+05:30,136.25,136.25,133.8,134.05,66
2026-09-22T15:10:00+05:30,134.3,135.9,130.1,130.9,132
2026-09-22T15:11:00+05:30,131.95,133.55,125.8,126.3,62
2026-09-22T15:12:00+05:30,128.4,129.2,124.0,124.1,99
2026-09-22T15:13:00+05:30,123.6,125.65,122.8,125.25,94
2026-09-22T15:14:00+05:30,124.5,124.8,122.65,124.25,20
2026-09-22T15:15:00+05:30,125.25,130.7,125.25,129.15,49
2026-09-22T15:16:00+05:30,127.85,127.85,124.55,125.2,9
2026-09-22T15:17:00+05:30,124.35,126.75,124.35,126.7,33
2026-09-22T15:18:00+05:30,127.15,127.85,127.0,127.8,19
2026-09-22T15:19:00+05:30,127.9,130.0,127.45,127.45,38
2026-09-22T15:20:00+05:30,127.75,132.0,126.75,128.6,182
2026-09-22T15:21:00+05:30,126.15,127.9,125.5,127.9,19
2026-09-22T15:22:00+05:30,125.0,130.1,125.0,126.5,40
2026-09-22T15:23:00+05:30,126.8,126.8,123.55,125.35,9
2026-09-22T15:24:00+05:30,125.8,125.8,123.7,123.7,18
2026-09-22T15:25:00+05:30,125.35,125.65,123.8,124.65,10
2026-09-22T15:26:00+05:30,124.3,126.95,123.4,125.75,159
2026-09-22T15:27:00+05:30,126.75,127.3,124.9,127.2,24
2026-09-22T15:28:00+05:30,126.85,128.2,126.85,128.2,75
2026-09-22T15:29:00+05:30,128.2,132.35,128.15,131.75,80
2026-09-22T15:30:00+05:30,132.45,137.35,132.15,137.35,224
2026-09-22T15:31:00+05:30,137.35,137.5,134.5,134.7,164
2026-09-22T15:32:00+05:30,136.4,137.35,135.8,136.95,50
2026-09-22T15:33:00+05:30,137.3,137.4,127.95,129.1,84
2026-09-22T15:34:00+05:30,126.2,126.2,123.2,123.2,58
2026-09-22T15:35:00+05:30,123.2,123.55,115.9,116.0,183
2026-09-22T15:36:00+05:30,115.9,115.9,114.0,114.15,41
2026-09-22T15:37:00+05:30,113.95,113.95,107.05,108.05,111
2026-09-22T15:38:00+05:30,108.05,108.05,104.7,105.4,176
2026-09-22T15:39:00+05:30,105.3,109.25,101.15,108.6,499
2026-09-23T09:15:00+05:30,102.1,111.0,98.25,111.0,700
2026-09-23T09:16:00+05:30,110.85,110.85,99.65,101.65,910
2026-09-23T09:17:00+05:30,101.25,102.5,95.0,96.9,467
2026-09-23T09:18:00+05:30,96.55,97.4,91.15,94.55,399
2026-09-23T09:19:00+05:30,95.0,95.0,90.2,91.4,316
2026-09-23T09:20:00+05:30,91.0,92.25,86.55,91.4,241
2026-09-23T09:21:00+05:30,90.3,94.0,89.4,94.0,143
2026-09-23T09:22:00+05:30,93.8,94.6,89.75,92.6,82
2026-09-23T09:23:00+05:30,92.0,95.55,90.0,95.45,106
2026-09-23T09:24:00+05:30,96.15,97.8,94.6,97.8,85
2026-09-23T09:25:00+05:30,96.9,104.0,96.45,100.3,102
2026-09-23T09:26:00+05:30,98.7,102.65,96.85,101.35,114
2026-09-23T09:27:00+05:30,100.3,100.3,96.25,98.3,144
2026-09-23T09:28:00+05:30,98.0,98.5,94.9,95.9,172
2026-09-23T09:29:00+05:30,96.3,98.4,94.25,97.75,129
2026-09-23T09:30:00+05:30,97.3,97.3,89.3,89.6,375
2026-09-23T09:31:00+05:30,89.7,95.0,87.6,93.25,231
2026-09-23T09:32:00+05:30,92.85,92.85,88.0,88.75,60
2026-09-23T09:33:00+05:30,88.6,90.6,86.25,87.8,81
2026-09-23T09:34:00+05:30,88.3,89.7,86.05,86.85,114
2026-09-23T09:35:00+05:30,86.85,88.55,85.45,88.15,91
2026-09-23T09:36:00+05:30,87.45,92.45,86.8,90.25,121
2026-09-23T09:37:00+05:30,88.65,89.95,87.75,87.75,73
2026-09-23T09:38:00+05:30,87.85,88.65,85.65,86.65,47
2026-09-23T09:39:00+05:30,86.85,91.35,86.15,91.1,27
2026-09-23T09:40:00+05:30,89.55,89.55,86.55,87.0,49
2026-09-23T09:41:00+05:30,87.0,88.2,85.2,86.4,50
2026-09-23T09:42:00+05:30,86.25,86.25,83.15,84.2,216
2026-09-23T09:43:00+05:30,84.1,85.0,83.6,84.75,37
2026-09-23T09:44:00+05:30,84.65,86.0,81.4,82.7,71
2026-09-23T09:45:00+05:30,81.95,81.95,79.35,81.9,101
2026-09-23T09:46:00+05:30,81.65,82.0,79.25,81.6,123
2026-09-23T09:47:00+05:30,81.4,81.4,79.35,80.1,54
2026-09-23T09:48:00+05:30,79.85,84.1,78.9,83.85,118
2026-09-23T09:49:00+05:30,84.8,88.6,84.5,86.7,150
2026-09-23T09:50:00+05:30,85.7,88.85,85.2,87.9,251
2026-09-23T09:51:00+05:30,87.85,88.6,85.7,86.65,264
2026-09-23T09:52:00+05:30,87.1,87.9,84.9,85.9,39
2026-09-23T09:53:00+05:30,86.1,88.25,84.05,88.25,40
2026-09-23T09:54:00+05:30,88.25,93.75,88.25,90.9,399
2026-09-23T09:55:00+05:30,90.65,91.75,88.85,88.9,124
2026-09-23T09:56:00+05:30,88.8,88.8,85.0,85.25,83
2026-09-23T09:57:00+05:30,84.45,84.45,81.5,82.85,393
2026-09-23T09:58:00+05:30,83.8,84.4,80.45,80.7,434
2026-09-23T09:59:00+05:30,80.8,80.8,76.2,76.5,130
2026-09-23T10:00:00+05:30,77.2,78.1,71.7,74.85,320
2026-09-23T10:01:00+05:30,74.2,75.8,72.6,75.7,144
2026-09-23T10:02:00+05:30,75.35,76.0,73.8,75.45,99
2026-09-23T10:03:00+05:30,75.1,75.85,72.8,73.05,148
2026-09-23T10:04:00+05:30,73.7,74.2,72.2,73.0,48
2026-09-23T10:05:00+05:30,72.75,73.9,71.6,72.2,123
2026-09-23T10:06:00+05:30,72.15,73.65,71.0,73.65,80
2026-09-23T10:07:00+05:30,73.65,74.85,73.35,74.8,64
2026-09-23T10:08:00+05:30,75.05,76.05,73.7,74.1,79
2026-09-23T10:09:00+05:30,74.1,74.45,73.05,73.5,29
2026-09-23T10:10:00+05:30,74.0,75.95,72.9,75.7,80
2026-09-23T10:11:00+05:30,75.5,77.5,75.25,76.9,62
2026-09-23T10:12:00+05:30,77.0,77.0,73.9,74.9,118
2026-09-23T10:13:00+05:30,73.75,74.4,71.35,73.15,81
2026-09-23T10:14:00+05:30,72.65,72.95,72.05,72.35,25
2026-09-23T10:15:00+05:30,72.9,72.9,70.55,70.55,58
2026-09-23T10:16:00+05:30,70.0,71.3,69.0,71.25,89
2026-09-23T10:17:00+05:30,70.1,70.35,68.6,69.4,78
2026-09-23T10:18:00+05:30,69.1,69.5,66.6,68.85,104
2026-09-23T10:19:00+05:30,69.05,70.8,68.45,69.45,78
2026-09-23T10:20:00+05:30,69.25,70.1,68.25,69.2,32
2026-09-23T10:21:00+05:30,68.9,69.15,67.2,68.25,85
2026-09-23T10:22:00+05:30,67.9,69.5,67.2,69.5,21
2026-09-23T10:23:00+05:30,69.4,69.45,67.8,68.0,68
2026-09-23T10:24:00+05:30,69.15,70.6,69.05,69.9,48
2026-09-23T10:25:00+05:30,69.55,70.15,68.45,69.1,84
2026-09-23T10:26:00+05:30,68.55,69.0,68.0,68.4,57
2026-09-23T10:27:00+05:30,68.3,68.55,67.0,68.05,89
2026-09-23T10:28:00+05:30,67.55,67.55,65.2,66.5,165
2026-09-23T10:29:00+05:30,66.6,67.25,66.2,66.5,47
2026-09-23T10:30:00+05:30,66.55,68.55,65.55,68.4,101
2026-09-23T10:31:00+05:30,67.4,68.7,67.3,68.15,21
2026-09-23T10:32:00+05:30,67.8,69.1,67.2,67.85,47
2026-09-23T10:33:00+05:30,68.35,69.1,67.45,67.55,33
2026-09-23T10:34:00+05:30,67.25,67.65,66.75,67.65,104
2026-09-23T10:35:00+05:30,67.0,69.0,66.0,69.0,54
2026-09-23T10:36:00+05:30,68.8,69.05,66.55,67.25,112
2026-09-23T10:37:00+05:30,66.85,67.0,65.0,65.0,11
2026-09-23T10:38:00+05:30,64.35,65.0,63.55,63.55,47
2026-09-23T10:39:00+05:30,63.3,64.25,62.3,63.25,45
2026-09-23T10:40:00+05:30,64.1,64.85,61.75,63.6,818
2026-09-23T10:41:00+05:30,63.45,65.2,63.1,65.1,83
2026-09-23T10:42:00+05:30,64.7,65.15,63.2,64.8,92
2026-09-23T10:43:00+05:30,64.4,65.0,63.75,63.85,82
2026-09-23T10:44:00+05:30,63.6,63.6,62.65,62.8,41
2026-09-23T10:45:00+05:30,62.5,63.75,62.25,63.45,52
2026-09-23T10:46:00+05:30,63.25,64.3,62.5,64.0,78
2026-09-23T10:47:00+05:30,63.6,64.4,62.65,64.05,81
2026-09-23T10:48:00+05:30,64.3,65.05,64.0,64.55,82
2026-09-23T10:49:00+05:30,64.3,66.4,64.15,65.9,129
2026-09-23T10:50:00+05:30,65.75,65.75,64.0,64.0,41
2026-09-23T10:51:00+05:30,64.15,64.85,64.0,64.25,30
2026-09-23T10:52:00+05:30,64.4,64.55,62.65,63.0,109
2026-09-23T10:53:00+05:30,63.4,63.5,61.6,62.2,24
2026-09-23T10:54:00+05:30,62.1,63.9,61.05,63.65,65
2026-09-23T10:55:00+05:30,62.9,62.9,61.45,61.9,51
2026-09-23T10:56:00+05:30,61.45,63.0,61.15,62.75,43
2026-09-23T10:57:00+05:30,62.15,62.5,61.4,61.95,153
2026-09-23T10:58:00+05:30,61.8,61.9,61.0,61.4,75
2026-09-23T10:59:00+05:30,61.6,62.0,61.4,61.4,20
2026-09-23T11:00:00+05:30,61.4,62.5,61.4,61.8,136
2026-09-23T11:01:00+05:30,61.0,61.05,60.5,61.05,8
2026-09-23T11:02:00+05:30,60.5,61.05,60.3,61.0,25
2026-09-23T11:03:00+05:30,60.4,61.05,60.0,60.95,159
2026-09-23T11:04:00+05:30,61.25,62.05,60.65,61.9,115
2026-09-23T11:05:00+05:30,61.8,61.9,60.0,60.25,201
2026-09-23T11:06:00+05:30,60.0,60.0,59.0,59.25,154
2026-09-23T11:07:00+05:30,59.65,60.0,58.2,58.95,96
2026-09-23T11:08:00+05:30,59.0,60.0,59.0,59.8,162
2026-09-23T11:09:00+05:30,60.0,60.25,59.75,60.25,109
2026-09-23T11:10:00+05:30,59.75,59.75,59.0,59.45,21
2026-09-23T11:11:00+05:30,59.6,59.65,58.7,59.25,41
2026-09-23T11:12:00+05:30,59.4,59.5,58.7,59.5,20
2026-09-23T11:13:00+05:30,58.75,59.15,58.55,59.15,4
2026-09-23T11:14:00+05:30,59.4,59.4,58.7,58.95,6
2026-09-23T11:15:00+05:30,60.0,60.3,59.85,60.0,36
2026-09-23T11:16:00+05:30,61.0,62.0,60.1,61.8,39
2026-09-23T11:17:00+05:30,61.7,62.25,61.4,62.2,30
2026-09-23T11:18:00+05:30,62.35,63.35,61.8,62.85,30
2026-09-23T11:19:00+05:30,63.0,63.0,62.55,62.55,14
2026-09-23T11:20:00+05:30,63.4,63.4,62.3,63.05,32
2026-09-23T11:21:00+05:30,62.9,63.5,62.55,63.3,29
2026-09-23T11:22:00+05:30,63.0,63.0,62.0,62.55,27
2026-09-23T11:23:00+05:30,62.65,62.8,62.1,62.7,26
2026-09-23T11:24:00+05:30,62.6,62.6,62.15,62.4,13
2026-09-23T11:25:00+05:30,63.1,63.1,61.85,61.9,15
2026-09-23T11:26:00+05:30,61.0,61.8,60.6,61.65,97
2026-09-23T11:27:00+05:30,61.85,63.2,61.6,63.2,37
2026-09-23T11:28:00+05:30,62.75,63.3,62.6,63.05,34
2026-09-23T11:29:00+05:30,63.4,63.45,63.1,63.1,18
2026-09-23T11:30:00+05:30,63.55,63.8,61.85,63.0,60
2026-09-23T11:31:00+05:30,63.3,64.0,62.45,63.8,70
2026-09-23T11:32:00+05:30,63.05,63.35,61.5,61.85,106
2026-09-23T11:33:00+05:30,62.3,62.35,61.0,61.15,11
2026-09-23T11:34:00+05:30,61.25,62.4,61.25,62.4,7
2026-09-23T11:35:00+05:30,62.6,63.3,62.6,63.0,37
2026-09-23T11:36:00+05:30,62.95,63.3,62.45,62.45,12
2026-09-23T11:37:00+05:30,63.15,63.2,62.4,62.4,9
2026-09-23T11:39:00+05:30,63.05,63.45,63.05,63.1,7
2026-09-23T11:40:00+05:30,62.25,62.45,62.1,62.25,7
2026-09-23T11:41:00+05:30,62.0,62.0,61.0,61.3,26
2026-09-23T11:42:00+05:30,61.1,61.3,60.4,60.6,18
2026-09-23T11:43:00+05:30,60.15,60.3,59.45,59.9,44
2026-09-23T11:44:00+05:30,60.15,60.5,59.45,59.45,56
2026-09-23T11:45:00+05:30,59.95,61.0,59.95,61.0,7
2026-09-23T11:46:00+05:30,61.3,61.3,60.3,60.3,33
2026-09-23T11:47:00+05:30,60.75,61.4,60.75,61.4,5
2026-09-23T11:48:00+05:30,60.25,61.8,60.15,61.8,27
2026-09-23T11:49:00+05:30,61.8,63.0,61.75,63.0,31
2026-09-23T11:50:00+05:30,63.6,64.5,63.6,64.4,17
2026-09-23T11:51:00+05:30,64.75,65.0,63.9,64.9,38
2026-09-23T11:52:00+05:30,64.95,64.95,64.0,64.0,47
2026-09-23T11:53:00+05:30,63.7,63.7,63.1,63.15,6
2026-09-23T11:54:00+05:30,63.0,63.35,62.8,63.35,32
2026-09-23T11:55:00+05:30,63.3,64.0,63.1,64.0,47
2026-09-23T11:56:00+05:30,64.0,64.75,64.0,64.7,49
2026-09-23T11:57:00+05:30,64.65,65.6,64.6,65.6,21
2026-09-23T11:58:00+05:30,65.5,65.75,64.8,64.8,28
2026-09-23T11:59:00+05:30,64.35,64.8,63.65,64.55,38
2026-09-23T12:00:00+05:30,64.65,64.75,64.2,64.25,27
2026-09-23T12:01:00+05:30,64.1,64.1,60.8,60.95,48
2026-09-23T12:02:00+05:30,61.0,62.0,60.0,60.55,96
2026-09-23T12:03:00+05:30,60.4,61.05,59.9,60.4,20
2026-09-23T12:04:00+05:30,60.4,61.0,59.8,60.1,74
2026-09-23T12:05:00+05:30,60.1,61.2,58.75,60.7,58
2026-09-23T12:06:00+05:30,59.95,60.5,58.35,59.25,82
2026-09-23T12:07:00+05:30,59.3,60.7,59.3,60.7,47
2026-09-23T12:08:00+05:30,60.25,61.9,60.25,61.3,38
2026-09-23T12:09:00+05:30,61.25,61.6,61.05,61.6,40
2026-09-23T12:10:00+05:30,60.95,61.25,60.25,61.15,44
2026-09-23T12:11:00+05:30,61.0,61.15,60.5,60.55,6
2026-09-23T12:12:00+05:30,60.85,60.9,60.35,60.35,11
2026-09-23T12:13:00+05:30,59.9,61.15,59.5,61.15,13
2026-09-23T12:14:00+05:30,60.6,60.6,60.6,60.6,16
2026-09-23T12:15:00+05:30,60.6,61.6,60.6,61.6,9
2026-09-23T12:16:00+05:30,61.75,62.25,61.0,61.4,153
2026-09-23T12:17:00+05:30,61.4,61.6,61.1,61.6,136
2026-09-23T12:18:00+05:30,60.65,61.05,60.65,60.8,7
2026-09-23T12:19:00+05:30,60.7,60.7,60.15,60.35,17
2026-09-23T12:20:00+05:30,60.45,61.3,60.45,60.9,19
2026-09-23T12:21:00+05:30,60.75,61.25,60.75,61.25,8
2026-09-23T12:22:00+05:30,61.4,61.8,61.15,61.5,148
2026-09-23T12:23:00+05:30,61.3,61.65,61.1,61.6,466
2026-09-23T12:24:00+05:30,61.7,62.15,61.0,61.7,625
2026-09-23T12:25:00+05:30,61.65,63.2,61.65,62.95,299
2026-09-23T12:26:00+05:30,62.8,63.05,61.45,62.05,310
2026-09-23T12:27:00+05:30,62.4,62.4,61.65,61.85,29
2026-09-23T12:28:00+05:30,61.6,62.0,61.35,61.7,31
2026-09-23T12:29:00+05:30,61.45,62.2,61.35,62.0,16
2026-09-23T12:30:00+05:30,61.6,62.5,61.4,62.3,40
2026-09-23T12:31:00+05:30,62.5,62.5,62.0,62.0,5
2026-09-23T12:32:00+05:30,61.85,61.85,60.9,61.1,72
2026-09-23T12:33:00+05:30,60.6,60.85,59.7,59.7,36
2026-09-23T12:34:00+05:30,59.55,61.05,58.5,60.3,40
2026-09-23T12:35:00+05:30,60.05,60.5,59.8,60.5,7
2026-09-23T12:36:00+05:30,60.3,61.1,60.3,61.0,18
2026-09-23T12:37:00+05:30,61.45,61.45,61.45,61.45,2
2026-09-23T12:38:00+05:30,61.3,61.3,61.05,61.1,10
2026-09-23T12:39:00+05:30,60.75,61.05,60.75,61.05,5
2026-09-23T12:40:00+05:30,60.85,60.85,60.85,60.85,2
2026-09-23T12:41:00+05:30,60.35,60.55,59.9,59.9,24
2026-09-23T12:43:00+05:30,60.35,60.95,59.9,60.95,21
2026-09-23T12:45:00+05:30,61.4,62.2,61.35,61.35,73
2026-09-23T12:46:00+05:30,61.8,62.15,61.8,62.15,8
2026-09-23T12:47:00+05:30,62.45,63.9,62.45,63.9,64
2026-09-23T12:48:00+05:30,63.85,64.15,63.15,63.3,108
2026-09-23T12:49:00+05:30,62.9,63.25,62.0,62.1,69
2026-09-23T12:50:00+05:30,62.25,62.45,62.05,62.4,18
2026-09-23T12:51:00+05:30,61.6,61.65,61.35,61.65,13
2026-09-23T12:52:00+05:30,62.4,64.7,62.35,64.65,18
2026-09-23T12:53:00+05:30,63.15,65.4,63.15,64.9,27
2026-09-23T12:54:00+05:30,65.05,66.2,64.65,66.15,38
2026-09-23T12:55:00+05:30,65.2,65.2,64.1,64.55,86
2026-09-23T12:56:00+05:30,64.45,64.85,62.4,63.1,77
2026-09-23T12:57:00+05:30,63.25,63.25,61.65,61.65,41
2026-09-23T12:58:00+05:30,61.35,61.6,61.0,61.6,15
2026-09-23T12:59:00+05:30,61.6,61.6,61.6,61.6,1
2026-09-23T13:00:00+05:30,61.55,62.15,60.85,60.95,46
2026-09-23T13:01:00+05:30,60.95,61.25,59.75,61.1,99
2026-09-23T13:02:00+05:30,60.55,60.9,58.55,58.55,48
2026-09-23T13:03:00+05:30,58.65,59.45,57.95,58.15,30
2026-09-23T13:04:00+05:30,58.6,59.45,58.4,58.9,7
2026-09-23T13:05:00+05:30,58.6,59.75,58.0,59.75,50
2026-09-23T13:06:00+05:30,59.75,59.8,58.3,59.25,36
2026-09-23T13:07:00+05:30,59.0,59.0,56.1,56.8,91
2026-09-23T13:08:00+05:30,56.6,57.4,56.55,57.4,34
2026-09-23T13:09:00+05:30,57.7,58.6,57.65,58.3,65
2026-09-23T13:10:00+05:30,58.05,58.5,58.05,58.1,20
2026-09-23T13:11:00+05:30,58.85,60.0,58.85,59.55,25
2026-09-23T13:12:00+05:30,59.3,59.45,59.3,59.35,9
2026-09-23T13:13:00+05:30,59.15,59.3,59.15,59.3,10
2026-09-23T13:14:00+05:30,59.5,59.6,59.25,59.25,8
2026-09-23T13:15:00+05:30,59.35,59.35,58.85,58.85,17
2026-09-23T13:16:00+05:30,58.4,58.4,58.4,58.4,1
2026-09-23T13:17:00+05:30,58.25,59.9,58.25,59.9,15
2026-09-23T13:18:00+05:30,59.85,60.25,59.8,59.95,7
2026-09-23T13:19:00+05:30,59.3,59.35,59.05,59.05,6
2026-09-23T13:20:00+05:30,59.95,60.2,59.55,59.95,29
2026-09-23T13:21:00+05:30,60.05,60.5,59.25,60.25,29
2026-09-23T13:22:00+05:30,59.95,60.5,59.7,60.5,37
2026-09-23T13:23:00+05:30,59.85,60.2,59.75,60.15,21
2026-09-23T13:24:00+05:30,59.9,60.45,59.5,60.1,22
2026-09-23T13:25:00+05:30,60.1,60.1,59.55,59.75,13
2026-09-23T13:26:00+05:30,60.0,60.5,59.9,60.5,5
2026-09-23T13:28:00+05:30,60.95,60.95,60.65,60.65,2
2026-09-23T13:29:00+05:30,60.55,61.65,60.55,61.65,11
2026-09-23T13:30:00+05:30,61.15,62.05,61.15,61.7,13
2026-09-23T13:31:00+05:30,61.5,62.2,60.55,61.85,89
2026-09-23T13:32:00+05:30,62.6,63.0,61.4,63.0,12
2026-09-23T13:33:00+05:30,62.7,63.75,62.15,63.7,48
2026-09-23T13:34:00+05:30,63.6,64.0,62.65,63.95,60
2026-09-23T13:35:00+05:30,64.1,65.05,63.3,64.85,33
2026-09-23T13:36:00+05:30,64.65,64.65,63.7,63.7,25
2026-09-23T13:37:00+05:30,63.0,63.2,62.05,62.05,21
2026-09-23T13:38:00+05:30,62.95,63.0,62.0,62.2,11
2026-09-23T13:39:00+05:30,61.7,62.55,61.7,62.2,20
2026-09-23T13:40:00+05:30,62.0,62.15,61.5,61.5,28
2026-09-23T13:41:00+05:30,62.15,63.4,61.05,61.25,459
2026-09-23T13:42:00+05:30,61.3,62.0,61.0,61.2,65
2026-09-23T13:43:00+05:30,60.3,60.6,59.9,59.9,52
2026-09-23T13:44:00+05:30,60.75,60.75,59.0,59.25,19
2026-09-23T13:45:00+05:30,59.0,59.2,57.9,58.6,32
2026-09-23T13:46:00+05:30,58.05,58.6,58.0,58.15,35
2026-09-23T13:47:00+05:30,58.0,60.0,58.0,59.9,20
2026-09-23T13:48:00+05:30,58.45,58.85,58.0,58.0,92
2026-09-23T13:49:00+05:30,58.15,58.15,57.9,58.0,16
2026-09-23T13:50:00+05:30,58.45,59.1,58.3,58.85,21
2026-09-23T13:51:00+05:30,58.7,59.4,58.3,59.4,104
2026-09-23T13:52:00+05:30,59.6,59.8,59.5,59.5,6
2026-09-23T13:53:00+05:30,59.35,59.4,59.3,59.4,7
2026-09-23T13:54:00+05:30,58.35,58.35,58.05,58.05,4
2026-09-23T13:55:00+05:30,57.9,58.7,57.9,58.7,26
2026-09-23T13:56:00+05:30,58.45,58.8,58.45,58.8,3
2026-09-23T13:57:00+05:30,59.4,59.5,59.4,59.5,2
2026-09-23T13:58:00+05:30,59.5,59.5,59.25,59.25,2
2026-09-23T13:59:00+05:30,59.6,59.75,59.25,59.45,6
2026-09-23T14:00:00+05:30,59.2,59.35,58.95,58.95,11
2026-09-23T14:01:00+05:30,59.35,59.55,59.1,59.1,12
2026-09-23T14:02:00+05:30,58.35,58.65,57.75,58.15,98
2026-09-23T14:03:00+05:30,57.95,58.45,56.55,56.9,28
2026-09-23T14:04:00+05:30,56.3,57.2,56.0,56.95,28
2026-09-23T14:05:00+05:30,56.5,57.35,56.5,57.25,82
2026-09-23T14:06:00+05:30,56.65,56.65,56.0,56.6,7
2026-09-23T14:07:00+05:30,56.75,56.9,55.15,56.15,16
2026-09-23T14:08:00+05:30,55.95,55.95,55.2,55.2,2
2026-09-23T14:09:00+05:30,55.0,55.5,54.05,54.65,71
2026-09-23T14:10:00+05:30,54.3,54.4,53.6,54.1,40
2026-09-23T14:11:00+05:30,53.6,54.2,53.2,53.7,56
2026-09-23T14:12:00+05:30,53.0,53.8,52.65,53.25,110
2026-09-23T14:13:00+05:30,53.4,53.4,52.4,53.2,14
2026-09-23T14:14:00+05:30,53.2,54.4,52.85,52.9,34
2026-09-23T14:15:00+05:30,52.75,53.55,52.5,53.55,27
2026-09-23T14:16:00+05:30,53.4,53.5,53.15,53.5,36
2026-09-23T14:17:00+05:30,53.35,54.4,53.3,53.8,53
2026-09-23T14:18:00+05:30,53.4,53.85,52.45,52.6,147
2026-09-23T14:19:00+05:30,52.15,53.75,51.9,53.15,128
2026-09-23T14:20:00+05:30,53.15,54.0,53.15,54.0,24
2026-09-23T14:21:00+05:30,54.0,54.0,52.8,53.3,65
2026-09-23T14:22:00+05:30,53.2,54.0,53.0,53.3,57
2026-09-23T14:23:00+05:30,53.3,53.3,52.25,52.45,14
2026-09-23T14:24:00+05:30,52.4,53.45,52.4,53.25,44
2026-09-23T14:25:00+05:30,53.0,53.9,53.0,53.3,12
2026-09-23T14:26:00+05:30,53.7,53.7,53.0,53.45,6
2026-09-23T14:27:00+05:30,52.65,52.65,52.45,52.45,12
2026-09-23T14:28:00+05:30,53.05,53.1,51.75,52.2,32
2026-09-23T14:29:00+05:30,52.3,52.7,51.5,52.0,33
2026-09-23T14:30:00+05:30,51.8,52.0,51.15,51.15,19
2026-09-23T14:31:00+05:30,51.25,52.7,51.25,52.15,27
2026-09-23T14:32:00+05:30,52.3,52.3,51.95,52.2,7
2026-09-23T14:33:00+05:30,52.1,53.3,52.1,53.05,20
2026-09-23T14:34:00+05:30,53.35,53.35,52.75,53.25,13
2026-09-23T14:35:00+05:30,53.5,54.8,53.5,54.75,33
2026-09-23T14:36:00+05:30,54.75,55.0,54.35,54.75,64
2026-09-23T14:37:00+05:30,54.5,55.2,54.25,54.35,21
2026-09-23T14:38:00+05:30,54.6,54.8,54.6,54.75,16
2026-09-23T14:39:00+05:30,54.75,55.25,54.75,55.1,9
2026-09-23T14:40:00+05:30,54.7,56.25,54.7,55.85,49
2026-09-23T14:41:00+05:30,56.25,56.45,56.25,56.45,6
2026-09-23T14:42:00+05:30,56.75,57.25,55.4,55.95,15
2026-09-23T14:43:00+05:30,57.25,57.25,55.9,56.3,17
2026-09-23T14:44:00+05:30,56.2,56.45,55.95,55.95,19
2026-09-23T14:45:00+05:30,56.4,57.0,55.3,55.55,81
2026-09-23T14:46:00+05:30,56.05,57.0,54.9,54.9,47
2026-09-23T14:47:00+05:30,56.05,57.25,56.05,57.15,137
2026-09-23T14:48:00+05:30,57.65,57.75,56.2,56.5,57
2026-09-23T14:49:00+05:30,56.35,57.1,56.25,56.85,23
2026-09-23T14:50:00+05:30,57.0,58.05,57.0,57.45,12
2026-09-23T14:51:00+05:30,56.9,57.65,56.55,56.95,24
2026-09-23T14:52:00+05:30,56.5,58.15,55.8,58.15,211
2026-09-23T14:53:00+05:30,57.4,57.7,57.1,57.1,10
2026-09-23T14:54:00+05:30,57.3,57.35,56.65,57.15,26
2026-09-23T14:55:00+05:30,56.45,56.45,55.0,55.2,49
2026-09-23T14:56:00+05:30,55.85,56.45,55.65,55.65,38
2026-09-23T14:57:00+05:30,56.5,57.4,56.5,57.2,31
2026-09-23T14:58:00+05:30,57.05,58.2,56.7,58.2,34
2026-09-23T14:59:00+05:30,58.4,58.65,55.9,57.45,87
2026-09-23T15:00:00+05:30,58.65,58.65,57.5,58.2,23
2026-09-23T15:01:00+05:30,58.0,58.55,57.35,58.55,33
2026-09-23T15:02:00+05:30,59.25,60.0,58.65,59.8,70
2026-09-23T15:03:00+05:30,60.0,61.1,59.75,60.75,167
2026-09-23T15:04:00+05:30,60.7,61.0,58.45,58.45,73
2026-09-23T15:05:00+05:30,58.7,59.25,57.4,57.45,53
2026-09-23T15:06:00+05:30,58.05,58.05,55.65,55.65,69
2026-09-23T15:07:00+05:30,56.2,57.6,55.95,56.95,55
2026-09-23T15:08:00+05:30,56.9,57.25,56.6,57.25,25
2026-09-23T15:09:00+05:30,57.1,57.6,56.6,57.6,85
2026-09-23T15:10:00+05:30,57.9,58.8,57.5,58.65,63
2026-09-23T15:11:00+05:30,58.4,58.4,55.35,55.7,68
2026-09-23T15:12:00+05:30,55.45,56.4,54.6,54.8,61
2026-09-23T15:13:00+05:30,54.7,55.35,53.45,54.5,33
2026-09-23T15:14:00+05:30,54.35,54.45,51.6,52.65,106
2026-09-23T15:15:00+05:30,52.5,53.15,50.6,50.6,45
2026-09-23T15:16:00+05:30,50.6,52.4,50.5,52.05,60
2026-09-23T15:17:00+05:30,52.0,52.85,51.9,52.3,45
2026-09-23T15:18:00+05:30,54.0,54.45,53.7,53.7,40
2026-09-23T15:19:00+05:30,53.7,53.9,51.85,52.3,86
2026-09-23T15:20:00+05:30,52.8,54.1,51.8,52.95,55
2026-09-23T15:21:00+05:30,53.05,53.3,52.65,53.3,28
2026-09-23T15:22:00+05:30,53.5,53.5,52.45,52.7,53
2026-09-23T15:23:00+05:30,52.4,53.0,52.4,53.0,48
2026-09-23T15:24:00+05:30,52.95,52.95,51.3,51.3,31
2026-09-23T15:25:00+05:30,51.7,51.9,51.25,51.45,43
2026-09-23T15:26:00+05:30,51.75,52.1,50.8,51.15,107
2026-09-23T15:27:00+05:30,51.35,51.8,51.2,51.55,146
2026-09-23T15:28:00+05:30,51.6,51.6,50.75,51.0,71
2026-09-23T15:29:00+05:30,51.1,51.45,49.9,50.2,175
2026-09-23T15:30:00+05:30,49.9,50.25,48.85,48.85,81
2026-09-23T15:31:00+05:30,48.95,49.35,48.65,49.3,81
2026-09-23T15:32:00+05:30,49.15,50.95,48.9,50.4,307
2026-09-23T15:33:00+05:30,50.4,50.8,50.3,50.7,36
2026-09-23T15:34:00+05:30,50.95,51.75,50.9,51.05,30
2026-09-23T15:35:00+05:30,50.95,51.35,50.95,51.35,30
2026-09-23T15:36:00+05:30,50.9,51.55,50.65,51.1,38
2026-09-23T15:37:00+05:30,51.0,51.0,50.2,50.3,83
2026-09-23T15:38:00+05:30,50.65,51.0,49.5,49.5,58
2026-09-23T15:39:00+05:30,49.35,49.35,47.65,47.65,85
2026-09-24T09:15:00+05:30,279.95,280.0,140.4,163.0,6694
2026-09-24T09:16:00+05:30,164.1,189.9,163.2,178.6,2731
2026-09-24T09:17:00+05:30,179.2,224.8,177.6,221.4,3875
2026-09-24T09:18:00+05:30,222.5,233.8,215.8,224.3,2201
2026-09-24T09:19:00+05:30,224.7,254.6,211.7,247.2,3101
2026-09-24T09:20:00+05:30,248.25,251.85,237.05,243.95,2705
2026-09-24T09:21:00+05:30,243.3,261.5,238.45,254.05,1439
2026-09-24T09:22:00+05:30,251.5,259.95,226.9,227.4,1274
2026-09-24T09:23:00+05:30,229.6,231.05,214.8,220.1,1679
2026-09-24T09:24:00+05:30,220.45,226.55,214.0,225.2,974
2026-09-24T09:25:00+05:30,226.0,246.85,223.1,241.9,1854
2026-09-24T09:26:00+05:30,243.0,248.6,233.0,244.8,1374
2026-09-24T09:27:00+05:30,245.75,259.0,245.1,253.35,1494
2026-09-24T09:28:00+05:30,252.8,256.6,243.75,249.65,809
2026-09-24T09:29:00+05:30,250.1,257.65,247.35,253.15,756
2026-09-24T09:30:00+05:30,253.55,274.9,252.1,272.1,1881
2026-09-24T09:31:00+05:30,271.5,281.95,265.3,277.35,1754
2026-09-24T09:32:00+05:30,276.0,279.55,266.45,275.2,1271
2026-09-24T09:33:00+05:30,274.65,283.9,273.2,276.75,973
2026-09-24T09:34:00+05:30,276.05,278.8,272.4,274.05,740
2026-09-24T09:35:00+05:30,273.25,277.0,264.4,275.1,1000
2026-09-24T09:36:00+05:30,275.0,278.0,270.05,271.45,747
2026-09-24T09:37:00+05:30,272.55,284.55,271.35,282.8,970
2026-09-24T09:38:00+05:30,283.7,313.95,281.8,311.55,2578
2026-09-24T09:39:00+05:30,311.8,329.0,303.1,323.0,2243
2026-09-24T09:40:00+05:30,324.25,329.0,309.0,310.05,2012
2026-09-24T09:41:00+05:30,309.6,327.6,309.0,321.8,1133
2026-09-24T09:42:00+05:30,322.9,333.0,320.1,324.5,1391
2026-09-24T09:43:00+05:30,324.45,355.5,323.05,348.0,1518
2026-09-24T09:44:00+05:30,346.85,364.15,344.05,356.65,1381
2026-09-24T09:45:00+05:30,356.55,378.05,342.15,344.35,2004
2026-09-24T09:46:00+05:30,343.9,355.6,334.95,351.25,850
2026-09-24T09:47:00+05:30,351.5,358.8,347.05,357.0,554
2026-09-24T09:48:00+05:30,358.45,359.25,345.05,348.75,425
2026-09-24T09:49:00+05:30,349.1,349.15,331.05,333.85,583
2026-09-24T09:50:00+05:30,334.85,345.35,328.4,328.85,711
2026-09-24T09:51:00+05:30,328.4,343.0,325.0,343.0,308
2026-09-24T09:52:00+05:30,342.2,347.7,334.55,346.5,433
2026-09-24T09:53:00+05:30,345.25,351.8,343.15,350.05,404
2026-09-24T09:54:00+05:30,350.95,352.0,345.9,349.4,270
2026-09-24T09:55:00+05:30,350.3,358.95,347.15,347.5,454
2026-09-24T09:56:00+05:30,348.65,353.05,345.0,350.55,218
2026-09-24T09:57:00+05:30,350.95,353.05,346.8,347.8,248
2026-09-24T09:58:00+05:30,349.35,350.05,336.1,342.45,419
2026-09-24T09:59:00+05:30,341.35,347.6,336.65,340.1,152
2026-09-24T10:00:00+05:30,339.9,345.0,326.8,326.8,352
2026-09-24T10:01:00+05:30,325.85,329.4,320.9,326.15,594
2026-09-24T10:02:00+05:30,325.0,330.85,314.15,315.6,641
2026-09-24T10:03:00+05:30,316.1,317.45,303.45,303.6,422
2026-09-24T10:04:00+05:30,303.65,310.0,294.0,310.0,627
2026-09-24T10:05:00+05:30,310.0,322.3,309.15,313.6,651
2026-09-24T10:06:00+05:30,313.8,324.4,312.9,319.8,423
2026-09-24T10:07:00+05:30,319.35,319.65,307.85,307.85,743
2026-09-24T10:08:00+05:30,307.3,308.85,292.1,292.1,483
2026-09-24T10:09:00+05:30,293.25,294.65,283.0,288.9,672
2026-09-24T10:10:00+05:30,289.55,303.45,288.15,301.05,586
2026-09-24T10:11:00+05:30,301.35,314.7,300.5,305.75,628
2026-09-24T10:12:00+05:30,308.55,318.0,307.0,318.0,383
2026-09-24T10:13:00+05:30,317.95,327.6,310.2,327.6,499
2026-09-24T10:14:00+05:30,328.0,333.8,324.5,327.75,946
2026-09-24T10:15:00+05:30,328.2,329.55,318.3,321.75,634
2026-09-24T10:16:00+05:30,320.0,325.5,318.4,323.2,354
2026-09-24T10:17:00+05:30,324.0,330.0,323.6,326.25,506
2026-09-24T10:18:00+05:30,325.7,331.35,322.05,329.7,375
2026-09-24T10:19:00+05:30,330.3,335.5,312.45,315.4,481
2026-09-24T10:20:00+05:30,315.0,327.75,314.5,324.0,301
2026-09-24T10:21:00+05:30,324.1,335.95,324.1,334.6,287
2026-09-24T10:22:00+05:30,334.65,342.5,333.0,341.7,413
2026-09-24T10:23:00+05:30,342.65,343.05,332.3,336.5,271
2026-09-24T10:24:00+05:30,336.5,339.7,332.35,335.8,202
2026-09-24T10:25:00+05:30,337.45,348.3,337.45,342.2,320
2026-09-24T10:26:00+05:30,342.5,346.3,326.45,332.85,339
2026-09-24T10:27:00+05:30,330.4,334.15,326.0,331.95,249
2026-09-24T10:28:00+05:30,332.25,343.9,329.45,341.6,389
2026-09-24T10:29:00+05:30,341.4,342.0,333.2,336.45,159
2026-09-24T10:30:00+05:30,335.75,340.6,332.45,332.45,167
2026-09-24T10:31:00+05:30,332.45,332.9,321.5,322.75,282
2026-09-24T10:32:00+05:30,322.75,322.75,315.8,317.8,279
2026-09-24T10:33:00+05:30,318.45,322.0,304.3,305.55,566
2026-09-24T10:34:00+05:30,305.65,315.0,305.0,307.8,335
2026-09-24T10:35:00+05:30,308.75,316.6,306.15,314.95,207
2026-09-24T10:36:00+05:30,315.5,316.6,295.65,303.15,600
2026-09-24T10:37:00+05:30,304.2,312.0,300.65,311.4,208
2026-09-24T10:38:00+05:30,310.5,311.55,297.05,310.65,273
2026-09-24T10:39:00+05:30,310.75,312.1,303.75,309.8,222
2026-09-24T10:40:00+05:30,310.3,324.0,310.3,321.15,361
2026-09-24T10:41:00+05:30,321.1,322.6,314.55,317.8,418
2026-09-24T10:42:00+05:30,318.85,323.1,312.05,316.15,208
2026-09-24T10:43:00+05:30,316.15,327.55,315.2,323.6,148
2026-09-24T10:44:00+05:30,325.6,325.7,318.05,318.3,143
2026-09-24T10:45:00+05:30,318.45,318.45,310.15,311.95,190
2026-09-24T10:46:00+05:30,311.25,314.45,308.5,313.35,260
2026-09-24T10:47:00+05:30,315.0,316.55,309.45,310.2,187
2026-09-24T10:48:00+05:30,310.2,321.6,310.2,319.95,102
2026-09-24T10:49:00+05:30,320.55,322.55,314.1,314.1,121
2026-09-24T10:50:00+05:30,314.4,320.4,313.8,314.85,112
2026-09-24T10:51:00+05:30,315.9,315.9,295.25,307.35,684
2026-09-24T10:52:00+05:30,307.6,309.45,292.9,296.6,540
2026-09-24T10:53:00+05:30,295.15,297.85,285.5,297.4,506
2026-09-24T10:54:00+05:30,295.8,297.1,288.95,290.05,334
2026-09-24T10:55:00+05:30,289.95,290.6,277.25,281.4,614
2026-09-24T10:56:00+05:30,280.95,292.1,280.95,291.0,270
2026-09-24T10:57:00+05:30,290.75,293.2,286.25,291.0,228
2026-09-24T10:58:00+05:30,290.7,300.9,288.4,294.0,409
2026-09-24T10:59:00+05:30,294.2,296.9,286.75,287.45,200
2026-09-24T11:00:00+05:30,287.15,292.8,285.6,288.75,249
2026-09-24T11:01:00+05:30,288.75,290.0,275.2,288.4,520
2026-09-24T11:02:00+05:30,289.2,289.2,277.5,279.3,298
2026-09-24T11:03:00+05:30,281.4,286.9,280.15,286.9,258
2026-09-24T11:04:00+05:30,287.2,289.45,281.4,285.8,275
2026-09-24T11:05:00+05:30,286.7,297.2,285.75,297.2,382
2026-09-24T11:06:00+05:30,296.45,303.9,294.3,301.2,403
2026-09-24T11:07:00+05:30,300.95,301.75,290.4,292.8,227
2026-09-24T11:08:00+05:30,292.8,303.0,292.65,300.7,140
2026-09-24T11:09:00+05:30,302.0,309.0,301.0,306.4,368
2026-09-24T11:10:00+05:30,306.7,310.0,303.55,304.1,206
2026-09-24T11:11:00+05:30,303.7,310.3,297.0,308.5,247
2026-09-24T11:12:00+05:30,309.65,310.9,303.35,308.35,182
2026-09-24T11:13:00+05:30,308.65,328.95,306.0,316.1,572
2026-09-24T11:14:00+05:30,316.7,320.0,311.5,314.65,274
2026-09-24T11:15:00+05:30,315.0,317.4,301.5,302.6,333
2026-09-24T11:16:00+05:30,301.35,303.65,299.3,300.1,204
2026-09-24T11:17:00+05:30,299.3,300.4,289.3,293.3,528
2026-09-24T11:18:00+05:30,290.5,291.75,278.0,283.95,603
2026-09-24T11:19:00+05:30,284.2,286.55,273.05,276.75,825
2026-09-24T11:20:00+05:30,275.8,286.65,274.4,284.95,588
2026-09-24T11:21:00+05:30,283.45,289.45,282.7,283.3,331
2026-09-24T11:22:00+05:30,283.8,294.0,282.85,289.15,411
2026-09-24T11:23:00+05:30,288.3,297.65,288.2,296.0,226
2026-09-24T11:24:00+05:30,295.45,304.2,293.6,303.1,231
2026-09-24T11:25:00+05:30,304.2,311.0,298.2,309.9,540
2026-09-24T11:26:00+05:30,312.0,316.85,306.0,307.0,352
2026-09-24T11:27:00+05:30,308.9,308.9,301.95,304.55,160
2026-09-24T11:28:00+05:30,304.05,307.65,299.0,304.95,260
2026-09-24T11:29:00+05:30,304.15,308.7,302.05,308.35,167
2026-09-24T11:30:00+05:30,308.1,309.7,306.5,308.9,104
2026-09-24T11:31:00+05:30,308.75,314.7,305.45,313.75,77
2026-09-24T11:32:00+05:30,312.05,326.55,311.0,323.95,563
2026-09-24T11:33:00+05:30,323.1,327.45,310.5,311.9,434
2026-09-24T11:34:00+05:30,312.1,322.35,308.0,320.6,253
2026-09-24T11:35:00+05:30,321.9,321.9,313.7,314.65,129
2026-09-24T11:36:00+05:30,315.45,315.45,303.3,304.3,278
2026-09-24T11:37:00+05:30,303.5,308.2,296.85,299.6,234
2026-09-24T11:38:00+05:30,299.65,301.6,295.0,301.6,178
2026-09-24T11:39:00+05:30,301.65,304.2,291.4,293.1,302
2026-09-24T11:40:00+05:30,294.2,299.75,292.3,296.1,147
2026-09-24T11:41:00+05:30,294.85,302.2,291.7,302.2,188
2026-09-24T11:42:00+05:30,301.35,303.0,296.9,301.0,161
2026-09-24T11:43:00+05:30,300.65,304.15,297.45,300.15,86
2026-09-24T11:44:00+05:30,302.15,306.4,301.8,304.8,162
2026-09-24T11:45:00+05:30,304.65,306.3,297.45,298.65,186
2026-09-24T11:46:00+05:30,298.55,300.1,293.2,300.0,157
2026-09-24T11:47:00+05:30,299.0,304.05,296.75,303.1,162
2026-09-24T11:48:00+05:30,303.35,308.0,298.2,298.2,227
2026-09-24T11:49:00+05:30,300.2,306.0,297.45,305.6,123
2026-09-24T11:50:00+05:30,305.6,307.3,299.7,305.95,121
2026-09-24T11:51:00+05:30,305.0,309.0,302.05,306.7,169
2026-09-24T11:52:00+05:30,306.0,308.4,302.1,305.35,394
2026-09-24T11:53:00+05:30,304.2,307.65,300.7,306.05,124
2026-09-24T11:54:00+05:30,305.15,306.85,302.05,304.25,76
2026-09-24T11:55:00+05:30,303.45,312.85,303.45,310.0,238
2026-09-24T11:56:00+05:30,310.65,317.35,310.65,315.35,362
2026-09-24T11:57:00+05:30,316.25,321.85,311.3,318.0,421
2026-09-24T11:58:00+05:30,317.2,317.5,306.95,310.0,152
2026-09-24T11:59:00+05:30,309.35,311.1,306.45,307.55,73
2026-09-24T12:00:00+05:30,308.2,314.0,304.3,305.0,198
2026-09-24T12:01:00+05:30,304.95,306.2,293.7,295.2,320
2026-09-24T12:02:00+05:30,294.95,297.0,285.1,294.6,610
2026-09-24T12:03:00+05:30,295.45,301.0,293.75,300.85,281
2026-09-24T12:04:00+05:30,299.9,302.4,297.95,300.7,123
2026-09-24T12:05:00+05:30,301.25,302.5,298.0,300.1,166
2026-09-24T12:06:00+05:30,299.55,300.9,295.45,299.1,141
2026-09-24T12:07:00+05:30,299.6,300.4,294.7,297.2,96
2026-09-24T12:08:00+05:30,297.4,306.45,297.4,301.75,128
2026-09-24T12:09:00+05:30,303.2,303.2,298.2,300.75,120
2026-09-24T12:10:00+05:30,299.9,303.4,296.5,296.75,98
2026-09-24T12:11:00+05:30,296.85,297.75,292.95,295.75,198
2026-09-24T12:12:00+05:30,296.0,300.55,294.05,300.05,75
2026-09-24T12:13:00+05:30,301.0,304.55,293.3,300.6,369
2026-09-24T12:14:00+05:30,303.35,310.4,300.6,309.55,197
2026-09-24T12:15:00+05:30,308.85,310.05,299.05,301.55,505
2026-09-24T12:16:00+05:30,302.9,306.95,301.8,305.25,123
2026-09-24T12:17:00+05:30,305.55,305.95,302.05,305.25,50
2026-09-24T12:18:00+05:30,305.45,305.6,300.45,302.35,67
2026-09-24T12:19:00+05:30,300.5,302.55,294.45,297.2,97
2026-09-24T12:20:00+05:30,296.05,298.95,289.0,298.95,282
2026-09-24T12:21:00+05:30,298.6,299.45,294.4,296.0,92
2026-09-24T12:22:00+05:30,297.05,302.1,297.0,302.1,99
2026-09-24T12:23:00+05:30,305.0,312.4,305.0,306.0,196
2026-09-24T12:24:00+05:30,306.0,306.8,299.0,301.5,219
2026-09-24T12:25:00+05:30,301.65,322.4,301.65,320.7,307
2026-09-24T12:26:00+05:30,321.2,322.55,304.55,304.75,385
2026-09-24T12:27:00+05:30,304.95,310.15,301.65,301.65,177
2026-09-24T12:28:00+05:30,301.4,301.4,291.45,294.9,450
2026-09-24T12:29:00+05:30,293.4,301.35,293.4,300.0,259
2026-09-24T12:30:00+05:30,295.9,301.65,288.3,289.65,245
2026-09-24T12:31:00+05:30,289.45,303.6,284.9,303.6,582
2026-09-24T12:32:00+05:30,303.4,322.65,302.7,316.2,673
2026-09-24T12:33:00+05:30,315.95,315.95,305.7,309.2,352
2026-09-24T12:34:00+05:30,310.75,313.95,304.5,304.9,183
2026-09-24T12:35:00+05:30,304.8,326.1,304.05,315.8,547
2026-09-24T12:36:00+05:30,316.1,330.0,306.75,308.15,517
2026-09-24T12:37:00+05:30,308.0,318.05,307.2,310.3,201
2026-09-24T12:38:00+05:30,309.85,309.85,298.75,301.4,302
2026-09-24T12:39:00+05:30,300.95,306.9,299.95,305.05,248
2026-09-24T12:40:00+05:30,305.55,305.6,295.0,295.45,201
2026-09-24T12:41:00+05:30,295.0,300.05,287.6,299.25,411
2026-09-24T12:42:00+05:30,299.15,299.15,292.8,298.55,165
2026-09-24T12:43:00+05:30,299.5,304.7,297.7,303.8,143
2026-09-24T12:44:00+05:30,304.7,310.95,302.9,310.95,221
2026-09-24T12:45:00+05:30,310.9,314.05,303.7,307.45,176
2026-09-24T12:46:00+05:30,306.15,312.55,303.8,310.35,287
2026-09-24T12:47:00+05:30,310.55,315.25,309.65,310.8,226
2026-09-24T12:48:00+05:30,310.05,316.65,306.5,315.3,212
2026-09-24T12:49:00+05:30,315.15,317.85,310.0,312.95,127
2026-09-24T12:50:00+05:30,313.05,313.25,304.85,309.0,145
2026-09-24T12:51:00+05:30,310.25,311.05,304.85,308.25,113
2026-09-24T12:52:00+05:30,307.75,312.0,305.9,311.5,66
2026-09-24T12:53:00+05:30,312.0,316.65,309.8,315.15,79
2026-09-24T12:54:00+05:30,314.4,324.95,314.4,321.8,185
2026-09-24T12:55:00+05:30,321.8,323.55,314.0,315.65,351
2026-09-24T12:56:00+05:30,315.65,317.85,306.5,309.55,137
2026-09-24T12:57:00+05:30,309.7,313.9,305.45,305.45,159
2026-09-24T12:58:00+05:30,307.6,309.05,304.0,309.0,76
2026-09-24T12:59:00+05:30,310.2,313.0,307.6,307.8,68
2026-09-24T13:00:00+05:30,309.1,312.2,300.2,308.8,358
2026-09-24T13:01:00+05:30,307.3,307.3,298.4,301.05,290
2026-09-24T13:02:00+05:30,301.65,301.65,293.0,294.4,138
2026-09-24T13:03:00+05:30,293.6,294.2,284.3,286.95,390
2026-09-24T13:04:00+05:30,285.1,293.65,285.1,292.5,237
2026-09-24T13:05:00+05:30,291.1,298.6,287.3,296.5,241
2026-09-24T13:06:00+05:30,297.6,302.55,295.1,295.45,215
2026-09-24T13:07:00+05:30,295.0,295.0,289.0,290.45,159
2026-09-24T13:08:00+05:30,289.25,293.85,285.85,292.75,176
2026-09-24T13:09:00+05:30,292.75,295.65,291.0,294.7,90
2026-09-24T13:10:00+05:30,294.5,302.4,294.5,296.55,302
2026-09-24T13:11:00+05:30,298.55,300.45,295.05,298.15,86
2026-09-24T13:12:00+05:30,299.15,299.85,291.15,291.3,132
2026-09-24T13:13:00+05:30,290.75,293.35,285.3,287.1,222
2026-09-24T13:14:00+05:30,287.2,287.5,276.35,285.55,505
2026-09-24T13:15:00+05:30,284.85,290.2,280.45,282.75,238
2026-09-24T13:16:00+05:30,282.1,286.65,281.2,283.25,183
2026-09-24T13:17:00+05:30,285.0,295.6,284.2,292.65,266
2026-09-24T13:18:00+05:30,289.65,293.3,289.5,292.55,99
2026-09-24T13:19:00+05:30,293.55,295.0,289.45,292.0,192
2026-09-24T13:20:00+05:30,291.55,299.1,291.55,292.85,343
2026-09-24T13:21:00+05:30,292.9,297.0,290.65,291.45,108
2026-09-24T13:22:00+05:30,292.7,298.75,291.95,293.85,145
2026-09-24T13:23:00+05:30,295.4,299.1,293.1,295.15,142
2026-09-24T13:24:00+05:30,296.55,299.0,291.9,292.35,128
2026-09-24T13:25:00+05:30,291.5,307.8,291.25,302.0,319
2026-09-24T13:26:00+05:30,304.95,348.0,301.8,346.9,1259
2026-09-24T13:27:00+05:30,348.0,358.65,330.2,343.45,1763
2026-09-24T13:28:00+05:30,344.8,349.6,337.7,341.0,797
2026-09-24T13:29:00+05:30,341.8,343.85,331.6,339.9,645
2026-09-24T13:30:00+05:30,341.45,342.65,328.35,332.45,400
2026-09-24T13:31:00+05:30,333.9,335.1,314.45,317.25,457
2026-09-24T13:32:00+05:30,318.85,329.8,318.85,322.8,522
2026-09-24T13:33:00+05:30,324.1,335.1,320.0,324.45,263
2026-09-24T13:34:00+05:30,325.7,339.2,325.3,332.45,222
2026-09-24T13:35:00+05:30,331.9,339.95,327.6,339.9,283
2026-09-24T13:36:00+05:30,339.45,348.15,333.55,334.6,365
2026-09-24T13:37:00+05:30,334.0,337.65,328.8,336.6,181
2026-09-24T13:38:00+05:30,335.4,343.15,334.85,341.55,322
2026-09-24T13:39:00+05:30,341.2,354.65,341.2,348.55,563
2026-09-24T13:40:00+05:30,348.45,359.1,344.0,352.5,822
2026-09-24T13:41:00+05:30,350.0,357.25,345.8,349.25,276
2026-09-24T13:42:00+05:30,348.3,366.3,344.0,359.45,490
2026-09-24T13:43:00+05:30,358.25,398.0,357.6,391.4,712
2026-09-24T13:44:00+05:30,391.35,469.0,389.05,445.95,2835
2026-09-24T13:45:00+05:30,447.45,489.55,424.75,486.5,807
2026-09-24T13:46:00+05:30,489.0,537.65,483.7,493.95,1213
2026-09-24T13:47:00+05:30,496.05,501.7,466.0,492.9,788
2026-09-24T13:48:00+05:30,493.7,497.3,477.05,485.05,359
2026-09-24T13:49:00+05:30,483.8,483.8,448.35,454.0,577
2026-09-24T13:50:00+05:30,455.0,461.4,437.6,449.0,294
2026-09-24T13:51:00+05:30,449.85,485.7,446.9,485.7,411
2026-09-24T13:52:00+05:30,483.55,498.85,470.25,479.4,311
2026-09-24T13:53:00+05:30,479.35,485.65,474.05,483.35,172
2026-09-24T13:54:00+05:30,486.9,522.35,485.95,508.45,370
2026-09-24T13:55:00+05:30,505.6,513.05,485.3,494.4,299
2026-09-24T13:56:00+05:30,491.5,510.15,491.5,502.2,324
2026-09-24T13:57:00+05:30,500.5,524.0,487.1,517.2,340
2026-09-24T13:58:00+05:30,519.1,557.6,510.4,556.9,662
2026-09-24T13:59:00+05:30,553.0,558.5,518.05,535.35,598
2026-09-24T14:00:00+05:30,535.15,535.15,486.65,490.35,458
2026-09-24T14:01:00+05:30,486.75,487.0,466.5,468.0,210
2026-09-24T14:02:00+05:30,468.0,483.9,450.8,454.9,360
2026-09-24T14:03:00+05:30,451.4,468.4,438.0,462.15,375
2026-09-24T14:04:00+05:30,461.4,507.8,444.5,501.2,637
2026-09-24T14:05:00+05:30,492.55,500.1,471.75,473.7,301
2026-09-24T14:06:00+05:30,474.6,505.5,471.75,499.35,384
2026-09-24T14:07:00+05:30,498.05,500.4,483.4,485.0,82
2026-09-24T14:08:00+05:30,484.65,486.5,459.2,469.7,146
2026-09-24T14:09:00+05:30,467.5,480.65,455.45,463.0,114
2026-09-24T14:10:00+05:30,463.45,467.95,446.0,466.0,190
2026-09-24T14:11:00+05:30,466.5,474.15,465.1,473.9,126
2026-09-24T14:12:00+05:30,472.65,473.0,460.6,462.45,151
2026-09-24T14:13:00+05:30,461.6,472.0,451.0,459.95,160
2026-09-24T14:14:00+05:30,457.55,464.8,454.15,456.35,97
2026-09-24T14:15:00+05:30,452.0,474.35,450.0,474.1,151
2026-09-24T14:16:00+05:30,472.95,473.05,454.95,459.8,123
2026-09-24T14:17:00+05:30,466.6,467.55,456.3,460.0,104
2026-09-24T14:18:00+05:30,458.9,464.1,451.0,458.6,86
2026-09-24T14:19:00+05:30,462.65,479.2,458.2,471.85,133
2026-09-24T14:20:00+05:30,469.4,480.0,462.8,474.55,134
2026-09-24T14:21:00+05:30,475.45,488.95,471.8,471.8,189
2026-09-24T14:22:00+05:30,471.85,496.55,471.85,494.9,191
2026-09-24T14:23:00+05:30,492.0,520.35,491.6,508.4,267
2026-09-24T14:24:00+05:30,507.0,510.85,486.0,487.2,204
2026-09-24T14:25:00+05:30,487.2,490.7,469.55,476.05,253
2026-09-24T14:26:00+05:30,477.5,496.7,474.0,485.15,163
2026-09-24T14:27:00+05:30,486.8,486.8,477.75,479.0,146
2026-09-24T14:28:00+05:30,479.7,485.5,463.5,484.4,191
2026-09-24T14:29:00+05:30,484.85,485.15,475.85,484.0,88
2026-09-24T14:30:00+05:30,478.55,488.75,473.75,479.0,61
2026-09-24T14:31:00+05:30,478.1,484.75,459.8,465.45,133
2026-09-24T14:32:00+05:30,462.9,470.75,445.0,467.8,297
2026-09-24T14:33:00+05:30,470.85,480.05,462.5,469.15,166
2026-09-24T14:34:00+05:30,468.0,469.2,451.8,453.7,326
2026-09-24T14:35:00+05:30,452.45,455.1,443.25,443.8,142
2026-09-24T14:36:00+05:30,443.6,449.75,426.5,430.8,215
2026-09-24T14:37:00+05:30,429.1,435.3,413.6,417.1,316
2026-09-24T14:38:00+05:30,419.0,419.55,399.9,419.55,338
2026-09-24T14:39:00+05:30,416.95,416.95,384.15,384.15,534
2026-09-24T14:40:00+05:30,384.5,393.8,381.85,392.5,549
2026-09-24T14:41:00+05:30,392.2,404.4,389.65,394.4,384
2026-09-24T14:42:00+05:30,393.8,419.2,393.0,404.2,317
2026-09-24T14:43:00+05:30,407.65,408.5,390.65,400.05,176
2026-09-24T14:44:00+05:30,396.8,408.55,396.8,402.95,129
2026-09-24T14:45:00+05:30,403.5,408.3,381.4,382.1,185
2026-09-24T14:46:00+05:30,381.2,385.5,378.05,385.5,220
2026-09-24T14:47:00+05:30,388.65,394.65,378.45,388.65,127
2026-09-24T14:48:00+05:30,388.05,390.75,377.5,380.7,233
2026-09-24T14:49:00+05:30,381.25,389.75,378.9,379.0,172
2026-09-24T14:50:00+05:30,378.9,380.2,363.3,368.8,1132
2026-09-24T14:51:00+05:30,369.3,372.95,353.1,354.75,356
2026-09-24T14:52:00+05:30,354.1,359.75,347.05,355.6,409
2026-09-24T14:53:00+05:30,355.45,360.4,350.6,351.45,266
2026-09-24T14:54:00+05:30,350.95,359.6,345.0,357.5,402
2026-09-24T14:55:00+05:30,357.45,360.0,339.4,346.3,425
2026-09-24T14:56:00+05:30,344.95,359.35,336.1,358.1,303
2026-09-24T14:57:00+05:30,357.95,371.3,357.95,362.8,262
2026-09-24T14:58:00+05:30,361.55,379.8,361.55,368.65,161
2026-09-24T14:59:00+05:30,368.95,392.3,367.9,387.85,293
2026-09-24T15:00:00+05:30,387.7,398.45,378.25,393.95,593
2026-09-24T15:01:00+05:30,395.95,406.5,376.85,380.2,217
2026-09-24T15:02:00+05:30,381.2,383.35,357.05,358.25,246
2026-09-24T15:03:00+05:30,358.7,372.8,355.85,366.6,131
2026-09-24T15:04:00+05:30,367.65,367.65,350.0,355.6,183
2026-09-24T15:05:00+05:30,355.95,385.0,355.95,377.8,295
2026-09-24T15:06:00+05:30,379.3,390.55,374.3,379.0,117
2026-09-24T15:07:00+05:30,378.4,391.2,378.4,386.15,103
2026-09-24T15:08:00+05:30,386.3,403.7,378.5,396.25,287
2026-09-24T15:09:00+05:30,399.0,399.0,379.05,383.3,191
2026-09-24T15:10:00+05:30,384.3,403.4,377.3,399.55,216
2026-09-24T15:11:00+05:30,399.4,406.15,384.25,391.95,206
2026-09-24T15:12:00+05:30,390.9,421.05,387.95,404.25,382
2026-09-24T15:13:00+05:30,407.4,437.35,402.0,434.8,439
2026-09-24T15:14:00+05:30,434.5,434.5,420.2,428.1,242
2026-09-24T15:15:00+05:30,425.7,447.7,425.15,445.5,274
2026-09-24T15:16:00+05:30,444.45,445.75,435.2,440.1,73
2026-09-24T15:17:00+05:30,437.55,440.0,423.65,429.35,125
2026-09-24T15:18:00+05:30,431.4,431.4,408.6,408.6,138
2026-09-24T15:19:00+05:30,410.05,410.05,400.0,406.6,129
2026-09-24T15:20:00+05:30,406.05,424.2,404.55,415.05,65
2026-09-24T15:21:00+05:30,419.85,420.65,415.9,416.15,19
2026-09-24T15:22:00+05:30,417.85,419.4,398.15,398.15,114
2026-09-24T15:23:00+05:30,399.45,410.1,396.95,409.55,99
2026-09-24T15:24:00+05:30,411.85,411.85,386.45,386.45,146
2026-09-24T15:25:00+05:30,388.5,388.5,370.6,370.6,368
2026-09-24T15:26:00+05:30,369.9,380.8,360.7,380.8,149
2026-09-24T15:27:00+05:30,381.0,384.35,377.7,383.05,207
2026-09-24T15:28:00+05:30,383.4,384.65,380.6,383.95,75
2026-09-24T15:29:00+05:30,382.7,397.8,381.45,397.8,116
2026-09-24T15:30:00+05:30,396.3,409.15,394.6,404.65,225
2026-09-24T15:31:00+05:30,405.2,416.95,405.2,415.25,319
2026-09-24T15:32:00+05:30,417.25,418.4,404.4,409.1,86
2026-09-24T15:33:00+05:30,409.1,416.8,408.75,416.8,189
2026-09-24T15:34:00+05:30,416.0,419.05,415.15,418.0,166
2026-09-24T15:35:00+05:30,419.55,419.6,412.35,414.4,154
2026-09-24T15:36:00+05:30,413.65,434.05,413.6,432.0,293
2026-09-24T15:37:00+05:30,432.85,433.9,427.55,430.0,174
2026-09-24T15:38:00+05:30,429.85,441.95,426.95,428.7,147
2026-09-24T15:39:00+05:30,431.95,443.95,430.0,438.4,187
2026-09-25T09:15:00+05:30,413.8,442.4,304.8,311.75,2352
2026-09-25T09:16:00+05:30,306.35,323.95,290.3,306.75,2710
2026-09-25T09:17:00+05:30,307.4,311.0,293.45,295.25,1792
2026-09-25T09:18:00+05:30,297.25,319.0,295.6,311.9,1958
2026-09-25T09:19:00+05:30,312.3,317.3,297.65,317.3,1381
2026-09-25T09:20:00+05:30,318.0,330.1,312.3,317.0,1965
2026-09-25T09:21:00+05:30,318.05,334.0,312.15,322.8,946
2026-09-25T09:22:00+05:30,322.25,325.85,302.7,302.85,806
2026-09-25T09:23:00+05:30,303.5,321.15,295.0,320.0,755
2026-09-25T09:24:00+05:30,321.0,330.55,312.0,320.55,681
2026-09-25T09:25:00+05:30,318.55,319.85,304.2,309.8,624
2026-09-25T09:26:00+05:30,309.75,311.4,295.0,295.25,863
2026-09-25T09:27:00+05:30,294.45,302.05,290.2,293.55,683
2026-09-25T09:28:00+05:30,294.5,313.6,290.0,300.6,842
2026-09-25T09:29:00+05:30,300.35,305.9,294.0,297.9,720
2026-09-25T09:30:00+05:30,294.6,307.15,292.0,296.8,563
2026-09-25T09:31:00+05:30,297.2,312.1,294.0,307.45,595
2026-09-25T09:32:00+05:30,308.4,310.75,296.1,310.65,434
2026-09-25T09:33:00+05:30,310.45,317.5,308.3,309.05,593
2026-09-25T09:34:00+05:30,310.7,314.95,293.0,298.4,676
2026-09-25T09:35:00+05:30,299.75,300.95,290.8,293.2,609
2026-09-25T09:36:00+05:30,293.0,316.8,291.6,314.3,661
2026-09-25T09:37:00+05:30,317.0,341.6,310.0,340.3,2330
2026-09-25T09:38:00+05:30,340.3,349.6,329.6,342.8,1666
2026-09-25T09:39:00+05:30,342.7,348.0,333.6,346.35,1474
2026-09-25T09:40:00+05:30,346.85,377.35,345.15,366.8,2294
2026-09-25T09:41:00+05:30,367.8,376.7,357.0,357.0,1239
2026-09-25T09:42:00+05:30,356.05,380.0,354.45,374.15,895
2026-09-25T09:43:00+05:30,373.75,417.55,372.65,399.95,2420
2026-09-25T09:44:00+05:30,400.0,405.15,390.7,396.95,690
2026-09-25T09:45:00+05:30,395.7,400.95,379.6,398.0,836
2026-09-25T09:46:00+05:30,399.0,403.2,388.4,396.0,333
2026-09-25T09:47:00+05:30,395.8,399.05,368.0,372.7,797
2026-09-25T09:48:00+05:30,370.25,388.35,368.4,382.25,466
2026-09-25T09:49:00+05:30,380.65,396.2,380.65,394.6,401
2026-09-25T09:50:00+05:30,396.3,396.55,383.9,393.0,725
2026-09-25T09:51:00+05:30,393.15,399.85,382.2,384.15,658
2026-09-25T09:52:00+05:30,385.2,428.9,383.85,422.75,1552
2026-09-25T09:53:00+05:30,422.85,429.9,405.65,410.0,471
2026-09-25T09:54:00+05:30,410.05,414.35,394.3,401.2,444
2026-09-25T09:55:00+05:30,402.75,406.0,392.35,406.0,273
2026-09-25T09:56:00+05:30,405.0,408.5,392.75,398.5,308
2026-09-25T09:57:00+05:30,399.7,410.0,397.65,403.15,316
2026-09-25T09:58:00+05:30,403.0,417.7,397.05,398.7,523
2026-09-25T09:59:00+05:30,398.15,401.7,377.2,385.0,675
2026-09-25T10:00:00+05:30,389.15,389.3,375.0,377.75,539
2026-09-25T10:01:00+05:30,376.9,384.85,372.0,383.5,330
2026-09-25T10:02:00+05:30,381.5,382.95,359.05,362.05,745
2026-09-25T10:03:00+05:30,361.5,363.6,344.65,356.75,928
2026-09-25T10:04:00+05:30,356.15,359.8,342.95,357.5,420
2026-09-25T10:05:00+05:30,356.75,363.15,340.05,361.9,415
2026-09-25T10:06:00+05:30,363.9,364.0,342.0,346.4,393
2026-09-25T10:07:00+05:30,346.7,353.8,327.0,336.8,643
2026-09-25T10:08:00+05:30,333.85,336.7,282.7,285.55,1537
2026-09-25T10:09:00+05:30,283.65,299.75,277.65,280.6,1636
2026-09-25T10:10:00+05:30,278.1,292.55,264.4,291.55,2362
2026-09-25T10:11:00+05:30,291.6,310.6,289.35,307.9,1733
2026-09-25T10:12:00+05:30,309.1,313.45,297.45,299.05,1330
2026-09-25T10:13:00+05:30,299.35,303.6,289.15,301.6,985
2026-09-25T10:14:00+05:30,302.0,305.0,293.15,300.05,635
2026-09-25T10:15:00+05:30,298.4,303.65,291.45,296.4,955
2026-09-25T10:16:00+05:30,293.95,294.5,284.0,292.4,1683
2026-09-25T10:17:00+05:30,292.45,297.55,290.15,293.95,283
2026-09-25T10:18:00+05:30,294.65,312.0,294.15,311.3,597
2026-09-25T10:19:00+05:30,311.75,318.0,303.85,312.95,852
2026-09-25T10:20:00+05:30,313.0,317.35,305.05,312.9,768
2026-09-25T10:21:00+05:30,313.0,313.0,298.15,301.15,563
2026-09-25T10:22:00+05:30,303.8,313.4,301.0,312.4,422
2026-09-25T10:23:00+05:30,312.75,320.95,311.3,314.35,907
2026-09-25T10:24:00+05:30,314.7,335.0,311.05,333.65,1810
2026-09-25T10:25:00+05:30,333.8,337.4,314.55,316.5,1554
2026-09-25T10:26:00+05:30,317.6,328.45,314.15,323.45,689
2026-09-25T10:27:00+05:30,322.8,333.0,322.8,328.8,425
2026-09-25T10:28:00+05:30,329.55,347.45,329.55,335.4,1009
2026-09-25T10:29:00+05:30,335.6,343.0,327.3,330.8,617
2026-09-25T10:30:00+05:30,330.8,330.8,316.6,319.8,705
2026-09-25T10:31:00+05:30,319.9,328.0,306.85,328.0,754
2026-09-25T10:32:00+05:30,329.4,340.0,328.5,336.4,762
2026-09-25T10:33:00+05:30,336.35,338.35,323.1,332.4,426
2026-09-25T10:34:00+05:30,332.4,357.95,327.4,355.65,1210
2026-09-25T10:35:00+05:30,355.65,362.8,346.6,352.85,1302
2026-09-25T10:36:00+05:30,352.35,356.6,343.0,344.25,985
2026-09-25T10:37:00+05:30,343.15,345.35,336.0,336.9,538
2026-09-25T10:38:00+05:30,335.0,342.6,330.0,331.0,562
2026-09-25T10:39:00+05:30,330.0,332.55,321.3,332.1,637
2026-09-25T10:40:00+05:30,332.1,336.0,322.0,328.2,379
2026-09-25T10:41:00+05:30,327.8,348.05,325.0,340.65,638
2026-09-25T10:42:00+05:30,340.0,340.1,325.15,337.95,344
2026-09-25T10:43:00+05:30,338.3,349.9,335.05,342.75,532
2026-09-25T10:44:00+05:30,341.95,346.45,339.0,343.45,203
2026-09-25T10:45:00+05:30,341.45,349.8,340.75,346.25,350
2026-09-25T10:46:00+05:30,346.5,352.95,344.3,345.0,376
2026-09-25T10:47:00+05:30,346.15,363.85,345.45,361.95,527
2026-09-25T10:48:00+05:30,362.1,366.55,350.85,353.0,1079
2026-09-25T10:49:00+05:30,352.75,357.2,342.85,349.55,583
2026-09-25T10:50:00+05:30,348.2,352.6,343.0,347.0,376
2026-09-25T10:51:00+05:30,347.4,347.4,335.95,335.95,758
2026-09-25T10:52:00+05:30,335.85,344.25,332.0,340.95,564
2026-09-25T10:53:00+05:30,341.15,346.95,340.8,345.9,246
2026-09-25T10:54:00+05:30,346.6,347.0,333.0,338.35,476
2026-09-25T10:55:00+05:30,336.85,337.05,325.0,328.0,639
2026-09-25T10:56:00+05:30,329.25,333.0,320.35,323.55,556
2026-09-25T10:57:00+05:30,324.1,335.6,324.1,334.3,260
2026-09-25T10:58:00+05:30,333.6,335.3,326.05,333.1,278
2026-09-25T10:59:00+05:30,330.9,334.95,322.8,324.6,282
2026-09-25T11:00:00+05:30,325.0,330.0,310.0,317.3,582
2026-09-25T11:01:00+05:30,317.25,319.65,306.1,316.3,591
2026-09-25T11:02:00+05:30,317.45,317.45,287.2,300.0,1164
2026-09-25T11:03:00+05:30,300.25,303.75,287.9,300.1,654
2026-09-25T11:04:00+05:30,299.85,303.95,291.65,300.6,463
2026-09-25T11:05:00+05:30,300.2,302.3,290.65,296.15,623
2026-09-25T11:06:00+05:30,296.45,303.1,293.7,298.45,290
2026-09-25T11:07:00+05:30,298.65,298.8,285.0,288.05,1440
2026-09-25T11:08:00+05:30,288.8,298.25,286.45,296.0,745
2026-09-25T11:09:00+05:30,294.5,296.1,288.0,290.0,300
2026-09-25T11:10:00+05:30,290.0,293.85,286.0,288.0,308
2026-09-25T11:11:00+05:30,288.0,288.25,281.1,284.0,738
2026-09-25T11:12:00+05:30,284.0,289.5,281.0,288.8,381
2026-09-25T11:13:00+05:30,289.0,303.95,287.95,301.25,831
2026-09-25T11:14:00+05:30,302.0,303.2,289.9,293.95,936
2026-09-25T11:15:00+05:30,293.65,298.95,289.0,290.9,960
2026-09-25T11:16:00+05:30,291.8,293.2,286.8,290.9,505
2026-09-25T11:17:00+05:30,290.6,290.6,280.4,284.25,472
2026-09-25T11:18:00+05:30,284.8,295.05,284.75,289.6,476
2026-09-25T11:19:00+05:30,291.15,293.45,285.5,290.75,192
2026-09-25T11:20:00+05:30,290.95,291.0,285.0,289.0,198
2026-09-25T11:21:00+05:30,289.05,290.75,281.5,289.2,338
2026-09-25T11:22:00+05:30,289.05,289.45,282.35,287.65,232
2026-09-25T11:23:00+05:30,287.7,297.0,285.3,295.2,485
2026-09-25T11:24:00+05:30,296.2,312.7,295.3,311.7,919
2026-09-25T11:25:00+05:30,312.95,315.3,308.0,308.5,1582
2026-09-25T11:26:00+05:30,308.75,313.95,302.75,311.0,523
2026-09-25T11:27:00+05:30,311.45,314.75,306.45,311.25,422
2026-09-25T11:28:00+05:30,310.45,314.35,304.5,309.95,496
2026-09-25T11:29:00+05:30,310.25,310.5,300.0,300.55,488
2026-09-25T11:30:00+05:30,300.2,304.85,297.15,300.45,370
2026-09-25T11:31:00+05:30,298.05,299.95,284.35,290.8,707
2026-09-25T11:32:00+05:30,291.25,294.45,287.85,293.4,387
2026-09-25T11:33:00+05:30,294.15,299.2,288.1,299.2,197
2026-09-25T11:34:00+05:30,299.2,303.4,293.6,293.95,370
2026-09-25T11:35:00+05:30,293.45,296.7,290.25,296.1,222
2026-09-25T11:36:00+05:30,297.45,304.0,296.4,304.0,438
2026-09-25T11:37:00+05:30,303.7,304.65,300.0,301.1,337
2026-09-25T11:38:00+05:30,300.05,303.15,295.65,297.55,194
2026-09-25T11:39:00+05:30,297.5,297.95,288.0,288.5,412
2026-09-25T11:40:00+05:30,288.0,296.4,288.0,295.8,366
2026-09-25T11:41:00+05:30,295.8,298.95,294.9,296.2,216
2026-09-25T11:42:00+05:30,295.7,295.7,288.0,289.45,427
2026-09-25T11:43:00+05:30,290.6,299.0,289.2,299.0,248
2026-09-25T11:44:00+05:30,299.75,300.0,288.75,294.85,309
2026-09-25T11:45:00+05:30,294.95,296.35,290.1,291.0,262
2026-09-25T11:46:00+05:30,292.05,292.95,285.35,289.0,400
2026-09-25T11:47:00+05:30,288.9,290.45,285.0,289.5,320
2026-09-25T11:48:00+05:30,289.9,295.4,289.9,292.0,135
2026-09-25T11:49:00+05:30,291.0,297.6,290.85,291.85,289
2026-09-25T11:50:00+05:30,292.25,293.15,281.0,289.65,579
2026-09-25T11:51:00+05:30,289.65,293.55,285.4,290.05,415
2026-09-25T11:52:00+05:30,288.0,291.45,284.0,287.7,483
2026-09-25T11:53:00+05:30,288.2,290.95,285.0,290.95,136
2026-09-25T11:54:00+05:30,289.85,293.0,283.4,286.7,281
2026-09-25T11:55:00+05:30,284.6,294.5,283.0,291.75,458
2026-09-25T11:56:00+05:30,290.5,295.0,287.3,293.5,205
2026-09-25T11:57:00+05:30,294.95,295.35,289.8,293.8,248
2026-09-25T11:58:00+05:30,292.65,296.0,290.7,290.85,280
2026-09-25T11:59:00+05:30,290.5,298.45,288.05,298.1,295
2026-09-25T12:00:00+05:30,297.8,298.05,292.8,295.5,356
2026-09-25T12:01:00+05:30,296.0,311.3,292.55,308.2,948
2026-09-25T12:02:00+05:30,308.7,308.7,298.6,305.75,554
2026-09-25T12:03:00+05:30,306.4,319.1,306.0,316.3,970
2026-09-25T12:04:00+05:30,317.65,322.3,307.45,309.25,948
2026-09-25T12:05:00+05:30,309.0,313.15,304.95,306.3,379
2026-09-25T12:06:00+05:30,306.85,312.9,305.0,310.7,292
2026-09-25T12:07:00+05:30,310.85,312.9,306.0,312.5,261
2026-09-25T12:08:00+05:30,313.0,314.2,300.95,302.45,472
2026-09-25T12:09:00+05:30,301.5,303.5,294.95,296.75,375
2026-09-25T12:10:00+05:30,297.45,302.65,295.1,295.1,284
2026-09-25T12:11:00+05:30,294.0,294.0,286.9,289.9,539
2026-09-25T12:12:00+05:30,289.45,292.2,285.95,292.0,230
2026-09-25T12:13:00+05:30,291.5,298.55,291.0,298.55,161
2026-09-25T12:14:00+05:30,297.3,304.6,295.25,295.6,235
2026-09-25T12:15:00+05:30,295.85,299.35,292.65,298.2,182
2026-09-25T12:16:00+05:30,297.5,298.0,292.55,296.3,80
2026-09-25T12:17:00+05:30,296.95,307.45,296.95,306.25,457
2026-09-25T12:18:00+05:30,305.65,307.05,299.85,301.0,214
2026-09-25T12:19:00+05:30,300.55,304.5,298.05,304.5,269
2026-09-25T12:20:00+05:30,305.0,311.0,304.95,306.45,316
2026-09-25T12:21:00+05:30,306.3,313.65,305.25,313.5,176
2026-09-25T12:22:00+05:30,313.0,318.0,308.15,318.0,334
2026-09-25T12:23:00+05:30,319.0,324.0,311.3,312.85,365
2026-09-25T12:24:00+05:30,312.85,322.3,311.0,317.95,358
2026-09-25T12:25:00+05:30,318.05,326.0,314.4,319.65,494
2026-09-25T12:26:00+05:30,319.1,321.95,313.1,313.85,204
2026-09-25T12:27:00+05:30,312.55,318.7,308.7,314.25,273
2026-09-25T12:28:00+05:30,312.15,312.85,305.0,310.6,199
2026-09-25T12:29:00+05:30,309.0,312.0,303.55,303.55,380
2026-09-25T12:30:00+05:30,302.45,304.9,290.15,293.55,577
2026-09-25T12:31:00+05:30,294.1,298.4,291.05,298.4,496
2026-09-25T12:32:00+05:30,296.25,300.4,292.85,296.8,313
2026-09-25T12:33:00+05:30,299.35,305.95,298.5,305.35,230
2026-09-25T12:34:00+05:30,305.4,310.0,300.0,310.0,184
2026-09-25T12:35:00+05:30,309.4,315.9,306.55,314.55,406
2026-09-25T12:36:00+05:30,314.7,325.45,312.5,322.8,451
2026-09-25T12:37:00+05:30,321.8,321.8,312.5,318.9,424
2026-09-25T12:38:00+05:30,317.75,321.95,311.8,312.2,213
2026-09-25T12:39:00+05:30,311.0,315.9,308.7,309.15,219
2026-09-25T12:40:00+05:30,310.45,314.0,305.7,313.65,286
2026-09-25T12:41:00+05:30,313.65,317.3,307.2,310.25,374
2026-09-25T12:42:00+05:30,310.7,322.9,310.7,321.3,461
2026-09-25T12:43:00+05:30,320.35,327.35,318.0,320.4,481
2026-09-25T12:44:00+05:30,320.6,325.0,314.1,322.35,346
2026-09-25T12:45:00+05:30,321.5,327.3,321.2,325.85,569
2026-09-25T12:46:00+05:30,324.9,325.85,317.4,325.0,246
2026-09-25T12:47:00+05:30,324.85,326.55,319.5,320.15,623
2026-09-25T12:48:00+05:30,321.6,329.95,319.95,328.85,510
2026-09-25T12:49:00+05:30,329.9,344.0,326.6,339.85,2496
2026-09-25T12:50:00+05:30,339.75,354.0,333.65,346.75,1826
2026-09-25T12:51:00+05:30,347.95,360.0,341.0,354.0,862
2026-09-25T12:52:00+05:30,352.0,357.2,342.0,346.15,353
2026-09-25T12:53:00+05:30,346.05,357.0,342.4,344.85,401
2026-09-25T12:54:00+05:30,344.2,351.05,342.2,350.95,255
2026-09-25T12:55:00+05:30,351.55,356.0,347.1,354.55,341
2026-09-25T12:56:00+05:30,353.55,387.0,348.3,382.85,1714
2026-09-25T12:57:00+05:30,382.05,391.2,362.4,367.0,1688
2026-09-25T12:58:00+05:30,366.7,367.2,351.45,351.75,485
2026-09-25T12:59:00+05:30,350.6,355.15,343.05,343.05,819
2026-09-25T13:00:00+05:30,344.0,345.9,329.0,339.6,750
2026-09-25T13:01:00+05:30,338.95,341.15,328.2,332.85,573
2026-09-25T13:02:00+05:30,333.65,359.2,332.4,352.0,633
2026-09-25T13:03:00+05:30,351.4,354.05,343.05,352.1,264
2026-09-25T13:04:00+05:30,350.0,355.0,347.8,353.0,206
2026-09-25T13:05:00+05:30,351.45,357.95,340.0,344.65,386
2026-09-25T13:06:00+05:30,345.2,347.3,340.0,341.9,111
2026-09-25T13:07:00+05:30,341.35,346.3,335.2,344.45,170
2026-09-25T13:08:00+05:30,348.4,349.1,339.7,339.7,124
2026-09-25T13:09:00+05:30,338.0,338.3,330.0,332.65,261
2026-09-25T13:10:00+05:30,333.6,337.0,330.0,330.0,256
2026-09-25T13:11:00+05:30,330.8,330.9,321.8,328.25,376
2026-09-25T13:12:00+05:30,328.35,334.35,323.8,333.15,230
2026-09-25T13:13:00+05:30,333.25,337.4,330.0,334.3,128
2026-09-25T13:14:00+05:30,332.7,345.65,332.7,342.0,220
2026-09-25T13:15:00+05:30,342.45,346.15,334.9,344.05,238
2026-09-25T13:16:00+05:30,346.7,348.0,337.7,338.7,261
2026-09-25T13:17:00+05:30,338.05,342.9,332.45,341.8,315
2026-09-25T13:18:00+05:30,340.8,343.2,336.9,338.35,108
2026-09-25T13:19:00+05:30,336.5,340.85,331.15,340.85,159
2026-09-25T13:20:00+05:30,339.8,340.0,334.0,339.5,58
2026-09-25T13:21:00+05:30,339.35,339.35,333.3,333.55,56
2026-09-25T13:22:00+05:30,333.55,346.25,331.0,345.15,169
2026-09-25T13:23:00+05:30,347.0,351.0,335.45,338.7,382
2026-09-25T13:24:00+05:30,338.75,349.8,338.75,344.9,93
2026-09-25T13:25:00+05:30,343.95,347.8,338.15,341.6,120
2026-09-25T13:26:00+05:30,341.65,341.7,333.0,334.95,151
2026-09-25T13:27:00+05:30,336.55,344.0,335.05,343.35,84
2026-09-25T13:28:00+05:30,343.1,345.3,342.0,342.2,48
2026-09-25T13:29:00+05:30,341.55,341.8,339.25,341.55,105
2026-09-25T13:30:00+05:30,338.3,346.0,335.7,346.0,216
2026-09-25T13:31:00+05:30,343.95,344.05,336.1,339.85,69
2026-09-25T13:32:00+05:30,342.7,346.75,342.65,346.0,194
2026-09-25T13:33:00+05:30,346.3,357.7,344.9,357.7,241
2026-09-25T13:34:00+05:30,355.75,365.0,355.75,360.5,390
2026-09-25T13:35:00+05:30,362.8,369.45,357.3,358.0,753
2026-09-25T13:36:00+05:30,359.25,365.45,355.05,360.2,153
2026-09-25T13:37:00+05:30,357.55,373.0,351.3,352.4,469
2026-09-25T13:38:00+05:30,353.35,361.95,353.35,359.25,182
2026-09-25T13:39:00+05:30,359.3,367.6,355.0,365.2,113
2026-09-25T13:40:00+05:30,364.65,364.65,351.95,353.35,191
2026-09-25T13:41:00+05:30,352.05,355.1,348.8,354.0,245
2026-09-25T13:42:00+05:30,354.95,358.8,340.0,340.0,132
2026-09-25T13:43:00+05:30,340.0,354.6,332.05,353.8,567
2026-09-25T13:44:00+05:30,354.3,354.3,345.8,350.3,189
2026-09-25T13:45:00+05:30,350.3,350.5,340.0,340.4,281
2026-09-25T13:46:00+05:30,340.25,342.3,321.0,321.0,556
2026-09-25T13:47:00+05:30,322.8,341.15,322.3,333.4,472
2026-09-25T13:48:00+05:30,332.9,340.0,332.9,338.35,106
2026-09-25T13:49:00+05:30,337.15,340.7,332.5,338.0,163
2026-09-25T13:50:00+05:30,338.0,346.0,338.0,344.6,514
2026-09-25T13:51:00+05:30,346.35,346.35,336.75,338.9,198
2026-09-25T13:52:00+05:30,336.8,344.1,336.8,339.65,48
2026-09-25T13:53:00+05:30,339.0,343.85,335.7,341.3,157
2026-09-25T13:54:00+05:30,342.2,342.2,330.85,334.9,217
2026-09-25T13:55:00+05:30,337.05,337.5,323.0,323.0,261
2026-09-25T13:56:00+05:30,323.9,328.2,306.1,308.7,849
2026-09-25T13:57:00+05:30,308.4,322.0,307.4,321.6,351
2026-09-25T13:58:00+05:30,322.0,322.65,311.7,316.0,340
2026-09-25T13:59:00+05:30,315.9,317.15,303.1,303.85,509
2026-09-25T14:00:00+05:30,303.05,303.05,260.0,268.55,2868
2026-09-25T14:01:00+05:30,269.65,285.5,261.25,270.4,1225
2026-09-25T14:02:00+05:30,269.55,274.0,255.3,268.3,1101
2026-09-25T14:03:00+05:30,268.0,268.0,225.45,226.0,2930
2026-09-25T14:04:00+05:30,226.45,256.25,225.0,247.8,3201
2026-09-25T14:05:00+05:30,247.9,262.95,238.8,255.95,1758
2026-09-25T14:06:00+05:30,256.15,258.15,243.0,252.5,1795
2026-09-25T14:07:00+05:30,253.35,256.95,241.55,246.55,1432
2026-09-25T14:08:00+05:30,246.0,260.65,242.05,255.2,1499
2026-09-25T14:09:00+05:30,254.8,280.25,253.85,270.3,3144
2026-09-25T14:10:00+05:30,271.05,272.75,260.0,264.25,838
2026-09-25T14:11:00+05:30,265.05,267.25,250.05,253.4,1368
2026-09-25T14:12:00+05:30,253.5,262.85,247.8,261.9,1118
2026-09-25T14:13:00+05:30,261.9,265.0,255.0,263.85,577
2026-09-25T14:14:00+05:30,264.0,270.6,261.2,265.0,787
2026-09-25T14:15:00+05:30,265.45,265.45,251.0,251.0,716
2026-09-25T14:16:00+05:30,250.0,258.9,245.05,248.6,798
2026-09-25T14:17:00+05:30,247.9,249.0,239.1,244.0,889
2026-09-25T14:18:00+05:30,242.0,242.0,232.75,238.55,1152
2026-09-25T14:19:00+05:30,238.4,245.1,236.6,240.7,1012
2026-09-25T14:20:00+05:30,241.1,250.15,236.35,246.25,1225
2026-09-25T14:21:00+05:30,246.25,246.25,231.0,236.35,962
2026-09-25T14:22:00+05:30,237.2,240.5,232.3,235.2,491
2026-09-25T14:23:00+05:30,234.8,242.45,234.6,238.85,400
2026-09-25T14:24:00+05:30,239.3,244.0,236.5,242.5,361
2026-09-25T14:25:00+05:30,241.25,244.2,219.9,237.6,1778
2026-09-25T14:26:00+05:30,237.15,251.0,232.95,240.45,846
2026-09-25T14:27:00+05:30,240.75,244.95,233.55,242.7,551
2026-09-25T14:28:00+05:30,242.6,243.35,232.0,236.0,606
2026-09-25T14:29:00+05:30,235.55,237.8,232.55,237.45,466
2026-09-25T14:30:00+05:30,237.0,237.45,219.9,221.25,1425
2026-09-25T14:31:00+05:30,221.75,233.85,219.05,223.65,1169
2026-09-25T14:32:00+05:30,222.15,228.15,220.0,222.85,575
2026-09-25T14:33:00+05:30,223.5,227.9,217.0,227.9,805
2026-09-25T14:34:00+05:30,227.6,229.7,222.0,224.1,696
2026-09-25T14:35:00+05:30,224.85,231.0,223.45,231.0,666
2026-09-25T14:36:00+05:30,231.4,231.7,224.55,230.0,417
2026-09-25T14:37:00+05:30,229.75,230.65,223.5,226.6,388
2026-09-25T14:38:00+05:30,226.0,227.95,221.05,224.55,454
2026-09-25T14:39:00+05:30,224.45,224.6,220.0,222.0,502
2026-09-25T14:40:00+05:30,222.3,229.5,221.85,228.7,801
2026-09-25T14:41:00+05:30,229.05,234.6,227.45,233.5,828
2026-09-25T14:42:00+05:30,233.55,238.2,233.5,238.2,1113
2026-09-25T14:43:00+05:30,238.5,243.25,235.55,242.15,1170
2026-09-25T14:44:00+05:30,242.0,243.95,237.55,240.6,732
2026-09-25T14:45:00+05:30,240.65,248.0,236.55,248.0,1057
2026-09-25T14:46:00+05:30,247.2,257.6,246.0,253.45,2043
2026-09-25T14:47:00+05:30,252.65,262.0,251.25,262.0,1967
2026-09-25T14:48:00+05:30,261.85,263.95,254.6,254.6,1644
2026-09-25T14:49:00+05:30,255.2,260.8,250.0,260.7,1248
2026-09-25T14:50:00+05:30,259.25,269.8,252.25,264.85,1502
2026-09-25T14:51:00+05:30,265.2,267.9,258.15,259.0,964
2026-09-25T14:52:00+05:30,258.5,259.6,250.9,256.1,825
2026-09-25T14:53:00+05:30,255.0,256.2,247.45,251.0,710
2026-09-25T14:54:00+05:30,251.8,256.2,243.3,244.15,749
2026-09-25T14:55:00+05:30,243.35,266.9,242.0,266.85,1378
2026-09-25T14:56:00+05:30,265.3,270.1,258.85,267.3,1292
2026-09-25T14:57:00+05:30,267.5,276.75,264.6,267.5,1271
2026-09-25T14:58:00+05:30,267.6,276.1,265.8,273.7,858
2026-09-25T14:59:00+05:30,271.95,273.25,263.0,267.2,1463
2026-09-25T15:00:00+05:30,267.2,281.3,265.1,268.4,2498
2026-09-25T15:01:00+05:30,269.1,285.0,266.25,285.0,1318
2026-09-25T15:02:00+05:30,285.0,291.7,277.25,282.0,1595
2026-09-25T15:03:00+05:30,282.0,289.4,281.0,285.3,712
2026-09-25T15:04:00+05:30,285.4,291.75,280.9,281.25,1083
2026-09-25T15:05:00+05:30,281.25,295.2,281.25,294.7,708
2026-09-25T15:06:00+05:30,293.95,295.2,278.55,278.8,865
2026-09-25T15:07:00+05:30,278.55,297.0,276.0,297.0,811
2026-09-25T15:08:00+05:30,296.45,322.0,293.2,321.05,1599
2026-09-25T15:09:00+05:30,322.0,325.2,309.75,317.35,2032
2026-09-25T15:10:00+05:30,315.6,321.5,303.15,310.8,991
2026-09-25T15:11:00+05:30,311.0,312.95,306.6,309.75,306
2026-09-25T15:12:00+05:30,309.4,311.25,297.35,299.0,1301
2026-09-25T15:13:00+05:30,299.1,305.75,294.0,294.3,543
2026-09-25T15:14:00+05:30,296.25,299.65,287.8,288.85,651
2026-09-25T15:15:00+05:30,288.5,295.8,285.15,294.8,644
2026-09-25T15:16:00+05:30,295.95,302.5,294.1,295.6,518
2026-09-25T15:17:00+05:30,297.1,302.25,295.6,297.55,290
2026-09-25T15:18:00+05:30,297.35,297.35,279.95,283.45,680
2026-09-25T15:19:00+05:30,283.0,289.5,282.7,286.0,312
2026-09-25T15:20:00+05:30,287.15,291.9,277.35,288.7,685
2026-09-25T15:21:00+05:30,290.55,296.0,289.85,291.9,343
2026-09-25T15:22:00+05:30,291.05,300.0,290.8,299.4,430
2026-09-25T15:23:00+05:30,300.0,304.6,298.15,304.6,368
2026-09-25T15:24:00+05:30,303.95,303.95,293.2,299.2,521
2026-09-25T15:25:00+05:30,300.55,301.55,295.0,297.75,280
2026-09-25T15:26:00+05:30,297.4,300.0,296.4,296.8,259
2026-09-25T15:27:00+05:30,298.55,299.75,294.6,295.9,264
2026-09-25T15:28:00+05:30,297.55,297.85,294.55,295.05,247
2026-09-25T15:29:00+05:30,295.0,295.9,285.8,292.35,605
2026-09-25T15:30:00+05:30,292.05,299.0,290.85,299.0,330
2026-09-25T15:31:00+05:30,299.0,302.75,295.2,297.35,557
2026-09-25T15:32:00+05:30,298.2,305.8,297.35,305.6,553
2026-09-25T15:33:00+05:30,306.0,308.7,302.65,303.2,340
2026-09-25T15:34:00+05:30,302.2,303.0,295.0,297.05,202
2026-09-25T15:35:00+05:30,297.1,297.95,290.6,290.6,237
2026-09-25T15:36:00+05:30,290.65,297.25,288.35,295.8,233
2026-09-25T15:37:00+05:30,296.35,296.35,285.05,289.25,293
2026-09-25T15:38:00+05:30,289.4,294.5,289.2,293.9,467
2026-09-25T15:39:00+05:30,295.0,298.4,285.85,297.85,337
2026-09-28T09:15:00+05:30,388.85,548.5,306.05,548.5,2744
2026-09-28T09:16:00+05:30,554.15,632.65,551.75,595.55,1968
2026-09-28T09:17:00+05:30,598.4,631.1,594.55,620.25,671
2026-09-28T09:18:00+05:30,622.4,653.95,608.5,642.5,557
2026-09-28T09:19:00+05:30,637.2,708.25,630.0,702.75,360
2026-09-28T09:20:00+05:30,709.7,752.75,692.95,738.7,306
2026-09-28T09:21:00+05:30,735.35,745.15,717.95,736.3,195
2026-09-28T09:22:00+05:30,736.85,769.35,735.4,769.35,241
2026-09-28T09:23:00+05:30,765.0,765.0,722.05,742.35,177
2026-09-28T09:24:00+05:30,744.95,751.6,700.3,726.65,131
2026-09-28T09:25:00+05:30,730.3,785.2,727.2,775.75,261
2026-09-28T09:26:00+05:30,778.4,787.2,770.15,784.55,140
2026-09-28T09:27:00+05:30,783.8,784.25,753.55,768.2,177
2026-09-28T09:28:00+05:30,766.25,777.45,763.25,768.2,116
2026-09-28T09:29:00+05:30,763.85,770.65,760.65,760.65,88
2026-09-28T09:30:00+05:30,759.75,787.1,759.75,770.0,128
2026-09-28T09:31:00+05:30,769.35,793.6,769.35,787.55,186
2026-09-28T09:32:00+05:30,791.2,803.0,789.25,802.4,123
2026-09-28T09:33:00+05:30,804.6,840.85,798.7,817.7,258
2026-09-28T09:34:00+05:30,822.0,841.65,821.85,825.6,82
2026-09-28T09:35:00+05:30,821.6,930.15,821.45,908.4,232
2026-09-28T09:36:00+05:30,895.1,930.0,895.1,921.0,135
2026-09-28T09:37:00+05:30,928.9,940.0,898.75,910.65,217
2026-09-28T09:38:00+05:30,922.25,956.8,919.8,935.0,67
2026-09-28T09:39:00+05:30,928.65,943.3,918.55,933.3,38
2026-09-28T09:40:00+05:30,930.0,950.9,924.8,924.8,85
2026-09-28T09:41:00+05:30,919.25,923.75,880.0,891.45,211
2026-09-28T09:42:00+05:30,893.85,918.05,892.95,908.8,452
2026-09-28T09:43:00+05:30,906.7,936.25,906.6,924.75,102
2026-09-28T09:44:00+05:30,931.0,942.6,929.2,932.05,88
2026-09-28T09:45:00+05:30,925.75,936.4,915.35,915.95,90
2026-09-28T09:46:00+05:30,913.5,923.3,897.0,923.3,67
2026-09-28T09:47:00+05:30,906.1,909.3,890.55,900.15,42
2026-09-28T09:48:00+05:30,904.0,912.75,890.0,912.75,32
2026-09-28T09:49:00+05:30,908.3,908.45,900.35,908.45,7
2026-09-28T09:50:00+05:30,908.25,910.05,896.5,901.15,76
2026-09-28T09:51:00+05:30,898.9,926.7,898.9,925.95,31
2026-09-28T09:52:00+05:30,931.1,938.1,927.0,927.0,26
2026-09-28T09:53:00+05:30,929.9,931.0,908.4,908.4,10
2026-09-28T09:54:00+05:30,924.9,931.5,924.1,931.0,18
2026-09-28T09:55:00+05:30,931.05,936.75,920.0,936.75,6
2026-09-28T09:56:00+05:30,931.0,936.0,917.75,917.75,7
2026-09-28T09:57:00+05:30,914.25,923.05,901.8,901.8,20
2026-09-28T09:58:00+05:30,901.0,901.0,889.45,900.6,62
2026-09-28T09:59:00+05:30,903.25,903.45,897.0,897.0,9
2026-09-28T10:00:00+05:30,898.7,924.95,897.4,920.0,49
2026-09-28T10:01:00+05:30,922.85,930.8,918.9,918.9,21
2026-09-28T10:02:00+05:30,928.3,928.3,914.35,914.35,21
2026-09-28T10:03:00+05:30,921.05,934.15,921.0,934.15,4
2026-09-28T10:04:00+05:30,935.0,950.0,935.0,945.0,18
2026-09-28T10:05:00+05:30,936.0,987.75,936.0,987.75,51
2026-09-28T10:06:00+05:30,977.6,1004.7,971.5,1004.7,42
2026-09-28T10:07:00+05:30,1000.5,1021.75,980.75,990.0,38
2026-09-28T10:08:00+05:30,988.65,1000.0,979.0,1000.0,16
2026-09-28T10:09:00+05:30,1003.85,1014.4,999.9,1003.5,21
2026-09-28T10:10:00+05:30,1015.95,1015.95,987.05,996.6,32
2026-09-28T10:11:00+05:30,992.3,995.65,980.0,982.0,23
2026-09-28T10:12:00+05:30,988.2,991.15,984.15,991.0,19
2026-09-28T10:13:00+05:30,995.6,997.5,976.0,976.05,24
2026-09-28T10:14:00+05:30,973.25,979.85,967.75,979.8,34
2026-09-28T10:15:00+05:30,996.85,1009.3,994.15,1006.3,64
2026-09-28T10:16:00+05:30,1006.3,1011.25,996.05,999.1,39
2026-09-28T10:17:00+05:30,1007.4,1050.1,1003.25,1049.85,73
2026-09-28T10:18:00+05:30,1054.25,1054.3,1015.1,1025.0,48
2026-09-28T10:19:00+05:30,1015.1,1015.1,1000.0,1004.0,11
2026-09-28T10:20:00+05:30,1003.9,1004.0,959.4,975.35,38
2026-09-28T10:21:00+05:30,974.4,1006.3,971.8,1001.6,23
2026-09-28T10:22:00+05:30,1005.9,1005.9,994.25,1003.95,14
2026-09-28T10:23:00+05:30,1005.85,1012.0,995.1,1008.0,20
2026-09-28T10:24:00+05:30,1008.6,1028.0,1008.6,1021.0,11
2026-09-28T10:25:00+05:30,1012.55,1030.45,1012.55,1029.95,19
2026-09-28T10:26:00+05:30,1024.75,1031.05,1017.85,1024.85,33
2026-09-28T10:27:00+05:30,1025.1,1031.45,1022.0,1022.0,20
2026-09-28T10:28:00+05:30,1027.0,1027.0,1005.0,1005.0,33
2026-09-28T10:29:00+05:30,1004.4,1018.65,1001.25,1017.4,7
2026-09-28T10:30:00+05:30,1005.65,1006.65,993.05,995.0,33
2026-09-28T10:31:00+05:30,997.0,1007.0,995.95,1001.95,13
2026-09-28T10:32:00+05:30,1010.8,1018.3,1010.8,1012.75,8
2026-09-28T10:33:00+05:30,1009.0,1031.4,1008.55,1031.4,12
2026-09-28T10:34:00+05:30,1024.0,1024.0,1024.0,1024.0,1
2026-09-28T10:35:00+05:30,1030.0,1030.0,1029.0,1030.0,107
2026-09-28T10:36:00+05:30,1027.2,1027.2,1006.0,1016.0,8
2026-09-28T10:37:00+05:30,1020.0,1035.95,1018.2,1024.0,14
2026-09-28T10:38:00+05:30,1031.4,1033.5,1031.0,1033.5,3
2026-09-28T10:39:00+05:30,1041.65,1055.0,1040.05,1055.0,14
2026-09-28T10:40:00+05:30,1049.9,1049.9,1034.95,1040.7,8
2026-09-28T10:41:00+05:30,1044.3,1091.45,1039.5,1056.75,66
2026-09-28T10:42:00+05:30,1067.35,1074.2,1055.95,1074.2,26
2026-09-28T10:43:00+05:30,1075.0,1091.35,1063.15,1063.15,43
2026-09-28T10:44:00+05:30,1069.6,1073.75,1067.85,1067.85,24
2026-09-28T10:45:00+05:30,1071.4,1071.4,1058.0,1060.4,10
2026-09-28T10:46:00+05:30,1061.0,1061.0,1051.75,1051.75,17
2026-09-28T10:47:00+05:30,1052.0,1059.0,1051.0,1059.0,7
2026-09-28T10:48:00+05:30,1068.45,1075.0,1066.0,1068.0,17
2026-09-28T10:49:00+05:30,1069.0,1102.6,1068.65,1091.0,32
2026-09-28T10:50:00+05:30,1080.95,1090.0,1076.55,1086.8,8
2026-09-28T10:51:00+05:30,1091.6,1094.9,1088.0,1088.8,13
2026-09-28T10:52:00+05:30,1086.0,1098.15,1084.85,1084.85,130
2026-09-28T10:53:00+05:30,1089.25,1089.25,1083.0,1083.0,5
2026-09-28T10:54:00+05:30,1072.0,1072.0,1055.85,1055.85,19
2026-09-28T10:55:00+05:30,1054.0,1054.0,1013.2,1018.5,28
2026-09-28T10:56:00+05:30,1022.8,1026.45,1012.35,1012.35,5
2026-09-28T10:57:00+05:30,1030.0,1045.35,1030.0,1044.0,10
2026-09-28T10:58:00+05:30,1044.0,1046.25,1031.0,1034.1,6
2026-09-28T10:59:00+05:30,1042.0,1042.0,1039.25,1039.25,3
2026-09-28T11:00:00+05:30,1061.85,1069.0,1055.95,1069.0,4
2026-09-28T11:01:00+05:30,1070.4,1080.8,1058.0,1058.0,7
2026-09-28T11:02:00+05:30,1053.0,1053.0,1051.0,1051.0,3
2026-09-28T11:03:00+05:30,1058.0,1058.0,1054.9,1054.95,4
2026-09-28T11:04:00+05:30,1073.0,1089.7,1073.0,1082.0,10
2026-09-28T11:05:00+05:30,1075.0,1083.65,1075.0,1078.4,5
2026-09-28T11:06:00+05:30,1069.0,1072.9,1063.4,1065.0,9
2026-09-28T11:07:00+05:30,1072.25,1077.05,1062.3,1077.05,10
2026-09-28T11:08:00+05:30,1091.0,1091.25,1085.45,1090.95,9
2026-09-28T11:09:00+05:30,1087.0,1092.9,1087.0,1091.45,6
2026-09-28T11:10:00+05:30,1093.4,1102.0,1093.4,1102.0,3
2026-09-28T11:11:00+05:30,1099.3,1102.55,1099.3,1102.55,3
2026-09-28T11:12:00+05:30,1104.0,1104.0,1078.65,1099.8,26
2026-09-28T11:13:00+05:30,1102.0,1109.75,1098.1,1109.75,12
2026-09-28T11:14:00+05:30,1101.0,1101.0,1088.8,1088.8,7
2026-09-28T11:15:00+05:30,1081.5,1081.6,1081.5,1081.6,6
2026-09-28T11:16:00+05:30,1108.55,1108.6,1103.0,1103.0,5
2026-09-28T11:17:00+05:30,1102.25,1105.1,1101.0,1101.0,15
2026-09-28T11:18:00+05:30,1102.0,1102.0,1090.0,1090.0,4
2026-09-28T11:19:00+05:30,1070.15,1070.15,1057.45,1065.95,8
2026-09-28T11:20:00+05:30,1060.65,1060.65,1060.65,1060.65,1
2026-09-28T11:21:00+05:30,1071.0,1076.8,1058.05,1076.0,29
2026-09-28T11:22:00+05:30,1072.35,1072.35,1068.1,1070.2,16
2026-09-28T11:23:00+05:30,1072.0,1072.0,1069.0,1069.0,2
2026-09-28T11:24:00+05:30,1068.0,1089.0,1068.0,1089.0,8
2026-09-28T11:25:00+05:30,1076.85,1083.6,1074.85,1079.5,10
2026-09-28T11:26:00+05:30,1081.0,1081.0,1069.85,1069.85,5
2026-09-28T11:27:00+05:30,1075.95,1075.95,1053.0,1053.3,8
2026-09-28T11:28:00+05:30,1052.0,1057.95,1043.0,1057.95,22
2026-09-28T11:29:00+05:30,1055.0,1060.0,1053.15,1053.15,6
2026-09-28T11:30:00+05:30,1054.0,1054.0,1024.6,1036.75,22
2026-09-28T11:31:00+05:30,1035.0,1035.0,1029.55,1029.55,2
2026-09-28T11:32:00+05:30,1032.35,1038.2,1032.35,1038.2,17
2026-09-28T11:33:00+05:30,1057.35,1091.35,1057.0,1079.0,59
2026-09-28T11:34:00+05:30,1078.75,1086.0,1078.0,1082.15,8
2026-09-28T11:35:00+05:30,1086.0,1088.4,1069.55,1077.65,19
2026-09-28T11:36:00+05:30,1069.4,1069.4,1057.0,1057.0,7
2026-09-28T11:37:00+05:30,1045.9,1045.9,1040.0,1041.45,6
2026-09-28T11:38:00+05:30,1039.7,1039.7,1039.7,1039.7,1
2026-09-28T11:39:00+05:30,1038.0,1039.0,1033.0,1033.0,6
2026-09-28T11:40:00+05:30,1028.0,1028.0,1022.0,1022.0,2
2026-09-28T11:41:00+05:30,1031.65,1031.65,992.3,1003.05,38
2026-09-28T11:42:00+05:30,1006.9,1006.9,1002.35,1005.0,8
2026-09-28T11:43:00+05:30,1013.35,1015.0,1013.35,1013.5,25
2026-09-28T11:45:00+05:30,1014.0,1014.45,1007.65,1012.0,23
2026-09-28T11:46:00+05:30,1012.25,1012.25,1007.3,1011.0,9
2026-09-28T11:47:00+05:30,1014.85,1022.4,1011.0,1022.4,12
2026-09-28T11:48:00+05:30,1040.0,1047.05,1029.2,1029.2,17
2026-09-28T11:50:00+05:30,1043.0,1044.7,1031.8,1036.7,7
2026-09-28T11:51:00+05:30,1042.9,1045.8,1037.2,1045.8,12
2026-09-28T11:52:00+05:30,1052.45,1052.45,1041.15,1041.15,6
2026-09-28T11:53:00+05:30,1044.0,1044.0,1044.0,1044.0,1
2026-09-28T11:54:00+05:30,1050.0,1050.0,1050.0,1050.0,1
2026-09-28T11:55:00+05:30,1056.0,1072.4,1056.0,1072.4,16
2026-09-28T11:56:00+05:30,1068.25,1080.0,1065.85,1065.85,18
2026-09-28T11:57:00+05:30,1064.75,1067.05,1059.8,1067.05,10
2026-09-28T11:58:00+05:30,1060.95,1067.0,1060.95,1067.0,16
2026-09-28T11:59:00+05:30,1053.0,1053.0,1051.55,1052.95,5
2026-09-28T12:00:00+05:30,1053.3,1053.3,1053.3,1053.3,1
2026-09-28T12:01:00+05:30,1031.0,1053.0,1030.9,1053.0,8
2026-09-28T12:02:00+05:30,1060.0,1060.0,1043.0,1043.0,14
2026-09-28T12:03:00+05:30,1043.45,1060.0,1043.35,1060.0,5
2026-09-28T12:04:00+05:30,1045.0,1051.9,1045.0,1051.85,4
2026-09-28T12:05:00+05:30,1053.0,1053.0,1047.85,1048.0,4
2026-09-28T12:06:00+05:30,1046.0,1046.0,1030.0,1032.0,11
2026-09-28T12:07:00+05:30,1039.0,1048.3,1034.5,1042.85,29
2026-09-28T12:08:00+05:30,1054.7,1054.7,1040.3,1044.25,9
2026-09-28T12:09:00+05:30,1044.75,1051.45,1044.75,1048.95,4
2026-09-28T12:10:00+05:30,1048.0,1052.75,1045.8,1049.0,8
2026-09-28T12:11:00+05:30,1026.35,1047.65,1024.1,1047.65,16
2026-09-28T12:12:00+05:30,1049.6,1049.6,1038.3,1045.75,9
2026-09-28T12:13:00+05:30,1049.45,1049.45,1049.45,1049.45,1
2026-09-28T12:15:00+05:30,1058.8,1060.35,1058.8,1060.35,5
2026-09-28T12:16:00+05:30,1057.85,1057.85,1046.65,1046.75,11
2026-09-28T12:17:00+05:30,1043.45,1047.1,1043.4,1047.1,4
2026-09-28T12:18:00+05:30,1035.55,1035.55,1035.45,1035.45,2
2026-09-28T12:19:00+05:30,1036.45,1036.6,1036.45,1036.6,7
2026-09-28T12:20:00+05:30,1040.0,1040.0,1040.0,1040.0,1
2026-09-28T12:21:00+05:30,1046.0,1046.0,1042.05,1043.2,7
2026-09-28T12:22:00+05:30,1044.35,1055.55,1040.85,1055.55,8
2026-09-28T12:23:00+05:30,1053.8,1053.9,1053.8,1053.9,4
2026-09-28T12:24:00+05:30,1033.2,1046.85,1029.0,1029.0,9
2026-09-28T12:25:00+05:30,1022.7,1022.7,1015.0,1015.0,7
2026-09-28T12:26:00+05:30,1016.8,1017.2,1001.75,1003.1,13
2026-09-28T12:28:00+05:30,1017.3,1021.0,1015.1,1015.1,3
2026-09-28T12:29:00+05:30,1006.0,1006.0,1006.0,1006.0,1
2026-09-28T12:30:00+05:30,1014.65,1014.65,1014.65,1014.65,2
2026-09-28T12:31:00+05:30,1014.9,1023.3,1014.9,1016.55,10
2026-09-28T12:32:00+05:30,1008.85,1010.6,1008.85,1010.6,2
2026-09-28T12:33:00+05:30,1010.6,1044.5,1010.6,1032.4,13
2026-09-28T12:34:00+05:30,1042.0,1052.7,1042.0,1052.7,19
2026-09-28T12:35:00+05:30,1051.85,1056.9,1050.0,1050.0,25
2026-09-28T12:36:00+05:30,1042.2,1048.85,1040.85,1048.85,6
2026-09-28T12:39:00+05:30,1046.85,1046.85,1046.85,1046.85,2
2026-09-28T12:40:00+05:30,1046.45,1046.45,1046.45,1046.45,2
2026-09-28T12:41:00+05:30,1046.85,1047.2,1041.25,1041.25,12
2026-09-28T12:42:00+05:30,1042.2,1043.9,1031.35,1031.4,13
2026-09-28T12:43:00+05:30,1030.1,1030.1,1030.1,1030.1,1
2026-09-28T12:44:00+05:30,1041.1,1041.1,1041.1,1041.1,2
2026-09-28T12:45:00+05:30,1056.25,1056.25,1049.25,1049.25,4
2026-09-28T12:46:00+05:30,1038.7,1038.7,1034.4,1037.6,5
2026-09-28T12:47:00+05:30,1034.85,1041.0,1033.5,1036.0,9
2026-09-28T12:48:00+05:30,1036.45,1039.75,1036.45,1039.75,3
2026-09-28T12:51:00+05:30,1050.0,1061.25,1049.6,1057.25,8
2026-09-28T12:52:00+05:30,1051.35,1068.5,1043.65,1068.5,8
2026-09-28T12:54:00+05:30,1046.25,1046.55,1046.25,1046.55,7
2026-09-28T12:56:00+05:30,1063.4,1068.65,1056.25,1065.25,14
2026-09-28T12:57:00+05:30,1070.0,1072.95,1065.15,1072.95,6
2026-09-28T12:58:00+05:30,1068.55,1068.55,1059.7,1059.9,7
2026-09-28T12:59:00+05:30,1059.9,1059.9,1059.9,1059.9,3
2026-09-28T13:01:00+05:30,1060.35,1060.35,1054.1,1054.1,3
2026-09-28T13:02:00+05:30,1055.6,1063.0,1055.6,1063.0,2
2026-09-28T13:03:00+05:30,1068.2,1068.2,1068.2,1068.2,1
2026-09-28T13:05:00+05:30,1077.6,1077.6,1068.0,1068.0,3
2026-09-28T13:06:00+05:30,1070.25,1075.7,1070.25,1075.7,6
2026-09-28T13:07:00+05:30,1100.0,1100.0,1081.1,1081.1,2
2026-09-28T13:08:00+05:30,1082.2,1089.3,1082.2,1089.3,3
2026-09-28T13:09:00+05:30,1080.0,1080.0,1066.5,1066.5,5
2026-09-28T13:10:00+05:30,1060.9,1060.9,1060.9,1060.9,1
2026-09-28T13:11:00+05:30,1036.1,1056.0,1030.0,1056.0,4
2026-09-28T13:13:00+05:30,1055.8,1055.8,1055.8,1055.8,1
2026-09-28T13:16:00+05:30,1056.4,1057.05,1056.4,1057.05,2
2026-09-28T13:17:00+05:30,1054.2,1054.2,1054.2,1054.2,1
2026-09-28T13:18:00+05:30,1054.9,1065.0,1053.75,1065.0,14
2026-09-28T13:19:00+05:30,1065.0,1065.0,1065.0,1065.0,1
2026-09-28T13:22:00+05:30,1052.65,1058.0,1052.65,1058.0,3
2026-09-28T13:24:00+05:30,1035.4,1036.15,1035.4,1036.15,4
2026-09-28T13:26:00+05:30,1015.0,1020.0,1015.0,1019.05,4
2026-09-28T13:27:00+05:30,1029.0,1029.0,1029.0,1029.0,4
2026-09-28T13:28:00+05:30,1023.55,1027.55,1022.0,1022.0,4
2026-09-28T13:30:00+05:30,1040.0,1045.0,1040.0,1042.7,5
2026-09-28T13:31:00+05:30,1043.85,1050.0,1040.0,1050.0,9
2026-09-28T13:32:00+05:30,1050.0,1050.0,1047.95,1050.0,3
2026-09-28T13:33:00+05:30,1052.0,1062.0,1052.0,1062.0,8
2026-09-28T13:34:00+05:30,1059.6,1068.05,1059.6,1068.05,16
2026-09-28T13:35:00+05:30,1080.0,1080.0,1080.0,1080.0,1
2026-09-28T13:36:00+05:30,1072.95,1072.95,1072.95,1072.95,1
2026-09-28T13:37:00+05:30,1087.0,1089.0,1087.0,1089.0,2
2026-09-28T13:38:00+05:30,1084.6,1084.6,1084.6,1084.6,3
2026-09-28T13:39:00+05:30,1080.5,1080.5,1080.5,1080.5,1
2026-09-28T13:40:00+05:30,1056.0,1056.0,1056.0,1056.0,1
2026-09-28T13:41:00+05:30,1048.65,1053.55,1048.65,1053.55,2
2026-09-28T13:42:00+05:30,1062.65,1062.65,1062.4,1062.45,3
2026-09-28T13:43:00+05:30,1065.0,1065.0,1065.0,1065.0,1
2026-09-28T13:45:00+05:30,1058.6,1058.6,1058.6,1058.6,1
2026-09-28T13:46:00+05:30,1056.0,1056.0,1056.0,1056.0,1
2026-09-28T13:49:00+05:30,1071.0,1071.0,1071.0,1071.0,1
2026-09-28T13:51:00+05:30,1068.75,1068.75,1057.0,1067.2,15
2026-09-28T13:52:00+05:30,1052.5,1052.5,1052.5,1052.5,1
2026-09-28T13:55:00+05:30,1071.85,1080.6,1068.4,1076.55,45
2026-09-28T13:56:00+05:30,1058.85,1068.75,1049.95,1049.95,57
2026-09-28T13:57:00+05:30,1061.85,1072.2,1061.85,1064.2,53
2026-09-28T13:58:00+05:30,1057.85,1070.5,1057.8,1068.35,42
2026-09-28T13:59:00+05:30,1063.35,1063.35,1061.2,1061.4,8
2026-09-28T14:00:00+05:30,1065.55,1066.25,1063.3,1063.3,11
2026-09-28T14:01:00+05:30,1060.45,1066.25,1060.45,1066.25,5
2026-09-28T14:02:00+05:30,1077.8,1077.8,1077.8,1077.8,2
2026-09-28T14:03:00+05:30,1071.0,1071.0,1071.0,1071.0,1
2026-09-28T14:05:00+05:30,1073.45,1073.45,1073.45,1073.45,1
2026-09-28T14:06:00+05:30,1074.9,1088.0,1070.0,1088.0,8
2026-09-28T14:07:00+05:30,1072.8,1080.45,1072.8,1074.55,5
2026-09-28T14:08:00+05:30,1076.65,1076.65,1076.55,1076.55,2
2026-09-28T14:09:00+05:30,1089.0,1089.0,1087.05,1087.05,3
2026-09-28T14:11:00+05:30,1085.0,1085.0,1080.85,1080.85,2
2026-09-28T14:12:00+05:30,1073.0,1073.0,1071.7,1071.7,2
2026-09-28T14:13:00+05:30,1102.85,1102.85,1102.0,1102.0,3
2026-09-28T14:15:00+05:30,1087.7,1130.0,1087.7,1118.65,49
2026-09-28T14:16:00+05:30,1124.8,1124.8,1106.65,1106.65,6
2026-09-28T14:17:00+05:30,1128.85,1160.0,1126.4,1160.0,52
2026-09-28T14:18:00+05:30,1140.65,1173.25,1135.6,1170.1,32
2026-09-28T14:19:00+05:30,1163.9,1163.95,1148.9,1161.45,13
2026-09-28T14:20:00+05:30,1171.55,1171.55,1136.9,1137.5,36
2026-09-28T14:21:00+05:30,1136.9,1140.0,1130.25,1132.5,13
2026-09-28T14:22:00+05:30,1140.0,1141.0,1140.0,1141.0,2
2026-09-28T14:23:00+05:30,1144.2,1156.6,1144.2,1148.95,5
2026-09-28T14:25:00+05:30,1145.65,1145.65,1139.15,1139.15,2
2026-09-28T14:26:00+05:30,1132.7,1132.7,1132.7,1132.7,1
2026-09-28T14:27:00+05:30,1132.7,1135.0,1120.25,1120.25,3
2026-09-28T14:28:00+05:30,1140.0,1140.0,1140.0,1140.0,1
2026-09-28T14:29:00+05:30,1140.0,1140.0,1139.85,1139.85,2
2026-09-28T14:30:00+05:30,1112.2,1112.2,1112.2,1112.2,1
2026-09-28T14:31:00+05:30,1116.4,1131.5,1116.4,1131.5,7
2026-09-28T14:32:00+05:30,1145.7,1145.7,1145.7,1145.7,1
2026-09-28T14:33:00+05:30,1143.3,1143.3,1143.3,1143.3,1
2026-09-28T14:34:00+05:30,1150.0,1151.3,1148.0,1148.0,7
2026-09-28T14:35:00+05:30,1149.0,1149.0,1144.65,1146.75,13
2026-09-28T14:36:00+05:30,1145.0,1152.05,1145.0,1152.05,3
2026-09-28T14:37:00+05:30,1139.8,1154.6,1139.8,1145.45,8
2026-09-28T14:38:00+05:30,1167.35,1200.0,1162.7,1186.05,33
2026-09-28T14:39:00+05:30,1198.8,1201.3,1186.05,1193.5,18
2026-09-28T14:40:00+05:30,1186.0,1195.35,1179.55,1188.0,23
2026-09-28T14:41:00+05:30,1180.0,1180.0,1180.0,1180.0,1
2026-09-28T14:42:00+05:30,1195.7,1206.4,1195.1,1204.95,118
2026-09-28T14:44:00+05:30,1184.25,1185.65,1184.0,1185.65,6
2026-09-28T14:46:00+05:30,1191.65,1191.65,1170.8,1170.8,23
2026-09-28T14:47:00+05:30,1170.0,1172.65,1170.0,1172.65,2
2026-09-28T14:48:00+05:30,1167.95,1169.95,1160.0,1169.95,9
2026-09-28T14:49:00+05:30,1148.0,1148.0,1140.0,1140.0,4
2026-09-28T14:50:00+05:30,1149.8,1149.8,1130.0,1140.25,19
2026-09-28T14:51:00+05:30,1150.0,1152.35,1150.0,1152.35,2
2026-09-28T14:52:00+05:30,1152.35,1152.35,1152.35,1152.35,5
2026-09-28T14:54:00+05:30,1137.15,1137.15,1137.05,1137.05,5
2026-09-28T14:55:00+05:30,1144.55,1154.95,1144.55,1154.75,7
2026-09-28T14:56:00+05:30,1157.45,1157.55,1151.5,1151.5,4
2026-09-28T14:58:00+05:30,1170.0,1170.0,1170.0,1170.0,1
2026-09-28T14:59:00+05:30,1171.2,1171.2,1164.3,1164.3,4
2026-09-28T15:00:00+05:30,1167.8,1169.25,1164.8,1168.75,20
2026-09-28T15:01:00+05:30,1166.55,1166.55,1148.8,1150.3,12
2026-09-28T15:02:00+05:30,1179.35,1179.35,1179.35,1179.35,1
2026-09-28T15:03:00+05:30,1164.3,1164.3,1140.0,1140.0,90
2026-09-28T15:04:00+05:30,1142.2,1159.6,1137.8,1157.8,131
2026-09-28T15:05:00+05:30,1159.45,1166.0,1159.45,1166.0,51
2026-09-28T15:06:00+05:30,1160.35,1160.35,1149.45,1149.45,3
2026-09-28T15:07:00+05:30,1143.25,1161.25,1143.25,1160.2,10
2026-09-28T15:08:00+05:30,1155.05,1155.05,1153.15,1153.3,30
2026-09-28T15:09:00+05:30,1153.3,1153.3,1153.3,1153.3,1
2026-09-28T15:10:00+05:30,1145.05,1151.8,1142.6,1142.6,29
2026-09-28T15:11:00+05:30,1156.1,1162.3,1156.1,1162.3,3
2026-09-28T15:12:00+05:30,1157.15,1159.0,1147.1,1155.0,9
2026-09-28T15:13:00+05:30,1158.65,1162.15,1148.8,1162.15,43
2026-09-28T15:14:00+05:30,1160.7,1165.15,1157.05,1165.15,4
2026-09-28T15:15:00+05:30,1157.2,1157.35,1150.3,1152.5,10
2026-09-28T15:16:00+05:30,1154.05,1178.85,1154.05,1159.05,142
2026-09-28T15:17:00+05:30,1180.95,1184.05,1150.0,1171.85,25
2026-09-28T15:18:00+05:30,1172.5,1174.3,1172.5,1174.3,2
2026-09-28T15:19:00+05:30,1171.05,1172.0,1165.85,1166.1,10
2026-09-28T15:20:00+05:30,1179.3,1179.55,1150.0,1179.05,19
2026-09-28T15:21:00+05:30,1166.8,1166.8,1157.3,1163.95,3
2026-09-28T15:22:00+05:30,1165.05,1170.5,1165.05,1170.5,5
2026-09-28T15:23:00+05:30,1168.7,1175.15,1150.15,1168.45,61
2026-09-28T15:24:00+05:30,1167.6,1170.8,1167.6,1170.8,6
2026-09-28T15:25:00+05:30,1150.4,1163.75,1150.4,1151.55,11
2026-09-28T15:26:00+05:30,1163.5,1163.7,1155.0,1155.0,27
2026-09-28T15:27:00+05:30,1161.55,1175.1,1159.05,1161.0,7
2026-09-28T15:28:00+05:30,1160.55,1160.95,1157.9,1158.05,5
2026-09-28T15:29:00+05:30,1167.5,1199.95,1158.05,1158.05,15
2026-09-28T15:30:00+05:30,1155.85,1155.85,1155.85,1155.85,1
