timestamp,open,high,low,close,volume
2026-09-21T09:15:00+05:30,58.0,61.85,54.4,60.75,54
2026-09-21T09:16:00+05:30,68.0,68.35,57.55,57.55,146
2026-09-21T09:17:00+05:30,57.6,58.2,52.9,52.95,281
2026-09-21T09:18:00+05:30,54.15,55.95,51.65,52.5,376
2026-09-21T09:19:00+05:30,53.35,56.9,53.35,56.9,127
2026-09-21T09:20:00+05:30,56.45,57.1,54.55,55.7,127
2026-09-21T09:21:00+05:30,55.6,57.85,55.05,56.75,396
2026-09-21T09:22:00+05:30,58.0,58.0,54.0,54.0,155
2026-09-21T09:23:00+05:30,53.65,53.65,50.55,51.0,79
2026-09-21T09:24:00+05:30,52.0,52.0,51.0,51.3,54
2026-09-21T09:25:00+05:30,51.6,52.5,50.15,50.65,396
2026-09-21T09:26:00+05:30,50.8,51.7,50.05,51.15,162
2026-09-21T09:27:00+05:30,50.8,52.0,50.45,52.0,31
2026-09-21T09:28:00+05:30,51.15,51.45,51.0,51.0,20
2026-09-21T09:29:00+05:30,51.1,51.1,49.4,49.7,88
2026-09-21T09:30:00+05:30,49.9,50.2,49.0,49.95,37
2026-09-21T09:31:00+05:30,50.0,50.75,49.45,50.6,70
2026-09-21T09:32:00+05:30,49.95,49.95,49.0,49.15,84
2026-09-21T09:33:00+05:30,48.75,49.05,48.25,48.75,18
2026-09-21T09:34:00+05:30,49.25,49.25,48.8,49.05,28
2026-09-21T09:35:00+05:30,48.7,48.7,47.0,47.15,36
2026-09-21T09:36:00+05:30,47.75,49.1,47.75,48.9,146
2026-09-21T09:37:00+05:30,48.75,50.6,48.75,50.5,36
2026-09-21T09:38:00+05:30,50.95,51.75,49.6,51.05,49
2026-09-21T09:39:00+05:30,50.7,51.3,49.55,50.85,52
2026-09-21T09:40:00+05:30,50.6,50.75,49.9,49.9,55
2026-09-21T09:41:00+05:30,50.2,50.5,48.05,48.8,70
2026-09-21T09:42:00+05:30,48.0,48.55,47.35,48.25,101
2026-09-21T09:43:00+05:30,48.1,48.1,47.1,47.1,37
2026-09-21T09:44:00+05:30,47.1,47.1,46.6,47.0,137
2026-09-21T09:45:00+05:30,47.05,47.7,47.05,47.7,54
2026-09-21T09:46:00+05:30,47.2,47.6,47.0,47.0,41
2026-09-21T09:47:00+05:30,47.55,48.0,47.5,48.0,7
2026-09-21T09:48:00+05:30,48.45,49.0,47.65,47.9,61
2026-09-21T09:49:00+05:30,47.35,47.7,47.0,47.7,74
2026-09-21T09:50:00+05:30,47.7,47.7,47.7,47.7,7
2026-09-21T09:51:00+05:30,47.35,47.5,46.7,46.7,31
2026-09-21T09:52:00+05:30,47.2,48.0,47.2,48.0,22
2026-09-21T09:53:00+05:30,47.6,50.1,47.35,49.9,53
2026-09-21T09:54:00+05:30,49.9,49.9,49.2,49.35,29
2026-09-21T09:55:00+05:30,50.0,50.75,50.0,50.6,26
2026-09-21T09:56:00+05:30,50.55,51.25,50.1,50.95,121
2026-09-21T09:57:00+05:30,50.85,50.85,49.35,49.85,12
2026-09-21T09:58:00+05:30,49.85,50.15,49.8,50.15,10
2026-09-21T09:59:00+05:30,51.0,51.25,50.8,50.95,35
2026-09-21T10:00:00+05:30,50.55,50.55,50.55,50.55,1
2026-09-21T10:01:00+05:30,52.0,52.9,51.6,52.9,35
2026-09-21T10:02:00+05:30,52.0,53.0,51.9,53.0,22
2026-09-21T10:03:00+05:30,53.3,53.3,53.15,53.15,2
2026-09-21T10:04:00+05:30,53.4,53.5,53.4,53.5,3
2026-09-21T10:05:00+05:30,53.0,54.15,52.5,54.15,37
2026-09-21T10:06:00+05:30,53.95,55.3,53.9,54.35,29
2026-09-21T10:07:00+05:30,54.6,54.8,53.4,54.0,20
2026-09-21T10:08:00+05:30,53.9,53.9,53.8,53.8,2
2026-09-21T10:09:00+05:30,53.05,53.05,52.05,52.05,36
2026-09-21T10:10:00+05:30,52.05,52.05,50.65,51.0,62
2026-09-21T10:11:00+05:30,51.35,52.0,50.85,51.45,25
2026-09-21T10:12:00+05:30,52.1,52.1,51.0,52.0,85
2026-09-21T10:13:00+05:30,53.0,53.4,52.65,53.0,63
2026-09-21T10:14:00+05:30,53.15,55.0,52.9,54.25,37
2026-09-21T10:15:00+05:30,54.9,55.45,54.0,54.0,38
2026-09-21T10:16:00+05:30,54.0,54.0,51.75,51.75,23
2026-09-21T10:17:00+05:30,51.75,53.4,51.75,53.35,20
2026-09-21T10:18:00+05:30,53.1,53.1,51.9,51.9,43
2026-09-21T10:19:00+05:30,52.8,53.1,52.8,53.1,5
2026-09-21T10:20:00+05:30,53.05,53.05,52.15,52.2,56
2026-09-21T10:21:00+05:30,53.95,53.95,50.5,51.7,60
2026-09-21T10:22:00+05:30,52.0,52.0,51.85,51.85,4
2026-09-21T10:23:00+05:30,51.6,51.75,51.05,51.15,9
2026-09-21T10:24:00+05:30,51.0,52.45,51.0,52.45,76
2026-09-21T10:25:00+05:30,52.6,52.75,52.0,52.0,39
2026-09-21T10:26:00+05:30,51.9,52.15,51.9,52.0,7
2026-09-21T10:27:00+05:30,53.0,53.65,53.0,53.65,8
2026-09-21T10:28:00+05:30,53.0,53.1,52.3,52.95,19
2026-09-21T10:29:00+05:30,53.2,53.2,51.75,51.75,17
2026-09-21T10:30:00+05:30,52.2,52.45,51.9,52.0,22
2026-09-21T10:31:00+05:30,52.85,52.85,52.2,52.2,28
2026-09-21T10:32:00+05:30,52.05,53.0,51.9,52.45,28
2026-09-21T10:33:00+05:30,52.35,52.75,52.25,52.7,12
2026-09-21T10:35:00+05:30,52.95,53.45,52.75,52.75,17
2026-09-21T10:36:00+05:30,52.15,52.4,51.85,51.95,28
2026-09-21T10:37:00+05:30,52.2,52.2,51.9,52.1,6
2026-09-21T10:38:00+05:30,53.0,53.0,52.8,52.8,4
2026-09-21T10:39:00+05:30,53.0,53.4,53.0,53.2,4
2026-09-21T10:40:00+05:30,52.6,52.75,52.6,52.75,2
2026-09-21T10:41:00+05:30,52.9,53.05,52.0,52.0,28
2026-09-21T10:42:00+05:30,52.2,52.4,51.3,52.4,24
2026-09-21T10:43:00+05:30,51.7,51.85,51.0,51.0,32
2026-09-21T10:44:00+05:30,51.1,51.1,50.4,50.4,3
2026-09-21T10:45:00+05:30,50.05,50.05,49.4,49.5,19
2026-09-21T10:46:00+05:30,49.15,49.4,47.6,47.85,61
2026-09-21T10:47:00+05:30,47.9,48.7,47.0,48.6,54
2026-09-21T10:48:00+05:30,48.45,48.75,48.2,48.25,96
2026-09-21T10:49:00+05:30,48.0,48.35,47.95,48.35,5
2026-09-21T10:50:00+05:30,48.3,48.3,48.2,48.2,3
2026-09-21T10:51:00+05:30,48.25,48.25,48.2,48.2,2
2026-09-21T10:53:00+05:30,48.25,48.25,47.7,47.75,11
2026-09-21T10:54:00+05:30,47.6,47.7,47.4,47.7,5
2026-09-21T10:55:00+05:30,47.75,48.3,47.75,48.3,2
2026-09-21T10:56:00+05:30,48.15,48.25,47.9,47.9,48
2026-09-21T10:57:00+05:30,47.6,47.6,46.8,47.3,15
2026-09-21T10:58:00+05:30,47.35,47.35,47.25,47.25,3
2026-09-21T10:59:00+05:30,47.65,47.7,46.65,46.65,43
2026-09-21T11:00:00+05:30,46.1,46.4,46.1,46.4,4
2026-09-21T11:02:00+05:30,47.05,47.1,46.4,46.4,4
2026-09-21T11:03:00+05:30,46.9,47.05,46.15,46.4,11
2026-09-21T11:04:00+05:30,46.0,46.0,45.85,46.0,9
2026-09-21T11:05:00+05:30,45.95,46.3,45.85,46.1,21
2026-09-21T11:06:00+05:30,45.85,45.85,44.45,44.95,12
2026-09-21T11:07:00+05:30,45.1,45.25,44.0,44.55,112
2026-09-21T11:08:00+05:30,44.6,45.05,44.0,45.05,119
2026-09-21T11:09:00+05:30,44.7,44.9,44.35,44.75,24
2026-09-21T11:10:00+05:30,44.95,45.3,44.7,45.3,34
2026-09-21T11:11:00+05:30,45.25,45.25,44.75,45.0,19
2026-09-21T11:12:00+05:30,44.7,44.95,44.7,44.95,15
2026-09-21T11:13:00+05:30,45.4,45.4,44.4,45.1,49
2026-09-21T11:14:00+05:30,45.0,45.25,44.95,45.15,9
2026-09-21T11:15:00+05:30,44.6,45.15,44.6,45.1,3
2026-09-21T11:17:00+05:30,46.0,46.0,46.0,46.0,3
2026-09-21T11:18:00+05:30,45.95,47.0,45.95,47.0,6
2026-09-21T11:19:00+05:30,46.8,47.0,46.75,46.8,37
2026-09-21T11:20:00+05:30,46.55,48.0,46.45,48.0,26
2026-09-21T11:21:00+05:30,47.6,48.2,47.2,47.55,31
2026-09-21T11:22:00+05:30,47.0,47.15,46.85,47.15,10
2026-09-21T11:23:00+05:30,46.9,46.9,46.25,46.45,5
2026-09-21T11:24:00+05:30,46.65,46.65,46.65,46.65,3
2026-09-21T11:25:00+05:30,46.55,46.55,46.55,46.55,1
2026-09-21T11:26:00+05:30,46.0,46.2,45.45,46.2,11
2026-09-21T11:27:00+05:30,46.1,46.1,45.3,45.35,16
2026-09-21T11:28:00+05:30,45.0,45.0,44.6,45.0,16
2026-09-21T11:29:00+05:30,45.0,45.0,45.0,45.0,1
2026-09-21T11:30:00+05:30,45.0,45.0,44.35,44.4,5
2026-09-21T11:32:00+05:30,46.0,46.0,46.0,46.0,3
2026-09-21T11:33:00+05:30,46.05,46.05,46.0,46.0,3
2026-09-21T11:35:00+05:30,46.05,47.7,46.05,47.65,19
2026-09-21T11:36:00+05:30,47.4,47.4,46.4,46.75,16
2026-09-21T11:37:00+05:30,47.05,47.2,46.95,47.2,6
2026-09-21T11:38:00+05:30,47.45,47.45,47.2,47.2,8
2026-09-21T11:39:00+05:30,47.05,47.05,46.7,47.05,17
2026-09-21T11:40:00+05:30,47.25,47.35,46.75,47.05,18
2026-09-21T11:41:00+05:30,46.95,46.95,45.95,46.65,41
2026-09-21T11:42:00+05:30,46.05,46.8,45.7,46.65,42
2026-09-21T11:43:00+05:30,46.4,46.5,46.15,46.5,4
2026-09-21T11:44:00+05:30,46.5,47.7,46.5,46.95,16
2026-09-21T11:45:00+05:30,47.2,47.5,46.65,47.5,5
2026-09-21T11:46:00+05:30,46.85,48.05,46.85,47.8,13
2026-09-21T11:47:00+05:30,47.45,47.45,47.45,47.45,1
2026-09-21T11:48:00+05:30,47.65,47.7,47.6,47.7,7
2026-09-21T11:49:00+05:30,48.0,48.0,48.0,48.0,1
2026-09-21T11:51:00+05:30,47.35,47.35,47.3,47.3,2
2026-09-21T11:52:00+05:30,47.0,47.0,47.0,47.0,3
2026-09-21T11:53:00+05:30,46.75,47.15,46.75,47.15,34
2026-09-21T11:54:00+05:30,47.0,47.0,45.75,45.95,32
2026-09-21T11:55:00+05:30,46.4,46.4,46.1,46.1,4
2026-09-21T11:56:00+05:30,45.95,46.05,45.15,45.15,7
2026-09-21T11:57:00+05:30,45.3,45.3,44.3,44.55,27
2026-09-21T11:58:00+05:30,44.5,44.55,44.05,44.55,23
2026-09-21T11:59:00+05:30,44.15,44.9,44.15,44.7,13
2026-09-21T12:00:00+05:30,44.25,44.6,44.0,44.6,17
2026-09-21T12:01:00+05:30,44.15,44.35,44.0,44.3,26
2026-09-21T12:02:00+05:30,44.25,45.0,44.25,45.0,10
2026-09-21T12:03:00+05:30,44.9,45.3,44.7,45.3,30
2026-09-21T12:04:00+05:30,44.65,44.65,44.5,44.55,5
2026-09-21T12:05:00+05:30,45.0,45.2,44.9,44.95,4
2026-09-21T12:06:00+05:30,44.95,45.05,44.85,45.05,11
2026-09-21T12:07:00+05:30,45.3,45.35,45.3,45.35,3
2026-09-21T12:08:00+05:30,46.0,46.0,46.0,46.0,3
2026-09-21T12:09:00+05:30,47.0,47.0,47.0,47.0,3
2026-09-21T12:11:00+05:30,47.15,47.15,46.75,46.75,4
2026-09-21T12:12:00+05:30,46.65,47.35,46.65,47.35,64
2026-09-21T12:13:00+05:30,47.4,47.4,47.35,47.35,3
2026-09-21T12:14:00+05:30,46.8,47.1,46.7,47.1,6
2026-09-21T12:15:00+05:30,46.85,47.15,46.8,46.8,5
2026-09-21T12:16:00+05:30,46.3,46.45,46.0,46.45,9
2026-09-21T12:17:00+05:30,46.8,47.0,46.65,46.9,18
2026-09-21T12:18:00+05:30,46.85,47.85,46.85,47.85,7
2026-09-21T12:19:00+05:30,47.6,48.0,47.6,47.6,9
2026-09-21T12:20:00+05:30,47.6,48.0,47.6,48.0,4
2026-09-21T12:21:00+05:30,47.95,47.95,47.95,47.95,1
2026-09-21T12:22:00+05:30,48.0,48.0,48.0,48.0,1
2026-09-21T12:23:00+05:30,48.0,48.85,47.8,48.6,11
2026-09-21T12:24:00+05:30,48.9,48.9,47.65,47.65,8
2026-09-21T12:25:00+05:30,47.65,47.65,47.4,47.55,12
2026-09-21T12:26:00+05:30,47.4,47.4,46.65,46.8,13
2026-09-21T12:27:00+05:30,46.4,46.4,46.4,46.4,4
2026-09-21T12:28:00+05:30,46.4,46.4,46.25,46.25,7
2026-09-21T12:29:00+05:30,46.0,46.0,45.9,45.9,4
2026-09-21T12:30:00+05:30,45.85,45.85,45.0,45.0,18
2026-09-21T12:31:00+05:30,44.8,45.0,44.75,45.0,5
2026-09-21T12:32:00+05:30,45.7,45.75,45.55,45.75,7
2026-09-21T12:33:00+05:30,45.65,46.1,45.35,46.1,12
2026-09-21T12:34:00+05:30,46.05,46.1,45.3,45.3,17
2026-09-21T12:35:00+05:30,45.6,45.6,44.7,44.7,8
2026-09-21T12:36:00+05:30,44.8,45.4,44.8,45.4,17
2026-09-21T12:37:00+05:30,45.35,45.95,44.95,45.15,23
2026-09-21T12:38:00+05:30,45.35,45.35,45.2,45.35,3
2026-09-21T12:39:00+05:30,45.6,45.6,45.15,45.2,8
2026-09-21T12:40:00+05:30,44.8,45.2,44.8,45.0,5
2026-09-21T12:41:00+05:30,45.2,45.2,45.2,45.2,3
2026-09-21T12:42:00+05:30,45.3,45.3,44.95,45.05,12
2026-09-21T12:43:00+05:30,44.95,44.95,44.6,44.75,7
2026-09-21T12:44:00+05:30,44.95,44.95,43.3,43.3,23
2026-09-21T12:45:00+05:30,43.2,43.35,43.05,43.3,21
2026-09-21T12:46:00+05:30,43.25,43.4,43.1,43.35,9
2026-09-21T12:47:00+05:30,43.8,44.05,43.8,44.05,3
2026-09-21T12:48:00+05:30,44.0,44.0,44.0,44.0,1
2026-09-21T12:50:00+05:30,44.35,44.6,44.35,44.6,8
2026-09-21T12:51:00+05:30,45.0,45.0,44.7,44.7,4
2026-09-21T12:52:00+05:30,44.35,44.35,44.35,44.35,1
2026-09-21T12:53:00+05:30,44.8,44.8,44.5,44.6,7
2026-09-21T12:54:00+05:30,44.35,44.35,44.05,44.05,3
2026-09-21T12:55:00+05:30,44.0,44.25,43.85,44.2,19
2026-09-21T12:56:00+05:30,44.5,44.65,44.4,44.55,19
2026-09-21T12:57:00+05:30,44.3,44.4,44.3,44.4,2
2026-09-21T12:58:00+05:30,44.45,44.45,44.2,44.35,6
2026-09-21T12:59:00+05:30,44.65,45.2,44.65,45.2,17
2026-09-21T13:00:00+05:30,45.05,45.05,44.8,44.8,2
2026-09-21T13:01:00+05:30,45.0,45.05,44.8,45.05,3
2026-09-21T13:03:00+05:30,45.1,45.1,45.1,45.1,1
2026-09-21T13:04:00+05:30,45.4,46.0,45.3,46.0,43
2026-09-21T13:05:00+05:30,45.5,45.7,45.0,45.0,14
2026-09-21T13:06:00+05:30,45.1,45.1,44.9,44.9,8
2026-09-21T13:07:00+05:30,44.7,45.1,44.65,45.1,5
2026-09-21T13:08:00+05:30,44.95,44.95,44.85,44.85,5
2026-09-21T13:09:00+05:30,44.6,44.85,44.3,44.85,19
2026-09-21T13:10:00+05:30,44.9,44.9,44.9,44.9,1
2026-09-21T13:11:00+05:30,44.55,44.55,44.55,44.55,1
2026-09-21T13:12:00+05:30,44.95,44.95,44.4,44.6,9
2026-09-21T13:13:00+05:30,44.9,45.0,44.5,44.5,17
2026-09-21T13:14:00+05:30,44.3,44.3,43.85,44.0,10
2026-09-21T13:15:00+05:30,43.75,43.75,42.2,42.5,78
2026-09-21T13:16:00+05:30,42.55,42.6,41.6,42.6,87
2026-09-21T13:17:00+05:30,42.6,42.6,41.7,42.0,33
2026-09-21T13:18:00+05:30,41.9,42.25,40.25,40.25,26
2026-09-21T13:19:00+05:30,40.45,40.8,39.7,40.4,51
2026-09-21T13:20:00+05:30,40.45,41.45,39.95,41.35,106
2026-09-21T13:21:00+05:30,41.25,42.1,41.2,42.0,115
2026-09-21T13:22:00+05:30,41.1,41.6,41.1,41.6,3
2026-09-21T13:23:00+05:30,42.0,42.0,42.0,42.0,2
2026-09-21T13:24:00+05:30,42.35,42.35,42.25,42.25,2
2026-09-21T13:25:00+05:30,42.3,42.6,42.25,42.6,3
2026-09-21T13:26:00+05:30,41.8,41.8,41.5,41.65,4
2026-09-21T13:27:00+05:30,41.1,41.85,41.1,41.85,1
2026-09-21T13:28:00+05:30,42.05,42.15,41.95,42.15,10
2026-09-21T13:29:00+05:30,42.0,42.2,42.0,42.2,8
2026-09-21T13:30:00+05:30,41.7,42.1,41.7,42.1,21
2026-09-21T13:31:00+05:30,41.7,41.7,41.25,41.35,22
2026-09-21T13:32:00+05:30,41.25,41.25,41.0,41.05,22
2026-09-21T13:33:00+05:30,40.7,40.7,40.6,40.6,5
2026-09-21T13:34:00+05:30,40.0,40.0,39.85,39.9,7
2026-09-21T13:35:00+05:30,39.0,39.2,38.65,38.65,17
2026-09-21T13:36:00+05:30,38.55,39.0,38.45,38.65,14
2026-09-21T13:37:00+05:30,38.0,38.7,37.85,38.7,13
2026-09-21T13:38:00+05:30,38.5,38.7,38.45,38.55,10
2026-09-21T13:39:00+05:30,38.35,38.4,38.0,38.05,36
2026-09-21T13:40:00+05:30,37.7,37.75,37.5,37.75,9
2026-09-21T13:41:00+05:30,37.6,37.7,37.3,37.7,45
2026-09-21T13:42:00+05:30,37.0,37.85,36.6,37.85,9
2026-09-21T13:43:00+05:30,37.75,38.25,37.7,38.25,6
2026-09-21T13:44:00+05:30,38.7,38.7,38.15,38.35,98
2026-09-21T13:45:00+05:30,38.65,38.65,38.6,38.65,5
2026-09-21T13:46:00+05:30,39.0,39.2,39.0,39.05,22
2026-09-21T13:47:00+05:30,38.6,38.6,38.35,38.35,5
2026-09-21T13:48:00+05:30,38.8,38.8,38.4,38.5,14
2026-09-21T13:49:00+05:30,39.2,39.2,38.45,38.55,37
2026-09-21T13:50:00+05:30,38.25,38.4,38.25,38.3,82
2026-09-21T13:51:00+05:30,38.3,38.3,37.55,37.8,49
2026-09-21T13:52:00+05:30,38.0,38.0,36.85,37.85,229
2026-09-21T13:53:00+05:30,37.75,38.0,36.25,37.85,183
2026-09-21T13:54:00+05:30,38.1,38.6,38.05,38.4,34
2026-09-21T13:55:00+05:30,37.4,37.7,37.35,37.7,50
2026-09-21T13:56:00+05:30,37.6,37.65,37.45,37.65,4
2026-09-21T13:57:00+05:30,37.35,37.55,36.6,37.05,36
2026-09-21T13:58:00+05:30,37.0,37.0,35.55,36.45,175
2026-09-21T13:59:00+05:30,36.45,36.85,35.55,36.3,99
2026-09-21T14:00:00+05:30,36.25,36.3,35.65,35.8,86
2026-09-21T14:01:00+05:30,35.75,36.0,35.45,35.5,16
2026-09-21T14:02:00+05:30,35.5,35.8,35.4,35.6,113
2026-09-21T14:03:00+05:30,35.35,35.55,35.35,35.55,17
2026-09-21T14:04:00+05:30,35.7,36.2,35.6,36.2,28
2026-09-21T14:05:00+05:30,36.15,36.15,35.7,35.75,42
2026-09-21T14:06:00+05:30,35.55,35.55,35.0,35.25,13
2026-09-21T14:07:00+05:30,35.0,35.5,34.7,35.45,61
2026-09-21T14:08:00+05:30,35.6,36.65,35.45,35.95,175
2026-09-21T14:09:00+05:30,35.9,36.1,35.7,35.75,112
2026-09-21T14:10:00+05:30,35.85,36.05,35.5,36.0,33
2026-09-21T14:11:00+05:30,36.45,36.45,35.45,35.95,37
2026-09-21T14:12:00+05:30,35.75,35.8,35.5,35.8,26
2026-09-21T14:13:00+05:30,35.9,36.5,35.9,36.4,6
2026-09-21T14:14:00+05:30,35.95,36.0,35.9,36.0,178
2026-09-21T14:15:00+05:30,36.55,36.6,36.1,36.1,7
2026-09-21T14:16:00+05:30,35.85,35.85,35.5,35.5,14
2026-09-21T14:17:00+05:30,35.5,35.75,35.3,35.45,27
2026-09-21T14:18:00+05:30,35.5,35.5,35.5,35.5,1
2026-09-21T14:19:00+05:30,35.1,35.2,34.75,35.0,78
2026-09-21T14:20:00+05:30,34.8,34.8,34.65,34.75,7
2026-09-21T14:22:00+05:30,35.3,35.45,34.95,35.45,18
2026-09-21T14:23:00+05:30,35.0,35.25,35.0,35.2,3
2026-09-21T14:24:00+05:30,35.05,35.05,35.05,35.05,2
2026-09-21T14:25:00+05:30,35.35,35.4,35.35,35.4,3
2026-09-21T14:26:00+05:30,35.8,35.8,35.8,35.8,2
2026-09-21T14:27:00+05:30,35.4,35.4,35.4,35.4,4
2026-09-21T14:28:00+05:30,35.4,35.9,35.4,35.85,13
2026-09-21T14:29:00+05:30,36.05,36.25,35.8,36.25,11
2026-09-21T14:30:00+05:30,36.25,37.0,36.25,36.85,9
2026-09-21T14:31:00+05:30,36.55,36.6,36.25,36.6,4
2026-09-21T14:32:00+05:30,36.2,36.55,36.2,36.25,9
2026-09-21T14:33:00+05:30,36.25,36.6,36.2,36.2,54
2026-09-21T14:34:00+05:30,36.35,36.55,36.2,36.55,15
2026-09-21T14:35:00+05:30,36.5,36.5,35.95,36.0,136
2026-09-21T14:36:00+05:30,36.0,36.0,35.5,35.7,21
2026-09-21T14:38:00+05:30,35.65,35.65,35.1,35.1,3
2026-09-21T14:39:00+05:30,35.45,35.9,35.45,35.9,9
2026-09-21T14:40:00+05:30,35.4,35.45,35.4,35.4,5
2026-09-21T14:41:00+05:30,35.4,35.4,35.4,35.4,1
2026-09-21T14:42:00+05:30,35.55,35.55,35.55,35.55,1
2026-09-21T14:43:00+05:30,34.75,34.75,34.4,34.6,13
2026-09-21T14:44:00+05:30,34.75,34.75,34.75,34.75,1
2026-09-21T14:45:00+05:30,34.7,34.7,34.4,34.7,36
2026-09-21T14:46:00+05:30,34.85,35.25,34.85,35.25,6
2026-09-21T14:47:00+05:30,34.85,34.9,34.85,34.9,2
2026-09-21T14:48:00+05:30,34.9,35.3,34.45,35.3,4
2026-09-21T14:49:00+05:30,35.55,35.75,35.5,35.65,5
2026-09-21T14:50:00+05:30,35.3,36.15,35.1,36.15,14
2026-09-21T14:51:00+05:30,36.15,37.0,36.15,36.5,33
2026-09-21T14:52:00+05:30,36.5,36.9,36.35,36.35,10
2026-09-21T14:53:00+05:30,36.45,36.6,36.45,36.6,12
2026-09-21T14:54:00+05:30,36.85,36.85,36.25,36.45,9
2026-09-21T14:55:00+05:30,36.25,36.3,36.2,36.25,10
2026-09-21T14:56:00+05:30,36.15,36.15,35.6,35.6,17
2026-09-21T14:57:00+05:30,35.65,35.65,35.6,35.6,2
2026-09-21T14:58:00+05:30,35.5,35.65,35.15,35.3,68
2026-09-21T15:00:00+05:30,35.4,36.95,35.4,36.1,34
2026-09-21T15:01:00+05:30,36.1,36.45,36.1,36.25,34
2026-09-21T15:02:00+05:30,36.25,36.6,36.0,36.6,19
2026-09-21T15:03:00+05:30,36.85,37.6,36.8,37.2,29
2026-09-21T15:04:00+05:30,37.4,37.85,37.3,37.5,19
2026-09-21T15:05:00+05:30,37.35,37.45,36.95,36.95,16
2026-09-21T15:06:00+05:30,37.2,37.45,36.6,36.6,17
2026-09-21T15:07:00+05:30,36.9,37.1,36.6,37.0,85
2026-09-21T15:08:00+05:30,37.0,37.3,37.0,37.25,22
2026-09-21T15:09:00+05:30,37.05,37.2,36.5,36.5,19
2026-09-21T15:10:00+05:30,36.85,37.85,36.85,37.85,22
2026-09-21T15:11:00+05:30,37.9,37.95,37.6,37.6,30
2026-09-21T15:12:00+05:30,38.25,38.7,38.25,38.7,15
2026-09-21T15:13:00+05:30,38.6,38.65,38.1,38.1,3
2026-09-21T15:14:00+05:30,38.55,38.95,38.55,38.85,51
2026-09-21T15:15:00+05:30,38.75,38.85,38.55,38.85,117
2026-09-21T15:16:00+05:30,38.9,39.3,38.0,38.35,91
2026-09-21T15:17:00+05:30,38.35,38.55,38.35,38.55,2
2026-09-21T15:18:00+05:30,38.55,38.55,38.45,38.5,22
2026-09-21T15:20:00+05:30,38.4,39.0,38.4,39.0,153
2026-09-21T15:21:00+05:30,39.0,39.0,38.1,38.25,84
2026-09-21T15:22:00+05:30,38.15,38.15,38.0,38.0,4
2026-09-21T15:23:00+05:30,38.05,38.05,37.2,37.65,16
2026-09-21T15:24:00+05:30,37.6,37.6,37.05,37.05,5
2026-09-21T15:25:00+05:30,37.2,37.2,37.2,37.2,9
2026-09-21T15:26:00+05:30,38.1,38.9,38.1,38.65,47
2026-09-21T15:27:00+05:30,38.75,38.75,38.75,38.75,10
2026-09-21T15:28:00+05:30,38.9,38.9,38.9,38.9,1
2026-09-21T15:29:00+05:30,38.65,38.95,38.65,38.95,3
2026-09-21T15:30:00+05:30,38.8,38.8,38.8,38.8,2
2026-09-21T15:31:00+05:30,38.35,38.35,38.1,38.3,15
2026-09-21T15:32:00+05:30,38.3,38.7,38.2,38.7,222
2026-09-21T15:33:00+05:30,38.7,38.9,38.45,38.9,36
2026-09-21T15:34:00+05:30,38.75,39.15,38.4,39.15,85
2026-09-21T15:35:00+05:30,38.9,38.95,38.45,38.5,21
2026-09-21T15:36:00+05:30,38.75,39.8,38.25,39.15,67
2026-09-21T15:37:00+05:30,39.85,40.0,39.2,39.2,71
2026-09-21T15:38:00+05:30,39.95,40.0,39.35,39.8,19
2026-09-21T15:39:00+05:30,39.9,45.05,39.85,45.05,41
2026-09-22T09:15:00+05:30,38.8,38.8,30.3,31.5,211
2026-09-22T09:16:00+05:30,31.45,32.6,31.0,32.6,325
2026-09-22T09:17:00+05:30,33.05,33.35,30.65,30.9,146
2026-09-22T09:18:00+05:30,29.8,30.05,28.8,28.95,66
2026-09-22T09:19:00+05:30,29.15,29.15,28.25,28.5,132
2026-09-22T09:20:00+05:30,28.35,29.0,28.0,28.95,106
2026-09-22T09:21:00+05:30,28.85,29.35,28.3,28.3,52
2026-09-22T09:22:00+05:30,28.3,28.8,27.85,28.8,113
2026-09-22T09:23:00+05:30,28.3,28.3,27.5,28.0,312
2026-09-22T09:24:00+05:30,27.65,27.75,27.0,27.55,65
2026-09-22T09:25:00+05:30,27.95,29.05,27.95,28.35,105
2026-09-22T09:26:00+05:30,28.05,28.35,27.75,28.35,63
2026-09-22T09:27:00+05:30,28.1,28.5,28.0,28.0,18
2026-09-22T09:28:00+05:30,27.75,27.85,26.9,27.0,48
2026-09-22T09:29:00+05:30,27.1,27.1,25.5,25.75,53
2026-09-22T09:30:00+05:30,25.55,26.15,25.3,26.15,295
2026-09-22T09:31:00+05:30,26.1,26.65,26.1,26.55,29
2026-09-22T09:32:00+05:30,26.3,27.2,26.3,27.2,75
2026-09-22T09:33:00+05:30,26.85,27.1,26.85,27.1,10
2026-09-22T09:34:00+05:30,26.95,26.95,26.65,26.65,4
2026-09-22T09:35:00+05:30,26.5,26.65,26.35,26.65,27
2026-09-22T09:36:00+05:30,26.25,26.25,26.25,26.25,1
2026-09-22T09:37:00+05:30,26.05,26.05,25.55,25.65,189
2026-09-22T09:38:00+05:30,25.75,25.95,25.35,25.95,80
2026-09-22T09:39:00+05:30,25.8,25.85,25.3,25.3,56
2026-09-22T09:40:00+05:30,25.3,25.85,25.3,25.55,5
2026-09-22T09:41:00+05:30,25.05,25.05,25.05,25.05,30
2026-09-22T09:42:00+05:30,25.0,25.2,24.55,24.55,26
2026-09-22T09:43:00+05:30,24.6,24.8,24.6,24.7,6
2026-09-22T09:44:00+05:30,24.65,24.65,24.1,24.15,60
2026-09-22T09:45:00+05:30,24.0,24.35,24.0,24.35,8
2026-09-22T09:46:00+05:30,24.3,24.35,23.9,23.9,35
2026-09-22T09:47:00+05:30,23.55,23.55,23.35,23.35,17
2026-09-22T09:48:00+05:30,23.1,23.25,23.0,23.25,77
2026-09-22T09:49:00+05:30,23.6,23.8,23.3,23.3,33
2026-09-22T09:50:00+05:30,23.25,23.35,22.45,22.7,256
2026-09-22T09:51:00+05:30,22.7,23.2,22.7,23.2,16
2026-09-22T09:52:00+05:30,23.2,23.2,22.9,22.9,7
2026-09-22T09:53:00+05:30,23.05,23.05,22.6,22.6,71
2026-09-22T09:54:00+05:30,22.65,22.7,22.55,22.6,3
2026-09-22T09:55:00+05:30,22.45,23.0,22.45,23.0,17
2026-09-22T09:56:00+05:30,23.0,23.0,22.7,22.7,22
2026-09-22T09:57:00+05:30,22.8,23.3,22.8,23.25,21
2026-09-22T09:58:00+05:30,23.1,23.1,22.6,22.6,1
2026-09-22T09:59:00+05:30,22.5,22.95,22.4,22.65,91
2026-09-22T10:00:00+05:30,22.75,22.75,22.35,22.35,4
2026-09-22T10:01:00+05:30,22.05,22.95,22.05,22.95,43
2026-09-22T10:02:00+05:30,22.95,23.95,22.95,23.55,441
2026-09-22T10:03:00+05:30,23.45,23.6,23.35,23.55,32
2026-09-22T10:04:00+05:30,23.55,23.55,22.8,22.95,432
2026-09-22T10:05:00+05:30,23.0,23.2,22.75,23.2,54
2026-09-22T10:06:00+05:30,23.25,23.7,23.25,23.7,22
2026-09-22T10:07:00+05:30,24.0,24.0,24.0,24.0,42
2026-09-22T10:09:00+05:30,23.05,23.05,22.4,22.4,102
2026-09-22T10:10:00+05:30,22.55,22.85,22.55,22.85,11
2026-09-22T10:11:00+05:30,22.35,22.4,22.0,22.3,25
2026-09-22T10:12:00+05:30,22.35,22.35,22.3,22.3,3
2026-09-22T10:13:00+05:30,22.85,22.85,22.6,22.6,31
2026-09-22T10:14:00+05:30,22.35,22.35,22.3,22.3,9
2026-09-22T10:15:00+05:30,22.6,22.6,22.6,22.6,1
2026-09-22T10:16:00+05:30,22.6,22.95,22.2,22.95,16
2026-09-22T10:17:00+05:30,22.7,22.85,22.6,22.8,12
2026-09-22T10:18:00+05:30,22.75,23.0,22.4,22.4,22
2026-09-22T10:19:00+05:30,22.35,22.4,22.35,22.4,34
2026-09-22T10:20:00+05:30,22.85,23.1,22.75,23.1,9
2026-09-22T10:21:00+05:30,23.1,24.3,22.9,24.2,69
2026-09-22T10:22:00+05:30,24.15,24.9,24.15,24.9,41
2026-09-22T10:23:00+05:30,24.15,24.25,24.0,24.0,34
2026-09-22T10:24:00+05:30,24.3,24.3,23.85,24.0,43
2026-09-22T10:25:00+05:30,24.1,24.2,23.75,24.0,62
2026-09-22T10:26:00+05:30,24.2,24.5,24.15,24.15,68
2026-09-22T10:27:00+05:30,24.65,24.65,23.8,23.8,98
2026-09-22T10:28:00+05:30,23.95,24.0,23.4,23.6,64
2026-09-22T10:29:00+05:30,23.35,23.4,23.2,23.3,13
2026-09-22T10:30:00+05:30,23.75,25.8,23.75,25.8,20
2026-09-22T10:31:00+05:30,25.95,28.0,25.95,27.05,279
2026-09-22T10:32:00+05:30,26.8,28.7,26.5,28.65,70
2026-09-22T10:33:00+05:30,28.75,31.45,28.3,31.15,157
2026-09-22T10:34:00+05:30,31.0,31.45,29.8,30.6,82
2026-09-22T10:35:00+05:30,30.9,35.3,30.7,35.3,302
2026-09-22T10:36:00+05:30,35.2,35.65,33.15,33.45,166
2026-09-22T10:37:00+05:30,33.3,33.35,31.45,31.45,82
2026-09-22T10:38:00+05:30,31.65,31.95,30.4,31.7,32
2026-09-22T10:39:00+05:30,31.95,32.25,31.45,31.75,30
2026-09-22T10:40:00+05:30,31.55,32.15,30.95,31.65,115
2026-09-22T10:41:00+05:30,31.8,35.5,31.8,35.5,55
2026-09-22T10:42:00+05:30,35.65,39.5,35.65,37.3,302
2026-09-22T10:43:00+05:30,37.45,38.2,36.15,36.8,150
2026-09-22T10:44:00+05:30,36.65,37.25,36.3,36.55,69
2026-09-22T10:45:00+05:30,38.2,40.45,38.2,39.7,112
2026-09-22T10:46:00+05:30,39.7,39.7,38.05,38.05,70
2026-09-22T10:47:00+05:30,38.3,38.35,36.55,36.65,60
2026-09-22T10:48:00+05:30,37.0,37.65,36.2,37.65,508
2026-09-22T10:49:00+05:30,37.55,37.7,36.45,36.8,153
2026-09-22T10:50:00+05:30,38.25,39.9,38.25,39.0,111
2026-09-22T10:51:00+05:30,39.5,40.4,38.6,39.1,78
2026-09-22T10:52:00+05:30,39.55,41.15,39.15,40.35,58
2026-09-22T10:53:00+05:30,40.7,40.7,39.9,39.9,17
2026-09-22T10:54:00+05:30,40.0,40.4,38.25,38.25,72
2026-09-22T10:55:00+05:30,38.45,38.5,37.15,37.15,33
2026-09-22T10:56:00+05:30,36.95,37.2,36.95,37.2,5
2026-09-22T10:57:00+05:30,35.8,36.35,35.4,36.0,15
2026-09-22T10:58:00+05:30,35.9,36.25,35.05,35.05,17
2026-09-22T10:59:00+05:30,35.05,35.35,34.05,34.5,31
2026-09-22T11:00:00+05:30,34.2,35.95,34.2,35.85,8
2026-09-22T11:01:00+05:30,35.85,37.85,35.85,37.15,14
2026-09-22T11:02:00+05:30,38.0,38.6,37.75,38.0,29
2026-09-22T11:03:00+05:30,38.15,39.05,38.15,38.65,18
2026-09-22T11:04:00+05:30,38.05,38.6,38.05,38.6,12
2026-09-22T11:05:00+05:30,38.0,39.65,37.75,39.2,17
2026-09-22T11:06:00+05:30,39.4,39.4,39.4,39.4,3
2026-09-22T11:07:00+05:30,38.05,39.05,38.05,38.7,21
2026-09-22T11:08:00+05:30,37.85,38.2,37.85,38.05,3
2026-09-22T11:09:00+05:30,37.15,37.15,36.35,37.05,36
2026-09-22T11:10:00+05:30,36.55,36.65,35.15,35.35,29
2026-09-22T11:11:00+05:30,35.25,35.55,34.7,35.55,17
2026-09-22T11:12:00+05:30,35.0,35.2,34.8,34.8,11
2026-09-22T11:13:00+05:30,34.7,34.7,33.9,34.0,25
2026-09-22T11:14:00+05:30,34.3,34.3,33.25,33.85,37
2026-09-22T11:15:00+05:30,34.15,35.0,34.15,34.8,27
2026-09-22T11:16:00+05:30,35.05,35.55,34.1,34.2,21
2026-09-22T11:17:00+05:30,33.85,34.55,33.4,34.15,25
2026-09-22T11:18:00+05:30,34.35,34.8,34.25,34.25,23
2026-09-22T11:19:00+05:30,34.5,35.35,34.5,34.75,221
2026-09-22T11:20:00+05:30,34.75,35.35,34.35,34.55,117
2026-09-22T11:21:00+05:30,34.4,34.45,34.0,34.0,10
2026-09-22T11:22:00+05:30,33.9,34.4,33.9,34.25,11
2026-09-22T11:23:00+05:30,33.9,33.9,33.4,33.9,7
2026-09-22T11:24:00+05:30,33.25,33.35,33.15,33.35,6
2026-09-22T11:25:00+05:30,33.05,33.05,32.45,33.0,29
2026-09-22T11:26:00+05:30,33.55,33.65,33.2,33.2,16
2026-09-22T11:27:00+05:30,33.55,33.55,33.4,33.5,11
2026-09-22T11:28:00+05:30,33.45,33.45,32.8,33.1,17
2026-09-22T11:29:00+05:30,33.15,33.35,32.9,33.35,5
2026-09-22T11:31:00+05:30,35.3,35.3,35.3,35.3,1
2026-09-22T11:32:00+05:30,36.95,37.3,36.3,36.3,21
2026-09-22T11:33:00+05:30,36.3,37.0,36.3,36.8,8
2026-09-22T11:34:00+05:30,37.2,38.95,37.15,38.95,12
2026-09-22T11:35:00+05:30,39.95,40.0,38.95,39.35,72
2026-09-22T11:36:00+05:30,38.5,38.8,38.15,38.7,22
2026-09-22T11:37:00+05:30,38.6,38.6,38.6,38.6,2
2026-09-22T11:38:00+05:30,37.9,38.0,37.8,38.0,6
2026-09-22T11:39:00+05:30,38.2,39.35,38.2,39.35,6
2026-09-22T11:40:00+05:30,39.7,40.65,38.5,38.5,22
2026-09-22T11:41:00+05:30,38.15,38.35,37.8,38.05,15
2026-09-22T11:42:00+05:30,38.3,39.15,38.3,39.0,6
2026-09-22T11:43:00+05:30,38.85,39.1,38.65,38.7,10
2026-09-22T11:44:00+05:30,39.0,39.0,38.0,38.0,29
2026-09-22T11:45:00+05:30,38.0,38.45,37.45,37.75,42
2026-09-22T11:46:00+05:30,38.3,40.6,38.3,40.6,43
2026-09-22T11:47:00+05:30,40.05,40.15,39.35,39.55,38
2026-09-22T11:48:00+05:30,38.9,38.9,38.0,38.5,22
2026-09-22T11:49:00+05:30,38.6,38.8,38.2,38.2,9
2026-09-22T11:50:00+05:30,38.55,38.65,38.25,38.35,10
2026-09-22T11:51:00+05:30,38.35,38.9,38.3,38.7,9
2026-09-22T11:52:00+05:30,38.7,38.7,37.0,37.1,51
2026-09-22T11:53:00+05:30,37.45,37.8,37.45,37.8,12
2026-09-22T11:54:00+05:30,37.75,39.15,37.75,39.15,12
2026-09-22T11:55:00+05:30,39.3,39.95,39.05,39.05,32
2026-09-22T11:56:00+05:30,39.75,39.85,38.85,38.85,57
2026-09-22T11:57:00+05:30,38.2,38.65,38.1,38.1,10
2026-09-22T11:58:00+05:30,37.8,38.05,36.8,36.8,62
2026-09-22T11:59:00+05:30,36.65,36.9,36.55,36.6,6
2026-09-22T12:00:00+05:30,36.9,37.1,36.4,37.1,24
2026-09-22T12:01:00+05:30,37.1,37.6,37.0,37.1,21
2026-09-22T12:02:00+05:30,36.85,36.95,36.35,36.95,8
2026-09-22T12:03:00+05:30,35.2,35.2,35.2,35.2,1
2026-09-22T12:04:00+05:30,35.6,35.7,35.35,35.35,5
2026-09-22T12:05:00+05:30,35.4,35.55,35.2,35.2,9
2026-09-22T12:06:00+05:30,35.05,35.5,35.05,35.25,8
2026-09-22T12:07:00+05:30,36.0,36.1,35.5,35.95,82
2026-09-22T12:08:00+05:30,35.85,35.85,34.8,34.8,8
2026-09-22T12:09:00+05:30,34.5,34.65,34.1,34.1,29
2026-09-22T12:10:00+05:30,34.25,34.45,33.9,34.45,20
2026-09-22T12:11:00+05:30,34.45,35.35,34.45,34.95,13
2026-09-22T12:13:00+05:30,36.35,36.35,36.25,36.35,5
2026-09-22T12:14:00+05:30,36.15,36.15,35.2,35.95,34
2026-09-22T12:16:00+05:30,36.5,36.5,35.95,35.95,5
2026-09-22T12:17:00+05:30,35.0,35.0,35.0,35.0,1
2026-09-22T12:18:00+05:30,34.75,34.75,34.65,34.65,24
2026-09-22T12:20:00+05:30,33.65,34.0,33.55,33.95,20
2026-09-22T12:21:00+05:30,33.85,33.85,33.0,33.0,38
2026-09-22T12:22:00+05:30,32.75,33.35,32.75,33.2,32
2026-09-22T12:23:00+05:30,33.95,33.95,33.4,33.4,6
2026-09-22T12:24:00+05:30,33.65,34.0,33.65,34.0,17
2026-09-22T12:25:00+05:30,33.9,33.9,33.75,33.75,3
2026-09-22T12:26:00+05:30,33.05,33.4,33.05,33.4,32
2026-09-22T12:27:00+05:30,33.25,33.25,33.25,33.25,1
2026-09-22T12:28:00+05:30,33.5,33.5,33.0,33.0,7
2026-09-22T12:29:00+05:30,33.15,33.5,33.15,33.5,13
2026-09-22T12:30:00+05:30,34.45,34.45,34.45,34.45,4
2026-09-22T12:31:00+05:30,35.05,35.6,35.05,35.1,8
2026-09-22T12:32:00+05:30,34.05,34.25,34.05,34.25,4
2026-09-22T12:33:00+05:30,33.85,33.85,33.75,33.75,8
2026-09-22T12:34:00+05:30,34.05,34.15,33.65,33.65,22
2026-09-22T12:35:00+05:30,33.35,33.65,33.35,33.5,13
2026-09-22T12:36:00+05:30,33.65,34.3,33.65,34.05,8
2026-09-22T12:37:00+05:30,34.1,34.5,34.1,34.5,7
2026-09-22T12:38:00+05:30,34.8,35.1,34.5,34.95,27
2026-09-22T12:39:00+05:30,34.85,36.0,34.85,35.85,45
2026-09-22T12:40:00+05:30,35.75,36.1,35.15,35.45,18
2026-09-22T12:41:00+05:30,35.75,36.15,35.75,36.15,15
2026-09-22T12:42:00+05:30,36.0,36.0,35.65,35.65,8
2026-09-22T12:43:00+05:30,36.0,37.2,36.0,37.2,18
2026-09-22T12:44:00+05:30,37.55,38.6,37.45,38.6,11
2026-09-22T12:45:00+05:30,38.7,39.2,38.45,38.8,28
2026-09-22T12:46:00+05:30,38.75,38.8,38.05,38.3,7
2026-09-22T12:47:00+05:30,38.4,38.4,37.85,38.15,22
2026-09-22T12:48:00+05:30,37.9,37.9,37.0,37.0,17
2026-09-22T12:49:00+05:30,36.8,38.05,36.7,37.75,7
2026-09-22T12:53:00+05:30,38.2,38.2,38.0,38.1,11
2026-09-22T12:54:00+05:30,38.1,38.1,38.1,38.1,1
2026-09-22T12:55:00+05:30,38.95,40.0,38.95,40.0,2
2026-09-22T12:56:00+05:30,39.9,39.9,38.95,38.95,3
2026-09-22T12:57:00+05:30,38.7,38.7,38.2,38.4,13
2026-09-22T12:58:00+05:30,39.15,39.15,37.7,38.15,11
2026-09-22T13:00:00+05:30,39.0,41.0,39.0,40.6,48
2026-09-22T13:01:00+05:30,40.35,40.45,38.6,38.6,33
2026-09-22T13:02:00+05:30,38.15,40.0,38.15,40.0,12
2026-09-22T13:03:00+05:30,40.15,40.15,40.15,40.15,1
2026-09-22T13:04:00+05:30,40.2,40.75,40.2,40.4,33
2026-09-22T13:05:00+05:30,40.7,40.7,40.45,40.45,9
2026-09-22T13:06:00+05:30,39.5,39.5,39.1,39.1,32
2026-09-22T13:07:00+05:30,39.05,39.05,38.45,38.95,23
2026-09-22T13:08:00+05:30,39.0,39.4,38.3,38.3,9
2026-09-22T13:09:00+05:30,38.15,38.25,37.65,37.65,4
2026-09-22T13:10:00+05:30,37.1,37.1,37.1,37.1,1
2026-09-22T13:11:00+05:30,37.75,38.6,37.65,38.6,6
2026-09-22T13:12:00+05:30,38.55,38.7,38.0,38.1,13
2026-09-22T13:13:00+05:30,37.8,38.4,37.8,38.35,11
2026-09-22T13:14:00+05:30,37.05,37.05,36.55,36.75,12
2026-09-22T13:15:00+05:30,36.2,36.2,36.2,36.2,1
2026-09-22T13:16:00+05:30,37.05,37.15,36.65,36.75,15
2026-09-22T13:17:00+05:30,36.8,38.2,36.8,38.2,5
2026-09-22T13:19:00+05:30,38.2,38.2,37.8,37.95,5
2026-09-22T13:20:00+05:30,38.05,38.85,37.6,38.5,78
2026-09-22T13:21:00+05:30,39.45,39.45,39.05,39.2,5
2026-09-22T13:22:00+05:30,39.5,39.5,39.0,39.0,8
2026-09-22T13:23:00+05:30,39.0,39.4,38.75,38.75,17
2026-09-22T13:24:00+05:30,38.95,39.0,38.95,39.0,4
2026-09-22T13:25:00+05:30,38.5,38.55,38.25,38.3,5
2026-09-22T13:26:00+05:30,39.35,39.35,39.35,39.35,1
2026-09-22T13:27:00+05:30,39.5,39.5,38.65,39.3,213
2026-09-22T13:28:00+05:30,39.35,39.55,38.65,39.05,411
2026-09-22T13:29:00+05:30,39.05,39.15,38.55,38.6,4
2026-09-22T13:30:00+05:30,38.9,38.9,38.3,38.35,14
2026-09-22T13:31:00+05:30,38.45,38.45,37.8,37.8,46
2026-09-22T13:32:00+05:30,38.05,38.05,37.65,37.65,22
2026-09-22T13:33:00+05:30,37.65,37.65,37.65,37.65,3
2026-09-22T13:35:00+05:30,37.85,37.85,37.15,37.15,2
2026-09-22T13:36:00+05:30,36.8,37.5,36.8,37.5,5
2026-09-22T13:37:00+05:30,37.0,37.0,36.65,36.65,8
2026-09-22T13:38:00+05:30,36.55,36.6,36.55,36.6,5
2026-09-22T13:39:00+05:30,37.25,37.25,36.5,36.5,15
2026-09-22T13:40:00+05:30,37.1,37.25,37.1,37.1,10
2026-09-22T13:41:00+05:30,36.75,37.05,36.75,37.05,106
2026-09-22T13:42:00+05:30,36.2,36.2,35.7,36.1,13
2026-09-22T13:43:00+05:30,36.5,37.3,36.4,37.0,27
2026-09-22T13:44:00+05:30,37.5,38.2,37.4,38.15,5
2026-09-22T13:45:00+05:30,38.6,39.45,38.6,39.2,124
2026-09-22T13:46:00+05:30,39.55,40.0,39.4,39.7,106
2026-09-22T13:47:00+05:30,39.85,39.85,39.6,39.6,16
2026-09-22T13:48:00+05:30,39.05,40.1,39.05,40.1,11
2026-09-22T13:49:00+05:30,40.35,41.05,39.8,39.8,41
2026-09-22T13:50:00+05:30,39.6,40.35,39.6,39.8,42
2026-09-22T13:51:00+05:30,40.0,40.9,40.0,40.6,20
2026-09-22T13:52:00+05:30,40.55,40.85,39.8,39.8,270
2026-09-22T13:53:00+05:30,40.55,46.0,40.55,46.0,91
2026-09-22T13:54:00+05:30,45.2,47.4,45.2,45.55,135
2026-09-22T13:55:00+05:30,45.45,45.5,43.0,43.7,23
2026-09-22T13:56:00+05:30,43.65,44.45,43.65,44.45,11
2026-09-22T13:57:00+05:30,44.6,44.85,43.9,43.9,100
2026-09-22T13:58:00+05:30,45.0,45.7,44.85,45.0,36
2026-09-22T13:59:00+05:30,45.0,45.15,44.0,44.05,29
2026-09-22T14:00:00+05:30,45.25,47.0,45.1,46.45,40
2026-09-22T14:01:00+05:30,46.45,46.45,45.0,45.0,28
2026-09-22T14:02:00+05:30,43.7,44.35,43.1,43.1,27
2026-09-22T14:03:00+05:30,44.45,44.75,43.75,43.75,84
2026-09-22T14:04:00+05:30,43.75,44.25,42.0,42.0,49
2026-09-22T14:05:00+05:30,41.65,43.1,41.65,43.05,18
2026-09-22T14:06:00+05:30,43.5,44.25,43.25,43.25,4
2026-09-22T14:07:00+05:30,43.45,43.95,43.45,43.9,15
2026-09-22T14:08:00+05:30,43.95,43.95,43.9,43.9,3
2026-09-22T14:09:00+05:30,43.05,43.05,41.05,41.05,11
2026-09-22T14:10:00+05:30,40.8,42.0,40.0,40.0,37
2026-09-22T14:11:00+05:30,40.9,41.15,38.65,38.7,95
2026-09-22T14:12:00+05:30,39.25,39.85,35.05,36.55,92
2026-09-22T14:13:00+05:30,36.55,37.5,36.15,36.4,55
2026-09-22T14:14:00+05:30,36.95,36.95,29.9,30.0,230
2026-09-22T14:15:00+05:30,29.35,33.15,28.7,33.15,302
2026-09-22T14:16:00+05:30,33.65,37.2,33.65,35.25,112
2026-09-22T14:17:00+05:30,34.85,34.85,32.9,32.95,215
2026-09-22T14:18:00+05:30,32.55,34.55,32.5,34.25,22
2026-09-22T14:19:00+05:30,34.05,34.2,32.75,32.75,36
2026-09-22T14:20:00+05:30,33.0,33.25,31.35,32.1,106
2026-09-22T14:21:00+05:30,32.1,33.1,31.1,32.7,121
2026-09-22T14:22:00+05:30,33.25,34.15,33.15,33.45,91
2026-09-22T14:23:00+05:30,33.05,33.45,33.0,33.0,27
2026-09-22T14:24:00+05:30,34.15,34.75,33.85,34.6,29
2026-09-22T14:25:00+05:30,34.55,34.55,32.2,32.25,39
2026-09-22T14:26:00+05:30,32.45,32.8,32.15,32.2,12
2026-09-22T14:27:00+05:30,32.2,32.75,31.95,32.15,17
2026-09-22T14:28:00+05:30,32.7,32.7,32.7,32.7,1
2026-09-22T14:29:00+05:30,31.65,31.85,31.35,31.85,6
2026-09-22T14:30:00+05:30,31.5,31.5,30.9,31.2,64
2026-09-22T14:31:00+05:30,31.25,31.25,29.9,30.0,85
2026-09-22T14:32:00+05:30,29.9,29.95,28.35,29.05,56
2026-09-22T14:33:00+05:30,29.0,30.3,29.0,30.2,53
2026-09-22T14:34:00+05:30,30.7,32.1,30.35,31.8,36
2026-09-22T14:35:00+05:30,31.85,32.35,31.2,31.2,46
2026-09-22T14:36:00+05:30,30.0,30.0,30.0,30.0,10
2026-09-22T14:37:00+05:30,31.6,31.7,30.95,31.05,31
2026-09-22T14:38:00+05:30,31.5,32.3,31.1,32.25,21
2026-09-22T14:39:00+05:30,32.35,32.55,31.75,31.9,55
2026-09-22T14:40:00+05:30,31.9,32.0,31.9,31.9,7
2026-09-22T14:41:00+05:30,33.3,34.25,32.55,33.05,39
2026-09-22T14:42:00+05:30,34.1,35.35,34.1,34.8,22
2026-09-22T14:43:00+05:30,34.55,34.7,34.25,34.35,58
2026-09-22T14:44:00+05:30,33.35,33.35,33.35,33.35,4
2026-09-22T14:45:00+05:30,32.4,32.55,31.9,32.1,11
2026-09-22T14:47:00+05:30,32.85,33.4,32.85,33.4,5
2026-09-22T14:48:00+05:30,33.05,34.4,32.8,34.15,136
2026-09-22T14:49:00+05:30,34.25,34.25,34.25,34.25,1
2026-09-22T14:50:00+05:30,35.05,35.05,33.6,33.6,9
2026-09-22T14:51:00+05:30,33.55,34.0,33.55,34.0,17
2026-09-22T14:52:00+05:30,35.1,35.1,33.95,34.0,46
2026-09-22T14:53:00+05:30,33.8,34.1,33.7,33.8,8
2026-09-22T14:54:00+05:30,33.65,34.0,33.3,33.3,17
2026-09-22T14:55:00+05:30,33.65,33.65,33.4,33.4,2
2026-09-22T14:56:00+05:30,33.75,33.85,33.7,33.7,20
2026-09-22T14:57:00+05:30,33.65,33.65,33.6,33.6,3
2026-09-22T14:58:00+05:30,34.65,34.65,33.75,34.35,64
2026-09-22T14:59:00+05:30,34.8,35.3,34.6,35.3,8
2026-09-22T15:00:00+05:30,34.25,34.95,34.25,34.95,5
2026-09-22T15:01:00+05:30,35.15,35.5,33.8,33.9,9
2026-09-22T15:02:00+05:30,33.6,33.6,33.1,33.25,11
2026-09-22T15:03:00+05:30,33.15,33.15,32.7,32.7,8
2026-09-22T15:04:00+05:30,32.15,33.2,32.15,33.15,17
2026-09-22T15:05:00+05:30,33.45,33.45,33.2,33.2,8
2026-09-22T15:06:00+05:30,33.85,34.3,33.55,33.75,18
2026-09-22T15:07:00+05:30,34.15,34.2,34.15,34.2,4
2026-09-22T15:08:00+05:30,34.7,34.95,34.7,34.95,2
2026-09-22T15:09:00+05:30,34.5,34.7,34.3,34.3,3
2026-09-22T15:10:00+05:30,34.85,34.9,33.55,33.7,11
2026-09-22T15:11:00+05:30,33.75,34.2,32.35,32.35,37
2026-09-22T15:12:00+05:30,32.5,32.9,32.45,32.45,27
2026-09-22T15:13:00+05:30,32.1,32.7,31.8,32.7,25
2026-09-22T15:14:00+05:30,32.25,32.4,31.95,32.4,13
2026-09-22T15:15:00+05:30,33.85,33.85,33.8,33.8,8
2026-09-22T15:16:00+05:30,32.95,32.95,32.5,32.5,15
2026-09-22T15:18:00+05:30,32.6,33.15,32.55,33.0,15
2026-09-22T15:20:00+05:30,33.45,33.5,33.45,33.5,2
2026-09-22T15:21:00+05:30,33.3,33.35,33.3,33.35,3
2026-09-22T15:22:00+05:30,32.85,33.55,32.4,32.4,12
2026-09-22T15:23:00+05:30,32.6,32.8,31.4,31.65,26
2026-09-22T15:24:00+05:30,31.7,31.7,31.0,31.05,49
2026-09-22T15:25:00+05:30,31.35,31.65,31.35,31.65,12
2026-09-22T15:26:00+05:30,31.55,31.85,31.55,31.85,27
2026-09-22T15:27:00+05:30,31.8,31.9,31.45,31.8,47
2026-09-22T15:28:00+05:30,32.05,32.8,32.05,32.8,59
2026-09-22T15:29:00+05:30,32.75,33.65,32.75,33.45,47
2026-09-22T15:30:00+05:30,33.75,35.0,33.75,35.0,55
2026-09-22T15:31:00+05:30,34.65,35.0,33.3,33.85,331
2026-09-22T15:32:00+05:30,34.0,34.4,33.6,33.85,175
2026-09-22T15:33:00+05:30,34.05,34.1,32.6,32.6,151
2026-09-22T15:34:00+05:30,31.1,31.1,30.45,30.45,60
2026-09-22T15:35:00+05:30,30.3,30.35,28.4,29.0,262
2026-09-22T15:36:00+05:30,28.65,28.9,28.3,28.45,130
2026-09-22T15:37:00+05:30,27.7,27.7,26.85,26.85,12
2026-09-22T15:38:00+05:30,26.55,26.65,26.0,26.2,88
2026-09-22T15:39:00+05:30,25.75,27.1,24.85,25.55,182
2026-09-23T09:15:00+05:30,32.1,33.9,21.9,24.95,155
2026-09-23T09:16:00+05:30,24.6,24.6,23.2,23.6,136
2026-09-23T09:17:00+05:30,23.1,23.4,22.3,22.4,81
2026-09-23T09:18:00+05:30,21.85,22.2,21.0,21.55,138
2026-09-23T09:19:00+05:30,21.5,21.5,20.65,20.75,73
2026-09-23T09:20:00+05:30,20.95,20.95,19.9,20.7,192
2026-09-23T09:21:00+05:30,20.7,21.65,20.15,21.65,183
2026-09-23T09:22:00+05:30,21.45,21.65,20.95,21.35,132
2026-09-23T09:23:00+05:30,21.2,21.55,20.95,21.55,30
2026-09-23T09:24:00+05:30,21.9,22.35,21.6,22.35,127
2026-09-23T09:25:00+05:30,22.1,24.2,22.1,23.05,561
2026-09-23T09:26:00+05:30,23.0,23.9,22.2,23.45,391
2026-09-23T09:27:00+05:30,23.3,23.3,21.95,22.65,126
2026-09-23T09:28:00+05:30,22.3,22.8,21.75,21.85,188
2026-09-23T09:29:00+05:30,21.95,22.35,21.45,22.35,581
2026-09-23T09:30:00+05:30,22.0,22.0,20.45,20.5,300
2026-09-23T09:31:00+05:30,20.55,21.65,20.25,21.4,237
2026-09-23T09:32:00+05:30,21.15,21.2,20.2,20.2,216
2026-09-23T09:33:00+05:30,20.45,20.65,19.95,20.15,103
2026-09-23T09:34:00+05:30,20.1,20.5,20.0,20.1,89
2026-09-23T09:35:00+05:30,19.9,20.3,19.55,20.1,223
2026-09-23T09:36:00+05:30,19.95,21.15,19.95,20.45,143
2026-09-23T09:37:00+05:30,20.4,20.7,20.35,20.35,57
2026-09-23T09:38:00+05:30,20.3,20.35,19.7,20.05,47
2026-09-23T09:39:00+05:30,19.85,20.8,19.85,20.8,63
2026-09-23T09:40:00+05:30,20.8,20.85,19.8,19.95,30
2026-09-23T09:41:00+05:30,19.95,20.0,19.5,19.7,50
2026-09-23T09:42:00+05:30,19.5,19.5,19.0,19.3,28
2026-09-23T09:43:00+05:30,19.2,19.35,19.05,19.35,16
2026-09-23T09:44:00+05:30,19.45,19.45,18.3,18.65,77
2026-09-23T09:45:00+05:30,18.4,18.5,18.0,18.5,177
2026-09-23T09:46:00+05:30,18.35,18.35,18.0,18.2,17
2026-09-23T09:47:00+05:30,18.0,18.25,18.0,18.15,10
2026-09-23T09:48:00+05:30,18.2,18.9,17.85,18.9,39
2026-09-23T09:49:00+05:30,18.95,19.6,18.8,19.55,46
2026-09-23T09:50:00+05:30,19.1,19.9,19.1,19.6,17
2026-09-23T09:51:00+05:30,19.75,19.9,19.2,19.6,34
2026-09-23T09:52:00+05:30,19.6,19.6,18.95,18.95,38
2026-09-23T09:53:00+05:30,19.3,19.5,19.0,19.5,39
2026-09-23T09:54:00+05:30,20.0,20.95,19.95,20.45,28
2026-09-23T09:55:00+05:30,20.3,20.45,19.95,19.95,45
2026-09-23T09:56:00+05:30,19.65,19.65,19.0,19.0,40
2026-09-23T09:57:00+05:30,18.85,19.0,18.35,18.75,93
2026-09-23T09:58:00+05:30,18.7,18.7,18.15,18.3,12
2026-09-23T09:59:00+05:30,18.35,18.35,17.55,17.55,510
2026-09-23T10:00:00+05:30,17.6,18.0,16.7,17.55,77
2026-09-23T10:01:00+05:30,17.35,17.35,16.95,17.25,35
2026-09-23T10:02:00+05:30,17.2,17.6,16.95,17.45,169
2026-09-23T10:03:00+05:30,17.45,17.7,17.0,17.3,65
2026-09-23T10:04:00+05:30,17.3,17.3,16.8,16.9,48
2026-09-23T10:05:00+05:30,16.95,17.0,16.9,16.9,11
2026-09-23T10:06:00+05:30,16.95,17.05,16.7,17.05,100
2026-09-23T10:07:00+05:30,17.1,17.25,17.1,17.25,5
2026-09-23T10:08:00+05:30,17.25,17.25,17.0,17.1,24
2026-09-23T10:09:00+05:30,16.95,17.05,16.85,16.85,8
2026-09-23T10:10:00+05:30,16.95,17.3,16.85,17.3,6
2026-09-23T10:11:00+05:30,17.25,17.75,17.2,17.65,29
2026-09-23T10:12:00+05:30,17.6,17.6,17.05,17.2,29
2026-09-23T10:13:00+05:30,17.2,17.25,16.65,17.15,73
2026-09-23T10:14:00+05:30,17.05,17.15,16.95,16.95,27
2026-09-23T10:15:00+05:30,16.9,16.95,16.6,16.6,12
2026-09-23T10:16:00+05:30,16.6,16.9,16.45,16.55,61
2026-09-23T10:17:00+05:30,16.5,16.6,16.2,16.25,48
2026-09-23T10:18:00+05:30,16.25,16.4,15.9,16.3,58
2026-09-23T10:19:00+05:30,16.35,16.9,16.15,16.45,132
2026-09-23T10:20:00+05:30,16.4,16.5,16.3,16.3,82
2026-09-23T10:21:00+05:30,16.3,16.3,16.05,16.25,8
2026-09-23T10:22:00+05:30,16.35,16.7,16.1,16.7,51
2026-09-23T10:23:00+05:30,16.6,16.6,16.05,16.3,179
2026-09-23T10:24:00+05:30,16.35,16.7,16.3,16.65,32
2026-09-23T10:25:00+05:30,16.55,16.65,16.3,16.3,12
2026-09-23T10:26:00+05:30,16.2,16.4,16.15,16.4,14
2026-09-23T10:27:00+05:30,16.2,16.3,16.1,16.1,5
2026-09-23T10:28:00+05:30,16.15,16.3,15.75,16.2,87
2026-09-23T10:29:00+05:30,16.15,16.25,16.15,16.25,7
2026-09-23T10:30:00+05:30,16.15,16.6,16.15,16.55,43
2026-09-23T10:31:00+05:30,16.5,16.85,16.5,16.75,87
2026-09-23T10:32:00+05:30,16.6,16.95,16.4,16.5,36
2026-09-23T10:33:00+05:30,16.75,16.75,16.35,16.4,51
2026-09-23T10:34:00+05:30,16.4,16.45,16.15,16.4,25
2026-09-23T10:35:00+05:30,16.4,16.45,16.05,16.35,42
2026-09-23T10:36:00+05:30,16.65,16.75,16.15,16.15,26
2026-09-23T10:37:00+05:30,16.15,16.15,15.7,15.75,21
2026-09-23T10:38:00+05:30,15.8,15.8,15.45,15.5,45
2026-09-23T10:39:00+05:30,15.35,15.7,15.3,15.7,36
2026-09-23T10:40:00+05:30,15.7,15.85,15.55,15.85,56
2026-09-23T10:41:00+05:30,15.8,16.1,15.75,16.0,44
2026-09-23T10:42:00+05:30,16.05,16.1,15.8,16.1,73
2026-09-23T10:43:00+05:30,16.15,16.15,15.9,15.95,26
2026-09-23T10:44:00+05:30,16.0,16.0,15.7,15.7,26
2026-09-23T10:45:00+05:30,15.8,16.05,15.75,15.95,16
2026-09-23T10:46:00+05:30,15.9,16.1,15.7,16.05,24
2026-09-23T10:47:00+05:30,15.9,16.45,15.9,16.3,30
2026-09-23T10:48:00+05:30,16.3,16.65,16.25,16.45,61
2026-09-23T10:49:00+05:30,16.4,16.65,16.4,16.6,41
2026-09-23T10:50:00+05:30,16.5,16.5,16.2,16.3,46
2026-09-23T10:51:00+05:30,16.25,16.4,16.2,16.25,16
2026-09-23T10:52:00+05:30,16.35,16.35,15.95,16.0,28
2026-09-23T10:53:00+05:30,15.95,16.1,15.6,15.9,134
2026-09-23T10:54:00+05:30,15.9,16.3,15.75,16.15,47
2026-09-23T10:55:00+05:30,16.05,16.05,15.75,15.95,28
2026-09-23T10:56:00+05:30,15.9,16.2,15.9,16.2,43
2026-09-23T10:57:00+05:30,16.15,16.35,16.0,16.25,39
2026-09-23T10:58:00+05:30,15.9,15.95,15.9,15.9,6
2026-09-23T10:59:00+05:30,16.05,16.3,15.95,16.1,142
2026-09-23T11:00:00+05:30,16.05,16.35,15.85,16.15,121
2026-09-23T11:01:00+05:30,16.1,16.25,15.95,16.25,53
2026-09-23T11:02:00+05:30,16.05,16.3,16.05,16.2,113
2026-09-23T11:03:00+05:30,16.15,16.15,16.1,16.15,21
2026-09-23T11:04:00+05:30,16.15,16.15,16.05,16.05,9
2026-09-23T11:05:00+05:30,16.1,16.2,15.95,15.95,389
2026-09-23T11:06:00+05:30,15.8,15.8,15.65,15.7,38
2026-09-23T11:07:00+05:30,15.8,15.8,15.3,15.4,235
2026-09-23T11:08:00+05:30,15.45,15.7,15.45,15.55,36
2026-09-23T11:09:00+05:30,15.65,15.75,15.6,15.65,12
2026-09-23T11:10:00+05:30,15.6,15.7,15.45,15.7,50
2026-09-23T11:11:00+05:30,15.65,15.65,15.45,15.65,36
2026-09-23T11:12:00+05:30,15.6,15.6,15.5,15.55,48
2026-09-23T11:13:00+05:30,15.55,15.55,15.45,15.45,18
2026-09-23T11:14:00+05:30,15.5,15.5,15.5,15.5,3
2026-09-23T11:15:00+05:30,15.8,15.8,15.5,15.5,7
2026-09-23T11:16:00+05:30,15.7,15.85,15.55,15.85,22
2026-09-23T11:17:00+05:30,15.75,15.85,15.75,15.75,8
2026-09-23T11:18:00+05:30,15.95,15.95,15.85,15.9,7
2026-09-23T11:19:00+05:30,15.95,16.05,15.95,16.05,9
2026-09-23T11:20:00+05:30,16.05,16.2,15.9,16.05,39
2026-09-23T11:21:00+05:30,16.05,16.05,15.85,16.0,117
2026-09-23T11:22:00+05:30,16.0,16.0,15.85,16.0,15
2026-09-23T11:23:00+05:30,16.0,16.05,15.95,16.05,4
2026-09-23T11:24:00+05:30,16.0,16.0,15.8,15.95,24
2026-09-23T11:25:00+05:30,16.0,16.05,15.85,15.85,55
2026-09-23T11:26:00+05:30,15.8,16.05,15.75,16.0,47
2026-09-23T11:27:00+05:30,16.1,16.2,16.05,16.15,5
2026-09-23T11:28:00+05:30,16.25,16.35,16.0,16.3,44
2026-09-23T11:29:00+05:30,16.35,16.35,16.2,16.25,11
2026-09-23T11:30:00+05:30,16.2,16.25,15.6,15.95,95
2026-09-23T11:31:00+05:30,16.0,16.05,15.85,16.0,17
2026-09-23T11:32:00+05:30,15.85,15.85,15.55,15.65,28
2026-09-23T11:33:00+05:30,15.85,15.95,15.55,15.55,15
2026-09-23T11:34:00+05:30,15.95,15.95,15.9,15.9,2
2026-09-23T11:35:00+05:30,16.05,16.2,16.05,16.2,31
2026-09-23T11:36:00+05:30,16.2,16.2,16.05,16.15,30
2026-09-23T11:37:00+05:30,16.2,16.25,16.05,16.15,37
2026-09-23T11:38:00+05:30,16.3,16.3,16.15,16.2,24
2026-09-23T11:39:00+05:30,16.25,16.25,16.15,16.15,22
2026-09-23T11:40:00+05:30,16.0,16.05,15.8,15.9,17
2026-09-23T11:41:00+05:30,15.85,15.85,15.6,15.7,42
2026-09-23T11:42:00+05:30,15.6,15.7,15.6,15.65,11
2026-09-23T11:43:00+05:30,15.4,15.4,15.15,15.15,14
2026-09-23T11:44:00+05:30,15.3,15.4,15.2,15.25,28
2026-09-23T11:45:00+05:30,15.3,15.5,15.2,15.45,14
2026-09-23T11:46:00+05:30,15.5,15.5,15.25,15.25,19
2026-09-23T11:47:00+05:30,15.35,15.55,15.25,15.4,32
2026-09-23T11:48:00+05:30,15.5,15.55,15.35,15.5,25
2026-09-23T11:49:00+05:30,15.4,15.75,15.4,15.75,20
2026-09-23T11:50:00+05:30,15.8,16.0,15.75,15.95,12
2026-09-23T11:51:00+05:30,15.9,16.1,15.8,16.05,44
2026-09-23T11:52:00+05:30,16.25,16.3,15.95,15.95,28
2026-09-23T11:53:00+05:30,15.9,16.0,15.7,15.75,25
2026-09-23T11:54:00+05:30,15.65,15.75,15.6,15.65,19
2026-09-23T11:55:00+05:30,15.7,15.8,15.65,15.8,16
2026-09-23T11:56:00+05:30,15.85,15.9,15.85,15.9,11
2026-09-23T11:57:00+05:30,15.95,16.1,15.95,16.1,9
2026-09-23T11:58:00+05:30,15.95,15.95,15.9,15.9,5
2026-09-23T11:59:00+05:30,15.95,15.95,15.7,15.75,30
2026-09-23T12:00:00+05:30,15.8,15.8,15.65,15.65,10
2026-09-23T12:01:00+05:30,15.6,15.6,15.1,15.1,30
2026-09-23T12:02:00+05:30,15.2,15.2,15.1,15.1,12
2026-09-23T12:03:00+05:30,15.1,15.2,15.1,15.2,6
2026-09-23T12:04:00+05:30,15.25,15.25,15.05,15.1,43
2026-09-23T12:05:00+05:30,15.15,15.25,14.8,15.15,25
2026-09-23T12:06:00+05:30,15.15,15.15,14.9,14.9,64
2026-09-23T12:07:00+05:30,15.0,15.25,15.0,15.2,38
2026-09-23T12:08:00+05:30,15.25,15.4,15.15,15.35,26
2026-09-23T12:09:00+05:30,15.45,15.45,15.25,15.25,28
2026-09-23T12:10:00+05:30,15.25,15.35,15.15,15.35,24
2026-09-23T12:11:00+05:30,15.3,15.35,15.15,15.25,18
2026-09-23T12:12:00+05:30,15.25,15.25,15.15,15.15,15
2026-09-23T12:13:00+05:30,15.15,15.15,15.0,15.0,33
2026-09-23T12:14:00+05:30,15.2,15.45,15.2,15.3,105
2026-09-23T12:15:00+05:30,15.25,15.55,15.25,15.4,143
2026-09-23T12:16:00+05:30,15.45,15.65,15.35,15.35,21
2026-09-23T12:17:00+05:30,15.4,15.4,15.4,15.4,1
2026-09-23T12:18:00+05:30,15.4,15.45,15.4,15.45,6
2026-09-23T12:19:00+05:30,15.4,15.4,15.35,15.35,6
2026-09-23T12:20:00+05:30,15.3,15.5,15.25,15.5,6
2026-09-23T12:21:00+05:30,15.5,15.55,15.5,15.55,2
2026-09-23T12:22:00+05:30,15.55,15.55,15.55,15.55,1
2026-09-23T12:23:00+05:30,15.55,15.55,15.5,15.5,6
2026-09-23T12:24:00+05:30,15.55,15.75,15.5,15.75,44
2026-09-23T12:25:00+05:30,15.7,16.0,15.65,16.0,14
2026-09-23T12:26:00+05:30,16.0,16.05,15.4,15.75,34
2026-09-23T12:27:00+05:30,15.8,15.8,15.75,15.75,2
2026-09-23T12:30:00+05:30,15.7,15.7,15.7,15.7,3
2026-09-23T12:31:00+05:30,15.65,15.8,15.65,15.8,2
2026-09-23T12:32:00+05:30,15.7,15.7,15.45,15.5,8
2026-09-23T12:33:00+05:30,15.45,15.45,15.25,15.25,9
2026-09-23T12:34:00+05:30,15.2,15.55,15.0,15.45,32
2026-09-23T12:35:00+05:30,15.35,15.55,15.3,15.55,6
2026-09-23T12:36:00+05:30,15.5,15.5,15.5,15.5,2
2026-09-23T12:37:00+05:30,15.7,15.75,15.7,15.75,3
2026-09-23T12:38:00+05:30,15.7,15.7,15.7,15.7,3
2026-09-23T12:39:00+05:30,15.7,15.7,15.7,15.7,1
2026-09-23T12:40:00+05:30,15.65,15.65,15.65,15.65,2
2026-09-23T12:41:00+05:30,15.65,15.65,15.4,15.4,12
2026-09-23T12:42:00+05:30,15.5,15.5,15.4,15.4,4
2026-09-23T12:44:00+05:30,15.5,15.6,15.5,15.55,4
2026-09-23T12:45:00+05:30,15.55,15.8,15.55,15.7,3
2026-09-23T12:46:00+05:30,15.8,15.8,15.6,15.7,20
2026-09-23T12:47:00+05:30,15.8,15.95,15.75,15.8,13
2026-09-23T12:48:00+05:30,15.9,15.95,15.75,15.75,5
2026-09-23T12:49:00+05:30,15.7,15.7,15.55,15.6,5
2026-09-23T12:50:00+05:30,15.55,15.55,15.5,15.5,3
2026-09-23T12:51:00+05:30,15.55,15.55,15.55,15.55,2
2026-09-23T12:53:00+05:30,15.75,16.0,15.75,16.0,16
2026-09-23T12:54:00+05:30,16.15,16.35,16.05,16.35,4
2026-09-23T12:55:00+05:30,16.15,16.2,15.9,16.0,6
2026-09-23T12:56:00+05:30,15.95,15.95,15.55,15.55,17
2026-09-23T12:57:00+05:30,15.65,15.65,15.5,15.65,8
2026-09-23T12:58:00+05:30,15.7,15.7,15.6,15.6,4
2026-09-23T12:59:00+05:30,15.7,15.7,15.7,15.7,1
2026-09-23T13:00:00+05:30,15.45,15.5,15.45,15.5,4
2026-09-23T13:01:00+05:30,15.45,15.45,15.2,15.25,12
2026-09-23T13:02:00+05:30,15.45,15.45,15.35,15.35,4
2026-09-23T13:03:00+05:30,15.25,15.4,15.0,15.2,24
2026-09-23T13:04:00+05:30,15.2,15.4,15.2,15.3,7
2026-09-23T13:05:00+05:30,15.35,15.45,15.15,15.45,20
2026-09-23T13:06:00+05:30,15.5,15.5,15.25,15.25,6
2026-09-23T13:07:00+05:30,15.15,15.15,14.65,15.0,29
2026-09-23T13:08:00+05:30,15.05,15.2,15.05,15.15,58
2026-09-23T13:09:00+05:30,15.35,15.55,15.3,15.35,17
2026-09-23T13:11:00+05:30,15.55,15.6,15.5,15.5,5
2026-09-23T13:12:00+05:30,15.45,15.5,15.4,15.45,18
2026-09-23T13:13:00+05:30,15.35,15.55,15.3,15.3,4
2026-09-23T13:14:00+05:30,15.5,15.5,15.4,15.4,2
2026-09-23T13:15:00+05:30,15.45,15.55,15.45,15.55,3
2026-09-23T13:16:00+05:30,15.2,15.3,15.2,15.3,2
2026-09-23T13:17:00+05:30,15.2,15.55,15.2,15.55,13
2026-09-23T13:18:00+05:30,15.4,15.55,15.4,15.45,5
2026-09-23T13:20:00+05:30,15.5,15.5,15.5,15.5,1
2026-09-23T13:21:00+05:30,15.55,15.65,15.4,15.6,23
2026-09-23T13:22:00+05:30,15.6,15.65,15.5,15.65,18
2026-09-23T13:23:00+05:30,15.6,15.7,15.55,15.65,14
2026-09-23T13:24:00+05:30,15.65,15.75,15.65,15.75,12
2026-09-23T13:25:00+05:30,15.7,15.7,15.6,15.7,10
2026-09-23T13:26:00+05:30,15.75,15.8,15.7,15.8,6
2026-09-23T13:27:00+05:30,15.75,15.8,15.75,15.8,4
2026-09-23T13:28:00+05:30,15.8,15.85,15.8,15.8,8
2026-09-23T13:29:00+05:30,15.85,15.95,15.8,15.95,14
2026-09-23T13:30:00+05:30,15.9,16.15,15.8,16.05,46
2026-09-23T13:31:00+05:30,16.05,16.05,15.85,16.05,25
2026-09-23T13:32:00+05:30,16.1,16.15,15.95,16.15,20
2026-09-23T13:33:00+05:30,16.15,16.3,16.05,16.3,16
2026-09-23T13:34:00+05:30,16.25,16.35,16.15,16.3,14
2026-09-23T13:35:00+05:30,16.35,16.45,16.2,16.45,15
2026-09-23T13:36:00+05:30,16.4,16.45,16.35,16.35,16
2026-09-23T13:37:00+05:30,16.2,16.2,15.95,15.95,13
2026-09-23T13:38:00+05:30,15.95,15.95,15.95,15.95,2
2026-09-23T13:39:00+05:30,15.75,15.75,15.55,15.55,26
2026-09-23T13:40:00+05:30,15.55,15.7,15.5,15.7,5
2026-09-23T13:41:00+05:30,15.75,15.85,15.55,15.55,15
2026-09-23T13:42:00+05:30,15.4,15.5,15.4,15.5,2
2026-09-23T13:43:00+05:30,15.45,15.45,15.4,15.4,2
2026-09-23T13:44:00+05:30,15.4,15.4,15.1,15.1,7
2026-09-23T13:45:00+05:30,15.15,15.15,14.85,14.95,25
2026-09-23T13:46:00+05:30,14.95,15.0,14.95,15.0,10
2026-09-23T13:47:00+05:30,14.85,15.2,14.8,15.0,15
2026-09-23T13:48:00+05:30,15.0,15.0,14.9,14.9,19
2026-09-23T13:49:00+05:30,14.85,14.85,14.8,14.8,21
2026-09-23T13:50:00+05:30,14.8,14.9,14.8,14.9,7
2026-09-23T13:51:00+05:30,14.8,15.0,14.8,15.0,10
2026-09-23T13:52:00+05:30,15.05,15.05,15.0,15.0,54
2026-09-23T13:53:00+05:30,15.0,15.1,14.95,14.95,19
2026-09-23T13:54:00+05:30,14.9,14.9,14.9,14.9,21
2026-09-23T13:56:00+05:30,14.95,15.0,14.95,14.95,5
2026-09-23T13:57:00+05:30,15.15,15.15,15.1,15.1,2
2026-09-23T14:00:00+05:30,15.05,15.05,15.05,15.05,2
2026-09-23T14:02:00+05:30,14.9,14.9,14.75,14.75,8
2026-09-23T14:03:00+05:30,14.85,14.85,14.55,14.6,14
2026-09-23T14:04:00+05:30,14.6,14.7,14.55,14.7,9
2026-09-23T14:05:00+05:30,14.55,14.55,14.55,14.55,1
2026-09-23T14:06:00+05:30,14.55,14.55,14.5,14.5,25
2026-09-23T14:07:00+05:30,14.3,14.5,14.3,14.35,11
2026-09-23T14:08:00+05:30,14.4,14.4,14.4,14.4,3
2026-09-23T14:09:00+05:30,14.25,14.25,13.95,14.1,8
2026-09-23T14:10:00+05:30,14.0,14.0,14.0,14.0,11
2026-09-23T14:11:00+05:30,13.95,13.95,13.8,13.85,64
2026-09-23T14:12:00+05:30,13.85,14.05,13.85,14.0,51
2026-09-23T14:13:00+05:30,14.0,14.0,13.9,13.95,35
2026-09-23T14:14:00+05:30,14.1,14.15,13.95,14.0,6
2026-09-23T14:15:00+05:30,13.8,13.85,13.65,13.65,16
2026-09-23T14:16:00+05:30,13.75,13.75,13.6,13.6,20
2026-09-23T14:17:00+05:30,13.8,13.8,13.7,13.7,5
2026-09-23T14:18:00+05:30,13.55,13.65,13.4,13.4,7
2026-09-23T14:19:00+05:30,13.35,13.65,13.2,13.5,31
2026-09-23T14:20:00+05:30,13.65,13.65,13.65,13.65,1
2026-09-23T14:21:00+05:30,13.65,13.65,13.4,13.55,24
2026-09-23T14:22:00+05:30,13.6,13.7,13.6,13.7,3
2026-09-23T14:23:00+05:30,13.45,13.45,13.4,13.45,9
2026-09-23T14:24:00+05:30,13.4,13.65,13.3,13.65,17
2026-09-23T14:25:00+05:30,13.6,14.5,13.6,13.75,358
2026-09-23T14:26:00+05:30,13.8,13.85,13.65,13.8,28
2026-09-23T14:27:00+05:30,13.7,13.7,13.65,13.65,2
2026-09-23T14:28:00+05:30,13.6,13.6,13.35,13.4,5
2026-09-23T14:29:00+05:30,13.55,13.65,13.4,13.4,35
2026-09-23T14:30:00+05:30,13.35,13.4,13.35,13.4,5
2026-09-23T14:31:00+05:30,13.6,13.65,13.55,13.55,3
2026-09-23T14:32:00+05:30,13.65,13.65,13.6,13.6,3
2026-09-23T14:33:00+05:30,13.6,13.6,13.6,13.6,1
2026-09-23T14:34:00+05:30,13.6,13.85,13.45,13.45,22
2026-09-23T14:35:00+05:30,13.6,13.7,13.6,13.7,16
2026-09-23T14:36:00+05:30,13.75,13.8,13.55,13.75,16
2026-09-23T14:37:00+05:30,13.75,13.85,13.75,13.75,6
2026-09-23T14:38:00+05:30,13.85,14.0,13.75,13.75,11
2026-09-23T14:39:00+05:30,13.85,13.85,13.85,13.85,1
2026-09-23T14:40:00+05:30,13.95,14.0,13.85,13.9,5
2026-09-23T14:41:00+05:30,13.95,14.05,13.95,14.05,3
2026-09-23T14:42:00+05:30,14.0,14.0,13.9,13.9,3
2026-09-23T14:43:00+05:30,14.15,14.15,13.95,13.95,14
2026-09-23T14:44:00+05:30,13.85,13.85,13.75,13.75,43
2026-09-23T14:45:00+05:30,13.7,13.7,13.45,13.45,41
2026-09-23T14:46:00+05:30,13.65,13.75,13.15,13.35,59
2026-09-23T14:47:00+05:30,13.55,13.65,13.55,13.65,3
2026-09-23T14:48:00+05:30,13.65,13.7,13.55,13.6,63
2026-09-23T14:49:00+05:30,13.6,13.65,13.6,13.6,3
2026-09-23T14:50:00+05:30,13.6,13.75,13.55,13.6,10
2026-09-23T14:51:00+05:30,13.65,13.65,13.65,13.65,3
2026-09-23T14:52:00+05:30,13.5,13.8,13.4,13.75,30
2026-09-23T14:53:00+05:30,13.65,13.65,13.55,13.55,27
2026-09-23T14:54:00+05:30,13.55,13.6,13.4,13.4,37
2026-09-23T14:55:00+05:30,13.2,13.4,13.1,13.15,57
2026-09-23T14:56:00+05:30,13.2,13.35,13.2,13.35,3
2026-09-23T14:57:00+05:30,13.35,13.6,13.3,13.45,102
2026-09-23T14:58:00+05:30,13.45,13.65,13.4,13.55,59
2026-09-23T14:59:00+05:30,13.7,13.7,13.2,13.4,50
2026-09-23T15:00:00+05:30,13.55,13.6,13.4,13.55,25
2026-09-23T15:01:00+05:30,13.5,13.75,13.35,13.65,131
2026-09-23T15:02:00+05:30,13.75,13.75,13.5,13.5,29
2026-09-23T15:03:00+05:30,13.65,13.8,13.45,13.65,58
2026-09-23T15:04:00+05:30,13.75,13.75,13.35,13.4,33
2026-09-23T15:05:00+05:30,13.25,13.35,13.2,13.2,18
2026-09-23T15:06:00+05:30,13.2,13.2,12.95,13.0,25
2026-09-23T15:07:00+05:30,13.15,13.15,13.1,13.1,2
2026-09-23T15:08:00+05:30,13.2,13.35,13.15,13.3,26
2026-09-23T15:09:00+05:30,13.25,13.3,13.1,13.1,17
2026-09-23T15:10:00+05:30,13.35,13.5,13.35,13.4,13
2026-09-23T15:11:00+05:30,13.4,13.4,13.0,13.15,40
2026-09-23T15:12:00+05:30,12.95,13.1,12.9,13.05,49
2026-09-23T15:13:00+05:30,13.05,13.1,12.85,12.9,40
2026-09-23T15:14:00+05:30,12.95,12.95,12.65,12.7,30
2026-09-23T15:15:00+05:30,12.8,12.8,12.55,12.55,24
2026-09-23T15:16:00+05:30,12.7,12.95,12.7,12.95,57
2026-09-23T15:17:00+05:30,13.0,13.0,12.95,12.95,2
2026-09-23T15:18:00+05:30,12.9,13.3,12.9,13.3,49
2026-09-23T15:19:00+05:30,13.2,13.25,12.8,12.8,42
2026-09-23T15:20:00+05:30,13.0,13.25,12.95,13.15,21
2026-09-23T15:21:00+05:30,13.3,13.5,13.2,13.25,456
2026-09-23T15:22:00+05:30,13.3,13.5,13.0,13.05,134
2026-09-23T15:23:00+05:30,13.05,13.15,12.8,13.0,79
2026-09-23T15:24:00+05:30,12.9,12.9,12.65,12.65,8
2026-09-23T15:25:00+05:30,12.8,12.9,12.65,12.65,8
2026-09-23T15:26:00+05:30,12.75,13.0,12.7,12.7,82
2026-09-23T15:27:00+05:30,12.7,13.1,12.65,12.75,64
2026-09-23T15:28:00+05:30,12.7,12.8,12.7,12.8,2
2026-09-23T15:29:00+05:30,12.8,12.8,12.45,12.55,17
2026-09-23T15:30:00+05:30,12.4,12.4,12.1,12.35,58
2026-09-23T15:31:00+05:30,12.3,12.35,12.1,12.35,135
2026-09-23T15:32:00+05:30,12.25,12.75,12.2,12.6,126
2026-09-23T15:33:00+05:30,12.7,12.85,12.7,12.8,30
2026-09-23T15:34:00+05:30,12.8,13.0,12.8,12.9,94
2026-09-23T15:35:00+05:30,12.9,12.9,12.65,12.85,47
2026-09-23T15:36:00+05:30,12.75,12.75,12.55,12.65,11
2026-09-23T15:37:00+05:30,12.65,12.85,12.45,12.45,31
2026-09-23T15:38:00+05:30,12.6,12.7,12.25,12.3,51
2026-09-23T15:39:00+05:30,12.3,12.35,11.85,12.0,39
2026-09-24T09:15:00+05:30,40.75,40.75,36.95,37.15,147
2026-09-24T09:16:00+05:30,38.85,47.85,38.4,41.0,580
2026-09-24T09:17:00+05:30,41.4,52.15,40.35,52.15,307
2026-09-24T09:18:00+05:30,51.3,54.0,49.2,51.0,775
2026-09-24T09:19:00+05:30,50.9,62.3,48.15,59.25,513
2026-09-24T09:20:00+05:30,59.2,60.3,56.3,58.0,299
2026-09-24T09:21:00+05:30,57.5,63.2,56.15,60.0,447
2026-09-24T09:22:00+05:30,60.6,62.4,50.95,51.75,330
2026-09-24T09:23:00+05:30,52.05,52.3,47.85,48.55,189
2026-09-24T09:24:00+05:30,48.0,49.95,46.8,49.8,251
2026-09-24T09:25:00+05:30,50.05,56.2,49.5,54.6,207
2026-09-24T09:26:00+05:30,56.05,56.4,52.25,54.0,158
2026-09-24T09:27:00+05:30,56.15,58.95,56.0,56.8,148
2026-09-24T09:28:00+05:30,57.2,57.8,55.0,56.05,62
2026-09-24T09:29:00+05:30,55.55,58.3,55.55,56.0,33
2026-09-24T09:30:00+05:30,56.55,63.2,56.55,62.6,395
2026-09-24T09:31:00+05:30,63.05,66.4,60.7,65.35,174
2026-09-24T09:32:00+05:30,63.1,65.2,61.75,63.2,56
2026-09-24T09:33:00+05:30,63.55,66.0,62.6,64.55,92
2026-09-24T09:34:00+05:30,64.5,65.0,62.55,63.0,287
2026-09-24T09:35:00+05:30,62.7,63.45,59.95,62.45,170
2026-09-24T09:36:00+05:30,62.6,63.55,61.9,62.45,68
2026-09-24T09:37:00+05:30,61.85,66.05,61.7,65.35,147
2026-09-24T09:38:00+05:30,66.0,76.35,65.05,75.95,234
2026-09-24T09:39:00+05:30,75.8,82.55,73.1,81.1,166
2026-09-24T09:40:00+05:30,80.4,82.4,77.0,77.6,307
2026-09-24T09:41:00+05:30,76.4,81.95,76.4,80.0,120
2026-09-24T09:42:00+05:30,80.05,83.75,79.45,81.0,93
2026-09-24T09:43:00+05:30,81.05,93.4,81.05,90.6,245
2026-09-24T09:44:00+05:30,90.9,97.85,90.15,95.75,351
2026-09-24T09:45:00+05:30,95.75,103.6,90.1,90.1,420
2026-09-24T09:46:00+05:30,90.0,94.65,88.0,94.2,439
2026-09-24T09:47:00+05:30,94.25,96.25,92.35,95.95,160
2026-09-24T09:48:00+05:30,96.9,96.9,92.0,92.55,166
2026-09-24T09:49:00+05:30,92.0,92.0,85.2,85.25,108
2026-09-24T09:50:00+05:30,86.05,89.2,83.35,83.65,161
2026-09-24T09:51:00+05:30,83.35,87.6,82.1,87.6,77
2026-09-24T09:52:00+05:30,86.8,88.0,84.8,87.25,98
2026-09-24T09:53:00+05:30,88.0,89.6,87.1,89.6,138
2026-09-24T09:54:00+05:30,89.2,90.05,88.85,89.85,118
2026-09-24T09:55:00+05:30,90.0,93.5,89.65,89.9,96
2026-09-24T09:56:00+05:30,89.8,91.45,88.6,90.2,79
2026-09-24T09:57:00+05:30,90.2,90.65,88.85,89.5,32
2026-09-24T09:58:00+05:30,89.25,90.5,85.05,86.25,148
2026-09-24T09:59:00+05:30,86.85,88.7,84.45,85.35,37
2026-09-24T10:00:00+05:30,87.05,87.55,81.7,81.7,66
2026-09-24T10:01:00+05:30,80.75,81.3,79.15,81.2,64
2026-09-24T10:02:00+05:30,80.35,81.45,76.35,76.65,51
2026-09-24T10:03:00+05:30,76.6,76.6,71.4,72.3,78
2026-09-24T10:04:00+05:30,72.4,73.5,68.65,73.5,188
2026-09-24T10:05:00+05:30,73.9,78.0,73.9,74.65,189
2026-09-24T10:06:00+05:30,75.0,78.1,75.0,75.8,39
2026-09-24T10:07:00+05:30,75.5,75.6,72.5,73.4,141
2026-09-24T10:08:00+05:30,71.6,72.15,66.8,66.8,110
2026-09-24T10:09:00+05:30,66.8,67.15,64.55,66.1,109
2026-09-24T10:10:00+05:30,66.4,70.9,66.3,69.95,28
2026-09-24T10:11:00+05:30,70.7,74.3,70.3,72.1,52
2026-09-24T10:12:00+05:30,72.35,75.0,71.6,75.0,139
2026-09-24T10:13:00+05:30,75.4,76.55,73.0,75.75,35
2026-09-24T10:14:00+05:30,79.3,80.3,78.25,78.75,48
2026-09-24T10:15:00+05:30,78.75,78.95,75.85,76.4,73
2026-09-24T10:16:00+05:30,75.6,76.85,74.7,76.3,35
2026-09-24T10:17:00+05:30,76.6,78.6,76.25,77.55,40
2026-09-24T10:18:00+05:30,77.0,78.45,75.8,77.9,36
2026-09-24T10:19:00+05:30,78.45,80.15,74.05,74.1,38
2026-09-24T10:20:00+05:30,74.15,77.5,74.15,77.3,41
2026-09-24T10:21:00+05:30,77.25,81.0,77.25,81.0,29
2026-09-24T10:22:00+05:30,81.0,84.15,80.75,83.5,64
2026-09-24T10:23:00+05:30,84.15,84.15,81.05,82.6,62
2026-09-24T10:24:00+05:30,83.15,83.35,81.35,83.1,32
2026-09-24T10:25:00+05:30,83.25,85.9,83.25,85.2,63
2026-09-24T10:26:00+05:30,85.35,87.0,81.25,81.7,91
2026-09-24T10:27:00+05:30,81.65,81.9,79.65,81.0,149
2026-09-24T10:28:00+05:30,81.0,85.0,80.2,84.55,39
2026-09-24T10:29:00+05:30,83.85,84.15,81.9,82.8,12
2026-09-24T10:30:00+05:30,82.45,84.0,81.45,82.0,45
2026-09-24T10:31:00+05:30,80.0,80.2,78.75,78.75,10
2026-09-24T10:32:00+05:30,76.55,77.1,74.5,76.3,77
2026-09-24T10:33:00+05:30,76.6,76.85,70.3,70.8,262
2026-09-24T10:34:00+05:30,70.85,74.15,70.85,72.6,35
2026-09-24T10:35:00+05:30,71.9,74.4,70.95,74.2,106
2026-09-24T10:36:00+05:30,74.15,74.6,68.75,70.0,63
2026-09-24T10:37:00+05:30,69.75,73.0,69.3,73.0,170
2026-09-24T10:38:00+05:30,72.45,72.45,69.55,71.9,37
2026-09-24T10:39:00+05:30,71.0,72.6,70.8,72.35,19
2026-09-24T10:40:00+05:30,72.65,76.25,72.65,76.25,131
2026-09-24T10:41:00+05:30,76.3,76.4,74.45,75.55,55
2026-09-24T10:42:00+05:30,77.0,77.0,74.15,74.5,20
2026-09-24T10:43:00+05:30,74.45,78.1,74.0,77.8,36
2026-09-24T10:44:00+05:30,77.4,77.5,75.0,75.0,19
2026-09-24T10:45:00+05:30,74.95,75.0,72.85,72.9,64
2026-09-24T10:46:00+05:30,73.3,73.4,71.7,72.55,21
2026-09-24T10:47:00+05:30,73.05,73.05,71.5,71.5,39
2026-09-24T10:48:00+05:30,74.05,75.55,74.05,75.55,8
2026-09-24T10:49:00+05:30,75.35,75.35,73.85,75.0,6
2026-09-24T10:50:00+05:30,74.2,75.25,73.95,73.95,28
2026-09-24T10:51:00+05:30,74.0,74.2,68.35,73.1,159
2026-09-24T10:52:00+05:30,73.1,73.1,68.0,68.0,153
2026-09-24T10:53:00+05:30,68.9,68.9,65.6,67.5,101
2026-09-24T10:54:00+05:30,67.7,68.15,65.5,66.2,86
2026-09-24T10:55:00+05:30,65.65,65.65,62.0,62.5,149
2026-09-24T10:56:00+05:30,63.25,65.95,63.25,65.95,32
2026-09-24T10:57:00+05:30,66.0,66.45,65.6,66.3,40
2026-09-24T10:58:00+05:30,65.8,68.55,65.5,68.25,62
2026-09-24T10:59:00+05:30,66.1,66.1,64.35,64.35,8
2026-09-24T11:00:00+05:30,64.3,65.35,63.95,64.35,49
2026-09-24T11:01:00+05:30,64.15,65.5,64.15,65.3,16
2026-09-24T11:02:00+05:30,65.2,65.2,61.6,61.6,17
2026-09-24T11:03:00+05:30,62.95,64.25,62.15,64.15,63
2026-09-24T11:04:00+05:30,64.75,65.05,63.4,64.55,43
2026-09-24T11:05:00+05:30,64.75,67.85,64.75,67.85,34
2026-09-24T11:06:00+05:30,68.05,70.75,67.5,70.15,190
2026-09-24T11:07:00+05:30,69.9,69.9,67.65,67.65,10
2026-09-24T11:08:00+05:30,68.3,70.55,68.3,70.55,31
2026-09-24T11:09:00+05:30,71.0,73.25,70.65,72.95,18
2026-09-24T11:10:00+05:30,72.6,73.75,72.1,72.95,20
2026-09-24T11:11:00+05:30,71.65,73.15,69.95,73.15,15
2026-09-24T11:12:00+05:30,73.1,73.6,72.45,72.8,17
2026-09-24T11:13:00+05:30,72.9,78.65,72.9,77.25,85
2026-09-24T11:14:00+05:30,74.5,77.0,74.5,76.35,41
2026-09-24T11:15:00+05:30,76.1,76.4,71.3,71.4,68
2026-09-24T11:16:00+05:30,70.45,71.4,70.3,70.3,51
2026-09-24T11:17:00+05:30,69.45,69.9,66.25,68.4,115
2026-09-24T11:18:00+05:30,67.15,67.15,63.3,64.9,128
2026-09-24T11:19:00+05:30,64.5,65.55,62.2,63.4,105
2026-09-24T11:20:00+05:30,62.95,65.5,62.5,64.8,102
2026-09-24T11:21:00+05:30,65.35,66.75,65.35,65.6,32
2026-09-24T11:22:00+05:30,66.35,67.55,64.85,67.55,96
2026-09-24T11:23:00+05:30,68.25,69.3,67.9,68.75,12
2026-09-24T11:24:00+05:30,68.6,72.0,68.6,72.0,39
2026-09-24T11:25:00+05:30,71.75,75.25,70.3,75.25,164
2026-09-24T11:26:00+05:30,75.4,77.05,73.75,73.9,56
2026-09-24T11:27:00+05:30,73.95,73.95,72.45,73.35,10
2026-09-24T11:28:00+05:30,72.55,73.1,70.95,72.85,36
2026-09-24T11:29:00+05:30,72.85,72.95,72.65,72.65,6
2026-09-24T11:30:00+05:30,73.35,73.4,72.55,73.4,27
2026-09-24T11:31:00+05:30,73.0,75.05,72.3,74.95,8
2026-09-24T11:32:00+05:30,74.4,80.15,74.4,79.75,123
2026-09-24T11:33:00+05:30,79.75,79.75,75.95,75.95,49
2026-09-24T11:34:00+05:30,75.0,78.15,75.0,77.4,65
2026-09-24T11:35:00+05:30,78.0,78.0,75.7,75.7,10
2026-09-24T11:36:00+05:30,75.6,75.6,72.0,72.35,38
2026-09-24T11:37:00+05:30,71.7,73.5,70.65,70.8,129
2026-09-24T11:38:00+05:30,70.35,71.65,69.1,71.65,20
2026-09-24T11:39:00+05:30,71.7,72.2,68.55,68.55,97
2026-09-24T11:40:00+05:30,68.8,70.95,68.8,70.3,7
2026-09-24T11:41:00+05:30,69.55,71.8,69.2,71.8,56
2026-09-24T11:42:00+05:30,72.05,72.05,70.45,71.15,12
2026-09-24T11:43:00+05:30,71.5,71.85,71.25,71.3,82
2026-09-24T11:44:00+05:30,71.4,73.0,71.3,72.75,17
2026-09-24T11:45:00+05:30,72.6,72.6,70.25,70.8,12
2026-09-24T11:46:00+05:30,70.25,70.25,69.15,69.15,5
2026-09-24T11:47:00+05:30,70.45,72.45,70.25,72.45,98
2026-09-24T11:48:00+05:30,72.4,73.75,70.65,70.7,45
2026-09-24T11:49:00+05:30,71.45,73.5,71.0,73.5,12
2026-09-24T11:50:00+05:30,73.6,73.75,71.55,73.75,47
2026-09-24T11:51:00+05:30,73.6,74.55,73.6,74.5,4
2026-09-24T11:52:00+05:30,74.05,74.55,72.65,72.85,118
2026-09-24T11:53:00+05:30,72.3,73.15,71.3,72.85,46
2026-09-24T11:54:00+05:30,72.85,72.85,71.35,71.7,16
2026-09-24T11:55:00+05:30,72.15,74.55,71.95,74.2,25
2026-09-24T11:56:00+05:30,74.5,76.1,74.5,75.55,26
2026-09-24T11:57:00+05:30,75.95,77.25,74.4,76.25,20
2026-09-24T11:58:00+05:30,76.15,76.75,73.0,73.55,36
2026-09-24T11:59:00+05:30,73.75,73.75,73.1,73.15,3
2026-09-24T12:00:00+05:30,74.45,74.95,72.0,72.0,10
2026-09-24T12:01:00+05:30,71.9,71.9,68.95,69.25,35
2026-09-24T12:02:00+05:30,68.5,68.8,65.75,68.5,45
2026-09-24T12:03:00+05:30,70.3,70.5,68.65,69.6,12
2026-09-24T12:04:00+05:30,70.9,70.9,70.0,70.6,11
2026-09-24T12:05:00+05:30,70.85,70.85,70.55,70.7,16
2026-09-24T12:06:00+05:30,70.3,70.55,68.75,70.5,35
2026-09-24T12:07:00+05:30,69.25,70.1,69.25,70.1,2
2026-09-24T12:08:00+05:30,70.25,72.55,70.25,72.15,29
2026-09-24T12:09:00+05:30,70.2,70.2,70.05,70.05,8
2026-09-24T12:10:00+05:30,69.9,69.9,69.15,69.3,35
2026-09-24T12:11:00+05:30,68.95,68.95,68.25,68.8,8
2026-09-24T12:12:00+05:30,68.75,69.95,68.75,69.95,10
2026-09-24T12:13:00+05:30,70.5,70.5,69.7,70.4,11
2026-09-24T12:14:00+05:30,71.6,73.3,71.05,73.15,9
2026-09-24T12:15:00+05:30,73.55,73.6,70.25,71.4,27
2026-09-24T12:16:00+05:30,71.25,72.65,71.25,72.15,15
2026-09-24T12:17:00+05:30,72.05,72.3,70.9,72.25,15
2026-09-24T12:18:00+05:30,72.4,72.4,70.45,70.85,8
2026-09-24T12:19:00+05:30,70.6,71.15,68.75,68.75,27
2026-09-24T12:20:00+05:30,68.0,69.8,66.85,69.8,22
2026-09-24T12:21:00+05:30,69.8,70.2,68.8,69.55,10
2026-09-24T12:22:00+05:30,69.9,71.1,69.75,71.1,16
2026-09-24T12:23:00+05:30,71.65,75.05,71.55,73.6,756
2026-09-24T12:24:00+05:30,73.15,73.15,70.75,71.95,60
2026-09-24T12:25:00+05:30,72.95,78.25,72.95,78.25,12
2026-09-24T12:26:00+05:30,78.2,78.55,72.4,72.75,756
2026-09-24T12:27:00+05:30,72.7,74.0,71.8,72.0,41
2026-09-24T12:28:00+05:30,70.0,70.8,68.4,69.65,46
2026-09-24T12:29:00+05:30,69.5,70.7,69.4,70.7,714
2026-09-24T12:30:00+05:30,70.2,70.9,67.4,67.4,46
2026-09-24T12:31:00+05:30,67.6,70.75,66.6,70.75,105
2026-09-24T12:32:00+05:30,73.0,78.65,73.0,77.2,55
2026-09-24T12:33:00+05:30,77.2,77.2,73.95,74.9,845
2026-09-24T12:34:00+05:30,76.0,76.1,73.65,73.65,50
2026-09-24T12:35:00+05:30,73.25,83.4,73.25,75.8,147
2026-09-24T12:36:00+05:30,77.75,82.5,74.95,74.95,100
2026-09-24T12:37:00+05:30,74.8,76.6,74.4,76.6,40
2026-09-24T12:38:00+05:30,74.25,74.25,70.95,70.95,59
2026-09-24T12:39:00+05:30,71.55,73.45,71.55,72.4,38
2026-09-24T12:40:00+05:30,72.3,73.5,70.4,70.55,751
2026-09-24T12:41:00+05:30,70.4,72.0,68.5,71.9,95
2026-09-24T12:42:00+05:30,71.65,71.9,69.8,71.9,713
2026-09-24T12:43:00+05:30,71.6,73.55,71.6,73.55,6
2026-09-24T12:44:00+05:30,73.7,75.6,73.6,75.6,37
2026-09-24T12:45:00+05:30,75.15,76.55,73.65,76.55,62
2026-09-24T12:46:00+05:30,75.0,75.25,74.2,75.25,10
2026-09-24T12:47:00+05:30,75.75,78.0,75.75,77.4,70
2026-09-24T12:48:00+05:30,75.85,78.8,75.0,78.8,154
2026-09-24T12:49:00+05:30,78.4,78.55,77.4,77.85,16
2026-09-24T12:50:00+05:30,77.75,77.85,74.75,74.85,59
2026-09-24T12:51:00+05:30,75.0,76.55,74.9,75.9,17
2026-09-24T12:52:00+05:30,76.25,76.7,76.25,76.7,3
2026-09-24T12:53:00+05:30,76.95,77.55,76.6,76.6,5
2026-09-24T12:54:00+05:30,78.15,81.0,78.15,80.9,20
2026-09-24T12:55:00+05:30,80.2,80.35,77.25,77.25,33
2026-09-24T12:56:00+05:30,77.8,77.95,75.0,75.1,47
2026-09-24T12:57:00+05:30,76.45,77.0,73.95,74.0,53
2026-09-24T12:58:00+05:30,73.7,74.85,73.1,74.55,24
2026-09-24T12:59:00+05:30,75.35,75.35,74.2,74.2,8
2026-09-24T13:00:00+05:30,74.35,75.8,72.0,74.85,47
2026-09-24T13:01:00+05:30,74.0,74.0,71.3,72.0,35
2026-09-24T13:02:00+05:30,70.5,71.05,69.8,69.8,33
2026-09-24T13:03:00+05:30,69.0,69.15,66.55,66.9,39
2026-09-24T13:04:00+05:30,67.05,69.5,67.05,69.45,43
2026-09-24T13:05:00+05:30,68.7,69.4,67.75,69.4,60
2026-09-24T13:06:00+05:30,71.5,72.5,70.2,70.2,30
2026-09-24T13:07:00+05:30,70.2,70.2,67.75,67.9,52
2026-09-24T13:08:00+05:30,67.8,68.1,66.6,68.1,11
2026-09-24T13:09:00+05:30,69.3,70.4,69.2,69.2,9
2026-09-24T13:10:00+05:30,71.65,72.2,71.65,72.15,10
2026-09-24T13:11:00+05:30,70.85,71.3,70.85,71.3,2
2026-09-24T13:12:00+05:30,71.6,71.6,69.9,69.9,5
2026-09-24T13:13:00+05:30,69.0,69.2,67.6,67.6,14
2026-09-24T13:14:00+05:30,65.9,66.4,64.0,66.4,22
2026-09-24T13:15:00+05:30,67.8,67.8,65.85,66.45,8
2026-09-24T13:16:00+05:30,66.45,66.8,66.45,66.8,4
2026-09-24T13:17:00+05:30,69.4,71.25,69.4,70.55,5
2026-09-24T13:18:00+05:30,69.7,69.7,69.7,69.7,1
2026-09-24T13:19:00+05:30,69.7,69.7,69.45,69.45,5
2026-09-24T13:20:00+05:30,70.7,71.85,70.7,71.3,5
2026-09-24T13:21:00+05:30,69.75,71.15,69.75,71.15,11
2026-09-24T13:22:00+05:30,70.7,71.05,70.7,70.7,3
2026-09-24T13:23:00+05:30,70.15,70.9,70.15,70.9,5
2026-09-24T13:24:00+05:30,70.7,70.95,69.8,69.8,24
2026-09-24T13:25:00+05:30,71.95,73.9,71.85,72.8,23
2026-09-24T13:26:00+05:30,73.0,89.15,72.25,88.75,216
2026-09-24T13:27:00+05:30,90.0,94.15,84.0,91.6,185
2026-09-24T13:28:00+05:30,89.95,91.15,87.75,87.8,145
2026-09-24T13:29:00+05:30,87.95,89.2,84.85,88.5,86
2026-09-24T13:30:00+05:30,87.4,88.0,83.9,84.35,79
2026-09-24T13:31:00+05:30,84.8,84.8,79.6,80.85,50
2026-09-24T13:32:00+05:30,80.15,84.05,80.15,81.25,64
2026-09-24T13:33:00+05:30,83.1,85.9,81.2,82.35,42
2026-09-24T13:34:00+05:30,82.45,87.5,82.45,85.45,22
2026-09-24T13:35:00+05:30,84.45,87.75,83.9,87.15,20
2026-09-24T13:36:00+05:30,88.1,91.0,85.4,85.8,45
2026-09-24T13:37:00+05:30,85.85,86.5,84.25,86.0,12
2026-09-24T13:38:00+05:30,87.0,88.35,86.35,87.85,10
2026-09-24T13:39:00+05:30,89.45,93.75,89.45,92.05,79
2026-09-24T13:40:00+05:30,91.5,97.7,91.15,94.95,463
2026-09-24T13:41:00+05:30,94.05,96.3,92.6,93.35,57
2026-09-24T13:42:00+05:30,93.8,98.8,93.0,98.8,72
2026-09-24T13:43:00+05:30,97.4,112.7,97.4,112.7,105
2026-09-24T13:44:00+05:30,111.4,146.1,111.4,135.7,1045
2026-09-24T13:45:00+05:30,136.1,154.45,124.4,154.2,447
2026-09-24T13:46:00+05:30,156.25,179.75,156.0,163.85,1226
2026-09-24T13:47:00+05:30,164.4,165.75,150.0,160.7,284
2026-09-24T13:48:00+05:30,159.9,162.95,154.65,156.75,266
2026-09-24T13:49:00+05:30,155.15,156.75,140.5,143.75,288
2026-09-24T13:50:00+05:30,143.65,146.25,136.2,141.1,282
2026-09-24T13:51:00+05:30,141.35,159.0,141.35,158.75,112
2026-09-24T13:52:00+05:30,156.9,164.75,152.7,154.2,623
2026-09-24T13:53:00+05:30,156.75,158.6,153.8,158.3,65
2026-09-24T13:54:00+05:30,159.85,177.3,159.4,169.7,205
2026-09-24T13:55:00+05:30,170.4,174.0,162.4,165.95,177
2026-09-24T13:56:00+05:30,165.8,172.8,164.25,168.2,368
2026-09-24T13:57:00+05:30,168.35,178.65,165.0,176.2,325
2026-09-24T13:58:00+05:30,176.95,199.7,175.0,197.5,342
2026-09-24T13:59:00+05:30,198.6,201.3,181.2,189.05,470
2026-09-24T14:00:00+05:30,186.8,187.2,162.65,163.15,194
2026-09-24T14:01:00+05:30,162.65,162.65,149.6,149.65,346
2026-09-24T14:02:00+05:30,150.7,158.5,142.6,143.9,342
2026-09-24T14:03:00+05:30,142.9,149.8,137.25,148.15,294
2026-09-24T14:04:00+05:30,147.15,167.55,140.0,165.35,516
2026-09-24T14:05:00+05:30,164.0,166.45,153.45,156.8,94
2026-09-24T14:06:00+05:30,155.1,166.5,154.85,166.5,48
2026-09-24T14:07:00+05:30,165.85,166.2,158.95,160.05,105
2026-09-24T14:08:00+05:30,159.6,159.9,148.15,150.0,124
2026-09-24T14:09:00+05:30,152.1,157.5,145.55,149.85,117
2026-09-24T14:10:00+05:30,149.55,152.5,141.75,149.6,96
2026-09-24T14:11:00+05:30,152.8,154.4,149.0,152.45,39
2026-09-24T14:12:00+05:30,152.1,152.6,147.65,147.65,63
2026-09-24T14:13:00+05:30,148.45,153.15,145.65,145.95,42
2026-09-24T14:14:00+05:30,146.15,150.0,144.15,146.85,34
2026-09-24T14:15:00+05:30,145.35,153.65,144.3,153.5,58
2026-09-24T14:16:00+05:30,153.45,153.65,146.1,149.0,70
2026-09-24T14:17:00+05:30,149.9,151.0,147.05,148.6,47
2026-09-24T14:18:00+05:30,146.2,148.35,142.3,146.35,45
2026-09-24T14:19:00+05:30,147.25,155.0,146.15,154.3,47
2026-09-24T14:20:00+05:30,151.2,156.0,148.3,153.75,78
2026-09-24T14:21:00+05:30,153.95,160.35,153.95,154.0,129
2026-09-24T14:22:00+05:30,153.45,163.45,153.0,162.85,77
2026-09-24T14:23:00+05:30,162.1,174.75,160.9,169.0,129
2026-09-24T14:24:00+05:30,168.0,170.5,158.05,158.95,82
2026-09-24T14:25:00+05:30,159.1,161.3,151.05,151.9,134
2026-09-24T14:26:00+05:30,154.6,162.05,152.0,156.5,212
2026-09-24T14:27:00+05:30,156.8,158.2,154.0,154.0,47
2026-09-24T14:28:00+05:30,154.5,155.0,147.35,152.05,293
2026-09-24T14:29:00+05:30,156.8,157.0,153.8,157.0,24
2026-09-24T14:30:00+05:30,154.6,158.9,152.3,153.85,31
2026-09-24T14:31:00+05:30,153.15,156.5,146.3,147.6,42
2026-09-24T14:32:00+05:30,147.25,148.55,139.75,147.7,176
2026-09-24T14:33:00+05:30,148.7,152.9,144.8,147.45,97
2026-09-24T14:34:00+05:30,146.9,147.75,139.85,139.85,49
2026-09-24T14:35:00+05:30,139.5,140.65,135.0,135.0,269
2026-09-24T14:36:00+05:30,135.3,137.6,128.0,129.7,152
2026-09-24T14:37:00+05:30,128.85,130.55,122.05,122.8,166
2026-09-24T14:38:00+05:30,123.55,124.3,116.2,122.05,698
2026-09-24T14:39:00+05:30,121.55,121.6,107.85,107.85,255
2026-09-24T14:40:00+05:30,107.85,112.4,106.7,111.3,340
2026-09-24T14:41:00+05:30,111.55,116.7,110.45,112.5,601
2026-09-24T14:42:00+05:30,112.25,120.7,111.95,117.15,163
2026-09-24T14:43:00+05:30,117.85,118.5,112.0,114.55,95
2026-09-24T14:44:00+05:30,114.1,118.95,113.55,115.3,146
2026-09-24T14:45:00+05:30,115.25,117.3,107.05,107.05,117
2026-09-24T14:46:00+05:30,106.95,108.85,104.4,108.6,152
2026-09-24T14:47:00+05:30,109.35,111.25,104.5,108.9,100
2026-09-24T14:48:00+05:30,108.7,110.0,104.4,106.45,67
2026-09-24T14:49:00+05:30,105.95,109.1,104.8,105.1,48
2026-09-24T14:50:00+05:30,105.15,105.2,98.75,100.65,94
2026-09-24T14:51:00+05:30,101.0,101.95,94.8,96.2,106
2026-09-24T14:52:00+05:30,95.7,96.8,93.35,95.65,63
2026-09-24T14:53:00+05:30,95.95,97.3,94.0,94.0,65
2026-09-24T14:54:00+05:30,93.55,96.5,91.7,96.0,157
2026-09-24T14:55:00+05:30,95.85,97.0,90.0,92.0,101
2026-09-24T14:56:00+05:30,91.25,96.15,88.0,95.8,106
2026-09-24T14:57:00+05:30,97.6,101.6,97.1,98.5,444
2026-09-24T14:58:00+05:30,100.05,105.2,100.0,100.0,469
2026-09-24T14:59:00+05:30,101.0,109.15,100.85,109.15,30
2026-09-24T15:00:00+05:30,108.0,112.1,104.55,111.0,647
2026-09-24T15:01:00+05:30,111.0,115.0,105.1,105.8,130
2026-09-24T15:02:00+05:30,105.75,107.1,96.9,96.95,605
2026-09-24T15:03:00+05:30,97.0,102.4,96.65,100.55,144
2026-09-24T15:04:00+05:30,100.35,100.75,95.4,96.65,24
2026-09-24T15:05:00+05:30,96.6,107.5,96.4,105.85,82
2026-09-24T15:06:00+05:30,106.1,109.8,104.9,105.9,61
2026-09-24T15:07:00+05:30,106.0,110.0,106.0,108.5,30
2026-09-24T15:08:00+05:30,108.0,114.3,105.95,112.8,38
2026-09-24T15:09:00+05:30,113.0,113.65,105.85,107.2,73
2026-09-24T15:10:00+05:30,106.4,115.45,104.85,113.45,74
2026-09-24T15:11:00+05:30,113.5,116.2,107.95,110.6,116
2026-09-24T15:12:00+05:30,110.35,121.35,109.8,115.0,227
2026-09-24T15:13:00+05:30,115.3,127.25,113.8,126.35,353
2026-09-24T15:14:00+05:30,125.25,125.6,118.8,121.55,147
2026-09-24T15:15:00+05:30,121.4,131.5,121.3,130.4,106
2026-09-24T15:16:00+05:30,130.25,131.1,126.4,128.3,69
2026-09-24T15:17:00+05:30,127.45,128.3,121.35,124.5,54
2026-09-24T15:18:00+05:30,124.8,125.0,114.4,115.3,104
2026-09-24T15:19:00+05:30,115.6,115.65,109.5,112.3,64
2026-09-24T15:20:00+05:30,112.65,119.9,112.65,117.0,59
2026-09-24T15:21:00+05:30,118.45,119.45,116.35,117.65,32
2026-09-24T15:22:00+05:30,117.45,118.15,108.7,108.7,94
2026-09-24T15:23:00+05:30,109.1,113.2,108.05,113.1,164
2026-09-24T15:24:00+05:30,113.35,114.05,104.4,104.55,154
2026-09-24T15:25:00+05:30,103.6,105.0,99.6,99.75,135
2026-09-24T15:26:00+05:30,98.6,104.05,95.85,103.9,100
2026-09-24T15:27:00+05:30,104.25,105.55,102.55,104.8,53
2026-09-24T15:28:00+05:30,104.3,105.2,103.9,104.6,68
2026-09-24T15:29:00+05:30,104.4,108.1,103.9,108.1,19
2026-09-24T15:30:00+05:30,108.4,112.5,107.7,112.5,174
2026-09-24T15:31:00+05:30,112.65,117.0,112.35,117.0,61
2026-09-24T15:32:00+05:30,117.3,117.75,113.05,115.45,80
2026-09-24T15:33:00+05:30,115.15,118.7,114.75,118.4,69
2026-09-24T15:34:00+05:30,120.0,120.75,119.0,120.75,95
2026-09-24T15:35:00+05:30,120.6,120.65,118.05,118.7,62
2026-09-24T15:36:00+05:30,118.7,126.65,118.65,124.7,164
2026-09-24T15:37:00+05:30,125.2,125.35,123.55,123.55,142
2026-09-24T15:38:00+05:30,123.85,124.85,122.85,124.35,62
2026-09-24T15:39:00+05:30,123.3,138.7,123.3,130.85,178
2026-09-25T09:15:00+05:30,116.35,132.05,71.4,71.4,1716
2026-09-25T09:16:00+05:30,68.85,76.6,66.7,71.25,1401
2026-09-25T09:17:00+05:30,70.1,74.0,68.7,70.65,827
2026-09-25T09:18:00+05:30,71.15,77.4,70.8,75.05,295
2026-09-25T09:19:00+05:30,75.3,76.25,70.7,76.25,419
2026-09-25T09:20:00+05:30,77.2,80.5,74.8,75.45,429
2026-09-25T09:21:00+05:30,76.1,80.65,74.2,78.2,257
2026-09-25T09:22:00+05:30,77.75,77.8,71.25,71.4,317
2026-09-25T09:23:00+05:30,71.0,75.6,69.1,75.6,186
2026-09-25T09:24:00+05:30,75.45,78.7,73.55,75.45,180
2026-09-25T09:25:00+05:30,75.05,75.25,70.95,72.55,184
2026-09-25T09:26:00+05:30,71.55,71.9,67.9,68.7,156
2026-09-25T09:27:00+05:30,67.5,69.8,66.6,67.35,181
2026-09-25T09:28:00+05:30,67.4,72.4,66.0,69.5,173
2026-09-25T09:29:00+05:30,68.85,69.7,66.45,67.3,187
2026-09-25T09:30:00+05:30,66.6,69.75,65.85,66.55,154
2026-09-25T09:31:00+05:30,66.5,70.9,65.4,69.45,198
2026-09-25T09:32:00+05:30,69.2,70.65,66.2,70.65,185
2026-09-25T09:33:00+05:30,70.5,72.3,69.7,69.7,245
2026-09-25T09:34:00+05:30,70.2,71.25,64.85,66.35,352
2026-09-25T09:35:00+05:30,66.05,66.55,63.95,64.45,178
2026-09-25T09:36:00+05:30,64.2,71.6,64.15,71.6,250
2026-09-25T09:37:00+05:30,72.05,79.8,70.45,79.8,355
2026-09-25T09:38:00+05:30,79.75,82.5,77.0,80.5,434
2026-09-25T09:39:00+05:30,80.35,81.55,77.4,81.35,339
2026-09-25T09:40:00+05:30,81.75,93.7,81.7,91.0,657
2026-09-25T09:41:00+05:30,90.7,93.55,87.0,88.15,307
2026-09-25T09:42:00+05:30,87.05,95.4,86.45,93.5,487
2026-09-25T09:43:00+05:30,92.95,109.55,92.75,104.1,1085
2026-09-25T09:44:00+05:30,104.2,104.75,100.0,102.45,677
2026-09-25T09:45:00+05:30,102.35,102.95,95.7,102.95,703
2026-09-25T09:46:00+05:30,103.3,104.55,99.5,102.0,294
2026-09-25T09:47:00+05:30,102.25,102.9,91.2,92.05,446
2026-09-25T09:48:00+05:30,92.25,97.1,91.0,95.65,351
2026-09-25T09:49:00+05:30,95.15,101.65,95.05,101.2,507
2026-09-25T09:50:00+05:30,101.2,101.55,97.2,100.85,279
2026-09-25T09:51:00+05:30,100.7,102.55,96.65,98.2,699
2026-09-25T09:52:00+05:30,97.95,114.0,97.6,111.05,590
2026-09-25T09:53:00+05:30,110.55,112.9,104.5,105.95,642
2026-09-25T09:54:00+05:30,106.9,107.3,100.0,102.7,449
2026-09-25T09:55:00+05:30,102.3,104.0,98.75,103.4,248
2026-09-25T09:56:00+05:30,102.85,104.85,98.4,99.85,288
2026-09-25T09:57:00+05:30,100.45,103.9,99.05,101.5,253
2026-09-25T09:58:00+05:30,100.8,105.6,98.9,99.4,218
2026-09-25T09:59:00+05:30,98.75,99.95,90.95,93.2,416
2026-09-25T10:00:00+05:30,95.3,95.3,90.45,91.1,579
2026-09-25T10:01:00+05:30,90.6,94.7,89.35,93.8,453
2026-09-25T10:02:00+05:30,93.9,94.1,85.35,85.8,630
2026-09-25T10:03:00+05:30,86.25,87.1,80.65,85.0,967
2026-09-25T10:04:00+05:30,84.65,86.5,80.25,84.95,342
2026-09-25T10:05:00+05:30,84.75,86.5,78.55,86.1,368
2026-09-25T10:06:00+05:30,86.1,86.2,79.25,81.1,340
2026-09-25T10:07:00+05:30,80.75,83.5,73.55,76.35,706
2026-09-25T10:08:00+05:30,75.8,76.45,62.8,63.5,837
2026-09-25T10:09:00+05:30,63.35,68.85,61.55,64.35,657
2026-09-25T10:10:00+05:30,63.9,67.95,60.95,67.3,602
2026-09-25T10:11:00+05:30,68.0,73.3,67.3,73.3,514
2026-09-25T10:12:00+05:30,72.2,74.85,69.2,69.2,285
2026-09-25T10:13:00+05:30,69.8,69.95,67.3,69.7,237
2026-09-25T10:14:00+05:30,70.55,70.6,68.0,69.0,156
2026-09-25T10:15:00+05:30,68.85,70.25,67.0,68.0,174
2026-09-25T10:16:00+05:30,67.65,67.65,64.95,67.05,187
2026-09-25T10:17:00+05:30,66.45,68.1,66.15,67.5,102
2026-09-25T10:18:00+05:30,67.8,73.1,67.75,72.9,282
2026-09-25T10:19:00+05:30,72.95,75.0,71.5,73.45,100
2026-09-25T10:20:00+05:30,73.6,74.8,71.3,73.0,254
2026-09-25T10:21:00+05:30,72.85,72.85,68.8,69.7,99
2026-09-25T10:22:00+05:30,71.05,73.35,70.25,73.35,582
2026-09-25T10:23:00+05:30,73.25,75.95,73.25,75.1,158
2026-09-25T10:24:00+05:30,75.1,81.25,74.2,80.95,724
2026-09-25T10:25:00+05:30,81.35,82.2,74.9,75.0,487
2026-09-25T10:26:00+05:30,75.2,78.8,74.5,76.8,233
2026-09-25T10:27:00+05:30,77.15,80.65,77.15,79.55,260
2026-09-25T10:28:00+05:30,79.9,85.95,79.9,82.1,396
2026-09-25T10:29:00+05:30,82.6,84.1,79.9,80.2,414
2026-09-25T10:30:00+05:30,80.4,80.4,76.2,76.45,206
2026-09-25T10:31:00+05:30,77.1,79.35,72.95,79.35,418
2026-09-25T10:32:00+05:30,79.85,83.65,79.7,82.8,432
2026-09-25T10:33:00+05:30,82.35,83.0,79.0,81.4,361
2026-09-25T10:34:00+05:30,81.8,89.0,79.65,89.0,305
2026-09-25T10:35:00+05:30,89.0,94.3,86.0,87.6,544
2026-09-25T10:36:00+05:30,87.8,88.7,84.6,85.2,302
2026-09-25T10:37:00+05:30,84.55,84.65,81.25,81.25,259
2026-09-25T10:38:00+05:30,81.1,83.2,79.25,79.55,311
2026-09-25T10:39:00+05:30,79.0,79.75,76.7,78.4,356
2026-09-25T10:40:00+05:30,80.35,81.15,76.6,78.35,122
2026-09-25T10:41:00+05:30,77.35,84.0,77.35,81.8,357
2026-09-25T10:42:00+05:30,81.6,81.6,77.4,81.0,152
2026-09-25T10:43:00+05:30,80.85,84.35,80.75,83.0,171
2026-09-25T10:44:00+05:30,83.2,84.5,81.9,84.25,309
2026-09-25T10:45:00+05:30,82.95,85.3,82.5,84.55,282
2026-09-25T10:46:00+05:30,83.65,85.8,83.45,83.55,130
2026-09-25T10:47:00+05:30,83.3,89.0,83.2,89.0,293
2026-09-25T10:48:00+05:30,89.05,90.0,87.0,87.0,411
2026-09-25T10:49:00+05:30,87.15,88.15,83.85,86.25,171
2026-09-25T10:50:00+05:30,85.5,85.8,83.65,84.85,103
2026-09-25T10:51:00+05:30,83.7,84.45,80.7,81.0,216
2026-09-25T10:52:00+05:30,80.65,83.55,78.9,82.3,281
2026-09-25T10:53:00+05:30,82.6,83.65,82.6,83.35,194
2026-09-25T10:54:00+05:30,82.45,82.45,79.85,81.1,104
2026-09-25T10:55:00+05:30,80.0,80.0,76.35,77.3,256
2026-09-25T10:56:00+05:30,77.25,78.3,74.6,75.15,209
2026-09-25T10:57:00+05:30,75.45,78.6,75.45,78.6,117
2026-09-25T10:58:00+05:30,78.4,79.0,75.95,78.25,161
2026-09-25T10:59:00+05:30,78.0,78.0,75.2,75.35,62
2026-09-25T11:00:00+05:30,75.75,77.1,71.55,73.7,125
2026-09-25T11:01:00+05:30,72.9,73.25,70.0,72.65,292
2026-09-25T11:02:00+05:30,71.1,71.95,64.0,67.7,223
2026-09-25T11:03:00+05:30,67.8,68.55,63.0,67.8,385
2026-09-25T11:04:00+05:30,68.0,68.4,65.65,68.3,186
2026-09-25T11:05:00+05:30,67.75,67.85,64.5,66.0,179
2026-09-25T11:06:00+05:30,67.05,68.5,66.3,66.6,34
2026-09-25T11:07:00+05:30,67.3,67.35,63.65,64.25,1353
2026-09-25T11:08:00+05:30,64.45,67.0,64.0,66.85,242
2026-09-25T11:09:00+05:30,66.95,67.0,64.9,65.5,97
2026-09-25T11:10:00+05:30,65.2,66.3,64.5,65.05,183
2026-09-25T11:11:00+05:30,64.3,64.5,62.95,64.0,145
2026-09-25T11:12:00+05:30,62.95,65.1,62.55,65.1,114
2026-09-25T11:13:00+05:30,65.15,69.4,64.9,68.8,307
2026-09-25T11:14:00+05:30,68.55,69.0,65.15,66.3,168
2026-09-25T11:15:00+05:30,66.4,68.35,65.3,66.1,547
2026-09-25T11:16:00+05:30,66.4,67.25,64.7,66.45,380
2026-09-25T11:17:00+05:30,65.7,65.95,63.5,64.45,245
2026-09-25T11:18:00+05:30,64.45,67.55,64.45,65.4,247
2026-09-25T11:19:00+05:30,65.8,66.85,65.65,66.85,46
2026-09-25T11:20:00+05:30,66.6,66.6,65.2,65.75,165
2026-09-25T11:21:00+05:30,65.4,65.6,62.7,65.0,179
2026-09-25T11:22:00+05:30,64.7,64.7,62.95,64.1,228
2026-09-25T11:23:00+05:30,64.2,66.4,63.75,66.35,66
2026-09-25T11:24:00+05:30,66.75,71.55,66.45,71.55,114
2026-09-25T11:25:00+05:30,72.0,73.45,70.3,71.0,330
2026-09-25T11:26:00+05:30,70.45,73.0,70.0,72.25,69
2026-09-25T11:27:00+05:30,72.3,72.9,70.8,72.1,97
2026-09-25T11:28:00+05:30,71.95,72.5,70.15,71.3,103
2026-09-25T11:29:00+05:30,71.35,71.4,68.7,69.0,406
2026-09-25T11:30:00+05:30,68.65,69.8,67.25,68.7,78
2026-09-25T11:31:00+05:30,67.8,68.4,63.65,65.95,624
2026-09-25T11:32:00+05:30,65.35,66.45,64.55,66.0,461
2026-09-25T11:33:00+05:30,66.0,67.6,64.5,67.6,74
2026-09-25T11:34:00+05:30,67.95,68.9,66.4,66.4,45
2026-09-25T11:35:00+05:30,66.5,67.0,65.35,67.0,60
2026-09-25T11:36:00+05:30,67.5,68.4,67.3,68.4,38
2026-09-25T11:37:00+05:30,68.95,69.35,68.45,69.0,40
2026-09-25T11:38:00+05:30,68.25,69.15,67.0,67.45,77
2026-09-25T11:39:00+05:30,67.2,67.2,64.05,64.05,181
2026-09-25T11:40:00+05:30,64.3,66.65,64.1,66.65,293
2026-09-25T11:41:00+05:30,67.5,68.3,66.9,66.9,81
2026-09-25T11:42:00+05:30,67.2,67.2,65.2,65.6,76
2026-09-25T11:43:00+05:30,65.4,68.0,65.4,68.0,40
2026-09-25T11:44:00+05:30,68.1,68.35,66.0,66.0,176
2026-09-25T11:45:00+05:30,67.55,67.55,65.8,65.9,157
2026-09-25T11:46:00+05:30,66.05,66.05,63.9,64.65,136
2026-09-25T11:47:00+05:30,64.7,64.95,63.7,64.45,65
2026-09-25T11:48:00+05:30,64.8,66.1,64.75,65.0,44
2026-09-25T11:49:00+05:30,65.05,66.6,65.0,65.3,57
2026-09-25T11:50:00+05:30,65.2,65.2,62.05,64.1,281
2026-09-25T11:51:00+05:30,63.95,65.0,63.0,64.0,49
2026-09-25T11:52:00+05:30,64.0,64.4,62.55,63.35,440
2026-09-25T11:53:00+05:30,63.4,63.6,62.5,63.55,74
2026-09-25T11:54:00+05:30,64.2,64.25,62.0,62.75,55
2026-09-25T11:55:00+05:30,62.2,64.95,61.8,64.6,306
2026-09-25T11:56:00+05:30,64.05,65.6,63.2,65.55,132
2026-09-25T11:57:00+05:30,64.75,65.2,64.1,64.45,76
2026-09-25T11:58:00+05:30,64.9,65.65,64.4,64.4,88
2026-09-25T11:59:00+05:30,64.15,66.45,63.6,65.65,34
2026-09-25T12:00:00+05:30,66.0,66.15,65.1,65.45,32
2026-09-25T12:01:00+05:30,65.1,68.85,64.65,68.2,284
2026-09-25T12:02:00+05:30,67.95,68.0,65.65,67.75,67
2026-09-25T12:03:00+05:30,67.75,71.45,67.75,70.85,185
2026-09-25T12:04:00+05:30,70.4,71.8,68.3,68.95,296
2026-09-25T12:05:00+05:30,68.45,69.75,67.45,67.85,79
2026-09-25T12:06:00+05:30,67.55,69.7,67.45,69.2,60
2026-09-25T12:07:00+05:30,68.15,69.8,68.1,69.7,28
2026-09-25T12:08:00+05:30,70.15,70.25,66.8,66.9,75
2026-09-25T12:09:00+05:30,66.85,66.9,65.0,65.1,606
2026-09-25T12:10:00+05:30,65.0,66.5,64.5,64.5,196
2026-09-25T12:11:00+05:30,64.0,64.0,62.4,63.4,681
2026-09-25T12:12:00+05:30,63.2,64.25,62.4,63.65,151
2026-09-25T12:13:00+05:30,64.15,65.3,63.95,65.15,164
2026-09-25T12:14:00+05:30,65.6,66.95,65.0,65.0,94
2026-09-25T12:15:00+05:30,65.0,65.6,64.3,65.15,88
2026-09-25T12:16:00+05:30,64.65,65.0,63.6,64.35,75
2026-09-25T12:17:00+05:30,64.8,67.25,64.8,67.25,74
2026-09-25T12:18:00+05:30,67.0,67.3,65.4,65.75,61
2026-09-25T12:19:00+05:30,65.4,66.4,65.2,66.4,33
2026-09-25T12:20:00+05:30,66.95,68.65,66.95,67.95,57
2026-09-25T12:21:00+05:30,68.25,69.55,67.6,69.55,93
2026-09-25T12:22:00+05:30,69.7,70.05,67.8,70.05,46
2026-09-25T12:23:00+05:30,70.9,71.5,69.2,69.55,89
2026-09-25T12:24:00+05:30,69.2,71.2,69.2,70.1,56
2026-09-25T12:25:00+05:30,70.6,72.4,70.6,71.15,143
2026-09-25T12:26:00+05:30,71.0,71.55,69.05,69.05,43
2026-09-25T12:27:00+05:30,68.7,69.95,67.85,69.0,65
2026-09-25T12:28:00+05:30,68.3,68.7,66.5,67.65,72
2026-09-25T12:29:00+05:30,67.15,67.9,65.75,65.8,36
2026-09-25T12:30:00+05:30,65.5,65.95,62.25,63.05,306
2026-09-25T12:31:00+05:30,62.55,63.6,62.55,63.3,47
2026-09-25T12:32:00+05:30,63.0,64.35,62.25,63.75,62
2026-09-25T12:33:00+05:30,64.2,65.95,64.0,65.85,122
2026-09-25T12:34:00+05:30,65.9,67.0,64.75,67.0,175
2026-09-25T12:35:00+05:30,67.4,69.1,66.45,68.0,111
2026-09-25T12:36:00+05:30,68.4,71.3,68.0,71.15,161
2026-09-25T12:37:00+05:30,70.8,70.8,68.35,69.75,119
2026-09-25T12:38:00+05:30,69.85,70.8,67.9,68.25,81
2026-09-25T12:39:00+05:30,67.65,69.05,67.15,67.2,50
2026-09-25T12:40:00+05:30,67.45,68.2,66.0,67.8,97
2026-09-25T12:41:00+05:30,67.85,68.6,66.3,66.75,71
2026-09-25T12:42:00+05:30,66.8,70.0,66.8,69.9,77
2026-09-25T12:43:00+05:30,69.3,71.25,68.9,68.9,106
2026-09-25T12:44:00+05:30,68.25,70.8,67.7,70.0,108
2026-09-25T12:45:00+05:30,69.95,72.25,69.8,71.05,166
2026-09-25T12:46:00+05:30,70.8,71.2,68.75,70.95,81
2026-09-25T12:47:00+05:30,70.75,71.2,69.35,69.35,121
2026-09-25T12:48:00+05:30,69.2,71.4,69.2,71.35,55
2026-09-25T12:49:00+05:30,71.75,75.7,70.75,74.05,288
2026-09-25T12:50:00+05:30,74.35,78.85,72.9,77.25,288
2026-09-25T12:51:00+05:30,78.0,81.3,75.8,79.0,209
2026-09-25T12:52:00+05:30,79.45,80.3,75.45,76.25,177
2026-09-25T12:53:00+05:30,76.65,80.0,76.1,76.8,151
2026-09-25T12:54:00+05:30,76.4,79.0,76.0,78.75,36
2026-09-25T12:55:00+05:30,79.0,80.85,77.8,80.35,300
2026-09-25T12:56:00+05:30,80.05,92.25,78.0,91.6,931
2026-09-25T12:57:00+05:30,90.25,94.0,84.8,86.0,991
2026-09-25T12:58:00+05:30,86.4,86.7,80.9,82.05,447
2026-09-25T12:59:00+05:30,81.35,83.05,78.6,78.6,315
2026-09-25T13:00:00+05:30,78.5,79.0,74.25,77.0,256
2026-09-25T13:01:00+05:30,76.8,77.25,73.7,74.6,172
2026-09-25T13:02:00+05:30,75.25,83.15,75.25,81.65,227
2026-09-25T13:03:00+05:30,81.0,81.75,78.55,81.0,150
2026-09-25T13:04:00+05:30,81.05,81.7,79.55,81.4,81
2026-09-25T13:05:00+05:30,82.0,83.0,78.0,79.2,275
2026-09-25T13:06:00+05:30,79.2,79.4,77.0,78.1,223
2026-09-25T13:07:00+05:30,77.65,78.8,75.75,78.45,102
2026-09-25T13:08:00+05:30,78.9,80.0,76.3,76.3,72
2026-09-25T13:09:00+05:30,76.0,76.0,73.35,73.75,125
2026-09-25T13:10:00+05:30,73.3,75.15,72.75,72.75,136
2026-09-25T13:11:00+05:30,72.0,72.15,70.05,71.8,243
2026-09-25T13:12:00+05:30,71.3,73.7,70.7,73.0,112
2026-09-25T13:13:00+05:30,73.0,74.1,72.2,73.05,65
2026-09-25T13:14:00+05:30,73.0,76.5,72.5,76.5,57
2026-09-25T13:15:00+05:30,74.9,76.95,73.6,76.95,50
2026-09-25T13:16:00+05:30,76.9,77.7,74.6,74.6,64
2026-09-25T13:17:00+05:30,74.35,77.2,73.0,75.95,54
2026-09-25T13:18:00+05:30,75.65,76.25,75.0,76.1,34
2026-09-25T13:19:00+05:30,75.3,75.8,72.65,75.8,90
2026-09-25T13:20:00+05:30,75.75,75.75,73.45,75.45,199
2026-09-25T13:21:00+05:30,75.65,75.65,73.05,73.3,83
2026-09-25T13:22:00+05:30,73.1,76.25,71.95,75.7,146
2026-09-25T13:23:00+05:30,76.5,77.2,73.6,75.75,394
2026-09-25T13:24:00+05:30,75.7,78.05,75.7,76.05,46
2026-09-25T13:25:00+05:30,76.3,77.0,74.5,75.5,71
2026-09-25T13:26:00+05:30,75.05,75.1,72.85,73.3,70
2026-09-25T13:27:00+05:30,73.55,75.55,73.35,75.45,90
2026-09-25T13:28:00+05:30,75.0,76.1,74.95,75.25,26
2026-09-25T13:29:00+05:30,75.15,75.45,74.0,74.6,26
2026-09-25T13:30:00+05:30,74.05,76.15,74.05,76.15,44
2026-09-25T13:31:00+05:30,74.6,74.9,73.55,74.9,48
2026-09-25T13:32:00+05:30,75.85,76.65,75.55,75.55,52
2026-09-25T13:33:00+05:30,75.95,79.75,75.95,79.75,56
2026-09-25T13:34:00+05:30,80.1,82.0,79.5,81.1,184
2026-09-25T13:35:00+05:30,81.55,84.3,80.2,80.6,380
2026-09-25T13:36:00+05:30,81.0,83.1,79.25,81.2,187
2026-09-25T13:37:00+05:30,80.65,85.5,79.05,79.75,336
2026-09-25T13:38:00+05:30,79.55,82.4,79.55,81.4,181
2026-09-25T13:39:00+05:30,81.05,83.95,80.0,83.95,67
2026-09-25T13:40:00+05:30,83.4,83.4,78.6,79.2,93
2026-09-25T13:41:00+05:30,78.95,80.5,78.1,80.45,37
2026-09-25T13:42:00+05:30,80.65,81.1,74.55,74.8,163
2026-09-25T13:43:00+05:30,74.45,78.85,73.0,78.4,314
2026-09-25T13:44:00+05:30,77.6,77.9,76.45,77.2,297
2026-09-25T13:45:00+05:30,77.6,77.6,74.05,75.65,141
2026-09-25T13:46:00+05:30,74.4,75.0,68.35,68.6,262
2026-09-25T13:47:00+05:30,68.95,73.85,68.35,72.4,142
2026-09-25T13:48:00+05:30,72.0,74.1,72.0,73.25,102
2026-09-25T13:49:00+05:30,73.25,73.8,71.75,73.8,64
2026-09-25T13:50:00+05:30,74.25,76.1,74.1,75.9,77
2026-09-25T13:51:00+05:30,76.0,76.0,74.3,74.4,68
2026-09-25T13:52:00+05:30,73.25,74.35,73.0,73.65,49
2026-09-25T13:53:00+05:30,73.85,74.45,72.5,74.45,60
2026-09-25T13:54:00+05:30,73.4,73.4,71.0,71.6,18
2026-09-25T13:55:00+05:30,71.75,71.95,68.4,68.4,80
2026-09-25T13:56:00+05:30,69.0,69.8,63.45,63.75,407
2026-09-25T13:57:00+05:30,63.9,67.0,63.9,67.0,286
2026-09-25T13:58:00+05:30,66.95,67.2,65.0,65.0,120
2026-09-25T13:59:00+05:30,65.2,65.25,61.7,61.9,176
2026-09-25T14:00:00+05:30,61.05,61.2,50.75,54.2,921
2026-09-25T14:01:00+05:30,54.35,58.0,52.95,54.9,708
2026-09-25T14:02:00+05:30,54.7,55.6,51.8,53.85,394
2026-09-25T14:03:00+05:30,53.95,53.95,44.65,45.5,636
2026-09-25T14:04:00+05:30,45.4,52.45,45.4,50.35,536
2026-09-25T14:05:00+05:30,50.35,53.55,49.0,52.85,456
2026-09-25T14:06:00+05:30,52.95,53.45,50.4,52.8,259
2026-09-25T14:07:00+05:30,52.95,53.65,50.0,50.9,513
2026-09-25T14:08:00+05:30,50.45,53.75,49.4,52.4,512
2026-09-25T14:09:00+05:30,52.25,58.6,52.25,56.2,696
2026-09-25T14:10:00+05:30,56.55,56.8,53.9,55.0,188
2026-09-25T14:11:00+05:30,55.7,55.9,51.75,52.35,144
2026-09-25T14:12:00+05:30,52.8,54.4,51.5,54.2,181
2026-09-25T14:13:00+05:30,54.15,54.65,52.35,54.65,79
2026-09-25T14:14:00+05:30,55.0,55.9,54.0,55.05,187
2026-09-25T14:15:00+05:30,53.8,54.1,50.3,50.3,499
2026-09-25T14:16:00+05:30,50.0,51.5,48.85,49.0,261
2026-09-25T14:17:00+05:30,48.85,49.0,46.95,47.85,131
2026-09-25T14:18:00+05:30,46.75,46.8,45.4,46.4,116
2026-09-25T14:19:00+05:30,46.35,47.4,46.25,46.7,181
2026-09-25T14:20:00+05:30,46.8,48.95,45.75,47.95,140
2026-09-25T14:21:00+05:30,47.9,47.9,44.7,46.1,325
2026-09-25T14:22:00+05:30,46.3,46.5,45.0,45.8,40
2026-09-25T14:23:00+05:30,45.85,46.95,45.7,46.4,107
2026-09-25T14:24:00+05:30,46.1,46.35,45.3,46.1,164
2026-09-25T14:25:00+05:30,46.05,46.8,42.0,45.2,211
2026-09-25T14:26:00+05:30,44.85,48.5,44.2,46.65,429
2026-09-25T14:27:00+05:30,46.75,46.9,44.65,46.25,164
2026-09-25T14:28:00+05:30,46.35,46.35,43.95,44.45,190
2026-09-25T14:29:00+05:30,44.55,44.95,43.85,44.8,80
2026-09-25T14:30:00+05:30,44.65,44.75,40.5,41.25,204
2026-09-25T14:31:00+05:30,41.2,43.25,40.4,41.0,457
2026-09-25T14:32:00+05:30,41.2,42.15,40.6,41.5,351
2026-09-25T14:33:00+05:30,41.7,42.05,39.9,42.05,518
2026-09-25T14:34:00+05:30,42.35,42.7,41.35,42.35,94
2026-09-25T14:35:00+05:30,41.95,43.2,41.6,43.2,81
2026-09-25T14:36:00+05:30,43.05,43.3,42.35,43.3,47
2026-09-25T14:37:00+05:30,43.25,43.45,42.1,42.5,156
2026-09-25T14:38:00+05:30,42.75,42.85,41.8,42.2,69
2026-09-25T14:39:00+05:30,42.0,42.0,41.0,41.35,105
2026-09-25T14:40:00+05:30,41.6,43.2,41.45,43.0,217
2026-09-25T14:41:00+05:30,42.9,44.15,42.85,44.1,85
2026-09-25T14:42:00+05:30,44.1,45.0,44.1,45.0,243
2026-09-25T14:43:00+05:30,44.9,46.2,44.7,46.2,128
2026-09-25T14:44:00+05:30,46.2,46.45,45.25,45.55,131
2026-09-25T14:45:00+05:30,45.75,47.3,44.9,47.3,204
2026-09-25T14:46:00+05:30,47.1,51.65,47.0,49.0,802
2026-09-25T14:47:00+05:30,49.0,50.7,48.55,50.7,770
2026-09-25T14:48:00+05:30,50.6,51.0,48.65,48.65,340
2026-09-25T14:49:00+05:30,48.5,49.65,47.25,49.0,272
2026-09-25T14:50:00+05:30,49.4,51.8,47.4,50.7,319
2026-09-25T14:51:00+05:30,50.95,51.85,49.1,49.3,786
2026-09-25T14:52:00+05:30,49.3,49.3,47.95,48.7,157
2026-09-25T14:53:00+05:30,48.45,48.95,46.45,47.65,135
2026-09-25T14:54:00+05:30,47.2,48.25,46.0,46.2,72
2026-09-25T14:55:00+05:30,45.9,50.8,45.75,50.8,338
2026-09-25T14:56:00+05:30,50.7,51.9,49.3,51.2,710
2026-09-25T14:57:00+05:30,51.3,52.85,50.5,51.1,231
2026-09-25T14:58:00+05:30,51.0,52.7,50.25,52.0,282
2026-09-25T14:59:00+05:30,51.7,51.85,49.55,50.35,247
2026-09-25T15:00:00+05:30,50.4,53.1,50.4,50.95,376
2026-09-25T15:01:00+05:30,51.35,54.45,50.75,54.45,197
2026-09-25T15:02:00+05:30,54.8,56.5,53.05,53.9,550
2026-09-25T15:03:00+05:30,53.95,55.95,53.55,54.3,252
2026-09-25T15:04:00+05:30,54.4,55.95,53.4,53.4,380
2026-09-25T15:05:00+05:30,53.75,56.45,53.75,56.3,102
2026-09-25T15:06:00+05:30,55.6,55.65,52.5,53.25,376
2026-09-25T15:07:00+05:30,52.1,56.55,51.15,56.55,344
2026-09-25T15:08:00+05:30,57.0,63.6,56.2,63.6,1039
2026-09-25T15:09:00+05:30,64.15,65.0,58.35,61.25,713
2026-09-25T15:10:00+05:30,61.2,62.75,58.05,60.0,393
2026-09-25T15:11:00+05:30,60.65,61.1,58.3,58.95,525
2026-09-25T15:12:00+05:30,58.95,59.0,55.4,55.65,412
2026-09-25T15:13:00+05:30,55.6,57.3,53.5,53.5,615
2026-09-25T15:14:00+05:30,54.15,54.65,51.2,51.55,200
2026-09-25T15:15:00+05:30,51.45,53.4,50.95,53.3,166
2026-09-25T15:16:00+05:30,53.55,55.25,53.1,53.7,95
2026-09-25T15:17:00+05:30,54.1,55.0,53.85,54.25,156
2026-09-25T15:18:00+05:30,53.45,53.55,49.5,50.8,888
2026-09-25T15:19:00+05:30,50.6,52.45,50.5,51.8,132
2026-09-25T15:20:00+05:30,52.25,52.55,49.6,51.9,311
2026-09-25T15:21:00+05:30,52.15,53.1,51.9,52.0,84
2026-09-25T15:22:00+05:30,51.8,53.9,51.7,53.55,166
2026-09-25T15:23:00+05:30,53.6,54.3,53.4,54.15,96
2026-09-25T15:24:00+05:30,54.15,55.0,51.5,54.05,455
2026-09-25T15:25:00+05:30,54.25,54.7,52.35,53.3,190
2026-09-25T15:26:00+05:30,53.5,54.25,52.7,53.65,497
2026-09-25T15:27:00+05:30,53.75,54.25,52.55,53.05,241
2026-09-25T15:28:00+05:30,53.55,53.6,52.35,53.05,730
2026-09-25T15:29:00+05:30,52.7,52.95,50.25,51.2,59
2026-09-25T15:30:00+05:30,51.2,52.95,51.15,52.95,165
2026-09-25T15:31:00+05:30,53.0,53.1,51.85,52.8,183
2026-09-25T15:32:00+05:30,53.0,54.75,52.9,54.75,81
2026-09-25T15:33:00+05:30,54.85,56.1,53.55,53.55,77
2026-09-25T15:34:00+05:30,54.05,54.25,51.7,53.1,300
2026-09-25T15:35:00+05:30,53.35,53.45,50.7,50.9,112
2026-09-25T15:36:00+05:30,50.85,54.35,50.0,53.25,433
2026-09-25T15:37:00+05:30,53.85,53.85,47.55,50.3,898
2026-09-25T15:38:00+05:30,50.0,51.4,49.4,51.0,402
2026-09-25T15:39:00+05:30,51.2,51.95,49.8,51.95,82
2026-09-28T09:15:00+05:30,58.95,108.15,58.95,103.2,4016
2026-09-28T09:16:00+05:30,107.05,136.8,106.2,119.0,3003
2026-09-28T09:17:00+05:30,117.85,130.25,117.2,124.5,1882
2026-09-28T09:18:00+05:30,124.75,136.65,119.7,130.65,1947
2026-09-28T09:19:00+05:30,131.0,169.2,125.9,164.85,5387
2026-09-28T09:20:00+05:30,165.7,188.5,158.5,182.2,4227
2026-09-28T09:21:00+05:30,182.0,184.4,170.2,178.6,3701
2026-09-28T09:22:00+05:30,178.85,196.1,177.65,191.85,4341
2026-09-28T09:23:00+05:30,192.15,192.15,168.0,178.1,3725
2026-09-28T09:24:00+05:30,176.35,180.9,156.9,168.3,2986
2026-09-28T09:25:00+05:30,168.8,197.4,165.7,192.95,4449
2026-09-28T09:26:00+05:30,193.65,196.0,188.0,194.85,2864
2026-09-28T09:27:00+05:30,194.8,195.2,178.8,187.2,2902
2026-09-28T09:28:00+05:30,187.0,193.0,182.4,184.15,2144
2026-09-28T09:29:00+05:30,183.7,188.05,180.7,183.55,1540
2026-09-28T09:30:00+05:30,183.25,195.6,182.25,184.45,2865
2026-09-28T09:31:00+05:30,184.0,195.0,182.25,192.5,2549
2026-09-28T09:32:00+05:30,192.7,202.15,191.55,200.5,3528
2026-09-28T09:33:00+05:30,201.7,221.8,200.05,212.75,7239
2026-09-28T09:34:00+05:30,212.0,225.0,211.8,213.5,4849
2026-09-28T09:35:00+05:30,213.95,273.65,212.05,257.95,9433
2026-09-28T09:36:00+05:30,257.7,276.5,251.55,268.0,5123
2026-09-28T09:37:00+05:30,268.4,279.0,255.05,260.25,4318
2026-09-28T09:38:00+05:30,260.35,298.0,260.35,278.5,5779
2026-09-28T09:39:00+05:30,278.7,284.25,267.8,275.05,3549
2026-09-28T09:40:00+05:30,275.8,290.0,266.6,267.1,4875
2026-09-28T09:41:00+05:30,267.1,274.65,247.0,254.4,4036
2026-09-28T09:42:00+05:30,254.7,273.0,253.85,267.05,2444
2026-09-28T09:43:00+05:30,268.25,282.4,266.5,277.75,3191
2026-09-28T09:44:00+05:30,277.7,286.0,275.8,277.0,2038
2026-09-28T09:45:00+05:30,276.8,279.75,268.65,273.45,1938
2026-09-28T09:46:00+05:30,273.0,274.45,260.55,261.95,1811
2026-09-28T09:47:00+05:30,262.75,269.3,257.85,264.0,1220
2026-09-28T09:48:00+05:30,264.05,268.35,252.8,264.0,1969
2026-09-28T09:49:00+05:30,264.05,271.45,259.5,260.75,1320
2026-09-28T09:50:00+05:30,262.0,265.45,253.15,259.1,1676
2026-09-28T09:51:00+05:30,258.4,275.8,256.05,274.55,1562
2026-09-28T09:52:00+05:30,274.45,279.3,270.7,274.05,1757
2026-09-28T09:53:00+05:30,273.3,276.45,262.8,267.65,1153
2026-09-28T09:54:00+05:30,268.45,279.5,267.6,276.95,1599
2026-09-28T09:55:00+05:30,276.95,278.0,266.75,275.8,1211
2026-09-28T09:56:00+05:30,275.45,279.4,265.0,266.15,1630
2026-09-28T09:57:00+05:30,267.5,268.9,255.0,259.3,2115
2026-09-28T09:58:00+05:30,258.95,261.1,246.0,254.8,2390
2026-09-28T09:59:00+05:30,255.0,259.9,250.45,255.15,1042
2026-09-28T10:00:00+05:30,255.85,271.7,254.95,271.0,2233
2026-09-28T10:01:00+05:30,271.5,275.8,266.6,269.25,1442
2026-09-28T10:02:00+05:30,269.5,273.95,262.05,266.2,974
2026-09-28T10:03:00+05:30,266.6,276.0,262.2,275.5,1436
2026-09-28T10:04:00+05:30,275.5,289.7,275.2,283.8,3173
2026-09-28T10:05:00+05:30,282.05,315.85,276.0,309.05,4415
2026-09-28T10:06:00+05:30,309.05,320.2,299.3,317.0,4010
2026-09-28T10:07:00+05:30,315.9,331.15,301.05,312.0,3373
2026-09-28T10:08:00+05:30,311.6,320.0,302.75,317.0,1509
2026-09-28T10:09:00+05:30,318.75,330.5,315.7,327.1,2321
2026-09-28T10:10:00+05:30,327.75,329.95,308.25,313.2,1845
2026-09-28T10:11:00+05:30,310.7,314.0,301.35,306.35,1109
2026-09-28T10:12:00+05:30,306.45,316.9,304.0,314.15,1019
2026-09-28T10:13:00+05:30,314.25,314.45,297.45,298.65,1169
2026-09-28T10:14:00+05:30,298.75,313.3,293.65,312.45,1308
2026-09-28T10:15:00+05:30,311.75,319.65,308.05,315.65,1049
2026-09-28T10:16:00+05:30,315.7,320.5,311.55,316.25,1086
2026-09-28T10:17:00+05:30,316.65,348.0,314.05,344.05,2615
2026-09-28T10:18:00+05:30,344.1,349.6,317.5,326.1,2390
2026-09-28T10:19:00+05:30,322.1,324.0,310.0,311.1,974
2026-09-28T10:20:00+05:30,311.0,314.25,286.4,297.15,2172
2026-09-28T10:21:00+05:30,297.05,314.8,295.0,311.85,1365
2026-09-28T10:22:00+05:30,310.0,316.15,302.45,309.65,934
2026-09-28T10:23:00+05:30,311.15,321.0,305.75,313.2,951
2026-09-28T10:24:00+05:30,313.8,328.2,313.1,316.1,945
2026-09-28T10:25:00+05:30,317.75,329.1,315.05,327.35,860
2026-09-28T10:26:00+05:30,327.25,330.0,317.85,325.35,895
2026-09-28T10:27:00+05:30,326.3,327.9,321.05,325.2,706
2026-09-28T10:28:00+05:30,325.8,327.0,306.35,310.05,867
2026-09-28T10:29:00+05:30,310.9,324.95,308.85,318.0,687
2026-09-28T10:30:00+05:30,317.45,317.45,300.0,305.65,863
2026-09-28T10:31:00+05:30,307.4,312.0,304.0,310.1,467
2026-09-28T10:32:00+05:30,311.6,318.75,308.3,310.15,495
2026-09-28T10:33:00+05:30,310.3,324.7,308.95,322.95,377
2026-09-28T10:34:00+05:30,323.65,326.85,317.25,321.05,961
2026-09-28T10:35:00+05:30,323.8,325.95,317.15,320.0,511
2026-09-28T10:36:00+05:30,318.4,319.25,305.0,316.45,770
2026-09-28T10:37:00+05:30,316.05,325.0,313.85,318.45,505
2026-09-28T10:38:00+05:30,319.95,326.75,317.2,326.0,622
2026-09-28T10:39:00+05:30,324.8,337.15,318.3,332.45,1200
2026-09-28T10:40:00+05:30,330.0,331.65,321.8,330.05,667
2026-09-28T10:41:00+05:30,330.85,360.0,322.4,340.85,1922
2026-09-28T10:42:00+05:30,340.6,351.3,338.85,349.85,1454
2026-09-28T10:43:00+05:30,351.35,355.0,342.35,348.15,836
2026-09-28T10:44:00+05:30,348.0,352.0,343.2,346.9,478
2026-09-28T10:45:00+05:30,346.8,349.55,337.5,341.6,799
2026-09-28T10:46:00+05:30,341.25,343.95,334.0,340.35,702
2026-09-28T10:47:00+05:30,339.05,344.0,332.4,338.8,539
2026-09-28T10:48:00+05:30,338.25,352.0,338.2,347.2,611
2026-09-28T10:49:00+05:30,347.4,373.05,345.9,356.3,1423
2026-09-28T10:50:00+05:30,355.15,366.0,352.6,362.05,762
2026-09-28T10:51:00+05:30,361.7,370.0,354.4,356.7,735
2026-09-28T10:52:00+05:30,356.0,370.0,354.75,359.45,536
2026-09-28T10:53:00+05:30,359.45,363.0,348.25,352.5,684
2026-09-28T10:54:00+05:30,351.0,351.45,332.85,336.4,1360
2026-09-28T10:55:00+05:30,336.45,338.15,313.0,316.2,1218
2026-09-28T10:56:00+05:30,316.9,325.0,308.1,325.0,828
2026-09-28T10:57:00+05:30,326.1,332.25,316.05,329.25,617
2026-09-28T10:58:00+05:30,328.7,330.2,318.0,323.1,371
2026-09-28T10:59:00+05:30,324.2,335.0,320.7,332.6,435
2026-09-28T11:00:00+05:30,333.35,346.85,333.0,337.2,657
2026-09-28T11:01:00+05:30,337.4,349.45,335.0,338.65,575
2026-09-28T11:02:00+05:30,339.55,343.0,328.8,334.4,612
2026-09-28T11:03:00+05:30,333.1,345.15,331.7,344.95,657
2026-09-28T11:04:00+05:30,345.0,355.0,340.0,349.95,466
2026-09-28T11:05:00+05:30,349.0,353.0,344.0,347.65,354
2026-09-28T11:06:00+05:30,346.4,348.7,337.0,341.6,453
2026-09-28T11:07:00+05:30,343.15,351.6,338.75,351.6,332
2026-09-28T11:08:00+05:30,351.95,363.65,351.5,360.0,883
2026-09-28T11:09:00+05:30,359.25,362.3,353.7,356.85,361
2026-09-28T11:10:00+05:30,358.7,367.1,353.6,366.4,464
2026-09-28T11:11:00+05:30,366.55,368.7,357.8,368.7,514
2026-09-28T11:12:00+05:30,369.0,374.95,357.75,367.35,917
2026-09-28T11:13:00+05:30,366.25,370.0,360.4,364.6,508
2026-09-28T11:14:00+05:30,364.3,364.4,356.8,357.15,248
2026-09-28T11:15:00+05:30,359.25,359.75,340.0,354.9,1225
2026-09-28T11:16:00+05:30,353.55,370.8,351.6,363.95,836
2026-09-28T11:17:00+05:30,365.0,368.7,357.5,364.0,436
2026-09-28T11:18:00+05:30,362.85,365.8,343.75,347.0,751
2026-09-28T11:19:00+05:30,347.0,349.25,335.0,339.5,721
2026-09-28T11:20:00+05:30,339.3,349.9,333.0,349.9,216
2026-09-28T11:21:00+05:30,348.55,353.0,333.0,348.0,630
2026-09-28T11:22:00+05:30,346.65,348.5,342.15,346.0,170
2026-09-28T11:23:00+05:30,348.0,348.65,336.0,344.3,435
2026-09-28T11:24:00+05:30,344.0,358.0,341.45,350.7,402
2026-09-28T11:25:00+05:30,351.15,353.95,345.8,350.85,338
2026-09-28T11:26:00+05:30,351.45,351.45,340.0,345.75,214
2026-09-28T11:27:00+05:30,346.95,347.25,331.0,333.6,414
2026-09-28T11:28:00+05:30,335.75,337.35,326.95,335.9,291
2026-09-28T11:29:00+05:30,335.05,338.0,329.6,334.15,309
2026-09-28T11:30:00+05:30,333.55,334.3,315.0,326.0,759
2026-09-28T11:31:00+05:30,325.6,325.95,314.0,320.35,348
2026-09-28T11:32:00+05:30,319.85,335.1,311.6,335.1,517
2026-09-28T11:33:00+05:30,334.05,358.3,333.05,348.45,1115
2026-09-28T11:34:00+05:30,350.15,354.65,346.1,353.3,392
2026-09-28T11:35:00+05:30,351.45,356.0,343.4,344.45,834
2026-09-28T11:36:00+05:30,342.0,346.4,332.0,334.4,618
2026-09-28T11:37:00+05:30,333.65,334.0,318.0,319.95,861
2026-09-28T11:38:00+05:30,319.75,327.95,319.0,325.4,230
2026-09-28T11:39:00+05:30,324.45,325.4,317.15,321.6,485
2026-09-28T11:40:00+05:30,321.6,321.8,311.05,315.55,744
2026-09-28T11:41:00+05:30,315.6,321.15,295.35,302.9,1569
2026-09-28T11:42:00+05:30,303.7,309.35,298.5,307.0,500
2026-09-28T11:43:00+05:30,307.0,310.35,300.3,308.85,503
2026-09-28T11:44:00+05:30,308.9,312.0,305.0,309.0,571
2026-09-28T11:45:00+05:30,308.9,310.0,298.5,307.6,539
2026-09-28T11:46:00+05:30,308.15,310.1,302.15,308.8,541
2026-09-28T11:47:00+05:30,308.95,321.85,306.2,320.85,513
2026-09-28T11:48:00+05:30,322.0,328.85,316.15,317.0,864
2026-09-28T11:49:00+05:30,317.0,328.9,317.0,326.8,412
2026-09-28T11:50:00+05:30,323.95,329.15,320.65,327.0,301
2026-09-28T11:51:00+05:30,328.4,336.0,322.25,333.35,715
2026-09-28T11:52:00+05:30,333.85,336.0,324.15,325.5,758
2026-09-28T11:53:00+05:30,325.0,332.05,317.15,325.45,370
2026-09-28T11:54:00+05:30,325.2,333.1,323.35,333.0,338
2026-09-28T11:55:00+05:30,332.8,340.0,330.1,339.95,445
2026-09-28T11:56:00+05:30,340.0,349.65,337.15,337.15,1398
2026-09-28T11:57:00+05:30,337.4,341.6,333.45,341.0,467
2026-09-28T11:58:00+05:30,341.15,343.9,334.95,335.0,469
2026-09-28T11:59:00+05:30,334.9,339.15,321.25,330.05,792
2026-09-28T12:00:00+05:30,331.7,333.3,322.3,324.0,551
2026-09-28T12:01:00+05:30,325.35,331.15,315.0,327.0,938
2026-09-28T12:02:00+05:30,329.35,333.0,320.3,323.05,582
2026-09-28T12:03:00+05:30,323.5,335.85,323.35,327.1,577
2026-09-28T12:04:00+05:30,327.9,335.4,321.15,333.0,393
2026-09-28T12:05:00+05:30,333.9,334.55,323.2,323.95,418
2026-09-28T12:06:00+05:30,323.8,323.85,312.4,321.35,711
2026-09-28T12:07:00+05:30,321.1,325.75,316.8,323.3,256
2026-09-28T12:08:00+05:30,323.8,330.0,321.0,323.95,327
2026-09-28T12:09:00+05:30,323.85,327.4,321.2,324.25,217
2026-09-28T12:10:00+05:30,324.2,326.45,315.05,317.45,290
2026-09-28T12:11:00+05:30,315.65,323.95,309.65,323.95,512
2026-09-28T12:12:00+05:30,324.65,326.15,317.1,322.2,542
2026-09-28T12:13:00+05:30,323.75,326.0,320.0,322.4,124
2026-09-28T12:14:00+05:30,322.6,326.05,315.3,326.0,94
2026-09-28T12:15:00+05:30,325.45,334.0,325.3,331.05,544
2026-09-28T12:16:00+05:30,332.8,333.95,318.35,322.95,370
2026-09-28T12:17:00+05:30,323.55,326.85,322.9,326.85,154
2026-09-28T12:18:00+05:30,325.05,327.75,315.7,319.6,411
2026-09-28T12:19:00+05:30,319.5,324.75,315.65,316.7,194
2026-09-28T12:20:00+05:30,315.65,326.4,312.4,324.1,330
2026-09-28T12:21:00+05:30,324.45,325.8,320.2,321.6,196
2026-09-28T12:22:00+05:30,321.45,332.6,318.8,329.05,513
2026-09-28T12:23:00+05:30,328.8,329.6,317.0,317.0,304
2026-09-28T12:24:00+05:30,317.5,325.8,313.45,316.05,474
2026-09-28T12:25:00+05:30,314.9,314.9,301.3,305.4,1065
2026-09-28T12:26:00+05:30,303.65,306.0,290.4,303.0,1260
2026-09-28T12:27:00+05:30,304.1,307.75,301.35,305.4,448
2026-09-28T12:28:00+05:30,304.95,307.45,298.15,305.1,505
2026-09-28T12:29:00+05:30,303.95,304.8,287.0,287.0,633
2026-09-28T12:30:00+05:30,287.65,304.4,286.0,299.95,1268
2026-09-28T12:31:00+05:30,298.15,307.15,296.4,301.0,587
2026-09-28T12:32:00+05:30,300.8,304.75,295.75,300.45,714
2026-09-28T12:33:00+05:30,301.1,318.0,300.45,313.9,698
2026-09-28T12:34:00+05:30,314.95,332.35,314.85,324.8,1180
2026-09-28T12:35:00+05:30,323.2,329.8,317.15,321.0,847
2026-09-28T12:36:00+05:30,321.75,326.9,318.05,322.15,346
2026-09-28T12:37:00+05:30,320.8,324.0,315.6,323.2,275
2026-09-28T12:38:00+05:30,322.55,324.9,319.0,320.65,270
2026-09-28T12:39:00+05:30,318.4,323.6,318.35,321.55,131
2026-09-28T12:40:00+05:30,320.45,325.0,313.5,324.6,336
2026-09-28T12:41:00+05:30,325.85,325.85,319.25,319.95,266
2026-09-28T12:42:00+05:30,318.85,322.45,308.1,312.0,391
2026-09-28T12:43:00+05:30,313.75,315.85,308.1,310.95,544
2026-09-28T12:44:00+05:30,312.0,324.45,311.85,324.1,363
2026-09-28T12:45:00+05:30,321.9,327.45,317.0,320.8,367
2026-09-28T12:46:00+05:30,320.3,320.65,310.0,315.05,219
2026-09-28T12:47:00+05:30,316.0,320.55,312.45,317.8,184
2026-09-28T12:48:00+05:30,316.0,325.7,312.9,316.05,770
2026-09-28T12:49:00+05:30,316.75,319.5,312.9,315.2,149
2026-09-28T12:50:00+05:30,315.95,317.7,310.65,316.2,807
2026-09-28T12:51:00+05:30,317.6,330.1,317.6,321.3,395
2026-09-28T12:52:00+05:30,322.95,336.75,317.7,335.65,831
2026-09-28T12:53:00+05:30,337.0,348.65,323.45,324.5,1177
2026-09-28T12:54:00+05:30,323.0,327.75,315.8,323.0,559
2026-09-28T12:55:00+05:30,323.55,330.0,318.25,325.5,325
2026-09-28T12:56:00+05:30,324.0,332.8,321.0,330.9,243
2026-09-28T12:57:00+05:30,330.5,339.0,329.05,335.75,413
2026-09-28T12:58:00+05:30,338.1,338.6,322.45,323.75,273
2026-09-28T12:59:00+05:30,322.1,331.1,322.0,328.1,166
2026-09-28T13:00:00+05:30,328.0,333.0,322.15,327.45,149
2026-09-28T13:01:00+05:30,327.65,327.65,318.6,321.8,284
2026-09-28T13:02:00+05:30,322.15,329.0,320.8,329.0,106
2026-09-28T13:03:00+05:30,327.25,330.0,322.35,327.2,254
2026-09-28T13:04:00+05:30,327.25,338.0,326.4,335.5,557
2026-09-28T13:05:00+05:30,335.85,338.05,328.1,330.2,580
2026-09-28T13:06:00+05:30,329.05,335.7,323.65,334.75,715
2026-09-28T13:07:00+05:30,334.25,351.15,332.05,337.9,893
2026-09-28T13:08:00+05:30,339.0,346.8,338.3,340.65,426
2026-09-28T13:09:00+05:30,340.15,342.25,327.3,327.85,356
2026-09-28T13:10:00+05:30,328.0,330.4,311.0,314.0,510
2026-09-28T13:11:00+05:30,313.65,322.0,302.8,322.0,1051
2026-09-28T13:12:00+05:30,321.7,328.5,318.35,326.85,263
2026-09-28T13:13:00+05:30,325.0,325.95,317.0,321.05,154
2026-09-28T13:14:00+05:30,321.2,330.0,318.55,328.8,347
2026-09-28T13:15:00+05:30,326.65,329.6,320.05,326.7,285
2026-09-28T13:16:00+05:30,324.75,325.6,319.85,323.55,201
2026-09-28T13:17:00+05:30,323.3,323.3,317.45,321.3,260
2026-09-28T13:18:00+05:30,317.7,328.45,317.0,326.65,132
2026-09-28T13:19:00+05:30,326.0,329.3,320.5,322.25,475
2026-09-28T13:20:00+05:30,320.0,328.55,319.0,326.85,244
2026-09-28T13:21:00+05:30,325.25,326.6,320.0,322.35,127
2026-09-28T13:22:00+05:30,321.45,321.45,304.5,311.2,425
2026-09-28T13:23:00+05:30,311.05,316.0,303.0,307.15,353
2026-09-28T13:24:00+05:30,306.9,315.0,301.7,308.0,402
2026-09-28T13:25:00+05:30,307.3,313.8,298.35,298.65,314
2026-09-28T13:26:00+05:30,300.0,302.5,288.1,296.85,1025
2026-09-28T13:27:00+05:30,297.75,303.1,287.7,302.25,502
2026-09-28T13:28:00+05:30,301.75,304.5,294.05,302.55,353
2026-09-28T13:29:00+05:30,302.8,306.0,294.05,296.6,305
2026-09-28T13:30:00+05:30,296.55,313.15,296.55,305.65,504
2026-09-28T13:31:00+05:30,304.6,315.0,303.05,314.3,292
2026-09-28T13:32:00+05:30,314.5,317.45,307.85,312.75,295
2026-09-28T13:33:00+05:30,313.05,325.0,306.75,320.95,276
2026-09-28T13:34:00+05:30,322.1,332.75,316.8,331.3,818
2026-09-28T13:35:00+05:30,330.8,333.65,320.15,333.05,613
2026-09-28T13:36:00+05:30,332.8,334.25,325.5,333.3,400
2026-09-28T13:37:00+05:30,332.55,340.95,327.65,335.25,689
2026-09-28T13:38:00+05:30,336.0,339.75,330.8,338.15,435
2026-09-28T13:39:00+05:30,337.4,337.4,319.3,319.9,436
2026-09-28T13:40:00+05:30,320.0,329.6,315.45,315.65,462
2026-09-28T13:41:00+05:30,316.6,318.9,310.2,315.55,614
2026-09-28T13:42:00+05:30,314.55,321.6,313.35,319.65,139
2026-09-28T13:43:00+05:30,317.8,333.3,317.8,327.45,561
2026-09-28T13:44:00+05:30,327.85,330.0,313.2,316.05,443
2026-09-28T13:45:00+05:30,316.25,321.2,311.85,321.0,320
2026-09-28T13:46:00+05:30,320.35,320.35,314.0,319.2,110
2026-09-28T13:47:00+05:30,317.3,324.0,310.05,321.3,884
2026-09-28T13:48:00+05:30,321.95,328.6,320.8,325.75,237
2026-09-28T13:49:00+05:30,326.0,345.0,320.0,326.35,651
2026-09-28T13:50:00+05:30,323.65,327.8,319.05,324.2,496
2026-09-28T13:51:00+05:30,323.95,329.4,322.1,323.2,167
2026-09-28T13:52:00+05:30,322.95,325.25,314.2,316.35,268
2026-09-28T13:53:00+05:30,318.25,329.4,315.2,325.65,528
2026-09-28T13:54:00+05:30,325.85,332.95,325.4,326.45,151
2026-09-28T13:55:00+05:30,327.95,331.1,321.15,321.35,328
2026-09-28T13:56:00+05:30,323.25,325.2,307.2,317.1,482
2026-09-28T13:57:00+05:30,318.75,326.0,314.25,325.95,468
2026-09-28T13:58:00+05:30,326.0,329.1,317.0,318.75,148
2026-09-28T13:59:00+05:30,318.25,319.25,314.2,317.45,241
2026-09-28T14:00:00+05:30,315.0,322.15,312.85,320.3,221
2026-09-28T14:01:00+05:30,317.85,328.2,317.85,327.3,242
2026-09-28T14:02:00+05:30,325.25,331.35,325.25,327.15,685
2026-09-28T14:03:00+05:30,325.5,327.95,320.85,323.45,294
2026-09-28T14:04:00+05:30,322.7,325.6,319.0,323.05,222
2026-09-28T14:05:00+05:30,322.0,327.4,317.4,323.1,299
2026-09-28T14:06:00+05:30,323.1,336.75,322.3,333.95,655
2026-09-28T14:07:00+05:30,335.25,336.3,326.25,332.6,469
2026-09-28T14:08:00+05:30,333.6,333.6,326.4,330.2,215
2026-09-28T14:09:00+05:30,329.8,346.3,329.65,338.85,580
2026-09-28T14:10:00+05:30,337.45,338.05,325.45,329.1,467
2026-09-28T14:11:00+05:30,328.95,332.0,325.4,327.4,212
2026-09-28T14:12:00+05:30,328.0,328.0,318.0,327.45,471
2026-09-28T14:13:00+05:30,327.25,340.65,324.9,337.2,411
2026-09-28T14:14:00+05:30,335.7,338.2,329.85,333.0,317
2026-09-28T14:15:00+05:30,332.15,359.0,325.55,353.0,1385
2026-09-28T14:16:00+05:30,351.4,360.9,342.55,355.0,1264
2026-09-28T14:17:00+05:30,354.25,373.2,351.0,373.1,841
2026-09-28T14:18:00+05:30,373.0,406.9,366.2,388.4,2528
2026-09-28T14:19:00+05:30,387.95,398.0,382.6,394.9,781
2026-09-28T14:20:00+05:30,393.85,395.7,368.0,375.6,1171
2026-09-28T14:21:00+05:30,377.75,379.05,363.3,371.0,651
2026-09-28T14:22:00+05:30,368.2,381.55,368.2,375.05,311
2026-09-28T14:23:00+05:30,376.55,389.4,368.2,371.7,721
2026-09-28T14:24:00+05:30,373.6,379.05,366.0,372.0,350
2026-09-28T14:25:00+05:30,374.05,375.2,363.85,366.8,207
2026-09-28T14:26:00+05:30,364.8,372.15,359.9,366.2,388
2026-09-28T14:27:00+05:30,366.6,370.0,357.0,359.8,333
2026-09-28T14:28:00+05:30,359.1,375.0,355.0,372.55,359
2026-09-28T14:29:00+05:30,372.95,374.5,364.2,374.2,328
2026-09-28T14:30:00+05:30,373.6,375.0,347.2,348.3,639
2026-09-28T14:31:00+05:30,349.15,369.05,348.2,369.05,333
2026-09-28T14:32:00+05:30,369.0,378.0,363.0,373.8,294
2026-09-28T14:33:00+05:30,376.2,378.0,370.0,372.6,328
2026-09-28T14:34:00+05:30,373.85,384.2,372.55,378.7,410
2026-09-28T14:35:00+05:30,378.5,381.0,370.0,375.7,397
2026-09-28T14:36:00+05:30,377.15,377.7,361.0,373.7,466
2026-09-28T14:37:00+05:30,372.7,388.25,371.75,383.4,476
2026-09-28T14:38:00+05:30,385.1,418.9,383.0,412.15,1526
2026-09-28T14:39:00+05:30,411.05,417.65,404.65,408.15,1009
2026-09-28T14:40:00+05:30,408.75,411.35,399.55,405.95,597
2026-09-28T14:41:00+05:30,405.2,405.2,388.4,401.35,592
2026-09-28T14:42:00+05:30,399.6,413.0,396.9,409.85,323
2026-09-28T14:43:00+05:30,408.1,412.0,403.55,403.55,248
2026-09-28T14:44:00+05:30,401.6,411.0,397.0,405.5,283
2026-09-28T14:45:00+05:30,403.7,404.5,390.1,402.6,370
2026-09-28T14:46:00+05:30,402.7,404.1,371.0,382.0,463
2026-09-28T14:47:00+05:30,382.8,388.25,375.75,384.5,215
2026-09-28T14:48:00+05:30,383.7,385.85,375.0,383.4,182
2026-09-28T14:49:00+05:30,380.0,380.0,357.3,367.25,610
2026-09-28T14:50:00+05:30,366.65,375.0,356.0,364.45,465
2026-09-28T14:51:00+05:30,365.45,378.35,363.3,375.5,427
2026-09-28T14:52:00+05:30,376.45,382.35,365.85,367.2,190
2026-09-28T14:53:00+05:30,368.05,372.0,359.3,369.9,304
2026-09-28T14:54:00+05:30,370.95,370.95,363.7,369.45,170
2026-09-28T14:55:00+05:30,368.45,380.2,365.8,375.0,435
2026-09-28T14:56:00+05:30,375.1,377.8,370.0,376.95,200
2026-09-28T14:57:00+05:30,376.05,381.0,369.65,379.35,196
2026-09-28T14:58:00+05:30,374.9,391.5,373.65,391.5,357
2026-09-28T14:59:00+05:30,389.2,390.4,372.05,378.4,351
2026-09-28T15:00:00+05:30,379.95,382.45,371.7,378.05,185
2026-09-28T15:01:00+05:30,379.55,380.95,367.05,373.9,281
2026-09-28T15:02:00+05:30,373.65,387.7,372.5,375.4,330
2026-09-28T15:03:00+05:30,378.0,379.95,355.05,358.5,714
2026-09-28T15:04:00+05:30,357.75,371.35,353.45,370.95,635
2026-09-28T15:05:00+05:30,369.95,380.0,368.25,373.0,260
2026-09-28T15:06:00+05:30,373.5,373.8,367.8,368.35,223
2026-09-28T15:07:00+05:30,368.15,376.95,362.3,373.7,323
2026-09-28T15:08:00+05:30,372.45,374.1,365.65,369.25,247
2026-09-28T15:09:00+05:30,370.25,372.35,364.15,366.8,166
2026-09-28T15:10:00+05:30,366.35,370.75,361.45,370.75,367
2026-09-28T15:11:00+05:30,370.55,380.0,370.55,374.95,221
2026-09-28T15:12:00+05:30,374.5,377.8,368.05,376.5,306
2026-09-28T15:13:00+05:30,376.45,379.9,370.3,376.65,494
2026-09-28T15:14:00+05:30,376.0,378.8,370.7,372.5,269
2026-09-28T15:15:00+05:30,370.9,373.3,366.45,366.45,294
2026-09-28T15:16:00+05:30,365.5,389.55,364.5,389.15,497
2026-09-28T15:17:00+05:30,387.45,387.6,370.4,379.5,127
2026-09-28T15:18:00+05:30,380.25,382.7,373.35,376.4,149
2026-09-28T15:19:00+05:30,376.05,390.0,376.05,385.95,154
2026-09-28T15:20:00+05:30,380.25,389.85,360.1,383.65,1184
2026-09-28T15:21:00+05:30,384.85,388.5,372.0,374.6,596
2026-09-28T15:22:00+05:30,375.4,382.85,372.0,382.85,187
2026-09-28T15:23:00+05:30,382.25,382.25,372.95,376.95,160
2026-09-28T15:24:00+05:30,378.65,378.9,367.1,372.1,248
2026-09-28T15:25:00+05:30,369.35,371.9,363.7,366.45,238
2026-09-28T15:26:00+05:30,367.7,369.2,364.9,369.2,131
2026-09-28T15:27:00+05:30,370.45,375.75,370.45,372.05,127
2026-09-28T15:28:00+05:30,371.55,371.7,367.35,367.35,52
2026-09-28T15:29:00+05:30,367.65,382.75,365.1,367.0,688
2026-09-28T15:30:00+05:30,365.0,373.0,364.0,370.2,255
