timestamp,open,high,low,close,volume
2026-09-21T09:15:00+05:30,804.0,887.3,771.65,800.0,613
2026-09-21T09:16:00+05:30,800.3,820.4,760.0,820.0,400
2026-09-21T09:17:00+05:30,821.0,860.65,817.95,848.2,320
2026-09-21T09:18:00+05:30,849.4,858.0,820.0,839.3,345
2026-09-21T09:19:00+05:30,833.65,837.6,801.7,803.9,261
2026-09-21T09:20:00+05:30,807.75,827.6,799.0,807.0,197
2026-09-21T09:21:00+05:30,813.0,818.25,795.95,798.35,232
2026-09-21T09:22:00+05:30,797.0,825.0,794.45,823.4,163
2026-09-21T09:23:00+05:30,827.6,849.0,821.8,844.95,198
2026-09-21T09:24:00+05:30,845.0,846.2,829.0,832.0,174
2026-09-21T09:25:00+05:30,833.35,843.15,823.0,833.8,139
2026-09-21T09:26:00+05:30,833.8,843.6,825.0,840.9,64
2026-09-21T09:27:00+05:30,843.0,844.75,825.25,826.7,146
2026-09-21T09:28:00+05:30,825.0,838.95,823.85,834.9,81
2026-09-21T09:29:00+05:30,834.3,852.7,833.1,848.95,145
2026-09-21T09:30:00+05:30,848.9,860.0,843.1,848.85,307
2026-09-21T09:31:00+05:30,847.0,859.0,842.0,845.1,151
2026-09-21T09:32:00+05:30,848.2,854.3,841.4,841.8,126
2026-09-21T09:33:00+05:30,843.4,850.0,836.65,840.0,102
2026-09-21T09:34:00+05:30,841.0,841.05,826.75,833.5,90
2026-09-21T09:35:00+05:30,837.1,855.0,837.1,848.95,50
2026-09-21T09:36:00+05:30,853.05,853.05,815.15,819.75,196
2026-09-21T09:37:00+05:30,822.6,828.0,803.85,809.1,235
2026-09-21T09:38:00+05:30,805.65,811.6,795.0,798.0,305
2026-09-21T09:39:00+05:30,796.6,819.0,796.6,801.8,133
2026-09-21T09:40:00+05:30,798.85,804.7,796.0,797.05,97
2026-09-21T09:41:00+05:30,797.3,811.2,797.1,806.25,58
2026-09-21T09:42:00+05:30,808.5,817.0,806.45,806.5,39
2026-09-21T09:43:00+05:30,810.2,820.0,810.2,815.0,95
2026-09-21T09:44:00+05:30,816.8,829.4,816.8,818.2,145
2026-09-21T09:45:00+05:30,822.45,826.0,820.0,820.8,87
2026-09-21T09:46:00+05:30,820.8,824.95,820.0,824.8,28
2026-09-21T09:47:00+05:30,822.0,824.85,805.45,805.5,80
2026-09-21T09:48:00+05:30,805.5,816.3,800.95,811.65,86
2026-09-21T09:49:00+05:30,812.6,816.3,806.55,807.85,39
2026-09-21T09:50:00+05:30,807.0,814.2,807.0,809.85,19
2026-09-21T09:51:00+05:30,807.2,814.1,806.55,811.0,20
2026-09-21T09:52:00+05:30,811.0,811.0,801.85,805.0,19
2026-09-21T09:53:00+05:30,805.0,807.45,786.5,790.25,242
2026-09-21T09:54:00+05:30,792.5,793.6,788.85,789.9,68
2026-09-21T09:55:00+05:30,788.0,789.65,782.0,784.75,145
2026-09-21T09:56:00+05:30,786.0,795.0,785.0,791.45,54
2026-09-21T09:57:00+05:30,794.9,805.9,793.5,801.0,69
2026-09-21T09:58:00+05:30,795.8,798.2,787.5,787.85,56
2026-09-21T09:59:00+05:30,790.45,793.25,787.0,793.25,32
2026-09-21T10:00:00+05:30,795.3,795.5,782.2,784.2,58
2026-09-21T10:01:00+05:30,784.2,784.2,772.0,773.0,159
2026-09-21T10:02:00+05:30,773.0,779.0,765.8,768.35,132
2026-09-21T10:03:00+05:30,766.25,769.35,765.0,768.0,93
2026-09-21T10:04:00+05:30,765.0,765.15,760.05,761.6,117
2026-09-21T10:05:00+05:30,761.25,770.0,760.0,760.0,163
2026-09-21T10:06:00+05:30,761.3,764.45,745.0,752.65,309
2026-09-21T10:07:00+05:30,752.25,760.0,750.0,752.45,151
2026-09-21T10:08:00+05:30,755.95,756.65,753.0,756.45,73
2026-09-21T10:09:00+05:30,756.45,766.0,756.45,765.0,48
2026-09-21T10:10:00+05:30,764.3,776.5,763.15,775.0,147
2026-09-21T10:11:00+05:30,772.3,776.1,765.0,766.55,80
2026-09-21T10:12:00+05:30,766.55,769.35,758.5,760.3,156
2026-09-21T10:13:00+05:30,759.7,761.5,747.5,750.0,214
2026-09-21T10:14:00+05:30,749.5,750.95,732.1,740.8,251
2026-09-21T10:15:00+05:30,740.0,751.1,736.0,751.1,116
2026-09-21T10:16:00+05:30,750.0,766.85,746.3,763.4,85
2026-09-21T10:17:00+05:30,763.5,766.85,746.85,749.1,139
2026-09-21T10:18:00+05:30,752.1,764.2,751.95,759.45,73
2026-09-21T10:19:00+05:30,754.05,756.15,748.0,752.55,81
2026-09-21T10:20:00+05:30,750.8,760.9,750.8,755.0,32
2026-09-21T10:21:00+05:30,751.65,775.0,748.6,771.25,140
2026-09-21T10:22:00+05:30,772.95,772.95,758.3,768.0,79
2026-09-21T10:23:00+05:30,766.25,773.55,766.25,772.6,68
2026-09-21T10:24:00+05:30,773.0,774.5,761.65,763.2,50
2026-09-21T10:25:00+05:30,762.0,764.95,757.0,762.35,51
2026-09-21T10:26:00+05:30,762.35,765.0,760.0,762.85,18
2026-09-21T10:27:00+05:30,760.0,760.0,748.6,757.1,64
2026-09-21T10:28:00+05:30,757.3,760.35,756.6,758.6,28
2026-09-21T10:29:00+05:30,757.5,765.65,757.5,763.15,28
2026-09-21T10:30:00+05:30,760.0,765.0,760.0,763.0,21
2026-09-21T10:31:00+05:30,761.85,765.05,760.0,762.1,84
2026-09-21T10:32:00+05:30,762.1,762.1,752.4,754.75,73
2026-09-21T10:33:00+05:30,760.65,761.75,752.0,752.0,26
2026-09-21T10:34:00+05:30,751.35,753.9,749.2,752.0,43
2026-09-21T10:35:00+05:30,751.9,757.7,749.0,755.2,40
2026-09-21T10:36:00+05:30,756.35,760.55,750.05,750.05,44
2026-09-21T10:37:00+05:30,753.4,753.4,748.2,750.0,27
2026-09-21T10:38:00+05:30,748.85,750.9,748.75,750.0,16
2026-09-21T10:39:00+05:30,750.0,750.0,746.0,748.2,94
2026-09-21T10:40:00+05:30,749.25,751.0,747.4,749.3,12
2026-09-21T10:41:00+05:30,750.0,757.8,747.0,756.15,41
2026-09-21T10:42:00+05:30,755.7,759.0,750.9,750.9,78
2026-09-21T10:43:00+05:30,753.25,759.2,753.25,759.2,22
2026-09-21T10:44:00+05:30,759.9,764.85,756.9,760.8,68
2026-09-21T10:45:00+05:30,761.15,774.0,761.0,771.9,98
2026-09-21T10:46:00+05:30,771.4,782.55,769.2,779.2,230
2026-09-21T10:47:00+05:30,778.0,785.15,770.0,771.2,97
2026-09-21T10:48:00+05:30,772.0,774.3,767.6,772.0,69
2026-09-21T10:49:00+05:30,775.0,777.35,772.0,772.35,24
2026-09-21T10:51:00+05:30,775.9,776.0,769.3,769.3,36
2026-09-21T10:52:00+05:30,771.4,771.4,761.65,767.15,61
2026-09-21T10:53:00+05:30,771.75,775.0,771.25,774.05,31
2026-09-21T10:54:00+05:30,775.0,776.1,770.0,773.0,40
2026-09-21T10:55:00+05:30,773.0,773.0,764.35,767.1,35
2026-09-21T10:56:00+05:30,768.0,772.3,768.0,772.3,7
2026-09-21T10:57:00+05:30,773.75,780.55,773.75,778.6,57
2026-09-21T10:58:00+05:30,779.25,779.25,773.55,778.4,60
2026-09-21T10:59:00+05:30,775.4,785.0,775.4,785.0,73
2026-09-21T11:00:00+05:30,785.9,786.0,777.0,778.25,31
2026-09-21T11:01:00+05:30,779.0,779.0,776.05,776.9,25
2026-09-21T11:02:00+05:30,778.6,782.45,775.0,775.0,89
2026-09-21T11:03:00+05:30,775.0,786.95,775.0,786.0,190
2026-09-21T11:04:00+05:30,785.6,786.95,776.0,780.45,53
2026-09-21T11:05:00+05:30,785.0,786.0,780.65,780.65,50
2026-09-21T11:06:00+05:30,781.0,796.0,781.0,791.35,255
2026-09-21T11:07:00+05:30,791.4,796.6,785.95,791.8,81
2026-09-21T11:08:00+05:30,795.0,797.5,789.45,791.35,52
2026-09-21T11:09:00+05:30,791.2,796.3,791.2,794.2,145
2026-09-21T11:10:00+05:30,793.2,795.0,791.55,794.95,43
2026-09-21T11:11:00+05:30,793.55,797.5,792.4,795.55,83
2026-09-21T11:12:00+05:30,796.35,798.8,793.35,794.6,70
2026-09-21T11:13:00+05:30,793.8,796.9,792.9,793.8,45
2026-09-21T11:14:00+05:30,793.8,794.4,788.75,793.95,33
2026-09-21T11:15:00+05:30,795.0,796.85,793.2,794.8,34
2026-09-21T11:16:00+05:30,795.65,795.65,780.95,784.5,54
2026-09-21T11:17:00+05:30,785.0,785.0,774.1,774.1,80
2026-09-21T11:18:00+05:30,777.35,781.8,766.8,769.9,69
2026-09-21T11:19:00+05:30,771.85,776.65,771.85,774.9,51
2026-09-21T11:20:00+05:30,775.0,782.6,773.1,773.75,41
2026-09-21T11:21:00+05:30,780.0,780.0,771.05,779.45,32
2026-09-21T11:22:00+05:30,777.4,783.85,777.4,782.3,45
2026-09-21T11:23:00+05:30,780.0,788.0,780.0,784.8,16
2026-09-21T11:24:00+05:30,783.7,785.05,783.5,785.05,4
2026-09-21T11:25:00+05:30,783.65,783.65,777.35,777.45,8
2026-09-21T11:26:00+05:30,780.0,786.85,777.0,777.0,15
2026-09-21T11:27:00+05:30,775.65,785.0,775.6,782.6,34
2026-09-21T11:28:00+05:30,785.0,789.55,785.0,785.85,33
2026-09-21T11:30:00+05:30,786.1,790.55,785.95,786.25,34
2026-09-21T11:31:00+05:30,785.0,785.0,775.95,775.95,23
2026-09-21T11:32:00+05:30,775.95,779.1,772.6,775.0,45
2026-09-21T11:33:00+05:30,777.0,783.1,773.6,778.75,16
2026-09-21T11:34:00+05:30,777.4,777.4,777.0,777.0,2
2026-09-21T11:35:00+05:30,777.7,777.7,756.75,760.0,124
2026-09-21T11:36:00+05:30,761.4,774.6,761.4,772.0,31
2026-09-21T11:37:00+05:30,771.8,774.0,766.85,768.6,13
2026-09-21T11:38:00+05:30,772.0,774.45,768.6,769.5,39
2026-09-21T11:39:00+05:30,771.95,773.55,769.4,769.4,10
2026-09-21T11:40:00+05:30,769.4,773.55,769.4,770.5,61
2026-09-21T11:41:00+05:30,774.0,777.35,774.0,775.25,10
2026-09-21T11:42:00+05:30,780.0,784.5,779.1,779.4,35
2026-09-21T11:43:00+05:30,783.55,784.75,779.4,783.9,32
2026-09-21T11:44:00+05:30,781.05,782.55,772.75,782.55,44
2026-09-21T11:45:00+05:30,778.2,778.65,775.9,775.9,11
2026-09-21T11:46:00+05:30,778.0,778.0,769.35,770.6,42
2026-09-21T11:47:00+05:30,772.0,776.55,769.4,769.4,27
2026-09-21T11:48:00+05:30,772.55,772.55,768.0,768.65,53
2026-09-21T11:49:00+05:30,768.65,769.55,767.05,769.0,88
2026-09-21T11:50:00+05:30,769.9,773.2,769.9,773.2,9
2026-09-21T11:51:00+05:30,773.15,773.2,770.9,770.9,15
2026-09-21T11:52:00+05:30,775.0,777.0,775.0,776.75,61
2026-09-21T11:53:00+05:30,776.35,777.0,774.0,774.85,96
2026-09-21T11:54:00+05:30,775.45,783.25,774.9,780.8,61
2026-09-21T11:55:00+05:30,775.0,776.45,773.0,773.35,72
2026-09-21T11:56:00+05:30,777.6,785.4,775.05,784.8,55
2026-09-21T11:57:00+05:30,784.3,793.0,783.7,788.6,107
2026-09-21T11:58:00+05:30,791.1,793.2,788.15,790.0,43
2026-09-21T11:59:00+05:30,792.0,792.0,785.3,785.3,16
2026-09-21T12:00:00+05:30,790.0,795.0,790.0,791.9,62
2026-09-21T12:01:00+05:30,792.0,795.9,791.45,794.6,54
2026-09-21T12:02:00+05:30,795.0,797.0,787.45,787.45,30
2026-09-21T12:03:00+05:30,790.95,793.75,788.4,788.4,39
2026-09-21T12:04:00+05:30,790.0,795.0,789.45,794.65,21
2026-09-21T12:05:00+05:30,793.45,794.85,790.0,790.0,33
2026-09-21T12:06:00+05:30,792.0,794.35,791.95,793.0,27
2026-09-21T12:07:00+05:30,794.8,795.0,790.0,790.0,34
2026-09-21T12:08:00+05:30,785.3,785.95,780.2,780.2,46
2026-09-21T12:09:00+05:30,780.15,780.15,773.4,775.95,53
2026-09-21T12:10:00+05:30,777.15,779.55,770.0,771.0,49
2026-09-21T12:11:00+05:30,774.8,782.0,774.8,778.6,14
2026-09-21T12:12:00+05:30,783.8,785.65,781.4,781.4,13
2026-09-21T12:13:00+05:30,780.1,790.35,780.1,790.35,26
2026-09-21T12:14:00+05:30,790.0,792.05,783.3,786.65,39
2026-09-21T12:15:00+05:30,792.0,792.0,784.05,789.6,15
2026-09-21T12:16:00+05:30,789.6,794.0,788.15,788.15,27
2026-09-21T12:17:00+05:30,785.0,789.65,783.65,783.8,18
2026-09-21T12:18:00+05:30,783.3,783.3,775.7,777.0,21
2026-09-21T12:19:00+05:30,776.65,776.65,773.0,776.0,37
2026-09-21T12:20:00+05:30,781.0,781.0,778.25,779.0,24
2026-09-21T12:21:00+05:30,779.7,783.25,779.7,782.3,44
2026-09-21T12:22:00+05:30,777.5,782.15,774.6,774.6,28
2026-09-21T12:23:00+05:30,774.9,774.9,760.0,762.0,192
2026-09-21T12:24:00+05:30,761.45,766.55,760.1,766.4,17
2026-09-21T12:25:00+05:30,767.0,768.4,763.45,765.65,41
2026-09-21T12:26:00+05:30,767.15,774.65,766.7,768.25,37
2026-09-21T12:27:00+05:30,773.35,774.95,771.5,772.75,9
2026-09-21T12:28:00+05:30,772.75,774.2,769.45,774.2,32
2026-09-21T12:29:00+05:30,773.15,776.8,773.15,776.8,13
2026-09-21T12:30:00+05:30,773.15,790.0,773.15,789.9,62
2026-09-21T12:31:00+05:30,788.45,789.0,784.15,786.35,88
2026-09-21T12:32:00+05:30,781.85,781.85,771.4,771.4,57
2026-09-21T12:33:00+05:30,774.0,774.0,767.0,767.0,38
2026-09-21T12:34:00+05:30,768.7,775.0,766.15,774.2,13
2026-09-21T12:35:00+05:30,776.25,778.0,771.1,776.85,23
2026-09-21T12:36:00+05:30,777.7,779.0,773.75,774.4,16
2026-09-21T12:37:00+05:30,773.35,779.6,773.05,779.6,16
2026-09-21T12:38:00+05:30,779.6,780.0,775.0,779.1,16
2026-09-21T12:39:00+05:30,774.0,778.0,774.0,776.0,22
2026-09-21T12:40:00+05:30,776.9,779.95,775.65,775.8,4
2026-09-21T12:41:00+05:30,775.7,775.7,769.4,772.0,122
2026-09-21T12:42:00+05:30,773.3,779.6,773.3,777.65,30
2026-09-21T12:43:00+05:30,779.0,783.9,778.55,778.55,24
2026-09-21T12:44:00+05:30,783.9,795.0,783.9,794.65,73
2026-09-21T12:45:00+05:30,795.9,796.5,790.6,791.85,74
2026-09-21T12:46:00+05:30,791.75,795.0,786.95,794.75,36
2026-09-21T12:47:00+05:30,790.4,790.4,786.55,789.25,27
2026-09-21T12:48:00+05:30,789.0,790.2,787.35,790.0,7
2026-09-21T12:49:00+05:30,790.0,790.0,785.0,786.6,44
2026-09-21T12:50:00+05:30,785.55,787.65,784.05,784.15,9
2026-09-21T12:51:00+05:30,780.45,785.2,779.15,783.3,30
2026-09-21T12:52:00+05:30,786.0,788.55,783.85,783.85,18
2026-09-21T12:53:00+05:30,779.8,783.0,778.0,783.0,5
2026-09-21T12:54:00+05:30,787.0,790.0,786.4,786.4,6
2026-09-21T12:55:00+05:30,790.0,791.0,787.0,788.95,16
2026-09-21T12:56:00+05:30,788.45,788.45,785.0,785.0,2
2026-09-21T12:57:00+05:30,787.55,790.25,785.0,786.05,34
2026-09-21T12:58:00+05:30,781.0,784.5,781.0,782.2,11
2026-09-21T12:59:00+05:30,784.15,784.2,776.0,776.0,24
2026-09-21T13:00:00+05:30,779.45,779.45,778.0,778.0,5
2026-09-21T13:01:00+05:30,775.55,784.0,775.55,784.0,19
2026-09-21T13:02:00+05:30,787.25,788.0,784.0,784.0,21
2026-09-21T13:03:00+05:30,783.2,783.2,779.5,780.25,19
2026-09-21T13:04:00+05:30,776.8,776.95,771.0,776.95,118
2026-09-21T13:05:00+05:30,774.45,776.85,772.25,776.85,44
2026-09-21T13:06:00+05:30,779.65,783.95,779.3,783.95,20
2026-09-21T13:07:00+05:30,784.0,784.0,779.5,779.55,12
2026-09-21T13:08:00+05:30,784.0,784.0,783.6,783.6,2
2026-09-21T13:09:00+05:30,780.7,780.7,775.9,779.3,77
2026-09-21T13:10:00+05:30,776.45,786.7,776.45,782.95,56
2026-09-21T13:11:00+05:30,785.4,785.95,779.25,780.0,17
2026-09-21T13:12:00+05:30,780.0,785.8,780.0,780.0,43
2026-09-21T13:13:00+05:30,781.75,785.0,780.5,784.3,8
2026-09-21T13:14:00+05:30,784.9,787.45,781.55,785.7,23
2026-09-21T13:15:00+05:30,786.85,812.3,786.25,808.6,292
2026-09-21T13:16:00+05:30,807.7,816.95,805.05,809.5,207
2026-09-21T13:17:00+05:30,807.45,810.0,805.0,809.75,53
2026-09-21T13:18:00+05:30,807.45,825.9,807.0,825.0,298
2026-09-21T13:19:00+05:30,824.05,833.0,822.6,829.1,149
2026-09-21T13:20:00+05:30,826.65,839.0,821.15,821.2,222
2026-09-21T13:21:00+05:30,825.3,825.6,812.0,824.0,188
2026-09-21T13:22:00+05:30,825.0,830.0,823.7,827.2,69
2026-09-21T13:23:00+05:30,826.15,829.25,823.05,823.6,28
2026-09-21T13:24:00+05:30,823.6,826.85,816.95,826.85,108
2026-09-21T13:25:00+05:30,824.65,825.7,822.5,825.0,40
2026-09-21T13:26:00+05:30,823.65,832.95,823.65,827.9,94
2026-09-21T13:27:00+05:30,829.95,842.0,829.85,832.95,151
2026-09-21T13:28:00+05:30,835.0,838.75,830.4,836.65,40
2026-09-21T13:29:00+05:30,836.95,837.0,830.0,834.05,39
2026-09-21T13:30:00+05:30,835.0,835.0,825.0,826.95,50
2026-09-21T13:31:00+05:30,824.7,829.9,824.7,828.0,34
2026-09-21T13:32:00+05:30,830.0,835.0,830.0,834.95,31
2026-09-21T13:33:00+05:30,835.0,843.0,834.95,843.0,88
2026-09-21T13:34:00+05:30,842.0,848.75,842.0,848.0,154
2026-09-21T13:35:00+05:30,845.3,854.9,845.3,850.0,373
2026-09-21T13:36:00+05:30,850.0,856.5,848.25,854.55,133
2026-09-21T13:37:00+05:30,856.5,864.0,850.0,857.75,147
2026-09-21T13:38:00+05:30,855.45,855.8,848.25,848.4,139
2026-09-21T13:39:00+05:30,848.25,859.0,845.55,858.55,251
2026-09-21T13:40:00+05:30,860.0,869.0,857.5,857.5,438
2026-09-21T13:41:00+05:30,857.45,871.0,857.45,871.0,112
2026-09-21T13:42:00+05:30,870.0,878.0,862.5,862.5,201
2026-09-21T13:43:00+05:30,861.35,861.7,850.0,850.0,60
2026-09-21T13:44:00+05:30,851.25,864.25,850.8,860.95,22
2026-09-21T13:45:00+05:30,860.3,863.3,851.9,854.7,72
2026-09-21T13:46:00+05:30,853.15,856.85,847.35,851.0,29
2026-09-21T13:47:00+05:30,851.35,865.0,851.35,860.8,71
2026-09-21T13:48:00+05:30,864.6,866.0,857.3,859.55,55
2026-09-21T13:49:00+05:30,855.0,869.1,854.9,869.1,41
2026-09-21T13:50:00+05:30,869.0,875.95,867.15,870.0,87
2026-09-21T13:51:00+05:30,875.0,898.0,875.0,885.0,362
2026-09-21T13:52:00+05:30,887.7,897.7,885.75,888.55,78
2026-09-21T13:53:00+05:30,889.0,892.7,885.65,885.65,41
2026-09-21T13:54:00+05:30,889.5,889.5,876.85,885.95,69
2026-09-21T13:55:00+05:30,886.0,891.95,886.0,888.25,17
2026-09-21T13:56:00+05:30,887.45,891.2,874.0,880.0,117
2026-09-21T13:57:00+05:30,883.0,897.3,883.0,895.9,84
2026-09-21T13:58:00+05:30,897.3,918.0,897.3,910.5,278
2026-09-21T13:59:00+05:30,910.5,924.85,895.45,903.05,321
2026-09-21T14:00:00+05:30,910.05,917.0,904.45,908.1,175
2026-09-21T14:01:00+05:30,906.8,911.85,900.2,904.0,96
2026-09-21T14:02:00+05:30,904.0,915.0,904.0,913.7,102
2026-09-21T14:03:00+05:30,913.95,920.0,909.0,909.0,191
2026-09-21T14:04:00+05:30,912.3,912.3,900.35,900.9,26
2026-09-21T14:05:00+05:30,897.7,897.7,891.2,892.6,49
2026-09-21T14:06:00+05:30,893.8,906.95,893.15,900.0,38
2026-09-21T14:07:00+05:30,901.0,905.85,893.15,893.15,34
2026-09-21T14:08:00+05:30,894.2,894.2,887.15,887.15,160
2026-09-21T14:09:00+05:30,887.55,889.0,878.95,884.0,109
2026-09-21T14:10:00+05:30,884.0,886.85,866.25,869.0,56
2026-09-21T14:11:00+05:30,867.6,885.45,864.0,884.2,53
2026-09-21T14:12:00+05:30,884.1,889.05,880.55,885.0,123
2026-09-21T14:13:00+05:30,886.15,886.15,877.0,879.8,23
2026-09-21T14:14:00+05:30,884.25,885.55,878.55,878.65,38
2026-09-21T14:15:00+05:30,876.6,882.5,876.6,880.0,14
2026-09-21T14:16:00+05:30,879.05,890.0,879.05,890.0,23
2026-09-21T14:17:00+05:30,892.0,901.0,891.45,891.9,55
2026-09-21T14:18:00+05:30,893.05,900.0,893.05,900.0,9
2026-09-21T14:19:00+05:30,898.85,904.0,896.85,896.85,33
2026-09-21T14:20:00+05:30,896.85,903.9,896.85,900.0,99
2026-09-21T14:21:00+05:30,900.0,900.0,889.0,889.55,28
2026-09-21T14:22:00+05:30,888.5,894.35,886.9,886.9,12
2026-09-21T14:23:00+05:30,892.65,898.0,891.65,895.35,82
2026-09-21T14:24:00+05:30,895.4,896.7,895.35,895.35,12
2026-09-21T14:25:00+05:30,893.4,895.0,886.0,886.2,42
2026-09-21T14:26:00+05:30,885.95,886.1,881.4,881.4,23
2026-09-21T14:27:00+05:30,885.0,889.1,885.0,888.85,13
2026-09-21T14:28:00+05:30,891.0,891.0,880.0,880.0,21
2026-09-21T14:29:00+05:30,878.0,878.0,871.4,874.65,15
2026-09-21T14:30:00+05:30,873.05,873.05,849.75,855.0,137
2026-09-21T14:31:00+05:30,857.7,864.9,857.1,862.75,33
2026-09-21T14:32:00+05:30,862.0,867.0,862.0,862.9,17
2026-09-21T14:33:00+05:30,864.4,864.4,855.0,859.9,165
2026-09-21T14:34:00+05:30,858.7,861.0,858.7,859.9,10
2026-09-21T14:35:00+05:30,859.6,859.6,851.95,856.85,51
2026-09-21T14:36:00+05:30,856.1,864.35,856.1,864.35,14
2026-09-21T14:37:00+05:30,863.95,867.05,862.95,865.05,50
2026-09-21T14:38:00+05:30,864.15,870.65,864.15,870.65,9
2026-09-21T14:39:00+05:30,865.5,865.5,860.0,860.45,26
2026-09-21T14:40:00+05:30,867.0,875.0,867.0,874.45,37
2026-09-21T14:41:00+05:30,866.5,866.5,866.05,866.45,5
2026-09-21T14:42:00+05:30,866.95,873.9,860.6,873.9,37
2026-09-21T14:43:00+05:30,872.1,875.0,866.2,866.2,14
2026-09-21T14:44:00+05:30,866.9,870.0,865.2,870.0,15
2026-09-21T14:45:00+05:30,867.75,868.6,866.0,867.9,8
2026-09-21T14:46:00+05:30,868.5,870.4,863.85,863.85,19
2026-09-21T14:47:00+05:30,865.8,865.8,863.95,865.0,14
2026-09-21T14:48:00+05:30,864.75,868.0,851.8,857.6,21
2026-09-21T14:49:00+05:30,855.0,860.0,854.0,858.8,19
2026-09-21T14:50:00+05:30,862.4,867.1,852.2,852.2,27
2026-09-21T14:51:00+05:30,853.75,854.05,834.0,843.5,212
2026-09-21T14:52:00+05:30,846.55,846.7,839.15,842.95,142
2026-09-21T14:53:00+05:30,840.15,840.95,832.0,837.0,44
2026-09-21T14:54:00+05:30,840.9,844.55,836.95,844.0,29
2026-09-21T14:55:00+05:30,840.15,843.85,840.0,843.85,7
2026-09-21T14:56:00+05:30,842.25,848.0,838.0,847.6,24
2026-09-21T14:57:00+05:30,849.85,857.5,848.65,848.65,69
2026-09-21T14:58:00+05:30,848.7,849.35,845.7,845.7,24
2026-09-21T14:59:00+05:30,840.65,848.9,840.65,848.9,74
2026-09-21T15:00:00+05:30,843.35,843.35,816.55,831.15,177
2026-09-21T15:01:00+05:30,831.15,833.95,825.05,830.55,107
2026-09-21T15:02:00+05:30,830.0,831.0,816.45,817.8,135
2026-09-21T15:03:00+05:30,817.8,821.45,810.2,820.0,160
2026-09-21T15:04:00+05:30,819.0,824.0,815.9,824.0,19
2026-09-21T15:05:00+05:30,828.9,830.0,826.45,829.35,18
2026-09-21T15:06:00+05:30,832.0,836.0,828.0,830.4,49
2026-09-21T15:07:00+05:30,832.7,832.7,820.95,829.05,57
2026-09-21T15:08:00+05:30,824.8,826.1,820.0,825.3,52
2026-09-21T15:09:00+05:30,824.3,830.0,824.3,829.2,6
2026-09-21T15:10:00+05:30,827.7,829.2,823.85,824.65,30
2026-09-21T15:11:00+05:30,821.8,827.35,820.0,820.05,13
2026-09-21T15:12:00+05:30,820.0,821.85,812.6,812.8,79
2026-09-21T15:13:00+05:30,812.4,818.0,805.55,815.05,105
2026-09-21T15:14:00+05:30,816.95,820.0,814.2,818.75,49
2026-09-21T15:15:00+05:30,816.3,823.2,815.95,822.1,31
2026-09-21T15:16:00+05:30,817.55,822.4,811.4,820.45,23
2026-09-21T15:17:00+05:30,821.95,822.0,816.25,820.0,18
2026-09-21T15:18:00+05:30,815.75,820.0,814.05,820.0,39
2026-09-21T15:19:00+05:30,818.9,819.05,810.0,814.35,130
2026-09-21T15:20:00+05:30,813.1,814.6,808.05,808.25,56
2026-09-21T15:21:00+05:30,808.45,815.3,806.8,815.3,34
2026-09-21T15:22:00+05:30,813.35,813.35,808.0,809.45,41
2026-09-21T15:23:00+05:30,810.0,816.0,810.0,813.8,41
2026-09-21T15:24:00+05:30,810.2,817.6,810.2,816.55,62
2026-09-21T15:25:00+05:30,816.45,816.9,810.95,811.85,21
2026-09-21T15:26:00+05:30,810.6,812.95,804.0,804.0,84
2026-09-21T15:27:00+05:30,808.85,808.85,805.85,808.0,27
2026-09-21T15:28:00+05:30,808.0,809.8,804.25,807.0,58
2026-09-21T15:29:00+05:30,807.0,808.8,801.0,804.4,55
2026-09-21T15:30:00+05:30,804.4,807.0,804.35,806.9,54
2026-09-21T15:31:00+05:30,806.9,808.0,805.4,806.5,30
2026-09-21T15:32:00+05:30,807.4,807.75,805.45,806.5,49
2026-09-21T15:33:00+05:30,806.45,806.45,804.0,806.0,37
2026-09-21T15:34:00+05:30,806.0,806.0,801.0,805.65,78
2026-09-21T15:35:00+05:30,806.0,806.0,803.5,803.5,20
2026-09-21T15:36:00+05:30,803.5,804.8,800.0,802.9,165
2026-09-21T15:37:00+05:30,805.0,807.0,800.0,805.0,112
2026-09-21T15:38:00+05:30,805.0,808.95,800.0,804.0,149
2026-09-21T15:39:00+05:30,802.3,811.75,802.3,810.0,105
2026-09-22T09:15:00+05:30,825.05,871.85,825.0,850.0,475
2026-09-22T09:16:00+05:30,848.55,860.25,817.0,822.3,201
2026-09-22T09:17:00+05:30,820.55,838.0,816.75,831.75,120
2026-09-22T09:18:00+05:30,830.0,848.0,830.0,830.25,235
2026-09-22T09:19:00+05:30,830.0,837.9,828.0,828.8,134
2026-09-22T09:20:00+05:30,825.2,849.0,820.35,824.4,241
2026-09-22T09:21:00+05:30,826.4,845.0,822.8,842.7,107
2026-09-22T09:22:00+05:30,844.85,846.0,835.2,835.2,142
2026-09-22T09:23:00+05:30,835.2,852.0,835.15,852.0,82
2026-09-22T09:24:00+05:30,852.15,875.0,852.15,855.0,235
2026-09-22T09:25:00+05:30,854.55,859.2,848.65,858.55,115
2026-09-22T09:26:00+05:30,858.55,860.0,843.0,843.0,142
2026-09-22T09:27:00+05:30,846.25,850.0,835.2,850.0,72
2026-09-22T09:28:00+05:30,853.0,865.0,849.0,858.6,132
2026-09-22T09:29:00+05:30,856.6,890.0,856.6,886.2,230
2026-09-22T09:30:00+05:30,888.0,897.9,881.9,885.0,315
2026-09-22T09:31:00+05:30,884.95,885.65,875.0,883.9,69
2026-09-22T09:32:00+05:30,883.5,883.5,855.0,855.0,272
2026-09-22T09:33:00+05:30,855.0,867.0,851.0,852.0,66
2026-09-22T09:34:00+05:30,850.0,859.9,849.9,857.95,51
2026-09-22T09:35:00+05:30,854.3,861.45,850.5,850.55,46
2026-09-22T09:36:00+05:30,854.15,863.45,851.65,859.5,49
2026-09-22T09:37:00+05:30,860.0,872.0,858.0,871.9,62
2026-09-22T09:38:00+05:30,868.45,875.0,865.65,865.65,78
2026-09-22T09:39:00+05:30,862.8,873.9,862.8,869.7,22
2026-09-22T09:40:00+05:30,868.65,869.0,858.75,863.1,53
2026-09-22T09:41:00+05:30,866.95,869.3,866.5,867.8,8
2026-09-22T09:42:00+05:30,866.0,875.0,865.85,875.0,31
2026-09-22T09:43:00+05:30,874.4,874.4,868.5,868.5,31
2026-09-22T09:44:00+05:30,869.0,872.0,864.45,871.05,11
2026-09-22T09:45:00+05:30,874.0,874.4,857.5,857.55,78
2026-09-22T09:46:00+05:30,860.95,861.8,853.9,861.8,24
2026-09-22T09:47:00+05:30,866.7,869.0,865.45,866.3,44
2026-09-22T09:48:00+05:30,866.3,874.95,862.75,863.4,35
2026-09-22T09:49:00+05:30,861.5,867.25,860.0,864.05,38
2026-09-22T09:50:00+05:30,863.9,880.0,863.9,879.2,82
2026-09-22T09:51:00+05:30,878.45,879.0,869.0,869.6,39
2026-09-22T09:52:00+05:30,868.2,871.2,867.2,869.65,18
2026-09-22T09:53:00+05:30,864.7,872.0,864.7,866.6,7
2026-09-22T09:54:00+05:30,865.05,871.0,861.05,861.05,27
2026-09-22T09:55:00+05:30,861.0,861.0,843.8,845.25,85
2026-09-22T09:56:00+05:30,851.1,858.8,848.1,852.45,64
2026-09-22T09:57:00+05:30,847.25,850.75,842.0,843.0,32
2026-09-22T09:58:00+05:30,843.0,859.3,842.6,859.3,33
2026-09-22T09:59:00+05:30,859.8,860.25,852.0,860.25,10
2026-09-22T10:00:00+05:30,859.5,862.35,856.0,860.0,58
2026-09-22T10:01:00+05:30,861.2,863.7,846.0,846.0,25
2026-09-22T10:02:00+05:30,846.0,850.0,835.05,840.2,109
2026-09-22T10:03:00+05:30,842.9,845.65,842.0,843.1,53
2026-09-22T10:04:00+05:30,840.2,850.3,840.2,849.25,46
2026-09-22T10:05:00+05:30,847.15,851.3,845.0,845.0,14
2026-09-22T10:06:00+05:30,841.95,843.5,828.0,828.0,218
2026-09-22T10:07:00+05:30,829.9,837.85,827.35,837.85,86
2026-09-22T10:08:00+05:30,838.0,842.0,834.75,840.6,45
2026-09-22T10:09:00+05:30,840.0,851.55,840.0,851.55,73
2026-09-22T10:10:00+05:30,849.6,850.45,841.0,843.6,23
2026-09-22T10:11:00+05:30,847.65,862.1,847.65,858.0,58
2026-09-22T10:12:00+05:30,856.45,858.35,850.45,850.45,21
2026-09-22T10:13:00+05:30,850.0,850.9,847.4,850.0,38
2026-09-22T10:14:00+05:30,852.0,855.1,852.0,852.0,24
2026-09-22T10:15:00+05:30,850.0,852.0,844.0,850.0,14
2026-09-22T10:16:00+05:30,850.0,852.75,833.05,838.35,65
2026-09-22T10:17:00+05:30,840.0,840.0,835.0,840.0,12
2026-09-22T10:18:00+05:30,835.0,841.2,825.1,841.2,97
2026-09-22T10:19:00+05:30,838.2,842.0,832.15,832.15,21
2026-09-22T10:20:00+05:30,830.95,830.95,820.15,824.25,146
2026-09-22T10:21:00+05:30,823.8,830.4,796.5,800.8,329
2026-09-22T10:22:00+05:30,800.45,803.9,780.0,783.5,268
2026-09-22T10:23:00+05:30,783.55,804.95,783.55,800.7,211
2026-09-22T10:24:00+05:30,800.5,802.15,794.0,798.0,82
2026-09-22T10:25:00+05:30,798.8,801.95,796.95,797.45,35
2026-09-22T10:26:00+05:30,797.25,797.25,788.0,794.0,39
2026-09-22T10:27:00+05:30,788.0,799.95,782.5,799.85,69
2026-09-22T10:28:00+05:30,798.05,803.25,795.75,800.0,31
2026-09-22T10:29:00+05:30,804.0,809.5,798.0,798.0,144
2026-09-22T10:30:00+05:30,795.0,796.85,765.0,769.1,194
2026-09-22T10:31:00+05:30,768.0,768.0,742.0,756.05,311
2026-09-22T10:32:00+05:30,756.95,764.75,738.0,742.5,252
2026-09-22T10:33:00+05:30,738.0,752.35,729.0,734.5,279
2026-09-22T10:34:00+05:30,736.55,752.45,731.45,745.0,76
2026-09-22T10:35:00+05:30,745.0,745.0,711.0,711.0,424
2026-09-22T10:36:00+05:30,710.0,719.65,701.0,718.25,232
2026-09-22T10:37:00+05:30,716.9,730.0,715.1,727.4,257
2026-09-22T10:38:00+05:30,726.8,736.35,721.0,722.6,186
2026-09-22T10:39:00+05:30,721.1,729.2,715.3,725.0,143
2026-09-22T10:40:00+05:30,726.5,733.0,725.0,730.0,98
2026-09-22T10:41:00+05:30,727.0,728.45,701.0,701.0,209
2026-09-22T10:42:00+05:30,701.0,710.45,684.0,710.35,863
2026-09-22T10:43:00+05:30,706.95,717.4,702.0,711.05,312
2026-09-22T10:44:00+05:30,707.0,714.1,699.75,699.75,89
2026-09-22T10:45:00+05:30,698.0,698.3,690.0,697.0,148
2026-09-22T10:46:00+05:30,696.25,710.4,695.75,710.4,211
2026-09-22T10:47:00+05:30,709.0,711.0,701.65,711.0,102
2026-09-22T10:48:00+05:30,708.85,708.85,695.0,697.5,143
2026-09-22T10:49:00+05:30,697.8,706.3,691.0,691.2,31
2026-09-22T10:50:00+05:30,691.0,691.0,677.05,682.5,253
2026-09-22T10:51:00+05:30,683.6,687.0,672.65,679.0,475
2026-09-22T10:52:00+05:30,677.0,678.8,656.45,670.0,390
2026-09-22T10:53:00+05:30,669.7,672.5,664.5,672.5,150
2026-09-22T10:54:00+05:30,672.85,683.9,670.4,683.9,219
2026-09-22T10:55:00+05:30,681.3,693.85,680.0,693.85,109
2026-09-22T10:56:00+05:30,693.7,698.25,685.7,687.6,105
2026-09-22T10:57:00+05:30,686.25,699.0,686.25,691.95,109
2026-09-22T10:58:00+05:30,691.1,700.85,689.95,700.0,81
2026-09-22T10:59:00+05:30,700.0,710.0,696.0,701.55,263
2026-09-22T11:00:00+05:30,705.45,707.0,691.0,694.0,87
2026-09-22T11:01:00+05:30,694.4,694.4,671.25,680.1,182
2026-09-22T11:02:00+05:30,681.95,681.95,666.65,670.8,163
2026-09-22T11:03:00+05:30,669.85,669.85,664.0,666.15,107
2026-09-22T11:04:00+05:30,668.25,670.0,658.6,658.6,148
2026-09-22T11:05:00+05:30,658.0,668.6,651.0,656.55,211
2026-09-22T11:06:00+05:30,656.0,663.65,654.1,661.75,94
2026-09-22T11:07:00+05:30,663.1,663.1,651.05,659.6,100
2026-09-22T11:08:00+05:30,659.0,659.0,645.3,652.15,278
2026-09-22T11:09:00+05:30,651.0,664.0,650.75,660.55,104
2026-09-22T11:10:00+05:30,659.75,670.1,659.75,667.25,199
2026-09-22T11:11:00+05:30,667.4,672.65,662.35,664.05,90
2026-09-22T11:12:00+05:30,663.0,668.55,661.4,668.55,103
2026-09-22T11:13:00+05:30,668.55,674.2,668.55,673.05,110
2026-09-22T11:14:00+05:30,670.0,684.25,670.0,675.4,125
2026-09-22T11:15:00+05:30,675.1,675.15,668.0,670.65,76
2026-09-22T11:16:00+05:30,669.5,676.0,663.75,674.8,47
2026-09-22T11:17:00+05:30,674.5,677.25,666.9,672.8,58
2026-09-22T11:18:00+05:30,672.5,672.5,665.85,666.95,43
2026-09-22T11:19:00+05:30,666.0,666.75,657.8,665.95,72
2026-09-22T11:20:00+05:30,669.0,669.0,660.0,666.35,242
2026-09-22T11:21:00+05:30,663.0,669.45,663.0,668.6,27
2026-09-22T11:22:00+05:30,669.8,670.6,661.2,665.95,38
2026-09-22T11:23:00+05:30,667.8,671.75,663.05,663.1,68
2026-09-22T11:24:00+05:30,669.1,673.4,667.8,670.45,48
2026-09-22T11:25:00+05:30,672.9,680.0,672.3,678.2,56
2026-09-22T11:26:00+05:30,677.7,677.7,670.0,671.9,74
2026-09-22T11:27:00+05:30,671.4,675.7,668.0,675.7,40
2026-09-22T11:28:00+05:30,671.25,680.0,671.25,679.0,100
2026-09-22T11:29:00+05:30,678.25,680.35,672.85,675.0,23
2026-09-22T11:30:00+05:30,676.3,676.3,655.45,660.45,141
2026-09-22T11:31:00+05:30,661.0,663.0,650.05,650.1,133
2026-09-22T11:32:00+05:30,650.05,652.8,633.6,652.05,294
2026-09-22T11:33:00+05:30,654.65,655.4,646.2,650.25,340
2026-09-22T11:34:00+05:30,649.0,650.0,631.05,633.2,228
2026-09-22T11:35:00+05:30,632.3,634.95,623.05,634.45,344
2026-09-22T11:36:00+05:30,636.65,637.35,629.35,637.35,114
2026-09-22T11:37:00+05:30,637.65,639.7,632.0,638.0,63
2026-09-22T11:38:00+05:30,636.75,642.9,635.1,638.1,67
2026-09-22T11:39:00+05:30,638.7,640.5,625.0,625.1,141
2026-09-22T11:40:00+05:30,626.1,629.35,612.0,627.6,335
2026-09-22T11:41:00+05:30,625.9,632.75,621.75,621.75,213
2026-09-22T11:42:00+05:30,622.7,623.55,610.0,613.05,224
2026-09-22T11:43:00+05:30,612.2,615.0,609.6,610.9,98
2026-09-22T11:44:00+05:30,610.25,613.2,606.55,613.2,518
2026-09-22T11:45:00+05:30,610.75,612.3,606.0,611.05,95
2026-09-22T11:46:00+05:30,610.65,610.65,589.9,594.3,464
2026-09-22T11:47:00+05:30,594.35,603.0,591.0,599.35,244
2026-09-22T11:48:00+05:30,600.8,609.75,600.8,607.0,139
2026-09-22T11:49:00+05:30,607.0,608.5,605.0,607.25,67
2026-09-22T11:50:00+05:30,605.7,610.0,602.6,605.95,102
2026-09-22T11:51:00+05:30,605.5,608.2,598.0,599.9,100
2026-09-22T11:52:00+05:30,599.9,621.75,599.9,618.8,133
2026-09-22T11:53:00+05:30,620.0,620.0,611.6,614.45,91
2026-09-22T11:54:00+05:30,611.95,613.5,601.25,602.4,85
2026-09-22T11:55:00+05:30,601.7,605.1,597.0,605.1,97
2026-09-22T11:56:00+05:30,602.0,610.0,593.3,609.2,114
2026-09-22T11:57:00+05:30,606.75,609.6,603.55,605.15,23
2026-09-22T11:58:00+05:30,608.95,620.25,604.5,620.0,171
2026-09-22T11:59:00+05:30,620.05,622.85,616.0,618.75,90
2026-09-22T12:00:00+05:30,618.05,623.0,615.0,618.5,115
2026-09-22T12:01:00+05:30,616.05,619.0,609.85,617.9,135
2026-09-22T12:02:00+05:30,620.0,626.05,619.6,619.9,129
2026-09-22T12:03:00+05:30,619.1,634.0,619.1,632.0,228
2026-09-22T12:04:00+05:30,632.0,634.55,625.6,634.0,190
2026-09-22T12:05:00+05:30,634.0,638.85,631.4,638.85,71
2026-09-22T12:06:00+05:30,638.0,638.0,630.1,634.9,101
2026-09-22T12:07:00+05:30,630.0,630.0,623.85,625.0,42
2026-09-22T12:08:00+05:30,626.0,638.8,626.0,638.8,52
2026-09-22T12:09:00+05:30,639.0,643.55,636.5,641.7,178
2026-09-22T12:10:00+05:30,641.75,644.0,638.8,639.65,303
2026-09-22T12:11:00+05:30,638.0,640.0,633.1,636.6,61
2026-09-22T12:12:00+05:30,633.05,634.7,630.0,630.0,26
2026-09-22T12:13:00+05:30,629.8,629.8,619.05,623.75,530
2026-09-22T12:14:00+05:30,625.3,642.0,617.15,618.4,91
2026-09-22T12:15:00+05:30,618.65,618.7,609.15,617.25,118
2026-09-22T12:16:00+05:30,615.0,624.8,612.5,623.55,26
2026-09-22T12:17:00+05:30,625.05,634.7,623.7,634.7,44
2026-09-22T12:18:00+05:30,634.7,634.7,630.4,633.35,33
2026-09-22T12:19:00+05:30,633.9,647.0,633.25,644.7,156
2026-09-22T12:20:00+05:30,645.0,645.5,638.6,638.6,93
2026-09-22T12:21:00+05:30,639.8,651.0,635.6,651.0,127
2026-09-22T12:22:00+05:30,649.7,651.35,640.35,643.0,87
2026-09-22T12:23:00+05:30,640.35,642.95,637.85,641.15,54
2026-09-22T12:24:00+05:30,640.2,640.4,634.0,634.6,45
2026-09-22T12:25:00+05:30,632.85,639.05,631.0,637.0,28
2026-09-22T12:26:00+05:30,635.7,645.75,634.65,639.0,27
2026-09-22T12:27:00+05:30,642.5,645.05,636.55,642.3,105
2026-09-22T12:28:00+05:30,638.7,645.4,633.6,641.9,68
2026-09-22T12:29:00+05:30,644.35,644.45,627.35,629.15,88
2026-09-22T12:30:00+05:30,630.4,631.25,622.8,622.8,60
2026-09-22T12:31:00+05:30,622.8,631.9,620.4,630.2,89
2026-09-22T12:32:00+05:30,631.6,637.2,631.6,636.0,37
2026-09-22T12:33:00+05:30,637.2,638.2,633.5,633.5,13
2026-09-22T12:34:00+05:30,633.5,637.6,630.0,637.6,9
2026-09-22T12:35:00+05:30,639.45,642.45,635.05,638.0,104
2026-09-22T12:36:00+05:30,637.7,637.7,631.1,631.1,61
2026-09-22T12:37:00+05:30,631.0,635.95,623.8,627.55,86
2026-09-22T12:38:00+05:30,625.7,629.4,623.15,626.25,41
2026-09-22T12:39:00+05:30,624.15,624.15,614.0,622.05,74
2026-09-22T12:40:00+05:30,622.75,622.75,613.8,621.9,58
2026-09-22T12:41:00+05:30,621.9,621.9,611.0,614.4,58
2026-09-22T12:42:00+05:30,612.05,615.9,611.1,614.65,50
2026-09-22T12:43:00+05:30,613.9,617.4,603.0,603.0,190
2026-09-22T12:44:00+05:30,603.7,604.55,590.0,591.25,507
2026-09-22T12:45:00+05:30,593.65,597.6,585.05,590.55,463
2026-09-22T12:46:00+05:30,590.6,602.35,590.0,597.45,141
2026-09-22T12:47:00+05:30,596.6,601.45,595.0,599.5,157
2026-09-22T12:48:00+05:30,599.95,604.45,597.1,602.75,73
2026-09-22T12:49:00+05:30,604.85,607.0,593.1,593.1,286
2026-09-22T12:50:00+05:30,593.1,593.75,587.75,591.0,238
2026-09-22T12:51:00+05:30,590.5,593.8,582.0,586.6,233
2026-09-22T12:52:00+05:30,587.65,596.85,585.7,595.05,132
2026-09-22T12:53:00+05:30,595.8,599.25,593.0,594.25,43
2026-09-22T12:54:00+05:30,594.25,596.85,589.9,592.65,68
2026-09-22T12:55:00+05:30,590.6,591.3,576.9,578.0,247
2026-09-22T12:56:00+05:30,578.8,593.0,573.2,592.45,219
2026-09-22T12:57:00+05:30,592.0,592.0,586.15,586.15,363
2026-09-22T12:58:00+05:30,585.0,593.0,584.8,591.1,243
2026-09-22T12:59:00+05:30,589.4,590.0,585.0,587.15,38
2026-09-22T13:00:00+05:30,585.05,585.05,565.6,571.7,403
2026-09-22T13:01:00+05:30,572.75,583.9,567.4,581.95,203
2026-09-22T13:02:00+05:30,582.0,588.0,572.55,572.95,170
2026-09-22T13:03:00+05:30,572.0,573.45,566.75,570.65,233
2026-09-22T13:04:00+05:30,571.5,575.0,566.95,570.0,165
2026-09-22T13:05:00+05:30,570.0,576.15,567.2,574.55,217
2026-09-22T13:06:00+05:30,574.2,581.15,572.8,576.15,289
2026-09-22T13:07:00+05:30,576.4,583.0,576.15,580.6,85
2026-09-22T13:08:00+05:30,582.1,583.0,575.0,583.0,70
2026-09-22T13:09:00+05:30,586.85,586.95,582.0,586.45,108
2026-09-22T13:10:00+05:30,586.6,594.0,586.6,593.55,127
2026-09-22T13:11:00+05:30,593.05,593.2,580.0,583.45,190
2026-09-22T13:12:00+05:30,584.2,590.0,581.0,590.0,127
2026-09-22T13:13:00+05:30,589.5,589.5,582.0,586.85,56
2026-09-22T13:14:00+05:30,586.55,595.0,586.05,594.95,127
2026-09-22T13:15:00+05:30,592.6,599.0,591.05,595.2,150
2026-09-22T13:16:00+05:30,592.25,595.2,588.5,594.25,149
2026-09-22T13:17:00+05:30,592.7,594.85,583.0,585.5,111
2026-09-22T13:18:00+05:30,583.8,588.8,576.4,588.8,123
2026-09-22T13:19:00+05:30,587.8,593.65,587.55,588.7,80
2026-09-22T13:20:00+05:30,588.8,589.05,577.55,578.55,119
2026-09-22T13:21:00+05:30,578.0,578.15,573.35,575.95,150
2026-09-22T13:22:00+05:30,575.0,579.0,573.4,576.8,92
2026-09-22T13:23:00+05:30,579.8,582.3,575.25,582.3,119
2026-09-22T13:24:00+05:30,579.55,584.75,577.35,584.75,72
2026-09-22T13:25:00+05:30,583.85,584.9,575.0,580.25,150
2026-09-22T13:26:00+05:30,580.6,584.9,570.1,574.5,189
2026-09-22T13:27:00+05:30,575.75,589.0,574.65,589.0,88
2026-09-22T13:28:00+05:30,587.2,594.0,586.95,587.55,74
2026-09-22T13:29:00+05:30,586.05,592.7,585.5,588.65,37
2026-09-22T13:30:00+05:30,586.25,589.75,582.85,587.85,117
2026-09-22T13:31:00+05:30,586.9,591.05,586.55,587.65,101
2026-09-22T13:32:00+05:30,588.3,594.0,587.65,588.85,90
2026-09-22T13:33:00+05:30,589.0,592.25,587.0,591.25,53
2026-09-22T13:34:00+05:30,592.0,595.75,590.7,593.6,115
2026-09-22T13:35:00+05:30,592.0,596.0,586.45,595.95,107
2026-09-22T13:36:00+05:30,596.0,601.85,594.95,596.5,244
2026-09-22T13:37:00+05:30,596.15,603.0,593.2,603.0,124
2026-09-22T13:38:00+05:30,601.25,604.25,594.8,594.9,146
2026-09-22T13:39:00+05:30,595.75,600.0,594.05,598.0,39
2026-09-22T13:40:00+05:30,598.0,600.0,597.45,598.4,33
2026-09-22T13:41:00+05:30,600.85,603.0,595.5,597.8,121
2026-09-22T13:42:00+05:30,596.85,608.95,595.75,603.45,200
2026-09-22T13:43:00+05:30,602.55,602.6,593.2,595.45,169
2026-09-22T13:44:00+05:30,595.3,595.4,583.8,583.8,218
2026-09-22T13:45:00+05:30,583.1,586.2,575.95,581.7,273
2026-09-22T13:46:00+05:30,583.0,584.35,576.1,578.35,207
2026-09-22T13:47:00+05:30,578.0,588.0,576.55,585.85,122
2026-09-22T13:48:00+05:30,585.3,586.05,571.45,571.45,248
2026-09-22T13:49:00+05:30,571.6,580.1,567.0,578.9,306
2026-09-22T13:50:00+05:30,580.0,580.0,573.1,578.0,93
2026-09-22T13:51:00+05:30,576.0,578.9,571.0,573.8,112
2026-09-22T13:52:00+05:30,574.95,580.95,574.8,579.5,81
2026-09-22T13:53:00+05:30,579.15,579.25,541.2,556.65,822
2026-09-22T13:54:00+05:30,553.55,557.6,541.0,549.4,861
2026-09-22T13:55:00+05:30,551.0,567.9,547.0,559.55,311
2026-09-22T13:56:00+05:30,559.45,560.0,554.5,557.2,97
2026-09-22T13:57:00+05:30,556.9,559.95,553.05,556.9,145
2026-09-22T13:58:00+05:30,555.0,557.6,550.0,553.4,201
2026-09-22T13:59:00+05:30,552.7,555.0,548.3,552.4,119
2026-09-22T14:00:00+05:30,552.0,552.05,535.75,538.95,440
2026-09-22T14:01:00+05:30,539.4,557.0,539.4,555.8,305
2026-09-22T14:02:00+05:30,557.0,567.0,552.0,557.0,334
2026-09-22T14:03:00+05:30,556.3,563.0,551.25,563.0,211
2026-09-22T14:04:00+05:30,560.1,569.0,557.0,567.9,145
2026-09-22T14:05:00+05:30,566.9,572.0,561.45,561.45,210
2026-09-22T14:06:00+05:30,561.6,567.0,554.0,565.6,141
2026-09-22T14:07:00+05:30,566.3,566.4,555.0,556.55,116
2026-09-22T14:08:00+05:30,556.55,557.1,551.5,556.7,62
2026-09-22T14:09:00+05:30,557.7,576.25,556.6,576.2,215
2026-09-22T14:10:00+05:30,572.35,583.95,570.0,574.45,253
2026-09-22T14:11:00+05:30,574.3,591.0,567.2,586.95,293
2026-09-22T14:12:00+05:30,586.0,617.1,574.05,609.75,774
2026-09-22T14:13:00+05:30,610.45,612.45,598.0,605.45,447
2026-09-22T14:14:00+05:30,603.55,701.85,600.05,698.4,1993
2026-09-22T14:15:00+05:30,698.2,729.0,680.35,681.05,2835
2026-09-22T14:16:00+05:30,684.25,684.4,643.8,662.3,1173
2026-09-22T14:17:00+05:30,663.8,683.75,661.35,683.75,410
2026-09-22T14:18:00+05:30,685.0,686.95,652.05,659.45,350
2026-09-22T14:19:00+05:30,660.0,688.3,656.5,684.5,662
2026-09-22T14:20:00+05:30,683.55,703.3,675.1,700.65,609
2026-09-22T14:21:00+05:30,696.0,728.95,696.0,699.6,839
2026-09-22T14:22:00+05:30,701.05,705.3,693.05,697.95,252
2026-09-22T14:23:00+05:30,696.6,708.4,689.15,692.4,300
2026-09-22T14:24:00+05:30,689.4,690.9,666.35,668.0,251
2026-09-22T14:25:00+05:30,670.5,699.5,666.0,695.0,397
2026-09-22T14:26:00+05:30,695.3,705.0,687.75,699.55,197
2026-09-22T14:27:00+05:30,699.55,702.15,690.75,698.55,142
2026-09-22T14:28:00+05:30,698.55,698.65,683.7,691.85,94
2026-09-22T14:29:00+05:30,695.0,700.4,695.0,695.0,125
2026-09-22T14:30:00+05:30,693.65,698.15,682.75,683.4,220
2026-09-22T14:31:00+05:30,689.6,706.4,682.7,705.35,425
2026-09-22T14:32:00+05:30,705.55,724.0,701.95,712.65,212
2026-09-22T14:33:00+05:30,715.2,716.2,690.9,690.9,169
2026-09-22T14:34:00+05:30,692.45,693.5,661.25,671.85,220
2026-09-22T14:35:00+05:30,669.35,681.4,669.35,681.4,179
2026-09-22T14:36:00+05:30,682.3,695.75,679.0,688.5,139
2026-09-22T14:37:00+05:30,688.5,688.5,662.3,672.55,192
2026-09-22T14:38:00+05:30,674.7,674.7,652.0,652.0,108
2026-09-22T14:39:00+05:30,654.55,667.6,652.85,660.55,67
2026-09-22T14:40:00+05:30,662.65,664.9,651.8,651.8,129
2026-09-22T14:41:00+05:30,653.0,665.0,646.55,659.3,224
2026-09-22T14:42:00+05:30,658.0,658.0,622.55,634.25,279
2026-09-22T14:43:00+05:30,636.0,645.75,633.85,642.4,90
2026-09-22T14:44:00+05:30,644.0,650.2,641.25,647.2,89
2026-09-22T14:45:00+05:30,651.3,670.0,641.0,666.65,132
2026-09-22T14:46:00+05:30,663.6,665.7,654.15,661.85,76
2026-09-22T14:47:00+05:30,658.75,662.95,654.95,658.0,37
2026-09-22T14:48:00+05:30,656.0,656.0,635.05,644.0,54
2026-09-22T14:49:00+05:30,644.0,648.0,643.9,644.8,49
2026-09-22T14:50:00+05:30,642.0,654.0,635.0,653.65,77
2026-09-22T14:51:00+05:30,653.8,654.85,642.75,642.75,91
2026-09-22T14:52:00+05:30,641.0,642.0,630.65,638.15,180
2026-09-22T14:53:00+05:30,639.9,641.05,627.6,630.45,85
2026-09-22T14:54:00+05:30,629.85,631.5,625.05,629.2,70
2026-09-22T14:55:00+05:30,629.65,637.6,627.2,633.75,58
2026-09-22T14:56:00+05:30,634.0,634.0,617.55,630.7,169
2026-09-22T14:57:00+05:30,630.7,630.7,621.0,621.0,75
2026-09-22T14:58:00+05:30,621.35,627.2,605.3,615.0,127
2026-09-22T14:59:00+05:30,613.3,616.3,602.95,616.0,260
2026-09-22T15:00:00+05:30,615.0,618.0,607.0,607.65,53
2026-09-22T15:01:00+05:30,606.0,623.9,598.0,620.85,233
2026-09-22T15:02:00+05:30,622.0,631.1,622.0,624.75,284
2026-09-22T15:03:00+05:30,625.9,642.0,624.75,641.15,127
2026-09-22T15:04:00+05:30,640.3,643.95,632.05,633.55,169
2026-09-22T15:05:00+05:30,636.8,640.75,632.4,633.6,100
2026-09-22T15:06:00+05:30,630.4,631.8,621.0,630.3,49
2026-09-22T15:07:00+05:30,631.1,632.3,623.0,623.3,61
2026-09-22T15:08:00+05:30,622.0,625.0,616.3,619.0,102
2026-09-22T15:09:00+05:30,619.85,624.5,616.25,624.5,50
2026-09-22T15:10:00+05:30,624.2,633.4,619.25,633.4,75
2026-09-22T15:11:00+05:30,631.85,652.0,624.55,647.35,409
2026-09-22T15:12:00+05:30,647.35,660.75,640.85,659.2,506
2026-09-22T15:13:00+05:30,660.15,666.5,654.0,663.0,397
2026-09-22T15:14:00+05:30,663.0,666.75,658.55,660.0,169
2026-09-22T15:15:00+05:30,655.05,656.95,632.3,637.5,114
2026-09-22T15:16:00+05:30,636.25,655.65,636.2,655.65,195
2026-09-22T15:17:00+05:30,653.5,655.9,645.75,645.75,38
2026-09-22T15:18:00+05:30,645.0,646.75,637.85,639.5,42
2026-09-22T15:19:00+05:30,636.45,640.6,630.95,634.55,62
2026-09-22T15:20:00+05:30,637.05,645.95,635.8,642.4,71
2026-09-22T15:21:00+05:30,641.65,649.85,640.0,640.0,57
2026-09-22T15:22:00+05:30,647.0,655.0,626.0,636.05,147
2026-09-22T15:23:00+05:30,634.0,645.0,630.45,638.0,53
2026-09-22T15:24:00+05:30,638.0,639.95,634.1,639.95,23
2026-09-22T15:25:00+05:30,637.9,638.7,630.7,636.9,194
2026-09-22T15:26:00+05:30,639.9,648.0,633.55,637.3,220
2026-09-22T15:27:00+05:30,636.4,642.9,633.7,640.0,21
2026-09-22T15:28:00+05:30,640.25,640.25,633.4,633.4,149
2026-09-22T15:29:00+05:30,633.55,636.9,628.95,629.0,269
2026-09-22T15:30:00+05:30,628.95,628.95,617.1,618.0,115
2026-09-22T15:31:00+05:30,618.0,625.0,616.1,618.0,170
2026-09-22T15:32:00+05:30,619.2,620.9,616.75,616.95,74
2026-09-22T15:33:00+05:30,618.6,640.4,618.05,639.85,128
2026-09-22T15:34:00+05:30,640.0,652.0,636.15,650.15,350
2026-09-22T15:35:00+05:30,650.7,673.45,649.9,670.65,194
2026-09-22T15:36:00+05:30,673.45,675.0,667.9,670.8,108
2026-09-22T15:37:00+05:30,670.0,685.8,669.55,685.8,518
2026-09-22T15:38:00+05:30,684.8,693.95,683.45,693.95,274
2026-09-22T15:39:00+05:30,694.0,718.0,690.0,713.55,569
2026-09-23T09:15:00+05:30,651.1,707.95,640.15,644.4,766
2026-09-23T09:16:00+05:30,643.1,690.45,643.1,679.0,557
2026-09-23T09:17:00+05:30,680.75,690.0,668.75,683.6,279
2026-09-23T09:18:00+05:30,683.75,713.3,680.0,693.0,715
2026-09-23T09:19:00+05:30,693.35,707.4,693.1,702.35,221
2026-09-23T09:20:00+05:30,703.35,721.25,698.6,708.05,449
2026-09-23T09:21:00+05:30,705.1,715.0,697.0,699.4,275
2026-09-23T09:22:00+05:30,699.7,712.8,697.15,698.05,240
2026-09-23T09:23:00+05:30,700.0,706.1,675.8,677.75,202
2026-09-23T09:24:00+05:30,676.8,685.15,666.05,673.9,419
2026-09-23T09:25:00+05:30,676.3,680.1,642.0,667.1,428
2026-09-23T09:26:00+05:30,669.2,673.95,645.3,651.4,264
2026-09-23T09:27:00+05:30,648.95,670.75,648.95,658.6,178
2026-09-23T09:28:00+05:30,659.65,670.05,653.0,658.6,153
2026-09-23T09:29:00+05:30,657.5,666.0,647.0,652.2,147
2026-09-23T09:30:00+05:30,655.0,684.5,655.0,682.0,466
2026-09-23T09:31:00+05:30,684.6,692.0,659.95,663.1,387
2026-09-23T09:32:00+05:30,670.0,685.25,668.05,685.0,169
2026-09-23T09:33:00+05:30,682.85,689.0,673.3,680.0,122
2026-09-23T09:34:00+05:30,683.6,685.1,677.65,684.0,124
2026-09-23T09:35:00+05:30,688.0,694.8,676.9,683.15,176
2026-09-23T09:36:00+05:30,683.55,686.75,664.5,681.2,192
2026-09-23T09:37:00+05:30,681.85,690.0,677.6,688.25,114
2026-09-23T09:38:00+05:30,687.9,697.85,686.0,692.15,127
2026-09-23T09:39:00+05:30,693.0,693.0,668.35,668.85,106
2026-09-23T09:40:00+05:30,673.5,693.05,671.45,686.35,148
2026-09-23T09:41:00+05:30,685.5,692.6,684.3,686.7,137
2026-09-23T09:42:00+05:30,688.45,698.0,687.95,691.75,117
2026-09-23T09:43:00+05:30,689.4,692.3,688.0,688.0,25
2026-09-23T09:44:00+05:30,687.1,698.0,678.15,693.4,93
2026-09-23T09:45:00+05:30,694.0,706.4,694.0,696.4,213
2026-09-23T09:46:00+05:30,697.75,702.9,691.7,691.7,310
2026-09-23T09:47:00+05:30,695.0,700.2,693.8,693.8,105
2026-09-23T09:48:00+05:30,698.0,704.0,677.0,677.0,211
2026-09-23T09:49:00+05:30,677.0,678.65,660.0,677.7,253
2026-09-23T09:50:00+05:30,674.7,675.1,662.1,670.1,83
2026-09-23T09:51:00+05:30,669.1,682.45,669.1,678.85,186
2026-09-23T09:52:00+05:30,680.15,686.0,672.9,683.8,87
2026-09-23T09:53:00+05:30,681.2,689.1,673.05,673.1,173
2026-09-23T09:54:00+05:30,670.55,672.3,650.0,661.9,296
2026-09-23T09:55:00+05:30,663.8,669.8,655.0,665.55,204
2026-09-23T09:56:00+05:30,664.9,683.2,664.45,682.75,229
2026-09-23T09:57:00+05:30,684.0,700.0,684.0,692.45,272
2026-09-23T09:58:00+05:30,694.05,703.3,687.45,702.15,142
2026-09-23T09:59:00+05:30,702.0,727.0,700.25,723.95,919
2026-09-23T10:00:00+05:30,724.9,765.0,712.7,748.75,1201
2026-09-23T10:01:00+05:30,748.4,753.55,732.1,733.9,287
2026-09-23T10:02:00+05:30,733.5,749.85,733.05,735.05,206
2026-09-23T10:03:00+05:30,737.85,749.6,734.95,741.4,195
2026-09-23T10:04:00+05:30,738.55,746.1,735.95,746.1,93
2026-09-23T10:05:00+05:30,740.7,745.2,733.0,741.25,74
2026-09-23T10:06:00+05:30,744.95,747.0,729.0,729.0,198
2026-09-23T10:07:00+05:30,726.15,732.9,720.1,723.5,227
2026-09-23T10:08:00+05:30,720.0,732.85,713.6,726.0,202
2026-09-23T10:09:00+05:30,725.05,736.3,724.9,729.0,144
2026-09-23T10:10:00+05:30,727.95,735.0,711.8,711.8,111
2026-09-23T10:11:00+05:30,714.75,719.8,707.05,708.6,239
2026-09-23T10:12:00+05:30,709.25,733.0,709.25,722.55,138
2026-09-23T10:13:00+05:30,721.25,744.45,721.25,735.15,204
2026-09-23T10:14:00+05:30,741.0,741.0,729.95,739.1,68
2026-09-23T10:15:00+05:30,739.0,744.25,734.1,743.85,163
2026-09-23T10:16:00+05:30,744.15,755.0,740.8,744.85,229
2026-09-23T10:17:00+05:30,748.5,757.95,746.2,753.8,200
2026-09-23T10:18:00+05:30,756.2,770.0,754.7,761.2,388
2026-09-23T10:19:00+05:30,764.85,764.85,749.7,753.8,91
2026-09-23T10:20:00+05:30,758.0,764.1,741.1,753.65,122
2026-09-23T10:21:00+05:30,752.55,760.0,750.65,755.0,182
2026-09-23T10:22:00+05:30,754.6,759.25,740.05,740.05,80
2026-09-23T10:23:00+05:30,745.35,757.0,745.35,749.1,51
2026-09-23T10:24:00+05:30,751.05,751.05,732.55,736.0,90
2026-09-23T10:25:00+05:30,740.9,746.3,735.0,744.05,74
2026-09-23T10:26:00+05:30,742.15,750.4,736.85,750.0,58
2026-09-23T10:27:00+05:30,751.0,757.0,745.0,755.7,74
2026-09-23T10:28:00+05:30,753.25,769.0,753.25,763.0,142
2026-09-23T10:29:00+05:30,765.0,766.15,758.85,763.15,96
2026-09-23T10:30:00+05:30,765.0,775.0,754.1,760.3,269
2026-09-23T10:31:00+05:30,764.0,770.0,753.5,759.15,45
2026-09-23T10:32:00+05:30,760.75,765.0,752.55,756.8,66
2026-09-23T10:33:00+05:30,757.75,759.05,751.8,758.25,85
2026-09-23T10:34:00+05:30,761.1,761.95,750.2,751.8,55
2026-09-23T10:35:00+05:30,751.65,754.85,738.05,738.85,151
2026-09-23T10:36:00+05:30,737.2,752.4,737.2,750.0,49
2026-09-23T10:37:00+05:30,748.3,768.65,748.3,767.05,131
2026-09-23T10:38:00+05:30,766.9,770.2,764.0,770.2,141
2026-09-23T10:39:00+05:30,771.0,781.25,770.0,773.55,260
2026-09-23T10:40:00+05:30,767.0,780.2,762.3,774.1,57
2026-09-23T10:41:00+05:30,775.0,775.0,759.15,759.15,139
2026-09-23T10:42:00+05:30,760.3,774.05,759.5,759.5,38
2026-09-23T10:43:00+05:30,762.65,770.25,760.75,770.0,27
2026-09-23T10:44:00+05:30,770.0,782.1,770.0,781.3,138
2026-09-23T10:45:00+05:30,780.5,788.6,778.45,782.25,150
2026-09-23T10:46:00+05:30,781.65,792.0,774.5,777.5,472
2026-09-23T10:47:00+05:30,778.85,791.15,773.55,776.4,97
2026-09-23T10:48:00+05:30,779.6,779.6,769.9,770.55,83
2026-09-23T10:49:00+05:30,774.15,776.4,752.0,758.75,151
2026-09-23T10:50:00+05:30,760.85,773.45,759.65,771.4,124
2026-09-23T10:51:00+05:30,774.25,774.25,769.0,770.4,46
2026-09-23T10:52:00+05:30,770.4,790.0,770.4,782.75,136
2026-09-23T10:53:00+05:30,780.15,794.0,776.2,792.65,135
2026-09-23T10:54:00+05:30,789.2,798.25,776.6,782.1,457
2026-09-23T10:55:00+05:30,784.15,794.95,781.35,794.95,155
2026-09-23T10:56:00+05:30,789.7,801.0,785.0,787.7,260
2026-09-23T10:57:00+05:30,790.0,800.0,788.0,788.0,108
2026-09-23T10:58:00+05:30,792.05,803.15,792.05,802.9,68
2026-09-23T10:59:00+05:30,802.35,802.35,793.1,798.0,74
2026-09-23T11:00:00+05:30,801.9,804.95,794.85,801.0,68
2026-09-23T11:01:00+05:30,801.0,805.45,797.85,801.35,66
2026-09-23T11:02:00+05:30,805.0,809.5,802.2,806.0,93
2026-09-23T11:03:00+05:30,804.35,809.2,794.9,794.95,74
2026-09-23T11:04:00+05:30,796.5,798.4,787.0,787.85,94
2026-09-23T11:05:00+05:30,787.65,804.0,787.65,803.55,111
2026-09-23T11:06:00+05:30,801.45,810.0,801.45,805.15,60
2026-09-23T11:07:00+05:30,803.55,815.65,803.0,811.0,137
2026-09-23T11:08:00+05:30,809.6,812.35,801.0,805.0,78
2026-09-23T11:09:00+05:30,803.35,805.0,802.95,804.0,92
2026-09-23T11:10:00+05:30,805.9,812.0,805.2,805.5,31
2026-09-23T11:11:00+05:30,803.9,812.0,802.05,804.2,148
2026-09-23T11:12:00+05:30,805.1,810.2,804.3,804.3,19
2026-09-23T11:13:00+05:30,802.7,811.0,802.7,809.05,13
2026-09-23T11:14:00+05:30,809.05,814.75,807.55,807.55,45
2026-09-23T11:15:00+05:30,807.55,807.55,792.9,792.9,77
2026-09-23T11:16:00+05:30,792.8,798.0,775.0,776.1,136
2026-09-23T11:17:00+05:30,780.0,786.2,770.0,774.15,196
2026-09-23T11:18:00+05:30,773.4,777.25,764.55,765.5,116
2026-09-23T11:19:00+05:30,771.7,772.3,763.0,763.0,19
2026-09-23T11:20:00+05:30,765.0,779.95,764.9,770.0,54
2026-09-23T11:21:00+05:30,771.05,777.2,770.15,773.0,32
2026-09-23T11:22:00+05:30,776.0,785.0,775.7,777.05,32
2026-09-23T11:23:00+05:30,782.05,782.05,776.6,776.95,46
2026-09-23T11:24:00+05:30,776.65,779.6,773.7,779.4,12
2026-09-23T11:25:00+05:30,776.2,785.0,773.55,785.0,67
2026-09-23T11:26:00+05:30,786.0,800.0,786.0,787.05,58
2026-09-23T11:27:00+05:30,786.15,789.2,775.25,777.0,60
2026-09-23T11:28:00+05:30,776.0,776.0,771.05,773.0,18
2026-09-23T11:29:00+05:30,778.95,778.95,777.6,777.6,2
2026-09-23T11:30:00+05:30,777.0,786.05,770.0,781.5,48
2026-09-23T11:31:00+05:30,774.0,775.05,765.0,772.8,57
2026-09-23T11:32:00+05:30,776.0,790.0,776.0,787.85,49
2026-09-23T11:33:00+05:30,785.0,793.0,779.95,792.7,40
2026-09-23T11:34:00+05:30,791.5,793.0,786.15,787.9,28
2026-09-23T11:35:00+05:30,785.0,785.0,776.9,782.7,21
2026-09-23T11:36:00+05:30,779.4,784.8,778.6,781.5,19
2026-09-23T11:37:00+05:30,784.0,791.0,783.6,784.35,20
2026-09-23T11:38:00+05:30,780.95,784.95,780.75,784.95,4
2026-09-23T11:39:00+05:30,784.95,784.95,777.15,779.9,29
2026-09-23T11:40:00+05:30,784.6,784.6,778.85,781.8,39
2026-09-23T11:41:00+05:30,785.0,791.0,782.95,786.95,45
2026-09-23T11:42:00+05:30,786.05,790.0,785.35,789.95,10
2026-09-23T11:43:00+05:30,789.95,798.0,788.5,797.1,33
2026-09-23T11:44:00+05:30,795.35,795.75,787.35,789.0,14
2026-09-23T11:45:00+05:30,786.85,786.85,784.1,784.85,38
2026-09-23T11:46:00+05:30,787.4,791.3,783.05,791.3,10
2026-09-23T11:47:00+05:30,790.0,790.0,782.3,784.85,38
2026-09-23T11:48:00+05:30,783.05,783.35,778.0,780.95,37
2026-09-23T11:49:00+05:30,779.8,779.8,765.05,765.05,56
2026-09-23T11:50:00+05:30,767.75,770.0,760.0,760.0,44
2026-09-23T11:51:00+05:30,760.0,769.85,752.05,752.05,56
2026-09-23T11:52:00+05:30,755.65,770.0,755.65,770.0,15
2026-09-23T11:53:00+05:30,769.1,773.9,768.95,773.9,15
2026-09-23T11:54:00+05:30,775.0,777.0,773.25,773.25,10
2026-09-23T11:55:00+05:30,777.15,777.15,770.4,772.8,7
2026-09-23T11:56:00+05:30,766.25,769.1,762.0,764.95,51
2026-09-23T11:57:00+05:30,762.0,763.4,760.0,760.7,12
2026-09-23T11:58:00+05:30,758.0,764.7,756.95,762.9,13
2026-09-23T11:59:00+05:30,765.0,768.85,763.2,765.0,18
2026-09-23T12:00:00+05:30,765.85,766.8,764.25,764.4,74
2026-09-23T12:01:00+05:30,766.8,790.0,766.8,790.0,118
2026-09-23T12:02:00+05:30,788.0,794.0,782.0,790.85,45
2026-09-23T12:03:00+05:30,790.85,791.9,783.5,790.05,40
2026-09-23T12:04:00+05:30,789.6,792.15,785.95,791.95,13
2026-09-23T12:05:00+05:30,791.65,802.0,791.15,796.8,86
2026-09-23T12:06:00+05:30,796.8,808.0,789.3,804.05,267
2026-09-23T12:07:00+05:30,808.55,808.65,786.8,786.8,132
2026-09-23T12:08:00+05:30,792.85,795.15,777.45,782.25,71
2026-09-23T12:09:00+05:30,780.7,780.7,774.0,777.5,15
2026-09-23T12:10:00+05:30,780.4,786.55,780.4,783.85,25
2026-09-23T12:11:00+05:30,782.65,788.0,780.0,788.0,9
2026-09-23T12:12:00+05:30,783.4,786.0,783.4,786.0,12
2026-09-23T12:13:00+05:30,788.0,796.75,784.05,786.55,73
2026-09-23T12:14:00+05:30,791.0,791.35,788.0,788.7,17
2026-09-23T12:15:00+05:30,785.1,786.95,782.2,782.35,32
2026-09-23T12:16:00+05:30,783.0,788.5,780.0,788.5,48
2026-09-23T12:17:00+05:30,791.0,793.0,791.0,793.0,7
2026-09-23T12:18:00+05:30,790.0,793.0,789.2,789.2,12
2026-09-23T12:19:00+05:30,788.3,795.0,788.3,794.5,17
2026-09-23T12:20:00+05:30,797.0,797.0,786.5,788.2,46
2026-09-23T12:21:00+05:30,789.4,790.6,788.55,789.75,17
2026-09-23T12:22:00+05:30,787.15,788.75,784.85,787.5,22
2026-09-23T12:23:00+05:30,782.9,783.9,780.85,783.9,25
2026-09-23T12:24:00+05:30,782.2,784.15,776.3,780.0,57
2026-09-23T12:25:00+05:30,779.7,779.75,763.85,764.35,92
2026-09-23T12:26:00+05:30,770.0,782.25,770.0,775.95,29
2026-09-23T12:27:00+05:30,777.8,779.85,777.75,779.85,37
2026-09-23T12:28:00+05:30,778.65,783.5,778.0,780.0,47
2026-09-23T12:29:00+05:30,780.45,783.45,777.0,777.0,6
2026-09-23T12:30:00+05:30,781.05,781.4,775.05,775.05,3
2026-09-23T12:31:00+05:30,772.45,779.0,772.4,779.0,12
2026-09-23T12:32:00+05:30,780.3,784.3,779.0,782.1,35
2026-09-23T12:33:00+05:30,786.0,796.2,786.0,791.6,33
2026-09-23T12:34:00+05:30,795.8,802.5,785.0,785.0,89
2026-09-23T12:35:00+05:30,793.3,797.6,793.3,793.5,18
2026-09-23T12:36:00+05:30,791.4,791.4,788.0,788.0,9
2026-09-23T12:37:00+05:30,791.35,791.35,784.95,784.95,9
2026-09-23T12:38:00+05:30,785.0,785.0,785.0,785.0,1
2026-09-23T12:39:00+05:30,781.45,785.9,781.45,785.9,4
2026-09-23T12:40:00+05:30,785.9,786.65,784.9,786.65,9
2026-09-23T12:41:00+05:30,786.65,792.0,786.65,790.25,11
2026-09-23T12:42:00+05:30,788.0,788.0,786.85,786.85,3
2026-09-23T12:43:00+05:30,788.65,788.65,788.65,788.65,1
2026-09-23T12:44:00+05:30,781.9,784.0,777.6,780.0,21
2026-09-23T12:45:00+05:30,780.75,784.0,771.0,772.05,11
2026-09-23T12:46:00+05:30,778.0,778.0,767.8,767.8,27
2026-09-23T12:47:00+05:30,768.05,768.05,750.0,752.3,91
2026-09-23T12:48:00+05:30,752.85,759.0,750.0,757.45,52
2026-09-23T12:49:00+05:30,760.25,764.9,757.95,764.9,15
2026-09-23T12:50:00+05:30,763.3,766.7,762.0,763.0,45
2026-09-23T12:51:00+05:30,769.0,771.2,763.15,763.15,20
2026-09-23T12:52:00+05:30,763.15,763.15,745.0,750.1,87
2026-09-23T12:53:00+05:30,755.85,756.05,731.05,739.05,50
2026-09-23T12:54:00+05:30,739.0,747.4,736.85,737.8,42
2026-09-23T12:55:00+05:30,742.55,747.8,736.4,739.7,23
2026-09-23T12:56:00+05:30,736.8,751.3,733.65,747.6,31
2026-09-23T12:57:00+05:30,748.15,760.0,747.6,755.45,39
2026-09-23T12:58:00+05:30,760.0,762.2,758.05,761.4,10
2026-09-23T12:59:00+05:30,760.35,762.5,757.55,760.1,23
2026-09-23T13:00:00+05:30,755.9,764.0,750.65,764.0,36
2026-09-23T13:01:00+05:30,765.75,773.25,765.35,765.8,35
2026-09-23T13:02:00+05:30,771.0,789.35,764.25,786.9,85
2026-09-23T13:03:00+05:30,787.35,795.95,782.3,794.8,76
2026-09-23T13:04:00+05:30,793.8,795.0,785.5,792.3,35
2026-09-23T13:05:00+05:30,789.3,795.8,776.8,778.9,85
2026-09-23T13:06:00+05:30,776.6,790.0,776.6,784.85,17
2026-09-23T13:07:00+05:30,789.0,814.0,787.55,806.5,399
2026-09-23T13:08:00+05:30,810.8,815.0,800.0,801.9,280
2026-09-23T13:09:00+05:30,795.7,798.95,790.3,792.4,27
2026-09-23T13:10:00+05:30,792.4,796.5,787.95,787.95,21
2026-09-23T13:11:00+05:30,784.75,787.95,773.5,780.0,53
2026-09-23T13:12:00+05:30,779.5,781.15,775.8,775.8,5
2026-09-23T13:13:00+05:30,778.15,784.95,775.25,775.25,85
2026-09-23T13:14:00+05:30,777.3,777.3,775.0,775.0,9
2026-09-23T13:15:00+05:30,779.75,787.35,778.85,778.85,41
2026-09-23T13:16:00+05:30,783.75,788.35,783.75,785.35,33
2026-09-23T13:17:00+05:30,785.05,785.05,771.0,771.0,18
2026-09-23T13:18:00+05:30,773.8,775.0,768.85,770.0,48
2026-09-23T13:19:00+05:30,771.0,772.9,770.0,772.9,10
2026-09-23T13:20:00+05:30,775.5,775.6,773.45,775.6,3
2026-09-23T13:21:00+05:30,773.45,780.0,771.7,778.1,11
2026-09-23T13:22:00+05:30,778.1,780.35,778.1,780.35,5
2026-09-23T13:23:00+05:30,778.0,782.0,778.0,782.0,6
2026-09-23T13:24:00+05:30,784.8,784.8,779.45,783.2,4
2026-09-23T13:25:00+05:30,781.2,785.0,781.2,783.4,8
2026-09-23T13:27:00+05:30,783.0,783.0,777.7,777.7,21
2026-09-23T13:28:00+05:30,777.7,780.9,776.7,776.7,8
2026-09-23T13:29:00+05:30,778.05,778.05,765.0,765.0,55
2026-09-23T13:30:00+05:30,769.7,770.9,756.85,763.7,63
2026-09-23T13:31:00+05:30,761.95,771.25,761.95,763.0,29
2026-09-23T13:32:00+05:30,763.0,768.5,750.0,750.0,72
2026-09-23T13:33:00+05:30,752.0,766.35,745.0,745.0,87
2026-09-23T13:34:00+05:30,745.0,755.15,742.0,749.0,57
2026-09-23T13:35:00+05:30,746.8,753.05,735.0,741.6,138
2026-09-23T13:36:00+05:30,740.9,744.1,740.9,744.1,17
2026-09-23T13:37:00+05:30,745.0,754.0,745.0,749.65,19
2026-09-23T13:38:00+05:30,754.7,755.1,750.0,754.0,18
2026-09-23T13:39:00+05:30,755.0,757.6,752.0,752.0,22
2026-09-23T13:40:00+05:30,758.65,758.7,750.0,750.0,41
2026-09-23T13:41:00+05:30,750.0,756.2,741.0,756.2,83
2026-09-23T13:42:00+05:30,762.75,765.5,750.9,758.45,56
2026-09-23T13:43:00+05:30,760.0,768.6,758.75,766.85,6
2026-09-23T13:44:00+05:30,768.6,777.95,760.45,777.95,111
2026-09-23T13:45:00+05:30,777.45,779.85,771.25,778.55,76
2026-09-23T13:46:00+05:30,771.1,775.8,771.1,775.0,19
2026-09-23T13:47:00+05:30,777.55,777.55,764.0,770.0,41
2026-09-23T13:48:00+05:30,770.0,770.0,767.2,768.65,4
2026-09-23T13:49:00+05:30,771.85,775.0,771.85,775.0,20
2026-09-23T13:50:00+05:30,768.8,768.8,763.4,763.4,20
2026-09-23T13:51:00+05:30,766.0,769.3,760.0,760.0,43
2026-09-23T13:52:00+05:30,757.8,760.0,755.35,759.9,35
2026-09-23T13:53:00+05:30,760.95,762.9,760.95,762.9,2
2026-09-23T13:54:00+05:30,769.95,772.0,766.95,772.0,8
2026-09-23T13:55:00+05:30,775.0,775.0,766.45,766.45,11
2026-09-23T13:56:00+05:30,767.55,767.6,767.55,767.6,2
2026-09-23T13:57:00+05:30,762.15,762.2,760.0,760.0,16
2026-09-23T13:58:00+05:30,757.6,760.0,757.6,758.35,15
2026-09-23T13:59:00+05:30,758.85,758.85,758.85,758.85,1
2026-09-23T14:00:00+05:30,760.0,760.0,760.0,760.0,1
2026-09-23T14:01:00+05:30,766.35,766.35,760.05,760.05,4
2026-09-23T14:02:00+05:30,764.35,764.35,761.65,761.8,5
2026-09-23T14:03:00+05:30,769.0,787.05,769.0,781.25,54
2026-09-23T14:04:00+05:30,784.3,785.5,774.9,780.15,44
2026-09-23T14:05:00+05:30,780.0,781.9,774.0,778.05,37
2026-09-23T14:06:00+05:30,782.0,785.0,781.0,781.0,21
2026-09-23T14:07:00+05:30,780.8,788.0,778.95,785.0,41
2026-09-23T14:08:00+05:30,784.9,785.0,783.55,783.55,14
2026-09-23T14:09:00+05:30,783.55,794.5,783.55,793.15,23
2026-09-23T14:10:00+05:30,793.4,802.0,793.0,802.0,123
2026-09-23T14:11:00+05:30,804.2,810.3,804.2,809.55,115
2026-09-23T14:12:00+05:30,812.0,814.0,805.0,807.15,222
2026-09-23T14:13:00+05:30,807.05,819.0,807.05,810.0,133
2026-09-23T14:14:00+05:30,808.0,810.0,795.25,803.9,63
2026-09-23T14:15:00+05:30,806.35,806.35,793.5,797.35,100
2026-09-23T14:16:00+05:30,794.75,796.15,790.0,790.0,69
2026-09-23T14:17:00+05:30,790.2,790.2,780.2,783.9,138
2026-09-23T14:18:00+05:30,788.05,794.0,782.05,794.0,25
2026-09-23T14:19:00+05:30,797.0,801.1,781.0,788.0,65
2026-09-23T14:20:00+05:30,781.0,783.95,780.5,783.0,34
2026-09-23T14:21:00+05:30,782.8,792.0,782.8,790.0,34
2026-09-23T14:22:00+05:30,792.9,793.0,785.0,785.0,23
2026-09-23T14:23:00+05:30,788.0,805.0,788.0,801.4,59
2026-09-23T14:24:00+05:30,803.4,805.0,796.0,796.0,21
2026-09-23T14:25:00+05:30,796.0,796.0,787.15,792.0,22
2026-09-23T14:26:00+05:30,795.0,801.25,794.35,795.0,21
2026-09-23T14:27:00+05:30,797.0,803.0,797.0,801.0,85
2026-09-23T14:28:00+05:30,801.0,809.0,798.0,804.65,72
2026-09-23T14:29:00+05:30,800.0,815.0,800.0,808.8,74
2026-09-23T14:30:00+05:30,811.0,823.0,811.0,820.5,97
2026-09-23T14:31:00+05:30,818.05,821.0,801.9,807.0,119
2026-09-23T14:32:00+05:30,808.0,809.05,798.05,798.05,34
2026-09-23T14:33:00+05:30,797.8,798.0,788.7,789.0,49
2026-09-23T14:34:00+05:30,785.0,789.0,779.2,779.6,86
2026-09-23T14:35:00+05:30,777.0,777.0,766.75,767.0,74
2026-09-23T14:36:00+05:30,766.85,778.0,761.05,773.1,124
2026-09-23T14:37:00+05:30,773.3,776.7,766.0,775.0,37
2026-09-23T14:38:00+05:30,775.65,776.3,766.0,766.0,22
2026-09-23T14:39:00+05:30,775.0,775.0,766.55,772.8,19
2026-09-23T14:40:00+05:30,773.5,773.5,760.0,770.8,95
2026-09-23T14:41:00+05:30,765.45,766.1,762.0,764.7,14
2026-09-23T14:42:00+05:30,762.0,769.8,752.45,766.15,84
2026-09-23T14:43:00+05:30,763.9,763.9,755.5,761.15,87
2026-09-23T14:44:00+05:30,765.4,765.85,758.0,761.15,39
2026-09-23T14:45:00+05:30,762.4,765.0,758.95,758.95,38
2026-09-23T14:46:00+05:30,755.5,766.05,749.0,760.15,63
2026-09-23T14:47:00+05:30,761.5,761.5,747.85,750.0,48
2026-09-23T14:48:00+05:30,745.0,752.45,741.4,744.65,37
2026-09-23T14:49:00+05:30,750.0,754.15,744.0,751.5,25
2026-09-23T14:50:00+05:30,744.0,747.6,735.6,745.8,64
2026-09-23T14:51:00+05:30,745.0,757.8,744.7,751.95,101
2026-09-23T14:52:00+05:30,753.8,758.55,742.35,742.35,75
2026-09-23T14:53:00+05:30,743.65,746.55,742.4,746.5,14
2026-09-23T14:54:00+05:30,750.35,751.7,743.15,748.0,23
2026-09-23T14:55:00+05:30,753.7,757.35,750.25,755.0,19
2026-09-23T14:56:00+05:30,750.0,750.0,740.0,740.0,50
2026-09-23T14:57:00+05:30,741.0,741.0,734.05,737.0,34
2026-09-23T14:58:00+05:30,738.35,742.6,725.0,730.0,342
2026-09-23T14:59:00+05:30,733.05,745.75,728.85,734.8,48
2026-09-23T15:00:00+05:30,731.0,736.45,730.0,731.05,26
2026-09-23T15:01:00+05:30,732.45,739.25,724.15,724.15,265
2026-09-23T15:02:00+05:30,723.55,723.55,711.6,719.45,186
2026-09-23T15:03:00+05:30,712.0,713.6,704.1,705.2,145
2026-09-23T15:04:00+05:30,707.3,720.75,702.0,720.75,75
2026-09-23T15:05:00+05:30,717.85,728.0,714.45,724.15,127
2026-09-23T15:06:00+05:30,724.15,734.0,724.05,732.15,104
2026-09-23T15:07:00+05:30,731.45,732.0,721.8,725.7,29
2026-09-23T15:08:00+05:30,729.0,732.7,727.95,729.0,52
2026-09-23T15:09:00+05:30,728.85,734.0,728.85,729.65,25
2026-09-23T15:10:00+05:30,727.8,731.8,720.0,724.55,51
2026-09-23T15:11:00+05:30,725.25,745.0,722.55,745.0,76
2026-09-23T15:12:00+05:30,742.7,753.0,740.6,750.85,123
2026-09-23T15:13:00+05:30,749.45,758.45,743.05,756.25,145
2026-09-23T15:14:00+05:30,754.55,775.0,754.55,768.1,100
2026-09-23T15:15:00+05:30,768.05,792.0,768.05,792.0,188
2026-09-23T15:16:00+05:30,792.2,796.85,774.95,775.0,155
2026-09-23T15:17:00+05:30,776.1,777.2,765.75,777.2,48
2026-09-23T15:18:00+05:30,766.9,766.9,760.0,761.25,55
2026-09-23T15:19:00+05:30,763.6,774.65,761.65,773.65,28
2026-09-23T15:20:00+05:30,772.95,780.0,767.7,776.0,37
2026-09-23T15:21:00+05:30,775.2,777.35,770.75,770.75,36
2026-09-23T15:22:00+05:30,771.65,775.0,768.1,768.1,96
2026-09-23T15:23:00+05:30,769.75,769.8,759.2,759.2,38
2026-09-23T15:24:00+05:30,762.0,779.85,761.15,779.75,89
2026-09-23T15:25:00+05:30,775.7,779.1,772.3,772.3,22
2026-09-23T15:26:00+05:30,776.55,777.6,765.95,775.25,32
2026-09-23T15:27:00+05:30,777.0,777.0,772.45,772.45,5
2026-09-23T15:28:00+05:30,773.4,777.9,773.4,775.15,14
2026-09-23T15:29:00+05:30,775.15,779.85,772.0,775.95,233
2026-09-23T15:30:00+05:30,779.1,783.65,776.35,781.3,89
2026-09-23T15:31:00+05:30,781.6,784.0,779.8,782.8,69
2026-09-23T15:32:00+05:30,783.3,793.95,782.4,791.35,107
2026-09-23T15:33:00+05:30,793.65,794.7,785.0,785.0,35
2026-09-23T15:34:00+05:30,785.0,785.0,777.0,779.35,84
2026-09-23T15:35:00+05:30,779.95,784.5,775.25,776.0,23
2026-09-23T15:36:00+05:30,776.3,780.0,774.15,774.3,48
2026-09-23T15:37:00+05:30,774.2,778.0,774.2,775.05,21
2026-09-23T15:38:00+05:30,775.9,782.0,775.9,782.0,34
2026-09-23T15:39:00+05:30,782.0,783.95,772.7,782.0,92
2026-09-24T09:15:00+05:30,378.6,424.6,226.7,373.55,4510
2026-09-24T09:16:00+05:30,371.3,371.7,336.3,337.35,3602
2026-09-24T09:17:00+05:30,337.35,340.0,284.55,289.4,3437
2026-09-24T09:18:00+05:30,288.35,301.1,281.0,294.0,3650
2026-09-24T09:19:00+05:30,292.0,310.0,268.7,273.9,4331
2026-09-24T09:20:00+05:30,273.7,287.25,270.85,283.85,2818
2026-09-24T09:21:00+05:30,284.15,289.95,273.1,280.0,2372
2026-09-24T09:22:00+05:30,280.2,295.85,273.5,294.55,1818
2026-09-24T09:23:00+05:30,293.3,308.0,292.05,299.0,3678
2026-09-24T09:24:00+05:30,299.05,302.25,287.65,289.2,1997
2026-09-24T09:25:00+05:30,288.25,290.0,272.1,275.0,2366
2026-09-24T09:26:00+05:30,274.3,283.55,270.6,272.6,1818
2026-09-24T09:27:00+05:30,272.6,272.9,260.75,265.85,2261
2026-09-24T09:28:00+05:30,265.9,274.9,262.35,266.65,1817
2026-09-24T09:29:00+05:30,266.6,269.1,260.7,262.85,1305
2026-09-24T09:30:00+05:30,262.85,262.9,250.0,251.0,3347
2026-09-24T09:31:00+05:30,250.65,255.55,246.45,249.9,2280
2026-09-24T09:32:00+05:30,250.1,256.8,245.0,247.25,1617
2026-09-24T09:33:00+05:30,247.8,251.4,242.0,251.1,1452
2026-09-24T09:34:00+05:30,250.75,251.25,245.0,247.95,1419
2026-09-24T09:35:00+05:30,247.8,250.0,243.15,243.4,1059
2026-09-24T09:36:00+05:30,243.8,246.05,241.6,244.25,959
2026-09-24T09:37:00+05:30,243.1,243.75,235.0,237.45,1370
2026-09-24T09:38:00+05:30,236.8,238.95,227.5,229.1,1415
2026-09-24T09:39:00+05:30,228.0,232.1,220.0,221.9,1876
2026-09-24T09:40:00+05:30,222.45,229.0,220.2,227.65,1245
2026-09-24T09:41:00+05:30,227.75,228.7,221.25,223.6,995
2026-09-24T09:42:00+05:30,222.7,224.4,218.3,223.85,1303
2026-09-24T09:43:00+05:30,223.3,223.3,212.1,214.5,1180
2026-09-24T09:44:00+05:30,214.3,217.3,210.1,212.8,1440
2026-09-24T09:45:00+05:30,212.05,219.8,203.8,218.7,1774
2026-09-24T09:46:00+05:30,219.05,224.3,215.25,218.85,1109
2026-09-24T09:47:00+05:30,219.9,222.3,217.2,218.0,666
2026-09-24T09:48:00+05:30,218.0,223.0,217.5,220.7,550
2026-09-24T09:49:00+05:30,221.45,227.0,220.0,226.15,746
2026-09-24T09:50:00+05:30,225.05,229.0,220.8,227.5,968
2026-09-24T09:51:00+05:30,228.0,229.2,219.7,220.75,822
2026-09-24T09:52:00+05:30,220.8,223.8,217.5,217.85,756
2026-09-24T09:53:00+05:30,218.15,219.4,216.0,216.55,326
2026-09-24T09:54:00+05:30,217.45,218.45,216.0,218.25,251
2026-09-24T09:55:00+05:30,217.45,222.35,216.0,221.65,382
2026-09-24T09:56:00+05:30,221.65,224.3,219.0,220.5,541
2026-09-24T09:57:00+05:30,220.65,223.2,219.6,221.9,350
2026-09-24T09:58:00+05:30,222.25,226.0,220.9,223.4,712
2026-09-24T09:59:00+05:30,224.95,226.8,222.0,225.1,524
2026-09-24T10:00:00+05:30,224.6,231.5,222.1,231.5,713
2026-09-24T10:01:00+05:30,231.0,234.0,229.55,231.3,731
2026-09-24T10:02:00+05:30,231.15,237.3,229.05,236.05,901
2026-09-24T10:03:00+05:30,235.9,244.0,233.15,243.65,1674
2026-09-24T10:04:00+05:30,243.1,249.0,239.45,239.9,1137
2026-09-24T10:05:00+05:30,239.55,239.55,230.9,231.25,1160
2026-09-24T10:06:00+05:30,231.15,232.05,224.65,227.7,771
2026-09-24T10:07:00+05:30,226.9,233.45,226.35,233.3,760
2026-09-24T10:08:00+05:30,233.25,242.0,232.2,240.55,775
2026-09-24T10:09:00+05:30,241.3,246.45,238.05,243.0,1090
2026-09-24T10:10:00+05:30,242.8,244.4,234.15,236.1,510
2026-09-24T10:11:00+05:30,235.2,236.4,227.1,232.25,537
2026-09-24T10:12:00+05:30,231.0,231.3,225.0,225.55,521
2026-09-24T10:13:00+05:30,225.0,229.25,218.8,218.8,1002
2026-09-24T10:14:00+05:30,218.7,221.95,218.1,221.85,815
2026-09-24T10:15:00+05:30,221.25,226.1,219.0,223.2,529
2026-09-24T10:16:00+05:30,223.45,224.65,219.0,219.0,332
2026-09-24T10:17:00+05:30,219.0,219.0,215.0,218.55,639
2026-09-24T10:18:00+05:30,218.2,220.0,215.2,215.8,928
2026-09-24T10:19:00+05:30,216.35,223.55,213.3,222.6,911
2026-09-24T10:20:00+05:30,223.4,223.8,218.75,221.1,572
2026-09-24T10:21:00+05:30,221.55,221.55,215.9,217.75,506
2026-09-24T10:22:00+05:30,217.15,219.25,215.7,216.3,392
2026-09-24T10:23:00+05:30,216.1,221.35,215.7,219.45,494
2026-09-24T10:24:00+05:30,219.75,221.2,218.0,219.2,228
2026-09-24T10:25:00+05:30,218.6,218.9,215.2,217.85,257
2026-09-24T10:26:00+05:30,218.0,223.6,215.8,222.25,295
2026-09-24T10:27:00+05:30,222.05,223.05,220.4,221.0,572
2026-09-24T10:28:00+05:30,220.75,222.15,216.35,217.35,515
2026-09-24T10:29:00+05:30,217.45,221.6,216.95,218.85,473
2026-09-24T10:30:00+05:30,219.5,220.6,216.5,219.45,113
2026-09-24T10:31:00+05:30,220.0,223.4,219.75,223.4,221
2026-09-24T10:32:00+05:30,222.95,225.0,222.1,224.7,417
2026-09-24T10:33:00+05:30,224.6,229.0,223.85,226.9,457
2026-09-24T10:34:00+05:30,227.75,228.65,222.55,224.7,560
2026-09-24T10:35:00+05:30,224.45,225.4,221.35,222.6,651
2026-09-24T10:36:00+05:30,222.55,233.65,221.4,228.45,914
2026-09-24T10:37:00+05:30,228.45,230.65,222.1,222.9,648
2026-09-24T10:38:00+05:30,223.4,230.15,223.05,223.05,435
2026-09-24T10:39:00+05:30,223.0,227.15,222.25,223.9,853
2026-09-24T10:40:00+05:30,223.75,223.75,215.05,217.0,830
2026-09-24T10:41:00+05:30,217.9,223.25,217.4,221.45,695
2026-09-24T10:42:00+05:30,221.1,224.7,218.6,222.55,312
2026-09-24T10:43:00+05:30,221.5,222.4,216.0,217.8,220
2026-09-24T10:44:00+05:30,218.2,221.25,217.85,220.95,298
2026-09-24T10:45:00+05:30,220.6,224.5,220.0,222.3,1203
2026-09-24T10:46:00+05:30,221.85,223.65,220.4,220.45,292
2026-09-24T10:47:00+05:30,220.0,223.1,220.0,222.3,141
2026-09-24T10:48:00+05:30,222.3,222.3,217.9,219.3,171
2026-09-24T10:49:00+05:30,218.7,222.0,217.5,222.0,200
2026-09-24T10:50:00+05:30,222.0,222.5,218.7,221.4,125
2026-09-24T10:51:00+05:30,221.35,242.95,221.35,233.1,1616
2026-09-24T10:52:00+05:30,233.1,241.0,232.45,236.9,753
2026-09-24T10:53:00+05:30,236.3,241.5,231.7,231.85,585
2026-09-24T10:54:00+05:30,232.85,236.9,231.15,234.05,777
2026-09-24T10:55:00+05:30,235.15,241.0,233.55,238.7,863
2026-09-24T10:56:00+05:30,238.0,238.0,230.0,230.95,630
2026-09-24T10:57:00+05:30,231.4,234.0,229.5,231.35,299
2026-09-24T10:58:00+05:30,231.75,232.45,224.3,229.9,509
2026-09-24T10:59:00+05:30,229.0,233.95,228.0,232.5,225
2026-09-24T11:00:00+05:30,233.0,233.75,228.95,231.45,455
2026-09-24T11:01:00+05:30,231.45,238.95,229.35,230.0,714
2026-09-24T11:02:00+05:30,229.65,236.15,229.65,234.8,365
2026-09-24T11:03:00+05:30,234.35,234.7,230.2,230.25,331
2026-09-24T11:04:00+05:30,230.1,234.5,228.95,231.65,605
2026-09-24T11:05:00+05:30,231.2,231.55,225.05,225.05,463
2026-09-24T11:06:00+05:30,225.55,229.2,223.7,226.0,796
2026-09-24T11:07:00+05:30,226.2,232.15,226.2,230.0,307
2026-09-24T11:08:00+05:30,230.4,231.4,225.0,226.45,366
2026-09-24T11:09:00+05:30,226.6,226.8,222.4,224.1,632
2026-09-24T11:10:00+05:30,224.9,226.2,223.25,225.8,388
2026-09-24T11:11:00+05:30,225.9,229.55,221.5,222.3,674
2026-09-24T11:12:00+05:30,222.5,226.2,221.2,223.8,152
2026-09-24T11:13:00+05:30,223.5,223.95,211.1,220.6,1898
2026-09-24T11:14:00+05:30,220.15,223.25,218.9,220.85,915
2026-09-24T11:15:00+05:30,220.1,227.0,219.75,225.6,574
2026-09-24T11:16:00+05:30,226.85,227.05,224.15,225.0,214
2026-09-24T11:17:00+05:30,226.1,231.9,225.95,228.7,902
2026-09-24T11:18:00+05:30,229.95,237.2,229.3,235.15,1021
2026-09-24T11:19:00+05:30,234.7,240.85,234.0,239.05,989
2026-09-24T11:20:00+05:30,239.6,240.15,233.0,234.75,413
2026-09-24T11:21:00+05:30,234.25,234.25,231.2,233.2,454
2026-09-24T11:22:00+05:30,233.2,234.2,227.0,231.55,243
2026-09-24T11:23:00+05:30,231.0,231.45,225.7,228.25,426
2026-09-24T11:24:00+05:30,227.7,229.2,223.95,224.75,421
2026-09-24T11:25:00+05:30,224.55,229.95,223.45,226.3,1063
2026-09-24T11:26:00+05:30,225.7,227.25,222.0,226.55,284
2026-09-24T11:27:00+05:30,225.6,228.9,225.4,228.75,196
2026-09-24T11:28:00+05:30,228.35,230.6,225.6,226.4,533
2026-09-24T11:29:00+05:30,226.85,227.6,222.85,223.35,630
2026-09-24T11:30:00+05:30,223.35,224.6,222.75,222.9,141
2026-09-24T11:31:00+05:30,223.2,225.35,220.4,221.2,260
2026-09-24T11:32:00+05:30,221.75,226.0,218.0,220.0,858
2026-09-24T11:33:00+05:30,219.35,225.1,217.45,224.25,606
2026-09-24T11:34:00+05:30,224.8,226.75,219.0,221.7,358
2026-09-24T11:35:00+05:30,220.0,223.7,219.6,223.1,169
2026-09-24T11:36:00+05:30,222.75,227.45,222.0,227.4,241
2026-09-24T11:37:00+05:30,226.7,229.0,224.5,227.4,566
2026-09-24T11:38:00+05:30,227.05,229.9,225.7,226.5,575
2026-09-24T11:39:00+05:30,226.35,232.2,225.45,231.05,440
2026-09-24T11:40:00+05:30,230.5,231.8,227.75,230.0,159
2026-09-24T11:41:00+05:30,229.7,231.75,225.9,226.1,331
2026-09-24T11:42:00+05:30,225.45,228.3,225.45,227.8,113
2026-09-24T11:43:00+05:30,227.8,228.0,224.2,226.8,138
2026-09-24T11:44:00+05:30,225.2,227.2,224.2,225.0,102
2026-09-24T11:45:00+05:30,225.8,228.05,223.8,226.6,184
2026-09-24T11:46:00+05:30,227.45,228.7,226.15,227.15,181
2026-09-24T11:47:00+05:30,227.15,228.85,224.45,225.4,168
2026-09-24T11:48:00+05:30,225.3,230.0,223.0,230.0,197
2026-09-24T11:49:00+05:30,229.95,230.0,225.0,225.55,148
2026-09-24T11:50:00+05:30,224.8,229.4,224.8,226.8,449
2026-09-24T11:51:00+05:30,227.4,227.4,225.0,227.0,180
2026-09-24T11:52:00+05:30,226.85,228.5,225.25,226.65,470
2026-09-24T11:53:00+05:30,226.0,228.45,223.95,224.5,198
2026-09-24T11:54:00+05:30,225.0,226.25,224.0,225.65,103
2026-09-24T11:55:00+05:30,224.75,225.4,220.25,223.0,253
2026-09-24T11:56:00+05:30,222.5,222.85,220.1,222.6,341
2026-09-24T11:57:00+05:30,221.65,224.95,219.0,221.6,853
2026-09-24T11:58:00+05:30,221.55,225.7,221.1,224.55,370
2026-09-24T11:59:00+05:30,224.9,225.75,224.15,224.9,262
2026-09-24T12:00:00+05:30,224.5,226.0,221.45,225.15,208
2026-09-24T12:01:00+05:30,225.35,230.0,225.35,229.05,462
2026-09-24T12:02:00+05:30,229.75,235.0,228.55,229.85,399
2026-09-24T12:03:00+05:30,228.8,230.2,226.0,226.0,128
2026-09-24T12:04:00+05:30,226.4,228.0,223.9,224.4,795
2026-09-24T12:05:00+05:30,223.7,224.95,222.0,223.35,765
2026-09-24T12:06:00+05:30,223.25,226.4,222.5,224.8,315
2026-09-24T12:07:00+05:30,224.85,227.6,223.6,226.0,181
2026-09-24T12:08:00+05:30,225.0,225.0,221.3,224.05,443
2026-09-24T12:09:00+05:30,223.4,227.3,223.4,224.45,122
2026-09-24T12:10:00+05:30,225.15,226.9,223.2,226.25,256
2026-09-24T12:11:00+05:30,226.4,227.1,225.0,225.75,128
2026-09-24T12:12:00+05:30,225.65,226.2,222.25,222.7,95
2026-09-24T12:13:00+05:30,222.7,224.85,222.6,222.95,146
2026-09-24T12:14:00+05:30,222.65,223.35,219.0,220.0,955
2026-09-24T12:15:00+05:30,220.0,224.5,219.0,223.55,1185
2026-09-24T12:16:00+05:30,224.0,224.0,220.8,222.0,161
2026-09-24T12:17:00+05:30,222.0,223.45,220.95,221.05,198
2026-09-24T12:18:00+05:30,221.5,223.5,221.1,223.15,106
2026-09-24T12:19:00+05:30,222.95,226.0,222.15,225.2,251
2026-09-24T12:20:00+05:30,225.45,229.0,223.05,223.95,558
2026-09-24T12:21:00+05:30,223.85,227.05,223.55,224.7,134
2026-09-24T12:22:00+05:30,225.4,225.8,222.45,222.45,104
2026-09-24T12:23:00+05:30,222.0,222.0,218.3,221.45,513
2026-09-24T12:24:00+05:30,221.45,225.8,221.2,223.4,286
2026-09-24T12:25:00+05:30,223.4,223.7,214.7,215.0,564
2026-09-24T12:26:00+05:30,214.65,223.0,214.35,222.0,557
2026-09-24T12:27:00+05:30,221.9,225.25,220.0,225.0,726
2026-09-24T12:28:00+05:30,225.0,230.0,225.0,229.0,846
2026-09-24T12:29:00+05:30,229.0,229.4,225.6,227.9,209
2026-09-24T12:30:00+05:30,228.6,233.9,224.6,232.95,590
2026-09-24T12:31:00+05:30,233.25,235.6,224.25,224.55,524
2026-09-24T12:32:00+05:30,224.55,224.55,216.0,221.45,664
2026-09-24T12:33:00+05:30,223.0,226.05,221.6,225.05,432
2026-09-24T12:34:00+05:30,224.95,228.45,223.45,227.6,312
2026-09-24T12:35:00+05:30,228.15,229.0,218.15,225.0,631
2026-09-24T12:36:00+05:30,224.55,229.35,214.15,228.45,1426
2026-09-24T12:37:00+05:30,229.1,229.6,223.0,226.3,780
2026-09-24T12:38:00+05:30,226.55,232.25,226.55,230.05,600
2026-09-24T12:39:00+05:30,231.0,231.25,227.75,228.25,436
2026-09-24T12:40:00+05:30,228.85,234.7,227.4,234.7,472
2026-09-24T12:41:00+05:30,234.4,239.4,232.0,232.5,1063
2026-09-24T12:42:00+05:30,232.55,237.25,232.55,234.35,259
2026-09-24T12:43:00+05:30,234.15,235.0,231.85,232.35,185
2026-09-24T12:44:00+05:30,232.55,233.1,229.25,232.2,433
2026-09-24T12:45:00+05:30,232.65,236.0,230.0,234.0,580
2026-09-24T12:46:00+05:30,234.35,235.7,230.95,233.0,133
2026-09-24T12:47:00+05:30,233.8,234.5,230.8,234.5,812
2026-09-24T12:48:00+05:30,234.2,236.95,232.2,232.95,684
2026-09-24T12:49:00+05:30,233.6,235.1,230.85,234.4,160
2026-09-24T12:50:00+05:30,234.7,237.75,233.85,234.2,275
2026-09-24T12:51:00+05:30,234.2,236.8,232.7,234.25,293
2026-09-24T12:52:00+05:30,234.7,235.35,230.85,231.7,107
2026-09-24T12:53:00+05:30,231.55,233.4,228.3,230.05,165
2026-09-24T12:54:00+05:30,230.5,230.5,226.0,226.4,232
2026-09-24T12:55:00+05:30,226.95,231.0,225.8,230.25,190
2026-09-24T12:56:00+05:30,230.05,233.8,228.85,232.0,200
2026-09-24T12:57:00+05:30,231.35,234.45,229.3,234.0,129
2026-09-24T12:58:00+05:30,232.65,234.0,229.95,230.2,95
2026-09-24T12:59:00+05:30,229.45,232.0,228.3,231.15,128
2026-09-24T13:00:00+05:30,230.55,235.0,228.0,230.25,117
2026-09-24T13:01:00+05:30,231.05,234.0,230.7,232.3,217
2026-09-24T13:02:00+05:30,233.05,235.75,232.3,235.4,328
2026-09-24T13:03:00+05:30,235.3,240.75,234.75,239.5,711
2026-09-24T13:04:00+05:30,240.0,240.7,236.5,239.2,436
2026-09-24T13:05:00+05:30,238.95,239.75,232.05,232.6,196
2026-09-24T13:06:00+05:30,233.2,236.85,231.0,236.05,172
2026-09-24T13:07:00+05:30,236.8,238.7,235.85,237.55,143
2026-09-24T13:08:00+05:30,237.55,239.0,234.0,234.7,116
2026-09-24T13:09:00+05:30,235.45,235.9,233.6,233.6,87
2026-09-24T13:10:00+05:30,234.6,234.8,230.2,232.9,192
2026-09-24T13:11:00+05:30,233.35,235.95,232.8,233.45,66
2026-09-24T13:12:00+05:30,234.15,238.5,232.15,237.2,169
2026-09-24T13:13:00+05:30,237.1,240.8,237.0,239.25,513
2026-09-24T13:14:00+05:30,239.05,245.3,239.05,242.65,845
2026-09-24T13:15:00+05:30,241.05,244.5,239.45,243.0,353
2026-09-24T13:16:00+05:30,243.0,244.6,240.45,241.0,275
2026-09-24T13:17:00+05:30,241.05,241.85,236.1,239.2,299
2026-09-24T13:18:00+05:30,239.35,239.4,237.0,237.3,107
2026-09-24T13:19:00+05:30,237.25,239.8,237.0,237.65,62
2026-09-24T13:20:00+05:30,237.3,237.3,233.2,236.4,588
2026-09-24T13:21:00+05:30,236.7,238.0,234.35,236.15,68
2026-09-24T13:22:00+05:30,236.35,236.4,232.35,233.7,123
2026-09-24T13:23:00+05:30,234.3,235.25,232.35,233.5,215
2026-09-24T13:24:00+05:30,233.25,234.4,230.6,234.25,142
2026-09-24T13:25:00+05:30,235.0,235.0,225.5,228.55,394
2026-09-24T13:26:00+05:30,228.15,230.2,217.0,220.35,1514
2026-09-24T13:27:00+05:30,220.05,228.2,214.0,220.75,1774
2026-09-24T13:28:00+05:30,221.55,224.25,217.7,220.8,791
2026-09-24T13:29:00+05:30,220.55,224.8,218.15,221.3,454
2026-09-24T13:30:00+05:30,221.4,225.7,220.05,223.75,475
2026-09-24T13:31:00+05:30,225.5,231.4,221.2,230.0,606
2026-09-24T13:32:00+05:30,229.15,229.65,225.45,228.5,746
2026-09-24T13:33:00+05:30,229.0,231.45,222.7,227.15,486
2026-09-24T13:34:00+05:30,226.95,227.0,219.25,223.0,571
2026-09-24T13:35:00+05:30,223.8,225.0,220.0,220.7,597
2026-09-24T13:36:00+05:30,220.05,223.75,214.8,221.35,921
2026-09-24T13:37:00+05:30,221.4,223.75,219.5,220.2,325
2026-09-24T13:38:00+05:30,219.3,220.95,216.7,218.5,322
2026-09-24T13:39:00+05:30,217.35,219.6,214.0,218.4,1045
2026-09-24T13:40:00+05:30,218.85,223.55,218.4,222.25,722
2026-09-24T13:41:00+05:30,221.7,222.75,216.3,221.0,576
2026-09-24T13:42:00+05:30,221.45,223.5,216.0,220.35,540
2026-09-24T13:43:00+05:30,220.35,222.5,210.05,214.0,1492
2026-09-24T13:44:00+05:30,213.75,215.05,193.85,204.35,3763
2026-09-24T13:45:00+05:30,204.9,209.15,198.0,198.0,1725
2026-09-24T13:46:00+05:30,198.0,201.6,187.8,199.6,2914
2026-09-24T13:47:00+05:30,197.6,209.0,196.6,200.0,1484
2026-09-24T13:48:00+05:30,198.8,202.4,197.0,200.15,1299
2026-09-24T13:49:00+05:30,200.2,210.0,198.0,208.8,1451
2026-09-24T13:50:00+05:30,207.05,212.8,206.0,209.95,779
2026-09-24T13:51:00+05:30,210.1,211.05,198.95,200.1,652
2026-09-24T13:52:00+05:30,199.95,206.8,196.5,203.8,800
2026-09-24T13:53:00+05:30,204.45,205.8,202.0,204.6,353
2026-09-24T13:54:00+05:30,203.9,205.9,196.85,199.9,993
2026-09-24T13:55:00+05:30,200.05,206.7,199.3,201.5,859
2026-09-24T13:56:00+05:30,202.7,203.05,197.9,199.4,521
2026-09-24T13:57:00+05:30,199.45,202.7,194.9,197.4,754
2026-09-24T13:58:00+05:30,197.2,198.65,191.0,195.0,940
2026-09-24T13:59:00+05:30,194.5,203.25,194.45,197.0,1049
2026-09-24T14:00:00+05:30,198.6,211.7,198.4,209.9,1084
2026-09-24T14:01:00+05:30,210.85,214.55,208.5,212.9,875
2026-09-24T14:02:00+05:30,213.7,220.0,207.6,214.3,1506
2026-09-24T14:03:00+05:30,215.65,221.0,210.6,212.55,1096
2026-09-24T14:04:00+05:30,213.2,218.65,196.8,206.4,1147
2026-09-24T14:05:00+05:30,205.4,213.0,203.0,210.6,760
2026-09-24T14:06:00+05:30,209.55,210.45,200.75,203.35,373
2026-09-24T14:07:00+05:30,204.05,207.2,202.8,207.0,209
2026-09-24T14:08:00+05:30,207.0,212.95,205.35,210.6,556
2026-09-24T14:09:00+05:30,208.9,215.0,204.15,211.15,382
2026-09-24T14:10:00+05:30,211.0,218.4,206.6,208.7,562
2026-09-24T14:11:00+05:30,207.25,207.35,203.0,203.35,311
2026-09-24T14:12:00+05:30,204.3,209.85,204.05,209.85,245
2026-09-24T14:13:00+05:30,208.35,212.0,203.0,209.65,245
2026-09-24T14:14:00+05:30,209.15,211.05,206.05,210.5,243
2026-09-24T14:15:00+05:30,211.0,214.0,204.45,204.45,345
2026-09-24T14:16:00+05:30,206.0,212.7,205.8,209.1,286
2026-09-24T14:17:00+05:30,208.95,212.0,207.7,211.15,215
2026-09-24T14:18:00+05:30,210.6,214.4,208.7,211.35,794
2026-09-24T14:19:00+05:30,210.7,213.5,206.0,210.25,270
2026-09-24T14:20:00+05:30,211.15,213.55,206.6,211.05,307
2026-09-24T14:21:00+05:30,211.0,214.0,206.0,213.65,541
2026-09-24T14:22:00+05:30,213.65,214.25,204.35,205.2,496
2026-09-24T14:23:00+05:30,206.3,209.6,199.95,204.65,865
2026-09-24T14:24:00+05:30,204.0,209.0,201.2,206.4,559
2026-09-24T14:25:00+05:30,206.65,212.0,204.5,210.25,305
2026-09-24T14:26:00+05:30,209.05,211.5,202.95,208.3,886
2026-09-24T14:27:00+05:30,207.75,208.75,205.0,206.45,282
2026-09-24T14:28:00+05:30,207.05,212.0,205.75,205.75,470
2026-09-24T14:29:00+05:30,206.45,211.3,206.45,209.75,329
2026-09-24T14:30:00+05:30,210.4,212.0,205.0,210.0,398
2026-09-24T14:31:00+05:30,210.05,215.95,207.25,215.35,1029
2026-09-24T14:32:00+05:30,215.65,218.95,208.15,209.4,627
2026-09-24T14:33:00+05:30,208.8,212.3,205.0,209.35,422
2026-09-24T14:34:00+05:30,209.05,214.0,207.55,213.15,656
2026-09-24T14:35:00+05:30,213.05,214.8,211.4,213.95,228
2026-09-24T14:36:00+05:30,213.65,220.9,211.2,220.6,545
2026-09-24T14:37:00+05:30,220.55,225.8,216.8,224.4,1121
2026-09-24T14:38:00+05:30,222.6,231.85,219.3,220.65,1096
2026-09-24T14:39:00+05:30,219.7,230.8,218.25,230.8,929
2026-09-24T14:40:00+05:30,230.35,231.0,222.8,226.6,772
2026-09-24T14:41:00+05:30,226.6,227.75,220.8,225.2,558
2026-09-24T14:42:00+05:30,224.5,224.9,215.25,221.15,421
2026-09-24T14:43:00+05:30,219.55,227.0,219.3,221.8,328
2026-09-24T14:44:00+05:30,221.95,223.0,217.45,220.0,268
2026-09-24T14:45:00+05:30,220.05,229.5,218.1,228.4,399
2026-09-24T14:46:00+05:30,228.2,229.7,225.0,225.55,403
2026-09-24T14:47:00+05:30,225.0,228.8,221.75,225.25,695
2026-09-24T14:48:00+05:30,225.5,228.1,223.65,226.0,260
2026-09-24T14:49:00+05:30,226.0,228.0,223.15,226.65,395
2026-09-24T14:50:00+05:30,227.0,231.35,226.2,229.15,841
2026-09-24T14:51:00+05:30,229.2,235.0,226.55,233.2,1324
2026-09-24T14:52:00+05:30,234.1,236.7,231.8,233.85,1244
2026-09-24T14:53:00+05:30,233.95,235.95,230.95,233.5,423
2026-09-24T14:54:00+05:30,233.85,236.45,228.85,230.4,685
2026-09-24T14:55:00+05:30,231.05,237.65,229.1,233.1,904
2026-09-24T14:56:00+05:30,234.1,238.0,229.25,229.7,566
2026-09-24T14:57:00+05:30,229.45,231.0,222.0,229.95,747
2026-09-24T14:58:00+05:30,229.5,229.5,221.2,226.7,398
2026-09-24T14:59:00+05:30,226.5,227.05,216.95,219.25,843
2026-09-24T15:00:00+05:30,219.6,225.0,216.0,218.0,724
2026-09-24T15:01:00+05:30,217.95,226.45,212.0,224.55,1020
2026-09-24T15:02:00+05:30,224.1,233.9,221.95,233.9,559
2026-09-24T15:03:00+05:30,233.3,233.85,227.5,230.35,493
2026-09-24T15:04:00+05:30,229.1,236.0,229.1,233.1,693
2026-09-24T15:05:00+05:30,234.25,234.85,219.1,221.5,540
2026-09-24T15:06:00+05:30,221.1,224.05,216.3,221.4,396
2026-09-24T15:07:00+05:30,221.0,221.3,214.4,217.15,527
2026-09-24T15:08:00+05:30,218.0,220.9,208.0,212.0,470
2026-09-24T15:09:00+05:30,210.85,218.65,210.35,217.1,585
2026-09-24T15:10:00+05:30,217.3,219.9,208.85,209.9,623
2026-09-24T15:11:00+05:30,209.9,217.35,207.0,214.2,476
2026-09-24T15:12:00+05:30,214.65,216.45,203.35,211.25,856
2026-09-24T15:13:00+05:30,210.75,212.7,200.0,201.3,983
2026-09-24T15:14:00+05:30,202.15,205.9,201.8,204.95,610
2026-09-24T15:15:00+05:30,205.25,206.0,198.85,199.2,1060
2026-09-24T15:16:00+05:30,199.6,202.0,198.7,200.4,328
2026-09-24T15:17:00+05:30,201.3,207.0,200.75,204.85,341
2026-09-24T15:18:00+05:30,205.35,208.7,202.4,207.5,437
2026-09-24T15:19:00+05:30,207.45,212.0,207.45,209.7,555
2026-09-24T15:20:00+05:30,209.4,209.65,203.0,205.35,562
2026-09-24T15:21:00+05:30,205.6,208.0,204.15,206.0,196
2026-09-24T15:22:00+05:30,206.7,208.35,201.0,208.1,580
2026-09-24T15:23:00+05:30,206.85,207.45,200.2,200.85,400
2026-09-24T15:24:00+05:30,201.6,210.0,201.05,209.15,664
2026-09-24T15:25:00+05:30,209.6,218.0,209.6,217.7,626
2026-09-24T15:26:00+05:30,218.65,224.7,210.7,211.3,703
2026-09-24T15:27:00+05:30,212.05,214.8,211.55,213.0,419
2026-09-24T15:28:00+05:30,213.5,213.85,208.5,208.8,481
2026-09-24T15:29:00+05:30,209.2,209.55,203.0,204.4,607
2026-09-24T15:30:00+05:30,203.9,208.65,203.05,205.85,284
2026-09-24T15:31:00+05:30,205.85,206.6,203.0,203.45,342
2026-09-24T15:32:00+05:30,203.05,212.25,202.8,210.15,413
2026-09-24T15:33:00+05:30,210.45,211.0,207.0,207.0,282
2026-09-24T15:34:00+05:30,207.0,209.35,206.25,208.0,355
2026-09-24T15:35:00+05:30,208.0,210.0,207.7,208.55,412
2026-09-24T15:36:00+05:30,208.3,208.55,200.0,203.1,340
2026-09-24T15:37:00+05:30,202.7,203.75,201.0,201.05,398
2026-09-24T15:38:00+05:30,201.05,201.7,197.55,197.85,759
2026-09-24T15:39:00+05:30,198.0,200.0,195.0,195.0,613
2026-09-25T09:15:00+05:30,141.1,234.0,141.1,226.35,6378
2026-09-25T09:16:00+05:30,229.0,241.5,214.9,222.35,3908
2026-09-25T09:17:00+05:30,223.6,231.0,215.55,227.9,2550
2026-09-25T09:18:00+05:30,227.95,228.3,206.4,210.95,2265
2026-09-25T09:19:00+05:30,211.7,220.0,204.8,205.2,1828
2026-09-25T09:20:00+05:30,204.0,208.05,195.45,200.7,2294
2026-09-25T09:21:00+05:30,200.55,207.55,192.5,199.4,1743
2026-09-25T09:22:00+05:30,198.8,210.85,196.65,210.3,1643
2026-09-25T09:23:00+05:30,209.4,215.45,195.05,195.05,1961
2026-09-25T09:24:00+05:30,195.0,200.6,188.5,195.0,1933
2026-09-25T09:25:00+05:30,195.1,203.75,194.9,200.75,1091
2026-09-25T09:26:00+05:30,200.5,213.55,199.2,213.0,1845
2026-09-25T09:27:00+05:30,213.25,217.5,207.4,213.3,1320
2026-09-25T09:28:00+05:30,212.45,216.75,198.95,208.05,1687
2026-09-25T09:29:00+05:30,207.65,212.85,202.9,207.3,712
2026-09-25T09:30:00+05:30,208.45,208.95,197.0,203.2,1052
2026-09-25T09:31:00+05:30,203.1,204.7,193.8,196.65,1553
2026-09-25T09:32:00+05:30,196.25,203.95,193.55,194.7,945
2026-09-25T09:33:00+05:30,194.6,196.6,188.3,191.1,1740
2026-09-25T09:34:00+05:30,190.8,198.0,188.0,195.2,1663
2026-09-25T09:35:00+05:30,194.95,197.8,191.4,195.8,829
2026-09-25T09:36:00+05:30,195.4,196.0,180.2,181.1,1224
2026-09-25T09:37:00+05:30,181.15,182.05,164.65,165.65,2636
2026-09-25T09:38:00+05:30,165.25,172.9,163.0,165.0,1485
2026-09-25T09:39:00+05:30,165.25,170.15,160.55,162.4,983
2026-09-25T09:40:00+05:30,162.0,163.45,154.15,157.1,2138
2026-09-25T09:41:00+05:30,157.0,164.6,153.55,164.6,1949
2026-09-25T09:42:00+05:30,165.0,165.7,156.75,160.9,1098
2026-09-25T09:43:00+05:30,161.1,161.35,146.45,153.0,2403
2026-09-25T09:44:00+05:30,152.25,155.2,150.0,152.75,1484
2026-09-25T09:45:00+05:30,153.25,160.35,153.0,154.9,981
2026-09-25T09:46:00+05:30,153.95,157.2,152.0,155.0,545
2026-09-25T09:47:00+05:30,154.5,166.0,154.0,164.8,860
2026-09-25T09:48:00+05:30,165.4,166.0,156.55,160.4,1547
2026-09-25T09:49:00+05:30,160.9,161.25,155.0,155.4,526
2026-09-25T09:50:00+05:30,155.65,159.55,155.0,156.3,525
2026-09-25T09:51:00+05:30,155.8,163.0,153.8,162.8,959
2026-09-25T09:52:00+05:30,162.3,162.3,149.0,150.0,1381
2026-09-25T09:53:00+05:30,150.05,156.2,146.6,154.6,1226
2026-09-25T09:54:00+05:30,154.9,160.65,153.1,158.3,994
2026-09-25T09:55:00+05:30,157.9,160.2,153.15,153.7,663
2026-09-25T09:56:00+05:30,154.05,156.1,151.4,154.75,819
2026-09-25T09:57:00+05:30,154.25,155.0,148.0,150.1,677
2026-09-25T09:58:00+05:30,150.55,154.3,146.0,153.9,739
2026-09-25T09:59:00+05:30,153.8,161.1,151.4,156.8,847
2026-09-25T10:00:00+05:30,156.45,160.05,154.8,160.05,696
2026-09-25T10:01:00+05:30,159.75,161.5,155.85,156.8,902
2026-09-25T10:02:00+05:30,156.0,165.25,156.0,165.15,882
2026-09-25T10:03:00+05:30,164.95,174.15,163.45,173.5,1290
2026-09-25T10:04:00+05:30,173.35,177.9,170.7,172.75,1583
2026-09-25T10:05:00+05:30,173.15,177.0,166.65,167.0,1293
2026-09-25T10:06:00+05:30,166.9,177.5,166.85,175.55,969
2026-09-25T10:07:00+05:30,176.05,181.0,171.65,177.05,1001
2026-09-25T10:08:00+05:30,176.8,218.25,176.15,216.4,3799
2026-09-25T10:09:00+05:30,216.2,225.0,208.55,222.65,4721
2026-09-25T10:10:00+05:30,224.05,239.0,213.8,214.05,5085
2026-09-25T10:11:00+05:30,213.85,215.3,194.0,200.0,3051
2026-09-25T10:12:00+05:30,199.6,206.55,198.3,205.6,1528
2026-09-25T10:13:00+05:30,205.5,213.25,200.0,201.75,2155
2026-09-25T10:14:00+05:30,201.7,209.0,199.5,204.6,914
2026-09-25T10:15:00+05:30,204.3,212.65,202.3,208.0,1001
2026-09-25T10:16:00+05:30,208.4,216.75,208.4,212.35,1775
2026-09-25T10:17:00+05:30,211.95,213.2,205.7,207.25,1140
2026-09-25T10:18:00+05:30,207.5,207.7,192.9,193.8,1481
2026-09-25T10:19:00+05:30,194.0,201.3,190.7,195.15,1411
2026-09-25T10:20:00+05:30,195.1,198.95,191.1,194.6,1321
2026-09-25T10:21:00+05:30,193.9,204.75,193.8,201.0,867
2026-09-25T10:22:00+05:30,202.1,202.6,194.3,194.55,1031
2026-09-25T10:23:00+05:30,193.95,196.95,188.0,196.45,2169
2026-09-25T10:24:00+05:30,195.85,198.8,180.0,180.85,1043
2026-09-25T10:25:00+05:30,181.6,194.5,180.25,194.5,1571
2026-09-25T10:26:00+05:30,194.7,195.0,184.8,187.95,559
2026-09-25T10:27:00+05:30,188.65,188.65,182.8,184.45,606
2026-09-25T10:28:00+05:30,184.75,186.0,175.0,183.35,1567
2026-09-25T10:29:00+05:30,183.25,188.0,178.75,187.2,666
2026-09-25T10:30:00+05:30,186.6,195.4,186.6,193.65,1026
2026-09-25T10:31:00+05:30,193.25,201.75,191.0,191.0,1187
2026-09-25T10:32:00+05:30,190.05,190.05,182.1,185.5,1163
2026-09-25T10:33:00+05:30,184.35,191.4,182.3,184.4,629
2026-09-25T10:34:00+05:30,184.25,185.7,172.0,174.05,1305
2026-09-25T10:35:00+05:30,173.0,175.9,170.0,172.0,941
2026-09-25T10:36:00+05:30,172.85,175.0,168.0,174.55,688
2026-09-25T10:37:00+05:30,174.3,178.4,172.35,176.0,813
2026-09-25T10:38:00+05:30,176.1,179.7,172.15,179.6,576
2026-09-25T10:39:00+05:30,178.7,186.35,178.7,179.2,983
2026-09-25T10:40:00+05:30,179.0,185.7,176.9,182.8,476
2026-09-25T10:41:00+05:30,183.95,185.0,170.65,175.9,818
2026-09-25T10:42:00+05:30,175.4,181.95,174.95,175.4,376
2026-09-25T10:43:00+05:30,174.05,175.65,167.3,172.85,807
2026-09-25T10:44:00+05:30,172.7,173.65,169.25,170.15,399
2026-09-25T10:45:00+05:30,171.0,173.45,168.05,169.25,257
2026-09-25T10:46:00+05:30,169.9,170.45,165.25,170.45,566
2026-09-25T10:47:00+05:30,169.55,169.55,160.0,160.0,732
2026-09-25T10:48:00+05:30,160.35,169.15,158.15,169.05,1158
2026-09-25T10:49:00+05:30,168.35,174.0,165.65,170.45,616
2026-09-25T10:50:00+05:30,171.0,172.05,167.55,169.85,365
2026-09-25T10:51:00+05:30,170.45,177.0,170.1,176.5,649
2026-09-25T10:52:00+05:30,176.95,178.75,173.15,175.1,433
2026-09-25T10:53:00+05:30,175.0,175.0,169.75,169.75,482
2026-09-25T10:54:00+05:30,169.35,177.5,169.0,174.2,495
2026-09-25T10:55:00+05:30,174.25,181.8,174.25,180.7,691
2026-09-25T10:56:00+05:30,180.4,184.0,177.35,182.35,617
2026-09-25T10:57:00+05:30,182.0,182.9,175.0,175.4,1044
2026-09-25T10:58:00+05:30,176.0,181.0,175.1,177.0,427
2026-09-25T10:59:00+05:30,177.4,182.25,175.5,180.95,364
2026-09-25T11:00:00+05:30,180.15,185.9,177.3,184.25,455
2026-09-25T11:01:00+05:30,185.2,190.3,183.75,186.35,872
2026-09-25T11:02:00+05:30,185.85,204.15,185.85,197.85,2012
2026-09-25T11:03:00+05:30,197.6,202.0,193.8,196.15,1440
2026-09-25T11:04:00+05:30,196.05,200.05,190.8,194.8,1033
2026-09-25T11:05:00+05:30,194.4,201.55,193.4,196.55,739
2026-09-25T11:06:00+05:30,196.85,197.55,190.7,193.7,790
2026-09-25T11:07:00+05:30,193.3,208.0,193.25,201.25,1252
2026-09-25T11:08:00+05:30,201.4,204.05,195.4,199.25,834
2026-09-25T11:09:00+05:30,199.3,204.0,198.5,202.65,992
2026-09-25T11:10:00+05:30,202.85,204.55,196.7,201.75,747
2026-09-25T11:11:00+05:30,201.95,205.0,200.0,202.45,901
2026-09-25T11:12:00+05:30,203.0,204.2,197.85,198.95,907
2026-09-25T11:13:00+05:30,198.0,199.45,187.05,189.9,2165
2026-09-25T11:14:00+05:30,188.9,197.25,187.2,194.9,585
2026-09-25T11:15:00+05:30,194.35,197.0,190.0,194.75,620
2026-09-25T11:16:00+05:30,194.55,198.8,194.0,196.1,475
2026-09-25T11:17:00+05:30,196.1,203.15,195.45,201.15,663
2026-09-25T11:18:00+05:30,201.8,201.8,193.1,198.75,578
2026-09-25T11:19:00+05:30,199.0,201.5,195.25,198.0,280
2026-09-25T11:20:00+05:30,198.15,201.0,197.25,197.25,504
2026-09-25T11:21:00+05:30,197.55,202.0,195.3,196.6,549
2026-09-25T11:22:00+05:30,197.0,200.65,196.25,196.95,325
2026-09-25T11:23:00+05:30,197.95,197.95,188.9,191.6,1137
2026-09-25T11:24:00+05:30,191.0,191.0,178.7,178.8,1016
2026-09-25T11:25:00+05:30,178.55,183.15,176.6,183.15,1137
2026-09-25T11:26:00+05:30,183.0,186.3,179.15,180.65,631
2026-09-25T11:27:00+05:30,183.45,184.8,176.3,179.85,371
2026-09-25T11:28:00+05:30,180.1,183.45,177.95,179.95,305
2026-09-25T11:29:00+05:30,179.8,184.9,179.75,184.25,424
2026-09-25T11:30:00+05:30,184.2,187.0,181.65,186.15,668
2026-09-25T11:31:00+05:30,187.1,196.0,185.25,194.25,879
2026-09-25T11:32:00+05:30,194.15,196.0,192.0,193.05,374
2026-09-25T11:33:00+05:30,194.35,197.2,189.85,189.85,389
2026-09-25T11:34:00+05:30,189.0,191.4,185.0,191.4,473
2026-09-25T11:35:00+05:30,191.7,195.0,191.25,191.25,257
2026-09-25T11:36:00+05:30,191.2,191.2,184.6,184.6,426
2026-09-25T11:37:00+05:30,184.5,188.0,184.0,187.3,309
2026-09-25T11:38:00+05:30,187.5,188.6,184.2,186.45,431
2026-09-25T11:39:00+05:30,188.0,196.0,186.7,195.15,576
2026-09-25T11:40:00+05:30,194.65,195.7,189.05,190.0,561
2026-09-25T11:41:00+05:30,189.35,191.0,185.35,187.75,553
2026-09-25T11:42:00+05:30,187.7,193.15,187.2,191.7,388
2026-09-25T11:43:00+05:30,192.1,192.1,185.0,185.0,281
2026-09-25T11:44:00+05:30,184.7,193.0,183.5,190.75,519
2026-09-25T11:45:00+05:30,189.05,191.15,187.55,189.7,324
2026-09-25T11:46:00+05:30,188.45,194.3,188.05,191.35,438
2026-09-25T11:47:00+05:30,190.95,193.05,188.2,188.75,254
2026-09-25T11:48:00+05:30,188.3,188.45,184.6,187.1,402
2026-09-25T11:49:00+05:30,187.45,187.45,183.5,186.45,185
2026-09-25T11:50:00+05:30,186.55,194.0,185.35,187.95,386
2026-09-25T11:51:00+05:30,188.1,191.0,184.75,186.55,310
2026-09-25T11:52:00+05:30,188.2,191.0,184.65,188.2,280
2026-09-25T11:53:00+05:30,187.65,189.45,185.35,185.95,248
2026-09-25T11:54:00+05:30,185.6,189.4,183.4,188.1,310
2026-09-25T11:55:00+05:30,188.85,190.1,180.0,182.95,635
2026-09-25T11:56:00+05:30,182.55,185.9,180.0,181.0,354
2026-09-25T11:57:00+05:30,180.2,184.7,179.2,182.05,390
2026-09-25T11:58:00+05:30,182.45,183.15,178.6,181.2,219
2026-09-25T11:59:00+05:30,182.0,184.15,175.05,176.8,347
2026-09-25T12:00:00+05:30,177.55,180.7,177.0,178.4,282
2026-09-25T12:01:00+05:30,178.3,180.0,168.0,170.5,1254
2026-09-25T12:02:00+05:30,169.1,175.9,168.35,171.65,595
2026-09-25T12:03:00+05:30,171.25,172.3,163.0,165.85,1174
2026-09-25T12:04:00+05:30,165.6,171.5,161.9,171.15,781
2026-09-25T12:05:00+05:30,171.05,172.85,169.0,170.65,384
2026-09-25T12:06:00+05:30,171.05,172.45,168.0,169.1,401
2026-09-25T12:07:00+05:30,169.45,171.65,167.6,168.75,324
2026-09-25T12:08:00+05:30,167.5,175.0,166.4,174.25,1607
2026-09-25T12:09:00+05:30,174.0,179.4,173.25,178.55,784
2026-09-25T12:10:00+05:30,178.95,179.35,174.05,178.8,448
2026-09-25T12:11:00+05:30,179.35,185.0,179.35,184.5,774
2026-09-25T12:12:00+05:30,184.6,186.75,182.8,182.8,478
2026-09-25T12:13:00+05:30,184.2,184.95,177.1,177.25,516
2026-09-25T12:14:00+05:30,178.25,179.0,171.9,179.0,413
2026-09-25T12:15:00+05:30,179.4,182.2,176.25,178.0,311
2026-09-25T12:16:00+05:30,177.45,180.05,176.2,177.3,206
2026-09-25T12:17:00+05:30,177.15,177.75,168.55,170.8,620
2026-09-25T12:18:00+05:30,171.4,175.4,170.9,174.65,220
2026-09-25T12:19:00+05:30,175.4,176.2,172.15,172.4,190
2026-09-25T12:20:00+05:30,172.0,172.0,168.0,171.8,349
2026-09-25T12:21:00+05:30,172.2,172.2,165.7,167.5,405
2026-09-25T12:22:00+05:30,166.45,169.7,163.15,163.15,548
2026-09-25T12:23:00+05:30,163.35,170.0,161.1,169.1,1011
2026-09-25T12:24:00+05:30,169.25,170.25,162.7,165.0,467
2026-09-25T12:25:00+05:30,165.2,167.0,161.25,165.2,264
2026-09-25T12:26:00+05:30,165.25,168.0,163.85,167.5,193
2026-09-25T12:27:00+05:30,167.7,169.8,165.2,168.0,285
2026-09-25T12:28:00+05:30,168.0,172.3,167.4,168.6,479
2026-09-25T12:29:00+05:30,169.25,170.3,166.8,170.0,272
2026-09-25T12:30:00+05:30,170.0,179.35,168.3,178.05,932
2026-09-25T12:31:00+05:30,178.1,180.05,176.3,176.7,465
2026-09-25T12:32:00+05:30,177.0,180.0,176.0,177.55,403
2026-09-25T12:33:00+05:30,176.9,176.95,171.5,172.7,470
2026-09-25T12:34:00+05:30,172.0,175.35,170.0,170.0,224
2026-09-25T12:35:00+05:30,170.0,171.55,165.4,167.45,853
2026-09-25T12:36:00+05:30,167.75,168.8,160.65,162.75,851
2026-09-25T12:37:00+05:30,163.3,167.75,163.3,165.45,410
2026-09-25T12:38:00+05:30,164.2,168.1,162.55,167.45,329
2026-09-25T12:39:00+05:30,168.45,168.5,165.0,168.4,296
2026-09-25T12:40:00+05:30,168.4,168.85,162.95,163.0,447
2026-09-25T12:41:00+05:30,162.95,166.0,160.65,163.45,543
2026-09-25T12:42:00+05:30,163.4,163.65,155.15,157.65,1429
2026-09-25T12:43:00+05:30,157.8,158.9,153.95,157.45,895
2026-09-25T12:44:00+05:30,157.15,160.0,153.2,156.35,623
2026-09-25T12:45:00+05:30,156.3,159.0,153.7,156.75,499
2026-09-25T12:46:00+05:30,157.25,161.4,157.0,157.1,389
2026-09-25T12:47:00+05:30,156.7,159.8,155.35,159.0,315
2026-09-25T12:48:00+05:30,158.85,159.1,152.7,152.85,449
2026-09-25T12:49:00+05:30,153.3,154.7,147.0,150.25,1036
2026-09-25T12:50:00+05:30,150.5,152.75,142.5,149.5,1535
2026-09-25T12:51:00+05:30,149.0,150.0,143.3,145.9,928
2026-09-25T12:52:00+05:30,145.65,148.85,143.0,148.0,685
2026-09-25T12:53:00+05:30,148.1,148.6,143.5,148.25,618
2026-09-25T12:54:00+05:30,148.25,148.95,146.0,146.2,313
2026-09-25T12:55:00+05:30,146.05,147.0,143.3,144.15,824
2026-09-25T12:56:00+05:30,144.0,146.0,136.55,139.35,2894
2026-09-25T12:57:00+05:30,139.9,148.05,136.0,147.05,1174
2026-09-25T12:58:00+05:30,147.05,151.65,146.2,151.3,1860
2026-09-25T12:59:00+05:30,151.1,153.1,150.0,152.65,919
2026-09-25T13:00:00+05:30,153.0,159.75,153.0,156.4,1265
2026-09-25T13:01:00+05:30,156.0,159.0,155.0,157.55,753
2026-09-25T13:02:00+05:30,157.35,157.35,146.3,149.4,1264
2026-09-25T13:03:00+05:30,149.3,152.0,147.45,148.15,1182
2026-09-25T13:04:00+05:30,147.95,149.1,146.25,148.05,347
2026-09-25T13:05:00+05:30,147.6,152.45,145.45,151.6,864
2026-09-25T13:06:00+05:30,151.55,153.6,149.8,151.55,609
2026-09-25T13:07:00+05:30,151.95,153.95,149.1,149.45,664
2026-09-25T13:08:00+05:30,149.75,151.9,148.2,151.55,268
2026-09-25T13:09:00+05:30,151.8,155.6,151.8,154.65,456
2026-09-25T13:10:00+05:30,154.7,156.4,153.5,156.4,502
2026-09-25T13:11:00+05:30,155.95,159.4,155.9,157.0,1083
2026-09-25T13:12:00+05:30,157.4,158.25,153.25,154.85,535
2026-09-25T13:13:00+05:30,154.55,155.75,151.35,153.85,567
2026-09-25T13:14:00+05:30,152.45,153.9,147.45,147.9,434
2026-09-25T13:15:00+05:30,149.15,152.2,146.4,146.95,522
2026-09-25T13:16:00+05:30,146.75,150.0,146.0,149.8,438
2026-09-25T13:17:00+05:30,149.75,152.1,146.4,149.0,454
2026-09-25T13:18:00+05:30,148.95,149.3,147.0,149.0,214
2026-09-25T13:19:00+05:30,149.0,150.85,147.6,147.6,229
2026-09-25T13:20:00+05:30,147.5,151.0,147.3,147.95,201
2026-09-25T13:21:00+05:30,148.0,150.55,147.9,149.9,117
2026-09-25T13:22:00+05:30,149.65,151.3,143.15,144.4,607
2026-09-25T13:23:00+05:30,144.0,149.35,142.0,148.65,618
2026-09-25T13:24:00+05:30,146.95,147.75,143.0,145.65,491
2026-09-25T13:25:00+05:30,146.7,148.5,144.5,147.2,312
2026-09-25T13:26:00+05:30,147.15,150.0,147.1,149.35,342
2026-09-25T13:27:00+05:30,149.4,149.6,145.0,145.35,384
2026-09-25T13:28:00+05:30,145.35,146.65,144.75,146.65,238
2026-09-25T13:29:00+05:30,146.6,147.8,146.5,146.55,453
2026-09-25T13:30:00+05:30,146.65,149.45,144.0,145.05,267
2026-09-25T13:31:00+05:30,145.05,148.75,145.0,146.55,302
2026-09-25T13:32:00+05:30,146.95,146.95,142.95,143.35,304
2026-09-25T13:33:00+05:30,143.4,143.55,138.2,139.05,1352
2026-09-25T13:34:00+05:30,139.25,139.85,134.7,136.95,714
2026-09-25T13:35:00+05:30,136.4,141.15,134.95,140.95,740
2026-09-25T13:36:00+05:30,140.9,143.3,139.1,142.25,576
2026-09-25T13:37:00+05:30,142.05,144.25,136.4,143.5,372
2026-09-25T13:38:00+05:30,143.3,143.3,140.85,140.85,114
2026-09-25T13:39:00+05:30,140.85,142.6,137.9,139.0,572
2026-09-25T13:40:00+05:30,139.4,143.35,139.4,142.3,383
2026-09-25T13:41:00+05:30,142.35,144.75,142.0,142.7,446
2026-09-25T13:42:00+05:30,142.4,147.0,140.85,147.0,629
2026-09-25T13:43:00+05:30,146.65,150.8,141.65,142.6,1184
2026-09-25T13:44:00+05:30,142.8,144.9,142.4,142.85,162
2026-09-25T13:45:00+05:30,143.35,146.0,142.1,144.35,264
2026-09-25T13:46:00+05:30,145.25,155.35,144.25,154.55,952
2026-09-25T13:47:00+05:30,154.35,156.4,148.4,152.0,1053
2026-09-25T13:48:00+05:30,151.45,151.75,147.0,148.3,559
2026-09-25T13:49:00+05:30,149.0,150.0,146.55,147.35,255
2026-09-25T13:50:00+05:30,147.1,147.3,144.0,144.7,336
2026-09-25T13:51:00+05:30,144.05,147.45,144.05,146.5,196
2026-09-25T13:52:00+05:30,146.5,147.65,144.1,145.45,267
2026-09-25T13:53:00+05:30,145.3,146.6,142.5,143.35,352
2026-09-25T13:54:00+05:30,142.85,147.35,142.7,145.4,241
2026-09-25T13:55:00+05:30,144.85,151.0,144.65,150.2,525
2026-09-25T13:56:00+05:30,149.8,159.65,148.15,158.6,983
2026-09-25T13:57:00+05:30,158.6,158.8,150.55,151.5,1396
2026-09-25T13:58:00+05:30,151.45,156.8,150.75,154.65,649
2026-09-25T13:59:00+05:30,154.6,159.9,152.9,159.35,803
2026-09-25T14:00:00+05:30,160.0,194.4,160.0,192.25,5398
2026-09-25T14:01:00+05:30,191.35,200.0,184.35,196.5,3257
2026-09-25T14:02:00+05:30,195.0,205.3,190.85,197.5,2638
2026-09-25T14:03:00+05:30,197.55,249.0,197.2,249.0,7544
2026-09-25T14:04:00+05:30,249.0,255.0,217.25,225.2,5457
2026-09-25T14:05:00+05:30,225.85,234.55,204.8,212.95,3652
2026-09-25T14:06:00+05:30,213.1,226.2,209.1,215.6,2533
2026-09-25T14:07:00+05:30,215.4,228.5,211.2,222.0,1782
2026-09-25T14:08:00+05:30,221.85,225.0,203.9,210.3,2237
2026-09-25T14:09:00+05:30,209.85,210.9,190.0,199.0,3260
2026-09-25T14:10:00+05:30,198.4,204.4,197.2,201.15,1972
2026-09-25T14:11:00+05:30,201.2,215.25,198.25,212.6,1589
2026-09-25T14:12:00+05:30,211.85,217.7,200.25,201.6,1704
2026-09-25T14:13:00+05:30,201.75,204.25,194.2,194.35,1215
2026-09-25T14:14:00+05:30,194.85,198.0,186.65,190.25,1532
2026-09-25T14:15:00+05:30,190.65,201.7,190.45,201.65,1535
2026-09-25T14:16:00+05:30,201.05,206.1,192.0,204.0,1393
2026-09-25T14:17:00+05:30,204.25,213.3,202.9,209.3,1643
2026-09-25T14:18:00+05:30,208.15,219.0,207.95,213.0,1732
2026-09-25T14:19:00+05:30,212.45,214.4,203.95,206.65,1175
2026-09-25T14:20:00+05:30,205.0,212.0,198.4,201.7,1200
2026-09-25T14:21:00+05:30,201.7,215.5,201.05,210.1,1263
2026-09-25T14:22:00+05:30,209.3,214.2,205.1,211.3,671
2026-09-25T14:23:00+05:30,210.95,211.15,202.55,206.0,850
2026-09-25T14:24:00+05:30,205.25,207.4,198.0,202.4,1028
2026-09-25T14:25:00+05:30,203.3,225.0,201.85,205.8,2549
2026-09-25T14:26:00+05:30,206.55,210.4,192.45,205.45,2140
2026-09-25T14:27:00+05:30,205.95,209.6,199.65,201.65,800
2026-09-25T14:28:00+05:30,201.75,208.7,200.75,204.1,463
2026-09-25T14:29:00+05:30,204.65,206.4,201.05,201.85,654
2026-09-25T14:30:00+05:30,201.45,219.95,201.15,218.8,2402
2026-09-25T14:31:00+05:30,218.5,219.8,206.85,216.45,1633
2026-09-25T14:32:00+05:30,217.0,219.7,212.8,215.2,959
2026-09-25T14:33:00+05:30,215.45,220.0,209.15,209.45,988
2026-09-25T14:34:00+05:30,210.3,214.65,207.0,211.85,985
2026-09-25T14:35:00+05:30,211.5,212.7,204.1,205.65,985
2026-09-25T14:36:00+05:30,205.5,211.8,205.0,207.0,314
2026-09-25T14:37:00+05:30,207.7,212.85,207.0,210.6,685
2026-09-25T14:38:00+05:30,210.75,214.65,209.45,211.0,489
2026-09-25T14:39:00+05:30,212.0,215.5,210.7,213.2,857
2026-09-25T14:40:00+05:30,213.2,213.25,205.1,205.5,746
2026-09-25T14:41:00+05:30,205.7,208.15,200.2,200.65,1125
2026-09-25T14:42:00+05:30,201.7,201.8,196.0,196.0,1181
2026-09-25T14:43:00+05:30,195.0,197.4,190.1,192.7,1532
2026-09-25T14:44:00+05:30,192.45,196.5,190.2,193.8,685
2026-09-25T14:45:00+05:30,193.0,198.0,186.75,186.9,1597
2026-09-25T14:46:00+05:30,188.1,189.5,178.25,184.9,2749
2026-09-25T14:47:00+05:30,184.85,185.9,174.7,175.15,1780
2026-09-25T14:48:00+05:30,176.2,180.35,173.6,179.8,1634
2026-09-25T14:49:00+05:30,181.0,184.2,175.05,176.5,889
2026-09-25T14:50:00+05:30,175.95,180.4,169.65,174.0,1579
2026-09-25T14:51:00+05:30,174.25,178.2,171.55,177.95,659
2026-09-25T14:52:00+05:30,178.5,182.85,176.9,180.45,861
2026-09-25T14:53:00+05:30,181.25,184.95,180.0,180.75,720
2026-09-25T14:54:00+05:30,181.15,187.15,179.8,186.4,628
2026-09-25T14:55:00+05:30,186.7,188.0,167.0,168.0,1834
2026-09-25T14:56:00+05:30,169.05,172.5,165.2,166.8,1224
2026-09-25T14:57:00+05:30,166.95,168.0,158.9,165.0,2473
2026-09-25T14:58:00+05:30,164.9,165.55,158.25,161.1,773
2026-09-25T14:59:00+05:30,161.3,166.7,160.25,164.65,1262
2026-09-25T15:00:00+05:30,165.0,166.45,153.55,165.15,1417
2026-09-25T15:01:00+05:30,164.9,165.0,151.55,151.8,1203
2026-09-25T15:02:00+05:30,151.75,158.45,150.15,157.0,2199
2026-09-25T15:03:00+05:30,156.5,157.0,150.6,153.6,772
2026-09-25T15:04:00+05:30,153.55,156.0,150.0,155.5,974
2026-09-25T15:05:00+05:30,154.8,154.8,144.0,145.75,1794
2026-09-25T15:06:00+05:30,145.45,152.8,145.25,152.4,1535
2026-09-25T15:07:00+05:30,151.6,153.0,142.8,142.9,1318
2026-09-25T15:08:00+05:30,142.8,145.7,135.75,136.05,2128
2026-09-25T15:09:00+05:30,135.95,139.15,131.75,134.5,2386
2026-09-25T15:10:00+05:30,135.0,141.8,134.4,139.55,1120
2026-09-25T15:11:00+05:30,140.05,141.75,135.6,136.25,1168
2026-09-25T15:12:00+05:30,136.55,141.3,135.35,139.75,758
2026-09-25T15:13:00+05:30,140.05,141.75,137.8,140.85,725
2026-09-25T15:14:00+05:30,140.15,143.15,139.05,142.7,696
2026-09-25T15:15:00+05:30,142.65,144.5,138.85,138.85,1092
2026-09-25T15:16:00+05:30,138.9,141.2,136.95,140.0,934
2026-09-25T15:17:00+05:30,139.25,140.15,137.25,138.45,719
2026-09-25T15:18:00+05:30,138.75,146.0,138.5,142.9,2095
2026-09-25T15:19:00+05:30,144.3,145.15,141.25,142.75,1176
2026-09-25T15:20:00+05:30,142.3,148.25,140.3,142.5,1751
2026-09-25T15:21:00+05:30,141.75,143.0,139.1,142.3,1000
2026-09-25T15:22:00+05:30,142.6,143.95,137.05,137.3,989
2026-09-25T15:23:00+05:30,137.7,138.7,133.85,136.45,1209
2026-09-25T15:24:00+05:30,135.75,140.8,135.75,139.95,1074
2026-09-25T15:25:00+05:30,139.8,141.0,137.4,138.3,637
2026-09-25T15:26:00+05:30,138.35,139.5,137.1,138.55,626
2026-09-25T15:27:00+05:30,138.6,140.15,137.65,139.7,583
2026-09-25T15:28:00+05:30,139.6,140.0,139.0,139.15,358
2026-09-25T15:29:00+05:30,139.4,141.0,138.8,139.35,909
2026-09-25T15:30:00+05:30,139.25,140.75,137.8,137.8,1126
2026-09-25T15:31:00+05:30,137.2,140.7,136.1,140.65,352
2026-09-25T15:32:00+05:30,140.65,142.0,139.1,139.3,941
2026-09-25T15:33:00+05:30,139.65,140.45,138.25,138.25,701
2026-09-25T15:34:00+05:30,138.6,139.75,138.05,138.25,312
2026-09-25T15:35:00+05:30,138.5,139.6,138.05,138.8,402
2026-09-25T15:36:00+05:30,138.75,141.8,137.8,139.9,1099
2026-09-25T15:37:00+05:30,140.0,141.45,138.0,141.0,937
2026-09-25T15:38:00+05:30,140.85,141.4,139.45,140.0,490
2026-09-25T15:39:00+05:30,140.35,140.95,138.6,138.6,739
2026-09-28T09:15:00+05:30,82.1,84.95,35.6,37.65,12096
2026-09-28T09:16:00+05:30,35.7,37.8,32.05,33.3,6064
2026-09-28T09:17:00+05:30,33.4,33.9,29.05,29.5,7153
2026-09-28T09:18:00+05:30,29.45,30.9,27.6,27.85,3540
2026-09-28T09:19:00+05:30,27.8,28.55,26.4,26.95,5141
2026-09-28T09:20:00+05:30,26.85,28.45,25.75,27.25,4498
2026-09-28T09:21:00+05:30,27.3,28.6,27.25,27.85,5087
2026-09-28T09:22:00+05:30,27.85,28.3,26.2,26.9,3853
2026-09-28T09:23:00+05:30,26.8,27.85,25.7,25.85,2297
2026-09-28T09:24:00+05:30,25.85,27.0,24.9,25.35,2696
2026-09-28T09:25:00+05:30,25.3,25.55,23.75,24.0,1871
2026-09-28T09:26:00+05:30,23.9,25.45,23.9,24.2,2612
2026-09-28T09:27:00+05:30,24.15,25.25,24.0,24.7,1655
2026-09-28T09:28:00+05:30,24.95,25.1,24.3,24.4,1766
2026-09-28T09:29:00+05:30,24.6,25.0,24.4,24.8,1239
2026-09-28T09:30:00+05:30,24.8,24.9,23.2,24.0,2391
2026-09-28T09:31:00+05:30,23.95,24.15,23.45,23.6,1772
2026-09-28T09:32:00+05:30,23.65,24.15,23.15,23.3,1071
2026-09-28T09:33:00+05:30,23.1,24.25,23.0,23.05,3344
2026-09-28T09:34:00+05:30,23.05,23.6,22.9,23.25,1768
2026-09-28T09:35:00+05:30,23.25,23.5,21.2,22.0,3300
2026-09-28T09:36:00+05:30,21.95,22.75,20.7,21.05,1923
2026-09-28T09:37:00+05:30,20.85,21.95,20.7,21.55,1783
2026-09-28T09:38:00+05:30,21.55,21.85,21.0,21.7,1652
2026-09-28T09:39:00+05:30,21.7,22.35,21.7,21.95,1712
2026-09-28T09:40:00+05:30,21.95,22.5,21.45,22.45,1085
2026-09-28T09:41:00+05:30,22.25,23.55,22.1,23.4,2060
2026-09-28T09:42:00+05:30,23.25,25.0,23.2,24.05,2927
2026-09-28T09:43:00+05:30,24.15,24.3,23.5,23.8,1820
2026-09-28T09:44:00+05:30,23.7,23.75,23.25,23.6,1241
2026-09-28T09:45:00+05:30,23.6,24.3,23.3,24.15,1059
2026-09-28T09:46:00+05:30,24.35,24.95,23.9,24.5,991
2026-09-28T09:47:00+05:30,24.45,24.6,22.75,22.9,942
2026-09-28T09:48:00+05:30,22.8,23.2,21.9,22.05,1278
2026-09-28T09:49:00+05:30,22.15,22.25,21.4,22.15,1183
2026-09-28T09:50:00+05:30,22.15,23.55,22.0,23.05,787
2026-09-28T09:51:00+05:30,23.1,23.3,21.9,22.45,938
2026-09-28T09:52:00+05:30,22.2,22.75,22.1,22.6,420
2026-09-28T09:53:00+05:30,22.65,23.3,22.5,22.85,941
2026-09-28T09:54:00+05:30,22.85,22.95,22.3,22.3,623
2026-09-28T09:55:00+05:30,22.35,23.0,21.7,21.8,925
2026-09-28T09:56:00+05:30,21.85,22.15,21.5,22.0,959
2026-09-28T09:57:00+05:30,22.0,22.55,21.4,21.95,793
2026-09-28T09:58:00+05:30,21.85,23.45,21.75,23.0,902
2026-09-28T09:59:00+05:30,22.9,23.2,22.4,22.6,575
2026-09-28T10:00:00+05:30,22.4,22.65,21.8,22.0,1083
2026-09-28T10:01:00+05:30,21.85,21.85,21.25,21.55,424
2026-09-28T10:02:00+05:30,21.7,21.75,20.75,21.4,839
2026-09-28T10:03:00+05:30,21.45,21.9,21.05,21.15,476
2026-09-28T10:04:00+05:30,21.35,22.0,21.15,21.25,404
2026-09-28T10:05:00+05:30,21.25,21.45,20.65,21.1,771
2026-09-28T10:06:00+05:30,21.15,21.5,20.7,21.3,2083
2026-09-28T10:07:00+05:30,21.25,21.95,21.0,21.85,1016
2026-09-28T10:08:00+05:30,21.75,22.2,21.55,21.65,1650
2026-09-28T10:09:00+05:30,21.6,21.75,21.2,21.4,1611
2026-09-28T10:10:00+05:30,21.4,21.65,20.85,21.05,1026
2026-09-28T10:11:00+05:30,21.15,21.85,21.1,21.6,1347
2026-09-28T10:12:00+05:30,21.65,21.65,21.2,21.35,324
2026-09-28T10:13:00+05:30,21.3,21.95,21.1,21.95,515
2026-09-28T10:14:00+05:30,21.95,22.15,21.55,21.55,529
2026-09-28T10:15:00+05:30,21.6,21.95,21.2,21.35,580
2026-09-28T10:16:00+05:30,21.35,21.4,20.9,21.25,649
2026-09-28T10:17:00+05:30,21.15,21.25,20.15,20.15,1366
2026-09-28T10:18:00+05:30,20.45,21.1,20.1,20.55,1563
2026-09-28T10:19:00+05:30,20.45,20.7,20.25,20.65,591
2026-09-28T10:20:00+05:30,20.6,21.9,20.55,21.55,809
2026-09-28T10:21:00+05:30,21.55,21.55,20.35,20.5,697
2026-09-28T10:22:00+05:30,20.6,20.95,20.25,20.45,479
2026-09-28T10:23:00+05:30,20.3,20.6,19.5,19.8,1717
2026-09-28T10:24:00+05:30,19.75,19.8,19.3,19.75,829
2026-09-28T10:25:00+05:30,19.65,19.75,19.05,19.15,574
2026-09-28T10:26:00+05:30,19.1,19.35,18.9,19.15,817
2026-09-28T10:27:00+05:30,19.3,19.55,19.2,19.35,608
2026-09-28T10:28:00+05:30,19.35,19.9,19.2,19.85,450
2026-09-28T10:29:00+05:30,19.9,19.9,19.4,19.45,308
2026-09-28T10:30:00+05:30,19.45,20.1,19.45,20.1,578
2026-09-28T10:31:00+05:30,20.05,20.2,19.75,19.75,806
2026-09-28T10:32:00+05:30,19.75,19.85,19.4,19.7,645
2026-09-28T10:33:00+05:30,19.65,19.8,19.05,19.1,815
2026-09-28T10:34:00+05:30,19.3,19.3,18.8,18.85,598
2026-09-28T10:35:00+05:30,18.8,18.9,18.55,18.85,651
2026-09-28T10:36:00+05:30,18.95,19.3,18.65,19.15,1390
2026-09-28T10:37:00+05:30,19.15,19.15,18.3,18.65,1135
2026-09-28T10:38:00+05:30,18.55,18.7,18.1,18.2,751
2026-09-28T10:39:00+05:30,18.3,18.7,17.9,18.55,1453
2026-09-28T10:40:00+05:30,18.55,18.95,18.45,18.8,747
2026-09-28T10:41:00+05:30,18.8,19.2,18.3,19.2,860
2026-09-28T10:42:00+05:30,19.1,19.2,18.5,18.6,738
2026-09-28T10:43:00+05:30,18.45,18.75,18.4,18.65,427
2026-09-28T10:44:00+05:30,18.6,19.2,18.55,19.2,431
2026-09-28T10:45:00+05:30,19.05,19.25,18.8,18.95,605
2026-09-28T10:46:00+05:30,18.95,19.35,18.65,19.35,351
2026-09-28T10:47:00+05:30,19.35,19.55,18.95,19.05,767
2026-09-28T10:48:00+05:30,18.95,19.25,18.75,19.15,684
2026-09-28T10:49:00+05:30,19.1,19.2,18.55,19.15,780
2026-09-28T10:50:00+05:30,19.1,19.1,18.3,18.35,1235
2026-09-28T10:51:00+05:30,18.3,18.75,18.25,18.65,785
2026-09-28T10:52:00+05:30,18.7,18.95,18.45,18.8,1082
2026-09-28T10:53:00+05:30,18.85,19.0,18.45,18.8,484
2026-09-28T10:54:00+05:30,18.75,19.3,18.75,19.1,497
2026-09-28T10:55:00+05:30,19.15,20.2,19.15,19.75,1238
2026-09-28T10:56:00+05:30,19.8,20.05,19.3,19.3,392
2026-09-28T10:57:00+05:30,19.25,19.55,18.75,18.95,865
2026-09-28T10:58:00+05:30,18.9,19.1,18.75,18.8,494
2026-09-28T10:59:00+05:30,18.75,18.95,18.5,18.65,608
2026-09-28T11:00:00+05:30,18.6,18.9,18.5,18.6,576
2026-09-28T11:01:00+05:30,18.7,19.1,18.35,19.1,271
2026-09-28T11:02:00+05:30,18.95,19.1,18.75,18.9,399
2026-09-28T11:03:00+05:30,18.85,18.9,17.95,18.05,1792
2026-09-28T11:04:00+05:30,17.95,18.1,17.4,17.9,1709
2026-09-28T11:05:00+05:30,17.95,18.0,17.6,17.95,271
2026-09-28T11:06:00+05:30,17.95,18.15,17.85,17.95,583
2026-09-28T11:07:00+05:30,17.8,17.9,17.3,17.4,373
2026-09-28T11:08:00+05:30,17.3,17.4,17.05,17.25,1500
2026-09-28T11:09:00+05:30,17.15,17.5,16.8,17.35,3018
2026-09-28T11:10:00+05:30,17.25,17.55,17.15,17.45,804
2026-09-28T11:11:00+05:30,17.4,17.45,17.15,17.15,400
2026-09-28T11:12:00+05:30,17.1,17.35,16.95,17.1,611
2026-09-28T11:13:00+05:30,17.05,17.25,16.95,17.05,610
2026-09-28T11:14:00+05:30,17.1,17.5,17.1,17.35,685
2026-09-28T11:15:00+05:30,17.4,17.9,17.35,17.65,880
2026-09-28T11:16:00+05:30,17.65,17.7,17.2,17.65,427
2026-09-28T11:17:00+05:30,17.55,17.85,17.0,17.0,2042
2026-09-28T11:18:00+05:30,16.95,17.4,16.8,17.35,981
2026-09-28T11:19:00+05:30,17.25,17.8,17.2,17.6,473
2026-09-28T11:20:00+05:30,17.6,17.95,17.5,17.55,729
2026-09-28T11:21:00+05:30,17.6,17.85,17.05,17.85,3126
2026-09-28T11:22:00+05:30,17.8,17.8,17.25,17.25,440
2026-09-28T11:23:00+05:30,17.3,17.55,17.2,17.2,349
2026-09-28T11:24:00+05:30,17.2,17.2,16.75,17.05,606
2026-09-28T11:25:00+05:30,17.05,17.1,16.65,16.65,430
2026-09-28T11:26:00+05:30,16.7,17.1,16.7,16.85,349
2026-09-28T11:27:00+05:30,16.8,17.45,16.65,17.45,581
2026-09-28T11:28:00+05:30,17.3,17.85,17.2,17.65,1283
2026-09-28T11:29:00+05:30,17.75,17.75,17.2,17.45,210
2026-09-28T11:30:00+05:30,17.55,18.3,17.45,17.9,643
2026-09-28T11:31:00+05:30,17.9,18.5,17.8,18.1,571
2026-09-28T11:32:00+05:30,18.2,18.75,17.7,17.75,2381
2026-09-28T11:33:00+05:30,17.7,18.1,17.0,17.9,2194
2026-09-28T11:34:00+05:30,17.85,17.9,16.9,17.0,1556
2026-09-28T11:35:00+05:30,17.05,17.35,16.85,17.1,460
2026-09-28T11:36:00+05:30,17.1,17.4,17.05,17.4,202
2026-09-28T11:37:00+05:30,17.3,18.05,17.3,18.0,631
2026-09-28T11:38:00+05:30,18.05,18.2,17.65,17.95,1334
2026-09-28T11:39:00+05:30,18.0,18.1,17.65,17.95,400
2026-09-28T11:40:00+05:30,17.95,18.2,17.75,17.75,152
2026-09-28T11:41:00+05:30,17.75,18.95,17.75,18.15,801
2026-09-28T11:42:00+05:30,18.2,18.2,17.2,17.25,754
2026-09-28T11:43:00+05:30,17.25,17.85,17.2,17.35,242
2026-09-28T11:44:00+05:30,17.4,17.7,17.4,17.6,291
2026-09-28T11:45:00+05:30,17.65,18.1,17.4,17.65,432
2026-09-28T11:46:00+05:30,17.7,17.95,17.55,17.65,290
2026-09-28T11:47:00+05:30,17.7,18.0,17.4,17.4,808
2026-09-28T11:48:00+05:30,17.4,17.55,16.95,17.35,1326
2026-09-28T11:49:00+05:30,17.35,17.35,16.45,16.7,739
2026-09-28T11:50:00+05:30,16.7,16.75,16.35,16.65,1459
2026-09-28T11:51:00+05:30,16.5,16.6,16.05,16.2,1580
2026-09-28T11:52:00+05:30,16.2,16.6,16.15,16.6,759
2026-09-28T11:53:00+05:30,16.55,16.8,16.25,16.35,712
2026-09-28T11:54:00+05:30,16.45,16.45,16.0,16.0,570
2026-09-28T11:55:00+05:30,16.0,16.15,15.7,16.0,1816
2026-09-28T11:56:00+05:30,16.0,16.3,15.7,16.25,876
2026-09-28T11:57:00+05:30,16.2,16.25,15.85,15.85,580
2026-09-28T11:58:00+05:30,15.85,16.25,15.85,16.25,411
2026-09-28T11:59:00+05:30,16.2,16.75,16.1,16.4,1037
2026-09-28T12:00:00+05:30,16.4,16.5,16.15,16.25,485
2026-09-28T12:01:00+05:30,16.2,16.5,15.9,16.1,493
2026-09-28T12:02:00+05:30,15.95,16.0,15.7,15.75,824
2026-09-28T12:03:00+05:30,15.75,15.75,15.35,15.65,1351
2026-09-28T12:04:00+05:30,15.65,15.95,15.5,15.55,995
2026-09-28T12:05:00+05:30,15.6,15.8,15.5,15.7,644
2026-09-28T12:06:00+05:30,15.7,15.95,15.6,15.75,856
2026-09-28T12:07:00+05:30,15.9,15.9,15.45,15.45,309
2026-09-28T12:08:00+05:30,15.45,15.55,15.25,15.35,509
2026-09-28T12:09:00+05:30,15.25,15.3,15.1,15.15,712
2026-09-28T12:10:00+05:30,15.1,15.55,15.1,15.35,841
2026-09-28T12:11:00+05:30,15.45,16.05,15.45,15.65,1143
2026-09-28T12:12:00+05:30,15.6,15.95,15.45,15.9,503
2026-09-28T12:13:00+05:30,15.75,15.9,15.45,15.65,306
2026-09-28T12:14:00+05:30,15.65,15.85,15.55,15.6,356
2026-09-28T12:15:00+05:30,15.6,15.75,15.5,15.55,504
2026-09-28T12:16:00+05:30,15.5,15.85,15.4,15.75,404
2026-09-28T12:17:00+05:30,15.65,15.75,15.5,15.55,351
2026-09-28T12:18:00+05:30,15.45,15.8,15.3,15.7,350
2026-09-28T12:19:00+05:30,15.85,15.85,15.55,15.8,106
2026-09-28T12:20:00+05:30,15.75,16.0,15.35,15.45,754
2026-09-28T12:21:00+05:30,15.5,15.75,15.35,15.6,221
2026-09-28T12:22:00+05:30,15.5,15.65,15.15,15.4,462
2026-09-28T12:23:00+05:30,15.45,15.7,15.3,15.7,250
2026-09-28T12:24:00+05:30,15.6,15.85,15.3,15.75,697
2026-09-28T12:25:00+05:30,15.85,16.25,15.8,16.0,987
2026-09-28T12:26:00+05:30,16.1,16.95,15.8,16.5,2042
2026-09-28T12:27:00+05:30,16.5,16.55,16.05,16.1,497
2026-09-28T12:28:00+05:30,16.1,16.15,15.7,15.9,1221
2026-09-28T12:29:00+05:30,15.85,16.35,15.7,16.35,446
2026-09-28T12:30:00+05:30,16.35,16.75,15.9,16.0,500
2026-09-28T12:31:00+05:30,15.95,16.45,15.8,16.35,414
2026-09-28T12:32:00+05:30,16.2,16.3,15.95,15.95,355
2026-09-28T12:33:00+05:30,15.9,16.2,15.15,15.75,4727
2026-09-28T12:34:00+05:30,15.7,16.6,15.7,16.2,2968
2026-09-28T12:35:00+05:30,16.2,16.9,16.05,16.8,757
2026-09-28T12:36:00+05:30,16.8,16.85,16.15,16.25,608
2026-09-28T12:37:00+05:30,16.25,16.45,16.2,16.25,137
2026-09-28T12:38:00+05:30,16.2,16.55,16.15,16.4,156
2026-09-28T12:39:00+05:30,16.45,16.55,15.95,16.0,377
2026-09-28T12:40:00+05:30,16.0,16.1,15.85,16.0,291
2026-09-28T12:41:00+05:30,16.0,16.2,15.95,16.1,418
2026-09-28T12:42:00+05:30,16.05,16.2,16.0,16.1,170
2026-09-28T12:43:00+05:30,16.15,16.35,16.05,16.2,146
2026-09-28T12:44:00+05:30,16.1,16.1,15.8,15.9,391
2026-09-28T12:45:00+05:30,15.85,16.0,15.75,15.9,82
2026-09-28T12:46:00+05:30,15.8,15.9,15.65,15.65,269
2026-09-28T12:47:00+05:30,15.7,15.85,15.6,15.75,121
2026-09-28T12:48:00+05:30,15.8,15.95,15.5,15.65,262
2026-09-28T12:49:00+05:30,15.65,15.8,15.55,15.65,173
2026-09-28T12:50:00+05:30,15.6,15.85,15.6,15.8,109
2026-09-28T12:51:00+05:30,15.7,15.75,15.4,15.5,196
2026-09-28T12:52:00+05:30,15.45,15.55,15.2,15.25,318
2026-09-28T12:53:00+05:30,15.2,15.7,15.1,15.45,540
2026-09-28T12:54:00+05:30,15.5,15.8,15.5,15.65,363
2026-09-28T12:55:00+05:30,15.65,15.8,15.55,15.55,288
2026-09-28T12:56:00+05:30,15.55,15.7,15.45,15.5,163
2026-09-28T12:57:00+05:30,15.45,15.45,15.25,15.25,460
2026-09-28T12:58:00+05:30,15.25,15.65,15.25,15.4,576
2026-09-28T12:59:00+05:30,15.35,15.4,15.15,15.2,79
2026-09-28T13:00:00+05:30,15.15,15.25,14.85,15.0,655
2026-09-28T13:01:00+05:30,14.95,15.2,14.95,15.05,151
2026-09-28T13:02:00+05:30,15.1,15.15,14.85,14.9,544
2026-09-28T13:03:00+05:30,14.9,15.1,14.8,14.95,311
2026-09-28T13:04:00+05:30,14.9,14.95,14.75,14.85,448
2026-09-28T13:05:00+05:30,14.85,15.2,14.85,15.05,1435
2026-09-28T13:06:00+05:30,15.0,15.1,14.85,14.85,374
2026-09-28T13:07:00+05:30,14.85,14.9,14.1,14.4,1623
2026-09-28T13:08:00+05:30,14.35,14.35,13.95,14.15,1208
2026-09-28T13:09:00+05:30,14.15,14.35,14.0,14.3,540
2026-09-28T13:10:00+05:30,14.3,14.8,14.2,14.8,506
2026-09-28T13:11:00+05:30,14.9,15.5,14.9,15.05,704
2026-09-28T13:12:00+05:30,15.1,15.2,14.75,14.75,62
2026-09-28T13:13:00+05:30,14.85,14.95,14.7,14.95,51
2026-09-28T13:14:00+05:30,14.95,15.0,14.55,14.7,345
2026-09-28T13:15:00+05:30,14.65,14.95,14.6,14.6,206
2026-09-28T13:16:00+05:30,14.75,14.85,14.65,14.75,55
2026-09-28T13:17:00+05:30,14.7,14.95,14.7,14.8,202
2026-09-28T13:18:00+05:30,14.75,14.85,14.65,14.8,150
2026-09-28T13:19:00+05:30,14.8,15.05,14.7,14.95,277
2026-09-28T13:20:00+05:30,15.05,15.1,14.6,14.75,152
2026-09-28T13:21:00+05:30,14.7,14.95,14.7,14.8,168
2026-09-28T13:22:00+05:30,14.9,15.6,14.85,15.45,945
2026-09-28T13:23:00+05:30,15.45,15.75,15.1,15.55,1034
2026-09-28T13:24:00+05:30,15.6,15.85,15.5,15.65,352
2026-09-28T13:25:00+05:30,15.65,16.0,15.45,15.95,298
2026-09-28T13:26:00+05:30,15.95,16.4,15.7,16.1,1221
2026-09-28T13:27:00+05:30,16.3,16.55,15.95,15.95,528
2026-09-28T13:28:00+05:30,16.15,16.15,15.45,15.5,352
2026-09-28T13:29:00+05:30,15.4,15.55,15.0,15.05,260
2026-09-28T13:30:00+05:30,14.85,14.95,14.0,14.05,2766
2026-09-28T13:31:00+05:30,14.1,14.15,13.6,13.75,903
2026-09-28T13:32:00+05:30,13.7,13.9,13.6,13.7,495
2026-09-28T13:33:00+05:30,13.65,13.9,13.25,13.45,1308
2026-09-28T13:34:00+05:30,13.4,13.65,13.2,13.5,805
2026-09-28T13:35:00+05:30,13.5,13.6,13.0,13.1,3117
2026-09-28T13:36:00+05:30,13.05,13.35,13.05,13.25,693
2026-09-28T13:37:00+05:30,13.3,13.4,13.2,13.35,367
2026-09-28T13:38:00+05:30,13.35,13.8,13.25,13.8,1396
2026-09-28T13:39:00+05:30,13.75,13.95,13.7,13.95,909
2026-09-28T13:40:00+05:30,13.95,14.0,13.8,14.0,478
2026-09-28T13:41:00+05:30,13.95,14.05,13.8,14.05,392
2026-09-28T13:42:00+05:30,14.0,14.1,13.8,14.1,1130
2026-09-28T13:43:00+05:30,14.1,14.4,13.6,13.65,2485
2026-09-28T13:44:00+05:30,13.7,14.05,13.65,14.0,383
2026-09-28T13:45:00+05:30,13.95,14.5,13.95,14.2,462
2026-09-28T13:46:00+05:30,14.3,14.55,14.3,14.55,154
2026-09-28T13:47:00+05:30,14.6,14.65,14.3,14.3,592
2026-09-28T13:48:00+05:30,14.35,14.35,13.9,14.1,596
2026-09-28T13:49:00+05:30,14.0,14.4,13.75,14.25,396
2026-09-28T13:50:00+05:30,14.25,14.35,14.1,14.1,589
2026-09-28T13:51:00+05:30,14.25,14.25,13.95,14.25,893
2026-09-28T13:52:00+05:30,14.15,14.5,14.1,14.5,921
2026-09-28T13:53:00+05:30,14.4,14.4,14.1,14.1,629
2026-09-28T13:54:00+05:30,14.25,14.25,13.65,13.75,753
2026-09-28T13:55:00+05:30,13.75,14.05,13.7,14.05,451
2026-09-28T13:56:00+05:30,14.05,14.5,14.0,14.3,954
2026-09-28T13:57:00+05:30,14.3,14.45,14.0,14.0,415
2026-09-28T13:58:00+05:30,14.0,14.3,14.0,14.15,372
2026-09-28T13:59:00+05:30,14.15,14.35,14.15,14.3,428
2026-09-28T14:00:00+05:30,14.3,14.4,14.2,14.4,307
2026-09-28T14:01:00+05:30,14.4,14.5,14.2,14.3,494
2026-09-28T14:02:00+05:30,14.3,14.35,13.8,13.8,265
2026-09-28T14:03:00+05:30,13.75,14.05,13.75,13.8,409
2026-09-28T14:04:00+05:30,13.8,13.9,13.65,13.65,317
2026-09-28T14:05:00+05:30,13.7,13.7,13.4,13.55,824
2026-09-28T14:06:00+05:30,13.6,13.65,13.4,13.6,412
2026-09-28T14:07:00+05:30,13.5,13.75,13.45,13.65,726
2026-09-28T14:08:00+05:30,13.55,13.75,13.5,13.55,512
2026-09-28T14:09:00+05:30,13.55,13.55,13.05,13.1,839
2026-09-28T14:10:00+05:30,13.15,13.6,13.05,13.6,1015
2026-09-28T14:11:00+05:30,13.6,13.65,13.35,13.55,490
2026-09-28T14:12:00+05:30,13.5,13.65,13.4,13.4,485
2026-09-28T14:13:00+05:30,13.45,13.45,13.05,13.05,631
2026-09-28T14:14:00+05:30,13.05,13.15,12.95,13.1,1321
2026-09-28T14:15:00+05:30,13.1,13.45,12.65,13.0,2524
2026-09-28T14:16:00+05:30,13.05,13.25,12.85,12.95,1173
2026-09-28T14:17:00+05:30,12.85,13.25,12.8,13.15,623
2026-09-28T14:18:00+05:30,13.15,14.5,13.0,14.25,3478
2026-09-28T14:19:00+05:30,14.25,14.3,13.4,13.7,1024
2026-09-28T14:20:00+05:30,13.65,13.8,13.5,13.55,1056
2026-09-28T14:21:00+05:30,13.55,13.8,13.5,13.6,480
2026-09-28T14:22:00+05:30,13.65,13.75,13.45,13.7,544
2026-09-28T14:23:00+05:30,13.6,13.7,13.45,13.45,642
2026-09-28T14:24:00+05:30,13.45,13.55,13.35,13.4,667
2026-09-28T14:25:00+05:30,13.4,13.45,13.1,13.25,410
2026-09-28T14:26:00+05:30,13.3,13.3,13.1,13.2,358
2026-09-28T14:27:00+05:30,13.2,13.4,13.15,13.15,639
2026-09-28T14:28:00+05:30,13.2,13.25,12.75,12.85,626
2026-09-28T14:29:00+05:30,12.85,13.0,12.7,12.7,320
2026-09-28T14:30:00+05:30,12.7,13.05,12.5,12.95,1874
2026-09-28T14:31:00+05:30,13.05,13.2,12.65,12.7,367
2026-09-28T14:32:00+05:30,12.65,12.7,12.15,12.25,1475
2026-09-28T14:33:00+05:30,12.25,12.5,12.05,12.05,562
2026-09-28T14:34:00+05:30,12.1,12.15,11.6,11.9,968
2026-09-28T14:35:00+05:30,11.8,12.15,11.7,12.05,1320
2026-09-28T14:36:00+05:30,12.05,12.5,12.0,12.25,617
2026-09-28T14:37:00+05:30,12.2,12.4,12.0,12.0,616
2026-09-28T14:38:00+05:30,12.0,12.05,11.75,11.75,949
2026-09-28T14:39:00+05:30,11.75,11.8,11.45,11.65,684
2026-09-28T14:40:00+05:30,11.65,12.1,11.55,12.0,879
2026-09-28T14:41:00+05:30,12.1,12.4,12.1,12.2,1057
2026-09-28T14:42:00+05:30,12.2,12.25,11.6,11.75,860
2026-09-28T14:43:00+05:30,11.75,12.0,11.5,11.9,446
2026-09-28T14:44:00+05:30,11.9,11.95,11.45,11.55,520
2026-09-28T14:45:00+05:30,11.55,12.2,11.5,11.9,2116
2026-09-28T14:46:00+05:30,11.95,12.25,11.9,12.2,584
2026-09-28T14:47:00+05:30,12.2,13.8,12.1,12.9,3560
2026-09-28T14:48:00+05:30,12.95,13.05,12.3,12.4,882
2026-09-28T14:49:00+05:30,12.4,13.05,12.25,12.9,1071
2026-09-28T14:50:00+05:30,12.85,12.85,12.45,12.55,648
2026-09-28T14:51:00+05:30,12.55,12.65,11.85,12.0,996
2026-09-28T14:52:00+05:30,11.95,12.5,11.85,12.4,560
2026-09-28T14:53:00+05:30,12.35,12.8,12.35,12.8,366
2026-09-28T14:54:00+05:30,12.8,13.0,12.65,12.65,300
2026-09-28T14:55:00+05:30,12.65,12.75,12.35,12.65,651
2026-09-28T14:56:00+05:30,12.7,13.05,12.6,12.95,373
2026-09-28T14:57:00+05:30,13.0,13.05,12.5,12.5,250
2026-09-28T14:58:00+05:30,12.6,12.75,12.1,12.2,248
2026-09-28T14:59:00+05:30,12.25,12.45,12.05,12.3,395
2026-09-28T15:00:00+05:30,12.3,12.55,12.1,12.1,556
2026-09-28T15:01:00+05:30,12.1,12.3,11.8,11.85,888
2026-09-28T15:02:00+05:30,11.85,11.9,11.5,11.9,955
2026-09-28T15:03:00+05:30,11.85,12.9,11.75,12.7,2204
2026-09-28T15:04:00+05:30,12.75,12.85,12.4,12.4,1125
2026-09-28T15:05:00+05:30,12.4,12.65,12.2,12.55,470
2026-09-28T15:06:00+05:30,12.4,12.45,12.2,12.35,697
2026-09-28T15:07:00+05:30,12.35,12.45,11.7,12.05,511
2026-09-28T15:08:00+05:30,11.95,12.4,11.75,12.35,1398
2026-09-28T15:09:00+05:30,12.35,12.4,11.95,11.95,964
2026-09-28T15:10:00+05:30,12.0,12.6,12.0,12.25,850
2026-09-28T15:11:00+05:30,12.25,12.3,11.9,12.0,987
2026-09-28T15:12:00+05:30,12.0,12.15,11.65,11.65,990
2026-09-28T15:13:00+05:30,11.65,11.75,11.2,11.6,2249
2026-09-28T15:14:00+05:30,11.65,11.85,11.3,11.4,792
2026-09-28T15:15:00+05:30,11.4,11.5,11.2,11.4,728
2026-09-28T15:16:00+05:30,11.4,12.0,11.4,11.55,2327
2026-09-28T15:17:00+05:30,11.55,11.9,11.55,11.7,960
2026-09-28T15:18:00+05:30,11.7,11.75,11.2,11.5,1778
2026-09-28T15:19:00+05:30,11.5,11.55,11.25,11.25,549
2026-09-28T15:20:00+05:30,11.3,11.9,11.25,11.55,1131
2026-09-28T15:21:00+05:30,11.45,11.95,11.4,11.85,1608
2026-09-28T15:22:00+05:30,11.75,11.85,11.2,11.5,1664
2026-09-28T15:23:00+05:30,11.6,11.75,11.45,11.5,616
2026-09-28T15:24:00+05:30,11.5,11.55,11.3,11.5,749
2026-09-28T15:25:00+05:30,11.4,11.5,11.2,11.35,1528
2026-09-28T15:26:00+05:30,11.3,11.55,11.25,11.5,1555
2026-09-28T15:27:00+05:30,11.5,12.85,11.5,12.65,1345
2026-09-28T15:28:00+05:30,12.6,12.85,12.2,12.55,1138
2026-09-28T15:29:00+05:30,12.55,13.3,12.5,12.65,1908
2026-09-28T15:30:00+05:30,12.7,13.3,12.6,13.05,1384
